0.03380774,-0.1119246,-9.492839,-0.0098925,-0.007933972,0.00108462,0.44,342.9332,-342.9577,342.8969,-342.9631,-1.965233e-06,-2.155978e-06,-5.859605e-07,-0.2240329,-0.2240489,-0.2240092,-0.2240524,0
-0.116923,-0.2512355,-14.08014,-0.01084344,-0.009036063,-2.253169e-05,0.44,343.0175,-342.912,342.8928,-342.9287,-4.02452e-06,-4.667e-06,-7.215308e-08,-0.224088,-0.224019,-0.2240065,-0.22403,0
0.2278519,0.06732436,-13.62979,-0.008328836,-0.006301623,0.002519938,0.44,342.9608,-342.8717,343.0659,-342.8525,6.818334e-06,7.100437e-06,5.960543e-07,-0.2240509,-0.2239928,-0.2241196,-0.2239802,0
-0.01241245,-0.1545401,-13.94356,-0.01056849,-0.008493732,0.0007364108,0.44,342.8445,-343.066,342.7531,-343.0873,-3.975494e-06,-3.691068e-06,1.940148e-06,-0.223975,-0.2241197,-0.2239153,-0.2241336,0
0.2153529,0.05578018,-13.64611,-0.008419157,-0.006429253,0.00240215,0.44,343.4182,-342.416,343.5187,-342.3979,1.696333e-05,1.88649e-05,1.331081e-05,-0.2243498,-0.2236951,-0.2244154,-0.2236833,0
-0.2692656,-0.3917376,-14.279,-0.01288956,-0.01082641,-0.001318333,0.44,342.5509,-343.4408,342.2563,-343.5029,-1.00102e-05,-7.2856e-06,6.248242e-06,-0.2237832,-0.2243645,-0.2235907,-0.2244051,0
-0.006649694,-0.1494297,-13.93612,-0.00965913,-0.008061185,0.0007018811,0.44,342.7197,-343.1796,342.684,-343.1675,-2.038532e-05,-2.000444e-05,-1.384993e-05,-0.2238935,-0.2241939,-0.2238702,-0.224186,0
0.1929231,0.03483097,-13.67552,-0.007724956,-0.006140082,0.002422033,0.44,342.5095,-343.3256,342.6384,-343.2774,-2.269277e-05,-2.873627e-05,-3.146869e-05,-0.2237561,-0.2242893,-0.2238403,-0.2242578,0
0.1040813,-0.04732964,-13.79163,-0.008222287,-0.00654452,0.001986556,0.44,343.2468,-342.5987,343.3427,-342.5626,-2.577728e-06,-1.28608e-05,-2.011425e-05,-0.2242378,-0.2238144,-0.2243005,-0.2237908,0
-0.02050801,-0.1622053,-13.95428,-0.01013171,-0.0079377,0.0009391602,0.44,342.9756,-342.9165,342.9262,-342.9326,1.728788e-06,-6.729374e-06,-1.472933e-05,-0.2240606,-0.224022,-0.2240284,-0.2240325,0
0.1055145,-0.04568834,-13.78962,-0.00947406,-0.0071314,0.001811921,0.44,342.8331,-343.0313,342.8451,-343.0414,-1.986778e-06,-6.849711e-06,-1.617042e-05,-0.2239675,-0.224097,-0.2239754,-0.2241036,0
0.5150179,0.3326784,-13.25471,-0.006420696,-0.003957105,0.004861909,0.44,343.0464,-342.7047,343.3332,-342.6665,1.193108e-05,9.995081e-06,-1.021419e-05,-0.2241069,-0.2238837,-0.2242942,-0.2238587,0
0.1275127,-0.02519399,-13.76078,-0.009847949,-0.007426836,0.00193155,0.44,342.9252,-342.9473,342.9104,-342.968,2.633261e-06,2.45624e-06,-3.669123e-06,-0.2240277,-0.2240421,-0.224018,-0.2240557,0
0.1176398,-0.03443534,-13.77373,-0.00943636,-0.007293946,0.001780962,0.44,343.4494,-342.4141,343.4679,-342.4196,1.875143e-05,2.204207e-05,1.159193e-05,-0.2243701,-0.2236938,-0.2243823,-0.2236973,0
0.3578473,0.1877672,-13.45982,-0.00859459,-0.006016089,0.003372222,0.44,342.6092,-343.2105,342.7143,-343.2169,1.293967e-05,2.057431e-05,1.033702e-05,-0.2238212,-0.2242141,-0.2238899,-0.2242182,0
-0.01587293,-0.1576265,-13.948,-0.01090587,-0.008880547,0.000619356,0.44,343.1255,-342.796,343.006,-342.8234,-9.32795e-07,6.883611e-06,1.599992e-05,-0.2241586,-0.2239433,-0.2240805,-0.2239612,0
-0.002324264,-0.1452931,-13.93039,-0.01009376,-0.008401556,0.000645612,0.44,342.9103,-342.9959,342.8478,-342.9969,-4.573515e-06,1.51349e-06,4.470591e-06,-0.2240179,-0.2240739,-0.2239771,-0.2240745,0
0.272672,0.1087611,-13.57121,-0.007984463,-0.006130582,0.002814576,0.44,342.8446,-342.9809,342.9747,-342.9506,7.278882e-06,1.169501e-05,7.411338e-06,-0.2239751,-0.2240641,-0.2240601,-0.2240443,0
0.2101619,0.05115354,-13.6528,-0.009035369,-0.006910224,0.00231458,0.44,343.1767,-342.6745,343.2274,-342.6723,1.292592e-05,1.747007e-05,2.114997e-05,-0.224192,-0.2238639,-0.2242252,-0.2238625,0
0.07773572,-0.07113519,-13.82574,-0.01025509,-0.008114059,0.001164278,0.44,342.7701,-343.1259,342.7097,-343.1451,-2.700611e-06,2.312563e-06,1.146555e-05,-0.2239264,-0.2241588,-0.223887,-0.2241714,0
0.102855,-0.04813346,-13.79302,-0.009271585,-0.00749696,0.00146036,0.44,342.9129,-342.9621,342.9249,-342.951,-1.891702e-06,1.374694e-06,7.34926e-06,-0.2240196,-0.2240518,-0.2240275,-0.2240445,0
0.321211,0.1536424,-13.5078,-0.007788675,-0.005785639,0.003120943,0.44,343.0094,-342.8037,343.163,-342.7748,1.172461e-05,1.422643e-05,1.372433e-05,-0.2240827,-0.2239483,-0.2241831,-0.2239294,0
0.1365228,-0.01683573,-13.74897,-0.009784957,-0.007585608,0.00167518,0.44,343.0626,-342.8127,343.0498,-342.8259,1.030135e-05,1.37356e-05,2.26442e-05,-0.2241174,-0.2239542,-0.2241091,-0.2239628,0
-0.12724,-0.2605794,-14.09351,-0.0115561,-0.009624287,-0.0003896099,0.44,343.1059,-342.8408,342.9281,-342.876,3.316751e-06,7.931289e-06,2.344132e-05,-0.2241458,-0.2239726,-0.2240296,-0.2239955,0
0.4492437,0.2720339,-13.34051,-0.007169629,-0.005022903,0.003853656,0.44,342.2898,-343.5003,342.4958,-343.465,-5.02069e-06,-7.387923e-07,3.907047e-07,-0.2236126,-0.2244034,-0.2237472,-0.2243803,0
-0.1029737,-0.2383593,-14.0619,-0.0105948,-0.009034855,4.518719e-05,0.44,343.0511,-342.8807,342.9353,-342.8839,-1.415624e-05,-1.558056e-05,4.592443e-06,-0.2241099,-0.2239986,-0.2240343,-0.2240007,0
0.1490667,-0.00561232,-13.73277,-0.00836064,-0.006656367,0.001855963,0.44,342.7475,-343.1023,342.8307,-343.0704,-1.058587e-05,-1.535037e-05,-1.355467e-05,-0.2239116,-0.2241434,-0.223966,-0.2241226,0
0.2208339,0.06073561,-13.63902,-0.00804236,-0.006088521,0.00260867,0.44,343.0293,-342.7971,343.1557,-342.7688,7.627422e-06,1.567502e-06,-1.052757e-06,-0.2240957,-0.223944,-0.2241783,-0.2239255,0
0.1151646,-0.03666672,-13.77695,-0.009723343,-0.00737938,0.001679269,0.44,342.9854,-342.8857,342.9789,-342.9009,4.479382e-06,6.754569e-07,4.089909e-06,-0.224067,-0.2240019,-0.2240628,-0.2240118,0
0.1545523,-0.0003029773,-13.7255,-0.009286501,-0.007050639,0.001907386,0.44,343.087,-342.7715,343.1163,-342.776,7.056864e-06,6.024934e-06,6.026533e-06,-0.2241334,-0.2239273,-0.2241525,-0.2239302,0
0.06978012,-0.07858861,-13.8362,-0.01001323,-0.007861595,0.001256244,0.44,342.9713,-342.9147,342.9353,-342.9297,7.323425e-06,8.383304e-06,1.058946e-05,-0.2240578,-0.2240208,-0.2240343,-0.2240306,0
-0.104707,-0.2398095,-14.06411,-0.01124752,-0.009286108,-9.211447e-05,0.44,342.8243,-343.1137,342.6697,-343.1432,-6.369969e-06,-4.689276e-06,5.703719e-06,-0.2239618,-0.2241508,-0.2238608,-0.2241701,0
-0.2325629,-0.3581385,-14.2312,-0.01143242,-0.009904325,-0.0009820492,0.44,342.8488,-343.1136,342.6581,-343.1304,-1.773351e-05,-1.858665e-05,-6.399989e-06,-0.2239778,-0.2241508,-0.2238532,-0.2241617,0
0.2642552,0.1007799,-13.58233,-0.007372529,-0.005660818,0.002836867,0.44,342.6609,-343.1541,342.8306,-343.1053,-9.152776e-06,-1.324338e-05,-1.932662e-05,-0.223855,-0.2241772,-0.2239659,-0.2241453,0
-0.07546508,-0.213039,-14.02606,-0.01018722,-0.008415133,0.0004873194,0.44,343.206,-342.7029,343.1364,-342.7056,-1.689044e-06,-8.37891e-06,-4.879786e-06,-0.2242111,-0.2238825,-0.2241657,-0.2238842,0
0.03778587,-0.1083003,-13.87809,-0.009781781,-0.007670575,0.001154296,0.44,342.6798,-343.205,342.654,-343.212,-9.724313e-06,-1.547276e-05,-1.843088e-05,-0.2238674,-0.2242105,-0.2238505,-0.2242151,0
0.1159092,-0.03621719,-13.77609,-0.008818802,-0.006850098,0.001899832,0.44,343.0598,-342.7946,343.1162,-342.7802,-1.148489e-07,-5.713591e-06,-1.27297e-05,-0.2241156,-0.2239424,-0.2241525,-0.223933,0
0.09935553,-0.05138312,-13.79765,-0.009430694,-0.007244876,0.001714914,0.44,342.9002,-342.9676,342.9113,-342.9717,-6.693077e-07,-5.078961e-06,-1.162803e-05,-0.2240114,-0.2240554,-0.2240186,-0.2240581,0
0.07033215,-0.07820542,-13.83556,-0.00960365,-0.007479985,0.001491407,0.44,342.7565,-343.1214,342.7469,-343.1261,-9.79294e-06,-1.368368e-05,-1.880203e-05,-0.2239175,-0.2241559,-0.2239112,-0.2241589,0
-0.05081655,-0.1902767,-13.99387,-0.009975364,-0.008157667,0.0006878448,0.44,342.827,-343.0762,342.7716,-343.0761,-1.622072e-05,-2.191719e-05,-2.640415e-05,-0.2239635,-0.2241264,-0.2239273,-0.2241263,0
-0.3210736,-0.4401064,-14.34695,-0.01152689,-0.009989737,-0.001209722,0.44,342.7754,-343.194,342.5711,-343.2103,-2.624727e-05,-3.522088e-05,-3.697318e-05,-0.2239298,-0.2242033,-0.2237964,-0.224214,0
0.004939277,-0.1390082,-13.92119,-0.008726008,-0.007063782,0.001339161,0.44,342.9111,-342.955,342.9582,-342.9265,-1.348021e-05,-2.431611e-05,-4.1935e-05,-0.2240185,-0.2240472,-0.2240493,-0.2240285,0
-0.318253,-0.4374922,-14.34329,-0.01163974,-0.009838639,-0.0009743249,0.44,342.9738,-342.989,342.7718,-343.0163,-1.686355e-05,-2.861009e-05,-3.73628e-05,-0.2240594,-0.2240694,-0.2239275,-0.2240872,0
0.5269185,0.343437,-13.23932,-0.005557035,-0.003164246,0.00523191,0.4448197,342.7813,-342.9469,343.1338,-342.8888,3.609537e-07,-8.600419e-06,-4.507185e-05,-0.2239337,-0.2240419,-0.224164,-0.2240039,0
0.2599255,0.09696649,-13.58795,-0.008309308,-0.005769211,0.003368333,0.4638085,343.5329,-342.2793,343.6618,-342.2767,2.251435e-05,1.720936e-05,-9.09764e-06,-0.2244247,-0.2236058,-0.2245089,-0.2236041,0
0.2941171,0.1288793,-13.54312,-0.009216887,-0.00624739,0.003196661,0.4832388,342.9228,-342.9052,342.9894,-342.9334,1.640252e-05,1.939561e-05,-4.881923e-06,-0.2240261,-0.2240147,-0.2240697,-0.2240331,0
-0.1929084,-0.3212013,-14.17928,-0.01231151,-0.01008945,-0.0004522597,0.5031108,342.8993,-343.0709,342.6644,-343.1163,-7.440727e-06,-1.123199e-06,-4.942944e-06,-0.2240108,-0.2241229,-0.2238573,-0.2241525,0
0.09444332,-0.05597772,-13.80407,-0.009134117,-0.007261955,0.001672794,0.5234243,342.8804,-342.992,342.9068,-342.9716,-8.008238e-06,-1.501929e-06,-1.600057e-05,-0.2239985,-0.2240713,-0.2240157,-0.224058,0
-0.2118336,-0.3389954,-14.20416,-0.01130631,-0.00957698,-0.000452981,0.5441794,342.9854,-342.9644,342.8149,-342.9862,-1.141224e-05,-6.616478e-06,-1.130607e-05,-0.224067,-0.2240533,-0.2239556,-0.2240676,0
-0.1687335,-0.2992235,-14.14789,-0.01083579,-0.009086603,-0.0001870466,0.5653761,343.0181,-342.9153,342.8868,-342.9306,-1.113109e-05,-6.285722e-06,-1.426886e-05,-0.2240884,-0.2240212,-0.2240026,-0.2240313,0
0.2599635,0.09691601,-13.35896,-0.0078378,-0.00577606,0.003022715,0.5870144,10,-10,10,-10,1.297894e-06,7.035049e-06,-1.279808e-05,0.01196598,0.01196583,0.01187306,0.01198116,0
0.407505,0.2333775,0.3392138,-0.006998198,-0.004762169,0.004114345,0.6089129,10,-10,10,-10,1.852222e-05,2.564842e-05,5.213597e-06,0.02271848,0.02310757,0.02257057,0.0231277,0
0.1622969,0.006792427,0.01891006,-0.008712227,-0.006656867,0.002301573,0.6300412,10,-10,10,-10,3.587024e-05,4.440064e-05,2.839725e-05,0.02768059,0.02833807,0.02763073,0.02834733,0
0.01288897,-0.1312683,-0.1762545,-0.009757088,-0.0078117,0.00119697,0.6502298,10,-10,10,-10,3.121404e-05,3.901889e-05,2.534838e-05,0.0231785,0.0228699,0.02319367,0.022879,0
-0.05467925,-0.1937048,-0.2645157,-0.0102303,-0.008334489,0.0006973381,0.6694786,10,-10,10,-10,1.800526e-05,2.425903e-05,1.564133e-05,0.01649595,0.01624668,0.0165434,0.01625343,0
0.2244322,0.06420869,0.1000744,-0.008281958,-0.006179875,0.002760405,0.6877875,10,-10,10,-10,2.406155e-05,3.063777e-05,1.217246e-05,0.009784247,0.009921371,0.009714299,0.009937605,0
-0.1404227,-0.2729363,-0.3765184,-0.0108317,-0.008998612,6.320363e-05,0.7051566,10,-10,10,-10,2.363574e-05,2.990862e-05,2.139316e-05,0.002932352,0.003074862,0.003012168,0.003061947,0
0.03309454,-0.1125974,-0.1498611,-0.009620928,-0.007659514,0.001345713,0.7215858,10.04605,-10.0402,10.04571,-10.04021,3.213873e-05,3.897929e-05,2.332307e-05,-0.004413285,-0.004245793,-0.004406548,-0.004246001,0
-0.138606,-0.2712594,-0.4722392,-0.01082061,-0.008985868,7.542011e-05,0.7370752,18.12261,-18.37175,18.00031,-18.38729,2.442049e-05,3.025698e-05,2.210022e-05,-0.01183922,-0.01200198,-0.01175932,-0.01201213,0
0.2109971,0.05175671,-0.5016969,-0.007988896,-0.006033141,0.002664418,0.7516328,30.30787,-29.8616,30.43936,-29.8336,3.905589e-05,4.507893e-05,2.407413e-05,-0.01979966,-0.01950812,-0.01988556,-0.01948982,0
-0.3033197,-0.4234453,-1.663898,-0.01234591,-0.01042473,-0.001169615,0.7652971,42.15662,-41.9702,41.90851,-42.01986,3.217364e-05,3.861106e-05,3.316145e-05,-0.02754026,-0.02741848,-0.02737818,-0.02745092,0
-0.1819888,-0.3113621,-1.997338,-0.01114557,-0.009330173,-0.0003951836,0.7781172,53.47372,-54.13633,53.32093,-54.15549,1.651127e-05,2.337198e-05,1.409662e-05,-0.03493355,-0.03536642,-0.03483373,-0.03537894,0
0.3250924,0.1571166,-1.800427,-0.006807996,-0.004973457,0.003573855,0.7901428,64.47018,-64.34699,64.6976,-64.30052,3.319676e-05,3.818145e-05,1.326962e-05,-0.04211736,-0.04203689,-0.04226594,-0.04200653,0
-0.4539376,-0.5626608,-3.24096,-0.01309149,-0.01141654,-0.002179748,0.8014211,74.49387,-74.69362,74.16269,-74.75771,1.285422e-05,1.450206e-05,1.341688e-05,-0.04866569,-0.04879618,-0.04844933,-0.04883805,0
0.02057159,-0.124336,-3.033815,-0.008653309,-0.007117797,0.00131902,0.811996,83.9464,-84.58505,83.99045,-84.56537,1.220636e-05,1.095003e-05,-1.23294e-05,-0.05484088,-0.0552581,-0.05486965,-0.05524524,0
0.3753782,0.2034952,-2.949085,-0.006050129,-0.004282911,0.004253349,0.821909,93.09361,-92.67238,93.37782,-92.62988,4.182886e-05,3.685951e-05,2.001882e-06,-0.06081661,-0.06054142,-0.06100228,-0.06051366,0
0.2107767,0.05158093,-3.516121,-0.008579308,-0.006343945,0.002865207,0.8311992,102.0298,-101.1078,102.118,-101.1248,5.70146e-05,5.288163e-05,2.554107e-05,-0.06665447,-0.06605213,-0.06671209,-0.06606326,0
0.2607789,0.09789449,-3.812909,-0.008865392,-0.006509876,0.002944615,0.8399027,110.5095,-110.168,110.5835,-110.1791,6.063941e-05,5.983028e-05,3.360959e-05,-0.07219414,-0.07197105,-0.07224245,-0.07197829,0
-0.01466535,-0.1565907,-4.525755,-0.01092075,-0.008901072,0.0007991528,0.8480556,118.378,-118.8817,118.2595,-118.9067,3.979834e-05,3.866848e-05,2.900748e-05,-0.07733451,-0.07766356,-0.07725712,-0.07767991,0
-0.318159,-0.437198,-5.247968,-0.01198073,-0.01066784,-0.001402768,0.8556937,125.9127,-126.3243,125.6696,-126.3434,1.826029e-05,1.181203e-05,1.203981e-05,-0.08225679,-0.08252566,-0.08209802,-0.08253817,0
0.1007647,-0.05028494,-4.987752,-0.007963185,-0.006669117,0.001890396,0.8628502,132.3099,-132.8221,132.4125,-132.7827,2.514786e-05,1.200709e-05,-5.833144e-06,-0.08643602,-0.08677059,-0.08650303,-0.08674484,0
-0.01759829,-0.1596275,-5.396865,-0.009099056,-0.00760988,0.001230452,0.8695553,138.8857,-138.2197,138.9002,-138.2205,4.49122e-05,2.686096e-05,1.157198e-05,-0.09073188,-0.09029679,-0.09074132,-0.09029733,0
0.3837755,0.2114111,-5.12121,-0.007195464,-0.005016873,0.003985571,0.8758354,144.8931,-144.5097,145.1043,-144.4967,6.284735e-05,4.585475e-05,1.984673e-05,-0.09465642,-0.09440596,-0.09479437,-0.09439745,0
0.09899477,-0.05158218,-5.750054,-0.01000365,-0.007855185,0.001774587,0.8817153,150.7345,-150.9897,150.6996,-151.0149,4.895576e-05,3.157676e-05,2.319211e-05,-0.09847253,-0.09863925,-0.09844968,-0.0986557,0
0.03157481,-0.1140074,-6.084174,-0.009706589,-0.008037456,0.001225514,0.8872209,156.7146,-156.436,156.6888,-156.4347,4.697671e-05,2.704186e-05,2.027603e-05,-0.1023792,-0.1021972,-0.1023623,-0.1021963,0
0.2732316,0.1092717,-5.989104,-0.007906644,-0.006085065,0.003038992,0.8923773,161.7033,-161.5897,161.8451,-161.5657,6.047954e-05,3.844879e-05,2.429247e-05,-0.1056383,-0.105564,-0.1057309,-0.1055484,0
-0.009358089,-0.1517316,-6.564663,-0.01056792,-0.008656353,0.0008926832,0.897207,166.4602,-166.8343,166.3711,-166.8573,4.495704e-05,2.059885e-05,2.404355e-05,-0.1087459,-0.1089902,-0.1086876,-0.1090053,0
-0.1161362,-0.2505489,-6.905791,-0.01051036,-0.009038653,9.504378e-05,0.9017315,171.5244,-171.1056,171.4239,-171.111,4.39595e-05,1.615264e-05,2.068825e-05,-0.1120542,-0.1117806,-0.1119886,-0.1117842,0
0.1441322,-0.01006268,-6.745028,-0.00865414,-0.006953945,0.00205148,0.9059709,175.6987,-175.2144,175.7759,-175.2003,6.603307e-05,3.696091e-05,3.045706e-05,-0.1147812,-0.1144649,-0.1148317,-0.1144556,0
0.2281026,0.06775019,-6.807583,-0.009212326,-0.006982304,0.002544543,0.9099439,179.5873,-179.8316,179.6375,-179.8399,6.181822e-05,3.372699e-05,3.683021e-05,-0.1173216,-0.1174812,-0.1173544,-0.1174866,0
0.2761183,0.1120952,-6.922076,-0.008691903,-0.00660776,0.002807702,0.9136682,184.0772,-183.5881,184.1699,-183.5756,6.065887e-05,3.246727e-05,4.061732e-05,-0.1202548,-0.1199353,-0.1203153,-0.1199271,0
0.4002328,0.2267898,-6.919601,-0.00784992,-0.005677202,0.003664889,0.9171611,187.5257,-187.5171,187.6988,-187.4926,6.411311e-05,3.561928e-05,4.06684e-05,-0.1225076,-0.122502,-0.1226207,-0.122486,0
0.1408736,-0.01281621,-7.407166,-0.00994393,-0.007840916,0.001731262,0.9204394,191.1225,-191.0614,191.1129,-191.069,5.800814e-05,2.923078e-05,4.79266e-05,-0.1248574,-0.1248174,-0.1248511,-0.1248224,0
-0.3220875,-0.4406539,-8.15527,-0.01298667,-0.01131275,-0.001797021,0.9235182,194.5679,-194.5246,194.2751,-194.5662,3.882692e-05,8.829644e-06,4.316394e-05,-0.1271082,-0.1270799,-0.1269169,-0.1271071,0
0.2794457,0.11502,-7.50245,-0.007943618,-0.006151846,0.002688853,0.9264122,197.1602,-197.7142,197.3092,-197.6734,4.104559e-05,9.563658e-06,2.510342e-05,-0.1288017,-0.1291636,-0.1288991,-0.129137,0
0.05326235,-0.09394278,-7.908699,-0.009784318,-0.007972321,0.001222394,0.9291348,200.1654,-199.6983,200.1573,-199.7003,4.666595e-05,1.26525e-05,3.963153e-05,-0.1307649,-0.1304598,-0.1307597,-0.1304611,0
-0.240427,-0.3652537,-8.396354,-0.01222609,-0.01042114,-0.001137285,0.9316981,202.5382,-202.7954,202.3127,-202.8356,2.874264e-05,-6.00288e-06,2.918442e-05,-0.1323151,-0.1324831,-0.1321677,-0.1325093,0
-0.3856288,-0.499595,-8.695917,-0.01241271,-0.01110009,-0.002098289,0.9341123,204.6918,-205.5025,204.4233,-205.5283,8.830956e-06,-2.989101e-05,7.624821e-06,-0.1337219,-0.1342516,-0.1335466,-0.1342684,0
0.1425206,-0.01176355,-8.092367,-0.007787837,-0.006394676,0.002058296,0.9363884,206.4446,-207.1722,206.575,-207.1314,1.197264e-05,-3.276433e-05,-1.241131e-05,-0.134867,-0.1353424,-0.1349522,-0.1353157,0
0.07887928,-0.07055166,-8.240099,-0.008413184,-0.006862652,0.001831024,0.9385358,208.6476,-207.902,208.7312,-207.8923,3.225078e-05,-1.760032e-05,1.954793e-06,-0.1363063,-0.1358192,-0.1363609,-0.1358128,0
0.2222208,0.06210242,-8.119171,-0.008385497,-0.006299014,0.002719545,0.9405616,209.8489,-210.4894,209.951,-210.4934,2.812867e-05,-2.296585e-05,-7.983224e-06,-0.137091,-0.1375095,-0.1371578,-0.137512,0
0.14393,-0.01029065,-8.304555,-0.008632379,-0.006858782,0.002261205,0.9424722,212.1393,-211.9276,212.2085,-211.922,3.199639e-05,-2.217444e-05,-2.727883e-06,-0.1385873,-0.138449,-0.1386325,-0.1384453,0
-0.1021435,-0.2376459,-8.695626,-0.01048411,-0.008862265,0.0003804744,0.9442757,213.9566,-213.5602,213.8611,-213.5814,3.532089e-05,-2.165007e-05,3.002971e-06,-0.1397745,-0.1395156,-0.1397121,-0.1395294,0
0.1504243,-0.004233783,-8.437614,-0.008828392,-0.007014635,0.002178057,0.9459794,215.3154,-215.6699,215.3718,-215.6634,3.668282e-05,-2.188915e-05,-2.107537e-06,-0.1406622,-0.1408938,-0.140699,-0.1408895,0
0.03162125,-0.1140026,-8.662575,-0.0096931,-0.007996744,0.001360817,0.9475904,217.0731,-217.0268,217.0495,-217.0304,3.321568e-05,-2.888128e-05,1.263408e-06,-0.1418105,-0.1417802,-0.1417951,-0.1417826,0
0.1198509,-0.03252098,-8.607409,-0.00887484,-0.007179368,0.001971617,0.9491159,218.5167,-218.3856,218.5652,-218.3748,3.684867e-05,-2.84336e-05,-1.399948e-06,-0.1427536,-0.1426679,-0.1427853,-0.1426608,0
-0.01430013,-0.156452,-8.837905,-0.009979456,-0.008292256,0.001012481,0.9505621,219.673,-219.8453,219.6249,-219.8538,3.46839e-05,-3.386123e-05,-9.123938e-07,-0.143509,-0.1436215,-0.1434775,-0.1436271,0
-0.3811166,-0.4954411,-9.370138,-0.01240858,-0.01103886,-0.001705566,0.9519348,220.7295,-221.3978,220.4502,-221.4353,1.11331e-05,-6.255826e-05,-1.550667e-05,-0.1441991,-0.1446357,-0.1440167,-0.1446603,0
0.07216647,-0.07685908,-8.824134,-0.00800288,-0.006769122,0.001823048,0.9532392,221.3867,-222.2869,221.4774,-222.2489,7.676314e-06,-7.372637e-05,-4.312423e-05,-0.1446285,-0.1452166,-0.1446878,-0.1451917,0
0.3109612,0.1437262,-8.53355,-0.00609022,-0.004635332,0.003933413,0.9544803,222.3086,-221.896,222.576,-221.8499,3.550182e-05,-5.349549e-05,-3.315384e-05,-0.1452307,-0.1449612,-0.1454054,-0.1449311,0
-0.1147223,-0.2493655,-9.106336,-0.01033426,-0.008580688,0.0006813568,0.9556606,223.1288,-222.7182,223.0392,-222.7569,4.057998e-05,-5.155809e-05,-1.912735e-05,-0.1457666,-0.1454984,-0.1457081,-0.1455236,0
0.2472514,0.08514607,-8.678352,-0.007871052,-0.005954752,0.003196679,0.9567823,223.8367,-224.3555,223.9663,-224.3442,3.990023e-05,-5.363384e-05,-2.954677e-05,-0.146229,-0.1465679,-0.1463137,-0.1465606,0
-0.03857213,-0.1789959,-9.095792,-0.009694539,-0.008167074,0.001218605,0.9578489,224.9355,-224.9655,224.8907,-224.9729,3.482202e-05,-6.445989e-05,-2.623683e-05,-0.1469469,-0.1469664,-0.1469176,-0.1469713,0
0.2331585,0.07200645,-8.770376,-0.00740914,-0.005809202,0.0031967,0.9588649,225.8498,-225.4124,226.0109,-225.3841,5.267793e-05,-5.075627e-05,-2.372597e-05,-0.1475441,-0.1472584,-0.1476494,-0.1472399,0
0.4104448,0.2359974,-8.567451,-0.006964312,-0.004892323,0.004487385,0.9598336,226.4134,-226.3099,226.6369,-226.2893,6.720852e-05,-3.802517e-05,-1.048653e-05,-0.1479124,-0.1478447,-0.1480583,-0.1478313,0
-0.106944,-0.2419511,-9.280879,-0.01121367,-0.009330342,0.0005083702,0.9607582,227.5518,-227.3887,227.3985,-227.4261,5.239801e-05,-5.491425e-05,-2.779913e-06,-0.1486561,-0.1485495,-0.1485559,-0.148574,0
0.2737237,0.1096309,-8.82677,-0.00772877,-0.00597229,0.003230086,0.9616418,228.7105,-227.9978,228.8641,-227.965,7.18872e-05,-3.641353e-05,1.946345e-06,-0.149413,-0.1489474,-0.1495134,-0.148926,0
0.02775761,-0.1174382,-9.179565,-0.01044991,-0.008447609,0.001356382,0.962489,229.059,-229.2731,228.9885,-229.2945,6.576529e-05,-4.342788e-05,1.217894e-05,-0.1496407,-0.1497806,-0.1495946,-0.1497945,0
0.08589049,-0.06378201,-9.142789,-0.009750784,-0.007866277,0.001657322,0.9633031,230.2921,-229.9627,230.2804,-229.9596,6.192985e-05,-4.777006e-05,1.364448e-05,-0.1504462,-0.1502311,-0.1504386,-0.1502291,0
-0.05269352,-0.1918703,-9.356458,-0.01060092,-0.00885893,0.0006102489,0.9640877,230.5853,-230.9613,230.4926,-230.9682,4.908826e-05,-6.331178e-05,5.148791e-06,-0.1506378,-0.1508834,-0.1505773,-0.150888,0
0.5845142,0.3968062,-8.546463,-0.005580177,-0.003538153,0.005418543,0.9648466,231.0425,-231.1705,231.4008,-231.1042,6.363849e-05,-5.058639e-05,1.709946e-06,-0.1509365,-0.1510201,-0.1511705,-0.1509768,0
0.1382323,-0.01540921,-9.141587,-0.009530966,-0.007400834,0.002160239,0.965582,232.0554,-230.9129,232.0813,-230.9242,7.568254e-05,-3.888993e-05,3.17335e-05,-0.1515982,-0.1508518,-0.1516151,-0.1508592,0
-0.2016094,-0.3292863,-9.609968,-0.01259229,-0.01046286,-0.0007216152,0.9662955,232.1364,-232.8027,231.8917,-232.8529,4.606428e-05,-6.664398e-05,1.748416e-05,-0.1516511,-0.1520864,-0.1514912,-0.1521191,0
-0.04320845,-0.1832144,-9.441231,-0.01008422,-0.008522635,0.0006103411,0.9669892,233.0851,-232.9201,233.0383,-232.8998,6.190805e-05,-8.086319e-05,1.41487e-05,-0.1522709,-0.1521631,-0.1522403,-0.1521498,0
0.2229372,0.0627632,-9.102381,-0.008512028,-0.006512363,0.002612239,0.9676667,232.7638,-233.4498,232.8676,-233.4243,5.658175e-05,-8.892088e-05,4.191028e-06,-0.152061,-0.1525091,-0.1521287,-0.1524925,0
0.2597099,0.0966965,-9.062957,-0.008108492,-0.006052203,0.002999755,0.9683295,233.5311,-232.9885,233.6733,-232.9583,7.468837e-05,-9.230243e-05,1.250061e-05,-0.1525622,-0.1522078,-0.1526552,-0.152188,0
-0.02167683,-0.1632073,-9.436073,-0.01064224,-0.008470034,0.0008165126,0.9689785,233.5039,-233.6367,233.429,-233.6539,6.554845e-05,-0.0001006302,1.10856e-05,-0.1525445,-0.1526312,-0.1524955,-0.1526425,0
0.1823755,0.02527209,-9.185912,-0.008880035,-0.006707937,0.002336501,0.9696144,234.0844,-233.7813,234.167,-233.7644,7.425596e-05,-8.934935e-05,1.612432e-05,-0.1529237,-0.1527257,-0.1529776,-0.1527146,0
-0.2386271,-0.3636219,-9.74884,-0.01243362,-0.01032128,-0.0008414949,0.9702385,234.467,-234.2081,234.2398,-234.249,6.388426e-05,-9.72085e-05,2.54696e-05,-0.1531736,-0.1530045,-0.1530252,-0.1530313,0
-0.1577082,-0.2889253,-9.662707,-0.01151473,-0.009520931,-0.0003655532,0.9708523,234.6014,-235.0536,234.4463,-235.0671,4.690446e-05,-0.0001120037,9.437455e-06,-0.1532615,-0.1535569,-0.1531601,-0.1535657,0
0.2261475,0.06562637,-9.174217,-0.008175714,-0.006151765,0.002658545,0.9714575,234.6367,-234.97,234.7724,-234.9322,4.899455e-05,-0.0001100158,1.339162e-06,-0.1532845,-0.1535023,-0.1533732,-0.1534775,0
-0.2379163,-0.3631406,-9.775312,-0.01172497,-0.009808598,-0.0006761522,0.9720556,234.2706,-235.1847,234.0828,-235.2115,1.957061e-05,-0.0001421777,-1.404851e-05,-0.1530454,-0.1536425,-0.1529227,-0.15366,0
0.05738687,-0.09058442,-9.384962,-0.00828257,-0.006641624,0.001692991,0.9726465,234.3066,-234.5577,234.4025,-234.5225,2.273791e-05,-0.0001423052,-3.311183e-05,-0.1530689,-0.1532329,-0.1531315,-0.1532099,0
0.08019496,-0.06947163,-9.334829,-0.008369405,-0.006486771,0.002102131,0.9732296,234.2567,-233.5354,234.36,-233.5247,5.057166e-05,-0.0001153399,-1.390031e-05,-0.1530362,-0.152565,-0.1531038,-0.152558,0
-0.1572684,-0.288581,-9.635305,-0.01146743,-0.009174173,0.0001238454,0.9738036,234.6474,-233.6832,234.5045,-233.7335,6.144623e-05,-9.90369e-05,1.151143e-05,-0.1532915,-0.1526616,-0.1531981,-0.1526945,0
0.1547387,-0.0001114004,-9.252321,-0.009878455,-0.007335105,0.002123114,0.9743671,235.0463,-234.7634,235.058,-234.7761,6.249928e-05,-9.035696e-05,1.798749e-05,-0.1535521,-0.1533673,-0.1535597,-0.1533756,0
0.09602384,-0.05429948,-9.359391,-0.01049074,-0.008093488,0.001604998,0.9749215,235.6856,-235.3365,235.6451,-235.3457,5.67661e-05,-9.137471e-05,2.890365e-05,-0.1539698,-0.1537416,-0.1539433,-0.1537477,0
-0.2430631,-0.3676438,-9.82363,-0.01279926,-0.01071754,-0.0010433,0.9754699,235.8677,-236.214,235.6125,-236.2464,3.006465e-05,-0.0001160075,1.987795e-05,-0.1540887,-0.1543149,-0.153922,-0.1543361,0
0.006659258,-0.1371392,-9.512316,-0.00996101,-0.008106918,0.0009010233,0.9760148,236.112,-236.1414,236.0966,-236.1196,2.980326e-05,-0.0001156084,1.176771e-05,-0.1542483,-0.1542675,-0.1542383,-0.1542532,0
-0.0728983,-0.2106123,-9.612055,-0.01079284,-0.008752801,0.0004052614,0.9765576,235.9919,-235.9695,235.912,-235.9762,2.888597e-05,-0.0001188289,1.577259e-05,-0.1541698,-0.1541552,-0.1541177,-0.1541596,0
0.3193058,0.1518219,-9.098601,-0.008171844,-0.005739097,0.003249927,0.9770985,236.39,-235.6444,236.56,-235.6191,4.527676e-05,-9.749594e-05,2.684051e-05,-0.1544299,-0.1539428,-0.154541,-0.1539263,0
-0.09315011,-0.2290595,-9.643587,-0.0121562,-0.009609297,6.025077e-05,0.9776374,236.3253,-236.3978,236.1539,-236.4406,2.71034e-05,-0.0001103689,3.317678e-05,-0.1543876,-0.154435,-0.1542757,-0.1544629,0
0.5597954,0.3741618,-8.808935,-0.006946467,-0.004279904,0.004797049,0.9781745,236.5198,-236.8408,236.8076,-236.7892,2.48433e-05,-0.0001072684,2.097583e-05,-0.1545147,-0.1547244,-0.1547027,-0.1546907,0
0.02674322,-0.1183575,-9.51093,-0.01089664,-0.008529332,0.0009944024,0.9787114,236.9511,-236.4112,236.8875,-236.4249,1.837872e-05,-0.0001114672,3.711168e-05,-0.1547965,-0.1544438,-0.1547549,-0.1544527,0
0.09137228,-0.05864525,-9.427895,-0.01044217,-0.007985548,0.001265142,0.9792492,236.8242,-237.0329,236.8033,-237.0368,6.703425e-06,-0.0001181743,2.719523e-05,-0.1547136,-0.1548499,-0.1546999,-0.1548524,0
-0.1471162,-0.2790753,-9.749227,-0.01185445,-0.00971085,-0.0003902149,0.9797879,236.7826,-237.2572,236.6236,-237.2754,-1.347176e-05,-0.0001362305,2.022684e-05,-0.1546864,-0.1549964,-0.1545825,-0.1550083,0
0.1445738,-0.00970036,-9.366014,-0.009130197,-0.007006257,0.001839733,0.9803284,236.7673,-236.8838,236.8429,-236.859,-1.616002e-05,-0.0001373547,9.927585e-06,-0.1546764,-0.1547525,-0.1547258,-0.1547363,0
0.1661409,0.01025944,-9.326801,-0.009166502,-0.00687699,0.002118524,0.9808707,236.5274,-236.4906,236.6064,-236.4804,-1.488193e-05,-0.0001342225,1.236533e-05,-0.1545196,-0.1544956,-0.1545713,-0.154489,0
0.06712563,-0.08116212,-9.447656,-0.01020406,-0.007829484,0.001352703,0.9814141,236.4904,-236.4485,236.4824,-236.4599,-2.323757e-05,-0.00013369,1.396316e-05,-0.1544955,-0.1544681,-0.1544903,-0.1544756,0
-0.1979571,-0.3261138,-9.795059,-0.0120198,-0.009917513,-0.0006315304,0.9819574,236.9867,-236.1474,236.816,-236.1793,-2.02379e-05,-0.0001264289,2.760991e-05,-0.1548197,-0.1542714,-0.1547082,-0.1542923,0
0.03577465,-0.1100278,-9.494625,-0.0108278,-0.008436612,0.0009237766,0.9825007,236.2048,-237.3588,236.144,-237.3723,-4.394751e-05,-0.0001457768,7.863124e-06,-0.1543089,-0.1550628,-0.1542692,-0.1550716,0
0.172145,0.01579114,-9.324988,-0.008970129,-0.006923128,0.002162148,0.9830443,237.1962,-236.1276,237.2905,-236.1016,-2.979515e-05,-0.000129822,2.348221e-05,-0.1549566,-0.1542585,-0.1550182,-0.1542415,0
0.2059688,0.04727104,-9.270453,-0.009787076,-0.007211408,0.00221882,0.9835889,236.5725,-236.6951,236.6179,-236.7022,-3.498976e-05,-0.0001304251,2.438561e-05,-0.1545491,-0.1546292,-0.1545788,-0.1546339,0
0.02275631,-0.122007,-9.519552,-0.01111209,-0.008735982,0.0008439237,0.9841342,236.8296,-237.0294,236.7511,-237.0453,-5.271303e-05,-0.0001444779,2.329796e-05,-0.1547171,-0.1548476,-0.1546658,-0.154858,0
-0.05565584,-0.1945867,-9.628284,-0.01109883,-0.009042846,0.0002673102,0.9846802,236.949,-236.97,236.8585,-236.9747,-6.441862e-05,-0.0001558231,1.629773e-05,-0.1547951,-0.1548089,-0.154736,-0.1548119,0
0.2514898,0.08916178,-9.222921,-0.008676907,-0.006455224,0.002614947,0.9852281,236.5849,-236.8844,236.7111,-236.8575,-6.531125e-05,-0.0001550426,9.172863e-06,-0.1545572,-0.1547529,-0.1546397,-0.1547353,0
-0.02711034,-0.1682208,-9.578146,-0.01091751,-0.008732074,0.0006368789,0.9857776,236.3526,-236.7693,236.2773,-236.7838,-8.441832e-05,-0.0001737568,4.625188e-06,-0.1544055,-0.1546777,-0.1543563,-0.1546872,0
0.03424445,-0.1116816,-9.490887,-0.009810124,-0.007837474,0.001141503,0.9863278,236.3669,-236.3231,236.3776,-236.3137,-8.820336e-05,-0.0001772666,-4.016229e-06,-0.1544148,-0.1543862,-0.1544218,-0.1543801,0
-0.2949189,-0.4158324,-9.907869,-0.01219784,-0.01038846,-0.001186499,0.986878,235.5339,-236.5509,235.3215,-236.5824,-0.0001134809,-0.0002043407,-2.110368e-05,-0.1538706,-0.154535,-0.1537319,-0.1545556,0
-0.03956606,-0.1801172,-9.560898,-0.009344859,-0.007755373,0.000910651,0.9874272,235.4266,-235.6945,235.4485,-235.6753,-0.0001143386,-0.0002080848,-3.508891e-05,-0.1538005,-0.1539756,-0.1538149,-0.153963,0
-0.004483768,-0.1476801,-9.489305,-0.009237974,-0.007480484,0.001350456,0.9879737,234.8714,-234.91,234.9067,-234.9064,-0.0001084766,-0.000204919,-3.523751e-05,-0.1534378,-0.1534631,-0.1534609,-0.1534607,0
0.1145433,-0.03760502,-9.313087,-0.00881116,-0.006786324,0.002245574,0.9885157,234.5899,-234.5525,234.6719,-234.5514,-0.000102703,-0.0001998292,-3.283514e-05,-0.1532539,-0.1532295,-0.1533075,-0.1532288,0
-0.1551811,-0.2867543,-9.657945,-0.01105496,-0.009163344,0.0002357527,0.9890506,234.2859,-234.7253,234.1622,-234.7506,-0.0001083847,-0.0002280328,-3.837169e-05,-0.1530553,-0.1533424,-0.1529745,-0.1533589,0
0.2922993,0.1265798,-9.06975,-0.007186037,-0.005312798,0.003622845,0.9895775,234.3621,-234.1646,234.5765,-234.1223,-9.453466e-05,-0.0002155394,-4.021434e-05,-0.1531051,-0.1529761,-0.1532452,-0.1529485,0
-0.2416562,-0.3666473,-9.754653,-0.01173057,-0.009879745,-0.0002857762,0.9900959,234.3307,-233.8524,234.1518,-233.8918,-9.499906e-05,-0.0002169641,-2.219558e-05,-0.1530846,-0.1527721,-0.1529677,-0.1527979,0
-0.04008929,-0.1803715,-9.492295,-0.01038308,-0.008399219,0.0009971929,0.9906047,234.3071,-234.3311,234.2517,-234.3411,-9.796345e-05,-0.0002178971,-2.60979e-05,-0.1530692,-0.1530849,-0.153033,-0.1530914,0
0.008895982,-0.1351019,-9.436891,-0.01002366,-0.008084795,0.001415716,0.9911037,234.4282,-234.292,234.4054,-234.2923,-9.789964e-05,-0.0002174724,-1.952124e-05,-0.1531483,-0.1530593,-0.1531334,-0.1530595,0
0.2648741,0.1014706,-9.102908,-0.008406348,-0.006198981,0.003236558,0.9915935,234.282,-234.4683,234.4105,-234.4476,-0.0001013683,-0.0002202943,-2.239726e-05,-0.1530528,-0.1531745,-0.1531367,-0.153161,0
0.3103742,0.1435136,-9.045044,-0.008090288,-0.005844734,0.003615384,0.9920746,234.0072,-234.6411,234.1606,-234.6162,-0.0001152739,-0.0002355549,-3.168681e-05,-0.1528732,-0.1532874,-0.1529735,-0.1532711,0
-0.01219191,-0.1546821,-9.460773,-0.009805445,-0.007969003,0.001352487,0.9925467,234.7018,-233.5771,234.6965,-233.5742,-0.0001026224,-0.0002241436,-1.362542e-05,-0.153327,-0.1525923,-0.1533235,-0.1525904,0
-0.1879182,-0.3168902,-9.682609,-0.01184686,-0.00974687,-0.0001552522,0.9930099,233.9391,-234.5782,233.7642,-234.6152,-0.0001186619,-0.0002383345,-2.032544e-05,-0.1528288,-0.1532463,-0.1527145,-0.1532704,0
0.0328808,-0.1129971,-9.405311,-0.009647938,-0.007738086,0.001562592,0.9934632,234.5565,-234.167,234.5686,-234.1555,-0.0001144167,-0.0002329461,-1.457905e-05,-0.1532321,-0.1529776,-0.1532401,-0.1529701,0
0.1108074,-0.04089796,-9.301448,-0.009530563,-0.007366215,0.002076059,0.9939072,234.6064,-234.0012,234.6443,-233.9991,-0.0001063222,-0.0002227238,-2.257357e-06,-0.1532647,-0.1528693,-0.1532895,-0.1528679,0
-0.06489545,-0.203115,-9.535621,-0.01138473,-0.009117268,0.0006317266,0.9943421,234.7617,-234.4744,234.6463,-234.5015,-0.0001119106,-0.0002243877,7.771328e-06,-0.1533662,-0.1531785,-0.1532908,-0.1531962,0
0.199813,0.0414901,-9.205521,-0.009498202,-0.007129399,0.002465328,0.9947684,234.7531,-235.167,234.8058,-235.1564,-0.0001235325,-0.0002331439,8.333659e-07,-0.1533605,-0.1536309,-0.153395,-0.153624,0
0.4220049,0.2467389,-8.925217,-0.007635505,-0.005248883,0.004189223,0.9951869,235.3738,-234.5757,235.5966,-234.5341,-0.0001049556,-0.0002238699,1.636056e-05,-0.153766,-0.1532447,-0.1539116,-0.1532175,0
-0.0286959,-0.1695224,-9.514519,-0.01176797,-0.009245335,0.0006673392,0.9955993,235.417,-235.0912,235.2889,-235.1236,-0.0001173903,-0.000231675,2.795899e-05,-0.1537943,-0.1535814,-0.1537106,-0.1536026,0
0.1832437,0.02626167,-9.25571,-0.009995455,-0.007490314,0.002084226,0.9960057,235.4532,-235.959,235.4776,-235.9497,-0.000134471,-0.0002436336,1.618009e-05,-0.1538179,-0.1541484,-0.1538339,-0.1541423,0
0.1773518,0.02071159,-9.274803,-0.009566385,-0.007262427,0.002173966,0.9964073,235.9157,-235.504,235.9732,-235.4836,-0.0001313722,-0.0002456797,2.42839e-05,-0.1541201,-0.1538511,-0.1541576,-0.1538377,0
0.3857421,0.213345,-8.999881,-0.008483171,-0.005779797,0.003608707,0.9968055,236.0706,-235.4118,236.2448,-235.3883,-0.0001216302,-0.0002297343,3.679992e-05,-0.1542213,-0.1537909,-0.154335,-0.1537755,0
0.05578274,-0.09134732,-9.440009,-0.01170851,-0.008888374,0.001007327,0.9972005,236.3154,-236.0376,236.2173,-236.0671,-0.0001351565,-0.0002352208,4.992812e-05,-0.1543812,-0.1541997,-0.1543171,-0.1542189,0
0.3559337,0.1859669,-9.069511,-0.009378274,-0.006522235,0.003049575,0.9975929,236.318,-237,236.4215,-236.9797,-0.000158603,-0.0002514787,3.387031e-05,-0.1543829,-0.1548284,-0.1544505,-0.1548152,0
-0.1377683,-0.2703923,-9.726451,-0.01214449,-0.009937275,-0.0004224121,0.9979844,236.7613,-236.6081,236.5976,-236.6199,-0.0001786707,-0.0002694901,3.398355e-05,-0.1546725,-0.1545724,-0.1545655,-0.1545801,0
-0.06677021,-0.2049219,-9.626594,-0.0111259,-0.00894624,8.75344e-05,0.9983766,236.2556,-236.8107,236.1745,-236.8091,-0.0001939521,-0.0002819083,1.528176e-05,-0.1543421,-0.1547047,-0.1542891,-0.1547037,0
-0.004322385,-0.1472994,-9.537296,-0.01036945,-0.008195722,0.0007657779,0.9987692,235.8268,-236.5636,235.8044,-236.5567,-0.0002089719,-0.000295508,2.644327e-06,-0.154062,-0.1545433,-0.1540473,-0.1545388,0
0.2845217,0.119515,-9.143744,-0.007986343,-0.005668768,0.003049273,0.9991615,235.9241,-235.5084,236.1143,-235.475,-0.0001995611,-0.0002837164,4.441375e-06,-0.1541255,-0.153854,-0.1542498,-0.1538321,0
0.02672813,-0.1185193,-9.463644,-0.0106165,-0.00811171,0.001121859,0.999552,235.3172,-235.7139,235.2814,-235.7355,-0.000214159,-0.0002951699,1.186685e-06,-0.1537291,-0.1539883,-0.1537056,-0.1540023,0
0.2493205,0.08707568,-9.171023,-0.008606585,-0.006199017,0.002804439,0.999939,235.7816,-235.1753,235.9211,-235.1545,-0.0001973512,-0.0002839189,9.184035e-06,-0.1540325,-0.1536364,-0.1541236,-0.1536227,0
0.1539496,-0.0008445126,-9.29307,-0.01017761,-0.007510634,0.002001942,1.000322,235.3673,-235.7077,235.3794,-235.7207,-0.000210397,-0.0002918501,1.077031e-05,-0.1537618,-0.1539842,-0.1537697,-0.1539927,0
-0.4270166,-0.5377523,-10.0606,-0.01389532,-0.01188352,-0.002316948,1.000701,235.9253,-235.7068,235.5861,-235.7562,-0.0002340256,-0.0003132492,9.816289e-06,-0.1541263,-0.1539836,-0.1539048,-0.1540159,0
0.06272222,-0.08540341,-9.423617,-0.009604967,-0.007582769,0.00131032,1.001076,235.63,-235.7668,235.6656,-235.7422,-0.000226089,-0.0003095113,-1.909993e-06,-0.1539334,-0.1540228,-0.1539567,-0.1540067,0
0.246633,0.08466163,-9.176189,-0.008903758,-0.006442129,0.002811023,1.001448,235.4696,-235.4384,235.5853,-235.4229,-0.000221965,-0.0003017243,9.351347e-06,-0.1538286,-0.1538082,-0.1539042,-0.1537981,0
0.09883897,-0.05178491,-9.366714,-0.01048702,-0.007906379,0.001580114,1.001816,236.1316,-235.0782,236.1196,-235.0909,-0.0002195954,-0.0002930597,2.749155e-05,-0.1542611,-0.1535729,-0.1542532,-0.1535812,0
0.3209023,0.1535307,-9.087399,-0.009415857,-0.006550956,0.00299609,1.00218,235.9145,-236.037,236.0103,-236.0314,-0.0002258216,-0.0002909973,2.666488e-05,-0.1541193,-0.1541993,-0.1541818,-0.1541956,0
0.1400795,-0.01352438,-9.340895,-0.01077564,-0.008100187,0.001658874,1.002541,236.5172,-236.1557,236.4919,-236.162,-0.0002349244,-0.0002933588,3.97655e-05,-0.154513,-0.1542768,-0.1544965,-0.154281,0
0.2641407,0.1011171,-9.191053,-0.009909408,-0.007157576,0.002404191,1.0029,236.8668,-236.4306,236.9248,-236.4202,-0.0002396051,-0.0002903093,4.432392e-05,-0.1547414,-0.1544565,-0.1547793,-0.1544496,0
0.2201424,0.06052267,-9.261576,-0.01048618,-0.007667278,0.002008416,1.003259,236.951,-236.9402,236.964,-236.9391,-0.0002520516,-0.000295191,4.801935e-05,-0.1547964,-0.1547893,-0.1548049,-0.1547886,0
0.1231275,-0.02914525,-9.400413,-0.01106503,-0.008360983,0.001228396,1.003618,237.291,-237.1683,237.2504,-237.1705,-0.0002672361,-0.0003032353,4.918892e-05,-0.1550185,-0.1549383,-0.154992,-0.1549398,0
0.02347553,-0.1212793,-9.539102,-0.01154691,-0.008981196,0.0004589005,1.00398,237.3954,-237.373,237.3076,-237.3791,-0.0002823527,-0.0003118123,4.642135e-05,-0.1550867,-0.1550721,-0.1550294,-0.1550761,0
-0.1656845,-0.2961236,-9.789911,-0.01266407,-0.01027927,-0.0009242323,1.004345,237.3856,-237.519,237.1918,-237.5415,-0.0003040639,-0.0003208952,4.137685e-05,-0.1550803,-0.1551674,-0.1549537,-0.1551822,0
-0.2167104,-0.3433695,-9.856729,-0.01261529,-0.01039365,-0.001257598,1.004713,237.316,-237.4844,237.1169,-237.5041,-0.0003213317,-0.0003303628,3.258192e-05,-0.1550349,-0.1551448,-0.1549048,-0.1551577,0
0.3791766,0.2071887,-9.072987,-0.008148835,-0.005570188,0.003239474,1.005085,236.8605,-237.3499,237.0606,-237.3101,-0.0003239596,-0.0003277358,2.005773e-05,-0.1547373,-0.155057,-0.154868,-0.155031,0
0.3596624,0.1892334,-9.08691,-0.008644027,-0.005895576,0.003237097,1.00546,237.1276,-236.4643,237.2938,-236.4473,-0.0003180224,-0.0003163033,3.590963e-05,-0.1549118,-0.1544784,-0.1550204,-0.1544674,0
-0.2081107,-0.3352465,-9.821991,-0.01336259,-0.01073912,-0.001161637,1.005838,237.0264,-236.9844,236.7748,-237.0402,-0.0003417851,-0.0003330554,3.621288e-05,-0.1548457,-0.1548182,-0.1546813,-0.1548547,0
-0.1840292,-0.3131512,-9.802061,-0.01241946,-0.01020771,-0.001001614,1.006217,236.5486,-237.86,236.3529,-237.8781,-0.0003771419,-0.0003644574,5.513781e-06,-0.1545335,-0.1553902,-0.1544057,-0.1554021,0
0.1955278,0.03727488,-9.301726,-0.008417727,-0.006455021,0.002166306,1.006598,236.6926,-236.5529,236.834,-236.5072,-0.0003698365,-0.0003568581,1.02678e-06,-0.1546276,-0.1545363,-0.15472,-0.1545065,0
0.07987495,-0.06943846,-9.423922,-0.0100072,-0.007649522,0.001365752,1.006981,236.3469,-235.846,236.3661,-235.8535,-0.0003632772,-0.0003471448,1.258948e-05,-0.1544018,-0.1540745,-0.1544143,-0.1540794,0
0.4394336,0.2629658,-8.946076,-0.008152468,-0.005293688,0.003881786,1.007365,236.2034,-236.0979,236.4053,-236.0837,-0.0003584666,-0.0003346008,1.727997e-05,-0.154308,-0.1542391,-0.1544399,-0.1542298,0
-0.2112573,-0.3381542,-9.804388,-0.01328253,-0.01081065,-0.0009900775,1.007747,236.8068,-236.139,236.5506,-236.1943,-0.0003728507,-0.0003427117,3.554412e-05,-0.1547022,-0.154266,-0.1545348,-0.154302,0
-0.2160351,-0.3426345,-9.823955,-0.0129557,-0.0107351,-0.001256887,1.008127,236.588,-237.1734,236.3463,-237.2036,-0.0003997674,-0.0003641843,1.58572e-05,-0.1545593,-0.1549417,-0.1544013,-0.1549614,0
5.113356,5.961531,-4.403012,-0.009700082,-0.007653842,0.001406076,1.008508,236.7525,-236.6827,236.7884,-236.6577,-0.0004035658,-0.0003545661,1.493631e-05,-0.1546667,-0.1546211,-0.1546902,-0.1546048,1
4.868233,5.735142,-4.718246,-0.01198528,-0.009777633,-0.0003999819,1.00889,237.3595,-237.8503,237.1945,-237.8349,-0.0004259409,-0.000375145,8.129454e-06,-0.1550632,-0.1553839,-0.1549555,-0.1553738,1
5.042043,5.895576,-4.628179,-0.01009113,-0.00784641,0.0009616783,1.009274,244.23,-243.9293,244.2211,-243.6465,-0.0004225476,-0.0003681498,5.898781e-06,-0.1595517,-0.1593552,-0.1595459,-0.1591705,1
4.980109,5.838489,-5.061025,-0.01201245,-0.007754136,0.000528891,1.009668,253.1596,-253.8436,253.0396,-253.3694,-0.0004399355,-0.0003686985,2.762396e-06,-0.1653852,-0.1658321,-0.1653068,-0.1655223,1
5.205553,6.046802,-5.161922,-0.01220012,-0.004013489,0.002228673,1.010104,262.6535,-263.2591,262.6392,-262.6728,-0.0004750344,-0.0003533699,-6.139319e-06,-0.1715875,-0.1719831,-0.1715781,-0.1716001,1
5.292991,6.127542,-5.423426,-0.01362124,-0.0007104013,0.002980476,1.010619,272.0805,-271.1861,272.1042,-270.5856,-0.0005026985,-0.000284168,1.178135e-05,-0.177746,-0.1771616,-0.1777614,-0.1767694,1
4.863398,5.730825,-6.332685,-0.01999246,-0.002085692,-0.0004143302,1.011253,280.0401,-280.1697,279.6765,-279.6701,-0.0005840189,-0.0002176091,2.126344e-05,-0.1829459,-0.1830305,-0.1827083,-0.1827041,1
5.433423,6.257392,-5.932774,-0.01744816,0.005054855,0.003673925,1.01204,288.0008,-288.0657,288.0141,-287.5183,-0.0006691466,-0.000108186,2.133308e-05,-0.1881464,-0.1881889,-0.1881551,-0.1878313,1
4.923977,5.786641,-6.906701,-0.02301469,0.003301392,-0.0001036106,1.013015,295.153,-295.001,294.8067,-294.5545,-0.0007902497,3.334145e-06,3.22643e-05,-0.1928189,-0.1927195,-0.1925926,-0.1924279,1
5.192048,6.034082,-6.834321,-0.02189194,0.008013275,0.001731342,1.014212,301.3392,-301.6231,301.2076,-301.1682,-0.0009159154,0.0001482209,2.034974e-05,-0.1968602,-0.1970457,-0.1967742,-0.1967485,1
4.778789,5.652053,-7.621025,-0.02580825,0.006969225,-0.001192242,1.015657,306.6881,-307.3066,306.304,-306.9329,-0.00106757,0.0002965184,1.563053e-05,-0.2003545,-0.2007586,-0.2001036,-0.2005145,1
5.231506,6.070032,-7.241983,-0.02272563,0.01288081,0.00219943,1.017376,311.4763,-311.94,311.4506,-311.5389,-0.001209986,0.0004828057,-9.758194e-07,-0.2034827,-0.2037856,-0.2034658,-0.2035235,1
5.101794,5.950064,-7.590245,-0.02450006,0.01351481,0.001435571,1.019393,315.8366,-315.4285,315.7401,-315.0915,-0.001348675,0.0006972608,1.063329e-05,-0.2063311,-0.2060645,-0.2062681,-0.2058444,1
5.277251,6.112249,-7.517755,-0.02455794,0.01590723,0.002586491,1.021725,319.2855,-319.5332,319.2704,-319.2296,-0.001504225,0.0009195736,8.9455e-06,-0.2085843,-0.2087461,-0.2085744,-0.2085477,1
5.001293,5.857203,-8.030391,-0.02713196,0.01476823,0.0005588321,1.024388,322.9302,-322.7371,322.7438,-322.4854,-0.001671289,0.001146854,1.635652e-05,-0.2109653,-0.2108391,-0.2108435,-0.2106747,1
5.128092,5.974261,-7.99403,-0.02652185,0.01675024,0.001396811,1.027399,325.2663,-326.1497,325.1805,-325.9018,-0.00185469,0.001371137,-3.043129e-06,-0.2124914,-0.2130685,-0.2124353,-0.2129066,1
4.933172,5.793891,-8.353928,-0.02749765,0.01644314,0.0001826235,1.030771,328.0436,-327.5476,327.9044,-327.3268,-0.00201832,0.001624584,4.407691e-06,-0.2143058,-0.2139818,-0.2142148,-0.2138375,1
4.912107,5.774489,-8.454878,-0.02838529,0.01668451,-6.840031e-05,1.034515,328.8187,-330.2048,328.6427,-330.0265,-0.002215934,0.001853819,-2.065308e-05,-0.2148121,-0.2157177,-0.2146971,-0.2156012,1
4.673738,5.553891,-8.830851,-0.0291168,0.01594144,-0.001531305,1.038638,330.3987,-330.8412,330.1601,-330.6757,-0.002405271,0.002093937,-3.574811e-05,-0.2158444,-0.2161334,-0.2156885,-0.2160252,1
4.960257,5.818449,-8.482163,-0.02665292,0.01893461,0.0007736695,1.043149,330.6733,-331.1419,330.6769,-330.9659,-0.00257498,0.002358809,-5.260565e-05,-0.2160237,-0.2163298,-0.2160261,-0.2162149,1
4.981365,5.83805,-8.461588,-0.02702802,0.01908832,0.001144002,1.04805,330.9447,-330.9688,330.9502,-330.8328,-0.002740977,0.002632344,-4.694884e-05,-0.216201,-0.2162168,-0.2162046,-0.2161279,1
5.594252,6.404569,-7.664178,-0.02343258,0.02345186,0.005617101,1.053342,331.4156,-330.6082,331.7895,-330.4451,-0.002886773,0.002932883,-2.950392e-05,-0.2165087,-0.2159812,-0.2167529,-0.2158746,1
4.952868,5.812398,-8.509025,-0.02967372,0.0172406,0.0006722822,1.059026,331.6114,-331.1362,331.4685,-331.0864,-0.003074354,0.003192551,-6.803412e-06,-0.2166366,-0.2163261,-0.2165432,-0.2162936,1
5.181636,6.023773,-8.227147,-0.02776345,0.01879162,0.002086497,1.065103,331.7038,-331.7253,331.7395,-331.6294,-0.003260469,0.003452767,-1.216388e-05,-0.2166969,-0.216711,-0.2167202,-0.2166483,1
5.050717,5.902832,-8.398338,-0.02858107,0.01745504,0.001179143,1.071574,331.2584,-331.3979,331.2299,-331.318,-0.003449408,0.003703833,-8.349854e-06,-0.216406,-0.2164971,-0.2163873,-0.2164449,1
5.072388,5.92286,-8.345008,-0.02823539,0.01740021,0.00128754,1.078439,330.6141,-330.5464,330.6268,-330.4698,-0.003636,0.003953726,-9.963477e-06,-0.2159851,-0.2159408,-0.2159933,-0.2158908,1
5.137149,5.982752,-8.22946,-0.02772303,0.01752231,0.001780427,1.085697,331.5927,-332.1416,331.6588,-332.0697,-0.003828131,0.004193045,-1.996096e-05,-0.2166243,-0.2169829,-0.2166675,-0.216936,1
4.819687,5.689379,-8.779284,-0.02958505,0.014797,-0.0004495948,1.093345,335.1373,-335.1372,335.0334,-335.1003,-0.004018823,0.004427212,-2.117311e-05,-0.21894,-0.2189399,-0.2188721,-0.2189158,1
5.035201,5.888519,-8.630643,-0.02775539,0.01611975,0.001156102,1.101393,338.2276,-338.4541,338.2902,-338.4006,-0.00419871,0.004667697,-2.957402e-05,-0.2209588,-0.2211068,-0.2209997,-0.2210719,1
5.191787,6.033359,-8.556713,-0.02684855,0.01658346,0.002414819,1.109852,341.6353,-341.1127,341.7934,-341.0632,-0.004363847,0.004918003,-1.499442e-05,-0.223185,-0.2228436,-0.2232883,-0.2228113,1
5.236988,6.07548,-8.623945,-0.0274266,0.01566871,0.002570334,1.118738,344.5457,-344.5352,344.6709,-344.5099,-0.00454807,0.005144426,-9.777559e-06,-0.2250864,-0.2250794,-0.2251681,-0.225063,1
4.933713,5.795346,-9.151953,-0.02944744,0.0125195,0.0002592471,1.128062,347.5393,-347.7432,347.4722,-347.739,-0.004747215,0.005346066,-1.385759e-05,-0.227042,-0.2271752,-0.2269982,-0.2271724,1
5.17988,6.02271,-8.946651,-0.02687472,0.0141239,0.002122409,1.137837,349.6902,-350.6107,349.8332,-350.5614,-0.004940458,0.005543004,-3.56845e-05,-0.2284472,-0.2290485,-0.2285406,-0.2290163,1
5.022084,5.876852,-9.244144,-0.02739817,0.01253262,0.001219016,1.148076,352.1074,-352.0257,352.1909,-351.9937,-0.005117843,0.005745391,-3.346557e-05,-0.2300263,-0.2299729,-0.2300809,-0.229952,1
5.013103,5.868697,-9.329717,-0.02758877,0.01168463,0.001128265,1.158789,353.8241,-354.0223,353.8909,-354.0085,-0.0052978,0.005939247,-3.9034e-05,-0.2311478,-0.2312773,-0.2311915,-0.2312682,1
5.192834,6.034884,-9.172396,-0.02623918,0.01228954,0.002527393,1.169983,356.0625,-355.3666,356.2518,-355.3381,-0.005454805,0.006149905,-2.416804e-05,-0.2326101,-0.2321555,-0.2327338,-0.2321369,1
4.83628,5.70583,-9.712598,-0.02975907,0.008046209,-0.0002870532,1.181666,357.7695,-357.6743,357.6531,-357.7088,-0.005640951,0.006324352,-1.435019e-05,-0.2337252,-0.233663,-0.2336492,-0.2336856,1
4.749705,5.625845,-9.911768,-0.0298686,0.006699646,-0.001049632,1.193846,359.5183,-359.9744,359.3673,-359.9899,-0.005837886,0.006477349,-2.794242e-05,-0.2348677,-0.2351657,-0.2347691,-0.2351758,1
4.91491,5.77835,-9.766232,-0.02768234,0.007738381,0.0003342641,1.20653,360.6459,-361.447,360.6606,-361.4217,-0.006024933,0.006627104,-4.745735e-05,-0.2356044,-0.2361277,-0.2356139,-0.2361112,1
4.774874,5.648893,-9.991442,-0.02807289,0.006313107,-0.0004604471,1.219728,361.737,-362.0118,361.6967,-362.0021,-0.006203163,0.006775047,-5.490407e-05,-0.2363172,-0.2364967,-0.2362908,-0.2364904,1
4.934876,5.796773,-9.812762,-0.02668028,0.007024,0.0008218875,1.233443,362.5797,-362.6137,362.6552,-362.5955,-0.006366856,0.006931243,-5.928837e-05,-0.2368677,-0.2368899,-0.236917,-0.236878,1
5.034108,5.888685,-9.714412,-0.02633477,0.006808202,0.001620131,1.247678,363.1093,-363.652,363.211,-363.6412,-0.006540135,0.00707037,-6.420046e-05,-0.2372136,-0.2375682,-0.2372801,-0.2375611,1
5.168754,6.013168,-9.572772,-0.02515243,0.007157384,0.002687763,1.262438,364.2953,-364,364.4893,-363.9705,-0.006700443,0.007214245,-5.955369e-05,-0.2379884,-0.2377955,-0.2381152,-0.2377762,1
5.074416,5.926215,-9.725804,-0.02616037,0.005424365,0.001947985,1.277725,364.964,-364.9081,365.0636,-364.8994,-0.006866127,0.007345305,-5.459863e-05,-0.2384253,-0.2383888,-0.2384904,-0.2383831,1
5.037741,5.892451,-9.809012,-0.02642019,0.004318811,0.001628696,1.293542,365.6151,-366.0515,365.6762,-366.0404,-0.007041971,0.007457917,-5.893724e-05,-0.2388507,-0.2391357,-0.2388906,-0.2391285,1
5.088526,5.939341,-9.775841,-0.02551021,0.004262283,0.002068642,1.309893,366.6748,-366.2759,366.7986,-366.2433,-0.007199417,0.00758018,-5.235176e-05,-0.2395429,-0.2392823,-0.2396238,-0.239261,1
4.857778,5.726312,-10.09999,-0.02745529,0.001598387,0.000295354,1.326782,366.9349,-367.2823,366.8762,-367.2842,-0.007374613,0.007677157,-5.458925e-05,-0.2397128,-0.2399398,-0.2396745,-0.239941,1
5.044538,5.898812,-9.88311,-0.0255031,0.002714932,0.001714348,1.34421,367.4993,-367.8045,367.5917,-367.7668,-0.007540355,0.007775591,-6.215242e-05,-0.2400816,-0.240281,-0.2401419,-0.2402563,1
5.186657,6.030169,-9.713055,-0.02429825,0.003312321,0.002870177,1.36218,367.877,-367.8652,368.0657,-367.8155,-0.007695,0.007877397,-5.928614e-05,-0.2403283,-0.2403206,-0.2404516,-0.2402881,1
5.006157,5.863537,-9.958622,-0.02582027,0.001167121,0.001515557,1.380696,368.0786,-368.3448,368.1211,-368.3239,-0.007863117,0.007959224,-6.02383e-05,-0.24046,-0.240634,-0.2404878,-0.2406202,1
0.7633891,6.178119,-9.528642,-0.02292575,0.003472598,0.004058643,1.399756,368.5813,-368.3774,368.868,-368.308,-0.008008385,0.0080584,-5.739873e-05,-0.2407884,-0.2406552,-0.2409757,-0.2406099,0.08334722
5.109779,5.959486,-9.847479,-0.02517793,0.0007023767,0.002287412,1.419363,368.9429,-368.6223,369.0468,-368.6144,-0.008162086,0.008143543,-4.124844e-05,-0.2410247,-0.2408152,-0.2410925,-0.2408101,1
5.000203,5.858356,-10.00962,-0.02603028,-0.0009085552,0.001292331,1.439518,369.2911,-369.4662,369.3574,-369.5143,-0.008330049,0.008208535,-4.329689e-05,-0.2412521,-0.2413665,-0.2412955,-0.241398,1
5.013478,5.870602,-10.01423,-0.02527552,-0.001495823,0.001425005,1.460223,369.566,-369.8714,369.6552,-369.8771,-0.008492786,0.008266546,-4.924649e-05,-0.2414317,-0.2416312,-0.24149,-0.2416349,1
5.254062,6.092932,-9.705931,-0.02316135,-0.0003261337,0.003287292,1.481479,369.671,-369.7786,369.9052,-369.7257,-0.008640761,0.008328011,-4.97519e-05,-0.2415003,-0.2415706,-0.2416533,-0.241536,1
5.30626,6.141321,-9.63696,-0.02303189,-0.0007145939,0.003692084,1.503288,370.1799,-369.3211,370.4107,-369.2599,-0.008773191,0.008399351,-2.813569e-05,-0.2418328,-0.2412717,-0.2419836,-0.2412318,1
5.214723,6.05707,-9.764037,-0.02461239,-0.002527973,0.00276224,1.52565,370.4293,-370.0182,370.5183,-369.9769,-0.00892163,0.008452351,-1.176698e-05,-0.2419957,-0.2417271,-0.2420538,-0.2417001,1
5.158084,6.004828,-9.864318,-0.02510415,-0.003575274,0.00214716,1.548565,371.165,-370.6689,371.1953,-370.6136,-0.009072988,0.008498142,2.188385e-06,-0.2424763,-0.2421522,-0.2424961,-0.2421161,1
4.745506,5.623622,-10.42875,-0.02795814,-0.007166469,-0.001074721,1.572036,371.2578,-371.8029,371.007,-371.7725,-0.009252938,0.008508144,-5.325607e-06,-0.2425369,-0.2428931,-0.2423731,-0.2428732,1
5.098379,5.949299,-9.985555,-0.02399904,-0.003837224,0.001622038,1.596065,371.4925,-371.7465,371.559,-371.6366,-0.009403937,0.008541042,-1.844027e-05,-0.2426903,-0.2428562,-0.2427337,-0.2427844,1
4.941604,5.804411,-10.18272,-0.02504125,-0.005116715,0.0006228427,1.620653,371.1061,-371.491,371.0668,-371.4118,-0.009558504,0.008565784,-2.088614e-05,-0.2424379,-0.2426893,-0.2424122,-0.2426375,1
5.078701,5.93099,-9.992694,-0.02370701,-0.003960624,0.001669103,1.645802,370.8065,-371.3362,370.867,-371.2397,-0.009712305,0.008589327,-3.432656e-05,-0.2422421,-0.2425882,-0.2422816,-0.2425252,1
5.224642,6.065734,-9.790446,-0.02224522,-0.002737505,0.002917544,1.67151,370.8124,-370.4903,370.9888,-370.3766,-0.009841946,0.008634734,-2.837684e-05,-0.242246,-0.2420355,-0.2423612,-0.2419613,1
5.243474,6.083333,-9.750422,-0.02279117,-0.003155773,0.00299174,1.697775,370.4424,-370.5123,370.5726,-370.4209,-0.009981585,0.008670267,-2.215668e-05,-0.2420042,-0.2420499,-0.2420893,-0.2419902,1
5.202874,6.045862,-9.804562,-0.02314546,-0.003788887,0.002620825,1.724597,370.564,-370.6046,370.648,-370.5105,-0.01012814,0.008696548,-1.969043e-05,-0.2420837,-0.2421102,-0.2421386,-0.2420487,1
5.247058,6.086621,-9.749404,-0.02251433,-0.003499249,0.002921497,1.751975,370.6635,-370.4895,370.7869,-370.3774,-0.01026546,0.008729035,-1.623602e-05,-0.2421487,-0.242035,-0.2422293,-0.2419618,1
5.198249,6.041559,-9.811326,-0.02296218,-0.004109878,0.002521563,1.779908,370.4566,-370.6618,370.53,-370.5568,-0.01040855,0.008753534,-1.451943e-05,-0.2420135,-0.2421476,-0.2420615,-0.242079,1
4.903405,5.769045,-10.19689,-0.02477389,-0.006406383,0.0003228147,1.808398,370.5994,-370.584,370.4901,-370.4973,-0.0105565,0.008770159,-1.3241e-05,-0.2421068,-0.2420968,-0.2420354,-0.2420401,1
5.045331,5.90004,-10.00921,-0.02323184,-0.005107299,0.001358522,1.837444,370.5728,-370.3574,370.585,-370.2415,-0.01068651,0.008803544,-1.239346e-05,-0.2420894,-0.2419488,-0.2420974,-0.241873,1
5.355445,6.186688,-9.598037,-0.02137853,-0.002995288,0.003641352,1.867046,370.2066,-370.3906,370.386,-370.2567,-0.010816,0.00883707,-8.149814e-06,-0.2418502,-0.2419704,-0.2419674,-0.241883,1
5.119887,5.969102,-9.903965,-0.02329612,-0.005114406,0.001847354,1.897203,370.4554,-370.2051,370.4544,-370.0992,-0.01095681,0.008857239,6.102797e-07,-0.2420128,-0.2418492,-0.2420121,-0.24178,1
5.26947,6.107226,-9.709695,-0.02188928,-0.003876068,0.002844951,1.927916,370.1917,-370.4936,370.2992,-370.3574,-0.01109524,0.008878187,-8.001365e-06,-0.2418405,-0.2420377,-0.2419107,-0.2419488,1
5.323784,6.157338,-9.636002,-0.02123965,-0.00338485,0.003348698,1.959183,369.988,-370.287,370.1387,-370.1405,-0.0112284,0.008901606,-7.539728e-06,-0.2417074,-0.2419027,-0.2418059,-0.241807,1
5.055423,5.909329,-9.976897,-0.02304086,-0.005453887,0.001357905,1.991005,370.1901,-369.7455,370.1684,-369.6267,-0.01135902,0.008926724,1.717169e-06,-0.2418395,-0.241549,-0.2418252,-0.2414714,1
5.310709,6.145216,-9.637801,-0.02123567,-0.00353559,0.003130311,2.023381,370.2565,-369.5475,370.397,-369.4018,-0.0114692,0.008974824,1.491581e-05,-0.2418828,-0.2414196,-0.2419746,-0.2413244,1
5.046941,5.901762,-9.984998,-0.02406604,-0.006282547,0.001011941,2.056311,370.2891,-370.0339,370.1842,-369.935,-0.01160268,0.009000059,3.245487e-05,-0.2419041,-0.2417374,-0.2418356,-0.2416728,1
5.091263,5.942665,-9.943718,-0.02353216,-0.005988044,0.00111337,2.089795,370.6319,-370.5599,370.5585,-370.433,-0.01174268,0.009017194,3.106721e-05,-0.242128,-0.242081,-0.2420801,-0.2419981,1
5.248572,6.087876,-9.749591,-0.02190818,-0.004549109,0.002278144,2.123832,370.4974,-370.7528,370.5514,-370.5927,-0.01187593,0.009037449,2.593265e-05,-0.2420402,-0.242207,-0.2420755,-0.2421024,1
4.880161,5.747367,-10.22706,-0.02427613,-0.007240948,-0.0003973589,2.158427,370.3508,-370.6556,370.175,-370.5309,-0.01201959,0.009044371,2.211191e-05,-0.2419444,-0.2421435,-0.2418296,-0.242062,1
5.102625,5.952685,-9.928431,-0.02190192,-0.004990518,0.001281747,2.193576,370.0703,-370.3545,370.0856,-370.1892,-0.01214696,0.009067108,9.818094e-06,-0.2417612,-0.2419468,-0.2417711,-0.2418388,1
5.057922,5.911344,-9.971059,-0.02215664,-0.005246195,0.001090688,2.229282,369.666,-369.8392,369.6488,-369.6877,-0.0122715,0.009091656,9.917423e-06,-0.241497,-0.2416102,-0.2414858,-0.2415112,1
5.394273,6.222129,-9.51545,-0.01978115,-0.002613877,0.003567648,2.265541,369.7178,-369.1172,369.9135,-368.9366,-0.01237507,0.009139814,2.010653e-05,-0.2415309,-0.2411385,-0.2416587,-0.2410205,1
5.243564,6.08314,-9.704281,-0.02180724,-0.004412807,0.002318611,2.302352,369.5131,-369.3275,369.5361,-369.1863,-0.0124974,0.009170442,3.287803e-05,-0.2413971,-0.2412759,-0.2414122,-0.2411837,1
4.932039,5.795277,-10.11886,-0.02395085,-0.006939553,-0.0001541349,2.339715,369.9293,-369.5576,369.7456,-369.4303,-0.01262783,0.00919221,3.957496e-05,-0.2416691,-0.2414262,-0.241549,-0.2413431,1
5.173698,6.018461,-9.81249,-0.02182595,-0.004897758,0.001533957,2.377629,369.3919,-370.2869,369.3782,-370.1144,-0.0127642,0.009205469,2.151448e-05,-0.241318,-0.2419027,-0.241309,-0.2417899,1
5.285368,6.121432,-9.664701,-0.0203039,-0.003578142,0.002563218,2.416095,369.6502,-369.3633,369.7546,-369.1646,-0.01287658,0.00923985,2.684775e-05,-0.2414867,-0.2412993,-0.2415549,-0.2411695,1
5.320874,6.154332,-9.601432,-0.02046339,-0.003433493,0.002747078,2.455114,369.2615,-369.1788,369.3565,-368.9971,-0.01299188,0.009273268,2.975388e-05,-0.2412328,-0.2411788,-0.2412949,-0.2410601,1
5.49022,6.310861,-9.375623,-0.01945456,-0.002239637,0.003947922,2.494685,369.6507,-368.7223,369.8418,-368.5264,-0.01308772,0.009329389,5.112245e-05,-0.241487,-0.2408805,-0.2416119,-0.2407526,1
5.156693,6.002986,-9.815213,-0.02292453,-0.005557893,0.001201198,2.534806,369.4747,-369.6381,369.3633,-369.4962,-0.01322192,0.009347974,5.840219e-05,-0.2413721,-0.2414788,-0.2412992,-0.2413861,1
5.118563,5.967532,-9.884869,-0.0223707,-0.005497405,0.0008062318,2.575477,370.0775,-369.8001,369.9897,-369.6208,-0.0133469,0.00937356,5.735032e-05,-0.2417659,-0.2415847,-0.2417085,-0.2414675,1
4.930684,5.793822,-10.13536,-0.02337329,-0.006735214,-0.0005951129,2.6167,369.6688,-370.1765,369.4746,-370.0073,-0.01347946,0.009388606,4.788017e-05,-0.2414989,-0.2418305,-0.241372,-0.24172,1
5.20164,6.043973,-9.777574,-0.02074202,-0.004114521,0.00149928,2.658477,369.6391,-369.7211,369.6651,-369.5092,-0.01359198,0.00942345,4.271401e-05,-0.2414795,-0.241533,-0.2414965,-0.2413946,1
5.258954,6.096978,-9.689695,-0.02056888,-0.003694384,0.001963366,2.700806,369.2353,-369.4348,369.2761,-369.2334,-0.01370833,0.009454671,4.128054e-05,-0.2412157,-0.241346,-0.2412423,-0.2412144,1
4.974283,5.833904,-10.05139,-0.02249698,-0.005811378,-0.0001445561,2.743687,369.1927,-369.1751,369.0479,-369.0002,-0.01383065,0.00947976,3.966908e-05,-0.2411879,-0.2411763,-0.2410933,-0.2410621,1
5.115576,5.964343,-9.859303,-0.02107815,-0.004443688,0.0009001595,2.787119,368.3958,-369.5183,368.3564,-369.3156,-0.01396013,0.00949626,1.564755e-05,-0.2406673,-0.2414006,-0.2406415,-0.2412681,1
4.93362,5.795967,-10.08315,-0.02149909,-0.005295234,-0.0001681782,2.8311,368.5279,-368.2988,368.4254,-368.0975,-0.01406788,0.009531867,1.727216e-05,-0.2407535,-0.2406039,-0.2406865,-0.2404724,1
5.195389,6.037889,-9.715422,-0.01982461,-0.003243822,0.001735675,2.87563,367.6808,-368.1207,367.727,-367.9069,-0.01417497,0.009570487,6.957142e-06,-0.2402002,-0.2404875,-0.2402303,-0.2403479,1
4.983338,5.84198,-9.977993,-0.02139852,-0.004938233,0.0002822336,2.920706,367.6094,-367.5605,367.5044,-367.3703,-0.01428463,0.00960606,1.183387e-05,-0.2401535,-0.2401216,-0.2400849,-0.2399973,1
5.318548,6.151711,-9.527798,-0.01894125,-0.002287358,0.002691456,2.966326,367.2963,-367.3603,367.4048,-367.131,-0.01438518,0.009652104,7.556598e-06,-0.239949,-0.2399908,-0.2400199,-0.2398409,1
5.173232,6.017534,-9.709286,-0.02026769,-0.003618364,0.00165841,3.01249,367.2463,-367.032,367.2339,-366.8241,-0.01448796,0.00969552,1.821228e-05,-0.2399163,-0.2397763,-0.2399082,-0.2396405,1
4.892809,5.758462,-10.07103,-0.02236997,-0.005891769,-0.0005556678,3.059196,367.1508,-367.2549,366.9399,-367.0699,-0.014606,0.009723661,1.613489e-05,-0.2398539,-0.2399219,-0.2397161,-0.239801,1
4.929597,5.792288,-10.02456,-0.02145703,-0.005247782,-0.0002701034,3.106443,366.8646,-367.3768,366.7119,-367.1624,-0.01472109,0.009752673,3.243282e-06,-0.2396669,-0.2400015,-0.2395672,-0.2398615,1
5.398972,6.225874,-9.401435,-0.01765438,-0.001244713,0.0033467,3.154233,366.3779,-366.911,366.5538,-366.6419,-0.01482023,0.009796357,-6.661403e-06,-0.239349,-0.2396972,-0.2394639,-0.2395215,1
5.283332,6.119082,-9.532211,-0.01868258,-0.002159134,0.002604962,3.202563,366.092,-366.2152,366.1724,-365.9738,-0.01492411,0.009834731,-5.199355e-06,-0.2391622,-0.2392427,-0.2392147,-0.2390849,1
4.985222,5.843589,-9.904716,-0.02063517,-0.004327444,0.0003790569,3.251431,365.6359,-366.1372,365.5244,-365.9206,-0.01503951,0.009861375,-1.686154e-05,-0.2388642,-0.2391917,-0.2387914,-0.2390502,1
5.300778,6.13498,-9.479377,-0.01764492,-0.001399284,0.002851839,3.300838,365.2763,-365.569,365.4144,-365.3003,-0.01512979,0.009913187,-2.364429e-05,-0.2386294,-0.2388205,-0.2387196,-0.238645,1
4.899323,5.764154,-9.98298,-0.02088814,-0.004695471,-3.474507e-05,3.35078,364.5934,-365.4058,364.4317,-365.1944,-0.01524821,0.009934975,-3.097332e-05,-0.2381832,-0.2387139,-0.2380776,-0.2385758,1
5.206242,6.047483,-9.56681,-0.01764006,-0.001650853,0.002327309,3.401256,364.6158,-364.4454,364.7206,-364.1715,-0.01533401,0.009989571,-3.841991e-05,-0.2381978,-0.2380865,-0.2382662,-0.2379076,1
5.412426,6.238172,-9.273497,-0.01670802,-0.000285372,0.003946325,3.452265,363.6541,-364.2167,363.8483,-363.9466,-0.01542233,0.01004246,-3.883374e-05,-0.2375696,-0.2379371,-0.2376964,-0.2377607,1
4.913311,5.777077,-9.909978,-0.02047526,-0.004315486,0.0002659707,3.503803,364.3738,-363.1938,364.2292,-362.9771,-0.01550594,0.01010185,-1.189113e-05,-0.2380398,-0.2372689,-0.2379453,-0.2371272,1
4.758977,5.634629,-10.10921,-0.02201987,-0.005845046,-0.001201395,3.555869,363.7179,-364.2924,363.4306,-364.0887,-0.01561734,0.01013493,-2.230979e-05,-0.2376112,-0.2379866,-0.2374236,-0.2378535,1
5.207685,6.049044,-9.533154,-0.01795464,-0.001932788,0.002240989,3.608464,363.4983,-364.3507,363.549,-364.0652,-0.01571717,0.01017576,-3.666858e-05,-0.2374678,-0.2380247,-0.2375009,-0.2378381,1
5.299541,6.133854,-9.399611,-0.01697835,-0.0009360699,0.003096537,3.661586,363.4339,-363.3015,363.5636,-363.0087,-0.01580265,0.01022851,-3.333215e-05,-0.2374257,-0.2373392,-0.2375105,-0.2371479,1
4.863663,5.731182,-9.947344,-0.02032333,-0.004355439,-0.0001621567,3.715236,362.9093,-363.2087,362.7344,-362.9729,-0.01590518,0.01026496,-3.729822e-05,-0.237083,-0.2372786,-0.2369688,-0.2371245,1
5.016382,5.872155,-9.737724,-0.01859875,-0.002767768,0.001020433,3.769412,362.4985,-363.0754,362.4587,-362.8022,-0.01599735,0.01031207,-4.878396e-05,-0.2368147,-0.2371915,-0.2367886,-0.2370131,1
5.419241,6.24441,-9.196222,-0.01561919,0.0004811839,0.00414425,3.824112,362.3818,-362.1332,362.6089,-361.8226,-0.01606562,0.01038378,-3.926412e-05,-0.2367384,-0.236576,-0.2368868,-0.2363731,1
5.180837,6.024422,-9.491035,-0.01826576,-0.001912777,0.002270264,3.879334,362.199,-361.9994,362.2009,-361.7405,-0.01615446,0.01043649,-2.740695e-05,-0.236619,-0.2364886,-0.2366202,-0.2363195,1
4.731129,5.608884,-10.07989,-0.02127736,-0.005394456,-0.001195466,3.935078,362.4399,-362.1674,362.1575,-361.934,-0.01625027,0.01048215,-2.297564e-05,-0.2367764,-0.2365983,-0.2365918,-0.2364458,1
5.154009,5.999561,-9.531703,-0.01784996,-0.001898191,0.001877489,3.991343,361.8968,-362.6609,361.9091,-362.3639,-0.01633928,0.01053395,-3.515533e-05,-0.2364215,-0.2369207,-0.2364296,-0.2367267,1
5.047074,5.900756,-9.667459,-0.01848053,-0.002636749,0.001234648,4.048129,362.3334,-361.7231,362.2856,-361.437,-0.01641632,0.01059615,-1.768724e-05,-0.2367068,-0.2363081,-0.2366755,-0.2361212,1
5.182522,6.026069,-9.481382,-0.01796662,-0.001789974,0.002022622,4.105435,361.7838,-362.1848,361.7867,-361.896,-0.01650853,0.01064495,-2.539428e-05,-0.2363477,-0.2366097,-0.2363496,-0.236421,1
5.175441,6.019473,-9.492284,-0.01764979,-0.001662804,0.00206185,4.163262,361.8596,-361.9389,361.8788,-361.6357,-0.01659252,0.01070044,-2.244422e-05,-0.2363973,-0.236449,-0.2364098,-0.236251,1
4.970318,5.829976,-9.752729,-0.01911,-0.003226788,0.0005077433,4.221609,361.4416,-362.083,361.3199,-361.8006,-0.0166928,0.01073818,-3.126465e-05,-0.2361242,-0.2365432,-0.2360447,-0.2363587,1
4.91515,5.778805,-9.818151,-0.01864035,-0.003120987,0.0002081763,4.280476,361.2667,-361.6871,361.1622,-361.3857,-0.01678374,0.01078311,-4.302982e-05,-0.2360099,-0.2362846,-0.2359416,-0.2360877,1
5.236471,6.075645,-9.379887,-0.0159645,-0.0002932781,0.002730581,4.339861,360.9726,-360.8242,361.1043,-360.4895,-0.01684643,0.01085739,-3.983656e-05,-0.2358178,-0.2357208,-0.2359038,-0.2355022,1
5.125962,5.973833,-9.504897,-0.01766231,-0.001645026,0.001876532,4.399764,360.592,-360.6917,360.5847,-360.398,-0.01692636,0.0109165,-3.075683e-05,-0.2355691,-0.2356343,-0.2355644,-0.2354424,1
5.470132,6.291921,-9.05364,-0.01522923,0.0009415528,0.004311379,4.460181,360.8787,-360.4356,361.09,-360.0967,-0.01699214,0.01099169,-2.185697e-05,-0.2357564,-0.235467,-0.2358945,-0.2352456,1
5.027097,5.882792,-9.634005,-0.01902815,-0.002981468,0.0009245408,4.521113,360.8837,-360.7407,360.7589,-360.4571,-0.01707854,0.01104529,-8.576287e-06,-0.2357597,-0.2356663,-0.2356782,-0.235481,1
4.837875,5.707899,-9.890899,-0.01998837,-0.004316893,-0.0006408409,4.582561,361.0962,-361.1841,360.8704,-360.8929,-0.0171697,0.01109347,-1.118663e-05,-0.2358986,-0.235956,-0.235751,-0.2357658,1
5.149749,5.995982,-9.490931,-0.01724,-0.001599259,0.001689878,4.644524,360.7947,-361.3772,360.8023,-361.0352,-0.01725226,0.0111481,-2.080978e-05,-0.2357016,-0.2360821,-0.2357066,-0.2358587,1
5.033179,5.888272,-9.636792,-0.01791732,-0.002358009,0.0009391105,4.707002,360.9497,-360.7097,360.8929,-360.3815,-0.01732816,0.01120809,-1.309292e-05,-0.2358028,-0.235646,-0.2357657,-0.2354317,1
5.151028,5.997252,-9.473107,-0.0172282,-0.001467206,0.001711132,4.769997,360.5505,-360.8457,360.5569,-360.5107,-0.01740758,0.01126612,-1.844151e-05,-0.235542,-0.2357349,-0.2355462,-0.2355161,1
4.682175,5.564044,-10.08264,-0.02042127,-0.005059367,-0.001695928,4.833507,360.4172,-360.8687,360.1225,-360.5737,-0.01750254,0.0113062,-2.20907e-05,-0.235455,-0.2357499,-0.2352625,-0.2355572,1
5.403191,6.230103,-9.134375,-0.01446316,0.001065764,0.003676199,4.897531,360.3113,-360.312,360.5404,-359.9205,-0.01755959,0.01138535,-2.819231e-05,-0.2353858,-0.2353862,-0.2355355,-0.2351305,1
4.967596,5.827922,-9.688956,-0.01849631,-0.002849602,0.0005245366,4.962069,360.1232,-359.9742,360.0043,-359.661,-0.01763601,0.01144476,-1.132549e-05,-0.2352629,-0.2351656,-0.2351852,-0.2349609,1
5.087046,5.93834,-9.530979,-0.01757134,-0.00193191,0.001197571,5.02712,360.1838,-360.2343,360.1421,-359.894,-0.01771422,0.01150425,-1.611813e-05,-0.2353025,-0.2353355,-0.2352752,-0.2351131,1
5.105996,5.955878,-9.510852,-0.01727666,-0.001774835,0.001388936,5.092683,359.9195,-360.401,359.8947,-360.0482,-0.01779389,0.01155965,-1.926534e-05,-0.2351298,-0.2354444,-0.2351136,-0.2352139,1
5.238075,6.077917,-9.333817,-0.01610222,-0.0006077559,0.002397717,5.158759,360.1324,-359.8711,360.2098,-359.4981,-0.01785881,0.01162971,-1.263677e-05,-0.2352689,-0.2350982,-0.2353195,-0.2348545,1
4.892111,5.758417,-9.78016,-0.01898528,-0.003552204,-0.0002479694,5.225347,359.9384,-360.0689,359.7596,-359.741,-0.01794179,0.01168165,-9.875464e-06,-0.2351422,-0.2352274,-0.2350253,-0.2350132,1
5.543579,6.360339,-8.931859,-0.01394445,0.001717148,0.004527098,5.292447,359.8243,-360.1195,360.0926,-359.7059,-0.01800402,0.01175535,-1.581646e-05,-0.2350676,-0.2352605,-0.2352429,-0.2349903,1
5.090384,5.941791,-9.520712,-0.01769435,-0.002148363,0.001238862,5.360057,360.3979,-359.4005,360.3416,-359.0503,-0.01806528,0.0118296,1.429876e-05,-0.2354424,-0.2347908,-0.2354055,-0.234562,1
5.174499,6.019736,-9.414598,-0.01768681,-0.00189034,0.001481234,5.428181,360.0383,-360.5965,359.9897,-360.2393,-0.01815173,0.01188128,5.342379e-06,-0.2352074,-0.2355721,-0.2351756,-0.2353387,1
5.065847,5.91923,-9.575197,-0.01778721,-0.002474362,0.000771525,5.496815,360.1257,-360.8792,360.0441,-360.501,-0.01824312,0.01192273,-4.565522e-06,-0.2352645,-0.2357568,-0.2352112,-0.2355097,1
4.94918,5.811229,-9.723611,-0.01770671,-0.002790014,1.916461e-05,5.565963,359.7198,-360.7048,359.6188,-360.3167,-0.01833605,0.01195809,-2.77893e-05,-0.2349994,-0.2356428,-0.2349334,-0.2353892,1
4.96187,5.822723,-9.687189,-0.01658149,-0.001940441,0.000392025,5.635624,359.4174,-359.651,359.398,-359.2466,-0.01840034,0.01202091,-3.665673e-05,-0.2348018,-0.2349544,-0.2347891,-0.2346902,1
5.002494,5.860407,-9.604126,-0.0166101,-0.001678355,0.0007988033,5.705796,358.532,-359.3106,358.5131,-358.9238,-0.01847113,0.01207901,-4.522976e-05,-0.2342234,-0.234732,-0.234211,-0.2344793,1
4.773148,5.648528,-9.885655,-0.01807809,-0.00339132,-0.0007908313,5.776478,358.4379,-358.6776,358.2741,-358.3083,-0.0185458,0.01213248,-4.906938e-05,-0.2341619,-0.2343185,-0.2340549,-0.2340772,1
4.824874,5.696304,-9.801662,-0.01731223,-0.002788649,-0.0003561761,5.847667,357.8742,-358.4252,357.7637,-358.0376,-0.0186159,0.01218953,-6.264949e-05,-0.2337937,-0.2341536,-0.2337214,-0.2339004,1
5.267266,6.105127,-9.205983,-0.01399761,0.0007372033,0.003086742,5.919361,357.2925,-357.9124,357.474,-357.4777,-0.01867164,0.01226046,-6.89415e-05,-0.2334136,-0.2338186,-0.2335322,-0.2335346,1
5.316745,6.151064,-9.121259,-0.01409152,0.0008395419,0.003537345,5.991558,357.316,-357.0207,357.4972,-356.5966,-0.01872256,0.01233681,-5.537889e-05,-0.233429,-0.2332361,-0.2335473,-0.232959,1
4.330344,5.778962,-9.636838,-0.01751854,-0.002710708,0.0004010661,6.064256,356.8806,-357.4841,356.7523,-357.1064,-0.01880498,0.01238127,-6.12396e-05,-0.2331446,-0.2335388,-0.2330608,-0.233292,0.8833139
-0.1246058,5.74332,-9.688359,-0.01677254,-0.00252542,0.0001990161,6.137454,356.8512,-357.3236,356.7664,-356.9128,-0.01887385,0.01243648,-7.152603e-05,-0.2331253,-0.233434,-0.2330699,-0.2331655,0
0.3104536,6.145341,-9.107552,-0.01341441,0.001025266,0.003551687,6.211153,356.5942,-356.6088,356.881,-356.221,-0.01891577,0.01251889,-6.651274e-05,-0.2329575,-0.2329669,-0.2331448,-0.2327137,0
0.3883155,6.217716,-8.993658,-0.0138714,0.0006566281,0.004074617,6.28535,356.5239,-356.3349,356.9335,-356.111,-0.01896686,0.01259204,-5.020187e-05,-0.2329115,-0.2327881,-0.2331791,-0.2326418,0
0.01205344,5.870489,-9.491075,-0.01698401,-0.00408323,0.001102432,6.360044,356.7047,-356.8107,356.9271,-356.7138,-0.01904165,0.01262973,-4.622521e-05,-0.2330296,-0.2330989,-0.2331749,-0.2330356,0
-0.01670576,5.844166,-9.542064,-0.01648162,-0.006267264,0.0008527989,6.435238,356.6083,-357.3362,356.8948,-357.2475,-0.01911548,0.01264479,-5.810228e-05,-0.2329667,-0.2334421,-0.2331538,-0.2333842,0
0.2958322,6.133268,-9.134445,-0.01367535,-0.006098253,0.003324569,6.51093,356.7485,-356.7492,357.291,-356.6248,-0.01916141,0.01266132,-5.18532e-05,-0.2330582,-0.2330587,-0.2334126,-0.2329774,0
0.1986871,6.044163,-9.251976,-0.01511549,-0.009937829,0.002550197,6.58712,356.7288,-356.6346,357.1516,-356.538,-0.0192181,0.01264201,-3.849591e-05,-0.2330453,-0.2329839,-0.2333216,-0.2329207,0
-0.006099266,5.855403,-9.524142,-0.01670717,-0.01429267,0.0008976918,6.66381,357.1602,-356.7881,357.426,-356.6883,-0.01927679,0.01259579,-2.616975e-05,-0.2333272,-0.2330841,-0.2335008,-0.2330189,0
0.06012822,5.917001,-9.448895,-0.01632174,-0.0163662,0.001262649,6.741,356.9512,-357.6035,357.2287,-357.4659,-0.01934582,0.0125138,-2.874373e-05,-0.2331906,-0.2336168,-0.2333719,-0.2335269,0
0.1117041,5.964869,-9.39169,-0.01554212,-0.01802848,0.00170433,6.818688,357.2884,-357.4669,357.603,-357.2828,-0.01940832,0.012413,-2.446619e-05,-0.2334109,-0.2335276,-0.2336164,-0.2334073,0
-0.3021542,5.582675,-9.931167,-0.01834199,-0.02317512,-0.001373076,6.896879,357.2676,-357.5104,357.299,-357.3399,-0.01948166,0.01227872,-2.450485e-05,-0.2333973,-0.233556,-0.2334179,-0.2334446,0
0.0375741,5.89662,-9.485403,-0.01528417,-0.02193761,0.001178639,6.97557,356.8394,-357.6821,357.108,-357.4328,-0.01954312,0.01213747,-3.765962e-05,-0.2331176,-0.2336681,-0.2332931,-0.2335053,0
0.1072126,5.961108,-9.384748,-0.01469942,-0.02290748,0.001896523,7.054761,356.8578,-356.9217,357.155,-356.6464,-0.01959262,0.0119908,-2.697171e-05,-0.2331296,-0.2331714,-0.2333238,-0.2329916,0
0.04176169,5.900864,-9.457318,-0.01558805,-0.02504507,0.001328811,7.134454,356.6979,-356.8454,356.8984,-356.5655,-0.01965183,0.01182138,-2.225448e-05,-0.2330252,-0.2331216,-0.2331562,-0.2329387,0
0.2159887,6.061917,-9.22897,-0.01426181,-0.02492094,0.002607256,7.214646,356.7575,-356.7622,357.0537,-356.4319,-0.01969959,0.01165156,-1.396929e-05,-0.2330641,-0.2330672,-0.2332576,-0.2328514,0
-0.03905766,5.826416,-9.561825,-0.01651484,-0.02827037,0.0006671241,7.295335,356.8319,-356.8866,356.9096,-356.5663,-0.01975953,0.01145853,-1.064654e-07,-0.2331127,-0.2331484,-0.2331635,-0.2329392,0
-0.1173307,5.754052,-9.671003,-0.01689653,-0.02973351,-3.373262e-05,7.376523,356.9677,-357.2176,356.9824,-356.8663,-0.01982496,0.01125019,9.329648e-07,-0.2332014,-0.2333647,-0.2332111,-0.2331352,0
-0.02606946,5.838241,-9.557449,-0.01583615,-0.02954338,0.0006749275,7.458211,356.928,-357.2409,357.0093,-356.8432,-0.01988219,0.01104075,2.187655e-06,-0.2331755,-0.2333799,-0.2332286,-0.2331201,0
0.1142054,5.967797,-9.370761,-0.01484687,-0.02901019,0.001743045,7.540399,357.0882,-356.8359,357.2454,-356.4063,-0.01992552,0.01083993,1.683358e-05,-0.2332802,-0.2331153,-0.2333829,-0.2328347,0
0.1905966,6.038484,-9.269594,-0.01498278,-0.0292725,0.002172383,7.623085,357.01,-357.126,357.152,-356.6848,-0.01997981,0.01062516,2.800975e-05,-0.2332291,-0.2333049,-0.2333218,-0.2330167,0
0.3873857,6.220256,-9.022175,-0.01371398,-0.02823326,0.003531356,7.706272,357.0038,-357.5656,357.2419,-357.0785,-0.0200425,0.01039746,2.832651e-05,-0.233225,-0.233592,-0.2333806,-0.2332738,0
0.1084058,5.96226,-9.392697,-0.01536514,-0.03047645,0.001505455,7.789957,357.4011,-357.2727,357.4668,-356.7828,-0.02010052,0.01016959,3.91943e-05,-0.2334846,-0.2334007,-0.2335275,-0.2330807,0
0.1532963,6.003567,-9.333001,-0.01497895,-0.03018168,0.001744507,7.874144,357.1448,-357.5943,357.2299,-357.0788,-0.02015833,0.009941318,3.885142e-05,-0.2333171,-0.2336108,-0.2333727,-0.233274,0
0.1046842,5.95847,-9.398891,-0.01525012,-0.03056262,0.00142582,7.958831,357.2096,-357.539,357.2533,-357.0074,-0.02021695,0.00971096,4.487875e-05,-0.2333595,-0.2335747,-0.233388,-0.2332273,0
0.2087734,6.054447,-9.262068,-0.01439677,-0.02963573,0.002157969,8.044018,357.3082,-357.3507,357.4144,-356.7881,-0.02026898,0.009487645,5.003087e-05,-0.2334239,-0.2334517,-0.2334933,-0.2330841,0
0.07628341,5.931893,-9.433901,-0.01551882,-0.03066118,0.001149075,8.129706,357.4413,-357.2403,357.44,-356.6797,-0.02031812,0.009269044,6.428118e-05,-0.2335108,-0.2333795,-0.23351,-0.2330133,0
0.08782766,5.942461,-9.422592,-0.01576752,-0.03062199,0.001089865,8.215896,357.1674,-357.9238,357.1343,-357.3484,-0.02038519,0.009034399,6.17177e-05,-0.2333319,-0.233826,-0.2333103,-0.2334502,0
0.04790623,5.905226,-9.483285,-0.01547473,-0.03041403,0.0008542771,8.302585,357.4768,-357.6896,357.4444,-357.0818,-0.02044491,0.008806694,6.325026e-05,-0.233534,-0.233673,-0.2335128,-0.233276,0
0.1918162,6.037948,-9.290649,-0.01427405,-0.02885225,0.001927634,8.389776,357.3883,-357.4142,357.4547,-356.7776,-0.02049047,0.008596377,6.830586e-05,-0.2334762,-0.2334932,-0.2335196,-0.2330772,0
-0.01069706,5.850747,-9.550589,-0.01618783,-0.03035461,0.000392685,8.477468,357.2127,-357.6083,357.1048,-356.9924,-0.02055109,0.008374882,7.461417e-05,-0.2333615,-0.2336199,-0.233291,-0.2332176,0
0.595306,6.410446,-8.762761,-0.01165902,-0.02517135,0.004818519,8.56566,357.3478,-357.4804,357.6388,-356.7782,-0.0205917,0.008178397,7.724544e-05,-0.2334498,-0.2335364,-0.2336399,-0.2330776,0
-0.02033547,5.841568,-9.567117,-0.01670788,-0.02998814,0.0002523696,8.654353,357.376,-357.5932,357.2116,-356.9599,-0.02066026,0.007955793,8.935137e-05,-0.2334682,-0.2336101,-0.2333608,-0.2331963,0
0.1782807,6.0247,-9.313198,-0.01461137,-0.02763613,0.00159243,8.743547,357.5029,-357.7957,357.5064,-357.1009,-0.0207148,0.007752165,8.251731e-05,-0.2335511,-0.2337423,-0.2335533,-0.2332885,0
0.03549296,5.89257,-9.501224,-0.01565093,-0.02830671,0.0006343325,8.833242,357.299,-357.7965,357.2012,-357.108,-0.02077222,0.007548465,8.711909e-05,-0.2334179,-0.2337429,-0.233354,-0.2332931,0
0.2199167,6.062748,-9.257271,-0.01422959,-0.02630236,0.001955613,8.92344,357.1823,-357.7969,357.2023,-357.0747,-0.02083185,0.007347277,8.044514e-05,-0.2333416,-0.2337431,-0.2333547,-0.2332713,0
0.1130813,5.963768,-9.393316,-0.01471775,-0.02647144,0.001260984,9.014138,357.0318,-357.5323,356.9931,-356.8054,-0.0208909,0.007149457,7.685373e-05,-0.2332433,-0.2335703,-0.233218,-0.2330954,0
-0.04826727,5.814415,-9.593222,-0.01557821,-0.02700608,0.0001271808,9.105335,356.9521,-357.1374,356.8252,-356.4126,-0.0209419,0.006965027,7.842833e-05,-0.2331913,-0.2333123,-0.2331083,-0.2328388,0
0.2934294,6.130013,-9.138054,-0.0132943,-0.02389577,0.002646924,9.197034,356.7923,-356.914,356.8744,-356.1507,-0.02097886,0.006802506,8.520976e-05,-0.2330868,-0.2331664,-0.2331405,-0.2326677,0
0.113722,5.964013,-9.370859,-0.01535525,-0.02529174,0.001242678,9.289231,356.7749,-357.0844,356.6784,-356.3478,-0.02103817,0.006622893,9.383961e-05,-0.2330755,-0.2332777,-0.2330125,-0.2327965,0
0.1985076,6.042109,-9.267295,-0.01442132,-0.0240025,0.001771662,9.381927,356.8643,-357.3005,356.8373,-356.5257,-0.02109724,0.00644738,8.710002e-05,-0.2331339,-0.2334189,-0.2331163,-0.2329127,0
0.5748197,6.389606,-8.776746,-0.01149596,-0.02041128,0.004641443,9.475121,356.8342,-356.9705,357.0685,-356.1437,-0.02113224,0.006301089,9.362277e-05,-0.2331142,-0.2332032,-0.2332673,-0.2326631,0
0.04029541,5.895777,-9.469758,-0.01615793,-0.02454243,0.0006107623,9.568813,357.3215,-356.6935,357.1544,-355.9384,-0.02117931,0.006150153,0.0001214464,-0.2334326,-0.2330223,-0.2333234,-0.232529,0
0.3693672,6.199788,-9.052978,-0.01415701,-0.02174569,0.002700546,9.663005,357.1281,-357.8827,357.1437,-357.078,-0.02124085,0.005991997,0.0001123467,-0.2333062,-0.2337992,-0.2333164,-0.2332735,0
0.06393996,5.917328,-9.471375,-0.01593159,-0.02348796,0.0005453081,9.757696,357.5605,-357.8811,357.4015,-357.0802,-0.02130558,0.005831128,0.000116686,-0.2335887,-0.2337981,-0.2334848,-0.2332749,0
0.3414391,6.173469,-9.110144,-0.01349811,-0.02048738,0.002537888,9.852888,357.5125,-357.8385,357.5669,-356.9908,-0.02135483,0.005691092,0.0001105576,-0.2335574,-0.2337703,-0.2335929,-0.2332166,0
0.08944292,5.94056,-9.436925,-0.0155552,-0.02205315,0.000739583,9.948581,357.4025,-357.8087,357.2761,-356.9919,-0.02141216,0.00554779,0.0001158158,-0.2334855,-0.2337508,-0.2334029,-0.2332173,0
0.2628859,6.100669,-9.209949,-0.0141973,-0.02012093,0.001948148,10.04478,357.4489,-357.8297,357.4425,-356.9821,-0.0214657,0.005414392,0.0001119838,-0.2335158,-0.2337646,-0.2335116,-0.2332108,0
0.1975557,6.040212,-9.296183,-0.01470831,-0.02018874,0.001500085,10.14147,357.2382,-357.9282,357.1827,-357.0817,-0.0215268,0.005276712,0.0001075059,-0.2333782,-0.2338289,-0.2333419,-0.2332759,0
-0.08751234,5.776603,-9.665478,-0.01635472,-0.02170669,-0.0005625027,10.23867,357.2532,-357.7597,357.037,-356.9244,-0.02159068,0.005139363,0.0001011795,-0.2333879,-0.2337188,-0.2332467,-0.2331732,0
5.223704,0.0639562,-14.25211,-0.01367117,-0.01850862,0.001807539,10.33637,356.7416,-357.6941,356.7461,-356.7911,-0.02164347,0.00501737,8.598567e-05,-0.2330537,-0.233676,-0.2330567,-0.2330861,1
5.554681,0.3697293,-13.79757,-0.01141442,-0.01541488,0.004431179,10.43457,355.5688,-355.6214,355.7249,-354.6632,-0.02167636,0.004921397,9.502229e-05,-0.2322876,-0.2323219,-0.2323896,-0.2316959,1
4.941152,-0.1970604,-14.43945,-0.01666476,-0.0199496,-0.0002249998,10.53327,349.1759,-348.9546,348.6307,-348.0569,-0.02173516,0.00480809,0.0001078478,-0.2281112,-0.2279666,-0.227755,-0.2273801,1
5.190164,0.03254901,-13.7631,-0.01372528,-0.01629031,0.001449153,10.63245,339.4872,-340.421,338.8978,-339.4354,-0.02179318,0.004703195,8.782584e-05,-0.2217817,-0.2223917,-0.2213967,-0.2217478,1
5.224261,0.06323186,-13.33134,-0.0110844,-0.01304066,0.00193108,10.73209,330.3095,-330.498,329.7028,-329.4486,-0.02182011,0.004634105,8.89145e-05,-0.2157861,-0.2159092,-0.2153897,-0.2152237,1
5.160667,0.003776964,-13.02493,-0.00959687,-0.01029039,0.00142976,10.83214,321.411,-321.2475,320.7552,-320.1814,-0.02182405,0.004599852,9.106796e-05,-0.2099728,-0.209866,-0.2095443,-0.2091695,1
5.101708,-0.05127649,-12.745,-0.008314582,-0.007472566,0.0009411246,10.93258,312.6484,-313.4825,311.9646,-312.41,-0.0218244,0.004583055,7.851175e-05,-0.2042483,-0.2047933,-0.2038016,-0.2040926,1
5.10957,-0.04465189,-12.40647,-0.005986508,-0.003744688,0.001120982,11.03335,305.3023,-305.2084,304.7107,-304.1158,-0.02178878,0.0046174,7.868266e-05,-0.1994493,-0.1993879,-0.1990628,-0.1986741,1
4.919281,-0.2207473,-12.34219,-0.006236288,-0.00223445,-0.000327208,11.13444,297.8336,-298.225,297.1447,-297.1734,-0.02175007,0.004672096,7.317606e-05,-0.19457,-0.1948258,-0.19412,-0.1941388,1
5.012232,-0.1351295,-11.93848,-0.00409096,0.001517796,0.0003824428,11.2358,290.9584,-291.8595,290.3922,-290.8019,-0.02170371,0.004750089,5.48224e-05,-0.1900786,-0.1906673,-0.1897087,-0.1899763,1
5.019133,-0.1289579,-11.66287,-0.002463861,0.004512645,0.0006102984,11.3374,284.7098,-285.2629,284.2319,-284.2131,-0.02163822,0.004860529,4.178009e-05,-0.1859965,-0.1863578,-0.1856843,-0.185672,1
4.460737,-0.6449421,-12.13425,-0.005315563,0.002694886,-0.00340653,11.43923,278.8465,-279.202,278.0693,-278.231,-0.02157039,0.004986792,3.211092e-05,-0.1821661,-0.1823983,-0.1816584,-0.181764,1
5.088025,-0.06529205,-11.07823,0.0004176697,0.009970289,0.001300983,11.54124,272.7381,-274.1107,272.4402,-273.0862,-0.02148283,0.005146664,1.048175e-06,-0.1781756,-0.1790723,-0.1779809,-0.1784029,1
5.074818,-0.07725114,-10.87182,0.001012649,0.01168273,0.001531975,11.64343,268.0956,-267.9142,267.8342,-266.9246,-0.02137175,0.005340526,9.349114e-06,-0.1751427,-0.1750241,-0.1749719,-0.1743777,1
5.103767,-0.05001206,-10.62288,0.001051586,0.01302841,0.001594586,11.74576,263.57,-263.1949,263.3176,-262.2479,-0.02125444,0.005554898,1.496152e-05,-0.1721862,-0.1719411,-0.1720213,-0.1713225,1
5.418209,0.2410926,-10.03981,0.003035811,0.01619672,0.003793489,11.84822,259.5355,-259.4775,259.47,-258.5295,-0.0211295,0.005788439,2.521521e-05,-0.1695505,-0.1695126,-0.1695077,-0.1688933,1
5.138695,-0.01657075,-10.25855,0.0006515698,0.0144277,0.001537469,11.95078,256.2894,-256.2326,256.014,-255.3408,-0.02102477,0.006007831,3.678946e-05,-0.1674298,-0.1673927,-0.16725,-0.1668101,1
5.218975,0.05797662,-10.02783,0.001953345,0.01599758,0.001924988,12.05343,253.1906,-253.4409,253.0184,-252.5333,-0.02091649,0.006234214,2.792154e-05,-0.1654055,-0.165569,-0.165293,-0.1649761,1
5.084799,-0.06560548,-10.08058,0.001681705,0.01582978,0.0009739475,12.15616,249.9283,-250.6788,249.7199,-249.7913,-0.02080858,0.006460782,1.80902e-05,-0.1632743,-0.1637645,-0.1631381,-0.1631848,1
5.160278,0.004525134,-9.858396,0.003053535,0.01733823,0.001587229,12.25896,247.219,-247.4565,247.1262,-246.5682,-0.02068349,0.006706795,1.255252e-05,-0.1615043,-0.1616594,-0.1614437,-0.1610792,1
5.069441,-0.07884318,-9.857615,0.002557775,0.01702416,0.0009185801,12.36181,244.2866,-244.8646,244.1509,-244.0119,-0.02056305,0.006949619,4.475432e-06,-0.1595886,-0.1599662,-0.1595,-0.1594092,1
5.095692,-0.05408784,-9.715785,0.003297373,0.01768642,0.001149459,12.4647,241.9168,-242.2165,241.8422,-241.3691,-0.02043233,0.007203205,-1.570732e-06,-0.1580405,-0.1582363,-0.1579917,-0.1576827,1
5.157674,0.003785057,-9.534137,0.0039153,0.01828929,0.001620902,12.56762,239.3949,-240.0476,239.3756,-239.2124,-0.02030198,0.007455506,-1.031702e-05,-0.1563929,-0.1568194,-0.1563804,-0.1562738,1
5.025979,-0.1173354,-9.614744,0.003353989,0.01737675,0.0006964054,12.67056,237.3786,-237.826,237.3025,-237.0132,-0.02017133,0.007705376,-1.644233e-05,-0.1550758,-0.155368,-0.155026,-0.1548371,1
4.917397,-0.2171212,-9.671154,0.003087454,0.01664321,-8.48806e-05,12.77351,235.2751,-235.9686,235.1647,-235.1709,-0.02004086,0.007951343,-2.985536e-05,-0.1537016,-0.1541546,-0.1536294,-0.1536335,1
4.710591,-0.4076957,-9.860705,0.002290302,0.01517349,-0.001498983,12.87646,233.0173,-234.381,232.8151,-233.6037,-0.01992046,0.008180792,-5.437051e-05,-0.1522266,-0.1531175,-0.1520945,-0.1526096,1
4.994709,-0.14477,-9.407533,0.005601107,0.01786854,0.0008610014,12.9794,231.3861,-231.7368,231.4614,-230.919,-0.01976321,0.008442014,-6.6247e-05,-0.1511609,-0.15139,-0.1512101,-0.1508558,1
5.14269,-0.007262112,-9.125921,0.006255225,0.01848727,0.00206268,13.08233,228.8156,-230.2959,228.9552,-229.5025,-0.0196222,0.008682429,-8.483534e-05,-0.1494817,-0.1504487,-0.1495728,-0.1499304,1
5.361422,0.1954091,-8.767074,0.008438708,0.020094,0.003877707,13.18524,227.9932,-227.6172,228.3226,-226.8007,-0.01944683,0.008953145,-7.692039e-05,-0.1489444,-0.1486988,-0.1491596,-0.1481653,1
4.830088,-0.2946778,-9.392304,0.003776742,0.01491297,-0.00017514,13.28811,225.9492,-227.097,225.8672,-226.3713,-0.01931316,0.009176521,-8.612951e-05,-0.1476091,-0.1483589,-0.1475555,-0.1478849,1
5.27957,0.1210653,-8.761159,0.008241294,0.01849661,0.003238987,13.39095,225.207,-225.5663,225.5023,-224.7581,-0.01914429,0.009428696,-9.430014e-05,-0.1471242,-0.147359,-0.1473171,-0.146831,1
5.124493,-0.02147054,-8.9109,0.006753213,0.01647515,0.002170443,13.49374,224.0827,-224.1824,224.2544,-223.4178,-0.01897599,0.00967346,-8.228619e-05,-0.1463898,-0.1464549,-0.1465019,-0.1459554,1
5.020034,-0.1172848,-9.006071,0.005787509,0.01487686,0.001232102,13.59648,223.181,-223.7027,223.2671,-222.9552,-0.01882231,0.009898296,-8.545387e-05,-0.1458007,-0.1461415,-0.1458569,-0.1456532,1
5.122219,-0.02232953,-8.846341,0.00708606,0.01528194,0.00200864,13.69917,222.3884,-223.0543,222.5773,-222.2798,-0.01866161,0.01012133,-9.226693e-05,-0.1452829,-0.1457179,-0.1454063,-0.145212,1
5.103989,-0.03859565,-8.836928,0.007250988,0.014662,0.001941873,13.80181,221.636,-222.1402,221.8341,-221.3685,-0.01849597,0.0103409,-9.291166e-05,-0.1447914,-0.1451207,-0.1449208,-0.1446166,1
5.064882,-0.07413314,-8.855188,0.007127162,0.01380269,0.001648555,13.90438,220.8306,-221.5193,221.0128,-220.7545,-0.01833366,0.0105497,-9.845805e-05,-0.1442652,-0.1447151,-0.1443842,-0.1442155,1
5.111462,-0.0305554,-8.766074,0.007875784,0.01373327,0.002051869,14.0069,220.3023,-220.6611,220.5442,-219.886,-0.01815959,0.01076279,-9.858616e-05,-0.14392,-0.1441545,-0.1440781,-0.1436481,1
5.359177,0.1989785,-8.414463,0.009526445,0.01492109,0.003877223,14.10935,219.6393,-220.0739,220.035,-219.2836,-0.01797868,0.01097671,-9.538698e-05,-0.1434869,-0.1437708,-0.1437455,-0.1432546,1
4.887608,-0.236095,-9.01044,0.005894558,0.01034644,0.0003446158,14.21173,219.2808,-219.8158,219.3481,-219.0809,-0.01782013,0.01115971,-9.214681e-05,-0.1432527,-0.1436022,-0.1432967,-0.1431222,1
5.059375,-0.07696955,-8.774044,0.007983715,0.01145075,0.001572538,14.31404,219.0635,-219.4024,219.3018,-218.6214,-0.01764157,0.01135517,-9.78148e-05,-0.1431108,-0.1433322,-0.1432664,-0.142822,1
5.521683,0.3508277,-8.153131,0.01112523,0.01428294,0.005055327,14.41628,218.3688,-219.0729,218.8971,-218.2565,-0.01745243,0.01155431,-9.461024e-05,-0.142657,-0.1431169,-0.1430021,-0.1425836,1
5.329091,0.1735504,-8.390021,0.009238639,0.01176985,0.00358836,14.51845,218.8045,-218.2538,219.1774,-217.4733,-0.01726284,0.01174804,-6.890651e-05,-0.1429416,-0.1425818,-0.1431852,-0.1420719,1
5.354402,0.1975977,-8.355739,0.008923925,0.01091182,0.003456953,14.62054,218.4825,-219.0234,218.8358,-218.2426,-0.01708981,0.01191994,-6.856494e-05,-0.1427312,-0.1430846,-0.142962,-0.1425745,1
5.015167,-0.1153998,-8.810659,0.006904272,0.007695146,0.0009374132,14.72256,218.5458,-219.4103,218.7016,-218.6401,-0.01692912,0.01206866,-7.027871e-05,-0.1427726,-0.1433373,-0.1428744,-0.1428342,1
5.388102,0.2295209,-8.324862,0.01050752,0.01050127,0.00371184,14.8245,218.8014,-218.8501,219.2699,-218.0151,-0.01673445,0.012244,-6.786636e-05,-0.1429395,-0.1429714,-0.1432456,-0.1424259,1
4.978793,-0.1480473,-8.851124,0.006952219,0.006339341,0.0006503276,14.92637,218.4704,-219.0319,218.6311,-218.2624,-0.01656193,0.01239026,-5.990862e-05,-0.1427233,-0.1430901,-0.1428283,-0.1425874,1
4.759908,-0.3499206,-9.140146,0.00594671,0.00429092,-0.001068227,15.02817,218.5894,-219.2977,218.6429,-218.5245,-0.01639596,0.01252272,-6.919556e-05,-0.142801,-0.1432638,-0.142836,-0.1427587,1
5.172794,0.03191099,-8.601621,0.009714278,0.007376031,0.002096315,15.12989,218.0699,-219.3248,218.4442,-218.4869,-0.01621477,0.01266151,-8.643442e-05,-0.1424617,-0.1432815,-0.1427062,-0.1427341,1
4.984746,-0.1414109,-8.83268,0.008572171,0.00549759,0.0009184889,15.23154,217.9716,-218.5662,218.2369,-217.7525,-0.01603163,0.01279379,-8.468603e-05,-0.1423975,-0.1427859,-0.1425708,-0.1422543,1
5.218181,0.07471874,-8.511617,0.01040974,0.00689726,0.002630746,15.33311,217.8033,-218.1585,218.2335,-217.3194,-0.0158338,0.01293699,-8.614445e-05,-0.1422875,-0.1425196,-0.1425685,-0.1419714,1
-0.09922428,-0.2180119,-8.918288,0.00772911,0.003576916,0.0003088896,15.43461,217.4247,-218.4095,217.6151,-217.612,-0.01565697,0.01305257,-8.650587e-05,-0.1420402,-0.1426835,-0.1421645,-0.1421625,0
0.1197743,-0.01533071,-8.632311,0.009942381,0.005052455,0.001943073,15.53603,217.843,-217.9536,218.2458,-217.1317,-0.0154565,0.01318636,-8.348472e-05,-0.1423134,-0.1423857,-0.1425766,-0.1418488,0
0.4543251,0.2943787,-8.194012,0.01178397,0.006664177,0.004388593,15.63737,217.6766,-218.0091,218.3838,-217.2899,-0.01524967,0.01332175,-7.222271e-05,-0.1422047,-0.142422,-0.1426667,-0.1419521,0
0.4014631,0.246244,-8.273045,0.01063794,0.004304608,0.003867056,15.73863,218.4318,-218.033,219.1799,-217.4528,-0.01504511,0.01344527,-4.522788e-05,-0.1426981,-0.1424375,-0.1431869,-0.1420585,0
-0.1002169,-0.2165421,-8.953439,0.006473638,-0.002536428,-0.0001666699,15.83982,218.8803,-219.2876,219.324,-218.8149,-0.01487249,0.01351474,-3.766669e-05,-0.1429911,-0.1432572,-0.1432809,-0.1429484,0
0.02540902,-0.09996377,-8.824273,0.00826605,-0.004164381,0.0006750735,15.94093,219.451,-220.0853,220.0622,-219.5761,-0.01468751,0.01356555,-4.164579e-05,-0.1433639,-0.1437783,-0.1437632,-0.1434456,0
0.1422001,0.008572139,-8.690008,0.009303287,-0.006309755,0.001594405,16.04197,219.2708,-220.7383,219.9706,-220.2102,-0.01451277,0.013571,-5.306379e-05,-0.1432462,-0.1442049,-0.1437034,-0.1438599,0
0.1367864,0.004023116,-8.703089,0.01004521,-0.008991799,0.001710042,16.14294,219.7939,-220.2026,220.5364,-219.6447,-0.01432092,0.01355967,-5.408351e-05,-0.1435879,-0.1438549,-0.144073,-0.1434904,0
0.1003239,-0.02910169,-8.745257,0.009767775,-0.0122255,0.001476851,16.24384,219.2825,-220.5689,219.9819,-220.0024,-0.01413646,0.01351037,-6.511718e-05,-0.1432538,-0.1440943,-0.1437108,-0.1437241,0
-0.2439691,-0.346818,-9.193817,0.007797735,-0.0174701,-0.000903473,16.34467,219.4009,-220.4489,219.8858,-219.8795,-0.01395614,0.01342608,-7.077345e-05,-0.1433312,-0.1440158,-0.1436479,-0.1436439,0
-0.1493426,-0.2590687,-9.065084,0.009179922,-0.01893773,-9.582532e-05,16.44543,219.1686,-220.3253,219.7366,-219.7021,-0.01376699,0.01332249,-8.580272e-05,-0.1431795,-0.1439351,-0.1435505,-0.143528,0
0.3699471,0.2211218,-8.376016,0.01314699,-0.01712166,0.003971561,16.54613,219.0909,-219.6033,219.9925,-218.901,-0.0135472,0.0132255,-8.070211e-05,-0.1431287,-0.1434634,-0.1437177,-0.1430046,0
-0.115299,-0.2266684,-8.998243,0.008619912,-0.02374913,0.0003699383,16.64676,218.8438,-219.8889,219.3273,-219.2395,-0.0133658,0.01306741,-7.58511e-05,-0.1429673,-0.14365,-0.1432831,-0.1432258,0
0.1574827,0.02552638,-8.649081,0.01142296,-0.02322003,0.002380727,16.74731,219.4541,-219.6189,220.1507,-218.876,-0.01315435,0.01291962,-7.350707e-05,-0.1433659,-0.1434736,-0.1438211,-0.1429883,0
0.2797909,0.1389526,-8.490875,0.01161904,-0.02449311,0.003308258,16.84779,218.9568,-220.1899,219.6611,-219.4251,-0.01295553,0.01274039,-6.961251e-05,-0.143041,-0.1438467,-0.1435012,-0.143347,0
0.08978194,-0.03640431,-8.747278,0.01030694,-0.02761283,0.001908943,16.9482,220.1357,-219.6043,220.7038,-218.8213,-0.01274315,0.01255909,-4.277187e-05,-0.1438112,-0.1434641,-0.1441823,-0.1429525,0
0.2912576,0.1500906,-8.496788,0.01102668,-0.02792296,0.003121692,17.04855,220.0552,-220.6517,220.6862,-219.8297,-0.01254034,0.01235661,-3.543643e-05,-0.1437587,-0.1441483,-0.1441709,-0.1436113,0
0.2578028,0.1193794,-8.566452,0.01053363,-0.02968185,0.002829187,17.14882,220.7863,-221.1487,221.3606,-220.295,-0.01234115,0.01213718,-1.720962e-05,-0.1442363,-0.144473,-0.1446114,-0.1439153,0
0.2200469,0.08461811,-8.63924,0.01013159,-0.03116493,0.002369819,17.24903,221.5316,-221.5985,222.0592,-220.7144,-0.01214184,0.01190727,-2.278838e-06,-0.1447232,-0.1447668,-0.1450678,-0.1441893,0
0.2858921,0.1455677,-8.577748,0.01037935,-0.03170535,0.002711789,17.34917,222.1169,-222.221,222.6628,-221.3008,-0.01193699,0.01167505,1.516545e-05,-0.1451055,-0.1451735,-0.1454621,-0.1445724,0
-0.06255891,-0.1762708,-9.059476,0.007378438,-0.03550525,-4.585829e-05,17.44925,222.7104,-223.1557,222.9824,-222.2484,-0.01175299,0.01141454,2.957585e-05,-0.1454933,-0.1457842,-0.1456709,-0.1451914,0
0.1538555,0.02361484,-8.808234,0.009317929,-0.03422355,0.001405511,17.54927,223.3177,-223.8872,223.7454,-222.9081,-0.01156236,0.01115429,3.019562e-05,-0.14589,-0.146262,-0.1461694,-0.1456224,0
0.0281972,-0.09253064,-8.993903,0.008438457,-0.03563179,0.0004927331,17.64924,223.6218,-224.3418,223.958,-223.3496,-0.01137634,0.01088267,3.506957e-05,-0.1460886,-0.146559,-0.1463083,-0.1459108,0
0.1864528,0.0535993,-8.801107,0.009756669,-0.03455675,0.001626337,17.74915,223.9685,-224.6067,224.4111,-223.5681,-0.01118336,0.0106152,3.600704e-05,-0.1463151,-0.146732,-0.1466043,-0.1460536,0
-0.0478795,-0.1629733,-9.118592,0.007951721,-0.03663734,-9.616269e-05,17.84901,224.0221,-225.0783,224.2902,-224.0442,-0.01100529,0.01032933,3.390488e-05,-0.1463502,-0.1470402,-0.1465253,-0.1463646,0
0.1223107,-0.005924739,-8.905865,0.009733501,-0.0350442,0.001209652,17.94881,223.9534,-225.4035,224.3549,-224.3112,-0.01082608,0.01004197,1.662034e-05,-0.1463053,-0.1472526,-0.1465676,-0.146539,0
-0.1008624,-0.2123618,-9.196275,0.008703119,-0.03638019,-0.0002048622,18.04857,223.9639,-224.9865,224.2467,-223.8874,-0.01064131,0.009757168,1.044774e-05,-0.1463121,-0.1469801,-0.1464969,-0.1462622,0
0.2530896,0.1145265,-8.722419,0.01147652,-0.03325995,0.002515558,18.14828,223.663,-224.7071,224.1827,-223.5522,-0.01044044,0.009491106,2.230822e-06,-0.1461155,-0.1467976,-0.146455,-0.1460431,0
0.2547723,0.1160758,-8.711515,0.01100639,-0.03330892,0.002656519,18.24793,223.8597,-224.173,224.3405,-223.0166,-0.01023317,0.009234884,1.801905e-05,-0.146244,-0.1464487,-0.1465582,-0.1456933,0
-0.02119486,-0.1388767,-9.072883,0.008298738,-0.03567805,0.000450721,18.34754,223.6978,-224.9462,223.9334,-223.8092,-0.01005945,0.008948484,1.265347e-05,-0.1461383,-0.1469538,-0.1462922,-0.1462111,0
0.06774285,-0.05699284,-8.971121,0.00982044,-0.03422317,0.001199113,18.44709,224.2962,-224.6943,224.644,-223.4926,-0.009859799,0.008689846,1.43586e-05,-0.1465292,-0.1467893,-0.1467564,-0.1460042,0
-0.02361702,-0.1414405,-9.090765,0.008701188,-0.03477602,0.000527108,18.54659,223.581,-225.464,223.825,-224.2673,-0.009687162,0.008406756,6.815852e-07,-0.146062,-0.1472921,-0.1462214,-0.1465103,0
0.02608414,-0.09583297,-9.029316,0.009949048,-0.03338557,0.00108655,18.64604,224.1488,-224.7306,224.4809,-223.4839,-0.009492627,0.008148543,-1.348971e-06,-0.1464329,-0.146813,-0.1466499,-0.1459986,0
0.333992,0.1886007,-8.616799,0.01187349,-0.03052237,0.003415062,18.74544,223.8861,-224.4377,224.4004,-223.1593,-0.009281885,0.007914223,4.210614e-06,-0.1462613,-0.1466217,-0.1465973,-0.1457865,0
-0.1584016,-0.2662988,-9.257754,0.00738875,-0.03436609,-0.0002688582,18.84479,224.2265,-224.5625,224.3537,-223.3412,-0.009092124,0.007666888,2.354508e-05,-0.1464837,-0.1467032,-0.1465668,-0.1459053,0
-0.11158,-0.2231514,-9.213069,0.007710735,-0.03349286,-0.0001382438,18.94408,224.5868,-225.2538,224.7405,-223.9936,-0.008906931,0.007422682,2.197645e-05,-0.1467191,-0.1471548,-0.1468194,-0.1463315,0
-0.05951662,-0.1751836,-9.163796,0.008186537,-0.03244527,0.0002809994,19.04333,224.6483,-225.7314,224.8401,-224.439,-0.008724357,0.007180045,1.921147e-05,-0.1467592,-0.1474668,-0.1468846,-0.1466225,0
0.1022374,-0.02588276,-8.960146,0.00949093,-0.03037817,0.001524979,19.14252,224.8163,-225.7121,225.1243,-224.3838,-0.008537173,0.006948056,1.653015e-05,-0.146869,-0.1474542,-0.1470702,-0.1465864,0
-0.2266981,-0.3299451,-9.391418,0.007094217,-0.0322016,-0.000859361,19.24167,224.7668,-225.8426,224.8576,-224.5371,-0.008363193,0.006708807,1.137895e-05,-0.1468367,-0.1475395,-0.146896,-0.1466866,0
-0.004811145,-0.1251569,-9.101832,0.009206912,-0.02936113,0.000859392,19.34077,224.4518,-225.9947,224.7213,-224.638,-0.008183339,0.006482561,-7.321628e-06,-0.1466309,-0.1476388,-0.1468069,-0.1467525,0
-0.02459328,-0.1436034,-9.119816,0.009308821,-0.02853514,0.0009585457,19.43982,224.5355,-225.2135,224.8129,-223.8485,-0.007988819,0.006277921,-3.67097e-06,-0.1466856,-0.1471284,-0.1468667,-0.1462367,0
-0.2272433,-0.3308705,-9.371884,0.00740334,-0.02953468,-0.0005645035,19.53883,224.2027,-225.3289,224.3172,-223.9884,-0.007811283,0.006065683,-9.539042e-06,-0.1464681,-0.1472039,-0.146543,-0.1463282,0
0.03232653,-0.09118573,-9.032497,0.009592507,-0.02654185,0.001444909,19.63778,224.3254,-225.0456,224.6351,-223.6534,-0.007615181,0.005880898,-1.071384e-05,-0.1465483,-0.1470188,-0.1467506,-0.1461093,0
0.1737029,0.03950045,-8.843351,0.009959336,-0.02501433,0.002522541,19.73668,224.3585,-224.8408,224.7232,-223.443,-0.007416015,0.005708984,2.243939e-06,-0.1465699,-0.146885,-0.1468081,-0.1459718,0
-0.04568361,-0.1631262,-9.134816,0.007612191,-0.02644013,0.0007578402,19.83554,224.7547,-225.1253,224.93,-223.7517,-0.007232523,0.005531433,1.516538e-05,-0.1468288,-0.1470709,-0.1469433,-0.1461735,0
-0.03406553,-0.1524369,-9.137676,0.007593013,-0.02570927,0.0006967611,19.93434,224.8999,-225.9112,225.0801,-224.5133,-0.007058417,0.005352526,1.112465e-05,-0.1469236,-0.1475843,-0.1470414,-0.146671,0
0.3911066,0.2403213,-8.597901,0.01082169,-0.02151623,0.003896266,20.0331,225.3241,-225.7965,225.8061,-224.3353,-0.006860939,0.005205104,1.964826e-05,-0.1472007,-0.1475093,-0.1475156,-0.1465548,0
-0.07399444,-0.1893068,-9.211716,0.006542306,-0.02489322,0.0003589919,20.13181,225.4044,-226.3264,225.527,-224.9294,-0.006697008,0.005032035,2.617796e-05,-0.1472532,-0.1478555,-0.1473333,-0.1469428,0
0.307435,0.1629568,-8.730018,0.009832267,-0.02082127,0.003101865,20.23047,226.1286,-226.2663,226.5537,-224.795,-0.006502275,0.004900066,3.1193e-05,-0.1477263,-0.1478163,-0.148004,-0.1468551,0
0.1868384,0.05169232,-8.897513,0.007916131,-0.02159672,0.00214795,20.32908,225.6484,-227.2751,225.93,-225.8368,-0.006340921,0.004742248,2.942297e-05,-0.1474126,-0.1484753,-0.1475966,-0.1475357,0
0.02937573,-0.09398183,-9.119099,0.007382673,-0.02174446,0.001002464,20.42766,226.5787,-225.2438,227.1903,-226.9479,-0.006163899,0.004607504,3.806105e-05,-0.1480203,-0.1471483,-0.1484199,-0.1482615,0
-0.07627848,-0.1916345,-9.262574,0.01316189,-0.02908735,0.0001169802,20.52619,225.238,-218.3453,227.7648,-235.3211,-0.005963158,0.004435336,3.239843e-05,-0.1471445,-0.1426416,-0.1487952,-0.1537316,0
0.09330589,-0.03533727,-9.037221,0.09432422,-0.1109385,0.001485448,20.62468,224.7831,-221.808,228.7509,-232.1638,-0.005119578,0.003610007,3.367649e-05,-0.1468473,-0.1449037,-0.1494394,-0.151669,0
0.08911034,-0.03736515,-9.037037,0.1413179,-0.1758509,0.001534075,20.72312,225.0438,-223.5098,229.3229,-229.8255,-0.003697441,0.002090359,4.780348e-05,-0.1470176,-0.1460155,-0.1498131,-0.1501414,0
-0.05623945,-0.1684138,-9.22576,0.1597126,-0.2243693,0.0004151275,20.82154,225.3677,-224.9916,229.0864,-229.2879,-0.002031761,5.448733e-05,5.576724e-05,-0.1472292,-0.1469835,-0.1496586,-0.1497902,0
0.08306435,-0.03681403,-9.056175,0.1699811,-0.2588723,0.001465478,20.9199,225.7414,-226.2882,228.9804,-229.3408,-0.0002599171,-0.002367149,5.059189e-05,-0.1474734,-0.1478305,-0.1495893,-0.1498248,0
-0.177472,-0.2755074,-9.409326,0.1738696,-0.2882072,-0.0003145148,21.01823,226.5668,-226.6703,229.1605,-228.8354,0.001574274,-0.005082177,5.017206e-05,-0.1480125,-0.1480802,-0.149707,-0.1494946,0
0.1446155,0.02344358,-8.996421,0.179842,-0.3069418,0.002104145,21.11653,226.6535,-227.5168,229.047,-228.8844,0.003453872,-0.008017239,3.029264e-05,-0.1480692,-0.1486332,-0.1496328,-0.1495266,0
0.1163783,-0.001846712,-9.042492,0.1816201,-0.3237015,0.002108354,21.21479,227.5159,-227.4409,229.5207,-228.139,0.005372731,-0.01111221,3.439382e-05,-0.1486326,-0.1485836,-0.1499423,-0.1490397,0
0.2671632,0.1379557,-8.857874,0.1826336,-0.3353976,0.003074962,21.31301,227.7283,-228.7017,229.4272,-228.7813,0.007283887,-0.01435609,1.418277e-05,-0.1487714,-0.1494073,-0.1498812,-0.1494593,0
0.4772997,0.3319972,-8.613598,0.1839459,-0.3424905,0.004694875,21.4112,228.9102,-229.0872,230.4309,-228.5542,0.009212675,-0.01767728,3.681475e-06,-0.1495434,-0.1496591,-0.1505369,-0.1493109,0
-0.05653695,-0.1616164,-9.336632,0.1781631,-0.352493,0.0006227032,21.50935,229.6356,-230.2757,230.4504,-229.2703,0.01110733,-0.02108375,-1.531781e-05,-0.1500174,-0.1504355,-0.1505497,-0.1497787,0
-0.05439747,-0.1605486,-9.373353,0.1765462,-0.3546281,0.000530873,21.60748,230.1537,-231.9202,230.6946,-230.3785,0.01297348,-0.02453193,-6.905557e-05,-0.1503558,-0.1515099,-0.1507092,-0.1505027,0
0.368265,0.2286894,-8.852652,0.1776907,-0.35033,0.003897407,21.70558,231.0914,-231.8267,231.6851,-229.7444,0.01485251,-0.02794512,-0.0001050961,-0.1509684,-0.1514488,-0.1513563,-0.1500885,0
-0.1343728,-0.2369567,-9.520665,0.1698127,-0.3516608,0.000155442,21.80366,231.4245,-232.5995,231.3546,-230.1574,0.0166719,-0.03136102,-0.0001437444,-0.151186,-0.1519536,-0.1511403,-0.1503583,0
0.2541893,0.1203924,-9.042276,0.1691569,-0.3430076,0.002965361,21.90171,231.5892,-233.9307,231.5316,-231.0094,0.01845177,-0.03473149,-0.0002195582,-0.1512936,-0.1528233,-0.151256,-0.1509148,0
0.2466867,0.111531,-9.072603,0.1655025,-0.3351082,0.003252953,21.99974,232.1803,-233.6028,231.9209,-230.2917,0.0201983,-0.03799148,-0.0002720243,-0.1516798,-0.1526091,-0.1515103,-0.150446,0
0.1134318,-0.01350635,-9.247642,0.1596872,-0.3267056,0.002298204,22.09775,232.2856,-233.886,231.6922,-230.2453,0.0219065,-0.04118909,-0.00033064,-0.1517486,-0.1527941,-0.1513609,-0.1504157,0
-0.03542146,-0.1531178,-9.455289,0.1537977,-0.3166149,0.001273943,22.19574,232.3438,-234.5563,231.4382,-230.5947,0.02355676,-0.04428962,-0.0003998583,-0.1517866,-0.153232,-0.151195,-0.1506439,0
0.1338675,0.001040693,-9.246243,0.1504695,-0.3021571,0.002711786,22.29372,232.3399,-234.7449,231.3809,-230.4484,0.02516276,-0.0472626,-0.0004758314,-0.151784,-0.1533552,-0.1511576,-0.1505483,0
0.3040316,0.1559969,-9.022582,0.1467196,-0.2863841,0.004239198,22.39167,232.581,-234.018,231.5849,-229.4454,0.02672114,-0.05003275,-0.0005295574,-0.1519416,-0.1528803,-0.1512908,-0.1498931,0
0.1462253,0.008134756,-9.222885,0.1393334,-0.2727218,0.00308865,22.4896,232.3634,-234.3649,231.0452,-229.5895,0.02822861,-0.05270746,-0.0005841336,-0.1517994,-0.153107,-0.1509382,-0.1499873,0
0.4894512,0.3230745,-8.787092,0.1362791,-0.2537854,0.005661362,22.58751,232.5753,-234.6608,231.3342,-229.6213,0.02968754,-0.05521497,-0.0006422666,-0.1519379,-0.1533003,-0.1511271,-0.150008,0
0.1847644,0.03940213,-9.195264,0.1283083,-0.2391537,0.003517119,22.6854,233.0437,-234.4891,231.4678,-229.295,0.03108896,-0.05755605,-0.0006809832,-0.1522438,-0.153188,-0.1512143,-0.1497949,0
-0.1579564,-0.279393,-9.653214,0.1200978,-0.2240688,0.0008897967,22.78327,232.7258,-235.5603,230.8052,-230.2341,0.03240657,-0.05974996,-0.0007475971,-0.1520362,-0.1538879,-0.1507815,-0.1504084,0
-0.03964441,-0.1724235,-9.512324,0.1166224,-0.2040206,0.002042953,22.88111,232.8613,-235.2549,231.0158,-229.7418,0.03369116,-0.06174204,-0.0008059307,-0.1521247,-0.1536884,-0.150919,-0.1500868,0
0.09865031,-0.04665076,-9.318879,0.1121395,-0.1839977,0.003311039,22.97894,232.3278,-234.714,230.5169,-229.1064,0.03489631,-0.06348354,-0.000851561,-0.1517762,-0.153335,-0.1505931,-0.1496717,0
0.3273128,0.1628163,-9.005173,0.1080723,-0.1633373,0.005159602,23.07675,232.0592,-234.1974,230.3279,-228.4892,0.03608191,-0.06508783,-0.0008855108,-0.1516007,-0.1529975,-0.1504697,-0.1492684,0
-0.06595676,-0.2022247,-9.509812,0.09951675,-0.1476381,0.002340274,23.17453,231.5721,-234.3342,229.5161,-228.606,0.03718625,-0.06653208,-0.0009238453,-0.1512825,-0.1530869,-0.1499393,-0.1493447,0
0.1512441,-0.003336215,-9.221008,0.09674813,-0.1263943,0.004147499,23.27228,231.1901,-233.9804,229.3161,-228.154,0.0382529,-0.06777369,-0.0009661875,-0.1510329,-0.1528558,-0.1498087,-0.1490495,0
0.1415992,-0.01374387,-9.2124,0.09173524,-0.107389,0.004413106,23.37001,230.6858,-232.9523,228.8177,-227.1092,0.03927866,-0.06881639,-0.0009809809,-0.1507035,-0.1521841,-0.1494831,-0.1483669,0
0.06806409,-0.08289592,-9.28314,0.08579133,-0.08948103,0.003958668,23.46771,230.4283,-232.2273,228.5006,-226.4032,0.04025424,-0.06966911,-0.0009813801,-0.1505352,-0.1517105,-0.1492759,-0.1479057,0
-0.1326561,-0.2693878,-9.535383,0.07902756,-0.07305384,0.002469873,23.56538,229.7365,-232.6018,227.6677,-226.817,0.04115414,-0.07036553,-0.0009944971,-0.1500833,-0.1519551,-0.1487317,-0.148176,0
0.4051326,0.226419,-8.828571,0.07892999,-0.0505782,0.006663025,23.66301,230.1215,-231.3201,228.5038,-225.4868,0.0420527,-0.07083494,-0.0009746667,-0.1503348,-0.1511178,-0.149278,-0.147307,0
0.2974269,0.1264854,-8.952179,0.07192022,-0.0350384,0.005788312,23.76061,229.4016,-231.5567,227.6549,-225.8335,0.04287294,-0.07116,-0.000947474,-0.1498645,-0.1512724,-0.1487234,-0.1475335,0
0.4514961,0.2682733,-8.759267,0.06848352,-0.01730218,0.006818726,23.85817,230.2309,-231.2121,228.6471,-225.5234,0.04366068,-0.07130195,-0.0009060131,-0.1504062,-0.1510472,-0.1493716,-0.1473309,0
0.157554,-0.003578126,-9.154586,0.06127887,-0.00416198,0.004443886,23.9557,230.1761,-231.899,228.4227,-226.3321,0.04438321,-0.07130445,-0.0008650606,-0.1503705,-0.151496,-0.149225,-0.1478592,0
0.1494826,-0.01132667,-9.185528,0.05727412,0.01103288,0.004244846,24.05318,230.8419,-232.1158,229.185,-226.6223,0.04507104,-0.07114536,-0.0008165332,-0.1508054,-0.1516376,-0.149723,-0.1480488,0
0.4325022,0.2501915,-8.832776,0.05498282,0.02742632,0.006175181,24.15064,230.6353,-232.8299,229.2301,-227.4164,0.04570884,-0.07085117,-0.0007766184,-0.1506704,-0.1521041,-0.1497525,-0.1485676,0
0.1419239,-0.01824687,-9.225672,0.04934493,0.03883474,0.004027177,24.24806,231.3653,-232.4108,229.8903,-227.1342,0.04631118,-0.07041822,-0.0007139421,-0.1511473,-0.1518304,-0.1501838,-0.1483832,0
-0.02279789,-0.1701607,-9.446152,0.04450709,0.05022657,0.002594127,24.34545,230.9304,-233.2144,229.4486,-228.078,0.0468601,-0.06987427,-0.0006736681,-0.1508633,-0.1523553,-0.1498952,-0.1489998,0
0.3117319,0.139236,-9.017411,0.04427016,0.06506944,0.005167831,24.44281,230.8905,-232.9872,229.7894,-227.9263,0.04739115,-0.06919586,-0.000623889,-0.1508371,-0.1522069,-0.1501178,-0.1489007,0
0.1382754,-0.02039874,-9.233283,0.03976672,0.07461216,0.003932123,24.54014,231.0425,-232.1023,229.9458,-227.2095,0.04789465,-0.06840202,-0.0005488727,-0.1509365,-0.1516288,-0.15022,-0.1484324,0
0.2008886,0.03833112,-9.143305,0.0367712,0.08481033,0.004182337,24.63744,230.4347,-232.6489,229.4669,-227.9017,0.04835045,-0.06752285,-0.0004947042,-0.1505394,-0.1519859,-0.1499071,-0.1488846,0
0.07461705,-0.07752412,-9.310635,0.03355695,0.09306998,0.003317438,24.73471,230.8995,-231.9226,230.012,-227.3162,0.04879308,-0.06653714,-0.0004145018,-0.150843,-0.1515114,-0.1502633,-0.1485021,0
0.3415206,0.170274,-8.954326,0.03232683,0.1029548,0.005084026,24.83195,230.3938,-232.1914,229.7742,-227.7199,0.04920296,-0.06547306,-0.0003451343,-0.1505127,-0.151687,-0.1501079,-0.1487659,0
-0.08524382,-0.2228424,-9.514215,0.02670837,0.106652,0.001875332,24.92916,230.6606,-232.0127,229.8856,-227.7317,0.04957323,-0.06435183,-0.0002653361,-0.150687,-0.1515703,-0.1501807,-0.1487736,0
0.1889365,0.03172481,-9.155556,0.02678973,0.1152702,0.003733318,25.02633,230.3823,-232.1224,229.9458,-227.9471,0.04992932,-0.06315716,-0.0002018597,-0.1505052,-0.1516419,-0.15022,-0.1489143,0
0.2572078,0.09625021,-9.06,0.02509345,0.1211394,0.00428626,25.12348,230.4446,-231.4178,230.1874,-227.3921,0.05027699,-0.06189341,-0.0001100385,-0.1505459,-0.1511817,-0.1503778,-0.1485517,0
0.08497462,-0.06118532,-9.276122,0.02103048,0.1237909,0.002732961,25.22059,230.5847,-231.3733,230.2956,-227.5356,0.05059189,-0.06059237,-1.682614e-05,-0.1506374,-0.1511526,-0.1504485,-0.1486455,0
0.1049054,-0.04108471,-9.260339,0.01899221,0.1272856,0.002575717,25.31767,230.5821,-232.0348,230.4146,-228.3371,0.05087526,-0.05926524,5.976583e-05,-0.1506357,-0.1515847,-0.1505262,-0.1491691,0
0.3281003,0.1668013,-8.980013,0.01906285,0.1318754,0.00410986,25.41472,230.8845,-231.8835,231.0099,-228.2966,0.05115391,-0.05789625,0.0001446504,-0.1508332,-0.1514859,-0.1509151,-0.1491426,0
0.07181301,-0.06813625,-9.315086,0.01510277,0.1315784,0.001996743,25.51174,231.0907,-231.8482,231.1478,-228.445,0.05140704,-0.05651391,0.0002356836,-0.150968,-0.1514628,-0.1510053,-0.1492396,0
-0.02942993,-0.1598273,-9.454939,0.0126969,0.1318905,0.0009339242,25.60873,231.155,-232.4052,231.2609,-229.1476,0.05163452,-0.05512671,0.0003102971,-0.1510099,-0.1518267,-0.1510791,-0.1496986,0
0.475188,0.3082828,-8.805872,0.01508561,0.136416,0.004523136,25.7057,231.444,-232.2058,232.0184,-229.0241,0.05187183,-0.05370763,0.00039451,-0.1511988,-0.1516964,-0.151574,-0.1496179,0
0.4432065,0.2808881,-8.848679,0.01244647,0.1353448,0.004020031,25.80264,231.975,-231.9711,232.5818,-228.9575,0.05209341,-0.05228821,0.0005000359,-0.1515457,-0.1515431,-0.151942,-0.1495744,0
0.1823763,0.04205704,-9.20653,0.008259073,0.1317405,0.001534438,25.89955,232.4481,-233.0814,232.9283,-230.2358,0.0522748,-0.05090006,0.0005845731,-0.1518547,-0.1522684,-0.1521684,-0.1504094,0
0.1584599,0.021882,-9.272526,0.007118205,0.1300561,0.001002464,25.99644,232.976,-234.0821,233.5638,-231.3376,0.05243926,-0.04953146,0.0006521066,-0.1521996,-0.1529222,-0.1525836,-0.1511292,0
0.02587142,-0.09873722,-9.466926,0.005437614,0.1271682,-0.0001661978,26.09331,233.1742,-234.5417,233.8045,-231.9168,0.0525867,-0.04819089,0.0007102909,-0.1523291,-0.1532224,-0.1527409,-0.1515077,0
-0.04113687,-0.1588122,-9.559577,0.004532875,0.1245033,-0.0007766849,26.19016,233.4458,-234.2672,234.1772,-231.7708,0.05268484,-0.04681851,0.0007699527,-0.1525065,-0.1530431,-0.1529844,-0.1514123,0
0.3123674,0.1698373,-9.092417,0.005975193,0.1241668,0.001674226,26.28699,233.1588,-234.2826,234.205,-231.8671,0.05283491,-0.04550778,0.0008275424,-0.152319,-0.1530532,-0.1530025,-0.1514752,0
-0.191825,-0.2939622,-9.748647,0.0009949654,0.1163734,-0.002224531,26.38381,233.3545,-234.3087,234.1223,-232.0568,0.05295291,-0.04425545,0.0008875849,-0.1524469,-0.1530703,-0.1529485,-0.1515991,0
0.1143549,-0.009214741,-9.352913,0.002857151,0.1151259,-0.0002194295,26.48061,233.3329,-234.5485,234.4127,-232.3552,0.0530217,-0.04298824,0.000924258,-0.1524328,-0.1532269,-0.1531382,-0.151794,0
0.2690313,0.135644,-9.148408,0.003113363,0.1120083,0.0009145506,26.5774,233.1162,-234.3407,234.3645,-232.2422,0.05308712,-0.04175952,0.0009722031,-0.1522912,-0.1530912,-0.1531067,-0.1517202,0
0.249281,0.1193426,-9.165966,0.001944537,0.1070379,0.000581427,26.67417,233.5718,-233.8266,234.8573,-231.8157,0.05320557,-0.04060686,0.001030332,-0.1525888,-0.1527553,-0.1534286,-0.1514416,0
0.008093163,-0.1015338,-9.483624,-0.001145447,0.09981716,-0.001554765,26.77093,233.3259,-234.7372,234.4662,-232.8311,0.05328982,-0.03952863,0.001063116,-0.1524282,-0.1533502,-0.1531731,-0.1521049,0
0.3102492,0.1793188,-9.102209,0.0009310776,0.09740405,0.0005683214,26.86767,233.8922,-234.5491,235.3294,-232.653,0.05339301,-0.03847468,0.001101557,-0.1527981,-0.1532273,-0.153737,-0.1519886,0
0.172161,0.05360163,-9.282952,-0.001491372,0.09070955,-0.0006604627,26.9644,233.8436,-234.8149,235.1927,-233.0196,0.0534749,-0.037486,0.001139126,-0.1527664,-0.1534009,-0.1536477,-0.1522281,0
0.1324949,0.0186179,-9.343825,-0.002521479,0.08502102,-0.001207071,27.06111,234.0859,-235.2814,235.4485,-233.5415,0.05354134,-0.03655775,0.001159327,-0.1529247,-0.1537057,-0.1538148,-0.152569,0
0.2535334,0.1319782,-9.194171,-0.002020199,0.08074011,-0.0004041936,27.15781,234.5321,-235.0252,236.0401,-233.3165,0.05362273,-0.03566116,0.001190069,-0.1532162,-0.1535383,-0.1542013,-0.1524221,0
0.1824584,0.06799265,-9.288411,-0.004045006,0.07426463,-0.001179361,27.25451,234.1416,-235.893,235.5769,-234.2634,0.05366922,-0.0348456,0.001200947,-0.152961,-0.1541052,-0.1538987,-0.1530406,0
0.3959015,0.2665391,-9.021482,-0.002633724,0.07074346,0.0003289607,27.35119,234.847,-235.5387,236.4871,-233.9274,0.05367202,-0.03403092,0.001216835,-0.1534219,-0.1538738,-0.1544933,-0.1528212,0
0.1616949,0.05157975,-9.326517,-0.005402875,0.06316239,-0.001558661,27.44786,234.4663,-236.0697,235.9438,-234.5351,0.05370569,-0.03332505,0.001219007,-0.1531732,-0.1542206,-0.1541384,-0.1532181,0
0.007394586,-0.08985011,-9.532056,-0.00653433,0.05680225,-0.00274249,27.54453,234.8351,-235.9683,236.2705,-234.4631,0.05373006,-0.03266029,0.001219719,-0.1534141,-0.1541544,-0.1543518,-0.1531711,0
0.278595,0.1619094,-9.17517,-0.005142966,0.05359526,-0.0007939769,27.64119,234.6341,-235.9579,236.2599,-234.4896,0.05365249,-0.03197895,0.001216644,-0.1532828,-0.1541476,-0.1543449,-0.1531884,0
-0.01970095,-0.1125459,-9.561175,-0.008135512,0.04565554,-0.003037279,27.73784,234.6519,-236.011,236.0662,-234.6142,0.05362155,-0.03140711,0.001213428,-0.1532944,-0.1541823,-0.1542184,-0.1532698,0
-0.1421594,-0.2247967,-9.721786,-0.008956343,0.03962742,-0.004024351,27.83448,234.7109,-236.1209,236.0856,-234.7248,0.05363617,-0.03091485,0.001194367,-0.153333,-0.1542541,-0.154231,-0.1533421,0
0.2160084,0.1070074,-9.249705,-0.006588883,0.0374974,-0.001296033,27.93112,234.0882,-236.2697,235.7161,-234.8412,0.05365243,-0.03046858,0.00116556,-0.1529262,-0.1543513,-0.1539897,-0.1534181,0
0.2753545,0.1626644,-9.158228,-0.006691016,0.03309939,-0.0006804623,28.02775,234.6212,-234.9714,236.2948,-233.5558,0.05368835,-0.03004662,0.001172344,-0.1532743,-0.1535032,-0.1543677,-0.1525784,0
0.2364858,0.1277696,-9.196917,-0.008848866,0.02732079,-0.00123235,28.12437,234.3951,-235.4737,235.952,-234.1046,0.05369925,-0.02968628,0.001165054,-0.1531266,-0.1538313,-0.1541438,-0.1529369,0
0.4083975,0.287394,-8.988251,-0.008595572,0.02376537,-9.567215e-05,28.22098,234.9313,-235.9243,236.5679,-234.5374,0.05370529,-0.02936871,0.001157438,-0.153477,-0.1541257,-0.1545461,-0.1532196,0
0.1976805,0.09339711,-9.281192,-0.01120849,0.01739576,-0.001807783,28.31758,235.1936,-236.658,236.6477,-235.3005,0.05368378,-0.02911723,0.001137641,-0.1536483,-0.154605,-0.1545983,-0.1537182,0
0.28663,0.1759875,-9.182476,-0.01070988,0.01420914,-0.001194272,28.41418,235.6666,-236.8794,237.2019,-235.4955,0.05366791,-0.028896,0.001111948,-0.1539573,-0.1547496,-0.1549603,-0.1538455,0
0.1655427,0.06453978,-9.346957,-0.0123582,0.009298104,-0.002072107,28.51077,235.7262,-237.112,237.1608,-235.7505,0.05364348,-0.02871661,0.001089441,-0.1539962,-0.1549016,-0.1549335,-0.1540121,0
0.17616,0.07469462,-9.339266,-0.01300512,0.005654836,-0.002033268,28.60736,235.7203,-237.5859,237.1361,-236.2248,0.05360185,-0.02858471,0.001052331,-0.1539924,-0.1552112,-0.1549173,-0.154322,0
0.07069892,-0.02260541,-9.482679,-0.01391753,0.001642894,-0.002694659,28.70395,236.152,-237.2197,237.5142,-235.8573,0.05356709,-0.02847599,0.001025154,-0.1542744,-0.1549719,-0.1551643,-0.1540819,0
-0.01381352,-0.1004857,-9.589484,-0.01538971,-0.002350772,-0.003323233,28.80053,235.64,-237.799,236.9059,-236.4535,0.05351005,-0.02841536,0.0009800063,-0.1539399,-0.1553504,-0.1547669,-0.1544714,0
0.09039807,-0.00421904,-9.454439,-0.01469463,-0.004211897,-0.002357248,28.89712,235.6515,-237.5989,236.9963,-236.2242,0.05345338,-0.0283804,0.0009345599,-0.1539474,-0.1552196,-0.154826,-0.1543216,0
0.2475617,0.1409641,-9.237201,-0.01396501,-0.005566471,-0.0009947552,28.9937,235.3578,-237.1222,236.793,-235.7311,0.05339949,-0.02836556,0.0008923121,-0.1537556,-0.1549083,-0.1546932,-0.1539994,0
0.133555,0.03559644,-9.369913,-0.01555454,-0.009038969,-0.001671405,29.09028,235.3548,-236.5618,236.6804,-235.189,0.05334543,-0.0283696,0.0008644147,-0.1537536,-0.1545421,-0.1546196,-0.1536453,0
0.03895372,-0.05182222,-9.485589,-0.01731389,-0.01237642,-0.002376816,29.18686,235.038,-236.9598,236.2378,-235.6037,0.05325709,-0.02840618,0.0008231683,-0.1535466,-0.1548021,-0.1543305,-0.1539162,0
-0.04561009,-0.1301921,-9.59916,-0.01814706,-0.01497144,-0.002857991,29.28343,235.3584,-236.6997,236.4959,-235.3461,0.05312251,-0.02843511,0.0007878279,-0.153756,-0.1546322,-0.1544991,-0.1537479,0
0.1590261,0.05868102,-9.327851,-0.01727233,-0.01532711,-0.001266916,29.38,235.1993,-236.6655,236.4335,-235.3121,0.05294275,-0.02845229,0.0007517979,-0.153652,-0.1546099,-0.1544583,-0.1537258,0
0.1889933,0.0861809,-9.287131,-0.01789156,-0.01712118,-0.0009521239,29.47656,235.3482,-236.5958,236.5515,-235.2322,0.05286325,-0.02853964,0.000725673,-0.1537493,-0.1545644,-0.1545354,-0.1536736,0
0.4419847,0.3197219,-8.96119,-0.01696064,-0.01698573,0.0008918964,29.57312,235.2393,-237.0928,236.5489,-235.6978,0.05275779,-0.028646,0.0006849355,-0.1536782,-0.154889,-0.1545337,-0.1539777,0
-0.02585689,-0.112965,-9.579976,-0.02064323,-0.02190774,-0.002418243,29.66967,235.6509,-236.9902,236.6371,-235.639,0.05260407,-0.0287585,0.0006521335,-0.1539471,-0.154822,-0.1545913,-0.1539393,0
0.04986444,-0.04351949,-9.48175,-0.02011973,-0.02218371,-0.001806627,29.76622,235.606,-237.1293,236.6477,-235.7488,0.0524939,-0.02888739,0.0006107574,-0.1539177,-0.1549129,-0.1545983,-0.154011,0
0.01577967,-0.0754322,-9.525887,-0.0210328,-0.02348638,-0.001887202,29.86277,235.3721,-237.2863,236.3441,-235.9396,0.0522759,-0.02898731,0.0005726526,-0.1537649,-0.1550154,-0.1543999,-0.1541357,0
0.06049242,-0.03467384,-9.466198,-0.02083398,-0.0238154,-0.001422208,29.95931,235.2387,-237.2982,236.227,-235.9253,0.05215194,-0.02915865,0.000521962,-0.1536778,-0.1550232,-0.1543234,-0.1541264,0
-0.12995,-0.2113401,-9.706366,-0.02187686,-0.02550049,-0.002535835,30.05585,235.0922,-236.7424,235.9783,-235.3646,0.05203421,-0.02932975,0.0004780469,-0.1535821,-0.1546602,-0.154161,-0.1537601,0
-0.03892018,-0.1278477,-9.567616,-0.0214993,-0.02504245,-0.001631934,30.15239,234.6048,-236.3549,235.5356,-234.9661,0.05192256,-0.02949411,0.0004390714,-0.1532636,-0.154407,-0.1538717,-0.1534997,0
0.3344571,0.2166507,-9.064758,-0.01967612,-0.0225886,0.001319174,30.24892,234.4021,-235.8956,235.5212,-234.4829,0.0518024,-0.02964718,0.0004112546,-0.1531312,-0.1541069,-0.1538623,-0.1531841,0
0.4399107,0.3136457,-8.918924,-0.02009169,-0.02232856,0.002171748,30.34544,234.5898,-235.5389,235.7009,-234.1437,0.0516426,-0.02978655,0.0003938099,-0.1532539,-0.1538739,-0.1539797,-0.1529624,0
-0.01007024,-0.1026447,-9.509279,-0.02422791,-0.02624812,-0.001198639,30.44196,235.0987,-235.6633,235.8628,-234.3136,0.05151412,-0.02995443,0.0003831194,-0.1535863,-0.1539552,-0.1540855,-0.1530734,0
-0.09703203,-0.1835684,-9.639077,-0.02552322,-0.02704588,-0.001965563,30.53846,234.9425,-236.9367,235.6071,-235.5852,0.05136073,-0.03014097,0.0003454555,-0.1534843,-0.1547871,-0.1539184,-0.1539041,0
0.2296574,0.1175092,-9.231492,-0.02293608,-0.02389669,0.0006488079,30.63496,235.2828,-236.8725,236.1833,-235.4654,0.05121715,-0.03031408,0.0003123843,-0.1537066,-0.1547451,-0.1542948,-0.1538258,0
0.4309127,0.302799,-8.965078,-0.02200683,-0.02191696,0.002303772,30.73146,235.3618,-236.3545,236.3712,-234.9454,0.0510816,-0.0304717,0.0002929727,-0.1537582,-0.1544067,-0.1544177,-0.1534862,0
0.2625836,0.1467027,-9.179749,-0.02429028,-0.02309962,0.001082049,30.82795,235.7726,-236.1394,236.6164,-234.7763,0.05094554,-0.0306177,0.0002920973,-0.1540266,-0.1542662,-0.1545778,-0.1533757,0
0.3701845,0.2456509,-9.051851,-0.02488018,-0.02234117,0.001687214,30.92443,236.0572,-237.0244,236.8907,-235.6733,0.05079341,-0.03076587,0.0002832156,-0.1542125,-0.1548443,-0.154757,-0.1539617,0
-0.07042935,-0.162078,-9.657378,-0.02875975,-0.02552585,-0.001662627,31.02091,236.6361,-237.9969,237.1385,-236.6941,0.05060663,-0.03094099,0.0002625645,-0.1545907,-0.1554796,-0.1549189,-0.1546286,0
0.2888044,0.1689378,-9.213036,-0.02554183,-0.02150406,0.001032325,31.11739,236.9966,-238.2967,237.7874,-236.935,0.05043855,-0.03108887,0.0002295784,-0.1548262,-0.1556755,-0.1553428,-0.1547859,0
0.1444373,0.03483047,-9.404525,-0.02701018,-0.02189668,0.000182541,31.21387,237.1694,-237.9848,237.8521,-236.668,0.05027512,-0.03122267,0.000223481,-0.1549391,-0.1554718,-0.1553851,-0.1546116,0
0.1452494,0.0349699,-9.405097,-0.02788429,-0.02143256,9.619221e-05,31.31035,237.3475,-238.3858,237.9803,-237.1004,0.05009786,-0.03135627,0.0002090319,-0.1550554,-0.1557337,-0.1554689,-0.154894,0
0.232783,0.1151587,-9.306817,-0.02759928,-0.02008495,0.0007567283,31.40684,237.8147,-238.6012,238.4892,-237.3191,0.04992196,-0.03147766,0.0001984901,-0.1553606,-0.1558744,-0.1558013,-0.1550369,0
-0.4249728,-0.4932829,-10.17847,-0.03278173,-0.02461881,-0.004126169,31.50332,237.5975,-239.6224,237.8088,-238.4271,0.04970128,-0.03163648,0.0001642915,-0.1552188,-0.1565416,-0.1553568,-0.1557607,0
0.08767064,-0.02069843,-9.519093,-0.02758337,-0.01878484,-8.592698e-05,31.59982,237.5814,-239.3631,238.2312,-238.0849,0.04951365,-0.03175479,0.0001202499,-0.1552082,-0.1563722,-0.1556327,-0.1555372,0
0.02535591,-0.07903133,-9.579471,-0.0281718,-0.01829098,-0.0001355383,31.69631,237.0458,-238.4274,237.6479,-237.1987,0.04933071,-0.03186097,0.0001039227,-0.1548583,-0.1557609,-0.1552517,-0.1549582,0
0.06936115,-0.03904802,-9.497485,-0.02827733,-0.01719381,0.0002833908,31.79281,236.9133,-237.8556,237.5158,-236.6572,0.04914814,-0.03195381,8.957848e-05,-0.1547717,-0.1553874,-0.1551654,-0.1546044,0
0.09686308,-0.01425778,-9.452444,-0.02854948,-0.01640669,0.000571264,31.88932,236.8364,-237.6555,237.4224,-236.4997,0.04890927,-0.03199768,8.294843e-05,-0.1547215,-0.1552567,-0.1551044,-0.1545015,0
0.06168213,-0.0473409,-9.497114,-0.02934854,-0.01628337,0.0003137002,31.98582,236.637,-238.0538,237.1543,-236.9275,0.04869825,-0.03208074,6.746803e-05,-0.1545912,-0.1555169,-0.1549292,-0.154781,0
0.06388807,-0.04605506,-9.49929,-0.02897104,-0.01539487,0.0004379388,32.08232,236.9239,-237.8125,237.4598,-236.6976,0.04846217,-0.03213133,5.511503e-05,-0.1547787,-0.1553592,-0.1551288,-0.1546309,0
-0.04675614,-0.1489678,-9.639703,-0.0297316,-0.01557729,-0.0002958557,32.17883,236.5186,-237.9991,236.9751,-236.9105,0.0482603,-0.03221218,3.486449e-05,-0.1545139,-0.1554811,-0.1548122,-0.15477,0
0.1317581,0.01522716,-9.401056,-0.02803527,-0.01322983,0.001207038,32.27534,236.4646,-237.5926,237.06,-236.4935,0.04807166,-0.03227348,2.065758e-05,-0.1544786,-0.1552155,-0.1548676,-0.1544975,0
0.204043,0.08142176,-9.294352,-0.02778865,-0.01208293,0.001870204,32.37185,236.1295,-237.3163,236.7471,-236.2432,0.04787988,-0.03233082,1.000662e-05,-0.1542598,-0.155035,-0.1546632,-0.154334,0
-0.02491337,-0.1307634,-9.5841,-0.02948558,-0.0132154,0.0002704014,32.46835,236.3355,-236.844,236.7971,-235.8172,0.04768984,-0.03237892,9.758459e-06,-0.1543943,-0.1547265,-0.1546959,-0.1540557,0
-0.09480542,-0.1959229,-9.670911,-0.03019419,-0.01323306,-0.0002712913,32.56485,235.9261,-237.2772,236.319,-236.2977,0.04743432,-0.03239697,-5.709846e-06,-0.1541269,-0.1550095,-0.1543835,-0.1543696,0
0.2150042,0.08966239,-9.26691,-0.02756767,-0.01003238,0.002177533,32.66135,236.0919,-236.8273,236.7083,-235.8229,0.04725093,-0.03242514,-8.969962e-06,-0.1542352,-0.1547156,-0.1546378,-0.1540595,0
0.259403,0.1302167,-9.20077,-0.02777885,-0.009460658,0.002535288,32.75785,235.961,-236.6677,236.5632,-235.6981,0.04706186,-0.03245347,-6.98903e-06,-0.1541497,-0.1546113,-0.154543,-0.1539779,0
0.05301145,-0.06101914,-9.47051,-0.02945565,-0.01070482,0.0009757297,32.85435,236.2039,-236.7215,236.6525,-235.7957,0.0468668,-0.03248193,-4.906297e-06,-0.1543083,-0.1546465,-0.1546014,-0.1540416,0
0.04966884,-0.06467645,-9.48089,-0.02943415,-0.01024409,0.0009153835,32.95085,235.9008,-237.3409,236.3387,-236.4478,0.04660849,-0.03248336,-2.087915e-05,-0.1541103,-0.1550511,-0.1543964,-0.1544677,0
-0.04815397,-0.1557648,-9.611329,-0.02941397,-0.01018463,0.0003729272,33.04734,236.2582,-236.7553,236.6751,-235.8763,0.04641695,-0.03250184,-2.119558e-05,-0.1543438,-0.1546685,-0.1546162,-0.1540943,0
0.1168556,-0.003817534,-9.386086,-0.02830888,-0.008522616,0.00159773,33.14383,235.9139,-236.7237,236.4251,-235.8589,0.04622915,-0.03251188,-2.571652e-05,-0.1541189,-0.1546479,-0.1544528,-0.154083,0
0.04440571,-0.0712402,-9.477416,-0.02900679,-0.008851697,0.001123447,33.24031,235.9759,-236.5957,236.4174,-235.7847,0.04598674,-0.03248768,-2.229576e-05,-0.1541594,-0.1545643,-0.1544478,-0.1540345,0
0.1155142,-0.006042155,-9.384514,-0.02845177,-0.008032129,0.001614197,33.3368,236.2298,-236.4504,236.7125,-235.6516,0.04580353,-0.03248584,-1.604268e-05,-0.1543252,-0.1544694,-0.1546406,-0.1539475,0
-0.1499587,-0.2517617,-9.735067,-0.03063052,-0.0101088,-0.0004117029,33.43328,236.1342,-236.9578,236.4116,-236.2132,0.04560258,-0.03250046,-1.677243e-05,-0.1542628,-0.1548008,-0.154444,-0.1543144,0
0.0156404,-0.09934738,-9.527691,-0.02886175,-0.008311074,0.000822086,33.52976,235.9038,-237.4287,236.3108,-236.6698,0.04539671,-0.03252038,-3.900516e-05,-0.1541123,-0.1551085,-0.1543782,-0.1546127,0
0.1525381,0.02647611,-9.344443,-0.02697601,-0.006473964,0.002105401,33.62624,235.9705,-236.5086,236.5187,-235.7473,0.04521635,-0.03251627,-4.193308e-05,-0.1541559,-0.1545074,-0.154514,-0.1540101,0
0.3512269,0.2096645,-9.063416,-0.02589893,-0.004837315,0.003630905,33.72271,235.7827,-235.8868,236.4317,-235.1554,0.04505072,-0.03249276,-2.916726e-05,-0.1540331,-0.1541012,-0.1544572,-0.1536234,0
0.1065972,-0.01661395,-9.377432,-0.02859835,-0.007201568,0.001698194,33.81918,236.1053,-235.9694,236.5225,-235.3123,0.04487229,-0.03247736,-6.067262e-06,-0.1542439,-0.1541551,-0.1545165,-0.1537258,0
0.1692926,0.04097076,-9.312873,-0.02849053,-0.006952186,0.001900489,33.91565,236.2612,-236.9932,236.6808,-236.3478,0.04467643,-0.03247749,-7.953734e-06,-0.1543458,-0.154824,-0.1546198,-0.1544024,0
0.1043014,-0.01962421,-9.419404,-0.02837508,-0.007156675,0.00144857,34.01211,236.7913,-237.0866,237.1976,-236.4514,0.04448853,-0.03247251,-3.785658e-06,-0.154692,-0.154885,-0.1549575,-0.15447,0
0.03617056,-0.08304946,-9.513836,-0.02868948,-0.007514066,0.0009030814,34.10858,236.7078,-237.4085,237.0713,-236.8102,0.04428717,-0.03246419,-7.505829e-06,-0.1546375,-0.1550953,-0.154875,-0.1547044,0
0.1190676,-0.006960485,-9.409561,-0.02769318,-0.006606785,0.001566835,34.20504,236.5393,-237.604,236.9682,-237.0289,0.0440569,-0.03243972,-1.854339e-05,-0.1545275,-0.155223,-0.1548076,-0.1548473,0
0.1003322,-0.02481795,-9.43,-0.02715988,-0.006448352,0.001568753,34.3015,236.5576,-237.1248,237.0023,-236.566,0.04387441,-0.032435,-2.271845e-05,-0.1545394,-0.1549099,-0.1548299,-0.1545449,0
-0.05120369,-0.1652987,-9.615442,-0.02796176,-0.007534281,0.0005129506,34.39796,236.2523,-236.9361,236.5996,-236.4194,0.04369192,-0.03243241,-2.819347e-05,-0.15434,-0.1547867,-0.1545669,-0.1544491,0
0.3212035,0.178355,-9.119743,-0.02496534,-0.004543067,0.003346138,34.49442,236.0445,-236.6446,236.6392,-236.1109,0.04352621,-0.03241384,-3.015446e-05,-0.1542042,-0.1545963,-0.1545927,-0.1542476,0
0.1671066,0.03567075,-9.312121,-0.02640083,-0.006099507,0.002255014,34.59089,236.3011,-236.1193,236.758,-235.6418,0.04336151,-0.03239579,-1.16659e-05,-0.1543718,-0.1542531,-0.1546703,-0.1539411,0
0.09790426,-0.02856428,-9.403558,-0.02722472,-0.007052547,0.001540694,34.68734,236.402,-236.5859,236.7745,-236.1431,0.043188,-0.0323864,-6.142151e-06,-0.1544378,-0.1545579,-0.1546811,-0.1542686,0
0.129947,0.0006558299,-9.376084,-0.02681997,-0.006980449,0.001722422,34.7838,236.4637,-237.1469,236.8492,-236.7163,0.04299971,-0.03237814,-8.157032e-06,-0.154478,-0.1549244,-0.1547299,-0.1546431,0
-0.1408942,-0.2500772,-9.738436,-0.02822263,-0.009017124,-0.0002492897,34.88025,236.8728,-236.9893,237.1017,-236.6245,0.04274238,-0.03232075,-4.460501e-06,-0.1547453,-0.1548214,-0.1548948,-0.1545831,0
-0.1708121,-0.2781844,-9.778545,-0.02788425,-0.009264225,-0.000510056,34.9767,236.327,-237.5898,236.5465,-237.2357,0.04255678,-0.03233725,-2.581835e-05,-0.1543888,-0.1552137,-0.1545321,-0.1549824,0
0.1284905,-0.002216659,-9.383759,-0.02454959,-0.006560644,0.001960284,35.07315,236.4609,-236.7015,236.9352,-236.3143,0.04240565,-0.03232611,-2.693294e-05,-0.1544762,-0.1546334,-0.1547861,-0.1543805,0
-0.1260667,-0.2376908,-9.696413,-0.0267365,-0.009000156,0.0001115166,35.16961,236.0429,-236.4674,236.3035,-236.1718,0.04218724,-0.03229225,-2.487848e-05,-0.1542031,-0.1544805,-0.1543734,-0.1542873,0
0.3831604,0.2324407,-9.025658,-0.02269495,-0.00518744,0.003860372,35.26606,236.0641,-236.2626,236.6591,-235.9349,0.04200919,-0.03225295,-2.492414e-05,-0.154217,-0.1543467,-0.1546057,-0.1541326,0
0.3642695,0.214785,-9.04689,-0.02323209,-0.00610574,0.003741562,35.36251,236.3882,-235.8555,236.9213,-235.5621,0.04187289,-0.03223787,1.574286e-06,-0.1544287,-0.1540807,-0.154777,-0.153889,0
0.277634,0.1345817,-9.167528,-0.0245295,-0.007688319,0.002796296,35.45896,236.7049,-236.603,237.1126,-236.3465,0.04171999,-0.03224183,1.440291e-05,-0.1546356,-0.1545691,-0.154902,-0.1544015,0
-0.3371974,-0.4338983,-9.997299,-0.02860737,-0.01283495,-0.001905514,35.5554,236.9234,-237.775,236.924,-237.5811,0.04152649,-0.03227891,3.434043e-06,-0.1547784,-0.1553347,-0.1547787,-0.155208,0
-0.2257773,-0.3316776,-9.868707,-0.02592081,-0.01122781,-0.0009729998,35.65184,236.889,-237.9168,237.0657,-237.6909,0.04132996,-0.03228712,-2.458319e-05,-0.1547559,-0.1554273,-0.1548713,-0.1552798,0
0.05174378,-0.07578587,-9.491735,-0.02292975,-0.00872771,0.001408118,35.74829,236.3329,-237.09,236.7352,-236.8519,0.04119119,-0.03230205,-3.614212e-05,-0.1543926,-0.1548872,-0.1546554,-0.1547317,0
0.2736493,0.1289543,-9.173211,-0.02140372,-0.007258195,0.003195128,35.84474,235.9224,-236.2746,236.4403,-236.0559,0.04105961,-0.03231286,-3.699326e-05,-0.1541244,-0.1543545,-0.1544628,-0.1542117,0
-0.05362226,-0.1737152,-9.582907,-0.02388488,-0.0102403,0.0007977687,35.94118,235.8793,-235.8845,236.1489,-235.728,0.04092132,-0.03233385,-3.212585e-05,-0.1540963,-0.1540997,-0.1542724,-0.1539974,0
0.2610204,0.1166767,-9.166611,-0.02139722,-0.008024013,0.003070273,36.03763,235.7708,-235.913,236.2374,-235.7503,0.0407483,-0.03230411,-3.114943e-05,-0.1540254,-0.1541183,-0.1543302,-0.154012,0
0.1289133,-0.005596583,-9.339645,-0.02267396,-0.009694353,0.002093541,36.13407,235.6083,-236.1982,235.9364,-236.0852,0.04057351,-0.03231165,-2.960467e-05,-0.1539193,-0.1543046,-0.1541336,-0.1542308,0
0.1577616,0.02061424,-9.306242,-0.02166449,-0.009506622,0.002285355,36.2305,236.2404,-235.73,236.6176,-235.6018,0.04045258,-0.03232896,-2.266926e-05,-0.1543322,-0.1539988,-0.1545786,-0.153915,0
-0.2024378,-0.3124698,-9.776299,-0.02438308,-0.01277583,-0.0004555849,36.32693,235.6361,-236.5494,235.7406,-236.4799,0.04030692,-0.03237695,-3.314532e-05,-0.1539374,-0.154534,-0.1540057,-0.1544886,0
0.1299229,-0.005904144,-9.347074,-0.02085597,-0.009827852,0.002116191,36.42336,235.6747,-236.389,236.0472,-236.2697,0.04017981,-0.03241213,-4.851522e-05,-0.1539626,-0.1544293,-0.154206,-0.1543513,0
-0.2217038,-0.3312002,-9.793988,-0.02294623,-0.01251737,-0.0002962826,36.51979,235.5773,-235.6487,235.728,-235.5867,0.0400553,-0.0324509,-4.794635e-05,-0.153899,-0.1539456,-0.1539975,-0.1539052,0
0.1238297,-0.01229249,-9.326169,-0.02015072,-0.009780771,0.002252827,36.61621,235.0779,-235.5678,235.4528,-235.4862,0.03994296,-0.03247807,-5.885032e-05,-0.1535727,-0.1538928,-0.1538177,-0.1538395,0
-0.1728327,-0.2866852,-9.703712,-0.02230869,-0.01233279,0.0002015711,36.71263,234.7583,-235.4179,234.91,-235.3905,0.03981489,-0.03252588,-6.284463e-05,-0.1533639,-0.1537949,-0.1534631,-0.1537769,0
0.2819422,0.1330809,-9.099684,-0.01828591,-0.008496765,0.003612502,36.80904,235.0034,-234.5874,235.4854,-234.5118,0.03972251,-0.03253901,-5.998079e-05,-0.1535241,-0.1532523,-0.1538389,-0.1532029,0
0.1769515,0.0359792,-9.224648,-0.01991096,-0.009970711,0.002822873,36.90544,234.5579,-234.7374,234.8912,-234.7209,0.03961437,-0.03256898,-4.94576e-05,-0.1532331,-0.1533503,-0.1534508,-0.1533395,0
0.1473813,0.008376706,-9.267461,-0.02010643,-0.01039821,0.002484915,37.00183,235.1012,-234.7578,235.3974,-234.7512,0.03950706,-0.03259861,-3.991329e-05,-0.1535879,-0.1533636,-0.1537814,-0.1533593,0
0.3203179,0.1679009,-9.051838,-0.01889703,-0.009234063,0.003653419,37.09822,235.2867,-235.02,235.6782,-235.0092,0.03940777,-0.03262123,-3.036277e-05,-0.1537092,-0.1535349,-0.1539649,-0.1535278,0
0.6696485,0.4905001,-8.606522,-0.01683697,-0.006885559,0.006125751,37.1946,235.7949,-235.1113,236.374,-235.0927,0.03932094,-0.03263036,-6.352462e-06,-0.1540411,-0.1535945,-0.1544195,-0.1535824,0
-0.0821351,-0.2042469,-9.607328,-0.02311351,-0.01343892,0.0002844149,37.29097,236.5622,-235.8747,236.5784,-235.968,0.03920004,-0.03267427,1.677086e-05,-0.1545424,-0.1540933,-0.154553,-0.1541542,0
-0.07037583,-0.1938314,-9.626415,-0.02230801,-0.01309632,7.098154e-05,37.38734,237.0754,-237.0971,237.1346,-237.1702,0.0390818,-0.0327164,9.447035e-06,-0.1548776,-0.1548918,-0.1549164,-0.1549396,0
0.2016759,0.05713049,-9.295896,-0.01980421,-0.01071526,0.002148745,37.4837,236.8279,-237.8287,237.0838,-237.8954,0.03892289,-0.03273344,-5.416722e-06,-0.154716,-0.1553698,-0.1548832,-0.1554133,0
0.1320483,-0.007678158,-9.389446,-0.01949021,-0.01080537,0.001791675,37.58007,237.5298,-236.8553,237.784,-236.9438,0.03881534,-0.03275593,3.11847e-06,-0.1551745,-0.1547339,-0.1553406,-0.1547917,0
-0.01341923,-0.1423448,-9.571143,-0.02068171,-0.01208385,0.0006034436,37.67644,236.969,-237.3869,237.0985,-237.5384,0.03866236,-0.03276512,-6.678452e-06,-0.1548082,-0.1550811,-0.1548928,-0.1551801,0
-0.3179709,-0.4241795,-9.972553,-0.02207539,-0.01426714,-0.001546858,37.77281,237.1422,-237.3719,237.1015,-237.5596,0.03852092,-0.03278749,-1.235044e-05,-0.1549213,-0.1550714,-0.1548947,-0.155194,0
0.08324029,-0.05387448,-9.445056,-0.01840844,-0.0109253,0.001470872,37.86918,236.6442,-237.4298,236.8877,-237.5746,0.0384205,-0.03283105,-3.409521e-05,-0.154596,-0.1551092,-0.1547551,-0.1552038,0
0.2536931,0.1032732,-9.209838,-0.016674,-0.009465612,0.00298506,37.96556,236.7644,-236.331,237.1322,-236.4753,0.03834534,-0.03285395,-2.640404e-05,-0.1546745,-0.1543913,-0.1549148,-0.1544856,0
0.4156076,0.2527831,-8.980734,-0.01616453,-0.008711682,0.004093804,38.06194,236.7082,-236.0733,237.1194,-236.2448,0.03827594,-0.03286948,-1.044786e-05,-0.1546378,-0.154223,-0.1549064,-0.154335,0
-0.04456408,-0.1724932,-9.588126,-0.02017871,-0.0130031,0.0005032322,38.15831,237.059,-236.6948,237.0994,-236.9404,0.03818127,-0.03291117,3.950947e-06,-0.1548669,-0.154629,-0.1548933,-0.1547895,0
0.04356469,-0.09141192,-9.496363,-0.01902027,-0.01228824,0.0009649122,38.25468,237.4024,-237.4908,237.5135,-237.7174,0.03807744,-0.03294858,-3.579509e-06,-0.1550913,-0.1551491,-0.1551639,-0.1552971,0
0.1349036,-0.007386789,-9.392383,-0.01776949,-0.01138839,0.00171352,38.35106,237.502,-237.6151,237.6945,-237.8466,0.03796049,-0.03296511,-7.147327e-06,-0.1551563,-0.1552302,-0.1552821,-0.1553815,0
0.150202,0.006435677,-9.372338,-0.01732788,-0.0112088,0.001855559,38.44744,237.7211,-237.3384,237.9299,-237.5986,0.03784398,-0.03296532,-2.515061e-06,-0.1552995,-0.1550495,-0.1554359,-0.1552195,0
-0.2907679,-0.4012635,-9.948549,-0.02044952,-0.0148333,-0.001470145,38.54382,237.4577,-237.9216,237.3554,-238.2435,0.03774327,-0.03302765,-1.333002e-05,-0.1551274,-0.1554305,-0.1550606,-0.1556408,0
0.09911935,-0.04151085,-9.443855,-0.01635302,-0.01124092,0.001518886,38.64021,237.4176,-237.7654,237.6329,-238.0269,0.0376682,-0.03306902,-3.073693e-05,-0.1551012,-0.1553284,-0.1552419,-0.1554993,0
0.2814316,0.1266932,-9.192695,-0.01489414,-0.009813458,0.003070154,38.7366,237.4607,-236.7923,237.7897,-237.0653,0.0376169,-0.03308913,-1.636269e-05,-0.1551294,-0.1546927,-0.1553443,-0.1548711,0
-0.111839,-0.2367273,-9.695091,-0.01855933,-0.01350272,-6.536298e-06,38.83299,237.2588,-237.2667,237.2506,-237.6227,0.03753365,-0.03314117,-1.456175e-05,-0.1549975,-0.1550026,-0.1549921,-0.1552352,0
-0.2986899,-0.4097844,-9.951386,-0.01900713,-0.01467083,-0.001425125,38.92938,237.259,-237.8294,237.1617,-238.1844,0.03744324,-0.033205,-3.58775e-05,-0.1549976,-0.1553703,-0.1549341,-0.1556022,0
-0.2326337,-0.3492531,-9.863797,-0.01721409,-0.01345713,-0.0006964689,39.02578,236.945,-237.428,236.9581,-237.7642,0.03737181,-0.03325575,-5.46204e-05,-0.1547925,-0.155108,-0.1548011,-0.1553277,0
0.1907446,0.04164244,-9.287983,-0.01375248,-0.009832643,0.002656514,39.12218,236.1688,-236.8337,236.4641,-237.1501,0.03731235,-0.03329661,-7.139356e-05,-0.1542854,-0.1547198,-0.1544783,-0.1549265,0
-0.1791475,-0.3003752,-9.745096,-0.01624772,-0.01261288,0.0001330587,39.21858,235.9751,-235.8939,236.0174,-236.2739,0.03724834,-0.03334454,-7.317531e-05,-0.1541589,-0.1541058,-0.1541865,-0.1543541,0
0.2119253,0.06069591,-9.212626,-0.01302816,-0.00931181,0.003053485,39.31498,235.1875,-235.7975,235.4882,-236.1446,0.03719436,-0.03338197,-9.311054e-05,-0.1536443,-0.1540428,-0.1538408,-0.1542696,0
0.1244126,-0.02037739,-9.308988,-0.01349906,-0.009929022,0.002664984,39.41138,235.3004,-234.6827,235.538,-235.0574,0.03715688,-0.03340434,-7.679894e-05,-0.1537181,-0.1533145,-0.1538733,-0.1535594,0
0.2048532,0.05390997,-9.188004,-0.01357601,-0.009680238,0.003087564,39.50777,235.1588,-234.7134,235.3878,-235.1114,0.03711331,-0.03342953,-6.814321e-05,-0.1536256,-0.1533346,-0.1537752,-0.1535946,0
0.2779286,0.1213154,-9.099434,-0.01331103,-0.009350756,0.003542359,39.60416,235.2733,-235.0725,235.5144,-235.4738,0.03706425,-0.03346014,-6.143659e-05,-0.1537004,-0.1535692,-0.1538579,-0.1538314,0
-0.00103518,-0.1366554,-9.473408,-0.01521091,-0.01150125,0.0014124,39.70053,235.7174,-235.1601,235.771,-235.5954,0.03701165,-0.03349547,-5.154921e-05,-0.1539905,-0.1536264,-0.1540256,-0.1539108,0
0.1617113,0.01348258,-9.269724,-0.0138302,-0.01004586,0.002503959,39.79691,235.58,-235.7285,235.7413,-236.1525,0.03695919,-0.03353026,-5.770772e-05,-0.1539007,-0.1539978,-0.1540061,-0.1542748,0
0.1943905,0.04342557,-9.233296,-0.01331194,-0.009530631,0.002827398,39.89327,236.036,-235.3039,236.2324,-235.7488,0.03688815,-0.03352033,-4.324609e-05,-0.1541987,-0.1537204,-0.1543269,-0.154011,0
0.1453071,-0.002019815,-9.298073,-0.01409995,-0.01009789,0.002303475,39.98963,236.0231,-235.6941,236.1468,-236.1729,0.03683999,-0.03354894,-3.724407e-05,-0.1541902,-0.1539753,-0.154271,-0.1542881,0
-0.0004178584,-0.136897,-9.500704,-0.01491387,-0.01113087,0.001158818,40.08599,236.0877,-236.2577,236.1154,-236.7535,0.0367801,-0.03359105,-4.340278e-05,-0.1542324,-0.1543435,-0.1542505,-0.1546674,0
0.04441623,-0.09583486,-9.448908,-0.0137431,-0.01022872,0.001562834,40.18235,236.3543,-235.9666,236.4591,-236.4527,0.03673916,-0.0336159,-4.376488e-05,-0.1544066,-0.1541533,-0.154475,-0.1544709,0
-0.05359012,-0.1865649,-9.571326,-0.01448544,-0.01088706,0.0008514564,40.2787,235.9897,-236.1212,236.0162,-236.6567,0.03665606,-0.03361861,-4.7809e-05,-0.1541684,-0.1542543,-0.1541857,-0.1546042,0
0.1454547,-0.002908722,-9.309203,-0.01259512,-0.009028012,0.002376222,40.37505,235.8111,-236.0923,235.9808,-236.612,0.03660996,-0.0336496,-5.938878e-05,-0.1540517,-0.1542355,-0.1541626,-0.1545749,0
-0.1101337,-0.2393395,-9.634439,-0.0139025,-0.01069586,0.0006356688,40.4714,236.1932,-235.1469,236.2229,-235.7022,0.03658285,-0.03366318,-4.543475e-05,-0.1543014,-0.1536178,-0.1543207,-0.1539806,0
0.2194555,0.0651585,-9.193688,-0.0120299,-0.008350153,0.00292089,40.56775,235.7006,-235.6091,235.8994,-236.1621,0.03655493,-0.03367392,-4.447556e-05,-0.1539796,-0.1539198,-0.1541094,-0.154281,0
0.09958868,-0.04567669,-9.357891,-0.01316458,-0.00951376,0.002038465,40.66409,236.2215,-235.5212,236.3108,-236.1048,0.03652167,-0.0336906,-2.771353e-05,-0.1543198,-0.1538623,-0.1543782,-0.1542436,0
-0.05209447,-0.1859825,-9.565493,-0.01424709,-0.01072274,0.0007235087,40.76043,236.3716,-236.0581,236.3492,-236.6664,0.03647683,-0.03371936,-3.009228e-05,-0.1544179,-0.1542131,-0.1544033,-0.1546105,0
-0.1025394,-0.2328827,-9.643018,-0.01397205,-0.01073652,0.0003801441,40.85676,236.1287,-236.5985,236.1015,-237.208,0.03642809,-0.03375497,-4.558569e-05,-0.1542592,-0.1545661,-0.1542414,-0.1549643,0
0.09076877,-0.05460327,-9.387998,-0.01171811,-0.008605589,0.001996285,40.9531,236.1322,-236.0044,236.2804,-236.5967,0.03640021,-0.03377162,-5.079873e-05,-0.1542615,-0.154178,-0.1543583,-0.1545649,0
-0.1546016,-0.2814638,-9.692378,-0.01350567,-0.01039293,0.0002593049,41.04943,235.6897,-235.7865,235.6626,-236.4348,0.03636058,-0.03380064,-5.754149e-05,-0.1539724,-0.1540356,-0.1539547,-0.1544592,0
0.237068,0.08018257,-9.169364,-0.01009713,-0.00689507,0.003245246,41.14576,235.6309,-235.2128,235.89,-235.8254,0.03634775,-0.03380133,-5.932365e-05,-0.153934,-0.1536608,-0.1541033,-0.1540611,0
-0.1075148,-0.2382113,-9.606045,-0.01312081,-0.009861086,0.0007453465,41.24208,235.5005,-234.9652,235.4868,-235.6522,0.03632287,-0.03381369,-4.58521e-05,-0.1538489,-0.1534991,-0.1538399,-0.1539479,0
-0.07259585,-0.2060771,-9.560335,-0.01280508,-0.009565298,0.0008569803,41.3384,235.4127,-235.4275,235.4106,-236.116,0.03628862,-0.03383447,-5.447046e-05,-0.1537914,-0.1538011,-0.1537901,-0.1542509,0
-0.05639436,-0.1913526,-9.543829,-0.01207102,-0.009087169,0.001092668,41.43472,235.1998,-235.4478,235.2346,-236.1322,0.03625572,-0.03385749,-6.594971e-05,-0.1536524,-0.1538143,-0.1536751,-0.1542615,0
0.439226,0.2663752,-8.88538,-0.007987196,-0.004783259,0.004909114,41.53102,235.337,-234.4408,235.7279,-235.0894,0.03625337,-0.03383476,-5.576987e-05,-0.153742,-0.1531565,-0.1539974,-0.1535802,0
-0.02447976,-0.1619419,-9.476707,-0.01249193,-0.009021228,0.001393085,41.62733,235.2966,-234.4472,235.2994,-235.2079,0.03621104,-0.03381852,-3.343171e-05,-0.1537156,-0.1531607,-0.1537174,-0.1536576,0
0.3192331,0.1555611,-9.039576,-0.01004342,-0.006481706,0.003680461,41.72363,235.4378,-235.2523,235.6495,-235.9746,0.03619001,-0.03382418,-3.683183e-05,-0.1538078,-0.1536867,-0.1539461,-0.1541585,0
-0.1160595,-0.2468049,-9.624198,-0.012903,-0.009840921,0.0005174479,41.81992,235.9621,-235.1966,235.8996,-235.9672,0.03616573,-0.03383737,-2.387761e-05,-0.1541503,-0.1536503,-0.1541095,-0.1541537,0
0.01734629,-0.1237196,-9.455508,-0.01163627,-0.008579247,0.00135464,41.9162,235.6669,-235.8898,235.7023,-236.6517,0.03613669,-0.03385543,-3.887091e-05,-0.1539575,-0.1541031,-0.1539806,-0.1546009,0
-0.162909,-0.2905339,-9.695355,-0.0122324,-0.009543081,0.0002091374,42.01249,235.7175,-235.6099,235.6738,-236.3927,0.03611206,-0.03387259,-4.29134e-05,-0.1539906,-0.1539203,-0.153962,-0.1544317,0
-0.006297797,-0.146032,-9.479398,-0.0106404,-0.007922528,0.001425034,42.10876,235.5027,-235.2097,235.5861,-235.9904,0.0361006,-0.03387627,-4.88571e-05,-0.1538502,-0.1536588,-0.1539047,-0.1541688,0
-0.02183824,-0.1604677,-9.487411,-0.01081747,-0.00801282,0.001400542,42.20504,235.4068,-234.771,235.4695,-235.5802,0.03609585,-0.03387233,-4.032746e-05,-0.1537876,-0.1533722,-0.1538286,-0.1539009,0
-0.04843403,-0.1850522,-9.515744,-0.01134911,-0.008420949,0.001122136,42.30131,235.3474,-234.8901,235.3603,-235.7267,0.03608322,-0.03387483,-3.597337e-05,-0.1537488,-0.1534501,-0.1537572,-0.1539966,0
-0.06016336,-0.1959949,-9.535746,-0.01131766,-0.008506083,0.0009982858,42.39757,235.5428,-234.9489,235.5471,-235.794,0.03607217,-0.03387631,-3.174245e-05,-0.1538764,-0.1534885,-0.1538792,-0.1540406,0
0.0694882,-0.07628521,-9.369871,-0.01035844,-0.007495971,0.001920171,42.49383,235.6867,-234.9506,235.7727,-235.7966,0.03606949,-0.03386921,-2.359938e-05,-0.1539705,-0.1534896,-0.1540267,-0.1540422,0
-0.1124441,-0.2444064,-9.612061,-0.0119858,-0.009127668,0.0004935469,42.59008,235.7542,-235.3064,235.6924,-236.1943,0.03605284,-0.03387637,-1.819498e-05,-0.1540145,-0.153722,-0.1539742,-0.1543021,0
0.07956599,-0.06715062,-9.370995,-0.01025474,-0.007449199,0.001853951,42.68633,235.8304,-235.5919,235.9106,-236.4735,0.03600865,-0.03385282,-2.426776e-05,-0.1540643,-0.1539086,-0.1541167,-0.1544845,0
0.1294955,-0.02115168,-9.30827,-0.009623459,-0.006933464,0.002304866,42.78257,235.8271,-235.4341,235.951,-236.3231,0.03600129,-0.03385378,-2.308459e-05,-0.1540622,-0.1538055,-0.1541431,-0.1543862,0
0.01268043,-0.1291799,-9.456328,-0.01038818,-0.007835207,0.001437981,42.87881,235.823,-235.3497,235.8693,-236.2826,0.03595319,-0.03382214,-2.166841e-05,-0.1540595,-0.1537503,-0.1540897,-0.1543597,0
-0.2939222,-0.4126149,-9.855891,-0.01227799,-0.01016651,-0.0008365273,42.97504,235.8286,-235.4365,235.686,-236.4148,0.0359146,-0.03381121,-2.401718e-05,-0.1540631,-0.153807,-0.15397,-0.1544461,0
-0.002673768,-0.14368,-9.474787,-0.0095897,-0.007727912,0.001350245,43.07127,235.5444,-235.5213,235.6179,-236.4645,0.03591097,-0.03381433,-3.496126e-05,-0.1538775,-0.1538624,-0.1539255,-0.1544786,0
-0.03576014,-0.17434,-9.510733,-0.009649678,-0.008000615,0.001250014,43.1675,235.4983,-235.0283,235.5506,-235.991,0.03591086,-0.03381757,-3.235828e-05,-0.1538474,-0.1535404,-0.1538816,-0.1541693,0
0.07444088,-0.07257618,-9.356415,-0.008817824,-0.007189063,0.002046575,43.26373,235.3037,-234.8934,235.4203,-235.8612,0.0359133,-0.03381888,-3.539392e-05,-0.1537203,-0.1534522,-0.1537964,-0.1540845,0
0.2426531,0.08280824,-9.131523,-0.00762659,-0.005982759,0.00334154,43.35994,235.4786,-234.458,235.7001,-235.4367,0.03590254,-0.03377587,-2.097114e-05,-0.1538345,-0.1531677,-0.1539792,-0.1538071,0
0.4505989,0.2750909,-8.858815,-0.00697702,-0.005011793,0.004725714,43.45615,235.2572,-234.9993,235.5452,-235.9896,0.03590554,-0.03377599,-1.589551e-05,-0.1536898,-0.1535214,-0.153878,-0.1541683,0
0.1345757,-0.01699276,-9.28454,-0.009098872,-0.007641209,0.002337274,43.55235,236.1007,-234.8395,236.1859,-235.8616,0.03590922,-0.03377847,3.266809e-07,-0.1542409,-0.153417,-0.1542966,-0.1540847,0
0.2576792,0.09669396,-9.134169,-0.008221935,-0.006811151,0.003056117,43.64856,236.0838,-235.5083,236.245,-236.526,0.0359161,-0.0337777,2.059061e-06,-0.1542299,-0.1538539,-0.1543352,-0.1545188,0
0.04230108,-0.1023619,-9.429854,-0.009862377,-0.00867494,0.00144607,43.74475,236.5828,-235.6997,236.5949,-236.7534,0.03591995,-0.03378146,1.719567e-05,-0.1545558,-0.1539789,-0.1545638,-0.1546673,0
0.08160682,-0.06611463,-9.392301,-0.009598334,-0.008466242,0.001550693,43.84095,236.6857,-236.3813,236.7158,-237.4441,0.03590477,-0.03378977,1.106786e-05,-0.154623,-0.1544242,-0.1546428,-0.1551185,0
-0.02055288,-0.1607174,-9.53877,-0.009718051,-0.008993138,0.0008594656,43.93714,236.7921,-236.5281,236.7913,-237.609,0.03587483,-0.03378541,3.361499e-06,-0.1546926,-0.1545202,-0.1546921,-0.1552262,0
-0.2109268,-0.3368294,-9.784929,-0.01045036,-0.01018099,-0.000463377,44.03333,236.7051,-236.3696,236.6162,-237.4734,0.0358738,-0.03380204,-4.183256e-06,-0.1546358,-0.1544166,-0.1545777,-0.1551377,0
0.3350652,0.1675362,-9.063396,-0.006190045,-0.005748018,0.003658695,44.12952,236.4643,-236.0186,236.7491,-237.0794,0.03589677,-0.03379455,-7.079369e-06,-0.1544784,-0.1541873,-0.1546645,-0.1548803,0
0.1490974,-0.004200516,-9.296609,-0.00820229,-0.007684558,0.002328402,44.22572,236.5925,-235.6371,236.7036,-236.7576,0.03591003,-0.03379746,8.741588e-06,-0.1545622,-0.153938,-0.1546348,-0.1546701,0
0.2406515,0.08038477,-9.179407,-0.007738377,-0.007233296,0.002815125,44.32191,236.8185,-235.9425,236.9694,-237.0651,0.03592309,-0.03379951,1.237312e-05,-0.1547099,-0.1541376,-0.1548084,-0.1548709,0
0.02354315,-0.1202567,-9.475002,-0.009401228,-0.009172367,0.001165258,44.4181,236.7329,-236.6159,236.7248,-237.7739,0.03591067,-0.03381357,8.831435e-06,-0.1546539,-0.1545775,-0.1546486,-0.155334,0
-0.1350606,-0.2670411,-9.691115,-0.009767568,-0.01007724,2.308658e-05,44.51429,237.0144,-236.587,236.9486,-237.7603,0.03588472,-0.03381145,7.129831e-07,-0.1548378,-0.1545586,-0.1547948,-0.1553251,0
-0.1096252,-0.2437337,-9.654856,-0.008952196,-0.009602495,0.0002999573,44.61049,236.5033,-236.6805,236.485,-237.8519,0.03588562,-0.03383624,-1.861748e-05,-0.1545039,-0.1546197,-0.154492,-0.1553849,0
-0.01114821,-0.1529377,-9.513159,-0.007578669,-0.008477323,0.001255507,44.70668,236.3832,-235.8876,236.4671,-237.0542,0.03590536,-0.03384479,-2.312292e-05,-0.1544255,-0.1541017,-0.1544803,-0.1548638,0
0.07361672,-0.07461352,-9.382283,-0.007185014,-0.007955616,0.001943612,44.80287,236.1381,-235.3518,236.2571,-236.5421,0.03592365,-0.03383826,-1.835499e-05,-0.1542653,-0.1537517,-0.1543431,-0.1545293,0
-0.06205123,-0.1999158,-9.550806,-0.008592443,-0.009392122,0.0008938744,44.89906,235.9591,-235.5068,235.9501,-236.7453,0.03590284,-0.03382399,-1.795046e-05,-0.1541484,-0.1538529,-0.1541425,-0.154662,0
0.08546344,-0.06372085,-9.360475,-0.007168409,-0.008258197,0.001981134,44.99525,236.073,-235.4503,236.1742,-236.6753,0.03589898,-0.03381124,-1.999869e-05,-0.1542228,-0.153816,-0.1542889,-0.1546163,0
-0.4076886,-0.5194511,-10.00274,-0.01060084,-0.01226806,-0.001633555,45.09143,236.3036,-235.2362,236.0827,-236.5176,0.03591554,-0.03382811,-1.015259e-05,-0.1543735,-0.1536762,-0.1542292,-0.1545133,0
-0.08284773,-0.2193755,-9.579632,-0.008117048,-0.009769872,0.0006491096,45.18762,235.8055,-235.9458,235.7954,-237.2054,0.03589761,-0.03382163,-2.806015e-05,-0.1540481,-0.1541397,-0.1540415,-0.1549626,0
-0.1539808,-0.2852518,-9.674377,-0.00811095,-0.01017299,0.000339139,45.2838,235.9794,-235.3766,235.9482,-236.6421,0.03591692,-0.03384147,-2.787925e-05,-0.1541617,-0.1537679,-0.1541413,-0.1545946,0
0.02681204,-0.118277,-9.425205,-0.006652347,-0.008705497,0.001677132,45.37997,235.4958,-235.2921,235.5833,-236.5508,0.03593744,-0.03386154,-4.116959e-05,-0.1538457,-0.1537127,-0.1539029,-0.1545349,0
-0.03835412,-0.178582,-9.499295,-0.006879476,-0.009116882,0.001362456,45.47615,235.4989,-234.666,235.5552,-235.941,0.03596974,-0.03387113,-3.567446e-05,-0.1538478,-0.1533036,-0.1538845,-0.1541366,0
-0.007212887,-0.1497722,-9.446603,-0.007012012,-0.009101369,0.001539235,45.57232,235.1147,-234.8024,235.1595,-236.1073,0.03596174,-0.03386255,-3.971103e-05,-0.1535968,-0.1533927,-0.1536261,-0.1542452,0
-0.01582373,-0.1578185,-9.456627,-0.006815591,-0.009132076,0.001531847,45.66848,235.3356,-234.4628,235.3853,-235.7671,0.03599111,-0.03387555,-3.595803e-05,-0.1537411,-0.1531709,-0.1537735,-0.154023,0
0.1217926,-0.03066983,-9.272198,-0.00595843,-0.008198101,0.002514948,45.76464,235.0786,-234.5595,235.2032,-235.8755,0.03598459,-0.03385689,-3.734524e-05,-0.1535732,-0.153234,-0.1536546,-0.1540938,0
0.2995989,0.1336055,-9.039114,-0.004755004,-0.006944817,0.003856211,45.86079,235.5571,-234.0375,235.7935,-235.3526,0.03601281,-0.03383167,-1.655873e-05,-0.1538858,-0.1528931,-0.1540402,-0.1537522,0
0.008949721,-0.1347771,-9.42218,-0.007821351,-0.009961069,0.001474204,45.95694,235.679,-234.6859,235.6533,-236.0584,0.03603665,-0.03384922,-2.047003e-06,-0.1539655,-0.1533166,-0.1539487,-0.1542133,0
-0.09733964,-0.2330897,-9.583754,-0.00835478,-0.0108384,0.0005107595,46.05308,235.9536,-235.606,235.8654,-236.9768,0.03603984,-0.03387624,-1.026778e-05,-0.1541448,-0.1539177,-0.1540872,-0.1548132,0
0.07753277,-0.07175136,-9.370405,-0.006264566,-0.009013004,0.001891395,46.14921,235.9199,-235.7332,235.9984,-237.0797,0.03603993,-0.0338846,-2.340337e-05,-0.1541228,-0.1540008,-0.1541741,-0.1548805,0
-0.02025229,-0.1622514,-9.491015,-0.006572171,-0.009481797,0.001323503,46.24534,236.0417,-235.0355,236.0845,-236.4064,0.03606707,-0.03389154,-1.792654e-05,-0.1542024,-0.1535451,-0.1542304,-0.1544407,0
0.08372819,-0.06615642,-9.344394,-0.006163233,-0.008802944,0.002030462,46.34146,235.9574,-234.9381,236.0465,-236.3322,0.03608431,-0.03387678,-1.040096e-05,-0.1541473,-0.1534814,-0.1542055,-0.1543922,0
0.1002087,-0.05085868,-9.326059,-0.006554104,-0.009084099,0.002067613,46.43759,236.2276,-235.0889,236.2894,-236.4991,0.0361206,-0.03388501,3.946575e-06,-0.1543238,-0.1535799,-0.1543642,-0.1545012,0
0.1230425,-0.02973048,-9.309149,-0.006761338,-0.009237785,0.002063718,46.53371,236.8407,-235.3177,236.8927,-236.7361,0.03615861,-0.03389043,2.149269e-05,-0.1547243,-0.1537294,-0.1547583,-0.1546561,0
-0.1029383,-0.2384982,-9.624106,-0.008869361,-0.01137408,0.0001781035,46.62983,236.7579,-236.5854,236.6224,-238.0399,0.03616479,-0.03392896,1.444175e-05,-0.1546702,-0.1545576,-0.1545817,-0.1555078,0
0.121571,-0.03135339,-9.351769,-0.00621997,-0.009023188,0.00189936,46.72595,237.1816,-236.6013,237.2618,-238.0097,0.03618964,-0.03395159,4.861106e-06,-0.1549471,-0.154568,-0.1549995,-0.1554881,0
-0.2926838,-0.4142468,-9.889912,-0.009018787,-0.01201859,-0.001057835,46.82207,237.0266,-236.4445,236.8491,-237.9155,0.03620724,-0.03398334,1.435947e-06,-0.1548458,-0.1544655,-0.1547298,-0.1554265,0
-0.1822281,-0.3123715,-9.738911,-0.007730265,-0.01072538,-0.0002139804,46.91818,236.5325,-236.6694,236.455,-238.1315,0.03622316,-0.03401617,-2.218808e-05,-0.154523,-0.1546125,-0.1544724,-0.1555676,0
-0.03930809,-0.1805165,-9.541403,-0.006044636,-0.009106745,0.001118475,47.01431,236.3916,-235.7921,236.4492,-237.244,0.03625868,-0.0340308,-2.787729e-05,-0.154431,-0.1540393,-0.1544686,-0.1549878,0
0.07250857,-0.07718702,-9.372065,-0.005533576,-0.008255271,0.0020195,47.11043,235.6758,-235.5596,235.779,-237.031,0.0362859,-0.03405266,-4.002144e-05,-0.1539634,-0.1538874,-0.1540307,-0.1548487,0
0.2380645,0.07569766,-9.140921,-0.004121768,-0.006767796,0.003394693,47.20655,236.0732,-234.42,236.3017,-235.8831,0.03634313,-0.03404225,-2.351749e-05,-0.1542229,-0.153143,-0.1543722,-0.1540988,0
0.1578163,0.001785523,-9.234154,-0.005985628,-0.008111349,0.002623991,47.30267,235.6337,-234.9821,235.7182,-236.498,0.03637508,-0.03405336,-1.537835e-05,-0.1539358,-0.1535101,-0.1539911,-0.1545005,0
0.1311695,-0.02288361,-9.28286,-0.006174602,-0.00839675,0.002332894,47.39878,236.3717,-235.0643,236.4378,-236.5769,0.03640956,-0.03406098,-3.608364e-06,-0.1544179,-0.1535639,-0.1544612,-0.154552,0
-0.004179817,-0.1479654,-9.472483,-0.007348506,-0.009559446,0.001193616,47.49488,236.4656,-235.6233,236.4301,-237.1591,0.03643468,-0.03407784,-1.102109e-06,-0.1544793,-0.1539291,-0.1544561,-0.1549324,0
0.211138,0.0508819,-9.204071,-0.005638227,-0.007702773,0.002750441,47.591,236.5583,-235.9992,236.6758,-237.5149,0.0364635,-0.03409041,-4.216231e-06,-0.1545399,-0.1541746,-0.1546166,-0.1551648,0
-0.1253386,-0.2601079,-9.649273,-0.008010752,-0.0101859,0.0002986373,47.6871,236.8299,-235.8988,236.7347,-237.4753,0.03645238,-0.03408043,-1.00359e-07,-0.1547173,-0.154109,-0.1546551,-0.1551389,0
0.0184834,-0.127358,-9.462967,-0.006646364,-0.008767382,0.001305484,47.7832,236.7587,-236.0716,236.781,-237.635,0.03648185,-0.03409123,-7.312398e-06,-0.1546708,-0.1542219,-0.1546854,-0.1552432,0
0.2156479,0.05477665,-9.205291,-0.005277253,-0.007193453,0.002849645,47.87931,236.4477,-236.1643,236.5921,-237.7234,0.03650993,-0.03410396,-1.25506e-05,-0.1544676,-0.1542825,-0.1545619,-0.155301,0
-0.12824,-0.2630659,-9.649954,-0.007606407,-0.009726639,0.0003707564,47.97541,236.8328,-235.6234,236.7632,-237.2324,0.03652837,-0.03410985,-6.419329e-06,-0.1547192,-0.1539291,-0.1546738,-0.1549802,0
-0.1482863,-0.2816762,-9.671869,-0.007620851,-0.009731681,0.0001482629,48.07151,236.4194,-236.0205,236.3437,-237.648,0.03652706,-0.03410318,-1.87637e-05,-0.1544491,-0.1541885,-0.1543997,-0.1552518,0
0.01262532,-0.1331152,-9.46032,-0.00609434,-0.008276813,0.001486234,48.16762,236.1102,-235.9825,236.1569,-237.5933,0.03655275,-0.03411938,-2.984748e-05,-0.1542471,-0.1541637,-0.1542776,-0.155216,0
-0.3297625,-0.4496093,-9.896343,-0.008175053,-0.01068235,-0.0009076688,48.26373,236.118,-235.3566,235.9622,-237.0091,0.03657524,-0.03414125,-3.511134e-05,-0.1542522,-0.1537548,-0.1541505,-0.1548343,0
-0.1425325,-0.276758,-9.636259,-0.006344262,-0.008829422,0.0005436451,48.35983,235.3338,-235.3677,235.3262,-237.0026,0.03660196,-0.03415878,-5.878582e-05,-0.1537399,-0.1537621,-0.153735,-0.1548301,0
0.3471374,0.1756053,-8.977737,-0.002530137,-0.004715766,0.004460548,48.45592,235.3128,-234.0742,235.6477,-235.6724,0.03666552,-0.03413811,-4.697443e-05,-0.1537262,-0.152917,-0.153945,-0.1539611,0
-0.20418,-0.3335405,-9.675884,-0.007881977,-0.009765264,0.0002765295,48.55202,235.1299,-234.0348,235.0076,-235.7433,0.03669323,-0.03415044,-3.257373e-05,-0.1536067,-0.1528913,-0.1535268,-0.1540074,0
0.1097182,-0.04359565,-9.273302,-0.005330331,-0.007192094,0.002433168,48.6481,235.2781,-234.4524,235.3785,-236.1228,0.03670069,-0.03412528,-3.897456e-05,-0.1537035,-0.1531641,-0.1537691,-0.1542554,0
-0.03343159,-0.1758784,-9.465958,-0.006450321,-0.008399722,0.001468502,48.74419,235.1927,-234.5107,235.1919,-236.2165,0.0367029,-0.03410928,-3.417794e-05,-0.1536477,-0.1532022,-0.1536472,-0.1543165,0
0.1789875,0.02032908,-9.187636,-0.004776651,-0.006651555,0.002991308,48.84025,235.6493,-234.0911,235.8022,-235.7881,0.03672295,-0.03407251,-2.230747e-05,-0.153946,-0.1529281,-0.1540459,-0.1540367,0
-0.1036618,-0.2407188,-9.559324,-0.007509145,-0.009339969,0.0007784728,48.93633,235.5988,-234.5842,235.5183,-236.3345,0.03675266,-0.03408073,-1.230126e-05,-0.1539131,-0.1532502,-0.1538604,-0.1543936,0
-0.02908396,-0.1718931,-9.475677,-0.006773173,-0.008729561,0.001213124,49.03239,235.6184,-235.2975,235.5942,-237.0306,0.03677237,-0.03410018,-2.395148e-05,-0.1539258,-0.1537162,-0.15391,-0.1548484,0
0.3366801,0.1658928,-9.005343,-0.00352281,-0.005474931,0.004056461,49.12844,236.0947,-234.5523,236.3588,-236.2439,0.03682729,-0.03408528,-1.23969e-05,-0.154237,-0.1532294,-0.1544096,-0.1543345,0
-0.01574587,-0.1595635,-9.458441,-0.007157871,-0.008766564,0.001330286,49.22449,235.8989,-234.926,235.8616,-236.7021,0.03685519,-0.03409506,-1.328564e-06,-0.1541091,-0.1534735,-0.1540847,-0.1546338,0
-0.0835155,-0.2222881,-9.559948,-0.007418279,-0.009176968,0.0006949708,49.32055,236.3364,-235.3306,236.2717,-237.1059,0.03688151,-0.03410504,-2.33012e-06,-0.1543949,-0.1537378,-0.1543526,-0.1548976,0
-0.2150428,-0.3439363,-9.742435,-0.00809936,-0.01001914,-0.0002668096,49.41659,235.859,-236.0385,235.7209,-237.8288,0.03688923,-0.03413657,-2.335808e-05,-0.154083,-0.1542003,-0.1539928,-0.1553699,0
-0.1660666,-0.2990038,-9.675556,-0.006548272,-0.008798174,0.0003388084,49.51263,236.2939,-234.9248,236.2764,-236.6967,0.03693173,-0.03413455,-2.272575e-05,-0.1543671,-0.1534727,-0.1543557,-0.1546303,0
-0.04147481,-0.1838017,-9.492407,-0.006258568,-0.007974558,0.001265461,49.60868,235.5572,-234.9137,235.5827,-236.7154,0.03696943,-0.03413391,-2.424267e-05,-0.1538859,-0.1534654,-0.1539025,-0.1546425,0
0.01197837,-0.1343884,-9.417128,-0.006161207,-0.007683377,0.001690178,49.70472,235.7285,-234.6726,235.7701,-236.5003,0.03696677,-0.03409947,-1.810373e-05,-0.1539977,-0.153308,-0.1540249,-0.154502,0
-0.07379458,-0.2136478,-9.528794,-0.006910528,-0.008481584,0.0009924585,49.80075,235.6443,-234.8367,235.618,-236.7019,0.03693962,-0.03406235,-2.170445e-05,-0.1539428,-0.1534152,-0.1539256,-0.1546336,0
-0.07807449,-0.217722,-9.535286,-0.006488086,-0.008406984,0.001008847,49.89679,235.6135,-234.807,235.6096,-236.6624,0.03697171,-0.03406828,-2.558775e-05,-0.1539226,-0.1533957,-0.1539201,-0.1546078,0
-0.08401135,-0.2232599,-9.538061,-0.0064135,-0.00845731,0.00102012,49.99281,235.2265,-234.9054,235.2193,-236.7672,0.03699705,-0.03408355,-3.573941e-05,-0.1536698,-0.15346,-0.1536651,-0.1546763,0
0.203628,0.04239609,-9.154864,-0.003916829,-0.005953748,0.003274179,50.08883,235.4825,-234.0472,235.6947,-235.8808,0.03704971,-0.03407152,-2.864938e-05,-0.153837,-0.1528994,-0.1539757,-0.1540973,0
-0.08869799,-0.2275574,-9.524645,-0.006890727,-0.008724588,0.001049655,50.18484,235.3055,-234.096,235.269,-235.9981,0.03708594,-0.03407406,-1.651823e-05,-0.1537214,-0.1529313,-0.1536976,-0.1541739,0
-0.2005838,-0.3309643,-9.677068,-0.007767554,-0.009704711,8.518476e-05,50.28085,235.5314,-234.5315,235.416,-236.4443,0.0371144,-0.03408303,-1.601976e-05,-0.153869,-0.1532158,-0.1537936,-0.1544654,0
0.1168465,-0.037743,-9.2728,-0.00529914,-0.007133582,0.002429275,50.37685,235.6069,-234.6321,235.7141,-236.5251,0.03711906,-0.03404985,-1.535494e-05,-0.1539183,-0.1532815,-0.1539884,-0.1545181,0
0.3367473,0.1654922,-8.987085,-0.004126167,-0.005646206,0.00405667,50.47286,236.0619,-234.1905,236.2937,-236.0922,0.03715326,-0.03401371,7.670679e-06,-0.1542156,-0.152993,-0.154367,-0.1542353,0
-0.07823247,-0.217766,-9.536232,-0.008147221,-0.009616863,0.0007257939,50.56885,236.0688,-235.1892,235.9557,-237.1622,0.03716893,-0.03403351,1.27262e-05,-0.15422,-0.1536454,-0.1541462,-0.1549343,0
-0.07173944,-0.2120019,-9.551696,-0.007274839,-0.009210428,0.0007000946,50.66484,236.5407,-235.6518,236.4882,-237.6062,0.03716225,-0.03402179,4.461151e-06,-0.1545284,-0.1539477,-0.154494,-0.1552245,0
0.2121181,0.05015044,-9.187595,-0.004887547,-0.006778566,0.002890329,50.76083,236.5081,-235.504,236.6693,-237.4382,0.03719523,-0.03401229,6.010839e-06,-0.1545071,-0.1538511,-0.1546124,-0.1551147,0
-0.236325,-0.3641731,-9.769743,-0.008547246,-0.01053142,-0.0004408775,50.85681,236.5684,-235.5689,236.4077,-237.5847,0.03719246,-0.03401307,9.779403e-06,-0.1545465,-0.1538935,-0.1544414,-0.1552104,0
0.2145221,0.05224174,-9.185529,-0.004753156,-0.006761018,0.002834694,50.9528,236.5768,-235.6861,236.7464,-237.6436,0.03723046,-0.03401444,-3.593586e-07,-0.1545519,-0.15397,-0.1546627,-0.1552489,0
-0.02800134,-0.1718373,-9.500299,-0.006768302,-0.008855036,0.001165957,51.04878,236.7352,-235.3076,236.7311,-237.3143,0.03726902,-0.03401672,1.51088e-05,-0.1546554,-0.1537228,-0.1546527,-0.1550337,0
0.1572855,-0.0005962923,-9.258281,-0.005859144,-0.007673097,0.002347655,51.14476,236.5301,-235.9428,236.615,-237.9474,0.03729367,-0.034031,6.225868e-06,-0.1545214,-0.1541378,-0.1545769,-0.1554473,0
0.1330148,-0.02315017,-9.29961,-0.005692675,-0.007730593,0.002266926,51.24075,237.2806,-235.3233,237.3793,-237.3291,0.03734063,-0.03402388,2.408759e-05,-0.1550117,-0.153733,-0.1550762,-0.1550434,0
0.04406715,-0.1052126,-9.416664,-0.007211855,-0.008926672,0.001396134,51.33673,236.8167,-236.3194,236.7962,-238.3681,0.03735877,-0.03404388,1.859502e-05,-0.1547087,-0.1543838,-0.1546953,-0.1557222,0
-0.08601098,-0.2256069,-9.602465,-0.007532191,-0.009646634,0.0004845943,51.43272,237.6007,-236.0833,237.5407,-238.131,0.03738933,-0.03405276,2.460444e-05,-0.1552208,-0.1542296,-0.1551817,-0.1555673,0
0.2587501,0.0929231,-9.155044,-0.005256988,-0.007007221,0.002951541,51.5287,237.7226,-236.0486,237.8841,-238.0814,0.03743887,-0.03403978,3.636142e-05,-0.1553005,-0.1542069,-0.155406,-0.1555349,0
0.1928794,0.03223366,-9.249564,-0.006868541,-0.008193208,0.002322863,51.62469,237.893,-236.6771,237.9374,-238.7568,0.03746583,-0.03404705,5.045446e-05,-0.1554118,-0.1546175,-0.1554408,-0.1559761,0
-0.1078805,-0.2457525,-9.665102,-0.009030238,-0.01062751,-8.778647e-05,51.72068,238.5843,-237.2525,238.4339,-239.3608,0.03747857,-0.03406916,5.16182e-05,-0.1558634,-0.1549933,-0.1557651,-0.1563707,0
0.04384225,-0.1057766,-9.485775,-0.007377546,-0.009103833,0.0009925292,51.81668,238.5052,-237.8775,238.4944,-239.9624,0.03749741,-0.03408657,3.748102e-05,-0.1558117,-0.1554016,-0.1558047,-0.1567637,0
-0.332513,-0.4536966,-9.981154,-0.009751573,-0.01176408,-0.00164096,51.91268,238.4828,-237.8428,238.2502,-239.9773,0.0375066,-0.03411631,2.946756e-05,-0.1557971,-0.155379,-0.1556451,-0.1567734,0
0.07165448,-0.08048372,-9.447175,-0.006163591,-0.008068928,0.001417628,52.00869,238.2997,-237.4984,238.3794,-239.5922,0.0375362,-0.03412469,1.341163e-05,-0.1556775,-0.155154,-0.1557295,-0.1565219,0
0.05022102,-0.100309,-9.460863,-0.006546556,-0.008270504,0.001445261,52.10471,237.8344,-237.1292,237.8831,-239.257,0.03756163,-0.03413779,9.181784e-06,-0.1553735,-0.1549128,-0.1554053,-0.1563029,0
0.09057425,-0.06309278,-9.394589,-0.006235547,-0.007897913,0.001786553,52.20074,237.9628,-236.572,238.0402,-238.7099,0.03759614,-0.03413998,1.161957e-05,-0.1554574,-0.1545488,-0.155508,-0.1559455,0
0.01691366,-0.1311268,-9.484129,-0.007174685,-0.008731188,0.001212018,52.29677,237.7498,-236.7066,237.7497,-238.8737,0.03762336,-0.03414827,1.287352e-05,-0.1553183,-0.1546367,-0.1553181,-0.1560525,0
-0.01888864,-0.1642625,-9.533154,-0.007478939,-0.009093141,0.0009267015,52.3928,237.8174,-236.8616,237.7887,-239.0513,0.03760948,-0.03413027,1.018507e-05,-0.1553624,-0.154738,-0.1553436,-0.1561685,0
0.1419497,-0.01575622,-9.325672,-0.006105258,-0.007778859,0.002139679,52.48885,237.9549,-236.6805,238.0455,-238.8548,0.037642,-0.03413404,1.090298e-05,-0.1554523,-0.1546197,-0.1555114,-0.1560401,0
0.01911644,-0.1292519,-9.484118,-0.007287015,-0.008964997,0.001221485,52.58489,237.9354,-236.7359,237.9248,-238.9413,0.03766842,-0.03414437,1.519096e-05,-0.1554395,-0.1546559,-0.1554326,-0.1560966,0
-0.2449273,-0.3733063,-9.832539,-0.00916108,-0.01106435,-0.0007888754,52.68093,237.8866,-237.1514,237.7022,-239.4014,0.03764259,-0.03413896,5.772516e-06,-0.1554076,-0.1549273,-0.1552872,-0.1563973,0
-0.09890527,-0.2386242,-9.645115,-0.00730858,-0.009510137,0.0003886601,52.77699,237.3994,-237.4032,237.3553,-239.6228,0.03765199,-0.03417103,-2.284114e-05,-0.1550893,-0.1550918,-0.1550605,-0.1565418,0
-0.007436598,-0.1543671,-9.51044,-0.005728297,-0.008215171,0.001399362,52.87305,237.3658,-236.1234,237.4445,-238.3313,0.03769097,-0.03417665,-2.579401e-05,-0.1550674,-0.1542558,-0.1551188,-0.1556982,0
-0.2595125,-0.3872349,-9.810565,-0.008030901,-0.01037641,-0.0004177471,52.96912,236.6734,-235.8809,236.5509,-238.1507,0.03771544,-0.03419533,-3.1324e-05,-0.1546151,-0.1540973,-0.154535,-0.1555801,0
0.1311823,-0.0263239,-9.288684,-0.005013732,-0.007222923,0.002540704,53.06518,236.308,-235.7179,236.4474,-237.9473,0.03774774,-0.03420532,-4.413732e-05,-0.1543763,-0.1539909,-0.1544674,-0.1554473,0
-0.03181537,-0.1769632,-9.488358,-0.006249206,-0.008548996,0.001502981,53.16124,236.5371,-234.7355,236.5671,-236.9975,0.0377904,-0.0342057,-2.899614e-05,-0.154526,-0.153349,-0.1545456,-0.1548268,0
0.04284526,-0.1078839,-9.379482,-0.006385293,-0.008344666,0.001889595,53.25731,236.1223,-235.1717,236.1532,-237.453,0.03781122,-0.03420788,-3.128582e-05,-0.154255,-0.153634,-0.1542752,-0.1551244,0
-0.01261862,-0.1591918,-9.457968,-0.006759678,-0.008835929,0.001516466,53.35337,236.1938,-235.3075,236.1866,-237.6018,0.03781119,-0.03420576,-3.30247e-05,-0.1543017,-0.1537227,-0.154297,-0.1552215,0
-0.005601954,-0.1528416,-9.448383,-0.00635875,-0.008608698,0.001594316,53.44943,236.4834,-234.8643,236.5071,-237.1572,0.03783962,-0.03420277,-2.741935e-05,-0.1544909,-0.1534332,-0.1545064,-0.1549311,0
-0.2798041,-0.4061913,-9.802354,-0.008688519,-0.01093882,-0.0004871955,53.54549,235.9363,-235.4615,235.7528,-237.8087,0.03782948,-0.03421327,-3.781377e-05,-0.1541335,-0.1538233,-0.1540136,-0.1553567,0
0.3082533,0.1369436,-9.035383,-0.003654249,-0.005889771,0.003983182,53.64155,236.178,-234.8408,236.4346,-237.1096,0.03787661,-0.03420832,-3.89723e-05,-0.1542914,-0.1534179,-0.1544591,-0.1549,0
0.08289365,-0.07115517,-9.317171,-0.006149145,-0.008099584,0.002353177,53.7376,236.3527,-234.2315,236.4103,-236.5667,0.0379226,-0.03420283,-1.154292e-05,-0.1544055,-0.1530198,-0.1544432,-0.1545453,0
0.1088591,-0.04703227,-9.286747,-0.006877631,-0.008445105,0.002230231,53.83365,236.2285,-235.3001,236.2389,-237.6537,0.03794225,-0.03421964,-1.303697e-05,-0.1543244,-0.1537179,-0.1543312,-0.1552554,0
-0.2712986,-0.3984773,-9.805057,-0.009136125,-0.01121899,-0.0005634345,53.9297,236.7171,-235.5679,236.5117,-237.9578,0.03791526,-0.03421336,-1.441006e-05,-0.1546436,-0.1538928,-0.1545094,-0.1554541,0
-0.1460656,-0.2830007,-9.64601,-0.007522014,-0.009758621,0.0003716042,54.02575,236.4288,-235.7737,236.3542,-238.1476,0.03791359,-0.03421757,-3.204079e-05,-0.1544552,-0.1540273,-0.1544065,-0.1555781,0
-0.08554116,-0.2272364,-9.558957,-0.006649924,-0.008978077,0.001031993,54.1218,236.0753,-235.3685,236.0675,-237.7412,0.03793866,-0.03423581,-4.107149e-05,-0.1542243,-0.1537626,-0.1542192,-0.1553126,0
-0.02516945,-0.1715466,-9.462137,-0.00606972,-0.008314575,0.001593887,54.21784,235.9303,-234.655,235.9724,-237.0357,0.03797301,-0.03424418,-4.242569e-05,-0.1541296,-0.1532965,-0.1541571,-0.1548517,0
0.07510477,-0.07888199,-9.315598,-0.005654878,-0.007637974,0.002366291,54.31388,235.8078,-234.2254,235.8975,-236.6178,0.03801626,-0.03424085,-3.344331e-05,-0.1540496,-0.1530158,-0.1541082,-0.1545787,0
0.01384582,-0.1353804,-9.390652,-0.006836597,-0.008552175,0.001824972,54.40992,235.8445,-234.372,235.8445,-236.7954,0.03804896,-0.03424534,-2.160997e-05,-0.1540736,-0.1531116,-0.1540736,-0.1546948,0
-0.07439481,-0.216927,-9.515405,-0.007719891,-0.009432647,0.001040727,54.50596,236.1285,-234.744,236.0536,-237.1802,0.03807189,-0.03425883,-1.752635e-05,-0.1542591,-0.1533546,-0.1542101,-0.1549461,0
0.1344927,-0.02401709,-9.253926,-0.00610222,-0.007706078,0.002538588,54.60199,236.498,-234.7399,236.5744,-237.1549,0.03811048,-0.03425548,-7.866964e-06,-0.1545005,-0.1533519,-0.1545504,-0.1549296,0
0.09649748,-0.05905143,-9.310228,-0.007105482,-0.008345142,0.00215195,54.69802,236.3077,-235.4155,236.3116,-237.8629,0.03812714,-0.03427285,-6.806174e-06,-0.1543762,-0.1537933,-0.1543787,-0.1553922,0
-0.1880209,-0.3221278,-9.694255,-0.008748461,-0.01027062,3.140443e-05,54.79405,236.8527,-235.3954,236.7029,-237.8792,0.03810333,-0.03425992,-6.880682e-06,-0.1547322,-0.1537801,-0.1546343,-0.1554028,0
0.4835316,0.2982367,-8.819875,-0.003620061,-0.00473272,0.004991164,54.89007,236.4209,-235.5979,236.7339,-238.0241,0.03811682,-0.03424028,-1.769426e-05,-0.1544501,-0.1539124,-0.1546546,-0.1554974,0
-0.1228605,-0.2620481,-9.606893,-0.00839436,-0.009713729,0.0006488177,54.9861,237.0321,-234.843,236.9269,-237.3592,0.03814581,-0.03424505,1.003545e-05,-0.1548494,-0.1534193,-0.1547807,-0.1550631,0
0.0324511,-0.1185448,-9.4066,-0.007633946,-0.00869907,0.001463939,55.08212,236.7273,-235.9081,236.6967,-238.4168,0.03815878,-0.03426229,-3.886424e-06,-0.1546503,-0.1541151,-0.1546303,-0.155754,0
-0.3445685,-0.4671172,-9.914526,-0.009768639,-0.01135961,-0.001162182,55.17815,236.9734,-235.9448,236.734,-238.4807,0.03816746,-0.03428802,-7.345559e-06,-0.154811,-0.1541391,-0.1546546,-0.1557958,0
0.2625268,0.09363443,-9.117277,-0.004869888,-0.006151794,0.00335737,55.27417,236.4391,-235.9576,236.6316,-238.4321,0.03819042,-0.03429906,-2.991186e-05,-0.154462,-0.1541475,-0.1545878,-0.155764,0
-0.08651941,-0.2289694,-9.559158,-0.007334743,-0.008712737,0.001054207,55.3702,236.5966,-234.8729,236.5695,-237.4111,0.03821018,-0.03429679,-1.774882e-05,-0.1545649,-0.1534388,-0.1545472,-0.155097,0
0.1222853,-0.03602508,-9.269858,-0.006210367,-0.007179182,0.00245958,55.46623,236.0495,-235.1526,236.1335,-237.7113,0.0381796,-0.03425695,-2.798554e-05,-0.1542075,-0.1536215,-0.1542623,-0.1552931,0
0.2293066,0.06280302,-9.12928,-0.005373173,-0.006430722,0.003382108,55.56226,236.2888,-234.6845,236.445,-237.2341,0.03821522,-0.03425276,-1.658847e-05,-0.1543638,-0.1533157,-0.1544659,-0.1549814,0
-0.002476602,-0.1513017,-9.427799,-0.007586642,-0.008648315,0.001545344,55.65828,236.4794,-234.7128,236.4465,-237.3059,0.03824031,-0.03425859,-4.871918e-06,-0.1544883,-0.1533342,-0.1544668,-0.1550282,0
-0.1885556,-0.3232983,-9.680736,-0.008977411,-0.0102228,3.256602e-05,55.7543,236.4786,-235.4272,236.3174,-238.0406,0.03824257,-0.03427147,-1.060005e-05,-0.1544878,-0.1538009,-0.1543825,-0.1555082,0
-0.1287768,-0.2682695,-9.612934,-0.007959977,-0.009429757,0.0005378516,55.85031,236.206,-235.8118,236.1186,-238.4147,0.03822745,-0.03428129,-3.081398e-05,-0.1543097,-0.1540522,-0.1542526,-0.1557526,0
0.2631031,0.09358502,-9.093654,-0.004343531,-0.005828756,0.003672942,55.94633,236.3325,-234.7153,236.5595,-237.275,0.03826926,-0.03427522,-2.952944e-05,-0.1543923,-0.1533359,-0.1545406,-0.155008,0
0.08053017,-0.07497818,-9.31077,-0.006573214,-0.007677942,0.002327124,56.04235,236.0858,-234.3708,236.1357,-236.9965,0.03830247,-0.03427484,-1.485799e-05,-0.1542312,-0.1531108,-0.1542638,-0.1548262,0
-0.07314442,-0.2169393,-9.511637,-0.008146757,-0.009192573,0.001025787,56.13837,236.0972,-234.9416,236.0116,-237.5943,0.03831648,-0.03429131,-1.619492e-05,-0.1542387,-0.1534837,-0.1541827,-0.1552167,0
-0.1894312,-0.3245651,-9.674909,-0.00851087,-0.009880885,0.0001815397,56.23438,236.2595,-235.0925,236.128,-237.7443,0.0383305,-0.03430982,-2.224937e-05,-0.1543446,-0.1535823,-0.1542587,-0.1553146,0
0.03287347,-0.1193125,-9.383226,-0.006562529,-0.00784547,0.00189758,56.33039,236.0204,-234.9784,236.0596,-237.6107,0.03835448,-0.03431875,-3.040104e-05,-0.1541885,-0.1535077,-0.1542141,-0.1552274,0
-0.1457364,-0.2844089,-9.607198,-0.007927863,-0.009165072,0.0006837305,56.4264,236.1216,-234.4303,236.0439,-237.101,0.03838156,-0.03432373,-2.188098e-05,-0.1542546,-0.1531497,-0.1542038,-0.1548944,0
-0.03401297,-0.1811848,-9.45467,-0.007441319,-0.008381722,0.001416768,56.5224,235.8475,-234.6873,235.822,-237.3641,0.03840275,-0.03433166,-2.609729e-05,-0.1540755,-0.1533175,-0.1540589,-0.1550663,0
-0.1030082,-0.2450149,-9.546626,-0.007917458,-0.008877331,0.0009650802,56.61841,235.6964,-234.8174,235.6239,-237.5075,0.03841374,-0.03435081,-3.350371e-05,-0.1539768,-0.1534026,-0.1539294,-0.15516,0
-0.4634153,-0.5782384,-10.01276,-0.009926693,-0.01126359,-0.001607375,56.7144,235.8296,-234.3691,235.5632,-237.0919,0.0384275,-0.03436838,-3.805259e-05,-0.1540638,-0.1531097,-0.1538898,-0.1548884,0
-0.01688944,-0.1657836,-9.417745,-0.006443569,-0.007447537,0.001754355,56.8104,235.0468,-234.4444,235.0902,-237.1287,0.03845155,-0.03437381,-5.58709e-05,-0.1535524,-0.1531588,-0.1535808,-0.1549125,0
0.06656725,-0.08870041,-9.293978,-0.005984602,-0.006747406,0.00260338,56.90639,235.3232,-233.2612,235.4178,-235.9607,0.0384929,-0.03436062,-3.663285e-05,-0.153733,-0.1523859,-0.1537948,-0.1541495,0
0.1107377,-0.04772016,-9.223134,-0.006729656,-0.006929182,0.002725434,57.00237,235.3198,-233.3062,235.3759,-236.0397,0.03852562,-0.03435054,-2.147858e-05,-0.1537308,-0.1524153,-0.1537674,-0.1542011,0
-0.04615302,-0.1926243,-9.439846,-0.008468228,-0.00856526,0.001402505,57.09835,235.4095,-234.129,235.3203,-236.8897,0.03853686,-0.03436052,-1.71578e-05,-0.1537893,-0.1529528,-0.1537311,-0.1547564,0
0.1733803,0.01007095,-9.170443,-0.00656686,-0.006654415,0.002976283,57.19432,236.1116,-234.014,236.1962,-236.743,0.03856862,-0.03434907,-4.266573e-06,-0.154248,-0.1528777,-0.1543033,-0.1546606,0
0.03501403,-0.1177044,-9.359786,-0.008341943,-0.008091545,0.001811943,57.29028,236.3531,-234.3786,236.3046,-237.154,0.03859064,-0.03434473,1.396784e-05,-0.1544058,-0.1531159,-0.1543741,-0.154929,0
0.1601613,-0.002079874,-9.215132,-0.007862781,-0.007300622,0.002520064,57.38625,236.6781,-235.1895,236.6885,-237.9639,0.03860253,-0.03434763,1.790211e-05,-0.1546181,-0.1536456,-0.1546249,-0.1554581,0
0.01254671,-0.1385979,-9.429405,-0.008861502,-0.008361514,0.001376329,57.48221,237.0224,-235.6419,236.9455,-238.4359,0.03860565,-0.03436029,1.808088e-05,-0.154843,-0.1539412,-0.1547928,-0.1557665,0
0.2864001,0.1142535,-9.081906,-0.006542828,-0.005860559,0.003386707,57.57816,237.2751,-235.6072,237.4121,-238.3924,0.03858752,-0.03431918,1.957493e-05,-0.1550082,-0.1539185,-0.1550976,-0.1557381,0
-0.2510092,-0.3823228,-9.786278,-0.01082878,-0.01023001,-0.0006032833,57.67413,237.2791,-235.9174,237.0404,-238.7943,0.03856201,-0.03431554,2.349777e-05,-0.1550108,-0.1541212,-0.1548548,-0.1560006,0
-0.1401803,-0.2801628,-9.649417,-0.009316952,-0.008997413,0.0001525416,57.77009,237.3218,-236.2431,237.2012,-239.0914,0.03856487,-0.03432743,7.441226e-06,-0.1550387,-0.1543339,-0.1549599,-0.1561947,0
-0.04556186,-0.1929151,-9.525068,-0.008194163,-0.007977623,0.001036145,57.86605,236.9193,-236.1055,236.8873,-238.9501,0.0385715,-0.03433881,-5.617344e-06,-0.1547757,-0.1542441,-0.1547548,-0.1561024,0
0.007565595,-0.1439675,-9.440926,-0.007524859,-0.0073024,0.00158176,57.96202,236.8528,-235.3687,236.876,-238.2221,0.03858926,-0.03433932,-8.481427e-06,-0.1547323,-0.1537627,-0.1547474,-0.1556268,0
-0.1485962,-0.2882896,-9.628993,-0.008845117,-0.008589864,0.0004674043,58.05799,236.4686,-235.2214,236.3742,-238.1139,0.03859989,-0.03434617,-1.30449e-05,-0.1544813,-0.1536665,-0.1544196,-0.1555561,0
-0.1063549,-0.2493635,-9.565867,-0.008367353,-0.008175441,0.0008371139,58.15396,236.153,-235.2161,236.0923,-238.1085,0.03860794,-0.03435591,-2.465356e-05,-0.1542751,-0.153663,-0.1542355,-0.1555526,0
-0.3946875,-0.5159355,-9.933223,-0.01004211,-0.01020631,-0.001150629,58.24993,235.9935,-234.8115,235.7668,-237.7356,0.0386124,-0.0343718,-3.345886e-05,-0.1541709,-0.1533987,-0.1540228,-0.155309,0
-0.06100355,-0.2077806,-9.481821,-0.007157153,-0.007252397,0.001425787,58.3459,235.4013,-234.5049,235.4216,-237.3963,0.03863,-0.03437455,-5.074932e-05,-0.153784,-0.1531984,-0.1537973,-0.1550873,0
0.39141,0.2102346,-8.870658,-0.004058936,-0.003739265,0.004995486,58.44186,235.45,-233.2523,235.7608,-236.123,0.03867915,-0.03434372,-3.147481e-05,-0.1538158,-0.1523801,-0.1540188,-0.1542555,0
0.1130917,-0.0466257,-9.218551,-0.007706516,-0.006893115,0.002742244,58.53782,235.4757,-233.3811,235.4939,-236.3354,0.03870018,-0.03433672,-8.418022e-06,-0.1538326,-0.1524642,-0.1538445,-0.1543942,0
0.07539285,-0.08146395,-9.285255,-0.008265438,-0.007527363,0.002198815,58.63377,236.1902,-233.9509,236.1665,-236.9037,0.03872006,-0.0343284,6.273688e-06,-0.1542994,-0.1528365,-0.1542839,-0.1547655,0
0.1562343,-0.006767459,-9.203854,-0.008072511,-0.007221805,0.002627489,58.72972,236.2165,-235.0128,236.2195,-237.9644,0.03872563,-0.03433509,7.420019e-06,-0.1543165,-0.1535302,-0.1543186,-0.1554584,0
0.09943038,-0.0594162,-9.298197,-0.008207223,-0.007500105,0.002189065,58.82566,236.9235,-235.0067,236.9149,-237.9621,0.03873587,-0.03433841,1.528741e-05,-0.1547784,-0.1535262,-0.1547728,-0.1554569,0
0.1018622,-0.05726343,-9.303441,-0.008262511,-0.007412954,0.002108778,58.9216,237.0873,-235.2295,237.0852,-238.2008,0.03875012,-0.03433606,2.052171e-05,-0.1548854,-0.1536718,-0.1548841,-0.1556129,0
-0.04803551,-0.1958152,-9.508192,-0.009628598,-0.008678297,0.0009354327,59.01754,237.2274,-235.664,237.1142,-238.6701,0.03875524,-0.03434121,2.564063e-05,-0.1549769,-0.1539556,-0.154903,-0.1559195,0
0.01119874,-0.1412103,-9.442773,-0.009117042,-0.008121171,0.001302064,59.11349,237.4839,-235.9361,237.4195,-238.946,0.03874999,-0.03433815,2.420543e-05,-0.1551446,-0.1541334,-0.1551024,-0.1560997,0
-0.1020911,-0.2460244,-9.598187,-0.009801618,-0.008887248,0.0004723857,59.20943,237.4473,-236.1606,237.3199,-239.2116,0.03869431,-0.03430575,1.71828e-05,-0.1551206,-0.15428,-0.1550374,-0.1562732,0
-0.04517454,-0.1936372,-9.524066,-0.008860623,-0.008174269,0.0009647137,59.30538,237.2878,-236.1406,237.2306,-239.1831,0.03869636,-0.03431632,4.951819e-06,-0.1550165,-0.154267,-0.1549791,-0.1562546,0
-0.04468383,-0.1933353,-9.515011,-0.00852193,-0.007997723,0.001108478,59.40133,237.2245,-235.6303,237.1898,-238.6814,0.03870967,-0.03431725,4.216362e-06,-0.1549751,-0.1539336,-0.1549524,-0.1559269,0
-0.02487215,-0.1750565,-9.477699,-0.008603787,-0.007986024,0.001264682,59.49729,236.8888,-235.6161,236.848,-238.6866,0.03871667,-0.03432425,-1.148477e-06,-0.1547558,-0.1539243,-0.1547291,-0.1559302,0
-0.2140752,-0.3499947,-9.720407,-0.009781045,-0.009427825,-7.111905e-05,59.59324,236.7519,-235.5666,236.5932,-238.6609,0.03871506,-0.03434186,-1.089051e-05,-0.1546663,-0.153892,-0.1545627,-0.1559135,0
0.1355335,-0.02714622,-9.255848,-0.006730222,-0.006393251,0.002625113,59.6892,236.8976,-234.7949,237.0074,-237.8526,0.03874705,-0.03432531,-5.833691e-06,-0.1547615,-0.1533878,-0.1548333,-0.1553854,0
-0.01077752,-0.1621697,-9.435177,-0.008878045,-0.008193232,0.001499869,59.78516,236.5673,-234.9886,236.5058,-238.1071,0.03875838,-0.03432777,4.424752e-06,-0.1545458,-0.1535144,-0.1545056,-0.1555516,0
0.1498407,-0.01381473,-9.232874,-0.007822478,-0.007112838,0.002564378,59.88111,237.0958,-235.048,237.1319,-238.1509,0.038774,-0.03432462,1.143695e-05,-0.154891,-0.1535532,-0.1549146,-0.1555803,0
-0.06180513,-0.2093954,-9.519518,-0.009656392,-0.009039422,0.0009180863,59.97707,237.0787,-235.5717,236.9539,-238.71,0.03877449,-0.03433808,1.22777e-05,-0.1548798,-0.1538953,-0.1547983,-0.1559455,0
0.2603195,0.08808134,-9.108419,-0.007027171,-0.006354312,0.003279426,60.07303,237.2613,-235.6875,237.3709,-238.8011,0.03875856,-0.03431288,9.954523e-06,-0.1549991,-0.153971,-0.1550708,-0.156005,0
-0.04785302,-0.1967103,-9.51342,-0.009486572,-0.008933001,0.001029071,60.16899,237.411,-235.6342,237.3042,-238.8001,0.03876223,-0.0343243,1.722499e-05,-0.1550969,-0.1539362,-0.1550272,-0.1560044,0
-0.02715532,-0.1777244,-9.489754,-0.009145767,-0.008696803,0.001085445,60.26495,237.5093,-235.866,237.4301,-239.0428,0.0387352,-0.03430428,1.270343e-05,-0.1551611,-0.1540876,-0.1551094,-0.156163,0
0.03895005,-0.1167529,-9.40781,-0.008568447,-0.008201972,0.001621824,60.36091,237.2761,-236.1161,237.2427,-239.2925,0.03873779,-0.03431815,5.416855e-06,-0.1550088,-0.154251,-0.154987,-0.1563261,0
0.01868667,-0.1356268,-9.432338,-0.008419297,-0.00824498,0.001551497,60.45688,237.4614,-235.7158,237.4334,-238.8985,0.03874712,-0.03432715,5.385653e-06,-0.1551298,-0.1539895,-0.1551115,-0.1560687,0
-0.09699495,-0.2425981,-9.577173,-0.009283958,-0.009184166,0.0006933775,60.55285,237.2742,-235.719,237.1668,-238.9282,0.0387533,-0.03433961,1.861729e-06,-0.1550075,-0.1539916,-0.1549374,-0.1560881,0
-0.03232615,-0.1829567,-9.489952,-0.008703586,-0.008642706,0.001208929,60.64883,237.0786,-235.7917,237.0178,-239.0008,0.03875921,-0.03435272,-5.368954e-06,-0.1548798,-0.154039,-0.1548401,-0.1561355,0
-0.07764401,-0.2249513,-9.544873,-0.008869911,-0.008923881,0.0009575808,60.74479,237.0317,-235.5258,236.949,-238.7478,0.03876534,-0.03436701,-9.32826e-06,-0.1548491,-0.1538654,-0.1547951,-0.1559702,0
0.01736507,-0.1372769,-9.41273,-0.008056585,-0.008091997,0.001705537,60.84077,236.9098,-235.2445,236.8972,-238.4667,0.03877914,-0.03437347,-1.209069e-05,-0.1547695,-0.1536816,-0.1547612,-0.1557866,0
0.0504302,-0.106756,-9.361824,-0.008053671,-0.00796951,0.001987627,60.93675,236.7708,-235.1012,236.7632,-238.3426,0.03878375,-0.03437077,-9.200464e-06,-0.1546787,-0.153588,-0.1546737,-0.1557055,0
-0.08077776,-0.2280309,-9.530581,-0.0092058,-0.009161216,0.0009872467,61.03273,236.8183,-235.1288,236.7088,-238.4077,0.03875892,-0.03435752,-7.82447e-06,-0.1547097,-0.153606,-0.1546382,-0.155748,0
0.02743369,-0.1281651,-9.391254,-0.008229224,-0.008313006,0.001769297,61.12871,236.6395,-235.3514,236.6078,-238.6244,0.03874206,-0.03435558,-1.765933e-05,-0.1545929,-0.1537514,-0.1545722,-0.1558896,0
-0.1059472,-0.2515636,-9.562946,-0.008820813,-0.009248964,0.0009007475,61.22469,236.9517,-234.748,236.8578,-238.034,0.03876087,-0.03435974,-8.196572e-06,-0.1547969,-0.1533573,-0.1547356,-0.1555039,0
0.04225092,-0.1146092,-9.363129,-0.008221307,-0.008391867,0.001888818,61.32066,236.4972,-235.2123,236.4641,-238.5044,0.03876908,-0.03437331,-1.391939e-05,-0.1544999,-0.1536606,-0.1544783,-0.1558112,0
-0.03162226,-0.1829833,-9.463873,-0.0086111,-0.008963726,0.001411547,61.41665,236.8576,-234.934,236.7843,-238.2385,0.03877108,-0.03437753,-8.671607e-06,-0.1547354,-0.1534787,-0.1546875,-0.1556375,0
-0.1682784,-0.3093383,-9.64086,-0.009629264,-0.01006428,0.0003391232,61.51263,236.632,-235.1982,236.4647,-238.5446,0.0387225,-0.03435757,-1.670435e-05,-0.154588,-0.1536513,-0.1544787,-0.1558375,0
0.3277987,0.1488645,-8.992771,-0.005616361,-0.006017475,0.004098072,61.6086,236.6377,-234.8811,236.823,-238.1706,0.03874921,-0.03435506,-1.653686e-05,-0.1545917,-0.1534441,-0.1547128,-0.1555932,0
0.1574166,-0.008479029,-9.20789,-0.007591946,-0.007857911,0.002849392,61.70457,237.0096,-234.3697,237.0356,-237.7111,0.03877559,-0.03435236,1.013144e-05,-0.1548347,-0.1531101,-0.1548517,-0.155293,0
0.2185652,0.04811279,-9.135412,-0.007982818,-0.007976244,0.002987078,61.80056,237.1882,-235.2088,237.1962,-238.5628,0.03878648,-0.03436199,1.736492e-05,-0.1549514,-0.1536582,-0.1549566,-0.1558494,0
0.03156351,-0.1247718,-9.404417,-0.009371685,-0.009616092,0.00151143,61.89653,237.6462,-235.8542,237.5275,-239.2236,0.03878702,-0.03438397,2.194594e-05,-0.1552506,-0.1540799,-0.155173,-0.1562811,0
0.1213778,-0.04197685,-9.303757,-0.008398762,-0.008722872,0.002103775,61.99252,237.9527,-236.1452,237.9183,-239.5058,0.03878379,-0.03439143,2.029981e-05,-0.1554508,-0.15427,-0.1554283,-0.1564654,0
-0.2222249,-0.3596012,-9.760303,-0.01082154,-0.01132446,-0.0004288259,62.0885,238.0087,-236.3955,237.7559,-239.8156,0.0387466,-0.03439143,1.799023e-05,-0.1554873,-0.1544335,-0.1553222,-0.1566678,0
0.1580817,-0.008424222,-9.267198,-0.007560362,-0.008032614,0.002389978,62.18449,237.9253,-236.4553,237.9562,-239.8396,0.0387342,-0.03438515,6.693232e-06,-0.1554329,-0.1544725,-0.1554531,-0.1566835,0
-0.1400926,-0.2840222,-9.652389,-0.009748228,-0.01043655,0.0003147902,62.28048,237.7895,-236.2614,237.6173,-239.6933,0.03873352,-0.0344131,4.94198e-06,-0.1553442,-0.1543459,-0.1552317,-0.1565879,0
0.0840821,-0.07707697,-9.352901,-0.007703106,-0.008430701,0.001978274,62.37648,237.8934,-235.8863,237.8968,-239.2937,0.03875224,-0.03442074,2.020751e-06,-0.155412,-0.1541009,-0.1554143,-0.1563268,0
-0.0355065,-0.1875652,-9.502815,-0.009040889,-0.009658447,0.001129874,62.47248,237.4543,-236.1165,237.3429,-239.5786,0.03871256,-0.03440623,-7.891292e-07,-0.1551252,-0.1542512,-0.1550524,-0.156513,0
0.1518737,-0.01458316,-9.257452,-0.007371616,-0.008102507,0.002538614,62.56849,237.9349,-235.5988,237.9672,-239.0488,0.03870311,-0.03438289,6.111821e-06,-0.1554391,-0.153913,-0.1554602,-0.1561668,0
0.142016,-0.02364354,-9.268625,-0.008012788,-0.008683609,0.002385216,62.6645,237.5697,-236.0625,237.5484,-239.5424,0.03868714,-0.03438426,4.938153e-06,-0.1552006,-0.154216,-0.1551867,-0.1564894,0
0.1129786,-0.05061696,-9.313195,-0.007939754,-0.008962559,0.002174858,62.76052,238.1864,-235.7848,238.163,-239.2705,0.03867332,-0.03436581,1.560142e-05,-0.1556034,-0.1540345,-0.1555882,-0.1563117,0
0.002446719,-0.1527578,-9.462352,-0.009103449,-0.01020656,0.001225316,62.85653,238.0315,-236.3895,237.9045,-239.899,0.03867803,-0.03439173,1.455638e-05,-0.1555023,-0.1544296,-0.1554193,-0.1567223,0
0.0390792,-0.1190806,-9.425892,-0.008509077,-0.009877384,0.001493023,62.95256,238.1367,-236.7067,238.0492,-240.2146,0.03864876,-0.03439585,5.561207e-06,-0.155571,-0.1546368,-0.1555138,-0.1569284,0
-0.2053145,-0.34512,-9.747131,-0.009723107,-0.01154843,-0.0002220506,63.04859,238.0101,-236.6692,237.7922,-240.1967,0.03864525,-0.03443721,-8.505059e-06,-0.1554883,-0.1546123,-0.155346,-0.1569168,0
0.2686167,0.09254056,-9.11824,-0.005594986,-0.007398413,0.003432286,63.14462,237.9604,-235.9124,238.1025,-239.3872,0.03867903,-0.03444113,-1.030058e-05,-0.1554558,-0.1541179,-0.1555486,-0.1563879,0
0.06351485,-0.09683453,-9.370061,-0.008105302,-0.009587302,0.001946656,63.24067,237.4824,-235.9768,237.4146,-239.519,0.03868777,-0.03446943,-5.842491e-06,-0.1551436,-0.15416,-0.1550993,-0.1564741,0
-0.0504408,-0.2022825,-9.519883,-0.00866072,-0.01040334,0.0010414,63.33672,237.9965,-235.7625,237.8689,-239.3117,0.03869058,-0.03448485,-4.726079e-06,-0.1554794,-0.15402,-0.155396,-0.1563386,0
-0.142979,-0.2878962,-9.642505,-0.009285474,-0.01114193,0.0003382795,63.43276,237.6711,-236.1245,237.4832,-239.7069,0.03864697,-0.03446788,-1.131202e-05,-0.1552668,-0.1542565,-0.1551441,-0.1565968,0
0.2882321,0.1104079,-9.079535,-0.005962393,-0.007732823,0.003596677,63.52882,237.6244,-235.9944,237.7276,-239.5302,0.03866871,-0.03448416,-1.403103e-05,-0.1552363,-0.1541715,-0.1553037,-0.1564813,0
0.1559376,-0.0118408,-9.247911,-0.007271008,-0.009038246,0.002653088,63.62488,237.9924,-235.4509,237.9841,-239.0203,0.03869197,-0.03449976,2.303655e-06,-0.1554767,-0.1538164,-0.1554713,-0.1561483,0
-0.006048684,-0.1615175,-9.46097,-0.008901007,-0.01061824,0.00125825,63.72094,238.0819,-235.9544,237.9353,-239.554,0.03870497,-0.03452346,7.090435e-06,-0.1555352,-0.1541453,-0.1554395,-0.1564969,0
0.223635,0.05061039,-9.175887,-0.007304139,-0.008907503,0.002889021,63.81701,238.2248,-236.4628,238.2233,-240.0383,0.03872059,-0.03454392,8.490426e-06,-0.1556285,-0.1544774,-0.1556275,-0.1568133,0
-0.08939256,-0.2387159,-9.595894,-0.009711962,-0.0114314,0.0005494747,63.91308,238.7054,-236.4887,238.4903,-240.1072,0.03872655,-0.034575,1.704264e-05,-0.1559426,-0.1544944,-0.155802,-0.1568583,0
-0.4173186,-0.5419171,-10.03327,-0.0117904,-0.01375524,-0.001995053,64.00916,238.3171,-237.4342,237.9011,-241.0948,0.03867387,-0.03460411,-1.017137e-05,-0.1556889,-0.1551121,-0.1554171,-0.1575035,0
-0.1037917,-0.2526798,-9.625916,-0.007979534,-0.01029046,0.000619607,64.10525,237.8902,-237.0956,237.7789,-240.6939,0.03867722,-0.0346429,-4.103962e-05,-0.15541,-0.1548909,-0.1553373,-0.1572416,0
0.1001183,-0.06445692,-9.329912,-0.006076091,-0.008206875,0.002491619,64.20134,237.6673,-235.4402,237.723,-239.0395,0.03871274,-0.03464942,-3.581052e-05,-0.1552643,-0.1538094,-0.1553008,-0.1561608,0
0.01265454,-0.1451173,-9.412358,-0.007790748,-0.009375188,0.001799466,64.29744,237.1216,-235.2179,237.0442,-238.8875,0.03869808,-0.03463754,-3.144252e-05,-0.1549079,-0.1536642,-0.1548573,-0.1560615,0
-0.09108222,-0.2410188,-9.544971,-0.008651286,-0.01037156,0.0009871644,64.39354,237.3738,-235.1664,237.2142,-238.8443,0.0387154,-0.03465605,-2.554825e-05,-0.1550726,-0.1536305,-0.1549684,-0.1560333,0
0.000277725,-0.156659,-9.429087,-0.008112361,-0.009821158,0.001597049,64.48965,237.3213,-235.4306,237.2079,-239.0999,0.03873213,-0.03467543,-2.45047e-05,-0.1550383,-0.1538032,-0.1549643,-0.1562003,0
0.1065416,-0.05853721,-9.295229,-0.007486789,-0.009074688,0.002373605,64.58575,237.4861,-235.454,237.4312,-239.119,0.03875002,-0.03469364,-1.9499e-05,-0.155146,-0.1538185,-0.1551101,-0.1562127,0
-0.1632101,-0.3078578,-9.651379,-0.00960396,-0.01123028,0.0003224129,64.68186,237.7029,-235.5527,237.4605,-239.2558,0.03875883,-0.03472057,-1.4925e-05,-0.1552876,-0.1538829,-0.1551293,-0.1563021,0
-0.07492078,-0.226433,-9.541964,-0.008794365,-0.01033951,0.0009156824,64.77798,237.3457,-236.1778,237.1692,-239.8706,0.03875921,-0.03475551,-3.208973e-05,-0.1550543,-0.1542913,-0.154939,-0.1567037,0
-0.02139839,-0.1772234,-9.472063,-0.007797758,-0.009411318,0.001511168,64.87408,237.6851,-235.3707,237.5905,-239.0555,0.0387826,-0.03476769,-2.615904e-05,-0.155276,-0.153764,-0.1552142,-0.1561712,0
0.006299842,-0.1516057,-9.423322,-0.008203454,-0.009335844,0.001654021,64.97021,237.1798,-235.57,237.0626,-239.2854,0.03879245,-0.03479023,-3.025244e-05,-0.1549459,-0.1538942,-0.1548693,-0.1563214,0
0.04109551,-0.1195838,-9.377642,-0.007830743,-0.008888563,0.001962496,65.06632,237.4995,-235.2222,237.4158,-238.9409,0.03880166,-0.03479289,-2.403159e-05,-0.1551547,-0.153667,-0.1551001,-0.1560964,0
0.334388,0.1514159,-8.992241,-0.006168103,-0.006737933,0.004064377,65.16245,237.5665,-235.1271,237.6501,-238.8456,0.03881036,-0.03477139,-1.113281e-05,-0.1551985,-0.1536049,-0.1552531,-0.1560341,0
-0.2973137,-0.4322022,-9.823783,-0.01151218,-0.01216764,-0.0007463733,65.25858,237.8434,-235.6877,237.4579,-239.4935,0.03880647,-0.03480139,4.67229e-07,-0.1553794,-0.1539711,-0.1551276,-0.1564574,0
0.003227606,-0.1547636,-9.45027,-0.00869552,-0.009424149,0.00132296,65.35471,237.9047,-236.4225,237.7578,-240.1839,0.03877725,-0.03479875,-1.763283e-05,-0.1554194,-0.1544511,-0.1553235,-0.1569084,0
-0.1010286,-0.2513074,-9.592199,-0.008978639,-0.009878281,0.0007644244,65.45084,237.6993,-236.2747,237.5139,-240.0488,0.03877786,-0.03482772,-2.612684e-05,-0.1552853,-0.1543546,-0.1551641,-0.1568202,0
0.1055671,-0.06061227,-9.309664,-0.007048325,-0.00781409,0.002388725,65.54697,237.8472,-235.4295,237.8327,-239.1895,0.03880351,-0.03482973,-2.318804e-05,-0.1553819,-0.1538024,-0.1553724,-0.1562587,0
0.1430137,-0.02592994,-9.248026,-0.007567979,-0.007843953,0.002644394,65.64313,237.287,-235.6634,237.2421,-239.4611,0.03880419,-0.03483413,-2.310581e-05,-0.1550159,-0.1539552,-0.1549865,-0.1564362,0
-0.02700409,-0.1831252,-9.470872,-0.008752925,-0.009138345,0.001391107,65.73927,237.6929,-235.442,237.5399,-239.2826,0.03875151,-0.03479379,-1.792061e-05,-0.1552811,-0.1538106,-0.1551811,-0.1563196,0
-0.3516013,-0.483183,-9.896178,-0.0108634,-0.01163438,-0.00106762,65.83542,237.333,-235.9617,236.9739,-239.8382,0.03872127,-0.03480988,-3.351439e-05,-0.1550459,-0.1541501,-0.1548114,-0.1566826,0
-0.07867541,-0.2313108,-9.538248,-0.007801665,-0.008935135,0.001129957,65.93157,237.2033,-235.558,237.0909,-239.381,0.03873719,-0.03482346,-4.600552e-05,-0.1549612,-0.1538864,-0.1548878,-0.1563839,0
0.2331176,0.05676117,-9.112761,-0.005741549,-0.006527752,0.003597263,66.02773,236.7266,-234.9596,236.8022,-238.7762,0.03876106,-0.03482942,-4.640328e-05,-0.1546498,-0.1534955,-0.1546992,-0.1559888,0
0.1966635,0.02311754,-9.144541,-0.006476357,-0.007052673,0.003351076,66.12388,237.0842,-234.1599,237.1072,-238.0166,0.03876452,-0.0347992,-2.600731e-05,-0.1548834,-0.152973,-0.1548984,-0.1554926,0
-0.1323718,-0.2808006,-9.572918,-0.009663165,-0.01020282,0.0006950797,66.22004,236.8745,-234.9855,236.6207,-238.8959,0.03876821,-0.03482083,-2.345954e-05,-0.1547464,-0.1535124,-0.1545807,-0.156067,0
-0.1583219,-0.3049828,-9.623275,-0.009290369,-0.0102178,0.0004725272,66.31619,237.099,-235.4138,236.8606,-239.3129,0.03874376,-0.03482131,-3.152778e-05,-0.1548931,-0.1537922,-0.1547374,-0.1563394,0
0.07001536,-0.09419348,-9.328493,-0.007140144,-0.008127781,0.00225726,66.41235,237.0986,-235.0997,237.0435,-238.9711,0.03876265,-0.03483208,-3.424607e-05,-0.1548928,-0.153587,-0.1548568,-0.1561161,0
0.1153312,-0.05234106,-9.260203,-0.007088996,-0.007853861,0.002636006,66.50851,236.89,-234.9086,236.8461,-238.8018,0.03877059,-0.03483634,-3.225254e-05,-0.1547566,-0.1534621,-0.1547279,-0.1560055,0
-0.01352565,-0.1714585,-9.424092,-0.008136638,-0.008900256,0.001669089,66.60468,237.2096,-234.5846,237.078,-238.5207,0.03874432,-0.03479847,-2.012246e-05,-0.1549653,-0.1532505,-0.1548793,-0.1558219,0
0.12606,-0.04246383,-9.244081,-0.007535673,-0.008141395,0.002566488,66.70084,237.096,-235.0661,237.025,-238.9987,0.03876153,-0.03480713,-1.647055e-05,-0.1548912,-0.1535651,-0.1548447,-0.1561342,0
-0.00524291,-0.1638395,-9.426485,-0.00860336,-0.00936181,0.001558332,66.797,237.326,-235.3669,237.1555,-239.3149,0.0387666,-0.03483009,-1.445859e-05,-0.1550414,-0.1537615,-0.15493,-0.1563407,0
0.09752305,-0.06906242,-9.29983,-0.007471601,-0.008327763,0.00228979,66.89317,237.6774,-235.2111,237.6039,-239.1429,0.03878682,-0.03483819,-1.125119e-05,-0.155271,-0.1536597,-0.1552229,-0.1562283,0
-0.2346347,-0.3759999,-9.734801,-0.01020226,-0.01105881,-0.0001983282,66.98933,237.4916,-235.6177,237.1788,-239.6043,0.03879026,-0.03486283,-1.047515e-05,-0.1551496,-0.1539254,-0.1549452,-0.1565297,0
0.1083675,-0.05924673,-9.29273,-0.007368846,-0.008095913,0.00232075,67.0855,237.3988,-235.8686,237.3328,-239.8146,0.03879837,-0.03488217,-2.41066e-05,-0.1550889,-0.1540893,-0.1550458,-0.1566671,0
-0.1968503,-0.3414167,-9.68868,-0.009313466,-0.01023442,0.0002285326,67.18168,237.5293,-235.2961,237.2828,-239.2839,0.03880744,-0.03490248,-2.153705e-05,-0.1551742,-0.1537153,-0.1550132,-0.1563205,0
-0.1008215,-0.2528039,-9.552261,-0.008508902,-0.009263292,0.0009079293,67.27786,237.0246,-235.4659,236.8475,-239.4539,0.03881497,-0.03492226,-3.632226e-05,-0.1548445,-0.1538262,-0.1547288,-0.1564315,0
-0.004129738,-0.1635941,-9.418682,-0.007570253,-0.008268898,0.001804274,67.37404,236.9218,-234.9635,236.8244,-238.9489,0.03883284,-0.03493163,-3.663592e-05,-0.1547773,-0.153498,-0.1547137,-0.1561016,0
-0.02272775,-0.1807958,-9.429681,-0.007973839,-0.008461038,0.001682788,67.47022,236.6989,-234.7179,236.5695,-238.7265,0.03884475,-0.03494559,-3.825702e-05,-0.1546317,-0.1533375,-0.1545472,-0.1559563,0
0.07601844,-0.0896366,-9.294234,-0.007227015,-0.007603959,0.002441857,67.5664,236.5532,-234.5813,236.489,-238.5866,0.03885981,-0.03495534,-4.144819e-05,-0.1545365,-0.1532483,-0.1544946,-0.1558649,0
-0.1042989,-0.2563091,-9.523281,-0.008596531,-0.008989463,0.001160668,67.66258,236.614,-234.2815,236.4288,-238.3172,0.03887588,-0.03496328,-3.434755e-05,-0.1545763,-0.1530524,-0.1544553,-0.1556889,0
0.07193637,-0.09349808,-9.289859,-0.007553138,-0.007666496,0.00239097,67.75876,236.5526,-234.3788,236.469,-238.4085,0.03889449,-0.03496583,-3.159154e-05,-0.1545362,-0.153116,-0.1544815,-0.1557486,0
-0.2724534,-0.4117377,-9.742943,-0.01030746,-0.0104848,-0.0001730312,67.85495,236.6713,-234.5363,236.3432,-238.6142,0.03889675,-0.03498483,-2.741673e-05,-0.1546137,-0.1532189,-0.1543994,-0.1558829,0
-0.05373287,-0.2098192,-9.461832,-0.008333546,-0.008452548,0.001395614,67.95113,236.655,-234.6819,236.4984,-238.7304,0.03890792,-0.03499383,-3.571591e-05,-0.1546031,-0.153314,-0.1545007,-0.1559589,0
-0.123986,-0.2748156,-9.551564,-0.008859869,-0.008881202,0.0009868103,68.0473,236.2334,-234.7744,236.0276,-238.8451,0.03890831,-0.03501471,-4.469741e-05,-0.1543276,-0.1533744,-0.1541931,-0.1560338,0
-0.2101622,-0.3546452,-9.655343,-0.008934922,-0.009071784,0.0004625017,68.14348,236.4371,-234.0502,236.2162,-238.1295,0.03892225,-0.03502136,-4.503424e-05,-0.1544607,-0.1529014,-0.1543164,-0.1555663,0
0.04856094,-0.1156107,-9.303617,-0.00729205,-0.007000901,0.00239549,68.23965,235.7697,-234.0992,235.7033,-238.1741,0.03893719,-0.03502434,-5.248419e-05,-0.1540247,-0.1529334,-0.1539813,-0.1555955,0
-0.07895504,-0.2334678,-9.461561,-0.008363482,-0.007998863,0.001562097,68.33583,235.9758,-233.5338,235.8173,-237.6378,0.03895297,-0.03502543,-4.190125e-05,-0.1541593,-0.152564,-0.1540558,-0.1552451,0
-0.08352529,-0.2377054,-9.461703,-0.008650937,-0.00810507,0.001420346,68.43201,235.8633,-233.6485,235.6853,-237.7697,0.03895554,-0.0350215,-4.17906e-05,-0.1540858,-0.1526389,-0.1539695,-0.1553313,0
0.3250745,0.1397934,-8.930036,-0.005808211,-0.004920194,0.004455911,68.52817,235.8844,-233.5807,235.9707,-237.6836,0.03893924,-0.03497218,-3.453423e-05,-0.1540996,-0.1525946,-0.154156,-0.155275,0
0.05285716,-0.1116466,-9.286352,-0.008457232,-0.007497955,0.002381866,68.62433,236.4052,-233.3707,236.2707,-237.5267,0.03895746,-0.0349652,-8.765958e-06,-0.1544398,-0.1524574,-0.154352,-0.1551725,0
-0.0964249,-0.2495722,-9.494383,-0.009952766,-0.008987925,0.0009829135,68.72049,236.6655,-234.2533,236.4055,-238.4301,0.03896071,-0.03497126,-3.627724e-06,-0.1546099,-0.153034,-0.15444,-0.1557626,0
-0.09472942,-0.248154,-9.515238,-0.00969982,-0.008877525,0.0009350148,68.81665,236.7774,-235.004,236.5342,-239.1748,0.03894908,-0.03497864,-9.4339e-06,-0.154683,-0.1535244,-0.1545241,-0.1562492,0
0.01342443,-0.1484265,-9.383724,-0.008431586,-0.007649821,0.001800162,68.9128,237.3542,-234.4921,237.2253,-238.6577,0.03895193,-0.03495642,1.496448e-06,-0.1550598,-0.15319,-0.1549756,-0.1559114,0
-0.1629558,-0.3113534,-9.613289,-0.01034154,-0.009316191,0.0003750565,69.00896,236.5241,-235.5618,236.2299,-239.7764,0.03893135,-0.03498834,-1.850724e-05,-0.1545175,-0.1538888,-0.1543253,-0.1566422,0
0.04712135,-0.1176291,-9.343878,-0.007453158,-0.006818014,0.002153477,69.10512,237.1593,-234.5525,237.1007,-238.718,0.03894978,-0.03498296,-1.962002e-05,-0.1549325,-0.1532295,-0.1548942,-0.1559507,0
0.03138447,-0.1321089,-9.345934,-0.008181175,-0.007131641,0.002065332,69.20128,236.4509,-234.5007,236.3432,-238.7149,0.03895111,-0.03497469,-1.906068e-05,-0.1544697,-0.1531957,-0.1543994,-0.1559487,0
-0.1274351,-0.2788992,-9.547962,-0.009450137,-0.008439146,0.0008940292,69.29743,236.6328,-234.38,236.4126,-238.6415,0.03890024,-0.03493229,-1.654987e-05,-0.1545885,-0.1531168,-0.1544447,-0.1559008,0
-0.1956462,-0.3420445,-9.637456,-0.009649714,-0.008940865,0.0003648086,69.3936,236.556,-234.4549,236.3053,-238.7242,0.03888579,-0.0349254,-2.263019e-05,-0.1545383,-0.1531657,-0.1543746,-0.1559548,0
-0.05454737,-0.2117896,-9.450276,-0.008302038,-0.007778714,0.00148611,69.48975,236.1372,-234.56,235.9922,-238.8113,0.03888951,-0.03493625,-3.512807e-05,-0.1542647,-0.1532344,-0.15417,-0.1560117,0
-0.02252699,-0.1823257,-9.398939,-0.007734718,-0.0073718,0.001880042,69.58591,236.0694,-233.9601,235.9642,-238.2122,0.03890123,-0.03494158,-3.780064e-05,-0.1542205,-0.1528425,-0.1541518,-0.1556204,0
0.08098771,-0.08671238,-9.248615,-0.007053984,-0.006587348,0.002690731,69.68207,236.0068,-233.396,235.9663,-237.6542,0.03892593,-0.0349327,-3.076369e-05,-0.1541795,-0.1524739,-0.1541531,-0.1552558,0
0.404312,0.2121578,-8.818453,-0.005489352,-0.004541466,0.005018146,69.77821,236.1731,-233.161,236.297,-237.4156,0.03896296,-0.03490745,-7.310593e-06,-0.1542882,-0.1523205,-0.1543692,-0.1550999,0
0.08782112,-0.08005514,-9.241247,-0.009089099,-0.007935787,0.002422945,69.87437,236.8462,-233.62,236.6765,-237.9406,0.03897765,-0.0349018,2.349372e-05,-0.1547279,-0.1526203,-0.1546171,-0.1554429,0
0.09100922,-0.07712521,-9.268694,-0.009432854,-0.008300309,0.002078721,69.97051,237.2836,-235.0233,237.0898,-239.3385,0.03897339,-0.03491448,2.384383e-05,-0.1550137,-0.1535371,-0.1548871,-0.1563561,0
-0.1240918,-0.2761102,-9.581713,-0.01045085,-0.009732743,0.000471077,70.06666,237.9115,-235.4645,237.6185,-239.7877,0.0389713,-0.0349283,2.756946e-05,-0.1554238,-0.1538253,-0.1552325,-0.1566496,0
0.01020329,-0.1521955,-9.418489,-0.009254774,-0.008410675,0.001403913,70.1628,237.7986,-235.9659,237.6142,-240.2831,0.0389681,-0.03494311,1.683929e-05,-0.1553501,-0.1541528,-0.1552297,-0.1569732,0
-0.2960458,-0.4353649,-9.822769,-0.01108641,-0.01045179,-0.0007446561,70.25896,237.9844,-235.7484,237.6301,-240.1058,0.03896289,-0.03496115,1.414421e-05,-0.1554715,-0.1540107,-0.15524,-0.1568574,0
-0.09105866,-0.24614,-9.5495,-0.009245003,-0.008476367,0.0007890371,70.35511,237.3965,-235.9819,237.1996,-240.3261,0.03895684,-0.03497939,-9.292768e-06,-0.1550874,-0.1541633,-0.1549588,-0.1570013,0
0.09579542,-0.07367315,-9.294402,-0.007416079,-0.006613626,0.002443769,70.45128,237.2724,-235.1185,237.2318,-239.453,0.03896968,-0.03497964,-1.247099e-05,-0.1550064,-0.1535992,-0.1549799,-0.1564309,0
-0.007311158,-0.1689249,-9.407558,-0.008552483,-0.007544215,0.001727414,70.54744,237.2082,-234.4572,237.0767,-238.8351,0.03898557,-0.03497429,-2.69557e-06,-0.1549644,-0.1531672,-0.1548785,-0.1560272,0
-0.1181487,-0.2712944,-9.545871,-0.009862972,-0.008744732,0.000800207,70.6436,237.0174,-234.8366,236.7749,-239.2448,0.03898734,-0.0349808,-2.643487e-06,-0.1548398,-0.1534151,-0.1546814,-0.1562949,0
-0.04113676,-0.2002463,-9.452107,-0.00914086,-0.008130025,0.001368634,70.73978,237.0644,-235.0244,236.8795,-239.4304,0.03896174,-0.03496709,-7.965191e-06,-0.1548705,-0.1535378,-0.1547497,-0.1564162,0
0.2094858,0.03121305,-9.125051,-0.007133707,-0.006083092,0.003284663,70.83595,237.4318,-234.4132,237.4288,-238.7983,0.03898632,-0.03495186,4.834173e-06,-0.1551105,-0.1531385,-0.1551086,-0.1560032,0
-0.04563341,-0.2043794,-9.45548,-0.009942094,-0.008679283,0.001259424,70.93211,237.3037,-234.9126,237.0672,-239.3599,0.03898698,-0.03495917,1.390999e-05,-0.1550268,-0.1534648,-0.1548723,-0.1563701,0
0.2127459,0.03424623,-9.132805,-0.007955074,-0.006673388,0.003054593,71.02828,237.756,-235.2118,237.6976,-239.6257,0.03899594,-0.03495726,1.679096e-05,-0.1553223,-0.1536602,-0.1552841,-0.1565437,0
-0.1452886,-0.2966202,-9.611658,-0.01077992,-0.009648944,0.0003730727,71.12447,238.026,-235.4383,237.7193,-239.9046,0.03899319,-0.0349685,2.550538e-05,-0.1554987,-0.1538082,-0.1552983,-0.1567259,0
0.04255208,-0.1232032,-9.376471,-0.009246331,-0.008041577,0.001644657,71.22064,238.1636,-235.8498,237.9955,-240.301,0.03898587,-0.0349643,2.111019e-05,-0.1555886,-0.154077,-0.1554788,-0.1569849,0
-0.2836398,-0.4247086,-9.81074,-0.01159369,-0.01057372,-0.0007208936,71.31682,238.1516,-236.1035,237.7713,-240.6189,0.03892418,-0.03494118,1.745392e-05,-0.1555808,-0.1542427,-0.1553323,-0.1571926,0
-0.02372238,-0.1847879,-9.472925,-0.009016244,-0.00816594,0.001226343,71.41302,237.9113,-236.2104,237.7428,-240.6876,0.03891834,-0.0349578,-3.521078e-06,-0.1554237,-0.1543126,-0.1553137,-0.1572375,0
-0.09004293,-0.2462456,-9.54964,-0.009008797,-0.008405792,0.0009799937,71.50921,237.769,-235.4746,237.5883,-239.9658,0.03892491,-0.03496519,-5.938591e-06,-0.1553308,-0.1538319,-0.1552128,-0.1567659,0
-0.1503789,-0.3020377,-9.609585,-0.009559071,-0.008910982,0.0005641168,71.60541,237.4901,-235.1551,237.2604,-239.6731,0.03893167,-0.03497121,-8.034526e-06,-0.1551486,-0.1536232,-0.1549985,-0.1565747,0
-0.1844891,-0.333603,-9.646317,-0.00987736,-0.009281177,0.0003400884,71.70161,237.3023,-235.119,237.0398,-239.6507,0.0389347,-0.03498091,-1.141849e-05,-0.1550259,-0.1535996,-0.1548544,-0.15656,0
0.0951331,-0.07531083,-9.276849,-0.007797822,-0.007114558,0.002449001,71.79782,237.2428,-234.8822,237.1641,-239.3911,0.0389473,-0.03498124,-1.261998e-05,-0.154987,-0.1534449,-0.1549356,-0.1563905,0
0.1117068,-0.05998069,-9.249514,-0.008051208,-0.007240663,0.00259475,71.89403,237.2408,-234.6676,237.147,-239.2066,0.03893052,-0.03495806,-5.47475e-06,-0.1549857,-0.1533047,-0.1549245,-0.15627,0
-0.02257968,-0.1840777,-9.42445,-0.009257492,-0.008531895,0.001522231,71.99025,237.4401,-234.7395,237.2408,-239.3024,0.03893759,-0.03496341,1.71623e-06,-0.1551159,-0.1533517,-0.1549857,-0.1563325,0
0.03831116,-0.1278703,-9.352016,-0.008915805,-0.008227354,0.001887269,72.08645,237.5344,-235.0795,237.3665,-239.6393,0.03894453,-0.03496898,4.63355e-06,-0.1551775,-0.1535738,-0.1550678,-0.1565526,0
0.02704385,-0.1383415,-9.375406,-0.009120572,-0.008451668,0.001768471,72.18267,237.7544,-235.2462,237.5703,-239.8155,0.03894849,-0.03497829,9.290525e-06,-0.1553212,-0.1536827,-0.155201,-0.1566678,0
-0.1132311,-0.2680537,-9.565765,-0.0101229,-0.009557247,0.0006711457,72.27889,237.8902,-235.4868,237.6153,-240.0809,0.03893555,-0.03498596,7.611379e-06,-0.15541,-0.1538399,-0.1552304,-0.1568411,0
0.3889441,0.1958153,-8.914949,-0.006299982,-0.005478553,0.004393945,72.37511,238.0854,-235.284,238.1594,-239.8381,0.03894035,-0.03495708,1.415401e-05,-0.1555375,-0.1537074,-0.1555858,-0.1566825,0
0.2000784,0.0214424,-9.16264,-0.008681433,-0.007598575,0.002928327,72.47134,238.4372,-235.292,238.3224,-239.9054,0.03895278,-0.03495526,3.951716e-05,-0.1557673,-0.1537126,-0.1556924,-0.1567265,0
0.03161765,-0.1342096,-9.399948,-0.01040538,-0.009331729,0.001373032,72.56757,238.8012,-236.3087,238.5392,-240.9474,0.03894236,-0.03497498,4.043016e-05,-0.1560051,-0.1543768,-0.1558339,-0.1574072,0
-0.1547616,-0.3066773,-9.669474,-0.01114721,-0.01052817,-3.840299e-05,72.6638,239.1223,-236.9028,238.7784,-241.5434,0.03892977,-0.03500008,3.278322e-05,-0.1562149,-0.1547649,-0.1559902,-0.1577965,0
0.01549836,-0.1496053,-9.455071,-0.009355054,-0.008770084,0.001287357,72.76006,239.022,-236.9854,238.8303,-241.6083,0.03892683,-0.03501682,2.125626e-05,-0.1561494,-0.1548189,-0.1560241,-0.157839,0
-0.08401377,-0.2416951,-9.579921,-0.009936084,-0.009334684,0.0006750789,72.85632,238.8789,-236.7141,238.632,-241.3656,0.03892129,-0.03503688,1.466088e-05,-0.1560558,-0.1546416,-0.1558946,-0.1576804,0
-0.08210481,-0.2400935,-9.567888,-0.009634875,-0.009048973,0.0007537816,72.95258,238.8403,-236.3107,238.6158,-240.9717,0.03892519,-0.03504639,1.036478e-05,-0.1560307,-0.1543781,-0.155884,-0.1574231,0
-0.03834505,-0.1997103,-9.501384,-0.009490243,-0.008756597,0.001123816,73.04886,238.4007,-236.3842,238.1897,-241.0602,0.03892404,-0.03506023,3.090374e-06,-0.1557435,-0.1544261,-0.1556056,-0.1574809,0
0.2392527,0.05669099,-9.133346,-0.007415422,-0.006534663,0.003256645,73.14514,238.5098,-235.9193,238.484,-240.5759,0.0389358,-0.03506057,5.221937e-06,-0.1558148,-0.1541224,-0.1557979,-0.1571645,0
0.1245214,-0.04929031,-9.276657,-0.008749981,-0.00773342,0.00238662,73.24143,238.6641,-235.662,238.5298,-240.3567,0.03894577,-0.03506145,1.832462e-05,-0.1559155,-0.1539543,-0.1558278,-0.1570213,0
-0.2296425,-0.376548,-9.743389,-0.0116842,-0.01078903,-0.0003889907,73.33772,238.5576,-236.4503,238.16,-241.1926,0.03892954,-0.03508817,1.231207e-05,-0.155846,-0.1544693,-0.1555862,-0.1575674,0
-0.4252898,-0.5576321,-10.01127,-0.01217756,-0.01183186,-0.001781702,73.43404,238.5847,-236.723,238.1154,-241.4613,0.03891138,-0.03512022,-6.748354e-06,-0.1558637,-0.1546474,-0.1555571,-0.1577429,0
-0.2747955,-0.4188775,-9.808196,-0.01016231,-0.009986865,-0.000456951,73.53035,238.0392,-236.3867,237.7279,-241.1034,0.03890474,-0.0351436,-3.058602e-05,-0.1555073,-0.1544278,-0.1553039,-0.1575091,0
0.04657713,-0.1220854,-9.363657,-0.007469065,-0.007060865,0.002202373,73.62667,237.489,-235.3964,237.4122,-240.0979,0.03891613,-0.03514898,-4.097754e-05,-0.1551479,-0.1537808,-0.1550977,-0.1568522,0
-0.1780175,-0.3295906,-9.627302,-0.009421585,-0.008906734,0.0006820811,73.723,237.1467,-234.6026,236.8972,-239.3589,0.03892274,-0.03515785,-3.883315e-05,-0.1549242,-0.1532622,-0.1547613,-0.1563694,0
-0.02492699,-0.1881651,-9.410518,-0.008413514,-0.007774013,0.001801092,73.81933,236.9184,-234.3571,236.7589,-239.1068,0.03893672,-0.0351567,-3.908551e-05,-0.1547751,-0.1531019,-0.1546709,-0.1562047,0
-0.2676475,-0.4124122,-9.721146,-0.01052971,-0.009963032,2.992174e-05,73.91566,236.6921,-234.4554,236.3422,-239.2577,0.03889851,-0.03514146,-3.869067e-05,-0.1546273,-0.153166,-0.1543987,-0.1563033,0
-0.3786227,-0.5151236,-9.864867,-0.01082101,-0.01063419,-0.0007884838,74.01199,236.3931,-234.6833,235.9931,-239.488,0.03886784,-0.03515887,-6.036476e-05,-0.1544319,-0.1533149,-0.1541706,-0.1564538,0
-0.1236233,-0.2797945,-9.52153,-0.007864727,-0.008026164,0.001359163,74.10832,236.0511,-233.8975,235.8879,-238.6566,0.03888053,-0.03516678,-7.391485e-05,-0.1542085,-0.1528016,-0.1541019,-0.1559106,0
-0.1515015,-0.3055462,-9.528846,-0.008256676,-0.008272968,0.001340818,74.20465,235.4201,-233.1894,235.2218,-237.9794,0.0388935,-0.03517463,-7.500371e-05,-0.1537963,-0.152339,-0.1536667,-0.1554682,0
-0.09727689,-0.2554433,-9.437369,-0.00800753,-0.007929491,0.001780752,74.30098,235.3463,-232.5807,235.1705,-237.3781,0.03891222,-0.0351748,-7.001152e-05,-0.1537481,-0.1519414,-0.1536332,-0.1550754,0
-0.1598377,-0.3131998,-9.508865,-0.008847481,-0.008706162,0.001289161,74.39731,235.2442,-232.4497,234.9982,-237.2683,0.03892849,-0.03517623,-6.108316e-05,-0.1536814,-0.1518557,-0.1535207,-0.1550037,0
0.01516072,-0.1514767,-9.28003,-0.007921938,-0.007597117,0.00250227,74.49362,235.0678,-232.7877,234.9083,-237.599,0.03893067,-0.03517835,-6.151648e-05,-0.1535662,-0.1520766,-0.1534619,-0.1552197,0
0.117992,-0.05652262,-9.149529,-0.007155969,-0.006813223,0.003288581,74.58994,235.4712,-232.3917,235.3832,-237.2074,0.03891847,-0.03514731,-4.818819e-05,-0.1538296,-0.1518179,-0.1537722,-0.1549639,0
0.05328915,-0.1162474,-9.234114,-0.008164012,-0.007676594,0.002676283,74.68623,235.649,-232.5198,235.485,-237.3612,0.03893639,-0.03514481,-3.157109e-05,-0.1539458,-0.1519015,-0.1538387,-0.1550644,0
0.1776273,-0.001321214,-9.083946,-0.007770645,-0.007071885,0.003415619,74.78253,235.9124,-233.1031,235.7971,-237.942,0.03894933,-0.03514547,-1.953257e-05,-0.1541179,-0.1522826,-0.1540426,-0.1554438,0
-0.03242065,-0.1954364,-9.377413,-0.009551053,-0.008922859,0.001730769,74.87883,236.4868,-233.4952,236.2191,-238.3622,0.03895243,-0.03515632,-6.398467e-06,-0.1544932,-0.1525388,-0.1543182,-0.1557183,0
0.1080808,-0.06573061,-9.211687,-0.008480373,-0.007747217,0.002612443,74.97511,236.8369,-233.9563,236.6717,-238.8099,0.03896153,-0.03515975,-1.28991e-06,-0.1547219,-0.15284,-0.1546139,-0.1560108,0
0.1181481,-0.05647055,-9.212782,-0.00870738,-0.007758175,0.002629102,75.0714,237.2315,-234.1734,237.0618,-239.0442,0.03897311,-0.03515907,1.452554e-05,-0.1549796,-0.1529818,-0.1548688,-0.1561638,0
0.09458482,-0.07824606,-9.258072,-0.009384846,-0.008157821,0.002266346,75.16769,237.4525,-234.8731,237.2368,-239.7666,0.03896869,-0.03517232,1.814989e-05,-0.155124,-0.1534389,-0.1549831,-0.1566358,0
0.1250465,-0.05027162,-9.237154,-0.008917775,-0.007712958,0.002436786,75.26396,238.059,-234.9676,237.8877,-239.8575,0.03897443,-0.03517476,2.632429e-05,-0.1555202,-0.1535007,-0.1554083,-0.1566952,0
-0.1550471,-0.3091339,-9.613173,-0.01122535,-0.009962477,0.0002626287,75.36026,238.0284,-235.6177,237.6581,-240.5567,0.03896263,-0.03519398,2.54794e-05,-0.1555002,-0.1539254,-0.1552584,-0.157152,0
0.3234695,0.1328044,-9.000588,-0.007353891,-0.005863403,0.003791073,75.45655,238.3661,-235.5959,238.3449,-240.4934,0.03894702,-0.03516423,2.587108e-05,-0.1557208,-0.1539111,-0.155707,-0.1571106,0
-0.03978501,-0.202817,-9.4781,-0.01054998,-0.008986741,0.001100343,75.55285,238.4661,-235.7077,238.1701,-240.6757,0.0389392,-0.03517774,3.501321e-05,-0.1557862,-0.1539842,-0.1555928,-0.1572297,0
0.02381917,-0.1442163,-9.403248,-0.009801995,-0.008314524,0.001443421,75.64915,238.8779,-235.8853,238.6462,-240.843,0.03894123,-0.03517962,3.58118e-05,-0.1560552,-0.1541002,-0.1559038,-0.157339,0
0.129019,-0.04705895,-9.27491,-0.009302176,-0.00762928,0.002202235,75.74548,238.6275,-236.4493,238.4458,-241.4139,0.03893536,-0.03518961,3.219648e-05,-0.1558917,-0.1544687,-0.1557729,-0.1577119,0
-0.02646416,-0.1908718,-9.484935,-0.01023522,-0.008714539,0.001080891,75.84179,239.2395,-236.1154,238.9731,-241.1134,0.03890408,-0.03516766,4.009372e-05,-0.1562915,-0.1542505,-0.1561174,-0.1575156,0
-0.05639473,-0.2186116,-9.527367,-0.01052283,-0.008993821,0.0007517467,75.93813,238.8365,-236.7995,238.5406,-241.8118,0.03888861,-0.03518783,2.509309e-05,-0.1560282,-0.1546974,-0.1558349,-0.1579719,0
-0.2586045,-0.4057087,-9.795675,-0.01124115,-0.01018209,-0.0005834813,76.03446,239.1043,-236.4494,238.725,-241.4728,0.03888306,-0.03520091,2.203399e-05,-0.1562031,-0.1544687,-0.1559553,-0.1577505,0
-0.2891078,-0.4340229,-9.827229,-0.01127689,-0.01025653,-0.0007851605,76.13081,238.6067,-236.5717,238.2153,-241.6099,0.03887155,-0.03522056,5.646101e-06,-0.155878,-0.1545486,-0.1556223,-0.15784,0
-0.0001289919,-0.1671916,-9.441377,-0.008699356,-0.007671525,0.001534475,76.22717,238.1311,-236.3077,237.9544,-241.3181,0.03886603,-0.03523613,-1.437074e-05,-0.1555674,-0.1543761,-0.1554519,-0.1576494,0
0.1609552,-0.01847005,-9.210957,-0.007253561,-0.006181017,0.002962008,76.32354,238.1796,-235.0342,238.1289,-240.044,0.03888603,-0.03522642,-7.320204e-06,-0.1555991,-0.1535442,-0.1555659,-0.156817,0
-0.1560493,-0.3112428,-9.604019,-0.01041367,-0.009170169,0.0005494435,76.41991,237.6866,-235.2023,237.3636,-240.2833,0.03888244,-0.03523817,-6.061066e-06,-0.1552769,-0.153654,-0.155066,-0.1569733,0
-0.1322352,-0.2893718,-9.574923,-0.009922751,-0.008927235,0.0007085129,76.51628,237.8113,-235.2992,237.5186,-240.3661,0.03888103,-0.0352481,-1.167278e-05,-0.1553584,-0.1537173,-0.1551672,-0.1570274,0
-0.115345,-0.2738726,-9.552073,-0.009613922,-0.008739104,0.0009020068,76.61267,237.6304,-235.2133,237.3565,-240.282,0.0388803,-0.03525954,-1.71802e-05,-0.1552402,-0.1536612,-0.1550613,-0.1569725,0
-0.1170711,-0.2755712,-9.547235,-0.009463056,-0.008639242,0.0009574238,76.70905,237.6089,-234.8664,237.344,-239.9431,0.03888543,-0.03526548,-1.782711e-05,-0.1552262,-0.1534346,-0.1550532,-0.1567511,0
-0.2618358,-0.4093803,-9.728642,-0.01059863,-0.009808742,-9.79359e-05,76.80544,237.1275,-235.106,236.7551,-240.2108,0.03887496,-0.03528775,-3.047411e-05,-0.1549117,-0.1535911,-0.1546684,-0.156926,0
0.1384866,-0.03968422,-9.19955,-0.007078961,-0.006279298,0.003011159,76.90183,237.2075,-234.383,237.1404,-239.4402,0.03889329,-0.03528121,-3.175354e-05,-0.1549639,-0.1531188,-0.1549202,-0.1564226,0
-0.2673335,-0.4145699,-9.714003,-0.01067073,-0.009801641,4.764735e-05,76.99823,236.7847,-234.3298,236.4038,-239.4745,0.03886192,-0.0352754,-3.008322e-05,-0.1546877,-0.153084,-0.1544389,-0.1564449,0
-0.03733428,-0.2022166,-9.409859,-0.00850918,-0.007768345,0.001730085,77.09462,236.7206,-234.2945,236.5185,-239.4022,0.0388656,-0.03528346,-4.16482e-05,-0.1546459,-0.153061,-0.1545138,-0.1563977,0
-0.4493924,-0.583047,-9.940638,-0.01129219,-0.01093583,-0.001164047,77.19102,236.4882,-234.0085,236.024,-239.1654,0.03886154,-0.03530271,-4.368372e-05,-0.1544941,-0.1528741,-0.1541908,-0.156243,0
-0.1994533,-0.352256,-9.6023,-0.009031627,-0.008681447,0.000713954,77.28742,235.9737,-233.9776,235.6975,-239.1047,0.03886209,-0.03531744,-6.322491e-05,-0.154158,-0.1528539,-0.1539775,-0.1562034,0
0.1172464,-0.05972235,-9.173827,-0.006476151,-0.006002018,0.003304422,77.38381,235.7965,-233.0015,235.7452,-238.1062,0.03888514,-0.03531054,-5.963058e-05,-0.1540422,-0.1522163,-0.1540087,-0.1555511,0
-0.0472379,-0.2115726,-9.367042,-0.008417198,-0.007691094,0.002076669,77.48021,235.6227,-232.5998,235.4122,-237.7663,0.03887506,-0.03529055,-4.833038e-05,-0.1539287,-0.1519539,-0.1537911,-0.155329,0
-0.09280118,-0.2536654,-9.424054,-0.008957047,-0.008290428,0.001626455,77.57659,235.5232,-232.957,235.262,-238.1334,0.03887087,-0.03529362,-4.988176e-05,-0.1538636,-0.1521872,-0.153693,-0.1555688,0
0.0404838,-0.1306085,-9.254448,-0.007751888,-0.007223648,0.002645484,77.67297,235.799,-232.6988,235.6418,-237.8671,0.03885746,-0.03526127,-4.032213e-05,-0.1540438,-0.1520185,-0.1539411,-0.1553949,0
0.1199903,-0.05707198,-9.150066,-0.007716468,-0.007011281,0.003141762,77.76936,235.7964,-232.8593,235.6529,-238.0386,0.03887066,-0.03526188,-2.996237e-05,-0.1540422,-0.1521234,-0.1539484,-0.1555069,0
0.1675874,-0.01308944,-9.096462,-0.007653435,-0.00691161,0.003385183,77.86573,236.3136,-232.9046,236.1842,-238.086,0.03888785,-0.03525783,-1.324805e-05,-0.15438,-0.152153,-0.1542955,-0.1555379,0
-0.05461791,-0.2183723,-9.399729,-0.009765582,-0.009019434,0.001556429,77.9621,236.454,-233.6574,236.1444,-238.8757,0.03888621,-0.03527246,-6.913504e-06,-0.1544717,-0.1526448,-0.1542695,-0.1560538,0
-0.1952377,-0.3484809,-9.602104,-0.01040425,-0.009931986,0.0004380969,78.05847,236.8887,-234.0422,236.5149,-239.2643,0.03888438,-0.03528818,-6.410002e-06,-0.1547557,-0.1528961,-0.1545115,-0.1563077,0
0.07245993,-0.1012729,-9.262,-0.008251466,-0.007621367,0.002406886,78.15483,236.8483,-234.2295,236.6696,-239.4376,0.03886882,-0.03527403,-9.554324e-06,-0.1547293,-0.1530185,-0.1546125,-0.1564208,0
-0.377384,-0.5169947,-9.850726,-0.01157333,-0.01113175,-0.0008774637,78.25119,236.8064,-234.3499,236.327,-239.6294,0.03883143,-0.03528178,-1.342249e-05,-0.1547019,-0.1530972,-0.1543888,-0.1565462,0
0.0757876,-0.09852447,-9.257826,-0.007452313,-0.007059108,0.002506655,78.34756,236.7645,-234.0813,236.6398,-239.2991,0.03884503,-0.03528323,-2.455092e-05,-0.1546745,-0.1529216,-0.1545931,-0.1563304,0
0.1457966,-0.03379307,-9.155025,-0.007386432,-0.006732506,0.003169839,78.44393,236.7127,-233.4707,236.6077,-238.714,0.03886855,-0.03527421,-6.33069e-06,-0.1546407,-0.1525227,-0.1545721,-0.1559481,0
-0.03520666,-0.2009045,-9.38723,-0.009592324,-0.008715067,0.001628213,78.54029,236.8138,-233.8835,236.5259,-239.1743,0.03886818,-0.03528649,8.872028e-07,-0.1547068,-0.1527925,-0.1545187,-0.1562489,0
-0.05588647,-0.2201513,-9.429981,-0.009462715,-0.008833189,0.001385032,78.63666,237.2036,-234.2025,236.9195,-239.4833,0.0388714,-0.03529596,2.021393e-06,-0.1549614,-0.1530008,-0.1547758,-0.1564507,0
0.09116586,-0.08435746,-9.246456,-0.008415241,-0.007685383,0.002456239,78.73302,237.0189,-234.6142,236.8294,-239.8911,0.03886444,-0.03530088,-2.617002e-06,-0.1548408,-0.1532698,-0.154717,-0.1567171,0
-0.1787787,-0.333908,-9.602512,-0.01019161,-0.009663608,0.0005125813,78.82939,237.4484,-234.2878,237.0977,-239.6132,0.03882929,-0.03528016,4.321332e-06,-0.1551214,-0.1530566,-0.1548923,-0.1565356,0
0.170566,-0.01119564,-9.146295,-0.007635779,-0.006918888,0.003006886,78.92577,237.0799,-234.6841,236.9579,-239.989,0.0388092,-0.03526582,-6.520459e-06,-0.1548806,-0.1533155,-0.1548009,-0.156781,0
0.08994181,-0.08576025,-9.252358,-0.008178202,-0.007620916,0.002541208,79.02213,237.4978,-234.128,237.3262,-239.4498,0.03882437,-0.03526558,9.350806e-06,-0.1551536,-0.1529522,-0.1550415,-0.1564289,0
0.02545556,-0.1452961,-9.335382,-0.009178837,-0.008505234,0.001877689,79.11849,237.5743,-234.4727,237.323,-239.8208,0.03883033,-0.03527289,1.587338e-05,-0.1552036,-0.1531773,-0.1550394,-0.1566712,0
0.06362526,-0.1100877,-9.29926,-0.009001059,-0.008374088,0.0020768,79.21487,237.8138,-234.932,237.5789,-240.2778,0.03883382,-0.03528292,1.925741e-05,-0.1553601,-0.1534774,-0.1552066,-0.1569698,0
0.07943961,-0.09556045,-9.290617,-0.00891772,-0.00830619,0.002144644,79.31125,238.2041,-235.0356,237.9798,-240.3861,0.03884044,-0.03529018,2.689406e-05,-0.155615,-0.1535451,-0.1554685,-0.1570405,0
-0.1664759,-0.3228444,-9.62129,-0.0108819,-0.01033521,0.0002267423,79.40763,238.1638,-235.6663,237.7635,-241.0543,0.03882745,-0.03531775,2.052141e-05,-0.1555887,-0.1539571,-0.1553272,-0.1574771,0
-0.0957869,-0.2577923,-9.538426,-0.009636247,-0.009311288,0.0008032101,79.50402,238.1758,-235.7917,237.8703,-241.16,0.03882118,-0.03534025,5.435017e-06,-0.1555965,-0.154039,-0.155397,-0.1575461,0
0.0476537,-0.1254238,-9.3449,-0.00822615,-0.007836965,0.002030598,79.60042,238.144,-235.1631,237.9625,-240.5278,0.03883419,-0.03534352,6.417803e-06,-0.1555758,-0.1536284,-0.1554572,-0.1571331,0
0.06827942,-0.1063173,-9.305476,-0.008643862,-0.007901572,0.002172373,79.69681,238.006,-235.0072,237.8012,-240.4031,0.03884304,-0.03534809,1.250261e-05,-0.1554856,-0.1535265,-0.1553518,-0.1570516,0
-0.05402558,-0.2193398,-9.466472,-0.00982349,-0.009060732,0.001193409,79.79321,238.265,-235.0984,237.9591,-240.5195,0.03884618,-0.03535689,1.910502e-05,-0.1556548,-0.1535861,-0.155455,-0.1571276,0
-0.0463558,-0.2123258,-9.464698,-0.009835857,-0.009079704,0.001163852,79.88963,238.2313,-235.5921,237.923,-241.0202,0.03883238,-0.03536361,1.419264e-05,-0.1556328,-0.1539087,-0.1554314,-0.1574547,0
-0.2088595,-0.36264,-9.684249,-0.01068873,-0.01017301,9.73267e-06,79.98604,238.2493,-235.7486,237.8533,-241.1978,0.03880536,-0.03537275,5.457596e-06,-0.1556446,-0.1540109,-0.1553859,-0.1575708,0
0.1079105,-0.07015025,-9.26819,-0.007832022,-0.007324241,0.002440775,80.08247,238.1512,-235.4182,238.0004,-240.8312,0.03881404,-0.035379,-2.829153e-06,-0.1555805,-0.153795,-0.155482,-0.1573313,0
-0.140204,-0.2994186,-9.580938,-0.009882657,-0.009362512,0.0007076943,80.17889,238.1979,-234.9123,237.8693,-240.3767,0.03882302,-0.03538457,8.512671e-06,-0.155611,-0.1534645,-0.1553963,-0.1570343,0
0.006473295,-0.1638847,-9.385535,-0.009182082,-0.00842041,0.00165533,80.27532,237.7703,-235.55,237.5063,-241.0134,0.03881618,-0.03540419,-5.072415e-06,-0.1553316,-0.1538812,-0.1551591,-0.1574503,0
-0.04294329,-0.2097353,-9.45458,-0.009006933,-0.008538946,0.001444559,80.37177,238.3208,-234.8401,238.0624,-240.3053,0.03881871,-0.03539647,4.5706e-06,-0.1556913,-0.1534174,-0.1555225,-0.1569877,0
-0.2630816,-0.4131134,-9.735187,-0.01107024,-0.01050161,-0.0002945298,80.46822,237.7538,-235.4505,237.3145,-240.969,0.03878968,-0.03540647,-6.279272e-06,-0.1553208,-0.1538162,-0.1550339,-0.1574213,0
-0.00803146,-0.1776868,-9.405848,-0.008455583,-0.008117441,0.00170844,80.56466,237.9419,-235.123,237.7187,-240.5966,0.03879767,-0.03541389,-1.240572e-05,-0.1554437,-0.1536022,-0.1552979,-0.157178,0
0.02913355,-0.1433575,-9.347359,-0.008415361,-0.007921459,0.002061003,80.66112,237.7717,-234.7252,237.5576,-240.2223,0.03879897,-0.03540874,-7.299027e-06,-0.1553325,-0.1533423,-0.1551927,-0.1569335,0
-0.2166837,-0.370489,-9.662349,-0.01049391,-0.01004058,0.0001882004,80.75757,237.5893,-234.9955,237.1882,-240.5395,0.03877424,-0.03541642,-1.299235e-05,-0.1552134,-0.1535189,-0.1549514,-0.1571407,0
-0.0853432,-0.249337,-9.492496,-0.008881925,-0.008711982,0.001219942,80.85403,237.6388,-234.8087,237.3644,-240.3232,0.03878099,-0.03542665,-1.994775e-05,-0.1552458,-0.1533969,-0.1550665,-0.1569994,0
-0.2441823,-0.3961534,-9.691655,-0.01006547,-0.009972717,0.0001343546,80.9505,237.2591,-234.7452,236.8733,-240.2905,0.03877925,-0.03544711,-2.562623e-05,-0.1549977,-0.1533554,-0.1547456,-0.1569781,0
-0.127315,-0.2883077,-9.53085,-0.008849781,-0.008817261,0.0010655,81.04697,236.9366,-234.6266,236.6455,-240.1585,0.03877737,-0.03546868,-4.203547e-05,-0.154787,-0.1532779,-0.1545968,-0.1568918,0
0.1431404,-0.03853987,-9.164021,-0.006501333,-0.006411658,0.003265179,81.14344,236.8768,-233.6774,236.7909,-239.1872,0.03880193,-0.035464,-3.849966e-05,-0.154748,-0.1526578,-0.1546918,-0.1562573,0
-0.05149928,-0.2182429,-9.39929,-0.008740948,-0.008379701,0.001807614,81.23991,236.6155,-233.5192,236.3444,-239.0867,0.03881325,-0.03547019,-2.804433e-05,-0.1545772,-0.1525545,-0.1544001,-0.1561916,0
-0.01372111,-0.1833487,-9.351068,-0.008651854,-0.008268168,0.001973284,81.3364,236.7542,-233.7634,236.4912,-239.3287,0.03882007,-0.03547935,-2.642119e-05,-0.1546678,-0.152714,-0.154496,-0.1563497,0
-0.004395269,-0.1747979,-9.345726,-0.008568925,-0.008239625,0.002031346,81.43286,236.8199,-233.8926,236.5622,-239.4618,0.03881751,-0.03548226,-2.485294e-05,-0.1547107,-0.1527984,-0.1545424,-0.1564366,0
-0.03889625,-0.2067516,-9.392945,-0.008790888,-0.008473326,0.001764039,81.52934,236.8323,-233.9632,236.5548,-239.5588,0.03877657,-0.03545491,-2.576345e-05,-0.1547188,-0.1528445,-0.1545376,-0.1565,0
0.1367545,-0.04454238,-9.163905,-0.007365603,-0.007044236,0.003078005,81.62581,236.9477,-233.7643,236.7968,-239.3484,0.03877952,-0.03544394,-2.094951e-05,-0.1547943,-0.1527146,-0.1546956,-0.1563626,0
0.2337648,0.04514451,-9.03592,-0.007123039,-0.00662459,0.003750435,81.72227,237.2863,-233.5201,237.1713,-239.1134,0.03880504,-0.03543407,8.953587e-07,-0.1550154,-0.152555,-0.1549403,-0.1562091,0
-0.1236327,-0.2849637,-9.512241,-0.01060188,-0.01005615,0.0008613608,81.81876,237.3606,-234.4976,236.9457,-240.1497,0.03879565,-0.03545854,5.618519e-06,-0.155064,-0.1531936,-0.1547929,-0.1568861,0
0.1009599,-0.07769003,-9.24233,-0.008270135,-0.007966592,0.002450847,81.91523,237.829,-234.8425,237.6091,-240.4458,0.03879976,-0.03547093,2.122034e-07,-0.15537,-0.153419,-0.1552263,-0.1570795,0
-0.0276195,-0.1965924,-9.416482,-0.009180518,-0.008882325,0.001561945,82.0117,237.9322,-234.7492,237.6359,-240.3905,0.03878245,-0.03545827,7.448716e-06,-0.1554374,-0.153358,-0.1552438,-0.1570434,0
-0.5198446,-0.6514843,-10.06087,-0.01278689,-0.01272085,-0.002167239,82.10818,237.826,-235.2943,237.2007,-240.9959,0.03876329,-0.03549504,-2.992432e-06,-0.155368,-0.1537141,-0.1549595,-0.1574389,0
-0.1355186,-0.296699,-9.564203,-0.008883607,-0.009018783,0.0007777156,82.20467,237.6212,-235.2356,237.3209,-240.873,0.03876557,-0.03551209,-2.486133e-05,-0.1552342,-0.1536757,-0.1550381,-0.1573586,0
0.02756227,-0.1460934,-9.335518,-0.007603958,-0.007542688,0.002245997,82.30116,237.3335,-234.3446,237.1489,-239.9888,0.03878256,-0.03551527,-2.228679e-05,-0.1550463,-0.1530937,-0.1549257,-0.156781,0
-0.1700332,-0.3286055,-9.573949,-0.0095519,-0.009310977,0.0007659324,82.39766,237.1174,-234.1156,236.7655,-239.8138,0.03877671,-0.03552169,-2.171704e-05,-0.1549051,-0.1529441,-0.1546752,-0.1566667,0
-0.1164609,-0.2791983,-9.500294,-0.008968884,-0.008824925,0.001157719,82.49416,237.0173,-234.1295,236.7097,-239.8247,0.03876918,-0.03551841,-2.680436e-05,-0.1548397,-0.1529531,-0.1546387,-0.1566737,0
-0.2706729,-0.4217512,-9.697737,-0.0100063,-0.01006462,8.600231e-05,82.59065,236.8212,-234.1033,236.4111,-239.8182,0.03877006,-0.03553712,-3.035011e-05,-0.1547116,-0.152936,-0.1544437,-0.1566695,0
-0.117655,-0.2804853,-9.492403,-0.008570596,-0.008681836,0.001261796,82.68715,236.6144,-233.9634,236.3213,-239.66,0.03877493,-0.03555288,-4.115735e-05,-0.1545765,-0.1528446,-0.154385,-0.1565662,0
0.1582308,-0.02563805,-9.121817,-0.006452113,-0.006404276,0.003438774,82.78365,236.4434,-233.3864,236.3389,-239.0649,0.03879555,-0.03555307,-3.986353e-05,-0.1544648,-0.1524677,-0.1543965,-0.1561774,0
-0.05717739,-0.2245938,-9.389815,-0.008558922,-0.008380233,0.001850992,82.88014,236.5099,-233.0264,236.2281,-238.7545,0.03881112,-0.03555653,-2.559728e-05,-0.1545083,-0.1522325,-0.1543241,-0.1559746,0
0.09681506,-0.0822746,-9.189661,-0.007831499,-0.007435665,0.002831731,82.97664,236.5339,-233.413,236.3254,-239.1345,0.03882386,-0.03556008,-2.173519e-05,-0.1545239,-0.1524851,-0.1543877,-0.1562229,0
0.03168087,-0.1424731,-9.285247,-0.008529515,-0.008135648,0.002314996,83.07314,236.8416,-233.5748,236.575,-239.3098,0.03883236,-0.03556826,-1.186201e-05,-0.1547249,-0.1525908,-0.1545507,-0.1563374,0
-0.06240795,-0.2294719,-9.417188,-0.009290053,-0.008901367,0.001505492,83.16962,237.3042,-233.6666,236.9758,-239.4168,0.0388436,-0.03557242,-6.042421e-07,-0.1550271,-0.1526507,-0.1548126,-0.1564073,0
-0.09940021,-0.2636751,-9.477054,-0.009861699,-0.009323807,0.001100964,83.26612,237.1387,-234.5032,236.7654,-240.269,0.03883874,-0.03559187,-5.39233e-06,-0.154919,-0.1531973,-0.1546751,-0.156964,0
0.03618787,-0.1385819,-9.312145,-0.008436343,-0.007928485,0.002152577,83.36261,237.5104,-234.3754,237.2598,-240.1216,0.03884502,-0.03560066,-5.179263e-06,-0.1551618,-0.1531138,-0.1549981,-0.1568677,0
-0.1588564,-0.3188651,-9.566077,-0.009946478,-0.009369539,0.0007089049,83.45911,237.5676,-234.271,237.1889,-240.0659,0.03882503,-0.03558819,-6.67093e-07,-0.1551992,-0.1530456,-0.1549518,-0.1568313,0
-0.03381766,-0.2034002,-9.403714,-0.009077311,-0.008340671,0.00157729,83.55562,237.2643,-234.7409,236.9632,-240.5311,0.03882229,-0.0356037,-1.134161e-05,-0.155001,-0.1533526,-0.1548044,-0.1571352,0
-0.03250169,-0.2023318,-9.403606,-0.008705223,-0.00809072,0.001711245,83.65211,237.3146,-234.4621,237.0369,-240.2524,0.03882306,-0.03561761,-1.566578e-05,-0.1550339,-0.1531705,-0.1548525,-0.1569532,0
-0.08448763,-0.2504707,-9.462566,-0.008888723,-0.008289632,0.001378495,83.74862,237.4844,-233.8642,237.1907,-239.6704,0.03883844,-0.03561575,-8.305634e-06,-0.1551449,-0.1527798,-0.154953,-0.1565729,0
-0.174851,-0.3339081,-9.574409,-0.01008303,-0.009263176,0.0006325271,83.84513,236.974,-234.4467,236.5808,-240.2896,0.03882517,-0.03562408,-1.462827e-05,-0.1548114,-0.1531604,-0.1545546,-0.1569774,0
-0.2508842,-0.4043392,-9.678365,-0.01011506,-0.009585474,0.0001427533,83.94164,237.0318,-234.4329,236.6178,-240.2773,0.03880258,-0.03563419,-2.711857e-05,-0.1548492,-0.1531514,-0.1545787,-0.1569695,0
0.0356591,-0.1397711,-9.296235,-0.007367368,-0.006901928,0.002406767,84.03815,237.0297,-233.6337,236.8516,-239.4445,0.03882393,-0.03562764,-2.737564e-05,-0.1548478,-0.1526293,-0.1547315,-0.1564254,0
-0.02983553,-0.2001567,-9.364986,-0.008613709,-0.007800856,0.001945547,84.13466,236.5356,-233.6477,236.2603,-239.5035,0.03883171,-0.03563299,-2.293926e-05,-0.154525,-0.1526384,-0.1543452,-0.1564639,0
0.03204904,-0.143007,-9.283096,-0.008235985,-0.007403923,0.002358326,84.23118,236.9734,-233.3847,236.7337,-239.2375,0.03884578,-0.03563043,-1.340404e-05,-0.154811,-0.1524666,-0.1546544,-0.1562902,0
-0.1023666,-0.267177,-9.462347,-0.009596094,-0.008730805,0.001262786,84.32769,236.8054,-233.8849,236.4477,-239.7655,0.03884425,-0.03564367,-1.417506e-05,-0.1547013,-0.1527933,-0.1544676,-0.1566351,0
0.2380231,0.04721453,-9.025417,-0.006857527,-0.005905255,0.003787613,84.4242,237.0763,-233.7857,236.9639,-239.6375,0.03883192,-0.03561274,-1.084587e-05,-0.1548783,-0.1527285,-0.1548048,-0.1565514,0
0.1672622,-0.01810762,-9.118821,-0.007912854,-0.006777657,0.003237027,84.52072,237.3493,-233.6281,237.1585,-239.5182,0.03883427,-0.03559577,7.887164e-06,-0.1550566,-0.1526256,-0.154932,-0.1564735,0
-0.03766895,-0.2074234,-9.395398,-0.009878225,-0.008764177,0.001504635,84.61723,237.4987,-234.3893,237.1378,-240.3115,0.03882872,-0.03561068,1.01995e-05,-0.1551542,-0.1531229,-0.1549185,-0.1569918,0
0.03868196,-0.1370609,-9.314334,-0.008858036,-0.007967109,0.002031319,84.71375,237.8748,-234.6616,237.5967,-240.5617,0.03883235,-0.03561775,9.985381e-06,-0.1553999,-0.1533008,-0.1552182,-0.1571552,0
0.1492,-0.03500744,-9.176522,-0.00814419,-0.007092068,0.002846874,84.81026,238.0928,-234.5961,237.888,-240.5001,0.03884511,-0.03561506,1.990142e-05,-0.1555423,-0.153258,-0.1554085,-0.157115,0
0.2410517,0.04990814,-9.062207,-0.008073729,-0.006664206,0.003407445,84.90678,238.5494,-234.65,238.3728,-240.5709,0.03886105,-0.0356058,3.905674e-05,-0.1558406,-0.1532932,-0.1557253,-0.1571612,0
-0.4299803,-0.5700808,-9.955264,-0.01356288,-0.0123387,-0.001783098,85.00331,238.7703,-235.7389,238.1088,-241.7469,0.03883639,-0.03563714,4.020277e-05,-0.1559849,-0.1540045,-0.1555528,-0.1579295,0
0.07692023,-0.1020659,-9.31773,-0.008790594,-0.007711836,0.001916819,85.09985,238.8727,-236.3104,238.6185,-242.2336,0.03883138,-0.03564997,1.803934e-05,-0.1560518,-0.1543779,-0.1558858,-0.1582475,0
-0.06696156,-0.2351521,-9.505602,-0.009613257,-0.00855779,0.001105959,85.19638,238.8154,-235.7626,238.4862,-241.7214,0.03883017,-0.03566174,1.949946e-05,-0.1560144,-0.15402,-0.1557993,-0.1579128,0
0.1156115,-0.06652654,-9.254654,-0.008336706,-0.006974615,0.00242662,85.29294,238.8239,-235.4079,238.6168,-241.3686,0.03883919,-0.03565966,1.921489e-05,-0.1560199,-0.1537883,-0.1558846,-0.1576824,0
0.1434837,-0.04073507,-9.214811,-0.008621508,-0.007007992,0.002635754,85.3895,238.814,-235.3919,238.5945,-241.3757,0.03884812,-0.03565545,2.911963e-05,-0.1560135,-0.1537779,-0.1558701,-0.157687,0
-0.02605276,-0.1973628,-9.441194,-0.0103022,-0.008648187,0.001261579,85.48607,239.1983,-235.6184,238.8373,-241.6359,0.03884745,-0.03565926,3.969447e-05,-0.1562645,-0.1539259,-0.1560287,-0.1578569,0
0.01030052,-0.1638507,-9.408523,-0.01010208,-0.008459414,0.00139189,85.58264,239.2957,-236.2895,238.952,-242.3047,0.0388387,-0.03567125,3.461144e-05,-0.1563281,-0.1543642,-0.1561036,-0.1582939,0
-0.1527989,-0.3147295,-9.633755,-0.01092349,-0.009526867,0.0002299025,85.67923,239.6882,-236.2397,239.2663,-242.2808,0.03880851,-0.03565361,3.780799e-05,-0.1565845,-0.1543317,-0.1563089,-0.1582783,0
0.0645076,-0.1140241,-9.352768,-0.00937468,-0.007798022,0.00178328,85.77583,239.1963,-236.8351,238.9123,-242.8762,0.03876726,-0.03564363,1.987071e-05,-0.1562632,-0.1547207,-0.1560777,-0.1586672,0
-0.08171134,-0.2493382,-9.544109,-0.009796747,-0.008624769,0.0008999056,85.87244,239.6376,-236.0518,239.3008,-242.1033,0.03876977,-0.03564885,2.43227e-05,-0.1565515,-0.154209,-0.1563315,-0.1581623,0
0.1199152,-0.06304494,-9.269678,-0.008576491,-0.007175703,0.002330057,85.96906,239.2905,-236.0853,239.071,-242.1523,0.03873789,-0.03560925,2.225529e-05,-0.1563248,-0.1542308,-0.1561814,-0.1581943,0
0.08296223,-0.09716746,-9.317863,-0.009181378,-0.007819485,0.002079823,86.06567,239.4491,-236.0648,239.1787,-242.1567,0.03872428,-0.03559568,3.110509e-05,-0.1564284,-0.1542175,-0.1562517,-0.1581972,0
0.07449925,-0.1050156,-9.33437,-0.009364041,-0.008190148,0.001903764,86.16232,239.6154,-236.3486,239.3232,-242.443,0.03872085,-0.03560736,3.046515e-05,-0.156537,-0.1544029,-0.1563461,-0.1583842,0
-0.0618743,-0.2311475,-9.521103,-0.01010805,-0.009280082,0.0008897928,86.25897,239.9874,-236.3186,239.6227,-242.435,0.03869573,-0.03558474,3.698767e-05,-0.15678,-0.1543832,-0.1565418,-0.158379,0
0.03579801,-0.140925,-9.398753,-0.009617484,-0.008763799,0.001522945,86.35564,239.759,-236.9232,239.4389,-243.0441,0.03867982,-0.03558925,3.094547e-05,-0.1566308,-0.1547782,-0.1564217,-0.1587769,0
-0.09596303,-0.2628154,-9.579277,-0.01025477,-0.009762415,0.0006043956,86.45232,240.1627,-236.7499,239.7752,-242.8915,0.03864866,-0.03557826,3.242792e-05,-0.1568945,-0.154665,-0.1566414,-0.1586773,0
-0.03513234,-0.2067187,-9.500198,-0.00962294,-0.009294753,0.001019442,86.54901,239.8479,-237.0545,239.5069,-243.1983,0.03862543,-0.03558411,1.857077e-05,-0.1566889,-0.154864,-0.1564661,-0.1588776,0
-0.3418197,-0.4902738,-9.898616,-0.01130122,-0.01153249,-0.001098645,86.6457,239.6406,-236.9948,239.125,-243.1638,0.03861181,-0.03561881,4.336371e-06,-0.1565535,-0.154825,-0.1562166,-0.1588552,0
-0.1834798,-0.3442097,-9.679995,-0.009309407,-0.009833461,0.0002211913,86.74242,239.1687,-236.6382,238.8058,-242.7805,0.03860956,-0.03564509,-1.895109e-05,-0.1562452,-0.154592,-0.1560081,-0.1586048,0
0.2531413,0.05912933,-9.087225,-0.005861679,-0.006223789,0.003721173,86.83915,238.73,-235.6196,238.6696,-241.7307,0.03863259,-0.03564697,-2.269306e-05,-0.1559586,-0.1539266,-0.1559191,-0.1579189,0
0.2163334,0.02527864,-9.109404,-0.006943539,-0.007026,0.00350857,86.93588,238.8633,-234.6807,238.7238,-240.8352,0.03866158,-0.03564026,9.973561e-07,-0.1560457,-0.1533132,-0.1559546,-0.1573339,0
-0.03413387,-0.205962,-9.433633,-0.009807736,-0.009801554,0.001388416,87.03263,238.8108,-235.4695,238.4272,-241.6723,0.03866184,-0.03566005,7.325531e-06,-0.1560114,-0.1538285,-0.1557608,-0.1578808,0
-0.1495063,-0.3127189,-9.605098,-0.01028043,-0.01073217,0.0004510941,87.12939,239.1484,-236.0685,238.7063,-242.2638,0.0386465,-0.03567929,2.092679e-06,-0.1562319,-0.1542199,-0.1559431,-0.1582672,0
0.04281364,-0.1352128,-9.363667,-0.008376449,-0.008960862,0.001921422,87.22615,239.1315,-236.1023,238.8493,-242.2744,0.03863643,-0.03568602,-5.863277e-06,-0.1562209,-0.1542419,-0.1560365,-0.1582741,0
-0.2680725,-0.4225682,-9.765224,-0.01050327,-0.01130477,-0.0002866975,87.32292,239.1389,-235.8292,238.6604,-242.0439,0.03863669,-0.03571306,-5.720026e-06,-0.1562258,-0.1540636,-0.1559131,-0.1581235,0
-0.2366217,-0.3936405,-9.718287,-0.01000054,-0.01085446,-6.526796e-05,87.41971,238.5278,-236.2403,238.0806,-242.4517,0.03862614,-0.03575153,-3.043324e-05,-0.1558265,-0.1543321,-0.1555344,-0.1583899,0
-0.1003513,-0.2679773,-9.531267,-0.008141389,-0.009218872,0.001226811,87.51649,238.5252,-235.2552,238.2259,-241.4434,0.03864129,-0.03576639,-3.517164e-05,-0.1558248,-0.1536885,-0.1556293,-0.1577312,0
-0.0241773,-0.1975435,-9.407162,-0.007999139,-0.008741336,0.001856758,87.6133,238.0731,-234.7306,237.7956,-240.9423,0.03865869,-0.03577676,-3.281164e-05,-0.1555294,-0.1533459,-0.1553482,-0.1574039,0
0.08245963,-0.09895021,-9.256816,-0.007693379,-0.008192275,0.002629583,87.7101,238.0363,-234.555,237.7952,-240.7834,0.0386496,-0.03576064,-2.602927e-05,-0.1555054,-0.1532312,-0.1553479,-0.1573,0
-0.08366785,-0.2524252,-9.474083,-0.009222399,-0.009808678,0.001332067,87.80692,238.0748,-234.7619,237.6956,-241.0141,0.03865293,-0.03578321,-2.320129e-05,-0.1555305,-0.1533663,-0.1552828,-0.1574508,0
-0.07615929,-0.2456103,-9.46977,-0.008884095,-0.009669024,0.001353894,87.90373,238.2098,-234.8585,237.8525,-241.1086,0.03863811,-0.03578029,-2.467222e-05,-0.1556188,-0.1534294,-0.1553853,-0.1575125,0
0.1622883,-0.02534287,-9.159488,-0.007177014,-0.007826429,0.003137521,88.00056,238.1335,-234.832,237.9317,-241.0759,0.03862201,-0.03576019,-2.232542e-05,-0.1555689,-0.1534121,-0.1554371,-0.1574911,0
-0.2637418,-0.4189932,-9.715345,-0.01050782,-0.01138015,-3.118438e-05,88.09737,238.2512,-234.9004,237.7489,-241.2048,0.03860522,-0.03577787,-1.869269e-05,-0.1556458,-0.1534568,-0.1553176,-0.1575753,0
0.007846687,-0.1682322,-9.364394,-0.007973108,-0.008999588,0.001925202,88.19421,238.085,-235.159,237.7932,-241.417,0.03861181,-0.03580081,-3.339136e-05,-0.1555372,-0.1536257,-0.1553466,-0.157714,0
-0.3769595,-0.5239018,-9.862988,-0.01050298,-0.01186418,-0.0007402666,88.29106,237.8274,-234.9767,237.2949,-241.2794,0.03860796,-0.03583799,-3.974739e-05,-0.1553689,-0.1535066,-0.155021,-0.1576241,0
0.05404982,-0.125839,-9.287822,-0.006773348,-0.008022908,0.002516207,88.38789,237.6301,-234.4529,237.4211,-240.7051,0.03862771,-0.03585032,-5.053157e-05,-0.1552401,-0.1531644,-0.1551035,-0.1572489,0
-0.06762597,-0.2382105,-9.430156,-0.008069554,-0.009142149,0.001763424,88.48474,237.458,-233.8248,237.1416,-240.1185,0.03864868,-0.03586069,-3.820749e-05,-0.1551276,-0.1527541,-0.1549209,-0.1568657,0
-0.00395482,-0.1793102,-9.338072,-0.008119944,-0.008927661,0.002101863,88.5816,237.2519,-234.1136,236.9377,-240.4197,0.03864814,-0.03587297,-4.08306e-05,-0.154993,-0.1529428,-0.1547877,-0.1570625,0
-0.1802783,-0.342334,-9.572933,-0.009166485,-0.01023317,0.0008373984,88.67846,237.5782,-233.9007,237.1629,-240.2233,0.03864761,-0.03587803,-3.42256e-05,-0.1552062,-0.1528037,-0.1549348,-0.1569341,0
0.1646632,-0.02363233,-9.121517,-0.006814267,-0.007600042,0.003316534,88.77531,237.2937,-234.1744,237.0927,-240.4682,0.03866391,-0.03589018,-3.73117e-05,-0.1550203,-0.1529825,-0.154889,-0.1570942,0
-0.198927,-0.3596041,-9.59833,-0.009632377,-0.01055157,0.0006782339,88.87218,237.6003,-233.9905,237.1475,-240.3329,0.03866991,-0.03591366,-2.716603e-05,-0.1552206,-0.1528623,-0.1549248,-0.1570057,0
-0.08782403,-0.2570548,-9.455286,-0.008651059,-0.009505359,0.001379027,88.96904,237.5128,-234.3014,237.1458,-240.6382,0.03865491,-0.03591211,-3.536037e-05,-0.1551634,-0.1530655,-0.1549236,-0.1572052,0
0.1673696,-0.02133689,-9.123939,-0.006716211,-0.00740039,0.003368797,89.0659,237.5732,-234.0198,237.3825,-240.3359,0.0386785,-0.03591586,-2.7298e-05,-0.1552029,-0.1528815,-0.1550783,-0.1570077,0
-0.07116131,-0.2416527,-9.43214,-0.009097407,-0.009596503,0.00152458,89.16277,237.7502,-234.0385,237.3598,-240.4055,0.03868731,-0.03593281,-1.511635e-05,-0.1553185,-0.1528937,-0.1550634,-0.1570532,0
-0.004261106,-0.1799123,-9.354044,-0.008612937,-0.009054016,0.001874689,89.25964,238.0046,-234.3947,237.6595,-240.7525,0.03869807,-0.03594584,-1.299498e-05,-0.1554847,-0.1531264,-0.1552593,-0.1572798,0
0.1034783,-0.08040508,-9.22353,-0.008002415,-0.008248532,0.002648864,89.35652,238.0075,-234.7399,237.7233,-241.0957,0.03870714,-0.0359601,-1.025007e-05,-0.1554866,-0.1533519,-0.1553009,-0.1575041,0
0.3223653,0.1217982,-8.944404,-0.006585432,-0.006517163,0.004234432,89.4534,238.6164,-234.3991,238.4737,-240.745,0.03873234,-0.03595551,8.36003e-06,-0.1558844,-0.1531293,-0.1557911,-0.157275,0
0.08487222,-0.0975223,-9.263073,-0.009268604,-0.008853031,0.002265854,89.55028,239.0098,-234.868,238.6538,-241.271,0.03874312,-0.03596143,2.968089e-05,-0.1561414,-0.1534356,-0.1559088,-0.1576186,0
-0.07526325,-0.2455289,-9.497212,-0.01075621,-0.01028265,0.0008205913,89.64717,239.2733,-236.1296,238.7902,-242.5509,0.03873048,-0.03598909,2.67339e-05,-0.1563135,-0.1542598,-0.1559979,-0.1584547,0
-0.03576141,-0.2093148,-9.471528,-0.009739766,-0.009454111,0.001123847,89.74407,239.6899,-236.4175,239.2874,-242.8271,0.03870089,-0.0359867,1.993659e-05,-0.1565857,-0.1544479,-0.1563227,-0.1586351,0
0.02675938,-0.1517152,-9.39362,-0.008996777,-0.008587534,0.001650232,89.84097,239.5899,-236.3718,239.2534,-242.7853,0.03870127,-0.03600293,1.387089e-05,-0.1565204,-0.154418,-0.1563005,-0.1586078,0
-0.1813063,-0.3440757,-9.660822,-0.01040292,-0.009986501,0.000173808,89.9379,239.6537,-236.1363,239.1924,-242.5901,0.03869067,-0.03600717,1.457138e-05,-0.1565621,-0.1542642,-0.1562606,-0.1584803,0
0.05870974,-0.1223834,-9.344038,-0.008650968,-0.007980309,0.001929528,90.03484,239.3505,-236.3221,239.0473,-242.7677,0.03867666,-0.03600286,4.787602e-06,-0.1563639,-0.1543856,-0.1561659,-0.1585963,0
-0.1920427,-0.3541636,-9.669239,-0.01034624,-0.009876389,0.0001881771,90.13177,239.429,-236.0419,238.9659,-242.5204,0.03867345,-0.03602116,4.684859e-06,-0.1564153,-0.1542025,-0.1561127,-0.1584348,0
-0.178711,-0.3419764,-9.646016,-0.009933643,-0.009539152,0.0002785497,90.22874,239.2046,-236.0592,238.7683,-242.5361,0.03867195,-0.03603765,-7.379183e-06,-0.1562687,-0.1542138,-0.1559836,-0.1584451,0
-0.1368646,-0.3034226,-9.584816,-0.009368027,-0.009003356,0.0007280503,90.3257,238.8398,-235.9114,238.4445,-242.389,0.03867235,-0.03605329,-1.740268e-05,-0.1560303,-0.1541173,-0.1557721,-0.158349,0
-0.0574217,-0.2301042,-9.468581,-0.008602398,-0.008190351,0.001434704,90.42268,238.8325,-235.2517,238.5021,-241.7303,0.03868409,-0.03605711,-1.6776e-05,-0.1560256,-0.1536863,-0.1558097,-0.1579187,0
-0.1677608,-0.3320266,-9.600397,-0.009716815,-0.009194642,0.0006209706,90.51967,238.4402,-235.2896,238.0114,-241.7994,0.03868402,-0.03607202,-2.18457e-05,-0.1557693,-0.153711,-0.1554891,-0.1579638,0
-0.008741688,-0.1851947,-9.388191,-0.00829906,-0.00778973,0.001858968,90.61667,238.2345,-235.2123,237.9225,-241.7032,0.0386873,-0.03608397,-3.191561e-05,-0.1556349,-0.1536605,-0.1554311,-0.1579009,0
-0.2933573,-0.4482631,-9.750633,-0.01013629,-0.009857113,-0.0001170452,90.71366,238.1274,-234.7835,237.6409,-241.31,0.03868779,-0.03610042,-3.451084e-05,-0.1555649,-0.1533804,-0.1552471,-0.157644,0
-0.2642289,-0.4214532,-9.700327,-0.009611068,-0.009374844,0.0001346071,90.81067,237.5992,-234.7981,237.148,-241.3222,0.03868639,-0.03611865,-5.167606e-05,-0.1552199,-0.15339,-0.1549251,-0.157652,0
0.05016486,-0.1310669,-9.276537,-0.006931253,-0.006603749,0.002672935,90.90768,237.3055,-234.0973,237.0859,-240.5913,0.03870346,-0.03611888,-5.654451e-05,-0.155028,-0.1529321,-0.1548845,-0.1571746,0
0.03535289,-0.1446684,-9.274913,-0.007467383,-0.00689469,0.002646733,91.0047,237.3034,-233.2716,237.0473,-239.7957,0.03872693,-0.0361107,-4.15902e-05,-0.1550266,-0.1523927,-0.1548593,-0.1566548,0
-0.3428096,-0.4939669,-9.760614,-0.01085393,-0.01027631,-0.0003000477,91.10172,236.9149,-233.9157,236.3586,-240.4975,0.03871781,-0.036134,-4.730334e-05,-0.1547728,-0.1528135,-0.1544094,-0.1571132,0
-0.4247803,-0.5699578,-9.874397,-0.01047562,-0.01041724,-0.0008342385,91.19875,236.8666,-234.0099,236.3155,-240.5693,0.03871182,-0.03615727,-6.518104e-05,-0.1547413,-0.152875,-0.1543813,-0.1571602,0
-0.1878749,-0.3512413,-9.553259,-0.008040912,-0.008017745,0.001140181,91.29576,236.1281,-233.6177,235.7768,-240.1494,0.03871535,-0.0361738,-8.685852e-05,-0.1542588,-0.1526188,-0.1540293,-0.1568859,0
-0.2548275,-0.4131889,-9.612968,-0.008136652,-0.008145043,0.000926082,91.39278,235.8583,-232.3676,235.4904,-238.9196,0.03873241,-0.03617715,-8.771324e-05,-0.1540826,-0.1518022,-0.1538422,-0.1560825,0
0.1587585,-0.03094511,-9.043276,-0.005490059,-0.004988374,0.004027006,91.48981,235.3492,-231.7206,235.2302,-238.2551,0.03876556,-0.03616007,-8.310568e-05,-0.1537499,-0.1513795,-0.1536722,-0.1556484,0
-0.04195791,-0.2161797,-9.291386,-0.007901954,-0.007182749,0.002535791,91.58682,235.514,-231.3559,235.198,-237.9424,0.03878972,-0.03614952,-5.745939e-05,-0.1538576,-0.1511412,-0.1536512,-0.1554441,0
-0.2696824,-0.4264934,-9.594545,-0.01008997,-0.009418888,0.0005797752,91.68383,235.577,-232.1746,235.0687,-238.7883,0.03878786,-0.03616397,-5.683846e-05,-0.1538988,-0.1516761,-0.1535667,-0.1559967,0
-0.08342583,-0.2545723,-9.368217,-0.008100506,-0.007655923,0.001962478,91.78084,235.6639,-232.4693,235.3195,-239.0403,0.03879524,-0.03617163,-6.387826e-05,-0.1539556,-0.1518686,-0.1537306,-0.1561613,0
-0.3758355,-0.5248397,-9.748444,-0.009998525,-0.009712577,-9.43261e-05,91.87784,235.342,-232.4672,234.8196,-239.0763,0.03878914,-0.03619552,-7.322121e-05,-0.1537453,-0.1518672,-0.153404,-0.1561848,0
-0.3167525,-0.4704587,-9.660643,-0.008722305,-0.008582133,0.0004646809,91.97482,235.0775,-231.9986,234.6529,-238.5923,0.03879572,-0.03620694,-8.860255e-05,-0.1535725,-0.1515611,-0.1532951,-0.1558686,0
0.06766266,-0.115298,-9.13701,-0.005766213,-0.005280068,0.003515997,92.07182,234.4897,-231.2434,234.3321,-237.8145,0.03882224,-0.036197,-9.085538e-05,-0.1531885,-0.1510677,-0.1530855,-0.1553605,0
-0.2554054,-0.41366,-9.535658,-0.008715869,-0.008087756,0.001197766,92.16879,234.5732,-230.4553,234.165,-237.0928,0.03884279,-0.03619063,-7.134826e-05,-0.153243,-0.1505529,-0.1529764,-0.154889,0
-0.3704559,-0.5198896,-9.680288,-0.009893974,-0.009236861,0.0001484849,92.26576,234.1139,-231.2007,233.5989,-237.8556,0.03883965,-0.03620642,-8.313712e-05,-0.1529429,-0.1510399,-0.1526065,-0.1553874,0
-0.01247216,-0.1892896,-9.217251,-0.006529677,-0.006018065,0.00295506,92.36273,234.2298,-230.7292,234.0022,-237.3267,0.03886289,-0.0361977,-8.323109e-05,-0.1530187,-0.1507318,-0.15287,-0.1550418,0
0.1694954,-0.02102067,-8.965857,-0.005800667,-0.004830775,0.004340475,92.45969,234.1529,-230.1602,234.0113,-236.7767,0.03888095,-0.03616884,-6.563175e-05,-0.1529685,-0.15036,-0.1528759,-0.1546826,0
0.05195083,-0.1294463,-9.116081,-0.007517056,-0.006274529,0.003301745,92.55663,234.7378,-230.0106,234.4684,-236.6657,0.03891065,-0.03614721,-3.450073e-05,-0.1533506,-0.1502623,-0.1531745,-0.15461,0
0.01024581,-0.1678098,-9.188361,-0.00875865,-0.00726775,0.002654854,92.65356,234.9572,-231.1948,234.598,-237.8692,0.03891904,-0.03614407,-2.076956e-05,-0.1534939,-0.1510359,-0.1532592,-0.1553963,0
0.08664448,-0.09728271,-9.120275,-0.008198917,-0.006754021,0.003068054,92.75047,235.7198,-231.7806,235.4163,-238.438,0.03892789,-0.03614104,-8.087017e-06,-0.1539921,-0.1514187,-0.1537938,-0.1557678,0
-0.1336078,-0.3008493,-9.429543,-0.009893246,-0.008471724,0.001296572,92.84738,236.2392,-232.2172,235.7946,-238.9058,0.03893118,-0.0361435,3.242924e-06,-0.1543314,-0.1517039,-0.1540409,-0.1560735,0
-0.06500056,-0.2375447,-9.357464,-0.009378421,-0.007790072,0.001668201,92.94429,236.3058,-232.9708,235.9151,-239.6585,0.03892988,-0.03614895,-8.8202e-08,-0.1543749,-0.1521962,-0.1541197,-0.1565652,0
-0.139308,-0.306333,-9.467457,-0.009677845,-0.008094046,0.001156145,93.04119,236.6632,-232.9534,236.2488,-239.6552,0.03893212,-0.03615075,4.547665e-06,-0.1546084,-0.1521848,-0.1543377,-0.156563,0
0.05608299,-0.1258456,-9.215423,-0.008327746,-0.006428079,0.002543968,93.13809,236.6324,-233.0935,236.3494,-239.7951,0.03892988,-0.0361397,3.208446e-06,-0.1545883,-0.1522763,-0.1544034,-0.1566544,0
0.2461047,0.04972859,-8.970139,-0.007176393,-0.004969085,0.003967882,93.23499,237.085,-232.7059,236.923,-239.4127,0.0389418,-0.03610573,2.307704e-05,-0.154884,-0.1520232,-0.1547781,-0.1564046,0
-0.362498,-0.5124634,-9.771169,-0.01252455,-0.01031953,-0.000755581,93.33189,237.0306,-233.7141,236.4028,-240.5146,0.03891988,-0.0361259,2.494754e-05,-0.1548484,-0.1526817,-0.1544383,-0.1571244,0
0.08890726,-0.09567376,-9.203526,-0.00819642,-0.006208389,0.002535252,93.42879,237.5579,-233.8543,237.3018,-240.5747,0.0389275,-0.03611683,1.769418e-05,-0.1551929,-0.1527734,-0.1550256,-0.1571637,0
-0.08234231,-0.2538829,-9.42946,-0.009809466,-0.007683662,0.001358584,93.5257,237.4139,-233.8523,237.025,-240.6219,0.03892723,-0.03611685,2.501022e-05,-0.1550988,-0.1527721,-0.1548447,-0.1571946,0
0.2120603,0.01810426,-9.046455,-0.007772174,-0.005356238,0.003439731,93.6226,237.8434,-233.7112,237.6485,-240.4626,0.03894029,-0.03610004,3.305133e-05,-0.1553794,-0.1526799,-0.155252,-0.1570905,0
0.02166122,-0.1577309,-9.302843,-0.009836473,-0.007264967,0.001939915,93.71951,237.8211,-234.2664,237.4555,-241.0655,0.03893363,-0.03610253,3.876915e-05,-0.1553648,-0.1530426,-0.155126,-0.1574843,0
-0.3420985,-0.4939889,-9.791906,-0.0121324,-0.009964117,-0.0008317751,93.81642,238.3309,-234.5705,237.7512,-241.3997,0.03892032,-0.03611247,3.796849e-05,-0.1556979,-0.1532413,-0.1553192,-0.1577027,0
0.07521912,-0.1085588,-9.256557,-0.008677986,-0.00639201,0.002243121,93.91333,238.0339,-234.9817,237.7588,-241.7651,0.03891841,-0.0361112,2.321947e-05,-0.1555038,-0.1535099,-0.1553241,-0.1579414,0
-0.1315717,-0.2996899,-9.5249,-0.010165,-0.00793696,0.000884166,94.01025,238.0313,-234.658,237.6216,-241.4826,0.03890865,-0.03611998,2.198498e-05,-0.1555022,-0.1532984,-0.1552345,-0.1577568,0
0.06270623,-0.1202989,-9.263302,-0.008426778,-0.006140477,0.002321503,94.10718,238.2989,-234.0564,238.0465,-240.8706,0.03891367,-0.03609361,2.597889e-05,-0.1556769,-0.1529054,-0.155512,-0.157357,0
-0.1121774,-0.2817576,-9.486506,-0.01046972,-0.007985918,0.0009881002,94.20412,237.8318,-234.5948,237.4099,-241.4659,0.03889346,-0.03608477,2.664509e-05,-0.1553718,-0.1532572,-0.1550962,-0.1577459,0
-0.4121408,-0.5590589,-9.885868,-0.01221907,-0.01024847,-0.001248427,94.30106,238.0023,-234.8922,237.4039,-241.7888,0.03884888,-0.03608765,1.233944e-05,-0.1554832,-0.1534514,-0.1550922,-0.1579568,0
-0.01720964,-0.1944257,-9.369987,-0.008248157,-0.006564931,0.001820838,94.39799,237.707,-234.54,237.4391,-241.3752,0.03885113,-0.03608778,-7.456163e-06,-0.1552903,-0.1532213,-0.1551153,-0.1576867,0
-0.2570365,-0.4160291,-9.662566,-0.01000566,-0.008439623,0.0002888364,94.49495,237.3231,-233.8394,236.8947,-240.7248,0.03885294,-0.0360905,-6.511548e-06,-0.1550395,-0.1527636,-0.1547596,-0.1572618,0
-0.3624767,-0.513473,-9.782812,-0.01072557,-0.009286261,-0.0004995902,94.59189,236.875,-233.8443,236.3716,-240.7489,0.03884266,-0.03610535,-2.280941e-05,-0.1547467,-0.1527669,-0.1544179,-0.1572775,0
-0.1503824,-0.31765,-9.495748,-0.008513679,-0.007324369,0.001261271,94.68885,236.5747,-233.2957,236.2496,-240.1687,0.03884931,-0.0361059,-3.449443e-05,-0.1545506,-0.1524085,-0.1543382,-0.1568985,0
-0.2520687,-0.4115824,-9.607077,-0.009316568,-0.008199149,0.0006633528,94.7858,236.0501,-232.8144,235.6469,-239.7164,0.03885081,-0.0361135,-4.082404e-05,-0.1542078,-0.152094,-0.1539445,-0.156603,0
-0.3014445,-0.4572531,-9.654114,-0.009405488,-0.008506758,0.0003849327,94.88276,235.8565,-232.306,235.4335,-239.2141,0.03885715,-0.03611702,-4.634452e-05,-0.1540814,-0.1517619,-0.153805,-0.1562749,0
-0.3190986,-0.4735676,-9.662224,-0.009465856,-0.008695121,0.000337165,94.97972,235.1427,-232.3321,234.7021,-239.248,0.0388539,-0.03613225,-6.236204e-05,-0.153615,-0.151779,-0.1533272,-0.156297,0
-0.1113795,-0.2817464,-9.375828,-0.007384191,-0.006795696,0.002076284,95.07666,235.116,-231.3669,234.8479,-238.255,0.03887354,-0.03612623,-6.302406e-05,-0.1535976,-0.1511484,-0.1534224,-0.1556483,0
-0.3304388,-0.4840319,-9.640224,-0.009431586,-0.008823896,0.000495647,95.1736,234.6014,-231.13,234.1529,-238.0664,0.03887998,-0.03613373,-6.280148e-05,-0.1532614,-0.1509936,-0.1529684,-0.1555251,0
0.01862626,-0.1615148,-9.175077,-0.00676842,-0.006105097,0.003092954,95.27054,234.4306,-230.9327,234.2155,-237.8297,0.03889759,-0.03612957,-6.633769e-05,-0.1531499,-0.1508647,-0.1530094,-0.1553704,0
-0.07061213,-0.2438882,-9.283315,-0.007735327,-0.007082044,0.002505863,95.36746,234.4341,-230.5127,234.137,-237.4353,0.0389141,-0.03612763,-5.451062e-05,-0.1531521,-0.1505903,-0.1529581,-0.1551128,0
-0.1474453,-0.3148221,-9.379272,-0.008577301,-0.007925916,0.001821558,95.46439,234.6714,-230.4508,234.3064,-237.3902,0.03893152,-0.03612306,-4.228186e-05,-0.1533071,-0.1505499,-0.1530687,-0.1550833,0
-0.07128024,-0.2443776,-9.286706,-0.008434947,-0.007659591,0.002261711,95.56129,234.5766,-231.0383,234.2324,-237.9785,0.0389399,-0.03612692,-3.882825e-05,-0.1532452,-0.1509337,-0.1530204,-0.1554676,0
-0.2079131,-0.3706722,-9.476141,-0.009369909,-0.008760145,0.001224684,95.65818,235.0673,-231.0078,234.6398,-237.9612,0.03894786,-0.03613221,-2.881207e-05,-0.1535658,-0.1509138,-0.1532865,-0.1554563,0
-0.08326161,-0.2555239,-9.319769,-0.008536316,-0.007789125,0.002036811,95.75507,234.8276,-231.5476,234.4775,-238.4945,0.03894879,-0.03614436,-3.693624e-05,-0.1534092,-0.1512664,-0.1531805,-0.1558047,0
-0.2179051,-0.3800508,-9.499701,-0.009161975,-0.008587921,0.001145298,95.85195,235.0557,-231.2599,234.6453,-238.223,0.03895029,-0.0361473,-3.335765e-05,-0.1535582,-0.1510785,-0.1532902,-0.1556274,0
0.1119552,-0.07527587,-9.063721,-0.006864677,-0.005943899,0.003550431,95.94882,235.1437,-230.9426,234.9526,-237.8895,0.03896932,-0.03612601,-2.293213e-05,-0.1536157,-0.1508712,-0.1534909,-0.1554095,0
-0.002168817,-0.180543,-9.213371,-0.00866224,-0.007416716,0.002606485,96.04568,235.0776,-231.3862,234.7457,-238.3781,0.03897294,-0.03613169,-1.213972e-05,-0.1535725,-0.151161,-0.1533557,-0.1557287,0
-0.1084101,-0.2787875,-9.36583,-0.009296388,-0.00823928,0.001695306,96.14254,235.6322,-231.6065,235.2407,-238.6017,0.03897451,-0.03613952,-8.019381e-06,-0.1539349,-0.1513049,-0.1536791,-0.1558748,0
-0.1894273,-0.3537391,-9.482223,-0.009719813,-0.008761497,0.001047854,96.23939,235.6345,-231.98,235.2043,-238.9846,0.03897621,-0.03614774,-8.835691e-06,-0.1539364,-0.1515489,-0.1536553,-0.1561249,0
-0.1186293,-0.2883964,-9.394958,-0.00912689,-0.008081105,0.00158078,96.33623,235.6497,-232.1257,235.2747,-239.1323,0.03897277,-0.03614957,-1.015367e-05,-0.1539463,-0.1516441,-0.1537013,-0.1562214,0
-0.04787527,-0.2230763,-9.304134,-0.008582542,-0.007429838,0.002120337,96.43307,235.8476,-231.8851,235.5263,-238.9036,0.03895926,-0.03612995,-5.699817e-06,-0.1540755,-0.1514869,-0.1538657,-0.156072,0
-0.03728629,-0.2132782,-9.289616,-0.008742883,-0.007476581,0.0021505,96.52991,235.8542,-231.9664,235.5255,-238.999,0.03896638,-0.03613054,-1.023386e-06,-0.1540799,-0.1515401,-0.1538652,-0.1561343,0
-0.2407543,-0.401295,-9.559799,-0.01034839,-0.009189432,0.0005938688,96.62674,235.8354,-232.367,235.3615,-239.4279,0.03895929,-0.03614596,-3.585708e-06,-0.1540676,-0.1518017,-0.153758,-0.1564145,0
0.1317576,-0.05723967,-9.079111,-0.007214633,-0.006007337,0.003369944,96.72357,236.049,-232.1576,235.8521,-239.1735,0.03897363,-0.03613974,-3.40672e-06,-0.1542072,-0.1516649,-0.1540785,-0.1562483,0
-0.3200827,-0.4746714,-9.666687,-0.0109718,-0.009800414,3.74191e-05,96.82039,236.1352,-232.1187,235.6113,-239.2091,0.03897238,-0.03614929,7.740013e-06,-0.1542634,-0.1516395,-0.1539212,-0.1562716,0
-0.0243055,-0.2014539,-9.285709,-0.008715656,-0.007404036,0.002083769,96.91721,236.0508,-232.6401,235.7276,-239.6972,0.03897274,-0.03615534,-2.963709e-06,-0.1542083,-0.1519802,-0.1539972,-0.1565905,0
-0.00874015,-0.18714,-9.270949,-0.008505605,-0.007217828,0.002325723,97.01402,236.2517,-232.3267,235.9478,-239.3906,0.03898064,-0.03615532,4.443913e-06,-0.1543396,-0.1517754,-0.1541411,-0.1563901,0
-0.1326764,-0.3016389,-9.429852,-0.009697468,-0.008303341,0.001322772,97.11084,236.2691,-232.4536,235.8654,-239.5489,0.03897946,-0.03616306,5.564881e-06,-0.1543509,-0.1518583,-0.1540872,-0.1564936,0
-0.1239869,-0.2936939,-9.423689,-0.009486666,-0.008144475,0.001368719,97.20764,236.4222,-232.5432,236.0364,-239.6387,0.03898362,-0.0361648,7.052613e-06,-0.1544509,-0.1519169,-0.1541989,-0.1565522,0
-0.09972201,-0.2712892,-9.395017,-0.009473238,-0.008023456,0.00152958,97.30446,236.3114,-232.8004,235.9304,-239.909,0.03897412,-0.03616586,4.844524e-06,-0.1543786,-0.1520849,-0.1541297,-0.1567288,0
-0.0417568,-0.2178144,-9.322533,-0.008896258,-0.00745873,0.001978894,97.40127,236.5916,-232.5694,236.2629,-239.6883,0.03894756,-0.03613568,8.206599e-06,-0.1545616,-0.151934,-0.1543469,-0.1565847,0
-0.2220104,-0.3843732,-9.557651,-0.01035283,-0.009004086,0.0006065913,97.49808,236.3309,-232.9375,235.87,-240.0931,0.03892133,-0.03613573,1.473111e-06,-0.1543913,-0.1521744,-0.1540902,-0.1568491,0
-0.2436255,-0.4045181,-9.587876,-0.009880047,-0.008896239,0.0005165559,97.59488,236.4428,-232.7732,236.0075,-239.9211,0.03891204,-0.03613605,-4.618228e-06,-0.1544644,-0.1520671,-0.15418,-0.1567367,0
-0.0713459,-0.2453841,-9.356285,-0.008508671,-0.007506714,0.00186062,97.69168,236.24,-232.5206,235.9246,-239.659,0.03892163,-0.036136,-5.95573e-06,-0.1543319,-0.1519021,-0.1541259,-0.1565655,0
-0.243974,-0.4048553,-9.574664,-0.01002512,-0.009061852,0.0006061659,97.78848,235.9976,-232.5989,235.545,-239.778,0.03889908,-0.0361385,-1.12342e-05,-0.1541736,-0.1519533,-0.1538779,-0.1566433,0
-0.3428637,-0.4963865,-9.701145,-0.01012577,-0.009565409,-6.854255e-05,97.88528,236.0689,-232.3243,235.5887,-239.5009,0.03889959,-0.03615068,-1.893021e-05,-0.1542201,-0.1517739,-0.1539064,-0.1564622,0
0.06965779,-0.1152638,-9.152718,-0.007003167,-0.006267756,0.003073816,97.98207,235.6949,-232.0383,235.4937,-239.1802,0.03891882,-0.03614402,-2.101442e-05,-0.1539758,-0.151587,-0.1538444,-0.1562527,0
-0.3057777,-0.4620441,-9.632973,-0.01031724,-0.009615915,0.0003400859,98.07887,235.6886,-231.8625,235.196,-239.0702,0.03891755,-0.03615863,-1.329315e-05,-0.1539717,-0.1514722,-0.1536499,-0.1561808,0
0.06362637,-0.1208047,-9.15102,-0.007362586,-0.006631366,0.002975735,98.17566,235.7566,-231.8859,235.5234,-239.0513,0.03891729,-0.03614592,-1.895857e-05,-0.1540161,-0.1514874,-0.1538637,-0.1561685,0
-0.1229668,-0.2931726,-9.394075,-0.009007504,-0.008346543,0.001675907,98.27245,235.7629,-231.7672,235.3868,-238.9686,0.03892691,-0.03615008,-7.636615e-06,-0.1540202,-0.1514099,-0.1537745,-0.1561145,0
0.1654727,-0.0266302,-9.018493,-0.007194196,-0.006295302,0.003676784,98.36922,236.1033,-231.763,235.9007,-238.9435,0.03894678,-0.03614134,3.648444e-06,-0.1542426,-0.1514072,-0.1541103,-0.1560981,0
-0.1785149,-0.3443689,-9.478498,-0.01037437,-0.00949171,0.001010287,98.466,236.1358,-232.4774,235.657,-239.713,0.03893753,-0.03616274,7.740173e-06,-0.1542639,-0.1518739,-0.153951,-0.1566008,0
-0.08419275,-0.2574249,-9.371183,-0.009044993,-0.008414231,0.001643181,98.56277,236.8015,-232.4386,236.4336,-239.6446,0.03894798,-0.03616442,1.166649e-05,-0.1546987,-0.1518486,-0.1544584,-0.1565561,0
-0.1786065,-0.3446416,-9.500705,-0.01012539,-0.009326775,0.0008984593,98.65953,236.1889,-233.3118,235.7292,-240.549,0.03893343,-0.03619209,-1.201621e-06,-0.1542985,-0.1524189,-0.1539982,-0.157147,0
-0.05778617,-0.233254,-9.348043,-0.008400473,-0.007811043,0.001926759,98.7563,236.8649,-232.5146,236.5485,-239.7254,0.03894595,-0.03619313,2.826326e-06,-0.1547402,-0.1518982,-0.1545334,-0.1566089,0
-0.1305821,-0.3004489,-9.434101,-0.009456588,-0.008563861,0.001344109,98.85307,236.5262,-232.5945,236.1306,-239.8457,0.03895277,-0.0361976,6.937556e-06,-0.1545189,-0.1519504,-0.1542604,-0.1566875,0
-0.1924219,-0.3575952,-9.517395,-0.01011408,-0.009166056,0.0008363326,98.94984,236.3996,-233.1009,235.9446,-240.3672,0.03894272,-0.03621828,-1.128773e-06,-0.1544361,-0.1522812,-0.154139,-0.1570281,0
-0.1453284,-0.314271,-9.460863,-0.009148313,-0.008423505,0.001268197,99.0466,236.6257,-232.7583,236.2438,-240.0089,0.03894486,-0.03622852,-6.025961e-06,-0.1545839,-0.1520574,-0.1543344,-0.1567941,0
-0.2103834,-0.374427,-9.537445,-0.00960358,-0.008828286,0.0008441891,99.14337,236.0981,-232.8452,235.6721,-240.1175,0.03893935,-0.036247,-1.806248e-05,-0.1542392,-0.1521142,-0.1539609,-0.156865,0
-0.1004715,-0.2729953,-9.385052,-0.008382898,-0.007646746,0.001795449,99.24013,236.1336,-232.2516,235.8097,-239.513,0.03894949,-0.03624946,-1.958598e-05,-0.1542624,-0.1517264,-0.1540508,-0.1564701,0
0.1373414,-0.0531931,-9.061505,-0.007053693,-0.00594847,0.003580751,99.33689,236.2266,-231.6329,236.0385,-238.9008,0.0389621,-0.03621669,-2.128525e-06,-0.1543231,-0.1513222,-0.1542003,-0.1560702,0
0.06600263,-0.1188728,-9.153578,-0.008776195,-0.007296889,0.002865391,99.43365,236.2247,-232.2061,235.9048,-239.515,0.03896565,-0.03621976,1.071765e-05,-0.1543219,-0.1516966,-0.154113,-0.1564715,0
-0.1663415,-0.333622,-9.476913,-0.01041998,-0.009268416,0.0009924478,99.5304,236.8661,-232.68,236.3936,-240.0013,0.03896038,-0.03623287,1.60241e-05,-0.1547409,-0.1520062,-0.1544323,-0.1567891,0
-0.1539912,-0.3223572,-9.477456,-0.009999355,-0.00899835,0.001008928,99.62715,236.8449,-233.2924,236.4035,-240.6067,0.0389479,-0.0362421,7.63791e-06,-0.1547271,-0.1524063,-0.1544388,-0.1571846,0
-0.1966051,-0.361879,-9.539643,-0.009958329,-0.009045782,0.0007828575,99.72391,237.0086,-233.162,236.5673,-240.4862,0.03893958,-0.03624463,7.408999e-06,-0.1548341,-0.1523211,-0.1545458,-0.1571059,0
-0.2864541,-0.444968,-9.654472,-0.01055308,-0.009630192,0.0001145415,99.82066,236.6079,-233.4569,236.1075,-240.8013,0.03892427,-0.03627094,-9.371559e-06,-0.1545723,-0.1525138,-0.1542454,-0.1573117,0
-0.1681597,-0.3358933,-9.494909,-0.008855403,-0.008131748,0.001174807,99.91742,236.5863,-232.8361,236.2211,-240.1588,0.03892912,-0.0362784,-1.875483e-05,-0.1545582,-0.1521082,-0.1543196,-0.156892,0
0.01365738,-0.1678782,-9.238582,-0.007715397,-0.006689024,0.00263551,100.0142,236.185,-232.3173,235.929,-239.6469,0.038944,-0.03627416,-1.677014e-05,-0.154296,-0.1517693,-0.1541288,-0.1565576,0
-0.2201726,-0.3838375,-9.532248,-0.009935738,-0.00883896,0.0008965345,100.1109,236.1333,-232.229,235.6843,-239.6058,0.03894342,-0.03628417,-1.217098e-05,-0.1542622,-0.1517116,-0.1539689,-0.1565308,0
-0.09431828,-0.267621,-9.368979,-0.008831279,-0.007810483,0.001772095,100.2077,236.2327,-232.2461,235.8772,-239.6095,0.03893525,-0.03627287,-1.433594e-05,-0.1543272,-0.1517227,-0.1540949,-0.1565332,0
-0.2394364,-0.4017178,-9.558746,-0.009974381,-0.009063616,0.000732357,100.3044,236.0741,-232.3798,235.6144,-239.7752,0.03891163,-0.03626315,-1.485283e-05,-0.1542236,-0.1518101,-0.1539232,-0.1566414,0
0.04235916,-0.1414174,-9.190315,-0.007713535,-0.006780344,0.002820945,100.4012,236.1171,-232.2502,235.8553,-239.6172,0.03891244,-0.03625612,-1.718407e-05,-0.1542516,-0.1517255,-0.1540806,-0.1565382,0
0.09280718,-0.09476841,-9.121336,-0.007601604,-0.006600122,0.003231036,100.4979,236.4232,-231.7625,236.1802,-239.1401,0.03893397,-0.03624514,1.572604e-06,-0.1544516,-0.1514068,-0.1542929,-0.1562265,0
-0.1615525,-0.329648,-9.455755,-0.01028243,-0.009167818,0.001140477,100.5947,236.3804,-232.5191,235.9102,-239.9464,0.03892854,-0.03625981,6.190539e-06,-0.1544237,-0.1519012,-0.1541165,-0.1567533,0
-0.1600383,-0.32841,-9.472411,-0.009813907,-0.009000236,0.001086941,100.6914,236.7924,-232.8745,236.3528,-240.2854,0.0389198,-0.03626642,3.231206e-06,-0.1546928,-0.1521333,-0.1544056,-0.1569747,0
-0.147812,-0.3172221,-9.463757,-0.009502945,-0.00874847,0.001205778,100.7881,236.8674,-232.8671,236.4556,-240.2924,0.03889345,-0.03624415,4.289594e-06,-0.1547417,-0.1521284,-0.1544728,-0.1569793,0
0.02685675,-0.1558473,-9.235878,-0.008370982,-0.007448945,0.002481529,100.8849,236.6693,-233.0827,236.3616,-240.506,0.03888486,-0.03624612,-9.039391e-07,-0.1546123,-0.1522693,-0.1544114,-0.1571189,0
-0.02841847,-0.2069927,-9.308891,-0.008616121,-0.007850628,0.002130806,100.9816,237.062,-232.6335,236.7298,-240.0661,0.03889518,-0.03624839,8.400932e-06,-0.1548689,-0.1519758,-0.1546519,-0.1568315,0
0.04979753,-0.1346752,-9.205455,-0.008454314,-0.007495195,0.002598789,101.0783,237.1649,-232.7449,236.8603,-240.1877,0.03891002,-0.03624382,1.966328e-05,-0.1549362,-0.1520486,-0.1547371,-0.1569109,0
-0.3766389,-0.5286406,-9.773006,-0.01207586,-0.01124787,-0.0006855152,101.1751,237.177,-233.6174,236.5506,-241.118,0.03889171,-0.0362732,1.794905e-05,-0.1549441,-0.1526186,-0.1545348,-0.1575186,0
-0.1641985,-0.3326343,-9.511937,-0.009567223,-0.009055975,0.0008797615,101.2718,237.3382,-233.8425,236.9135,-241.2927,0.03888401,-0.03629456,-1.026889e-06,-0.1550494,-0.1527656,-0.1547719,-0.1576327,0
-0.166737,-0.3351356,-9.510637,-0.009122006,-0.008686539,0.001075595,101.3685,237.1061,-233.3275,236.714,-240.7866,0.03888848,-0.03630593,-5.758087e-06,-0.1548977,-0.1524292,-0.1546416,-0.1573021,0
-0.1066012,-0.2795767,-9.415813,-0.008825658,-0.008162037,0.001574401,101.4653,236.7993,-233.0464,236.4378,-240.5214,0.03889315,-0.03631515,-9.825387e-06,-0.1546973,-0.1522456,-0.1544611,-0.1571289,0
-0.3257801,-0.4821235,-9.693802,-0.01042482,-0.009884134,3.659399e-06,101.562,236.5194,-233.0529,236.0064,-240.5596,0.03888373,-0.03633924,-1.99248e-05,-0.1545144,-0.1522499,-0.1541793,-0.1571538,0
-0.03695233,-0.2154121,-9.308971,-0.007704895,-0.007242252,0.002251296,101.6588,236.4897,-232.4754,236.2081,-239.943,0.03889859,-0.03633922,-2.493146e-05,-0.154495,-0.1518725,-0.1543111,-0.156751,0
-0.1740219,-0.3419705,-9.473299,-0.00918477,-0.008575985,0.001311947,101.7555,236.2271,-232.1838,235.8215,-239.6938,0.0389078,-0.03634425,-1.732034e-05,-0.1543235,-0.151682,-0.1540585,-0.1565882,0
-0.3058799,-0.4637941,-9.64148,-0.01031171,-0.0097622,0.0002533779,101.8522,236.0258,-232.5629,235.5136,-240.0912,0.03889812,-0.03636811,-2.801023e-05,-0.154192,-0.1519298,-0.1538574,-0.1568479,0
-0.1539061,-0.3235652,-9.444189,-0.00846119,-0.008166344,0.001499445,101.949,236.0045,-232.2236,235.6396,-239.7193,0.03890475,-0.03637797,-3.695356e-05,-0.1541781,-0.1517081,-0.1539397,-0.1566049,0
-0.1926413,-0.359365,-9.48086,-0.008779715,-0.008416409,0.001329852,102.0457,235.625,-231.8756,235.2311,-239.3923,0.03891183,-0.03638778,-3.90147e-05,-0.1539301,-0.1514807,-0.1536728,-0.1563913,0
0.122755,-0.06793165,-9.05713,-0.006598935,-0.005958095,0.003696354,102.1424,235.62,-231.4037,235.4274,-238.9017,0.03892767,-0.03637569,-3.339637e-05,-0.1539269,-0.1511725,-0.1538011,-0.1560708,0
-0.1072381,-0.2803074,-9.35166,-0.008950109,-0.008201644,0.001951745,102.2392,235.8683,-231.1973,235.4802,-238.7468,0.03893582,-0.03636722,-1.324938e-05,-0.1540891,-0.1510376,-0.1538355,-0.1559696,0
-0.1271981,-0.2986911,-9.38596,-0.009529663,-0.008722231,0.001575607,102.3359,235.9897,-231.9307,235.5564,-239.4865,0.0389383,-0.03637592,-9.886355e-06,-0.1541684,-0.1515167,-0.1538853,-0.1564528,0
-0.1693408,-0.3377197,-9.45899,-0.009684304,-0.009047039,0.001225324,102.4326,236.0721,-232.5062,235.6174,-240.0602,0.03892541,-0.03639214,-1.606897e-05,-0.1542222,-0.1518927,-0.1539252,-0.1568276,0
-0.2477042,-0.4103201,-9.567804,-0.00963112,-0.009235293,0.0007125559,102.5293,236.3477,-232.2096,235.8875,-239.7661,0.03892202,-0.03639825,-1.784493e-05,-0.1544023,-0.1516989,-0.1541017,-0.1566354,0
-0.3047467,-0.4630847,-9.636419,-0.009979699,-0.009526666,0.0003135306,102.6261,235.6767,-232.5833,235.1804,-240.1576,0.03891196,-0.03642412,-3.599948e-05,-0.1539639,-0.1519431,-0.1536397,-0.1568912,0
0.1843763,-0.0113125,-8.989632,-0.005769746,-0.005193355,0.004141112,102.7227,235.991,-231.4415,235.8678,-238.9611,0.03894312,-0.03640755,-2.79397e-05,-0.1541692,-0.1511971,-0.1540888,-0.1561096,0
-0.1132449,-0.2860485,-9.361223,-0.009184023,-0.00818806,0.00187346,102.8195,235.786,-231.3678,235.3843,-238.9701,0.0389533,-0.03640894,-9.799673e-06,-0.1540354,-0.151149,-0.1537729,-0.1561155,0
-0.07863462,-0.2540529,-9.32419,-0.009180119,-0.008154128,0.001919788,102.9162,236.1508,-231.8854,235.7534,-239.4819,0.03895812,-0.03641313,-5.314946e-06,-0.1542737,-0.1514871,-0.154014,-0.1564498,0
-0.1633488,-0.3323803,-9.45112,-0.009802768,-0.008896766,0.00124324,103.0129,236.16,-232.4784,235.7032,-240.082,0.03895181,-0.03643052,-8.621942e-06,-0.1542796,-0.1518745,-0.1539812,-0.1568418,0
0.07856265,-0.1090072,-9.14303,-0.007629153,-0.006687429,0.003063609,103.1096,236.5052,-232.2113,236.2415,-239.7879,0.03895821,-0.0364236,-5.62883e-06,-0.1545052,-0.1517,-0.1543329,-0.1566497,0
-0.03308051,-0.2121093,-9.287428,-0.008918343,-0.007740316,0.002210254,103.2063,236.7368,-232.0312,236.3761,-239.6499,0.03896544,-0.03641101,1.239149e-05,-0.1546565,-0.1515824,-0.1544208,-0.1565596,0
-0.2181197,-0.3830141,-9.537165,-0.01084631,-0.009546056,0.0006323833,103.3029,236.7876,-232.8772,236.2647,-240.5309,0.03895675,-0.03642622,1.357971e-05,-0.1546896,-0.152135,-0.154348,-0.1571351,0
0.01444356,-0.1682987,-9.25251,-0.008711655,-0.007484868,0.002323869,103.3996,237.1619,-233.0929,236.8237,-240.7088,0.03895916,-0.03643115,1.15061e-05,-0.1549342,-0.152276,-0.1547132,-0.1572513,0
0.05230473,-0.1333499,-9.208092,-0.008579398,-0.007174757,0.002624441,103.4963,237.2963,-233.007,236.9793,-240.6371,0.03896538,-0.03643207,1.878098e-05,-0.155022,-0.1522199,-0.1548149,-0.1572045,0
-0.163972,-0.3331888,-9.493806,-0.01044544,-0.008965014,0.0009355816,103.593,237.3939,-233.3458,236.9171,-241.0155,0.03895819,-0.03644491,2.006399e-05,-0.1550857,-0.1524412,-0.1547742,-0.1574517,0
-0.09523452,-0.2698132,-9.413296,-0.009644087,-0.008204658,0.001414512,103.6897,237.4928,-233.5893,237.0841,-241.2554,0.0389372,-0.03643618,1.433935e-05,-0.1551504,-0.1526002,-0.1548834,-0.1576084,0
-0.05160039,-0.2295789,-9.358805,-0.009209182,-0.00774548,0.001796623,103.7864,237.5827,-233.4244,237.2138,-241.0979,0.03893214,-0.03643014,1.692529e-05,-0.1552091,-0.1524926,-0.1549681,-0.1575055,0
-0.3129753,-0.4711063,-9.698886,-0.01124621,-0.009860145,-0.0001704983,103.8831,237.5485,-233.5975,236.9977,-241.319,0.03890355,-0.03642735,1.430096e-05,-0.1551867,-0.1526056,-0.1548269,-0.1576499,0
-0.07274027,-0.2492787,-9.38802,-0.009043264,-0.00774633,0.001622304,103.9798,237.3038,-233.8135,236.9372,-241.5052,0.03888805,-0.03642908,-1.791974e-06,-0.1550269,-0.1527467,-0.1547874,-0.1577716,0
-0.393135,-0.5454377,-9.800493,-0.01095999,-0.01005779,-0.0005599295,104.0765,237.2611,-233.3283,236.7078,-241.0559,0.03888191,-0.03644548,-5.108064e-06,-0.154999,-0.1524298,-0.1546375,-0.1574781,0
0.03652001,-0.148525,-9.226002,-0.007558544,-0.006482062,0.002647874,104.1732,236.8121,-233.1301,236.5572,-240.8169,0.03889036,-0.03644636,-1.832955e-05,-0.1547056,-0.1523003,-0.1545392,-0.157322,0
0.0110576,-0.1720007,-9.246736,-0.00801136,-0.006864013,0.002627024,104.2699,236.7891,-232.4762,236.4977,-240.1878,0.03890302,-0.03644356,-7.667908e-06,-0.1546906,-0.1518731,-0.1545003,-0.156911,0
0.01715091,-0.1662799,-9.230102,-0.008447639,-0.007159954,0.002554133,104.3666,237.1282,-232.21,236.8103,-239.9389,0.03892096,-0.0364325,9.035182e-06,-0.1549122,-0.1516992,-0.1547045,-0.1567483,0
-0.03003028,-0.2097453,-9.300485,-0.009549377,-0.008121502,0.002017264,104.4633,237.0732,-233.0779,236.6683,-240.8279,0.03891937,-0.03644,1.406709e-05,-0.1548762,-0.1522662,-0.1546117,-0.1573291,0
-0.2415168,-0.4052697,-9.596255,-0.01085315,-0.009779308,0.0003869159,104.56,237.6196,-233.4179,237.0893,-241.1779,0.03891097,-0.03645664,1.571989e-05,-0.1552332,-0.1524883,-0.1548867,-0.1575578,0
0.08895299,-0.1000661,-9.175438,-0.008103468,-0.006943814,0.002795589,104.6568,237.6607,-233.5702,237.376,-241.2993,0.03890167,-0.03644214,1.131425e-05,-0.15526,-0.1525878,-0.1550741,-0.1576371,0
-0.0864079,-0.2620878,-9.405758,-0.009675009,-0.008449062,0.001551329,104.7535,237.7952,-233.4786,237.379,-241.2482,0.03890375,-0.03644842,2.120546e-05,-0.1553479,-0.152528,-0.155076,-0.1576037,0
-0.3092327,-0.4680234,-9.700697,-0.01135178,-0.01023319,-0.0002218103,104.8502,237.7763,-233.9949,237.2066,-241.7931,0.03888821,-0.03647213,1.192186e-05,-0.1553356,-0.1528652,-0.1549634,-0.1579597,0
-0.06857117,-0.2458759,-9.393286,-0.008875214,-0.007903739,0.001648704,104.9469,237.8395,-233.8303,237.4788,-241.5903,0.03889274,-0.03647693,4.507673e-06,-0.1553768,-0.1527577,-0.1551412,-0.1578272,0
0.09378262,-0.09584129,-9.173115,-0.007990371,-0.006706764,0.002936392,105.0436,237.7183,-233.4637,237.448,-241.2336,0.03890394,-0.03647403,1.138555e-05,-0.1552976,-0.1525182,-0.1551211,-0.1575941,0
-0.3942007,-0.5466791,-9.806686,-0.01197607,-0.01080131,-0.0007499082,105.1404,237.8167,-233.6608,237.1929,-241.5011,0.0388905,-0.03649532,1.31626e-05,-0.155362,-0.152647,-0.1549544,-0.1577689,0
-0.1206007,-0.2940691,-9.456354,-0.009364821,-0.008319598,0.001233915,105.2371,237.5831,-234.0786,237.1768,-241.8726,0.03888436,-0.03650996,-6.774984e-06,-0.1552093,-0.1529199,-0.1549439,-0.1580116,0
-0.2067412,-0.3737808,-9.564625,-0.009631296,-0.008740893,0.0008295641,105.3338,237.4328,-233.5782,236.993,-241.3878,0.03888315,-0.03652254,-1.000413e-05,-0.1551111,-0.152593,-0.1548239,-0.1576949,0
-0.2367631,-0.4015744,-9.588714,-0.0097348,-0.008820087,0.0006435247,105.4306,237.0717,-233.3593,236.6165,-241.1836,0.0388775,-0.03653928,-2.27517e-05,-0.1548753,-0.15245,-0.1545779,-0.1575615,0
-0.1891711,-0.3577064,-9.514557,-0.008982569,-0.008183827,0.001146029,105.5273,236.8924,-232.8083,236.4945,-240.6285,0.03888538,-0.03654285,-2.669856e-05,-0.1547581,-0.1520901,-0.1544982,-0.1571988,0
-0.03467618,-0.2149009,-9.296936,-0.008138835,-0.007113802,0.002346187,105.6241,236.4787,-232.5845,236.1601,-240.4082,0.03889353,-0.03654517,-2.82589e-05,-0.1544879,-0.1519438,-0.1542797,-0.1570549,0
-0.3497993,-0.5060557,-9.700562,-0.01054159,-0.009721717,4.763319e-05,105.7208,236.4533,-232.4392,235.9129,-240.3036,0.03888748,-0.03656291,-2.966743e-05,-0.1544713,-0.1518489,-0.1541182,-0.1569866,0
0.05401157,-0.1330516,-9.168736,-0.007172246,-0.006325559,0.003049781,105.8176,236.4042,-232.1356,236.1586,-239.9492,0.03890551,-0.03655592,-3.252093e-05,-0.1544392,-0.1516506,-0.1542787,-0.1567551,0
-0.1300231,-0.3029693,-9.400881,-0.009145277,-0.008158762,0.001745619,105.9143,236.4684,-231.8207,236.0608,-239.6825,0.03891999,-0.03655171,-1.281853e-05,-0.1544811,-0.1514448,-0.1542148,-0.1565809,0
-0.09832038,-0.2735903,-9.362746,-0.009457903,-0.008292897,0.001757696,106.011,236.4866,-232.4728,236.0587,-240.3422,0.03891664,-0.03656344,-1.423015e-05,-0.154493,-0.1518709,-0.1542135,-0.1570118,0
0.03261327,-0.152727,-9.206053,-0.008185344,-0.007148608,0.002742327,106.1078,236.9407,-232.3643,236.6239,-240.2159,0.03891424,-0.03654753,-6.527582e-06,-0.1547897,-0.1518,-0.1545827,-0.1569293,0
-0.3482008,-0.5045612,-9.706446,-0.01131959,-0.01034456,-0.000155495,106.2045,236.6629,-233.0018,236.0677,-240.9104,0.03889804,-0.03657436,-1.220475e-05,-0.1546082,-0.1522164,-0.1542193,-0.157383,0
-0.2326261,-0.3980299,-9.562698,-0.009546239,-0.008871274,0.0007527534,106.3013,236.9482,-232.7815,236.4942,-240.6555,0.03890105,-0.03658286,-1.97175e-05,-0.1547946,-0.1520725,-0.154498,-0.1572165,0
-0.1034987,-0.2787359,-9.386507,-0.008684753,-0.007788483,0.001801623,106.398,236.5895,-232.5609,236.218,-240.4416,0.03890947,-0.03658564,-1.98842e-05,-0.1545602,-0.1519284,-0.1543175,-0.1570767,0
-0.2428692,-0.407486,-9.560616,-0.009945975,-0.00897583,0.0007822516,106.4948,236.3681,-232.6243,235.8838,-240.5366,0.038901,-0.03660515,-2.651663e-05,-0.1544156,-0.1519698,-0.1540992,-0.1571388,0
-0.261008,-0.4244096,-9.58079,-0.009452068,-0.008740824,0.0007244439,106.5915,236.3535,-232.2931,235.8976,-240.1968,0.03890217,-0.03661622,-3.525625e-05,-0.154406,-0.1517535,-0.1541082,-0.1569169,0
-0.1608146,-0.3318723,-9.437368,-0.008601257,-0.007816031,0.001577039,106.6882,235.8129,-232.1165,235.429,-240.0205,0.03890697,-0.03662393,-4.338507e-05,-0.1540529,-0.1516381,-0.1538021,-0.1568017,0
-0.3102307,-0.4699494,-9.619236,-0.009622432,-0.008926402,0.0005820521,106.785,235.8457,-231.5254,235.3667,-239.4547,0.03891368,-0.03662968,-3.946493e-05,-0.1540743,-0.151252,-0.1537614,-0.1564321,0
-0.1151014,-0.2896338,-9.354249,-0.008309083,-0.007454607,0.001991088,106.8817,235.5169,-231.5067,235.1557,-239.4245,0.03892221,-0.03663244,-4.436194e-05,-0.1538596,-0.1512397,-0.1536236,-0.1564123,0
-0.01867068,-0.2005079,-9.223204,-0.007742926,-0.006812956,0.002779684,106.9784,235.5537,-231.1691,235.246,-239.0869,0.03893712,-0.03662886,-3.599743e-05,-0.1538836,-0.1510192,-0.1536825,-0.1561917,0
-0.03637944,-0.2167836,-9.24243,-0.008322642,-0.00724424,0.002568813,107.0751,235.6654,-231.1453,235.3157,-239.0815,0.03894822,-0.03662771,-2.581054e-05,-0.1539565,-0.1510036,-0.1537281,-0.1561882,0
-0.2887124,-0.4499187,-9.578192,-0.01036807,-0.009416455,0.0005964717,107.1719,235.8156,-231.5384,235.2841,-239.5053,0.03894659,-0.03663925,-2.172998e-05,-0.1540546,-0.1512605,-0.1537074,-0.1564651,0
4.763842,5.598529,-4.519476,-0.009673594,-0.008837084,0.0009384127,107.2686,235.7495,-232.0925,235.2706,-240.0426,0.03894033,-0.03665665,-3.364309e-05,-0.1540114,-0.1516224,-0.1536986,-0.1568161,1
4.84823,5.676328,-4.432288,-0.008541747,-0.007780693,0.001706175,107.3653,238.0188,-233.7713,237.6318,-241.6354,0.03894969,-0.03665967,-3.336271e-05,-0.155494,-0.1527191,-0.1552411,-0.1578566,1
4.881361,5.706752,-4.585471,-0.008858001,-0.007290446,0.001970033,107.462,245.9339,-241.6962,245.539,-249.3433,0.03895971,-0.03665655,-2.803227e-05,-0.1606648,-0.1578963,-0.1604068,-0.1628921,1
4.826642,5.655838,-5.054676,-0.0111162,-0.006544542,0.001533586,107.5587,256.2125,-252.2365,255.7159,-259.7504,0.03894936,-0.03665044,-2.459166e-05,-0.1673796,-0.1647822,-0.1670552,-0.1696909,1
4.815461,5.645035,-5.495776,-0.01382944,-0.004013168,0.001436793,107.6555,266.5605,-262.4099,266.0028,-269.928,0.03891519,-0.03662044,-2.1224e-05,-0.1741399,-0.1714283,-0.1737755,-0.1763398,1
4.9051,5.727379,-5.786613,-0.01621962,-4.257855e-05,0.002093316,107.7523,276.0146,-272.1803,275.462,-279.7784,0.03884813,-0.03656258,-2.291141e-05,-0.180316,-0.1778111,-0.179955,-0.1827749,1
4.971182,5.787888,-6.080486,-0.01843113,0.004088656,0.00264514,107.8493,285.3904,-280.544,284.8638,-288.2546,0.03876898,-0.03645269,-5.344731e-06,-0.1864411,-0.183275,-0.1860971,-0.1883123,1
4.968649,5.78519,-6.43633,-0.02169862,0.007136959,0.002483165,107.9465,293.6061,-289.2197,293.012,-297.0823,0.03865138,-0.03631804,7.844103e-06,-0.1918083,-0.1889427,-0.1914202,-0.1940792,1
4.802733,5.631355,-6.994077,-0.02514641,0.009048084,0.001167267,108.0439,301.8448,-297.0947,301.1335,-305.1,0.03850675,-0.03615415,2.400239e-05,-0.1971906,-0.1940873,-0.1967259,-0.1993171,1
4.80574,5.633582,-7.306991,-0.0269644,0.01217244,0.001070846,108.1415,308.8102,-304.9318,308.1039,-313.0607,0.03832971,-0.03597284,2.00769e-05,-0.2017409,-0.1992072,-0.2012795,-0.2045177,1
4.842315,5.666695,-7.548005,-0.02763977,0.01572848,0.00146575,108.2394,315.7492,-311.0687,315.126,-319.3047,0.03815325,-0.03574697,2.974271e-05,-0.2062741,-0.2032163,-0.2058669,-0.2085968,1
4.959023,5.774133,-7.648665,-0.02845601,0.01914972,0.002313519,108.3376,321.5502,-317.1467,321.0005,-325.5089,0.03796102,-0.03549482,3.786409e-05,-0.2100637,-0.207187,-0.2097046,-0.2126499,1
5.007886,5.818902,-7.823903,-0.02945594,0.0217259,0.002686654,108.4361,327.5938,-322.359,327.0855,-330.8378,0.03776626,-0.03520771,6.244335e-05,-0.2140119,-0.2105921,-0.2136799,-0.2161312,1
4.830331,5.654627,-8.281057,-0.03242806,0.02191052,0.001201164,108.535,332.7949,-328.0902,332.1415,-336.7111,0.03754151,-0.03491797,7.75716e-05,-0.2174097,-0.2143362,-0.2169829,-0.2199681,1
5.036289,5.844515,-8.231708,-0.0316282,0.02531813,0.002652585,108.6342,338.0938,-332.9841,337.6099,-341.6719,0.03732061,-0.03459669,9.51548e-05,-0.2208714,-0.2175333,-0.2205553,-0.2232089,1
4.57708,5.41999,-9.029701,-0.03613187,0.02297856,-0.0008299784,108.7339,342.3889,-338.0943,341.5917,-346.9363,0.03706004,-0.03429332,0.000101385,-0.2236773,-0.2208717,-0.2231565,-0.2266481,1
4.866718,5.687044,-8.835453,-0.03372166,0.02717362,0.001336075,108.834,346.6587,-342.0814,346.1393,-350.9522,0.03681291,-0.03395683,9.797954e-05,-0.2264667,-0.2234764,-0.2261274,-0.2292716,1
4.852291,5.673473,-9.006414,-0.03445638,0.02829359,0.001391438,108.9345,350.1127,-345.4041,349.6046,-354.3756,0.03656388,-0.03360502,0.0001096595,-0.2287232,-0.2256471,-0.2283913,-0.2315081,1
4.897246,5.714875,-9.083288,-0.0349468,0.02953621,0.001708246,109.0355,353.7441,-348.3976,353.2705,-357.4552,0.03631556,-0.03323373,0.0001296168,-0.2310955,-0.2276027,-0.2307861,-0.2335199,1
4.987911,5.79864,-9.099205,-0.03543635,0.03067583,0.002268481,109.137,356.9481,-351.7408,356.5096,-360.8755,0.03605835,-0.03285499,0.0001499972,-0.2331886,-0.2297868,-0.2329022,-0.2357543,1
4.380861,5.23766,-10.02571,-0.04066417,0.0263327,-0.002339604,109.2389,359.8732,-355.4189,359.0222,-364.682,0.03575831,-0.0325087,0.0001536751,-0.2350996,-0.2321897,-0.2345436,-0.2382411,1
4.971213,5.78264,-9.379131,-0.03564803,0.03232198,0.002073333,109.3414,362.4103,-358.0997,362.0433,-367.3215,0.03548042,-0.03213072,0.0001390021,-0.236757,-0.2339409,-0.2365172,-0.2399654,1
4.941574,5.755157,-9.506708,-0.03640784,0.03278375,0.002147752,109.4444,364.8327,-359.3437,364.4653,-368.6467,0.03521577,-0.03172933,0.0001646449,-0.2383395,-0.2347536,-0.2380995,-0.2408312,1
4.766084,5.593178,-9.812735,-0.03915999,0.03146046,0.000668337,109.5479,366.8856,-361.7107,366.3504,-371.1143,0.03492598,-0.0313377,0.0001796786,-0.2396806,-0.2363,-0.239331,-0.2424432,1
4.886427,5.704289,-9.749792,-0.03884923,0.03280714,0.00148666,109.6519,368.938,-364.117,368.4866,-373.5437,0.03462791,-0.03094354,0.0001849068,-0.2410214,-0.237872,-0.2407266,-0.2440303,1
4.801613,5.625813,-9.942898,-0.03994716,0.03268196,0.0009018109,109.7565,370.9007,-365.8224,370.4087,-375.297,0.03432396,-0.0305461,0.0001955065,-0.2423037,-0.238986,-0.2419823,-0.2451757,1
4.661028,5.49582,-10.19501,-0.04153836,0.03218719,-0.0001637943,109.8616,372.406,-367.6029,371.8315,-377.1316,0.03400621,-0.03015123,0.0001968315,-0.243287,-0.2401493,-0.2429117,-0.2463742,1
4.836695,5.657966,-10.02644,-0.04059952,0.03439147,0.001213112,109.9672,373.8387,-368.8174,373.4103,-378.3576,0.03369534,-0.02973691,0.0002018084,-0.244223,-0.2409427,-0.2439431,-0.2471752,1
4.781315,5.606827,-10.14679,-0.0420569,0.03445004,0.0008471479,110.0735,374.8085,-370.1418,374.3227,-379.7373,0.03336469,-0.02932911,0.0002049334,-0.2448566,-0.2418079,-0.2445392,-0.2480765,1
4.60143,5.440465,-10.42673,-0.04379164,0.0339483,-0.000427252,110.1803,376.1095,-370.9633,375.5311,-380.6003,0.03302814,-0.02891338,0.0002086499,-0.2457065,-0.2423446,-0.2453287,-0.2486403,1
4.987328,5.796949,-9.958417,-0.04174124,0.03784583,0.00247455,110.2877,376.855,-371.7621,376.5401,-381.3906,0.03270158,-0.02847033,0.0002144989,-0.2461935,-0.2428664,-0.2459878,-0.2491566,1
4.918942,5.733923,-10.07858,-0.04387308,0.03772461,0.002005242,110.3956,377.9283,-372.3438,377.5206,-382.0326,0.03236124,-0.02802242,0.0002398006,-0.2468947,-0.2432464,-0.2466283,-0.249576,1
4.935473,5.749286,-10.09508,-0.0452638,0.03839575,0.001921404,110.5042,379.1671,-373.3516,378.7332,-383.072,0.03200776,-0.0275663,0.0002601632,-0.247704,-0.2439048,-0.2474205,-0.250255,1
5.029132,5.835863,-10.01888,-0.04606969,0.03979398,0.002460815,110.6133,380.2019,-374.6079,379.7984,-384.3459,0.03164301,-0.02710013,0.0002805954,-0.24838,-0.2447255,-0.2481164,-0.2510872,1
4.841582,5.662577,-10.30927,-0.04896189,0.0391402,0.0009144936,110.723,381.4483,-375.7006,380.8925,-385.4856,0.03125776,-0.02663203,0.0003039393,-0.2491942,-0.2454394,-0.2488311,-0.2518318,1
4.576697,5.417696,-10.70049,-0.05208388,0.03826773,-0.001250847,110.8333,382.1389,-377.2885,381.4006,-387.1151,0.03083748,-0.02617624,0.0003021509,-0.2496454,-0.2464767,-0.2491631,-0.2528962,1
4.739644,5.567826,-10.52441,-0.05115383,0.04156587,3.152376e-05,110.9442,382.4583,-378.1071,381.888,-387.9107,0.03041041,-0.0257049,0.0002851875,-0.2498541,-0.2470115,-0.2494815,-0.253416,1
4.790019,5.614046,-10.46601,-0.05138569,0.04408545,0.0006720215,111.0557,382.9541,-377.3946,382.4704,-387.2159,0.02999803,-0.02519218,0.0002944443,-0.250178,-0.246546,-0.2498619,-0.2529621,1
4.685302,5.517362,-10.5952,-0.05415627,0.04468026,-0.0001286698,111.1679,382.6869,-377.7545,382.0866,-387.6425,0.02955632,-0.02467609,0.0002970708,-0.2500034,-0.2467811,-0.2496113,-0.2532409,1
5.061219,5.864569,-10.11109,-0.05275395,0.04941032,0.002695266,111.2806,383.0527,-377.6782,382.7008,-387.5462,0.02911561,-0.02412636,0.0003047259,-0.2502424,-0.2467313,-0.2500125,-0.2531779,1
4.965226,5.775934,-10.23919,-0.0555092,0.05012836,0.001982584,111.3939,383.7444,-377.2621,383.2922,-387.184,0.02866983,-0.02354722,0.0003397401,-0.2506943,-0.2464595,-0.2503988,-0.2529413,1
4.624581,5.461349,-10.69668,-0.06057662,0.048685,-0.0008659051,111.5079,383.6819,-378.7658,382.9215,-388.7638,0.0281657,-0.02299007,0.000344521,-0.2506534,-0.2474418,-0.2501567,-0.2539734,1
4.685777,5.517455,-10.64639,-0.06073832,0.05167637,-0.0004098923,111.6224,384.1989,-379.2217,383.5368,-389.1918,0.02765241,-0.02240976,0.0003383576,-0.2509912,-0.2477397,-0.2505586,-0.2542529,1
4.774703,5.599317,-10.53255,-0.06121642,0.05497991,0.0003894507,111.7376,384.2578,-378.7447,383.6931,-388.7242,0.02714224,-0.02179016,0.0003451319,-0.2510297,-0.247428,-0.2506607,-0.2539475,1
4.781379,5.605471,-10.51206,-0.06334785,0.05720819,0.0004391556,111.8533,383.6265,-379.0438,383.0291,-389.0694,0.02659593,-0.02116573,0.000339912,-0.2506172,-0.2476234,-0.2502269,-0.254173,1
4.585421,5.424113,-10.76157,-0.06594307,0.05846657,-0.0008730988,111.9697,383.9973,-378.2361,383.3117,-388.2924,0.02604494,-0.02050534,0.00034885,-0.2508595,-0.2470957,-0.2504116,-0.2536654,1
4.842782,5.661846,-10.40941,-0.06611845,0.06296097,0.00100598,112.0867,383.2751,-378.2987,382.7416,-388.3648,0.02547722,-0.01981667,0.0003468653,-0.2503876,-0.2471367,-0.2500391,-0.2537127,1
4.68056,5.511893,-10.60997,-0.06934687,0.06420375,-8.103214e-05,112.2043,383.3393,-377.7491,382.686,-387.8632,0.0248883,-0.01910487,0.0003619267,-0.2504296,-0.2467776,-0.2500028,-0.253385,1
4.892559,5.70771,-10.32178,-0.06993465,0.06849061,0.001391361,112.3225,383.0637,-377.6635,382.5348,-387.7825,0.0242807,-0.01836397,0.0003651342,-0.2502496,-0.2467216,-0.249904,-0.2533322,1
4.814773,5.635775,-10.41518,-0.07268062,0.07058831,0.0008665997,112.4413,383.1201,-377.2087,382.5305,-387.3631,0.02365878,-0.01758928,0.0003848477,-0.2502863,-0.2464246,-0.2499012,-0.2530583,1
2.283627,5.683658,-10.33918,-0.07495429,0.07360813,0.001102171,112.5607,382.8087,-377.4769,382.2138,-387.6599,0.02300312,-0.01679663,0.0003926218,-0.250083,-0.2465998,-0.2496943,-0.2532522,0.4834139
4.579228,5.418012,-10.71391,-0.07907514,0.07445163,-0.001033719,112.6808,382.9647,-377.2327,382.2187,-387.4832,0.0223212,-0.01597966,0.0004042219,-0.2501849,-0.2464403,-0.2496975,-0.2531368,1
4.90149,5.715637,-10.28417,-0.07888325,0.08016472,0.001286794,112.8014,382.3939,-377.2652,381.9079,-387.5321,0.02162193,-0.01512606,0.0004009432,-0.2498119,-0.2464615,-0.2494945,-0.2531687,1
4.923387,5.735873,-10.24187,-0.0812242,0.08319806,0.001572207,112.9226,382.4995,-376.3947,382.0009,-386.6547,0.02091196,-0.01423022,0.0004237322,-0.249881,-0.2458928,-0.2495553,-0.2525955,1
4.701707,5.531208,-10.51575,-0.08612405,0.08419167,-0.0002539988,113.0445,382.27,-376.4965,381.5437,-386.778,0.02015823,-0.01331992,0.0004373235,-0.249731,-0.2459593,-0.2492566,-0.252676,1
4.710372,5.539083,-10.50402,-0.08866023,0.08785653,-0.0002826974,113.1669,381.8086,-377.0252,381.0646,-387.2711,0.01936238,-0.01239137,0.0004284478,-0.2494296,-0.2463047,-0.2489436,-0.2529982,1
4.733786,5.560371,-10.46432,-0.09056918,0.09255957,5.825574e-05,113.29,381.8049,-376.1194,381.1159,-386.3156,0.01855836,-0.01140625,0.000433279,-0.2494272,-0.2457129,-0.2489771,-0.252374,1
4.84234,5.660641,-10.29484,-0.0932063,0.09780192,0.0008735828,113.4136,381.4181,-375.3618,380.7695,-385.5264,0.01773676,-0.01036197,0.0004498377,-0.2491745,-0.245218,-0.2487508,-0.2518584,1
4.756168,5.581158,-10.38904,-0.09818099,0.1014623,0.0001122672,113.5379,380.853,-375.6268,380.0574,-385.7565,0.01685595,-0.009293582,0.0004573019,-0.2488054,-0.2453912,-0.2482856,-0.2520087,1
5.018041,5.822921,-10.04181,-0.09985102,0.1090233,0.002015704,113.6627,381.0901,-375.0996,380.4511,-385.0639,0.01595492,-0.008155489,0.0004692265,-0.2489602,-0.2450467,-0.2485428,-0.2515562,1
4.828142,5.647489,-10.27627,-0.1062288,0.1133913,0.0005308364,113.7882,380.7905,-375.0779,379.9338,-384.8467,0.01500189,-0.006966677,0.0004856533,-0.2487645,-0.2450326,-0.2482048,-0.2514144,1
4.770308,5.593943,-10.3451,-0.1122018,0.1202213,-4.47698e-05,113.9142,380.7455,-375.4749,379.7237,-384.6531,0.0139909,-0.005712891,0.0004938674,-0.2487351,-0.2452919,-0.2480676,-0.2512879,1
4.58237,5.420079,-10.58724,-0.1208487,0.1286821,-0.001494961,114.0409,380.449,-374.6994,379.415,-385.4681,0.01290242,-0.004379374,0.0004951285,-0.2485414,-0.2447853,-0.2478659,-0.2518203,1
4.830989,5.649399,-10.2502,-0.1222081,0.1375179,0.0003684889,114.1681,379.7908,-374.0959,379.0781,-385.5921,0.01176528,-0.002960095,0.0004844068,-0.2481114,-0.244391,-0.2476458,-0.2519013,1
4.879618,5.694025,-10.16053,-0.1204793,0.1398111,0.0009097109,114.2959,379.5576,-372.6238,379.1156,-384.5067,0.01065528,-0.001493615,0.0004987428,-0.2479591,-0.2434294,-0.2476703,-0.2511922,1
4.534849,5.375732,-10.5801,-0.1219358,0.1361861,-0.001756774,114.4244,378.4426,-372.7831,377.8979,-385.0375,0.009524706,-6.367137e-05,0.0004897848,-0.2472307,-0.2435334,-0.2468748,-0.251539,1
4.809875,5.629871,-10.20515,-0.1169274,0.1367544,0.0004099509,114.5534,378.3433,-371.7333,378.1946,-384.1997,0.008442434,0.001376411,0.0004839404,-0.2471658,-0.2428476,-0.2470686,-0.2509917,1
4.577392,5.415657,-10.47587,-0.1168051,0.1313638,-0.001212795,114.683,377.2382,-371.2671,377.0285,-384.0244,0.007363235,0.002766018,0.0004752505,-0.2464438,-0.242543,-0.2463068,-0.2508772,1
5.030201,5.834529,-9.854575,-0.11075,0.1307733,0.002239842,114.8132,376.9595,-370.0666,377.1803,-382.9858,0.006335332,0.004143962,0.0004718463,-0.2462618,-0.2417588,-0.246406,-0.2501987,1
4.432213,5.282893,-10.60251,-0.1133465,0.120385,-0.002142345,114.9439,376.2247,-369.5952,376.0845,-382.8001,0.005303748,0.005442859,0.0004735957,-0.2457817,-0.2414508,-0.2456901,-0.2500773,1
4.493174,5.339762,-10.50151,-0.1097602,0.1152251,-0.001746916,115.0753,375.3541,-369.6934,375.3529,-383.0414,0.004285972,0.006672089,0.0004390332,-0.245213,-0.2415149,-0.2452122,-0.250235,1
4.538606,5.382159,-10.41388,-0.1056428,0.1098353,-0.001044241,115.2072,374.5551,-368.4337,374.717,-381.9111,0.003312482,0.007851239,0.0004145783,-0.244691,-0.240692,-0.2447968,-0.2494966,1
5.052094,5.857315,-9.689986,-0.09906085,0.1072911,0.002993502,115.3397,373.8567,-366.5218,374.4233,-380.1017,0.00240487,0.009004861,0.0004129888,-0.2442347,-0.239443,-0.2446049,-0.2483146,1
4.727471,5.558506,-10.06697,-0.1001796,0.09672044,0.0005637112,115.4728,373.0901,-365.9275,373.3759,-379.7131,0.001497959,0.01006514,0.000421919,-0.243734,-0.2390547,-0.2439207,-0.2480606,1
4.675495,5.511157,-10.1181,-0.09796257,0.08867694,-3.539317e-06,115.6065,372.8672,-365.9551,373.126,-379.8385,0.0006058358,0.01104115,0.0004104679,-0.2435883,-0.2390727,-0.2437574,-0.2481426,1
4.738997,5.570272,-10.02434,-0.09438484,0.08180983,0.0005130437,115.7407,372.4185,-365.6615,372.7583,-379.6146,-0.0002539209,0.01194515,0.0003966826,-0.2432952,-0.238881,-0.2435172,-0.2479963,1
4.812427,5.638559,-9.905296,-0.0910565,0.07495833,0.001124136,115.8755,371.9044,-365.069,372.3069,-379.0989,-0.001083979,0.01277619,0.0003847719,-0.2429594,-0.2384939,-0.2432223,-0.2476594,1
4.631968,5.472181,-10.11519,-0.08963984,0.06611602,-0.0001695697,116.0108,371.6398,-364.2957,371.9301,-378.4191,-0.001884761,0.01353531,0.000379744,-0.2427865,-0.2379887,-0.2429762,-0.2472153,1
4.746755,5.578548,-9.941883,-0.08628823,0.05954392,0.0006313707,116.1467,370.8138,-364.2683,371.1605,-378.4438,-0.00266677,0.0142137,0.0003596834,-0.2422469,-0.2379708,-0.2424734,-0.2472315,1
4.643394,5.483131,-10.05677,-0.08410357,0.05161548,-4.12087e-06,116.2832,370.5078,-363.5447,370.7936,-377.7742,-0.003420786,0.014819,0.0003472783,-0.242047,-0.2374981,-0.2422337,-0.246794,1
4.639838,5.47985,-10.03395,-0.08133419,0.04463951,5.334732e-06,116.4202,370.085,-362.7779,370.3671,-377.0484,-0.004139327,0.01536312,0.0003363657,-0.2417708,-0.2369971,-0.241955,-0.2463199,1
4.751618,5.583163,-9.862045,-0.07826642,0.03845211,0.0008525723,116.5578,369.1101,-362.7198,369.4175,-377.0219,-0.004844566,0.01582608,0.0003152963,-0.2411339,-0.2369592,-0.2413347,-0.2463025,1
4.831152,5.6564,-9.735716,-0.07483585,0.03258469,0.001581845,116.6959,369.2931,-361.3828,369.6536,-375.6937,-0.005500023,0.01624639,0.0003177065,-0.2412534,-0.2360857,-0.241489,-0.2454349,1
4.987635,5.800961,-9.50522,-0.07216296,0.02686325,0.002605474,116.8345,368.5795,-361.3199,368.9488,-375.6603,-0.006139513,0.01659663,0.0003141512,-0.2407872,-0.2360447,-0.2410285,-0.2454131,1
4.7224,5.555587,-9.842948,-0.0720572,0.01829955,0.0005805661,116.9738,368.8146,-361.0467,368.9485,-375.4271,-0.006762146,0.01687822,0.0003211685,-0.2409408,-0.2358662,-0.2410283,-0.2452607,1
4.865069,5.686912,-9.653827,-0.06884915,0.0133973,0.001440293,117.1136,368.5137,-361.4159,368.6882,-375.7822,-0.007368361,0.01709447,0.0003089388,-0.2407443,-0.2361074,-0.2408583,-0.2454927,1
4.854752,5.676682,-9.665231,-0.06650281,0.007830034,0.001401773,117.2539,368.5993,-361.0539,368.738,-375.4175,-0.007944254,0.01726091,0.000308642,-0.2408002,-0.2358709,-0.2408908,-0.2452544,1
4.788718,5.614967,-9.741615,-0.06502318,0.001977116,0.0008119743,117.3947,368.463,-360.9417,368.5001,-375.3195,-0.008501679,0.0173721,0.0003062601,-0.2407111,-0.2357976,-0.2407354,-0.2451904,1
4.896923,5.714108,-9.595705,-0.06221512,-0.00215974,0.001537057,117.5361,368.1991,-361.0745,368.2514,-375.4368,-0.009041535,0.01743026,0.0002971223,-0.2405388,-0.2358844,-0.2405729,-0.245267,1
4.703783,5.534655,-9.84268,-0.06140319,-0.008207002,0.0001192796,117.6781,368.2045,-360.7924,368.0904,-375.1636,-0.009563245,0.0174378,0.0002926589,-0.2405423,-0.2357,-0.2404678,-0.2450885,1
4.608046,5.445076,-9.958273,-0.05982728,-0.01307451,-0.0006309735,117.8206,368.0168,-360.6147,367.808,-374.9798,-0.01006187,0.01740489,0.0002838552,-0.2404197,-0.235584,-0.2402833,-0.2449684,1
4.887526,5.702179,-9.58325,-0.05582301,-0.01483149,0.001451165,117.9636,367.4135,-360.6573,367.3345,-374.9817,-0.01054108,0.01733123,0.0002679766,-0.2400256,-0.2356118,-0.2399739,-0.2449697,1
4.845457,5.662087,-9.625246,-0.05408992,-0.01876324,0.001248549,118.1072,367.4882,-359.8354,367.3387,-374.1505,-0.01099351,0.01722652,0.0002683555,-0.2400743,-0.2350749,-0.2399767,-0.2444267,1
4.698093,5.524718,-9.8016,-0.05347855,-0.02340887,7.890028e-05,118.2513,367.062,-359.787,366.7484,-374.1068,-0.01143603,0.01707926,0.0002596845,-0.2397959,-0.2350433,-0.239591,-0.2443981,1
4.764194,5.584407,-9.70691,-0.05094989,-0.02590319,0.0005994873,118.396,366.75,-359.6796,366.4392,-373.963,-0.0118573,0.01690285,0.0002495474,-0.2395921,-0.2349731,-0.239389,-0.2443042,1
4.666106,5.492365,-9.823509,-0.04976777,-0.02944561,-6.905719e-05,118.5412,366.4957,-359.3177,366.0724,-373.5884,-0.01226429,0.01669247,0.0002416044,-0.2394259,-0.2347366,-0.2391494,-0.2440595,1
4.576355,5.407922,-9.926658,-0.0483602,-0.03251109,-0.0006971362,118.687,366.0979,-359.0302,365.5819,-373.2797,-0.0126557,0.01645294,0.0002269421,-0.2391661,-0.2345488,-0.238829,-0.2438578,1
4.697711,5.518488,-9.751051,-0.04540007,-0.03360625,0.0003234434,118.8332,365.5627,-358.565,365.0991,-372.7711,-0.013021,0.01619807,0.0002133914,-0.2388164,-0.2342449,-0.2385135,-0.2435256,1
4.581132,5.409284,-9.881392,-0.04456317,-0.03653628,-0.000418674,118.98,364.8354,-358.2345,364.239,-372.4322,-0.01338276,0.01590729,0.000196286,-0.2383413,-0.234029,-0.2379516,-0.2433041,1
4.606306,5.43085,-9.826071,-0.04204055,-0.03772645,-6.523769e-05,119.1274,364.7611,-357.0576,364.1818,-371.21,-0.01370397,0.01562143,0.0001913145,-0.2382928,-0.2332602,-0.2379143,-0.2425057,1
2.223353,5.538005,-9.645298,-0.04009417,-0.03866675,0.0008364132,119.2753,363.7374,-356.9492,363.1481,-371.0807,-0.0140182,0.01531127,0.0001807708,-0.237624,-0.2331893,-0.237239,-0.2424213,0.4999167
-0.4480913,5.37765,-9.853423,-0.03969539,-0.04142955,-0.000330884,119.4237,363.6252,-356.3466,362.886,-370.4713,-0.01432171,0.01498045,0.0001772201,-0.2375507,-0.2327957,-0.2370678,-0.2420231,0
-0.3490052,5.467579,-9.708426,-0.03717503,-0.04174975,0.000424408,119.5726,363.0805,-356.0486,362.4652,-370.2139,-0.01460705,0.01463898,0.0001627369,-0.2371949,-0.232601,-0.2367929,-0.241855,0
-0.4223411,5.398301,-9.788857,-0.03604355,-0.04378402,4.695464e-05,119.7221,362.646,-355.5177,362.083,-369.7916,-0.01487405,0.01428541,0.0001574814,-0.236911,-0.2322542,-0.2365432,-0.2415791,0
-0.1691187,5.630965,-9.441236,-0.03281565,-0.04422422,0.001984099,119.872,362.3647,-354.9427,361.9998,-369.2379,-0.01511572,0.01392211,0.0001561372,-0.2367272,-0.2318785,-0.2364889,-0.2412174,0
-0.1584768,5.639693,-9.41472,-0.03187533,-0.04743192,0.002092724,120.0225,362.2223,-354.5892,361.8146,-368.892,-0.0153459,0.01352896,0.0001644556,-0.2366342,-0.2316476,-0.2363679,-0.2409914,0
-0.3192518,5.48996,-9.620354,-0.0320619,-0.0520224,0.0008220519,120.1736,362.353,-354.5565,361.774,-368.8434,-0.01556845,0.0131009,0.0001737204,-0.2367196,-0.2316263,-0.2363413,-0.2409597,0
-0.2863444,5.519054,-9.581476,-0.03070612,-0.05481189,0.0009733562,120.3251,362.2318,-354.9606,361.6047,-369.1883,-0.01578469,0.0126373,0.0001737219,-0.2366404,-0.2318902,-0.2362308,-0.2411849,0
-0.1267173,5.665095,-9.37756,-0.02826253,-0.05612528,0.002174889,120.4771,362.4413,-354.7581,361.8626,-368.9055,-0.015979,0.01215662,0.0001816332,-0.2367773,-0.2317579,-0.2363992,-0.2410002,0
-0.4078397,5.40393,-9.743874,-0.02949276,-0.06074926,2.687893e-05,120.6297,362.488,-354.8251,361.6353,-368.9507,-0.01617415,0.0116406,0.0001903278,-0.2368078,-0.2318017,-0.2362507,-0.2410298,0
-0.2808986,5.519583,-9.582129,-0.02730125,-0.06151285,0.0008837101,120.7828,362.2427,-355.2576,361.4142,-369.2974,-0.01636234,0.01110106,0.0001819437,-0.2366475,-0.2320843,-0.2361062,-0.2412562,0
-0.01616605,5.762474,-9.236115,-0.02402885,-0.06071825,0.002967451,120.9364,362.4832,-354.5604,361.7881,-368.5072,-0.01651454,0.01057107,0.0001944818,-0.2368046,-0.2316288,-0.2363505,-0.24074,0
-0.1880232,5.602236,-9.452068,-0.02513894,-0.06368141,0.001576337,121.0905,362.5421,-354.4688,361.6133,-368.4025,-0.0166665,0.01002179,0.0002148938,-0.2368431,-0.2315689,-0.2362363,-0.2406716,0
-0.3267563,5.472389,-9.642172,-0.02553659,-0.0658968,0.0003288654,121.2452,362.5132,-355.2699,361.3989,-369.1567,-0.01683053,0.009442344,0.0002156669,-0.2368242,-0.2320923,-0.2360963,-0.2411643,0
-0.4396763,5.36607,-9.803616,-0.02474979,-0.06698177,-0.0004965977,121.4004,362.7774,-355.2917,361.5726,-369.1078,-0.01697915,0.008860148,0.0002162474,-0.2369968,-0.2321065,-0.2362098,-0.2411323,0
-0.08207595,5.694623,-9.33508,-0.02106726,-0.06422553,0.002159667,121.556,362.2811,-355.3726,361.2657,-369.0978,-0.01711323,0.008279726,0.0002074284,-0.2366726,-0.2321594,-0.2360092,-0.2411259,0
-0.5153813,5.292431,-9.892702,-0.02320344,-0.06749301,-0.0009147569,121.7122,362.5243,-354.618,361.1816,-368.3415,-0.01723826,0.007698025,0.0002200507,-0.2368315,-0.2316664,-0.2359543,-0.2406318,0
-0.6291219,5.185514,-10.03177,-0.02309147,-0.06808343,-0.001887285,121.869,361.6751,-355.2592,360.2027,-368.9408,-0.01737693,0.00709557,0.0001977694,-0.2362767,-0.2320853,-0.2353148,-0.2410233,0
-0.1341521,5.640803,-9.378935,-0.01760097,-0.06315251,0.002059666,122.0262,361.4662,-354.3529,360.342,-367.9081,-0.01747259,0.006529005,0.0001894501,-0.2361403,-0.2314932,-0.2354059,-0.2403486,0
-0.1332486,5.640082,-9.349726,-0.01731956,-0.0627857,0.00219506,122.184,361.3262,-353.1308,360.1259,-366.6713,-0.0175483,0.005981544,0.0002096714,-0.2360488,-0.2306948,-0.2352647,-0.2395406,0
-0.1386727,5.633643,-9.34226,-0.01760099,-0.06277531,0.001936989,122.3422,361.1428,-353.3075,359.8218,-366.8257,-0.01762947,0.005431854,0.0002232125,-0.2359289,-0.2308103,-0.235066,-0.2396415,0
-0.4471856,5.346934,-9.755245,-0.01935307,-0.06472237,-0.0004896833,122.501,361.1446,-353.958,359.5494,-367.4538,-0.01772772,0.004863616,0.0002253769,-0.2359301,-0.2312352,-0.234888,-0.2400518,0
-0.3642835,5.421598,-9.657423,-0.01720853,-0.06271805,0.0001060105,122.6603,361.2585,-353.9199,359.7305,-367.333,-0.01780749,0.004312767,0.0002190312,-0.2360045,-0.2312103,-0.2350063,-0.2399729,0
-0.2946461,5.484234,-9.560878,-0.01579734,-0.06091483,0.0007077103,122.8201,360.9596,-353.5749,359.4567,-366.9435,-0.01787113,0.003780449,0.000219839,-0.2358093,-0.230985,-0.2348274,-0.2397185,0
-0.1719816,5.59604,-9.389713,-0.01446261,-0.05887393,0.001614428,122.9804,360.6619,-353.3649,359.188,-366.6948,-0.01792989,0.003258571,0.0002203775,-0.2356148,-0.2308478,-0.234652,-0.239556,0
-0.147367,5.617255,-9.351271,-0.01369391,-0.05751833,0.001796917,123.1413,360.9497,-352.7302,359.4586,-366.0242,-0.01796785,0.002764345,0.0002362604,-0.2358028,-0.2304332,-0.2348287,-0.2391179,0
-0.2688057,5.503731,-9.507434,-0.01468038,-0.05769038,0.0007115428,123.3026,360.6793,-353.2366,359.0235,-366.5247,-0.01801826,0.002265292,0.0002427331,-0.2356262,-0.230764,-0.2345445,-0.2394449,0
-0.1679348,5.595393,-9.386955,-0.01318487,-0.05560642,0.001373949,123.4645,360.9337,-353.3961,359.322,-366.6252,-0.01806039,0.001780517,0.0002457653,-0.2357924,-0.2308682,-0.2347395,-0.2395105,0
-0.3914316,5.38742,-9.684526,-0.01413768,-0.05599559,-0.0003232677,123.6268,360.8416,-353.5744,359.0581,-366.7923,-0.01810771,0.001295505,0.0002434263,-0.2357322,-0.2309847,-0.2345671,-0.2396197,0
-0.3599164,5.414997,-9.643711,-0.01275585,-0.05400001,-7.486532e-05,123.7897,360.7435,-353.4492,358.9958,-366.6192,-0.01814014,0.0008322713,0.0002360803,-0.2356682,-0.2309029,-0.2345264,-0.2395066,0
-0.07358659,5.678243,-9.262033,-0.01005998,-0.05025806,0.002118361,123.9531,360.6264,-352.9114,359.0529,-366.0301,-0.01814722,0.000403965,0.0002423605,-0.2355916,-0.2305515,-0.2345637,-0.2391217,0
-0.3459819,5.425521,-9.609922,-0.01224874,-0.05145294,1.657131e-05,124.117,360.2884,-353.1844,358.4567,-366.3273,-0.01817865,-4.019073e-05,0.0002422918,-0.2353708,-0.2307298,-0.2341742,-0.2393159,0
-0.1624983,5.593672,-9.373997,-0.009702265,-0.04829381,0.00135348,124.2814,360.7546,-352.6785,359.0724,-365.75,-0.0181781,-0.0004437409,0.000245683,-0.2356753,-0.2303993,-0.2345764,-0.2389388,0
-0.1810387,5.575583,-9.394371,-0.009968657,-0.04744641,0.001156902,124.4463,360.1831,-353.0989,358.4238,-366.1686,-0.01818705,-0.0008480789,0.0002464121,-0.235302,-0.230674,-0.2341527,-0.2392123,0
-0.4567742,5.319664,-9.758807,-0.01126761,-0.04819792,-0.0009153701,124.6117,360.4654,-353.0805,358.5168,-366.1427,-0.01820157,-0.001250996,0.0002444413,-0.2354864,-0.230662,-0.2342135,-0.2391953,0
-0.2062116,5.54999,-9.432762,-0.008367846,-0.04453152,0.000932519,124.7776,360.1487,-353.0737,358.3881,-366.0698,-0.01819931,-0.001630202,0.0002294203,-0.2352796,-0.2306575,-0.2341294,-0.2391477,0
-0.3696317,5.398032,-9.636642,-0.008962678,-0.04437291,-0.0001196823,124.9441,359.969,-352.5715,358.0967,-365.5687,-0.01818867,-0.001993466,0.000231022,-0.2351622,-0.2303295,-0.233939,-0.2388204,0
-0.1734548,5.578453,-9.369154,-0.007172932,-0.04156037,0.001284711,125.111,359.7522,-352.3706,357.9888,-365.3308,-0.01816936,-0.002338002,0.0002270249,-0.2350205,-0.2301982,-0.2338685,-0.2386649,0
-0.2147772,5.539518,-9.418694,-0.007218692,-0.04078652,0.001000415,125.2785,359.6785,-352.1855,357.8607,-365.134,-0.01814755,-0.002672171,0.0002297838,-0.2349724,-0.2300773,-0.2337848,-0.2385364,0
-0.361627,5.403079,-9.608192,-0.007885418,-0.04078747,-0.0001483794,125.4465,359.5329,-352.3373,357.6004,-365.2777,-0.01813171,-0.003005292,0.0002238186,-0.2348773,-0.2301765,-0.2336148,-0.2386302,0
-0.09151787,5.651838,-9.255507,-0.005105702,-0.03726649,0.00188775,125.6149,359.5997,-351.9927,357.864,-364.8722,-0.01809059,-0.003305411,0.0002233571,-0.2349209,-0.2299514,-0.233787,-0.2383653,0
-0.4318479,5.336873,-9.694511,-0.007672607,-0.03908055,-0.000653394,125.7839,359.4017,-352.0914,357.3969,-365.0044,-0.01806493,-0.003613826,0.0002261144,-0.2347916,-0.2300159,-0.2334818,-0.2384517,0
-0.3237804,5.435999,-9.55625,-0.006078686,-0.03690358,7.55043e-05,125.9534,359.1019,-352.4943,357.1804,-365.3578,-0.01804302,-0.003920555,0.000203879,-0.2345957,-0.230279,-0.2333404,-0.2386826,0
-0.3210497,5.437773,-9.548447,-0.004828397,-0.03527174,0.0003290212,126.1234,359.1369,-351.6378,357.2716,-364.4665,-0.01799332,-0.004194911,0.0002003719,-0.2346185,-0.2297195,-0.2334,-0.2381003,0
-0.1054323,5.636664,-9.247333,-0.003269139,-0.0326442,0.001934773,126.2938,358.6578,-351.3253,356.9055,-364.1348,-0.01793456,-0.004450738,0.0001993072,-0.2343056,-0.2295153,-0.2331608,-0.2378836,0
-0.1455442,5.599339,-9.292889,-0.003694706,-0.03228941,0.001619964,126.4648,358.7643,-351.1047,356.9453,-363.9127,-0.01787692,-0.004699637,0.0002077639,-0.2343751,-0.2293712,-0.2331868,-0.2377385,0
-0.4456578,5.321702,-9.687738,-0.005684941,-0.03387554,-0.0007356299,126.6363,358.8476,-351.4108,356.8112,-364.228,-0.01783062,-0.004954401,0.0002065485,-0.2344296,-0.2295712,-0.2330992,-0.2379445,0
-0.4278024,5.337709,-9.672273,-0.004715574,-0.03256783,-0.0006281884,126.8083,358.3809,-352.0511,356.3782,-364.8273,-0.01779088,-0.005213139,0.0001823987,-0.2341246,-0.2299895,-0.2328164,-0.238336,0
-0.000600649,5.731927,-9.110387,-0.0003859636,-0.02771454,0.002783545,126.9808,358.5985,-350.9105,356.943,-363.6089,-0.01770624,-0.00542207,0.0001825495,-0.2342668,-0.2292444,-0.2331853,-0.23754,0
-0.2869397,5.467441,-9.464388,-0.003133164,-0.0295717,0.0006345828,127.1538,358.2966,-350.6647,356.3873,-363.4176,-0.01763465,-0.005635826,0.000192795,-0.2340696,-0.2290838,-0.2328223,-0.237415,0
-0.2042642,5.543686,-9.358055,-0.002393653,-0.02827053,0.001085574,127.3273,358.374,-351.0358,356.5026,-363.7567,-0.01756442,-0.005843869,0.0001895037,-0.2341201,-0.2293262,-0.2328976,-0.2376366,0
-0.3197365,5.436806,-9.517935,-0.00284488,-0.02842401,0.0002330574,127.5013,358.1727,-351.4541,356.2239,-364.1617,-0.01750501,-0.006061024,0.000178767,-0.2339886,-0.2295995,-0.2327155,-0.2379012,0
0.1343551,5.8561,-8.925421,0.001373039,-0.0236877,0.003679423,127.6758,358.6845,-350.5453,357.0872,-363.1747,-0.01740051,-0.006227171,0.0001864383,-0.234323,-0.2290058,-0.2332795,-0.2372564,0
-0.4539656,5.312781,-9.68671,-0.00385749,-0.02826777,-0.0007971214,127.8508,358.2678,-351.1614,356.1983,-363.8771,-0.01733464,-0.006426357,0.0001921608,-0.2340507,-0.2294083,-0.2326988,-0.2377152,0
-0.127675,5.614007,-9.274288,-0.0005439267,-0.02468381,0.001500855,128.0263,358.6722,-351.3897,356.8633,-364.0218,-0.01725113,-0.006603241,0.0001816514,-0.234315,-0.2295574,-0.2331332,-0.2378098,0
-0.09787456,5.641552,-9.240354,-0.0001351743,-0.02380332,0.001806423,128.2023,358.5862,-351.2814,356.7973,-363.9029,-0.01716102,-0.006770854,0.0001841749,-0.2342588,-0.2294867,-0.2330901,-0.2377321,0
-0.4410291,5.324553,-9.687326,-0.002528708,-0.02590772,-0.0008029809,128.3788,358.8911,-351.2322,356.8723,-363.8805,-0.0170763,-0.006938789,0.0001889836,-0.234458,-0.2294545,-0.2331391,-0.2377174,0
-0.1197375,5.621435,-9.274796,0.000129572,-0.02272285,0.00146903,128.5558,358.5059,-351.8983,356.7039,-364.4907,-0.01699129,-0.007102638,0.0001717094,-0.2342063,-0.2298896,-0.2330291,-0.2381161,0
-0.1656088,5.579076,-9.338314,0.0003141417,-0.02232291,0.001294732,128.7333,358.8652,-351.3109,357.0602,-363.8904,-0.01689223,-0.007250284,0.0001771502,-0.234441,-0.229506,-0.2332618,-0.2377239,0
-0.2263437,5.523178,-9.412134,-0.0001966718,-0.02235728,0.0007380924,128.9113,358.7761,-351.401,356.9178,-363.9846,-0.01679594,-0.007395703,0.0001753445,-0.2343828,-0.2295648,-0.2331689,-0.2377855,0
-0.2079155,5.540368,-9.392719,0.0001275914,-0.02172945,0.0008527084,129.0898,358.6476,-351.7661,356.8021,-364.3302,-0.0167031,-0.007541655,0.0001679172,-0.2342989,-0.2298033,-0.2330932,-0.2380112,0
-0.2607051,5.491709,-9.465211,0.0002306026,-0.02149397,0.0005084421,129.2688,358.9442,-351.4746,357.0903,-364.0222,-0.01660018,-0.007675259,0.0001688487,-0.2344927,-0.2296129,-0.2332816,-0.23781,0
0.08169444,5.808365,-9.017015,0.002681891,-0.01843245,0.002986021,129.4483,358.7218,-351.6279,357.084,-364.1342,-0.01649027,-0.007797776,0.0001640226,-0.2343473,-0.2297131,-0.2332774,-0.2378832,0
-0.07794726,5.661203,-9.228043,0.001377739,-0.01945888,0.001822651,129.6284,359.278,-351.2584,357.524,-363.7773,-0.01637361,-0.00790951,0.0001819256,-0.2347107,-0.2294716,-0.2335649,-0.2376501,0
-0.3562239,5.404467,-9.59994,-0.001022746,-0.02160341,-0.0004948931,129.8089,359.2968,-352.1589,357.3251,-364.6998,-0.01627999,-0.008040808,0.0001798975,-0.234723,-0.2300599,-0.233435,-0.2382527,0
-0.1642071,5.581964,-9.36989,0.001093272,-0.01944343,0.0008989358,129.9899,359.4293,-352.6881,357.6249,-365.1689,-0.01618053,-0.008166176,0.0001665629,-0.2348095,-0.2304056,-0.2336308,-0.2385592,0
-0.3530482,5.407666,-9.621788,0.0002767507,-0.02025615,-0.0003833767,130.1714,359.3336,-352.645,357.4383,-365.1277,-0.01608566,-0.008297368,0.0001540879,-0.234747,-0.2303775,-0.2335089,-0.2385322,0
-0.2249568,5.526194,-9.447405,0.002026388,-0.01837182,0.0006694299,130.3535,359.1434,-352.2709,357.3885,-364.7174,-0.01597441,-0.008410394,0.0001382507,-0.2346228,-0.2301331,-0.2334763,-0.2382642,0
-0.3467206,5.414099,-9.592196,0.001333227,-0.0188722,-7.733773e-05,130.536,358.7784,-351.9,356.9558,-364.356,-0.01586068,-0.008518709,0.000132219,-0.2343843,-0.2298908,-0.2331937,-0.2380281,0
-0.006020818,5.729362,-9.135298,0.003898577,-0.01588515,0.002478521,130.719,358.681,-351.5014,357.0879,-363.912,-0.01573235,-0.008608469,0.0001290915,-0.2343207,-0.2296304,-0.23328,-0.237738,0
-0.4903262,5.282467,-9.761852,6.202182e-05,-0.01973406,-0.001095877,130.9026,358.5356,-351.6109,356.595,-364.0697,-0.01562827,-0.008722318,0.0001274418,-0.2342257,-0.2297019,-0.232958,-0.237841,0
-0.506988,5.267326,-9.784979,0.0008338233,-0.01921119,-0.001234678,131.0866,358.176,-352.0109,356.276,-364.426,-0.01552801,-0.008841556,9.856992e-05,-0.2339908,-0.2299633,-0.2327496,-0.2380738,0
0.02700311,5.761014,-9.078863,0.005725595,-0.01418334,0.003030919,131.2712,357.9128,-351.0665,356.437,-363.3952,-0.01538793,-0.008921241,8.849004e-05,-0.2338188,-0.2293463,-0.2328548,-0.2374004,0
-0.1228442,5.623383,-9.248394,0.003919959,-0.01551022,0.002024862,131.4562,357.8435,-350.1851,356.227,-362.5532,-0.01524799,-0.008996759,0.0001045265,-0.2337736,-0.2287705,-0.2327175,-0.2368504,0
-0.06356138,5.67891,-9.164992,0.00372587,-0.01533123,0.002247222,131.6418,357.8997,-350.5082,356.2791,-362.8646,-0.01511539,-0.009074718,0.0001097049,-0.2338103,-0.2289816,-0.2327516,-0.2370538,0
-0.2145144,5.54002,-9.375856,0.002465452,-0.01663258,0.00104264,131.8278,358.1666,-350.9819,356.4343,-363.3308,-0.01499102,-0.00916064,0.0001159145,-0.2339846,-0.229291,-0.232853,-0.2373583,0
-0.5014673,5.275331,-9.765014,0.0006477648,-0.01865636,-0.001183794,132.0144,358.2471,-351.6263,356.3427,-363.9742,-0.01488407,-0.009265676,0.0001056551,-0.2340373,-0.229712,-0.2327931,-0.2377787,0
-0.139145,5.610389,-9.300489,0.00425731,-0.01503353,0.001586545,132.2014,358.2204,-351.5076,356.6279,-363.7772,-0.01475369,-0.009347865,9.095264e-05,-0.2340198,-0.2296344,-0.2329795,-0.23765,0
-0.2567105,5.502392,-9.44425,0.00334472,-0.01570425,0.0008704015,132.389,357.9274,-351.1575,356.2626,-363.4422,-0.014626,-0.009431871,8.885167e-05,-0.2338284,-0.2294057,-0.2327408,-0.2374311,0
-0.4463432,5.327753,-9.682302,0.002167282,-0.01686404,-0.0005296078,132.577,357.8405,-351.0187,356.0705,-363.3072,-0.01450324,-0.009518947,8.024042e-05,-0.2337717,-0.229315,-0.2326153,-0.237343,0
-0.2099898,5.54668,-9.368029,0.00429232,-0.01460835,0.001299574,132.7655,357.408,-350.9836,355.8259,-363.2234,-0.01437182,-0.009596702,6.550443e-05,-0.2334891,-0.2292921,-0.2324555,-0.2372882,0
-0.4807163,5.297186,-9.710399,0.002490975,-0.01648581,-0.0005411123,132.9546,357.3568,-350.4349,355.615,-362.6906,-0.01424179,-0.009675857,6.514382e-05,-0.2334556,-0.2289337,-0.2323177,-0.2369401,0
-0.01129398,5.731592,-9.085836,0.006007706,-0.01257553,0.002917314,133.1441,356.8328,-350.4335,355.4119,-362.6229,-0.01410392,-0.009745168,4.899575e-05,-0.2331133,-0.2289328,-0.2321851,-0.2368959,0
-0.2959973,5.469275,-9.44817,0.003916273,-0.01473053,0.0009962196,133.3342,357.1619,-349.555,355.5647,-361.7648,-0.01395678,-0.009804187,6.533265e-05,-0.2333283,-0.2283588,-0.2322849,-0.2363353,0
-0.2762956,5.488325,-9.415062,0.003516794,-0.0147971,0.0009328762,133.5247,356.8916,-350.0543,355.2773,-362.256,-0.01382178,-0.009871652,6.293021e-05,-0.2331517,-0.228685,-0.2320971,-0.2366562,0
-0.09082849,5.660357,-9.182964,0.004907544,-0.01330113,0.002317749,133.7158,356.8795,-350.3658,355.3947,-362.5209,-0.01368895,-0.009941696,5.820515e-05,-0.2331438,-0.2288886,-0.2321738,-0.2368293,0
-0.09243518,5.659519,-9.187522,0.005064758,-0.01309803,0.00234792,133.9073,357.3739,-349.7986,355.9158,-361.9343,-0.01354115,-0.009995831,6.932018e-05,-0.2334668,-0.2285179,-0.2325143,-0.2364461,0
-0.09963082,5.653713,-9.196459,0.00440433,-0.01335604,0.002146619,134.0993,357.3515,-350.1393,355.8633,-362.2767,-0.01339739,-0.01004985,7.833465e-05,-0.2334522,-0.2287405,-0.2324799,-0.2366697,0
-0.3591596,5.414651,-9.548789,0.002167402,-0.0155407,0.0001011079,134.2918,357.4557,-350.9247,355.7805,-363.0731,-0.01327809,-0.01012754,7.714426e-05,-0.2335202,-0.2292537,-0.2324259,-0.23719,0
0.1029745,5.842116,-8.96077,0.006164741,-0.01141064,0.003508217,134.4848,357.9033,-350.7684,356.5931,-362.8294,-0.01313177,-0.01017725,7.540021e-05,-0.2338126,-0.2291515,-0.2329567,-0.2370308,0
-0.2105555,5.553253,-9.371217,0.003296033,-0.01401391,0.001193465,134.6784,358.0062,-350.7569,356.4697,-362.8606,-0.0129947,-0.01023403,8.955407e-05,-0.2338798,-0.229144,-0.2328761,-0.2370512,0
-0.4042865,5.374928,-9.632676,0.001731492,-0.01548863,-0.0004324905,134.8724,357.9292,-351.6581,356.2646,-363.7631,-0.01288146,-0.01031282,7.724105e-05,-0.2338296,-0.2297328,-0.2327421,-0.2376408,0
-0.3012459,5.470534,-9.511072,0.003420495,-0.01399587,0.0004520412,135.0669,357.9857,-351.6331,356.467,-363.6836,-0.01275573,-0.01038093,6.230525e-05,-0.2338665,-0.2297164,-0.2328744,-0.2375888,0
-0.1784906,5.584605,-9.341522,0.004578318,-0.01260615,0.001520229,135.2619,357.7993,-351.0583,356.4005,-363.0874,-0.01261567,-0.01043335,5.852921e-05,-0.2337447,-0.2293409,-0.2328309,-0.2371993,0
-0.1704105,5.592922,-9.317511,0.004245101,-0.0125609,0.001610799,135.4574,357.5846,-350.8407,356.1818,-362.8725,-0.01247861,-0.01048531,5.874161e-05,-0.2336044,-0.2291987,-0.232688,-0.2370589,0
-0.1333423,5.627969,-9.265541,0.004298079,-0.01230961,0.001867546,135.6534,357.6876,-350.7244,356.3104,-362.7401,-0.01233957,-0.01053256,6.226212e-05,-0.2336718,-0.2291228,-0.232772,-0.2369725,0
-0.001377521,5.750722,-9.095142,0.004886472,-0.0114336,0.002785702,135.8499,357.8018,-350.7973,356.5027,-362.7892,-0.01219801,-0.01057478,6.894711e-05,-0.2337463,-0.2291704,-0.2328977,-0.2370045,0
-0.0396895,5.716154,-9.152606,0.004102871,-0.01198853,0.002405527,136.047,358.3714,-350.7716,357.0341,-362.7596,-0.01205258,-0.01060979,8.868613e-05,-0.2341185,-0.2291536,-0.2332448,-0.2369852,0
-0.1566483,5.608933,-9.321375,0.002481538,-0.0133307,0.001282494,136.2445,358.3987,-351.8904,356.9446,-363.8839,-0.01193471,-0.01067061,8.877055e-05,-0.2341363,-0.2298845,-0.2331864,-0.2377197,0
-0.1640171,5.602603,-9.355349,0.002933084,-0.01304614,0.001199592,136.4425,358.9562,-352.1772,357.5499,-364.1308,-0.01181164,-0.01072709,8.64484e-05,-0.2345005,-0.2300719,-0.2335818,-0.237881,0
-0.2375191,-0.4647102,-14.45977,0.00254013,-0.01334203,0.0006584888,136.641,358.8937,-352.2866,357.47,-364.2345,-0.01168807,-0.01078249,8.259731e-05,-0.2344597,-0.2301433,-0.2335296,-0.2379487,0
-0.4015098,-0.6155721,-14.65393,0.001455455,-0.01436744,-0.0005328938,136.84,356.6149,-350.4326,355.0696,-362.4218,-0.01157579,-0.01084842,7.072204e-05,-0.2329709,-0.2289322,-0.2319615,-0.2367645,0
-0.3989289,-0.6124081,-14.44952,0.00238173,-0.01384107,-0.0004016772,137.0396,348.8227,-342.7072,347.2217,-354.7765,-0.01146076,-0.01091436,5.030675e-05,-0.2278804,-0.2238853,-0.2268346,-0.23177,0
-0.2613795,-0.4843413,-13.88281,0.005393269,-0.01241764,0.0008279369,137.2395,338.9414,-332.488,337.4185,-344.5673,-0.01131922,-0.01096626,3.66057e-05,-0.2214251,-0.2172092,-0.2204303,-0.2251005,0
-0.1047846,-0.3384893,-13.26504,0.008902281,-0.01146564,0.002122317,137.44,329.0679,-322.604,327.6577,-334.6163,-0.01114995,-0.01101467,2.977869e-05,-0.2149749,-0.2107522,-0.2140537,-0.2185996,0
-0.1967039,-0.4221749,-12.99459,0.01075443,-0.01272757,0.001500804,137.6409,320.3766,-313.1021,318.9391,-325.0236,-0.01094545,-0.01105684,4.01138e-05,-0.209297,-0.2045447,-0.208358,-0.2123329,0
-0.2469957,-0.4672379,-12.70482,0.01230379,-0.01398258,0.000982129,137.8421,311.7311,-305.5063,310.2609,-317.3203,-0.01073472,-0.01112201,3.444671e-05,-0.2036491,-0.1995825,-0.2026886,-0.2073004,0
0.01919952,-0.2200331,-12.03948,0.01673543,-0.01220244,0.002993707,138.0437,304.4544,-297.6625,303.2248,-309.3071,-0.01048344,-0.01117397,3.773986e-05,-0.1988953,-0.1944582,-0.198092,-0.2020655,0
-0.1840002,-0.4062569,-12.00323,0.01659687,-0.01443255,0.001432371,138.2456,297.3578,-290.7724,295.9993,-302.3321,-0.01022523,-0.01124174,4.382191e-05,-0.1942593,-0.1899571,-0.1933718,-0.1975088,0
-0.3198562,-0.5303846,-11.90888,0.01726456,-0.01570027,0.0003319739,138.4477,291.0881,-284.5145,289.6838,-295.96,-0.00995162,-0.01131226,4.487174e-05,-0.1901633,-0.1858689,-0.1892459,-0.1933461,0
-0.04910573,-0.2787537,-11.3058,0.02051798,-0.01369581,0.002298009,138.6501,284.8842,-278.8777,283.69,-290.1776,-0.009661213,-0.01138093,3.978505e-05,-0.1861104,-0.1821864,-0.1853303,-0.1895685,0
-0.2242911,-0.4390988,-11.30045,0.02023587,-0.01510418,0.001043293,138.8528,279.6823,-273.0462,278.4016,-284.2585,-0.0093596,-0.01145015,4.904067e-05,-0.1827121,-0.1783768,-0.1818754,-0.1857016,0
-0.1277901,-0.3483819,-10.95722,0.02163891,-0.01430001,0.001623088,139.0555,274.2228,-268.499,273.0208,-279.5973,-0.009058884,-0.01152809,3.75824e-05,-0.1791455,-0.1754062,-0.1783603,-0.1826565,0
-0.294017,-0.5005292,-10.9766,0.02154488,-0.01513551,0.0005100445,139.2585,269.8565,-263.7319,268.5276,-274.0815,-0.008739674,-0.01159379,4.28795e-05,-0.1762931,-0.1722919,-0.1754249,-0.1790532,0
-0.2647576,-0.4718664,-10.74865,0.01889139,-0.01132826,0.0006336251,139.4616,264.841,-258.6959,263.7404,-271.3505,-0.008455034,-0.01164594,2.842517e-05,-0.1730165,-0.169002,-0.1722975,-0.177269,0
-0.08678807,-0.3060854,-10.34334,0.02696885,-0.01460626,0.002112986,139.6649,261.1104,-253.4753,260.4676,-266.8392,-0.008106799,-0.0116942,3.496402e-05,-0.1705794,-0.1655915,-0.1701594,-0.1743219,0
-0.4995998,-0.6857471,-10.7129,0.03381272,-0.02869151,-0.001002311,139.8683,256.5944,-250.2972,255.9373,-263.8357,-0.007695353,-0.01187269,2.658345e-05,-0.1676292,-0.1635153,-0.1671998,-0.1723598,0
-0.08654377,-0.302412,-10.02909,0.04812389,-0.03753806,0.002178391,140.0717,253.1652,-246.622,253.0595,-260.0023,-0.007154269,-0.01214928,1.377418e-05,-0.1653889,-0.1611143,-0.1653199,-0.1698554,0
-0.08883487,-0.3023751,-9.884055,0.05720328,-0.05102277,0.002368286,140.2753,249.9051,-242.7252,249.9196,-255.9796,-0.006504212,-0.0125441,2.893237e-05,-0.1632591,-0.1585686,-0.1632686,-0.1672275,0
-0.1177689,-0.326849,-9.787951,0.06449901,-0.06528478,0.002035852,140.4789,246.8464,-240.1791,246.8544,-253.2813,-0.005784148,-0.013086,3.685283e-05,-0.1612609,-0.1569052,-0.1612661,-0.1654647,0
0.03307186,-0.1855345,-9.487495,0.07310154,-0.07760116,0.003118977,140.6825,244.8192,-237.432,244.9576,-250.3052,-0.004969706,-0.01374283,5.822582e-05,-0.1599366,-0.1551107,-0.160027,-0.1635205,0
-0.2511045,-0.4461972,-9.766345,0.07708608,-0.093348,0.0008257781,140.8862,242.1925,-236.1738,242.0838,-248.8648,-0.004120404,-0.01456585,6.299368e-05,-0.1582206,-0.1542886,-0.1581496,-0.1625795,0
-0.2338408,-0.4289433,-9.670926,0.08441007,-0.1051224,0.0009441199,141.0899,240.4981,-234.2259,240.4433,-246.6313,-0.003197175,-0.01550657,6.005046e-05,-0.1571137,-0.1530161,-0.1570779,-0.1611204,0
-0.0717537,-0.2779256,-9.377296,0.09169479,-0.1152325,0.002222925,141.2937,238.2803,-232.2192,238.3269,-244.3439,-0.002202255,-0.01655347,6.018192e-05,-0.1556648,-0.1517052,-0.1556952,-0.1596261,0
-0.2841785,-0.4730444,-9.572784,0.09526752,-0.1278275,0.0006894671,141.4974,236.5375,-230.2738,236.3921,-242.1575,-0.00115736,-0.01771382,6.956104e-05,-0.1545262,-0.1504343,-0.1544313,-0.1581977,0
-0.2660471,-0.4554074,-9.480923,0.1002471,-0.1377825,0.0007315243,141.7012,234.5559,-229.1936,234.368,-240.7787,-4.687616e-05,-0.01899402,5.716514e-05,-0.1532317,-0.1497286,-0.153109,-0.157297,0
-0.4261609,-0.6028104,-9.629189,0.1041901,-0.1478929,-0.0003013791,141.9049,233.0236,-227.4759,232.7143,-238.7626,0.001085454,-0.02036168,4.810792e-05,-0.1522307,-0.1486065,-0.1520286,-0.1559799,0
-0.1041562,-0.3048288,-9.139893,0.1108415,-0.1534837,0.002172701,142.1087,231.0682,-225.9382,230.9227,-236.8861,0.002269785,-0.02180409,3.160988e-05,-0.1509533,-0.1476019,-0.1508582,-0.154754,0
-0.243754,-0.4334423,-9.255862,0.1134009,-0.1621071,0.001309176,142.3124,229.7989,-223.9693,229.4865,-234.6305,0.00349724,-0.02331731,3.527267e-05,-0.150124,-0.1463157,-0.1499199,-0.1532804,0
-0.08221185,-0.2839257,-8.987225,0.1174394,-0.1677534,0.002405434,142.5161,228.3878,-222.9326,228.0753,-233.2689,0.004757593,-0.02489729,2.880576e-05,-0.1492022,-0.1456384,-0.1489981,-0.1523909,0
-0.1854179,-0.3792408,-9.08217,0.11933,-0.1746331,0.001639803,142.7198,227.5442,-221.8909,227.0635,-231.9165,0.006047312,-0.02653753,3.159772e-05,-0.1486511,-0.1449579,-0.1483371,-0.1515075,0
-0.03321842,-0.2387238,-8.851896,0.1226478,-0.1786564,0.002619494,142.9235,226.5094,-221.507,226.0178,-231.1918,0.007355966,-0.02823632,1.90353e-05,-0.1479751,-0.1447071,-0.1476539,-0.151034,0
-0.01311916,-0.2204854,-8.802716,0.1250666,-0.1826089,0.002775315,143.1271,226.3679,-220.2883,225.8143,-229.6375,0.00870755,-0.02995712,2.706012e-05,-0.1478826,-0.1439109,-0.147521,-0.1500186,0
0.1379633,-0.08112259,-8.584197,0.1269699,-0.1852981,0.003626527,143.3306,225.5229,-220.4386,224.9102,-229.4694,0.0100648,-0.03172291,2.203674e-05,-0.1473306,-0.1440091,-0.1469303,-0.1499088,0
-0.2133756,-0.4063019,-9.042743,0.1257216,-0.190726,0.0008818739,143.5341,225.4982,-220.4549,224.5475,-229.1888,0.01142012,-0.03353404,1.342327e-05,-0.1473145,-0.1440198,-0.1466934,-0.1497255,0
-0.3132022,-0.4993458,-9.173586,0.1267734,-0.1928035,-2.413581e-07,143.7376,224.9743,-220.6901,223.9046,-229.0865,0.01278368,-0.03537037,-2.096504e-05,-0.1469722,-0.1441734,-0.1462734,-0.1496587,0
-0.08742681,-0.2915863,-8.869263,0.1300545,-0.191317,0.001807206,143.941,224.3533,-220.1215,223.396,-228.1608,0.0141764,-0.03719895,-5.147847e-05,-0.1465665,-0.143802,-0.1459412,-0.1490539,0
-0.07725723,-0.2828482,-8.832359,0.1306023,-0.1912389,0.001959844,144.1444,223.9178,-219.2224,222.8741,-226.9642,0.01558259,-0.03902183,-6.871246e-05,-0.146282,-0.1432146,-0.1456002,-0.1482722,0
-0.1578901,-0.3579887,-8.921421,0.1299903,-0.1914028,0.001260267,144.3477,223.2631,-219.2711,222.05,-226.724,0.0169777,-0.0408542,-0.0001009769,-0.1458543,-0.1432464,-0.1450618,-0.1481152,0
0.07278891,-0.1456523,-8.615185,0.1321809,-0.188038,0.003014368,144.551,223.0307,-218.8573,221.9119,-225.9684,0.01839053,-0.04265931,-0.000131175,-0.1457025,-0.142976,-0.1449716,-0.1476217,0
-0.2077479,-0.4055119,-8.971003,0.1297772,-0.1883709,0.0009542688,144.7542,222.7907,-218.5148,221.3911,-225.3696,0.01979715,-0.04445168,-0.0001526989,-0.1455457,-0.1427523,-0.1446314,-0.1472304,0
-0.006799143,-0.2205249,-8.706315,0.1308471,-0.1842023,0.002327044,144.9573,222.4086,-218.7888,221.0581,-225.3288,0.02119962,-0.04621986,-0.0001913994,-0.1452961,-0.1429314,-0.1444138,-0.1472038,0
-0.2180303,-0.4163877,-8.984748,0.1289538,-0.1825627,0.0008465766,145.1604,222.3892,-218.5349,220.839,-224.8089,0.02259622,-0.04796023,-0.0002212446,-0.1452834,-0.1427655,-0.1442707,-0.1468641,0
-0.02003355,-0.2340609,-8.723518,0.129787,-0.177103,0.002272448,145.3634,222.0418,-218.5783,220.5633,-224.5546,0.02399184,-0.04965799,-0.000262018,-0.1450565,-0.1427938,-0.1440906,-0.146698,0
0.121392,-0.103874,-8.537742,0.1298062,-0.1717109,0.003409303,145.5663,221.8924,-218.3164,220.44,-224.0187,0.02538557,-0.05130694,-0.000291747,-0.1449589,-0.1426227,-0.14401,-0.146348,0
0.1006691,-0.1233725,-8.56361,0.1281855,-0.167288,0.003214055,145.7693,221.9334,-218.2321,220.3863,-223.6921,0.02676623,-0.05291054,-0.0003185371,-0.1449856,-0.1425677,-0.143975,-0.1461346,0
-0.311027,-0.5041149,-9.109599,0.1238233,-0.1653959,8.999332e-05,145.9721,221.9909,-218.6522,220.1125,-223.9061,0.02811966,-0.0544786,-0.0003522271,-0.1450232,-0.1428421,-0.1437961,-0.1462744,0
-0.1859861,-0.388964,-8.959436,0.1238483,-0.1584666,0.001009176,146.1749,221.609,-219.299,219.7981,-224.2818,0.0294571,-0.05599584,-0.0004077354,-0.1447737,-0.1432646,-0.1435907,-0.1465198,0
-0.05489191,-0.2680888,-8.790348,0.1239555,-0.1509159,0.002244172,146.3776,221.3369,-218.8499,219.619,-223.5815,0.03078976,-0.05744682,-0.0004553779,-0.144596,-0.1429712,-0.1434737,-0.1460623,0
0.1147032,-0.1113547,-8.552773,0.123732,-0.1429204,0.003689175,146.5802,221.2954,-217.8006,219.6786,-222.3089,0.03213133,-0.05880762,-0.0004819052,-0.1445689,-0.1422858,-0.1435127,-0.1452309,0
-0.2391426,-0.4379172,-9.002691,0.1184789,-0.139496,0.001041312,146.7827,220.758,-218.2097,218.8189,-222.5793,0.03342818,-0.0601275,-0.0005130861,-0.1442178,-0.142553,-0.142951,-0.1454076,0
-0.03592176,-0.2499341,-8.746917,0.1184684,-0.1307881,0.002566114,146.9852,220.8458,-218.3952,219.0438,-222.5261,0.03471226,-0.06137338,-0.000553334,-0.1442751,-0.1426742,-0.1430979,-0.1453728,0
0.1824393,-0.04772335,-8.464732,0.1181632,-0.121817,0.00433786,147.1877,220.9809,-217.8488,219.3214,-221.7744,0.03599663,-0.06252821,-0.000572151,-0.1443634,-0.1423172,-0.1432792,-0.1448817,0
0.1416658,-0.08459973,-8.516608,0.1148789,-0.1152374,0.00397067,147.39,220.884,-218.1725,219.1324,-221.9563,0.03724634,-0.06362131,-0.0005896984,-0.1443001,-0.1425287,-0.1431558,-0.1450006,0
-0.1437815,-0.3476103,-8.906012,0.1105112,-0.1100584,0.001793745,147.5923,221.2563,-218.684,219.3086,-222.328,0.03846134,-0.06465282,-0.0006119247,-0.1445433,-0.1428628,-0.1432709,-0.1452434,0
0.1413263,-0.08338411,-8.551476,0.1106765,-0.09991269,0.003908498,147.7946,221.3667,-219.0175,219.6407,-222.4656,0.03966749,-0.06559454,-0.000638015,-0.1446154,-0.1430807,-0.1434879,-0.1453333,0
-0.1770195,-0.3764393,-8.975997,0.1058198,-0.09467101,0.001649053,147.9967,221.6442,-218.9854,219.7137,-222.3381,0.0408439,-0.06646515,-0.0006464832,-0.1447967,-0.1430597,-0.1435355,-0.14525,0
-0.01293215,-0.2236167,-8.77192,0.1045382,-0.08547264,0.002769663,148.1988,221.2804,-219.881,219.4696,-223.0866,0.04198208,-0.06727169,-0.0006835982,-0.1445591,-0.1436449,-0.1433761,-0.145739,0
-0.004892729,-0.2149553,-8.770985,0.1029171,-0.07696019,0.00310922,148.4008,221.5636,-219.3051,219.8409,-222.3759,0.04311398,-0.06798312,-0.0006987928,-0.144744,-0.1432686,-0.1436186,-0.1452747,0
0.1124148,-0.1049101,-8.607687,0.1010137,-0.06806108,0.004043531,148.6028,221.3788,-219.0292,219.7563,-222.0008,0.04422943,-0.06860369,-0.0007046143,-0.1446233,-0.1430884,-0.1435634,-0.1450297,0
0.06896622,-0.1431738,-8.664954,0.09751063,-0.06078257,0.003721442,148.8046,221.3188,-219.3517,219.6635,-222.2501,0.04530567,-0.06915648,-0.0007076523,-0.1445841,-0.143299,-0.1435028,-0.1451925,0
0.003593715,-0.2016999,-8.761893,0.09449259,-0.05337643,0.00323231,149.0064,221.7694,-219.4124,220.121,-222.2249,0.04635725,-0.06962866,-0.0007063899,-0.1448785,-0.1433387,-0.1438016,-0.1451761,0
0.1272796,-0.08534256,-8.610461,0.09262821,-0.0445962,0.004128759,149.2082,221.7106,-219.8456,220.1871,-222.5726,0.04738245,-0.07002196,-0.000707743,-0.1448401,-0.1436217,-0.1438448,-0.1454032,0
-0.0109337,-0.2108264,-8.800838,0.08887728,-0.03791582,0.003160324,149.4099,222.0081,-219.9412,220.4472,-222.6211,0.04837714,-0.07034119,-0.0006984296,-0.1450345,-0.1436842,-0.1440147,-0.1454349,0
0.2544467,0.03675479,-8.463022,0.08804734,-0.02812549,0.005083582,149.6115,222.203,-220.1012,220.8784,-222.7011,0.04935387,-0.07057276,-0.0006883105,-0.1451618,-0.1437887,-0.1442964,-0.1454872,0
-0.01776336,-0.2121636,-8.82807,0.08293608,-0.02291814,0.003070866,149.813,222.5413,-220.2895,221.0803,-222.8871,0.05029379,-0.07073739,-0.000664495,-0.1453827,-0.1439117,-0.1444283,-0.1456087,0
0.1146726,-0.0871361,-8.669699,0.0810402,-0.01450799,0.003914775,150.0145,222.608,-221.0615,221.2974,-223.6085,0.05119912,-0.07083397,-0.0006568157,-0.1454263,-0.1444161,-0.1445701,-0.1460799,0
-0.006366372,-0.196249,-8.843139,0.07772313,-0.007996571,0.003113997,150.2159,223.1592,-220.8947,221.8718,-223.4223,0.05208582,-0.07084961,-0.0006293527,-0.1457865,-0.1443071,-0.1449454,-0.1459583,0
0.3723159,0.1566673,-8.353869,0.07732122,0.001931741,0.005813974,150.4173,223.2706,-221.1399,222.2934,-223.6278,0.05295485,-0.07078074,-0.0005993276,-0.1458592,-0.1444673,-0.1452208,-0.1460925,0
-0.0234155,-0.2057772,-8.884517,0.07094754,0.0052748,0.002804548,150.6186,223.7135,-221.6407,222.5127,-224.1825,0.05377218,-0.070666,-0.0005600483,-0.1461485,-0.1447944,-0.1453641,-0.146455,0
0.3094951,0.1049303,-8.471679,0.07080046,0.01467741,0.005084356,150.8198,224.1537,-222.2586,223.2771,-224.7532,0.05457119,-0.07047358,-0.0005340635,-0.1464361,-0.1451981,-0.1458635,-0.1468278,0
-0.08225459,-0.2537315,-9.000205,0.06506373,0.01799721,0.002211177,151.021,224.4775,-222.5829,223.4303,-225.136,0.05533064,-0.07022971,-0.0004939697,-0.1466477,-0.1454099,-0.1459635,-0.1470778,0
-0.005676062,-0.1796418,-8.912305,0.06312358,0.02504301,0.002651668,151.2221,224.6032,-223.1584,223.7211,-225.714,0.05606055,-0.06992459,-0.000470046,-0.1467298,-0.1457859,-0.1461535,-0.1474554,0
0.01676338,-0.1554633,-8.891966,0.06092893,0.03148901,0.002919695,151.4232,224.7114,-223.0904,223.971,-225.666,0.05676962,-0.06955393,-0.0004351867,-0.1468004,-0.1457415,-0.1463168,-0.1474241,0
-0.1156007,-0.274126,-9.061246,0.05728099,0.03629988,0.001949219,151.6242,224.479,-223.2406,223.7543,-225.8714,0.0574403,-0.06913723,-0.0004059289,-0.1466486,-0.1458396,-0.1461752,-0.1475583,0
-0.3094593,-0.4496294,-9.310608,0.05383429,0.04069313,0.0006135459,151.8251,224.4449,-222.9913,223.7406,-225.6702,0.05808743,-0.06866328,-0.0003743034,-0.1466264,-0.1456767,-0.1461662,-0.1474268,0
0.07898479,-0.08690716,-8.790257,0.05431036,0.04924094,0.003586742,152.026,223.9973,-222.6474,223.6776,-225.3334,0.05872492,-0.06811886,-0.000338271,-0.146334,-0.1454521,-0.1461251,-0.1472068,0
-0.138768,-0.2840589,-9.058319,0.04971453,0.05229062,0.002069293,152.2269,223.8008,-222.245,223.4182,-225.0262,0.05932263,-0.06753819,-0.0002886446,-0.1462056,-0.1451892,-0.1459556,-0.1470061,0
-0.04177038,-0.1904545,-8.921736,0.04801136,0.05782853,0.002726864,152.4277,223.637,-222.163,223.4391,-224.9846,0.05989604,-0.06690821,-0.0002494267,-0.1460986,-0.1451357,-0.1459692,-0.1469789,0
0.06116539,-0.09127418,-8.778084,0.04630143,0.06308786,0.003578385,152.6284,223.5922,-221.6552,223.5849,-224.5294,0.06045839,-0.06621896,-0.0001905064,-0.1460693,-0.1448039,-0.1460645,-0.1466816,0
-0.1472484,-0.2795843,-9.039482,0.04160219,0.06517872,0.001922083,152.8291,223.5285,-221.7353,223.4545,-224.7173,0.06097903,-0.06550279,-0.000129792,-0.1460277,-0.1448562,-0.1459794,-0.1468043,0
-0.2147311,-0.3378194,-9.131672,0.03869935,0.06846333,0.001286179,153.0297,223.4843,-222.1759,223.4835,-225.2245,0.06146286,-0.06476037,-8.578499e-05,-0.1459988,-0.145144,-0.1459983,-0.1471357,0
-0.1739693,-0.2961041,-9.078305,0.03715123,0.0727008,0.001655077,153.2303,223.5069,-221.8232,223.6941,-224.9271,0.06193563,-0.06397016,-3.378722e-05,-0.1460136,-0.1449136,-0.1461359,-0.1469414,0
0.2186399,0.07093766,-8.551107,0.03731176,0.07900772,0.004552561,153.4308,223.2116,-221.4646,223.762,-224.6234,0.06239618,-0.06313234,2.750186e-05,-0.1458207,-0.1446794,-0.1461803,-0.146743,0
-0.2356696,-0.3444601,-9.134672,0.03090257,0.0780189,0.001098681,153.6312,223.4035,-221.3186,223.7265,-224.6295,0.06281122,-0.06228457,9.892399e-05,-0.1459461,-0.144584,-0.1461571,-0.146747,0
-0.1668561,-0.2767064,-9.047604,0.02918533,0.08131897,0.001374294,153.8316,223.4936,-221.6992,223.9915,-225.0746,0.06320477,-0.06140529,0.0001529648,-0.1460049,-0.1448327,-0.1463302,-0.1470377,0
-0.03614352,-0.1517113,-8.879965,0.02775037,0.08474153,0.002323261,154.032,223.4614,-221.718,224.1633,-225.1698,0.06357992,-0.06049646,0.0002171486,-0.1459839,-0.1448449,-0.1464424,-0.1470999,0
0.05255387,-0.06547845,-8.761045,0.02567123,0.08738902,0.002844169,154.2322,223.5613,-221.6985,224.4131,-225.2457,0.06392584,-0.05957051,0.000281316,-0.1460491,-0.1448322,-0.1466056,-0.1471495,0
0.0879062,-0.02861184,-8.71571,0.02348209,0.08946341,0.002964132,154.4324,224.1049,-221.3638,225.0941,-225.0054,0.06426211,-0.05860988,0.0003596525,-0.1464042,-0.1446135,-0.1470505,-0.1469925,0
-0.0389351,-0.1415016,-8.885357,0.01936369,0.08951899,0.001721642,154.6326,224.1713,-222.1007,225.1334,-225.8739,0.06455851,-0.05764668,0.0004324268,-0.1464476,-0.1450949,-0.1470761,-0.1475599,0
0.2286576,0.1098635,-8.555712,0.01880159,0.09273717,0.003436893,154.8327,224.8473,-222.5431,226.086,-226.3824,0.06483662,-0.0566635,0.000504299,-0.1468893,-0.1453839,-0.1476985,-0.1478921,0
-0.06865634,-0.1607491,-8.962051,0.01394165,0.09116028,0.0009810966,155.0328,225.4292,-223.0119,226.557,-226.9929,0.0650784,-0.05568332,0.0005774295,-0.1472694,-0.1456902,-0.1480062,-0.1482909,0
-0.1558319,-0.2373861,-9.094815,0.01116735,0.09132835,3.54723e-05,155.2328,225.7484,-223.8692,226.9365,-227.9539,0.06529151,-0.05470012,0.0006322851,-0.1474779,-0.1462503,-0.1482541,-0.1489187,0
-0.0006011799,-0.09013379,-8.907786,0.01037909,0.09330215,0.001082751,155.4328,225.8534,-224.286,227.2711,-228.453,0.06548551,-0.05370891,0.000683256,-0.1475465,-0.1465226,-0.1484727,-0.1492448,0
-0.06878877,-0.1493422,-8.999037,0.00785406,0.093242,0.0005142299,155.6327,226.2298,-223.9821,227.7204,-228.2679,0.06566292,-0.05270925,0.0007439778,-0.1477924,-0.146324,-0.1487662,-0.1491239,0
-0.03020817,-0.109902,-8.94632,0.005797079,0.09356946,0.0006066606,155.8326,226.1626,-224.2557,227.7678,-228.6553,0.06581634,-0.05170903,0.0007959908,-0.1477485,-0.1465027,-0.1487972,-0.1493769,0
0.05837426,-0.024356,-8.833467,0.00424973,0.09405546,0.00115488,156.0324,226.4964,-224.196,228.2551,-228.6974,0.06595673,-0.05070071,0.000857944,-0.1479666,-0.1464638,-0.1491155,-0.1494045,0
-0.03455025,-0.1065264,-8.958519,0.0009769436,0.09261438,0.0002298629,156.2322,226.7441,-224.5404,228.5019,-229.1728,0.06606553,-0.04970521,0.0009163547,-0.1481284,-0.1466887,-0.1492767,-0.149715,0
0.1285418,0.04766648,-8.757769,2.755318e-05,0.09319235,0.001207475,156.4319,227.4327,-224.6441,229.3892,-229.364,0.06616759,-0.04869965,0.0009804592,-0.1485782,-0.1467565,-0.1498564,-0.14984,0
-0.1359385,-0.1931852,-9.117126,-0.004692064,0.08979725,-0.001054453,156.6316,227.6404,-225.5794,229.459,-230.4522,0.06622469,-0.04772561,0.001034793,-0.1487139,-0.1473675,-0.149902,-0.1505509,0
0.03209765,-0.03474345,-8.920856,-0.00515599,0.09023105,-5.233847e-05,156.8313,228.2533,-226.1293,230.2896,-231.0742,0.06626709,-0.04675591,0.001077353,-0.1491143,-0.1477268,-0.1504446,-0.1509572,0
-0.1408015,-0.1913815,-9.159975,-0.008314189,0.08772816,-0.001447709,157.0309,228.3417,-226.5833,230.3496,-231.6562,0.06627987,-0.04580975,0.001114151,-0.1491721,-0.1480234,-0.1504838,-0.1513374,0
-0.1891433,-0.2331489,-9.227732,-0.01007611,0.08634214,-0.001888944,157.2305,228.5475,-226.6379,230.6378,-231.8134,0.06627887,-0.04487176,0.001145309,-0.1493065,-0.148059,-0.1506721,-0.1514401,0
0.1845495,0.1150147,-8.736497,-0.009134624,0.08789111,0.000839351,157.4301,228.5015,-226.4453,230.9227,-231.694,0.06627674,-0.04392975,0.001182032,-0.1492765,-0.1479332,-0.1508582,-0.1513621,0
-0.2640281,-0.296566,-9.316732,-0.01482121,0.08234365,-0.002584391,157.6296,228.6926,-226.4715,230.8486,-231.8937,0.06623539,-0.04302486,0.001224135,-0.1494013,-0.1479503,-0.1508098,-0.1514926,0
0.07321025,0.01762614,-8.881799,-0.01393351,0.08325849,-0.0003130836,157.8291,229.0469,-226.6451,231.5101,-232.1214,0.06619377,-0.04211753,0.001255276,-0.1496328,-0.1480637,-0.151242,-0.1516413,0
0.08361294,0.02988338,-8.874149,-0.01625689,0.08095232,-0.0003331251,158.0286,228.9756,-227.1061,231.4646,-232.7014,0.06612182,-0.04124266,0.001289099,-0.1495862,-0.1483649,-0.1512122,-0.1520202,0
-0.01996395,-0.06346099,-9.018314,-0.0187488,0.07798708,-0.001270622,158.228,229.8474,-226.9709,232.3315,-232.6728,0.06603812,-0.04038208,0.001328352,-0.1501558,-0.1482766,-0.1517785,-0.1520015,0
0.07641904,0.02789114,-8.903582,-0.02018453,0.0762445,-0.0008188613,158.4274,230.0092,-227.6502,232.5868,-233.4492,0.06593621,-0.03954221,0.001358007,-0.1502614,-0.1487204,-0.1519453,-0.1525087,0
-0.1158413,-0.1476241,-9.172478,-0.0236106,0.07213381,-0.002415562,158.6268,230.3694,-228.4139,232.8471,-234.3339,0.06579886,-0.03874429,0.001380488,-0.1504968,-0.1492192,-0.1521154,-0.1530867,0
-0.2500937,-0.2698812,-9.365638,-0.02571441,0.06892534,-0.003545441,158.8262,230.826,-228.7812,233.2975,-234.7929,0.06564337,-0.03797346,0.001388895,-0.150795,-0.1494592,-0.1524097,-0.1533866,0
0.1108634,0.06529595,-8.899673,-0.02427394,0.06956907,-0.0008735973,159.0255,230.7519,-228.8314,233.5364,-234.8954,0.06549053,-0.03720887,0.001395916,-0.1507466,-0.149492,-0.1525657,-0.1534535,0
-0.004131272,-0.03927122,-9.0447,-0.02709223,0.06589857,-0.001709632,159.2248,230.9366,-228.5958,233.6596,-234.7866,0.06531829,-0.03647318,0.001417264,-0.1508673,-0.1493381,-0.1526462,-0.1533825,0
-0.2578374,-0.272206,-9.377615,-0.03067238,0.06110036,-0.003774864,159.4241,231.1257,-229.017,233.7009,-235.3273,0.06511545,-0.03577766,0.001421793,-0.1509908,-0.1496132,-0.1526732,-0.1537357,0
0.1521065,0.1078022,-8.851076,-0.0288064,0.06178153,-0.0007721109,159.6234,231.2868,-229.1159,234.1901,-235.4575,0.06491898,-0.03508739,0.001425319,-0.1510961,-0.1496778,-0.1529928,-0.1538207,0
-0.3328152,-0.3390077,-9.484589,-0.03430472,0.05488006,-0.004375306,159.8227,231.3921,-229.3018,233.9669,-235.7993,0.06468403,-0.03444996,0.001433428,-0.1511648,-0.1497993,-0.1528469,-0.154044,0
-0.4118963,-0.4112215,-9.594321,-0.03572818,0.05174984,-0.005085419,160.0219,231.4145,-229.8206,233.9942,-236.3874,0.06442831,-0.033847,0.00141141,-0.1511795,-0.1501383,-0.1528648,-0.1544282,0
0.09975762,0.06222712,-8.925196,-0.03264491,0.05340568,-0.001092319,160.2211,231.0639,-229.4961,234.0488,-236.0776,0.06418459,-0.03324866,0.001394262,-0.1509505,-0.1499262,-0.1529005,-0.1542259,0
-0.1515621,-0.1692318,-9.232994,-0.03617182,0.0484449,-0.002792289,160.4203,231.3831,-228.4094,234.1992,-235.1223,0.06393436,-0.03267174,0.001409645,-0.151159,-0.1492163,-0.1529987,-0.1536017,0
0.1187017,0.0811955,-8.871402,-0.03638148,0.04716399,-0.001045997,160.6195,231.1395,-229.0359,234.0844,-235.8149,0.06366086,-0.03212813,0.001401246,-0.1509998,-0.1496256,-0.1529237,-0.1540542,0
-0.2229357,-0.2340239,-9.330505,-0.04032798,0.04131995,-0.003565811,160.8187,231.7175,-229.1954,234.4311,-236.0781,0.06336499,-0.03162479,0.001403314,-0.1513774,-0.1497298,-0.1531502,-0.1542262,0
-0.312863,-0.3169245,-9.458534,-0.04210261,0.0377467,-0.004385849,161.0178,231.7169,-229.9418,234.3811,-236.8936,0.06304406,-0.03116269,0.001377489,-0.1513771,-0.1502174,-0.1531175,-0.1547589,0
-0.4246256,-0.4202736,-9.612803,-0.04338437,0.03443411,-0.00506221,161.2169,231.4184,-230.2608,234.054,-237.2737,0.06270412,-0.0307399,0.001338176,-0.151182,-0.1504258,-0.1529039,-0.1550072,0
-0.1915201,-0.2051811,-9.29565,-0.04186315,0.03413861,-0.003049696,161.4161,231.3917,-229.2043,234.249,-236.2467,0.06238402,-0.03031552,0.001312832,-0.1511646,-0.1497356,-0.1530313,-0.1543363,0
-0.1100684,-0.1300316,-9.161757,-0.04295479,0.03177378,-0.002308504,161.6152,230.8044,-228.737,233.6723,-235.8669,0.0620517,-0.02991796,0.001295046,-0.1507809,-0.1494303,-0.1526545,-0.1540882,0
-0.3968963,-0.3953253,-9.523158,-0.04649032,0.02648391,-0.004395836,161.8143,230.8199,-228.6218,233.4605,-235.85,0.06169319,-0.02956236,0.001275038,-0.150791,-0.1493551,-0.1525161,-0.1540771,0
-0.08708955,-0.1095893,-9.116174,-0.04506293,0.02624448,-0.00207541,162.0133,230.5732,-228.7449,233.4162,-235.9854,0.06133076,-0.02922716,0.001240386,-0.1506299,-0.1494355,-0.1524872,-0.1541656,0
-0.1290773,-0.1489827,-9.163723,-0.04643772,0.02318037,-0.002183768,162.2124,230.8102,-228.0394,233.6104,-235.3459,0.06097046,-0.02890773,0.001230823,-0.1507847,-0.1489746,-0.152614,-0.1537478,0
-0.1229568,-0.1439358,-9.148106,-0.04814473,0.02015046,-0.002242095,162.4114,230.7164,-228.3465,233.4518,-235.7248,0.06058763,-0.02862385,0.001210326,-0.1507234,-0.1491752,-0.1525104,-0.1539953,0
-0.02318591,-0.05258677,-9.02706,-0.04857298,0.01816662,-0.001500416,162.6104,231.1712,-228.4163,233.9415,-235.8322,0.06020072,-0.02835924,0.00119526,-0.1510205,-0.1492208,-0.1528303,-0.1540655,0
-0.1651748,-0.1847004,-9.221565,-0.0510717,0.01419134,-0.002618475,162.8094,231.2682,-228.9851,233.8867,-236.4762,0.05978695,-0.02813669,0.00117068,-0.1510839,-0.1495924,-0.1527946,-0.1544862,0
-0.197189,-0.2154964,-9.276831,-0.05196369,0.01162393,-0.002837578,163.0084,231.7611,-229.1065,234.3544,-236.6379,0.05937015,-0.02793239,0.001145281,-0.1514059,-0.1496717,-0.1531001,-0.1545919,0
-0.08611369,-0.1141217,-9.138552,-0.05223997,0.01005197,-0.001992085,163.2073,231.8347,-229.3361,234.4647,-236.9123,0.0589473,-0.02774776,0.001119875,-0.151454,-0.1498217,-0.1531721,-0.1547711,0
-0.4264376,-0.4299383,-9.5902,-0.05585508,0.004917168,-0.004488477,163.4063,231.7999,-229.9189,234.1527,-237.5854,0.05848815,-0.02761447,0.001080882,-0.1514313,-0.1502025,-0.1529683,-0.1552108,0
-0.3791934,-0.388027,-9.535421,-0.05534618,0.003663939,-0.003988897,163.6052,231.724,-229.9778,234.1296,-237.6604,0.05799422,-0.02751211,0.001024649,-0.1513816,-0.1502409,-0.1529532,-0.1552598,0
-0.1506552,-0.1786415,-9.223471,-0.05379369,0.003829349,-0.00193624,163.8041,231.3916,-229.1332,233.9604,-236.8343,0.05755056,-0.02739488,0.0009857558,-0.1511646,-0.1496891,-0.1528427,-0.1547201,0
-0.2772395,-0.2972369,-9.363927,-0.05597147,0.0005580698,-0.00269423,164.003,231.0176,-228.676,233.4288,-236.4598,0.05709026,-0.02730615,0.0009542627,-0.1509202,-0.1493904,-0.1524954,-0.1544755,0
-0.01275313,-0.05464092,-9.008574,-0.0548766,0.0005352614,-0.0006607439,164.2019,231.0519,-228.3761,233.587,-236.1724,0.05663211,-0.02722605,0.0009221691,-0.1509426,-0.1491946,-0.1525988,-0.1542878,0
-0.198162,-0.2277463,-9.246562,-0.05740641,-0.003208251,-0.001936926,164.4007,231.3312,-228.0999,233.6705,-235.9662,0.05616744,-0.02716444,0.000907489,-0.151125,-0.1490141,-0.1526533,-0.1541531,0
-0.08413127,-0.1242481,-9.103345,-0.05791377,-0.004625665,-0.001214352,164.5996,231.466,-228.7219,233.791,-236.6217,0.05568675,-0.02712753,0.0008806032,-0.1512131,-0.1494205,-0.152732,-0.1545813,0
-0.1545449,-0.191348,-9.214053,-0.05929725,-0.007177071,-0.001718601,164.7984,231.8071,-229.2364,234.0229,-237.1768,0.05518724,-0.02712185,0.0008493336,-0.151436,-0.1497566,-0.1528835,-0.1549439,0
-0.3440938,-0.3687589,-9.474924,-0.06095634,-0.01015043,-0.003064426,164.9972,232.0641,-229.4953,234.1314,-237.4806,0.05467688,-0.02713919,0.0008092169,-0.1516039,-0.1499257,-0.1529544,-0.1551424,0
-0.1714728,-0.2116377,-9.253256,-0.05986895,-0.01005348,-0.001629504,165.196,231.8655,-229.5967,234.0235,-237.5952,0.05415351,-0.02717094,0.0007641388,-0.1514741,-0.149992,-0.1528839,-0.1552172,0
-0.4854287,-0.5041111,-9.657393,-0.06259371,-0.0138797,-0.003719005,165.3948,231.6213,-229.4907,233.5119,-237.5684,0.05357081,-0.02725046,0.0007193873,-0.1513146,-0.1499227,-0.1525497,-0.1551997,0
-0.1542955,-0.2007362,-9.214846,-0.05989335,-0.01215345,-0.001053547,165.5935,231.4724,-228.9125,233.5798,-236.974,0.05304914,-0.02730346,0.0006721267,-0.1512173,-0.149545,-0.1525941,-0.1548114,0
0.2442791,0.1651547,-8.675374,-0.05779263,-0.01047128,0.002170184,165.7923,231.3798,-227.9504,233.6805,-236.0253,0.05256097,-0.02733662,0.0006575047,-0.1511568,-0.1489165,-0.1526599,-0.1541917,0
-0.1767721,-0.2260967,-9.215323,-0.06278464,-0.01595626,-0.0010309,165.991,231.8674,-227.947,233.7399,-236.1362,0.05204606,-0.02740053,0.0006568936,-0.1514754,-0.1489142,-0.1526986,-0.1542641,0
-0.3717875,-0.4087678,-9.494175,-0.06510936,-0.01914769,-0.00275125,166.1897,232.0829,-229.495,233.7331,-237.7231,0.05149506,-0.02750634,0.0006175447,-0.1516161,-0.1499255,-0.1526942,-0.1553008,0
-0.3560956,-0.3971112,-9.504269,-0.06442348,-0.01964948,-0.002472036,166.3884,232.4155,-229.9223,234.0806,-238.1437,0.05093381,-0.02762921,0.000572586,-0.1518334,-0.1502047,-0.1529212,-0.1555756,0
-0.07195626,-0.137392,-9.134233,-0.06223421,-0.01798443,-0.0001300023,166.5871,232.1861,-229.6511,234.0155,-237.8755,0.05038514,-0.027749,0.0005290333,-0.1516835,-0.1500275,-0.1528787,-0.1554004,0
-0.2688547,-0.3220785,-9.378657,-0.06397606,-0.0203027,-0.00134045,166.7858,232.3122,-228.8983,233.9621,-237.1901,0.04984856,-0.02786588,0.0005057316,-0.1517659,-0.1495357,-0.1528438,-0.1549526,0
-0.1349421,-0.2010467,-9.194695,-0.06368778,-0.02028038,-0.000336695,166.9844,231.8702,-229.2638,233.5221,-237.5847,0.04929968,-0.02799771,0.0004665052,-0.1514772,-0.1497744,-0.1525564,-0.1552104,0
-0.1860363,-0.2510784,-9.263321,-0.06416638,-0.02142642,-0.0005069749,167.1831,232.2253,-228.8384,233.7962,-237.1891,0.04875552,-0.02813122,0.0004437448,-0.1517092,-0.1494966,-0.1527354,-0.1549519,0
-0.2454337,-0.3087415,-9.338133,-0.06510229,-0.02276962,-0.0009243358,167.3817,232.0196,-229.1037,233.4724,-237.4978,0.04819752,-0.02828285,0.0004092178,-0.1515748,-0.1496699,-0.1525238,-0.1551536,0
-0.2007528,-0.2703724,-9.282838,-0.06469531,-0.02292252,-0.0004322925,167.5803,232.2954,-228.8296,233.7403,-237.2388,0.04765014,-0.02842861,0.0003847995,-0.151755,-0.1494908,-0.1526989,-0.1549844,0
-0.2552775,-0.3235595,-9.352321,-0.06565178,-0.02414517,-0.0007768073,167.7789,232.1922,-228.9845,233.5168,-237.4412,0.04709271,-0.0285877,0.0003593451,-0.1516875,-0.149592,-0.1525529,-0.1551166,0
-0.407623,-0.4672428,-9.556269,-0.06685858,-0.02586316,-0.00183173,167.9775,232.2567,-229.2192,233.4223,-237.7156,0.0465227,-0.02876379,0.0003259942,-0.1517297,-0.1497453,-0.1524912,-0.1552959,0
-0.1248267,-0.2089625,-9.189264,-0.06445453,-0.02380272,0.0004246365,168.176,232.2176,-229.0193,233.5373,-237.5039,0.04595239,-0.02894047,0.0002925295,-0.1517041,-0.1496148,-0.1525663,-0.1551576,0
-0.3309445,-0.4023006,-9.450482,-0.06623185,-0.02587298,-0.0009081568,168.3746,232.1629,-228.6806,233.2764,-237.2298,0.04539196,-0.02911461,0.0002725539,-0.1516684,-0.1493935,-0.1523958,-0.1549785,0
-0.1791737,-0.2649905,-9.248104,-0.06526568,-0.02504421,0.0002462147,168.5731,232.1693,-228.6722,233.3188,-237.2349,0.04483442,-0.0292866,0.0002471951,-0.1516726,-0.149388,-0.1524236,-0.1549818,0
-0.153785,-0.2444148,-9.216591,-0.06534705,-0.02529238,0.0005441495,168.7716,232.273,-228.5941,233.3651,-237.1886,0.04427723,-0.0294607,0.0002308583,-0.1517403,-0.149337,-0.1524538,-0.1549516,0
-0.1574276,-0.2506653,-9.224392,-0.06568173,-0.0257503,0.0005261778,168.9702,232.4506,-228.7226,233.4619,-237.3515,0.04371533,-0.02964085,0.0002132151,-0.1518563,-0.1494209,-0.1525171,-0.155058,0
-0.0945255,-0.1954718,-9.150553,-0.0653284,-0.02553847,0.001019492,169.1686,232.6042,-228.9487,233.5912,-237.5994,0.04315263,-0.02982354,0.0001937564,-0.1519567,-0.1495686,-0.1526015,-0.15522,0
-0.1200758,-0.2220167,-9.191473,-0.06556626,-0.02593547,0.0008875828,169.3671,232.8336,-229.0369,233.7415,-237.7213,0.0425896,-0.03000835,0.0001777596,-0.1521066,-0.1496262,-0.1526997,-0.1552996,0
-0.07497982,-0.1832826,-9.139364,-0.06529001,-0.02573142,0.0012427,169.5656,233.3018,-228.9237,234.1804,-237.6364,0.04203747,-0.03018221,0.0001717883,-0.1524124,-0.1495523,-0.1529864,-0.1552442,0
-0.05397677,-0.1666919,-9.122272,-0.06574199,-0.02604212,0.001313415,169.764,233.4758,-229.493,234.2671,-238.2499,0.04147545,-0.0303652,0.0001628281,-0.1525261,-0.1499242,-0.153043,-0.155645,0
-0.2572222,-0.3574248,-9.40799,-0.06724194,-0.02780889,-0.0002407127,169.9625,233.9262,-230.0833,234.5173,-238.8881,0.04089935,-0.03056432,0.000146281,-0.1528203,-0.1503098,-0.1532065,-0.1560619,0
-0.2305322,-0.3358363,-9.39049,-0.0663957,-0.02728897,-9.48357e-06,170.1609,234.0595,-230.4817,234.6467,-239.2993,0.0403264,-0.03076324,0.0001179254,-0.1529074,-0.1505701,-0.153291,-0.1563305,0
-0.2860574,-0.3901686,-9.467026,-0.06620222,-0.02735849,-0.0002331266,170.3593,234.0816,-230.3127,234.6034,-239.1672,0.03974612,-0.03096247,9.711918e-05,-0.1529219,-0.1504597,-0.1532627,-0.1562442,0
-0.378781,-0.4787803,-9.58296,-0.06654079,-0.02786954,-0.0008087303,170.5577,233.7871,-230.3681,234.1947,-239.2708,0.03915908,-0.03116693,6.841653e-05,-0.1527295,-0.1504959,-0.1529957,-0.1563119,0
-0.2849631,-0.3950877,-9.454695,-0.06498489,-0.02665441,9.332472e-05,170.7561,233.5917,-230.0054,234.0439,-238.9174,0.03859875,-0.0313611,3.928821e-05,-0.1526018,-0.150259,-0.1528972,-0.156081,0
-0.1814359,-0.3022894,-9.304022,-0.0637169,-0.0255481,0.001090227,170.9545,233.251,-229.4196,233.7296,-238.3549,0.03805096,-0.03154531,1.915481e-05,-0.1523793,-0.1498763,-0.1526919,-0.1557136,0
-0.3014742,-0.4159449,-9.444393,-0.06440904,-0.02643559,0.0003430429,171.1529,233.0252,-229.0452,233.3563,-238.0314,0.03749853,-0.03173378,4.164747e-06,-0.1522318,-0.1496316,-0.152448,-0.1555022,0
-0.2211671,-0.3444965,-9.331003,-0.06340861,-0.02565875,0.001019864,171.3512,232.9378,-228.8134,233.2662,-237.8153,0.03694825,-0.03192099,-1.07801e-05,-0.1521746,-0.1494802,-0.1523892,-0.1553611,0
0.01983975,-0.124473,-9.01088,-0.06148277,-0.02374764,0.002895543,171.5496,232.9955,-228.4613,233.4165,-237.4706,0.03642214,-0.03208821,-1.313945e-05,-0.1522123,-0.1492502,-0.1524874,-0.1551359,0
-0.02006033,-0.1638691,-9.062237,-0.06213649,-0.02436018,0.002557245,171.7479,233.3315,-228.4164,233.6263,-237.4753,0.03589689,-0.03225423,-4.714491e-06,-0.1524318,-0.1492209,-0.1526244,-0.1551389,0
-0.4376891,-0.5523471,-9.621756,-0.06523315,-0.02781044,-0.0007043281,171.9463,233.5559,-229.3118,233.4907,-238.442,0.03534675,-0.03244705,-1.382413e-05,-0.1525785,-0.1498058,-0.1525359,-0.1557704,0
-0.2538168,-0.3852985,-9.402986,-0.0626852,-0.02571777,0.0006738882,172.1446,233.5152,-229.9617,233.5709,-239.0696,0.03480268,-0.03263845,-4.453613e-05,-0.1525518,-0.1502304,-0.1525882,-0.1561805,0
-0.09134966,-0.237936,-9.19133,-0.06038771,-0.02367854,0.002164068,172.3429,233.7725,-229.0268,233.9389,-238.1424,0.03429165,-0.03280042,-4.799995e-05,-0.15272,-0.1496196,-0.1528286,-0.1555747,0
-0.2270072,-0.3656994,-9.353923,-0.06161177,-0.02475773,0.001148941,172.5411,233.5745,-228.9447,233.5594,-238.1351,0.03377461,-0.03296722,-4.924645e-05,-0.1525906,-0.149566,-0.1525807,-0.15557,0
-0.3162019,-0.4506253,-9.474483,-0.06189241,-0.02530114,0.0004479046,172.7394,233.5023,-229.4545,233.3677,-238.6792,0.03324686,-0.03314653,-6.522705e-05,-0.1525434,-0.1498991,-0.1524555,-0.1559254,0
-0.2888142,-0.4279466,-9.444797,-0.06053874,-0.02445693,0.000781358,172.9377,233.6237,-229.2417,233.5023,-238.4731,0.03273402,-0.03331559,-7.923115e-05,-0.1526227,-0.14976,-0.1525434,-0.1557908,0
-0.04328603,-0.2035324,-9.116503,-0.05814397,-0.02211642,0.002716733,173.136,233.5112,-228.8042,233.514,-238.0451,0.03224228,-0.0334652,-8.322306e-05,-0.1525492,-0.1494742,-0.1525511,-0.1555112,0
-0.3351005,-0.4754367,-9.490593,-0.06026281,-0.02442417,0.0005757399,173.3342,233.4612,-228.8443,233.1882,-238.1624,0.03173812,-0.03362904,-8.384822e-05,-0.1525165,-0.1495004,-0.1523382,-0.1555878,0
-0.4904397,-0.6214069,-9.698054,-0.06046981,-0.02519519,-0.0006062586,173.5324,233.3524,-229.2754,232.9502,-238.6197,0.03122736,-0.03380362,-0.0001058187,-0.1524455,-0.149782,-0.1521827,-0.1558865,0
-0.4238331,-0.5623626,-9.610758,-0.05845235,-0.02379622,0.0001077954,173.7306,233.0813,-228.9785,232.7397,-238.3209,0.03073518,-0.03396585,-0.000127636,-0.1522684,-0.1495881,-0.1520452,-0.1556914,0
-0.3510467,-0.4973972,-9.496797,-0.05697243,-0.02259585,0.0008818189,173.9288,232.6596,-228.262,232.3448,-237.6287,0.0302586,-0.03411621,-0.0001400255,-0.1519929,-0.14912,-0.1517873,-0.1552391,0
-0.0899899,-0.2583067,-9.134395,-0.05454791,-0.02021894,0.002947393,174.127,232.3481,-227.594,232.1548,-236.9706,0.02979903,-0.03425105,-0.0001442687,-0.1517894,-0.1486836,-0.1516631,-0.1548092,0
-0.08868308,-0.2590838,-9.118246,-0.05439875,-0.02021494,0.00300758,174.3252,232.4803,-227.0264,232.2136,-236.4431,0.02935127,-0.03437521,-0.0001303296,-0.1518757,-0.1483128,-0.1517015,-0.1544646,0
-0.1417295,-0.310019,-9.187221,-0.05489483,-0.02085768,0.002451304,174.5233,232.646,-227.3797,232.2523,-236.8376,0.02889948,-0.03450422,-0.0001194034,-0.151984,-0.1485437,-0.1517268,-0.1547223,0
-0.1484993,-0.3182948,-9.2133,-0.05456307,-0.0208796,0.002265681,174.7215,232.9562,-228.0175,232.4989,-237.4939,0.02844388,-0.03464067,-0.0001167465,-0.1521867,-0.1489603,-0.1518879,-0.1551511,0
-0.09579296,-0.2716827,-9.162034,-0.05335167,-0.02007624,0.002612315,174.9196,233.4682,-228.1331,233.0235,-237.6196,0.02800239,-0.03476709,-0.0001107022,-0.1525212,-0.1490358,-0.1522306,-0.1552332,0
-0.03953339,-0.2216535,-9.098888,-0.05255393,-0.01941855,0.002949537,175.1177,233.6326,-228.4681,233.1748,-237.9847,0.0275663,-0.03489036,-0.0001050826,-0.1526286,-0.1492546,-0.1523294,-0.1554717,0
-0.1984372,-0.3704187,-9.319155,-0.0532062,-0.02042415,0.001700795,175.3158,233.901,-228.8978,233.293,-238.4615,0.02712534,-0.03502182,-0.0001032491,-0.1528039,-0.1495354,-0.1524067,-0.1557832,0
-0.01866394,-0.2063095,-9.097269,-0.05090378,-0.01848108,0.002994553,175.5139,234.478,-228.762,233.9823,-238.326,0.0267118,-0.0351282,-9.384461e-05,-0.1531808,-0.1494467,-0.152857,-0.1556946,0
-0.1553141,-0.3343116,-9.284204,-0.05189177,-0.0196207,0.001871999,175.7119,234.4999,-229.3614,233.8362,-238.9898,0.02628833,-0.03524705,-8.605218e-05,-0.1531951,-0.1498382,-0.1527616,-0.1561283,0
-0.3166479,-0.4852843,-9.513111,-0.05217636,-0.02052942,0.0005744245,175.91,234.8574,-229.9491,234.0644,-239.6105,0.02585904,-0.03537698,-9.247856e-05,-0.1534287,-0.1502222,-0.1529106,-0.1565338,0
-0.188759,-0.3690785,-9.358682,-0.04977219,-0.01877692,0.00158001,176.108,235.0774,-229.8641,234.392,-239.5215,0.0254661,-0.03548611,-9.748842e-05,-0.1535724,-0.1501667,-0.1531247,-0.1564757,0
0.2174804,0.004613967,-8.825611,-0.04633896,-0.01536397,0.004640275,176.3061,235.1051,-229.5735,234.6445,-239.2361,0.02508792,-0.0355732,-8.655469e-05,-0.1535905,-0.1499768,-0.1532896,-0.1562892,0
-0.1875651,-0.3711259,-9.357098,-0.04946905,-0.01887557,0.001523166,176.5041,235.5606,-229.7674,234.7404,-239.5274,0.02469415,-0.03567906,-6.750109e-05,-0.153888,-0.1501035,-0.1533522,-0.1564796,0
4.638487,5.466421,-4.604794,-0.04979119,-0.02003448,-6.987248e-07,176.7021,235.5822,-231.149,234.6204,-240.9317,0.02428252,-0.03581018,-8.861619e-05,-0.1539022,-0.151006,-0.1532739,-0.1573969,1
4.982152,5.782031,-4.198398,-0.04515987,-0.01633292,0.002773731,176.9001,238.3475,-233.1378,237.6737,-242.7921,0.02391642,-0.03590498,-9.475058e-05,-0.1557087,-0.1523053,-0.1552685,-0.1586123,1
4.855696,5.663565,-4.574162,-0.04603998,-0.01697384,0.001925791,177.0982,246.4058,-241.1937,245.5778,-250.687,0.02355094,-0.03600068,-8.804489e-05,-0.1609731,-0.1575681,-0.1604321,-0.1637699,1
4.816064,5.625125,-5.024283,-0.04713139,-0.01582383,0.001567656,177.2962,257.0039,-251.2915,256.0797,-260.698,0.02318633,-0.03607715,-7.874079e-05,-0.1678967,-0.1641649,-0.1672929,-0.1703099,1
4.769788,5.580577,-5.509166,-0.04946928,-0.01390359,0.001133751,177.4943,266.8912,-261.8925,265.8363,-271.376,0.02279397,-0.03614341,-7.884188e-05,-0.1743559,-0.1710903,-0.1736667,-0.1772857,1
4.775187,5.583603,-5.91322,-0.05086344,-0.01078953,0.001190952,177.6924,276.6758,-271.3372,275.5842,-280.9558,0.02238626,-0.03618021,-7.780013e-05,-0.180748,-0.1772604,-0.1800349,-0.1835441,1
4.931387,5.726014,-6.086819,-0.05096719,-0.006559897,0.00235717,177.8907,285.4585,-280.0555,284.4402,-289.839,0.02196974,-0.03618243,-7.783766e-05,-0.1864856,-0.1829559,-0.1858204,-0.1893473,1
4.819638,5.620932,-6.579867,-0.05273671,-0.004857372,0.001566778,178.0892,293.728,-288.0358,292.6115,-298.0301,0.02154197,-0.03615903,-7.005355e-05,-0.1918879,-0.1881693,-0.1911585,-0.1946984,1
5.070772,5.851199,-6.575603,-0.05141981,-0.0007735204,0.003369968,178.2879,301.4064,-295.5463,300.4421,-305.711,0.02111754,-0.03610269,-6.253799e-05,-0.1969041,-0.1930758,-0.1962741,-0.1997162,1
4.993134,5.777843,-6.98064,-0.05241114,-2.458756e-05,0.00275599,178.4868,308.6013,-302.63,307.5564,-313.0056,0.02068406,-0.03603652,-4.886734e-05,-0.2016044,-0.1977035,-0.2009218,-0.2044817,1
4.96367,5.74896,-7.305442,-0.05228759,0.0007918638,0.002420931,178.6861,315.5746,-309.19,314.5158,-319.75,0.02025672,-0.0359538,-3.532138e-05,-0.20616,-0.201989,-0.2054683,-0.2088877,1
4.792914,5.589635,-7.797074,-0.05302072,-0.0001137964,0.001044998,178.8856,321.6084,-315.8214,320.4317,-326.5781,0.01982147,-0.03587867,-3.116955e-05,-0.2101017,-0.2063212,-0.209333,-0.2133484,1
4.768931,5.565831,-8.07872,-0.05172963,4.815089e-05,0.0008587643,179.0854,327.4672,-321.4908,326.3179,-332.4022,0.01939863,-0.03579974,-3.075476e-05,-0.2139292,-0.2100249,-0.2131784,-0.2171532,1
4.740018,5.537619,-8.338712,-0.05040457,-0.000334768,0.0006829518,179.2856,332.2419,-326.8672,331.1013,-337.9367,0.0189789,-0.03573463,-4.327828e-05,-0.2170485,-0.2135373,-0.2163033,-0.2207688,1
4.673563,5.474701,-8.62165,-0.04862822,-0.001120655,0.0003820313,179.4862,336.9313,-331.0035,335.8122,-342.2127,0.01858476,-0.03566707,-5.022058e-05,-0.220112,-0.2162394,-0.2193809,-0.2235622,1
4.870326,5.655257,-8.532802,-0.04537348,-0.0005532114,0.001966588,179.6871,340.8784,-334.8063,339.913,-346.1355,0.01822029,-0.03559573,-5.229956e-05,-0.2226905,-0.2187237,-0.2220599,-0.2261249,1
4.976394,5.752248,-8.54998,-0.04324523,-0.001486104,0.002828151,179.8885,344.8571,-338.2706,343.9429,-349.7265,0.01787821,-0.03553176,-3.924652e-05,-0.2252897,-0.2209869,-0.2246926,-0.2284709,1
4.720856,5.515183,-9.037072,-0.04378369,-0.005739202,0.0008317709,180.0904,348.5108,-342.2397,347.3926,-353.8395,0.01753261,-0.0355072,-3.567302e-05,-0.2276767,-0.2235799,-0.2269462,-0.2311578,1
4.600381,5.40264,-9.346858,-0.0421867,-0.008554026,-6.910443e-05,180.2927,351.7069,-346.105,350.5414,-357.7872,0.01719619,-0.03551628,-5.342555e-05,-0.2297646,-0.226105,-0.2290033,-0.2337368,1
4.78799,5.574713,-9.231025,-0.03788264,-0.00874605,0.001556833,180.4954,354.7244,-348.5309,353.7494,-360.2561,0.01690465,-0.03552479,-6.107902e-05,-0.2317359,-0.2276899,-0.231099,-0.2353497,1
4.762894,5.550638,-9.364611,-0.03631952,-0.01138536,0.001498848,180.6986,357.0083,-351.0052,355.9959,-362.8245,0.01662643,-0.03556325,-6.599595e-05,-0.233228,-0.2293062,-0.2325666,-0.2370276,1
4.996796,5.765804,-9.156533,-0.03253293,-0.01198024,0.003315574,180.9023,359.8315,-352.792,358.9766,-364.6458,0.01638964,-0.03560257,-5.697327e-05,-0.2350723,-0.2304735,-0.2345138,-0.2382174,1
4.785722,5.570079,-9.525002,-0.03298484,-0.01676287,0.001680182,181.1066,362.0704,-355.3404,361.007,-367.2877,0.01615647,-0.03568149,-4.493813e-05,-0.236535,-0.2321384,-0.2358402,-0.2399433,1
4.898833,5.673642,-9.479443,-0.03040801,-0.01865838,0.00238781,181.3113,364.5465,-357.907,363.5319,-369.8699,0.0159402,-0.03578762,-4.19285e-05,-0.2381526,-0.2338151,-0.2374898,-0.2416302,1
4.709678,5.497859,-9.823875,-0.02995349,-0.02277605,0.0009615725,181.5166,366.7766,-360.1415,365.6191,-372.1461,0.01573521,-0.03592838,-3.896554e-05,-0.2396094,-0.2352748,-0.2388532,-0.2431173,1
4.841979,5.619007,-9.73609,-0.02700507,-0.02406887,0.001901142,181.7223,368.546,-362.2758,367.4698,-374.2766,0.01554922,-0.03609348,-4.805654e-05,-0.2407654,-0.2366691,-0.2400624,-0.2445091,1
5.160463,5.912224,-9.392748,-0.02290371,-0.02382525,0.00435872,181.9286,370.5276,-363.3761,369.6515,-375.3565,0.01540487,-0.03625649,-3.658214e-05,-0.2420599,-0.237388,-0.2414876,-0.2452146,1
4.803796,5.581892,-9.921034,-0.02490728,-0.02943988,0.001583151,182.1355,372.1376,-365.2254,370.9335,-377.2754,0.01525185,-0.03646482,-2.42623e-05,-0.2431117,-0.2385961,-0.2423251,-0.2464681,1
4.633933,5.423755,-10.21857,-0.02444255,-0.03283441,0.000158071,182.3429,373.6833,-367.4579,372.3461,-379.4997,0.01509878,-0.03671072,-3.724751e-05,-0.2441215,-0.2400545,-0.2432479,-0.2479213,1
4.870188,5.640685,-9.976106,-0.02049701,-0.03239207,0.002029415,182.5509,375.0072,-368.6012,373.8502,-380.5828,0.01498008,-0.03695836,-4.73516e-05,-0.2449864,-0.2408014,-0.2442305,-0.2486288,1
4.707602,5.489375,-10.22932,-0.02049851,-0.03532609,0.0009253625,182.7595,375.94,-369.5116,374.6339,-381.5073,0.01486776,-0.03723068,-5.122171e-05,-0.2455958,-0.2413962,-0.2447425,-0.2492328,1
4.791823,5.566004,-10.15711,-0.01848477,-0.03596601,0.001564998,182.9686,377.1116,-370.1767,375.8403,-382.1367,0.01478027,-0.03750383,-5.27193e-05,-0.2463612,-0.2418306,-0.2455306,-0.249644,1
4.730742,5.508524,-10.27265,-0.01822801,-0.0379196,0.001106281,183.1783,377.7786,-371.3083,376.3998,-383.2583,0.01469486,-0.03779834,-5.471861e-05,-0.2467969,-0.2425699,-0.2458961,-0.2503766,1
4.791356,5.563336,-10.23196,-0.01675531,-0.03845616,0.001545934,183.3886,378.6299,-372.2761,377.2493,-384.1805,0.01461491,-0.03810878,-6.359175e-05,-0.247353,-0.2432022,-0.2464511,-0.2509791,1
4.642407,5.424437,-10.45898,-0.01662425,-0.04018439,0.0005166572,183.5995,379.4301,-372.7982,377.9315,-384.6735,0.01454635,-0.03842669,-6.978185e-05,-0.2478758,-0.2435433,-0.2468968,-0.2513012,1
4.869551,5.6331,-10.18471,-0.01408774,-0.03876532,0.002235912,183.8109,379.9203,-373.2878,378.5388,-385.1007,0.01449896,-0.0387356,-7.430122e-05,-0.248196,-0.2438631,-0.2472935,-0.2515803,1
4.804284,5.571745,-10.2906,-0.01436169,-0.0397667,0.001779794,184.0229,380.473,-373.8099,378.9735,-385.6039,0.01445032,-0.03905463,-7.085701e-05,-0.2485571,-0.2442042,-0.2475775,-0.251909,1
4.740835,5.511933,-10.39837,-0.01431389,-0.04029618,0.001235923,184.2356,381.02,-374.569,379.4282,-386.3228,0.01439782,-0.03938416,-7.947113e-05,-0.2489144,-0.2447001,-0.2478746,-0.2523786,1
4.684968,5.459002,-10.49449,-0.01381559,-0.04018882,0.0008900313,184.4488,381.3666,-375.056,379.7234,-386.7584,0.0143528,-0.03971075,-9.116821e-05,-0.2491408,-0.2450182,-0.2480674,-0.2526633,1
4.78069,5.546224,-10.38057,-0.01248614,-0.03865458,0.001705408,184.6626,381.6526,-375.0928,380.0509,-386.7401,0.01432307,-0.04002079,-9.573435e-05,-0.2493277,-0.2450423,-0.2482813,-0.2526512,1
4.613319,5.390525,-10.60528,-0.01365613,-0.03924568,0.0004978807,184.8771,381.7225,-375.4218,379.9517,-387.0541,0.01428334,-0.0403363,-0.0001026103,-0.2493733,-0.2452573,-0.2482165,-0.2528564,1
4.444828,5.233624,-10.83434,-0.01422009,-0.03923716,-0.0006932935,185.0921,381.727,-375.7734,379.8315,-387.3658,0.01423753,-0.04065234,-0.0001231507,-0.2493763,-0.2454869,-0.248138,-0.2530601,1
4.55127,5.330727,-10.69504,-0.01248149,-0.03654338,0.0003148068,185.3077,381.5982,-375.4198,379.792,-386.943,0.01421103,-0.04093991,-0.0001397203,-0.2492922,-0.2452559,-0.2481122,-0.2527838,1
4.981009,5.726911,-10.1186,-0.009434384,-0.03159083,0.00368006,185.5239,381.5182,-374.6042,379.957,-386.0605,0.01421074,-0.04118411,-0.0001336821,-0.2492399,-0.2447231,-0.24822,-0.2522073,1
4.577543,5.353558,-10.63557,-0.01356453,-0.03372893,0.0006291706,185.7408,381.6126,-374.6788,379.672,-386.1745,0.01418314,-0.04143616,-0.000120259,-0.2493016,-0.2447718,-0.2480338,-0.2522818,1
4.727092,5.49081,-10.45323,-0.0125072,-0.03071383,0.001565015,185.9582,381.4965,-375.613,379.6191,-387.0381,0.01414204,-0.04168336,-0.0001395117,-0.2492257,-0.2453822,-0.2479993,-0.252846,1
4.761232,5.521336,-10.41781,-0.01168661,-0.02793329,0.002041451,186.1762,381.6609,-375.1878,379.8288,-386.5568,0.01411588,-0.041897,-0.0001427689,-0.2493331,-0.2451044,-0.2481363,-0.2525315,1
4.751497,5.511661,-10.41838,-0.01212138,-0.02568038,0.002013198,186.3948,381.5273,-374.8123,379.6599,-386.1676,0.01409181,-0.04208242,-0.0001402106,-0.2492459,-0.2448591,-0.2480259,-0.2522773,1
4.625694,5.39485,-10.57695,-0.01361708,-0.02436638,0.001063316,186.614,381.3681,-374.9296,379.3756,-386.2814,0.01405462,-0.04225295,-0.0001406749,-0.2491418,-0.2449357,-0.2478402,-0.2523516,1
4.815159,5.569285,-10.32969,-0.01243244,-0.0202122,0.00248015,186.8338,381.4628,-374.7341,379.5882,-386.0376,0.014025,-0.04238649,-0.0001386946,-0.2492037,-0.2448079,-0.2479791,-0.2521923,1
2.840601,5.514928,-10.40248,-0.01362388,-0.01816392,0.002044896,187.0542,381.3415,-374.7165,379.3905,-386.0227,0.0139847,-0.04249978,-0.0001328635,-0.2491245,-0.2447965,-0.2478499,-0.2521826,0.6167694
4.787832,5.543238,-10.3609,-0.01390869,-0.01514194,0.002224992,187.2752,381.3576,-374.6177,379.4453,-385.9395,0.01394083,-0.0425836,-0.0001286195,-0.249135,-0.2447319,-0.2478857,-0.2521282,1
4.793212,5.547943,-10.35013,-0.01449164,-0.01243594,0.002239611,187.4968,381.1882,-374.5706,379.3002,-385.9214,0.01389041,-0.04264122,-0.0001241512,-0.2490243,-0.2447011,-0.2477909,-0.2521165,1
4.742665,5.501083,-10.41411,-0.01545193,-0.01037985,0.001842672,187.719,381.359,-374.4276,379.4064,-385.7533,0.01383711,-0.04267045,-0.0001143586,-0.2491359,-0.2446077,-0.2478603,-0.2520066,1
4.905605,5.651586,-10.20145,-0.01513418,-0.006583954,0.002962796,187.9418,381.2329,-374.6544,379.3413,-385.9433,0.01377591,-0.04267491,-0.0001103484,-0.2490535,-0.2447559,-0.2478178,-0.2521307,1
4.730188,5.489453,-10.43298,-0.01713772,-0.005076884,0.001652536,188.1652,381.5802,-374.4489,379.5559,-385.748,0.01370847,-0.04265023,-9.50123e-05,-0.2492804,-0.2446217,-0.247958,-0.2520031,1
4.934327,5.678118,-10.1683,-0.01658604,-0.0004749152,0.003012992,188.3892,381.5563,-374.7178,379.6472,-386.0016,0.01363718,-0.04258998,-8.727416e-05,-0.2492648,-0.2447973,-0.2480176,-0.2521689,1
4.773624,5.529781,-10.38448,-0.01879117,0.001281518,0.0017721,188.6137,381.7728,-374.8535,379.7395,-386.1708,0.01355023,-0.04250618,-7.236849e-05,-0.2494062,-0.2448859,-0.2480779,-0.2522794,1
4.581799,5.352658,-10.64174,-0.02086389,0.003093669,0.0002126941,188.8389,381.5528,-375.5196,379.3994,-386.8665,0.01343418,-0.0424136,-8.245143e-05,-0.2492625,-0.2453211,-0.2478557,-0.2527339,1
5.107874,5.838753,-9.956161,-0.01682116,0.01119006,0.004257724,189.0647,381.7742,-374.6818,380.0535,-385.9736,0.01335443,-0.04224409,-7.618993e-05,-0.2494071,-0.2447738,-0.2482831,-0.2521506,1
4.758005,5.516224,-10.39453,-0.02121394,0.01126005,0.001656208,189.291,381.5573,-374.3945,379.5559,-385.7968,0.01325017,-0.04205524,-5.097152e-05,-0.2492655,-0.2445861,-0.2479579,-0.252035,1
4.877963,5.627637,-10.23918,-0.02148235,0.01526992,0.00229248,189.518,381.559,-374.9935,379.6289,-386.4148,0.01312519,-0.04184411,-4.98343e-05,-0.2492665,-0.2449774,-0.2480057,-0.2524388,1
4.842678,5.595541,-10.29416,-0.02222053,0.01839677,0.002070222,189.7456,381.9661,-374.6534,380.0618,-386.1031,0.01300602,-0.04158753,-3.268864e-05,-0.2495326,-0.2447552,-0.2482884,-0.2522352,1
4.81216,5.568175,-10.33065,-0.02374923,0.02116309,0.001698096,189.9737,381.7191,-375.0333,379.7894,-386.5436,0.01286683,-0.04130914,-2.475682e-05,-0.2493711,-0.2450034,-0.2481105,-0.2525229,1
4.688498,5.454675,-10.4968,-0.02535352,0.0234572,0.0007457571,190.2025,381.8046,-375.1745,379.8304,-386.7368,0.01271184,-0.0410072,-2.112035e-05,-0.2494271,-0.2450957,-0.2481373,-0.2526492,1
4.849683,5.604424,-10.28372,-0.02464409,0.02815388,0.001951472,190.4319,381.8496,-374.7941,380.0443,-386.3832,0.01256507,-0.04065687,-1.384588e-05,-0.2494564,-0.2448471,-0.248277,-0.2524182,1
4.83913,5.595853,-10.28686,-0.02603196,0.03097063,0.001854877,190.6618,381.4194,-374.8657,379.6115,-386.5311,0.01239899,-0.04028548,-7.284364e-06,-0.2491753,-0.2448939,-0.2479943,-0.2525148,1
5.225112,5.95365,-9.776804,-0.02410662,0.03704228,0.004696274,190.8924,381.5629,-374.4233,380.0482,-386.1092,0.01223976,-0.03986647,5.140897e-06,-0.2492691,-0.2446049,-0.2482796,-0.2522391,1
4.827436,5.587645,-10.28834,-0.0285036,0.03648725,0.001683538,191.1235,381.6802,-374.2582,379.9033,-386.0708,0.01205857,-0.03943014,2.894193e-05,-0.2493457,-0.244497,-0.2481849,-0.252214,1
4.685037,5.457388,-10.47653,-0.03049218,0.03814535,0.0004137525,191.3553,381.5426,-374.9681,379.7057,-386.8553,0.01185344,-0.03897981,2.887437e-05,-0.2492558,-0.2449608,-0.2480558,-0.2527266,1
4.679903,5.453873,-10.48864,-0.03078536,0.04123437,0.0004418428,191.5876,381.3835,-375.0217,379.6269,-386.9599,0.01164045,-0.03850378,2.422049e-05,-0.2491519,-0.2449958,-0.2480043,-0.2527949,1
5.04095,5.788906,-10.00329,-0.02861512,0.04715367,0.003236182,191.8206,381.3427,-374.0706,379.9066,-386.0461,0.01144681,-0.03797162,3.404967e-05,-0.2491253,-0.2443745,-0.2481871,-0.2521979,1
4.94234,5.699709,-10.10991,-0.03111494,0.04856915,0.002472903,192.0541,381.1127,-373.6893,379.6043,-385.7915,0.01123755,-0.03741629,5.730832e-05,-0.248975,-0.2441254,-0.2479896,-0.2520316,1
5.02743,5.780186,-9.994106,-0.03199391,0.05134546,0.002901278,192.2882,381.2343,-373.9168,379.7904,-386.1021,0.01101293,-0.03683899,7.444131e-05,-0.2490544,-0.244274,-0.2481112,-0.2522345,1
4.918047,5.680927,-10.14414,-0.03396798,0.05262983,0.00196147,192.5229,381.4734,-374.1759,379.9886,-386.457,0.0107714,-0.03624574,9.122476e-05,-0.2492106,-0.2444433,-0.2482406,-0.2524663,1
4.670809,5.454243,-10.47312,-0.03659523,0.05301093,6.821065e-07,192.7583,381.4709,-374.6418,379.8784,-387.0287,0.01050621,-0.03564555,9.381499e-05,-0.249209,-0.2447477,-0.2481686,-0.2528398,1
4.708493,5.490735,-10.42491,-0.03653447,0.05598886,0.0003106507,192.9942,381.118,-374.7991,379.6485,-387.2541,0.01023208,-0.03502559,8.200872e-05,-0.2489784,-0.2448504,-0.2480185,-0.2529871,1
4.881137,5.652087,-10.18267,-0.03554558,0.06001055,0.001795028,193.2307,380.9597,-373.7834,379.7087,-386.3121,0.009973323,-0.03435988,8.721495e-05,-0.2488751,-0.2441869,-0.2480578,-0.2523717,1
4.749949,5.533127,-10.32507,-0.03791956,0.06085964,0.0008403123,193.4678,380.3744,-373.4092,379.0592,-386.0794,0.009694431,-0.0336825,9.39068e-05,-0.2484927,-0.2439424,-0.2476335,-0.2522197,1
4.613896,5.409546,-10.48632,-0.03969944,0.06178155,-0.0001727721,193.7056,379.8994,-373.4214,378.5515,-386.2036,0.009392181,-0.03300074,8.57636e-05,-0.2481823,-0.2439504,-0.2473018,-0.2523008,1
4.805755,5.58885,-10.21805,-0.03841478,0.06558441,0.001413035,193.9439,379.5286,-372.6631,378.416,-385.5126,0.00909991,-0.03228354,8.084661e-05,-0.2479402,-0.243455,-0.2472133,-0.2518494,1
4.799745,5.585676,-10.19406,-0.03944728,0.06727049,0.001506926,194.1828,378.9648,-371.8406,377.9004,-384.8157,0.008803112,-0.0315441,8.807872e-05,-0.2475718,-0.2429177,-0.2468765,-0.2513941,1
4.874001,5.656754,-10.07015,-0.04007167,0.06928982,0.002048642,194.4223,378.756,-371.22,377.7801,-384.3105,0.008502328,-0.03078116,0.000101349,-0.2474354,-0.2425123,-0.2467979,-0.2510641,1
4.562037,5.371015,-10.46194,-0.04360651,0.0679918,-0.0003380587,194.6624,378.4514,-371.2794,377.2964,-384.5235,0.008173526,-0.03002284,0.0001092727,-0.2472364,-0.242551,-0.2464819,-0.2512032,1
4.355411,5.182344,-10.72432,-0.04539837,0.06797067,-0.001893054,194.903,377.8182,-371.6967,376.6125,-385.0532,0.00781598,-0.02927526,8.825587e-05,-0.2468227,-0.2428236,-0.2460351,-0.2515493,1
4.711408,5.513381,-10.23976,-0.04217827,0.07294387,0.001053303,195.1443,377.2901,-370.5855,376.4774,-383.9899,0.007482834,-0.02848623,7.271428e-05,-0.2464777,-0.2420977,-0.2459468,-0.2508546,1
4.764826,5.565391,-10.12251,-0.04267459,0.07465763,0.001712909,195.3861,376.2565,-369.3833,375.5356,-382.9305,0.007145657,-0.02768123,7.150769e-05,-0.2458025,-0.2413124,-0.2453316,-0.2501626,1
4.814397,5.613904,-10.01487,-0.04324721,0.07604402,0.002172993,195.6285,375.7293,-368.3687,375.0908,-382.049,0.006804682,-0.02685931,7.608383e-05,-0.2454581,-0.2406495,-0.245041,-0.2495867,1
4.629857,5.446126,-10.22489,-0.04554733,0.07529546,0.0008330557,195.8715,375.346,-367.743,374.6309,-381.5757,0.006454466,-0.02602897,8.704614e-05,-0.2452077,-0.2402408,-0.2447405,-0.2492774,1
5.032714,5.821072,-9.67801,-0.04359402,0.07897946,0.003752956,196.1151,374.9431,-367.5008,374.5345,-381.42,0.00610548,-0.02518068,9.48333e-05,-0.2449445,-0.2400826,-0.2446775,-0.2491758,1
4.722498,5.53721,-10.06952,-0.04703366,0.07676713,0.001438244,196.3593,375.0672,-367.0786,374.4809,-381.1679,0.005738206,-0.0243378,0.0001169115,-0.2450255,-0.2398067,-0.2446425,-0.2490111,1
5.184387,5.966599,-9.458977,-0.04450926,0.08075073,0.004646324,196.604,374.9304,-367.2239,374.6984,-381.3876,0.005373992,-0.02347789,0.0001233638,-0.2449362,-0.2399017,-0.2447846,-0.2491546,1
4.584104,5.414625,-10.23992,-0.04992927,0.07612106,0.0001888826,196.8493,374.9892,-367.2939,374.394,-381.6559,0.004979364,-0.02263962,0.0001407388,-0.2449746,-0.2399474,-0.2445858,-0.2493299,1
4.614847,5.445369,-10.19764,-0.04975086,0.07701421,0.0002468626,197.0951,374.7876,-367.6759,374.3102,-382.1365,0.004574966,-0.02180238,0.0001276905,-0.2448429,-0.2401969,-0.244531,-0.2496439,1
4.483587,5.32642,-10.35954,-0.05053393,0.07673094,-0.0005291851,197.3416,374.2849,-367.3271,373.8336,-381.9137,0.004166984,-0.02096396,0.0001171875,-0.2445145,-0.239969,-0.2442196,-0.2494983,1
4.393979,5.246031,-10.44688,-0.05112132,0.07672109,-0.001028751,197.5886,373.4365,-366.7687,373.0276,-381.4902,0.003748781,-0.02013028,9.54378e-05,-0.2439602,-0.2396043,-0.2436931,-0.2492216,1
4.67594,5.50897,-10.04008,-0.04876608,0.07965304,0.001354203,197.8362,372.693,-365.4283,372.59,-380.2456,0.003351406,-0.01926981,8.257033e-05,-0.2434745,-0.2387286,-0.2434072,-0.2484085,1
4.619195,5.459308,-10.06489,-0.04999288,0.07909364,0.001137021,198.0843,371.8489,-364.265,371.7486,-379.2504,0.00295047,-0.01840631,8.551077e-05,-0.2429231,-0.2379686,-0.2428575,-0.2477584,1
4.728445,5.56298,-9.88521,-0.04998761,0.07955486,0.001953932,198.333,371.2634,-363.6784,371.2675,-378.799,0.002541861,-0.01754525,8.481152e-05,-0.2425406,-0.2375855,-0.2425433,-0.2474635,1
4.557392,5.407542,-10.08438,-0.05169203,0.07775788,0.00073838,198.5823,371.0406,-363.0532,370.9843,-378.3252,0.002128307,-0.01668836,9.165946e-05,-0.2423951,-0.237177,-0.2423583,-0.247154,1
4.79191,5.626794,-9.757287,-0.0504799,0.07902665,0.00242407,198.8321,370.3981,-363.0193,370.5404,-378.4,0.001708375,-0.01583819,8.522456e-05,-0.2419753,-0.2371549,-0.2420683,-0.2472029,1
4.632507,5.481975,-9.947884,-0.05184242,0.07723951,0.001353252,199.0825,370.4371,-362.2218,370.5407,-377.7491,0.001290407,-0.01498916,9.577157e-05,-0.2420008,-0.2366339,-0.2420684,-0.2467776,1
4.329826,5.204763,-10.32279,-0.05445499,0.07412654,-0.0009855743,199.3335,369.709,-362.5018,369.6548,-378.1953,0.000844348,-0.01417253,8.233186e-05,-0.2415252,-0.2368168,-0.2414897,-0.2470691,1
4.570798,5.429535,-9.992699,-0.05192169,0.07587107,0.000972211,199.585,369.1597,-362.0281,369.3852,-377.798,0.0004100719,-0.01335175,6.169883e-05,-0.2411663,-0.2365073,-0.2413136,-0.2468096,1
4.560267,5.422129,-9.971039,-0.05182805,0.07527725,0.001162998,199.837,368.5118,-360.8183,368.8122,-376.7282,-1.600414e-05,-0.01253046,5.616438e-05,-0.240743,-0.235717,-0.2409393,-0.2461107,1
4.766884,5.615465,-9.660038,-0.05061513,0.07597136,0.002778881,200.0896,368.0608,-359.6988,368.5469,-375.7366,-0.000426675,-0.01169797,6.143672e-05,-0.2404484,-0.2349856,-0.240766,-0.2454629,1
4.767693,5.618769,-9.629824,-0.05159716,0.07434127,0.002745103,200.3428,367.6297,-359.3647,368.108,-375.5613,-0.0008472641,-0.01088176,7.362789e-05,-0.2401668,-0.2347674,-0.2404792,-0.2453484,1
4.458199,5.335094,-10.02321,-0.05423924,0.07035696,0.0003241043,200.5965,367.5587,-359.5133,367.8542,-375.8694,-0.00129064,-0.01010001,7.536383e-05,-0.2401204,-0.2348644,-0.2403134,-0.2455497,1
4.464693,5.343024,-10.01035,-0.053541,0.06939593,0.0003522754,200.8507,367.4351,-359.4055,367.8271,-375.8596,-0.001726371,-0.009325443,6.739719e-05,-0.2400397,-0.234794,-0.2402957,-0.2455432,1
4.531883,5.407115,-9.906459,-0.05283079,0.06868892,0.0009456694,201.1055,366.7892,-359.2137,367.285,-375.7847,-0.002163061,-0.00856737,5.718868e-05,-0.2396177,-0.2346687,-0.2399416,-0.2454943,1
4.667249,5.534142,-9.706875,-0.05153373,0.06850155,0.002067566,201.3608,366.8088,-358.143,367.4626,-374.8248,-0.002579869,-0.007803502,6.306946e-05,-0.2396305,-0.2339692,-0.2400576,-0.2448672,1
4.552843,5.430546,-9.83208,-0.05291208,0.06569827,0.001151888,201.6167,366.3385,-357.9882,366.9182,-374.8284,-0.003007353,-0.007064409,6.723392e-05,-0.2393232,-0.2338682,-0.239702,-0.2448695,1
4.593359,5.469833,-9.769131,-0.05255308,0.06425168,0.001393479,201.8731,366.0412,-358.138,366.6795,-375.089,-0.003443147,-0.006351294,5.999214e-05,-0.239129,-0.233966,-0.239546,-0.2450398,1
4.186249,5.095298,-10.29113,-0.05481757,0.05956939,-0.001541839,202.13,365.7104,-358.0005,366.1495,-375.095,-0.003892506,-0.005674846,4.46136e-05,-0.2389129,-0.2338761,-0.2391998,-0.2450437,1
4.962069,5.81359,-9.256199,-0.04798943,0.06452639,0.004360558,202.3875,365.2712,-357.0148,366.3308,-374.1246,-0.004294211,-0.004970156,3.149384e-05,-0.238626,-0.2332322,-0.2393182,-0.2444098,1
4.433505,5.327157,-9.911621,-0.05252865,0.05800723,0.0006085935,202.6455,364.7846,-356.2542,365.4697,-373.5801,-0.004715042,-0.004305135,4.549083e-05,-0.2383081,-0.2327354,-0.2387556,-0.244054,1
4.288899,5.195043,-10.08243,-0.05313805,0.05491301,-0.0006439415,202.9041,364.3853,-356.5365,365.0101,-373.9778,-0.005152123,-0.003678062,2.490361e-05,-0.2380472,-0.2329198,-0.2384554,-0.2443139,1
4.691628,5.56839,-9.545093,-0.04888794,0.05651918,0.002562388,203.1631,363.8741,-355.9299,364.8594,-373.4115,-0.005559189,-0.003048121,9.261517e-06,-0.2377132,-0.2325235,-0.2383569,-0.2439439,1
4.709148,5.5861,-9.489358,-0.04862252,0.05443039,0.002870646,203.4228,363.6652,-354.6869,364.6802,-372.2987,-0.00594986,-0.002426054,2.145067e-05,-0.2375768,-0.2317114,-0.2382399,-0.243217,1
4.388849,5.291658,-9.883633,-0.05121746,0.04922087,0.0003464358,203.6829,362.9903,-355.0397,363.7654,-372.8107,-0.006371886,-0.001860841,1.098007e-05,-0.2371359,-0.2319419,-0.2376423,-0.2435514,1
4.635776,5.520772,-9.554087,-0.04792593,0.04930255,0.002277586,203.9436,362.915,-354.5434,363.9429,-372.3546,-0.006766474,-0.001298401,-1.086544e-06,-0.2370867,-0.2316177,-0.2377582,-0.2432534,1
4.227919,5.145082,-10.0633,-0.05032068,0.04371454,-0.0006043695,204.2048,362.3897,-354.0322,363.173,-371.9946,-0.007165364,-0.0007717608,-3.663635e-06,-0.2367436,-0.2312837,-0.2372553,-0.2430182,1
4.615129,5.503811,-9.535814,-0.04653546,0.04451352,0.002272975,204.4665,361.934,-353.6248,363.0172,-371.634,-0.007544922,-0.0002550826,-1.718149e-05,-0.2364458,-0.2310176,-0.2371534,-0.2427827,1
4.458072,5.359728,-9.719437,-0.04714393,0.04062259,0.001265059,204.7287,361.6742,-352.8616,362.665,-370.9913,-0.007917273,0.0002358842,-1.161634e-05,-0.2362761,-0.230519,-0.2369234,-0.2423629,1
4.380398,5.28886,-9.800708,-0.04711805,0.03726763,0.0006124817,204.9915,361.1299,-352.9149,362.0726,-371.1445,-0.008297366,0.000686052,-2.395497e-05,-0.2359205,-0.2305538,-0.2365364,-0.2424629,1
4.433383,5.338437,-9.718934,-0.04533168,0.03527514,0.001139337,205.2548,361.0585,-352.2168,362.0945,-370.5072,-0.008651463,0.001126179,-2.585833e-05,-0.2358739,-0.2300977,-0.2365507,-0.2420466,1
4.684971,5.571676,-9.368828,-0.04302521,0.03428306,0.003014147,205.5186,360.6791,-351.7389,361.8728,-370.0999,-0.008988833,0.00154902,-2.042736e-05,-0.2356261,-0.2297855,-0.2364058,-0.2417805,1
4.598348,5.492371,-9.46966,-0.04342828,0.03030155,0.002301396,205.7829,360.7842,-351.476,361.8878,-369.9379,-0.009324757,0.001937982,-5.864065e-06,-0.2356947,-0.2296138,-0.2364157,-0.2416747,1
4.496349,5.398599,-9.602983,-0.04352709,0.02630636,0.001359735,206.0477,360.7761,-351.8681,361.7983,-370.4065,-0.009664319,0.002285445,-4.345839e-06,-0.2356894,-0.22987,-0.2363572,-0.2419808,1
4.561562,5.459051,-9.523006,-0.04182274,0.02395021,0.001806917,206.3131,360.7416,-352.0513,361.8289,-370.6291,-0.009992514,0.002603799,-7.371989e-06,-0.2356669,-0.2299897,-0.2363772,-0.2421262,1
4.291867,5.209969,-9.872031,-0.04257716,0.01900799,-0.0001657453,206.5789,360.7429,-351.8758,361.6716,-370.5334,-0.01031577,0.002886081,-7.550871e-06,-0.2356677,-0.229875,-0.2362744,-0.2420637,1
4.346213,5.260141,-9.793322,-0.04079662,0.01674266,0.0002223934,206.8453,360.2192,-352.0273,361.2067,-370.7223,-0.01063388,0.003133002,-2.588021e-05,-0.2353256,-0.229974,-0.2359707,-0.2421871,1
4.310682,5.227146,-9.826115,-0.03935385,0.01394087,0.0001687778,207.1122,359.7511,-351.5034,360.756,-370.24,-0.01093796,0.003351163,-4.133486e-05,-0.2350198,-0.2296317,-0.2356763,-0.241872,1
4.494213,5.396554,-9.55931,-0.03647422,0.01278761,0.001706577,207.3796,359.3278,-350.4804,360.4846,-369.2449,-0.01121147,0.003559781,-4.810764e-05,-0.2347433,-0.2289634,-0.235499,-0.241222,1
4.418925,5.326973,-9.628475,-0.03627976,0.009002407,0.001236179,207.6476,358.7202,-349.9586,359.7946,-368.7959,-0.01147924,0.003734315,-4.809352e-05,-0.2343464,-0.2286225,-0.2350482,-0.2409286,1
4.627954,5.519902,-9.337806,-0.03368186,0.007465672,0.002786523,207.916,358.4916,-349.5418,359.6858,-368.3968,-0.01173013,0.003884827,-4.806701e-05,-0.234197,-0.2283502,-0.2349771,-0.2406679,1
4.222177,5.14468,-9.855981,-0.03557115,0.00097232,-0.0002043429,208.1849,358.4651,-349.2036,359.3683,-368.1361,-0.01197818,0.003994033,-3.93137e-05,-0.2341797,-0.2281293,-0.2347697,-0.2404976,1
4.535997,5.434123,-9.439758,-0.03189419,0.0003155786,0.002016877,208.4544,357.8438,-349.6249,358.9422,-368.5385,-0.01221773,0.004067692,-5.554961e-05,-0.2337738,-0.2284046,-0.2344913,-0.2407605,1
4.505025,5.404857,-9.473021,-0.03039787,-0.002865817,0.001994674,208.7243,358.2087,-348.5044,359.3051,-367.432,-0.01242069,0.004131963,-3.913952e-05,-0.2340122,-0.2276725,-0.2347284,-0.2400376,1
4.220569,5.141528,-9.828813,-0.03182502,-0.008633046,-0.0002891562,208.9948,357.4141,-349.1071,358.252,-368.0996,-0.01264628,0.004129587,-4.860678e-05,-0.233493,-0.2280662,-0.2340405,-0.2404737,1
4.475513,5.376057,-9.495687,-0.02758729,-0.009239804,0.001721303,209.2657,357.584,-348.5146,358.6395,-367.4527,-0.01283082,0.004121784,-5.214839e-05,-0.2336041,-0.2276792,-0.2342936,-0.2400512,1
4.412585,5.317165,-9.560915,-0.02696527,-0.01299871,0.001321478,209.5372,356.952,-348.2601,357.9221,-367.2261,-0.01300979,0.0040737,-5.177454e-05,-0.2331912,-0.2275129,-0.2338249,-0.2399031,1
4.571085,5.462656,-9.341312,-0.02427907,-0.01480538,0.002511804,209.8091,356.9535,-347.7216,358.0126,-366.6657,-0.0131641,0.004006161,-4.753341e-05,-0.2331922,-0.2271611,-0.2338841,-0.239537,1
4.472074,5.370238,-9.460594,-0.02388024,-0.01892339,0.001757063,210.0816,356.6483,-347.6264,357.5922,-366.5823,-0.01331137,0.003900288,-4.157191e-05,-0.2329928,-0.2270989,-0.2336094,-0.2394825,1
4.515229,5.408969,-9.400164,-0.02206685,-0.02172308,0.002031835,210.3546,356.5507,-347.5904,357.4942,-366.5207,-0.01344467,0.003762796,-3.935769e-05,-0.232929,-0.2270754,-0.2335454,-0.2394423,1
4.608872,5.49426,-9.275067,-0.01985703,-0.02407387,0.002727061,210.628,356.5685,-347.2819,357.5472,-366.1781,-0.01355448,0.003603126,-3.012417e-05,-0.2329407,-0.2268739,-0.23358,-0.2392184,1
4.44288,5.339647,-9.488075,-0.01989343,-0.02863357,0.001421099,210.902,356.6835,-347.1454,357.5002,-366.0393,-0.01365181,0.003411755,-1.383809e-05,-0.2330158,-0.2267847,-0.2335494,-0.2391278,1
4.779749,5.649539,-9.052838,-0.01628895,-0.02923507,0.003745503,211.1764,356.6438,-347.4831,357.6233,-366.3087,-0.01373164,0.003194903,-5.353131e-06,-0.2329898,-0.2270053,-0.2336297,-0.2393038,1
4.210256,5.121859,-9.806609,-0.0191941,-0.03689559,-0.0005357551,211.4514,357.073,-347.5776,357.6214,-366.4221,-0.01381474,0.0029287,1.3295e-05,-0.2332702,-0.227067,-0.2336285,-0.2393778,1
4.660251,5.535863,-9.230129,-0.01408813,-0.03603294,0.00259068,211.7268,356.8095,-348.2504,357.6348,-366.9792,-0.01387778,0.002639255,1.97849e-06,-0.2330981,-0.2275065,-0.2336373,-0.2397418,1
4.557006,5.438718,-9.37022,-0.01318374,-0.03949758,0.001993867,212.0028,357.16,-347.5961,357.8934,-366.2823,-0.01391196,0.002334437,2.2308e-05,-0.2333271,-0.2270792,-0.2338062,-0.2392865,1
4.680186,5.550872,-9.205401,-0.01141837,-0.04149586,0.00269078,212.2792,356.9452,-347.931,357.6761,-366.5641,-0.01394221,0.001994811,2.728988e-05,-0.2331867,-0.2272979,-0.2336642,-0.2394707,1
4.533905,5.413817,-9.406396,-0.01099591,-0.04529165,0.001578896,212.5562,357.2389,-347.9611,357.8299,-366.5388,-0.01395863,0.001627821,3.942594e-05,-0.2333786,-0.2273176,-0.2337647,-0.2394541,1
4.785493,5.644322,-9.08428,-0.007801902,-0.04587708,0.003320832,212.8336,357.2891,-348.099,357.995,-366.5798,-0.01395243,0.001244967,4.790798e-05,-0.2334114,-0.2274077,-0.2338726,-0.2394809,1
4.614192,5.484107,-9.316149,-0.008025965,-0.04990619,0.001981914,213.1115,357.674,-348.0726,358.1941,-366.5063,-0.01393447,0.0008361276,7.034114e-05,-0.2336629,-0.2273904,-0.2340026,-0.2394329,1
4.599369,5.468344,-9.348888,-0.007074259,-0.05258877,0.00162723,213.39,357.8514,-348.6968,358.2867,-367.0524,-0.01391242,0.0003953601,7.92697e-05,-0.2337787,-0.2277982,-0.2340631,-0.2397896,1
4.535431,5.407007,-9.452131,-0.006040045,-0.05529285,0.001068498,213.6689,358.109,-349.1018,358.457,-367.3665,-0.01387922,-7.166679e-05,8.648604e-05,-0.2339471,-0.2280627,-0.2341744,-0.2399948,1
4.411429,5.290097,-9.626583,-0.005372961,-0.05821528,8.485853e-05,213.9484,358.1942,-349.3676,358.4211,-367.5469,-0.01383705,-0.0005656908,8.789764e-05,-0.2340026,-0.2282364,-0.2341509,-0.2401127,1
4.312786,5.196539,-9.762259,-0.004338914,-0.06065897,-0.0006416898,214.2283,357.8343,-349.7229,357.9657,-367.8081,-0.01379193,-0.001092354,7.430463e-05,-0.2337676,-0.2284685,-0.2338534,-0.2402833,1
4.650148,5.505761,-9.31834,0.0002715486,-0.05925965,0.002037536,214.5088,357.8322,-348.881,358.1925,-366.8205,-0.01370138,-0.001605932,7.359975e-05,-0.2337662,-0.2279186,-0.2340016,-0.2396381,1
4.452454,5.321002,-9.559991,-0.0004642428,-0.06281587,0.0006154021,214.7897,357.0981,-348.8639,357.2277,-366.7572,-0.01361992,-0.002159086,7.165228e-05,-0.2332866,-0.2279073,-0.2333713,-0.2395968,1
4.760125,5.602884,-9.152453,0.003564933,-0.06179729,0.002940282,215.0712,357.3289,-348.1377,357.6394,-365.8844,-0.01349943,-0.002701766,7.670921e-05,-0.2334374,-0.2274329,-0.2336403,-0.2390266,1
4.449306,5.313586,-9.550625,0.001974172,-0.0662514,0.0006146988,215.3531,356.9855,-348.1716,356.9893,-365.8697,-0.01338182,-0.003276333,8.819152e-05,-0.2332131,-0.2274551,-0.2332155,-0.239017,1
4.588882,5.440182,-9.372895,0.004395254,-0.06671908,0.001534386,215.6356,356.9828,-348.4172,357.0232,-365.9803,-0.01325232,-0.003867262,8.68025e-05,-0.2332113,-0.2276155,-0.2332377,-0.2390893,1
4.637865,5.483067,-9.315128,0.006224175,-0.06775402,0.001939371,215.9186,357.0953,-348.1323,357.1224,-365.5723,-0.0131,-0.004464581,9.61336e-05,-0.2332848,-0.2274294,-0.2333025,-0.2388227,1
4.548598,5.398313,-9.431971,0.006583381,-0.07000015,0.001192897,216.202,357.04,-348.216,356.9321,-365.5588,-0.0129405,-0.005080894,0.0001043617,-0.2332487,-0.2274841,-0.2331782,-0.2388139,1
4.700159,5.535993,-9.241856,0.008926921,-0.07016371,0.002235934,216.486,357.262,-348.2074,357.1959,-365.4122,-0.01275835,-0.005699178,0.0001162417,-0.2333937,-0.2274785,-0.2333505,-0.2387181,1
4.450518,5.303062,-9.577712,0.007930832,-0.07364597,0.0002674384,216.7704,357.2383,-348.6891,356.9168,-365.8062,-0.01258366,-0.00635043,0.0001236395,-0.2333782,-0.2277931,-0.2331682,-0.2389755,1
4.501,5.347177,-9.526662,0.01003627,-0.07411987,0.0005637475,217.0554,357.3435,-348.9735,357.0283,-365.9377,-0.01239492,-0.00701314,0.0001180894,-0.233447,-0.2279789,-0.233241,-0.2390614,1
4.491769,5.336202,-9.544186,0.01160722,-0.07493033,0.0005751558,217.3408,357.1062,-348.9151,356.755,-365.7449,-0.01219025,-0.007684832,0.0001136247,-0.2332919,-0.2279408,-0.2330625,-0.2389355,1
4.515016,5.355335,-9.509256,0.01324351,-0.07543828,0.0008141665,217.6267,357.4523,-348.0895,357.0863,-364.7889,-0.0119487,-0.008339084,0.0001305138,-0.233518,-0.2274014,-0.2332789,-0.2383109,1
4.483732,5.324393,-9.548763,0.01326419,-0.0770753,0.0003934466,217.9132,356.8397,-348.9077,356.3266,-365.5058,-0.01172425,-0.009029235,0.0001293393,-0.2331178,-0.227936,-0.2327826,-0.2387793,1
4.408673,5.252619,-9.662004,0.01449316,-0.07819843,-0.0001423643,218.2001,357.1206,-348.9345,356.5355,-365.3792,-0.01148978,-0.009732353,0.0001238428,-0.2333013,-0.2279535,-0.2329191,-0.2386966,1
4.786766,5.59964,-9.169391,0.01896174,-0.07554853,0.002723441,218.4876,357.0454,-348.4094,356.6961,-364.6685,-0.01121353,-0.01041289,0.0001252106,-0.2332522,-0.2276104,-0.233024,-0.2382323,1
4.518705,5.350034,-9.512717,0.01741142,-0.07866243,0.000734415,218.7755,356.8273,-348.4121,356.1967,-364.5913,-0.01094118,-0.01111364,0.0001384389,-0.2331097,-0.2276122,-0.2326977,-0.2381818,1
4.444745,5.279545,-9.617973,0.0180621,-0.07982974,2.818961e-05,219.0639,356.9557,-348.7793,356.2206,-364.8153,-0.01066731,-0.01182981,0.0001353096,-0.2331936,-0.227852,-0.2327133,-0.2383282,1
4.671583,5.486941,-9.333222,0.02131334,-0.07828815,0.00173872,219.3529,357.0023,-348.6672,356.396,-364.5209,-0.01036432,-0.01253447,0.0001359594,-0.233224,-0.2277789,-0.232828,-0.2381358,1
4.754637,5.561782,-9.225698,0.02264184,-0.07822606,0.002341842,219.6423,356.9727,-348.5593,356.3454,-364.2761,-0.01004837,-0.01324041,0.0001467272,-0.2332047,-0.2277084,-0.2327949,-0.2379759,1
4.46147,5.289009,-9.616606,0.02127229,-0.08108723,3.695513e-05,219.9323,357.1379,-348.8913,356.2415,-364.4979,-0.009738679,-0.0139668,0.0001520036,-0.2333126,-0.2279252,-0.2327271,-0.2381208,1
4.511878,5.333515,-9.566335,0.02318136,-0.08071978,0.0003298427,220.2227,357.1568,-349.2825,356.2728,-364.7145,-0.009414782,-0.01469386,0.0001444649,-0.233325,-0.2281808,-0.2327475,-0.2382623,1
4.50817,5.328166,-9.578966,0.02451929,-0.0807164,0.0003761713,220.5136,356.9514,-349.3427,356.0356,-364.6198,-0.009080058,-0.01542477,0.0001380805,-0.2331908,-0.2282202,-0.2325925,-0.2382004,1
4.618846,5.428611,-9.433863,0.02667348,-0.07968681,0.001252627,220.805,357.0764,-348.8295,356.2111,-363.9426,-0.008719527,-0.01614094,0.0001402153,-0.2332725,-0.2278849,-0.2327071,-0.237758,1
4.739623,5.538665,-9.273815,0.02815421,-0.07896588,0.002101869,221.0969,357.0072,-348.7141,356.1506,-363.6811,-0.008343174,-0.01684943,0.000149749,-0.2332272,-0.2278095,-0.2326676,-0.2375872,1
4.837109,5.627289,-9.154923,0.02921997,-0.07860257,0.002685221,221.3893,357.4925,-348.7294,356.6157,-363.5479,-0.007951473,-0.01754901,0.0001721377,-0.2335443,-0.2278195,-0.2329715,-0.2375002,1
4.755938,5.550885,-9.283635,0.02872783,-0.07979544,0.001785147,221.6823,357.732,-349.7704,356.6942,-364.4537,-0.007574325,-0.01827153,0.0001812179,-0.2337008,-0.2284996,-0.2330227,-0.2380919,1
4.692368,5.490448,-9.40088,0.02953522,-0.08006904,0.001162606,221.9757,358.5537,-350.2296,357.4547,-364.7375,-0.007181964,-0.0189884,0.0001895796,-0.2342376,-0.2287995,-0.2335196,-0.2382773,1
4.942452,5.720011,-9.099221,0.03212949,-0.07790923,0.002862656,222.2696,358.7419,-350.857,357.7618,-365.1801,-0.006773986,-0.01969597,0.0001941186,-0.2343605,-0.2292094,-0.2337202,-0.2385665,1
4.746787,5.537849,-9.377969,0.03121069,-0.07929274,0.001309329,222.564,359.3875,-351.176,358.2193,-365.3682,-0.006363546,-0.02040567,0.0002092829,-0.2347823,-0.2294178,-0.2340191,-0.2386894,1
4.728675,5.519716,-9.42791,0.03178027,-0.07905926,0.0009317317,222.8589,359.7274,-352.031,358.5017,-366.0606,-0.005952791,-0.02111854,0.0002075021,-0.2350043,-0.2299764,-0.2342036,-0.2391417,1
4.622143,5.419876,-9.59453,0.03207632,-0.07918847,9.872752e-05,223.1544,359.9759,-352.6413,358.663,-366.5089,-0.00553769,-0.02183164,0.0002019505,-0.2351666,-0.2303751,-0.234309,-0.2394345,1
4.523464,5.327376,-9.740402,0.0325556,-0.07899074,-0.0006343572,223.4503,360.0855,-352.9262,358.7043,-366.6334,-0.005116141,-0.02254132,0.0001902412,-0.2352383,-0.2305612,-0.2343359,-0.2395159,1
4.414853,5.225832,-9.890346,0.03302195,-0.0787,-0.00136732,223.7467,359.9294,-353.0275,358.4805,-366.5786,-0.004687382,-0.02324564,0.0001729451,-0.2351363,-0.2306273,-0.2341897,-0.23948,1
4.503468,5.306694,-9.773681,0.03491353,-0.07675989,-0.0005737724,224.0437,359.0663,-353.3416,357.6744,-366.7194,-0.00426295,-0.02395685,0.0001347273,-0.2345724,-0.2308325,-0.2336631,-0.239572,1
4.624719,5.417781,-9.601913,0.03773539,-0.07406831,0.000716505,224.3411,359.5699,-351.3667,358.3277,-364.5607,-0.003777086,-0.02460445,0.0001393781,-0.2349015,-0.2295424,-0.2340899,-0.2381618,1
4.736727,5.521163,-9.429859,0.03778366,-0.07299905,0.001434839,224.6391,358.5482,-351.6961,357.2565,-364.7827,-0.003303372,-0.0252567,0.0001372421,-0.2342339,-0.2297576,-0.2333901,-0.2383068,1
4.574421,5.370805,-9.651098,0.03702519,-0.07366712,0.0001986412,224.9376,359.0306,-351.7973,357.5851,-364.7428,-0.002835263,-0.02591211,0.0001392147,-0.2345491,-0.2298237,-0.2336048,-0.2382808,1
4.908944,5.679461,-9.228405,0.040359,-0.07005911,0.002579561,225.2366,359.3214,-351.8077,358.0928,-364.5504,-0.002340317,-0.02653833,0.000138287,-0.234739,-0.2298305,-0.2339365,-0.2381551,1
4.88587,5.658061,-9.269481,0.04014344,-0.06970403,0.002354109,225.5361,359.3687,-352.2214,358.0614,-364.8322,-0.001846386,-0.02716156,0.0001471661,-0.23477,-0.2301008,-0.2339159,-0.2383392,1
4.762848,5.544245,-9.450669,0.0395932,-0.06987986,0.001263684,225.8361,360.1063,-352.577,358.686,-365.0455,-0.001350201,-0.0277774,0.0001567015,-0.2352519,-0.2303331,-0.2343239,-0.2384786,1
4.727623,5.511581,-9.524062,0.0397981,-0.06922536,0.0008081461,226.1366,360.4182,-353.4328,358.9532,-365.7453,-0.0008537927,-0.02838869,0.0001552594,-0.2354556,-0.2308922,-0.2344985,-0.2389357,1
1.346525,3.468549,-11.27876,0.04015106,-0.06840625,0.0003909988,226.4376,360.8518,-353.8047,359.3563,-365.9611,-0.0003485758,-0.02898612,0.0001571395,-0.2357389,-0.2311351,-0.2347619,-0.2390767,0.3332222
4.64097,5.431552,-9.662039,0.04033501,-0.06753036,-1.198431e-05,226.7391,359.0153,-352.8402,357.4586,-364.8932,0.0001459699,-0.02958935,0.0001419369,-0.2345391,-0.230505,-0.2335222,-0.2383791,1
5.124414,5.878427,-8.926739,0.04523292,-0.06212638,0.003649201,227.0411,356.7761,-349.7588,355.6087,-361.6858,0.0006798251,-0.03014784,0.0001382492,-0.2330763,-0.228492,-0.2323136,-0.2362837,1
4.460282,5.265436,-9.740539,0.04088927,-0.06690902,-0.001299739,227.3436,356.4947,-349.6361,354.8838,-361.4856,0.001199995,-0.03072141,0.0001454422,-0.2328924,-0.2284118,-0.23184,-0.2361529,1
4.819693,5.597962,-9.290808,0.04479188,-0.06329832,0.001178161,227.6467,356.5606,-350.8377,355.2056,-362.4298,0.001729877,-0.03128928,0.0001191476,-0.2329355,-0.2291968,-0.2320503,-0.2367697,1
4.697692,5.485847,-9.476226,0.04506619,-0.06311768,0.0005037929,227.9502,357.3557,-350.6062,355.9556,-362.0297,0.002282956,-0.03183569,0.0001219258,-0.2334549,-0.2290456,-0.2325403,-0.2365084,1
4.827402,5.606642,-9.320013,0.04612007,-0.06119318,0.001342615,228.2542,357.4643,-351.3084,356.123,-362.5794,0.002836314,-0.03237509,0.0001113529,-0.2335259,-0.2295043,-0.2326496,-0.2368675,1
5.071269,5.832945,-9.026935,0.0482492,-0.05819784,0.003184798,228.5587,358.1668,-351.5453,356.9858,-362.6434,0.003408901,-0.03288698,0.0001157935,-0.2339848,-0.2296591,-0.2332133,-0.2369093,1
4.974171,5.744461,-9.178183,0.04720614,-0.05821713,0.002327679,228.8637,358.6473,-352.3784,357.3563,-363.36,0.003969253,-0.03340238,0.0001182521,-0.2342987,-0.2302033,-0.2334553,-0.2373775,1
4.82345,5.606258,-9.410628,0.0466204,-0.05814581,0.001090322,229.1693,359.7511,-352.9402,358.3819,-363.7797,0.004540068,-0.0338981,0.0001246813,-0.2350198,-0.2305703,-0.2341253,-0.2376516,1
4.910668,5.688101,-9.332039,0.04728942,-0.05636589,0.001563064,229.4753,360.1742,-354.1387,358.854,-364.8275,0.005110553,-0.03438394,0.0001228127,-0.2352962,-0.2313533,-0.2344337,-0.2383361,1
4.899406,5.678994,-9.38523,0.04742019,-0.05518806,0.001404309,229.7818,361.0103,-354.9214,359.6905,-365.4648,0.00567987,-0.03486122,0.0001233355,-0.2358424,-0.2318647,-0.2349802,-0.2387524,1
4.845372,5.630432,-9.489807,0.04740543,-0.05412536,0.0008980149,230.0888,361.6917,-355.644,360.3621,-366.0452,0.006251316,-0.03532586,0.0001181665,-0.2362876,-0.2323367,-0.2354189,-0.2391316,1
4.646099,5.447786,-9.779372,0.04637233,-0.05407695,-0.0006132897,230.3964,361.8902,-356.6511,360.4591,-366.9273,0.006813228,-0.03578964,0.0001015729,-0.2364172,-0.2329946,-0.2354823,-0.2397079,1
4.754013,5.549,-9.66151,0.04809807,-0.05119478,0.0002825768,230.7045,362.1941,-356.953,360.9064,-367.0622,0.007387605,-0.03622959,8.219634e-05,-0.2366157,-0.2331919,-0.2357746,-0.239796,1
4.967959,5.74854,-9.390545,0.05004889,-0.04767784,0.002004306,231.013,362.2853,-356.8301,361.1815,-366.7883,0.007976999,-0.03664054,7.148269e-05,-0.2366754,-0.2331116,-0.2359543,-0.2396171,1
4.947911,5.732179,-9.42045,0.04973416,-0.04632506,0.001900182,231.3221,362.7247,-356.6302,361.6195,-366.4774,0.008576143,-0.03702435,7.806942e-05,-0.2369624,-0.232981,-0.2362404,-0.239414,1
4.969621,5.754568,-9.406712,0.04930494,-0.04496148,0.001899331,231.6318,362.8491,-357.5468,361.7373,-367.2779,0.009161391,-0.03740493,7.386055e-05,-0.2370437,-0.2335797,-0.2363174,-0.2399369,1
4.698999,5.506707,-9.788887,0.0476137,-0.0454349,-0.0001367082,231.9419,363.5089,-358.1462,362.2603,-367.7624,0.009739045,-0.0377797,6.862939e-05,-0.2374747,-0.2339714,-0.236659,-0.2402534,1
4.572375,5.391926,-9.976948,0.04732327,-0.0444195,-0.001097066,232.2526,363.7682,-358.7204,362.5093,-368.2047,0.01031916,-0.03813808,5.272804e-05,-0.2376441,-0.2343464,-0.2368217,-0.2405424,1
5.046358,5.832333,-9.371689,0.05114316,-0.03869356,0.002515825,232.5638,363.5983,-359.0527,362.7126,-368.3597,0.01091317,-0.0384665,3.41468e-05,-0.2375331,-0.2345635,-0.2369545,-0.2406437,1
4.710948,5.525199,-9.813554,0.04864717,-0.03954356,0.0001886361,232.8755,363.8374,-358.8364,362.7673,-368.0717,0.01149659,-0.03878966,2.945939e-05,-0.2376893,-0.2344222,-0.2369902,-0.2404555,1
4.957476,5.755767,-9.494679,0.05080946,-0.03554345,0.001996147,233.1877,363.9465,-358.864,363.1117,-367.9499,0.0120981,-0.03907533,1.728046e-05,-0.2377606,-0.2344402,-0.2372152,-0.2403759,1
5.05553,5.849528,-9.37121,0.0510554,-0.03323103,0.002808566,233.5005,363.7926,-359.1447,363.0394,-368.1251,0.01269642,-0.03934538,1.577104e-05,-0.23766,-0.2346236,-0.237168,-0.2404904,1
4.875749,5.686604,-9.615916,0.0495279,-0.03299648,0.0014401,233.8138,364.1994,-359.3841,363.3629,-368.2751,0.01328181,-0.03961053,1.175734e-05,-0.2379258,-0.23478,-0.2373793,-0.2405884,1
4.897637,5.709981,-9.6015,0.05006294,-0.03080617,0.001591882,234.1276,364.301,-359.7653,363.5602,-368.5305,0.01387153,-0.03985444,-2.157289e-06,-0.2379922,-0.235029,-0.2375083,-0.2407553,1
4.684585,5.516486,-9.886757,0.04872498,-0.03048627,0.0001335669,234.442,364.4792,-359.7577,363.6773,-368.4371,0.01446591,-0.04007559,-3.498716e-06,-0.2381085,-0.2350241,-0.2375847,-0.2406942,1
4.787643,5.61528,-9.756979,0.04932138,-0.02786284,0.0008661303,234.7569,364.3622,-360.1896,363.6821,-368.7599,0.01505454,-0.04028301,-1.550292e-05,-0.2380321,-0.2353063,-0.2375879,-0.2409051,1
4.622439,5.466268,-9.981106,0.04833402,-0.02717264,-0.0002518128,235.0723,364.4919,-360.2336,363.7849,-368.7153,0.01563828,-0.04047846,-2.569411e-05,-0.2381168,-0.235335,-0.237655,-0.240876,1
5.110082,5.920619,-9.344434,0.05212826,-0.02125238,0.003438945,235.3882,364.4532,-359.997,364.1621,-368.3284,0.01624698,-0.04062875,-3.281471e-05,-0.2380916,-0.2351804,-0.2379014,-0.2406232,1
5.090214,5.906506,-9.366873,0.05106859,-0.02003424,0.003357814,235.7047,364.4687,-359.9401,364.1823,-368.213,0.01684793,-0.04076576,-2.151255e-05,-0.2381017,-0.2351433,-0.2379146,-0.2405478,1
5.027441,5.852698,-9.458019,0.05004437,-0.01905547,0.002736797,236.0217,365.1952,-360.0893,364.9137,-368.2855,0.01744827,-0.04088132,-6.596213e-06,-0.2385764,-0.2352408,-0.2383924,-0.2405952,1
4.730443,5.582517,-9.868511,0.04729246,-0.01999607,0.0003423703,236.3392,365.1611,-361.4724,364.7226,-369.6125,0.01801734,-0.04101039,-1.381783e-05,-0.2385541,-0.2361442,-0.2382676,-0.2414621,1
4.616205,5.48093,-10.0438,0.04731151,-0.01859896,-0.0004435962,236.6573,365.5186,-361.9395,365.1482,-369.9685,0.01858674,-0.04112426,-3.099213e-05,-0.2387876,-0.2364495,-0.2385457,-0.2416947,1
5.176555,6.002952,-9.315342,0.05190418,-0.01188043,0.00388547,236.9758,365.1447,-361.7628,365.2744,-369.6433,0.0191782,-0.04119835,-4.933774e-05,-0.2385434,-0.236334,-0.2386281,-0.2414822,1
4.97102,5.817788,-9.56968,0.0499629,-0.0117256,0.002586703,237.295,365.6039,-360.6199,365.6774,-368.4722,0.01978361,-0.04123619,-2.519092e-05,-0.2388434,-0.2355874,-0.2388913,-0.2407172,1
4.733074,5.602899,-9.876109,0.0469621,-0.01245497,0.0005455537,237.6146,365.1925,-361.7868,365.119,-369.6181,0.02035101,-0.04128902,-3.109303e-05,-0.2385746,-0.2363497,-0.2385266,-0.2414657,1
4.738912,5.612866,-9.890515,0.04755334,-0.01038335,0.000657738,237.9348,365.5304,-362.1701,365.596,-369.8941,0.02091954,-0.04132463,-4.207468e-05,-0.2387953,-0.2366001,-0.2388382,-0.2416461,1
4.896151,5.762972,-9.687444,0.04897603,-0.007108578,0.0019588,238.2556,365.5256,-361.8391,365.8239,-369.4713,0.02150261,-0.04132828,-4.561355e-05,-0.2387922,-0.2363839,-0.2389871,-0.2413698,1
4.819092,5.696938,-9.779803,0.04789997,-0.006109015,0.00145222,238.5768,365.5965,-361.5522,365.926,-369.1459,0.02208805,-0.04130822,-3.441004e-05,-0.2388385,-0.2361965,-0.2390538,-0.2411573,1
4.941107,5.814973,-9.621853,0.04796353,-0.00383929,0.002245621,238.8986,365.334,-362.2545,365.7977,-369.7873,0.0226548,-0.04128628,-3.877532e-05,-0.238667,-0.2366552,-0.23897,-0.2415763,1
5.000535,5.875066,-9.554941,0.04842417,-0.00164753,0.002762301,239.2209,365.8636,-362.0067,366.4866,-369.4626,0.02323089,-0.04123722,-3.034565e-05,-0.239013,-0.2364934,-0.23942,-0.2413642,1
4.935457,5.820372,-9.641586,0.04733159,-0.0007548844,0.002214304,239.5438,365.9799,-362.181,366.6425,-369.5999,0.02380438,-0.0411707,-1.881851e-05,-0.239089,-0.2366072,-0.2395218,-0.2414539,1
4.893421,5.787019,-9.706783,0.04635562,0.0002193566,0.001802051,239.8672,366.1036,-362.8473,366.8156,-370.2221,0.02436384,-0.04109859,-1.315771e-05,-0.2391698,-0.2370425,-0.2396349,-0.2418603,1
5.237633,6.110516,-9.27296,0.04858955,0.004443635,0.004313957,240.1912,366.6427,-362.9008,367.6933,-370.1822,0.02493641,-0.04099417,-4.568751e-07,-0.239522,-0.2370774,-0.2402083,-0.2418343,1
4.740417,5.656802,-9.932934,0.04401543,0.001657844,0.0005321968,240.5157,367.1515,-363.2359,367.9439,-370.5388,0.02548967,-0.04089003,2.236656e-05,-0.2398543,-0.2372964,-0.240372,-0.2420672,1
4.860165,5.772978,-9.797388,0.04448009,0.004015827,0.001181239,240.8407,366.996,-364.6956,367.967,-371.9281,0.02602145,-0.04078896,8.00152e-06,-0.2397528,-0.23825,-0.2403871,-0.2429748,1
4.857393,5.775865,-9.819877,0.0449695,0.005973141,0.001370615,241.1662,367.3179,-364.5677,368.4577,-371.732,0.02656001,-0.04066712,4.500145e-06,-0.239963,-0.2381664,-0.2407077,-0.2428467,1
4.518254,5.468224,-10.2547,0.04249604,0.005138324,-0.001045522,241.4923,367.225,-364.2891,368.2848,-371.4525,0.02709422,-0.040532,1.960219e-06,-0.2399023,-0.2379844,-0.2405947,-0.2426641,1
4.935628,5.859723,-9.699574,0.04535403,0.01011314,0.002125886,241.819,366.603,-364.4253,368.0679,-371.5111,0.02763476,-0.04037045,-1.042501e-05,-0.239496,-0.2380734,-0.240453,-0.2427024,1
4.645113,5.597377,-10.06692,0.04276837,0.009234881,0.0001978787,242.1462,366.6631,-363.7627,368.0492,-370.8596,0.0281667,-0.04020027,-3.122243e-07,-0.2395353,-0.2376405,-0.2404408,-0.2422768,1
5.035766,5.964442,-9.544029,0.04515857,0.01368563,0.003036901,242.4739,366.4722,-363.6187,368.2324,-370.6501,0.02870812,-0.0400001,4.181227e-07,-0.2394105,-0.2375464,-0.2405605,-0.2421399,1
5.050827,5.984705,-9.518615,0.04423822,0.01471802,0.003226608,242.8022,366.4714,-363.4818,368.3212,-370.5061,0.0292448,-0.03978616,2.109811e-05,-0.23941,-0.237457,-0.2406185,-0.2420458,1
4.384359,5.375185,-10.39093,0.0385175,0.0103846,-0.001860766,243.131,366.7784,-363.9839,368.2764,-371.0593,0.02974643,-0.03959045,3.191238e-05,-0.2396106,-0.237785,-0.2405892,-0.2424073,1
4.793852,5.759513,-9.870095,0.0418419,0.0152058,0.001110274,243.4604,366.5292,-364.6946,368.4677,-371.6713,0.03025458,-0.03937317,1.529553e-05,-0.2394478,-0.2382493,-0.2407142,-0.2428071,1
4.683355,5.66366,-10.01108,0.04093784,0.01576353,0.0005817374,243.7903,366.429,-364.1462,368.4433,-371.1168,0.03076288,-0.03914293,2.154307e-05,-0.2393823,-0.237891,-0.2406982,-0.2424448,1
4.908765,5.878317,-9.698977,0.04210512,0.0187943,0.002267597,244.1208,366.1707,-363.8011,368.4601,-370.7435,0.03127376,-0.03889211,2.239827e-05,-0.2392136,-0.2376656,-0.2407092,-0.242201,1
4.846405,5.827224,-9.768261,0.04092232,0.01926679,0.001901974,244.4518,365.8929,-363.6509,368.2492,-370.6014,0.03177623,-0.0386335,3.113954e-05,-0.2390321,-0.2375675,-0.2405715,-0.2421081,1
4.738339,5.733864,-9.90073,0.03959741,0.01939743,0.00110511,244.7833,366.0132,-363.4534,368.4217,-370.4077,0.03227487,-0.03836245,4.405962e-05,-0.2391107,-0.2374384,-0.2406842,-0.2419816,1
4.947117,5.933311,-9.625164,0.0404022,0.02184772,0.002603513,245.1154,365.9292,-363.5873,368.5873,-370.5169,0.03277284,-0.038076,5.552989e-05,-0.2390558,-0.237526,-0.2407923,-0.242053,1
4.838924,5.83994,-9.76738,0.03872901,0.02163468,0.001781011,245.448,366.094,-363.6943,368.7817,-370.6385,0.03325748,-0.03778867,7.294717e-05,-0.2391635,-0.2375958,-0.2409193,-0.2421324,1
5.065002,6.055332,-9.476617,0.03974852,0.0241776,0.003353518,245.7811,366.3647,-363.8208,369.3245,-370.7363,0.03374604,-0.03748214,8.896244e-05,-0.2393404,-0.2376785,-0.241274,-0.2421962,1
4.835506,5.849884,-9.782458,0.03704061,0.02285282,0.00158164,246.1148,366.7006,-364.0672,369.6066,-371.0172,0.03422205,-0.03717383,0.000115394,-0.2395598,-0.2378394,-0.2414582,-0.2423798,1
5.206152,6.198853,-9.311131,0.03878991,0.026272,0.004114174,246.4491,366.9743,-364.7138,370.2278,-371.6268,0.03469511,-0.03685259,0.0001312731,-0.2397386,-0.2382618,-0.2418641,-0.242778,1
4.728101,5.763636,-9.952698,0.03437096,0.02295957,0.0005021445,246.7839,367.4747,-365.1975,370.5165,-372.1668,0.03514129,-0.03654688,0.0001523464,-0.2400655,-0.2385779,-0.2420526,-0.2431308,1
4.678302,5.723822,-10.033,0.03390571,0.02355791,-2.165913e-05,247.1192,367.7391,-365.8278,370.9115,-372.7836,0.03558345,-0.03623223,0.0001537203,-0.2402382,-0.2389896,-0.2423107,-0.2435337,1
4.533536,5.596334,-10.23001,0.0325979,0.02335778,-0.001006209,247.4551,367.333,-366.3918,370.5599,-373.3608,0.0360074,-0.03592569,0.0001458792,-0.2399729,-0.2393581,-0.242081,-0.2439108,1
4.921307,5.960831,-9.7167,0.03559172,0.0276626,0.002053281,247.7915,367.1157,-365.8925,370.7814,-372.8165,0.03644272,-0.03559644,0.0001365696,-0.239831,-0.2390319,-0.2422257,-0.2435552,1
4.923646,5.969489,-9.688896,0.03499027,0.02847209,0.002299336,248.1285,366.996,-364.7591,370.8011,-371.7148,0.03688968,-0.03524199,0.0001547126,-0.2397528,-0.2382914,-0.2422386,-0.2428355,1
4.761202,5.826051,-9.878415,0.032309,0.02732519,0.001009566,248.466,366.6117,-364.9158,370.3805,-371.9333,0.03731428,-0.0348935,0.0001685502,-0.2395017,-0.2383938,-0.2419638,-0.2429782,1
5.059952,6.108518,-9.489023,0.03365977,0.02998712,0.003172294,248.8041,366.7502,-365.038,370.8296,-372.0359,0.03773765,-0.03453301,0.0001814097,-0.2395922,-0.2384736,-0.2422572,-0.2430452,1
4.886409,5.954614,-9.71706,0.03134909,0.02876744,0.001859727,249.1427,366.8964,-365.1215,370.9604,-372.1626,0.0381429,-0.03418063,0.0001982024,-0.2396877,-0.2385282,-0.2423427,-0.243128,1
4.856062,5.932808,-9.759189,0.03054556,0.02895328,0.001549201,249.4819,366.9294,-365.4611,371.1056,-372.516,0.03853875,-0.03382678,0.0002033405,-0.2397092,-0.23875,-0.2424375,-0.2433589,1
4.49623,5.60649,-10.23011,0.02750853,0.02663479,-0.001057375,249.8216,366.896,-365.6037,370.9793,-372.7089,0.03892022,-0.0334785,0.0002092878,-0.2396874,-0.2388432,-0.242355,-0.2434849,1
4.972528,6.052662,-9.602527,0.03063264,0.03097941,0.002502215,250.1619,366.8574,-365.3156,371.4089,-372.386,0.03931889,-0.03310104,0.0002163589,-0.2396622,-0.2386549,-0.2426357,-0.2432739,1
4.717939,5.823774,-9.924448,0.02735136,0.02887246,0.000663225,250.5027,366.7629,-365.1772,371.2237,-372.3267,0.03969458,-0.03273624,0.0002362983,-0.2396005,-0.2385646,-0.2425147,-0.2432352,1
4.701918,5.815017,-9.943147,0.02649227,0.02894489,0.0004199204,250.844,366.5237,-365.7417,371.0902,-372.9129,0.04004726,-0.03238441,0.0002292541,-0.2394442,-0.2389334,-0.2424275,-0.2436182,1
4.732318,5.848952,-9.901324,0.02673417,0.02980269,0.0008373067,251.1859,366.6784,-365.1251,371.4425,-372.3018,0.04041598,-0.03200925,0.0002396114,-0.2395453,-0.2385305,-0.2426576,-0.243219,1
4.69617,5.821635,-9.930615,0.02523361,0.02945193,0.0005679186,251.5284,366.1718,-365.1688,371.0005,-372.4017,0.04076659,-0.03164171,0.0002468252,-0.2392143,-0.2385591,-0.2423689,-0.2432843,1
4.825289,5.946827,-9.754923,0.0254212,0.03054543,0.001550808,251.8714,366.1973,-364.9774,371.2299,-372.2266,0.04111189,-0.03127033,0.0002541017,-0.239231,-0.238434,-0.2425187,-0.2431698,1
4.705128,5.841645,-9.903026,0.02369536,0.02957121,0.0006919336,252.215,366.2311,-364.6742,371.2992,-371.9735,0.04145206,-0.030896,0.0002692992,-0.2392531,-0.238236,-0.242564,-0.2430045,1
4.832724,5.965324,-9.729099,0.02350985,0.03035031,0.00156812,252.5591,365.8925,-365.0283,371.1367,-372.3558,0.04177782,-0.03052689,0.0002741328,-0.2390319,-0.2384673,-0.2424579,-0.2432543,1
4.721036,5.86774,-9.87339,0.02194251,0.02937383,0.0007948375,252.9037,366.2954,-364.6292,371.586,-372.0008,0.04210173,-0.03015276,0.0002944958,-0.2392951,-0.2382066,-0.2427514,-0.2430223,1
4.717064,5.869644,-9.874551,0.02071776,0.02898267,0.0006306942,253.2489,366.0024,-365.1285,371.3748,-372.5453,0.04240426,-0.02979192,0.0002981314,-0.2391037,-0.2385328,-0.2426134,-0.243378,1
4.836425,5.985259,-9.720817,0.02098738,0.02984691,0.001568727,253.5946,366.1561,-365.0148,371.7337,-372.4467,0.04270715,-0.02942483,0.0003075356,-0.239204,-0.2384585,-0.2428479,-0.2433136,1
4.540345,5.717,-10.10127,0.01782574,0.02721728,-0.000630517,253.9409,366.1693,-364.9577,371.6505,-372.4668,0.04299286,-0.02906885,0.0003193213,-0.2392127,-0.2384212,-0.2427935,-0.2433268,1
4.870896,6.027534,-9.666461,0.01943659,0.02960381,0.00176362,254.2878,366.0092,-365.13,371.8192,-372.6399,0.04327843,-0.02870528,0.0003217054,-0.2391081,-0.2385337,-0.2429037,-0.2434398,1
4.689319,5.864872,-9.899395,0.01697843,0.02770067,0.0004900423,254.6351,366.1871,-364.8342,371.9655,-372.4142,0.04355257,-0.02834805,0.0003407963,-0.2392243,-0.2383405,-0.2429992,-0.2432924,1
4.589567,5.777615,-10.02619,0.01515198,0.0264268,-0.0003876934,254.983,366.0945,-365.2326,371.8921,-372.8667,0.04380548,-0.02800531,0.0003428479,-0.2391638,-0.2386008,-0.2429513,-0.243588,1
4.201407,5.423591,-10.5355,0.01189347,0.02320446,-0.003203211,255.3315,366.0102,-365.4489,371.679,-373.1489,0.04403908,-0.02767936,0.0003387343,-0.2391088,-0.2387421,-0.2428121,-0.2437724,1
4.722475,5.909489,-9.846379,0.01545991,0.02733638,0.0007665535,255.6805,365.3601,-365.3876,371.512,-373.061,0.04427771,-0.02734446,0.0003195547,-0.2386841,-0.2387021,-0.242703,-0.2437149,1
4.569917,5.773075,-10.02178,0.0135981,0.0258551,-4.938291e-05,256.0301,365.1237,-364.2639,371.2818,-372.0107,0.04451231,-0.0270116,0.0003257075,-0.2385296,-0.2379679,-0.2425526,-0.2430288,1
4.923301,6.104069,-9.530348,0.01502142,0.02807148,0.002569997,256.3802,364.6931,-363.6977,371.1628,-371.4696,0.04475165,-0.02666602,0.0003296079,-0.2382483,-0.2375981,-0.2424749,-0.2426753,1
4.62599,5.833845,-9.901755,0.0112001,0.02465782,0.0004155365,256.7309,364.7346,-363.3328,371.0484,-371.2051,0.04497444,-0.02633204,0.0003545923,-0.2382754,-0.2373597,-0.2424001,-0.2425025,1
4.568173,5.784591,-9.975419,0.009361997,0.02314625,-0.0002362268,257.0821,364.799,-363.861,371.1229,-371.7866,0.04517317,-0.02601681,0.0003613493,-0.2383175,-0.2377047,-0.2424489,-0.2428824,1
4.530932,5.754012,-10.03421,0.00833991,0.02212843,-0.0005322396,257.4338,364.5669,-364.479,370.9526,-372.4374,0.04534751,-0.02572656,0.0003505403,-0.2381659,-0.2381085,-0.2423376,-0.2433076,1
4.715592,5.928156,-9.789415,0.009560825,0.02334462,0.00100853,257.7862,364.6294,-363.8207,371.2747,-371.7863,0.04553509,-0.02542355,0.0003484135,-0.2382067,-0.2376784,-0.242548,-0.2428822,1
4.780087,5.991407,-9.683979,0.008730239,0.02298873,0.001569449,258.139,364.3232,-363.2817,371.0704,-371.3107,0.04572089,-0.02511866,0.0003597144,-0.2380067,-0.2373263,-0.2424145,-0.2425715,1
4.583142,5.812973,-9.928946,0.005653912,0.02021544,3.59994e-05,258.4924,364.343,-363.3073,370.9879,-371.4232,0.04588342,-0.02483273,0.0003721794,-0.2380196,-0.237343,-0.2423606,-0.242645,1
4.796668,6.013458,-9.6532,0.00608118,0.02084525,0.001506214,258.8463,364.4402,-363.5557,371.2833,-371.6908,0.04603802,-0.02455224,0.0003757956,-0.2380831,-0.2375052,-0.2425536,-0.2428198,1
5.062575,6.262198,-9.309108,0.006682013,0.02176294,0.003465914,259.2007,364.688,-363.4119,371.752,-371.5728,0.04619341,-0.02426976,0.0003924339,-0.238245,-0.2374113,-0.2428598,-0.2427427,1
-0.1356833,6.081932,-9.571,0.00337557,0.01870176,0.001836544,259.5558,365.1589,-363.5876,372.102,-371.8376,0.04632832,-0.02400504,0.0004160843,-0.2385526,-0.2375261,-0.2430885,-0.2429157,0
-0.4160079,5.825433,-9.953817,-0.0001002768,0.01515657,-0.0005023812,259.9113,365.3049,-364.6092,372.14,-372.9798,0.04642843,-0.02377354,0.0004167207,-0.238648,-0.2381935,-0.2431132,-0.2436619,0
-0.5171624,5.734008,-10.10247,-0.001204899,0.01341472,-0.001265111,260.2674,365.1114,-365.0717,372.1107,-373.6024,0.04650996,-0.02356502,0.0003983811,-0.2385216,-0.2384956,-0.2430941,-0.2440686,0
-0.1711783,6.055594,-9.642446,0.001114955,0.01451816,0.001496092,260.6241,364.8549,-364.1997,372.3009,-372.825,0.04660923,-0.0233496,0.0003888757,-0.238354,-0.237926,-0.2432184,-0.2435608,0
-0.1557382,6.071933,-9.593651,-0.0003981778,0.01130959,0.001720855,260.9812,364.3856,-363.4105,371.9047,-372.1549,0.04670003,-0.02315936,0.0003945417,-0.2380475,-0.2374104,-0.2429595,-0.243123,0
-0.341546,5.901953,-9.818352,-0.00348562,0.005826454,0.0002599119,261.339,364.2536,-363.2864,371.6607,-372.1194,0.04676696,-0.0230142,0.0003960832,-0.2379612,-0.2373294,-0.2428001,-0.2430998,0
-0.3099131,5.932283,-9.774404,-0.004494969,0.00207937,0.000425996,261.6972,364.0281,-363.5324,371.4716,-372.3857,0.04681589,-0.02291313,0.000384023,-0.2378139,-0.2374901,-0.2426766,-0.2432738,0
-0.364689,5.882221,-9.842178,-0.00589295,-0.002163836,9.149589e-05,262.0561,363.95,-363.2857,371.3764,-372.154,0.04685408,-0.02285126,0.0003734841,-0.2377629,-0.2373289,-0.2426144,-0.2431224,0
-0.3791653,5.868908,-9.850074,-0.00716882,-0.006031954,1.585069e-05,262.4154,363.6939,-363.0406,371.1084,-371.9199,0.04688087,-0.02282662,0.0003590327,-0.2375956,-0.2371687,-0.2424393,-0.2429695,0
-0.1610716,6.070026,-9.553719,-0.006932633,-0.008051049,0.001687896,262.7753,363.6553,-362.5076,371.1945,-371.3727,0.04691114,-0.02282144,0.0003553809,-0.2375704,-0.2368206,-0.2424956,-0.242612,0
-0.3187286,5.923626,-9.750902,-0.0102364,-0.01340972,0.0004447642,263.1358,363.7078,-362.4355,371.0593,-371.3399,0.0469176,-0.02286086,0.0003581752,-0.2376046,-0.2367735,-0.2424072,-0.2425906,0
-0.3585086,5.885468,-9.810054,-0.01226651,-0.01753991,-3.407968e-05,263.4967,363.8338,-362.9738,371.0919,-371.8759,0.04689767,-0.02294662,0.0003447414,-0.237687,-0.2371251,-0.2424285,-0.2429407,0
-0.244265,5.988994,-9.6735,-0.01268298,-0.02000641,0.0007939198,263.8583,363.7499,-363.3708,371.0423,-372.2404,0.04685994,-0.0230719,0.0003198649,-0.2376321,-0.2373845,-0.2423962,-0.2431789,0
-0.3674446,5.872624,-9.835586,-0.01466148,-0.02399907,-1.333168e-05,264.2203,364.0159,-362.8629,371.2004,-371.7286,0.04681832,-0.02322101,0.0003068775,-0.2378059,-0.2370526,-0.2424994,-0.2428445,0
-0.3444114,5.891003,-9.799411,-0.01622954,-0.02704776,0.0001097791,264.5829,363.6142,-363.0982,370.7329,-371.9608,0.04675492,-0.02340694,0.0002817172,-0.2375435,-0.2372064,-0.2421941,-0.2429962,0
-0.1141514,6.100349,-9.498956,-0.01602043,-0.02825595,0.00189479,264.9461,363.7845,-362.7128,370.9886,-371.5366,0.04668994,-0.0236093,0.0002671751,-0.2376547,-0.2369547,-0.2423611,-0.2427191,0
-0.3729333,5.857508,-9.834346,-0.01999392,-0.0335778,-6.477641e-05,265.3098,363.8192,-362.7157,370.7363,-371.5682,0.04659573,-0.02385451,0.0002533728,-0.2376775,-0.2369565,-0.2421962,-0.2427397,0
-0.2381614,5.977664,-9.665396,-0.02056242,-0.03542449,0.0008528284,265.674,364.1301,-362.7694,371.0532,-371.5826,0.04649738,-0.0241149,0.0002378216,-0.2378805,-0.2369916,-0.2424032,-0.2427492,0
-0.08510436,6.114421,-9.475101,-0.02169456,-0.03743616,0.001925142,266.0388,364.0443,-363.2291,370.9283,-372.0213,0.04637405,-0.02441142,0.0002200708,-0.2378245,-0.2372919,-0.2423217,-0.2430357,0
-0.2942069,5.915953,-9.762262,-0.02498854,-0.04194092,0.0003292697,266.4041,364.578,-363.307,371.2116,-372.0973,0.04622563,-0.02474465,0.0002024068,-0.2381731,-0.2373428,-0.2425068,-0.2430854,0
-0.3008845,5.903965,-9.783648,-0.02651949,-0.04453704,0.0002126374,266.77,364.6146,-363.6793,371.1467,-372.4383,0.04606187,-0.02510286,0.0001721426,-0.238197,-0.2375861,-0.2424644,-0.2433081,0
-0.3073929,5.89174,-9.800532,-0.02818976,-0.04708816,0.0002438994,267.1364,364.6991,-363.6807,371.1166,-372.4159,0.04588566,-0.02548246,0.0001489477,-0.2382523,-0.2375869,-0.2424447,-0.2432935,0
-0.3485866,5.847093,-9.858959,-0.03040634,-0.04998967,-6.953198e-05,267.5034,364.5577,-363.9325,370.8064,-372.6538,0.04567825,-0.02590092,0.0001139452,-0.2381599,-0.2377515,-0.2422421,-0.2434489,0
-0.8913772,5.338376,-10.57277,-0.0354439,-0.05630148,-0.003962107,267.8708,364.2361,-364.1527,370.0303,-372.887,0.0454304,-0.02637075,5.917298e-05,-0.2379498,-0.2378953,-0.241735,-0.2436012,0
-0.331448,5.84798,-9.831334,-0.03158573,-0.05322893,0.0005182668,268.2388,363.4352,-363.4768,369.5613,-372.0941,0.04519932,-0.02683214,-5.056648e-06,-0.2374266,-0.2374538,-0.2414287,-0.2430832,0
0.06826203,6.209716,-9.272614,-0.0305415,-0.05224704,0.003959981,268.6074,362.97,-361.5174,369.2142,-370.1005,0.0449843,-0.0272824,-2.134788e-05,-0.2371226,-0.2361737,-0.2412019,-0.2417809,0
-0.08027484,6.064817,-9.43359,-0.03499318,-0.0565774,0.00279432,268.9765,363.0186,-360.7125,368.9069,-369.3406,0.0447414,-0.02775879,-2.101784e-05,-0.2371544,-0.2356478,-0.2410011,-0.2412845,0
-0.3743144,5.784824,-9.826378,-0.03994121,-0.06197799,0.0003401013,269.3462,362.92,-361.8609,368.373,-370.4993,0.04444379,-0.02829189,-4.892143e-05,-0.23709,-0.2363981,-0.2406524,-0.2420414,0
-0.12232,6.008495,-9.52484,-0.03927044,-0.06206485,0.002231807,269.7164,363.4862,-361.9404,368.9779,-370.4853,0.04414733,-0.02883045,-7.505153e-05,-0.2374599,-0.23645,-0.2410475,-0.2420323,0
-0.3674275,5.772673,-9.85439,-0.04319849,-0.06637502,0.0004385565,270.0871,363.6445,-361.9083,368.7802,-370.4592,0.0438256,-0.02939904,-9.298075e-05,-0.2375633,-0.236429,-0.2409184,-0.2420152,0
-0.306118,5.819449,-9.785542,-0.04470208,-0.06807021,0.0008020393,270.4583,363.6544,-362.3525,368.6402,-370.864,0.04347905,-0.02999379,-0.0001273263,-0.2375697,-0.2367193,-0.2408269,-0.2422797,0
-0.3406365,5.777242,-9.843075,-0.04660835,-0.07029378,0.0006516608,270.8301,363.7618,-362.27,368.5502,-370.7477,0.04311641,-0.03060803,-0.0001571483,-0.23764,-0.2366654,-0.2407681,-0.2422037,0
-0.3244854,5.781501,-9.824533,-0.04835986,-0.07212241,0.0008236077,271.2025,363.6825,-362.1479,368.287,-370.5964,0.04273537,-0.03124165,-0.0001891961,-0.2375882,-0.2365856,-0.2405961,-0.2421049,0
-0.1396443,5.941276,-9.58475,-0.04898588,-0.07264195,0.002272035,271.5753,363.7467,-361.7844,368.2678,-370.1882,0.04234688,-0.03188206,-0.0002126848,-0.2376301,-0.2363481,-0.2405837,-0.2418382,0
-0.01263585,6.047366,-9.420904,-0.0506609,-0.07396416,0.003199711,271.9487,363.8474,-361.6549,368.1974,-370.0353,0.0419389,-0.03253961,-0.0002281472,-0.2376958,-0.2362635,-0.2405377,-0.2417383,0
-0.1715634,5.8888,-9.640991,-0.0543877,-0.07754634,0.00191681,272.3227,364.0141,-362.0953,367.9949,-370.4715,0.04149195,-0.03323472,-0.0002518742,-0.2378047,-0.2365512,-0.2404054,-0.2420233,0
-0.1937953,5.855886,-9.689857,-0.05623629,-0.07948169,0.00173129,272.6971,364.5733,-362.0581,368.3353,-370.389,0.04103675,-0.03393694,-0.0002724142,-0.2381701,-0.236527,-0.2406277,-0.2419694,0
-0.207112,5.830965,-9.720883,-0.05871951,-0.08162019,0.001582683,273.0721,364.273,-362.718,367.7632,-371.0286,0.04054524,-0.03467359,-0.0003060927,-0.2379739,-0.236958,-0.240254,-0.2423872,0
-0.3394539,5.695487,-9.908467,-0.06124181,-0.08415008,0.0007048458,273.4477,364.7034,-362.4259,367.8969,-370.7053,0.0400372,-0.03542571,-0.0003349609,-0.2382551,-0.2367672,-0.2403413,-0.242176,0
-0.3272986,5.693232,-9.895695,-0.06300442,-0.08557361,0.0008448085,273.8238,364.3328,-362.4668,367.2981,-370.7155,0.03950776,-0.03619619,-0.0003746346,-0.2380129,-0.2367939,-0.2399502,-0.2421827,0
-0.2550148,5.746201,-9.800081,-0.06428361,-0.08644421,0.001566157,274.2004,364.0142,-362.1614,366.787,-370.3738,0.03896004,-0.03698169,-0.0004119501,-0.2378048,-0.2365944,-0.2396162,-0.2419594,0
-0.2453856,5.740989,-9.779372,-0.06610462,-0.08780277,0.001805756,274.5776,363.8369,-361.4693,366.3652,-369.6576,0.03839679,-0.03777834,-0.0004431455,-0.237689,-0.2361423,-0.2393407,-0.2414915,0
-0.2529565,5.719605,-9.779002,-0.06828182,-0.08940779,0.001855965,274.9553,363.6227,-360.9116,365.8745,-369.0829,0.03781855,-0.03858361,-0.0004682659,-0.2375491,-0.2357779,-0.2390201,-0.2411161,0
-0.366605,5.599901,-9.922422,-0.07147725,-0.09200666,0.001059613,275.3335,363.1898,-360.9539,365.0659,-369.1208,0.03720487,-0.03941845,-0.0005005393,-0.2372662,-0.2358055,-0.2384919,-0.2411409,0
0.03216236,5.953159,-9.402295,-0.07031989,-0.09017706,0.004135631,275.7122,363.2167,-360.3079,365.0959,-368.3985,0.03659079,-0.04024758,-0.0005266868,-0.2372839,-0.2353835,-0.2385114,-0.240669,0
-0.1312394,5.786896,-9.608951,-0.0741564,-0.09321764,0.003003677,276.0916,363.2448,-359.6876,364.693,-367.7953,0.0359548,-0.0410911,-0.0005337034,-0.2373022,-0.2349783,-0.2382482,-0.2402749,0
-0.2681298,5.644664,-9.791686,-0.07778162,-0.09604955,0.001840273,276.4714,363.0925,-360.1749,364.1152,-368.2824,0.03527802,-0.04196654,-0.0005584977,-0.2372027,-0.2352966,-0.2378708,-0.2405932,0
-0.335744,5.565836,-9.896181,-0.07991977,-0.09774705,0.00139804,276.8517,363.2126,-360.1714,363.917,-368.2439,0.03458064,-0.04285727,-0.0005864624,-0.2372812,-0.2352944,-0.2377413,-0.240568,0
-0.2207902,5.65543,-9.748886,-0.08085175,-0.09789093,0.002352369,277.2326,362.9419,-359.8695,363.4374,-367.9051,0.03386795,-0.04375656,-0.0006166852,-0.2371043,-0.2350971,-0.237428,-0.2403467,0
0.02420026,5.864986,-9.422832,-0.08115825,-0.09709657,0.00430892,277.614,362.8789,-359.0524,363.2289,-367.0536,0.03315148,-0.04464946,-0.0006309419,-0.2370631,-0.2345634,-0.2372918,-0.2397904,0
-0.1740889,5.664817,-9.675535,-0.08545813,-0.1002401,0.002815463,277.9959,363.0078,-358.6136,362.8621,-366.6458,0.0324084,-0.04555644,-0.0006312905,-0.2371473,-0.2342767,-0.2370522,-0.2395239,0
-0.07827058,5.735904,-9.561447,-0.08746101,-0.1010308,0.003330691,278.3784,363.0926,-359.0543,362.6442,-367.0677,0.03163536,-0.0464808,-0.000643624,-0.2372028,-0.2345646,-0.2369098,-0.2397996,0
-0.259954,5.550098,-9.820456,-0.0910119,-0.1037044,0.001941072,278.7614,362.9868,-359.6651,362.072,-367.6769,0.03081602,-0.04744427,-0.0006715364,-0.2371337,-0.2349636,-0.236536,-0.2401976,0
0.209253,5.965172,-9.219361,-0.08876877,-0.1004308,0.005546347,279.1448,363.6474,-358.4991,362.7804,-366.4255,0.03002428,-0.04836863,-0.0006776596,-0.2375652,-0.2342019,-0.2369988,-0.2393801,0
-0.0358291,5.720582,-9.533943,-0.09411148,-0.1040385,0.003646017,279.5289,363.2885,-358.6347,361.8263,-366.6299,0.02918848,-0.04932155,-0.0006738356,-0.2373307,-0.2342905,-0.2363755,-0.2395136,0
-0.489402,5.282565,-10.14583,-0.09977605,-0.1087101,7.721729e-05,279.9134,363.7426,-359.248,361.6134,-367.2747,0.0283029,-0.05031123,-0.0006895448,-0.2376274,-0.2346912,-0.2362364,-0.2399348,0
-0.4284758,5.31932,-10.09034,-0.1004538,-0.1084973,0.0005422162,280.2985,363.738,-359.394,361.3631,-367.3725,0.02740671,-0.05130173,-0.0007203195,-0.2376244,-0.2347865,-0.2360729,-0.2399988,0
-0.07730319,5.624292,-9.631026,-0.09969091,-0.1061365,0.003353935,280.6841,363.1126,-358.9579,360.6348,-366.9007,0.0264993,-0.05229103,-0.0007468222,-0.2372158,-0.2345016,-0.2355971,-0.2396905,0
-0.1521559,5.535573,-9.714125,-0.1023984,-0.1072606,0.002985304,281.0701,363.024,-357.8195,360.1347,-365.7883,0.02557348,-0.05328336,-0.00075616,-0.237158,-0.2337579,-0.2352704,-0.2389638,0
0.03244089,5.686362,-9.459082,-0.1034167,-0.1064605,0.004342952,281.4568,362.7865,-357.1702,359.6388,-365.1381,0.02463822,-0.05426618,-0.0007621839,-0.2370028,-0.2333337,-0.2349464,-0.238539,0
0.1237616,5.750803,-9.336463,-0.1056762,-0.106775,0.004988946,281.8439,362.5695,-357.0511,359.0538,-365.0392,0.02367402,-0.05525947,-0.0007606016,-0.236861,-0.233256,-0.2345642,-0.2384745,0
-0.04977772,5.570055,-9.572239,-0.1094331,-0.1089292,0.003590995,282.2316,363.0918,-356.7796,359.0587,-364.7983,0.02268238,-0.05626268,-0.0007533696,-0.2372022,-0.2330786,-0.2345675,-0.238317,0
0.2469036,5.823411,-9.199884,-0.1096741,-0.1072257,0.005606883,282.6198,363.3238,-356.8632,359.0889,-364.8634,0.02168102,-0.05725633,-0.0007483702,-0.2373538,-0.2331332,-0.2345872,-0.2383596,0
-0.007970935,5.566965,-9.550871,-0.11445,-0.1100893,0.00358628,283.0085,363.6077,-357.2003,358.7651,-365.2598,0.02063889,-0.05827203,-0.0007367436,-0.2375392,-0.2333534,-0.2343757,-0.2386186,0
0.0362977,5.586354,-9.51816,-0.1162549,-0.1100423,0.003695833,283.3976,364.0537,-357.5721,358.8495,-365.6343,0.01957148,-0.05929427,-0.0007398695,-0.2378306,-0.2335963,-0.2344308,-0.2388632,0
-0.3050349,5.249201,-9.984533,-0.1206313,-0.1127528,0.001142631,283.7874,364.1285,-357.7711,358.3203,-365.8834,0.01847216,-0.06033138,-0.0007463479,-0.2378795,-0.2337263,-0.2340851,-0.2390259,0
0.303792,5.789759,-9.197562,-0.1178829,-0.1076641,0.005661985,284.1776,364.162,-357.2914,358.3929,-365.3586,0.01738205,-0.0613368,-0.0007500376,-0.2379013,-0.2334129,-0.2341325,-0.2386831,0
-0.1788232,5.322071,-9.826159,-0.1243679,-0.111862,0.002106506,284.5684,364.092,-356.9895,357.5455,-365.1737,0.01624436,-0.06236762,-0.000738523,-0.2378556,-0.2332157,-0.2335789,-0.2385623,0
-0.03318705,5.434266,-9.643413,-0.1251548,-0.1104431,0.003012571,284.9596,364.3831,-356.8281,357.5464,-365.0189,0.01509644,-0.06338447,-0.0007401849,-0.2380458,-0.2331102,-0.2335795,-0.2384612,0
-0.02003983,5.424037,-9.633921,-0.1274547,-0.1103197,0.003116166,285.3514,364.2593,-356.6858,357.004,-364.9256,0.01392837,-0.06439769,-0.0007302458,-0.2379649,-0.2330173,-0.2332252,-0.2384002,0
0.287439,5.685592,-9.238587,-0.1278257,-0.1079084,0.005266963,285.7437,364.2301,-356.6897,356.7278,-364.9542,0.01273317,-0.06541301,-0.0007268211,-0.2379459,-0.2330198,-0.2330447,-0.2384189,0
0.05423659,5.447299,-9.552888,-0.1316931,-0.1094487,0.003510292,286.1365,364.9261,-355.9324,356.8543,-364.2727,0.01152423,-0.06641629,-0.0007024713,-0.2384005,-0.2325251,-0.2331274,-0.2379737,0
0.1194194,5.484595,-9.475746,-0.133974,-0.1088623,0.003719484,286.5298,364.5137,-356.697,356.0186,-365.0988,0.0102777,-0.06743042,-0.0007012268,-0.2381312,-0.2330246,-0.2325814,-0.2385133,0
0.1114999,5.453936,-9.504901,-0.1359096,-0.1083113,0.003672629,286.9236,365.054,-356.3331,356.1463,-364.7832,0.009015908,-0.06843379,-0.0006860977,-0.2384841,-0.2327869,-0.2326649,-0.2383072,0
0.1270241,5.444951,-9.491339,-0.138099,-0.1076376,0.003645706,287.318,365.1882,-356.1022,355.8541,-364.6238,0.007734186,-0.06942893,-0.0006724675,-0.2385717,-0.2326361,-0.2324739,-0.2382031,0
0.2671982,5.551013,-9.316824,-0.1395036,-0.105983,0.004569848,287.7128,365.1049,-356.2089,355.4124,-364.7949,0.00642842,-0.07041887,-0.0006616843,-0.2385174,-0.2327057,-0.2321854,-0.2383148,0
0.1952048,5.460868,-9.4203,-0.1422664,-0.1058214,0.003970565,288.1082,365.3983,-355.9153,355.2178,-364.5888,0.005099282,-0.07140263,-0.0006437344,-0.238709,-0.2325139,-0.2320583,-0.2381802,0
0.4453104,5.668223,-9.101044,-0.1427164,-0.1030283,0.005676464,288.504,365.6091,-355.6459,355.1512,-364.3807,0.003760344,-0.07236407,-0.0006238199,-0.2388467,-0.232338,-0.2320148,-0.2380442,0
0.2256693,5.441533,-9.397095,-0.1470651,-0.104156,0.003898776,288.9004,365.9977,-355.5259,354.9179,-364.3906,0.002392508,-0.0733209,-0.0005906157,-0.2391006,-0.2322596,-0.2318624,-0.2380507,0
0.07898533,5.281917,-9.607476,-0.1505925,-0.1044916,0.00250511,289.2973,366.1764,-356.2026,354.5328,-365.1768,0.000984052,-0.07428704,-0.0005775259,-0.2392173,-0.2327016,-0.2316108,-0.2385643,0
0.2609611,5.425658,-9.392527,-0.1508289,-0.1015973,0.003788686,289.6947,366.5665,-356.0486,354.6394,-365.0844,-0.0004308925,-0.07522831,-0.0005625651,-0.2394722,-0.232601,-0.2316804,-0.238504,0
0.2676672,5.407731,-9.388987,-0.1530961,-0.100311,0.003768278,290.0926,366.6725,-355.7024,354.2963,-364.8599,-0.001864558,-0.07615337,-0.0005379011,-0.2395414,-0.2323748,-0.2314562,-0.2383573,0
0.2026527,5.323478,-9.479756,-0.1560003,-0.09959612,0.003110065,290.491,366.5889,-355.921,353.6997,-365.2108,-0.003334827,-0.07708041,-0.0005245612,-0.2394868,-0.2325176,-0.2310665,-0.2385865,0
0.1763704,5.274772,-9.52347,-0.1577804,-0.09802567,0.002882271,290.8899,366.8732,-355.4804,353.555,-364.8818,-0.004816721,-0.07798429,-0.0005074785,-0.2396725,-0.2322298,-0.230972,-0.2383716,0
0.3867183,5.444934,-9.247005,-0.1583779,-0.09474622,0.004370808,291.2893,366.5925,-355.2316,352.963,-364.75,-0.00631456,-0.07886715,-0.000491596,-0.2394892,-0.2320673,-0.2305852,-0.2382855,0
0.5392246,5.561723,-9.045782,-0.1595573,-0.09195949,0.005456185,291.6892,366.9746,-354.416,352.9874,-364.0691,-0.007820166,-0.07971691,-0.000455136,-0.2397388,-0.2315345,-0.2306012,-0.2378407,0
0.1886154,5.213685,-9.506242,-0.16494,-0.09342355,0.002581523,292.0897,367.1355,-354.5998,352.4153,-364.456,-0.009368385,-0.08056972,-0.000422815,-0.2398439,-0.2316545,-0.2302275,-0.2380934,0
0.3329257,5.32249,-9.336631,-0.1656984,-0.09036645,0.003416538,292.4906,367.4998,-354.8575,352.441,-364.8336,-0.01093072,-0.08139811,-0.0004006558,-0.2400819,-0.2318229,-0.2302442,-0.2383401,0
0.2030708,5.178123,-9.520247,-0.168692,-0.08944964,0.002353151,292.892,367.9238,-354.6255,352.3328,-364.7777,-0.01251153,-0.08220487,-0.0003657308,-0.2403589,-0.2316713,-0.2301735,-0.2383036,0
0.4257161,5.359531,-9.239717,-0.169355,-0.08575006,0.003745325,293.2939,368.0837,-354.804,352.1745,-365.1089,-0.01411293,-0.08299068,-0.0003406477,-0.2404634,-0.2317879,-0.2300701,-0.2385199,0
0.2617086,5.183673,-9.467829,-0.1726428,-0.08492777,0.002401224,293.6964,368.1851,-355.0047,351.7103,-365.5065,-0.01575008,-0.08377291,-0.0003199496,-0.2405296,-0.2319191,-0.2297669,-0.2387797,0
0.3154741,5.208982,-9.405142,-0.1735492,-0.0817739,0.002724795,294.0993,368.4018,-354.6393,351.5635,-365.3053,-0.01739505,-0.08452219,-0.0003032308,-0.2406712,-0.2316803,-0.2296709,-0.2386483,0
0.05586836,4.945126,-9.739803,-0.1771689,-0.08119782,0.0007862141,294.5028,368.1846,-354.3284,350.7458,-365.2219,-0.01906431,-0.0852533,-0.0002839331,-0.2405292,-0.2314772,-0.2291368,-0.2385938,0
0.1434683,5.002178,-9.618567,-0.1779945,-0.07765789,0.001387996,294.9067,368.2139,-353.7345,350.4225,-364.8176,-0.02074069,-0.0859467,-0.0002641088,-0.2405484,-0.2310892,-0.2289256,-0.2383296,0
0.2505887,5.077602,-9.469879,-0.179174,-0.07419929,0.002130964,295.3112,367.6997,-353.5595,349.5278,-364.8553,-0.02244436,-0.08662431,-0.000251482,-0.2402125,-0.2309749,-0.228341,-0.2383543,0
-0.12551,4.706585,-9.951443,-0.1831057,-0.07404623,-0.0006073372,295.7161,367.6594,-352.8687,348.8408,-364.4156,-0.02417254,-0.08728431,-0.0002382171,-0.2401862,-0.2305237,-0.2278922,-0.2380671,0
0.4069486,5.17533,-9.237799,-0.1801978,-0.06645553,0.003368475,296.1215,367.0556,-352.1127,348.2089,-363.8242,-0.02589002,-0.08788869,-0.0002327815,-0.2397917,-0.2300297,-0.2274794,-0.2376807,0
0.08991118,4.859824,-9.625364,-0.184441,-0.06606773,0.001159579,296.5275,366.6634,-351.1217,347.1614,-363.1324,-0.02763662,-0.08847494,-0.0002057941,-0.2395355,-0.2293823,-0.2267951,-0.2372288,0
0.3691883,5.09528,-9.24017,-0.183747,-0.06062162,0.003099636,296.9339,366.6059,-350.3257,346.8839,-362.5532,-0.02938416,-0.08901459,-0.0001876699,-0.239498,-0.2288623,-0.2266138,-0.2368504,0
0.06783441,0.39385,-13.28679,-0.1876892,-0.05998411,0.0008494377,297.3408,366.2659,-349.9636,345.9114,-362.4937,-0.03115937,-0.08953559,-0.0001626252,-0.2392758,-0.2286258,-0.2259786,-0.2368115,0
0.3444711,-0.9720048,-14.24485,-0.1868411,-0.05437941,0.002785074,297.7482,365.5983,-348.796,345.022,-361.5697,-0.0329368,-0.0900117,-0.0001440212,-0.2388397,-0.227863,-0.2253975,-0.2362078,0
0.27538,-1.056652,-14.22273,-0.1888112,-0.05165547,0.002235978,298.156,360.2202,-342.9236,339.089,-356.0902,-0.03473182,-0.09045862,-0.0001179257,-0.2353262,-0.2240267,-0.2215216,-0.2326282,0
0.07853203,-1.25701,-14.14897,-0.1904293,-0.04963075,0.0006486509,298.5644,351.5581,-333.4446,329.8195,-347.029,-0.03653199,-0.09086929,-9.175223e-05,-0.2296675,-0.2178341,-0.215466,-0.2267087,0
0.1669283,-1.192745,-13.6472,-0.1884076,-0.04529662,0.001161114,298.9731,341.6421,-324.8258,319.576,-338.7267,-0.0383411,-0.09126781,-9.436298e-05,-0.2231894,-0.2122036,-0.208774,-0.2212849,0
0.08235563,-1.287647,-13.37748,-0.1854626,-0.04154173,0.000740892,299.3823,333.1792,-314.8193,310.8345,-328.9915,-0.04010899,-0.09161238,-8.143335e-05,-0.2176608,-0.2056665,-0.2030634,-0.214925,0
0.4741279,-0.9409813,-12.48575,-0.1797588,-0.03456048,0.003645806,299.7919,324.3359,-305.8843,301.9902,-320.3118,-0.04183215,-0.09190112,-7.187244e-05,-0.2118836,-0.1998294,-0.1972855,-0.2092547,0
0.2593087,-1.153845,-12.41696,-0.1788329,-0.03287284,0.002091983,300.2018,316.6035,-297.6896,293.8355,-312.4443,-0.04353746,-0.09216231,-4.748447e-05,-0.2068321,-0.194476,-0.1919581,-0.204115,0
0.398936,-1.038715,-11.92167,-0.1746492,-0.02826075,0.002968959,300.6119,309.613,-290.4537,286.7063,-305.4712,-0.04520939,-0.09238648,-3.633161e-05,-0.2022654,-0.1897489,-0.1873007,-0.1995596,0
0.1473156,-1.284328,-11.96532,-0.1730855,-0.02679445,0.001098949,301.0224,303.376,-283.5122,280.0978,-298.8355,-0.04684507,-0.09257177,-1.278465e-05,-0.1981908,-0.1852141,-0.1829835,-0.1952246,0
0.5125675,-0.9591374,-11.22477,-0.1672921,-0.02076016,0.003623114,301.433,297.0566,-277.899,273.7944,-293.4692,-0.04844985,-0.0927279,-8.780222e-06,-0.1940624,-0.1815471,-0.1788656,-0.1917189,0
0.4227862,-1.053702,-11.10415,-0.1642793,-0.01820886,0.003004729,301.8439,292.307,-271.5219,268.8086,-287.3771,-0.05000714,-0.09283677,2.069234e-05,-0.1909596,-0.177381,-0.1756085,-0.187739,0
0.640708,-0.8630166,-10.59567,-0.1597149,-0.01374299,0.00433332,302.2549,287.0695,-266.9336,263.49,-283.0576,-0.0515352,-0.0929212,3.124144e-05,-0.187538,-0.1743836,-0.1721339,-0.1849171,0
0.06884541,-1.401688,-11.15083,-0.1600748,-0.01525779,3.452842e-05,302.6661,282.9597,-262.4553,258.8359,-278.9002,-0.05304395,-0.09299459,4.762695e-05,-0.1848532,-0.171458,-0.1690934,-0.1822012,0
0.1815982,-1.307167,-10.82506,-0.1546436,-0.01093126,0.0007166578,303.0775,278.5186,-258.7099,254.3574,-275.3799,-0.05451348,-0.09304366,3.145386e-05,-0.1819519,-0.1690112,-0.1661677,-0.1799014,0
0.2225866,-1.277869,-10.59607,-0.1494564,-0.007010409,0.001248578,303.489,274.7209,-253.9275,250.5063,-270.8375,-0.0559211,-0.0930409,3.364667e-05,-0.1794709,-0.1658869,-0.1636518,-0.176934,0
0.3262506,-1.189311,-10.28099,-0.1448175,-0.003189423,0.002001869,303.9005,270.6615,-250.0597,246.3665,-267.231,-0.05729171,-0.0930118,2.91653e-05,-0.1768189,-0.1633601,-0.1609474,-0.1745779,0
0.1697175,-1.34058,-10.32836,-0.1414825,-0.001258672,0.0008975083,304.3122,267.3416,-246.4045,242.8359,-263.8333,-0.0586236,-0.09295714,2.523784e-05,-0.1746501,-0.1609722,-0.1586409,-0.1723582,0
0.3530437,-1.177009,-9.942991,-0.1353764,0.003506748,0.002284859,304.7239,264.2089,-242.9609,239.7451,-260.5996,-0.05989696,-0.09285747,1.859921e-05,-0.1726035,-0.1587226,-0.1566218,-0.1702457,0
0.3220947,-1.210423,-9.847292,-0.1313282,0.006294376,0.002097185,305.1356,261.4112,-239.8206,236.8214,-257.7042,-0.06112489,-0.09272403,2.182768e-05,-0.1707758,-0.1566711,-0.1547117,-0.1683541,0
0.6553044,-0.9066656,-9.293276,-0.1246408,0.01193322,0.004461387,305.5474,259.0192,-237.1991,234.549,-255.2776,-0.06230066,-0.09255077,2.109996e-05,-0.1692132,-0.1549585,-0.1532272,-0.1667689,0
0.1404055,-1.385859,-9.864777,-0.1240901,0.01091833,0.0005775151,305.9593,257.3084,-234.8203,232.412,-253.1768,-0.06344187,-0.09235509,3.269187e-05,-0.1680956,-0.1534045,-0.1518311,-0.1653965,0
0.3559805,-1.189585,-9.499181,-0.117823,0.0159938,0.001925157,306.3711,254.8455,-233.9735,230.0307,-252.5066,-0.06455017,-0.09214584,3.081843e-06,-0.1664866,-0.1528513,-0.1502755,-0.1649587,0
0.2699432,-1.271194,-9.535158,-0.1127233,0.01944746,0.001524194,306.783,253.6151,-231.3094,228.7739,-250.0347,-0.06559043,-0.09188139,-3.686271e-06,-0.1656828,-0.1511108,-0.1494544,-0.1633438,0
-0.04443745,-1.562289,-9.853786,-0.1102763,0.02078478,-0.0008685929,307.1948,251.3595,-229.9364,226.2787,-248.9102,-0.06660292,-0.09160415,-3.222835e-05,-0.1642093,-0.1502139,-0.1478243,-0.1626092,0
0.07456396,-1.452315,-9.620456,-0.1034503,0.02629586,0.0001922265,307.6067,249.6389,-228.0986,224.6967,-247.2307,-0.06755117,-0.091276,-6.759635e-05,-0.1630852,-0.1490133,-0.1467909,-0.1615119,0
0.1628191,-1.369271,-9.417855,-0.09742041,0.03143219,0.001081083,308.0185,247.6944,-226.0683,222.8429,-245.3885,-0.06844372,-0.09090302,-0.0001002582,-0.1618149,-0.1476869,-0.1455798,-0.1603085,0
0.1277756,-1.398996,-9.376766,-0.09229623,0.03570782,0.001001783,308.4303,245.9806,-224.1988,221.1469,-243.7138,-0.06928568,-0.09048922,-0.0001357255,-0.1606953,-0.1464656,-0.1444718,-0.1592144,0
0.685334,-0.8801267,-8.568525,-0.08274563,0.04483444,0.00531363,308.8421,244.5458,-222.152,220.1884,-241.782,-0.06989324,-0.08992538,-0.0001644248,-0.159758,-0.1451285,-0.1438456,-0.1579524,0
0.1594377,-1.361091,-9.181787,-0.08232696,0.04480966,0.001490974,309.2538,243.4959,-220.7688,218.8006,-240.6661,-0.07056933,-0.08938015,-0.0001750181,-0.1590721,-0.1442248,-0.142939,-0.1572234,0
0.1849171,-1.332289,-9.102103,-0.07705463,0.04970775,0.001505061,309.6655,242.5654,-220.5238,217.9463,-240.5874,-0.07125589,-0.08882503,-0.0002172208,-0.1584642,-0.1440647,-0.1423809,-0.157172,0
0.4823239,-1.051373,-8.678017,-0.06916531,0.05733079,0.003882338,310.0772,241.7072,-219.662,217.406,-239.8568,-0.07187642,-0.08820883,-0.0002582055,-0.1579036,-0.1435018,-0.1420279,-0.1566947,0
0.1797247,-1.323355,-9.024636,-0.06607361,0.06029617,0.001773445,310.4888,241.3562,-218.3183,216.9719,-238.7322,-0.07244112,-0.0875353,-0.000283251,-0.1576742,-0.142624,-0.1417444,-0.1559601,0
0.2524681,-1.247552,-8.88977,-0.06040503,0.06628396,0.002211855,310.9003,240.3789,-218.3719,216.1568,-238.9584,-0.07296096,-0.08681794,-0.0003332379,-0.1570358,-0.1426589,-0.1412119,-0.1561078,0
0.2216142,-1.266605,-8.903363,-0.05479874,0.07200669,0.002153358,311.3118,240.0355,-217.7836,215.9714,-238.5367,-0.07342313,-0.08604181,-0.0003790556,-0.1568114,-0.1422746,-0.1410907,-0.1558324,0
-0.0930829,-1.54656,-9.280674,-0.051278,0.07577402,-8.795183e-05,311.7233,239.6037,-217.2696,215.5275,-238.229,-0.07383537,-0.08521377,-0.0004318355,-0.1565294,-0.1419389,-0.1408008,-0.1556313,0
-0.01156102,-1.459235,-9.142274,-0.04455127,0.08306219,0.0006527184,312.1346,238.4439,-217.4293,214.6476,-238.5445,-0.07419917,-0.08433759,-0.0005128878,-0.1557717,-0.1420432,-0.1402259,-0.1558374,0
-0.002679305,-1.437598,-9.091864,-0.03766078,0.0904195,0.001170565,312.546,237.755,-216.3149,214.2575,-237.5885,-0.07449374,-0.08338825,-0.0005896504,-0.1553216,-0.1413151,-0.1399711,-0.1552129,0
0.07311997,-1.352275,-8.935327,-0.03069157,0.09833117,0.00209815,312.9572,236.6708,-215.1832,213.5069,-236.6308,-0.0747195,-0.08236267,-0.0006706162,-0.1546133,-0.1405759,-0.1394807,-0.1545872,0
0.03486054,-1.370862,-8.927767,-0.02470829,0.1053458,0.002197257,313.3684,235.8395,-214.0671,212.9411,-235.7023,-0.07487628,-0.08125632,-0.0007435145,-0.1540703,-0.1398467,-0.1391111,-0.1539807,0
0.2243712,-1.177668,-8.630359,-0.01736238,0.1140708,0.003843941,313.7795,235.1681,-213.3495,212.6823,-235.1517,-0.07496513,-0.08006898,-0.0008161167,-0.1536316,-0.1393779,-0.138942,-0.1536209,0
-0.1063441,-1.463991,-9.02601,-0.01382165,0.1187836,0.001600528,314.1906,234.7472,-213.1238,212.3456,-235.1457,-0.07500942,-0.07882582,-0.0008907381,-0.1533567,-0.1392305,-0.1387221,-0.153617,0
-0.1200124,-1.456314,-9.017659,-0.007041488,0.126743,0.001698067,314.6016,234.1832,-213.2424,212.1566,-235.4258,-0.0749933,-0.07751383,-0.0009887611,-0.1529882,-0.1393079,-0.1385986,-0.1538,0
-0.01383744,-1.336299,-8.847483,0.0008882082,0.1360992,0.002932489,315.0125,233.7234,-212.5647,212.1973,-234.9105,-0.07489594,-0.07610661,-0.00108144,-0.1526879,-0.1388652,-0.1386252,-0.1534633,0
0.03323383,-1.269013,-8.742793,0.007664944,0.1447997,0.00362617,315.4233,232.9557,-212.191,211.8603,-234.7363,-0.07473858,-0.07462315,-0.001178905,-0.1521863,-0.1386211,-0.1384051,-0.1533496,0
-0.2728182,-1.526655,-9.105149,0.01247199,0.1511413,0.001737815,315.834,232.5473,-211.7885,211.7092,-234.5527,-0.07452199,-0.07306485,-0.001280774,-0.1519196,-0.1383581,-0.1383063,-0.1532296,0
0.2255355,-1.039483,-8.416147,0.02346163,0.1641847,0.005822949,316.2447,231.6069,-211.5919,211.5987,-234.4892,-0.07422198,-0.07140739,-0.001400156,-0.1513052,-0.1382297,-0.1382342,-0.1531881,0
0.2311788,-1.005674,-8.364264,0.0304488,0.1732552,0.006441769,316.6553,231.7294,-210.1211,212.2322,-233.2331,-0.07382928,-0.0696314,-0.00148072,-0.1513852,-0.1372688,-0.138648,-0.1523676,0
-0.02779801,-1.214757,-8.662916,0.03443269,0.1796619,0.004594855,317.0658,231.3115,-210.6098,212.0924,-233.985,-0.0733934,-0.06778979,-0.001576426,-0.1511122,-0.1375881,-0.1385566,-0.1528588,0
-0.2088947,-1.351117,-8.891834,0.04048616,0.1875243,0.003484929,317.4763,231.5705,-211.1806,212.8042,-234.761,-0.0728915,-0.06586318,-0.001681834,-0.1512814,-0.137961,-0.1390216,-0.1533657,0
-0.3901519,-1.485973,-9.118149,0.04677905,0.1957933,0.002466369,317.8866,231.0988,-212.0249,212.8215,-235.827,-0.07233652,-0.06386846,-0.001810951,-0.1509732,-0.1385126,-0.139033,-0.1540621,0
-0.1275374,-1.208898,-8.752337,0.05728397,0.2083803,0.005004644,318.2969,230.8695,-211.5988,213.4703,-235.5721,-0.07168558,-0.06175858,-0.001943947,-0.1508234,-0.1382342,-0.1394568,-0.1538956,0
-0.2136046,-1.251628,-8.818111,0.06437855,0.2178737,0.004989128,318.7071,230.162,-211.0467,213.3757,-235.2749,-0.07095782,-0.05954854,-0.00206947,-0.1503613,-0.1378735,-0.139395,-0.1537014,0
0.1101975,-0.9138699,-8.348015,0.07451037,0.230571,0.007899485,319.1172,229.8718,-210.4379,213.996,-234.8722,-0.07013401,-0.05721589,-0.00218891,-0.1501717,-0.1374758,-0.1398002,-0.1534383,0
-0.1562425,-1.119726,-8.657772,0.07971074,0.2381519,0.006351667,319.5273,229.7125,-210.4372,214.3352,-235.1582,-0.06924649,-0.0547945,-0.002297808,-0.1500676,-0.1374753,-0.1400218,-0.1536252,0
-0.05995001,-0.9891037,-8.510774,0.08828469,0.2489828,0.007351912,319.9373,229.8226,-210.9502,215.2564,-235.894,-0.06828061,-0.05227282,-0.002419079,-0.1501395,-0.1378105,-0.1406237,-0.1541059,0
-0.5060823,-1.358013,-9.079263,0.09317093,0.2557602,0.004484757,320.3472,229.6206,-211.8224,215.547,-237.0547,-0.06726056,-0.04967947,-0.002549716,-0.1500076,-0.1383803,-0.1408135,-0.1548641,0
-0.1353043,-0.9704083,-8.575326,0.105202,0.2698237,0.007780033,320.757,229.8451,-211.627,216.9193,-237.0459,-0.06612556,-0.04695012,-0.002682332,-0.1501542,-0.1382526,-0.14171,-0.1548584,0
-0.3704351,-1.140262,-8.847186,0.1114095,0.2783539,0.006614889,321.1668,229.3171,-211.9333,217.0651,-237.6648,-0.06492475,-0.04413307,-0.002807087,-0.1498093,-0.1384527,-0.1418053,-0.1552627,0
-0.5560787,-1.262825,-9.060444,0.1190488,0.2877742,0.005735813,321.5764,229.413,-212.1521,217.9618,-238.1537,-0.06364342,-0.04121625,-0.002940079,-0.1498719,-0.1385957,-0.142391,-0.1555821,0
-0.1472976,-0.834224,-8.496618,0.1312211,0.3019757,0.009367384,321.9861,228.9098,-212.4177,218.69,-238.6359,-0.06226126,-0.03818078,-0.003079149,-0.1495432,-0.1387692,-0.1428668,-0.1558971,0
-0.6325714,-1.22958,-9.091354,0.1365906,0.3089243,0.006481507,322.3957,228.7669,-212.3359,219.1938,-238.8869,-0.06080701,-0.03505587,-0.003201933,-0.1494499,-0.1387157,-0.1431959,-0.1560611,0
-0.7441719,-1.277953,-9.199368,0.1455884,0.3192552,0.006193427,322.8052,228.495,-212.6163,219.8999,-239.4323,-0.05926114,-0.03182473,-0.003341154,-0.1492722,-0.1388989,-0.1436572,-0.1564174,0
-0.3664492,-0.8721336,-8.666337,0.15812,0.3333631,0.009754864,323.2146,227.7509,-212.7618,220.4784,-239.8067,-0.05761135,-0.02847602,-0.003477999,-0.1487861,-0.138994,-0.1440351,-0.156662,0
-0.358631,-0.8059124,-8.606369,0.1676452,0.3443034,0.01059213,323.624,227.8415,-211.9959,221.6585,-239.3288,-0.05585675,-0.02500674,-0.003585637,-0.1488453,-0.1384936,-0.144806,-0.1563498,0
-0.5060049,-0.8811523,-8.75297,0.175691,0.3536425,0.009972735,324.0334,227.4718,-212.532,222.2733,-240.1713,-0.05402258,-0.02144511,-0.003699702,-0.1486038,-0.1388438,-0.1452076,-0.1569002,0
-0.6900061,-0.9886066,-8.963955,0.1844288,0.3630661,0.009213301,324.4426,227.1883,-213.3712,223.0369,-241.2902,-0.05210615,-0.01779414,-0.003820238,-0.1484185,-0.1393921,-0.1457065,-0.1576312,0
-0.78853,-1.015164,-9.058573,0.1945849,0.3736416,0.009225889,324.8519,226.9928,-213.526,224.0292,-241.7098,-0.05008828,-0.01403718,-0.003939915,-0.1482909,-0.1394932,-0.1463548,-0.1579052,0
-0.7201698,-0.885328,-8.919724,0.2058852,0.3854943,0.01053048,325.261,226.5841,-213.2712,224.9451,-241.7195,-0.0479553,-0.01015902,-0.004048685,-0.1480239,-0.1393268,-0.1469531,-0.1579116,0
-0.5701909,-0.6778849,-8.667267,0.2171773,0.3974824,0.01238074,325.6702,226.1595,-213.1155,225.885,-241.8367,-0.0457125,-0.006163976,-0.004139992,-0.1477465,-0.1392251,-0.1475671,-0.1579881,0
-0.8916788,-0.9041266,-9.038131,0.2249273,0.4054368,0.01061499,326.0792,225.9221,-213.5089,226.7153,-242.5447,-0.04338687,-0.002083355,-0.004223641,-0.1475914,-0.139482,-0.1481096,-0.1584507,0
-1.041101,-0.9696829,-9.194629,0.2350198,0.4152274,0.01011683,326.4883,225.5713,-214.2191,227.6443,-243.5148,-0.04096661,0.002089411,-0.004318297,-0.1473622,-0.139946,-0.1487165,-0.1590844,0
-1.293207,-1.128132,-9.478119,0.2449532,0.4245472,0.009090741,326.8972,225.0236,-214.4153,228.3788,-243.9785,-0.03844123,0.006361767,-0.004406991,-0.1470044,-0.1400742,-0.1491963,-0.1593874,0
-0.8871229,-0.6762924,-8.884799,0.2596511,0.4390278,0.01296497,327.3061,224.1199,-214.2209,229.2115,-243.9365,-0.03565662,0.01062137,-0.004490703,-0.146414,-0.1399472,-0.1497403,-0.1593599,0
-0.891911,-0.6018685,-8.817125,0.2705999,0.4499992,0.01386203,327.715,223.8403,-213.1591,230.3976,-243.1559,-0.03288046,0.01513926,-0.004531179,-0.1462314,-0.1392535,-0.1505152,-0.15885,0
-0.9752256,-0.5979964,-8.855492,0.2802408,0.459644,0.01378229,328.1238,223.4559,-213.2808,231.4035,-243.5617,-0.03000126,0.01976146,-0.004556943,-0.1459803,-0.139333,-0.1511723,-0.1591151,0
-1.048688,-0.5832551,-8.906442,0.2903211,0.4692311,0.01372292,328.5326,223.3596,-214.1218,232.753,-244.649,-0.02702548,0.02447555,-0.004572746,-0.1459173,-0.1398825,-0.1520539,-0.1598254,0
-1.140547,-0.5837506,-8.991934,0.3008435,0.4789615,0.01353873,328.9413,223.4818,-214.9137,234.381,-245.6692,-0.02394882,0.02928151,-0.00458121,-0.1459972,-0.1403998,-0.1531175,-0.1604919,0
-1.300352,-0.6452018,-9.162439,0.3112293,0.4884435,0.01290479,329.35,223.1782,-215.8391,235.5948,-246.8232,-0.02077504,0.03417385,-0.004590262,-0.1457988,-0.1410043,-0.1539104,-0.1612458,0
-1.245909,-0.5068703,-9.04285,0.3236889,0.4999788,0.0140117,329.7586,223.2544,-215.7325,237.4069,-246.9105,-0.01746542,0.03919236,-0.004571996,-0.1458486,-0.1409347,-0.1550943,-0.1613028,0
-1.426791,-0.5839145,-9.218797,0.333182,0.5089049,0.01321779,330.1672,222.7405,-216.3056,238.4173,-247.7281,-0.01405818,0.04430056,-0.004536904,-0.1455129,-0.1413091,-0.1557543,-0.1618369,0
-1.092409,-0.1831285,-8.731329,0.3468992,0.5220302,0.01619423,330.5758,223.1366,-216.3134,240.748,-247.8871,-0.01051486,0.04953724,-0.004471899,-0.1457717,-0.1413141,-0.1572769,-0.1619408,0
-1.594768,-0.5535132,-9.339511,0.3533111,0.5278409,0.01281213,330.9843,223.1177,-217.3641,242.0617,-249.1965,-0.006890918,0.05484574,-0.004385564,-0.1457593,-0.1420006,-0.1581351,-0.1627962,0
-1.639038,-0.4991529,-9.365328,0.3642172,0.5379653,0.01272916,331.3928,223.3089,-218.7914,244.0004,-250.7718,-0.003169054,0.06024427,-0.004304153,-0.1458842,-0.142933,-0.1594017,-0.1638253,0
-1.569234,-0.3376902,-9.237961,0.3760777,0.5493209,0.0137419,331.8012,223.451,-219.4496,245.9386,-251.459,0.0007457312,0.06534211,-0.004196615,-0.1459771,-0.143363,-0.1606679,-0.1642743,0
-1.398961,-0.08175287,-8.962396,0.3876755,0.561748,0.0153914,332.2096,223.6368,-219.8201,248.0023,-251.9125,0.004746098,0.07067341,-0.004056437,-0.1460984,-0.1436051,-0.162016,-0.1645705,0
-1.507402,-0.08159664,-9.056142,0.3963678,0.5722304,0.01481168,332.618,223.8522,-220.7706,249.9678,-253.0572,0.00879638,0.07640194,-0.003890898,-0.1462391,-0.144226,-0.1633001,-0.1653183,0
-1.694573,-0.152544,-9.265198,0.4047535,0.5822318,0.01356322,333.0263,224.349,-222.0359,252.2136,-254.469,0.01293696,0.08223404,-0.003707676,-0.1465637,-0.1450526,-0.1647672,-0.1662407,0
-1.716773,-0.0694773,-9.262602,0.4142967,0.5937485,0.01355026,333.4346,224.734,-223.3759,254.4456,-255.8584,0.0171665,0.08797032,-0.00350639,-0.1468152,-0.145928,-0.1662253,-0.1671483,0
-2.147099,-0.3620618,-9.787807,0.4205112,0.6025048,0.01054758,333.8429,225.0292,-224.7404,256.3754,-257.3259,0.02147426,0.09394123,-0.003287193,-0.1470081,-0.1468194,-0.167486,-0.168107,0
-1.602387,0.2476167,-9.035621,0.4338935,0.6199392,0.01477776,334.2512,225.3717,-225.5209,259.0774,-258.0803,0.02590273,0.1001268,-0.003044361,-0.1472318,-0.1473293,-0.1692512,-0.1685998,0
-1.936467,0.04695261,-9.420313,0.4388288,0.6299903,0.01253093,334.6594,226.0672,-225.9784,261.4128,-258.5548,0.03038501,0.1062116,-0.002738535,-0.1476862,-0.1476281,-0.1707769,-0.1689098,0
-2.385263,-0.2583666,-9.963985,0.4420303,0.6397215,0.008958746,335.0676,226.2104,-228.3878,263.1465,-260.934,0.03491715,0.1125392,-0.002442424,-0.1477797,-0.1492022,-0.1719095,-0.1704641,0
-2.141134,0.07783441,-9.621218,0.4512293,0.6573397,0.01088816,335.4758,227.1608,-229.5172,266.3091,-261.8152,0.03955631,0.1191045,-0.00211293,-0.1484006,-0.14994,-0.1739756,-0.1710398,0
-2.003213,0.317178,-9.393594,0.4564719,0.67476,0.01198904,335.8839,227.6192,-230.6657,268.766,-262.5396,0.04425877,0.1258323,-0.001733917,-0.1487001,-0.1506903,-0.1755807,-0.1715131,0
-2.06319,0.3749854,-9.428627,0.4574662,0.692702,0.01139815,336.2921,228.3938,-232.1472,271.4091,-264.1209,0.04897748,0.1327217,-0.001322743,-0.1492061,-0.1516581,-0.1773073,-0.1725461,0
-2.122402,0.4346885,-9.476196,0.4569535,0.7135805,0.01079369,336.7002,229.4204,-233.0888,274.4942,-266.4296,0.0536989,0.1398149,-0.0008771238,-0.1498768,-0.1522733,-0.1793228,-0.1740543,0
-2.418957,0.2761025,-9.832961,0.4600816,0.727799,0.008327726,337.1083,230.1696,-234.6059,277.2892,-268.846,0.05845084,0.1470651,-0.0004006581,-0.1503662,-0.1532644,-0.1811487,-0.1756329,0
-2.378752,0.4298136,-9.749157,0.4688873,0.7414242,0.008291023,337.5164,231.3723,-235.6463,280.8639,-270.522,0.06330173,0.1544639,0.0001187595,-0.1511519,-0.153944,-0.183484,-0.1767278,0
-2.587996,0.354347,-9.986958,0.4758337,0.7498783,0.006256419,337.9245,231.9686,-237.462,283.605,-272.9477,0.06822477,0.1619462,0.0006649431,-0.1515415,-0.1551303,-0.1852747,-0.1783125,0
-2.507879,0.5471902,-9.851973,0.4860725,0.758832,0.006348738,338.3326,233.3168,-238.6207,287.3477,-274.618,0.07326169,0.1695228,0.00125087,-0.1524222,-0.1558872,-0.1877198,-0.1794036,0
-2.814335,0.3836295,-10.21729,0.4928956,0.7622956,0.003460287,338.7406,234.1362,-240.3418,290.2517,-276.894,0.07838462,0.1771443,0.00186904,-0.1529575,-0.1570116,-0.1896169,-0.1808905,0
-2.622591,0.6809006,-9.936924,0.5039656,0.7680135,0.004167493,339.1486,235.3711,-241.8207,293.9362,-278.8303,0.08362126,0.1848182,0.002520439,-0.1537643,-0.1579777,-0.1920239,-0.1821555,0
-2.66504,0.7622027,-9.96229,0.5127294,0.7696288,0.003081898,339.5566,236.2887,-243.5945,297.1004,-281.0867,0.08894803,0.1924998,0.003202753,-0.1543637,-0.1591365,-0.194091,-0.1836296,0
-2.68779,0.8616787,-9.964321,0.5222174,0.7698561,0.002050163,339.9646,237.8283,-244.8944,300.9407,-282.8224,0.09438936,0.200193,0.003923401,-0.1553695,-0.1599857,-0.1965999,-0.1847635,0
-3.234302,0.4771155,-10.65101,0.5274061,0.7638338,-0.003008047,340.3726,238.5668,-247.2356,303.5906,-285.6411,0.09989741,0.2078376,0.004653865,-0.155852,-0.1615151,-0.198331,-0.1866049,0
-2.717782,1.074275,-9.953937,0.5415411,0.765102,-0.0001140908,340.7806,239.8992,-248.5311,307.6187,-287.2361,0.1055417,0.2154804,0.005413968,-0.1567224,-0.1623615,-0.2009625,-0.1876469,0
-3.441409,0.5248864,-10.86425,0.5450336,0.753919,-0.006419199,341.1885,240.7899,-250.0807,310.2691,-289.2417,0.1112592,0.2230371,0.006207224,-0.1573043,-0.1633738,-0.202694,-0.1889571,0
-3.219139,0.8484798,-10.54385,0.5565447,0.7489415,-0.005972999,341.5965,241.7075,-251.7781,313.6353,-291.2069,0.1170808,0.2305347,0.006998699,-0.1579038,-0.1644827,-0.2048931,-0.1902409,0
-3.216352,0.9683148,-10.50695,0.5656583,0.7399993,-0.006882666,342.0044,242.1971,-253.1957,316.3632,-292.9105,0.1229988,0.2379349,0.007816833,-0.1582236,-0.1654088,-0.2066752,-0.1913539,0
-3.14691,1.148067,-10.37424,0.57513,0.7296937,-0.007456328,342.4123,243.2959,-253.8848,319.7277,-293.833,0.1290271,0.2452367,0.008662917,-0.1589414,-0.165859,-0.2088731,-0.1919565,0
-3.540572,0.8985467,-10.84793,0.5803939,0.7133278,-0.01161354,342.8202,243.9882,-255.2331,322.3071,-295.4302,0.1351351,0.2523971,0.009522112,-0.1593937,-0.1667398,-0.2105582,-0.193,0
-3.436538,1.107347,-10.6803,0.589406,0.6990793,-0.01217003,343.228,244.5161,-256.9051,325.0389,-297.2304,0.1413233,0.2594064,0.01037557,-0.1597386,-0.1678321,-0.2123429,-0.194176,0
-3.395241,1.256245,-10.59561,0.5976974,0.6824887,-0.01305336,343.6359,245.5038,-257.6897,328.1609,-298.1093,0.1476102,0.2662547,0.01125042,-0.1603838,-0.1683446,-0.2143824,-0.1947502,0
-3.582092,1.191997,-10.80391,0.6033998,0.6618643,-0.01583982,344.0437,246.1357,-258.92,330.6959,-299.4244,0.1539659,0.2729084,0.01212224,-0.1607966,-0.1691484,-0.2160385,-0.1956093,0
-3.481622,1.391072,-10.64494,0.6110852,0.6416771,-0.01651186,344.4514,247.0244,-259.9983,333.6531,-300.4893,0.1604095,0.2793693,0.0129981,-0.1613772,-0.1698528,-0.2179704,-0.196305,0
-3.592016,1.392995,-10.76496,0.616091,0.6175167,-0.01883302,344.8591,247.4729,-261.6503,335.9273,-302.1175,0.1668964,0.2855863,0.01385484,-0.1616702,-0.1709321,-0.2194561,-0.1973686,0
-3.896582,1.212759,-11.14554,0.6202887,0.5906062,-0.02255516,345.2668,248.4076,-262.8232,338.5796,-303.1993,0.1734355,0.2915544,0.01468875,-0.1622809,-0.1716983,-0.2211888,-0.1980754,0
-3.698675,1.493583,-10.86532,0.6277182,0.5660223,-0.02250435,345.6744,248.5007,-264.2026,340.6688,-304.3887,0.1800299,0.297271,0.01548694,-0.1623416,-0.1725994,-0.2225536,-0.1988524,0
-3.654891,1.628643,-10.78044,0.6331296,0.5382391,-0.02338722,346.0819,249.0804,-264.6757,343.0589,-304.6478,0.1866894,0.30272,0.01628043,-0.1627204,-0.1729085,-0.224115,-0.1990216,0
-3.633245,1.739953,-10.72314,0.6372283,0.5080447,-0.0246692,346.4894,249.1037,-265.8678,344.7614,-305.5773,0.1933663,0.3078638,0.01702318,-0.1627356,-0.1736873,-0.2252272,-0.1996289,0
-3.80159,1.672453,-10.92285,0.6402143,0.4750055,-0.02716778,346.8968,249.8597,-266.313,347.0637,-305.6885,0.2000924,0.3127083,0.01774176,-0.1632294,-0.1739781,-0.2267313,-0.1997015,0
-3.757178,1.797966,-10.84395,0.6433687,0.4415401,-0.0282242,347.3041,249.5684,-267.7862,348.328,-306.7668,0.2068205,0.3172182,0.01839334,-0.1630391,-0.1749406,-0.2275573,-0.2004059,0
-3.968732,1.683455,-11.10793,0.6447797,0.4048377,-0.03092472,347.7114,249.9778,-268.5267,350.0975,-307.0526,0.2135576,0.3213803,0.01899139,-0.1633066,-0.1754243,-0.2287133,-0.2005927,0
-3.886593,1.8361,-10.98486,0.6478703,0.3691234,-0.03143916,348.1185,249.9406,-269.2744,351.5504,-307.2542,0.2203047,0.3251976,0.0195193,-0.1632823,-0.1759127,-0.2296624,-0.2007244,0
-4.03945,1.767565,-11.16756,0.6482072,0.329851,-0.03347629,348.5256,249.5076,-270.246,352.3384,-307.6541,0.2270324,0.3286353,0.01996987,-0.1629994,-0.1765475,-0.2301772,-0.2009856,0
-3.667919,2.179302,-10.66653,0.6522243,0.2935741,-0.03149352,348.9326,249.2819,-270.6574,353.629,-307.3558,0.2337596,0.3317064,0.02034153,-0.162852,-0.1768163,-0.2310203,-0.2007907,0
-3.839786,2.084553,-10.87244,0.6510504,0.2513271,-0.03332675,349.3394,249.4572,-270.4912,354.8443,-306.491,0.2404882,0.334393,0.02066021,-0.1629665,-0.1767077,-0.2318143,-0.2002258,0
-3.948407,2.044305,-11.00267,0.649033,0.2078065,-0.03490686,349.7462,248.8223,-271.7784,355.1504,-307.0062,0.2471551,0.3366614,0.02086362,-0.1625517,-0.1775486,-0.2320142,-0.2005624,0
-3.784702,2.252046,-10.79547,0.6493555,0.1658255,-0.03410472,350.1528,248.7488,-272.5211,356.178,-306.8454,0.2537853,0.3385191,0.02096764,-0.1625037,-0.1780338,-0.2326855,-0.2004573,0
-3.942873,2.157609,-11.00676,0.6465096,0.1203992,-0.0354991,350.5593,248.6888,-272.9927,356.9145,-306.3983,0.26037,0.3399537,0.0209733,-0.1624645,-0.1783419,-0.2331667,-0.2001652,0
-3.826159,2.312721,-10.86291,0.6448706,0.07619979,-0.03477202,350.9657,247.9112,-274.2923,357.0095,-306.6838,0.2668773,0.3409534,0.02084395,-0.1619565,-0.1791909,-0.2332287,-0.2003517,0
-3.694858,2.47688,-10.70712,0.6432194,0.03165823,-0.03348294,351.372,247.9388,-274.55,357.8695,-305.8451,0.273343,0.3415295,0.02061787,-0.1619746,-0.1793593,-0.2337906,-0.1998038,0
-3.855551,2.366505,-10.93218,0.6380119,-0.0162681,-0.0343338,351.778,247.5487,-275.4075,357.974,-305.5926,0.2797241,0.3416571,0.02026567,-0.1617197,-0.1799194,-0.2338589,-0.1996389,0
-3.660288,2.580974,-10.70639,0.635174,-0.06178489,-0.03232639,352.184,247.2771,-276.4573,358.3661,-305.4034,0.2860272,0.3413463,0.01978252,-0.1615423,-0.1806053,-0.234115,-0.1995153,0
-3.826434,2.457184,-10.96123,0.6289304,-0.1106083,-0.03268572,352.5898,247.0634,-277.5817,358.4759,-305.2667,0.2922305,0.3405755,0.01916568,-0.1614027,-0.1813398,-0.2341867,-0.199426,0
-3.8758,2.436676,-11.07141,0.6235211,-0.1583775,-0.03197896,352.9955,246.963,-278.732,358.7275,-305.0581,0.2983383,0.3393585,0.01840595,-0.1613371,-0.1820913,-0.2343511,-0.1992897,0
-3.647897,2.66788,-10.82581,0.6193622,-0.2041402,-0.02886368,353.401,246.3159,-280.3112,358.5091,-305.1925,0.3043372,0.3376906,0.01749384,-0.1609144,-0.1831229,-0.2342084,-0.1993775,0
-3.646855,2.684651,-10.88078,0.6132501,-0.2515295,-0.02699829,353.8063,246.6047,-280.9115,359.0115,-304.2996,0.3102542,0.3355819,0.01646506,-0.161103,-0.1835151,-0.2345366,-0.1987942,0
-3.699281,2.647496,-11.0109,0.6054816,-0.2996808,-0.0254959,354.2115,246.0681,-282.7474,358.5095,-304.597,0.3160369,0.3330151,0.01527233,-0.1607525,-0.1847145,-0.2342087,-0.1989885,0
-3.648892,2.701247,-11.02316,0.5987893,-0.3464015,-0.0227537,354.6166,246.3447,-283.9958,358.8613,-304.1963,0.3217224,0.3300121,0.01394864,-0.1609332,-0.18553,-0.2344385,-0.1987267,0
-3.595177,2.753525,-11.03628,0.5909623,-0.3930657,-0.01980533,355.0214,245.8726,-286.1315,358.3309,-304.6401,0.327265,0.3265548,0.01245869,-0.1606247,-0.1869253,-0.234092,-0.1990167,0
-3.681271,2.672081,-11.24302,0.5826148,-0.4398294,-0.0174073,355.4262,246.2354,-287.5235,358.5275,-304.2585,0.3326972,0.3226639,0.01083205,-0.1608617,-0.1878347,-0.2342204,-0.1987673,0
-3.402237,2.923112,-10.97453,0.5759624,-0.483377,-0.01207751,355.8307,246.4595,-288.9691,358.7169,-303.8456,0.3380378,0.3183634,0.009082507,-0.1610081,-0.188779,-0.2343442,-0.1984976,0
-3.342514,2.967652,-11.00502,0.5659952,-0.5288636,-0.00818574,356.2351,246.6311,-291.2459,358.5353,-304.2473,0.3432401,0.3136244,0.007194637,-0.1611203,-0.1902664,-0.2342256,-0.19876,0
-3.533435,2.776936,-11.38596,0.5546015,-0.5752104,-0.005969252,356.6394,247.2434,-293.8891,358.6001,-304.9397,0.3482867,0.3084495,0.005145706,-0.1615202,-0.1919932,-0.2342678,-0.1992124,0
-3.556995,2.736277,-11.55953,0.5451157,-0.6186312,-0.002080445,357.0436,247.7686,-296.4565,358.6895,-305.4524,0.3532099,0.3028707,0.00295168,-0.1618634,-0.1936705,-0.2343263,-0.1995473,0
-3.481338,2.78226,-11.6024,0.5355208,-0.6604548,0.002963206,357.4475,247.89,-299.1716,358.3324,-306.0654,0.3580016,0.2968882,0.0006187927,-0.1619427,-0.1954441,-0.234093,-0.1999478,0
-2.818589,3.365882,-10.88183,0.5296826,-0.6967723,0.01269283,357.8513,249.0522,-300.681,359.3258,-305.3517,0.3627214,0.2905459,-0.001799482,-0.1627019,-0.1964302,-0.234742,-0.1994815,0
-3.042736,3.126,-11.32702,0.5148995,-0.7404066,0.01583071,358.2551,249.9371,-303.4762,359.2355,-306.0077,0.3672935,0.2837976,-0.004333477,-0.16328,-0.1982563,-0.234683,-0.1999101,0
-3.048809,3.084521,-11.51964,0.5023404,-0.7808737,0.02061097,358.6587,250.8997,-307.4891,359.3531,-307.7416,0.3716987,0.2766605,-0.00702448,-0.1639088,-0.2008778,-0.2347598,-0.2010428,0
-3.06718,3.027457,-11.74456,0.490625,-0.8194985,0.0258756,359.0621,252.2796,-310.7868,359.8997,-308.6766,0.3759798,0.2691588,-0.009830468,-0.1648103,-0.2030322,-0.2351169,-0.2016536,0
-2.828751,3.202163,-11.62737,0.479993,-0.8549503,0.03327463,359.4655,253.2194,-314.1533,360.078,-309.6261,0.3801358,0.2613077,-0.01275117,-0.1654243,-0.2052315,-0.2352334,-0.2022739,0
-2.538966,3.419605,-11.44598,0.4689324,-0.8890964,0.04137703,359.8688,254.5732,-317.1022,360.6031,-310.1101,0.384181,0.2531201,-0.01575841,-0.1663087,-0.2071579,-0.2355764,-0.2025901,0
-2.704898,3.211511,-11.86597,0.4534366,-0.926173,0.04618546,360.272,255.7806,-320.7263,360.5541,-311.2791,0.3880752,0.2445816,-0.01887431,-0.1670975,-0.2095255,-0.2355444,-0.2033538,0
-2.205316,3.614086,-11.43117,0.4430259,-0.9565756,0.05615281,360.6751,257.247,-324.2226,361.1743,-312.1707,0.3918555,0.2357347,-0.02208069,-0.1680554,-0.2118095,-0.2359496,-0.2039363,0
-2.465424,3.310077,-11.99129,0.425842,-0.9923189,0.06077124,361.0781,259.1573,-327.436,361.6126,-312.8383,0.3955089,0.2265606,-0.02535048,-0.1693034,-0.2139089,-0.2362359,-0.2043724,0
-2.211169,3.477011,-11.89221,0.4117094,-1.023032,0.06905887,361.4811,260.4101,-332.0439,361.6364,-314.7949,0.3990013,0.2170746,-0.02873715,-0.1701218,-0.2169191,-0.2362514,-0.2056506,0
-2.524597,3.115095,-12.54873,0.3939688,-1.056627,0.07368693,361.884,262.5222,-335.6725,362.138,-315.7605,0.4023586,0.20728,-0.03219167,-0.1715016,-0.2192896,-0.2365791,-0.2062814,0
-2.101711,3.42788,-12.23621,0.380856,-1.083296,0.08378824,362.2869,264.0356,-339.5175,362.4401,-316.8402,0.4055944,0.1972155,-0.0357201,-0.1724903,-0.2218015,-0.2367765,-0.2069868,0
-1.888779,3.54212,-12.20044,0.3646504,-1.111212,0.0926473,362.6898,265.5678,-343.3403,362.4699,-317.913,0.4086867,0.1868607,-0.03930607,-0.1734913,-0.2242989,-0.236796,-0.2076876,0
-1.69585,3.632933,-12.19568,0.3478401,-1.138229,0.101391,363.0926,267.5418,-346.9852,362.8575,-318.7659,0.4116338,0.176232,-0.04295317,-0.1747809,-0.22668,-0.2370491,-0.2082448,0
-1.783046,3.460096,-12.56178,0.3283609,-1.166515,0.108231,363.4954,269.5505,-350.6898,363.0169,-319.6762,0.4144384,0.1653377,-0.04664587,-0.1760932,-0.2291002,-0.2371533,-0.2088395,0
-1.439147,3.680823,-12.37048,0.3108982,-1.190721,0.118307,363.8983,270.9785,-355.192,362.761,-321.3213,0.4170773,0.1541823,-0.05040576,-0.177026,-0.2320414,-0.2369861,-0.2099142,0
-1.455595,3.563682,-12.65637,0.2906469,-1.216596,0.1260373,364.3011,273.1049,-358.8223,362.9156,-322.0947,0.4195548,0.1427651,-0.05420696,-0.1784151,-0.234413,-0.2370871,-0.2104195,0
-1.063217,3.81856,-12.4007,0.2726882,-1.238219,0.1368483,364.704,274.9068,-362.3438,362.9384,-322.7027,0.4218884,0.1311203,-0.05804278,-0.1795923,-0.2367136,-0.237102,-0.2108167,0
-1.112727,3.660107,-12.72002,0.2497907,-1.263012,0.1445622,365.1069,276.9276,-365.748,362.7391,-323.253,0.4240612,0.119233,-0.06188844,-0.1809125,-0.2389375,-0.2369718,-0.2111761,0
-1.089483,3.564128,-12.95502,0.2262379,-1.286632,0.1526533,365.5098,278.6227,-370.2328,362.1411,-324.8644,0.4260265,0.1070981,-0.06579345,-0.1820199,-0.2418673,-0.2365811,-0.2122289,0
-0.9543729,3.566451,-13.05514,0.2040433,-1.307832,0.1619391,365.9128,280.9412,-373.6678,362.2452,-325.3666,0.4278238,0.09474489,-0.06971392,-0.1835345,-0.2441113,-0.2366491,-0.212557,0
-0.5722852,3.791046,-12.8172,0.1819562,-1.326607,0.1731147,366.3159,282.3714,-377.3873,361.4769,-326.1628,0.4294348,0.0821758,-0.07365598,-0.1844688,-0.2465412,-0.2361472,-0.213077,0
-0.5648617,3.6641,-13.06735,0.1560616,-1.347618,0.1816827,366.719,284.6279,-380.3242,361.1857,-326.222,0.4308574,0.06939033,-0.07758884,-0.185943,-0.2484599,-0.235957,-0.2131158,0
-0.4429925,3.637621,-13.17016,0.1295708,-1.367175,0.1909456,367.1222,286.1612,-384.2978,360.1155,-327.3239,0.4320538,0.0563894,-0.08155389,-0.1869446,-0.2510558,-0.2352579,-0.2138356,0
-0.3021032,3.623405,-13.25494,0.1031281,-1.385345,0.2006727,367.5255,287.9359,-387.6783,359.26,-327.8163,0.4330333,0.0431831,-0.08552576,-0.188104,-0.2532642,-0.234699,-0.2141573,0
-0.1550785,3.608734,-13.31632,0.07578559,-1.402529,0.2105792,367.9288,289.5964,-390.3868,358.2039,-327.6637,0.4337987,0.0297854,-0.08948717,-0.1891888,-0.2550336,-0.234009,-0.2140576,0
-0.1138707,3.490564,-13.50524,0.04605728,-1.419968,0.2197417,368.3323,291.0724,-393.052,356.7575,-327.5234,0.4343321,0.016197,-0.09343312,-0.1901531,-0.2567747,-0.2330641,-0.213966,0
0.2599673,3.674341,-13.25978,0.01737453,-1.434102,0.231376,368.7359,292.5805,-395.64,355.4429,-327.306,0.4346268,0.002431117,-0.09735696,-0.1911383,-0.2584654,-0.2322053,-0.2138239,0
0.3800355,3.618255,-13.34596,-0.01460962,-1.449607,0.2411637,369.1396,294.2535,-398.0795,354.0008,-327.0108,0.4346602,-0.0115196,-0.1012518,-0.1922312,-0.2600591,-0.2312632,-0.2136311,0
0.6224682,3.669679,-13.27405,-0.04667768,-1.463168,0.251811,369.5433,295.9606,-400.6117,352.5841,-326.8282,0.4344259,-0.02563857,-0.1051174,-0.1933465,-0.2617134,-0.2303377,-0.2135118,0
0.6193489,3.488722,-13.52402,-0.08169127,-1.477776,0.2607045,369.9472,297.7274,-403.0802,350.9622,-326.6544,0.4339063,-0.03992814,-0.1089427,-0.1945007,-0.263326,-0.2292781,-0.2133983,0
0.8358601,3.505065,-13.48729,-0.1161092,-1.489589,0.2711908,370.3512,299.4111,-405.6208,349.3091,-326.5766,0.4330904,-0.05437426,-0.112731,-0.1956006,-0.2649858,-0.2281982,-0.2133474,0
0.7982605,3.280972,-13.78,-0.1533034,-1.502276,0.27991,370.7552,300.8158,-408.1133,347.1178,-326.5324,0.4319517,-0.06898421,-0.1164855,-0.1965183,-0.2666141,-0.2267666,-0.2133185,0
1.483983,3.719237,-13.11506,-0.1856649,-1.507696,0.2941441,371.1595,302.7039,-409.1086,345.8428,-324.9666,0.4305354,-0.08370156,-0.1201467,-0.1977517,-0.2672642,-0.2259337,-0.2122956,0
1.365825,3.409418,-13.48207,-0.2272075,-1.519454,0.3022191,371.5638,304.3638,-410.5174,343.564,-324.0411,0.4287761,-0.09856543,-0.1237154,-0.1988361,-0.2681846,-0.224445,-0.2116911,0
1.74536,3.554342,-13.22163,-0.2661462,-1.52603,0.3136329,371.9682,306.3409,-412.9307,341.8396,-324.1195,0.4266552,-0.1135509,-0.1272236,-0.2001277,-0.2697612,-0.2233185,-0.2117422,0
1.67093,3.274469,-13.56822,-0.30865,-1.534659,0.3218723,372.3727,308.8642,-414.6606,340.3195,-323.615,0.424167,-0.1286562,-0.1306332,-0.2017762,-0.2708913,-0.2223254,-0.2114126,0
2.017584,3.378022,-13.35574,-0.3491752,-1.538611,0.3330451,372.7773,310.9329,-416.7423,338.5267,-323.5077,0.4213029,-0.1438554,-0.1339529,-0.2031276,-0.2722512,-0.2211543,-0.2113426,0
2.276679,3.395402,-13.25693,-0.3915089,-1.541954,0.3436465,373.1821,313.7735,-417.8385,337.3491,-322.5237,0.41806,-0.1591359,-0.1371286,-0.2049834,-0.2729674,-0.2203849,-0.2106997,0
2.250389,3.144002,-13.53016,-0.438013,-1.546641,0.3517001,373.5869,315.8346,-420.5065,335.0323,-323.2682,0.4143711,-0.1745202,-0.1402225,-0.2063298,-0.2747103,-0.2188714,-0.2111861,0
2.469857,3.114189,-13.49609,-0.4815988,-1.546757,0.36182,373.9919,319.2535,-421.4271,334.2935,-322.2777,0.4102814,-0.1899475,-0.1431594,-0.2085633,-0.2753118,-0.2183888,-0.210539,0
2.828985,3.208584,-13.25512,-0.5267741,-1.545005,0.3726625,374.3969,321.5095,-423.043,332.2827,-322.1415,0.4057491,-0.2054227,-0.1459496,-0.2100371,-0.2763674,-0.2170751,-0.2104501,0
2.748118,2.891614,-13.59763,-0.5760558,-1.544986,0.3800872,374.802,324.8148,-424.3289,330.9466,-321.8323,0.4007438,-0.2209451,-0.1485769,-0.2121964,-0.2772074,-0.2162023,-0.2102481,0
2.849257,2.737968,-13.70645,-0.6243452,-1.541446,0.3885773,375.2073,328.0083,-425.805,329.5737,-321.8005,0.395262,-0.2364804,-0.1510448,-0.2142827,-0.2781718,-0.2153054,-0.2102273,0
2.998815,2.62453,-13.74715,-0.6730311,-1.535644,0.3973768,375.6126,330.864,-425.8582,327.7114,-323.3154,0.3892816,-0.2520197,-0.1533376,-0.2161483,-0.2782066,-0.2140887,-0.2112169,0
2.939788,2.313552,-14.04696,-0.7130297,-1.537254,0.4045346,376.018,334.1069,-425.598,326.3257,-323.4983,0.3828638,-0.2675899,-0.1554483,-0.2182669,-0.2780365,-0.2131835,-0.2113364,0
3.568807,2.63469,-13.44041,-0.7383516,-1.540637,0.4165103,376.4235,337.2746,-426.1559,325.4901,-323.1451,0.3761491,-0.2832379,-0.1573957,-0.2203363,-0.278401,-0.2126376,-0.2111057,0
3.493104,2.302416,-13.76788,-0.7700467,-1.551507,0.4229261,376.829,341.3983,-427.2798,324.933,-323.2082,0.3691203,-0.2990205,-0.159173,-0.2230301,-0.2791352,-0.2122737,-0.2111469,0
4.01888,2.523107,-13.34378,-0.7999083,-1.556566,0.4331446,377.2347,345.9542,-429.8224,325.0261,-324.6469,0.3617568,-0.3149138,-0.1608164,-0.2260065,-0.2807963,-0.2123345,-0.2120868,0
4.157043,2.382621,-13.45072,-0.8342471,-1.562648,0.4404244,377.6404,351.8914,-431.4848,326.1507,-325.3069,0.3540366,-0.3308959,-0.1622543,-0.2298852,-0.2818823,-0.2130692,-0.2125179,0
4.201863,2.153277,-13.68677,-0.8720735,-1.567686,0.4462337,378.0461,357.5346,-434.8738,326.749,-327.8121,0.3459081,-0.3469636,-0.1635302,-0.2335718,-0.2840963,-0.2134601,-0.2141546,0
4.051435,1.740229,-14.21051,-0.9115203,-1.571109,0.4504111,378.452,363.8983,-438.4205,327.9405,-330.5319,0.3373485,-0.3630939,-0.1646293,-0.2377291,-0.2864133,-0.2142384,-0.2159314,0
4.456592,1.838149,-14.00285,-0.9472687,-1.566817,0.4584982,378.8579,370.2746,-441.1983,329.5079,-332.4964,0.3283665,-0.379225,-0.1655162,-0.2418946,-0.288228,-0.2152624,-0.2172147,0
4.426344,1.532521,-14.34259,-0.9882759,-1.563204,0.463013,379.2639,376.2735,-443.9584,330.2924,-334.6299,0.3189083,-0.3953557,-0.1661761,-0.2458136,-0.2900311,-0.2157748,-0.2186085,0
4.791229,1.590574,-14.16082,-1.027079,-1.552573,0.4699957,379.67,382.7685,-446.1627,331.8257,-336.2662,0.308971,-0.4114214,-0.1665847,-0.2500567,-0.2914712,-0.2167766,-0.2196774,0
4.873805,1.387262,-14.33631,-1.069641,-1.540722,0.4744153,380.076,389.0795,-448.3133,332.9105,-338.0247,0.298512,-0.4273998,-0.166719,-0.2541796,-0.2928761,-0.2174852,-0.2208263,0
4.951233,1.178773,-14.51566,-1.113151,-1.52476,0.4781786,380.4822,395.6143,-450.5794,334.1978,-340.0224,0.2875057,-0.4432479,-0.1665755,-0.2584486,-0.2943565,-0.2183262,-0.2221314,0
5.29682,1.218112,-14.34165,-1.155263,-1.502253,0.4834504,380.8885,402.2321,-452.4223,335.7545,-341.6951,0.2759393,-0.4589065,-0.1661245,-0.262772,-0.2955604,-0.2193432,-0.2232241,0
5.186035,0.8368366,-14.74914,-1.201875,-1.479034,0.4847359,381.2947,408.8597,-454.1331,336.9905,-343.4404,0.2637696,-0.4743479,-0.1653515,-0.2671017,-0.2966781,-0.2201506,-0.2243643,0
5.436919,0.7908942,-14.67811,-1.246118,-1.447909,0.4880291,381.701,415.6631,-455.566,338.6843,-345.0019,0.2509939,-0.4894966,-0.1642416,-0.2715463,-0.2976142,-0.2212572,-0.2253844,0
5.474653,0.5501741,-14.87335,-1.293004,-1.413802,0.4891135,382.1074,421.725,-457.4054,339.4764,-347.1573,0.2375663,-0.5043327,-0.1628039,-0.2755064,-0.2988158,-0.2217746,-0.2267925,0
5.686981,0.473179,-14.82456,-1.337793,-1.372316,0.491033,382.5139,428.8562,-457.2804,341.5858,-347.4467,0.2234992,-0.5187506,-0.1609752,-0.2801651,-0.2987341,-0.2231527,-0.2269816,0
5.822223,0.3292614,-14.84489,-1.385405,-1.326818,0.4913945,382.9203,434.1837,-458.5396,341.7606,-349.3388,0.2087431,-0.5327381,-0.1588058,-0.2836455,-0.2995568,-0.2232669,-0.2282176,0
6.034396,0.259607,-14.75882,-1.431269,-1.274028,0.4919167,383.3267,440.9143,-457.749,343.5637,-349.2659,0.1933041,-0.5461898,-0.1562311,-0.2880425,-0.2990403,-0.2244448,-0.22817,0
5.812594,-0.2054791,-15.20325,-1.481975,-1.219152,0.4881959,383.7332,446.6692,-457.3112,344.0943,-349.764,0.1771501,-0.5590643,-0.1532753,-0.291802,-0.2987543,-0.2247914,-0.2284954,0
6.006545,-0.281815,-15.09718,-1.52987,-1.154278,0.4867531,384.1396,452.1534,-457.0329,344.7335,-350.4474,0.1602801,-0.5712838,-0.1499579,-0.2953848,-0.2985725,-0.225209,-0.2289419,0
5.861423,-0.6656783,-15.41134,-1.580586,-1.084934,0.4821955,384.5461,457.5941,-455.7101,345.2224,-350.1136,0.1426752,-0.5827798,-0.1462674,-0.2989391,-0.2977083,-0.2255284,-0.2287237,0
5.966163,-0.811678,-15.36085,-1.630787,-1.005538,0.4786364,384.9525,462.117,-454.2615,345.0652,-349.3629,0.1243414,-0.5934601,-0.1422402,-0.3018938,-0.2967619,-0.2254257,-0.2282334,0
5.948387,-1.063157,-15.43093,-1.684878,-0.9172403,0.4735519,385.3589,466.0001,-451.4621,344.3212,-348.1322,0.1052503,-0.6032276,-0.1378757,-0.3044306,-0.2949332,-0.2249397,-0.2274294,0
6.598909,-0.693095,-14.67568,-1.737988,-0.8131361,0.4725407,385.7652,474.1371,-449.6104,348.4501,-352.5279,0.0853913,-0.6119267,-0.1331825,-0.3097464,-0.2937235,-0.2276371,-0.230301,0
6.389568,-1.116892,-15.15691,-1.779825,-0.7267865,0.4647576,386.1715,482.5901,-448.98,352.9111,-357.4649,0.06487852,-0.6196383,-0.1282056,-0.3152686,-0.2933117,-0.2305513,-0.2335263,0
6.318892,-1.406299,-15.46465,-1.803315,-0.6521095,0.4574333,386.5777,491.0386,-449.5741,357.9795,-362.5498,0.04395781,-0.6264855,-0.1230424,-0.3207879,-0.2936998,-0.2338624,-0.2368481,0
6.199397,-1.732442,-15.83076,-1.818957,-0.586913,0.4492825,386.9838,498.9522,-450.3783,362.6554,-367.3681,0.02275305,-0.6325729,-0.1177381,-0.3259577,-0.2942251,-0.2369171,-0.2399959,0
6.354392,-1.793652,-15.77732,-1.828611,-0.5255793,0.4425014,387.3899,500,-450.6674,367.1845,-371.4662,0.001350228,-0.6379574,-0.1123418,-0.3308728,-0.294414,-0.2398759,-0.2426731,0
6.055138,-2.255374,-16.2283,-1.862854,-0.4911973,0.4318714,387.796,500,-449.7622,370.6136,-374.9503,-0.02036137,-0.6427979,-0.1068613,-0.3365067,-0.2938227,-0.2421161,-0.2449492,0
6.176888,-2.31221,-16.09792,-1.924608,-0.485891,0.4238559,388.202,500,-450.0498,371.7309,-380.2458,-0.0426693,-0.6474349,-0.1013725,-0.3422998,-0.2940105,-0.242846,-0.2484086,0
6.254661,-2.402288,-16.01209,-2.000137,-0.5052201,0.4162161,388.6079,500,-449.0223,373.3839,-384.2566,-0.06576562,-0.6521041,-0.09581031,-0.3496,-0.2933393,-0.2439259,-0.2510288,0
6.157824,-2.647547,-16.13694,-2.090444,-0.550429,0.4076843,389.0137,500,-448.9867,373.6912,-389.2579,-0.08980425,-0.657068,-0.09017146,-0.3572981,-0.293316,-0.2441266,-0.2542962,0
6.506352,-2.479307,-15.68125,-2.184544,-0.6106432,0.4033813,389.4195,500,-448.7148,374.7298,-393.8022,-0.1148936,-0.6624849,-0.08437499,-0.3661695,-0.2931384,-0.2448051,-0.2572649,0
6.216409,-2.897908,-16.0495,-2.293411,-0.6949624,0.395041,389.8252,500,-449.0107,375.1501,-398.935,-0.1412145,-0.6685669,-0.07833322,-0.3759642,-0.2933317,-0.2450797,-0.260618,0
6.053514,-3.197901,-16.27004,-2.410763,-0.7960476,0.3883469,390.2308,500,-449.8105,375.8565,-404.4966,-0.1689166,-0.6754805,-0.07197163,-0.3869381,-0.2938542,-0.2455412,-0.2642513,0
5.992282,-3.401152,-16.35405,-2.535662,-0.9127991,0.3834128,390.6363,500,-448.7527,374.2841,-408.1246,-0.1981749,-0.6833729,-0.06515652,-0.3974008,-0.2931632,-0.2445139,-0.2666215,0
5.949731,-3.573275,-16.22297,-2.663746,-1.040813,0.379553,391.0416,500,-442.4301,369.2197,-406.3427,-0.2291591,-0.6923374,-0.05771351,-0.4063478,-0.2890327,-0.2412055,-0.2654573,0
5.510074,-4.109799,-16.55486,-2.775706,-1.162827,0.3731703,391.4468,500,-435.9714,364.5314,-403.8636,-0.2618269,-0.7023084,-0.0495236,-0.4152495,-0.2848133,-0.2381427,-0.2638378,0
5.836769,-3.934169,-15.88517,-2.864901,-1.266969,0.3724649,391.8517,500,-429.7068,360.5235,-401.08,-0.2960474,-0.7131402,-0.04052527,-0.4237788,-0.2807208,-0.2355244,-0.2620193,0
6.196561,-3.718438,-15.16178,-2.940368,-1.358698,0.371852,392.2564,500,-421.1239,359.2462,-395.8073,-0.3317457,-0.7246068,-0.03056492,-0.4336649,-0.2751137,-0.23469,-0.2585747,0
5.965426,-4.031701,-15.19979,-3.019806,-1.452104,0.3652932,392.6607,500,-413.6376,356.3615,-391.8828,-0.3689933,-0.7366841,-0.01959201,-0.4430039,-0.270223,-0.2328054,-0.2560109,0
5.989479,-4.091294,-14.90158,-3.090036,-1.537705,0.3595057,393.0648,500,-405.4921,354.3133,-387.2005,-0.4078085,-0.7492836,-0.007534035,-0.4527222,-0.2649017,-0.2314674,-0.2529521,0
5.575531,-4.534371,-15.1652,-3.154523,-1.621161,0.3492903,393.4683,500,-396.7108,352.887,-381.814,-0.4481961,-0.7623036,0.005709666,-0.4629096,-0.259165,-0.2305356,-0.2494331,0
5.935342,-4.23787,-14.41288,-3.207097,-1.695433,0.3431113,393.8714,500,-387.6933,352.0102,-376.0518,-0.4901329,-0.7756488,0.02019481,-0.4731378,-0.253274,-0.2299628,-0.2456688,0
5.518578,-4.631163,-14.65634,-3.257561,-1.772573,0.3293576,394.274,500,-377.9401,351.6605,-369.5319,-0.5336863,-0.7892461,0.03605846,-0.4839972,-0.2469024,-0.2297343,-0.2414094,0
5.289426,-4.821463,-14.65726,-3.30161,-1.848277,0.3144669,394.6759,500,-368.1307,351.3849,-362.8517,-0.578871,-0.8030542,0.0533551,-0.4949496,-0.240494,-0.2295543,-0.2370454,0
5.101845,-4.941861,-14.58892,-3.33527,-1.92092,0.2975283,395.0772,500,-357.9533,351.6962,-355.573,-0.6256956,-0.8169866,0.07219043,-0.50615,-0.2338453,-0.2297577,-0.2322903,0
5.293323,-4.678746,-14.01877,-3.358197,-1.989683,0.2804531,395.4778,500,-346.8084,353.2127,-347.1186,-0.6741513,-0.8309471,0.0926556,-0.5179632,-0.2265645,-0.2307484,-0.2267672,0
4.939227,-4.884188,-14.14857,-3.378796,-2.063543,0.2558287,395.8776,500,-335.9304,354.2508,-338.8511,-0.7243235,-0.8449151,0.1148725,-0.5297925,-0.2194581,-0.2314266,-0.2213661,0
5.075493,-4.601551,-13.63705,-3.386439,-2.132964,0.2311741,396.2766,500,-323.7233,356.9681,-328.9549,-0.7761635,-0.8587736,0.1389111,-0.542457,-0.2114834,-0.2332018,-0.2149011,0
4.978483,-4.496863,-13.41002,-3.389007,-2.205469,0.2005373,396.6747,500,-312.2664,358.859,-319.6682,-0.8297547,-0.8724988,0.1649015,-0.5547732,-0.2039988,-0.234437,-0.2088343,0
4.576645,-4.638153,-13.581,-3.383942,-2.279863,0.1632354,397.0719,500,-299.5777,362.035,-308.9179,-0.885122,-0.8860145,0.1929512,-0.5680107,-0.1957095,-0.2365119,-0.2018112,0
4.435367,-4.502759,-13.40415,-3.367557,-2.351944,0.1230864,397.4681,500,-287.0359,365.3071,-298.0466,-0.9422246,-0.8992463,0.2231193,-0.5811685,-0.1875161,-0.2386494,-0.1947092,0
4.312517,-4.315058,-13.18651,-3.340653,-2.422203,0.07813887,397.8633,500,-274.5583,368.7047,-287.0047,-1.001097,-0.9121324,0.2555149,-0.594314,-0.1793647,-0.240869,-0.1874957,0
4.245341,-4.043242,-12.89351,-3.302052,-2.489557,0.02846677,398.2574,500,-260.6846,373.7504,-274.3217,-1.061666,-0.9245566,0.2901807,-0.6083666,-0.1703012,-0.2441653,-0.1792101,0
4.073912,-3.835732,-12.72159,-3.25581,-2.556722,-0.02753606,398.6505,500,-246.9215,378.7235,-261.6272,-1.123887,-0.9364384,0.3271614,-0.6224021,-0.1613099,-0.2474141,-0.170917,0
3.831045,-3.664641,-12.6296,-3.20141,-2.622999,-0.08978055,399.0424,500,-233.3916,383.5151,-249.0413,-1.187794,-0.9477332,0.3665406,-0.636333,-0.1524711,-0.2505445,-0.1626948,0
3.749544,-3.318949,-12.32199,-3.133893,-2.68428,-0.156427,399.4331,500,-218.6845,389.7946,-235.0574,-1.253257,-0.9583327,0.4083034,-0.650974,-0.1428632,-0.2546467,-0.1535594,0
3.167969,-3.412296,-12.65167,-3.060598,-2.746724,-0.2326166,399.8226,500,-204.1265,395.8445,-221.1914,-1.320204,-0.9681634,0.4524625,-0.6655908,-0.1333527,-0.258599,-0.1445009,0
2.811072,-3.278425,-12.67923,-2.976252,-2.804225,-0.3130334,400.2109,500,-189.2979,402.3615,-206.9629,-1.388519,-0.9771552,0.4989841,-0.6803158,-0.1236654,-0.2628565,-0.1352057,0
2.61468,-2.980286,-12.4833,-2.880792,-2.856632,-0.3980996,400.598,500,-174.0598,409.4855,-192.2611,-1.458057,-0.9852259,0.5478157,-0.6952209,-0.1137106,-0.2675105,-0.1256012,0
2.86958,-2.252278,-11.68727,-2.773707,-2.902438,-0.4857649,400.9838,500,-157.8199,417.8524,-176.5302,-1.528575,-0.9922799,0.5988228,-0.710641,-0.1031013,-0.2729765,-0.1153245,0
2.121817,-2.439356,-12.18171,-2.668845,-2.955277,-0.5870346,401.3683,500,-142.2367,425.0629,-161.7043,-1.600085,-0.9982764,0.6520427,-0.7257963,-0.09292103,-0.277687,-0.1056389,0
1.711797,-2.30308,-12.23572,-2.553438,-3.002981,-0.69173,401.7515,500,-126.313,432.7876,-146.5511,-1.672404,-1.003178,0.7073734,-0.7410521,-0.08251831,-0.2827334,-0.09573958,0
1.574836,-1.904646,-11.9129,-2.425819,-3.043769,-0.7997535,402.1334,500,-110.1771,440.997,-131.2175,-1.745253,-1.006906,0.7646456,-0.7562475,-0.071977,-0.2880965,-0.08572232,0
1.552599,-1.382953,-11.42031,-2.290271,-3.079978,-0.9117335,402.514,500,-93.00832,450.3217,-115.0375,-1.818321,-1.009385,0.8236434,-0.771942,-0.06076089,-0.2941881,-0.0751522,0
1.069453,-1.245248,-11.48822,-2.153731,-3.117085,-1.030031,402.8933,500,-71.73382,454.0217,-95.12961,-1.891501,-1.010577,0.8842914,-0.7840709,-0.04686259,-0.2966053,-0.06214669,0
0.5463284,-0.4944516,-10.51468,-1.990986,-3.133642,-1.140478,403.2713,500,-33.06059,445.0039,-57.60582,-1.964206,-1.010422,0.9461603,-0.786561,-0.02159797,-0.2907141,-0.03763299,0
0.6301093,-0.8228174,-9.858804,-1.61109,-3.136396,-1.330244,403.648,500,-10.41341,442.0126,-12.73994,-2.034263,-1.008736,1.009133,-0.785013,0.001874526,-0.2887599,-0.007935526,0
0.5413527,-0.7058075,-9.435249,-1.442281,-2.997228,-1.482997,404.0234,500,-10,410.9395,-10,-2.101665,-1.007236,1.071361,-0.7689973,0.01356544,-0.2684603,-0.0003267929,0
0.4760703,-0.671097,-9.290845,-1.155429,-2.723128,-1.629888,404.3975,500,-10,409.1608,-10,-2.164106,-1.005974,1.130699,-0.7646038,0.03849366,-0.2672984,0.02177358,0
0.4037936,-0.6773974,-9.235701,-0.8217059,-2.413178,-1.77358,404.7703,500,-10,401.6014,-10,-2.220367,-1.005812,1.186671,-0.7535084,0.05514888,-0.26236,0.03692994,0
0.4995951,-0.5669391,-9.060951,-0.4426823,-2.069328,-1.912766,405.1417,500,-10,398.164,-10,-2.270023,-1.007151,1.239196,-0.7422483,0.06919492,-0.2601143,0.05092157,0
0.6459607,-0.4343813,-8.829714,-0.04987352,-1.718907,-2.049352,405.5118,500,-10,399.528,-10,-2.313266,-1.010423,1.288677,-0.733029,0.08169369,-0.2610055,0.06443595,0
0.7867331,-0.3339621,-8.649832,0.3449492,-1.373115,-2.184366,405.8805,500,-10,400.9611,-10,-2.350584,-1.01597,1.335718,-0.7235196,0.08967026,-0.2619416,0.07439058,0
0.3794212,-0.7679492,-9.250921,0.7314845,-1.043002,-2.322325,406.2478,500,-10,404.052,-10,-2.382563,-1.023934,1.380907,-0.7154498,0.094419,-0.2639609,0.08196556,0
0.3056512,-0.9130019,-9.441461,1.101165,-0.7353857,-2.457518,406.6137,500,-10,409.0754,-10,-2.41009,-1.034364,1.42502,-0.7095687,0.09655168,-0.2672426,0.08757508,0
0.7838199,-0.5658271,-8.952927,1.44893,-0.4554478,-2.588854,406.9782,500,-10,418.3818,-10,-2.433974,-1.047208,1.468726,-0.7074805,0.09623529,-0.2733223,0.09109381,0
0.5535045,-0.88855,-9.461122,1.749597,-0.2276025,-2.726534,407.3413,500,-10,429.32,-10,-2.455495,-1.062236,1.512989,-0.7092887,0.09245628,-0.280468,0.09119815,0
1.116544,-0.478823,-8.947337,1.997038,-0.05453781,-2.860255,407.703,500,-10,441.6819,-10,-2.474044,-1.078164,1.558878,-0.7149345,0.08849876,-0.2885439,0.09094466,0
1.129734,-0.5717751,-9.166397,2.177495,0.04967311,-3.000218,408.0632,500,-10,453.5625,-10,-2.495051,-1.096203,1.60751,-0.724787,0.08426587,-0.2963054,0.08966434,0
1.143358,-0.6494684,-9.365308,2.294276,0.08927251,-3.142392,408.422,500,-10,464.8923,-10,-2.519595,-1.115215,1.660605,-0.7386124,0.08093186,-0.3037069,0.08826623,0
1.181718,-0.6890014,-9.539307,2.353733,0.07033581,-3.286347,408.7794,500,-10,477.9564,-10,-2.549113,-1.1344,1.719568,-0.7576444,0.08080634,-0.3122415,0.08884768,0
1.163358,-0.7588173,-9.782297,2.349006,-0.01171914,-3.432984,409.1353,500,-10,490.4511,-10,-2.585923,-1.153022,1.78615,-0.7809263,0.08391634,-0.3204041,0.09090859,0
0.9678589,-0.9659583,-10.24546,2.280558,-0.1549681,-3.583201,409.4898,500,-10,499.7673,-10,-2.632269,-1.170216,1.862026,-0.8098547,0.09286062,-0.329476,0.09658831,0
1.167689,-0.7671955,-10.05252,2.160772,-0.345891,-3.732458,409.8428,500,-10,500,-10,-2.690078,-1.185024,1.948609,-0.8919059,0.06048855,-0.3872274,0.05832705,0
1.202109,-0.7002506,-10.03129,2.036358,-0.5453073,-3.882668,410.1944,500,-10,500,-10,-2.759922,-1.196604,2.046312,-0.9370719,0.07539938,-0.4062454,0.06587458,0
1.119951,-0.7256193,-10.14802,1.915505,-0.7454274,-4.033244,410.5445,500,-10,500,-10,-2.841107,-1.204177,2.154478,-0.9769201,0.1064827,-0.4190224,0.08741647,0
1.171778,-0.6130961,-10.07582,1.800656,-0.9428343,-4.182436,410.8932,500,-10,500,-10,-2.93187,-1.20695,2.271381,-1.020313,0.1420856,-0.4350087,0.1111931,0
0.9676359,-0.7244007,-10.32433,1.689628,-1.13913,-4.33323,411.2404,500,-10,500,-10,-3.029185,-1.204206,2.39404,-1.066203,0.1813561,-0.4536806,0.1364848,0
0.7755646,-0.813291,-10.54364,1.584678,-1.33091,-4.483743,411.5861,500,-10,500,-10,-3.129217,-1.195409,2.518662,-1.112112,0.222064,-0.473424,0.1614285,0
0.9544382,-0.5496328,-10.26506,1.488535,-1.514139,-4.631414,411.9304,500,-10,500,-10,-3.227687,-1.180317,2.641049,-1.156447,0.2627802,-0.4935214,0.1851447,0
1.029583,-0.3735499,-10.10872,1.397956,-1.691302,-4.779827,412.2732,500,-10,500,-10,-3.320841,-1.158972,2.757508,-1.197279,0.3014864,-0.5123998,0.2061496,0
0.7528189,-0.5158431,-10.39881,1.311133,-1.863216,-4.930876,412.6145,500,-10,500,-10,-3.406089,-1.131633,2.865497,-1.233016,0.3364595,-0.5286667,0.2231802,0
0.8112549,-0.3429527,-10.23776,1.232664,-2.023548,-5.079515,412.9543,500,-10,500,-10,-3.481976,-1.098798,2.96367,-1.263703,0.3678245,-0.5427154,0.2365503,0
0.8922444,-0.1449569,-10.0339,1.160047,-2.173754,-5.228059,413.2926,500,-10,500,-10,-3.548224,-1.060977,3.051807,-1.288511,0.3942901,-0.5533345,0.245512,0
0.7700522,-0.1313432,-10.082,1.091289,-2.314652,-5.378148,413.6293,500,-10,500,-10,-3.605267,-1.018721,3.13043,-1.30862,0.4170251,-0.5615745,0.2511261,0
0.6090739,-0.1507573,-10.16732,1.027036,-2.444036,-5.528501,413.9645,500,-10,500,-10,-3.653998,-0.9725298,3.200525,-1.323811,0.4357717,-0.5670694,0.253065,0
0.7702999,0.1301372,-9.818663,0.9692229,-2.558119,-5.676355,414.2982,500,-10,500,-10,-3.695424,-0.9228808,3.263215,-1.335083,0.451518,-0.5707404,0.2522624,0
0.3979991,-0.07949913,-10.1549,0.9111854,-2.66239,-5.827933,414.6302,500,-10,500,-10,-3.730603,-0.8701383,3.319625,-1.342774,0.4644081,-0.5723656,0.2486881,0
0.3313364,-0.004615618,-10.08233,0.857969,-2.749097,-5.976956,414.9608,500,-10,500,-10,-3.760495,-0.8146619,3.370856,-1.347611,0.4752888,-0.5728367,0.2431157,0
0.3295737,0.1309726,-9.919872,0.8068995,-2.818723,-6.125221,415.2897,500,-10,500,-10,-3.785912,-0.7567856,3.417848,-1.350091,0.4845968,-0.5723923,0.2358434,0
-0.169215,-0.1952069,-10.40841,0.7528303,-2.874286,-6.277059,415.6169,500,-10,500,-10,-3.807595,-0.6967548,3.46144,-1.350401,0.4924196,-0.5708483,0.2267865,0
0.2563003,0.3243952,-9.700158,0.7041962,-2.903831,-6.42235,415.9426,500,-10,500,-10,-3.82613,-0.634854,3.502413,-1.349146,0.4997517,-0.569275,0.2166264,0
-0.4135406,-0.1849706,-10.44224,0.6451106,-2.922706,-6.576606,416.2666,500,-10,500,-10,-3.842016,-0.5712953,3.541361,-1.34667,0.5062056,-0.5667818,0.205203,0
0.1294975,0.399792,-9.625354,0.5896575,-2.913889,-6.723416,416.5889,500,-10,500,-10,-3.85567,-0.5062656,3.578916,-1.342605,0.5120009,-0.5640389,0.1925999,0
-0.3558372,-0.0008289292,-10.17658,0.5199676,-2.896628,-6.879835,416.9095,500,-10,500,-10,-3.86739,-0.4399704,3.615501,-1.338375,0.5181041,-0.5613682,0.1795962,0
-0.50038,-0.1256469,-10.29971,0.4433844,-2.863134,-7.035848,417.2284,500,-10,500,-10,-3.877476,-0.3724701,3.651587,-1.332448,0.5231588,-0.5576261,0.1648726,0
-0.3197994,0.01294157,-10.00488,0.3578497,-2.816641,-7.191245,417.5457,500,-10,500,-10,-3.886078,-0.3039254,3.687517,-1.326713,0.5289638,-0.5545236,0.1502297,0
-0.2697099,0.0008080984,-9.883483,0.2588543,-2.76365,-7.34883,417.8612,500,-10,500,-10,-3.893331,-0.2344273,3.723604,-1.320936,0.5351329,-0.5515059,0.1352658,0
-0.3700104,-0.1714368,-9.971745,0.145931,-2.707051,-7.508203,418.1749,500,-10,500,-10,-3.899342,-0.1640004,3.760127,-1.314722,0.5412083,-0.5480879,0.1195584,0
-0.1151284,-0.0260227,-9.628855,0.02374261,-2.645576,-7.665112,418.487,500,-10,500,-10,-3.904121,-0.09271365,3.797352,-1.308953,0.5482718,-0.5454916,0.1041295,0
-0.4903959,-0.4592057,-10.15267,-0.1114365,-2.589367,-7.826237,418.7973,500,-10,500,-10,-3.907642,-0.02059202,3.835511,-1.303715,0.5558726,-0.5430045,0.08880319,0
-0.1139588,-0.1775518,-9.72475,-0.2446941,-2.529729,-7.980902,419.1058,500,-10,500,-10,-3.909737,0.0523132,3.874888,-1.298936,0.5642548,-0.5415468,0.07418453,0
-0.04291683,-0.1477897,-9.696913,-0.3774319,-2.475531,-8.137259,419.4127,500,-10,500,-10,-3.910194,0.125975,3.915739,-1.294505,0.5731453,-0.5408397,0.06015566,0
0.09132934,-0.03345384,-9.57061,-0.5028645,-2.423114,-8.293851,419.7178,500,-10,500,-10,-3.908665,0.2003519,3.958425,-1.290574,0.5827848,-0.5414002,0.04714634,0
0.03643864,-0.08088242,-9.686131,-0.6216756,-2.372778,-8.453643,420.0212,500,-10,500,-10,-3.904727,0.2753882,4.003388,-1.286608,0.5926342,-0.5427226,0.03465254,0
-0.3362028,-0.4151915,-10.23469,-0.7352828,-2.324183,-8.617078,420.3229,500,-10,500,-10,-3.89783,0.3509567,4.051186,-1.2835,0.6035953,-0.5457334,0.02359486,0
0.2755476,0.1776907,-9.521161,-0.8334174,-2.266796,-8.772265,420.6229,500,-10,500,-10,-3.88725,0.4268698,4.102541,-1.281087,0.6157342,-0.550945,0.01425449,0
0.3347582,0.2981265,-9.528635,-0.9222054,-2.212255,-8.928115,420.9212,500,-10,500,-10,-3.872136,0.5028892,4.158268,-1.280254,0.6296631,-0.5588776,0.007425466,0
0.1853856,0.27618,-9.768862,-0.9929766,-2.156635,-9.081246,421.2177,500,-10,500,-10,-3.851282,0.5786673,4.219472,-1.281523,0.6462138,-0.5707952,0.004061569,0
-0.01637161,0.2490608,-10.01045,-1.040387,-2.095741,-9.231587,421.5126,500,-10,500,-10,-3.823149,0.6537547,4.287576,-1.284519,0.6647046,-0.5863119,0.004083543,0
0.04807487,0.4890597,-9.83403,-1.062342,-2.022927,-9.378654,421.8058,500,-10,500,-10,-3.785728,0.7274925,4.364463,-1.290356,0.6865069,-0.6072953,0.009100743,0
-0.05608332,0.569578,-9.823527,-1.066113,-1.937376,-9.527081,422.0974,500,-10,500,-10,-3.736478,0.7989726,4.452603,-1.299624,0.71215,-0.634402,0.01983232,0
-0.2622328,0.5337506,-9.915742,-1.057615,-1.835424,-9.676908,422.3873,500,-10,500,-10,-3.672244,0.8669287,4.555135,-1.313219,0.7424735,-0.6687539,0.03745597,0
-0.5007408,0.4360403,-10.04284,-1.042831,-1.714896,-9.827505,422.6755,500,-10,500,-10,-3.589332,0.9296213,4.675802,-1.332622,0.7787684,-0.712034,0.06384385,0
-0.4530373,0.567243,-9.807199,-1.024794,-1.573265,-9.976164,422.9622,500,-10,500,-10,-3.483852,0.9847008,4.818583,-1.35945,0.8223047,-0.766083,0.1011853,0
-0.4542977,0.6173687,-9.659458,-1.009476,-1.414414,-10,423.2471,500,-10,500,-10,-3.35349,1.028968,4.985761,-1.403909,0.8824925,-0.8406146,0.1599876,0
-0.967264,0.1599238,-10.21148,-1.002307,-1.244227,-10,423.5305,500,-10,500,-10,-3.200472,1.05888,5.175008,-1.467431,0.9596812,-0.9357888,0.2414951,0
-0.8885022,0.2162502,-10.02485,-0.9967828,-1.057108,-10,423.8123,500,-10,500,-10,-3.031116,1.071478,5.38011,-1.535694,1.038697,-1.037147,0.3321005,0
-1.022307,0.04530297,-10.15007,-0.9991488,-0.8624473,-10,424.0924,500,-10,500,-10,-2.85775,1.065021,5.58891,-1.606057,1.115794,-1.139393,0.427613,0
-0.9784082,0.010322,-10.07549,-1.007003,-0.6604012,-10,424.371,500,-10,500,-10,-2.694905,1.039695,5.787019,-1.675184,1.187495,-1.234765,0.5204102,0
-0.7905804,0.08310573,-9.842838,-1.020719,-0.4542499,-10,424.6479,500,-10,500,-10,-2.553664,0.9976228,5.96348,-1.738638,1.249877,-1.317536,0.6042533,0
-0.8960924,-0.1370907,-10.0209,-1.043309,-0.250188,-10,424.9233,500,-10,500,-10,-2.438582,0.9420692,6.113934,-1.794713,1.302044,-1.385958,0.6765836,0
-0.8939736,-0.2762067,-10.08382,-1.071716,-0.04773929,-10,425.1971,500,-10,500,-10,-2.348751,0.8762914,6.239434,-1.843488,1.344971,-1.441234,0.7377075,0
-0.8264785,-0.3695443,-10.08488,-1.105713,0.150326,-10,425.4693,500,-10,500,-10,-2.280618,0.8030434,6.34376,-1.885838,1.380125,-1.485377,0.7890474,0
-0.8114874,-0.5220405,-10.17609,-1.145306,0.3408208,-10,425.7399,500,-10,500,-10,-2.230108,0.7243937,6.431213,-1.923017,1.409112,-1.520613,0.8324746,0
-0.7153609,-0.6058249,-10.18038,-1.188436,0.5226879,-10,426.0089,500,-10,500,-10,-2.193595,0.6418194,6.505623,-1.956253,1.433276,-1.549029,0.8699625,0
-0.3292114,-0.4228581,-9.821218,-1.232201,0.6956953,-10,426.2762,500,-10,500,-10,-2.168174,0.5563778,6.570132,-1.986414,1.453937,-1.572342,0.9027756,0
-0.06030348,-0.3435127,-9.624957,-1.277665,0.8551927,-10,426.542,500,-10,500,-10,-2.151633,0.468842,6.627243,-2.014462,1.471854,-1.591608,0.9321718,0
-0.1165681,-0.5527664,-9.854771,-1.324106,0.9985248,-10,426.8061,500,-10,500,-10,-2.142331,0.3797885,6.678923,-2.041091,1.48773,-1.607793,0.9591113,0
-0.3972526,-0.9492254,-10.36768,-1.368156,1.125983,-10,427.0686,500,-10,500,-10,-2.139075,0.289669,6.726754,-2.066795,1.502105,-1.621727,0.9843737,0
0.4188558,-0.3034204,-9.425008,-1.397387,1.247928,-10,427.3294,500,-10,500,-10,-2.140964,0.198806,6.771959,-2.091664,1.515333,-1.634315,1.008603,0
0.2564195,-0.5262506,-9.727431,-1.422784,1.349207,-10,427.5886,500,-10,500,-10,-2.147413,0.1075095,6.81563,-2.116454,1.527852,-1.645708,1.032267,0
0.2372815,-0.5794873,-9.808056,-1.433404,1.440148,-10,427.8461,500,-10,500,-10,-2.158009,0.01602216,6.858674,-2.141203,1.539948,-1.656626,1.055838,0
0.474892,-0.3656128,-9.531066,-1.426976,1.524051,-10,428.1019,500,-10,500,-10,-2.172529,-0.07543102,6.901923,-2.16622,1.551864,-1.667445,1.079758,0
0.2573978,-0.5597572,-9.851419,-1.409704,1.59816,-10,428.3561,500,-10,500,-10,-2.190955,-0.1666341,6.946175,-2.191764,1.564093,-1.678567,1.104195,0
0.2435813,-0.5764683,-9.936446,-1.380962,1.669608,-10,428.6086,500,-10,500,-10,-2.213449,-0.2573838,6.992222,-2.218196,1.577047,-1.690289,1.129395,0
0.5727963,-0.3072522,-9.620218,-1.345022,1.739544,-10,428.8594,500,-10,500,-10,-2.240398,-0.3474604,7.04092,-2.245967,1.591183,-1.70287,1.15561,0
0.6551322,-0.3040687,-9.666955,-1.309961,1.800671,-10,429.1086,500,-10,500,-10,-2.272477,-0.4365764,7.093298,-2.275755,1.607027,-1.716481,1.183166,0
0.3761775,-0.6597797,-10.19899,-1.276706,1.846773,-10,429.356,500,-10,500,-10,-2.310673,-0.5243363,7.150643,-2.308231,1.62513,-1.731521,1.212579,0
0.6606444,-0.4920135,-9.978419,-1.234309,1.878654,-10,429.6018,500,-10,500,-10,-2.356287,-0.6102119,7.214572,-2.343935,1.646079,-1.748787,1.244599,0
0.5241293,-0.6835382,-10.28059,-1.182614,1.883688,-10,429.8459,500,-10,500,-10,-2.411054,-0.6934692,7.287156,-2.383957,1.670727,-1.768907,1.280094,0
0.9940597,-0.2731181,-9.776003,-1.108429,1.867591,-10,430.0883,500,-10,500,-10,-2.47717,-0.7731457,7.370969,-2.429187,1.700166,-1.793124,1.320102,0
1.126209,-0.1355227,-9.714689,-1.015796,1.823737,-10,430.3291,500,-10,500,-10,-2.557481,-0.8479257,7.46919,-2.481339,1.735855,-1.822357,1.365798,0
1.010791,-0.1932219,-9.980099,-0.9050356,1.755687,-10,430.5682,500,-10,500,-10,-2.655334,-0.9160916,7.585459,-2.541827,1.779811,-1.858208,1.41818,0
1.205323,0.06582619,-9.829002,-0.7749226,1.671751,-10,430.8057,500,-10,500,-10,-2.774126,-0.9754522,7.723438,-2.612309,1.834069,-1.902054,1.478251,0
1.288861,0.251046,-9.792722,-0.6308334,1.572623,-10,431.0416,500,-10,500,-10,-2.916352,-1.02322,7.885801,-2.693961,1.900363,-1.954934,1.546489,0
1.025921,0.1422311,-10.16735,-0.4758925,1.459664,-10,431.2759,500,-10,500,-10,-3.081425,-1.056225,8.072134,-2.786301,1.979067,-2.016988,1.622178,0
1.283517,0.5366176,-9.817325,-0.3050116,1.342045,-10,431.5085,500,-10,500,-10,-3.263189,-1.071456,8.276455,-2.885799,2.067897,-2.086788,1.702647,0
1.176566,0.6118091,-9.900535,-0.1255296,1.215131,-10,431.7396,500,-10,500,-10,-3.449169,-1.06699,8.486431,-2.986199,2.161415,-2.160372,1.783112,0
0.8566142,0.5029051,-10.22235,0.0618959,1.08231,-10,431.9691,500,-10,500,-10,-3.623974,-1.042983,8.68684,-3.079842,2.252371,-2.232785,1.858213,0
1.014082,0.842352,-9.884851,0.2597604,0.9511762,-10,432.1969,500,-10,500,-10,-3.775576,-1.001714,8.86582,-3.160988,2.334797,-2.29994,1.924088,0
0.7326293,0.7772427,-10.08965,0.4587913,0.8168595,-10,432.4232,500,-10,500,-10,-3.898951,-0.9466111,9.018467,-3.227826,2.405719,-2.359585,1.979648,0
0.5651129,0.8119756,-10.12006,0.6595147,0.6856776,-10,432.648,500,-10,500,-10,-3.994992,-0.8812052,9.145856,-3.281164,2.465315,-2.411799,2.025604,0
0.436888,0.8711919,-10.07974,0.8576988,0.5588807,-10,432.8711,500,-10,500,-10,-4.067476,-0.8084096,9.251921,-3.323303,2.515229,-2.457544,2.063575,0
0.3964887,0.9937176,-9.911893,1.049699,0.4384143,-10,433.0927,500,-10,500,-10,-4.120752,-0.730414,9.341177,-3.356704,2.55749,-2.4981,2.095271,0
0.008009613,0.771293,-10.19296,1.228347,0.3221912,-10,433.3127,500,-10,500,-10,-4.15869,-0.6487738,9.417629,-3.3836,2.593984,-2.534551,2.122124,0
0.06768844,0.9351685,-9.890218,1.395137,0.2172879,-10,433.5311,500,-10,500,-10,-4.184391,-0.5646133,9.48457,-3.40557,2.62626,-2.568047,2.145314,0
-0.3062215,0.6677491,-10.16228,1.54019,0.1174023,-10,433.7478,500,-10,500,-10,-4.200245,-0.4787233,9.544543,-3.424138,2.655581,-2.599173,2.165687,0
-0.2096627,0.8040394,-9.832763,1.666729,0.02964558,-10,433.963,500,-10,500,-10,-4.208046,-0.3916942,9.599545,-3.440161,2.682889,-2.628724,2.183953,0
-0.7832521,0.2915464,-10.39251,1.764295,-0.05472628,-10,434.1765,500,-10,500,-10,-4.209157,-0.3039574,9.651111,-3.454635,2.709081,-2.656977,2.200487,0
-0.6358638,0.4165484,-10.02362,1.840209,-0.1244769,-10,434.3884,500,-10,500,-10,-4.20456,-0.2158824,9.700524,-3.468082,2.734574,-2.684473,2.215938,0
-0.8315884,0.1932868,-10.11945,1.884311,-0.1868363,-10,434.5987,500,-10,500,-10,-4.194992,-0.1277788,9.748855,-3.481159,2.759994,-2.711442,2.230564,0
-0.934747,0.01985977,-10.1221,1.897146,-0.2378412,-10,434.8073,500,-10,500,-10,-4.180984,-0.03992366,9.797027,-3.494227,2.785804,-2.738288,2.244668,0
-0.9250622,-0.08665166,-10.02013,1.877958,-0.2783145,-10,435.0143,500,-10,500,-10,-4.162884,0.04742314,9.84588,-3.507689,2.812372,-2.765307,2.25858,0
-0.9182988,-0.2293329,-9.975007,1.827173,-0.311772,-10,435.2195,500,-10,500,-10,-4.140856,0.1340062,9.896205,-3.521921,2.839983,-2.792773,2.272668,0
-1.00841,-0.4874549,-10.10965,1.74641,-0.3418453,-10,435.4232,500,-10,500,-10,-4.114891,0.2195754,9.948774,-3.537261,2.868883,-2.82099,2.287325,0
-1.199467,-0.8566608,-10.4217,1.637608,-0.3703645,-10,435.6253,500,-10,500,-10,-4.084812,0.3038673,10.00438,-3.55402,2.899332,-2.850307,2.302951,0
-0.9554281,-0.8349024,-10.20267,1.506094,-0.3937813,-10,435.8257,500,-10,500,-10,-4.050263,0.3865807,10.0639,-3.572409,2.931609,-2.881234,2.31999,0
-0.6672565,-0.778666,-9.959476,1.351084,-0.4153563,-10,436.0245,500,-10,500,-10,-4.01071,0.4673691,10.12831,-3.592773,2.966147,-2.914239,2.338822,0
-0.8898307,-1.196506,-10.41605,1.171374,-0.4398505,-10,436.2217,500,-10,500,-10,-3.96542,0.5458246,10.19874,-3.615814,3.003227,-2.949554,2.360097,0
-0.5661234,-1.105985,-10.18895,0.9776595,-0.4597427,-10,436.4174,500,-10,500,-10,-3.913336,0.6214063,10.27654,-3.641639,3.043224,-2.988194,2.384565,0
-0.1252669,-0.895817,-9.831992,0.7709243,-0.4789314,-10,436.6114,500,-10,500,-10,-3.853189,0.6934761,10.36324,-3.670811,3.0866,-3.030865,2.413033,0
0.1001907,-0.8646938,-9.770246,0.5536138,-0.500442,-10,436.8039,500,-10,500,-10,-3.783443,0.7612327,10.46061,-3.703956,3.133848,-3.078394,2.446459,0
0.06687447,-1.045224,-10.05108,0.3308445,-0.5249352,-10,436.9948,500,-10,500,-10,-3.702358,0.8236699,10.57053,-3.741682,3.185452,-3.131747,2.485934,0
-0.1104641,-1.325929,-10.51681,0.1090885,-0.5516872,-10,437.1842,500,-10,500,-10,-3.608114,0.8795078,10.69492,-3.784585,3.241833,-3.191915,2.532623,0
0.1304249,-1.183584,-10.42655,-0.1022126,-0.5763029,-10,437.372,500,-10,500,-10,-3.499221,0.9271731,10.8353,-3.833064,3.303188,-3.259755,2.587588,0
0.4437648,-0.9351771,-10.22605,-0.3003808,-0.6011295,-10,437.5583,500,-10,500,-10,-3.375208,0.9648431,10.99213,-3.887407,3.369285,-3.33536,2.651438,0
0.4100427,-0.966642,-10.45728,-0.4837861,-0.628787,-10,437.743,500,-10,500,-10,-3.237628,0.9906776,11.16387,-3.947186,3.439196,-3.417882,2.723828,0
0.9061549,-0.4667253,-9.96855,-0.6422876,-0.6516156,-10,437.9261,500,-10,500,-10,-3.090596,1.002975,11.34631,-4.011196,3.510965,-3.505043,2.803231,0
0.8460002,-0.4389435,-10.17231,-0.7799923,-0.6769035,-10,438.1077,500,-10,500,-10,-2.940904,1.000707,11.5326,-4.07747,3.581844,-3.593123,2.886705,0
0.8027787,-0.3546992,-10.31391,-0.8900129,-0.6989432,-10,438.2877,500,-10,500,-10,-2.796554,0.9838254,11.71462,-4.143291,3.648892,-3.678118,2.970473,0
1.215189,0.1886247,-9.815504,-0.96716,-0.7128882,-10,438.4661,500,-10,500,-10,-2.664538,0.9533335,11.88525,-4.206152,3.709782,-3.756645,3.050972,0
0.9502625,0.1391812,-10.15413,-1.01819,-0.7258739,-10,438.643,500,-10,500,-10,-2.549147,0.9110127,12.04011,-4.264625,3.763353,-3.826483,3.125712,0
1.083695,0.483778,-9.924126,-1.035556,-0.7279076,-10,438.8182,500,-10,500,-10,-2.451674,0.8589104,12.17773,-4.317747,3.809448,-3.887397,3.193653,0
0.8046956,0.4640675,-10.18643,-1.02607,-0.7236362,-10,438.9919,500,-10,500,-10,-2.371257,0.799059,12.29894,-4.365706,3.848726,-3.939867,3.254803,0
1.128544,1.007648,-9.618903,-0.9849545,-0.7038128,-10,439.164,500,-10,500,-10,-2.305901,0.733116,12.40557,-4.408723,3.882077,-3.985202,3.309804,0
0.5943013,0.7530335,-10.13607,-0.9258741,-0.6785967,-10,439.3345,500,-10,500,-10,-2.253323,0.6624638,12.49989,-4.447702,3.91046,-4.02438,3.359578,0
0.8105011,1.174937,-9.644905,-0.8421927,-0.6347057,-10,439.5034,500,-10,500,-10,-2.211349,0.5881085,12.584,-4.482947,3.934953,-4.058828,3.404778,0
0.4350207,1.023063,-9.907513,-0.7489382,-0.5817678,-10,439.6708,500,-10,500,-10,-2.178138,0.5108388,12.65977,-4.515437,3.956306,-4.08912,3.446207,0
-0.254806,0.5478857,-10.56852,-0.6506488,-0.51665,-10,439.8366,500,-10,500,-10,-2.152226,0.4312625,12.7288,-4.545703,3.975245,-4.116051,3.484467,0
0.008959033,0.9213732,-9.974193,-0.5452775,-0.427747,-10,440.0009,500,-10,500,-10,-2.132448,0.3497751,12.79231,-4.573959,3.992319,-4.140415,3.520012,0
-0.5158728,0.536248,-10.40367,-0.4508415,-0.3261755,-10,440.1636,500,-10,500,-10,-2.117999,0.2667237,12.85137,-4.600988,4.008123,-4.162323,3.553144,0
-0.1668347,0.9226483,-9.70279,-0.3584093,-0.1988719,-10,440.3249,500,-10,500,-10,-2.108226,0.1823141,12.90678,-4.626752,4.022951,-4.182475,3.584232,0
-0.6354853,0.4985543,-10.11067,-0.2793564,-0.06342963,-10,440.4846,500,-10,500,-10,-2.102682,0.09675665,12.95932,-4.651912,4.037095,-4.20085,3.613624,0
4.38257,6.457634,-4.935218,-0.2062592,0.0842514,-10,440.6427,500,-10,500,-10,-2.101035,0.01023758,13.0097,-4.676546,4.050749,-4.217956,3.64171,1
4.039399,6.032905,-5.270686,-0.151659,0.2363433,-10,440.7993,500,-10,500,-10,-2.103127,-0.07708484,13.05857,-4.70123,4.064173,-4.233763,3.668776,1
4.592828,6.410642,-4.476292,-0.1099562,0.4026616,-10,440.9545,500,-10,500,-10,-2.108961,-0.1650789,13.10654,-4.725871,4.07783,-4.248874,3.69487,1
4.329833,6.010434,-4.813564,-0.08532591,0.5624264,-10,441.1081,500,-10,500,-10,-2.118682,-0.2535685,13.15434,-4.751178,4.091782,-4.263175,3.720528,1
4.148802,5.656848,-5.110183,-0.05982867,0.7090511,-10,441.2602,500,-10,500,-10,-2.132433,-0.3423486,13.20279,-4.77726,4.105992,-4.277235,3.74646,1
4.558419,5.823923,-4.676421,-0.02614467,0.837228,-10,441.4107,500,-10,500,-10,-2.150582,-0.4311206,13.25293,-4.804499,4.120731,-4.291537,3.773262,1
4.478021,5.521109,-4.905503,0.002369367,0.9377987,-10,441.5598,500,-10,500,-10,-2.173751,-0.51957,13.30593,-4.833746,4.136646,-4.306206,3.801263,1
4.456096,5.261429,-5.076362,0.02181902,1.017732,-10,441.7074,500,-10,500,-10,-2.203058,-0.6072993,13.36326,-4.865665,4.154558,-4.321795,3.830858,1
4.484736,5.038646,-5.196777,0.02997051,1.076508,-10,441.8534,500,-10,500,-10,-2.240053,-0.6938431,13.42675,-4.901145,4.175344,-4.338916,3.862674,1
4.472167,4.755598,-5.394208,0.03187186,1.105056,-10,441.9979,500,-10,500,-10,-2.286962,-0.7785259,13.49884,-4.941365,4.199982,-4.358434,3.897773,1
5.402063,5.297353,-4.434738,0.04230957,1.095481,-10,442.1408,500,-10,500,-10,-2.346779,-0.8603876,13.58289,-4.98774,4.229722,-4.381701,3.937676,1
5.251989,4.823316,-5.022431,0.03825695,1.028515,-10,442.2823,500,-10,500,-10,-2.423906,-0.9379623,13.68351,-5.043067,4.266984,-4.409746,3.983785,1
5.714694,5.050585,-4.803113,0.002469177,0.9496772,-10,442.4222,500,-10,500,-10,-2.524052,-1.009396,13.80628,-5.109912,4.315277,-4.44463,4.037221,1
5.911271,5.190235,-4.771644,-0.05772139,0.8705215,-10,442.5606,500,-10,500,-10,-2.653857,-1.072196,13.9576,-5.190866,4.378026,-4.489058,4.099854,1
6.192713,5.505488,-4.536064,-0.1035794,0.7790945,-10,442.6974,500,-10,500,-10,-2.819275,-1.122787,14.14357,-5.288291,4.457833,-4.545719,4.174134,1
6.052264,5.502162,-4.802404,-0.1013803,0.6480757,-10,442.8327,500,-10,500,-10,-3.021625,-1.156399,14.36593,-5.402315,4.555497,-4.615944,4.260719,1
6.077418,5.756581,-4.937676,-0.06717416,0.4974954,-10,442.9665,500,-10,500,-10,-3.25069,-1.168099,14.61497,-5.527441,4.667907,-4.697172,4.354662,1
5.992723,5.791494,-5.081435,-0.08293275,0.4033791,-10,443.0988,500,-10,500,-10,-3.482924,-1.155639,14.86685,-5.651799,4.786529,-4.781518,4.444746,1
6.299955,6.100487,-4.694642,-0.1111603,0.3211389,-10,443.2296,500,-10,500,-10,-3.691858,-1.120382,15.09484,-5.761946,4.897086,-4.860279,4.523095,1
5.909766,6.137847,-5.028779,-0.06474441,0.1896951,-10,443.359,500,-10,500,-10,-3.861245,-1.066285,15.28327,-5.849826,4.988914,-4.928531,4.587399,1
6.033837,6.754473,-4.820783,0.03619774,0.06583348,-10,443.4869,500,-10,500,-10,-3.989711,-0.9986144,15.43149,-5.915547,5.061797,-4.98562,4.637327,1
5.9281,7.094928,-4.819139,0.1753853,-0.05311228,-10,443.6133,500,-10,500,-10,-4.08408,-0.9218571,15.54679,-5.963627,5.118702,-5.033076,4.675957,1
5.717768,7.061233,-4.743383,0.3116785,-0.1586965,-10,443.7381,500,-10,500,-10,-4.15251,-0.8391534,15.63764,-5.999104,5.164267,-5.072878,4.705672,1
5.01582,6.775358,-5.396741,0.4728084,-0.2863685,-10,443.8615,500,-10,500,-10,-4.201602,-0.752459,15.71079,-6.025393,5.200731,-5.107205,4.729824,1
5.012944,7.03486,-4.73789,0.6607185,-0.403525,-10,443.9834,500,-10,500,-10,-4.235614,-0.6629927,15.77113,-6.044541,5.230677,-5.13805,4.749871,1
4.293864,6.71497,-5.383153,0.8032353,-0.4886821,-10,444.1038,500,-10,500,-10,-4.258615,-0.5717566,15.82265,-6.059553,5.257468,-5.165728,4.765769,1
4.256791,6.642406,-5.26884,0.9225861,-0.5406013,-10,444.2227,500,-10,500,-10,-4.273315,-0.479414,15.86818,-6.071439,5.282076,-5.191568,4.778888,1
4.033545,6.504467,-5.074988,0.966055,-0.5484208,-10,444.3401,500,-10,500,-10,-4.278678,-0.3856611,15.91004,-6.081865,5.306501,-5.21583,4.789151,1
3.591651,5.826952,-5.579994,0.9779246,-0.5427462,-10,444.4559,500,-10,500,-10,-4.282868,-0.2925921,15.9497,-6.091614,5.330695,-5.238943,4.797817,1
3.565307,5.808278,-5.420016,0.9539623,-0.5219074,-10,444.5701,500,-10,500,-10,-4.283309,-0.1994821,15.98803,-6.101063,5.354881,-5.261254,4.805392,1
3.782565,5.722727,-5.098591,0.9190816,-0.5057354,-10,444.683,500,-10,500,-10,-4.280508,-0.1064609,16.02577,-6.110238,5.378802,-5.283344,4.812736,1
3.645812,5.464999,-5.416037,0.8165692,-0.4370108,-10,444.7943,500,-10,500,-10,-4.275074,-0.01378396,16.06383,-6.119882,5.404505,-5.305241,4.818574,1
4.301658,5.855084,-4.512906,0.7233235,-0.3765658,-10,444.9042,500,-10,500,-10,-4.267157,0.07836702,16.10295,-6.129685,5.430309,-5.327854,4.825187,1
4.296536,5.171264,-4.870961,0.5888504,-0.3374291,-10,445.0126,500,-10,500,-10,-4.256646,0.169999,16.14345,-6.140769,5.457059,-5.350323,4.83199,1
4.638752,5.268299,-4.36537,0.4178897,-0.2928863,-10,445.1196,500,-10,500,-10,-4.243662,0.2610317,16.18584,-6.152972,5.485203,-5.37324,4.838966,1
4.376142,4.805879,-5.266204,0.2150171,-0.2640178,-10,445.2251,500,-10,500,-10,-4.228314,0.3512806,16.23088,-6.166775,5.514756,-5.396762,4.846738,1
4.95114,5.089986,-4.735668,0.02641518,-0.2348988,-10,445.3292,500,-10,500,-10,-4.209856,0.4407182,16.2791,-6.181312,5.545372,-5.422182,4.856079,1
5.25338,4.917975,-4.918592,-0.1992419,-0.1860204,-10,445.4319,500,-10,500,-10,-4.187712,0.5290362,16.33168,-6.197851,5.578506,-5.449203,4.866506,1
5.509949,5.103529,-4.785208,-0.4116842,-0.1424403,-10,445.5331,500,-10,500,-10,-4.160796,0.6160297,16.3897,-6.21609,5.613437,-5.479044,4.879654,1
5.740599,4.886315,-4.958823,-0.6254795,-0.1123359,-10,445.6329,500,-10,500,-10,-4.127722,0.7013862,16.45468,-6.236869,5.650876,-5.512106,4.896057,1
5.693837,4.819767,-5.376195,-0.7816653,-0.1252469,-10,445.7311,500,-10,500,-10,-4.086404,0.7848901,16.52819,-6.260008,5.690024,-5.549875,4.917815,1
6.212117,5.484153,-4.899787,-0.943197,-0.1054843,-10,445.8279,500,-10,500,-10,-4.034039,0.86585,16.6131,-6.286705,5.733825,-5.593534,4.944371,1
6.22218,5.768204,-5.006177,-1.013585,-0.1074173,-10,445.9232,500,-10,500,-10,-3.966433,0.9433408,16.71319,-6.317185,5.781314,-5.645991,4.979819,1
6.381468,6.14535,-4.676552,-1.034527,-0.1049765,-10,446.0171,500,-10,500,-10,-3.877936,1.016053,16.83349,-6.35352,5.835156,-5.709332,5.025652,1
6.305371,6.460484,-4.942423,-1.013409,-0.1040989,-10,446.1095,500,-10,500,-10,-3.761538,1.081912,16.98071,-6.398175,5.897578,-5.786659,5.085212,1
6.009521,6.78946,-4.787782,-0.9323202,-0.09394585,-10,446.2005,500,-10,500,-10,-3.609064,1.137792,17.16262,-6.453412,5.970685,-5.882152,5.162836,1
5.993886,7.062106,-4.674675,-0.8454174,-0.04351371,-10,446.2901,500,-10,500,-10,-3.41451,1.179076,17.38527,-6.522045,6.057057,-5.998003,5.260948,1
5.419227,6.907903,-5.128101,-0.6692394,-0.03880933,-10,446.3783,500,-10,500,-10,-3.180908,1.200834,17.64492,-6.603177,6.151651,-6.132015,5.381497,1
5.098406,6.913979,-5.006358,-0.4486567,-0.04378359,-10,446.465,500,-10,500,-10,-2.927848,1.198832,17.92153,-6.691397,6.247381,-6.272995,5.514966,1
4.426062,6.688353,-5.706224,-0.2209131,-0.02079559,-10,446.5504,500,-10,500,-10,-2.688,1.171855,18.18242,-6.776764,6.333749,-6.403799,5.644771,1
4.095749,6.941831,-5.057011,-0.03766793,0.02785835,-10,446.6343,500,-10,500,-10,-2.486313,1.122573,18.40156,-6.851223,6.403534,-6.510913,5.756558,0.8834806
4.441253,7.012196,-5.017951,0.155103,0.08829997,-10,446.7169,500,-10,500,-10,-2.33219,1.057778,18.57228,-6.910929,6.454941,-6.592667,5.846611,1
4.350837,6.647412,-4.891815,0.3457236,0.1323916,-10,446.7979,500,-10,500,-10,-2.215611,0.9819934,18.70245,-6.958114,6.491259,-6.653335,5.918146,1
3.907991,6.025758,-5.298148,0.4566824,0.1770504,-10,446.8775,500,-10,500,-10,-2.129197,0.8996521,18.8021,-6.996859,6.518103,-6.697164,5.973876,1
4.28454,6.543938,-4.381922,0.5867548,0.2209908,-10,446.9557,500,-10,500,-10,-2.063394,0.8128272,18.88009,-7.02819,6.536939,-6.730454,6.019661,1
4.027692,5.874866,-4.718058,0.5919896,0.2976721,-10,447.0326,500,-10,500,-10,-2.013115,0.7227738,18.94221,-7.056056,6.552697,-6.754063,6.055378,1
4.218882,5.458816,-4.673848,0.5547198,0.3989239,-10,447.108,500,-10,500,-10,-1.974962,0.630341,18.99252,-7.080489,6.56534,-6.77131,6.084416,1
4.442,5.456262,-4.651151,0.5000669,0.4722465,-10,447.1821,500,-10,500,-10,-1.945653,0.5363182,19.0345,-7.102816,6.575081,-6.783766,6.109457,1
4.420044,5.073468,-4.915119,0.413936,0.5275809,-10,447.2548,500,-10,500,-10,-1.923653,0.4411346,19.07034,-7.12393,6.583063,-6.79235,6.131173,1
4.60082,4.788951,-5.134161,0.3206285,0.5412073,-10,447.3261,500,-10,500,-10,-1.907131,0.3452613,19.10215,-7.144439,6.589265,-6.798196,6.151327,1
5.173868,4.793181,-4.910966,0.2183107,0.5257193,-10,447.3961,500,-10,500,-10,-1.895368,0.2489718,19.13129,-7.164652,6.594509,-6.802135,6.170234,1
4.82219,4.165523,-5.665409,0.09458871,0.4703843,-10,447.4647,500,-10,500,-10,-1.887758,0.1525431,19.15907,-7.185435,6.599314,-6.804365,6.188442,1
5.097162,4.419245,-5.500462,-0.02193426,0.3802061,-10,447.5319,500,-10,500,-10,-1.884103,0.0561689,19.18644,-7.206631,6.603616,-6.805847,6.206819,1
5.646943,4.843127,-5.345836,-0.1141594,0.2798387,-10,447.5976,500,-10,500,-10,-1.883997,-0.03995314,19.21434,-7.22803,6.607751,-6.807566,6.225801,1
6.4075,5.628658,-4.586341,-0.1753955,0.1697458,-10,447.6618,500,-10,500,-10,-1.887436,-0.1357498,19.24329,-7.249732,6.61182,-6.809856,6.245726,1
6.056211,5.298041,-5.208274,-0.218865,0.01880493,-10,447.7247,500,-10,500,-10,-1.894331,-0.2309529,19.27442,-7.272766,6.616138,-6.812617,6.267201,1
6.228741,5.890794,-5.122019,-0.2658263,-0.1116717,-10,447.7863,500,-10,500,-10,-1.905355,-0.3254883,19.30825,-7.297063,6.622003,-6.816345,6.289361,1
6.333372,6.268005,-4.751434,-0.2712499,-0.2193744,-10,447.8466,500,-10,500,-10,-1.920661,-0.4192371,19.34546,-7.322135,6.628961,-6.822105,6.313236,1
6.214032,6.66431,-4.811003,-0.2230234,-0.3441496,-10,447.9055,500,-10,500,-10,-1.940831,-0.5119838,19.3871,-7.3487,6.636808,-6.830043,6.339892,1
6.035153,6.815121,-4.834332,-0.1653302,-0.440429,-10,447.9631,500,-10,500,-10,-1.966645,-0.6035204,19.43427,-7.377513,6.647297,-6.840317,6.36849,1
5.929102,7.30536,-4.347398,-0.07318272,-0.4966362,-10,448.0195,500,-10,500,-10,-1.999138,-0.6936305,19.48826,-7.408637,6.660709,-6.853925,6.399808,1
5.212511,7.341244,-4.895507,0.06724247,-0.5590957,-10,448.0744,500,-10,500,-10,-2.039935,-0.7819475,19.55098,-7.443285,6.677164,-6.871253,6.435331,1
4.660688,6.943055,-5.135267,0.1993882,-0.5708334,-10,448.128,500,-10,500,-10,-2.091494,-0.8680521,19.62487,-7.483039,6.699295,-6.892721,6.474422,1
4.354863,6.900772,-5.027579,0.3014456,-0.5450037,-10,448.1803,500,-10,500,-10,-2.157496,-0.9512566,19.71356,-7.530084,6.729184,-6.919163,6.518019,1
4.235946,6.804713,-4.903004,0.3544483,-0.4841999,-10,448.2309,500,-10,500,-10,-2.243618,-1.030631,19.82202,-7.587377,6.769472,-6.951738,6.567599,1
4.110789,6.580231,-4.691706,0.4072978,-0.4091416,-10,448.2801,500,-10,500,-10,-2.357644,-1.104453,19.95812,-7.658221,6.822893,-6.993662,6.626947,1
3.987509,6.336936,-4.768123,0.410026,-0.2837638,-10,448.3281,500,-10,500,-10,-2.510246,-1.170276,20.13206,-7.748159,6.895833,-7.047849,6.698131,1
3.629548,5.692581,-5.180749,0.4161937,-0.1971551,-10,448.3748,500,-10,500,-10,-2.714481,-1.223615,20.35708,-7.863706,6.993384,-7.118754,6.787033,1
4.130666,5.723123,-4.745371,0.3588869,-0.1015644,-10,448.4203,500,-10,500,-10,-2.97841,-1.258129,20.64077,-8.008695,7.122427,-7.208825,6.89305,1
3.878478,4.920657,-5.15527,0.2629945,0.002068841,-10,448.4644,500,-10,500,-10,-3.286924,-1.266682,20.96775,-8.173685,7.277432,-7.314767,7.008976,1
4.302079,4.920575,-4.950638,0.119725,0.09238822,-10,448.5072,500,-10,500,-10,-3.591775,-1.245337,21.28932,-8.333261,7.436079,-7.421643,7.116781,1
4.766552,4.669384,-4.901044,-0.04733716,0.1681749,-10,448.5488,500,-10,500,-10,-3.842927,-1.197393,21.55531,-8.462161,7.572406,-7.51314,7.20085,1
4.904796,4.778596,-4.966406,-0.2046638,0.2135671,-10,448.5891,500,-10,500,-10,-4.026671,-1.130712,21.7522,-8.554802,7.676729,-7.583639,7.259669,1
5.779689,5.013188,-4.681839,-0.395998,0.2802264,-10,448.6281,500,-10,500,-10,-4.15751,-1.052785,21.89424,-8.619751,7.756031,-7.636383,7.29806,1
5.793553,5.021844,-4.756503,-0.5345612,0.3053425,-10,448.6656,500,-10,500,-10,-4.251694,-0.9680132,21.99815,-8.66515,7.815729,-7.677086,7.324463,1
6.127974,5.197389,-4.957192,-0.6331683,0.309651,-10,448.7014,500,-10,500,-10,-4.321245,-0.8789617,22.0764,-8.697382,7.862147,-7.709687,7.34288,1
5.981277,5.245504,-5.17164,-0.703881,0.266243,-10,448.7361,500,-10,500,-10,-4.373728,-0.7870117,22.13677,-8.720891,7.898918,-7.736198,7.356127,1
5.946818,5.348821,-5.524072,-0.7383763,0.2255254,-10,448.7696,500,-10,500,-10,-4.414035,-0.6930851,22.18459,-8.737603,7.929035,-7.759113,7.365638,1
6.39102,6.466112,-4.738788,-0.7071772,0.204269,-10,448.8018,500,-10,500,-10,-4.445563,-0.5978611,22.22381,-8.748742,7.954072,-7.780474,7.3731,1
6.202937,6.319016,-4.949295,-0.6047038,0.141234,-10,448.8327,500,-10,500,-10,-4.469512,-0.5016276,22.25642,-8.755832,7.974175,-7.8004,7.380013,1
6.134285,7.00095,-4.699355,-0.500321,0.1147393,-10,448.8624,500,-10,500,-10,-4.487556,-0.4047053,22.28435,-8.760083,7.992457,-7.81929,7.384873,1
5.319761,6.873108,-5.166549,-0.2915835,0.03998733,-10,448.8909,500,-10,500,-10,-4.499937,-0.3072486,22.30867,-8.761263,8.006499,-7.838264,7.390984,1
5.040434,6.706632,-5.374869,-0.1267185,0.04601728,-10,448.9182,500,-10,500,-10,-4.507681,-0.2095199,22.33093,-8.761083,8.021091,-7.856884,7.394832,1
4.381066,6.60531,-5.639928,0.06835782,0.03900421,-10,448.9443,500,-10,500,-10,-4.51131,-0.1116536,22.35202,-8.759747,8.03434,-7.875696,7.39906,1
4.521832,6.96855,-4.949746,0.2571984,0.05028306,-10,448.969,500,-10,500,-10,-4.510873,-0.01373538,22.37258,-8.75779,8.047496,-7.894689,7.402939,1
4.303808,6.673429,-4.930985,0.4362099,0.05931437,-10,448.9916,500,-10,500,-10,-4.506634,0.08412836,22.39333,-8.755817,8.060721,-7.913853,7.406905,1
3.994011,6.477361,-4.971823,0.6062838,0.07067879,-10,449.0132,500,-10,500,-10,-4.498543,0.1818639,22.4148,-8.753979,8.074283,-7.933481,7.411135,1
3.914633,6.143121,-5.14978,0.7054743,0.1043537,-10,449.0337,500,-10,500,-10,-4.486934,0.279337,22.43781,-8.753461,8.089838,-7.953071,7.414651,1
3.855794,5.616635,-5.086909,0.7403327,0.1232954,-10,449.0529,500,-10,500,-10,-4.471932,0.3764772,22.46289,-8.754747,8.107197,-7.972563,7.418071,1
3.798313,5.307219,-5.095188,0.6561877,0.1871158,-10,449.071,500,-10,500,-10,-4.453997,0.4730982,22.49111,-8.75867,8.128285,-7.992023,7.420365,1
4.061311,5.013935,-5.001083,0.6343936,0.186876,-10,449.0878,500,-10,500,-10,-4.432291,0.5691543,22.52299,-8.763447,8.149045,-8.013662,7.426022,1
4.66604,5.067941,-4.748199,0.4815884,0.2284933,-10,449.1034,500,-10,500,-10,-4.406402,0.6644908,22.55965,-8.771596,8.174423,-8.035892,7.431022,1
4.712051,4.55122,-4.964259,0.3322919,0.2031192,-10,449.1179,500,-10,500,-10,-4.375447,0.7589694,22.60236,-8.78249,8.201408,-8.060383,7.439421,1
4.996122,4.619604,-5.12438,0.1397296,0.2034054,-10,449.1312,500,-10,500,-10,-4.337676,0.852367,22.65303,-8.796535,8.232583,-8.088328,7.450237,1
5.541027,4.760596,-4.973687,-0.04194374,0.1728693,-10,449.1429,500,-10,500,-10,-4.290171,0.9443187,22.71471,-8.814449,8.267536,-8.121515,7.466385,1
5.817224,5.084692,-4.956801,-0.2085127,0.1231504,-10,449.1526,500,-10,500,-10,-4.228331,1.034374,22.79164,-8.837403,8.307909,-8.162307,7.489759,1
6.061865,5.038702,-5.277532,-0.3599779,0.06408775,-10,449.1614,500,-10,500,-10,-4.144332,1.121554,22.89167,-8.867847,8.356716,-8.214744,7.523833,1
6.171422,5.606659,-5.113541,-0.4504334,-0.01739112,-10,449.1691,500,-10,500,-10,-4.024756,1.204288,23.02765,-8.909195,8.417732,-8.286065,7.575486,1
6.356446,6.215024,-4.771199,-0.5122824,-0.06293987,-10,449.1756,500,-10,500,-10,-3.845389,1.279206,23.22346,-8.969162,8.500525,-8.38835,7.654947,1
6.768995,6.830524,-4.146288,-0.4562541,-0.1445168,-10,449.1809,500,-10,500,-10,-3.566967,1.33988,23.51748,-9.059321,8.615318,-8.541805,7.783767,1
5.697687,6.458,-5.365322,-0.4195299,-0.2111827,-10,449.1851,500,-10,500,-10,-3.151135,1.373945,23.94778,-9.194875,8.774348,-8.7628,7.981286,1
5.617872,6.897227,-5.012657,-0.2846072,-0.2744541,-10,449.1881,500,-10,500,-10,-2.657286,1.365045,24.45445,-9.359179,8.947559,-9.018317,8.227895,1
5.494492,7.277945,-4.769958,-0.1656268,-0.2859023,-10,449.1901,500,-10,500,-10,-2.275214,1.311985,24.84751,-9.493758,9.073413,-9.209424,8.427726,1
4.687986,6.792426,-5.313988,0.005880366,-0.3187145,-10,449.1912,500,-10,500,-10,-2.054382,1.233849,25.07719,-9.576578,9.140294,-9.316915,8.551158,1
4.411824,6.753592,-5.026169,0.1396497,-0.2959456,-10,449.1895,500,-10,500,-10,-1.929175,1.145052,25.2095,-9.627049,9.175534,-9.376071,8.625544,1
4.283277,6.795206,-5.017586,0.2610411,-0.2590061,-10,449.1864,500,-10,500,-10,-1.851555,1.051017,25.29195,-9.660482,9.194444,-9.410959,8.674955,1
3.984836,6.602877,-4.752212,0.3760818,-0.1907475,-10,449.1823,500,-10,500,-10,-1.800664,0.9550146,25.34698,-9.68411,9.204746,-9.43293,8.710251,1
3.869252,6.075459,-4.976484,0.4467031,-0.1192154,-10,449.1771,500,-10,500,-10,-1.765001,0.8576863,25.38583,-9.702764,9.210442,-9.446465,8.736745,1
3.870179,5.661612,-4.75166,0.4571449,-0.04600749,-10,449.1707,500,-10,500,-10,-1.739115,0.7595099,25.41443,-9.718823,9.213748,-9.454102,8.757135,1
4.016877,5.578796,-4.745415,0.3650976,0.07454231,-10,449.1633,500,-10,500,-10,-1.720809,0.6607293,25.43575,-9.733579,9.216916,-9.45701,8.771631,1
4.352341,5.127256,-4.809157,0.2930224,0.1465894,-10,449.1547,500,-10,500,-10,-1.707782,0.5615634,25.45221,-9.746885,9.217584,-9.457341,8.784601,1
4.690645,4.975785,-4.77425,0.1611856,0.2083836,-10,449.1451,500,-10,500,-10,-1.699015,0.4621595,25.46548,-9.760307,9.218122,-9.454921,8.795065,1
4.638723,4.427166,-5.180093,0.03111318,0.2276639,-10,449.1345,500,-10,500,-10,-1.693399,0.3626351,25.47692,-9.773684,9.2175,-9.451017,8.80516,1
5.161411,4.623827,-5.302488,-0.1423374,0.2545684,-10,449.122,500,-10,500,-10,-1.690971,0.2630264,25.48708,-9.787394,9.217392,-9.445725,8.813686,1
5.941279,5.230186,-4.69568,-0.2641742,0.236743,-10,449.1088,500,-10,500,-10,-1.690934,0.1634123,25.49686,-9.800768,9.21584,-9.440453,8.823339,1
6.228333,5.172997,-4.786083,-0.415972,0.220819,-10,449.095,500,-10,500,-10,-1.693278,0.06382203,25.50666,-9.814847,9.214909,-9.434497,8.832395,1
6.323328,5.36242,-4.859622,-0.5226312,0.1678042,-10,449.0801,500,-10,500,-10,-1.697802,-0.03568362,25.51712,-9.829044,9.213105,-9.428964,8.842861,1
6.429149,5.97695,-4.909985,-0.5601928,0.1123261,-10,449.0642,500,-10,500,-10,-1.703975,-0.1350653,25.52863,-9.842703,9.210538,-9.424845,8.854968,1
6.456496,6.554618,-4.616893,-0.5115286,0.03485009,-10,449.0472,500,-10,500,-10,-1.711346,-0.2342781,25.54161,-9.855899,9.206826,-9.422404,8.869435,1
6.034289,6.501237,-5.05574,-0.4234628,-0.06414562,-10,449.0292,500,-10,500,-10,-1.719563,-0.3332484,25.55668,-9.869666,9.202988,-9.42112,8.885756,1
5.602946,6.75426,-5.327007,-0.2983693,-0.1281623,-10,449.0101,500,-10,500,-10,-1.728887,-0.4319958,25.5738,-9.883418,9.199702,-9.421555,8.903228,1
5.940857,7.489781,-4.283613,-0.161816,-0.1504271,-10,448.9901,500,-10,500,-10,-1.739341,-0.5305167,25.59319,-9.897608,9.197565,-9.423433,8.921434,1
5.11094,7.178877,-5.055382,0.01641623,-0.1803399,-10,448.9729,500,-10,500,-10,-1.751203,-0.6288103,25.61515,-9.912432,9.195632,-9.42681,8.941567,1
4.44347,6.772249,-5.119298,0.1852427,-0.1790624,-10,448.9925,500,-10,500,-10,-1.764965,-0.7268495,25.64031,-9.928617,9.195473,-9.431469,8.962571,1
4.405402,6.968832,-4.790679,0.3390114,-0.1557907,-10,449.0108,500,-10,500,-10,-1.781738,-0.8246341,25.66929,-9.946711,9.197382,-9.437387,8.984675,1
3.545121,6.272835,-5.296665,0.4909392,-0.1319287,-10,449.0282,500,-10,500,-10,-1.802919,-0.9220636,25.70374,-9.967531,9.201598,-9.445112,9.009003,1
3.596514,5.857066,-5.299186,0.5762438,-0.08011801,-10,449.0446,500,-10,500,-10,-1.831265,-1.019069,25.74566,-9.992956,9.210371,-9.454417,9.034961,1
3.615172,5.466344,-5.006329,0.5870727,-0.02575766,-10,449.0601,500,-10,500,-10,-1.871756,-1.115402,25.79941,-10.02552,9.225636,-9.466388,9.064234,1
3.637516,5.217679,-5.215238,0.4930707,0.07121905,-10,449.0746,500,-10,500,-10,-1.933076,-1.210686,25.87264,-10.06925,9.251731,-9.48334,9.098821,1
4.187126,4.937014,-4.953171,0.413005,0.1192139,-10,449.0882,500,-10,500,-10,-2.033755,-1.30385,25.98396,-10.13252,9.293857,-9.512306,9.148932,1
4.518396,4.742341,-4.964021,0.269665,0.1554673,-10,449.1009,500,-10,500,-10,-2.221575,-1.392243,26.18055,-10.24028,9.375032,-9.567444,9.23065,1
4.769515,4.450819,-5.083876,0.1227263,0.1519555,-10,449.1123,500,-10,500,-10,-2.644743,-1.467348,26.61057,-10.46798,9.563154,-9.696048,9.398833,1
5.418531,4.717008,-4.985918,-0.07462054,0.1489682,-10,449.1198,500,-10,500,-10,-3.697947,-1.496237,27.66779,-11.01047,10.06714,-10.02956,9.770858,1
5.812586,4.871669,-5.011895,-0.2266173,0.1065163,-10,449.1365,500,-10,500,-10,-4.489444,-1.426446,28.4601,-11.39103,10.47385,-10.3055,10.02064,1
6.462526,5.450934,-4.611112,-0.4137465,0.07963875,-10,449.152,500,-10,500,-10,-4.6138,-1.328386,28.58239,-11.44508,10.54577,-10.35278,10.05005,1
6.056948,5.395798,-5.121483,-0.5222889,0.0009896116,-10,449.1667,500,-10,500,-10,-4.652359,-1.228763,28.61727,-11.45765,10.57133,-10.36911,10.05339,1
6.644625,6.276634,-4.647418,-0.5673587,-0.05050226,-10,449.1805,500,-10,500,-10,-4.668025,-1.127219,28.63194,-11.45921,10.58575,-10.3797,10.05112,1
6.383086,6.433725,-4.806043,-0.5023627,-0.1525937,-10,449.1935,500,-10,500,-10,-4.678767,-1.027071,28.63857,-11.45601,10.59374,-10.3884,10.04863,1
5.98566,6.790047,-5.014981,-0.4477327,-0.2147076,-10,449.2057,500,-10,500,-10,-4.685199,-0.9270241,28.64084,-11.4505,10.60017,-10.39579,10.04408,1
5.150524,6.592545,-5.533743,-0.3150803,-0.2742012,-10,449.2169,500,-10,500,-10,-4.68871,-0.826958,28.64102,-11.44257,10.60424,-10.40387,10.04016,1
0.7564404,7.314679,-4.90823,-0.1869997,-0.2673745,-10,449.2267,500,-10,500,-10,-4.690505,-0.7268898,28.6406,-11.43358,10.60882,-10.41251,10.03523,0.08318055
-0.4533406,6.978686,-5.148254,-0.004162419,-0.2703142,-10,449.2359,500,-10,500,-10,-4.690466,-0.626821,28.63997,-11.42354,10.61221,-10.42204,10.03133,0
-0.6855357,6.91248,-4.927438,0.1375286,-0.2234996,-10,449.2452,500,-10,500,-10,-4.689187,-0.5267594,28.63984,-11.41371,10.61706,-10.43175,10.02636,0
-1.211256,6.627505,-5.059144,0.3145065,-0.1856931,-10,449.2536,500,-10,500,-10,-4.686656,-0.4267082,28.64039,-11.40351,10.62159,-10.44241,10.02229,0
-0.9077505,6.672184,-4.645179,0.4247625,-0.09725703,-10,449.2612,500,-10,500,-10,-4.683192,-0.3266789,28.64204,-11.39424,10.62827,-10.45305,10.01697,0
-1.320257,5.825062,-5.018919,0.4742816,-0.02912635,-10,449.2679,500,-10,500,-10,-4.679219,-0.2266778,28.64478,-11.38659,10.63628,-10.46296,10.01123,0
-1.204237,5.440867,-4.712283,0.4197719,0.07785785,-10,449.2739,500,-10,500,-10,-4.675501,-0.1267206,28.64882,-11.38077,10.64717,-10.47214,10.0037,0
-1.023664,4.977955,-5.07725,0.3674,0.1552922,-10,449.2791,500,-10,500,-10,-4.672154,-0.02681338,28.65411,-11.37572,10.65832,-10.48157,9.996922,0
-0.517531,4.831665,-4.961967,0.2254065,0.2382358,-10,449.2834,500,-10,500,-10,-4.669426,0.07304616,28.66043,-11.37253,10.67163,-10.49,9.988854,0
-0.1884161,4.516839,-4.802049,0.08431595,0.2627561,-10,449.2856,500,-10,500,-10,-4.667459,0.1728711,28.66746,-11.37025,10.68468,-10.49809,9.981623,0
0.4449455,4.806423,-4.901835,-0.103866,0.2996281,-10,449.2891,500,-10,500,-10,-4.666467,0.2726684,28.67512,-11.3689,10.69908,-10.5058,9.973572,0
0.8022846,4.999732,-4.87688,-0.2395618,0.2715761,-10,449.2916,500,-10,500,-10,-4.666159,0.3724653,28.68293,-11.36742,10.71202,-10.51374,9.967105,0
1.607375,5.377231,-4.429586,-0.364482,0.2244126,-10,449.2933,500,-10,500,-10,-4.666457,0.47228,28.6906,-11.36586,10.72467,-10.52165,9.960807,0
1.423908,5.376003,-4.857666,-0.464583,0.136999,-10,449.2942,500,-10,500,-10,-4.667385,0.572135,28.69767,-11.36411,10.73621,-10.52926,9.955126,0
1.619489,6.132063,-4.73551,-0.5135278,0.0646834,-10,449.2944,500,-10,500,-10,-4.668702,0.6720306,28.70412,-11.36104,10.74685,-10.53769,9.949838,0
1.48336,6.561,-4.534668,-0.4592575,-0.02562235,-10,449.2939,500,-10,500,-10,-4.669727,0.771967,28.7099,-11.35607,10.75526,-10.54745,9.946212,0
1.103737,6.836129,-4.945772,-0.4131008,-0.08304572,-10,449.2925,500,-10,500,-10,-4.670242,0.8719398,28.71502,-11.35052,10.76392,-10.55724,9.941802,0
0.6819577,7.143998,-4.830965,-0.2383003,-0.1761068,-10,449.2903,500,-10,500,-10,-4.669559,0.9719467,28.71946,-11.34278,10.76966,-10.56865,9.939734,0
0.5708908,7.570766,-4.454054,-0.04819014,-0.2134012,-10,449.2868,500,-10,500,-10,-4.666759,1.071974,28.72379,-11.33394,10.77565,-10.58109,9.937327,0
-0.5527198,6.952635,-5.454475,0.1557866,-0.2719308,-10,449.284,500,-10,500,-10,-4.661298,1.172015,28.72865,-11.3251,10.78133,-10.59395,9.935678,0
-0.7456688,7.038828,-4.914443,0.3146283,-0.2421948,-10,449.2803,500,-10,500,-10,-4.650914,1.272037,28.73665,-11.31694,10.78999,-10.60874,9.93365,0
-0.8258753,7.04311,-4.46572,0.4636494,-0.2124406,-10,449.2758,500,-10,500,-10,-4.630323,1.371994,28.75347,-11.31176,10.80242,-10.62786,9.935156,0
-0.993308,6.74623,-4.530683,0.5449918,-0.1273192,-10,449.2707,500,-10,500,-10,-4.578423,1.47173,28.80065,-11.31723,10.8288,-10.66147,9.947864,0
-0.918415,6.100967,-4.444576,0.5991204,-0.08249786,-10,449.2648,500,-10,500,-10,-4.304629,1.570446,29.06897,-11.3963,10.94375,-10.80474,10.05524,0
-1.521864,5.125349,-5.296937,0.5070326,-0.0007129584,-10,449.2583,500,-10,500,-10,-10.92425,1.657659,22.44325,-9.028343,8.568412,-7.682695,6.940583,0
-0.9526545,4.892382,-4.674873,0.4308685,0.04653623,-10,449.251,500,-10,500,-10,-10.98687,1.756982,22.37577,-8.998446,8.551009,-7.656678,6.902072,0
-0.4827472,4.411955,-4.943281,0.2224789,0.1285993,-10,449.2423,500,-10,500,-10,-10.99294,1.857006,22.36662,-8.989773,8.559837,-7.657764,6.885658,0
0.1539115,4.657612,-4.706439,0.04389025,0.1318808,-10,449.2341,500,-10,500,-10,-10.99677,1.957038,22.36159,-8.98294,8.569098,-7.66043,6.872231,0
0.7597833,4.801377,-4.676661,-0.2214898,0.179559,-10,449.2255,500,-10,500,-10,-11.00171,2.057076,22.3578,-8.977583,8.58102,-7.662647,6.857166,0
1.273728,5.113804,-4.544678,-0.3700507,0.1347777,-10,449.2161,500,-10,500,-10,-11.00652,2.15712,22.3561,-8.972047,8.590929,-7.666778,6.845854,0
1.483335,5.193088,-4.76989,-0.498059,0.06224278,-10,449.206,500,-10,500,-10,-11.01078,2.257158,22.35656,-8.967242,8.601195,-7.671967,6.835972,0
1.376279,5.522502,-5.168505,-0.595858,-0.02023208,-10,449.1953,500,-10,500,-10,-11.01454,2.35718,22.35899,-8.962696,8.611834,-7.678523,6.827343,0
1.724567,6.584008,-4.593665,-0.5972872,-0.1063007,-10,449.184,500,-10,500,-10,-11.0179,2.45718,22.36278,-8.957034,8.621408,-7.687327,6.82091,0
1.808246,6.97121,-4.521745,-0.550744,-0.1922815,-10,449.1719,500,-10,500,-10,-11.02042,2.55715,22.36775,-8.950912,8.630713,-7.697561,6.815719,0
0.7726607,6.915374,-5.235582,-0.4227199,-0.2659031,-10,449.159,500,-10,500,-10,-11.02177,2.657091,22.3736,-8.943489,8.639172,-7.709837,6.812112,0
0.6196225,7.480369,-4.714379,-0.2593251,-0.2853542,-10,449.1455,500,-10,500,-10,-11.02205,2.75702,22.37957,-8.934772,8.647688,-7.723501,6.808542,0
0.2020436,7.598943,-4.68173,-0.05342919,-0.2940995,-10,449.1323,500,-10,500,-10,-11.02095,2.856945,22.38542,-8.925018,8.655525,-7.738102,6.805552,0
-0.6054624,7.203204,-4.861039,0.1631575,-0.2779704,-10,449.1185,500,-10,500,-10,-11.0183,2.95688,22.39088,-8.914492,8.663252,-7.753153,6.80235,0
-1.272288,6.717412,-5.232548,0.2824284,-0.1906388,-10,449.1039,500,-10,500,-10,-11.01499,3.056845,22.39517,-8.904251,8.672916,-7.766949,6.796241,0
-0.9593088,6.818202,-4.385053,0.3779677,-0.0543985,-10,449.0888,500,-10,500,-10,-11.01116,3.156848,22.39783,-8.893118,8.682806,-7.780279,6.788549,0
-1.567391,5.76191,-5.028387,0.4582567,0.05527229,-10,449.0731,500,-10,500,-10,-11.00666,3.256876,22.39894,-8.881832,8.691962,-7.79249,6.780317,0
-1.175815,5.655355,-4.72458,0.4414857,0.1733416,-10,449.0567,500,-10,500,-10,-11.002,3.356921,22.39838,-8.871369,8.702135,-7.802491,6.769682,0
-0.8012829,5.05407,-4.643494,0.3656268,0.281264,-10,449.0396,500,-10,500,-10,-10.99749,3.456968,22.39618,-8.861322,8.712502,-7.810715,6.757493,0
-0.5148174,4.662901,-4.708091,0.2099952,0.3749522,-10,449.0216,500,-10,500,-10,-10.99359,3.557005,22.39249,-8.85218,8.723462,-7.816803,6.743477,0
-0.3305979,3.976155,-5.24595,0.03330775,0.424351,-10,449.0042,500,-10,500,-10,-10.99055,3.657028,22.3876,-8.843404,8.73382,-7.821523,6.729063,0
0.3533714,4.155284,-4.946892,-0.174722,0.4515318,-10,448.9862,500,-10,500,-10,-10.98866,3.757036,22.38167,-8.835006,8.7441,-7.825007,6.713872,0
0.9346815,4.735328,-4.850117,-0.3249156,0.4027013,-10,448.9676,500,-10,500,-10,-10.98779,3.857037,22.37546,-8.826363,8.752512,-7.8285,6.700308,0
1.710843,5.451117,-4.464145,-0.4268007,0.3368744,-10,448.9484,500,-10,500,-10,-10.98772,3.957041,22.36946,-8.817163,8.760115,-7.832736,6.687743,0
1.979029,5.664133,-4.571126,-0.4837055,0.2189451,-10,448.9286,500,-10,500,-10,-10.98866,4.057053,22.36454,-8.808174,8.767029,-7.837645,6.676748,0
1.61901,6.300869,-5.018607,-0.4542073,0.06689744,-10,448.9084,500,-10,500,-10,-10.99086,4.157078,22.3616,-8.798917,8.773089,-7.844465,6.66825,0
1.387986,0.8540654,-10.04315,-0.3705004,-0.07046997,-10,448.8874,500,-10,500,-10,-10.99464,4.257112,22.3614,-8.789694,8.779809,-7.853521,6.661363,0
0.9091699,0.9944872,-10.17772,-0.2329674,-0.1811826,-10,448.8656,500,-10,500,-10,-11.00064,4.357146,22.36513,-8.780881,8.787923,-7.865424,6.65634,0
0.6583996,1.435021,-9.93365,-0.06342255,-0.2532893,-10,448.8443,500,-10,500,-10,-11.01068,4.45716,22.37474,-8.773594,8.798951,-7.880676,6.653277,0
-0.03478352,1.538779,-9.666533,0.1412835,-0.2882678,-10,448.8225,500,-10,500,-10,-11.03029,4.557122,22.39595,-8.770364,8.815797,-7.901486,6.65401,0
-0.4183897,1.802159,-9.502139,0.3386287,-0.2712825,-10,448.8002,500,-10,500,-10,-11.08537,4.656938,22.4544,-8.783262,8.852738,-7.937011,6.665492,0
-1.139316,0.903685,-10.02046,0.5168741,-0.2527975,-10,448.7774,500,-10,500,-10,-15.36413,4.755452,26.73822,-10.75715,10.82076,-9.512649,8.246996,0
-1.391878,0.6296769,-9.854464,0.6206255,-0.1950821,-10,448.754,500,-10,500,-10,-17.25831,4.797296,28.64013,-11.67632,11.7716,-10.16938,8.872062,0
-1.597326,-0.3538865,-9.853111,0.6267092,-0.08699302,-10,448.73,500,-10,500,-10,-17.27053,4.896873,28.65871,-11.67375,11.79191,-10.18734,8.867148,0
-1.667367,-1.128166,-10.10903,0.5689978,0.01286593,-10,448.7055,500,-10,500,-10,-17.26834,4.996904,28.66265,-11.66515,11.80571,-10.19921,8.85661,0
-0.8635558,-0.8845391,-9.365464,0.431415,0.1304517,-10,448.6802,500,-10,500,-10,-17.27017,5.096922,28.66957,-11.65903,11.8228,-10.21107,8.845253,0
-0.4923468,-1.312936,-9.517736,0.2636473,0.1848802,-10,448.6554,500,-10,500,-10,-17.27312,5.196939,28.67617,-11.65404,11.83963,-10.22153,8.833897,0
0.04525993,-1.75039,-9.854644,0.05344587,0.2076139,-10,448.6301,500,-10,500,-10,-17.27669,5.296963,28.68155,-11.64963,11.85634,-10.23039,8.821641,0
0.7571322,-1.568987,-9.627746,-0.1476385,0.1717502,-10,448.6044,500,-10,500,-10,-17.28051,5.396995,28.68511,-11.64496,11.87146,-10.23801,8.809466,0
1.024376,-1.479996,-10.05095,-0.397548,0.1308069,-10,448.5781,500,-10,500,-10,-17.28522,5.497033,28.68699,-11.64051,11.88668,-10.24402,8.795805,0
1.277428,-1.00609,-10.23996,-0.5514062,0.05663586,-10,448.5514,500,-10,500,-10,-17.29039,5.59707,28.6871,-11.63408,11.89916,-10.25054,8.783427,0
1.717096,-0.002700515,-9.805457,-0.6476521,-0.01911427,-10,448.5242,500,-10,500,-10,-17.29575,5.697097,28.68559,-11.626,11.90993,-10.25737,8.771394,0
1.745885,0.4033163,-9.944556,-0.6408647,-0.1193497,-10,448.4963,500,-10,500,-10,-17.30039,5.797099,28.68239,-11.6157,11.91791,-10.26502,8.760767,0
1.220406,0.9271306,-10.03082,-0.5401742,-0.2016731,-10,448.4679,500,-10,500,-10,-17.30406,5.897068,28.67792,-11.60299,11.92389,-10.27403,8.751082,0
0.9942192,1.508654,-9.905841,-0.3547303,-0.2688065,-10,448.4398,500,-10,500,-10,-17.30618,5.997007,28.67259,-11.58819,11.92817,-10.28441,8.742394,0
0.4910327,1.956024,-9.318247,-0.1419703,-0.2958648,-10,448.4113,500,-10,500,-10,-17.30655,6.096924,28.66679,-11.57214,11.93216,-10.29565,8.733597,0
-0.1073857,1.679162,-9.618203,0.08095746,-0.2925054,-10,448.3824,500,-10,500,-10,-17.30532,6.196843,28.66113,-11.55547,11.9364,-10.30763,8.724662,0
-1.101882,1.310701,-9.982707,0.275028,-0.2206077,-10,448.3531,500,-10,500,-10,-17.30261,6.296782,28.65613,-11.53866,11.94214,-10.3203,8.714775,0
-1.465712,0.6054149,-9.875148,0.4426806,-0.1047571,-10,448.3232,500,-10,500,-10,-17.29854,6.39676,28.65255,-11.52225,11.94947,-10.33375,8.704481,0
-1.692349,0.1660691,-9.845808,0.5528175,0.01057882,-10,448.293,500,-10,500,-10,-17.29342,6.496775,28.65053,-11.50732,11.9585,-10.34699,8.693778,0
-1.695259,-0.5966519,-9.642185,0.5701067,0.1456117,-10,448.2622,500,-10,500,-10,-17.28759,6.596815,28.65037,-11.49441,11.97022,-10.35978,8.681929,0
-1.455796,-1.219329,-9.963117,0.4988333,0.2642716,-10,448.2308,500,-10,500,-10,-17.28164,6.696864,28.65209,-11.48388,11.98419,-10.37174,8.669384,0
-0.991348,-1.863204,-9.961008,0.3386946,0.3681753,-10,448.1998,500,-10,500,-10,-17.2761,6.796902,28.65579,-11.47578,12.00051,-10.3829,8.656126,0
-0.1238977,-1.799443,-9.565067,0.1562317,0.414428,-10,448.1685,500,-10,500,-10,-17.27128,6.89692,28.66112,-11.46935,12.01743,-10.39375,8.643625,0
0.5338179,-1.856858,-9.80186,-0.08417111,0.4100997,-10,448.1367,500,-10,500,-10,-17.26765,6.996916,28.66741,-11.46486,12.03533,-10.40344,8.63093,0
1.440675,-1.233325,-9.454019,-0.2458575,0.3312496,-10,448.1046,500,-10,500,-10,-17.26529,7.096902,28.67385,-11.45996,12.05127,-10.41368,8.620335,0
1.399972,-1.208052,-9.965375,-0.3947533,0.2002366,-10,448.072,500,-10,500,-10,-17.26461,7.196893,28.67954,-11.45513,12.06625,-10.42322,8.610065,0
1.791747,-0.5508628,-9.943265,-0.4787321,0.04890453,-10,448.0389,500,-10,500,-10,-17.26591,7.296905,28.68349,-11.44883,12.07922,-10.4328,8.600373,0
1.797112,0.4202163,-9.954451,-0.4932681,-0.113466,-10,448.0053,500,-10,500,-10,-17.26987,7.396941,28.68443,-11.44037,12.08967,-10.44204,8.590699,0
1.545094,0.9707848,-9.829664,-0.4412732,-0.2386278,-10,447.9714,500,-10,500,-10,-17.27716,7.496986,28.68146,-11.42896,12.09782,-10.45099,8.580088,0
0.8557786,1.542746,-9.896117,-0.289223,-0.36227,-10,447.9378,500,-10,500,-10,-17.2903,7.597016,28.67098,-11.41315,12.10113,-10.45812,8.568094,0
0.2491268,1.841537,-10.05911,-0.07447514,-0.4444817,-10,447.9038,500,-10,500,-10,-17.31685,7.696964,28.645,-11.39403,12.09371,-10.45571,8.553987,0
-0.2901298,1.729232,-9.993214,0.1203417,-0.4480003,-10,447.8694,500,-10,500,-10,-17.39303,7.796633,28.56736,-11.35708,12.06546,-10.42833,8.517901,0
-1.144576,1.494283,-9.779471,0.3361732,-0.4051297,-10,447.8347,500,-10,500,-10,-20.22491,7.893975,25.73226,-10.23056,11.04654,-9.205714,7.187689,0
-1.642114,0.8804324,-9.986215,0.5035849,-0.3175685,-10,447.7995,500,-10,500,-10,-20.49182,7.799193,25.46058,-10.12786,10.94692,-9.083302,7.062203,0
-1.703851,0.6562626,-9.469718,0.6079182,-0.1883871,-10,447.7639,500,-10,500,-10,-20.40186,7.699401,25.54472,-10.16309,10.96418,-9.117793,7.114658,0
-1.801205,-0.5729527,-9.708372,0.5999248,-0.05882788,-10,447.7278,500,-10,500,-10,-20.40115,7.599369,25.53912,-10.16644,10.95635,-9.10981,7.117855,0
-1.836631,-1.427151,-10.09489,0.4702868,0.1033037,-10,447.6916,500,-10,500,-10,-20.40471,7.499363,25.52999,-10.17019,10.94994,-9.098489,7.116698,0
-1.314971,-2.022821,-9.968308,0.2835995,0.2325353,-10,447.6556,500,-10,500,-10,-20.41021,7.399369,25.52037,-10.17522,10.94401,-9.085491,7.114662,0
-0.3843265,-2.112191,-9.746072,0.08679397,0.291048,-10,447.6192,500,-10,500,-10,-20.41599,7.299364,25.51219,-10.18183,10.93804,-9.072094,7.113851,0
0.6654143,-2.065583,-9.64009,-0.161552,0.3069839,-10,447.5825,500,-10,500,-10,-20.42212,7.199338,25.50593,-10.19067,10.93317,-9.058073,7.113527,0
1.531988,-1.673516,-9.507736,-0.3866924,0.2563771,-10,447.5453,500,-10,500,-10,-20.42833,7.099296,25.50207,-10.20091,10.92803,-9.044633,7.115476,0
1.751181,-1.153256,-9.747463,-0.585147,0.1766435,-10,447.5078,500,-10,500,-10,-20.43477,6.999247,25.50051,-10.21204,10.92293,-9.032207,7.119278,0
1.80678,-0.6554695,-10.17011,-0.7119583,0.07813226,-10,447.4698,500,-10,500,-10,-20.44111,6.899208,25.50116,-10.22313,10.91719,-9.021661,7.125557,0
2.160221,0.5031745,-9.742848,-0.7042343,-0.05845682,-10,447.4314,500,-10,500,-10,-20.44662,6.799202,25.50398,-10.23325,10.90945,-9.013873,7.135629,0
1.674984,1.20381,-9.752527,-0.590865,-0.2001945,-10,447.3932,500,-10,500,-10,-20.45048,6.699248,25.50886,-10.24244,10.90051,-9.008726,7.14862,0
0.6307603,1.07273,-10.40442,-0.4003932,-0.3164219,-10,447.355,500,-10,500,-10,-20.45242,6.599347,25.51524,-10.25058,10.89096,-9.005871,7.163449,0
0.4666413,2.239691,-9.714653,-0.1820862,-0.3395361,-10,447.3163,500,-10,500,-10,-20.45281,6.49947,25.522,-10.25729,10.88204,-9.004766,7.177971,0
-0.8252153,1.524369,-10.30759,0.1253984,-0.3592282,-10,447.2773,500,-10,500,-10,-20.45091,6.399599,25.52882,-10.26237,10.87147,-9.005335,7.194193,0
-1.236014,1.440914,-9.700903,0.3612278,-0.2850479,-10,447.2381,500,-10,500,-10,-20.44718,6.299696,25.53477,-10.26712,10.86281,-9.005519,7.207784,0
-1.444665,1.039669,-9.456414,0.5545236,-0.1808325,-10,447.1984,500,-10,500,-10,-20.44197,6.199745,25.53934,-10.27158,10.85464,-9.004843,7.21974,0
-1.805465,0.3591328,-9.653464,0.6584319,-0.0462503,-10,447.1583,500,-10,500,-10,-20.43575,6.099746,25.54206,-10.27636,10.84762,-9.002313,7.229019,0
-1.871836,-0.530646,-9.640091,0.6657926,0.1033697,-10,447.1178,500,-10,500,-10,-20.42904,5.999712,25.54271,-10.2817,10.84164,-8.997514,7.235531,0
-1.866692,-1.586258,-10.02772,0.5498726,0.2422715,-10,447.0778,500,-10,500,-10,-20.42257,5.899665,25.54117,-10.28832,10.83688,-8.989622,7.239014,0
-0.5019582,-1.724892,-9.289051,0.3597541,0.3530264,-10,447.0375,500,-10,500,-10,-20.4169,5.799628,25.53757,-10.29566,10.83239,-8.979291,7.24052,0
0.5028201,-1.872642,-9.012296,0.1186022,0.3908921,-10,446.9968,500,-10,500,-10,-20.39294,5.694108,25.53258,-10.30346,10.82602,-8.967354,7.242759,0
0.6833261,-2.267446,-9.866467,-0.1482872,0.3568914,-10,446.9559,500,-10,500,-10,-20.38796,5.593954,25.52444,-10.31182,10.81964,-8.952254,7.242398,0
1.659574,-1.697658,-9.52217,-0.3998647,0.2831667,-10,446.9145,500,-10,500,-10,-20.38567,5.494076,25.51596,-10.32036,10.8126,-8.936692,7.242407,0
2.118784,-0.9532225,-9.636635,-0.5897647,0.1631008,-10,446.8728,500,-10,500,-10,-20.38521,5.394172,25.50799,-10.3287,10.80428,-8.921746,7.244124,0
2.123554,-0.1449745,-9.787557,-0.687914,0.007382356,-10,446.8307,500,-10,500,-10,-20.38658,5.294217,25.50138,-10.33661,10.79452,-8.908352,7.248405,0
2.163095,0.7571566,-9.795432,-0.6639794,-0.1505079,-10,446.7885,500,-10,500,-10,-20.38961,5.194206,25.49699,-10.34353,10.78358,-8.897801,7.255706,0
2.006439,1.859943,-9.128881,-0.5340458,-0.3054301,-10,446.7467,500,-10,500,-10,-20.39459,5.094138,25.49624,-10.3503,10.77227,-8.890407,7.266399,0
1.172849,2.041782,-9.402233,-0.3394179,-0.392728,-10,446.7044,500,-10,500,-10,-20.40187,4.994045,25.49985,-10.35724,10.76228,-8.886456,7.279378,0
0.2965,2.404456,-9.471522,-0.09643947,-0.4052517,-10,446.6619,500,-10,500,-10,-20.41264,4.89396,25.50943,-10.36532,10.75462,-8.886322,7.294983,0
-0.6051035,2.278873,-9.39301,0.1762397,-0.3800062,-10,446.619,500,-10,500,-10,-20.43408,4.793913,25.5323,-10.37887,10.75217,-8.891721,7.316379,0
-1.574804,1.348388,-9.850656,0.4186128,-0.2891788,-10,446.5757,500,-10,500,-10,-20.57588,4.694008,25.678,-10.45327,10.80122,-8.938043,7.388043,0
-1.932859,0.8295296,-9.409414,0.574024,-0.1285862,-10,446.5321,500,-10,500,-10,-20.31885,4.596509,25.42688,-10.33146,10.69001,-8.851782,7.291189,0
-2.36925,-0.5334704,-9.916868,0.6111424,0.07947288,-10,446.4881,500,-10,500,-10,-20.37889,4.496872,25.49361,-10.36795,10.71129,-8.870583,7.325201,0
-2.056836,-0.9027783,-9.685227,0.5922223,0.2702548,-10,446.4446,500,-10,500,-10,-20.39731,4.396985,25.51888,-10.38544,10.71635,-8.874032,7.341075,0
-1.202158,-1.5749,-9.643439,0.4801125,0.3930656,-10,446.4009,500,-10,500,-10,-20.40821,4.297043,25.53605,-10.40137,10.71889,-8.872324,7.352767,0
-0.5181888,-2.272751,-9.585079,0.270374,0.4748458,-10,446.3568,500,-10,500,-10,-20.41691,4.19706,25.54935,-10.41761,10.72118,-8.867107,7.361493,0
0.4275105,-2.264483,-9.55061,-0.007493014,0.503612,-10,446.3124,500,-10,500,-10,-20.42472,4.097033,25.55935,-10.43411,10.72282,-8.858894,7.368143,0
1.682563,-1.758332,-9.191261,-0.2916847,0.4604536,-10,446.2677,500,-10,500,-10,-20.43248,3.996971,25.56636,-10.45022,10.7227,-8.848592,7.374075,0
2.097857,-1.357685,-9.469405,-0.5017319,0.3375764,-10,446.2227,500,-10,500,-10,-20.43954,3.896894,25.5699,-10.4644,10.71915,-8.837341,7.380553,0
2.481071,-0.739097,-9.66261,-0.6360382,0.1808331,-10,446.1772,500,-10,500,-10,-20.44568,3.796835,25.57014,-10.47617,10.71272,-8.825774,7.387184,0
2.644605,0.5234216,-9.473104,-0.6796833,0.01110009,-10,446.1318,500,-10,500,-10,-20.45095,3.69682,25.56765,-10.48528,10.70359,-8.814598,7.394248,0
2.241327,1.55767,-9.497891,-0.5933414,-0.1615956,-10,446.0867,500,-10,500,-10,-20.45458,3.596872,25.56267,-10.49101,10.69125,-8.804735,7.402458,0
1.152372,1.652408,-10.1191,-0.4240052,-0.2949907,-10,446.0412,500,-10,500,-10,-20.45638,3.496988,25.55599,-10.49404,10.67725,-8.79618,7.410927,0
0.6152484,2.159518,-9.628269,-0.1652567,-0.3594693,-10,445.9954,500,-10,500,-10,-20.45611,3.397141,25.54856,-10.49431,10.66213,-8.789754,7.419897,0
0.007353581,2.74748,-9.334653,0.1263103,-0.3602964,-10,445.9492,500,-10,500,-10,-20.45396,3.297293,25.54135,-10.49329,10.64713,-8.784801,7.428915,0
-0.9060582,2.278822,-9.16569,0.4395833,-0.3296355,-10,445.9028,500,-10,500,-10,-20.44932,3.197421,25.53468,-10.49166,10.63212,-8.7809,7.438397,0
-2.182112,0.8480913,-9.82164,0.6889544,-0.2501169,-10,445.856,500,-10,500,-10,-20.44272,3.097497,25.52929,-10.491,10.61912,-8.777092,7.446927,0
-2.517728,0.03301335,-9.917933,0.8032402,-0.1048797,-10,445.8087,500,-10,500,-10,-20.43505,2.997511,25.52587,-10.4927,10.6098,-8.772565,7.453423,0
-2.7589,-1.172347,-10.00698,0.79722,0.06311283,-10,445.762,500,-10,500,-10,-20.42709,2.897482,25.52492,-10.49724,10.60362,-8.767231,7.458813,0
-2.051113,-1.699173,-9.80422,0.6653123,0.2196338,-10,445.7152,500,-10,500,-10,-20.4195,2.797441,25.52637,-10.50512,10.60032,-8.760552,7.463315,0
-0.5822911,-1.80356,-9.071759,0.4399469,0.3212236,-10,445.668,500,-10,500,-10,-20.41311,2.697414,25.52995,-10.5162,10.5988,-8.752438,7.467795,0
-0.2402938,-2.656301,-9.898998,0.149857,0.3502248,-10,445.6204,500,-10,500,-10,-20.40853,2.597414,25.53489,-10.52989,10.59815,-8.742841,7.47254,0
0.7870772,-2.492142,-9.976332,-0.1792645,0.3300421,-10,445.5726,500,-10,500,-10,-20.40643,2.49743,25.54047,-10.54522,10.59797,-8.732141,7.477341,0
1.846989,-1.851144,-9.692279,-0.4700353,0.2509297,-10,445.5243,500,-10,500,-10,-20.40699,2.397444,25.5458,-10.56059,10.59654,-8.721186,7.483191,0
1.951279,-1.233676,-10.09742,-0.675599,0.1159089,-10,445.4756,500,-10,500,-10,-20.4105,2.297439,25.54987,-10.57475,10.59275,-8.71039,7.490349,0
2.613473,0.07521224,-9.817189,-0.753664,-0.08361536,-10,445.4271,500,-10,500,-10,-20.41716,2.197407,25.5508,-10.58628,10.58515,-8.699639,7.498726,0
2.230393,0.88214,-9.965706,-0.7341139,-0.2695806,-10,445.3789,500,-10,500,-10,-20.42768,2.097372,25.54703,-10.59417,10.57455,-8.688626,7.5062,0
1.764729,1.834555,-9.70259,-0.588493,-0.4344277,-10,445.3303,500,-10,500,-10,-20.44303,1.997387,25.53663,-10.59701,10.56007,-8.677171,7.512071,0
1.249915,2.628417,-9.327444,-0.3671235,-0.5134295,-10,445.2814,500,-10,500,-10,-20.46554,1.89753,25.51675,-10.59384,10.54238,-8.663862,7.513286,0
0.0007944442,2.574878,-9.42017,-0.04135329,-0.5451471,-10,445.2321,500,-10,500,-10,-20.5012,1.797919,25.48064,-10.58204,10.51857,-8.645742,7.507172,0
-1.277841,1.974527,-9.939818,0.2313602,-0.4841628,-10,445.1825,500,-10,500,-10,-20.57182,1.698814,25.40681,-10.55584,10.48565,-8.61077,7.478924,0
-1.474115,1.776078,-9.266952,0.4730655,-0.3352853,-10,445.1324,500,-10,500,-10,-20.80492,1.60128,25.16836,-10.46946,10.40625,-8.499573,7.360746,0
-2.4222,0.8230764,-9.535786,0.6069867,-0.1164408,-10,445.082,500,-10,500,-10,-18.96673,1.531538,27.00071,-11.21268,10.9765,-9.274616,8.308758,0
-2.571541,-0.4031312,-9.673292,0.6527443,0.115043,-10,445.0324,500,-10,500,-10,-20.47463,1.483146,25.48489,-10.58556,10.49095,-8.645746,7.538316,0
-1.920773,-1.394535,-9.351351,0.5772676,0.3258731,-10,444.9825,500,-10,500,-10,-20.45461,1.383192,25.4989,-10.59646,10.49093,-8.646452,7.54994,0
-1.020932,-2.049144,-9.230626,0.3470629,0.5269952,-10,444.9321,500,-10,500,-10,-20.45676,1.28305,25.49241,-10.60256,10.4876,-8.634978,7.547895,0
-0.4526713,-2.812928,-9.78266,0.07555145,0.6262478,-10,444.8814,500,-10,500,-10,-20.46236,1.182857,25.48488,-10.61026,10.48366,-8.621043,7.5456,0
1.124857,-2.270802,-9.289306,-0.243071,0.6837345,-10,444.8304,500,-10,500,-10,-20.46942,1.082622,25.47889,-10.62001,10.48061,-8.606323,7.543684,0
1.881219,-2.248124,-9.670348,-0.5166146,0.6217025,-10,444.779,500,-10,500,-10,-20.47623,0.9823903,25.4761,-10.63171,10.47659,-8.592313,7.545391,0
2.656393,-1.14066,-9.600369,-0.6972215,0.4722407,-10,444.7271,500,-10,500,-10,-20.4819,0.8822255,25.47709,-10.64439,10.47126,-8.580449,7.551546,0
2.636124,-0.4468628,-10.01263,-0.7791893,0.2621477,-10,444.6756,500,-10,500,-10,-20.48586,0.7821893,25.4818,-10.6576,10.46476,-8.571142,7.561947,0
2.233984,0.4082157,-10.17007,-0.711793,0.03446936,-10,444.6244,500,-10,500,-10,-20.4879,0.682305,25.48945,-10.66964,10.45644,-8.565443,7.57661,0
2.120645,1.925334,-9.656518,-0.5021241,-0.1845655,-10,444.5728,500,-10,500,-10,-20.48725,0.5825843,25.49958,-10.68009,10.4465,-8.563381,7.594932,0
1.430586,2.709415,-9.119559,-0.1977966,-0.359132,-10,444.5206,500,-10,500,-10,-20.48392,0.4829723,25.511,-10.68886,10.43576,-8.564079,7.615138,0
-0.4550422,1.979991,-10.42005,0.1304795,-0.4678984,-10,444.4682,500,-10,500,-10,-20.47823,0.3833981,25.52271,-10.69648,10.42532,-8.566162,7.635286,0
-1.480125,2.157294,-10.18415,0.4680542,-0.4872863,-10,444.4154,500,-10,500,-10,-20.47039,0.2837874,25.53378,-10.70256,10.41538,-8.569261,7.654399,0
-2.098605,1.550435,-9.900549,0.7231179,-0.3917458,-10,444.362,500,-10,500,-10,-20.46118,0.1840664,25.54303,-10.70788,10.40742,-8.571594,7.670019,0
-2.696613,0.8079818,-9.866568,0.8985476,-0.2509661,-10,444.3086,500,-10,500,-10,-20.45136,0.0842154,25.54978,-10.71297,10.40037,-8.572107,7.682657,0
-2.720005,-0.3868405,-9.689463,0.9482399,-0.08841302,-10,444.256,500,-10,500,-10,-20.44145,-0.01574193,25.55388,-10.71876,10.39482,-8.56971,7.691604,0
-2.499958,-1.537259,-9.709294,0.8339408,0.09968743,-10,444.2029,500,-10,500,-10,-20.43263,-0.1157685,25.55517,-10.72589,10.39144,-8.563647,7.696052,0
-1.640337,-2.34947,-9.858006,0.6184662,0.23074,-10,444.1493,500,-10,500,-10,-20.42552,-0.2158185,25.55412,-10.73445,10.38843,-8.554215,7.698192,0
-0.4294794,-2.578168,-9.36002,0.288339,0.3276432,-10,444.0953,500,-10,500,-10,-20.42103,-0.3158644,25.55125,-10.7447,10.38652,-8.541586,7.697732,0
0.7029175,-2.642845,-9.232216,-0.08314414,0.358746,-10,444.041,500,-10,500,-10,-20.41954,-0.4158994,25.5474,-10.75614,10.3844,-8.526961,7.696662,0
1.734737,-2.504774,-9.520691,-0.4661204,0.3034188,-10,443.9861,500,-10,500,-10,-20.42164,-0.5159324,25.54371,-10.76906,10.38173,-8.510981,7.696274,0
2.440868,-1.596808,-9.77453,-0.7446416,0.1775075,-10,443.9308,500,-10,500,-10,-20.42726,-0.6159716,25.54147,-10.7819,10.37713,-8.496284,7.699016,0
2.781947,-0.3739193,-9.484383,-0.9303876,0.008302136,-10,443.8763,500,-10,500,-10,-20.43638,-0.7160063,25.54188,-10.79508,10.37152,-8.483448,7.704963,0
2.995192,0.843729,-9.442076,-0.9329321,-0.1803433,-10,443.8218,500,-10,500,-10,-20.44858,-0.8159975,25.54618,-10.8073,10.36403,-8.474782,7.716012,0
2.583031,1.907576,-9.338707,-0.7898542,-0.362641,-10,443.7667,500,-10,500,-10,-20.46389,-0.9158788,25.55572,-10.81953,10.35607,-8.470465,7.731887,0
1.325604,2.482852,-9.452248,-0.552599,-0.4714888,-10,443.7112,500,-10,500,-10,-20.48267,-1.015586,25.57134,-10.8323,10.34951,-8.470636,7.751388,0
0.1225696,2.696273,-9.591656,-0.2468071,-0.5056502,-10,443.6552,500,-10,500,-10,-20.50586,-1.115057,25.59454,-10.84672,10.34548,-8.475439,7.774641,0
-0.9719416,2.59744,-9.614937,0.1106574,-0.4540282,-10,443.5988,500,-10,500,-10,-20.53594,-1.214232,25.62797,-10.86433,10.3454,-8.485523,7.802416,0
-1.876057,1.989518,-9.422561,0.4379829,-0.3141233,-10,443.5417,500,-10,500,-10,-20.57878,-1.313056,25.67715,-10.88939,10.35295,-8.501223,7.835614,0
-2.655995,0.9383586,-9.74622,0.6674605,-0.1147713,-10,443.485,500,-10,500,-10,-20.6534,-1.411307,25.7602,-10.93369,10.37725,-8.525743,7.880136,0
-2.654997,-0.3480011,-9.512998,0.8033814,0.07776251,-10,443.4292,500,-10,500,-10,-20.84849,-1.507831,25.96499,-11.04429,10.45381,-8.584824,7.973258,0
-2.37514,-1.492012,-9.570262,0.7390131,0.3104963,-10,443.3725,500,-10,500,-10,-23.1724,-1.591627,28.29758,-12.26483,11.56645,-9.297044,8.793386,0
-1.474258,-2.079393,-9.402326,0.5707687,0.4881144,-10,443.3153,500,-10,500,-10,-24.23296,-1.531391,29.36481,-12.72534,12.14232,-9.720823,9.101805,0
-0.5869219,-2.793619,-9.378132,0.2962908,0.593241,-10,443.2577,500,-10,500,-10,-23.57433,-1.442752,28.70962,-12.45047,11.8065,-9.452806,8.894734,0
0.2316356,-3.109421,-9.690602,-0.03525714,0.6152261,-10,443.1996,500,-10,500,-10,-23.60164,-1.342614,28.73784,-12.46201,11.83402,-9.464657,8.890611,0
1.739331,-2.430439,-9.370805,-0.3738059,0.5504979,-10,443.1409,500,-10,500,-10,-23.61063,-1.242426,28.7442,-12.46511,11.84908,-9.466818,8.880812,0
2.569445,-1.499057,-9.471187,-0.6519143,0.4143499,-10,443.0817,500,-10,500,-10,-23.61529,-1.14229,28.74297,-12.46476,11.85849,-9.466159,8.870387,0
2.512557,-0.9130658,-9.928343,-0.8012521,0.2024176,-10,443.0244,500,-10,500,-10,-23.61737,-1.042258,28.73675,-12.46098,11.86228,-9.464785,8.861436,0
2.789986,0.4782006,-9.656232,-0.7915362,-0.03551359,-10,442.9662,500,-10,500,-10,-23.61697,-0.9423581,28.7269,-12.4532,11.86122,-9.464396,8.854342,0
2.381822,1.639622,-9.638193,-0.6271399,-0.2719033,-10,442.9074,500,-10,500,-10,-23.61384,-0.8425831,28.71458,-12.44163,11.85622,-9.46576,8.849133,0
1.399358,2.593754,-9.551464,-0.3737791,-0.4384715,-10,442.8481,500,-10,500,-10,-23.60863,-0.7428737,28.70148,-12.42729,11.85004,-9.46925,8.84446,0
-0.1000229,2.513493,-10.18542,-0.04901915,-0.5261042,-10,442.7882,500,-10,500,-10,-23.60155,-0.6431653,28.68887,-12.41087,11.84371,-9.475216,8.840338,0
-0.752073,3.089101,-9.112845,0.3471936,-0.5458924,-10,442.7279,500,-10,500,-10,-23.59251,-0.543402,28.67768,-12.39285,11.83756,-9.483965,8.837218,0
-2.139476,1.965508,-9.609863,0.6558955,-0.4554021,-10,442.6665,500,-10,500,-10,-23.58226,-0.4435402,28.669,-12.37593,11.83535,-9.493695,8.832236,0
-3.069913,0.7376707,-10.06636,0.9048584,-0.3265077,-10,442.6071,500,-10,500,-10,-23.57131,-0.3435844,28.66321,-12.36062,11.83601,-9.504211,8.826775,0
-2.656455,-0.2085545,-9.368765,0.9872696,-0.1401694,-10,442.5475,500,-10,500,-10,-23.56054,-0.2435659,28.66058,-12.34868,11.84177,-9.513972,8.818839,0
-2.415522,-1.46302,-9.310156,0.8891349,0.0628184,-10,442.4871,500,-10,500,-10,-23.55128,-0.1435343,28.66118,-12.34089,11.85255,-9.522255,8.808551,0
-1.916725,-2.508169,-9.83657,0.6499736,0.2304345,-10,442.4262,500,-10,500,-10,-23.54442,-0.04353357,28.66446,-12.33705,11.86679,-9.528811,8.797028,0
-0.8501081,-3.087867,-9.636812,0.314658,0.3353353,-10,442.3647,500,-10,500,-10,-23.54037,0.05642337,28.66953,-12.33636,11.88305,-9.533701,8.784966,0
0.529903,-2.954467,-9.274369,-0.08143754,0.3743149,-10,442.3026,500,-10,500,-10,-23.53957,0.1563526,28.67544,-12.33791,11.90026,-9.537052,8.772658,0
1.795188,-2.727549,-9.40946,-0.4844224,0.320631,-10,442.2397,500,-10,500,-10,-23.54233,0.2562874,28.68118,-12.3407,11.91672,-9.539022,8.760959,0
2.453433,-1.931343,-9.760193,-0.802645,0.193493,-10,442.1774,500,-10,500,-10,-23.54832,0.3562629,28.68547,-12.34243,11.93044,-9.540838,8.750784,0
3.20327,-0.3301713,-9.426188,-1.014444,0.02706359,-10,442.1168,500,-10,500,-10,-23.55719,0.4562807,28.68755,-12.34205,11.94106,-9.542941,8.741889,0
3.251396,0.8884851,-9.279499,-1.0217,-0.1787718,-10,442.0548,500,-10,500,-10,-23.56792,0.556316,28.68643,-12.33745,11.94636,-9.546617,8.735667,0
2.249325,1.621492,-9.865485,-0.8739159,-0.3635002,-10,441.9923,500,-10,500,-10,-23.57971,0.6563173,28.68163,-12.32856,11.94756,-9.551524,8.730483,0
1.578867,2.870668,-9.335481,-0.6126793,-0.4731467,-10,441.9292,500,-10,500,-10,-23.59175,0.7562378,28.67328,-12.3155,11.94601,-9.557672,8.725121,0
0.2666095,3.043562,-9.558077,-0.2663335,-0.5032042,-10,441.8655,500,-10,500,-10,-23.60338,0.8560567,28.66169,-12.29877,11.94233,-9.564802,8.719199,0
-1.159882,2.935937,-9.454555,0.1480719,-0.4653093,-10,441.801,500,-10,500,-10,-23.61393,0.9557862,28.64734,-12.27891,11.93692,-9.57277,8.71271,0
-2.039999,2.02295,-9.541541,0.4938508,-0.3105111,-10,441.7347,500,-10,500,-10,-23.623,1.055484,28.63129,-12.25811,11.93309,-9.580266,8.703244,0
-2.964258,0.9913847,-9.756219,0.7502617,-0.1148179,-10,441.6745,500,-10,500,-10,-23.6308,1.155219,28.61447,-12.23794,11.93083,-9.586495,8.691563,0
-2.948178,-0.501833,-9.561625,0.8541908,0.1255176,-10,441.6124,500,-10,500,-10,-23.63769,1.255054,28.59775,-12.21979,11.93172,-9.590803,8.676826,0
-2.633639,-1.738815,-9.481734,0.7985767,0.3647006,-10,441.5495,500,-10,500,-10,-23.64474,1.355033,28.5817,-12.20456,11.9357,-9.592734,8.659549,0
-1.682411,-2.399181,-9.505606,0.6085078,0.5508347,-10,441.4861,500,-10,500,-10,-23.65565,1.455144,28.56373,-12.1916,11.94069,-9.5908,8.639667,0
-0.6695187,-3.232597,-9.596239,0.3100366,0.6552013,-10,441.422,500,-10,500,-10,-23.6961,1.555315,28.51912,-12.17244,11.93523,-9.572992,8.608161,0
0.9426915,-2.978954,-9.072575,-0.044214,0.6651184,-10,441.3571,500,-10,500,-10,-23.51303,1.653295,28.7018,-12.23135,12.02813,-9.66545,8.666626,0
2.127378,-2.52449,-9.348489,-0.4194031,0.5885746,-10,441.2903,500,-10,500,-10,-23.59712,1.75311,28.62052,-12.20458,12.00697,-9.624873,8.620441,0
2.80301,-1.695501,-9.512877,-0.6661318,0.3955086,-10,441.2278,500,-10,500,-10,-23.60701,1.853242,28.61666,-12.20213,12.01578,-9.624131,8.608439,0
2.837524,-0.6111924,-9.931034,-0.8143808,0.1429883,-10,441.1633,500,-10,500,-10,-23.6072,1.953269,28.62457,-12.20263,12.02757,-9.630184,8.603196,0
3.359177,1.166361,-9.261414,-0.7710841,-0.1380495,-10,441.0979,500,-10,500,-10,-23.60345,2.053181,28.63716,-12.20174,12.03788,-9.641496,8.603313,0
2.693053,2.219274,-9.266219,-0.6163824,-0.3800072,-10,441.0318,500,-10,500,-10,-23.59725,2.153011,28.65178,-12.1991,12.04766,-9.656259,8.605651,0
1.098326,2.517983,-9.80944,-0.3425872,-0.5623036,-10,440.965,500,-10,500,-10,-23.58928,2.252821,28.66652,-12.19342,12.05591,-9.674153,8.60962,0
0.1501267,3.057743,-9.369107,-0.01785129,-0.6345814,-10,440.8975,500,-10,500,-10,-23.58005,2.35267,28.67985,-12.18468,12.06359,-9.693925,8.612983,0
-1.219473,2.858546,-9.469307,0.3437492,-0.6065814,-10,440.8286,500,-10,500,-10,-23.57,2.452596,28.69053,-12.17312,12.07055,-9.714343,8.614866,0
-2.363799,1.959465,-9.549231,0.6613683,-0.4857807,-10,440.7621,500,-10,500,-10,-23.55953,2.5526,28.69775,-12.15992,12.07775,-9.733533,8.613663,0
-3.065768,0.8418187,-9.582376,0.8598221,-0.2780674,-10,440.7042,500,-10,500,-10,-23.54947,2.652648,28.70103,-12.1463,12.08618,-9.749862,8.607941,0
-2.823129,-0.3803613,-9.191951,0.9263197,-0.05799557,-10,440.645,500,-10,500,-10,-23.54025,2.752686,28.70059,-12.13345,12.09536,-9.762354,8.598398,0
-2.998495,-2.002189,-9.801245,0.8120046,0.1765018,-10,440.5851,500,-10,500,-10,-23.53309,2.85266,28.69665,-12.12231,12.10631,-9.770219,8.584186,0
-1.763637,-2.515441,-9.376277,0.5753437,0.3723366,-10,440.5245,500,-10,500,-10,-23.52831,2.952547,28.69001,-12.11333,12.11731,-9.773712,8.567681,0
-0.7347926,-3.190722,-9.700827,0.2276996,0.4871125,-10,440.4631,500,-10,500,-10,-23.52645,3.052359,28.68172,-12.10758,12.1278,-9.772578,8.550318,0
0.7512138,-3.141038,-9.459854,-0.1661504,0.5159537,-10,440.4008,500,-10,500,-10,-23.52753,3.152148,28.67301,-12.10358,12.13811,-9.76936,8.532786,0
2.157397,-2.517666,-9.362644,-0.5185593,0.4123312,-10,440.3329,500,-10,500,-10,-23.53146,3.251976,28.66516,-12.10086,12.14678,-9.765583,8.517622,0
2.998681,-1.452843,-9.521523,-0.8025295,0.2232998,-10,440.2733,500,-10,500,-10,-23.53796,3.351888,28.65945,-12.09884,12.15447,-9.762872,8.505197,0
3.424247,-0.05784032,-9.187908,-0.9608399,-0.01338274,-10,440.2116,500,-10,500,-10,-23.54649,3.451886,28.6567,-12.09639,12.161,-9.763043,8.496387,0
2.924176,0.9857256,-9.894162,-0.9310412,-0.2732565,-10,440.149,500,-10,500,-10,-23.55617,3.551936,28.65738,-12.09229,12.16575,-9.767711,8.492206,0
2.511819,2.374355,-9.251466,-0.7775082,-0.4753865,-10,440.0857,500,-10,500,-10,-23.56617,3.651982,28.66156,-12.08671,12.17071,-9.776758,8.490717,0
1.127355,2.860394,-9.406826,-0.489076,-0.6185461,-10,440.0215,500,-10,500,-10,-23.57566,3.751975,28.669,-12.0793,12.17552,-9.79032,8.492056,0
-0.02867878,3.079025,-9.581503,-0.1438507,-0.6521634,-10,439.9565,500,-10,500,-10,-23.58384,3.851896,28.67887,-12.0705,12.18168,-9.807305,8.494079,0
-1.525457,2.693585,-9.824183,0.2356413,-0.5993003,-10,439.8866,500,-10,500,-10,-23.58996,3.951758,28.69036,-12.0606,12.18887,-9.826722,8.496404,0
-2.348357,1.947491,-9.520056,0.540865,-0.4139783,-10,439.7444,500,-10,500,-10,-23.59338,4.051617,28.70156,-12.05021,12.19854,-9.846392,8.496017,0
-2.977969,0.9851146,-9.432331,0.7397219,-0.156147,-10,439.5815,500,-10,500,-10,-23.59354,4.151532,28.71054,-12.03979,12.20965,-9.864252,8.492351,0
-3.195482,-0.5050108,-9.381064,0.8202538,0.1161703,-10,439.4117,500,-10,500,-10,-23.58949,4.251535,28.71545,-12.02955,12.22076,-9.878564,8.485308,0
-2.800976,-1.788748,-9.494445,0.7320554,0.3937189,-10,439.2412,500,-10,500,-10,-23.57986,4.351624,28.71328,-12.01927,12.23116,-9.887049,8.473115,0
-2.10079,-3.031623,-9.773166,0.5166713,0.6086928,-10,439.07,500,-10,500,-10,-23.56142,4.451726,28.69997,-12.00737,12.23727,-9.887917,8.455976,0
-0.4915224,-3.121138,-9.365077,0.2044616,0.7347915,-10,438.898,500,-10,500,-10,-23.52437,4.551695,28.66484,-11.98925,12.23271,-9.876925,8.431428,0
0.6863236,-3.495148,-9.840248,-0.1361057,0.7363862,-10,438.7253,500,-10,500,-10,-23.42417,4.651153,28.56337,-11.94451,12.19168,-9.837597,8.388386,0
1.901895,-2.943186,-9.635186,-0.4777668,0.6096786,-10,438.5521,500,-10,500,-10,-21.78311,4.747023,26.91804,-11.1059,11.34623,-9.312894,7.870526,0
2.940166,-1.621443,-9.631326,-0.7188821,0.3808123,-10,438.3826,500,-10,500,-10,-24.12068,4.779839,29.25014,-12.23209,12.57384,-10.11906,8.575272,0
3.397061,-0.2327264,-9.383324,-0.8517182,0.09467291,-10,438.2126,500,-10,500,-10,-23.67306,4.872125,28.79305,-12.04513,12.33587,-9.92728,8.434501,0
3.341628,1.320294,-9.423115,-0.8040696,-0.2124683,-10,438.0421,500,-10,500,-10,-23.62212,4.971589,28.73291,-12.01622,12.30755,-9.906359,8.412986,0
2.70807,2.530271,-9.080937,-0.6434485,-0.4668423,-10,437.8709,500,-10,500,-10,-23.59714,5.071276,28.69971,-11.99579,12.29218,-9.899283,8.40085,0
0.9081172,2.690118,-9.753629,-0.3452145,-0.6634395,-10,437.6988,500,-10,500,-10,-23.57887,5.171082,28.6754,-11.97588,12.27971,-9.899045,8.393171,0
-0.2629169,2.968251,-9.593604,-0.01447188,-0.7288654,-10,437.5258,500,-10,500,-10,-23.56386,5.271016,28.6574,-11.95634,12.27138,-9.903674,8.386588,0
-0.9337276,3.367972,-8.885262,0.3426832,-0.6673138,-10,437.3523,500,-10,500,-10,-23.55105,5.371059,28.64523,-11.93715,12.26688,-9.912778,8.381004,0
-2.542117,2.147822,-9.575567,0.6412918,-0.4954421,-10,437.1924,500,-10,500,-10,-23.5402,5.471157,28.63883,-11.91989,12.26744,-9.92474,8.375145,0
-3.069334,1.032937,-9.322414,0.8546424,-0.2422305,-10,437.0067,500,-10,500,-10,-23.53136,5.571232,28.63796,-11.90527,12.27307,-9.938634,8.368791,0
-3.392444,-0.7114576,-9.466285,0.9396304,0.0104435,-10,436.822,500,-10,500,-10,-23.52415,5.671228,28.64155,-11.89455,12.28306,-9.952331,8.361775,0
-2.507162,-1.419974,-8.817131,0.8393187,0.2866228,-10,436.6363,500,-10,500,-10,-23.51949,5.771094,28.64904,-11.88827,12.29843,-9.964818,8.352611,0
-2.308317,-3.153035,-9.93768,0.5988554,0.494412,-10,436.4497,500,-10,500,-10,-23.51742,5.870838,28.65909,-11.88622,12.31676,-9.975196,8.342607,0
-0.7215475,-3.405607,-9.482612,0.2477876,0.6263257,-10,436.2623,500,-10,500,-10,-23.51832,5.970501,28.6705,-11.88756,12.33693,-9.983305,8.331899,0
0.7895974,-3.520005,-9.495881,-0.1298628,0.6450717,-10,436.0741,500,-10,500,-10,-23.52183,6.070163,28.68181,-11.89074,12.35637,-9.989497,8.321826,0
2.418301,-2.68144,-9.077377,-0.4900633,0.5295798,-10,435.8871,500,-10,500,-10,-23.52754,6.169902,28.69151,-11.89468,12.37338,-9.9936,8.312852,0
3.099313,-1.639004,-9.4147,-0.7776869,0.3100196,-10,435.6963,500,-10,500,-10,-23.53524,6.269761,28.69852,-11.89766,12.38687,-9.996424,8.305171,0
3.560371,-0.3347695,-9.457672,-0.9422388,0.02502671,-10,435.5046,500,-10,500,-10,-23.54416,6.369739,28.70201,-11.89812,12.39592,-9.998854,8.299019,0
3.351145,1.087323,-9.449227,-0.9379482,-0.2730544,-10,435.3121,500,-10,500,-10,-23.55362,6.469789,28.70166,-11.89452,12.40016,-10.00217,8.29449,0
2.797315,2.350252,-9.344293,-0.7894823,-0.5267454,-10,435.1187,500,-10,500,-10,-23.56274,6.569847,28.69763,-11.88663,12.40068,-10.00672,8.29062,0
1.697736,3.323754,-9.015077,-0.4978012,-0.7044584,-10,434.9244,500,-10,500,-10,-23.57069,6.669861,28.69049,-11.87428,12.39808,-10.01315,8.2873,0
0.331475,3.555774,-9.089591,-0.1316064,-0.7801189,-10,434.7291,500,-10,500,-10,-23.57664,6.769812,28.68115,-11.85863,12.39421,-10.02106,8.28344,0
-1.233738,3.119902,-9.396753,0.2497965,-0.7432258,-10,434.5334,500,-10,500,-10,-23.5801,6.869717,28.67075,-11.84094,12.3907,-10.03014,8.27834,0
-2.186399,2.482603,-9.241675,0.5892281,-0.5704496,-10,434.3375,500,-10,500,-10,-23.58048,6.969621,28.66103,-11.8225,12.38956,-10.04052,8.271413,0
-3.441738,0.893524,-9.910411,0.8003998,-0.3104925,-10,434.1376,500,-10,500,-10,-23.57757,7.069572,28.65376,-11.80595,12.39257,-10.05105,8.262383,0
-3.520063,-0.5862069,-9.393398,0.9177753,-0.01601276,-10,433.9373,500,-10,500,-10,-23.57076,7.169584,28.65054,-11.79183,12.39925,-10.0625,8.253036,0
-3.348073,-2.041042,-9.722281,0.8270491,0.2942609,-10,433.7359,500,-10,500,-10,-23.55984,7.269629,28.65314,-11.78292,12.41216,-10.07356,8.242274,0
-1.854658,-2.678169,-9.196059,0.6136283,0.5416021,-10,433.5334,500,-10,500,-10,-23.54415,7.36963,28.66346,-11.77926,12.42987,-10.08577,8.233128,0
-1.182832,-3.781651,-9.79207,0.2623471,0.6900874,-10,433.33,500,-10,500,-10,-23.52232,7.469485,28.68368,-11.78226,12.4531,-10.09953,8.226644,0
0.8484992,-3.223559,-8.981173,-0.1489831,0.7715735,-10,433.1257,500,-10,500,-10,-23.48965,7.56905,28.71894,-11.79176,12.48313,-10.11925,8.225835,0
2.027633,-2.936032,-9.180974,-0.5139523,0.7086955,-10,432.9216,500,-10,500,-10,-23.43365,7.668105,28.78122,-11.81026,12.52231,-10.15235,8.238256,0
2.745556,-2.107121,-9.621983,-0.8296357,0.5412809,-10,432.7137,500,-10,500,-10,-23.30659,7.766065,28.9175,-11.85084,12.591,-10.22469,8.282489,0
3.731122,-0.7666685,-9.226087,-0.9831681,0.2738924,-10,432.5048,500,-10,500,-10,-22.70901,7.858984,29.52553,-12.02082,12.86114,-10.55851,8.516155,0
3.567655,0.6372936,-9.384684,-1.018016,-0.0180717,-10,432.2947,500,-10,500,-10,-29.79998,7.896311,22.44534,-9.549527,10.27178,-7.163245,5.238947,0
2.854112,2.166948,-9.158533,-0.8641438,-0.2922022,-10,432.0836,500,-10,500,-10,-29.83257,7.996331,22.42183,-9.536264,10.26402,-7.157025,5.227226,0
1.902058,3.149179,-9.131386,-0.5435697,-0.5127317,-10,431.8713,500,-10,500,-10,-29.82118,8.096425,22.43973,-9.531681,10.27123,-7.176436,5.234848,0
0.3367788,3.306467,-9.653468,-0.149092,-0.6312619,-10,431.6579,500,-10,500,-10,-29.81147,8.196582,22.45232,-9.522897,10.27591,-7.195651,5.240593,0
-1.032137,3.03665,-9.685992,0.2804291,-0.6474755,-10,431.444,500,-10,500,-10,-29.80206,8.296784,22.46032,-9.510726,10.27902,-7.21445,5.244111,0
-2.275849,2.736508,-9.211964,0.6740892,-0.5687105,-10,431.2284,500,-10,500,-10,-29.79363,8.396977,22.46321,-9.496378,10.28141,-7.231198,5.244119,0
-3.058679,1.47249,-9.280702,0.9617997,-0.3883665,-10,431.0103,500,-10,500,-10,-29.78607,8.497097,22.46129,-9.48105,10.2845,-7.244934,5.239443,0
-3.38823,0.1077449,-9.325282,1.067834,-0.107783,-10,430.7912,500,-10,500,-10,-29.78084,8.597054,22.45439,-9.466083,10.28955,-7.254184,5.228677,0
-3.003376,-1.316478,-9.09886,1.035627,0.1733972,-10,430.5708,500,-10,500,-10,-29.77808,8.696801,22.44339,-9.452176,10.29513,-7.258979,5.213988,0
-2.512575,-2.676686,-9.376426,0.8231034,0.4190766,-10,430.3493,500,-10,500,-10,-29.77783,8.796366,22.42984,-9.440995,10.30228,-7.258929,5.195598,0
-1.387241,-3.46454,-9.525537,0.4912355,0.5845907,-10,430.1266,500,-10,500,-10,-29.78032,8.895808,22.41503,-9.432466,10.31012,-7.255186,5.175489,0
0.07584877,-3.76429,-9.255072,0.08280697,0.6460921,-10,429.9027,500,-10,500,-10,-29.78541,8.995228,22.40039,-9.426616,10.31832,-7.248906,5.155159,0
1.565832,-3.204976,-9.39338,-0.3392269,0.6028705,-10,429.678,500,-10,500,-10,-29.79284,9.094733,22.3873,-9.422845,10.32645,-7.24183,5.136178,0
2.79627,-2.635189,-9.281837,-0.730507,0.4658683,-10,429.4507,500,-10,500,-10,-29.80233,9.194386,22.37669,-9.420582,10.33432,-7.235301,5.119521,0
3.737586,-0.9736909,-8.782185,-1.009857,0.2686947,-10,429.222,500,-10,500,-10,-29.81328,9.294208,22.36926,-9.418282,10.34121,-7.231444,5.106468,0
3.551573,0.07346615,-9.62406,-1.082597,-0.0276435,-10,428.992,500,-10,500,-10,-29.82436,9.394182,22.36576,-9.414932,10.3454,-7.231901,5.099389,0
3.222244,1.67808,-9.364929,-1.008312,-0.2998876,-10,428.7607,500,-10,500,-10,-29.83465,9.49424,22.36623,-9.410178,10.34918,-7.237042,5.095997,0
2.42683,2.919305,-9.138259,-0.7604565,-0.5361345,-10,428.528,500,-10,500,-10,-29.84323,9.594308,22.37016,-9.403187,10.35196,-7.247293,5.096471,0
0.8815576,3.179612,-9.658061,-0.4236061,-0.6784117,-10,428.2942,500,-10,500,-10,-29.84955,9.694344,22.37663,-9.394384,10.35537,-7.261449,5.09842,0
-0.3637955,3.675422,-9.06416,-0.0008063088,-0.7407793,-10,428.0592,500,-10,500,-10,-29.85291,9.794336,22.38473,-9.383628,10.35883,-7.278921,5.101675,0
-2.566444,2.325807,-10.33672,0.4073569,-0.6609817,-10,427.8224,500,-10,500,-10,-29.85286,9.894315,22.39293,-9.371353,10.364,-7.297989,5.103303,0
-2.972013,1.918508,-9.525867,0.7216757,-0.4436561,-10,427.5835,500,-10,500,-10,-29.84922,9.994311,22.39934,-9.35829,10.37126,-7.316364,5.101352,0
-3.229668,1.071164,-9.084848,0.9428326,-0.1663387,-10,427.3433,500,-10,500,-10,-29.84184,10.09434,22.40236,-9.344726,10.37896,-7.332429,5.096153,0
-3.49877,-0.8397096,-9.551911,1.022866,0.1059894,-10,427.1017,500,-10,500,-10,-29.83061,10.19437,22.40108,-9.33189,10.38674,-7.344205,5.087315,0
-2.944702,-2.145984,-9.366693,0.8982357,0.3996624,-10,426.8586,500,-10,500,-10,-29.81583,10.29432,22.3937,-9.319956,10.39512,-7.350019,5.072813,0
-2.200214,-3.553221,-9.621729,0.6373711,0.606812,-10,426.6142,500,-10,500,-10,-29.79725,10.39411,22.37922,-9.308617,10.40124,-7.349368,5.054698,0
-0.6384971,-3.767845,-9.451168,0.2935403,0.7156499,-10,426.3684,500,-10,500,-10,-29.77428,10.49362,22.35651,-9.296627,10.40352,-7.34254,5.033606,0
1.048852,-3.500088,-9.190191,-0.1132687,0.7252052,-10,426.1212,500,-10,500,-10,-29.74496,10.59278,22.32347,-9.282841,10.40045,-7.328949,5.009293,0
1.775244,-3.101654,-9.623627,-0.486321,0.6046183,-10,425.8719,500,-10,500,-10,-29.70482,10.69151,22.27608,-9.264213,10.38796,-7.308307,4.982514,0
3.243273,-1.835676,-9.221302,-0.7942278,0.4016493,-10,425.6209,500,-10,500,-10,-29.64163,10.78965,22.20299,-9.234808,10.3601,-7.277153,4.949817,0
3.499995,-0.754702,-9.622699,-0.9591373,0.1148764,-10,425.3684,500,-10,500,-10,-29.51248,10.88661,22.06243,-9.167926,10.29284,-7.227568,4.900609,0
3.474218,1.012471,-9.246071,-0.9726717,-0.2058076,-10,425.1145,500,-10,500,-10,-28.99134,10.97881,21.53009,-8.887725,10.02185,-7.066681,4.730508,0
2.92028,2.119397,-9.188308,-0.8329141,-0.4895121,-10,424.8589,500,-10,500,-10,-28.00469,10.96692,20.53462,-8.368268,9.498276,-6.7613,4.429249,0
1.95312,3.023707,-9.233582,-0.5721918,-0.7061961,-10,424.602,500,-10,500,-10,-26.74131,10.90987,19.26453,-7.685397,8.975367,-6.391786,3.899774,0
0.0852541,3.423071,-9.74131,-0.2300944,-0.8060775,-10,424.3435,500,-10,500,-10,-26.65855,10.80993,19.1782,-7.642206,8.926003,-6.363446,3.877605,0
-0.9533889,3.397391,-9.260262,0.1863536,-0.8112342,-10,424.0833,500,-10,500,-10,-26.64287,10.70962,19.16312,-7.634481,8.90528,-6.358679,3.885837,0
-2.342908,2.756039,-9.445004,0.5565888,-0.7012983,-10,423.821,500,-10,500,-10,-26.63487,10.60933,19.1598,-7.632282,8.891213,-6.358121,3.897147,0
-3.134587,1.624758,-9.539864,0.8238604,-0.472463,-10,423.5572,500,-10,500,-10,-26.63102,10.50917,19.16407,-7.634298,8.883202,-6.359645,3.908697,0
-3.358965,0.3429694,-9.152801,0.981979,-0.202248,-10,423.2917,500,-10,500,-10,-26.62967,10.40921,19.17358,-7.64032,8.879528,-6.361508,3.920255,0
-3.251783,-1.381366,-9.312252,0.9434398,0.1080374,-10,423.0246,500,-10,500,-10,-26.63086,10.30947,19.18697,-7.651207,8.881181,-6.361713,3.929696,0
-2.846328,-2.49058,-9.543331,0.7733662,0.361451,-10,422.7559,500,-10,500,-10,-26.6344,10.20991,19.20268,-7.666205,8.88539,-6.359731,3.938504,0
-1.151024,-2.905523,-8.866056,0.4793637,0.5680607,-10,422.4856,500,-10,500,-10,-26.64024,10.11047,19.21931,-7.684412,8.891636,-6.355307,3.946039,0
-0.4470604,-3.919152,-9.658313,0.1095754,0.6336798,-10,422.2137,500,-10,500,-10,-26.64779,10.01101,19.2351,-7.7052,8.897373,-6.3476,3.953383,0
1.308637,-3.313898,-9.14441,-0.2888395,0.6256233,-10,421.9398,500,-10,500,-10,-26.6569,9.911458,19.2489,-7.726459,8.902143,-6.337774,3.960046,0
2.617009,-2.520612,-9.006818,-0.6726696,0.5289388,-10,421.664,500,-10,500,-10,-26.66764,9.811769,19.2601,-7.747335,8.904836,-6.326182,3.966639,0
3.047934,-1.690822,-9.532109,-0.9841639,0.3503459,-10,421.3865,500,-10,500,-10,-26.67955,9.711925,19.26797,-7.766385,8.904258,-6.313652,3.973735,0
3.68887,-0.3038819,-9.492435,-1.134652,0.1170922,-10,421.1074,500,-10,500,-10,-26.69163,9.611952,19.27206,-7.781517,8.899003,-6.301906,3.982376,0
3.862139,1.577586,-8.769252,-1.091728,-0.150118,-10,420.8264,500,-10,500,-10,-26.7027,9.511916,19.27218,-7.791787,8.888629,-6.291738,3.992851,0
3.042907,2.767322,-8.90521,-0.9066101,-0.391046,-10,420.5439,500,-10,500,-10,-26.71206,9.411888,19.26879,-7.79758,8.874781,-6.283131,4.003887,0
1.892478,3.581699,-8.876304,-0.6045678,-0.5473415,-10,420.2596,500,-10,500,-10,-26.71904,9.311913,19.26267,-7.79896,8.858841,-6.276682,4.014758,0
0.7552674,3.777538,-8.959359,-0.2373433,-0.5956399,-10,419.9735,500,-10,500,-10,-26.72332,9.211988,19.25512,-7.79717,8.842362,-6.27222,4.024983,0
-1.129823,3.097654,-9.502852,0.1991891,-0.5861441,-10,419.6853,500,-10,500,-10,-26.72426,9.112093,19.24704,-7.793097,8.824984,-6.269596,4.035665,0
-1.920598,2.916238,-9.010895,0.5747234,-0.4494705,-10,419.3953,500,-10,500,-10,-26.72175,9.012177,19.23985,-7.788863,8.810196,-6.267877,4.0445,0
-3.077952,1.233269,-9.469828,0.8392498,-0.2123535,-10,419.1035,500,-10,500,-10,-26.71589,8.912202,19.23503,-7.786327,8.799064,-6.266414,4.051634,0
-3.736765,-0.1003416,-9.769236,0.9948457,0.06949276,-10,418.81,500,-10,500,-10,-26.70669,8.812173,19.23391,-7.786727,8.791396,-6.265085,4.058372,0
-3.687269,-1.730112,-9.868998,1.004008,0.3328391,-10,418.5146,500,-10,500,-10,-26.69433,8.712141,19.23729,-7.7918,8.78741,-6.262812,4.065157,0
-2.66162,-2.560522,-9.571341,0.8588454,0.5649254,-10,418.2174,500,-10,500,-10,-26.67927,8.612185,19.24603,-7.802263,8.787427,-6.259593,4.072386,0
-1.521587,-3.203771,-9.53959,0.5894309,0.7189129,-10,417.9185,500,-10,500,-10,-26.66165,8.512391,19.26072,-7.818421,8.790611,-6.255603,4.081369,0
0.08003204,-3.238645,-9.12466,0.2415916,0.7899835,-10,417.6175,500,-10,500,-10,-26.6411,8.412834,19.28193,-7.839848,8.796278,-6.251756,4.093282,0
0.8075306,-3.457531,-9.575323,-0.1266739,0.7545488,-10,417.3146,500,-10,500,-10,-26.6167,8.313559,19.31054,-7.866145,8.803459,-6.249167,4.109808,0
1.903978,-2.949948,-9.738938,-0.466887,0.6067311,-10,417.0098,500,-10,500,-10,-26.58602,8.214579,19.34844,-7.897381,8.811728,-6.24933,4.13294,0
3.22658,-1.461683,-9.207872,-0.7260337,0.3830572,-10,416.7031,500,-10,500,-10,-26.54305,8.115921,19.40087,-7.93449,8.822017,-6.255666,4.166096,0
3.350748,-0.3765064,-9.455678,-0.8629157,0.07048953,-10,416.3945,500,-10,500,-10,-26.4713,8.0177,19.48321,-7.983542,8.83772,-6.274838,4.218617,0
3.738137,1.575038,-8.833841,-0.8803267,-0.2226243,-10,416.0841,500,-10,500,-10,-26.29286,7.920793,19.67214,-8.076694,8.881482,-6.33823,4.331398,0
2.740135,2.143027,-9.152312,-0.7338269,-0.5146803,-10,415.7718,500,-10,500,-10,-24.79004,7.835053,21.18353,-8.71746,9.385343,-6.949785,5.079857,0
1.364956,2.629367,-9.778355,-0.4810298,-0.7461752,-10,415.4575,500,-10,500,-10,-15.12582,7.807178,30.85278,-12.07742,12.94072,-11.60166,9.53632,0
0.5117478,3.10825,-9.323773,-0.1618616,-0.8540672,-10,415.1412,500,-10,500,-10,-14.09095,7.733755,31.89129,-12.43039,13.24528,-12.10919,10.09226,0
-0.8008683,3.193311,-9.526792,0.1443999,-0.8350742,-10,414.823,500,-10,500,-10,-14.06841,7.63342,31.91326,-12.44164,13.23925,-12.11614,10.11649,0
-2.101478,2.369725,-9.794897,0.4759296,-0.756865,-10,414.5027,500,-10,500,-10,-14.06162,7.533091,31.91603,-12.44339,13.22775,-12.11669,10.13029,0
-2.54603,1.552909,-9.350985,0.7215422,-0.5620544,-10,414.1807,500,-10,500,-10,-14.05908,7.432885,31.9115,-12.442,13.21674,-12.11433,10.13755,0
-3.008699,0.473775,-9.318846,0.862065,-0.3047157,-10,413.8567,500,-10,500,-10,-14.05924,7.33287,31.9019,-12.43935,13.20666,-12.10902,10.13967,0
-3.238302,-0.6820563,-9.440405,0.8718143,-0.01510609,-10,413.5307,500,-10,500,-10,-14.06174,7.233071,31.88859,-12.43688,13.19806,-12.10046,10.13725,0
-2.537065,-1.690764,-9.415207,0.7635859,0.2462397,-10,413.2028,500,-10,500,-10,-14.06611,7.133457,31.87304,-12.43575,13.19048,-12.08871,10.13193,0
-1.585075,-2.563078,-9.289604,0.4952896,0.4857991,-10,412.8728,500,-10,500,-10,-14.07253,7.033964,31.85642,-12.43718,13.18514,-12.07351,10.1235,0
-0.9580963,-3.429528,-9.86622,0.1764624,0.6327732,-10,412.5408,500,-10,500,-10,-14.08079,6.934505,31.83993,-12.44068,13.17976,-12.05634,10.11522,0
1.002604,-2.922709,-9.190063,-0.185309,0.6990119,-10,412.2068,500,-10,500,-10,-14.09044,6.834988,31.8248,-12.44657,13.17475,-12.03791,10.1077,0
1.753965,-2.530417,-9.341173,-0.5070398,0.6433645,-10,411.8709,500,-10,500,-10,-14.10111,6.735345,31.81198,-12.45434,13.16852,-12.01952,10.10331,0
2.661531,-1.756623,-9.27053,-0.7756239,0.517115,-10,411.533,500,-10,500,-10,-14.1123,6.635553,31.80215,-12.46349,13.16163,-12.00223,10.10204,0
3.425613,-0.895485,-9.148231,-0.9567188,0.2970684,-10,411.1932,500,-10,500,-10,-14.12341,6.535626,31.79597,-12.47398,13.15345,-11.98662,10.10511,0
3.401054,0.2824085,-9.246385,-1.037625,0.04899565,-10,410.8513,500,-10,500,-10,-14.13423,6.435614,31.79359,-12.48493,13.14451,-11.9737,10.11208,0
2.959686,1.176156,-9.437093,-0.9769326,-0.1870631,-10,410.5075,500,-10,500,-10,-14.14406,6.33558,31.79477,-12.49498,13.13448,-11.96462,10.12308,0
2.154148,2.15568,-9.542662,-0.8042499,-0.3707496,-10,410.1616,500,-10,500,-10,-14.15244,6.235579,31.79883,-12.50384,13.12406,-11.95913,10.13687,0
1.207071,2.665295,-9.685598,-0.5233499,-0.5003181,-10,409.8136,500,-10,500,-10,-14.15881,6.135639,31.80517,-12.51124,13.11307,-11.95698,10.15311,0
-0.03505819,2.878867,-9.547276,-0.1548282,-0.5700006,-10,409.4636,500,-10,500,-10,-14.16259,6.035754,31.813,-12.51705,13.10163,-11.95765,10.17104,0
-0.9210895,2.694901,-9.655354,0.1868959,-0.5348732,-10,409.1117,500,-10,500,-10,-14.16369,5.935892,31.82128,-12.52221,13.09182,-11.95936,10.1877,0
-1.666118,2.538985,-9.086349,0.5015492,-0.4007502,-10,408.7578,500,-10,500,-10,-14.16199,5.836006,31.82874,-12.52617,13.08314,-11.96158,10.20257,0
-2.647776,1.424193,-9.552967,0.7612046,-0.1994347,-10,408.4019,500,-10,500,-10,-14.15729,5.736058,31.83415,-12.52915,13.07527,-11.96308,10.21492,0
-2.476123,0.4120269,-8.980142,0.9300992,0.02653794,-10,408.0441,500,-10,500,-10,-14.14957,5.636046,31.83663,-12.53182,13.06804,-11.96247,10.22421,0
-3.223278,-1.111614,-10.01065,0.9486106,0.2634098,-10,407.6842,500,-10,500,-10,-14.13904,5.535997,31.83513,-12.53483,13.06195,-11.95821,10.22905,0
-2.618801,-1.998095,-9.960135,0.8617491,0.4651827,-10,407.3222,500,-10,500,-10,-14.1257,5.43597,31.82899,-12.53763,13.05551,-11.95032,10.2304,0
-1.390403,-2.29545,-9.37772,0.694988,0.6011298,-10,406.9582,500,-10,500,-10,-14.10937,5.336038,31.81759,-12.53981,13.04771,-11.9387,10.22875,0
-0.8020752,-3.201704,-9.94945,0.4456675,0.6657286,-10,406.5922,500,-10,500,-10,-14.08964,5.236272,31.80002,-12.54104,13.03818,-11.92292,10.22373,0
0.3425398,-2.917665,-9.796134,0.1318761,0.63901,-10,406.2243,500,-10,500,-10,-14.06558,5.136726,31.77521,-12.54062,13.02599,-11.90277,10.21536,0
1.452565,-2.61218,-9.375763,-0.1676472,0.5396215,-10,405.8544,500,-10,500,-10,-14.03393,5.037457,31.73993,-12.53532,13.00867,-11.87884,10.20345,0
2.523747,-1.57541,-9.322536,-0.442464,0.3628044,-10,405.4826,500,-10,500,-10,-13.98722,4.938533,31.68722,-12.5213,12.98308,-11.84919,10.18537,0
2.562308,-1.039897,-10.00451,-0.643543,0.1133519,-10,405.1088,500,-10,500,-10,-13.89997,4.840209,31.59228,-12.48819,12.93448,-11.80363,10.1553,0
3.05085,0.1871018,-9.530437,-0.7473871,-0.1472204,-10,404.7329,500,-10,500,-10,-13.609,4.744012,31.2927,-12.36975,12.796,-11.67385,10.04555,0
2.698467,1.045206,-9.710402,-0.7399619,-0.4054635,-10,404.355,500,-10,500,-10,-17.07728,4.682474,34.75343,-14.18443,14.38368,-12.72669,11.3254,0
1.821272,1.554955,-9.914933,-0.6164009,-0.640643,-10,403.9751,500,-10,500,-10,-17.82096,4.778822,35.49066,-14.47316,14.78624,-13.04882,11.5337,0
1.166047,2.171635,-9.826679,-0.4417832,-0.7896657,-10,403.5933,500,-10,500,-10,-17.29923,4.868983,34.96275,-14.25829,14.49863,-12.82627,11.38389,0
0.1989513,2.600539,-9.642912,-0.1681154,-0.896489,-10,403.2096,500,-10,500,-10,-17.24986,4.968966,34.91029,-14.22663,14.47191,-12.81446,11.36714,0
-0.5009928,2.579839,-9.575286,0.07574856,-0.8968143,-10,402.8239,500,-10,500,-10,-17.23034,5.069247,34.89028,-14.20708,14.46437,-12.81744,11.3581,0
-1.960614,1.875151,-10.17963,0.3482359,-0.8345999,-10,402.4363,500,-10,500,-10,-17.21918,5.169581,34.88142,-14.19068,14.46288,-12.82649,11.35225,0
-1.918813,1.780393,-9.315507,0.5696131,-0.69033,-10,402.0467,500,-10,500,-10,-17.21195,5.269866,34.87922,-14.17677,14.46661,-12.83857,11.34669,0
-2.527673,0.5478373,-9.762231,0.692567,-0.5024251,-10,401.6552,500,-10,500,-10,-17.20707,5.370041,34.88161,-14.16578,14.47484,-12.85155,11.34044,0
-2.746719,-0.4109791,-9.844372,0.7041931,-0.2532905,-10,401.2617,500,-10,500,-10,-17.20491,5.470036,34.88818,-14.15762,14.48781,-12.86515,11.33292,0
-1.931482,-0.747568,-9.136089,0.6372217,-0.0006395816,-10,400.8662,500,-10,500,-10,-17.20503,5.569839,34.89785,-14.15197,14.50376,-12.87881,11.32498,0
-1.871665,-1.76968,-9.619767,0.465172,0.2227866,-10,400.469,500,-10,500,-10,-17.20722,5.669477,34.9096,-14.14929,14.52229,-12.89123,11.31619,0
-0.6366549,-2.123815,-9.224756,0.224058,0.3994687,-10,400.0698,500,-10,500,-10,-17.2113,5.769007,34.92243,-14.14879,14.54209,-12.90236,11.30702,0
0.07762479,-2.421317,-9.267919,-0.08489317,0.5174939,-10,399.6688,500,-10,500,-10,-17.21733,5.868498,34.93548,-14.15029,14.5626,-12.91168,11.29732,0
1.037765,-2.33936,-9.34892,-0.3977044,0.5918258,-10,399.266,500,-10,500,-10,-17.22519,5.968013,34.94815,-14.15231,14.58262,-12.92015,11.2878,0
1.88802,-1.784551,-9.047898,-0.649105,0.5616179,-10,398.8612,500,-10,500,-10,-17.23427,6.067618,34.95955,-14.15407,14.59988,-12.92783,11.27998,0
2.26173,-1.46249,-9.508759,-0.850181,0.4660667,-10,398.4545,500,-10,500,-10,-17.24399,6.167353,34.9689,-14.15502,14.61463,-12.93463,11.27298,0
2.241817,-1.284356,-10.0618,-0.9541802,0.3011044,-10,398.0459,500,-10,500,-10,-17.25388,6.267219,34.97571,-14.15425,14.62571,-12.94104,11.26755,0
2.548911,0.07078137,-9.676724,-1.002828,0.1378974,-10,397.6355,500,-10,500,-10,-17.26379,6.367185,34.97984,-14.15159,14.63456,-12.94712,11.26211,0
2.608141,1.012613,-9.466331,-0.9801044,-0.006064583,-10,397.2233,500,-10,500,-10,-17.27347,6.467206,34.98145,-14.14663,14.64119,-12.95342,11.25682,0
1.925623,1.630104,-9.775311,-0.8404169,-0.1397425,-10,396.8093,500,-10,500,-10,-17.28232,6.567242,34.98071,-14.13871,14.64474,-12.96073,11.25265,0
1.416951,1.994217,-9.657863,-0.6277265,-0.2382915,-10,396.3936,500,-10,500,-10,-17.2899,6.667263,34.97791,-14.12838,14.64637,-12.96874,11.24871,0
0.4685583,2.310171,-9.552444,-0.3536476,-0.2739967,-10,395.9761,500,-10,500,-10,-17.29578,6.767257,34.97372,-14.11573,14.64688,-12.97792,11.24472,0
-0.5332999,1.901346,-9.88568,-0.0671123,-0.265626,-10,395.5569,500,-10,500,-10,-17.29954,6.867228,34.96861,-14.10195,14.6471,-12.98746,11.24026,0
-0.766827,2.340738,-9.316384,0.2574796,-0.2121122,-10,395.1358,500,-10,500,-10,-17.30078,6.967194,34.96339,-14.08683,14.64699,-12.99826,11.23606,0
-1.801324,1.37117,-9.638154,0.5435451,-0.09182366,-10,394.7128,500,-10,500,-10,-17.29875,7.067179,34.959,-14.07172,14.6485,-13.00974,11.23092,0
-2.450557,0.4547371,-10.09274,0.7378734,0.06828753,-10,394.2881,500,-10,500,-10,-17.29333,7.167203,34.95687,-14.0583,14.65292,-13.02139,11.22472,0
-1.958998,0.1118746,-9.07539,0.8807079,0.2347517,-10,393.8618,500,-10,500,-10,-17.28365,7.267254,34.95808,-14.04655,14.65971,-13.03414,11.21894,0
-2.199661,-0.8632775,-9.694193,0.9099336,0.4138387,-10,393.4337,500,-10,500,-10,-17.26866,7.367291,34.96496,-14.03826,14.67101,-13.04813,11.21334,0
-1.690681,-1.536096,-9.52354,0.8353889,0.5918853,-10,393.004,500,-10,500,-10,-17.24562,7.467226,34.98092,-14.03439,14.68804,-13.06523,11.20954,0
-1.433874,-2.059631,-9.812935,0.7047907,0.7004782,-10,392.5726,500,-10,500,-10,-17.20875,7.566887,35.01238,-14.03672,14.71203,-13.08896,11.21161,0
-0.3784828,-2.173334,-9.393093,0.5481235,0.7393072,-10,392.1395,500,-10,500,-10,-17.14282,7.665941,35.07429,-14.04889,14.74903,-13.12809,11.22591,0
-0.04977118,-2.490306,-9.878572,0.3299429,0.7142859,-10,391.7046,500,-10,500,-10,-16.98786,7.763372,35.22722,-14.08801,14.8265,-13.21569,11.27516,0
0.9228087,-2.177516,-9.71282,0.1197671,0.627865,-10,391.268,500,-10,500,-10,-15.41335,7.852485,36.80126,-14.58861,15.45018,-14.01931,11.95571,0
1.198014,-2.37329,-10.11271,-0.1730306,0.5053069,-10,390.8298,500,-10,500,-10,1.853234,7.864823,54.06932,-20.815,21.58488,-22.10106,20.12914,0
1.842311,-1.512437,-10.05295,-0.3972534,0.3531307,-10,390.39,500,-10,500,-10,0.1700846,7.876677,52.39053,-20.19153,20.88544,-21.33349,19.43755,0
1.983646,-1.066218,-10.13136,-0.5344424,0.1417238,-10,389.9486,500,-10,500,-10,1.048364,7.920588,53.27392,-20.57145,21.26003,-21.68554,19.79492,0
2.776664,0.3593316,-9.437041,-0.565317,-0.09586423,-10,389.5057,500,-10,500,-10,1.494283,8.013278,53.72657,-20.73689,21.43882,-21.89516,19.99119,0
2.588022,1.33093,-9.2228,-0.5371496,-0.3298468,-10,389.0612,500,-10,500,-10,1.53867,8.112947,53.77717,-20.74611,21.46454,-21.92786,20.0074,0
2.038715,1.958828,-9.306207,-0.4612073,-0.5132149,-10,388.6153,500,-10,500,-10,1.55874,8.212826,53.80312,-20.7468,21.47946,-21.94868,20.01398,0
1.012569,1.830894,-9.841276,-0.2720479,-0.6939988,-10,388.1676,500,-10,500,-10,1.57336,8.312805,53.82231,-20.7435,21.48951,-21.96788,20.01983,0
0.4985601,2.431256,-9.449371,-0.05758815,-0.8063315,-10,387.7183,500,-10,500,-10,1.585918,8.412883,53.83765,-20.73777,21.49815,-21.98632,20.0239,0
-0.4756318,2.031232,-9.774278,0.1351186,-0.8398916,-10,387.2673,500,-10,500,-10,1.596727,8.51305,53.84942,-20.73039,21.50641,-22.00345,20.02539,0
-1.240171,1.928726,-9.846649,0.3483255,-0.8196542,-10,386.8148,500,-10,500,-10,1.606228,8.613274,53.85781,-20.72098,21.51335,-22.01982,20.02541,0
-1.611205,1.790589,-9.721593,0.5501525,-0.7138213,-10,386.3609,500,-10,500,-10,1.61493,8.713513,53.86287,-20.7097,21.51985,-22.03529,20.0231,0
-2.406981,0.7278189,-10.06371,0.6731681,-0.5550974,-10,385.9056,500,-10,500,-10,1.622547,8.813709,53.8645,-20.69808,21.52666,-22.04826,20.01764,0
-2.152158,0.3686589,-9.518663,0.7702736,-0.3809735,-10,385.4488,500,-10,500,-10,1.62947,8.913824,53.86311,-20.68575,21.53262,-22.05944,20.01052,0
-2.583428,-0.501452,-9.816278,0.7423456,-0.1664281,-10,384.9906,500,-10,500,-10,1.635078,9.013806,53.85874,-20.67417,21.53976,-22.0674,19.99977,0
-1.958667,-1.092428,-9.579388,0.65764,0.03646844,-10,384.531,500,-10,500,-10,1.639386,9.113629,53.85172,-20.66288,21.54649,-22.07288,19.98722,0
-1.642974,-1.902642,-9.698366,0.5204606,0.1973595,-10,384.0697,500,-10,500,-10,1.642691,9.213312,53.84284,-20.65236,21.5528,-22.07603,19.97355,0
-1.015388,-2.236191,-9.937372,0.2598071,0.3627211,-10,383.6068,500,-10,500,-10,1.644142,9.31285,53.83218,-20.64343,21.56046,-22.07613,19.95706,0
-0.115263,-2.381575,-9.838608,0.04285413,0.4374023,-10,383.1425,500,-10,500,-10,1.644226,9.412303,53.82055,-20.63453,21.56596,-22.0754,19.94193,0
0.6133859,-2.357076,-9.545492,-0.2368395,0.457858,-10,382.6767,500,-10,500,-10,1.642762,9.51173,53.8086,-20.62728,21.57184,-22.07274,19.92614,0
1.579506,-2.116466,-9.528569,-0.5372802,0.4453679,-10,382.2096,500,-10,500,-10,1.639587,9.611186,53.79685,-20.62092,21.57791,-22.06937,19.91033,0
2.248285,-1.350361,-9.492354,-0.797681,0.3798813,-10,381.7411,500,-10,500,-10,1.634569,9.710719,53.78581,-20.6148,21.58317,-22.06634,19.89593,0
2.010133,-1.272194,-10.21539,-0.9654638,0.2550232,-10,381.2711,500,-10,500,-10,1.628379,9.810379,53.77623,-20.60833,21.58699,-22.06488,19.88418,0
2.899202,0.200895,-9.2917,-1.07502,0.1220745,-10,380.7999,500,-10,500,-10,1.621032,9.910167,53.76839,-20.60159,21.59065,-22.06511,19.87401,0
1.949088,-0.04465398,-10.34284,-1.08058,-0.0531714,-10,380.3273,500,-10,500,-10,1.612982,10.01008,53.76284,-20.59438,21.59326,-22.06773,19.86681,0
2.238562,1.031172,-9.871138,-0.9906644,-0.205376,-10,379.8531,500,-10,500,-10,1.604576,10.1101,53.75982,-20.58614,21.59576,-22.07346,19.8618,0
1.432972,1.658474,-9.984476,-0.7962652,-0.3611362,-10,379.3772,500,-10,500,-10,1.596128,10.21018,53.75978,-20.57716,21.59795,-22.08241,19.85957,0
1.503774,2.383419,-9.167079,-0.5817094,-0.4463673,-10,378.9001,500,-10,500,-10,1.587877,10.31028,53.7624,-20.56795,21.60188,-22.09379,19.85782,0
0.3147639,2.322046,-9.745209,-0.3122362,-0.5080744,-10,378.4215,500,-10,500,-10,1.57979,10.41038,53.76791,-20.55851,21.60654,-22.1078,19.85772,0
-0.2463859,2.421286,-9.375361,-0.03623641,-0.4830401,-10,377.9417,500,-10,500,-10,1.57221,10.51045,53.77572,-20.54873,21.61317,-22.12404,19.85756,0
-1.10884,2.2703,-9.615618,0.270238,-0.4284709,-10,377.4604,500,-10,500,-10,1.565333,10.61048,53.7856,-20.53877,21.62061,-22.14219,19.85831,0
-2.061022,1.273418,-10.02562,0.5557449,-0.3238403,-10,376.9779,500,-10,500,-10,1.559419,10.71049,53.79725,-20.52914,21.62978,-22.16148,19.85879,0
-2.553924,0.5285791,-10.10653,0.7682541,-0.1832384,-10,376.494,500,-10,500,-10,1.554069,10.81049,53.81031,-20.52078,21.64128,-22.18065,19.85812,0
-2.185868,0.2115557,-9.591278,0.9131058,-0.003664243,-10,376.0087,500,-10,500,-10,1.549341,10.9105,53.82414,-20.51336,21.65472,-22.19953,19.85613,0
-2.553331,-0.7518529,-9.876692,0.9364789,0.1968827,-10,375.5218,500,-10,500,-10,1.546124,11.01054,53.83685,-20.5073,21.66985,-22.21613,19.85155,0
-2.372785,-1.367532,-9.712444,0.8779545,0.3953699,-10,375.0333,500,-10,500,-10,1.535473,11.11064,53.85665,-20.50544,21.69028,-22.23439,19.84751,0
-1.66475,-1.995265,-9.728164,0.7172159,0.5865634,-10,374.5434,500,-10,500,-10,1.530343,11.21081,53.86966,-20.50281,21.70873,-22.24781,19.83985,0
-1.112436,-2.443475,-9.777527,0.5713586,0.6838739,-10,374.0522,500,-10,500,-10,1.526318,11.31103,53.88021,-20.50006,21.72462,-22.2593,19.8327,0
-0.09612216,-2.500599,-9.545747,0.3391709,0.7322031,-10,373.5597,500,-10,500,-10,1.522848,11.41129,53.88828,-20.49849,21.74015,-22.26755,19.82384,0
0.340442,-2.488965,-9.76205,0.0946923,0.7251747,-10,373.0657,500,-10,500,-10,1.519366,11.51156,53.89397,-20.49697,21.7541,-22.27379,19.81461,0
1.204186,-2.248278,-9.711846,-0.1566606,0.6597412,-10,372.5704,500,-10,500,-10,1.51584,11.61182,53.89709,-20.49537,21.76624,-22.27797,19.80506,0
1.486573,-2.372694,-10.09039,-0.397891,0.5089449,-10,372.0737,500,-10,500,-10,1.512468,11.71201,53.89713,-20.49354,21.7757,-22.27984,19.79564,0
2.029362,-1.570852,-10.08143,-0.5598752,0.2797697,-10,371.5755,500,-10,500,-10,1.5099,11.81207,53.89357,-20.49001,21.78109,-22.28042,19.7873,0
2.579618,-0.6639175,-9.672676,-0.7246341,0.06810615,-10,371.0757,500,-10,500,-10,1.507414,11.912,53.88712,-20.48537,21.78526,-22.27971,19.77777,0
2.45343,0.01758096,-9.778564,-0.778396,-0.1745104,-10,370.5744,500,-10,500,-10,1.505133,12.01177,53.87798,-20.47831,21.78585,-22.2792,19.76962,0
2.796036,1.34043,-9.149392,-0.7510054,-0.4058158,-10,370.0715,500,-10,500,-10,1.503355,12.11136,53.86642,-20.46892,21.78395,-22.27901,19.76194,0
2.010951,1.764523,-9.77439,-0.6348388,-0.6413794,-10,369.5673,500,-10,500,-10,1.502554,12.21077,53.8526,-20.45727,21.77929,-22.27921,19.75514,0
1.691318,2.449366,-9.388996,-0.4664797,-0.8305093,-10,369.0616,500,-10,500,-10,1.502474,12.31005,53.83724,-20.44366,21.77347,-22.28009,19.74825,0
0.7048106,2.527383,-9.697742,-0.2543122,-0.9446179,-10,368.5544,500,-10,500,-10,1.503212,12.40923,53.82094,-20.42808,21.76725,-22.28217,19.74096,0
0.2130773,3.037537,-9.296824,0.000260544,-0.9863468,-10,368.0459,500,-10,500,-10,1.504835,12.50839,53.80441,-20.41084,21.76094,-22.28571,19.73356,0
-0.6611871,2.82387,-9.169031,0.2804162,-0.9778823,-10,367.5358,500,-10,500,-10,1.507651,12.60757,53.78811,-20.39261,21.75483,-22.29044,19.72618,0
-1.413188,2.085167,-9.578027,0.4997855,-0.896856,-10,367.0242,500,-10,500,-10,1.511215,12.70685,53.77281,-20.37487,21.75102,-22.29549,19.7173,0
-2.388814,1.415373,-10.00235,0.6682309,-0.7389795,-10,366.511,500,-10,500,-10,1.515313,12.80626,53.75909,-20.35763,21.7497,-22.30137,19.70726,0
-2.67303,0.7962127,-9.771248,0.7828394,-0.5290235,-10,365.996,500,-10,500,-10,1.519955,12.90584,53.74755,-20.3414,21.75094,-22.30804,19.69646,0
-2.602474,0.03413717,-9.725339,0.8564717,-0.2957233,-10,365.4795,500,-10,500,-10,1.525271,13.00558,53.73861,-20.32642,21.75439,-22.31561,19.6856,0
-2.269859,-0.4751996,-9.366724,0.8433018,-0.06233646,-10,364.9614,500,-10,500,-10,1.531126,13.10546,53.73241,-20.31333,21.76112,-22.32357,19.67373,0
-2.143858,-1.237159,-9.544574,0.7361097,0.1674637,-10,364.4418,500,-10,500,-10,1.537271,13.20547,53.72923,-20.30302,21.77072,-22.33124,19.6615,0
-1.745522,-2.244837,-9.856921,0.5328833,0.3819373,-10,363.9205,500,-10,500,-10,1.54346,13.30556,53.72944,-20.29591,21.78319,-22.33852,19.6492,0
-0.820125,-2.093549,-9.494086,0.3435187,0.5222278,-10,363.3977,500,-10,500,-10,1.549779,13.40568,53.73269,-20.29065,21.79583,-22.34647,19.63924,0
-0.4953023,-2.914297,-10.02332,0.05682531,0.6368627,-10,362.8732,500,-10,500,-10,1.556196,13.50582,53.73922,-20.28868,21.8112,-22.35385,19.62929,0
0.974766,-2.052433,-9.092127,-0.1921876,0.6772841,-10,362.347,500,-10,500,-10,1.562847,13.60593,53.74878,-20.28791,21.82658,-22.36255,19.62184,0
1.287589,-2.319398,-9.684439,-0.4560751,0.659407,-10,361.8191,500,-10,500,-10,1.570071,13.706,53.76145,-20.28866,21.84343,-22.3723,19.61548,0
1.585781,-2.298565,-9.886071,-0.7052262,0.5688247,-10,361.2895,500,-10,500,-10,1.578015,13.80603,53.77708,-20.29091,21.86064,-22.38299,19.61122,0
2.15857,-1.516997,-9.872773,-0.8583089,0.3925773,-10,360.7581,500,-10,500,-10,1.587027,13.90602,53.79511,-20.29323,21.87638,-22.39562,19.61042,0
2.883186,-0.6895928,-9.412116,-0.9963609,0.2140576,-10,360.2249,500,-10,500,-10,1.599689,14.00599,53.81784,-20.29664,21.89398,-22.41104,19.61165,0
2.967737,0.2489541,-9.382939,-1.08086,0.03678593,-10,359.6901,500,-10,500,-10,1.634674,14.10593,53.86368,-20.30546,21.92095,-22.4402,19.62267,0
2.676121,0.877347,-9.634327,-1.076363,-0.1560529,-10,359.1535,500,-10,500,-10,1.328501,14.20544,53.56822,-20.20356,21.81142,-22.29728,19.48738,0
2.045827,1.098397,-9.938156,-0.9785542,-0.3392313,-10,358.6152,500,-10,500,-10,1.553324,14.30354,53.80375,-20.2773,21.90314,-22.4187,19.59082,0
1.651424,1.904531,-9.682826,-0.7969856,-0.492877,-10,358.0751,500,-10,500,-10,1.574301,14.40352,53.8337,-20.2769,21.91874,-22.44392,19.60004,0
1.434308,2.260249,-9.360914,-0.5678789,-0.6180578,-10,357.5332,500,-10,500,-10,1.585096,14.50359,53.85151,-20.27187,21.92843,-22.46371,19.6051,0
0.7360454,2.395483,-9.509149,-0.3539724,-0.6826615,-10,356.9894,500,-10,500,-10,1.593156,14.60372,53.86455,-20.26495,21.93688,-22.48143,19.60746,0
-0.3556802,2.099771,-9.817352,-0.105752,-0.6826738,-10,356.4438,500,-10,500,-10,1.599569,14.70389,53.8737,-20.25553,21.94361,-22.49844,19.60831,0
-0.8578262,2.058083,-9.758854,0.1173144,-0.6055323,-10,355.8963,500,-10,500,-10,1.604914,14.80406,53.87933,-20.24456,21.94994,-22.51406,19.60664,0
-1.377027,1.809455,-9.682354,0.3902911,-0.520907,-10,355.3469,500,-10,500,-10,1.610416,14.90422,53.88213,-20.23172,21.95409,-22.52923,19.60482,0
-2.091786,0.8544542,-9.93247,0.6365311,-0.4248671,-10,354.7957,500,-10,500,-10,1.616667,15.00435,53.88258,-20.21838,21.9576,-22.54294,19.60168,0
-2.0224,0.905619,-9.612794,0.7775367,-0.2632333,-10,354.2425,500,-10,500,-10,1.622761,15.10441,53.8803,-20.20522,21.96227,-22.55422,19.59513,0
-2.384135,-0.1741812,-9.740376,0.8207125,-0.05691547,-10,353.6876,500,-10,500,-10,1.62829,15.20436,53.87518,-20.19231,21.9677,-22.56288,19.58544,0
-1.890679,-0.344993,-9.389435,0.8737128,0.1090147,-10,353.1308,500,-10,500,-10,1.63352,15.30417,53.86766,-20.17893,21.97132,-22.57003,19.57559,0
-2.085641,-1.394156,-9.97541,0.780719,0.3027925,-10,352.572,500,-10,500,-10,1.638244,15.40384,53.85802,-20.16707,21.9767,-22.57391,19.56223,0
-1.079964,-1.241025,-9.299022,0.6619005,0.4668709,-10,352.0114,500,-10,500,-10,1.642162,15.50334,53.84643,-20.15538,21.98124,-22.57599,19.54809,0
-0.9473974,-2.016407,-9.666026,0.5231824,0.5619372,-10,351.4487,500,-10,500,-10,1.64555,15.60272,53.83353,-20.14442,21.9847,-22.57627,19.53393,0
-0.2692491,-2.064414,-9.300925,0.2950836,0.6524812,-10,350.8841,500,-10,500,-10,1.648059,15.70199,53.8196,-20.13471,21.9892,-22.57443,19.5179,0
-0.201302,-2.579528,-10.08677,0.0250714,0.7230119,-10,350.3176,500,-10,500,-10,1.649403,15.80118,53.80478,-20.12572,21.9938,-22.57113,19.50102,0
0.5154848,-2.446732,-9.904289,-0.1899821,0.7061339,-10,349.7492,500,-10,500,-10,1.649902,15.90034,53.78964,-20.11672,21.99636,-22.56759,19.48591,0
1.571333,-1.700798,-9.125719,-0.4251409,0.6772791,-10,349.1787,500,-10,500,-10,1.649559,15.99951,53.77446,-20.10817,21.99922,-22.56356,19.47047,0
1.214691,-1.643105,-9.952264,-0.6113837,0.6099804,-10,348.6065,500,-10,500,-10,1.648575,16.09875,53.75963,-20.09826,22.00215,-22.56118,19.45526,0
1.750374,-1.207269,-9.702744,-0.7288896,0.5139596,-10,348.0323,500,-10,500,-10,1.647477,16.19806,53.74521,-20.08754,22.00389,-22.55996,19.44157,0
2.117418,-0.9014774,-9.819263,-0.8260038,0.3727832,-10,347.4561,500,-10,500,-10,1.6462,16.29748,53.73165,-20.07734,22.00516,-22.55893,19.42906,0
1.771632,-0.4805126,-10.25109,-0.8842971,0.217978,-10,346.878,500,-10,500,-10,1.644668,16.39704,53.71928,-20.06713,22.00613,-22.55889,19.41784,0
1.869704,0.04014086,-10.00463,-0.8812556,0.08250339,-10,346.2979,500,-10,500,-10,1.643334,16.49671,53.7079,-20.05605,22.00668,-22.56054,19.40787,0
1.946773,0.6998881,-9.788072,-0.7962267,-0.08959842,-10,345.7159,500,-10,500,-10,1.642425,16.59652,53.69799,-20.04456,22.00602,-22.56382,19.40032,0
1.747551,1.178961,-9.824045,-0.7257558,-0.2061149,-10,345.132,500,-10,500,-10,1.642084,16.69641,53.68907,-20.03306,22.00661,-22.56792,19.39232,0
1.599627,1.565037,-9.498537,-0.5806621,-0.3219771,-10,344.5461,500,-10,500,-10,1.642879,16.7964,53.68097,-20.02056,22.00623,-22.57371,19.386,0
0.9990834,1.665917,-9.624662,-0.4509761,-0.3862253,-10,343.9584,500,-10,500,-10,1.645493,16.89643,53.67273,-20.00758,22.00654,-22.57987,19.37887,0
0.3208004,1.437334,-9.784501,-0.2868877,-0.4175448,-10,343.3688,500,-10,500,-10,1.651951,16.99649,53.66244,-19.99256,22.00555,-22.58636,19.37132,0
0.4487538,1.777972,-9.437048,-0.1328323,-0.415752,-10,342.7774,500,-10,500,-10,1.667286,17.09651,53.64492,-19.97384,22.00161,-22.59056,19.36075,0
-0.3695881,1.485883,-9.711418,0.03222809,-0.3886752,-10,342.1841,500,-10,500,-10,1.711628,17.1964,53.60007,-19.94168,21.98478,-22.58555,19.34041,0
-0.8932295,1.108472,-9.947938,0.2245149,-0.3476144,-10,341.5889,500,-10,500,-10,1.857426,17.29531,53.45577,-19.85298,21.9281,-22.55469,19.27753,0
-0.7801748,1.456983,-9.454826,0.4402653,-0.3144313,-10,340.9919,500,-10,500,-10,1.281275,17.365,54.03463,-20.10221,22.21726,-22.7851,19.468,0
-1.597572,0.6186896,-10.01175,0.6315234,-0.2628419,-10,340.3929,500,-10,500,-10,1.521367,17.4621,53.79943,-20.00093,22.0891,-22.69149,19.40129,0
-1.612367,0.1689596,-10.11894,0.7546247,-0.2041285,-10,339.7921,500,-10,500,-10,1.558094,17.56197,53.76954,-19.97739,22.0785,-22.69026,19.38712,0
-1.556755,0.03443268,-9.896289,0.7962144,-0.1093866,-10,339.1895,500,-10,500,-10,1.573,17.66199,53.76232,-19.96388,22.08186,-22.69779,19.37777,0
-1.459726,-0.1493979,-9.603981,0.7957067,0.01101707,-10,338.5852,500,-10,500,-10,1.580462,17.76202,53.763,-19.9545,22.08992,-22.70774,19.37028,0
-1.440709,-0.4950693,-9.592639,0.7881185,0.1132613,-10,337.9791,500,-10,500,-10,1.584815,17.86204,53.76719,-19.94706,22.09952,-22.71865,19.36416,0
-0.84209,-0.4972065,-9.302615,0.7539293,0.1985382,-10,337.3712,500,-10,500,-10,1.587843,17.96204,53.77297,-19.941,22.11011,-22.72951,19.35836,0
-0.9439777,-1.146443,-9.731612,0.6442868,0.2735019,-10,336.7616,500,-10,500,-10,1.589603,18.06201,53.77968,-19.93679,22.12232,-22.73927,19.3517,0
-0.8157821,-1.288548,-9.651191,0.5286752,0.3336595,-10,336.1503,500,-10,500,-10,1.590345,18.16196,53.78684,-19.93289,22.13492,-22.7491,19.34503,0
-0.5634264,-1.449995,-9.865945,0.4054319,0.3780675,-10,335.5373,500,-10,500,-10,1.590398,18.26191,53.79405,-19.92901,22.14788,-22.75896,19.33805,0
0.1497029,-1.139542,-9.346566,0.2369541,0.4320789,-10,334.9225,500,-10,500,-10,1.589423,18.36184,53.80136,-19.92588,22.16182,-22.76814,19.33016,0
0.08390763,-1.458611,-9.871119,0.07006512,0.462525,-10,334.306,500,-10,500,-10,1.587389,18.46177,53.80857,-19.92302,22.17549,-22.77698,19.32247,0
0.5261019,-1.389055,-9.833836,-0.0415436,0.421163,-10,333.6878,500,-10,500,-10,1.585029,18.56172,53.815,-19.91978,22.18703,-22.78554,19.31625,0
0.7631986,-1.31727,-9.76656,-0.1621718,0.3463176,-10,333.0678,500,-10,500,-10,1.582462,18.6617,53.82024,-19.9167,22.19777,-22.79296,19.30985,0
0.8702116,-1.342825,-10.15546,-0.3212441,0.2894212,-10,332.4463,500,-10,500,-10,1.579053,18.76169,53.82447,-19.91379,22.20891,-22.79938,19.30222,0
1.250883,-1.117155,-10.12928,-0.4765154,0.2100883,-10,331.8232,500,-10,500,-10,1.574558,18.86171,53.82759,-19.91075,22.21927,-22.80501,19.29445,0
1.168882,-0.8624034,-10.18621,-0.5988234,0.1160701,-10,331.1983,500,-10,500,-10,1.568985,18.96174,53.82931,-19.90693,22.22824,-22.81025,19.28691,0
1.401697,-0.3739014,-10.13091,-0.644907,0.003297996,-10,330.5719,500,-10,500,-10,1.56269,19.06177,53.82938,-19.90154,22.23491,-22.81571,19.28029,0
1.622206,-0.06169185,-9.960518,-0.6615438,-0.1380383,-10,329.9438,500,-10,500,-10,1.555716,19.16179,53.8274,-19.89534,22.23978,-22.82027,19.27379,0
1.566638,0.1914878,-9.857044,-0.6826632,-0.2749065,-10,329.3141,500,-10,500,-10,1.547587,19.26177,53.82312,-19.88848,22.24368,-22.82357,19.26634,0
1.548181,0.6480277,-9.875194,-0.6843705,-0.3915797,-10,328.6828,500,-10,500,-10,1.537951,19.36168,53.8164,-19.88038,22.24633,-22.82611,19.25812,0
1.665111,1.373897,-9.40464,-0.6191139,-0.5021605,-10,328.0498,500,-10,500,-10,1.526731,19.46148,53.80685,-19.87024,22.24658,-22.82833,19.24995,0
1.266417,1.33717,-9.718519,-0.5210303,-0.6096894,-10,327.4152,500,-10,500,-10,1.513596,19.56113,53.79382,-19.85835,22.24482,-22.82944,19.24092,0
1.02829,1.519477,-9.821799,-0.438114,-0.6842321,-10,326.779,500,-10,500,-10,1.497583,19.66058,53.77672,-19.84377,22.24322,-22.82984,19.22835,0
0.6705704,1.714663,-9.542948,-0.3163644,-0.7344819,-10,326.1411,500,-10,500,-10,1.477646,19.75976,53.75447,-19.82638,22.23931,-22.82879,19.21382,0
0.2801984,1.614235,-9.745329,-0.2025986,-0.7472041,-10,325.5018,500,-10,500,-10,1.452026,19.85857,53.72539,-19.80624,22.23344,-22.82484,19.1956,0
-0.1605745,1.489084,-10.03959,-0.07096338,-0.7455046,-10,324.8608,500,-10,500,-10,1.417408,19.95687,53.68631,-19.78205,22.22376,-22.81664,19.17288,0
-0.3774686,1.620779,-9.760694,0.1238198,-0.7627999,-10,324.2183,500,-10,500,-10,1.36719,20.05432,53.62996,-19.75081,22.20649,-22.80119,19.14347,0
-0.7770734,1.408069,-9.648594,0.2807382,-0.7267242,-10,323.5741,500,-10,500,-10,1.287089,20.15031,53.54233,-19.70849,22.17913,-22.7709,19.09823,0
-1.087479,1.115842,-9.960941,0.4135191,-0.6727169,-10,322.9283,500,-10,500,-10,1.139159,20.2433,53.3859,-19.64167,22.12722,-22.70811,19.02052,0
-0.944203,1.552248,-9.237942,0.5410228,-0.5756227,-10,322.2809,500,-10,500,-10,0.7881892,20.32811,53.02573,-19.48157,21.9818,-22.56978,18.86751,0
-1.151541,1.138304,-9.274,0.6749793,-0.4735247,-10,321.6317,500,-10,500,-10,-0.4118033,20.37786,51.81618,-18.9715,21.49984,-22.07763,18.34725,0
-1.650777,0.2977789,-9.9567,0.7672184,-0.3894657,-10,320.981,500,-10,500,-10,-1.517875,20.3079,50.70154,-18.48155,21.18855,-21.644,17.73495,0
-1.796826,-0.05407307,-9.986351,0.8138126,-0.2891025,-10,320.3285,500,-10,500,-10,-1.524665,20.20783,50.68645,-18.48008,21.17751,-21.63296,17.73349,0
-1.218022,0.1162667,-9.216999,0.8001094,-0.1519235,-10,319.6743,500,-10,500,-10,-1.52782,20.10782,50.67478,-18.48074,21.16881,-21.62263,17.73252,0
-1.285287,-0.318062,-9.340609,0.7631822,-0.0295667,-10,319.0184,500,-10,500,-10,-1.530613,20.00785,50.66353,-18.48257,21.16005,-21.61148,17.73196,0
-1.436547,-1.012757,-10.05181,0.7041475,0.0686488,-10,318.3609,500,-10,500,-10,-1.532848,19.90792,50.65298,-18.48599,21.15096,-21.59931,17.7323,0
-1.088017,-1.240389,-9.888227,0.5858931,0.1611005,-10,317.7016,500,-10,500,-10,-1.535288,19.80801,50.64281,-18.49066,21.143,-21.58622,17.73184,0
-0.6776072,-1.111173,-9.459295,0.4600357,0.2407782,-10,317.0406,500,-10,500,-10,-1.538066,19.70811,50.63311,-18.49582,21.13523,-21.57303,17.73158,0
-0.4223688,-1.287348,-9.741261,0.3205755,0.3074821,-10,316.3778,500,-10,500,-10,-1.541185,19.60822,50.62392,-18.50158,21.12778,-21.55965,17.73141,0
0.09665959,-1.218791,-9.591611,0.1442959,0.3695261,-10,315.7132,500,-10,500,-10,-1.545025,19.50833,50.61522,-18.50827,21.12115,-21.54575,17.73083,0
0.401161,-1.238987,-9.615311,-0.02195919,0.3969221,-10,315.0468,500,-10,500,-10,-1.549515,19.40843,50.6072,-18.5155,21.11428,-21.53188,17.73106,0
0.7582608,-1.14423,-9.484776,-0.1462984,0.3633439,-10,314.3786,500,-10,500,-10,-1.554047,19.30849,50.60046,-18.52324,21.10654,-21.51855,17.73321,0
0.4775559,-1.466868,-10.09293,-0.2766218,0.3092651,-10,313.7086,500,-10,500,-10,-1.558638,19.20852,50.59513,-18.53191,21.09927,-21.50547,17.73607,0
0.9004884,-1.206598,-10.11979,-0.4141865,0.2612947,-10,313.0367,500,-10,500,-10,-1.563711,19.10852,50.591,-18.54116,21.0927,-21.4928,17.73921,0
1.368016,-0.8615052,-9.905142,-0.5399613,0.1819656,-10,312.363,500,-10,500,-10,-1.56937,19.0085,50.58826,-18.55117,21.0862,-21.48051,17.74344,0
1.388273,-0.5680602,-9.807289,-0.6375689,0.08670278,-10,311.6875,500,-10,500,-10,-1.575614,18.90847,50.58707,-18.56157,21.07971,-21.46913,17.74895,0
1.517027,-0.1649688,-9.737536,-0.6790417,-0.01800373,-10,311.0102,500,-10,500,-10,-1.582247,18.80844,50.58755,-18.57183,21.07288,-21.45927,17.75617,0
1.659525,0.0448976,-9.769346,-0.6945968,-0.1421856,-10,310.331,500,-10,500,-10,-1.589236,18.70842,50.58989,-18.58267,21.06619,-21.45037,17.76481,0
1.878304,0.3526399,-9.515956,-0.7258309,-0.2636599,-10,309.65,500,-10,500,-10,-1.597069,18.60845,50.59426,-18.59463,21.06068,-21.44203,17.77393,0
1.933336,0.6727268,-9.408748,-0.7628181,-0.3694653,-10,308.967,500,-10,500,-10,-1.606243,18.50855,50.60069,-18.60744,21.0564,-21.43455,17.78355,0
1.289309,0.510717,-10.08414,-0.770017,-0.4683929,-10,308.2822,500,-10,500,-10,-1.617012,18.40876,50.60942,-18.6207,21.05273,-21.42851,17.79444,0
1.226609,0.9228042,-9.787117,-0.7197905,-0.5547155,-10,307.5955,500,-10,500,-10,-1.629393,18.3091,50.62078,-18.63403,21.04944,-21.4246,17.80715,0
1.211769,1.210696,-9.522278,-0.640015,-0.6311169,-10,306.9069,500,-10,500,-10,-1.643694,18.20964,50.63526,-18.64813,21.04717,-21.42249,17.82142,0
0.9540504,1.143161,-9.822911,-0.56587,-0.6974958,-10,306.2163,500,-10,500,-10,-1.660748,18.11041,50.65355,-18.66395,21.04687,-21.42184,17.83687,0
0.8268619,1.259941,-9.887378,-0.4932901,-0.7486914,-10,305.5239,500,-10,500,-10,-1.681848,18.01152,50.67673,-18.68192,21.049,-21.42307,17.85395,0
0.4234518,1.165484,-10.11185,-0.4022021,-0.7938253,-10,304.8295,500,-10,500,-10,-1.708738,17.91308,50.70659,-18.70466,21.05194,-21.42507,17.87575,0
0.3831733,1.328077,-9.862665,-0.2819261,-0.8408804,-10,304.1333,500,-10,500,-10,-1.74434,17.8153,50.74626,-18.73305,21.05739,-21.42955,17.90317,0
0.1496996,1.224522,-9.99858,-0.1539173,-0.8974153,-10,303.4352,500,-10,500,-10,-1.794337,17.71858,50.80153,-18.77023,21.0684,-21.43818,17.93796,0
0.4544833,1.599615,-9.514789,-0.03650764,-0.9454879,-10,302.7352,500,-10,500,-10,-1.869748,17.62364,50.88328,-18.82259,21.08945,-21.45354,17.98464,0
-0.09032784,1.22412,-10.11641,0.04893387,-0.978663,-10,302.0334,500,-10,500,-10,-1.994459,17.53198,51.015,-18.90407,21.12957,-21.4812,18.05367,0
-0.3926127,1.111696,-10.31298,0.1139059,-0.9780811,-10,301.3297,500,-10,500,-10,-2.228075,17.44743,51.25591,-19.04846,21.21046,-21.53644,18.17239,0
-0.5441262,1.144369,-10.23304,0.1706446,-0.9450663,-10,300.6242,500,-10,500,-10,-2.740121,17.3818,51.77519,-19.34456,21.40244,-21.6706,18.41068,0
-0.2264438,1.567565,-9.534439,0.2368039,-0.8895473,-10,299.9168,500,-10,500,-10,-3.754762,17.37355,52.7967,-19.86778,21.9257,-21.99379,18.73383,0
-0.4501973,1.418417,-9.632835,0.3180574,-0.8399292,-10,299.2077,500,-10,500,-10,-4.341204,17.45022,53.3894,-20.18051,22.25083,-22.17217,18.8998,0
-0.5664431,1.325793,-9.701272,0.4221699,-0.8070843,-10,298.4968,500,-10,500,-10,-4.468396,17.54735,53.52301,-20.23661,22.32199,-22.22677,18.93935,0
-0.7261029,1.212508,-9.850023,0.5405772,-0.7918308,-10,297.7841,500,-10,500,-10,-4.514529,17.64652,53.57657,-20.25482,22.35515,-22.25294,18.95057,0
-1.118657,0.930777,-10.23651,0.6623961,-0.7847901,-10,297.0698,500,-10,500,-10,-4.536037,17.7462,53.60677,-20.26198,22.37715,-22.27081,18.9536,0
-1.297992,0.8741571,-10.26277,0.786635,-0.7744034,-10,296.3538,500,-10,500,-10,-4.546603,17.84605,53.62746,-20.2645,22.39461,-22.28544,18.95329,0
-1.364555,0.918629,-10.09813,0.9132739,-0.7610039,-10,295.6361,500,-10,500,-10,-4.551035,17.94597,53.64356,-20.26468,22.40982,-22.29859,18.95142,0
-1.411977,0.9562663,-9.914629,1.042743,-0.7496485,-10,294.9167,500,-10,500,-10,-4.551383,18.04589,53.65728,-20.26363,22.42374,-22.311,18.94885,0
-1.45079,0.9708627,-9.764455,1.172909,-0.7445469,-10,294.1958,500,-10,500,-10,-4.548609,18.1458,53.66973,-20.26194,22.43688,-22.32302,18.94604,0
-1.292757,1.142571,-9.418863,1.298639,-0.744145,-10,293.4732,500,-10,500,-10,-4.543247,18.24568,53.68158,-20.25998,22.44964,-22.3348,18.94309,0
-1.747946,0.7355927,-9.930773,1.404978,-0.7489871,-10,292.749,500,-10,500,-10,-4.535711,18.34551,53.69326,-20.25821,22.46247,-22.34624,18.93994,0
-1.595567,0.8893956,-9.685906,1.492343,-0.7405525,-10,292.0232,500,-10,500,-10,-4.526374,18.44525,53.70522,-20.25664,22.47578,-22.35773,18.93654,0
-1.656407,0.850413,-9.735836,1.552491,-0.7173628,-10,291.2957,500,-10,500,-10,-4.515547,18.54484,53.71787,-20.25556,22.4899,-22.36928,18.9329,0
-1.473785,1.041718,-9.46887,1.593208,-0.6727885,-10,290.5664,500,-10,500,-10,-4.503383,18.64422,53.73166,-20.25499,22.50497,-22.38128,18.92926,0
-1.782345,0.7900797,-9.822854,1.61911,-0.6139129,-10,289.8355,500,-10,500,-10,-4.489861,18.74331,53.74695,-20.25506,22.52097,-22.39388,18.92593,0
-1.864818,0.7665524,-9.820258,1.64805,-0.539843,-10,289.1028,500,-10,500,-10,-4.474715,18.84202,53.76411,-20.25561,22.53773,-22.40755,18.92339,0
-2.001389,0.7014026,-9.798933,1.692268,-0.4615723,-10,288.3684,500,-10,500,-10,-4.457445,18.94027,53.78351,-20.25669,22.55504,-22.42254,18.92215,0
-2.188502,0.5585753,-9.79768,1.760293,-0.3911079,-10,287.6321,500,-10,500,-10,-4.437351,19.03797,53.80552,-20.25841,22.57273,-22.43906,18.92269,0
-2.364963,0.36647,-9.830174,1.846143,-0.3354238,-10,286.894,500,-10,500,-10,-4.41368,19.13503,53.83055,-20.26088,22.5909,-22.45733,18.92526,0
-2.240124,0.4103116,-9.563708,1.934461,-0.2897051,-10,286.1539,500,-10,500,-10,-4.385649,19.2313,53.85924,-20.26034,22.60976,-22.48165,18.93018,0
-2.412013,0.1725359,-9.758883,2.007061,-0.2509046,-10,285.412,500,-10,500,-10,-4.352471,19.3266,53.89246,-20.26038,22.63101,-22.50912,18.93645,0
-2.083355,0.4130694,-9.33397,2.065808,-0.206813,-10,284.6681,500,-10,500,-10,-4.313078,19.42064,53.93143,-20.26209,22.65513,-22.53971,18.94462,0
-2.437734,0.04994931,-9.798463,2.107478,-0.1646395,-10,283.9222,500,-10,500,-10,-4.265957,19.51302,53.97783,-20.26604,22.68287,-22.57421,18.95533,0
-2.450264,0.03751394,-9.780046,2.151025,-0.1197966,-10,283.1744,500,-10,500,-10,-4.208855,19.60319,54.03388,-20.27242,22.71498,-22.61427,18.96966,0
-2.62267,-0.08643386,-9.912686,2.208152,-0.08440498,-10,282.4247,500,-10,500,-10,-4.138612,19.69039,54.10262,-20.28192,22.75253,-22.66172,18.98907,0
-2.335314,0.2489223,-9.385569,2.291096,-0.05917705,-10,281.6729,500,-10,500,-10,-4.050808,19.77356,54.18813,-20.29541,22.79712,-22.71909,19.01534,0
-2.699533,0.01833167,-9.644416,2.384698,-0.0458965,-10,280.9193,500,-10,500,-10,-3.939575,19.85107,54.29605,-20.31462,22.85155,-22.78931,19.05033,0
-2.842224,0.002575846,-9.565103,2.481658,-0.02494211,-10,280.1639,500,-10,500,-10,-3.79741,19.92043,54.43384,-20.34151,22.9194,-22.87657,19.09664,0
-2.944872,-0.02277595,-9.503954,2.558707,0.01849691,-10,279.4067,500,-10,500,-10,-3.616066,19.9778,54.60981,-20.37905,23.00451,-22.98485,19.15734,0
-3.261733,-0.2404631,-9.728888,2.576429,0.1208915,-10,278.6477,500,-10,500,-10,-3.390952,20.01768,54.82905,-20.43122,23.10788,-23.11433,19.23564,0
-3.193884,-0.2507151,-9.559966,2.615999,0.2285083,-10,277.8872,500,-10,500,-10,-3.129969,20.03402,55.08368,-20.51601,23.20316,-23.24053,19.35134,0
-3.440926,-0.3446518,-9.633439,2.703259,0.2966546,-10,277.1251,500,-10,500,-10,-2.859903,20.02326,55.34623,-20.60769,23.29478,-23.3664,19.47726,0
-3.424356,-0.3342973,-9.26897,2.779731,0.3995127,-10,276.3614,500,-10,500,-10,-2.61581,19.98597,55.58153,-20.67921,23.36313,-23.48984,19.60388,0
-3.741279,-0.4623066,-9.250425,2.837854,0.5302682,-10,275.5963,500,-10,500,-10,-2.418552,19.92724,55.7688,-20.73204,23.41025,-23.59218,19.71192,0
-4.050696,-0.6901128,-9.617785,2.915071,0.6742105,-10,274.8298,500,-10,500,-10,-2.26807,19.85353,55.90788,-20.7718,23.4424,-23.66766,19.79502,0
-3.99258,-0.4917865,-9.14045,3.045345,0.8236387,-10,274.0618,500,-10,500,-10,-2.153809,19.7701,56.00864,-20.8007,23.46237,-23.72224,19.85853,0
-4.220466,-1.096614,-9.081282,3.09258,1.010798,-10,273.2924,500,-10,500,-10,-2.066165,19.68024,56.08097,-20.82326,23.4759,-23.75963,19.90494,0
-4.54727,-1.441564,-9.221656,3.184078,1.188919,-10,272.5217,500,-10,500,-10,-1.996804,19.58616,56.13288,-20.83981,23.4826,-23.78609,19.94125,0
-4.073901,-1.094884,-8.461656,3.249673,1.398527,-10,271.7496,500,-10,500,-10,-1.940253,19.48913,56.16957,-20.85239,23.48562,-23.80391,19.96864,0
-4.222707,-1.277388,-8.177794,3.272382,1.633918,-10,270.976,500,-10,500,-10,-1.893074,19.38994,56.19444,-20.86221,23.48612,-23.8147,19.98874,0
-4.563652,-2.087272,-8.462196,3.307036,1.856956,-10,270.2011,500,-10,500,-10,-1.85206,19.28924,56.21013,-20.86939,23.48349,-23.82052,20.00437,0
-4.644403,-2.329995,-8.444309,3.308471,2.111314,-10,269.4246,500,-10,500,-10,-1.81556,19.18742,56.21804,-20.87453,23.47935,-23.82193,20.01506,0
-4.758389,-2.719909,-8.258274,3.278153,2.391832,-10,268.6465,500,-10,500,-10,-1.78218,19.08476,56.21902,-20.87786,23.47388,-23.81941,20.02134,0
-4.436496,-2.769641,-7.882219,3.262558,2.64828,-10,267.8668,500,-10,500,-10,-1.750453,18.98159,56.21389,-20.87932,23.46592,-23.8137,20.02506,0
-4.486107,-3.374209,-7.923676,3.18715,2.934387,-10,267.0853,500,-10,500,-10,-1.71934,18.87817,56.20284,-20.87956,23.45737,-23.8043,20.02445,0
-4.607615,-3.760151,-7.810415,3.103399,3.222959,-10,266.3021,500,-10,500,-10,-1.687891,18.77474,56.18582,-20.87793,23.447,-23.79183,20.02072,0
-4.151684,-4.11034,-7.212149,2.979799,3.524372,-10,265.517,500,-10,500,-10,-1.655249,18.67157,56.16239,-20.87464,23.4353,-23.77571,20.01301,0
-4.179417,-5.036526,-7.365369,2.773849,3.849937,-10,264.7299,500,-10,500,-10,-1.620601,18.56899,56.13187,-20.87,23.42287,-23.75506,20.00014,0
-4.558653,-5.822864,-7.8874,2.543868,4.169876,-10,263.9409,500,-10,500,-10,-1.582742,18.4674,56.09348,-20.863,23.40811,-23.73025,19.98309,0
-3.952943,-6.293874,-7.502068,2.275953,4.499619,-10,263.1499,500,-10,500,-10,-1.540138,18.36732,56.04567,-20.85308,23.39088,-23.70055,19.96071,0
-3.325558,-6.319619,-6.685915,1.982781,4.829417,-10,262.357,500,-10,500,-10,-1.490815,18.26941,55.98666,-20.83938,23.37018,-23.66536,19.93252,0
-3.145496,-7.033803,-6.694953,1.665419,5.152384,-10,261.5622,500,-10,500,-10,-1.431906,18.17458,55.9141,-20.82099,23.3451,-23.62363,19.89748,0
-2.417475,-7.44016,-6.001478,1.264126,5.500534,-10,260.7655,500,-10,500,-10,-1.360214,18.08415,55.82432,-20.79703,23.31565,-23.5732,19.85253,0
-1.898555,-8.144731,-5.570173,0.8022971,5.844563,-10,259.9669,500,-10,500,-10,-1.271703,18.00001,55.71252,-20.76539,23.27936,-23.5122,19.79618,0
-1.30428,-8.615758,-5.141927,0.3093792,6.162144,-10,259.1667,500,-10,500,-10,-1.161347,17.9246,55.57404,-20.72357,23.23359,-23.43928,19.72722,0
-1.119462,-9.235329,-5.202938,-0.1746411,6.453958,-10,258.365,500,-10,500,-10,-1.023932,17.86143,55.40358,-20.66665,23.17393,-23.35496,19.64563,0
-0.633814,-9.416207,-4.679967,-0.6661888,6.764648,-10,257.5617,500,-10,500,-10,-0.856313,17.81505,55.19832,-20.5804,23.08784,-23.27113,19.56164,0
0.03340702,-9.474996,-3.818805,-1.18713,7.131163,-10,256.7573,500,-10,500,-10,-0.6621642,17.79108,54.96131,-20.47771,22.98988,-23.17743,19.46322,0
0.1162751,-10.05093,-3.74494,-1.656687,7.460539,-10,255.9517,500,-10,500,-10,-0.456861,17.79388,54.70835,-20.379,22.87171,-23.06655,19.37179,0
0.5477132,-10.10669,-3.005291,-2.158852,7.850739,-10,255.1453,500,-10,500,-10,-0.2643019,17.82502,54.46302,-20.29477,22.74794,-22.9475,19.29229,0
1.110671,-9.968273,-2.096558,-2.683894,8.318799,-10,254.3383,500,-10,500,-10,-0.1051648,17.8825,54.24533,-20.2191,22.64308,-22.84279,19.21677,0
1.289397,-10.13449,-1.898273,-3.158171,8.799035,-10,253.5308,500,-10,500,-10,0.01252924,17.96121,54.06319,-20.1536,22.56046,-22.75737,19.14847,0
1.29802,-10.34539,-2.05465,-3.560236,9.275194,-10,252.7231,500,-10,500,-10,0.09195041,18.05563,53.91358,-20.0971,22.49769,-22.68991,19.08727,0
1.629904,-10.16178,-1.829286,-3.900131,9.766399,-10,251.9151,500,-10,500,-10,0.1403581,18.16156,53.78916,-20.04191,22.45587,-22.64201,19.02601,0
1.842952,-10.0525,-1.79013,-4.18783,10,-10,251.1069,500,-10,500,-10,0.1647932,18.2746,53.68229,-19.99019,22.42606,-22.60517,18.96726,0
1.79566,-10.18479,-2.130119,-4.420104,10,-10,250.2985,500,-10,500,-10,0.1711609,18.38933,53.58613,-19.9455,22.39827,-22.57019,18.91538,0
1.897954,-10.1822,-2.29536,-4.586491,10,-10,249.4898,500,-10,500,-10,0.1633813,18.50427,53.49604,-19.90298,22.37268,-22.53806,18.86631,0
2.085625,-10.08963,-2.326234,-4.681409,10,-10,248.6808,500,-10,500,-10,0.143999,18.61832,53.40863,-19.86108,22.34759,-22.50754,18.81899,0
2.036443,-10.1849,-2.585241,-4.703605,10,-10,247.8711,500,-10,500,-10,0.1145866,18.73052,53.32131,-19.81868,22.32171,-22.47758,18.7725,0
2.145747,-10.07448,-2.481644,-4.648775,10,-10,247.0607,500,-10,500,-10,0.0760679,18.83994,53.23189,-19.77123,22.29038,-22.45094,18.72975,0
2.294048,-9.83362,-2.091514,-4.520365,10,-10,246.2494,500,-10,500,-10,0.02887534,18.94565,53.13846,-19.71797,22.2527,-22.42678,18.69001,0
1.902206,-9.990653,-2.145354,-4.336601,10,-10,245.4368,500,-10,500,-10,-0.02705765,19.04662,53.0392,-19.66149,22.21109,-22.40101,18.64937,0
1.429822,-10.1876,-2.106164,-4.120297,10,-10,244.6231,500,-10,500,-10,-0.09230706,19.14169,52.93235,-19.60143,22.16503,-22.37255,18.6069,0
1.327516,-10.08143,-1.38764,-3.882344,10,-10,243.808,500,-10,500,-10,-0.1677148,19.22948,52.81622,-19.53733,22.11387,-22.34042,18.56184,0
0.5210174,-10.57121,-1.227085,-3.600925,10,-10,242.9915,500,-10,500,-10,-0.2539803,19.30839,52.68924,-19.46833,22.05648,-22.30422,18.51401,0
-0.3820353,-10.9956,-0.9566607,-3.216873,10,-10,242.1737,500,-10,500,-10,-0.3509477,19.37659,52.55029,-19.39312,21.99133,-22.26427,18.46403,0
0.1582559,-10.13346,0.9904182,-2.693767,10,-10,241.3547,500,-10,500,-10,-0.4572689,19.4322,52.39901,-19.31125,21.91765,-22.22081,18.41236,0
-0.1841886,-10.28866,1.522111,-2.047396,10,-10,240.5349,500,-10,500,-10,-0.5704623,19.47349,52.23632,-19.22629,21.83877,-22.17096,18.35644,0
-0.09139267,-10.15596,2.497933,-1.275002,10,-10,239.7142,500,-10,500,-10,-0.6865249,19.49915,52.06458,-19.14656,21.76282,-22.10839,18.29008,0
0.4995725,-9.553671,4.007057,-0.3908298,10,-10,238.8931,500,-10,500,-10,-0.8002188,19.50861,51.8875,-19.06384,21.68149,-22.04438,18.22468,0
0.2776953,-9.648509,4.294564,0.5745673,10,-10,238.0716,500,-10,500,-10,-0.9057883,19.50229,51.70943,-18.97911,21.59779,-21.98156,18.16084,0
0.4468424,-9.36478,4.887952,1.60143,10,-10,237.25,500,-10,500,-10,-0.9979262,19.48159,51.53444,-18.87955,21.52797,-21.93612,18.08566,0
0.3987608,-9.343826,4.916231,2.648682,10,-10,236.4282,500,-10,500,-10,-1.072787,19.44871,51.36538,-18.78047,21.46005,-21.89513,18.01351,0
-0.03269708,-9.799738,4.062366,3.671665,10,-10,235.6064,500,-10,500,-10,-1.12836,19.4063,51.20358,-18.68467,21.39355,-21.85686,17.94594,0
0.2101445,-9.739121,3.651326,4.633938,10,-10,234.7846,500,-10,500,-10,-1.164348,19.35713,51.04897,-18.59286,21.32857,-21.82056,17.88281,0
-0.02780901,-10.14197,2.224305,5.487585,10,-10,233.9629,500,-10,500,-10,-1.181787,19.30385,50.90056,-18.50572,21.26566,-21.78473,17.82275,0
-0.07581628,-10.37091,0.7309468,6.199008,10,-10,233.141,500,-10,500,-10,-1.182551,19.24886,50.75692,-18.42345,21.20477,-21.74798,17.76462,0
0.1291197,-10.3911,-0.6610273,6.765517,10,-10,232.3189,500,-10,500,-10,-1.168838,19.19425,50.61653,-18.35379,21.13727,-21.70131,17.71579,0
-0.1300517,-10.02305,-2.167799,7.257714,10,-10,231.4963,500,-10,500,-10,-1.142319,19.14187,50.478,-18.29038,21.06614,-21.64995,17.67215,0
-0.7863049,-9.411154,-3.890517,7.691796,10,-10,230.6727,500,-10,500,-10,-1.10437,19.09336,50.34018,-18.22731,20.99593,-21.59881,17.62815,0
-1.487672,-8.877195,-4.908245,8.079614,10,-10,229.8477,500,-10,500,-10,-1.056013,19.05028,50.20214,-18.16395,20.92623,-21.54779,17.58348,0
-2.648896,-8.260163,-5.914015,8.438436,10,-10,229.0211,500,-10,500,-10,-0.9986811,19.01406,50.06329,-18.10464,20.86158,-21.49206,17.53308,0
-3.763716,-7.498493,-6.37955,8.828053,9.879626,-10,228.1927,500,-10,500,-10,-0.9329181,18.98564,49.92388,-18.05119,20.80123,-21.43,17.47792,0
-4.869552,-6.680971,-6.243931,9.255411,9.036886,-10,227.3625,500,-10,500,-10,-0.8586671,18.96237,49.78891,-18.00634,20.73396,-21.36301,17.43334,0
-5.545212,-5.981573,-5.498716,9.6646,8.272865,-10,226.5306,500,-10,500,-10,-0.7768414,18.94419,49.65868,-17.96191,20.66966,-21.29953,17.38974,0
-6.596636,-5.75451,-5.155179,10,7.520088,-10,225.6971,500,-10,500,-10,-0.6887399,18.93144,49.53275,-17.91932,20.60824,-21.23778,17.34682,0
-7.167121,-5.745863,-4.57873,10,6.826749,-10,224.8625,500,-10,500,-10,-0.5982112,18.92429,49.41072,-17.88237,20.55462,-21.17362,17.29933,0
-7.233031,-5.434516,-3.521234,10,6.150834,-10,224.0269,500,-10,500,-10,-0.5067205,18.9226,49.29224,-17.84565,20.50243,-21.11217,17.25335,0
-7.553782,-5.65958,-3.212944,10,5.434349,-10,223.1906,500,-10,500,-10,-0.4149041,18.9255,49.17738,-17.80969,20.45077,-21.05295,17.20984,0
-7.242835,-5.546045,-2.583719,10,4.707573,-10,222.3537,500,-10,500,-10,-0.3232653,18.93224,49.06599,-17.76893,20.39463,-21.00142,17.17368,0
-7.404738,-5.975251,-2.962492,10,3.965017,-10,221.5163,500,-10,500,-10,-0.2321939,18.94209,48.95781,-17.72658,20.33701,-20.95413,17.14165,0
-7.303411,-6.167177,-3.387449,10,3.213423,-10,220.6784,500,-10,500,-10,-0.141987,18.95439,48.85241,-17.68536,20.28068,-20.90802,17.11066,0
-6.932666,-6.066134,-3.874399,10,2.477771,-10,219.8402,500,-10,500,-10,-0.05287832,18.96875,48.7493,-17.64482,20.22569,-20.86313,17.08021,0
-6.735828,-5.905146,-4.593169,9.833324,1.785407,-10,219.0013,500,-10,500,-10,0.03398699,18.98518,48.64792,-17.60732,20.17501,-20.81662,17.04688,0
-5.901776,-5.227001,-4.858759,9.35975,1.101981,-10,218.1615,500,-10,500,-10,0.1151313,19.00328,48.54772,-17.57668,20.12955,-20.76424,17.00932,0
-5.832765,-5.222027,-6.295589,8.798444,0.4616842,-10,217.3206,500,-10,500,-10,0.1891093,19.02279,48.44815,-17.55669,20.07777,-20.70172,16.9786,0
-4.85713,-3.891518,-6.894363,8.226579,-0.1455754,-10,216.4783,500,-10,500,-10,0.2553711,19.04341,48.34867,-17.53727,20.02671,-20.63871,16.94723,0
-4.240276,-3.143068,-7.996461,7.685631,-0.7655194,-10,215.6342,500,-10,500,-10,0.3140579,19.06435,48.24866,-17.51801,19.97488,-20.57511,16.9162,0
-3.541595,-1.890144,-8.458501,7.218139,-1.424461,-10,214.7883,500,-10,500,-10,0.3656586,19.06519,48.14752,-17.49965,19.9195,-20.50967,16.88777,0
-2.707678,-0.2140302,-8.731632,6.822231,-2.126508,-10,213.9403,500,-10,500,-10,0.4125764,19.08417,48.04492,-17.4791,19.86319,-20.4452,16.85907,0
-2.596695,0.654121,-9.38945,6.519412,-2.8841,-10,213.0903,500,-10,500,-10,0.4535039,19.08151,47.93979,-17.45872,19.80213,-20.37846,16.83302,0
-2.150134,2.419369,-9.242939,6.301412,-3.680519,-10,212.2384,500,-10,500,-10,0.4919942,19.09542,47.83189,-17.43524,19.73928,-20.31255,16.80647,0
-1.892911,3.870852,-8.856672,6.179096,-4.517093,-10,211.3849,500,-10,500,-10,0.5267091,19.10601,47.72018,-17.40953,19.67266,-20.2457,16.78053,0
-1.883836,5.393677,-8.057311,6.171149,-5.393945,-10,210.53,500,-10,500,-10,0.5588969,19.11287,47.60409,-17.38075,19.60186,-20.17828,16.75513,0
-1.848623,6.686579,-7.174871,6.248226,-6.307741,-10,209.6738,500,-10,500,-10,0.5897434,19.11569,47.48309,-17.34185,19.53439,-20.11693,16.72234,0
-1.815069,7.719954,-6.009152,6.383933,-7.267971,-10,208.8167,500,-10,500,-10,0.6201597,19.11432,47.3567,-17.29636,19.46708,-20.05769,16.68493,0
-1.525128,9.015957,-4.352939,6.526116,-8.255424,-10,207.9587,500,-10,500,-10,0.6508365,19.10875,47.22445,-17.24894,19.3966,-19.99553,16.64582,0
-1.884048,9.185222,-3.676935,6.65365,-9.32028,-10,207.0999,500,-10,500,-10,0.6819291,19.09899,47.08583,-17.20027,19.32252,-19.92934,16.60505,0
-1.331984,9.988987,-2.138665,6.717051,-10,-10,206.2403,500,-10,500,-10,0.7141156,19.0867,46.94164,-17.14225,19.24738,-19.86788,16.56071,0
-0.9071446,10.44421,-1.133076,6.630112,-10,-10,205.3796,500,-10,500,-10,0.747252,19.07834,46.79696,-17.07101,19.17491,-19.81924,16.51331,0
-0.8938299,10.22675,-0.8563568,6.42756,-10,-10,204.5179,500,-10,500,-10,0.7796794,19.07464,46.65234,-17.00079,19.10414,-19.76964,16.46424,0
-0.6311696,10.17468,-0.4211616,6.088473,-10,-10,203.655,500,-10,500,-10,0.8094506,19.07544,46.50775,-16.93228,19.03575,-19.71834,16.41283,0
-0.2618569,10.31231,0.08188128,5.59402,-10,-10,202.791,500,-10,500,-10,0.8343933,19.08027,46.36317,-16.86622,18.9704,-19.66461,16.35839,0
-0.1347306,10.35942,0.27684,4.941206,-10,-10,201.9258,500,-10,500,-10,0.8523727,19.0884,46.21856,-16.80306,18.90844,-19.60794,16.30052,0
-0.5529367,9.998096,-0.2208371,4.138634,-10,-10,201.0594,500,-10,500,-10,0.8614173,19.09875,46.0738,-16.74308,18.84998,-19.54797,16.23903,0
-0.06495769,10.47852,0.4214104,3.218302,-10,-10,200.192,500,-10,500,-10,0.8599458,19.11002,45.92871,-16.69082,18.79939,-19.48001,16.16941,0
-0.02256096,10.47158,0.3696175,2.203548,-10,-10,199.3237,500,-10,500,-10,0.846817,19.12068,45.78315,-16.6468,18.75694,-19.40342,16.09125,0
-0.1250476,10.26405,0.08661246,1.115172,-10,-10,198.4547,500,-10,500,-10,0.8213981,19.12906,45.63702,-16.60468,18.71605,-19.32447,16.01106,0
0.09425016,10.34174,0.3163829,-0.05751548,-10,-10,197.585,500,-10,500,-10,0.7832679,19.13342,45.4904,-16.56481,18.67682,-19.24284,15.92879,0
0.2823048,10.48968,0.8042916,-1.31167,-10,-10,196.7149,500,-10,500,-10,0.7322745,19.13195,45.34359,-16.51994,18.64674,-19.16607,15.83723,0
0.1104989,10.42427,1.262959,-2.619556,-10,-10,195.8446,500,-10,500,-10,0.6688846,19.12286,45.19724,-16.4697,18.62568,-19.09504,15.73702,0
-0.3311842,10.1085,1.451487,-3.945284,-10,-10,194.9741,500,-10,500,-10,0.5942029,19.10448,45.0523,-16.42121,18.60602,-19.02343,15.63659,0
-0.5156965,10.01752,1.723821,-5.228612,-10,-10,194.1036,500,-10,500,-10,0.5101162,19.07537,44.91005,-16.37448,18.58653,-18.9523,15.53821,0
-0.5388687,10.04957,1.825543,-6.414989,-10,-10,193.233,500,-10,500,-10,0.4192005,19.03454,44.77197,-16.32956,18.56626,-18.88281,15.44407,0
-0.6121194,9.954946,1.373054,-7.46661,-10,-10,192.3623,500,-10,500,-10,0.3242868,18.98148,44.63946,-16.28671,18.54451,-18.81586,15.35603,0
-0.01735245,10.38592,1.23759,-8.351796,-10,-10,191.4913,500,-10,500,-10,0.2282025,18.91624,44.51371,-16.24605,18.52073,-18.75233,15.2756,0
-0.1527923,10.05801,-0.4333523,-9.058399,-10,-10,190.6197,500,-10,500,-10,0.1334781,18.83934,44.39548,-16.21082,18.49165,-18.6896,15.20673,0
1.105141,10.59406,-1.150649,-9.516418,-10,-10,189.7473,500,-10,500,-10,0.04263562,18.7517,44.28507,-16.18396,18.45187,-18.62497,15.15502,0
1.448509,9.481364,-3.240306,-9.769577,-9.799513,-10,188.8737,500,-10,500,-10,-0.04211941,18.65562,44.18219,-16.15479,18.41306,-18.56889,15.10858,0
1.6868,8.452125,-5.384521,-9.904484,-8.311789,-10,187.9986,500,-10,500,-10,-0.1201187,18.5634,44.0853,-16.11098,18.38917,-18.53241,15.05218,0
2.717987,7.530879,-6.43673,-10,-6.835388,-10,187.1217,500,-10,500,-10,-0.1916229,18.4788,43.99157,-16.06706,18.36603,-18.49868,14.99766,0
3.522738,5.686481,-7.398509,-10,-5.408664,-10,186.243,500,-10,500,-10,-0.2562367,18.4021,43.89842,-16.02138,18.34118,-18.46718,14.94534,0
4.138289,3.69367,-8.586479,-10,-4.04156,-10,185.3624,500,-10,500,-10,-0.3137149,18.33346,43.8035,-15.97752,18.318,-18.43238,14.88987,0
5.442248,1.980557,-7.930675,-10,-2.741664,-10,184.4803,500,-10,500,-10,-0.3637051,18.2726,43.70478,-15.93692,18.29771,-18.39119,14.82836,0
5.821021,-0.1865288,-8.355486,-10,-1.519302,-10,183.5968,500,-10,500,-10,-0.4056982,18.21915,43.60057,-15.8948,18.27523,-18.34697,14.76449,0
7.253921,-1.241279,-6.895758,-10,-0.3177604,-10,182.712,500,-10,500,-10,-0.4389967,18.17336,43.48916,-15.84984,18.25059,-18.2996,14.69682,0
7.379469,-3.299863,-6.414856,-10,0.8528145,-10,181.826,500,-10,500,-10,-0.4630783,18.13531,43.36928,-15.80165,18.22315,-18.24847,14.62493,0
8.387584,-4.007979,-4.541601,-10,2.032016,-10,180.939,500,-10,500,-10,-0.4775134,18.10575,43.23977,-15.74918,18.19288,-18.19363,14.54789,0
7.931344,-5.316588,-4.168267,-10,3.276267,-10,180.0508,500,-10,500,-10,-0.4822813,18.08579,43.09991,-15.69127,18.16005,-18.13565,14.46483,0
8.243718,-5.615816,-2.537018,-10,4.548667,-10,179.1614,500,-10,500,-10,-0.4781462,18.07672,42.94975,-15.628,18.1241,-18.07449,14.37636,0
8.255441,-6.019278,-1.464884,-10,5.917452,-10,178.2708,500,-10,500,-10,-0.4667506,18.08019,42.7901,-15.55299,18.08042,-18.01723,14.28776,0
7.713939,-6.71329,-1.275371,-10,7.323603,-10,177.3788,500,-10,500,-10,-0.4509722,18.09757,42.62298,-15.46637,18.02802,-17.96538,14.20168,0
7.532192,-6.959551,-0.9001868,-10,8.755598,-10,176.4855,500,-10,500,-10,-0.4346051,18.12967,42.45122,-15.3764,17.97503,-17.91302,14.11235,0
6.838375,-7.622566,-1.405287,-10,10,-10,175.591,500,-10,500,-10,-0.4219981,18.17581,42.27818,-15.28818,17.91964,-17.85785,14.02436,0
6.662878,-7.781616,-1.248676,-10,10,-10,174.6953,500,-10,500,-10,-0.4193547,18.22574,42.11097,-15.23107,17.8391,-17.77642,13.96635,0
5.7205,-8.563189,-1.708244,-10,10,-10,173.7986,500,-10,500,-10,-0.4269279,18.27568,41.94983,-15.17926,17.75945,-17.69472,13.91249,0
4.480514,-9.300214,-1.827178,-10,10,-10,172.9011,500,-10,500,-10,-0.4436554,18.3243,41.79336,-15.12992,17.68223,-17.61441,13.86005,0
3.181593,-9.831002,-1.649969,-10,10,-10,172.0031,500,-10,500,-10,-0.468518,18.37041,41.64029,-15.08226,17.60711,-17.53524,13.80835,0
1.546121,-10.56157,-1.48208,-9.977373,10,-10,171.1048,500,-10,500,-10,-0.5004396,18.41295,41.48957,-15.03519,17.53339,-17.45742,13.75718,0
0.5598108,-10.44938,0.2096253,-9.095782,10,-10,170.2063,500,-10,500,-10,-0.5329807,18.45104,41.34037,-14.97346,17.44646,-17.39552,13.72048,0
-0.568622,-10.0991,2.158448,-7.545962,10,-10,169.3076,500,-10,500,-10,-0.5563293,18.48498,41.19234,-14.89081,17.35767,-17.35552,13.68662,0
-1.635529,-9.864877,3.351867,-5.620263,10,-10,168.4086,500,-10,500,-10,-0.5663169,18.51613,41.04552,-14.79615,17.2676,-17.32852,13.65503,0
-0.924503,-8.620602,5.710437,-3.3373,10,-10,167.5092,500,-10,500,-10,-0.5589983,18.54647,40.9001,-14.69507,17.17099,-17.30911,13.63115,0
-0.1408022,-7.723587,7.317428,-0.7644479,10,-10,166.6094,500,-10,500,-10,-0.5313801,18.57849,40.75651,-14.58844,17.06907,-17.29677,13.61409,0
0.08415338,-7.683483,7.398108,1.996461,10,-10,165.7093,500,-10,500,-10,-0.4816984,18.61504,40.61545,-14.4713,16.95732,-17.29702,13.60896,0
0.8783121,-7.502317,7.632406,4.811129,10,-10,164.809,500,-10,500,-10,-0.409894,18.65905,40.47802,-14.34856,16.84106,-17.30589,13.61134,0
1.571906,-7.757445,7.370159,7.507315,10,-10,163.9085,500,-10,500,-10,-0.3178307,18.71324,40.34573,-14.22794,16.72842,-17.3169,13.61437,0
1.814158,-8.501013,6.248746,9.784944,10,-10,163.0076,500,-10,500,-10,-0.2097786,18.7797,40.22046,-14.11577,16.62605,-17.32527,13.61295,0
1.258326,-9.618661,3.802689,10,10,-10,162.1062,500,-10,500,-10,-0.1035499,18.85929,40.1039,-14.04202,16.56402,-17.30244,13.5784,0
0.6193967,-10.2243,1.241598,10,10,-10,161.2041,500,-10,500,-10,-0.006651788,18.95052,39.99631,-13.97603,16.51147,-17.27929,13.54181,0
-1.028826,-10.43095,-1.468988,10,10,-10,160.3011,500,-10,500,-10,0.08124426,19.05151,39.89709,-13.91403,16.46434,-17.25907,13.50671,0
-2.937561,-9.402596,-3.737,10,10,-10,159.3973,500,-10,500,-10,0.1607517,19.16056,39.80526,-13.85568,16.42207,-17.24133,13.4729,0
-4.86501,-7.542281,-4.974125,10,9.270336,-10,158.4927,500,-10,500,-10,0.2322546,19.27224,39.71877,-13.80895,16.37535,-17.2164,13.44795,0
-6.598608,-5.158529,-5.031869,10,6.859817,-10,157.5875,500,-10,500,-10,0.294571,19.3687,39.63122,-13.78778,16.31412,-17.16502,13.43664,0
-8.3342,-2.939522,-4.694523,10,4.581341,-10,156.6813,500,-10,500,-10,0.3468661,19.44786,39.53801,-13.76539,16.25208,-17.11018,13.42145,0
-9.65344,-1.176116,-3.749822,10,2.364524,-10,155.7741,500,-10,500,-10,0.3879882,19.51015,39.4356,-13.74035,16.18629,-17.05037,13.40238,0
-10.06268,1.03333,-2.116321,10,0.1225871,-10,154.8657,500,-10,500,-10,0.4166726,19.55516,39.32085,-13.71243,16.11451,-16.98321,13.37908,0
-9.776289,2.879964,-0.5033599,10,-2.161661,-10,153.9559,500,-10,500,-10,0.432267,19.58177,39.19154,-13.68103,16.0356,-16.90745,13.35084,0
-9.572011,4.059986,0.3446768,10,-4.549855,-10,153.0448,500,-10,500,-10,0.4355283,19.5883,39.04695,-13.63824,15.95681,-16.83044,13.30983,0
-9.103186,5.008977,0.6622646,10,-7.017485,-10,152.1327,500,-10,500,-10,0.429347,19.57281,38.88844,-13.58435,15.87866,-16.753,13.25665,0
-8.221123,6.111355,0.8220272,10,-9.435507,-10,151.2197,500,-10,500,-10,0.4189865,19.5342,38.7197,-13.52571,15.79724,-16.67181,13.19824,0
-7.455873,6.967889,0.3216988,10,-10,-10,150.306,500,-10,500,-10,0.4144039,19.48394,38.55135,-13.44666,15.73594,-16.61138,13.12006,0
-6.452176,7.850809,-0.2442005,10,-10,-10,149.3921,500,-10,500,-10,0.4203313,19.43344,38.38942,-13.36429,15.68207,-16.55957,13.03975,0
-4.682562,8.978889,-0.3328252,10,-10,-10,148.4779,500,-10,500,-10,0.4356797,19.38403,38.23245,-13.28454,15.62862,-16.50926,12.96313,0
-2.344953,10.04143,-0.2377041,10,-10,-10,147.5635,500,-10,500,-10,0.4594029,19.33695,38.07911,-13.21394,15.56807,-16.45281,12.89664,0
-0.3839378,10.46069,0.2361858,10,-10,-10,146.6488,500,-10,500,-10,0.490517,19.29329,37.9283,-13.15219,15.49988,-16.3896,12.83986,0
1.423543,10.14102,1.81495,10,-10,-10,145.7334,500,-10,500,-10,0.5280871,19.25404,37.77911,-13.0904,15.43231,-16.32777,12.78381,0
2.831536,9.42788,4.260595,8.438605,-10,-10,144.8173,500,-10,500,-10,0.5622939,19.22002,37.63087,-13.05537,15.39227,-16.23997,12.70103,0
2.458899,8.020287,6.525315,5.132228,-10,-10,143.9005,500,-10,500,-10,0.5700953,19.18987,37.4836,-13.05723,15.38969,-16.11608,12.58157,0
1.176913,6.542808,8.324583,1.371522,-10,-10,142.9832,500,-10,500,-10,0.5459725,19.15972,37.3379,-13.07571,15.40373,-15.97687,12.44681,0
-0.2215499,5.617738,9.349858,-2.686528,-10,-10,142.0658,500,-10,500,-10,0.4868867,19.12508,37.1948,-13.10304,15.42596,-15.83097,12.30601,0
-1.700976,5.268977,9.166955,-6.809489,-10,-10,141.1483,500,-10,500,-10,0.3926447,19.08126,37.05602,-13.13595,15.45241,-15.68307,12.16457,0
-2.515178,6.114848,8.48803,-10,-10,-10,140.2305,500,-10,500,-10,0.2703,19.024,36.92416,-13.158,15.46603,-15.55176,12.0417,0
-2.932892,7.455627,6.507099,-10,-10,-10,139.3123,500,-10,500,-10,0.1510396,18.95136,36.80195,-13.12985,15.42718,-15.47864,11.97928,0
-2.130114,9.049253,3.747939,-10,-10,-10,138.3934,500,-10,500,-10,0.04184674,18.86515,36.69014,-13.10542,15.39005,-15.41043,11.92376,0
-0.1769442,10.12287,0.8094765,-10,-10,-10,137.474,500,-10,500,-10,-0.05747617,18.76755,36.58849,-13.08404,15.35429,-15.34758,11.8753,0
2.142472,9.435898,-2.812309,-10,-10,-10,136.5542,500,-10,500,-10,-0.1476674,18.66056,36.49623,-13.06031,15.31479,-15.29488,11.83835,0
5.220361,7.274229,-4.655748,-10,-9.40928,-10,135.634,500,-10,500,-10,-0.2295655,18.54902,36.41164,-13.03192,15.28327,-15.25317,11.79978,0
7.6682,3.923602,-5.131926,-10,-5.789146,-10,134.713,500,-10,500,-10,-0.302362,18.46005,36.32624,-12.96696,15.28673,-15.24738,11.72557,0
9.956463,0.908895,-3.186413,-10,-2.304913,-10,133.7908,500,-10,500,-10,-0.3656141,18.3988,36.23329,-12.89785,15.28706,-15.23946,11.64822,0
10.05457,-2.632142,-1.515189,-10,1.181804,-10,132.8671,500,-10,500,-10,-0.4188077,18.36455,36.12805,-12.8211,15.28378,-15.22901,11.56429,0
8.8714,-5.387128,0.309086,-10,4.836261,-10,131.942,500,-10,500,-10,-0.4618315,18.35818,36.00652,-12.73374,15.27652,-15.21567,11.47085,0
7.640222,-7.050619,1.714454,-10,8.605306,-10,131.0159,500,-10,500,-10,-0.4962629,18.38066,35.86636,-12.64594,15.25333,-15.18734,11.37791,0
6.158409,-8.430685,2.016092,-10,10,-10,130.0893,500,-10,500,-10,-0.5293019,18.41941,35.71507,-12.58352,15.19543,-15.12441,11.31045,0
4.427512,-9.605659,1.387791,-10,10,-10,129.1624,500,-10,500,-10,-0.5680188,18.45346,35.56507,-12.53838,15.12199,-15.04525,11.2596,0
3.054073,-10.0097,1.017627,-10,10,-10,128.2355,500,-10,500,-10,-0.6115292,18.48202,35.41581,-12.49429,15.04871,-14.96567,11.20921,0
1.515071,-9.962068,0.900063,-10,10,-10,127.3084,500,-10,500,-10,-0.6589281,18.50439,35.26692,-12.45075,14.97567,-14.88584,11.15888,0
-0.298438,-9.703703,1.341097,-10,10,-10,126.381,500,-10,500,-10,-0.7092761,18.52003,35.11819,-12.40734,14.90302,-14.80601,11.10829,0
-2.404468,-9.45459,2.568931,-10,10,-10,125.4527,500,-10,500,-10,-0.7615949,18.52852,34.96953,-12.36069,14.83396,-14.72949,11.05417,0
-3.195043,-8.559265,4.911064,-7.804042,10,-10,124.5235,500,-10,500,-10,-0.8026218,18.51098,34.82085,-12.26613,14.73682,-14.70086,11.02812,0
-1.501343,-6.71826,8.181755,-2.981307,10,-10,123.5937,500,-10,500,-10,-0.7950406,18.50796,34.67131,-12.12269,14.59293,-14.72039,11.0481,0
1.209779,-4.954678,9.61644,2.278748,10,-10,122.6637,500,-10,500,-10,-0.7352793,18.50782,34.52159,-11.96855,14.43878,-14.75047,11.0782,0
3.809224,-3.692865,9.269743,7.703244,10,-10,121.7336,500,-10,500,-10,-0.6218714,18.518,34.37244,-11.80417,14.2759,-14.79126,11.11749,0
5.293236,-3.676083,8.355981,10,10,-10,120.8032,500,-10,500,-10,-0.4752827,18.54564,34.22657,-11.68331,14.15911,-14.79126,11.11343,0
5.315138,-5.550975,7.127197,10,10,-10,119.872,500,-10,500,-10,-0.3349155,18.59301,34.08791,-11.60329,14.08607,-14.75638,11.07157,0
3.804327,-8.504213,5.068737,10,10,-10,118.9399,500,-10,500,-10,-0.203848,18.65821,33.9592,-11.52702,14.0194,-14.72601,11.03159,0
1.127256,-10.19507,1.49569,10,10,-10,118.007,500,-10,500,-10,-0.08342016,18.73889,33.84184,-11.45567,13.95994,-14.70011,10.9938,0
-2.264561,-9.507597,-2.411526,10,9.870482,-10,117.0737,500,-10,500,-10,0.02622376,18.83195,33.73605,-11.39117,13.90623,-14.67696,10.95986,0
-6.184508,-6.029726,-5.11101,10,6.224434,-10,116.14,500,-10,500,-10,0.1275091,18.89278,33.63953,-11.37373,13.81565,-14.61442,10.97046,0
-8.531648,-0.4664933,-5.095201,10,1.227364,-10,115.2052,500,-10,500,-10,0.2225125,18.92867,33.54377,-11.37416,13.70883,-14.53465,10.99793,0
-8.51142,4.611094,-2.427891,10,-3.722116,-10,114.2689,500,-10,500,-10,0.3155591,18.91319,33.44009,-11.37468,13.59562,-14.44821,11.02523,0
-5.970429,8.218722,0.2401507,10,-8.696136,-10,113.3312,500,-10,500,-10,0.408813,18.87297,33.32051,-11.37686,13.47987,-14.34696,11.04191,0
-2.531557,10.04587,1.320249,10,-10,-10,112.3925,500,-10,500,-10,0.5074795,18.80852,33.18808,-11.33513,13.39928,-14.27896,11.01277,0
0.176277,10.3738,0.6196651,10,-10,-10,111.4533,500,-10,500,-10,0.6146582,18.77397,33.05133,-11.27418,13.33324,-14.22659,10.96549,0
1.816089,10.18858,-0.2873334,10,-10,-10,110.514,500,-10,500,-10,0.7263012,18.7544,32.91136,-11.21049,13.26666,-14.17431,10.91609,0
3.035543,9.99242,-0.2919272,10,-10,-10,109.5744,500,-10,500,-10,0.840269,18.7506,32.76988,-11.13669,13.20855,-14.13088,10.85698,0
4.094312,9.806658,0.8828586,10,-10,-10,108.6344,500,-10,500,-10,0.954161,18.76286,32.62889,-11.0552,13.15841,-14.09555,10.7903,0
4.035278,9.024584,2.743807,8.998339,-10,-10,107.6936,500,-10,500,-10,1.060115,18.79088,32.49039,-10.9907,13.12821,-14.04528,10.70573,0
2.580095,8.041115,5.554549,3.24218,-10,-10,106.7519,500,-10,500,-10,1.114012,18.83197,32.35541,-11.0106,13.18418,-13.91355,10.53792,0
-0.7663938,6.804668,7.689828,-2.899757,-10,-10,105.8097,500,-10,500,-10,1.101644,18.85953,32.22221,-11.04269,13.25003,-13.77109,10.3617,0
-5.198115,5.180165,7.419325,-8.837592,-10,-10,104.8673,500,-10,500,-10,1.024408,18.89828,32.08773,-11.07374,13.3163,-13.62861,10.18401,0
-7.810965,3.833543,6.077598,-10,-10,-10,103.9246,500,-10,500,-10,0.9173461,18.91287,31.94995,-11.02583,13.2997,-13.56236,10.08644,0
-8.840241,3.539556,4.392876,-10,-10,-10,102.9811,500,-10,500,-10,0.8077335,18.92811,31.80958,-10.96291,13.25681,-13.50897,10.01303,0
-7.1655,6.253581,4.205661,-10,-10,-10,102.0364,500,-10,500,-10,0.6964548,18.92786,31.66827,-10.90979,13.20365,-13.445,9.949095,0
-2.762255,9.650034,2.526439,-10,-10,-10,101.0903,500,-10,500,-10,0.5858319,18.91197,31.5279,-10.85823,13.14976,-13.38024,9.886682,0
2.170207,9.731452,-2.090126,-10,-8.072159,-10,100.1432,500,-10,500,-10,0.4783066,18.89016,31.39567,-10.78867,13.12039,-13.34024,9.80648,0
6.171071,5.265083,-5.938275,-10,-1.578869,-10,99.19559,500,-10,500,-10,0.3739173,18.90583,31.29131,-10.67666,13.15691,-13.36578,9.683489,0
6.968925,-2.417012,-6.787632,-10,4.539533,-10,98.24693,500,-10,500,-10,0.2681007,18.96844,31.20677,-10.57851,13.20576,-13.39388,9.564588,0
4.898446,-8.523465,-3.400709,-10,10,-10,97.29671,500,-10,500,-10,0.1569065,19.07716,31.12921,-10.48887,13.2551,-13.41926,9.450985,0
-0.05199143,-10.19973,0.3330072,-10,10,-10,96.34506,500,-10,500,-10,0.0339874,19.18841,31.03962,-10.45753,13.24014,-13.37637,9.391709,0
-5.413568,-9.03795,0.1563399,-10,10,-10,95.39256,500,-10,500,-10,-0.1043986,19.28781,30.93256,-10.42252,13.21978,-13.32267,9.323364,0
-7.455468,-7.511112,-1.377155,-10,10,-10,94.43951,500,-10,500,-10,-0.260689,19.37197,30.8063,-10.38368,13.19334,-13.25689,9.245184,0
-7.443419,-7.296841,-0.9858177,-10,10,-10,93.48595,500,-10,500,-10,-0.4358213,19.4369,30.66047,-10.34114,13.16037,-13.17859,9.157327,0
-6.396608,-8.312495,1.047731,-6.83672,10,-10,92.53184,500,-10,500,-10,-0.6096176,19.47862,30.49751,-10.24071,13.06608,-13.14399,9.11658,0
-3.764302,-9.192745,3.31973,-0.139784,10,-10,91.57727,500,-10,500,-10,-0.730744,19.49812,30.3241,-10.07426,12.90251,-13.16676,9.136478,0
-0.1587268,-9.32539,4.372471,6.619406,10,-10,90.62228,500,-10,500,-10,-0.7884783,19.5028,30.14701,-9.892485,12.72142,-13.2018,9.170826,0
2.473575,-9.468376,3.598834,10,10,-10,89.6669,500,-10,500,-10,-0.7988071,19.50149,29.96941,-9.762855,12.59159,-13.18428,9.153497,0
4.466554,-9.303329,2.269939,10,10,-10,88.7111,500,-10,500,-10,-0.8060742,19.49893,29.79207,-9.690793,12.51916,-13.10939,9.078989,0
5.584687,-8.645802,0.4325662,10,10,-10,87.75456,500,-10,500,-10,-0.8126974,19.49536,29.61513,-9.628033,12.43769,-13.02555,9.013847,0
5.376672,-8.728951,-0.0930188,10,10,-10,86.79681,500,-10,500,-10,-0.8184593,19.49088,29.43873,-9.575272,12.34658,-12.93214,8.958796,0
2.751048,-10.10482,0.4268204,10,9.531951,-10,85.83762,500,-10,500,-10,-0.821913,19.48405,29.2651,-9.52943,12.25059,-12.83412,8.910919,0
-1.736713,-10.13458,-0.6589175,10,2.881203,-10,84.87701,500,-10,500,-10,-0.7970701,19.4438,29.13699,-9.567994,12.1047,-12.6894,8.950654,0
-5.339352,-6.576909,-5.003263,10,-4.136331,-10,83.91522,500,-10,500,-10,-0.7323763,19.35581,29.07224,-9.631016,11.9823,-12.57273,9.019404,0
-5.078897,1.009493,-7.91231,10,-9.919004,-10,82.9523,500,-10,500,-10,-0.6427556,19.2253,29.0495,-9.6945,11.89134,-12.4904,9.091523,0
-2.947229,7.665653,-5.517688,10,-10,-10,81.98794,500,-10,500,-10,-0.5507454,19.08642,29.02433,-9.693451,11.86253,-12.4706,9.099483,0
0.7318279,10.29522,1.555144,10,-10,-10,81.02206,500,-10,500,-10,-0.4578083,18.95032,28.98716,-9.687513,11.82844,-12.44573,9.102763,0
4.899516,6.95792,6.363349,10,-10,-10,80.05524,500,-10,500,-10,-0.3607006,18.81822,28.93801,-9.677276,11.78816,-12.41525,9.102323,0
7.727509,3.69873,6.53653,8.951713,-10,-10,79.0881,500,-10,500,-10,-0.2617404,18.68811,28.87608,-9.68053,11.75915,-12.36068,9.080009,0
8.182049,3.952648,5.466,1.548124,-10,-10,78.12069,500,-10,500,-10,-0.2114705,18.55291,28.80155,-9.790956,11.83431,-12.1885,8.943099,0
5.404474,6.960699,4.849741,-5.984556,-10,-10,77.15294,500,-10,500,-10,-0.2265677,18.43485,28.7202,-9.903024,11.91394,-12.00903,8.796069,0
1.654812,10.15066,3.050253,-10,-10,-10,76.18497,500,-10,500,-10,-0.2872513,18.31456,28.63884,-9.951365,11.94275,-11.89327,8.699848,0
0.4165763,9.714429,-2.265535,-10,-10,-10,75.21684,500,-10,500,-10,-0.3454713,18.19,28.56069,-9.93199,11.90502,-11.84789,8.672817,0
4.545406,8.216721,-3.612203,-10,-10,-10,74.24816,500,-10,500,-10,-0.3968839,18.06192,28.48432,-9.913258,11.86742,-11.80334,8.647138,0
8.177213,6.705691,0.1254009,-10,-10,-10,73.27844,500,-10,500,-10,-0.440755,17.93107,28.40744,-9.89412,11.82901,-11.75878,8.621852,0
7.601139,5.943214,4.337132,-10,-9.532902,-10,72.30769,500,-10,500,-10,-0.4730824,17.80021,28.32438,-9.866532,11.79266,-11.71755,8.589375,0
6.435023,5.744985,5.995121,-10,-2.550281,-10,71.33616,500,-10,500,-10,-0.4449261,17.71351,28.1792,-9.732401,11.803,-11.73138,8.458744,0
7.594511,5.453138,5.577607,-10,5.802175,-10,70.36399,500,-10,500,-10,-0.3127866,17.70745,27.9241,-9.509749,11.76754,-11.74266,8.282825,0
9.479795,3.074731,1.642871,-10,10,-10,69.39118,500,-10,500,-10,-0.1559761,17.77246,27.63992,-9.307549,11.66945,-11.70939,8.145455,0
9.649356,-0.7772586,-3.250351,-10,10,-10,68.41773,500,-10,500,-10,-0.05562359,17.84152,27.41127,-9.182741,11.55481,-11.64474,8.070625,0
5.2761,-6.247521,-6.35548,-10,10,-10,67.44334,500,-10,500,-10,0.001262787,17.937,27.22302,-9.079058,11.46519,-11.59244,8.004266,0
1.050854,-9.867914,-2.425407,-10,10,-10,66.46767,500,-10,500,-10,0.02343212,18.0373,27.06554,-8.998625,11.39954,-11.54239,7.939435,0
0.3955969,-9.390436,4.272748,-8.677703,10,-10,65.49087,500,-10,500,-10,0.0300788,18.12131,26.92695,-8.911665,11.32495,-11.51452,7.899188,0
1.614012,-5.06729,9.399262,-1.664327,10,-10,64.51344,500,-10,500,-10,0.07697056,18.22453,26.80079,-8.729278,11.15777,-11.59237,7.961831,0
0.9219772,-2.456371,10.41809,6.018712,10,-10,63.53579,500,-10,500,-10,0.179288,18.33333,26.69204,-8.539124,10.98365,-11.69242,8.045854,0
-0.5878044,-4.435105,9.667202,10,10,-10,62.5578,500,-10,500,-10,0.3169231,18.45165,26.60521,-8.418287,10.88024,-11.7413,8.077307,0
-0.2941003,-8.688467,5.559052,10,10,-10,61.57937,500,-10,500,-10,0.4404764,18.57919,26.54081,-8.371788,10.85807,-11.73444,8.04612,0
-0.04164571,-10.01176,-2.507237,10,10,-10,60.60056,500,-10,500,-10,0.551667,18.71303,26.49517,-8.331462,10.84653,-11.73695,8.019842,0
-3.579906,-5.1792,-7.694136,10,9.796372,-10,59.62111,500,-10,500,-10,0.6551577,18.85009,26.46491,-8.301413,10.83821,-11.74193,8.003094,0
-7.783889,2.064589,-5.359132,10,4.196706,-10,58.64033,500,-10,500,-10,0.7536459,18.96135,26.4252,-8.329292,10.76458,-11.68115,8.04382,0
-7.408798,6.806008,-0.1361791,10,-3.972352,-10,57.65793,500,-10,500,-10,0.8424623,19.01849,26.3393,-8.366439,10.64439,-11.57283,8.09283,0
-4.141172,9.242635,2.773744,10,-10,-10,56.67438,500,-10,500,-10,0.9192531,19.03695,26.20465,-8.357162,10.5315,-11.47053,8.094148,0
-2.806586,9.637249,3.022743,10,-10,-10,55.69024,500,-10,500,-10,0.9924141,19.05884,26.06283,-8.275877,10.48501,-11.43431,8.023133,0
-3.227286,9.561181,2.862835,10,-10,-10,54.70582,500,-10,500,-10,1.062459,19.09075,25.92228,-8.194661,10.43977,-11.39906,7.951915,0
-3.837517,9.346636,0.9542902,10,-10,-10,53.7212,500,-10,500,-10,1.128176,19.13205,25.78318,-8.114027,10.39556,-11.36444,7.880869,0
-2.238655,10.02079,-0.8112535,9.790572,-10,-10,52.73621,500,-10,500,-10,1.187413,19.18195,25.64545,-8.037918,10.35574,-11.32642,7.806556,0
0.4284052,10.74174,1.25105,4.237889,-10,-10,51.75043,500,-10,500,-10,1.203112,19.23878,25.5083,-8.062669,10.40233,-11.18804,7.64633,0
-1.84696,9.033968,3.825374,-3.956568,-10,-10,50.76385,500,-10,500,-10,1.129008,19.29478,25.36764,-8.142814,10.49073,-10.99134,7.441381,0
-6.305441,6.738977,4.626898,-10,-10,-10,49.77674,500,-10,500,-10,0.9740038,19.33799,25.21825,-8.188314,10.54259,-10.82206,7.265738,0
-8.202439,4.722005,4.519836,-10,-10,-10,48.78894,500,-10,500,-10,0.7987626,19.35887,25.06006,-8.130182,10.48754,-10.74912,7.189719,0
-6.843318,6.068243,4.934005,-10,-10,-10,47.80003,500,-10,500,-10,0.6200332,19.35498,24.89889,-8.080285,10.43707,-10.66547,7.106644,0
-1.70717,9.79329,3.055043,-10,-10,-10,46.80982,500,-10,500,-10,0.4447377,19.32621,24.74193,-8.039492,10.39204,-10.5762,7.021618,0
2.049387,8.341463,-4.560208,-10,-5.099301,-10,45.81856,500,-10,500,-10,0.28353,19.30077,24.60638,-7.950219,10.40937,-10.55317,6.891971,0
4.357006,0.5498552,-8.905178,-10,3.809957,-10,44.82628,500,-10,500,-10,0.137158,19.3409,24.50131,-7.820514,10.48621,-10.59581,6.728078,0
3.827529,-7.977096,-4.57863,-10,10,-10,43.83246,500,-10,500,-10,-0.01455246,19.43911,24.39653,-7.71772,10.53727,-10.61178,6.590193,0
-1.568499,-10.32629,1.102583,-10,10,-10,42.83709,500,-10,500,-10,-0.1892184,19.53261,24.26739,-7.678309,10.51163,-10.54418,6.50882,0
-6.719586,-7.209358,1.81268,-10,10,-10,41.84085,500,-10,500,-10,-0.3915824,19.60552,24.10933,-7.632207,10.47627,-10.45932,6.413215,0
-7.772283,-6.772829,-0.05316365,-9.807711,10,-10,40.84397,500,-10,500,-10,-0.6195319,19.6518,23.92422,-7.570142,10.42102,-10.36801,6.315084,0
-5.457077,-8.775852,0.9495105,-3.890808,10,-10,39.84644,500,-10,500,-10,-0.8262997,19.66676,23.72172,-7.396889,10.24997,-10.37347,6.318347,0
-0.842041,-10.17666,1.56062,4.757159,10,-10,38.84846,500,-10,500,-10,-0.9493486,19.65546,23.51678,-7.173434,10.02485,-10.42712,6.373656,0
0.2280497,-10.04482,-1.306179,10,10,-10,37.85014,500,-10,500,-10,-0.9994888,19.62996,23.31765,-7.017976,9.844327,-10.41758,6.38919,0
-2.206476,-9.4712,-1.888823,10,10,-10,36.85115,500,-10,500,-10,-1.033313,19.59835,23.12562,-6.964202,9.744678,-10.31224,6.329725,0
-3.632683,-9.591176,0.1791649,10,10,-10,35.85113,500,-10,500,-10,-1.057654,19.56242,22.94087,-6.913204,9.647244,-10.21016,6.274073,0
-2.436587,-9.884302,1.502749,10,10,-10,34.85004,500,-10,500,-10,-1.072401,19.52352,22.76307,-6.864069,9.552647,-10.11197,6.221348,0
-2.294744,-9.706497,1.611641,10,6.053962,-10,33.8478,500,-10,500,-10,-1.062741,19.47229,22.61642,-6.867925,9.428114,-9.986599,6.224368,0
-5.076289,-8.797731,0.3697675,10,-4.035172,-10,32.84432,500,-10,500,-10,-0.9887859,19.37733,22.57121,-6.971341,9.280756,-9.845719,6.33426,0
-7.376933,-4.635665,-3.957474,10,-10,-10,31.83966,500,-10,500,-10,-0.8797271,19.24346,22.59001,-7.048878,9.208246,-9.783763,6.422351,0
-4.774787,2.496171,-7.991199,10,-10,-10,30.83373,500,-10,500,-10,-0.7758318,19.10287,22.59976,-7.057168,9.197949,-9.783555,6.440732,0
-0.7344559,9.350795,-3.64046,10,-10,-10,29.82627,500,-10,500,-10,-0.676561,18.9621,22.59429,-7.060968,9.17993,-9.77522,6.454215,0
-0.1031592,8.8491,4.796057,9.650387,-10,-10,28.81746,500,-10,500,-10,-0.5793583,18.82254,22.57496,-7.066395,9.16083,-9.753778,6.4573,0
0.7712764,3.624482,9.591084,3.13704,-10,-10,27.80806,500,-10,500,-10,-0.5241761,18.68529,22.54293,-7.174904,9.24261,-9.618728,6.348979,0
3.354213,2.644295,9.82174,-6.07896,-10,-10,26.79839,500,-10,500,-10,-0.5542934,18.54918,22.50554,-7.332464,9.372529,-9.430182,6.188076,0
3.094055,6.796286,6.871655,-10,-10,-10,25.78833,500,-10,500,-10,-0.643109,18.41146,22.47406,-7.40516,9.418665,-9.331404,6.115856,0
0.03855403,10.12823,-0.02649122,-10,-10,-10,24.77792,500,-10,500,-10,-0.7345133,18.27164,22.45467,-7.415232,9.404354,-9.305264,6.114101,0
1.93566,6.537077,-7.083063,-10,-10,-10,23.76702,500,-10,500,-10,-0.8318151,18.13082,22.44953,-7.430254,9.397678,-9.285989,6.116522,0
7.954229,-0.6114022,-6.117916,-10,-8.984683,-10,22.75488,500,-10,500,-10,-0.9369167,17.99333,22.45711,-7.438117,9.409693,-9.284405,6.110788,0
8.646815,-5.436726,0.9384448,-10,0.6057218,-10,21.74112,500,-10,500,-10,-0.9820539,17.90072,22.38707,-7.313721,9.482965,-9.350766,5.97948,0
5.445018,-7.850516,4.460042,-10,9.691931,-10,20.72627,500,-10,500,-10,-0.9102054,17.8613,22.17792,-7.124507,9.492555,-9.366681,5.796592,0
4.473064,-7.990213,5.449368,-10,10,-10,19.71098,500,-10,500,-10,-0.7952322,17.84728,21.92118,-7.009435,9.382353,-9.269022,5.69406,0
6.182457,-7.598573,3.671519,-10,10,-10,18.69547,500,-10,500,-10,-0.6744847,17.84973,21.65923,-6.87972,9.252998,-9.181687,5.606365,0
6.462686,-8.122544,-0.3857596,-10,10,-10,17.67966,500,-10,500,-10,-0.558948,17.86906,21.40237,-6.74427,9.120397,-9.104302,5.526133,0
2.405153,-9.530518,-2.491859,-9.231576,10,-10,16.66313,500,-10,500,-10,-0.4545749,17.90391,21.15967,-6.601712,8.982973,-9.045767,5.462462,0
0.7322741,-10.26546,1.61008,-0.691537,10,-10,15.64554,500,-10,500,-10,-0.3063857,17.95364,20.93764,-6.334261,8.722848,-9.129249,5.538618,0
4.978145,-7.948495,4.686176,8.299683,10,-10,14.62717,500,-10,500,-10,-0.09661289,18.02426,20.74623,-6.078779,8.477769,-9.226131,5.625098,0
7.961473,-4.921781,4.634037,10,10,-10,13.6081,500,-10,500,-10,0.1108483,18.10141,20.59597,-5.969711,8.380065,-9.21069,5.598292,0
6.92234,-5.487854,5.916866,10,10,-10,12.58793,500,-10,500,-10,0.2847306,18.21504,20.48482,-5.904893,8.331986,-9.183412,5.554273,0
2.139453,-9.316381,3.397826,10,10,-10,11.56645,500,-10,500,-10,0.4290871,18.34092,20.40761,-5.854813,8.30045,-9.169514,5.521834,0
-1.665909,-7.811759,-4.995792,10,4.707951,-10,10.54396,500,-10,500,-10,0.5600246,18.44745,20.34016,-5.870469,8.21263,-9.097973,5.553768,0
-3.587523,1.647781,-8.821423,10,-5.783914,-10,9.520384,500,-10,500,-10,0.701764,18.47821,20.23037,-5.926914,8.047555,-8.95055,5.627866,0
-1.769206,9.802372,-1.871187,10,-10,-10,8.495163,500,-10,500,-10,0.857034,18.47293,20.07973,-5.886962,7.943347,-8.865692,5.607264,0
4.482178,8.878425,2.310055,10,-10,-10,7.468625,500,-10,500,-10,1.012176,18.48898,19.92949,-5.79735,7.888955,-8.830813,5.537165,0
7.778119,6.609802,0.06191663,10,-10,-10,6.441352,500,-10,500,-10,1.162395,18.52632,19.78484,-5.708911,7.838408,-8.799396,5.467855,0
5.965549,8.092838,0.008074999,6.810407,-10,-10,5.413319,500,-10,500,-10,1.285723,18.58317,19.64951,-5.67964,7.847883,-8.716537,5.346251,0
0.9542964,9.915987,0.6279008,-3.074221,-10,-10,4.38467,500,-10,500,-10,1.31102,18.65284,19.52306,-5.773767,7.98022,-8.51763,5.109134,0
-0.4327378,9.903498,-2.382271,-10,-10,-10,3.355581,500,-10,500,-10,1.245316,18.72243,19.39849,-5.824118,8.067488,-8.364067,4.918653,0
3.231068,8.808353,-3.636005,-10,-10,-10,2.325693,500,-10,500,-10,1.159466,18.78278,19.27035,-5.760181,8.03267,-8.321826,4.847293,0
4.977394,8.250976,-0.05508819,-10,-10,-10,1.294608,500,-10,500,-10,1.066495,18.83174,19.13803,-5.705921,7.985623,-8.266448,4.784702,0
3.861301,9.399082,2.860425,-10,-9.932094,-10,0.44,500,-10,500,-10,0.9675021,18.86819,19.00216,-5.650742,7.937343,-8.209047,4.720404,0
3.140694,8.742708,1.516018,-10,-2.430399,-10,0.44,500,-10,500,-10,0.8649697,18.91853,18.8992,-5.52473,7.987675,-8.249745,4.584757,0
6.853297,7.767215,0.2655565,-10,8.191841,-10,0.44,500,-10,500,-10,0.7631597,19.03203,18.87448,-5.391364,8.110227,-8.362628,4.441721,0
7.787443,2.370317,-5.585817,-10,10,-10,0.44,500,-10,500,-10,0.6613023,19.17283,18.86715,-5.362493,8.142815,-8.385427,4.403061,0
2.90381,-6.041263,-7.27053,-10,10,-10,0.44,500,-10,500,-10,0.5528972,19.31215,18.844,-5.347966,8.148811,-8.380775,4.377886,0
0.09716623,-10.32473,0.4622548,-10,10,-10,0.44,500,-10,500,-10,0.4324949,19.4482,18.80186,-5.326552,8.147438,-8.36727,4.344339,0
1.053295,-5.785397,8.463747,-4.546273,10,-10,0.44,500,-10,500,-10,0.3251933,19.57873,18.73564,-5.202065,8.042182,-8.436886,4.394725,0
-1.047299,-2.262615,10.08526,5.661571,10,-10,0.44,500,-10,500,-10,0.2941601,19.70409,18.64609,-4.987592,7.846176,-8.57716,4.516532,0
-2.797016,-5.836337,8.000749,10,10,-10,0.44,500,-10,500,-10,0.311967,19.82862,18.54112,-4.868041,7.744971,-8.609734,4.530761,0
-0.1496652,-10.17669,1.086345,10,10,-10,0.44,500,-10,500,-10,0.3087106,19.95404,18.41902,-4.818231,7.713636,-8.558377,4.460928,0
-1.268323,-6.15934,-7.641349,10,10,-10,0.44,500,-10,500,-10,0.2651964,20.07869,18.26069,-4.75929,7.673058,-8.486126,4.370315,0
-7.091533,2.415435,-6.292287,10,5.251208,-10,0.44,500,-10,500,-10,0.1141125,20.17198,17.99704,-4.727879,7.548452,-8.299077,4.27646,0
-6.61348,7.605361,0.2439708,10,-5.869014,-10,0.44,500,-10,500,-10,-0.1741316,20.1457,17.5965,-4.727298,7.293589,-7.967776,4.199441,0
-3.08855,9.427842,2.976326,10,-10,-10,0.44,500,-10,500,-10,-0.3219943,20.02702,17.33696,-4.683888,7.139671,-7.796136,4.138309,0
-3.324411,9.127745,3.473516,10,-10,-10,0.44,500,-10,500,-10,-0.3601215,19.90034,17.1853,-4.633096,7.070217,-7.721266,4.082101,0
-5.356832,8.430629,1.830245,10,-10,-10,0.44,500,-10,500,-10,-0.3555221,19.77213,17.07306,-4.602293,7.008617,-7.659063,4.050695,0
-4.239344,9.016111,-2.278552,9.279788,-10,-10,0.44,500,-10,500,-10,-0.3331566,19.64454,16.97755,-4.593798,6.961069,-7.588418,4.019104,0
-0.5102676,9.962721,-1.944125,0.2936742,-10,-10,0.44,500,-10,500,-10,-0.3629251,19.51788,16.89174,-4.732161,7.061989,-7.378958,3.847086,0
-2.007643,9.79578,1.992729,-9.357357,-10,-10,0.44,500,-10,500,-10,-0.4761867,19.38823,16.82294,-4.892153,7.187527,-7.161958,3.66454,0
-6.406464,7.76325,2.230819,-10,-10,-10,0.44,500,-10,500,-10,-0.5982391,19.25293,16.77804,-4.907078,7.172395,-7.109827,3.642467,0
-7.35828,6.727935,2.520375,-10,-10,-10,0.44,500,-10,500,-10,-0.7074105,19.11394,16.75342,-4.916808,7.156061,-7.079697,3.638401,0
-2.706642,9.425157,2.020777,-10,-9.409502,-10,0.44,500,-10,500,-10,-0.8098328,18.97533,16.74316,-4.92385,7.153674,-7.064158,3.63229,0
2.561854,8.421508,-4.756005,-10,-0.2620767,-10,0.44,500,-10,500,-10,-0.9133533,18.8792,16.69836,-4.821134,7.232661,-7.129752,3.516181,0
3.027561,-2.091878,-8.746605,-10,9.777338,-10,0.44,500,-10,500,-10,-1.015289,18.84243,16.57789,-4.681178,7.286129,-7.169889,3.362894,0
0.5950893,-10.1915,-1.623354,-10,10,-10,0.44,500,-10,500,-10,-1.113282,18.80652,16.44153,-4.646582,7.220739,-7.091501,3.315299,0
-5.367619,-7.29226,4.896412,-10,10,-10,0.44,500,-10,500,-10,-1.206151,18.75759,16.30909,-4.615999,7.15411,-7.012344,3.27219,0
-8.502875,-4.915781,2.972093,-8.292367,10,-10,0.44,500,-10,500,-10,-1.283607,18.69683,16.18111,-4.556558,7.060256,-6.965738,3.259996,0
-5.547877,-8.16544,2.451605,3.048845,10,-10,0.44,500,-10,500,-10,-1.260267,18.62884,16.05569,-4.319139,6.807192,-7.099234,3.409137,0
0.713975,-10.10252,-0.06601572,10,10,-10,0.44,500,-10,500,-10,-1.139339,18.5481,15.92503,-4.146842,6.622999,-7.163268,3.485067,0
-1.847168,-8.260155,-6.002108,10,10,-10,0.44,500,-10,500,-10,-0.9956602,18.50357,15.78445,-4.084722,6.55432,-7.108905,3.437263,0
-8.140234,-4.77994,-2.081554,10,10,-10,0.44,500,-10,500,-10,-0.8442121,18.47894,15.63658,-4.017593,6.483563,-7.053509,3.385494,0
-8.182109,-3.996696,4.916101,10,8.894433,-10,0.44,500,-10,500,-10,-0.6902847,18.47152,15.48918,-3.955771,6.395752,-6.993199,3.351174,0
-6.116166,-4.494658,7.308846,10,-2.8634,-10,0.44,500,-10,500,-10,-0.5564345,18.41272,15.39938,-4.041061,6.20761,-6.833505,3.464912,0
-8.191603,-3.75334,4.829648,10,-10,-10,0.44,500,-10,500,-10,-0.4354246,18.28357,15.35342,-4.101727,6.088544,-6.734758,3.545898,0
-9.490725,0.1005121,-2.296472,10,-10,-10,0.44,500,-10,500,-10,-0.2984711,18.15314,15.28883,-4.071757,6.03936,-6.711202,3.541557,0
-4.024235,6.276674,-6.53469,10,-10,-10,0.44,500,-10,500,-10,-0.1342522,18.03166,15.19309,-4.023774,5.97348,-6.679865,3.528115,0
-0.233014,10.01123,0.3848442,8.669357,-10,-10,0.44,500,-10,500,-10,0.06271597,17.92432,15.05523,-3.974135,5.908029,-6.615272,3.479335,0
-3.690961,6.083498,7.226281,-2.194302,-10,-10,0.44,500,-10,500,-10,0.2224651,17.83634,14.86604,-4.061589,5.982521,-6.371055,3.248079,0
-3.662189,2.387952,9.539641,-10,-10,-10,0.44,500,-10,500,-10,0.3399584,17.76519,14.62848,-4.07579,5.986242,-6.160019,3.047523,0
-0.8129912,6.00909,8.399134,-10,-10,-10,0.44,500,-10,500,-10,0.4943403,17.70952,14.34301,-3.948004,5.850255,-6.051262,2.946967,0
-0.1915206,9.764132,-1.028454,-10,-10,-10,0.44,500,-10,500,-10,0.7001245,17.67624,14.00799,-3.796309,5.699506,-5.925365,2.820124,0
2.966541,3.094102,-8.184335,-10,-5.7531,-10,0.44,500,-10,500,-10,0.8936452,17.68898,13.68983,-3.574591,5.633899,-5.883461,2.622109,0
4.968449,-7.568959,-4.660956,-10,6.463948,-10,0.44,500,-10,500,-10,0.8732489,17.78889,13.60308,-3.384192,5.75279,-6.00198,2.431339,0
-0.2067495,-10.14525,0.4090388,-10,10,-10,0.44,500,-10,500,-10,0.7595108,17.92963,13.61877,-3.34781,5.813184,-6.051358,2.38394,0
-2.420017,-9.700059,-0.6109993,-10,10,-10,0.44,500,-10,500,-10,0.6680476,18.07043,13.60741,-3.335786,5.824411,-6.053971,2.363303,0
-0.2524642,-10.18638,0.4014612,-10,10,-10,0.44,500,-10,500,-10,0.5860004,18.21003,13.58059,-3.31518,5.830438,-6.052351,2.33505,0
2.831063,-9.872433,-0.7382861,-4.318287,10,-10,0.44,500,-10,500,-10,0.5405977,18.34767,13.54328,-3.19042,5.734451,-6.146202,2.400127,0
0.7547308,-9.442992,-3.487638,6.798743,10,-10,0.44,500,-10,500,-10,0.5987203,18.48469,13.5057,-2.96717,5.539983,-6.338315,2.563458,0
-1.528919,-9.73799,-1.228769,10,10,-10,0.44,500,-10,500,-10,0.7070353,18.62382,13.48156,-2.88271,5.481559,-6.402771,2.601879,0
0.1493172,-10.37053,-0.2977886,10,10,-10,0.44,500,-10,500,-10,0.8090258,18.76458,13.47354,-2.861442,5.482877,-6.417394,2.593915,0
1.642279,-10.26873,-0.966457,10,10,-10,0.44,500,-10,500,-10,0.9091697,18.90541,13.47999,-2.847872,5.48858,-6.436307,2.593556,0
-0.7784196,-10.47979,-0.4951585,10,2.214483,-10,0.44,500,-10,500,-10,1.006631,19.01864,13.46251,-2.911422,5.397523,-6.35827,2.670126,0
-4.934252,-6.562587,-5.744141,10,-9.020828,-10,0.44,500,-10,500,-10,1.086191,19.07119,13.35253,-2.970332,5.236389,-6.208233,2.740133,0
-2.268451,3.801943,-8.299477,10,-10,-10,0.44,500,-10,500,-10,1.15484,19.11578,13.21515,-2.90072,5.182229,-6.16402,2.680468,0
-0.1961975,9.823265,0.5741795,10,-10,-10,0.44,500,-10,500,-10,1.21774,19.16926,13.07951,-2.821217,5.139966,-6.131129,2.610336,0
2.058215,4.855069,8.785851,8.146084,-10,-10,0.44,500,-10,500,-10,1.264022,19.23059,12.94515,-2.783476,5.121933,-6.057541,2.51704,0
5.318135,2.640161,8.421309,-3.828377,-10,-10,0.44,500,-10,500,-10,1.203823,19.29512,12.80921,-2.928466,5.27643,-5.799913,2.249906,0
3.852566,8.274905,5.088367,-10,-10,-10,0.44,500,-10,500,-10,1.044689,19.34793,12.66352,-2.977162,5.332906,-5.630495,2.072708,0
-0.6100132,9.225012,-3.550754,-10,-10,-10,0.44,500,-10,500,-10,0.8682075,19.37856,12.50633,-2.918758,5.279014,-5.558656,1.996356,0
5.489582,2.549454,-7.221045,-10,-10,-10,0.44,500,-10,500,-10,0.6853863,19.38432,12.34319,-2.865569,5.226674,-5.476673,1.913524,0
9.378688,-4.073883,-0.1697814,-10,-3.124579,-10,0.44,500,-10,500,-10,0.5161978,19.3982,12.20737,-2.751087,5.269062,-5.47861,1.758592,0
5.432565,-7.089847,5.09796,-10,8.863488,-10,0.44,500,-10,500,-10,0.3770161,19.49927,12.13428,-2.592055,5.394874,-5.577083,1.572221,0
5.051113,-6.55896,6.446722,-10,10,-10,0.44,500,-10,500,-10,0.2269106,19.62632,12.05537,-2.552257,5.399385,-5.551498,1.502326,0
8.301216,-5.599361,3.103607,-10,10,-10,0.44,500,-10,500,-10,0.04246862,19.74215,11.93894,-2.516071,5.380262,-5.491214,1.424979,0
5.667768,-7.72258,-3.533952,-9.864656,10,-10,0.44,500,-10,500,-10,-0.190222,19.82101,11.77231,-2.466908,5.342715,-5.402305,1.324454,0
0.282085,-10.17967,-1.779986,-1.889099,10,-10,0.44,500,-10,500,-10,-0.4257796,19.89201,11.54997,-2.266341,5.152608,-5.418645,1.330334,0
4.18337,-8.88244,3.155754,9.201546,10,-10,0.44,500,-10,500,-10,-0.5943016,19.93031,11.27789,-1.979624,4.871534,-5.479917,1.385964,0
8.311709,-5.410256,3.767189,10,10,-10,0.44,500,-10,500,-10,-0.7530261,19.9362,10.98241,-1.852894,4.745672,-5.361816,1.266995,0
5.789691,-7.10922,4.699869,10,10,-10,0.44,500,-10,500,-10,-0.9212511,19.93445,10.67924,-1.754785,4.613255,-5.20872,1.148206,0
-0.09811783,-9.828413,-0.7085992,10,8.132454,-10,0.44,500,-10,500,-10,-1.065384,19.90454,10.40229,-1.703886,4.452815,-5.030141,1.079169,0
-2.722314,-2.334212,-9.210959,10,-5.209668,-10,0.44,500,-10,500,-10,-1.022695,19.80782,10.33654,-1.840188,4.259124,-4.839363,1.218383,0
-1.730968,8.906502,-3.528163,10,-10,-10,0.44,500,-10,500,-10,-0.8849683,19.66975,10.38308,-1.911259,4.212845,-4.806858,1.303228,0
5.008738,8.19449,3.82985,10,-10,-10,0.44,500,-10,500,-10,-0.7747486,19.52921,10.39683,-1.920303,4.204385,-4.809201,1.323076,0
8.474163,5.670273,1.615592,9.076624,-10,-10,0.44,500,-10,500,-10,-0.6829358,19.38844,10.39013,-1.939976,4.20176,-4.783981,1.320154,0
4.397677,8.882423,1.395319,-1.802646,-10,-10,0.44,500,-10,500,-10,-0.6775779,19.24844,10.37159,-2.130382,4.367225,-4.578213,1.139326,0
-1.31591,9.746893,-2.046911,-10,-10,-10,0.44,500,-10,500,-10,-0.7698054,19.10813,10.35776,-2.282104,4.495059,-4.415029,1.00003,0
3.583868,7.000092,-5.980221,-10,-10,-10,0.44,500,-10,500,-10,-0.869903,18.96725,10.35857,-2.299203,4.491592,-4.398602,1.004169,0
8.831266,5.183089,0.5706201,-10,-10,-10,0.44,500,-10,500,-10,-0.9689457,18.82716,10.37346,-2.32044,4.495647,-4.389704,1.012454,0
6.578702,5.513768,6.307618,-10,-6.212479,-10,0.44,500,-10,500,-10,-1.068825,18.70007,10.38389,-2.296847,4.541037,-4.421935,0.9757008,0
6.67243,5.754539,5.542318,-10,7.610875,-10,0.44,500,-10,500,-10,-1.153266,18.6306,10.29678,-2.12609,4.651143,-4.520519,0.7934226,0
9.644642,2.884043,-0.2700065,-10,10,-10,0.44,500,-10,500,-10,-1.222543,18.57719,10.16267,-2.067903,4.608099,-4.467583,0.7253435,0
5.701508,-4.040772,-7.016863,-10,10,-10,0.44,500,-10,500,-10,-1.285194,18.51506,10.03063,-2.037143,4.538668,-4.388934,0.6853644,0
0.4648844,-9.973225,-1.522923,-9.180198,10,-10,0.44,500,-10,500,-10,-1.336197,18.44535,9.900012,-1.991202,4.456441,-4.326647,0.6593637,0
3.799364,-6.430619,6.858452,1.120486,10,-10,0.44,500,-10,500,-10,-1.302194,18.37118,9.768395,-1.768102,4.218197,-4.440691,0.7885519,0
3.997966,-1.911241,9.803247,10,10,-10,0.44,500,-10,500,-10,-1.149901,18.3053,9.626678,-1.555547,3.995938,-4.535819,0.8933855,0
0.4005827,-6.854698,7.465729,10,10,-10,0.44,500,-10,500,-10,-0.9664028,18.26067,9.469284,-1.484214,3.918031,-4.476739,0.8408786,0
0.1806117,-9.19845,-2.913933,10,10,-10,0.44,500,-10,500,-10,-0.7716614,18.24162,9.300809,-1.405065,3.836076,-4.41629,0.7832361,0
-3.427701,0.5876175,-8.627977,10,1.826765,-10,0.44,500,-10,500,-10,-0.5942311,18.21185,9.165981,-1.426542,3.669115,-4.283097,0.8384809,0
-3.025885,9.630146,-1.164917,10,-10,-10,0.44,500,-10,500,-10,-0.4585532,18.09437,9.107977,-1.532336,3.49128,-4.129242,0.9682537,0
2.496052,9.706076,-0.3773123,10,-10,-10,0.44,500,-10,500,-10,-0.3067769,17.96293,9.035799,-1.497755,3.437336,-4.104017,0.9623921,0
1.686891,9.898727,-0.4009942,10,-10,-10,0.44,500,-10,500,-10,-0.1126681,17.84136,8.918118,-1.43689,3.358562,-4.067372,0.9436561,0
-1.952305,10.23034,0.4064755,7.27886,-10,-10,0.44,500,-10,500,-10,0.1335783,17.73721,8.731362,-1.382932,3.289262,-3.966586,0.8582125,0
-1.628966,9.21506,-3.47564,-5.477562,-10,-10,0.44,500,-10,500,-10,0.3628636,17.65917,8.453409,-1.453161,3.347994,-3.666048,0.5691715,0
2.744939,9.51407,-2.646039,-10,-10,-10,0.44,500,-10,500,-10,0.6069505,17.60922,8.084973,-1.355657,3.243132,-3.45827,0.3687513,0
1.512482,10.15291,0.2472103,-10,-10,-10,0.44,500,-10,500,-10,0.922274,17.59538,7.646763,-1.150496,3.047775,-3.300335,0.2010131,0
-0.4176904,10.07182,-0.2194045,-10,-9.579618,-10,0.44,500,-10,500,-42.17523,1.227669,17.62696,7.219483,-0.9006715,2.906899,-3.19612,-0.0121503,0
2.017827,11.192,0.9422026,-10,1.113226,-10,0.44,500,-10,500,-336.795,1.278956,17.71237,7.058754,-0.6846334,2.981593,-3.27898,-0.2200229,0
8.267807,6.084529,-9.073432,-10,10,-10,0.44,500,-10,500,-432.0753,1.083066,17.83614,7.166031,-0.6422734,3.132726,-3.410228,-0.2822681,0
2.61481,-9.520142,-9.139906,-10,10,-10,0.44,500,-10,500,-406.7546,0.9290588,17.9725,7.230542,-0.6741697,3.169638,-3.431785,-0.2657265,0
-0.439975,-11.52904,6.628654,-10,10,-10,0.44,500,-10,500,-412.0294,0.8110391,18.1126,7.254237,-0.6821631,3.192717,-3.443425,-0.2691724,0
-2.691408,-1.452178,10.89509,-4.434726,10,-10,0.44,500,-10,500,-287.3053,0.7435416,18.25359,7.254338,-0.5800245,3.111321,-3.545648,-0.1876921,0
-4.732662,-4.352673,8.23921,8.424939,10,-10,0.44,493.5964,-10,500,-10,0.8008769,18.39454,7.247964,-0.3432334,2.896786,-3.777157,0.02156065,0
-1.84752,-9.49062,2.964092,10,10,-10,0.44,463.1694,-10,500,-10,0.8990254,18.53542,7.253647,-0.3025814,2.875553,-3.822517,0.04750289,0
-0.732666,-6.665939,-6.041986,10,10,-10,0.44,453.6562,-10,500,-10,0.9940658,18.67513,7.273282,-0.2963665,2.885304,-3.845002,0.05402051,0
-7.977109,2.125821,-4.287966,10,7.185349,-10,0.44,475.645,-10,500,-10,1.091009,18.80502,7.292367,-0.3221316,2.862297,-3.835051,0.09284151,0
-6.524952,6.981229,2.868639,10,-6.72616,-10,0.44,500,-10,500,-10,1.191923,18.88126,7.217443,-0.4264877,2.682243,-3.668613,0.2108151,0
-3.775957,8.124104,5.249855,10,-10,-10,0.44,500,-10,500,-10,1.286355,18.94054,7.089481,-0.3844261,2.605281,-3.604647,0.1817493,0
-6.112896,7.126735,3.497884,10,-10,-10,0.44,471.6313,-10,500,-10,1.373441,19.01138,6.966955,-0.3081094,2.567806,-3.579441,0.1177008,0
-4.428602,7.719608,-0.9480609,9.80692,-10,-10,0.44,364.2483,-10,500,-10,1.451606,19.09233,6.84967,-0.2379578,2.535995,-3.552411,0.05233021,0
-0.9187986,8.187479,-0.3063653,-0.07001328,-10,-10,0.44,484.868,-10,500,-271.966,1.458627,19.18112,6.736223,-0.3408245,2.671995,-3.355543,-0.1776712,0
-4.057702,14.27765,2.353127,-10,-10,-10,0.44,500,-10,500,-500,1.332429,19.26638,6.616605,-0.4598908,2.803621,-3.137362,-0.4084111,0
-10.24503,11.17167,1.334116,-10,-10,-10,0.44,500,-10,500,-500,1.175173,19.33539,6.481198,-0.4064271,2.760324,-3.078629,-0.4773114,0
-7.081789,12.78711,3.546602,-10,-9.998635,-10,0.44,500,-10,500,-500,1.002952,19.38382,6.330622,-0.34912,2.710181,-3.011171,-0.5519336,0
2.121126,12.83853,-5.489277,-10,-0.5551653,-10,0.44,307.7086,-10,500,-500,0.8468549,19.4435,6.221478,-0.2010212,2.783528,-3.068834,-0.7157167,0
1.726233,-3.453594,-9.897285,-10,10,-10,0.44,110.7835,-10,500,-500,0.7393965,19.57119,6.208045,-0.07237311,2.911379,-3.186352,-0.8546979,0
-1.492157,-9.618505,0.8538964,-10,10,-10,0.44,93.70259,-10,500,-500,0.6287973,19.71175,6.193058,-0.06121445,2.920928,-3.185092,-0.8766651,0
-7.750121,-5.572495,4.72701,-9.872364,10,-10,0.44,57.4695,-10,500,-500,0.4949316,19.85012,6.149381,-0.03754393,2.91764,-3.172573,-0.9095669,0
-7.693738,-7.047499,2.375289,-1.099239,10,-10,0.44,10,-10,500,-500,0.3723248,19.98347,6.058782,0.1483392,2.751402,-3.283386,-0.8183984,0
-1.15995,-10.27197,1.083712,10,10,-10,0.44,10,-10,500,-500,0.3089672,20.11147,5.905956,0.3938049,2.524793,-3.402223,-0.7184188,0
-1.208739,-8.990284,-4.58758,10,10,-10,0.44,10,-10,500,-500,0.1635962,20.21413,5.652393,0.47565,2.458071,-3.273968,-0.8617964,0
-7.274996,-5.774062,-2.181555,10,10,-10,0.44,10,-10,500,-500,-0.2827869,20.32128,5.097917,0.6497636,2.299742,-2.988649,-1.1629,0
-8.532136,-4.372658,3.866953,10,7.532982,-10,0.44,10,-10,500,-500,-1.615259,20.34498,3.660422,1.044275,1.660868,-2.192066,-1.71512,0
-7.218319,-3.752116,6.490934,10,-2.533735,-10,0.44,10,-10,500,-500,-1.535003,20.24841,3.641638,0.9297869,1.524348,-2.062015,-1.594163,0
-8.270997,-2.516103,5.567273,10,-10,-10,0.44,10,-10,500,-500,-1.089174,20.13515,3.993826,0.7534149,1.591592,-2.177462,-1.369588,0
-10.24518,0.1016898,0.5710378,10,-10,-10,0.44,10,-10,500,-500,-0.8813437,19.99862,4.106498,0.7209381,1.630803,-2.238344,-1.315441,0
-6.892507,5.187024,-4.744361,10,-10,-10,0.44,10,-10,500,-500,-0.762368,19.85804,4.127031,0.7104282,1.625503,-2.244848,-1.293126,0
-1.119682,9.537084,-3.299695,9.204765,-10,-10,0.44,10,-10,500,-500,-0.6759462,19.71734,4.114886,0.6942292,1.618072,-2.218586,-1.295759,0
-1.633798,8.956608,4.244461,-0.02263355,-10,-10,0.44,10,-10,500,-500,-0.6671865,19.57745,4.089353,0.5341512,1.751443,-2.037351,-1.450286,0
-3.049236,6.163815,7.94878,-9.734522,-10,-10,0.44,10,-10,500,-500,-0.7563893,19.4373,4.070114,0.358392,1.901963,-1.845651,-1.616748,0
-0.4922734,8.203299,6.077917,-10,-10,-10,0.44,10,-10,500,-500,-0.8556844,19.27684,4.06877,0.3360217,1.900371,-1.822167,-1.616269,0
-0.4452556,9.422642,-3.252926,-10,-9.864555,-10,0.44,10,-10,500,-500,-0.9508762,19.13694,4.081921,0.317107,1.904852,-1.814149,-1.609853,0
-0.0962446,-1.116086,-9.418109,-10,-3.989119,-10,0.44,10,-10,500,-500,-1.051589,19.01908,4.075952,0.3697219,1.965754,-1.861818,-1.675702,0
2.52053,-9.261629,-2.281981,-10,5.675332,-10,0.44,10,-10,500,-500,-1.162077,18.9444,4.000238,0.4882042,2.03596,-1.917565,-1.808642,0
-2.562488,-10.03665,-0.009223953,-10,10,-10,0.44,10,-10,500,-500,-1.272758,18.88841,3.870583,0.5639424,2.018873,-1.885872,-1.898987,0
-1.147366,-10.04183,-0.5103333,-10,10,-10,0.44,10,-10,500,-500,-1.375603,18.81879,3.747938,0.5886458,1.955797,-1.808953,-1.937532,0
2.867663,-10.03789,0.396198,-9.357727,10,-10,0.44,10,-10,500,-500,-1.466705,18.73719,3.632785,0.6230155,1.885512,-1.747908,-1.962663,0
4.322394,-8.559945,-3.050789,-1.958071,10,-10,0.44,10,-10,500,-500,-1.493794,18.64664,3.52362,0.7825372,1.708138,-1.816977,-1.875741,0
-1.105413,-9.144359,-4.772843,6.38922,10,-10,0.44,10,-10,500,-500,-1.425094,18.55579,3.41286,0.9665102,1.510781,-1.909175,-1.770159,0
-2.262831,-9.865203,-0.8850268,10,10,-10,0.44,10,-10,500,-500,-1.290092,18.475,3.291328,1.078872,1.386518,-1.920838,-1.746596,0
0.6813536,-10.64321,-0.151289,10,10,-10,0.44,10,-10,500,-500,-1.137857,18.41114,3.15538,1.138049,1.317934,-1.867369,-1.790656,0
2.636915,-10.30055,-1.089889,10,10,-10,0.44,10,-10,500,-500,-0.9727325,18.36752,3.006548,1.205311,1.244246,-1.811311,-1.840289,0
2.126259,-10.48163,0.01993822,10,6.576725,-10,0.44,10,-10,500,-500,-0.8067147,18.33383,2.866446,1.239118,1.128388,-1.72903,-1.840518,0
-1.748039,-10.12581,-0.6721417,10,-0.06091905,-10,0.44,10,-10,500,-500,-0.6580878,18.27469,2.770115,1.216088,0.993235,-1.626183,-1.785184,0
-2.970125,-5.394327,-4.675834,10,-6.602293,-10,0.44,10,-10,500,-500,-0.5218103,18.17616,2.705577,1.174888,0.8726176,-1.531506,-1.718043,0.2665444
3.438901,5.903248,-4.760108,10,-10,-10,0.44,10,-10,500,-500,-0.3843562,18.04402,2.648603,1.163064,0.7884625,-1.472475,-1.681095,1
6.788101,13.58813,-0.8903352,10,-10,-10,0.44,10,-10,500,-500,-0.2159404,17.91693,2.557375,1.20915,0.7236553,-1.44297,-1.691879,1
2.528087,15.2511,8.113602,8.917143,-10,-10,0.44,10,-10,500,-500,-0.002384251,17.80279,2.412344,1.267779,0.6482109,-1.381428,-1.736605,1
-1.26277,6.762537,13.27601,4.100973,-10,-10,0.44,10,-10,500,-500,0.2465884,17.70971,2.190609,1.305046,0.5972334,-1.234967,-1.869355,1
4.043547,0.3770258,13.68718,-1.647495,-10,-10,0.44,10,-10,500,-500,0.5328192,17.64667,1.876457,1.361421,0.5315704,-1.03104,-2.063995,1
11.12803,3.302973,12.1124,-7.043591,-10,-10,0.44,10,-10,500,-500,0.8435582,17.62271,1.482967,1.451208,0.4421929,-0.7947844,-2.300659,1
11.96647,13.36986,7.880438,-10,-10,-10,0.44,10,-10,500,-500,1.133767,17.6419,1.073314,1.624481,0.3418327,-0.628624,-2.539733,1
0.4422524,14.65878,4.71339,-10,-9.64954,-10,0.44,10,-10,500,-500,1.357534,17.69882,0.7254573,1.831963,0.2334551,-0.5478755,-2.719585,1
-3.64611,4.167518,1.40185,-10,-6.193725,-10,0.44,10,-10,500,-500,1.447317,17.78376,0.5161625,1.993712,0.2091204,-0.5362058,-2.86867,1
3.331913,-3.83988,2.958813,-10,-2.795003,-10,0.44,10,-10,500,-500,1.431378,17.87863,0.4192133,2.083608,0.2179335,-0.5457707,-2.957814,1
1.940753,-2.573627,9.966032,-10,2.591688,-10,0.44,10,-10,500,-500,1.340901,17.97954,0.408153,2.152407,0.2853016,-0.6054049,-3.034347,1
-4.280139,2.4895,5.092858,-10,9.079355,-10,0.44,10,-10,500,-500,1.189228,18.0967,0.4778534,2.197147,0.4025866,-0.7078984,-3.093879,1
-0.7088247,2.28614,-2.328482,-10,10,-10,0.44,10,-10,500,-500,1.044613,18.2284,0.544893,2.176433,0.4515864,-0.7427322,-3.087331,1
4.72978,-1.702882,-0.08664849,-10,10,-10,0.44,10,-10,500,-500,0.9232101,18.36579,0.5829108,2.16073,0.4790771,-0.7585306,-3.08332,1
5.604469,-4.162745,6.723083,-9.83462,10,-10,0.44,10,-10,500,-500,0.8163896,18.50594,0.5998262,2.15989,0.4967958,-0.7717063,-3.087023,1
10.08629,-1.559953,10.73612,-8.381396,10,-10,0.44,10,-10,500,-500,0.7280767,18.64693,0.6005911,2.190529,0.4867886,-0.802979,-3.076382,1
14.15256,1.075976,5.630561,-6.290339,10,-10,0.44,10,-10,500,-500,0.6612741,18.78752,0.5894086,2.23952,0.4611773,-0.8427045,-3.060036,1
11.45871,2.065047,-1.706659,-3.954974,10,-10,0.44,10,-10,500,-500,0.6164221,18.92718,0.5697645,2.29827,0.4275783,-0.8851773,-3.042714,1
5.378819,1.14834,-3.977399,-1.984919,10,-10,0.44,10,-10,500,-500,0.5891824,19.06597,0.5443723,2.35472,0.3974034,-0.9205886,-3.033579,1
1.274891,-0.4000875,-1.778401,-0.691084,10,-10,0.44,10,-10,500,-500,0.5721998,19.2041,0.5148569,2.402316,0.3768426,-0.9437281,-3.037474,1
0.5692096,-2.513032,1.197935,-0.1315584,10,-10,0.44,10,-10,500,-500,0.5572814,19.34177,0.4815642,2.438593,0.3666156,-0.9524194,-3.054833,1
2.748741,-3.88927,4.211137,-0.1137966,10,-10,0.44,10,-10,500,-500,0.5373297,19.47893,0.4434035,2.46445,0.3609651,-0.9466558,-3.080802,1
5.798511,-4.359878,5.333395,-0.5349472,10,-10,0.44,10,-10,500,-500,0.5049227,19.61531,0.3975322,2.485253,0.3602523,-0.9294511,-3.118098,1
10.32408,-2.786062,5.915172,-1.099753,10,-10,0.44,10,-10,500,-500,0.4528599,19.75026,0.3383693,2.507878,0.3575072,-0.9030544,-3.164374,1
13.82823,0.7888888,5.514978,-1.495372,9.632858,-10,0.44,10,-10,500,-500,0.3706632,19.88059,0.2540134,2.537606,0.3387121,-0.862886,-3.215476,1
15.31358,6.156001,5.535875,-1.329105,8.415105,-10,0.44,10,-10,500,-500,0.2385794,19.99588,0.1192339,2.584223,0.281656,-0.7978261,-3.270096,1
13.78213,11.27752,6.889026,-0.3490888,7.35158,-10,0.44,10,-10,500,-500,0.03184418,20.08875,-0.09791231,2.674202,0.181408,-0.7078804,-3.349773,1
10.45172,14.14836,8.550293,1.365857,7.186592,-10,0.44,10,-10,500,-500,-0.278619,20.15586,-0.4335425,2.806437,0.05534426,-0.562016,-3.501809,1
6.895917,14.33459,9.580183,3.543176,7.838301,-10,0.44,10,-157.7099,467.5032,-500,-0.7152244,20.18877,-0.9153713,2.984335,-0.1030294,-0.340676,-3.742673,1
3.962329,8.965178,5.438457,5.228324,9.170748,-10,0.44,10,-456.8699,160.2571,-500,-1.218695,20.17247,-1.483978,3.217532,-0.3086224,-0.1027318,-4.008221,1
-0.1187582,7.451456,14.0361,5.222814,9.348621,-10,0.44,10,-500,10,-500,-1.594507,20.09847,-1.923699,3.354476,-0.4910334,0.1246725,-4.190159,1
-1.735546,1.017497,11.01199,6.283203,9.187729,-10,0.44,10,-500,10,-500,-1.768805,19.99199,-2.173645,3.425086,-0.6412916,0.261166,-4.247004,1
2.183961,-3.359018,7.774822,6.20977,8.902896,-10,0.44,10,-500,10,-500,-1.840679,19.87492,-2.323793,3.450348,-0.7270495,0.3603137,-4.285656,1
6.667849,-4.218617,3.6435,5.424922,8.143796,-10,0.44,10,-500,10,-500,-1.866113,19.75592,-2.421252,3.445374,-0.7803655,0.4460413,-4.313094,1
10.00179,-1.631124,0.4444488,4.658509,7.001389,-10,0.44,10,-500,10,-500,-1.86653,19.63903,-2.48465,3.428088,-0.8212124,0.5158583,-4.324778,1
10.52592,1.784906,-2.526363,4.290135,5.728697,-10,0.44,10,-500,10,-500,-1.850577,19.52586,-2.524646,3.410467,-0.8584132,0.5666193,-4.320716,1
9.038485,5.06166,-4.1828,4.410327,4.47379,-10,0.44,10,-500,10,-500,-1.82138,19.41666,-2.548415,3.397623,-0.8955467,0.599158,-4.303278,1
6.700504,8.141815,-4.560569,5.00789,3.355932,-10,0.44,10,-500,10,-500,-1.779789,19.31087,-2.561475,3.392237,-0.9340419,0.6153662,-4.275604,1
3.993319,10.63847,-3.792102,6.090534,2.39163,-10,0.44,10,-500,10,-500,-1.724595,19.20762,-2.568313,3.395962,-0.9763753,0.6173068,-4.238937,1
2.448421,13.37058,-1.22487,7.51908,1.467516,-10,0.44,10,-500,10,-500,-1.654088,19.10616,-2.571611,3.406005,-1.023036,0.609997,-4.19501,1
1.619937,14.609,1.175571,9.245691,0.4474555,-10,0.44,10,-500,10,-500,-1.566139,19.00581,-2.572541,3.420449,-1.075541,0.5963239,-4.143275,1
2.851474,15.8399,3.883917,10,-0.8600537,-10,0.44,10,-500,10,-500,-1.465977,18.90557,-2.570526,3.414984,-1.113903,0.6001189,-4.103243,1
5.983598,15.85514,5.064638,10,-2.668029,-10,0.44,10,-500,10,-500,-1.365572,18.80342,-2.56209,3.389067,-1.141859,0.6190449,-4.068297,1
9.287689,14.9763,3.483688,10,-4.9657,-10,0.44,10,-500,10,-500,-1.266876,18.69593,-2.542717,3.353965,-1.169858,0.6380948,-4.024246,1
10.07304,13.18279,0.1711404,10,-7.446403,-10,0.44,10,-500,10,-500,-1.172659,18.57922,-2.510289,3.312085,-1.193421,0.6531059,-3.973813,1
8.290986,11.03165,-2.977396,10,-9.628135,-10,0.44,10,-500,10,-500,-1.085562,18.45075,-2.466316,3.269006,-1.207916,0.6597501,-3.922883,1
6.528372,10.04076,-4.149869,10,-10,-10,0.44,10,-500,10,-500,-1.002856,18.31517,-2.424091,3.246162,-1.203222,0.6476059,-3.892589,1
6.591819,10.72311,-3.537059,10,-10,-10,0.44,10,-500,10,-500,-0.9196913,18.17689,-2.392071,3.230414,-1.200034,0.6368221,-3.869246,1
7.69151,11.81086,-2.653969,10,-10,-10,0.44,10,-500,10,-500,-0.8322873,18.03684,-2.372034,3.218346,-1.203671,0.6322877,-3.849006,1
7.841131,12.86974,-0.9342457,9.310458,-10,-10,0.44,10,-500,10,-500,-0.7389712,17.89598,-2.368109,3.199578,-1.204656,0.6478041,-3.84477,0.7167861
10.32074,13.40565,1.52665,8.167041,-10,-10,0.44,10,-500,10,-500,-0.6374097,17.7555,-2.387961,3.180589,-1.211152,0.6832421,-3.854722,1
11.19016,14.03621,5.000144,7.057653,-10,-10,0.44,10,-500,10,-500,-0.5080003,17.61697,-2.449386,3.176201,-1.24193,0.7385262,-3.87484,1
10.40774,13.91158,8.371184,5.92547,-10,-10,0.44,10,-500,10,-500,-0.2941155,17.48369,-2.607671,3.20768,-1.326059,0.8382004,-3.921865,1
8.506323,12.75501,12.40402,4.644001,-10,-10,0.44,10,-500,10,-500,0.2559531,17.36787,-3.114238,3.415864,-1.563943,1.049753,-4.103717,1
3.694834,9.751967,14.90919,2.950859,-10,-10,0.44,10,-500,10,-500,2.077966,17.34496,-4.906188,4.324616,-2.443808,1.62579,-4.708642,1
-2.040066,4.532409,12.50955,0.5233188,-10,-10,0.44,10,-500,10,-500,2.422527,17.47912,-5.238465,4.476014,-2.527658,1.749714,-4.900114,1
-2.479418,-0.4674489,7.297697,-2.680779,-10,-10,0.44,10,-500,10,-500,2.368227,17.61983,-5.201572,4.410817,-2.450701,1.784341,-4.946501,1
1.340786,-3.005583,5.115507,-6.450354,-10,-10,0.44,10,-500,10,-500,2.311501,17.76076,-5.199703,4.354634,-2.374166,1.838975,-5.021487,1
2.325895,-4.205654,3.92465,-9.85526,-10,-10,0.44,10,-500,10,-500,2.234297,17.90142,-5.216155,4.313259,-2.308028,1.893983,-5.101257,1
0.5654606,-2.863253,3.703518,-10,-10,-10,0.44,10,-500,10,-500,2.158936,18.041,-5.247544,4.335345,-2.30191,1.897905,-5.133383,1
-3.673751,1.361566,3.393934,-10,-10,-10,0.44,10,-500,10,-500,2.087612,18.17877,-5.288834,4.365285,-2.301445,1.902178,-5.168062,1
-4.806837,8.707835,4.757909,-10,-9.802525,-10,0.44,10,-500,10,-500,2.015933,18.31366,-5.336645,4.400679,-2.300807,1.9064,-5.208315,1
-0.3209354,14.47288,5.643936,-10,-6.966967,-10,0.44,10,-500,10,-500,1.932745,18.43728,-5.370879,4.456964,-2.26664,1.878481,-5.270848,1
6.44158,15.84141,4.554904,-10,-4.072672,-10,0.44,10,-500,10,-500,1.837313,18.54742,-5.382751,4.50017,-2.225537,1.845111,-5.321788,1
11.41234,13.13209,2.116882,-10,-2.12076,-10,0.44,10,-500,10,-500,1.73751,18.65074,-5.38342,4.52595,-2.191972,1.819885,-5.355907,1
14.2214,8.539556,1.071745,-10,-0.777577,-10,0.44,10,-500,10,-500,1.636855,18.75137,-5.379856,4.542304,-2.164117,1.800579,-5.380808,1
14.45281,3.186484,1.783047,-10,0.3757063,-10,0.44,10,-500,10,-500,1.536445,18.85136,-5.374831,4.555644,-2.137978,1.783074,-5.402784,1
11.9527,-1.742898,3.761636,-10,1.765295,-10,0.44,10,-500,10,-500,1.436655,18.95216,-5.366904,4.570125,-2.108252,1.762027,-5.425943,1
6.663609,-4.185987,5.257469,-10,3.762853,-10,0.44,10,-500,10,-500,1.338764,19.05618,-5.351039,4.587468,-2.069186,1.731537,-5.451862,1
0.0566698,-2.579725,2.559232,-10,6.59827,-10,0.44,10,-500,10,-500,1.246312,19.16792,-5.319249,4.606499,-2.015745,1.686166,-5.478963,1
-0.9395719,4.133994,-2.259433,-10,9.576374,-10,0.44,10,-500,10,-500,1.164404,19.29222,-5.266674,4.617452,-1.954252,1.631649,-5.496893,1
3.367217,11.6246,-2.589938,-10,10,-10,0.44,10,-500,10,-500,1.089601,19.42433,-5.211223,4.599051,-1.920445,1.604104,-5.484753,1
5.559203,15.20747,1.590258,-10,10,-10,0.44,10,-500,10,-500,1.01683,19.55973,-5.163262,4.580246,-1.893395,1.583169,-5.472064,1
5.328608,15.69107,3.371627,-10,10,-10,0.44,10,-500,10,-500,0.9437132,19.69764,-5.123311,4.56589,-1.86841,1.564422,-5.463945,1
5.240866,15.18639,1.531255,-8.748419,10,-10,0.44,10,-500,10,-500,0.8742636,19.83734,-5.093133,4.578389,-1.86761,1.526919,-5.439741,1
1.901904,12.43688,-1.670175,-5.574106,10,-10,0.44,10,-500,10,-500,0.8269231,19.978,-5.07375,4.630679,-1.903849,1.458568,-5.387441,1
-3.88474,7.609387,0.5296223,-2.394632,10,-10,0.44,10,-500,10,-500,0.8052965,20.11898,-5.062722,4.688974,-1.944049,1.391135,-5.338103,1
-4.184229,2.913783,7.848033,0.2840412,10,-10,0.44,10,-500,10,-500,0.8108698,20.26002,-5.053526,4.741259,-1.977795,1.33123,-5.296738,1
1.028626,-0.6273494,12.29338,2.191851,10,-10,0.44,10,-500,10,-500,0.8854862,20.401,-4.996416,4.758914,-1.988066,1.266254,-5.239145,1
7.231919,-1.841479,11.59717,3.532855,10,-10,0.44,10,-500,10,-500,0.6173046,20.54027,-5.296838,4.938512,-2.074559,1.335583,-5.40158,1
12.17969,-0.7273062,7.599714,4.762343,10,-10,0.44,10,-500,10,-500,0.7917585,20.68002,-5.166233,4.910238,-2.057931,1.255638,-5.309989,1
13.7382,2.710166,1.006912,6.173954,10,-10,0.44,10,-500,10,-500,0.8433728,20.82104,-5.173205,4.952215,-2.077466,1.21944,-5.296232,1
7.447396,8.297297,-3.763988,8.189168,10,-10,0.44,10,-500,10,-500,0.8996526,20.96175,-5.195642,5.013043,-2.112096,1.177202,-5.280192,1
1.397051,13.55884,-0.4790479,10,10,-10,0.44,10,-500,10,-500,0.9692841,21.10161,-5.228538,5.07676,-2.147127,1.140742,-5.272418,1
3.008342,16.19271,4.443332,10,10,-10,0.44,10,-500,10,-500,1.037799,21.23987,-5.270756,5.114553,-2.154113,1.137929,-5.300413,1
3.724314,16.33004,5.065419,10,10,-10,0.44,10,-500,10,-500,1.105807,21.37591,-5.319984,5.155997,-2.163278,1.137276,-5.332038,1
-0.1013735,14.7697,3.472163,10,10,-10,0.44,10,-500,10,-500,1.175699,21.5091,-5.375435,5.200747,-2.174584,1.138473,-5.366679,1
-2.62527,8.924004,-0.6394318,10,10,-10,0.44,10,-500,10,-500,1.24923,21.63868,-5.437207,5.248882,-2.188233,1.14152,-5.404212,1
0.461704,0.5982664,-1.559583,10,8.403332,-10,0.44,10,-500,10,-500,1.330593,21.7611,-5.496312,5.277536,-2.220128,1.161841,-5.421294,1
4.4312,-4.063293,3.526426,10,4.993378,-10,0.44,10,-500,10,-500,1.423255,21.87172,-5.532576,5.273278,-2.267384,1.196146,-5.404085,1
6.212533,-2.670475,10.72465,10,1.298678,-10,0.44,10,-500,10,-500,1.522282,21.97407,-5.542332,5.251369,-2.311155,1.226139,-5.368397,1
4.769626,2.091918,14.80393,10,-2.174137,-10,0.44,10,-500,10,-500,1.622145,22.07409,-5.526809,5.218307,-2.34534,1.246338,-5.321349,1
3.049875,8.887258,15.18976,10,-5.144384,-10,0.44,10,-500,10,-500,1.718233,22.17743,-5.490317,5.179694,-2.367388,1.254715,-5.269064,1
2.956495,14.32151,10.92599,10,-7.821548,-10,0.44,10,-500,10,-500,1.806768,22.28827,-5.435977,5.134903,-2.380075,1.25448,-5.211352,1
5.662702,16.14145,4.061634,10,-10,-10,0.44,10,-500,10,-500,1.884374,22.40919,-5.36569,5.087254,-2.381266,1.243891,-5.151922,1
7.971803,10.17927,-3.037014,10,-10,-10,0.44,10,-500,10,-500,1.955145,22.53606,-5.297601,5.065398,-2.357795,1.209328,-5.118976,1
6.816442,-0.6935847,-1.617073,10,-10,-10,0.44,10,-500,10,-500,2.021389,22.6669,-5.235121,5.046677,-2.335404,1.17628,-5.089596,1
5.551145,-2.473445,9.881443,10,-10,-10,0.44,10,-500,10,-500,2.08425,22.80087,-5.177557,5.030744,-2.313988,1.144516,-5.063314,1
6.75187,8.951962,14.19287,10,-10,-10,0.44,10,-500,10,-500,2.144959,22.93731,-5.124511,5.017417,-2.293537,1.11389,-5.039813,1
3.923912,15.2335,4.228842,10,-10,-10,0.44,10,-500,10,-500,2.20509,23.07563,-5.076118,5.006816,-2.274218,1.084392,-5.019033,1
-4.513047,4.929904,-2.095333,10,-10,-10,0.44,10,-500,10,-500,2.267335,23.21533,-5.033773,4.999787,-2.256646,1.056335,-5.001519,0
1.562962,-1.904936,4.565452,9.918778,-10,-10,0.44,10,-500,10,-500,2.338313,23.35591,-5.003316,4.998363,-2.241617,1.032523,-4.991313,0
4.52394,-0.3753764,7.882146,8.093088,-10,-10,0.44,10,-500,10,-500,2.441907,23.4968,-5.019463,4.993986,-2.212551,1.050279,-5.033757,0
2.109329,-2.208432,6.958192,5.953185,-10,-10,0.44,10,-500,10,-500,2.908989,23.62974,-5.421669,5.217736,-2.305981,1.159793,-5.273591,0
4.484638,-1.825988,2.964961,3.387427,-10,-10,0.44,10,-500,10,-500,2.343998,23.75377,-4.814595,4.832919,-2.040266,1.041595,-5.036291,0
8.554095,5.189668,9.634567,-0.598232,-10,-10,0.44,10,-500,10,-500,2.3512,23.89472,-4.817593,4.778898,-1.965482,1.098099,-5.11356,0
0.25768,12.49602,12.72632,-3.107439,-10,-10,0.44,10,-500,10,-500,2.327064,24.03566,-4.81986,4.747928,-1.913748,1.130947,-5.167171,0
-6.931604,12.38912,7.586245,-4.597153,-10,-10,0.44,10,-500,10,-500,2.293225,24.17653,-4.829296,4.736712,-1.88178,1.149983,-5.206959,0
-6.95637,6.421056,-1.554531,-7.072056,-10,-10,0.44,10,-500,10,-500,2.242402,24.31712,-4.84557,4.710554,-1.834912,1.189625,-5.267311,0
1.778679,-0.7708228,-2.045231,-9.959625,-10,-10,0.44,10,-500,10,-500,2.16649,24.45688,-4.870718,4.679534,-1.783303,1.241483,-5.339757,0
4.692724,-2.845479,3.364957,-10,-10,-10,0.44,10,-500,10,-500,2.08773,24.5948,-4.90658,4.701865,-1.783736,1.248866,-5.36904,0
8.91102,1.952204,7.040767,-10,-10,-10,0.44,10,-500,10,-500,2.009309,24.73005,-4.951689,4.7328,-1.78455,1.255309,-5.405602,0
6.129224,13.18768,7.611332,-10,-10,-10,0.44,10,-500,10,-500,1.928495,24.86176,-5.005374,4.767949,-1.787896,1.264642,-5.446738,0
-3.985162,14.4199,2.756624,-10,-10,-10,0.44,10,-500,10,-500,1.843066,24.98893,-5.067828,4.807226,-1.793764,1.277113,-5.492619,0
-9.039161,6.012909,0.8476652,-10,-10,-10,0.44,10,-500,10,-500,1.750975,25.11035,-5.139799,4.850861,-1.802307,1.293113,-5.54371,0
-3.005113,-3.690756,4.629257,-10,-10,-10,0.44,10,-500,10,-500,1.650213,25.2245,-5.222422,4.899255,-1.813827,1.31318,-5.60065,0
8.024311,1.604205,1.129651,-10,-10,-10,0.44,10,-500,10,-500,1.538803,25.32951,-5.317042,4.952869,-1.828744,1.337966,-5.664135,0
4.656927,13.80423,1.181594,-10,-9.309062,-10,0.44,10,-500,10,-500,1.415912,25.42357,-5.421454,5.018047,-1.838781,1.359304,-5.740613,0
-3.260509,15.27465,8.556064,-10,-4.232097,-10,0.44,10,-500,10,-500,1.29267,25.51232,-5.498103,5.117165,-1.791693,1.323697,-5.851212,0
-7.975379,6.875714,11.3641,-10,1.455099,-10,0.44,10,-500,10,-500,1.180297,25.60841,-5.530684,5.200562,-1.724905,1.267295,-5.944996,0
-5.323341,-2.038493,8.945799,-10,6.93348,-10,0.44,10,-500,10,-500,1.086564,25.72291,-5.518536,5.259966,-1.647038,1.197826,-6.012796,0
3.702369,-3.385758,3.80425,-10,10,-10,0.44,10,-500,10,-500,1.011638,25.85641,-5.475581,5.278118,-1.586927,1.144081,-6.037315,0
8.873952,8.221433,3.969924,-10,10,-10,0.44,10,-500,10,-500,0.9385853,25.99447,-5.436108,5.263975,-1.562127,1.125517,-6.029408,0
-2.999338,13.36444,1.99411,-10,10,-10,0.44,10,-500,10,-500,0.8613251,26.13427,-5.406734,5.255087,-1.539878,1.110066,-6.027318,0
-2.076765,-1.511859,2.268276,-10,10,-10,0.44,10,-500,10,-500,0.7729732,26.27508,-5.392917,5.253959,-1.521413,1.099745,-6.034335,0
-1.667784,9.97049,9.873822,-10,10,-10,0.44,10,-500,10,-500,0.6567018,26.41592,-5.410171,5.267917,-1.510338,1.100085,-6.059707,0
3.988514,3.558535,3.137682,-10,10,-10,0.44,10,-500,10,-500,0.4517375,26.55463,-5.517962,5.325234,-1.52072,1.132081,-6.138638,0
-5.394299,3.968287,7.852895,-10,10,-10,0.44,10,-500,10,-500,-0.4329843,26.68003,-6.305666,5.621747,-1.735509,1.488251,-6.576533,0
-1.500472,3.376809,2.48882,-10,10,-10,0.44,10,-145.2553,476.9203,-500,3.987973,26.65384,-1.785109,3.918025,-0.07370635,-0.5537102,-4.492652,0
-2.485288,10.42505,2.576243,-10,10,-10,0.44,10,-193.1564,500,-500,3.752944,26.52259,-1.91844,3.952945,-0.1261861,-0.4781541,-4.550648,0
0.8419538,0.6160707,10.97073,-7.806326,10,-10,0.44,10,-176.6735,500,-500,3.780634,26.38347,-1.802481,3.948998,-0.1154181,-0.5702888,-4.465334,0
3.534507,2.360251,1.39581,-7.000702,10,-10,0.44,10,-168.4524,500,-500,3.766493,26.24405,-1.740088,3.932058,-0.1100473,-0.605047,-4.419007,0
-4.568313,6.330084,6.872039,-5.181394,10,-10,0.44,10,-201.6968,500,-500,3.754352,26.10495,-1.690411,3.933285,-0.1317654,-0.6474357,-4.356127,0
2.095533,1.585929,5.741608,-1.794164,10,-10,0.44,10,-282.2755,500,-500,3.760558,25.96606,-1.648498,3.965466,-0.1844062,-0.7143465,-4.268757,0
-1.412585,10.70148,2.421257,0.79162,10,-10,0.44,10,-349.4798,500,-500,3.787737,25.82688,-1.615482,3.988866,-0.2283097,-0.7651025,-4.197497,0
-0.1774582,4.306648,4.73394,3.843441,10,-10,0.44,10,-436.3654,500,-500,3.832706,25.68707,-1.591769,4.025032,-0.2850707,-0.8209165,-4.121088,0
-4.393319,-0.1495486,1.756755,6.346519,10,-10,0.44,10,-500,500,-500,3.89992,25.54651,-1.578548,4.057437,-0.3381837,-0.8642774,-4.05702,0
2.437524,2.831054,8.038651,9.89122,10,-10,0.44,10,-500,500,-500,3.990866,25.40552,-1.577069,4.113791,-0.4153079,-0.921857,-3.97867,0
2.646584,7.653558,6.107183,10,10,-10,0.44,10,-500,500,-500,4.088434,25.26505,-1.589409,4.117854,-0.4400628,-0.9156948,-3.964139,0
-4.403576,-1.322201,-2.608483,10,10,-10,0.44,10,-500,500,-500,4.186394,25.12642,-1.615178,4.125842,-0.4684724,-0.9023299,-3.957083,0
-0.3130664,2.988192,9.141934,10,10,-10,0.44,10,-500,500,-500,4.28845,24.991,-1.654442,4.139944,-0.5025241,-0.883899,-3.955564,0
-1.079274,8.796447,-1.089437,10,10,-10,0.44,10,-500,500,-500,4.3983,24.86038,-1.708351,4.160968,-0.5427906,-0.8602538,-3.959967,0
-2.334108,10.96359,17.12886,10,10,-10,0.44,10,-500,500,-500,4.519937,24.73655,-1.779047,4.188756,-0.5916654,-0.8294636,-3.96967,0
-1.473595,14.70082,-5.971588,10,10,-10,0.44,10,-500,500,-500,4.657786,24.62214,-1.869561,4.217402,-0.6580815,-0.7831115,-3.978253,0
-6.132354,-4.808573,-3.02612,10,10,-10,0.44,10,-500,500,-500,4.816533,24.52063,-1.983478,4.254633,-0.7378345,-0.7259522,-3.99289,0
4.501866,-8.476552,4.091007,10,10,-10,0.44,10,-500,500,-500,5.000246,24.43655,-2.123976,4.30199,-0.8325028,-0.6568934,-4.014637,0
0.8191344,-0.01333427,-8.028459,10,6.865644,-10,0.44,10,-500,500,-500,5.194541,24.36783,-2.26799,4.316722,-0.9641217,-0.5522972,-4.002346,0
-12.16773,11.60523,1.358808,10,2.606488,-10,0.44,10,-500,500,-500,5.374747,24.29845,-2.381602,4.309384,-1.091239,-0.4508218,-3.969367,0
-2.76121,20.45668,9.057055,10,0.1973016,-10,0.44,10,-500,500,-500,5.556372,24.22729,-2.489757,4.321636,-1.194609,-0.3734579,-3.955612,0
-6.262848,12.56697,9.154432,10,-3.303627,-10,0.44,10,-500,436.3975,-500,5.740927,24.14591,-2.595403,4.320807,-1.309521,-0.2850917,-3.928238,0
2.634224,0.9076818,5.841375,10,-7.155054,-10,0.44,10,-500,300.6779,-500,5.936998,24.04461,-2.708443,4.325807,-1.426245,-0.1964282,-3.905177,0
2.829155,-1.884388,2.597612,10,-10,-10,0.44,10,-500,162.8292,-500,6.181028,23.92414,-2.867781,4.367778,-1.550026,-0.1063738,-3.913422,0
1.082681,-3.689038,8.625865,10,-10,-10,0.44,10,-500,26.65911,-500,6.569298,23.8238,-3.172087,4.511651,-1.708681,0.001899019,-4.006913,0
-2.607091,-1.261304,1.289209,10,-10,-10,0.44,10,-500,10,-500,7.194903,23.77572,-3.713317,4.8063,-2.010413,0.1557061,-4.153636,0
6.726221,4.271195,9.923992,10,-10,-10,0.44,10,-500,10,-500,7.884454,23.81781,-4.3168,5.149366,-2.347279,0.3126798,-4.316811,0
-8.959928,6.88826,7.988809,10,-10,-10,0.44,10,-500,10,-500,8.282188,23.93004,-4.625635,5.313108,-2.494488,0.404835,-4.425498,0
-2.883591,5.373725,-3.249173,10,-10,-10,0.44,10,-500,10,-500,8.483529,24.06445,-4.734826,5.384837,-2.546416,0.423581,-4.464046,0
6.181201,0.1433366,-0.2950338,10,-10,-10,0.44,10,-500,10,-500,8.612845,24.20428,-4.768257,5.421597,-2.562577,0.4145207,-4.475585,0
2.2763,-4.013231,5.61519,9.489905,-10,-10,0.44,10,-500,10,-500,8.710561,24.34515,-4.767972,5.434062,-2.55429,0.4018208,-4.483635,0
-0.06484258,-0.8508421,-1.543142,5.461817,-10,-10,0.44,10,-500,10,-500,8.76457,24.48548,-4.750475,5.377048,-2.476604,0.444337,-4.546824,0
5.563672,12.93364,2.6526,2.578962,-10,-10,0.44,10,-500,10,-500,8.782804,24.62515,-4.727334,5.335137,-2.414118,0.4670723,-4.590136,0
-3.564707,4.327167,-1.520023,0.710743,-10,-10,0.44,10,-500,10,-500,8.785007,24.76454,-4.703819,5.309422,-2.367868,0.4733032,-4.6169,0
4.660121,3.540707,3.166025,-2.064936,-10,-10,0.44,10,-500,10,-500,8.763227,24.90401,-4.682208,5.267694,-2.305595,0.4971246,-4.661268,0
1.936646,5.653711,3.43962,-3.72948,-10,-10,0.44,10,-500,10,-500,8.728476,25.04394,-4.664965,5.245975,-2.263261,0.5045575,-4.689315,0
1.620727,11.91813,3.507864,-7.655376,-10,-10,0.44,10,-500,10,-500,8.659907,25.18444,-4.653993,5.186461,-2.183051,0.5549782,-4.760433,0
-2.787403,4.380784,0.02005556,-9.757691,-10,-10,0.44,10,-500,10,-500,8.566271,25.32532,-4.653743,5.160641,-2.136476,0.5805922,-4.8068,0
-1.788806,6.432713,1.410842,-10,-10,-10,0.44,10,-500,10,-500,8.462858,25.46556,-4.667529,5.167751,-2.122928,0.5849047,-4.831771,0
0.5470579,9.25078,3.854726,-10,-10,-10,0.44,10,-500,10,-500,8.351712,25.6036,-4.697662,5.184106,-2.118947,0.5935178,-4.860721,0
-1.514817,0.273834,0.04222977,-10,-10,-10,0.44,10,-500,10,-500,8.227211,25.73755,-4.747619,5.207614,-2.122723,0.6114026,-4.898337,0
-0.5189863,3.260004,5.291589,-10,-10,-10,0.44,10,-500,10,-500,8.081906,25.86473,-4.823146,5.240041,-2.136413,0.6415583,-4.947229,0
-3.964688,4.839137,4.33764,-10,-10,-10,0.44,10,-500,10,-500,7.905756,25.98123,-4.932878,5.28768,-2.159735,0.6848412,-5.01483,0
-0.2511922,11.28765,11.33696,-10,-10,-10,0.44,10,-500,10,-500,7.686171,26.08101,-5.088207,5.365062,-2.186174,0.7361636,-5.117095,0
-0.2656248,-3.503378,4.448967,-10,-10,-10,0.44,10,-500,10,-500,7.411633,26.15514,-5.299605,5.46835,-2.226937,0.8080367,-5.251493,0
-0.6269162,7.338976,-4.125616,-10,-10,-10,0.44,10,-500,10,-500,7.083864,26.19218,-5.564422,5.594751,-2.282819,0.9010608,-5.415036,0
0.2599361,15.76852,3.785434,-10,-9.868348,-10,0.44,10,-500,10,-500,6.735155,26.18316,-5.84943,5.719921,-2.354288,1.012045,-5.579721,0
-6.223448,12.6284,9.601164,-10,-7.38875,-10,0.44,10,-500,10,-500,6.423985,26.14392,-6.093909,5.828605,-2.412916,1.105934,-5.723666,0
-9.46211,3.900192,4.14472,-10,-3.697241,-10,0.44,10,-500,10,-500,6.161507,26.10562,-6.286705,5.932351,-2.439175,1.161937,-5.857156,0
-2.2657,-3.506448,2.679265,-10,-0.2506519,-10,0.44,10,-500,10,-500,5.921273,26.07692,-6.457191,6.024948,-2.458388,1.210602,-5.979204,0
-6.028715,0.4544997,9.052913,-10,3.057711,-10,0.44,10,-500,10,-500,5.683629,26.05585,-6.627774,6.10526,-2.467303,1.271635,-6.111635,0
-3.74141,13.95361,2.34147,-10,6.414298,-10,0.44,10,-500,10,-500,5.435147,26.03773,-6.814555,6.187536,-2.476665,1.344123,-6.257038,0
-6.189113,4.955276,3.013931,-10,9.234764,-10,0.44,10,-500,10,-500,5.17254,26.01071,-7.022182,6.268627,-2.498221,1.435069,-6.407517,0
-3.787844,1.099063,4.32169,-10,10,-10,0.44,10,-500,10,-500,4.919842,25.9567,-7.222347,6.323148,-2.543466,1.546403,-6.528128,0
-7.520765,11.10965,3.585441,-10,10,-10,0.44,10,-500,10,-500,4.701818,25.87297,-7.385752,6.360472,-2.593125,1.644475,-6.613865,0
-4.295667,10.57131,7.942899,-10,10,-10,0.44,10,-500,10,-500,4.520182,25.76755,-7.509741,6.393783,-2.641966,1.713899,-6.667758,0
4.345967,13.93866,5.774086,-10,10,-10,0.44,10,-500,10,-500,4.368586,25.64753,-7.599751,6.413643,-2.679509,1.76862,-6.704799,0
1.286394,12.23513,0.3200407,-10,10,-10,0.44,10,-500,10,-500,4.239007,25.51802,-7.662705,6.422845,-2.707787,1.811582,-6.728683,0
-7.68369,5.939054,5.648505,-10,10,-10,0.44,10,-500,10,-500,4.12435,25.38255,-7.704303,6.423604,-2.728503,1.84529,-6.742435,0
1.73852,-0.8061484,11.7295,-10,10,-10,0.44,10,-500,10,-500,4.018882,25.24357,-7.728462,6.417399,-2.742774,1.871512,-6.748182,0
8.153122,1.010262,4.265912,-10,10,-10,0.44,10,-500,10,-500,3.917903,25.10288,-7.737471,6.405047,-2.751147,1.891328,-6.747273,0
3.060272,12.4125,0.8596015,-10,10,-10,0.44,10,-500,10,-500,3.817264,24.962,-7.732211,6.38679,-2.753643,1.905228,-6.740419,0
0.8564165,4.560359,11.78168,-9.45551,10,-10,0.44,10,-500,10,-500,3.715987,24.82237,-7.712296,6.371784,-2.759206,1.903732,-6.718354,0
-2.330836,7.228915,2.930802,-7.365335,10,-10,0.44,10,-500,10,-500,3.624928,24.68534,-7.676936,6.37746,-2.785068,1.868758,-6.663194,0
-0.05728811,8.872484,4.888751,-5.18016,10,-10,0.44,10,-500,10,-500,3.542822,24.55178,-7.625767,6.378966,-2.80625,1.824854,-6.599614,0
4.670156,2.1987,6.169646,-2.356616,10,-10,0.44,10,-500,10,-500,3.472659,24.42219,-7.55749,6.38522,-2.831594,1.762027,-6.517697,0
-1.010691,6.119257,7.068813,0.564525,10,-10,0.44,10,-500,10,-500,3.411188,24.29666,-7.469912,6.385929,-2.850795,1.68875,-6.425927,0
2.823204,1.068349,1.458754,2.213599,10,-10,0.44,10,-500,10,-500,3.346356,24.17524,-7.358531,6.356289,-2.839043,1.6261,-6.345391,0
-1.090295,-1.147112,3.687216,3.765405,10,-10,0.44,10,-500,10,-500,3.255649,24.05926,-7.212023,6.319839,-2.819679,1.541156,-6.243361,0
-1.542175,9.634357,7.605493,5.716075,10,-10,0.44,10,-500,10,-500,3.126532,23.95174,-7.008679,6.27278,-2.788458,1.419728,-6.106093,0
-0.6729012,8.463713,4.714077,8.836864,10,-10,0.44,10,-500,10,-500,2.927629,23.85852,-6.709414,6.212471,-2.741881,1.232068,-5.904702,0
1.418317,-2.995818,2.24858,10,10,-10,0.44,10,-500,10,-500,2.588681,23.79176,-6.253056,6.040195,-2.57944,1.026212,-5.689011,0
2.037857,0.2289977,-1.295063,10,10,-10,0.44,10,-500,10,-500,2.074098,23.7767,-5.622839,5.730032,-2.3091,0.8141832,-5.437159,0
-2.525424,-2.004237,-4.122941,10,10,-10,0.44,10,-500,10,-500,1.612416,23.83259,-5.046643,5.398542,-2.110843,0.6682433,-5.157987,0
-0.3018887,5.920548,-1.280266,10,10,-10,0.44,10,-500,10,-500,1.387616,23.93488,-4.707469,5.236291,-1.966584,0.5494587,-5.021209,0
3.049093,-7.946939,2.890327,10,10,-10,0.44,10,-500,10,-500,1.305136,24.05333,-4.509239,5.158216,-1.871061,0.463282,-4.952481,0
4.614292,6.776414,5.173154,10,10,-10,0.44,10,-500,10,-500,1.284812,24.17649,-4.370317,5.108582,-1.803283,0.3978076,-4.905149,0
-3.742654,7.623803,-4.277169,10,10,-10,0.44,10,-500,10,-500,1.29524,24.30043,-4.257953,5.071751,-1.748193,0.3415354,-4.867136,0
-6.898163,-3.339694,-5.141424,10,10,-10,0.44,10,-500,10,-500,1.323812,24.42332,-4.1582,5.036484,-1.694823,0.2941478,-4.837852,0
-1.884193,-10.01991,-0.5359765,10,9.747261,-10,0.44,10,-500,10,-500,1.365831,24.54366,-4.065594,4.998074,-1.644377,0.2558258,-4.811565,0
3.87801,-8.52106,-3.71302,10,7.805926,-10,0.44,10,-500,10,-500,1.426545,24.65775,-3.991606,4.950497,-1.623709,0.2420975,-4.770928,0
-4.188302,-3.430778,-7.814369,10,5.989329,-10,0.44,10,-500,10,-500,1.502387,24.76508,-3.935495,4.913687,-1.611995,0.2324146,-4.73615,0
-6.533451,3.910192,4.802452,10,4.779851,-10,0.44,10,-500,10,-500,1.586303,24.8675,-3.886926,4.887612,-1.598069,0.2182451,-4.709831,0
2.811504,9.619238,2.147568,10,3.077097,-10,0.44,10,-500,10,-500,1.676837,24.96628,-3.846643,4.860299,-1.594547,0.2121808,-4.679976,0
1.875506,2.226757,-2.116998,10,0.9133563,-10,0.44,10,-500,10,-500,1.772971,25.06378,-3.818729,4.834321,-1.602931,0.2150297,-4.648463,0
5.651364,-5.507023,0.1774662,10,-1.26685,-10,0.44,10,-500,10,-500,1.872514,25.16327,-3.804361,4.81541,-1.618458,0.2220356,-4.62103,0
0.9933237,2.815946,4.857921,10,-2.715519,-10,0.44,10,-500,10,-500,1.97327,25.26557,-3.794067,4.807085,-1.627686,0.2218303,-4.603272,0
-2.242657,3.834214,-1.886984,10,-5.229044,-10,0.44,10,-500,10,-500,2.073256,25.37622,-3.795296,4.793219,-1.654121,0.2367148,-4.577856,0
2.475358,-2.974077,1.015584,10,-6.132191,-10,0.44,10,-500,10,-500,2.173539,25.49208,-3.795329,4.797284,-1.661455,0.232677,-4.570549,0
-4.26251,-4.784615,-0.970719,10,-7.518255,-10,0.44,10,-500,10,-500,2.274414,25.61476,-3.793716,4.795607,-1.672919,0.2330175,-4.557749,0
0.3472118,-2.473086,1.920413,10,-9.307841,-10,0.44,10,-500,10,-500,2.375478,25.74781,-3.792075,4.790147,-1.688158,0.2371175,-4.54115,0
3.304867,-1.317447,0.6287775,10,-10,-10,0.44,10,-500,10,-500,2.482134,25.88737,-3.781794,4.793427,-1.686465,0.2253186,-4.534324,0
2.64046,7.72494,0.6151625,10,-10,-10,0.44,10,-500,10,-500,2.605542,26.02643,-3.749606,4.794219,-1.666772,0.1978559,-4.527347,0
-3.461805,3.578904,-4.661251,10,-10,-10,0.44,10,-500,10,-500,2.760617,26.16136,-3.68158,4.778198,-1.630873,0.1575116,-4.506879,0
5.980723,6.997952,2.401643,10,-10,-9.794544,0.44,10,-500,10,-500,2.973612,26.2875,-3.552948,4.7257,-1.559793,0.08685479,-4.454805,0
1.207008,8.4189,-3.476321,10,-10,-9.078501,0.44,10,-500,148.2791,-500,3.284729,26.39536,-3.325698,4.558421,-1.376626,-0.09686843,-4.28697,0
0.9463682,-3.09111,1.786927,10,-10,-8.781614,0.44,10,-500,471.4848,-500,3.764111,26.46889,-2.930874,4.370886,-1.178258,-0.3449894,-4.049682,0
-6.776027,-3.871611,-1.584123,10,-10,-8.82176,0.44,10,-500,500,-500,4.424456,26.4771,-2.356036,4.202016,-0.9403537,-0.657723,-3.805982,0
-2.08085,0.5427617,-3.449672,10,-10,-9.679503,0.44,10,-500,500,-500,4.972032,26.402,-1.895874,4.143308,-0.7782999,-0.8818272,-3.685224,0
-2.824136,2.991696,2.186884,10,-10,-9.720737,0.44,10,-500,500,-500,5.257294,26.27888,-1.700995,4.135214,-0.7584456,-0.934007,-3.644805,0
1.403556,0.184288,2.879821,10,-10,-9.362038,0.44,10,-500,500,-500,5.418923,26.144,-1.633066,4.109924,-0.7530234,-0.9577447,-3.601199,0
1.544119,-5.343837,4.651584,10,-10,-8.806438,0.44,10,-500,500,-500,5.539291,26.01075,-1.60901,3.977553,-0.6402827,-1.084125,-3.455188,0
-5.905043,3.929527,-7.988802,10,-10,-7.865448,0.44,10,-500,500,-500,5.643804,25.88202,-1.603442,3.879488,-0.5611812,-1.17507,-3.34528,0
1.980171,-14.39361,0.5574384,9.10973,-10,-7.20396,0.44,10,-500,500,-500,5.735034,25.75713,-1.609624,3.823386,-0.5234771,-1.192805,-3.309147,0
10.40912,-11.31246,0.6609544,6.377294,-10,-6.469865,0.44,10,-500,500,-500,5.799645,25.63675,-1.620289,3.636858,-0.354683,-1.275901,-3.208318,0
8.047405,-12.01593,-0.2602524,3.596139,-10,-5.922294,0.44,10,-432.7064,500,-500,5.837412,25.51965,-1.632573,3.547604,-0.2826803,-1.257505,-3.209463,0
-8.313025,-4.617728,2.662436,0.9421998,-10,-4.756557,0.44,10,-216.0953,500,-500,5.849386,25.40627,-1.640563,3.389394,-0.1411717,-1.310022,-3.140243,0
-5.07246,7.623682,1.583811,1.865316,-10,-4.844732,0.44,10,-49.26511,500,-500,5.865091,25.29767,-1.639024,3.25893,-0.0267058,-1.457694,-2.976573,0
1.07506,8.054527,0.8572137,3.046094,-10,-7.591499,0.44,10,-478.534,500,-500,5.891331,25.18307,-1.653613,3.590051,-0.37471,-1.15286,-3.264524,0
-5.211619,11.67003,5.342629,4.002,-10,-10,0.44,10,-500,500,-500,5.928517,25.05844,-1.697428,3.944707,-0.7477256,-0.8166001,-3.582425,0
-10.27311,-2.138864,8.912812,5.310276,-10,-10,0.44,10,-500,500,-500,5.987084,24.93104,-1.759968,4.07927,-0.9022162,-0.7132835,-3.665813,0
-7.071472,-12.58136,4.34941,3.059927,-10,-10,0.44,10,-500,500,-500,6.041576,24.80802,-1.83012,4.049124,-0.9037927,-0.6412737,-3.706101,0
-12.39796,-6.56287,2.220705,0.2452079,-10,-10,0.44,10,-500,500,-500,6.077988,24.68841,-1.909688,4.009166,-0.9003974,-0.5529742,-3.757838,0
-3.417821,11.73408,0.7710397,-0.2478114,-10,-10,0.44,10,-500,500,-500,6.115842,24.57145,-1.998439,4.027783,-0.9578477,-0.4830297,-3.788949,0
3.500032,-6.191116,8.765335,0.4382719,-10,-9.698651,0.44,10,-500,500,-500,6.174519,24.45805,-2.098652,4.052768,-1.024334,-0.4465491,-3.783928,0
2.330547,0.1925237,-4.890745,-0.4866826,-10,-9.28041,0.44,10,-500,500,-500,6.245184,24.3506,-2.209391,3.972358,-0.9873744,-0.460028,-3.727,0
1.069684,-5.721169,-1.763342,-1.453623,-10,-9.466273,0.44,10,-500,484.0666,-500,6.329004,24.24966,-2.342144,4.02342,-1.086272,-0.3377108,-3.80148,0
-0.7747378,6.260449,-4.104667,-0.1564758,-10,-8.931184,0.44,10,-500,469.8713,-500,6.449703,24.15736,-2.504504,4.059081,-1.17486,-0.3069596,-3.779305,0
-3.042788,7.065164,2.630394,-0.4714967,-10,-8.274096,0.44,10,-500,438.0085,-500,6.609203,24.07776,-2.698728,4.043406,-1.203025,-0.2861441,-3.75628,0
3.964703,3.352014,-1.036273,-1.270785,-10,-6.672771,0.44,10,-500,500,-500,6.79581,24.01275,-2.923035,3.964949,-1.134145,-0.3489605,-3.683887,0
-3.582713,1.032315,1.111278,-2.032271,-10,-7.749664,0.44,10,-500,364.4333,-500,7.015814,23.96629,-3.187042,4.067994,-1.244034,-0.2380787,-3.787925,0
-0.2706792,-1.655779,-4.627627,-3.434228,-10,-7.164803,0.44,10,-500,150.9702,-500,7.276894,23.95062,-3.504605,4.21806,-1.396408,-0.09862649,-3.925069,0
1.228318,2.313727,5.914495,-4.853042,-10,-6.884219,0.44,10,-500,11.86728,-500,7.524848,23.96391,-3.822996,4.364358,-1.540749,0.006022776,-4.031675,0
3.090778,-8.727122,1.062664,-6.090392,-10,-6.022946,0.44,10,-500,69.47013,-500,7.728336,23.99891,-4.10716,4.351814,-1.52305,-0.04538376,-3.985425,0
-0.6604229,-1.720821,8.463298,-7.586569,-10,-6.307333,0.44,10,-500,10,-500,7.871986,24.05076,-4.347325,4.462893,-1.626489,0.07326145,-4.111709,0
-4.007618,-4.368729,-5.337933,-8.499504,-10,-6.838247,0.44,10,-500,10,-500,7.963934,24.12022,-4.546689,4.60503,-1.758393,0.2258254,-4.274505,0
2.743621,-8.94059,-0.5875637,-9.966695,-10,-6.923529,0.44,10,-500,10,-500,8.006204,24.20119,-4.711843,4.685912,-1.827346,0.339936,-4.400545,0
-4.860415,1.622457,-0.2700174,-10,-10,-6.935797,0.44,10,-500,10,-500,8.018833,24.28514,-4.854434,4.749542,-1.87861,0.3909028,-4.463877,0
0.9661924,-10.16909,0.2453968,-10,-10,-6.91004,0.44,10,-500,10,-500,8.012929,24.37007,-4.982395,4.827174,-1.924715,0.4376762,-4.54218,0
3.599492,-6.466273,1.163776,-10,-10,-8.096354,0.44,10,-500,10,-500,7.992697,24.4565,-5.100549,4.94515,-2.002255,0.517509,-4.662447,0
-5.267981,0.05260515,2.368082,-10,-10,-8.437738,0.44,10,-500,10,-500,7.959558,24.5528,-5.210748,5.159593,-2.175914,0.6949233,-4.880646,0
-2.295408,-1.804615,-2.801688,-10,-10,-8.496498,0.44,10,-500,10,-500,7.91594,24.64699,-5.317677,5.213544,-2.189803,0.713755,-4.93954,0
3.503529,-5.008035,-5.095954,-10,-10,-8.399212,0.44,10,-500,10,-500,7.863247,24.73674,-5.423844,5.257041,-2.193988,0.7239107,-4.989008,0
8.122669,-1.696869,-0.7649221,-10,-10,-8.584769,0.44,10,-500,10,-500,7.802412,24.82083,-5.531087,5.334728,-2.233117,0.7699343,-5.073588,0
-0.2463022,8.959226,4.715967,-10,-10,-9.045356,0.44,10,-500,10,-500,7.733853,24.90144,-5.640808,5.437731,-2.297964,0.8425501,-5.18436,0
2.862035,9.341228,1.445779,-10,-10,-9.038132,0.44,10,-500,10,-500,7.657584,24.97778,-5.754256,5.524386,-2.347297,0.9005257,-5.279659,0
0.9730636,6.642865,8.310829,-10,-10,-8.977474,0.44,10,-500,10,-500,7.573605,25.04432,-5.871703,5.565889,-2.370987,0.933732,-5.330678,0
-6.116866,4.012687,7.519591,-10,-10,-8.991287,0.44,10,-500,10,-500,7.482487,25.10043,-5.993567,5.614864,-2.411697,0.9847676,-5.389978,0
-8.072495,4.588479,5.217205,-10,-9.428144,-8.972691,0.44,10,-500,10,-500,7.378679,25.12086,-6.116892,5.66693,-2.447875,1.032709,-5.453808,0
-6.621691,7.041607,3.586493,-10,-7.68584,-8.945723,0.44,10,-500,10,-500,7.278852,25.16111,-6.230533,5.728002,-2.463784,1.05993,-5.526192,0
-1.046338,10.09386,1.24535,-10,-6.42238,-8.939823,0.44,10,-500,10,-500,7.174833,25.19739,-6.335998,5.780728,-2.482714,1.090647,-5.590704,0
1.473626,7.145654,-6.337029,-10,-5.809566,-8.965316,0.44,10,-500,10,-500,7.067291,25.22733,-6.439143,5.828285,-2.512061,1.13218,-5.650448,0
-3.320793,-4.159259,-8.151587,-9.992217,-5.146558,-9.021093,0.44,10,-500,10,-500,6.957013,25.25052,-6.541442,5.873151,-2.53858,1.182865,-5.719479,0
4.242774,-3.984773,-2.084318,-10,-4.590559,-9.040566,0.44,10,-500,10,-500,6.84462,25.26811,-6.642146,5.913779,-2.564096,1.23957,-5.791296,0
8.099163,1.029179,5.80543,-10,-4.703907,-8.941297,0.44,10,-500,10,-500,6.730554,25.27355,-6.744367,5.92912,-2.581189,1.288605,-5.838578,0
-2.517559,-0.560687,3.637384,-10,-4.139406,-8.728811,0.44,10,-500,10,-500,6.616579,25.27032,-6.843856,5.941093,-2.580926,1.320105,-5.882315,0
-3.825086,-7.00468,2.390164,-10,-3.385425,-8.652217,0.44,10,-500,10,-500,6.503762,25.26301,-6.937865,5.949114,-2.573046,1.342951,-5.921063,0
-1.980049,0.08367229,-3.784514,-10,-3.125505,-9.104345,0.44,10,-500,10,-500,6.391784,25.24971,-7.031573,6.022155,-2.642193,1.442633,-6.024639,0
-4.682005,0.3535392,5.416515,-10,-2.740511,-9.230984,0.44,10,-500,10,-500,6.281169,25.22876,-7.125896,6.06866,-2.683114,1.513848,-6.101438,0
-2.317035,8.322915,1.236851,-10,-1.854513,-9.277699,0.44,10,-500,10,-500,6.172795,25.20517,-7.218242,6.11588,-2.713858,1.573904,-6.177969,0
-6.385982,-6.665872,1.989554,-10,-0.4275839,-9.025697,0.44,10,-500,10,-500,6.066701,25.18439,-7.308552,6.134894,-2.7038,1.592026,-6.225163,0
0.2027072,-6.617808,-6.384836,-10,0.2810995,-8.802287,0.44,10,-500,10,-500,5.962544,25.16464,-7.395641,6.129901,-2.685758,1.594244,-6.24043,0
-5.030638,4.791674,-6.618066,-10,1.313578,-8.692205,0.44,10,-500,10,-500,5.860203,25.14422,-7.481597,6.158396,-2.694011,1.614094,-6.280523,0
-0.9719941,9.976648,-0.1604241,-10,2.511754,-8.486732,0.44,10,-500,10,-500,5.75952,25.12714,-7.569055,6.178722,-2.689873,1.621365,-6.312259,0
5.423176,8.380735,-0.2017975,-9.570867,2.698681,-8.228729,0.44,10,-500,10,-500,5.662759,25.10662,-7.654702,6.185196,-2.69516,1.623008,-6.315087,0
9.099207,4.253183,-2.144006,-8.394827,2.080724,-7.960443,0.44,10,-500,10,-500,5.57888,25.07615,-7.733239,6.191482,-2.71985,1.617168,-6.290843,0
10.00624,-0.2935607,-3.183001,-8.081992,1.196588,-7.732106,0.44,10,-500,10,-500,5.495733,25.01057,-7.80164,6.174869,-2.732806,1.628896,-6.273002,0
8.054356,-5.585545,-3.391118,-8.669403,0.3952,-7.536156,0.44,10,-500,10,-500,5.418694,24.95951,-7.859265,6.145232,-2.728739,1.653556,-6.272093,0
3.838122,-9.605049,-1.101132,-9.834509,-9.965489e-05,-7.386784,0.44,10,-500,10,-500,5.332115,24.90212,-7.907928,6.112527,-2.71339,1.687682,-6.288862,0
-3.553939,-9.323888,1.084525,-10,0.4454876,-7.263848,0.44,10,-500,10,-500,5.242968,24.84297,-7.952817,6.106815,-2.706357,1.696385,-6.298887,0
-9.605363,-0.7460392,-0.5794366,-10,1.966993,-7.157639,0.44,10,-500,10,-500,5.158251,24.78721,-8.003835,6.123618,-2.697112,1.69674,-6.325289,0
-1.533093,9.478927,-0.05655861,-10,3.420651,-6.958385,0.44,10,-500,10,-500,5.079869,24.73546,-8.065505,6.134912,-2.689132,1.697642,-6.345465,0
4.913339,-2.252265,6.384326,-10,3.430767,-6.666348,0.44,10,-500,10,-500,5.004156,24.6831,-8.126661,6.110854,-2.686533,1.703622,-6.329987,0
-1.285218,0.2156518,-4.237281,-10,3.514161,-6.526183,0.44,10,-500,10,-500,4.929426,24.62887,-8.183372,6.093098,-2.688073,1.713631,-6.320699,0
6.937186,1.270145,4.664973,-10,4.263471,-6.231396,0.44,10,-500,10,-500,4.859197,24.57381,-8.243594,6.088687,-2.689144,1.722659,-6.324246,0
-3.497899,-2.358671,4.61811,-10,4.81476,-5.832079,0.44,10,-500,10,-500,4.794549,24.51874,-8.308964,6.075628,-2.687461,1.728303,-6.318513,0
-1.425787,5.387,-0.2068221,-10,4.451565,-4.922827,0.44,10,-500,10,-500,4.729171,24.4678,-8.368069,5.952801,-2.594645,1.642895,-6.203095,0
0.5104114,2.566283,-0.5387121,-10,5.157716,-5.361023,0.44,10,-500,10,-500,4.670177,24.41772,-8.433647,5.98331,-2.632639,1.687574,-6.240289,0
-0.994774,7.904934,0.1001608,-10,5.315475,-5.271298,0.44,10,-500,10,-500,4.613468,24.36175,-8.498692,6.009231,-2.679197,1.740559,-6.272636,0
-5.742836,-6.940587,2.600672,-10,6.51658,-4.833141,0.44,10,-500,10,-500,4.569368,24.30379,-8.577729,6.01606,-2.686895,1.753254,-6.284462,0
6.745422,-6.835279,1.758442,-10,6.709989,-4.340068,0.44,10,-500,10,-500,4.536181,24.24822,-8.667297,5.957598,-2.654093,1.724213,-6.229761,0
7.600645,5.034915,5.347443,-10,5.951296,-4.282699,0.44,10,-500,10,-500,4.50164,24.1948,-8.751143,5.949184,-2.690816,1.764849,-6.225261,0
0.8367291,10.17695,0.9226139,-9.932711,5.578591,-4.266275,0.44,10,-500,10,-500,4.465405,24.14077,-8.829136,5.96533,-2.741759,1.817608,-6.243223,0
-1.743233,9.040351,-4.479551,-8.461954,5.771217,-4.064137,0.44,10,-500,10,-500,4.445971,24.08587,-8.91214,5.993476,-2.791883,1.819865,-6.223502,0
-1.764872,6.023668,-7.94214,-6.912603,6.104421,-3.756497,0.44,10,-500,10,-500,4.458377,24.03207,-9.009569,6.024073,-2.827772,1.801604,-6.199948,0
-0.9160864,3.927468,-9.159234,-5.874294,6.37075,-3.414838,0.44,10,-500,10,-500,4.503581,23.98178,-9.127959,6.051348,-2.856459,1.789821,-6.186754,0
-0.6347595,2.544463,-9.904115,-5.168275,6.54332,-3.073187,0.44,10,-500,10,-500,4.583069,23.93738,-9.272586,6.083123,-2.890888,1.791209,-6.185487,0
-0.2673887,2.505062,-9.598499,-4.607141,6.669941,-2.733883,0.44,10,-500,10,-500,4.699543,23.90147,-9.448041,6.128488,-2.938691,1.80671,-6.19855,0
-0.7710391,2.803942,-9.58065,-4.050268,6.799417,-2.407096,0.44,10,-500,10,-500,4.854048,23.87712,-9.655817,6.195194,-3.006069,1.830444,-6.221612,0
-1.741712,3.734632,-9.203409,-3.370822,6.994275,-2.09479,0.44,10,-500,10,-500,5.041612,23.86762,-9.890149,6.297461,-3.105347,1.842707,-6.236864,0
-2.544019,5.720827,-7.468059,-2.453398,7.312591,-1.803434,0.44,10,-500,10,-500,5.247704,23.87601,-10.13459,6.416383,-3.215866,1.851936,-6.254497,0
-3.902317,7.435863,-5.611332,-1.213981,7.760024,-1.560424,0.44,10,-500,10,-500,5.451119,23.90394,-10.36508,6.540974,-3.326267,1.853652,-6.270402,0
-3.37121,9.299356,-2.429094,0.3840686,8.234532,-1.381233,0.44,10,-500,10,-500,5.634447,23.95059,-10.56064,6.654438,-3.422173,1.851157,-6.285465,0
0.9156647,10.14904,-0.129644,2.20398,8.397599,-1.273483,0.44,10,-500,10,-500,5.790027,24.01137,-10.71058,6.746758,-3.501869,1.851268,-6.298202,0
5.714879,7.396661,-3.887377,3.803298,7.899005,-1.201005,0.44,10,-500,10,-500,5.918285,24.07762,-10.81535,6.814008,-3.570586,1.851005,-6.296472,0
1.129534,-0.7120476,-9.131562,4.437057,7.322396,-1.105751,0.44,10,-500,10,-500,6.02276,24.14339,-10.88565,6.848042,-3.607915,1.854921,-6.297091,0
-1.687659,-9.452538,-2.004546,3.552952,7.546877,-1.019282,0.44,10,-500,10,-500,6.102701,24.213,-10.93536,6.85344,-3.598004,1.866048,-6.323528,0
3.994478,-1.112907,-6.841865,2.328694,7.172587,-0.8760149,0.44,10,-500,10,-500,6.156018,24.28316,-10.97048,6.839153,-3.58181,1.885489,-6.344876,0
1.766123,4.435642,-2.289211,3.250032,6.968875,-0.6979831,0.44,10,-500,10,-500,6.203121,24.35154,-10.9942,6.843341,-3.580512,1.847489,-6.312362,0
3.777418,-1.986942,-4.518615,2.907541,6.237376,-0.6026297,0.44,10,-500,10,-500,6.244514,24.41486,-11.00955,6.831855,-3.576169,1.850116,-6.307845,0
3.381976,1.366741,1.860385,3.143648,5.690435,-0.4917951,0.44,10,-500,10,-500,6.281698,24.47203,-11.01935,6.828266,-3.576476,1.83817,-6.292004,0
4.418607,1.942742,2.333538,3.498054,5.343277,-0.3764965,0.44,10,-500,10,-500,6.319963,24.52633,-11.02401,6.814836,-3.562864,1.808158,-6.262173,0
3.493588,-8.065096,5.47372,3.522055,5.591528,-0.0791453,0.44,10,-500,10,-500,6.354088,24.58186,-11.02418,6.806163,-3.54042,1.781029,-6.248816,0
-2.643785,-0.05578899,9.176025,3.962473,5.778076,0.04005665,0.44,10,-500,10,-500,6.390475,24.63824,-11.01904,6.789961,-3.511712,1.733205,-6.213498,0
-5.999352,-1.923203,1.39994,4.268458,6.472641,0.1567836,0.44,10,-500,10,-500,6.427851,24.70064,-11.00994,6.794324,-3.491242,1.698083,-6.203208,0
-8.096881,-4.022188,-0.7216065,3.099743,7.118999,0.263853,0.44,10,-500,10,-500,6.456479,24.76849,-10.99625,6.76967,-3.442037,1.68542,-6.215096,0
-1.809365,8.072061,5.802681,3.548762,8.045687,0.3702292,0.44,10,-500,10,-500,6.483538,24.8451,-10.97814,6.773932,-3.414145,1.639177,-6.201006,0
-3.639747,9.195799,-1.536431,5.196885,8.206865,0.4715982,0.44,10,-500,10,-500,6.525751,24.92347,-10.95646,6.788729,-3.413769,1.57791,-6.154914,0
-9.126005,1.869394,3.411026,6.194033,9.265474,0.5607752,0.44,10,-500,10,-500,6.581046,25.00825,-10.92847,6.805539,-3.394251,1.51818,-6.131512,0
-3.494418,-5.439072,8.142225,5.813007,10,0.6529355,0.44,10,-500,10,-500,6.637487,25.10009,-10.89231,6.790538,-3.349181,1.479685,-6.123086,0
2.12992,-9.23701,4.944504,4.499248,10,0.7474747,0.44,10,-500,10,-500,6.685998,25.19041,-10.85016,6.748145,-3.293481,1.463212,-6.11992,0
2.097786,-10.14974,1.0759,2.798788,9.967418,0.8472757,0.44,10,-500,10,-500,6.722289,25.2782,-10.80297,6.695985,-3.229122,1.45263,-6.121536,0
0.9919497,-10.19025,0.07076093,0.9934777,9.81986,0.9645094,0.44,10,-500,10,-500,6.745393,25.36275,-10.75194,6.636317,-3.160322,1.44267,-6.120708,0
-0.2718671,-10.42723,-1.378567,-0.8521669,9.803177,1.113911,0.44,10,-500,10,-500,6.755196,25.44524,-10.69733,6.571685,-3.083914,1.427981,-6.117796,0
-4.865301,-8.770573,1.230407,-2.597551,10,1.318435,0.44,10,-500,10,-500,6.75273,25.52792,-10.63845,6.502766,-2.998382,1.402147,-6.108574,0
5.570123,-0.8689947,3.307548,-3.609651,9.954437,1.53893,0.44,10,-500,10,-500,6.743778,25.61016,-10.57579,6.437053,-2.921581,1.360815,-6.07833,0
1.510016,7.072583,3.879928,-2.809014,9.991447,1.764498,0.44,10,-500,10,-500,6.744444,25.69165,-10.50908,6.401299,-2.87299,1.284892,-6.015245,0
0.1217741,2.351605,-4.870798,-3.344279,10,1.98008,0.44,10,-500,10,-500,6.75465,25.77232,-10.4361,6.339248,-2.798862,1.236228,-5.978658,0
-0.9500415,4.868293,1.265187,-3.907248,10,2.580342,0.44,10,-500,10,-500,6.766524,25.85075,-10.35375,6.237641,-2.685701,1.156191,-5.910176,0
3.459872,-5.825562,-1.359939,-4.698991,10,2.81571,0.44,10,-500,10,-500,6.78559,25.92597,-10.25855,6.132107,-2.569084,1.082575,-5.84764,0
-4.020264,8.844065,0.02752721,-4.382119,10,2.929409,0.44,10,-500,10,-500,6.817151,25.99886,-10.15165,6.069848,-2.496089,1.016129,-5.791932,0
-2.938882,9.758983,0.8717971,-2.829499,10,3.131432,0.44,10,-500,10,-500,6.879644,26.06807,-10.02928,6.025353,-2.441398,0.9257458,-5.711744,0
0.1197319,6.368628,7.759241,-1.713252,10,3.373436,0.44,10,-500,10,-500,6.978188,26.1303,-9.884373,5.951579,-2.358457,0.8222779,-5.617444,0
9.102287,3.332332,3.498682,-0.9899868,9.935954,3.65637,0.44,10,-500,10,-500,7.113726,26.18112,-9.711062,5.848983,-2.249816,0.7069892,-5.5082,0
8.585513,1.304655,-5.432849,-0.6250127,8.820388,3.83573,0.44,10,-500,10,-500,7.272862,26.21158,-9.520527,5.743076,-2.164543,0.605395,-5.385971,0
1.825077,0.1468722,-9.792233,-0.5951381,8.003602,3.949191,0.44,10,-500,10,-500,7.434932,26.21999,-9.330441,5.64858,-2.087202,0.5086713,-5.272093,0
-6.243917,-0.4296447,-7.832808,-0.8007945,8.338573,4.053071,0.44,10,-500,10,-500,7.599087,26.21283,-9.136697,5.564059,-1.996192,0.4060603,-5.175971,0
-9.863994,-0.2463181,1.548954,-1.126944,9.599377,4.192654,0.44,10,-500,10,-500,7.771137,26.19188,-8.929392,5.482678,-1.885659,0.2871343,-5.086197,0
1.876338,1.386015,8.866355,-1.308372,10,4.395795,0.44,10,-500,10,-500,7.934701,26.15326,-8.726215,5.403384,-1.762754,0.1518712,-4.994545,0
2.246842,5.23583,-5.271407,-0.9606974,9.579334,4.570086,0.44,10,-500,10,-500,8.06788,26.09781,-8.556044,5.335021,-1.668317,0.03050591,-4.899253,0
0.7653567,8.872923,-1.03442,0.1925896,9.731551,4.694772,0.44,10,-500,134.2073,-500,8.181572,26.02974,-8.414701,5.299241,-1.60228,-0.08767552,-4.81133,0
-0.5055265,3.088162,1.211588,-0.1620043,10,4.715723,0.44,10,-500,246.0582,-500,8.274195,25.9512,-8.295431,5.249978,-1.527634,-0.1607459,-4.763642,0
2.279277,2.622423,-0.03887281,0.9584494,9.648052,3.671152,0.44,10,-500,209.5821,-500,8.352057,25.87088,-8.194973,5.326562,-1.59843,-0.1369167,-4.79326,0
2.599308,2.633606,1.094518,1.662119,8.899858,3.34531,0.44,10,-500,172.9583,-500,8.420623,25.79613,-8.113975,5.374432,-1.65408,-0.112991,-4.809404,0
-2.233218,-8.868807,6.418724,0.9844939,9.147753,3.15203,0.44,10,-500,145.2587,-500,8.476447,25.71966,-8.042229,5.381002,-1.655433,-0.09489524,-4.832717,0
4.37225,-9.72031,-0.4359249,-0.8885407,8.828242,3.531714,0.44,10,-500,183.9602,-500,8.506742,25.64003,-7.979584,5.276464,-1.56982,-0.1201784,-4.78851,0
0.996971,-8.779931,-5.093351,-2.341156,8.489021,3.489484,0.44,10,-500,182.3574,-500,8.510909,25.56026,-7.927792,5.209143,-1.521888,-0.1191313,-4.770167,0
-3.986554,-7.608161,-4.70572,-3.879856,8.527376,3.535578,0.44,10,-500,147.1923,-500,8.496319,25.4814,-7.877619,5.167326,-1.490826,-0.09615841,-4.782385,0
-8.364037,-6.794126,0.2216926,-5.202182,9.264111,3.831193,0.44,10,-500,209.7945,-500,8.464127,25.39864,-7.824299,5.082165,-1.401265,-0.1370555,-4.745888,0
-9.283029,0.6221306,7.468525,-5.827768,10,4.389922,0.44,10,-500,297.6465,-500,8.421694,25.30992,-7.763905,5.002169,-1.317767,-0.1944478,-4.691997,0
-0.4943603,4.63551,5.732238,-5.782017,10,4.440732,0.44,10,-500,399.5345,-500,8.372905,25.21948,-7.702247,4.918312,-1.247234,-0.2610097,-4.612111,0
-3.291107,8.669466,1.663275,-5.414508,9.922619,5.541253,0.44,10,-500,482.8654,-500,8.321928,25.12926,-7.638775,4.81999,-1.163945,-0.3510337,-4.507055,0
-3.914231,-0.1866086,10.92849,-3.883264,10,6.569855,0.44,10,-500,500,-500,8.276508,25.03184,-7.576348,4.665709,-1.022273,-0.5396861,-4.305793,0
-5.669089,-3.552143,7.847212,-4.211229,10,7.179004,0.44,10,-500,500,-500,8.22829,24.92875,-7.512226,4.512786,-0.8845364,-0.6607942,-4.169499,0
1.560999,-7.998326,5.117134,-3.202034,10,6.491688,0.44,10,-500,500,-500,8.179041,24.82947,-7.441652,4.552955,-0.9393314,-0.6347743,-4.180893,0
2.838634,-2.419688,3.552378,-4.266501,10,6.1499,0.44,10,-500,500,-500,8.112987,24.73849,-7.362107,4.52438,-0.9241586,-0.6062244,-4.19604,0
5.681694,-6.97261,0.6516249,-5.51533,10,6.482972,0.44,10,-500,500,-500,8.025053,24.65384,-7.272664,4.464546,-0.8767937,-0.6121808,-4.177615,0
1.296136,14.9364,-1.43965,-5.170045,10,5.569011,0.44,10,-500,500,-500,7.9216,24.57768,-7.170979,4.462362,-0.8858302,-0.6226909,-4.155885,0
10.93938,10.13622,-2.034399,-3.054038,9.809837,3.864944,0.44,10,-500,500,-500,7.824964,24.52453,-7.056815,4.639065,-1.074645,-0.5174974,-4.248966,0
7.199105,3.721576,-12.60736,-3.400305,7.680479,2.430728,0.44,10,-500,462.3998,-500,7.733974,24.4968,-6.953578,4.790459,-1.278074,-0.3127021,-4.401725,0
-2.662389,-1.087354,-14.10158,-5.510282,5.516274,2.262289,0.44,10,-500,332.7253,-500,7.638391,24.48271,-6.876236,4.767958,-1.306383,-0.2173642,-4.446254,0
-9.171152,-4.08119,-9.567,-7.520034,4.830222,2.759372,0.44,10,-500,381.5981,-500,7.527206,24.47086,-6.808945,4.651388,-1.207009,-0.2492921,-4.397131,0
-12.28089,-7.142282,-0.6027963,-9.473679,5.156723,3.848801,0.44,10,-500,488.1425,-500,7.391885,24.45921,-6.735481,4.490211,-1.040196,-0.3489833,-4.303076,0
-7.093917,-10.47811,8.78647,-10,6.638827,5.651949,0.44,10,-500,500,-500,7.230681,24.44927,-6.63785,4.253206,-0.7712805,-0.6009721,-4.082997,0
5.9884,-11.14117,8.686663,-10,7.657269,6.885453,0.44,10,-500,500,-500,7.051031,24.44668,-6.51202,4.015775,-0.5112965,-0.8625317,-3.84399,0
8.839113,-8.57922,-6.986337,-10,6.135707,7.210401,0.44,10,-500,500,-500,6.871458,24.44955,-6.386394,3.870049,-0.3994102,-0.9582784,-3.714403,0
-8.389816,2.118217,-11.13421,-10,3.947141,7.800204,0.44,10,-472.8692,500,-500,6.701303,24.44839,-6.275376,3.744746,-0.3235625,-1.014845,-3.608382,0
-1.152396,12.62005,-1.656285,-10,3.676122,7.747519,0.44,10,-317.4991,500,-500,6.53005,24.4534,-6.162705,3.623236,-0.2074172,-1.111584,-3.506278,0
6.610705,10.78781,5.278992,-10,2.971934,6.028775,0.44,10,-479.5687,500,-500,6.369427,24.46963,-6.065952,3.74715,-0.3447986,-0.9560009,-3.648394,0
5.261541,2.446124,14.27046,-10,3.230097,5.764533,0.44,10,-500,500,-500,6.223742,24.4975,-5.991287,3.820133,-0.4078619,-0.8764288,-3.737885,0
-3.347295,-5.186604,14.41263,-9.002141,4.761316,6.129819,0.44,10,-497.625,500,-500,6.091549,24.54546,-5.925217,3.804856,-0.351039,-0.9522418,-3.703619,0
-4.411745,-9.987353,5.231813,-9.126936,6.510637,7.840901,0.44,10,-198.1202,500,-500,5.968958,24.61987,-5.863616,3.6336,-0.1294288,-1.155712,-3.550502,0
0.2312257,-10.15666,0.4306962,-10,6.974652,10,0.44,10,-10,500,-500,5.838591,24.71527,-5.796479,3.317949,0.2107261,-1.451372,-3.279346,0
0.9190124,-9.932851,-0.6037453,-10,5.931262,10,0.44,10,-10,500,-500,5.713014,24.8168,-5.72997,3.190681,0.3233534,-1.549769,-3.166308,0
8.456633,-4.203506,0.5757306,-10,3.244074,10,0.44,10,-10,500,-500,5.594913,24.90602,-5.667165,3.134205,0.3169081,-1.529941,-3.123216,0
3.391835,7.942492,4.997313,-10,2.349712,10,0.44,10,-10,500,-500,5.482258,24.98959,-5.606129,3.09828,0.3295507,-1.529818,-3.100057,0
-0.2805146,7.998313,-5.746593,-10,0.8914112,10,0.44,10,-10,500,-500,5.375319,25.07352,-5.548658,3.044127,0.3484077,-1.536556,-3.058021,0
-0.5581174,-3.136959,-9.333982,-10,-3.436487,10,0.44,10,-10,500,-500,5.272312,25.14088,-5.470708,2.952427,0.3320966,-1.508573,-2.977994,0
1.004504,-9.617933,0.9877144,-10,-6.342479,10,0.44,10,-10,500,-500,5.174575,25.19742,-5.369676,2.865757,0.3347354,-1.500136,-2.9024,0
8.542944,2.407215,1.974072,-10,-7.052543,10,0.44,10,-10,500,-500,5.082842,25.25939,-5.265708,2.798729,0.367048,-1.522054,-2.845767,0
0.8784951,10.08428,0.7174999,-10,-9.156462,10,0.44,10,-10,500,-500,4.999449,25.3239,-5.148952,2.710477,0.386347,-1.531903,-2.766964,0
0.1354762,9.958155,0.8926653,-9.744516,-9.820024,9.770602,0.44,10,-10,500,-500,4.925825,25.39467,-5.027445,2.651179,0.4095018,-1.555412,-2.707313,0
-8.50617,3.89513,3.678751,-8.235769,-8.946333,7.877537,0.44,10,-10,500,-500,4.870793,25.46531,-4.91408,2.792644,0.2758701,-1.466906,-2.803651,0
-7.999288,-6.243218,1.633495,-8.057621,-7.076108,8.096014,0.44,10,-10,500,-500,4.821471,25.53029,-4.824067,2.905833,0.2143683,-1.40588,-2.916365,0
0.2643778,-10.30857,0.7022989,-9.216008,-6.87333,9.962115,0.44,10,-10,500,-500,4.766166,25.61255,-4.741234,2.634772,0.5021138,-1.647923,-2.691005,0
4.636928,-5.348065,7.526193,-10,-6.779065,10,0.44,10,-10,500,-500,4.707065,25.71042,-4.658372,2.509214,0.6442122,-1.756635,-2.598834,0
-1.795598,1.207954,10.47188,-10,-4.180616,10,0.44,10,-10,500,-500,4.638768,25.81086,-4.601548,2.528673,0.6980623,-1.802746,-2.626032,0
-6.240557,4.881662,6.955189,-9.590284,-0.9752532,10,0.44,10,-10,500,-500,4.546912,25.91171,-4.59198,2.573946,0.7398268,-1.84805,-2.667767,0
-6.55205,7.310198,4.158937,-8.537601,1.360298,10,0.44,10,-10,500,-500,4.429486,26.008,-4.632054,2.62926,0.7512907,-1.882043,-2.700551,0
-5.950527,8.445331,1.988222,-7.290833,2.860909,8.587637,0.44,10,-10,500,-500,4.285366,26.09126,-4.718678,2.782948,0.6436598,-1.800524,-2.828126,0
-4.574145,9.419326,1.196656,-5.87736,3.852836,6.214435,0.44,10,-10,500,-500,4.125705,26.14309,-4.836193,3.157537,0.299043,-1.485934,-3.17269,0
-0.858022,12.53461,2.966536,-4.308754,4.566443,3.627256,0.44,10,-117.1133,500,-500,3.973262,26.15947,-4.960121,3.543178,-0.06223198,-1.160784,-3.522205,0.3999
3.515647,20.0136,5.355991,-2.564051,5.095901,1.101064,0.44,10,-500,500,-500,3.856568,26.14331,-5.061429,3.955439,-0.4393256,-0.8298615,-3.888295,1
7.685378,21.23967,2.87999,-0.2386979,5.003296,-0.4243431,0.44,10,-500,500,-500,3.792048,26.10696,-5.1279,4.255747,-0.7298259,-0.6112117,-4.116754,1
6.868799,18.42572,-3.643935,1.36222,3.825131,-1.885417,0.44,10,-500,500,-500,3.778311,26.06763,-5.157412,4.460208,-0.9588447,-0.435136,-4.268271,1
0.665347,14.96133,-6.268793,1.547212,2.548821,-2.67455,0.44,10,-500,439.6611,-500,3.796263,26.03125,-5.154754,4.58172,-1.115089,-0.2872237,-4.381451,1
-3.358446,12.55402,-1.26979,1.33284,2.312404,-3.24703,0.44,10,-500,344.936,-500,3.820545,25.9956,-5.141057,4.624974,-1.172425,-0.2253413,-4.429251,1
-4.305904,8.040908,8.48984,1.491339,3.313228,-4.143265,0.44,10,-500,196.0809,-500,3.845688,25.94936,-5.127299,4.742684,-1.277915,-0.1280966,-4.538716,1
6.73134,0.9867005,12.44507,1.341217,3.904156,-4.399377,0.44,10,-500,107.9225,-500,3.867769,25.89201,-5.116222,4.799732,-1.332899,-0.07050407,-4.598373,1
6.603863,-3.252783,4.945151,0.4794063,3.35086,-4.494673,0.44,10,-500,69.24742,-500,3.884726,25.8368,-5.102697,4.773578,-1.330748,-0.04523826,-4.599636,1
9.461024,-2.181454,4.800499,-0.919209,3.173327,-4.471161,0.44,10,-500,12.04651,-500,3.887628,25.78214,-5.088421,4.748939,-1.321742,-0.006960411,-4.622281,1
0.9233545,1.950611,-0.7184968,-1.444919,2.577512,-4.972307,0.44,10,-500,10,-500,3.886847,25.73206,-5.068332,4.735096,-1.333734,0.02301698,-4.626423,1
6.537988,12.3587,9.276717,-1.954738,3.743902,-5.221618,0.44,10,-500,10,-500,3.876041,25.671,-5.051517,4.800881,-1.386422,0.09428513,-4.710789,1
3.155241,7.056867,3.583889,-0.1442877,3.109755,-5.254541,0.44,10,-500,10,-500,3.881763,25.61192,-5.030806,4.813995,-1.427638,0.07322021,-4.661621,1
5.970601,8.704626,3.270639,-0.3879369,2.990733,-5.574908,0.44,10,-500,10,-500,3.888077,25.55378,-5.009586,4.796301,-1.42639,0.07955131,-4.651506,1
7.039791,7.573248,1.742209,-0.1577223,3.030254,-5.092113,0.44,10,-500,10,-500,3.894822,25.49427,-4.987703,4.805776,-1.449061,0.09362034,-4.65238,1
4.088768,8.254053,9.188608,-0.6000706,3.593699,-4.309622,0.44,10,-500,75.22875,-500,3.894599,25.4381,-4.976366,4.649653,-1.291211,-0.04914577,-4.511341,1
4.729165,5.792011,1.908433,-1.345576,3.843615,-4.436831,0.44,10,-500,78.26245,-500,3.881892,25.38054,-4.972435,4.617136,-1.26241,-0.05112763,-4.505642,1
5.164767,9.092026,5.392218,0.2015805,3.323339,-5.030379,0.44,10,-500,10,-500,3.884124,25.32378,-4.959441,4.725936,-1.394354,0.02789471,-4.56152,1
2.870003,-3.473938,3.133531,-0.3391358,2.876397,-4.96379,0.44,10,-500,10,-500,3.88723,25.26882,-4.941726,4.685124,-1.375894,0.02748961,-4.538764,1
2.245898,-3.511761,4.104862,-1.982857,3.140286,-4.833869,0.44,10,-500,10,-500,3.87331,25.21299,-4.926226,4.647764,-1.34399,0.05312037,-4.558938,1
4.701309,-2.229239,10.74552,-3.580448,3.81528,-4.706288,0.44,10,-500,10,-500,3.842122,25.15391,-4.914641,4.600613,-1.290598,0.05764931,-4.569707,1
11.79628,-1.676118,6.231532,-4.738555,3.281823,-4.464161,0.44,10,-500,10,-500,3.797541,25.0978,-4.901248,4.530088,-1.240352,0.05188023,-4.54366,1
9.216049,-2.902735,1.763491,-5.911429,2.478654,-4.304693,0.44,10,-500,10,-500,3.740556,25.05027,-4.881876,4.468622,-1.203974,0.0618874,-4.528579,1
6.09864,-4.037206,3.49081,-7.346674,2.185997,-4.14926,0.44,10,-500,10,-500,3.668646,25.00844,-4.858582,4.404054,-1.152159,0.06708056,-4.521019,1
3.67593,-3.656473,8.58876,-8.933213,2.337462,-3.946117,0.44,10,-500,10,-500,3.579898,24.96884,-4.833733,4.336174,-1.086701,0.0656901,-4.517207,1
1.371555,2.087331,14.03534,-9.985952,2.880599,-3.672112,0.44,10,-500,10,-500,3.477512,24.92856,-4.808993,4.275634,-1.019865,0.04629424,-4.504107,1
0.6497723,11.78759,11.89988,-9.834179,3.759094,-3.378401,0.44,10,-500,19.24587,-500,3.373224,24.88421,-4.785263,4.232357,-0.9633385,-0.003581165,-4.467482,1
6.023412,15.40947,4.122461,-8.445437,4.295588,-3.147539,0.44,10,-500,102.8703,-500,3.278369,24.83644,-4.760968,4.210306,-0.936244,-0.06720354,-4.408902,1
11.56629,8.110289,-2.165845,-7.322001,3.85503,-2.887127,0.44,10,-500,174.0079,-500,3.195116,24.79295,-4.734187,4.176317,-0.9185818,-0.1136766,-4.346102,1
5.483369,-1.207672,0.9821755,-8.445378,2.629393,-2.709853,0.44,10,-500,172.6772,-500,3.105136,24.76324,-4.705452,4.09677,-0.8710117,-0.1128074,-4.314995,1
4.98402,7.37269,8.623511,-9.096011,2.508136,-2.722293,0.44,10,-500,175.7189,-500,3.003064,24.74014,-4.674906,4.054934,-0.8353087,-0.1147944,-4.306874,1
12.11605,6.47583,9.513177,-9.455924,2.919644,-2.352902,0.44,10,-500,189.1483,-500,2.895581,24.71642,-4.640998,4.0275,-0.8021032,-0.1235676,-4.303873,1
1.619647,2.09353,8.133697,-9.050106,2.569688,-0.7810738,0.44,10,-500,445.2947,-500,2.794363,24.69487,-4.615626,3.832648,-0.6183051,-0.309711,-4.106675,1
9.011122,2.118665,16.22543,-7.95015,3.679688,-0.5174366,0.44,10,-500,500,-500,2.702271,24.66595,-4.596463,3.761657,-0.5265797,-0.4284461,-4.008675,1
-2.037208,7.376823,5.7002,-7.717486,2.652015,-1.104514,0.44,10,-500,493.9115,-500,2.616027,24.64318,-4.573033,3.804646,-0.5960642,-0.3571094,-4.053516,1
3.401419,19.11574,7.385364,-7.380879,3.506293,-0.5146366,0.44,10,-500,500,-500,2.524888,24.62083,-4.54597,3.7477,-0.5231731,-0.4311318,-3.995439,1
3.763671,10.64861,20.06846,-3.756673,4.804517,-1.383878,0.44,10,-500,500,-500,2.459811,24.59076,-4.507972,3.873321,-0.6239902,-0.4463185,-4.005056,1
2.746047,14.05543,17.70973,-0.6100734,6.990676,-1.550179,0.44,10,-500,500,-500,2.413293,24.55093,-4.446232,3.952449,-0.6597549,-0.5124016,-3.982336,1
-0.4000522,11.55046,-1.812684,1.861452,7.440689,-2.203193,0.44,10,-500,500,-500,2.385237,24.50826,-4.369417,4.040763,-0.7442221,-0.508893,-3.989691,1
15.23729,-0.7975812,6.308113,0.06789117,7.143091,-1.210339,0.44,10,-500,500,-500,2.344387,24.46859,-4.29086,3.906477,-0.6224813,-0.5649467,-3.921093,1
2.971745,8.287316,5.372819,0.9840475,6.324624,-2.314381,0.44,10,-500,500,-500,2.305303,24.43675,-4.218349,3.924947,-0.6640721,-0.549683,-3.913235,1
13.0504,14.99711,7.062981,1.312924,6.912847,-2.250676,0.44,10,-500,500,-500,2.26168,24.40843,-4.131312,3.914325,-0.6443763,-0.5637199,-3.908272,1
8.587308,5.089978,5.731344,2.557732,5.654416,-4.020754,0.44,10,-500,500,-500,2.227798,24.39181,-4.045587,4.012357,-0.7731951,-0.4572936,-3.983912,1
8.251389,12.69289,2.576288,2.040061,6.576079,-4.240196,0.44,10,-500,498.4863,-500,2.181149,24.38899,-3.94218,4.120508,-0.861007,-0.3266183,-4.134925,1
8.411556,-1.282237,2.835994,1.186038,6.522501,-3.897268,0.44,10,-500,500,-500,2.120064,24.38605,-3.83548,3.980764,-0.7229027,-0.4077969,-4.052107,1
7.808574,-3.675047,-1.457356,1.988118,6.625894,-2.938654,0.44,10,-500,500,-500,2.071727,24.38371,-3.736768,3.844087,-0.5842417,-0.548807,-3.913082,1
10.36592,4.601105,1.658977,2.751998,6.959766,-2.829848,0.44,10,-500,500,-500,2.030358,24.37682,-3.635438,3.772684,-0.5063356,-0.628091,-3.840301,1
8.954826,15.1467,9.912955,2.93956,6.860916,-3.09771,0.44,10,-500,500,-500,1.986439,24.3722,-3.534214,3.687093,-0.423651,-0.6925598,-3.772925,1
-3.420583,-3.734155,8.884775,4.051471,8.064092,-2.757772,0.44,10,-500,500,-500,1.948429,24.37215,-3.420458,3.743982,-0.4534527,-0.674833,-3.817739,1
6.429705,-5.364614,-0.5037922,1.521566,7.892251,-1.318657,0.44,10,-214.0974,500,-500,1.89228,24.36289,-3.305567,3.425161,-0.1398665,-0.882638,-3.6047,1
-0.8509021,-1.917762,-0.3149203,0.1192911,5.465013,0.4744963,0.44,10,-11.10677,500,-500,1.836308,24.35096,-3.221276,3.173831,0.05504696,-1.023472,-3.40745,0.5834305
2.333663,-3.796614,3.928747,-1.271741,4.526525,2.976689,0.44,10,-10,500,-500,1.786501,24.3247,-3.163108,2.802939,0.4009385,-1.316364,-3.089556,1
9.779265,0.2226788,0.265754,-2.945884,3.526816,5.479131,0.44,10,-10,500,-500,1.728443,24.27679,-3.118367,2.417296,0.7570118,-1.608866,-2.767485,1
4.220803,14.56371,1.715556,-2.63322,0.4969102,4.877311,0.44,10,-10,500,-500,1.696331,24.2194,-3.114007,2.272857,0.8247674,-1.683627,-2.61604,1
12.45353,12.51132,6.628317,-1.121372,0.1777537,2.306561,0.44,10,-10,500,-500,1.685021,24.18146,-3.118058,2.60569,0.4791569,-1.388202,-2.898688,1
14.89567,9.14827,4.725277,-0.4255516,-1.083726,0.9575326,0.44,10,-10,500,-500,1.691848,24.166,-3.133162,2.830784,0.2233785,-1.156885,-3.099321,1
11.99723,13.29046,7.697484,0.3531469,-2.094194,-0.4438949,0.44,10,-22.77466,500,-500,1.721546,24.16396,-3.167718,2.991568,0.03954073,-1.002922,-3.23023,1
4.75884,12.90398,0.662313,1.802192,-2.420547,-3.005112,0.44,10,-381.7575,500,-500,1.7641,24.18173,-3.201908,3.306412,-0.2800352,-0.7374974,-3.490922,1
14.73197,-0.6320583,-3.207718,1.627099,-5.501716,-3.960147,0.44,10,-500,500,-500,1.834494,24.22731,-3.265497,3.538831,-0.5751237,-0.4444253,-3.721325,1
12.52523,-6.741234,9.952528,-0.5047363,-6.923632,-3.578975,0.44,10,-500,500,-500,1.899771,24.2829,-3.3499,3.500795,-0.5609173,-0.3953622,-3.746559,1
3.986468,-2.18102,17.94505,-0.9026904,-6.451762,-2.673876,0.44,10,-500,500,-500,1.948109,24.3359,-3.427472,3.456783,-0.4984735,-0.4621477,-3.698206,1
-6.995218,3.627154,14.51157,0.07710796,-3.928984,-1.239016,0.44,10,-482.3192,500,-500,1.98141,24.37274,-3.476799,3.374769,-0.3542209,-0.6528029,-3.569788,1
-2.295119,2.855806,8.300355,0.6119303,-1.454435,0.01314976,0.44,10,-239.7829,500,-500,2.001352,24.38626,-3.498156,3.23491,-0.1566465,-0.8749015,-3.405405,1
-4.82238,1.760327,6.698845,-0.2499476,0.5260262,0.1104966,0.44,10,-128.0569,500,-500,2.002524,24.38587,-3.498805,3.20646,-0.08365756,-0.9187816,-3.406064,1
-4.465287,5.364364,9.026959,-0.4699425,2.734492,0.6371622,0.44,10,-22.63778,500,-500,1.980833,24.37441,-3.473839,3.161634,0.009211531,-0.9969392,-3.37595,1
-0.4081951,6.353662,13.67468,-0.5396255,6.300285,0.8132062,0.44,10,-10,500,-500,1.931619,24.34684,-3.410226,3.117314,0.1297674,-1.097609,-3.351516,1
10.00216,9.668755,13.3707,-0.2589161,9.730511,0.2526315,0.44,10,-10,500,-500,1.843557,24.31079,-3.292021,3.134644,0.184372,-1.140743,-3.380316,1
10.89959,13.87887,3.264376,0.774343,9.839441,-1.472132,0.44,10,-10,500,-500,1.743265,24.29004,-3.149574,3.24567,0.07274157,-1.052922,-3.467532,1
4.660589,14.52037,1.089573,2.368498,8.219233,-4.052264,0.44,10,-326.2498,500,-500,1.663155,24.30175,-3.015771,3.496785,-0.2131339,-0.8122385,-3.673456,1
5.010815,8.232581,-4.661432,3.954468,5.301738,-6.068136,0.44,10,-500,500,-500,1.628485,24.34629,-2.919745,3.745592,-0.5210777,-0.5543571,-3.8722,1
5.384897,-4.320323,-6.65815,2.000186,2.848934,-5.83338,0.44,10,-500,500,-500,1.622186,24.40681,-2.86987,3.761516,-0.5833207,-0.424871,-3.955368,1
6.931587,1.341411,-8.576422,-1.494492,1.298399,-4.87512,0.44,10,-500,500,-500,1.59849,24.4599,-2.84366,3.527852,-0.3767508,-0.5097868,-3.843358,1
5.465755,19.65897,1.603003,-2.20955,-0.4966139,-5.262391,0.44,10,-500,500,-500,1.574748,24.50879,-2.843543,3.481665,-0.363783,-0.4957218,-3.824203,1
2.290128,20.30349,8.57443,0.8817573,-0.5072123,-6.432504,0.44,10,-500,500,-500,1.57928,24.56626,-2.85042,3.681989,-0.55588,-0.4093751,-3.918777,1
16.48184,10.62655,9.767632,3.378757,-1.153318,-7.511639,0.44,10,-500,470.7127,-500,1.612556,24.63535,-2.85939,3.858957,-0.7372198,-0.3168111,-4.006969,1
4.867537,-5.202725,3.543951,3.277715,-2.085777,-7.422649,0.44,10,-500,377.5638,-500,1.655448,24.71221,-2.87524,3.920857,-0.8087951,-0.2466566,-4.06745,1
6.658259,0.4968662,1.935138,1.392543,-3.566614,-7.832549,0.44,10,-500,290.5103,-500,1.683845,24.79048,-2.902606,3.894954,-0.8047071,-0.1897859,-4.102504,1
14.1151,1.46375,6.268903,0.871124,-4.540295,-8.259924,0.44,10,-500,181.6647,-500,1.704501,24.87455,-2.936598,3.941109,-0.8604044,-0.1186787,-4.164069,1
7.105103,-2.525663,11.45315,-0.802242,-5.675241,-8.353964,0.44,10,-500,13.9246,-500,1.711845,24.96518,-2.980394,3.989168,-0.9206697,-0.002279493,-4.268262,1
7.483804,-1.62099,8.852591,-2.916831,-5.390899,-8.263906,0.44,10,-500,15.87418,-500,1.693547,25.05446,-3.022635,3.937057,-0.8490044,0.0001154072,-4.290212,1
1.511952,8.416444,6.675035,-3.221337,-5.109401,-7.882987,0.44,10,-500,24.33678,-500,1.66354,25.14125,-3.065366,3.939837,-0.8326601,-0.002462353,-4.306759,1
-0.06527412,9.362775,4.471812,-3.468952,-4.260622,-7.407705,0.44,10,-500,59.23751,-500,1.628902,25.22228,-3.103323,3.922297,-0.7840689,-0.03869895,-4.301573,1
6.852825,4.811869,2.873091,-3.380249,-4.314449,-6.839727,0.44,10,-500,200.6941,-500,1.591348,25.29521,-3.142633,3.838181,-0.6904216,-0.1311103,-4.218693,1
6.051213,9.435502,1.674195,-4.162164,-4.225616,-6.11244,0.44,10,-500,200.1295,-500,1.544147,25.36264,-3.184091,3.818517,-0.6588231,-0.1307415,-4.230996,1
6.309629,6.515223,11.00386,-4.977293,-4.967407,-5.573027,0.44,10,-500,338.197,-500,1.483149,25.41862,-3.235336,3.685201,-0.5339643,-0.2209389,-4.132341,1
0.04501057,-0.7843679,5.279968,-5.961792,-4.798217,-5.204243,0.44,10,-500,315.0087,-500,1.411428,25.46781,-3.29181,3.669762,-0.5074704,-0.2057903,-4.158545,1
-3.788638,10.60947,4.721079,-7.235162,-4.347442,-5.587795,0.44,10,-500,255.7096,-500,1.321142,25.51151,-3.349501,3.672104,-0.4932247,-0.1670511,-4.213872,1
2.921982,17.32957,1.914116,-5.904657,-3.228674,-6.228381,0.44,10,-500,147.3972,-500,1.2374,25.55912,-3.402338,3.818586,-0.6074992,-0.09629229,-4.316838,1
3.52922,17.14217,6.359552,-3.867424,-2.852533,-6.281527,0.44,10,-500,127.9343,-500,1.17078,25.60834,-3.456412,3.919034,-0.6922251,-0.08357748,-4.345274,1
0.6163145,16.39814,9.285814,-2.133207,-2.366652,-6.104966,0.44,10,-500,183.7321,-500,1.120076,25.65528,-3.510486,3.96412,-0.719455,-0.1200293,-4.326679,1
-2.772432,14.77347,9.233175,-0.7313567,-1.492116,-5.829363,0.44,10,-500,261.8772,-500,1.084719,25.70147,-3.559305,3.992841,-0.7216781,-0.1710803,-4.302126,1
-5.040416,13.65254,9.463861,0.442822,-0.3053652,-5.418272,0.44,10,-500,365,-500,1.065366,25.74867,-3.597755,4.004533,-0.6996934,-0.2384488,-4.268435,1
-5.79013,13.35217,12.25016,1.750491,1.264732,-4.851942,0.44,10,-500,487.4979,-500,1.066584,25.79819,-3.619758,3.995401,-0.6479095,-0.3392538,-4.210281,1
-2.130976,12.77125,17.06576,4.195586,3.575153,-4.456005,0.44,10,-500,500,-500,1.104897,25.85302,-3.614804,4.000747,-0.593151,-0.4805573,-4.129083,1
9.531311,11.19559,18.71774,7.478079,5.472535,-4.804521,0.44,10,-500,500,-500,1.195659,25.91555,-3.579159,4.076188,-0.6166538,-0.5718945,-4.089684,1
19.98615,6.091551,6.470715,9.496442,4.686907,-6.079008,0.44,10,-500,500,-500,1.318264,25.98259,-3.536244,4.215757,-0.7640377,-0.4985061,-4.155256,1
15.63362,-2.49454,-1.95284,8.222073,1.788384,-6.921348,0.44,10,-500,461.8825,-500,1.417175,26.0523,-3.521007,4.313623,-0.9169065,-0.3103472,-4.288414,1
10.84424,-6.237225,5.452593,5.749549,-0.134899,-6.684173,0.44,10,-500,374.0085,-500,1.469953,26.12094,-3.533821,4.270719,-0.9071997,-0.2443339,-4.321229,1
6.991695,-8.248458,6.889997,4.480679,-0.03196003,-6.018165,0.44,10,-500,450.4915,-500,1.507671,26.18504,-3.546401,4.196031,-0.8207504,-0.2942991,-4.283025,1
3.817406,-9.480007,4.975324,2.493863,0.2000377,-4.95108,0.44,10,-500,500,-500,1.535804,26.24124,-3.54941,4.055816,-0.6670338,-0.3841013,-4.206725,1
1.458767,-9.000601,3.822042,-0.2896225,0.3700555,-3.346581,0.44,10,-500,500,-500,1.543961,26.28456,-3.545174,3.834557,-0.4355631,-0.5208234,-4.080214,1
-0.6608766,-7.874288,4.341472,-3.106333,0.8481274,-1.546007,0.44,10,-232.5757,500,-500,1.534457,26.31085,-3.529299,3.56557,-0.1519381,-0.704238,-3.911438,1
-0.6660908,-2.733798,8.905249,-5.020682,1.836746,0.2501985,0.44,10,-10,500,-500,1.524724,26.31955,-3.489856,3.29875,0.1384249,-0.9204108,-3.718808,1
10.28541,1.675984,10.19963,-6.187502,4.20439,2.04737,0.44,10,-10,500,-500,1.555676,26.31051,-3.392426,3.024006,0.4651545,-1.192617,-3.498586,1
-0.3048013,7.470985,0.9467003,-6.417883,2.416552,2.357233,0.44,10,-10,500,-500,1.564751,26.28751,-3.312878,2.848786,0.5967263,-1.311834,-3.335721,1
7.693958,13.32219,6.885648,-5.704963,3.278411,1.152032,0.44,10,-10,500,-500,1.572271,26.26771,-3.239481,2.925842,0.5361615,-1.276392,-3.387655,1
6.576536,8.225357,4.907151,-4.393425,3.327357,-0.9536157,0.44,10,-10,500,-500,1.59323,26.26545,-3.164679,3.182706,0.2800658,-1.067319,-3.597496,1
3.311215,7.699757,10.11778,-4.903022,3.393363,0.09042609,0.44,10,-10,500,-500,1.619325,26.27239,-3.084107,3.168594,0.2966874,-1.06955,-3.597775,1
8.693369,9.596104,2.662885,-6.094203,3.495788,1.143686,0.44,10,-10,500,-500,1.638077,26.2639,-3.000383,2.92311,0.543227,-1.277663,-3.390717,1
11.91023,11.31209,4.006628,-6.290608,3.146565,1.483386,0.44,10,-10,500,-500,1.638641,26.24766,-2.929086,2.812839,0.6432421,-1.371056,-3.287068,1
4.950773,4.870043,8.342421,-5.600414,3.631024,0.2055331,0.44,10,-10,500,-500,1.651007,26.2365,-2.851373,2.933439,0.5319078,-1.284619,-3.38277,1
7.082664,-3.36074,7.953766,-6.579781,4.228423,1.939064,0.44,10,-10,500,-500,1.665652,26.22678,-2.765109,2.808342,0.6690242,-1.390055,-3.289355,1
12.06121,0.8358817,4.880527,-8.371873,4.113844,4.402942,0.44,10,-10,500,-500,1.66025,26.19261,-2.681525,2.421831,1.047922,-1.707332,-2.964464,1
6.597844,14.79129,3.784944,-8.503727,1.746663,3.929439,0.44,10,-10,500,-500,1.607674,26.1449,-2.642373,2.251706,1.157714,-1.806678,-2.804785,1
-1.665266,1.949104,3.388485,-7.555757,1.96955,2.696878,0.44,10,-10,500,-500,1.558482,26.11296,-2.60959,2.489381,0.9206004,-1.596262,-3.015763,1
5.939743,9.951891,8.98086,-8.008028,3.209315,3.413375,0.44,10,-10,500,-500,1.520245,26.08241,-2.5588,2.37744,1.066659,-1.722591,-2.923552,1
3.705639,-2.167979,1.52413,-7.925785,2.86441,3.341771,0.44,10,-10,500,-500,1.48671,26.04053,-2.503278,2.410809,1.033621,-1.688552,-2.957921,1
4.370629,1.676552,4.035774,-7.451869,2.206369,3.819177,0.44,10,-10,500,-500,1.443583,25.99341,-2.460654,2.301689,1.132121,-1.7983,-2.837554,1
3.361447,3.711529,1.890083,-6.848298,1.841736,4.136271,0.44,10,-10,500,-500,1.401072,25.95702,-2.424217,2.259536,1.170343,-1.852251,-2.779671,1
-0.740715,3.127187,4.411872,-6.199262,0.6871793,4.139919,0.44,10,-10,500,-500,1.354796,25.9169,-2.399904,2.220459,1.183987,-1.882746,-2.723743,1
6.946545,7.26034,3.802171,-5.636505,0.9406344,3.320512,0.44,10,-10,500,-500,1.316334,25.88262,-2.373067,2.306375,1.10593,-1.819488,-2.79486,1
2.611564,11.39155,0.8932923,-5.854818,-1.013779,3.666076,0.44,10,-10,500,-500,1.261176,25.84746,-2.368124,2.259317,1.10511,-1.804986,-2.761484,1
-2.540846,7.446698,10.95817,-4.76937,0.2842049,1.958408,0.44,10,-10,500,-500,1.21607,25.81837,-2.360876,2.438393,0.9529179,-1.684634,-2.90872,1
0.5971055,-2.834668,5.555573,-5.572057,2.174303,3.243174,0.44,10,-10,500,-500,1.184015,25.80473,-2.328295,2.424393,1.016303,-1.717061,-2.925678,1
9.547447,-1.813155,9.544598,-7.180562,2.361297,5.869851,0.44,10,-10,500,-500,1.145797,25.77365,-2.280088,2.07238,1.381112,-2.022781,-2.632754,1
9.048557,8.174738,15.27846,-7.770452,4.266754,6.856151,0.44,10,-10,500,-500,1.112411,25.72997,-2.205433,1.827553,1.682899,-2.300704,-2.411792,1
5.301139,14.72758,10.76952,-6.992363,6.811913,5.426185,0.44,10,-10,500,-500,1.09595,25.70013,-2.104199,1.926604,1.664489,-2.306917,-2.48622,1
5.353445,16.56038,4.70061,-5.489116,7.540792,2.822808,0.44,10,-10,500,-500,1.091866,25.69531,-2.001847,2.228747,1.405775,-2.098914,-2.737651,1
5.726385,14.9371,-0.1138819,-3.90373,6.173135,0.2355254,0.44,10,-10,500,-500,1.091074,25.71044,-1.923217,2.551972,1.074884,-1.821905,-3.006994,1
5.70413,12.78553,-2.629231,-2.565625,3.478359,-1.833102,0.44,10,-10,500,-500,1.084633,25.73584,-1.88254,2.815455,0.7650659,-1.55691,-3.225654,1
5.115257,10.93635,-4.017317,-1.551316,0.1560485,-3.380366,0.44,10,-10,500,-500,1.064588,25.76278,-1.886252,3.010093,0.498565,-1.322667,-3.388033,1
4.784913,10.04732,-4.225381,-0.8195134,-3.398584,-4.557087,0.44,10,-10,500,-500,1.024553,25.78436,-1.936999,3.15535,0.2630774,-1.107556,-3.512915,1
3.959696,8.980471,-4.793004,-0.341737,-7.027139,-5.488982,0.44,10,-20.18246,500,-500,0.9603764,25.79387,-2.035086,3.271968,0.03991099,-0.8933817,-3.620541,1
3.210337,8.091532,-5.994755,-0.1621285,-9.925638,-6.154143,0.44,10,-249.8262,500,-500,0.8737738,25.78547,-2.173525,3.370945,-0.1632076,-0.686564,-3.723217,1
3.448205,6.411622,-7.893929,-1.087704,-10,-6.165802,0.44,10,-398.9576,500,-500,0.7786711,25.76687,-2.318766,3.424375,-0.2606328,-0.5468526,-3.818933,1
4.685001,0.5582099,-7.572109,-3.70279,-10,-5.464319,0.44,10,-344.3884,500,-500,0.6686188,25.735,-2.455931,3.347271,-0.2249836,-0.4810058,-3.843325,1
5.823407,-4.832226,-0.6678152,-7.142696,-10,-4.023149,0.44,10,-128.8755,500,-500,0.5395151,25.68486,-2.57482,3.168465,-0.08419239,-0.4900467,-3.796269,1
0.5891754,-1.655007,9.639677,-9.723614,-10,-1.954338,0.44,10,-10,500,-500,0.4020526,25.61373,-2.662935,2.901088,0.165563,-0.6362162,-3.632479,1
-1.001816,12.27299,8.342859,-9.977075,-10,-1.866133,0.44,10,-10,500,-500,0.276752,25.52709,-2.719665,2.758296,0.295592,-0.7431175,-3.512814,1
11.67576,6.382971,8.623295,-9.281246,-10,-3.970384,0.44,10,-52.59361,500,-500,0.1622724,25.43736,-2.774732,3.020442,0.02022756,-0.4780297,-3.764683,1
1.910607,1.010169,0.5730741,-9.937404,-10,-3.194878,0.44,10,-48.48863,500,-500,0.04943311,25.34419,-2.827569,3.037483,-0.01053723,-0.4115727,-3.817415,1
2.943374,14.66641,6.680278,-9.795374,-10,-3.434603,0.44,10,-25.25161,500,-500,-0.05569616,25.24566,-2.86196,3.001097,0.0113316,-0.4256701,-3.788802,1
6.186357,6.980325,-0.006228447,-8.984419,-10,-4.897865,0.44,10,-264.4445,394.4555,-500,-0.150001,25.14326,-2.895264,3.170103,-0.1727575,-0.2576916,-3.941697,1
8.165115,7.916661,3.448671,-9.627114,-10,-4.653591,0.44,10,-332.2077,275.5755,-500,-0.2435359,25.03711,-2.926507,3.198733,-0.2170261,-0.1800292,-4.003721,1
6.75135,6.391809,4.446019,-9.572456,-10,-5.254654,0.44,10,-379.3002,213.1943,-500,-0.3390667,24.92867,-2.946403,3.213523,-0.2477909,-0.1392765,-4.028499,1
4.737647,-1.153862,1.827199,-8.998888,-10,-5.444091,0.44,10,-500,80.39585,-500,-0.4243522,24.81641,-2.963208,3.292475,-0.3432799,-0.05252136,-4.098716,1
-3.618173,2.299517,7.673072,-10,-9.847261,-5.576516,0.44,10,-484.725,50.33159,-500,-0.5209755,24.7038,-2.970553,3.252709,-0.3166633,-0.03288084,-4.105208,1
-1.631719,12.92235,2.912639,-10,-8.452301,-5.641713,0.44,10,-494.1358,16.10577,-500,-0.6197501,24.59942,-2.973499,3.280246,-0.3281646,-0.008848769,-4.145276,1
5.264882,16.10499,6.960142,-9.353117,-7.693156,-5.568817,0.44,10,-490.7389,36.25033,-500,-0.7170378,24.5037,-2.971304,3.277954,-0.3228792,-0.02368178,-4.133437,1
1.212974,13.04616,11.74291,-8.201412,-7.16932,-5.457001,0.44,10,-485.208,87.12292,-500,-0.8080658,24.41274,-2.960955,3.270451,-0.3169788,-0.05691605,-4.098599,1
-4.032951,7.170491,4.089058,-7.863962,-5.675902,-5.250361,0.44,10,-435.4476,136.9485,-500,-0.8944176,24.33178,-2.949609,3.259647,-0.2844711,-0.08946636,-4.087753,1
4.431602,0.1129976,2.358387,-8.259412,-4.814461,-5.86634,0.44,10,-439.8298,93.26068,-500,-0.9817111,24.26013,-2.94267,3.271918,-0.2879004,-0.06092575,-4.125135,1
6.341335,-3.687656,3.558088,-8.517565,-5.887201,-5.90764,0.44,10,-499.8081,10,-500,-1.085223,24.17901,-2.916313,3.296186,-0.3482749,0.02182651,-4.171782,1
7.941956,3.235869,2.367107,-9.857964,-5.836448,-5.934431,0.44,10,-429.038,10,-500,-1.220718,24.10073,-2.86907,3.217807,-0.2802838,0.01680585,-4.156372,1
8.769274,7.372422,6.87361,-9.478735,-5.632535,-6.722511,0.44,10,-479.9429,10,-500,-1.376768,24.02418,-2.800297,3.252784,-0.3219458,0.06538654,-4.198268,1
8.808002,4.1935,1.258005,-9.311259,-6.035098,-6.586458,0.44,10,-474.7588,10,-500,-1.575119,23.9484,-2.684932,3.231323,-0.3207148,0.08326324,-4.195915,1
2.652029,7.417863,6.643365,-9.602031,-5.42238,-6.531099,0.44,10,-240.3507,61.00239,-500,-1.823204,23.88809,-2.519842,3.094079,-0.1570174,-0.03985192,-4.099254,1
3.040324,4.317387,7.099057,-9.792879,-5.013648,-5.722898,0.44,10,-79.25651,206.2388,-500,-2.132806,23.84369,-2.29674,3.016533,-0.017687,-0.1347326,-4.066156,1
8.471809,9.087687,1.573144,-9.139736,-5.065053,-5.379753,0.44,10,-10,500,-500,-2.476551,23.82988,-2.038224,2.786262,0.2793822,-0.4118518,-3.855835,1
7.176868,14.93605,9.938787,-7.838698,-4.88943,-6.875465,0.44,10,-10,500,-500,-2.834998,23.84121,-1.750329,2.822865,0.308405,-0.4409185,-3.892395,1
6.476152,16.31384,4.897032,-6.208297,-3.894686,-9.44845,0.44,10,-10,422.8048,-500,-3.195256,23.86387,-1.444074,3.024255,0.1342336,-0.2773946,-4.083137,1
8.440751,11.60482,9.070773,-4.760187,-3.987962,-10,0.44,10,-10,356.6026,-500,-3.530474,23.91758,-1.145651,3.081367,0.08293259,-0.2329629,-4.13338,1
10.94083,8.356371,11.68941,-3.728729,-2.179218,-10,0.44,10,-10,500,-500,-3.771864,23.98552,-0.9286807,3.017941,0.1970975,-0.3701361,-4.046946,1
11.96022,4.487971,12.43672,-3.684131,-0.02100626,-10,0.44,10,-10,500,-500,-3.967023,24.05279,-0.7529807,2.98555,0.2879992,-0.4718063,-4.003786,1
11.8375,0.658332,10.85672,-4.370697,1.901387,-10,0.44,10,-10,500,-500,-4.144958,24.12,-0.5970089,2.937468,0.389271,-0.5578251,-3.970957,1
10.13484,-2.874308,6.596425,-5.621266,2.747355,-8.767038,0.44,10,-10,500,-500,-4.308125,24.19058,-0.4655562,2.809686,0.5465,-0.6771895,-3.88104,1
6.711527,-4.279176,4.812817,-7.226823,2.631093,-6.073971,0.44,10,-10,500,-500,-4.447429,24.25267,-0.3767329,2.446678,0.9160374,-0.9903344,-3.574425,1
4.542958,-4.44882,6.633451,-8.890116,2.876669,-3.158855,0.44,10,-10,500,-500,-4.577663,24.29362,-0.3172776,2.038926,1.335352,-1.346045,-3.230277,1
7.803174,-3.964294,6.050172,-10,3.540701,-0.373665,0.44,10,-10,500,-500,-4.715971,24.30991,-0.2631715,1.645053,1.746578,-1.710291,-2.883383,1
4.973227,-4.258137,3.471964,-10,2.588495,2.394354,0.44,10,-10,500,-500,-4.847759,24.30317,-0.2199003,1.268887,2.100309,-2.049443,-2.521796,1
7.73584,0.6794009,-0.8567462,-10,0.998364,4.941878,0.44,10,-10,500,-500,-4.9718,24.27065,-0.1875124,0.8838649,2.444733,-2.375194,-2.155447,1
7.533992,14.7395,1.916461,-10,-2.547612,4.245291,0.44,10,-10,500,-500,-5.068337,24.21705,-0.1918982,0.7387409,2.50211,-2.416881,-2.026013,1
6.797492,16.31162,3.695053,-10,-3.580098,1.493856,0.44,10,-10,500,-500,-5.141978,24.17546,-0.2248001,1.049454,2.162019,-2.063592,-2.349925,1
6.619184,16.04593,7.599116,-9.726658,-3.92082,-1.244931,0.44,10,-10,500,-500,-5.191243,24.15528,-0.2849393,1.403358,1.797472,-1.689038,-2.713834,1
4.859064,16.39,5.569973,-8.093529,-3.197641,-4.068277,0.44,10,-10,500,-500,-5.21629,24.16111,-0.3578001,1.806976,1.410996,-1.335436,-3.084579,1
8.571024,16.02658,5.994449,-6.417304,-3.216275,-6.834431,0.44,10,-10,500,-500,-5.208116,24.19171,-0.4507307,2.213723,1.008337,-0.9661427,-3.45796,1
10.56825,13.62481,9.515503,-5.127234,-2.781645,-9.250453,0.44,10,-10,500,-500,-5.178138,24.24755,-0.5558407,2.595496,0.6445773,-0.6219211,-3.820196,1
10.25814,10.14333,12.6644,-4.314125,-0.8989878,-10,0.44,10,-10,500,-500,-5.156497,24.32864,-0.642868,2.849413,0.4450007,-0.4281769,-4.06828,1
11.2082,6.554154,13.63416,-3.986165,1.823296,-10,0.44,10,-10,500,-500,-5.163698,24.42386,-0.6894807,2.898041,0.4717031,-0.4494165,-4.122371,1
12.97713,2.106478,10.29458,-4.267866,3.862988,-10,0.44,10,-10,500,-500,-5.193968,24.5289,-0.7070228,2.930174,0.5009742,-0.4560072,-4.177185,1
11.36722,-1.975669,4.960588,-5.28638,3.95879,-9.526424,0.44,10,-10,500,-500,-5.236625,24.63551,-0.7203816,2.902761,0.5462494,-0.4529521,-4.198102,1
6.081879,-4.376208,3.873837,-6.798392,3.159492,-6.940645,0.44,10,-10,500,-500,-5.292838,24.72632,-0.7375106,2.633099,0.8112911,-0.650427,-3.996006,1
6.394402,-3.967379,7.544422,-8.403097,3.463395,-4.062747,0.44,10,-10,500,-500,-5.370713,24.79235,-0.7428383,2.245521,1.215439,-0.9838227,-3.67918,1
8.325661,-2.72933,2.333043,-9.816847,3.196048,-1.443927,0.44,10,-10,500,-500,-5.468729,24.83689,-0.7340647,1.869273,1.592227,-1.296997,-3.366548,1
1.93373,-3.365056,4.729603,-10,1.835673,1.104955,0.44,10,-10,500,-500,-5.572327,24.85425,-0.7216138,1.528331,1.905093,-1.588206,-3.047262,1
0.3712436,-1.087782,3.431907,-10,1.544525,3.786086,0.44,10,-10,500,-500,-5.680443,24.85335,-0.6921836,1.17169,2.255046,-1.925789,-2.702991,1
1.831662,14.37544,6.696063,-10,2.211255,3.681677,0.44,10,-10,500,-500,-5.793544,24.84715,-0.6453178,0.989997,2.450839,-2.112362,-2.530517,1
12.54042,7.312987,2.641004,-10,0.2835547,1.996695,0.44,10,-10,500,-500,-5.902509,24.84292,-0.6137309,1.189088,2.207717,-1.857183,-2.741665,1
1.312251,-1.270407,9.897201,-10,1.246052,3.03234,0.44,10,-10,500,-500,-6.009356,24.84184,-0.5901459,1.168965,2.249353,-1.885243,-2.735119,1
4.619374,-4.344543,4.071001,-10,1.542246,5.692961,0.44,10,-10,500,-500,-6.12231,24.84845,-0.5448027,0.8675039,2.55846,-2.184667,-2.44334,1
4.84321,-3.906806,6.908936,-10,0.9818991,8.593103,0.44,10,-10,500,-500,-6.242768,24.85058,-0.4719282,0.46341,2.950249,-2.571738,-2.043964,1
2.024733,-0.8465393,-0.2340902,-10,0.0823611,10,0.44,10,-10,500,-500,-6.370019,24.85489,-0.3737746,0.1364726,3.257564,-2.878712,-1.717368,1
13.07532,9.65732,1.713311,-10,-4.282742,10,0.44,10,-10,500,-500,-6.500032,24.83603,-0.2656339,0.02679402,3.266169,-2.887417,-1.607589,1
5.219363,16.25021,4.492721,-10,-6.232431,9.394691,0.44,58.80468,-10,500,-500,-6.634977,24.80367,-0.1495131,-0.03841618,3.282706,-2.887247,-1.559086,1
3.109972,10.20859,-3.844237,-10,-8.45806,7.222239,0.44,10,-10,500,-500,-6.77287,24.76423,-0.0352368,0.123786,3.064576,-2.646847,-1.743558,1
5.993657,-1.331589,-1.439411,-10,-10,7.513285,0.44,10,-10,500,-500,-6.91714,24.71502,0.08329381,0.1385616,3.007829,-2.56695,-1.781484,1
0.8094742,1.648499,11.60117,-10,-10,9.413994,0.44,233.1342,-10,500,-500,-7.07476,24.68955,0.2223397,-0.1523029,3.294942,-2.829233,-1.515449,1
6.143386,8.434575,2.752536,-10,-10,8.322142,0.44,360.8282,-10,500,-500,-7.239012,24.69031,0.3717994,-0.2357235,3.378474,-2.887003,-1.457791,1
1.27947,8.137124,-4.03173,-10,-10,7.251289,0.44,242.4583,-10,500,-500,-7.398575,24.70265,0.5114151,-0.1583942,3.302963,-2.786075,-1.560537,1
6.695009,0.8132288,5.930143,-10,-10,6.808093,0.44,191.735,-10,500,-500,-7.552639,24.72698,0.6424346,-0.1252575,3.249797,-2.707936,-1.618646,1
3.510203,-1.356585,9.801264,-10,-10,7.169362,0.44,314.8718,-10,500,-500,-7.70031,24.76693,0.7655169,-0.2057008,3.302366,-2.736084,-1.562624,1
8.831616,6.675958,4.163656,-10,-10,6.332891,0.44,435.0727,-10,500,-500,-7.839687,24.82434,0.8792768,-0.2842262,3.357418,-2.76749,-1.507745,0.4669111
4.585036,-2.185194,4.240742,-10,-10,6.079365,0.44,333.1033,-10,500,-500,-7.96946,24.8868,0.98186,-0.2176112,3.270963,-2.658323,-1.597072,1
5.821547,-1.098257,10.4448,-10,-10,5.047111,0.44,347.4031,-10,500,-500,-8.090492,24.95799,1.074246,-0.2269531,3.264717,-2.63021,-1.609598,1
11.59351,3.207324,7.192889,-10,-10,6.161566,0.44,419.3532,-10,500,-500,-8.203545,25.03586,1.156773,-0.3024797,3.328692,-2.673087,-1.555168,1
-4.96893,9.696027,14.40478,-10,-10,5.358482,0.44,495.0828,-10,500,-500,-8.308861,25.12875,1.227119,-0.3648445,3.385467,-2.709515,-1.51315,1
-3.976274,8.881625,-5.023501,-10,-10,3.534738,0.44,298.5925,-10,500,-500,-8.407707,25.21549,1.294138,-0.1950658,3.210517,-2.514834,-1.70266,1
11.07906,5.731907,-3.844045,-10,-10,2.810298,0.44,101.5746,-10,500,-500,-8.500933,25.29555,1.360938,-0.06635708,3.086136,-2.371249,-1.850573,1
12.09516,2.243227,10.69013,-9.872053,-10,3.26838,0.44,169.2399,-10,500,-500,-8.589081,25.37993,1.421716,-0.1105618,3.142771,-2.413507,-1.820745,1
0.7836578,-3.84081,7.070664,-10,-10,4.951003,0.44,423.3854,-10,500,-500,-8.676397,25.47602,1.468927,-0.2928538,3.339218,-2.586861,-1.661547,1
1.796353,-1.041953,-1.898092,-10,-10,6.245704,0.44,500,-10,500,-500,-8.767492,25.58729,1.494475,-0.5173759,3.580132,-2.808509,-1.45629,1
-4.668077,9.056559,3.399234,-10,-10,6.211896,0.44,500,-10,500,-500,-8.863577,25.70461,1.503351,-0.5619597,3.641999,-2.85044,-1.431643,1
-0.398473,17.96353,5.088073,-10,-10,5.387834,0.44,500,-10,500,-500,-8.964422,25.82071,1.502129,-0.5097072,3.606849,-2.794705,-1.50448,1
14.54059,1.538432,8.902929,-10,-10,4.872225,0.44,500,-10,500,-500,-9.067387,25.93179,1.497754,-0.3666848,3.48019,-2.647106,-1.668443,1
2.931714,-8.405871,8.24263,-10,-10,5.480581,0.44,500,-10,500,-500,-9.185946,26.04212,1.473024,-0.4407569,3.570516,-2.714604,-1.617198,1
3.762341,5.442936,16.21992,-10,-10,6.153931,0.44,500,-10,500,-500,-9.337107,26.15087,1.410017,-0.4946473,3.640426,-2.757851,-1.589971,1
18.09669,12.4723,4.552524,-10,-10,5.385488,0.44,500,-10,500,-500,-9.531385,26.25252,1.301243,-0.4098554,3.577762,-2.663453,-1.706497,1
5.261837,-3.210308,-0.5429261,-10,-10,5.348825,0.44,480.1898,-10,500,-500,-9.785561,26.34127,1.132268,-0.3137005,3.539566,-2.586503,-1.841406,1
4.749999,3.931034,5.94086,-10,-10,4.21983,0.44,136.2059,-10,500,-500,-10.13154,26.40973,0.8712614,-0.08703807,3.395858,-2.393324,-2.11754,1
10.63205,2.271962,1.830745,-10,-10,5.042837,0.44,10,-10,500,-500,-10.58191,26.44592,0.5067193,0.09838036,3.295197,-2.230942,-2.364678,1
4.538252,15.39105,3.6636,-10,-10,3.210848,0.44,10,-10,500,-500,-11.08745,26.42942,0.08728073,0.2503381,3.148608,-2.018276,-2.582713,1
3.805086,4.521321,-3.58979,-10,-10,1.366678,0.44,10,-10,500,-500,-11.50882,26.38848,-0.2472738,0.7128735,2.680041,-1.494213,-3.100745,1
0.3592834,0.3973756,7.875524,-10,-10,2.643025,0.44,10,-10,500,-500,-11.81982,26.31889,-0.4699699,0.7031714,2.679492,-1.419173,-3.165533,1
7.975793,14.04107,4.594765,-10,-10,1.798957,0.44,10,-10,500,-500,-12.02408,26.22676,-0.5831875,0.6784397,2.690651,-1.382865,-3.188269,1
5.584922,7.34136,5.044443,-10,-10,1.033688,0.44,10,-10,500,-500,-12.18701,26.13221,-0.6546384,0.7988063,2.556356,-1.214661,-3.342545,1
8.964984,12.48023,5.513429,-10,-10,-0.01292673,0.44,10,-10,500,-500,-12.32744,26.03633,-0.7033876,0.9436613,2.397377,-1.029238,-3.513844,1
5.277937,14.68761,2.844764,-10,-10,-1.083323,0.44,10,-10,500,-500,-12.45977,25.94035,-0.7452331,1.094032,2.232867,-0.840705,-3.688237,1
11.75584,6.929556,2.258215,-10,-10,-1.518565,0.44,10,-10,500,-500,-12.5798,25.84238,-0.7732579,1.113269,2.199199,-0.7874089,-3.727102,1
6.597707,-1.142276,10.75635,-10,-10,-2.002645,0.44,10,-10,500,-500,-12.69187,25.74228,-0.7922634,1.252919,2.044803,-0.6475754,-3.85219,1
-1.857025,1.585102,9.266096,-10,-10,-0.3863774,0.44,10,-10,500,-500,-12.79114,25.64247,-0.7901442,1.065908,2.217109,-0.8093296,-3.675731,1
1.780843,7.357503,-3.438194,-10,-10,-0.5019937,0.44,10,-10,500,-500,-12.87986,25.54558,-0.7656259,0.9772161,2.291528,-0.8792541,-3.591534,1
11.88035,12.12032,3.515285,-10,-10,-2.068095,0.44,10,-10,500,-500,-12.97045,25.44828,-0.7408227,1.100076,2.154334,-0.7374346,-3.719019,1
8.29492,15.12719,5.935058,-10,-10,-4.899912,0.44,10,-10,497.9699,-500,-13.06651,25.34462,-0.7275372,1.386688,1.852451,-0.4278414,-4.013341,1
5.544252,3.936443,9.571274,-10,-10,-5.796012,0.44,10,-10,230.1816,-500,-13.16632,25.23047,-0.7262062,1.636648,1.585676,-0.1503741,-4.273993,1
2.506931,8.933645,1.915191,-10,-10,-5.351091,0.44,10,-10,340.2946,-500,-13.26575,25.11755,-0.7132813,1.539959,1.665731,-0.2223091,-4.185424,1
7.369348,8.402719,4.142777,-10,-10,-6.080833,0.44,10,-10,228.3466,-500,-13.36687,25.00551,-0.6899242,1.590549,1.598635,-0.1491753,-4.242052,1
7.454527,7.885935,6.292962,-10,-10,-6.223656,0.44,10,-10,191.0404,-500,-13.47203,24.89314,-0.6580827,1.593606,1.579023,-0.1248037,-4.249869,1
5.843585,3.412901,5.811084,-10,-10,-7.108477,0.44,10,-10,90.99379,-500,-13.58349,24.78179,-0.6153512,1.639367,1.51686,-0.05944482,-4.298826,1
6.664841,10.37808,5.734632,-10,-10,-7.480993,0.44,10,-10,10,-500,-13.70363,24.6697,-0.5615733,1.678958,1.460757,-0.001430433,-4.340328,1
4.336312,5.915026,1.137532,-10,-10,-9.120464,0.44,10,-10,10,-500,-13.83587,24.55593,-0.4936047,1.804838,1.318117,0.1416937,-4.466692,1
2.366476,4.425321,4.957035,-10,-10,-9.147106,0.44,10,-10,10,-500,-13.98603,24.44117,-0.406176,1.828931,1.277118,0.1843985,-4.492491,1
7.359386,5.23767,5.224203,-10,-10,-10,0.44,10,-10,10,-500,-14.164,24.33607,-0.2881885,1.841976,1.248591,0.2306986,-4.523309,1
4.696035,0.7507144,5.900378,-10,-10,-10,0.44,10,-10,10,-500,-14.37926,24.24387,-0.1312201,1.781774,1.29521,0.2084712,-4.487499,1
7.010705,9.397726,5.909902,-10,-10,-10,0.44,10,-10,10,-500,-14.63887,24.17843,0.07108037,1.683952,1.383392,0.1497094,-4.419097,1
8.92216,5.791202,4.447393,-10,-10,-10,0.44,10,-10,10,-500,-14.93657,24.14863,0.3115461,1.560342,1.502612,0.06422371,-4.329221,1
6.816125,5.754548,4.483081,-10,-10,-10,0.44,10,-10,15.73333,-500,-15.24645,24.16094,0.5635525,1.415519,1.600793,0.00115854,-4.219513,1
8.336555,9.171476,5.851678,-10,-10,-10,0.44,10,-10,72.14839,-500,-15.53213,24.21477,0.7898825,1.279664,1.681457,-0.04713342,-4.116031,1
2.899855,9.326376,4.271457,-10,-10,-10,0.44,10,-10,137.4036,-500,-15.77123,24.30183,0.9673179,1.173359,1.751181,-0.08976361,-4.03682,1
1.647133,10.31274,1.819034,-10,-10,-10,0.44,10,-10,188.0131,-500,-15.96347,24.41158,1.094752,1.100128,1.806028,-0.122826,-3.985373,1
8.829892,6.677206,-0.1100702,-10,-10,-10,0.44,10,-10,230.0081,-500,-16.11925,24.53556,1.181648,1.056706,1.851116,-0.1502607,-3.959605,1
10.91964,6.349094,8.226063,-10,-10,-10,0.44,10,-10,269.5643,-500,-16.24987,24.66811,1.238149,1.03559,1.891758,-0.1761022,-3.95329,1
5.729823,11.54832,10.65237,-10,-8.326544,-10,0.44,10,-10,328.3383,-500,-16.36643,24.79795,1.277661,1.040796,1.943364,-0.2144983,-3.971705,1
4.931566,15.04016,5.488844,-10,-4.010318,-10,0.44,10,-10,434.8995,-500,-16.48103,24.9,1.32621,1.070423,2.025965,-0.284113,-4.014318,1
5.16535,16.33846,5.298077,-10,-0.3942648,-10,0.44,10,-10,500,-500,-16.59391,24.98119,1.388166,1.085107,2.104671,-0.3500279,-4.041793,1
6.950813,12.02636,-1.944658,-10,2.042063,-10,0.44,10,-10,500,-500,-16.70392,25.0506,1.462892,1.080386,2.17448,-0.4073714,-4.049538,1
3.617281,-1.743972,0.9707711,-10,3.037191,-10,0.44,10,-10,500,-500,-16.80876,25.12219,1.538005,1.05981,2.228011,-0.4490218,-4.040843,1
6.755647,5.411397,4.845643,-10,7.271577,-10,0.44,10,-10,500,-500,-16.90793,25.18661,1.636533,1.065823,2.32684,-0.5366129,-4.058094,1
0.4333291,11.75353,5.715148,-10,9.75873,-10,0.44,10,-10,500,-500,-16.99951,25.2494,1.757744,1.043031,2.41489,-0.6142848,-4.04568,1
2.318238,9.307043,1.707466,-10,10,-10,0.44,10,-10,500,-500,-17.08324,25.32074,1.880487,0.9953988,2.478464,-0.6683711,-4.007535,1
3.529596,6.054377,6.774515,-10,10,-10,0.44,10,-10,500,-500,-17.15903,25.40178,1.99845,0.9430133,2.542788,-0.7137086,-3.974136,1
5.820021,5.804081,3.912791,-10,10,-10,0.44,10,-10,500,-500,-17.22646,25.4911,2.112395,0.886777,2.612183,-0.7518872,-3.949116,1
9.044821,12.5414,5.488582,-10,10,-10,0.44,10,-10,500,-500,-17.28514,25.58736,2.223521,0.8326892,2.680451,-0.7898846,-3.925299,1
9.647596,14.03692,1.962297,-10,10,-10,0.44,10,-10,500,-500,-17.33448,25.68929,2.33348,0.7799968,2.748158,-0.8282999,-3.901898,1
5.133171,2.555062,-4.037046,-8.369317,10,-10,0.44,10,-10,500,-500,-17.36245,25.79554,2.444688,0.7559197,2.787888,-0.8963667,-3.849484,1
4.890051,-4.173347,4.2532,-7.080852,10,-10,0.44,10,-10,500,-500,-17.36065,25.90364,2.562361,0.7246133,2.835119,-0.9625648,-3.799211,1
3.629556,-1.757198,11.93694,-6.300256,10,-10,0.44,10,-10,500,-500,-17.33168,26.01099,2.693748,0.6798365,2.89571,-1.026654,-3.750936,1
-1.158999,-0.4540392,10.53444,-5.042673,10,-10,0.44,10,-10,500,-500,-17.26334,26.11478,2.848846,0.6452951,2.945542,-1.120624,-3.672256,1
3.140045,-3.639308,6.707527,-4.067892,10,-10,0.44,10,-10,500,-500,-17.14121,26.21046,3.043516,0.595203,3.009729,-1.231834,-3.575141,1
10.70848,-1.520875,1.641852,-3.590889,10,-10,0.44,10,-10,500,-500,-16.95002,26.29089,3.299479,0.5140344,3.102745,-1.362754,-3.456069,1
7.579195,6.10945,-4.425222,-2.542922,10,-10,0.44,10,-10,500,-500,-16.66774,26.34498,3.636412,0.4285751,3.2288,-1.556473,-3.302945,1
0.6889156,13.22968,-0.04254091,-0.4194941,10,-10,0.44,10,-10,500,-500,-16.29834,26.35741,4.040729,0.3752048,3.396296,-1.838116,-3.135428,1
4.183085,15.99311,3.538545,2.721248,10,-10,0.44,10,-10,500,-500,-15.91512,26.31742,4.428851,0.3202407,3.51258,-2.104745,-2.930118,1
-0.4155145,4.006424,6.461733,5.602321,10,-10,0.44,10,-10,500,-500,-15.60398,26.23164,4.712547,0.2630569,3.557126,-2.282629,-2.739597,1
8.578571,9.46621,5.463557,7.66466,10,-10,0.44,10,-10,500,-500,-15.37972,26.11758,4.886542,0.2303817,3.572999,-2.394124,-2.6113,1
2.208752,4.19658,4.592705,8.897478,10,-10,0.44,10,-10,500,-500,-15.2112,25.98876,4.985969,0.2102337,3.574171,-2.45636,-2.530088,1
2.791675,15.70835,4.731606,10,10,-10,0.44,10,-10,500,-500,-15.07346,25.85246,5.039024,0.2047848,3.559541,-2.494872,-2.471497,1
-0.9434648,4.134166,9.216423,10,10,-10,0.44,10,-10,500,-500,-14.95843,25.71261,5.061892,0.1915271,3.552196,-2.500562,-2.445205,1
-2.544964,4.555772,2.548629,10,10,-10,0.44,10,-10,500,-500,-14.85673,25.57166,5.064186,0.1859565,3.537003,-2.496893,-2.42811,1
10.84904,5.604356,7.217842,10,10,-10,0.44,10,-10,500,-500,-14.76144,25.43122,5.050959,0.186491,3.515779,-2.486467,-2.417847,1
12.29258,5.862702,1.051508,10,10,-10,0.44,10,-10,500,-500,-14.66784,25.29255,5.024614,0.192495,3.489348,-2.470643,-2.413243,1
5.178267,-3.278182,2.251876,10,7.335425,-10,0.44,10,-10,500,-500,-14.57079,25.16515,5.001701,0.1681011,3.434971,-2.427263,-2.377852,1
11.49526,-2.093892,4.396387,10,4.548705,-10,0.44,10,-10,500,-500,-14.47077,25.05238,4.993715,0.1373934,3.386312,-2.389938,-2.335811,1
11.94076,1.24823,-1.067789,10,0.1106231,-10,0.44,10,-10,500,-500,-14.3729,24.95246,5.011638,0.07818472,3.330863,-2.34558,-2.265511,1
11.63548,2.764267,-2.135919,10,-5.381772,-10,0.44,32.14988,-10,500,-500,-14.28556,24.86249,5.073005,-0.01066427,3.282776,-2.307579,-2.166576,1
15.08451,3.469227,1.072469,10,-9.688964,-10,0.44,147.6733,-10,500,-500,-14.21582,24.77445,5.177971,-0.09647268,3.258623,-2.308744,-2.055449,1
14.13958,5.728355,11.76978,10,-10,-10,0.44,212.1133,-10,500,-500,-14.15781,24.68095,5.291613,-0.1385703,3.279942,-2.360809,-1.982606,1
-0.1362175,11.07648,10.90374,10,-10,-10,0.44,271.781,-10,500,-500,-14.10919,24.58172,5.404283,-0.1775503,3.304304,-2.415186,-1.91361,1
8.249352,16.29602,6.159557,10,-10,-10,0.44,333.2735,-10,500,-500,-14.07103,24.47797,5.518184,-0.2177224,3.329193,-2.469391,-1.844123,1
5.826703,13.12497,-0.5163866,10,-10,-10,0.44,398.3148,-10,500,-500,-14.04524,24.37093,5.636382,-0.2602129,3.355914,-2.524839,-1.772905,1
3.246994,3.197445,7.573888,10,-10,-10,0.44,469.5023,-10,500,-500,-14.03516,24.26187,5.763386,-0.3067185,3.386355,-2.583567,-1.698113,1
3.908731,-7.630673,10.50988,9.755502,-10,-10,0.44,500,-10,500,-500,-14.04802,24.15236,5.9063,-0.3694059,3.432909,-2.639296,-1.626251,1
-6.793526,-1.108251,-0.0342648,7.144801,-10,-10,0.44,500,-10,500,-500,-14.11495,24.04501,6.07828,-0.4967934,3.544483,-2.65441,-1.595323,1
9.863402,7.683321,-7.805658,7.205772,-10,-10,0.44,500,-10,500,-500,-14.2498,23.94578,6.306585,-0.6052911,3.638362,-2.735083,-1.500031,1
10.87711,19.46015,6.494147,8.054756,-10,-10,0.44,500,-10,500,-500,-14.47515,23.86323,6.631869,-0.7496356,3.760178,-2.860265,-1.35232,1
6.943245,7.91516,12.95966,7.870239,-10,-10,0.44,500,-10,500,-500,-14.84146,23.8126,7.098775,-1.027497,3.91698,-2.969276,-1.122249,1
3.153033,1.441941,2.434203,4.439217,-10,-10,0.44,500,-10,500,-500,-15.338,23.81764,7.665281,-1.392443,4.194505,-3.073732,-0.9303738,1
-6.75228,14.65948,6.742058,2.438599,-10,-10,0.44,500,-10,500,-500,-15.75037,23.8876,8.121882,-1.633875,4.446244,-3.210634,-0.8037774,1
5.974808,-5.951263,-2.462256,1.40369,-10,-10,0.44,500,-10,500,-500,-15.97924,23.99668,8.384035,-1.782373,4.610809,-3.279353,-0.7511271,1
-0.7347745,-8.210844,3.562787,-2.011885,-10,-10,0.44,500,-10,500,-500,-16.12183,24.12155,8.531305,-1.916354,4.763186,-3.267399,-0.7814764,1
-3.385882,-1.829381,-5.235208,-4.419315,-10,-10,0.44,500,-10,500,-500,-16.23378,24.25405,8.617939,-1.999344,4.865695,-3.256193,-0.8122019,1
0.8055347,5.410556,-9.49963,-4.500295,-10,-10,0.44,500,-10,500,-500,-16.31821,24.39088,8.66902,-2.02225,4.908758,-3.275612,-0.8129395,1
4.199849,12.15422,-8.786995,-3.175521,-10,-10,0.44,500,-10,500,-500,-16.37373,24.52993,8.69939,-2.008615,4.915607,-3.314412,-0.7946233,1
4.846766,17.37065,-5.155615,-1.343819,-10,-10,0.44,500,-10,500,-500,-16.40218,24.66994,8.718622,-1.978923,4.906541,-3.360039,-0.769623,1
3.939791,19.96623,-1.152223,0.2899006,-10,-10,0.44,500,-10,500,-500,-16.40895,24.8103,8.732896,-1.948738,4.897032,-3.402051,-0.7482868,1
3.145537,20.72142,0.6698415,1.483169,-10,-10,0.44,500,-10,500,-500,-16.40048,24.95069,8.746035,-1.924567,4.893542,-3.437109,-0.7339102,1
0.3918213,18.87325,-1.747017,2.450804,-10,-10,0.44,500,-10,500,-500,-16.38024,25.09092,8.760404,-1.904197,4.893832,-3.469384,-0.7222936,1
-1.788801,11.90592,-6.940428,3.072661,-10,-10,0.44,500,-10,500,-500,-16.35057,25.23079,8.777826,-1.890775,4.901013,-3.497243,-0.7150393,1
5.141503,0.7419733,-8.613747,2.474193,-10,-10,0.44,500,-10,500,-500,-16.32,25.37005,8.799755,-1.900441,4.931196,-3.505746,-0.7270516,1
8.163478,-8.423887,2.763126,-1.077956,-10,-10,0.44,500,-10,500,-500,-16.31229,25.50869,8.826217,-1.964084,5.015262,-3.464029,-0.7891912,1
8.37183,8.972038,0.2067325,-5.49195,-10,-10,0.44,500,-10,500,-500,-16.34661,25.6474,8.853517,-2.045252,5.116863,-3.405481,-0.8681731,1
1.582965,-4.815284,6.465191,-8.718863,-10,-10,0.44,500,-10,500,-500,-16.41533,25.78703,8.875713,-2.105421,5.197602,-3.363704,-0.9305205,1
5.280788,15.34911,11.79986,-9.929908,-10,-10,0.44,500,-10,500,-500,-16.50591,25.92767,8.886482,-2.126503,5.239401,-3.351546,-0.9633961,1
-2.372723,-5.20274,1.435216,-10,-10,-10,0.44,500,-10,500,-500,-16.61184,26.06845,8.878885,-2.119492,5.253129,-3.352262,-0.9834193,1
4.364474,2.690669,0.1354959,-10,-10,-10,0.44,500,-10,500,-500,-16.7429,26.20778,8.841728,-2.097455,5.251617,-3.343512,-1.012695,1
4.567875,2.377589,11.67577,-10,-10,-10,0.44,500,-10,500,-500,-16.92595,26.34274,8.749568,-2.049943,5.223989,-3.314659,-1.061429,1
4.060354,6.512669,11.45613,-10,-10,-10,0.44,500,-10,500,-500,-17.22993,26.46635,8.534883,-1.945824,5.138078,-3.240894,-1.153404,1
0.4709277,19.22705,9.464124,-10,-10,-10,0.44,500,-10,500,-500,-17.84878,26.55714,8.005262,-1.719626,4.925254,-3.028254,-1.379418,1
-7.448736,11.80434,-0.8824939,-10,-9.579996,-10,0.44,500,-10,500,-500,-18.89697,26.55458,7.048007,-1.329586,4.640745,-2.625123,-1.88808,1
-1.460458,9.069147,-8.251545,-10,-6.777081,-10,0.44,500,-10,500,-500,-19.49739,26.4612,6.541215,-1.071121,4.547325,-2.463665,-2.214583,1
-0.5151389,7.262456,-9.262365,-10,-4.321779,-10,0.44,500,-10,500,-500,-19.76114,26.35853,6.371776,-0.9957852,4.512154,-2.398606,-2.319806,1
-4.34848,1.331101,-6.687287,-10,-1.698166,-10,0.44,500,-10,500,-500,-19.95988,26.26253,6.265981,-0.9407462,4.502053,-2.365984,-2.397366,1
1.594413,-8.048973,2.893341,-10,1.784769,-10,0.44,500,-10,500,-500,-20.15618,26.17377,6.158239,-0.8745538,4.501216,-2.342903,-2.485803,1
11.97189,11.34774,5.251667,-10,4.471235,-10,0.44,500,-10,500,-500,-20.35279,26.08399,6.044873,-0.815092,4.489024,-2.308431,-2.567544,1
6.269286,3.658711,1.719326,-10,8.240247,-10,0.44,500,-10,500,-500,-20.55027,25.98455,5.92283,-0.7406064,4.484763,-2.281792,-2.664408,1
7.694508,3.608761,0.8457029,-10,10,-10,0.44,500,-10,500,-500,-20.73497,25.86893,5.807832,-0.6937642,4.460515,-2.233348,-2.735445,1
9.145202,6.438066,7.707897,-10,10,-10,0.44,500,-10,500,-500,-20.8855,25.74081,5.730498,-0.6868958,4.434773,-2.176139,-2.773782,1
-1.821539,-2.461915,5.889666,-10,10,-10,0.44,500,-10,500,-500,-21.01168,25.60557,5.683042,-0.6893916,4.417346,-2.134322,-2.795676,1
0.8654644,-0.842658,10.08768,-10,10,-10,0.44,500,-10,500,-500,-21.1228,25.46649,5.65765,-0.6981603,4.405626,-2.104513,-2.804996,1
8.026749,19.09708,0.6455773,-9.262804,10,-10,0.44,500,-10,500,-500,-21.2218,25.32573,5.649595,-0.6991615,4.385892,-2.096838,-2.791935,1
12.005,18.30966,0.4717714,-4.090458,10,-10,0.44,500,-10,500,-500,-21.27704,25.18481,5.654798,-0.6262836,4.292254,-2.174027,-2.693988,1
10.02256,8.997283,-8.941044,2.044962,10,-10,0.44,500,-10,500,-500,-21.27137,25.04417,5.665587,-0.5352653,4.180518,-2.273986,-2.57331,1
8.140531,6.401093,-9.963675,7.299809,10,-10,0.44,500,-10,500,-500,-21.21169,24.90336,5.673647,-0.4553528,4.079861,-2.360576,-2.465976,1
6.33217,14.36123,-7.1627,10,10,-10,0.44,500,-10,500,-500,-21.1143,24.76239,5.671487,-0.4136599,4.017402,-2.400479,-2.405307,1
9.04661,19.59547,7.140605,10,9.993801,-10,0.44,500,-10,500,-500,-21.0068,24.62238,5.653786,-0.4125865,3.995563,-2.386886,-2.398134,1
8.97688,-2.353984,-0.1940542,10,5.993471,-10,0.44,500,-10,500,-500,-20.90239,24.49863,5.644797,-0.4581155,3.93278,-2.333909,-2.3428,1
-0.3243181,-5.986263,1.223797,10,2.019253,-10,0.44,500,-10,500,-500,-20.81674,24.39555,5.668036,-0.5127153,3.882701,-2.298564,-2.273465,1
3.461668,-0.915014,6.885349,10,-1.330203,-10,0.44,500,-10,500,-500,-20.75761,24.30464,5.727321,-0.5719762,3.853144,-2.288426,-2.194785,1
5.457244,19.50624,8.722805,10,-4.126902,-10,0.44,500,-10,500,-500,-20.73021,24.22034,5.823874,-0.6399233,3.845696,-2.300482,-2.107334,1
6.907419,10.39351,-2.12338,10,-8.165377,-10,0.44,500,-10,500,-500,-20.76217,24.14671,5.987997,-0.759269,3.863253,-2.317127,-1.9889,1
6.92893,-8.190984,4.42383,10,-10,-10,0.44,500,-10,500,-500,-20.86168,24.08836,6.225052,-0.8880726,3.942147,-2.384744,-1.871374,1
2.369157,4.477585,-8.992786,10,-10,-10,0.44,500,-10,500,-500,-20.99869,24.04463,6.497495,-1.011927,4.059561,-2.486633,-1.763044,1
2.833575,19.47788,-0.8020351,10,-10,-10,0.44,500,-10,500,-500,-21.16812,24.02082,6.800766,-1.17279,4.169186,-2.577058,-1.621381,1
5.866984,21.54364,5.807034,10,-10,-10,0.44,500,-10,500,-500,-21.35362,24.0215,7.119261,-1.360557,4.26634,-2.653192,-1.454635,1
-2.439189,19.02089,5.621154,10,-10,-10,0.44,500,-10,500,-500,-21.52913,24.048,7.427696,-1.531043,4.371307,-2.738271,-1.304037,1
-6.475311,8.181644,-3.210751,10,-10,-10,0.44,500,-10,500,-500,-21.67228,24.09731,7.704542,-1.652351,4.495613,-2.846354,-1.198951,1
14.60957,3.412577,-2.778662,9.846031,-10,-10,0.44,500,-10,500,-500,-21.77546,24.16372,7.94229,-1.754425,4.60747,-2.941277,-1.113811,1
-3.589324,13.52084,11.04913,5.608681,-10,-10,0.44,500,-10,500,-500,-21.87119,24.242,8.144205,-1.909861,4.774437,-2.953146,-1.113474,1
8.048124,8.399406,1.728384,0.5222184,-10,-10,0.44,500,-10,500,-500,-21.97978,24.33135,8.31338,-2.07893,4.956668,-2.924253,-1.155529,1
-0.7943443,1.697274,7.043496,-6.460544,-10,-10,0.44,500,-10,500,-500,-22.12398,24.43276,8.450811,-2.27037,5.163047,-2.846688,-1.248034,1
9.721647,4.858614,8.65134,-10,-10,-10,0.44,500,-10,500,-500,-22.28481,24.54767,8.555054,-2.386005,5.295611,-2.817426,-1.294224,1
3.793819,7.327122,7.512504,-10,-10,-10,0.44,500,-10,500,-500,-22.42398,24.67386,8.628759,-2.423354,5.351548,-2.84115,-1.289089,1
-8.462291,13.27861,1.673257,-10,-10,-10,0.44,500,-10,500,-500,-22.54483,24.8073,8.678362,-2.446469,5.394322,-2.859134,-1.290763,0.4830805
10.6621,10.74474,-7.280271,-10,-10,-10,0.44,500,-10,500,-500,-22.6539,24.94512,8.708786,-2.458525,5.426681,-2.872287,-1.297912,1
13.09314,18.38527,2.116861,-10,-10,-10,0.44,500,-10,500,-500,-22.7564,25.08527,8.723133,-2.461604,5.450406,-2.881095,-1.30975,1
5.852209,21.31517,4.251553,-10,-10,-10,0.44,500,-10,500,-500,-22.8567,25.22614,8.722958,-2.456893,5.466447,-2.885661,-1.325936,1
5.658403,18.34377,-3.23476,-10,-10,-10,0.44,500,-10,500,-500,-22.95887,25.36627,8.708475,-2.444841,5.475038,-2.885713,-1.346527,1
4.869971,1.663446,-8.639143,-10,-8.538879,-10,0.44,500,-10,500,-500,-23.0646,25.49944,8.686827,-2.413344,5.496061,-2.899272,-1.385488,1
1.864466,-8.504948,3.945118,-10,-4.748772,-10,0.44,500,-10,500,-500,-23.1668,25.61546,8.680231,-2.364567,5.549724,-2.942584,-1.444616,1
9.907047,-4.431655,0.1088412,-10,0.256521,-10,0.44,500,-10,500,-500,-23.25021,25.71204,8.713621,-2.323399,5.635495,-3.011419,-1.50272,1
2.12872,4.233404,-4.253802,-10,4.690874,-10,0.44,500,-10,500,-500,-23.30638,25.79779,8.790432,-2.310565,5.735149,-3.087898,-1.53873,1
5.203106,20.97086,2.220107,-10,9.059452,-10,0.44,500,-10,500,-500,-23.32274,25.87538,8.92206,-2.323863,5.858252,-3.183664,-1.552768,1
6.224841,21.20159,3.636681,-10,10,-10,0.44,500,-10,500,-500,-23.30787,25.94869,9.088623,-2.378904,5.945273,-3.266637,-1.501776,1
9.031812,13.24461,-7.178061,-8.986746,10,-10,0.44,500,-10,500,-500,-23.26827,26.01963,9.27028,-2.429448,6.006267,-3.366611,-1.412251,1
7.540955,4.247664,-9.907917,-4.082229,10,-10,0.44,500,-10,500,-500,-23.16214,26.08387,9.473444,-2.419391,6.005673,-3.545009,-1.243318,1
7.082365,5.057759,-10.15115,0.4721765,10,-10,0.44,500,-10,500,-500,-22.97727,26.13179,9.706163,-2.423324,6.018575,-3.733904,-1.06339,1
0.2563266,9.976095,-8.884936,5.196384,9.41075,-10,0.44,500,-10,500,-500,-22.72078,26.15385,9.962248,-2.411211,6.052985,-3.958206,-0.885612,1
-8.730132,9.600228,-0.1325535,9.274675,7.74507,-10,0.44,500,-10,500,-500,-22.42744,26.15172,10.20771,-2.41048,6.085028,-4.162325,-0.7142656,1
-7.933043,-1.256581,8.858776,10,7.262701,-10,0.44,500,-10,500,-500,-22.13653,26.11898,10.43241,-2.450726,6.173305,-4.30826,-0.6163627,1
2.678695,-9.615818,5.601615,9.293499,6.069299,-10,0.44,500,-10,500,-500,-21.87478,26.049,10.61923,-2.534227,6.238991,-4.379556,-0.5272514,1
6.983375,-9.610142,7.056655,7.450839,3.900792,-10,0.44,500,-10,500,-500,-21.67024,25.97551,10.76553,-2.644445,6.28955,-4.390563,-0.456585,1
5.062968,-9.811975,3.653872,5.152271,2.227904,-10,0.44,500,-10,500,-500,-21.52074,25.91577,10.89064,-2.750167,6.3488,-4.388504,-0.4121724,1
8.089818,-7.607213,-1.599168,3.563613,0.3947205,-10,0.44,500,-10,500,-500,-21.40072,25.85972,11.00696,-2.843369,6.392465,-4.391686,-0.3594522,1
11.85778,-4.046353,-3.975371,2.755132,-2.122739,-10,0.44,500,-10,500,-437.7113,-21.29324,25.81333,11.12623,-2.932214,6.417787,-4.401666,-0.28595,1
14.72606,-0.5480288,-2.734348,2.130055,-4.974609,-10,0.44,500,-10,500,-308.3129,-21.1883,25.7785,11.25791,-3.026136,6.442357,-4.416849,-0.201416,1
17.09958,3.346041,2.127231,1.183093,-7.617251,-10,0.44,500,-10,500,-169.0595,-21.08564,25.75137,11.40586,-3.121264,6.473981,-4.444316,-0.1104439,1
13.82315,10.80472,9.215027,0.3552041,-9.54784,-10,0.44,500,-10,500,-32.38036,-20.98726,25.72521,11.56782,-3.202843,6.508231,-4.496931,-0.01050021,1
4.603967,15.43371,3.335794,0.1907697,-10,-10,0.44,500,-10,500,-10,-20.8947,25.69074,11.73137,-3.257478,6.547606,-4.577817,0.08564517,1
-0.07260245,2.210518,-1.001571,-1.068246,-9.82151,-10,0.44,500,-10,500,-10,-20.82018,25.64403,11.88627,-3.322989,6.610255,-4.640653,0.1513424,1
3.678765,-4.30757,6.072786,-4.100254,-8.968504,-10,0.44,500,-10,500,-10,-20.78629,25.58599,12.02535,-3.409812,6.707737,-4.669072,0.1691031,1
10.80439,0.9031641,10.88733,-7.432631,-8.302531,-10,0.44,500,-10,500,-10,-20.79944,25.52272,12.1516,-3.511848,6.81545,-4.671643,0.1659988,1
10.24723,14.31509,6.743751,-8.594299,-7.768691,-10,0.44,500,-10,500,-10,-20.84062,25.45995,12.27067,-3.581898,6.888273,-4.700254,0.1918355,1
-0.3739265,14.32713,2.70085,-8.217794,-5.990262,-10,0.44,500,-10,500,-10,-20.89133,25.39616,12.37661,-3.606924,6.94395,-4.763001,0.2239327,1
-2.105095,9.51395,-1.539623,-8.101556,-3.426672,-10,0.44,500,-10,500,-10,-20.95145,25.32641,12.46178,-3.619914,7.004393,-4.820589,0.2340664,1
-0.9141291,6.659269,-3.487051,-8.200615,-0.8907019,-10,0.44,500,-10,500,-10,-21.02159,25.24868,12.52785,-3.630118,7.060253,-4.865129,0.2329505,1
-1.317997,3.994179,-3.029344,-8.279737,1.610374,-10,0.44,500,-10,500,-10,-21.09928,25.16141,12.57839,-3.635072,7.108673,-4.902051,0.2264077,1
-0.6463854,-0.8190266,0.3723192,-8.600952,4.185719,-10,0.44,500,-10,500,-10,-21.18391,25.062,12.61599,-3.639237,7.156187,-4.929039,0.2100472,1
6.595213,-3.790899,6.547488,-9.379089,6.333784,-10,0.44,500,-10,500,-10,-21.27857,24.95001,12.64596,-3.654327,7.203151,-4.938787,0.1879205,1
7.476024,6.716284,14.04465,-9.194546,7.737222,-10,0.44,500,-10,500,-10,-21.37922,24.82972,12.67755,-3.663032,7.225739,-4.956253,0.1915031,1
0.1448872,14.47932,6.284914,-6.408587,9.682758,-10,0.44,500,-10,500,-10,-21.46278,24.69785,12.71187,-3.622372,7.209462,-5.02535,0.2362157,1
2.466668,4.883057,-3.752322,-3.478315,10,-10,0.44,500,-10,500,-10,-21.52361,24.56217,12.75512,-3.600281,7.174528,-5.083276,0.3069862,1
6.43367,-3.315629,8.009068,-2.765288,10,-10,0.44,500,-10,500,-10,-21.58427,24.42899,12.81172,-3.624841,7.179469,-5.105618,0.3489462,1
13.96174,4.760484,9.324068,-1.530662,10,-10,0.44,500,-10,500,-10,-21.6539,24.29903,12.88599,-3.648735,7.182974,-5.143262,0.4069788,1
13.82322,8.823462,0.5659583,0.9577892,10,-10,0.44,500,-10,500,-10,-21.72623,24.17323,12.98492,-3.672256,7.164907,-5.201712,0.507018,1
9.670588,8.349596,-3.635323,3.343066,9.62166,-10,0.44,500,-10,500,-10,-21.81128,24.05447,13.11967,-3.724513,7.152737,-5.261106,0.6308384,1
7.384572,7.469075,-4.742164,5.262831,8.293076,-10,0.44,500,-10,500,-10,-21.93524,23.95452,13.31211,-3.828838,7.15656,-5.316237,0.7864716,1
6.705246,9.58717,-4.248819,7.021862,6.731834,-10,0.44,500,-10,500,-10,-22.12404,23.8823,13.58537,-3.983306,7.190024,-5.388188,0.9794266,1
4.526276,13.93818,-1.20831,9.146633,4.980967,-10,0.44,500,-10,500,-10,-22.37613,23.84855,13.94025,-4.139825,7.283792,-5.525723,1.179713,1
4.482932,16.23354,4.300132,10,2.959935,-10,0.44,500,-10,500,-10,-22.62996,23.86041,14.30868,-4.314199,7.414402,-5.656621,1.354375,1
5.009276,16.20537,5.622378,10,0.1477376,-10,0.44,500,-10,500,-10,-22.78889,23.91641,14.58063,-4.476068,7.521194,-5.720087,1.472918,1
7.539941,10.01643,13.46897,10,-3.025143,-10,0.44,500,-10,500,-10,-22.82583,24.00379,14.72767,-4.584584,7.571133,-5.73341,1.544817,1
3.482203,-1.848246,11.471,10,-6.398874,-10,0.44,500,-10,500,-10,-22.78043,24.11515,14.7888,-4.644049,7.571031,-5.724595,1.59557,1
0.467154,-9.842718,-1.10579,10,-8.710295,-10,0.44,500,-10,500,-10,-22.70357,24.24328,14.81672,-4.671091,7.564899,-5.72069,1.624839,1
-3.478347,-6.349158,-7.341706,7.577653,-9.948936,-10,0.44,500,-10,500,-10,-22.63702,24.38166,14.83966,-4.724483,7.610784,-5.686304,1.59796,0
-1.58726,-0.9659901,-10.28897,5.016156,-10,-10,0.44,500,-10,500,-10,-22.59951,24.52093,14.86829,-4.771431,7.677097,-5.663082,1.555371,0
-2.135025,1.679834,-10.17491,3.078328,-10,-10,0.44,500,-10,500,-10,-22.58093,24.65944,14.89948,-4.809638,7.735709,-5.650712,1.522597,0
-1.970933,0.07187155,-10.42121,1.143026,-10,-10,0.44,500,-10,500,-10,-22.57756,24.79755,14.93063,-4.848671,7.795088,-5.63749,1.489029,0
2.956716,-2.620522,-9.087863,-1.292907,-10,-10,0.44,500,-10,500,-10,-22.59268,24.93569,14.96002,-4.896375,7.863141,-5.614145,1.445335,0
9.108112,-2.820426,-3.193977,-4.128752,-10,-10,0.44,500,-10,500,-10,-22.63101,25.07437,14.98557,-4.95011,7.937307,-5.581572,1.392332,0
6.310024,5.00929,5.860878,-6.287838,-10,-10,0.44,500,-10,500,-10,-22.69001,25.21401,15.00462,-4.990005,7.997771,-5.557466,1.347656,0
-1.940439,8.114196,-4.182023,-7.128978,-10,-10,0.44,500,-10,500,-10,-22.75841,25.35454,15.01504,-5.003392,8.031861,-5.552713,1.3222,0
-8.828983,-1.074917,-0.3852048,-8.805949,-8.881126,-10,0.44,500,-10,500,-10,-22.84016,25.49115,15.02015,-5.016662,8.090451,-5.543674,1.267841,0
-1.652446,2.748641,9.487974,-10,-5.810044,-10,0.44,500,-10,500,-10,-22.93232,25.60971,15.03628,-5.007412,8.167823,-5.566291,1.203836,0
0.747969,9.811827,1.792243,-9.837357,-3.585234,-10,0.44,500,-10,500,-10,-23.01832,25.71526,15.06349,-4.990986,8.217045,-5.60526,1.177157,0
-4.285234,7.665472,-5.294446,-8.807962,-1.208265,-10,0.44,500,-10,500,-10,-23.08495,25.81106,15.1058,-4.965577,8.259275,-5.665731,1.169989,0
-5.028096,3.956796,-7.862435,-7.847896,1.342131,-10,0.44,500,-10,500,-10,-23.12202,25.89735,15.17327,-4.951475,8.315317,-5.735736,1.16985,0
-5.821408,1.572572,-7.845614,-6.950438,3.773705,-10,0.44,500,-10,500,-10,-23.12244,25.97464,15.27397,-4.947237,8.37722,-5.823412,1.191385,0
-8.196958,-2.671628,-5.69438,-6.130833,6.217602,-10,0.44,500,-10,500,-10,-23.07653,26.04057,15.41771,-4.957862,8.452592,-5.931887,1.235114,0
-4.162909,-8.819069,-0.8721694,-5.849277,8.484378,-10,0.44,500,-10,500,-10,-22.97992,26.08945,15.61256,-4.999199,8.552174,-6.052002,1.296984,0
6.830354,-6.297162,3.224871,-5.674639,9.60866,-10,0.44,500,-10,500,-10,-22.84388,26.11706,15.84817,-5.071439,8.653797,-6.174987,1.390585,0
0.7535033,5.083352,7.936517,-3.68236,9.910147,-10,0.44,500,-10,500,-10,-22.67587,26.12246,16.10137,-5.117558,8.730619,-6.338671,1.523566,0
-8.773558,2.819674,0.2558399,-0.3888202,10,-10,0.44,500,-10,500,-10,-22.47733,26.10197,16.35373,-5.119134,8.803526,-6.546197,1.659762,0
-2.180888,-9.383549,-1.304518,1.3144,10,-10,0.44,500,-10,500,-10,-22.27801,26.05407,16.58429,-5.144442,8.888687,-6.711928,1.765639,0
8.724972,-5.468327,1.537184,2.149965,10,-10,0.44,500,-10,500,-10,-22.10496,25.98162,16.78005,-5.183816,8.963459,-6.834754,1.853067,0
8.501102,-0.1177828,-5.703353,3.96609,9.542439,-10,0.44,500,-10,500,-10,-21.95317,25.89234,16.93862,-5.219873,8.979769,-6.93009,1.968151,0
4.685958,1.18887,-8.825796,5.874354,7.657177,-10,0.44,500,-10,500,-10,-21.81305,25.80433,17.06597,-5.259923,8.964399,-6.995562,2.089041,0
2.91101,1.616739,-9.52622,7.410456,5.662741,-10,0.44,500,-10,500,-10,-21.67738,25.72326,17.1731,-5.2989,8.946522,-7.045352,2.195687,0
2.315064,5.079957,-8.368439,8.876379,3.437989,-10,0.44,500,-10,500,-10,-21.54015,25.65158,17.26917,-5.336299,8.923265,-7.087548,2.29854,0
0.1251218,9.646837,-3.295307,10,1.095646,-10,0.44,500,-10,500,-10,-21.39717,25.58984,17.36144,-5.378222,8.903347,-7.122085,2.394917,0
2.655174,10.07121,1.16425,10,-1.701791,-10,0.44,500,-10,500,-10,-21.25585,25.53816,17.45732,-5.445243,8.899758,-7.13451,2.477951,0
0.5990697,10.05388,0.6380717,10,-5.179102,-10,0.44,500,-10,500,-10,-21.1132,25.49887,17.56775,-5.524957,8.89538,-7.146297,2.57383,0
-1.571818,2.457534,10.03717,10,-8.289853,-10,0.44,500,-10,500,-10,-20.96806,25.46483,17.69624,-5.596806,8.892164,-7.180911,2.683509,0
-7.482259,-7.045,2.255953,10,-10,-10,0.44,500,-10,500,-10,-20.82313,25.42494,17.83699,-5.653521,8.904493,-7.240823,2.787807,0
-5.186755,-5.598173,-6.447786,7.513762,-10,-10,0.44,500,-10,500,-10,-20.70263,25.36765,17.97082,-5.733555,8.976088,-7.271677,2.827101,0
-0.7909634,0.6635795,-9.368627,4.514166,-10,-10,0.44,500,-10,500,-10,-20.6234,25.29655,18.09544,-5.822858,9.054916,-7.285636,2.851533,0
-1.222921,4.738837,-8.726064,2.344405,-10,-10,0.44,500,-10,500,-10,-20.57782,25.21706,18.21309,-5.89864,9.118988,-7.307332,2.88494,0
-2.919796,3.803006,-8.961147,0.4190191,-10,-10,0.44,500,-10,500,-10,-20.56138,25.13317,18.32663,-5.972538,9.180529,-7.32751,2.917477,0
-0.3871111,-0.3762625,-9.798601,-1.951867,-10,-10,0.44,500,-10,500,-10,-20.57682,25.04827,18.43922,-6.064929,9.260411,-7.328414,2.930887,0
7.00974,-2.805414,-6.556048,-4.950073,-10,-10,0.44,500,-10,500,-10,-20.61943,24.95257,18.55448,-6.173177,9.354562,-7.315668,2.93224,0
8.904169,2.630317,3.25744,-7.646489,-10,-10,0.44,500,-10,500,-10,-20.70528,24.86481,18.67551,-6.280544,9.449001,-7.308585,2.938085,0
-0.5726527,9.70717,-0.1815351,-8.784462,-10,-10,0.44,500,-10,500,-10,-20.82791,24.80043,18.8061,-6.365705,9.524679,-7.331627,2.97061,0
-8.781814,4.459574,1.109648,-9.762246,-8.33213,-10,0.44,500,-10,500,-10,-20.96728,24.74777,18.93723,-6.429674,9.618446,-7.376315,2.985499,0
-1.340044,7.436002,6.926832,-10,-5.015075,-10,0.44,500,-10,500,-10,-21.11061,24.6955,19.04919,-6.454727,9.710496,-7.444028,2.986216,0
-0.8412622,10.16583,-1.144047,-9.23404,-2.52901,-10,0.44,500,-10,500,-10,-21.24902,24.64099,19.14888,-6.467446,9.769986,-7.513909,3.009326,0
-3.868971,6.579594,-6.435709,-8.075462,0.0007606149,-10,0.44,500,-10,500,-10,-21.37703,24.58039,19.24061,-6.479319,9.809184,-7.578043,3.046134,0
-5.032094,2.622426,-9.034702,-7.086245,2.481875,-10,0.44,500,-10,500,-10,-21.49732,24.50954,19.32779,-6.495244,9.845453,-7.634357,3.082103,0
-6.546468,0.2442784,-8.062646,-6.065742,4.84972,-10,0.44,500,-10,500,-10,-21.61357,24.42673,19.41617,-6.51345,9.878914,-7.689384,3.121877,0
-7.66511,-4.933397,-4.433965,-5.249489,7.217082,-10,0.44,500,-10,500,-10,-21.73208,24.33054,19.51258,-6.540865,9.917025,-7.741853,3.163651,0
-0.1323678,-9.902201,0.3696759,-5.056703,9.070655,-10,0.44,500,-10,500,-10,-21.86866,24.22405,19.62883,-6.597572,9.965551,-7.781466,3.211444,0
4.677176,-3.653673,8.04097,-4.525249,9.695526,-10,0.44,500,-10,500,-10,-22.04158,24.12091,19.7845,-6.685863,10.00775,-7.82216,3.298231,0
-7.367509,0.5310438,6.279427,-2.434915,10,-10,0.44,500,-10,500,-10,-22.25769,24.03288,20.00014,-6.770739,10.05488,-7.915966,3.42978,0
-4.615235,-8.380418,-1.110277,-0.4742292,10,-10,0.44,500,-10,500,-10,-22.527,23.97145,20.28997,-6.877221,10.15232,-8.049629,3.572491,0
7.476218,-6.838617,1.826857,0.5414271,10,-10,0.44,500,-10,500,-10,-22.85091,23.94802,20.64467,-7.027187,10.29883,-8.193568,3.719882,0
8.968494,-0.3192821,-4.861012,2.562594,10,-10,0.44,500,-10,500,-10,-23.16859,23.97034,21.00967,-7.191354,10.46628,-8.331835,3.854862,0
4.535501,1.07394,-8.899958,4.842998,8.875063,-10,0.44,500,-10,500,-10,-23.39194,24.03447,21.30148,-7.326688,10.58573,-8.438293,3.977204,0
1.912888,0.4410512,-10.18273,6.665906,7.029031,-10,0.44,500,-10,500,-10,-23.49405,24.12291,21.48808,-7.409945,10.64045,-8.509651,4.077105,0
1.680919,3.346771,-9.370071,8.252986,4.891307,-10,0.44,500,-10,500,-10,-23.50739,24.21941,21.59809,-7.447015,10.6436,-8.563734,4.165109,0
-0.8165716,8.14312,-5.900867,9.805588,2.544658,-10,0.44,500,-10,500,-10,-23.45939,24.31736,21.65827,-7.462007,10.62017,-8.598604,4.238395,0
-1.20216,10.41745,-0.3582842,10,-0.05927998,-10,0.44,500,-10,500,-10,-23.37828,24.41611,21.68484,-7.487156,10.60123,-8.595474,4.279354,0
-3.434813,8.458345,4.536756,10,-3.058824,-10,0.44,500,-10,500,-10,-23.27706,24.519,21.68294,-7.506825,10.56851,-8.574226,4.310494,0
-5.706213,-2.31476,8.075843,10,-5.979484,-10,0.44,500,-10,500,-10,-23.16461,24.63053,21.66055,-7.515848,10.5282,-8.546651,4.332258,0
-6.474193,-7.984623,-0.5262126,9.850034,-8.311815,-10,0.44,500,-10,500,-10,-23.05044,24.75373,21.62815,-7.515697,10.49368,-8.519961,4.339941,0
-3.713496,-5.65734,-7.426622,7.155099,-9.804494,-10,0.44,500,-10,500,-10,-22.95965,24.88799,21.59637,-7.550174,10.51432,-8.459147,4.292963,0
-1.217309,-0.4215754,-9.868315,4.357638,-10,-10,0.44,500,-10,500,-10,-22.90429,25.02702,21.57284,-7.576865,10.55709,-8.412958,4.230694,0
-1.592082,1.675269,-9.643852,2.072213,-10,-10,0.44,500,-10,500,-10,-22.87661,25.16702,21.55651,-7.597124,10.59797,-8.379175,4.176287,0
-0.6396744,-1.072434,-10.35034,-0.3530048,-10,-10,0.44,500,-10,500,-10,-22.87459,25.30735,21.54321,-7.622443,10.64396,-8.342834,4.119272,0
5.932579,-2.777207,-7.517363,-3.260766,-10,-10,0.44,500,-10,500,-10,-22.90266,25.44761,21.52889,-7.657264,10.69944,-8.296146,4.051924,0
9.969861,1.548686,0.5964515,-6.002755,-10,-10,0.44,500,-10,500,-10,-22.9635,25.58724,21.50851,-7.688656,10.7514,-8.247869,3.983077,0
1.929858,9.855938,1.539101,-7.278439,-10,-10,0.44,500,-10,500,-10,-23.04954,25.72523,21.47607,-7.69164,10.77472,-8.218004,3.932884,0
-6.840422,7.108025,2.524257,-7.973999,-8.226766,-10,0.44,500,-10,500,-10,-23.14952,25.85501,21.43829,-7.662792,10.80492,-8.215548,3.871379,0
-0.6257314,8.329519,6.480069,-8.136229,-5.360047,-10,0.44,500,-10,500,-10,-23.24725,25.97048,21.41454,-7.618051,10.84174,-8.24061,3.814876,0
-1.204004,10.01147,-1.216987,-7.337714,-3.23951,-10,0.44,500,-10,500,-10,-23.33062,26.07717,21.4044,-7.572267,10.85942,-8.277992,3.78879,0
-5.231928,6.55295,-5.823427,-6.355421,-0.9559565,-10,0.44,500,-10,500,-10,-23.38642,26.17832,21.4164,-7.531902,10.88538,-8.328299,3.772773,0
-6.598059,2.592189,-7.439662,-5.579041,1.437497,-10,0.44,500,-10,500,-10,-23.39665,26.27557,21.47011,-7.510596,10.9323,-8.394107,3.770358,0
-7.881089,-1.401504,-6.586152,-4.942179,3.785922,-10,0.44,500,-10,500,-10,-23.33058,26.36837,21.59691,-7.515267,11.00353,-8.494501,3.804198,0
-6.29848,-7.52621,-3.580991,-4.713445,6.006277,-10,0.44,500,-10,500,-10,-23.12825,26.44967,21.85884,-7.57744,11.12768,-8.649364,3.897084,0
1.592294,-9.964427,2.033747,-4.970923,7.49968,-10,0.44,500,-10,500,-10,-22.71362,26.49976,22.33559,-7.720604,11.34132,-8.90123,4.078469,0
-1.692425,-4.968259,8.593122,-4.702425,8.430961,-10,0.44,500,-10,500,-10,-22.15034,26.48681,22.95999,-7.855947,11.65038,-9.283253,4.286782,0
-7.272385,-6.853262,0.9106274,-3.354342,9.927105,-10,0.44,500,-10,500,-10,-21.75178,26.39639,23.40752,-7.97164,11.81445,-9.538385,4.493532,0
3.568499,-9.366642,1.758772,-2.418175,10,-10,0.44,500,-10,500,-10,-21.57979,26.27274,23.61693,-8.041,11.86724,-9.642531,4.614252,0
10.21076,-1.11871,-0.5564725,-0.6528388,10,-10,0.44,500,-10,500,-10,-21.49211,26.14044,23.72788,-8.061696,11.86844,-9.71377,4.70498,0
6.667035,2.090179,-7.433008,2.044618,9.658459,-10,0.44,500,-10,500,-10,-21.42067,26.00603,23.79745,-8.054302,11.83356,-9.778811,4.79751,0
3.082089,1.734479,-9.51683,4.486441,8.218208,-10,0.44,500,-10,500,-10,-21.34131,25.87928,23.85121,-8.055561,11.78371,-9.822093,4.891899,0
1.79248,3.093301,-9.457604,6.549941,6.420882,-10,0.44,500,-10,500,-10,-21.24949,25.76325,23.89869,-8.05939,11.72998,-9.857605,4.984975,0
-0.8693883,7.169921,-7.057153,8.732245,4.313863,-10,0.44,500,-10,500,-10,-21.141,25.65892,23.94563,-8.061842,11.66961,-9.894049,5.084236,0
-3.185838,9.683022,-1.661555,10,1.983327,-10,0.44,500,-10,500,-10,-21.01833,25.56516,23.9958,-8.081693,11.62317,-9.915766,5.172247,0
-5.848874,6.653424,4.761341,10,-0.6621475,-10,0.44,500,-10,500,-10,-20.89478,25.48043,24.05443,-8.128428,11.59785,-9.917612,5.246147,0
-6.401905,-4.454144,6.552671,10,-3.451993,-10,0.44,500,-10,500,-10,-20.77167,25.40147,24.12589,-8.180156,11.57512,-9.925097,5.328086,0
-4.781613,-8.904384,-0.6140013,9.58523,-5.913547,-10,0.44,500,-10,500,-10,-20.65278,25.32298,24.21031,-8.239259,11.56723,-9.935948,5.405934,0
-3.063511,-7.337994,-6.71489,6.775522,-7.777063,-10,0.44,500,-10,500,-10,-20.5612,25.23993,24.30366,-8.336918,11.61069,-9.915632,5.439815,0
-1.226865,-3.778757,-9.907813,3.893461,-9.043521,-10,0.44,500,-10,500,-10,-20.48585,25.12524,24.40226,-8.433987,11.66235,-9.900263,5.46986,0
0.4273818,-2.58341,-9.671293,1.254111,-9.713423,-10,0.44,500,-10,500,-10,-20.46972,25.031,24.50326,-8.522975,11.72237,-9.894962,5.493527,0
4.503237,-3.930714,-8.210771,-1.608526,-9.966938,-10,0.44,500,-10,500,-10,-20.4915,24.93626,24.60774,-8.617785,11.79751,-9.886726,5.504957,0
9.923433,-1.378355,-1.841681,-4.489399,-10,-10,0.44,500,-10,500,-10,-20.55348,24.84494,24.71781,-8.72296,11.88849,-9.872751,5.505179,0
5.930754,7.960823,2.980204,-6.137885,-9.709824,-10,0.44,500,-10,500,-10,-20.64777,24.76122,24.83557,-8.808048,11.96778,-9.885238,5.523463,0
-5.041975,8.759937,0.7763592,-6.660277,-7.939412,-10,0.44,500,-10,500,-10,-20.75703,24.68534,24.95085,-8.856545,12.04497,-9.932259,5.541796,0
-2.25644,7.707612,6.653154,-6.809271,-5.263795,-10,0.44,500,-10,500,-10,-20.87071,24.61261,25.05235,-8.882803,12.12076,-9.990101,5.5501,0
0.04236299,10.1002,0.8785403,-6.086993,-3.319684,-10,0.44,500,-10,500,-10,-20.98106,24.54081,25.14458,-8.898376,12.16953,-10.05096,5.577756,0
-5.253425,7.875636,-4.015157,-5.014427,-1.410979,-10,0.44,500,-10,500,-10,-21.06175,24.44286,25.23138,-8.906374,12.20609,-10.11488,5.613124,0
-8.163054,3.296224,-5.276708,-4.172405,0.803453,-10,0.44,500,-10,500,-10,-21.15672,24.36249,25.31038,-8.911139,12.24888,-10.17557,5.635791,0
-8.849532,-1.936778,-4.173231,-3.722049,3.044802,-10,0.44,500,-10,500,-10,-21.24633,24.2727,25.38295,-8.919992,12.29498,-10.22685,5.649822,0
-5.53268,-8.720984,-2.446491,-3.864204,5.038843,-10,0.44,500,-10,500,-10,-21.33932,24.17235,25.45425,-8.947589,12.34183,-10.25833,5.662042,0
2.208468,-9.611699,3.205163,-4.377583,6.225885,-10,0.44,500,-10,500,-10,-21.45237,24.06543,25.53868,-9.004426,12.38524,-10.27145,5.688592,0
-3.352437,-5.331579,8.011353,-4.275029,7.22906,-10,0.44,500,-10,500,-10,-21.60303,23.95694,25.6588,-9.07538,12.4274,-10.30003,5.745964,0
-4.72617,-8.655732,0.3044506,-3.338477,9.256981,-10,0.44,500,-10,500,-10,-21.81298,23.84155,25.8451,-9.161907,12.48715,-10.36787,5.840582,0
6.382135,-7.256806,3.304468,-2.630823,9.979214,-10,0.44,500,-10,500,-10,-22.20688,23.73424,26.22178,-9.366608,12.6151,-10.47528,6.024737,0
10.30964,1.392987,-0.945084,-0.5669585,9.360279,-10,0.44,500,-10,500,-10,-23.05247,23.6858,27.06505,-9.76403,12.98264,-10.77658,6.355931,0
6.225575,3.643141,-7.273826,2.248664,8.109365,-10,0.44,500,-10,500,-10,-23.81444,23.75436,27.84917,-10.15442,13.35496,-11.0359,6.633319,0
3.232472,4.58576,-8.608686,4.850856,6.512448,-10,0.44,500,-10,500,-10,-23.95005,23.8697,28.03079,-10.20254,13.38411,-11.13827,6.75466,0
0.4011148,7.50244,-6.864046,7.353136,4.566717,-10,0.44,500,-10,500,-10,-23.91203,23.98139,28.06163,-10.18425,13.33846,-11.18211,6.82586,0
-1.431162,10.11982,-1.711196,9.665727,2.285859,-10,0.44,500,-10,500,-10,-23.81056,24.08556,28.05078,-10.15265,13.27084,-11.20472,6.884486,0
-3.63372,9.157047,2.623064,10,-0.5594689,-10,0.44,500,-10,500,-10,-23.67838,24.18398,28.01316,-10.14867,13.21729,-11.17753,6.906867,0
-5.288801,-1.138126,8.459032,10,-3.534688,-10,0.44,500,-10,500,-10,-23.53144,24.28189,27.95446,-10.14232,13.15836,-11.13525,6.917163,0
-5.093058,-8.842286,1.189461,9.525186,-6.208134,-10,0.44,500,-10,500,-10,-23.38129,24.38581,27.88322,-10.13482,13.10598,-11.08371,6.91052,0
-3.500312,-8.398398,-5.065766,6.408484,-8.126096,-10,0.44,500,-10,500,-10,-23.26139,24.49991,27.81218,-10.16484,13.10961,-10.99483,6.848023,0
-0.8834595,-5.160131,-8.358419,3.04059,-9.268631,-10,0.44,500,-10,500,-10,-23.18583,24.62322,27.74735,-10.19481,13.13202,-10.91115,6.771901,0
1.321433,-4.687935,-8.809038,-0.1267272,-9.725597,-10,0.44,500,-10,500,-10,-23.15255,24.75203,27.68985,-10.21728,13.16317,-10.84103,6.693098,0
6.107756,-5.615528,-5.874527,-3.453739,-9.706408,-10,0.44,500,-10,500,-10,-23.16084,24.88228,27.6379,-10.23777,13.20328,-10.7775,6.60995,0
9.593941,-1.478187,2.465322,-6.51443,-9.363937,-10,0.44,500,-10,500,-10,-23.20808,25.01068,27.58783,-10.25313,13.24527,-10.72064,6.526464,0
2.973265,9.212724,3.161493,-7.790206,-8.005499,-10,0.44,500,-10,500,-10,-23.27986,25.13283,27.54173,-10.23054,13.27126,-10.70504,6.462278,0
-5.917628,8.167328,1.83671,-8.061764,-5.43763,-10,0.44,500,-10,500,-10,-23.3606,25.24553,27.50865,-10.18523,13.30038,-10.72294,6.405749,0
-1.120643,8.605186,5.502067,-7.564341,-2.370845,-10,0.44,500,-10,500,-10,-23.43979,25.34969,27.49645,-10.13273,13.33228,-10.76534,6.363743,0
-1.044166,10.25221,-0.8432601,-6.047744,-0.2118642,-10,0.44,500,-10,500,-10,-23.50338,25.45005,27.50011,-10.08083,13.34379,-10.82026,6.355264,0
-6.262065,7.099463,-4.104311,-4.323761,1.846266,-10,0.44,500,-10,500,-10,-23.54425,25.54947,27.51917,-10.03344,13.35739,-10.88345,6.357464,0
-9.760374,1.926384,-2.78798,-2.868363,3.978475,-10,0.44,500,-10,500,-10,-23.55911,25.64913,27.55867,-9.99902,13.38566,-10.9506,6.361911,0
-8.039948,-6.07079,0.2621153,-2.190225,5.873031,-10,0.44,500,-10,500,-10,-23.53569,25.73344,27.62242,-9.992142,13.43387,-11.0103,6.366528,0
2.866407,-9.512827,1.290673,-2.224152,6.883009,-10,0.44,500,-10,500,-10,-23.49753,25.81939,27.70908,-10.01585,13.49298,-11.0584,6.379227,0
2.697175,-3.333125,8.732185,-1.718036,6.766213,-10,0.44,500,-10,500,-10,-23.45176,25.9141,27.80828,-10.04049,13.52895,-11.11595,6.425451,0
-7.924751,-4.823109,3.560665,-0.3923769,7.64759,-10,0.44,500,-10,500,-10,-23.37022,26.00392,27.93134,-10.04775,13.56929,-11.21066,6.48708,0
1.248784,-10.04156,0.8556233,0.2815748,8.302835,-10,0.44,500,-10,500,-10,-23.24132,26.08337,28.09427,-10.08325,13.63124,-11.31016,6.560128,0
9.739513,-2.59919,1.605618,1.176657,7.28036,-10,0.44,500,-10,500,-10,-23.07837,26.15054,28.28146,-10.1429,13.67776,-11.40562,6.668713,0
8.883623,3.978424,-3.436284,3.288088,5.488707,-10,0.44,500,-10,500,-10,-22.88033,26.20701,28.48027,-10.19412,13.69695,-11.51913,6.814253,0
5.024511,7.549625,-4.856451,5.649179,3.371313,-10,0.44,500,-10,500,-10,-22.63392,26.24057,28.68717,-10.22476,13.72945,-11.65992,6.953193,0
0.641557,10.08158,-0.9143491,8.068437,1.165639,-10,0.44,500,-10,500,-10,-22.3601,26.27007,28.89876,-10.24694,13.7692,-11.81306,7.088763,0
4.297125,8.580912,3.394069,9.84735,-1.601101,-10,0.44,500,-10,500,-10,-22.05651,26.30701,29.12713,-10.28858,13.82182,-11.96065,7.225362,0
2.296375,9.820904,-0.6613973,10,-5.413455,-10,0.44,500,-10,500,-10,-21.68735,26.32248,29.3931,-10.39864,13.88511,-12.07097,7.382449,0
-2.36309,1.848322,9.303497,9.940892,-8.431678,-10,0.44,500,-10,500,-10,-21.27338,26.35294,29.73004,-10.54752,13.97052,-12.20127,7.576232,0
-6.722864,-7.6355,1.53219,6.944875,-10,-10,0.44,500,-10,500,-10,-20.81544,26.34397,30.13287,-10.75058,14.13694,-12.332,7.743596,0
-4.498409,-7.00733,-5.957886,2.666823,-10,-10,0.44,500,-10,500,-10,-20.46154,26.27798,30.47239,-10.91423,14.29087,-12.44966,7.870983,0
-1.70068,-5.258847,-8.731736,-1.290549,-10,-10,0.44,500,-10,500,-10,-20.2606,26.17656,30.69859,-11.04535,14.40704,-12.50598,7.942239,0
1.591489,-7.11294,-7.31011,-5.100936,-10,-10,0.44,500,-10,500,-10,-20.17349,26.05988,30.84946,-11.16307,14.50758,-12.51326,7.96671,0
5.496373,-8.67122,-1.094975,-9.020896,-8.760173,-10,0.44,500,-10,500,-10,-20.17355,25.94032,30.95195,-11.2667,14.62151,-12.49456,7.937704,0
2.923126,-1.684129,8.852722,-10,-6.227082,-10,0.44,500,-10,500,-10,-20.22929,25.82682,31.01404,-11.29208,14.68722,-12.52062,7.923439,0
-0.7902679,9.75574,0.8226942,-10,-2.544114,-10,0.44,500,-10,500,-10,-20.3154,25.72206,31.03594,-11.27228,14.73492,-12.55857,7.893884,0
-4.430911,9.180539,1.79875,-10,1.373018,-10,0.44,500,-10,500,-10,-20.42229,25.62219,31.02249,-11.23602,14.77215,-12.58368,7.845505,0
-0.1977315,10.30497,-0.5806665,-8.42697,4.84774,-10,0.44,500,-10,500,-10,-20.53106,25.52061,30.98078,-11.16648,14.7659,-12.61866,7.817198,0
-2.53335,8.255262,-5.632353,-5.138898,7.176356,-10,0.44,500,-10,500,-10,-20.61032,25.41253,30.92496,-11.07362,14.70956,-12.66527,7.827291,0
-6.426919,6.579374,-4.334026,-1.77894,8.873662,-10,0.44,500,-10,500,-10,-20.65242,25.29746,30.86048,-10.98147,14.63867,-12.70399,7.844747,0
-9.22349,0.674833,3.38712,1.295041,9.923254,-10,0.44,500,-10,500,-10,-20.6446,25.16255,30.78893,-10.89992,14.56088,-12.72625,7.863246,0
-0.8856652,-9.603907,0.5065666,2.862813,9.95704,-10,0.44,500,-10,500,-10,-20.61014,25.03286,30.71322,-10.85748,14.5001,-12.70596,7.861301,0
8.972634,0.290804,-0.5871004,4.820261,8.626164,-10,0.44,500,-10,500,-10,-20.55866,24.91823,30.64132,-10.82301,14.41878,-12.68086,7.883054,0
-1.678279,-0.3982503,9.409428,7.2125,6.253648,-10,0.44,500,-10,500,-10,-20.47816,24.81066,30.5844,-10.79528,14.32177,-12.66143,7.932894,0
-1.785919,-9.499289,2.01172,7.710275,4.565023,-10,0.44,500,-10,500,-10,-20.38408,24.70883,30.53522,-10.79324,14.26671,-12.62271,7.9472,0
7.473598,-6.992038,-1.876968,7.066803,1.893529,-10,0.44,500,-10,500,-10,-20.29638,24.61024,30.49971,-10.8259,14.22468,-12.56063,7.959807,0
10.11301,-0.2378194,-2.676297,6.729649,-1.337543,-10,0.44,500,-10,500,-10,-20.22308,24.51023,30.48906,-10.86795,14.17924,-12.50976,7.996425,0
6.610206,7.371584,-1.173442,6.909198,-4.4501,-10,0.44,500,-10,500,-10,-20.16621,24.40452,30.50779,-10.90995,14.13558,-12.48327,8.055606,0
-4.821689,7.630525,3.608276,7.135465,-6.637601,-10,0.44,500,-10,500,-10,-20.12623,24.2918,30.55344,-10.95023,14.10999,-12.48082,8.119015,0
2.463063,-4.236132,7.845815,5.360069,-8.247644,-10,0.44,500,-10,500,-10,-20.11936,24.1734,30.62274,-11.02747,14.13353,-12.461,8.152892,0
6.936833,2.128052,-4.952775,2.074985,-10,-10,0.44,500,-10,500,-10,-20.19008,24.05007,30.74115,-11.15172,14.20016,-12.43486,8.184385,0
-3.266521,7.913285,4.347721,0.6842066,-10,-10,0.44,500,-10,500,-10,-20.3403,23.93254,30.91899,-11.25914,14.29026,-12.47481,8.241643,0
-9.361762,-1.681201,2.162603,-1.789666,-9.924362,-10,0.44,500,-10,500,-10,-20.62641,23.83083,31.2114,-11.44524,14.46309,-12.53099,8.311105,0
-6.757208,-5.553837,-4.74982,-5.190345,-8.187618,-10,0.44,500,-10,500,-10,-21.11942,23.76237,31.67505,-11.71986,14.74427,-12.64054,8.41409,0
-3.201929,-8.789,-5.249609,-8.399902,-5.610625,-10,0.44,500,-10,500,-10,-21.78865,23.74346,32.27932,-12.11322,15.0367,-12.74787,8.622349,0
-1.27302,-10.02139,2.138664,-10,-2.644775,-10,0.44,500,-10,500,-10,-22.42303,23.77304,32.82499,-12.38365,15.34477,-12.92958,8.766418,0
-5.670218,-7.184881,-2.850718,-10,1.884422,-10,0.44,500,-10,500,-10,-22.91909,23.8217,33.23099,-12.53098,15.60126,-13.11866,8.84634,0
-3.164981,-7.896217,3.175153,-10,6.208238,-10,0.44,500,-10,500,-10,-23.35856,23.88314,33.5835,-12.68426,15.86096,-13.25747,8.878729,0
1.264455,7.420337,5.973421,-10,9.726176,-10,0.44,500,-10,500,-10,-23.73997,23.97396,33.88189,-12.8173,16.0866,-13.37166,8.900322,0
4.087374,8.576655,-2.894828,-6.929602,10,-10,0.44,500,-10,500,-10,-23.9758,24.09469,34.05348,-12.84385,16.1371,-13.4873,8.992006,0
2.57696,5.39323,-8.20489,-2.046113,10,-10,0.44,500,-10,500,-10,-24.08283,24.22772,34.14153,-12.79347,16.10632,-13.61064,9.095748,0
-0.006819814,5.196126,-8.688986,2.443045,10,-10,0.44,500,-10,500,-10,-24.08977,24.34015,34.198,-12.73256,16.06197,-13.71833,9.186876,0
-4.410622,8.252433,-3.582983,7.148705,10,-10,0.44,500,-10,500,-10,-24.0642,24.47655,34.24762,-12.66153,16.01103,-13.83048,9.278936,0
-2.186042,4.699853,7.338435,10,9.888884,-10,0.44,500,-10,500,-10,-23.99685,24.61121,34.29764,-12.62124,15.98807,-13.91222,9.343339,0
0.6464245,-8.675164,0.12937,10,6.399775,-10,0.44,500,-10,500,-10,-23.91185,24.733,34.32904,-12.65974,15.96595,-13.89973,9.391479,0
7.932444,-3.424814,-1.911165,10,1.984524,-10,0.44,500,-10,500,-10,-23.81124,24.83834,34.32681,-12.69507,15.91737,-13.86255,9.438207,0
1.341836,-9.465815,3.773253,10,-3.096039,-10,0.44,500,-10,500,-10,-23.70025,24.93238,34.28502,-12.72175,15.84349,-13.80125,9.47746,0
2.247286,-8.769702,-4.778112,9.389881,-6.885786,-10,0.44,500,-10,500,-10,-23.59076,25.02568,34.21375,-12.7322,15.78235,-13.73174,9.47955,0
5.70668,-6.013507,-6.191339,6.219402,-9.636574,-10,0.44,500,-10,500,-10,-23.51229,25.12534,34.12282,-12.76768,15.77057,-13.62092,9.415988,0
9.665401,-1.447662,0.6099639,2.698765,-10,-10,0.44,500,-10,500,-10,-23.47825,25.23122,34.02972,-12.7834,15.7937,-13.52806,9.315718,0
1.675703,9.005524,0.3760428,0.2373168,-10,-10,0.44,500,-10,500,-10,-23.48176,25.33931,33.93847,-12.7791,15.80532,-13.45675,9.228484,0
-2.268259,-6.915887,-2.700279,-3.122817,-10,-10,0.44,500,-10,500,-10,-23.52509,25.44627,33.84403,-12.78303,15.82501,-13.37457,9.13055,0
4.256735,-7.644104,3.375645,-8.420627,-10,-10,0.44,500,-10,500,-10,-23.6303,25.54772,33.74023,-12.81704,15.87397,-13.25455,8.995583,0
3.5028,8.998709,1.042241,-10,-9.349742,-10,0.44,500,-10,500,-10,-23.77905,25.63728,33.62321,-12.77655,15.86131,-13.19808,8.911274,0
-7.614297,5.179288,-4.08576,-10,-5.322398,-10,0.44,500,-10,500,-10,-23.92944,25.71856,33.52221,-12.68022,15.86765,-13.21072,8.821246,0
-7.088129,0.1657591,-6.837287,-10,-0.4223161,-10,0.44,500,-10,500,-10,-24.06691,25.80484,33.45603,-12.59143,15.90191,-13.24467,8.732151,0
-5.551435,-6.947596,-3.483055,-10,4.503722,-10,0.44,500,-10,500,-10,-24.17156,25.89219,33.42595,-12.51955,15.95383,-13.29163,8.655312,0
4.973429,-3.851499,6.169405,-10,8.503813,-10,0.44,500,-10,500,-10,-24.25945,26.00696,33.42899,-12.47267,16.01393,-13.34103,8.597729,0
-2.147361,9.299055,1.178458,-8.724258,10,-10,0.44,500,-10,500,-10,-24.34373,26.14662,33.44103,-12.43499,16.03052,-13.38869,8.591114,0
1.90094,-4.175181,-5.650492,-4.492939,10,-10,0.44,500,-10,500,-10,-24.40244,26.28763,33.43612,-12.35331,15.96961,-13.4663,8.647953,0
4.65738,-2.407354,7.665285,-1.919589,10,-10,0.44,500,-10,500,-10,-24.45531,26.42831,33.40779,-12.28713,15.92415,-13.50901,8.669939,0
8.799309,4.738626,-2.574599,2.749603,10,-10,0.44,500,-10,500,-10,-24.51712,26.56825,33.32865,-12.15897,15.81661,-13.57159,8.711907,0
4.64554,4.693637,-7.746656,7.241714,10,-10,0.44,500,-10,500,-10,-24.9107,26.70608,32.87188,-11.89214,15.57008,-13.45995,8.579963,0
1.000587,8.265196,-5.443393,10,8.602092,-10,0.44,500,-10,500,-10,-23.74084,26.80929,33.94488,-12.29914,15.96081,-13.94202,9.078314,0
4.090988,9.137119,0.6500279,10,4.311624,-10,0.44,500,-10,500,-10,-23.92183,26.91584,33.66267,-12.21763,15.79838,-13.78969,9.006902,0
1.646238,9.524826,-1.071923,10,-1.269413,-10,0.44,500,-10,500,-10,-23.70284,27.0124,33.78519,-12.32599,15.79529,-13.78284,9.111506,0
4.628683,-6.695738,2.711378,10,-7.105547,-10,0.44,500,-10,500,-10,-23.42247,27.1096,33.97604,-12.46258,15.81477,-13.8044,9.250163,0
-0.6776847,-10.43801,-0.148855,10,-10,-10,0.44,500,-10,500,-10,-23.16311,27.22737,34.151,-12.54448,15.84885,-13.86747,9.361065,0
-2.413827,-6.689678,-7.070501,7.551313,-10,-10,0.44,500,-10,500,-10,-22.98643,27.34373,34.24063,-12.60471,15.92622,-13.8815,9.357957,0
-1.013445,-3.242385,-9.719821,2.464092,-10,-10,0.44,500,-10,500,-10,-22.90691,27.47128,34.28162,-12.69439,16.03469,-13.8258,9.283459,0
4.240808,-5.979841,-6.728466,-2.847212,-10,-10,0.44,500,-10,500,-10,-22.90484,27.61118,34.30568,-12.78434,16.14524,-13.75578,9.19283,0
4.595221,-3.61401,6.538125,-8.359626,-10,-10,0.44,500,-10,500,-10,-22.96136,27.75083,34.32916,-12.88081,16.26229,-13.67876,9.095243,0
3.122854,5.939539,-1.067222,-10,-10,-10,0.44,500,-10,500,-10,-23.04536,27.88886,34.3611,-12.91656,16.31837,-13.66948,9.065629,0
-3.945765,-7.76262,-1.338943,-10,-7.887607,-10,0.44,500,-10,500,-10,-23.13432,28.01868,34.39239,-12.90121,16.36972,-13.71075,9.040202,0
1.231048,4.840864,7.871467,-10,-2.486306,-10,0.44,500,-10,500,-10,-23.23492,28.12602,34.38764,-12.83623,16.44217,-13.7718,8.963814,0
-2.874451,8.721287,-3.842978,-10,2.595286,-10,0.44,500,-10,500,-10,-23.33984,28.21822,34.34497,-12.76049,16.49445,-13.81219,8.876185,0
-5.722431,4.239887,-7.106579,-10,7.567535,-10,0.44,500,-10,500,-10,-23.4423,28.30457,34.26334,-12.67013,16.52878,-13.83491,8.774218,0
-9.446608,-2.248372,-1.682963,-9.174992,10,-10,0.44,500,-10,500,-10,-23.5326,28.39506,34.15759,-12.58334,16.51009,-13.83407,8.705277,0
3.290608,-5.321261,-3.626157,-6.495807,10,-10,0.44,500,-10,500,-10,-23.59037,28.49382,34.0558,-12.49156,16.43287,-13.84151,8.698164,0
-1.815701,4.7556,-4.8641,-1.594895,10,-10,0.44,500,-10,500,-10,-23.59579,28.59715,33.95677,-12.35981,16.31633,-13.8912,8.732635,0
0.01380491,6.308825,-3.752696,4.021511,10,-10,0.44,500,-10,500,-10,-23.53431,28.69942,33.85332,-12.20502,16.17661,-13.96027,8.78664,0
2.780637,-8.676546,1.076065,7.592978,10,-10,0.44,500,-10,500,-10,-23.41406,28.79377,33.73689,-12.06887,16.05436,-13.99995,8.812421,0
9.66768,-0.7791085,-2.757955,9.791183,9.453607,-10,0.44,500,-10,500,-10,-23.25221,28.87423,33.60444,-11.95209,15.93713,-14.00698,8.819901,0
6.751257,3.917945,-6.474604,10,5.049352,-10,0.44,500,-10,500,-10,-23.08566,28.94725,33.48953,-11.92216,15.81878,-13.9417,8.84304,0
0.1408991,9.192799,0.565734,10,-0.1743255,-10,0.44,500,-10,500,-10,-22.93667,29.02958,33.41273,-11.92571,15.71683,-13.87452,8.88136,0
3.651758,-5.28404,3.779745,10,-5.696976,-10,0.44,500,-10,500,-10,-22.80858,29.13484,33.37261,-11.95172,15.63397,-13.81527,8.930969,0
-6.643843,-1.402996,-0.3205671,10,-9.819009,-10,0.44,500,-10,500,-10,-22.70117,29.27021,33.36333,-11.97733,15.5867,-13.78197,8.970552,0
4.879806,0.01541305,4.80661,9.347666,-10,-10,0.44,500,-10,500,-10,-22.57741,29.41022,33.33249,-11.95695,15.58288,-13.77679,8.948821,0
-4.849747,-8.949946,1.145797,4.238031,-10,-10,0.44,500,-10,500,-10,-22.43854,29.54709,33.24471,-11.97968,15.62577,-13.68133,8.833195,0
-4.077683,-7.167286,-6.605303,-2.036946,-10,-10,0.44,500,-10,500,-10,-22.23752,29.67757,33.03201,-11.97127,15.63658,-13.5135,8.646143,0
0.03909433,-8.150035,-5.219507,-7.866151,-10,-10,0.44,500,-10,500,-10,-21.591,29.78928,32.31585,-11.70649,15.43314,-13.18487,8.256186,0
-1.816023,-10.16208,-0.968012,-10,-9.890376,-10,0.44,500,-10,500,-10,-19.72448,29.75846,30.36174,-10.78956,14.68139,-12.48265,7.388782,0
-3.494586,-6.501053,-3.716921,-10,-5.312897,-10,0.44,500,-10,500,-10,-19.92846,29.62561,30.47427,-10.79249,14.76783,-12.57296,7.395584,0
3.70678,5.993162,-3.415394,-10,1.165223,-10,0.44,500,-10,500,-10,-20.17829,29.53159,30.629,-10.78645,14.89382,-12.70721,7.397798,0
-6.308034,6.061773,0.7613952,-10,7.421952,-10,0.44,500,-10,500,-10,-20.48896,29.44086,30.85233,-10.81992,15.05481,-12.85879,7.421854,0
0.06310481,9.679844,-3.038211,-9.913896,10,-10,0.44,500,-10,500,-10,-20.76781,29.32809,31.04912,-10.89506,15.1714,-12.9467,7.468327,0
-2.873357,7.417923,-6.297277,-5.276762,10,-10,0.44,500,-10,500,-10,-20.92417,29.19782,31.1531,-10.87766,15.13481,-13.05026,7.591072,0
-7.092576,5.69505,2.352409,0.804865,10,-10,0.44,500,-10,500,-10,-20.97681,29.06156,31.21129,-10.81127,15.04834,-13.16487,7.725753,0
-1.508229,-6.506415,4.438513,5.662192,10,-10,0.44,500,-10,500,-10,-20.96015,28.92412,31.25496,-10.75586,14.97269,-13.25646,7.837588,0
-0.07940319,2.343307,3.173699,9.346127,10,-10,0.44,500,-10,500,-10,-20.90059,28.78765,31.29856,-10.7179,14.91462,-13.33055,7.931786,0
-4.702418,6.504531,0.02137947,10,9.760036,-10,0.44,500,-10,500,-10,-20.82287,28.65436,31.34757,-10.73519,14.90687,-13.35386,7.980143,0
-1.181393,-9.006739,0.3608905,10,5.663328,-10,0.44,500,-10,500,-10,-20.7331,28.53526,31.37651,-10.79699,14.85888,-13.31604,8.05212,0
7.108702,-4.569235,-5.72633,10,-0.9148246,-10,0.44,500,-10,500,-10,-20.62853,28.43636,31.35504,-10.86352,14.7627,-13.23172,8.130499,0
8.72615,2.271913,-3.756217,10,-7.596003,-10,0.44,500,-10,500,-10,-20.51818,28.34775,31.27822,-10.9072,14.64287,-13.1244,8.186676,0
-4.712457,3.306119,-1.859956,10,-10,-10,0.44,500,-10,500,-10,-20.41264,28.25477,31.17414,-10.89201,14.55986,-13.05334,8.183455,0
2.16579,3.224771,-1.9767,9.081223,-10,-10,0.44,500,-10,500,-10,-20.32117,28.15164,31.07803,-10.87025,14.5229,-12.99547,8.140776,0
-1.640344,-1.534823,3.353174,4.002099,-10,-10,0.44,500,-10,500,-10,-20.27862,28.04097,30.98975,-10.92587,14.56222,-12.8667,8.028312,0
-1.691094,4.443026,6.714116,-1.451494,-10,-10,0.44,500,-10,500,-10,-20.30343,27.92812,30.90224,-10.99216,14.61189,-12.7279,7.906136,0
-8.643827,-4.175005,-2.748182,-7.819303,-10,-10,0.44,500,-10,500,-10,-20.39988,27.81889,30.80648,-11.07439,14.67802,-12.56633,7.760654,0
-4.028435,-5.554195,-6.413203,-10,-10,-10,0.44,500,-10,500,-10,-20.5511,27.72054,30.69265,-11.08428,14.67343,-12.46212,7.670934,0
-2.380859,-7.582037,4.039094,-10,-7.04297,-10,0.44,500,-10,500,-10,-20.71415,27.63523,30.57642,-11.03159,14.67476,-12.4185,7.573291,0
2.614464,5.374582,-0.01541734,-10,0.8761793,-10,0.44,500,-10,500,-10,-20.84645,27.5428,30.52287,-10.94079,14.74867,-12.46493,7.455008,0
-0.3878022,0.9416022,-2.661319,-10,8.156548,-10,0.44,500,-10,500,-10,-20.93376,27.42487,30.54032,-10.87757,14.83203,-12.5426,7.38611,0
-0.7888155,9.224619,-2.069854,-10,10,-10,0.44,500,-10,500,-10,-20.99118,27.28865,30.59555,-10.88645,14.86234,-12.57949,7.401557,0
1.271665,9.934963,-2.096436,-6.186759,10,-10,0.44,500,-10,500,-10,-21.02207,27.15042,30.64916,-10.8494,14.80493,-12.66096,7.503388,0
-0.4649778,8.904469,-4.938276,1.512682,10,-10,0.44,500,-10,500,-10,-20.96444,27.01186,30.71633,-10.74593,14.68105,-12.82009,7.682924,0
-0.5982278,10.15,-0.4001111,8.792521,10,-10,0.44,500,-10,500,-10,-20.74606,26.87646,30.86883,-10.6813,14.59648,-13.01107,7.893857,0
2.277453,-3.382948,-0.5960626,10,10,-10,0.44,500,-10,500,-10,-20.00444,26.75975,31.51515,-10.90792,14.78025,-13.31998,8.245621,0
1.67298,5.006768,3.689969,10,6.582841,-10,0.44,500,-10,500,-10,-17.6377,26.7613,33.78378,-11.90794,15.51707,-14.19973,9.388562,0
0.2649152,0.6832476,6.758443,10,-1.427904,-10,0.44,500,-10,500,-10,-17.23038,26.86299,34.09167,-12.11408,15.5578,-14.24871,9.602953,0
2.042021,-9.135848,-3.565229,10,-8.842697,-10,0.44,500,-10,500,-10,-16.83805,26.97467,34.38895,-12.29027,15.58347,-14.31884,9.823602,0
7.035573,-5.221628,-5.14075,10,-10,-10,0.44,500,-10,500,-10,-16.6075,27.10977,34.52471,-12.33653,15.62358,-14.38507,9.895988,0
3.807414,6.710029,2.622887,7.292097,-10,-10,0.44,500,-10,500,-10,-16.49875,27.25014,34.55227,-12.37754,15.68526,-14.3669,9.857135,0
0.3779016,2.94419,-4.684134,0.6764689,-10,-10,0.44,500,-10,500,-10,-16.47511,27.39107,34.55017,-12.47756,15.80604,-14.26514,9.734617,0
-0.9529386,3.159047,1.522432,-5.932381,-10,-10,0.44,500,-10,500,-10,-16.52114,27.532,34.54705,-12.58099,15.93023,-14.15913,9.607844,0
-1.754755,4.042177,-1.678339,-10,-10,-10,0.44,500,-10,500,-10,-16.61055,27.67274,34.5553,-12.64834,16.01832,-14.09861,9.526593,0
-9.500773,1.660616,-0.6253434,-10,-10,-10,0.44,500,-10,500,-10,-16.69874,27.81233,34.57779,-12.65238,16.04291,-14.11321,9.520634,0
-7.016572,-6.326091,-3.929608,-10,-3.569633,-10,0.44,500,-10,500,-10,-16.80053,27.92735,34.57153,-12.57468,16.12696,-14.18573,9.431398,0
2.837295,1.946755,2.250312,-10,4.675912,-10,0.44,500,-10,500,-10,-16.92258,28.00715,34.50065,-12.45351,16.20323,-14.24816,9.2964,0
-1.315212,-5.912893,3.5418,-10,10,-10,0.44,500,-10,500,-10,-17.05308,28.07308,34.37741,-12.34504,16.22436,-14.25451,9.173146,0
0.8708334,-1.393281,-0.8565046,-10,10,-10,0.44,500,-10,500,-10,-17.1748,28.15192,34.25857,-12.2969,16.18783,-14.20419,9.111208,0
0.6837225,10.04471,2.403087,-6.943958,10,-10,0.44,500,-10,500,-10,-17.26891,28.24401,34.15126,-12.19897,16.10347,-14.2132,9.106652,0
4.498002,6.986167,-5.484181,2.147467,10,-10,0.44,500,-10,500,-10,-17.27096,28.34375,34.05146,-11.99564,15.91484,-14.33383,9.212594,0
0.4939383,8.498445,-4.595847,9.301143,10,-10,0.44,500,-10,500,-10,-17.18184,28.44114,33.94896,-11.81919,15.75273,-14.42535,9.289769,0
-2.393844,5.917654,-2.999149,10,10,-10,0.44,500,-10,500,-10,-17.04492,28.49895,33.83548,-11.74571,15.68777,-14.40481,9.260711,0
3.501555,-0.34429,-3.228936,10,6.215221,-10,0.44,500,-10,500,-10,-16.91997,28.57596,33.73136,-11.72131,15.58948,-14.34293,9.272713,0
0.666119,6.287766,1.830129,10,-3.38888,-10,0.44,500,-10,500,-10,-16.81032,28.67284,33.69904,-11.79896,15.46514,-14.2385,9.370283,0
2.450006,-7.936284,2.586671,10,-10,-10,0.44,500,-10,500,-10,-16.72554,28.80419,33.73532,-11.87844,15.41509,-14.18908,9.450384,0
1.634795,-6.666242,-7.452798,10,-10,-10,0.44,500,-10,500,-10,-16.6435,28.94205,33.76969,-11.88213,15.43909,-14.21388,9.454876,0
5.933949,-6.222468,1.904797,4.502364,-10,-10,0.44,500,-10,500,-10,-16.59416,29.08178,33.79343,-11.97542,15.55296,-14.14025,9.360666,0
-1.880295,3.157053,-0.8826628,-4.907255,-10,-10,0.44,500,-10,500,-10,-16.63551,29.22201,33.81494,-12.13921,15.73741,-13.99429,9.194042,0
1.624549,0.1994061,4.721878,-10,-10,-10,0.44,500,-10,500,-10,-16.76565,29.36089,33.85818,-12.24394,15.8626,-13.92539,9.104685,0
4.368288,-0.227623,-5.387115,-10,-10,-10,0.44,500,-10,500,-10,-16.95803,29.49481,33.96019,-12.28727,15.92566,-13.96658,9.126146,0
-4.986832,7.478332,-2.25121,-10,-6.962996,-10,0.44,500,-10,500,-10,-17.22699,29.614,34.13825,-12.3333,16.05764,-14.06808,9.141701,0
-8.121977,0.2326859,-5.652801,-10,3.216137,-10,0.44,500,-10,500,-10,-17.2613,29.71573,34.07222,-12.18579,16.15434,-14.16089,8.9903,0
1.686424,-1.373193,-2.808696,-10,10,-10,0.44,500,-10,500,-10,-16.16929,29.79577,32.87524,-11.4816,15.6147,-13.87327,8.538128,0
-3.44145,-1.414668,1.073801,-10,10,-10,0.44,500,-10,500,-10,-14.75481,29.71756,31.35951,-10.65574,14.98945,-13.44321,7.907459,0
-3.642552,2.860087,-0.2402535,-7.953584,10,-10,0.44,500,-10,500,-10,-14.96739,29.57852,31.48271,-10.69424,15.00746,-13.5068,7.991532,0
0.5909352,0.5993485,3.634111,0.6261443,10,-10,0.44,500,-10,500,-10,-14.96028,29.43766,31.45824,-10.54803,14.8405,-13.63273,8.138209,0
6.01202,1.914599,-7.006148,9.173667,10,-10,0.44,500,-10,500,-10,-14.87771,29.29668,31.44981,-10.40475,14.67646,-13.76902,8.295269,0
2.85939,5.270176,-6.9906,10,10,-10,0.44,500,-10,500,-10,-14.79062,29.15598,31.46583,-10.40275,14.65373,-13.78429,8.331269,0
1.237154,-2.585182,-1.137577,10,8.727145,-10,0.44,500,-10,500,-10,-14.70846,29.0201,31.48977,-10.43236,14.63466,-13.77453,8.370185,0
-0.6263734,1.786301,-2.494442,10,-0.6792871,-10,0.44,500,-10,500,-10,-14.57923,28.92296,31.44412,-10.51919,14.49536,-13.64987,8.471659,0
0.01065838,5.968752,-2.785834,10,-9.325658,-10,0.44,500,-10,500,-10,-14.399,28.85942,31.30812,-10.55466,14.32677,-13.50171,8.527559,0
2.3389,-8.387341,-1.28594,10,-10,-10,0.44,500,-10,500,-10,-14.22317,28.78321,31.16775,-10.49975,14.24545,-13.44031,8.492573,0
-1.627751,-3.779172,-9.28686,8.63667,-10,-10,0.44,500,-10,500,-10,-14.07471,28.68799,31.05035,-10.47292,14.20459,-13.36986,8.436155,0
4.81141,-7.677673,-1.197352,-0.5185673,-10,-10,0.44,500,-10,500,-10,-14.01652,28.57999,30.95252,-10.59289,14.30864,-13.16884,8.251042,0
-4.317442,-3.290923,-6.63345,-9.307021,-10,-10,0.44,500,-10,500,-10,-14.06838,28.46946,30.86152,-10.71585,14.41533,-12.97046,8.06895,0
-2.284083,2.595298,-0.5690677,-10,-10,-10,0.44,500,-10,500,-10,-14.15249,28.36479,30.76579,-10.70047,14.38452,-12.90654,8.020441,0
4.902037,-4.698359,0.05624616,-10,-9.405122,-10,0.44,500,-10,500,-10,-14.24593,28.26842,30.66548,-10.66694,14.35019,-12.85694,7.971645,0
-3.284253,7.689887,-3.72122,-10,-0.3336595,-10,0.44,500,-10,500,-10,-14.34616,28.17212,30.6216,-10.56375,14.43709,-12.92378,7.848393,0
-7.599912,1.600888,-5.507491,-10,9.075777,-10,0.44,500,-10,500,-10,-14.43928,28.05735,30.66881,-10.48576,14.55409,-13.04088,7.770515,0
1.01335,-1.918264,-3.571408,-10,10,-10,0.44,500,-10,500,-10,-14.52365,27.93095,30.73327,-10.51479,14.58531,-13.06526,7.792706,0
2.973824,-2.008163,1.954962,-9.629145,10,-10,0.44,500,-10,500,-10,-14.60158,27.79979,30.78891,-10.54561,14.5968,-13.08055,7.827315,0
-3.207382,2.100752,-0.6041514,-1.248552,10,-10,0.44,500,-10,500,-10,-14.61489,27.66539,30.83792,-10.43392,14.46531,-13.23285,7.999414,0
3.114994,-1.807517,3.742074,8.317879,10,-10,0.44,500,-10,500,-10,-14.52132,27.53159,30.8938,-10.29879,14.31047,-13.41428,8.200557,0
4.821506,-0.3851947,-8.432339,10,10,-10,0.44,500,-10,500,-10,-14.36195,27.4039,30.97775,-10.30531,14.29819,-13.47732,8.282406,0
1.637841,7.106518,-2.797294,10,10,-10,0.44,500,-10,500,-10,-14.15947,27.28813,31.10771,-10.35621,14.33203,-13.5341,8.356243,0
5.213724,-0.2293553,2.383943,10,2.490198,-10,0.44,500,-10,500,-10,-13.97812,27.18743,31.20441,-10.47797,14.26984,-13.49247,8.498555,0
-1.58601,-5.918936,-2.666463,10,-8.44654,-10,0.44,500,-10,500,-10,-13.96721,27.07777,31.10617,-10.56787,14.09731,-13.32117,8.589693,0
3.47996,0.0546385,-4.662246,10,-10,-10,0.44,500,-10,500,-10,-14.10508,26.96467,30.85349,-10.49681,13.97461,-13.18286,8.503017,0
-2.483408,-5.170737,-6.48501,10,-10,-10,0.44,500,-10,500,-10,-14.44707,26.86845,30.39931,-10.36838,13.832,-12.93496,8.269295,0
-2.170237,-1.37764,-9.136185,2.983881,-10,-10,0.44,500,-10,500,-10,-15.29461,26.82681,29.48819,-10.20974,13.66723,-12.33865,7.679124,0
-0.2412508,-9.881058,-0.7845475,-8.250924,-10,-10,0.44,500,-10,500,-10,-16.16525,26.90478,28.66664,-10.17322,13.50415,-11.69445,7.161475,0
4.010842,6.118108,3.179888,-10,-10,-10,0.44,500,-10,500,-10,-16.43032,27.04037,28.49801,-10.16498,13.46225,-11.56296,7.063654,0
1.952889,-0.7258862,-0.8281987,-10,-10,-10,0.44,500,-10,500,-10,-16.54561,27.18109,28.48203,-10.15701,13.47004,-11.55769,7.042619,0
1.767868,2.575026,1.309373,-10,-2.922152,-10,0.44,500,-10,500,-10,-16.68705,27.29269,28.43366,-10.06291,13.54009,-11.61172,6.93249,0
-5.04099,5.256283,-6.885422,-10,8.299781,-10,0.44,500,-10,500,-10,-16.93099,27.35192,28.25787,-9.875093,13.60989,-11.65387,6.717033,0
-4.914918,-6.016223,-0.1852565,-10,10,-10,0.44,500,-10,500,-10,-17.1886,27.4202,28.05812,-9.782763,13.56591,-11.5807,6.59551,0
-0.9998546,-2.120819,0.1526242,-10,10,-10,0.44,500,-10,500,-10,-17.40181,27.51649,27.90538,-9.72447,13.5218,-11.51243,6.513056,0
4.553264,0.04852635,2.18423,-3.774647,10,-10,0.44,500,-10,500,-10,-17.53579,27.63125,27.79534,-9.572056,13.38629,-11.57366,6.557388,0
-2.414668,-3.792037,-3.628905,6.101947,10,-10,0.44,500,-10,500,-10,-17.54773,27.75396,27.71015,-9.360285,13.1926,-11.71484,6.680492,0
7.728317,2.608037,-1.065326,10,10,-10,0.44,500,-10,500,-10,-17.48915,27.87589,27.62975,-9.248328,13.0986,-11.76019,6.707874,0
3.121251,6.611948,-4.308665,10,10,-10,0.44,500,-10,500,-10,-17.41911,27.99314,27.54571,-9.200903,13.06845,-11.73797,6.668386,0
-1.280878,1.345292,-3.396949,10,4.374934,-10,0.44,500,-10,500,-10,-17.33397,28.10125,27.48959,-9.224346,12.98115,-11.66803,6.709186,0
-0.1246865,-3.645281,1.28379,10,-7.867034,-10,0.44,500,-10,500,-10,-17.22739,28.20124,27.54128,-9.373557,12.86942,-11.56165,6.863747,0
0.1584693,3.035414,2.268778,10,-10,-10,0.44,500,-10,500,-10,-17.12271,28.30865,27.63257,-9.422043,12.88569,-11.58881,6.923112,0
0.6536561,-7.51114,-3.808267,10,-10,-10,0.44,500,-10,500,-10,-17.02733,28.42481,27.71247,-9.441187,12.92195,-11.63587,6.953065,0
-1.526457,-4.878238,-8.245914,0.8904063,-10,-10,0.44,500,-10,500,-10,-17.00235,28.54735,27.78326,-9.615129,13.11395,-11.52058,6.819722,0
6.255767,-5.447633,1.806597,-9.157904,-10,-10,0.44,500,-10,500,-10,-17.09717,28.66939,27.8572,-9.813183,13.32998,-11.38379,6.664958,0
4.29426,4.223726,1.963441,-10,-10,-10,0.44,500,-10,500,-10,-17.2352,28.78288,27.94886,-9.864953,13.39846,-11.40797,6.67242,0
0.3457309,5.102704,4.118096,-10,-9.90912,-10,0.44,500,-10,500,-10,-17.39373,28.88332,28.06321,-9.912888,13.46324,-11.45479,6.70239,0
6.214308,4.316551,1.735354,-10,0.5860347,-10,0.44,500,-10,500,-10,-17.52201,28.98041,28.11305,-9.815485,13.61648,-11.59348,6.59045,0
-3.338731,6.357966,-6.716552,-10,9.860703,-10,0.44,500,-10,500,-10,-17.56982,29.09932,28.03618,-9.673161,13.70053,-11.67211,6.442708,0
-1.838058,-4.009097,1.377316,-10,10,-10,0.44,500,-10,500,-10,-17.59398,29.22414,27.93571,-9.622142,13.67103,-11.63988,6.388952,0
0.8483378,-1.656965,2.851137,-9.536359,10,-10,0.44,500,-10,500,-10,-17.59673,29.35025,27.82151,-9.557808,13.62528,-11.6096,6.340091,0
1.338978,-2.225287,2.008775,1.127979,10,-10,0.44,500,-10,500,-10,-17.48628,29.47533,27.674,-9.2997,13.38559,-11.74548,6.457543,0
-5.238828,-6.183253,-0.1324681,9.573131,10,-10,0.44,500,-10,500,-10,-17.15827,29.58779,27.41461,-9.009497,13.11196,-11.82075,6.516252,0
6.978896,-0.3476549,-1.877132,10,10,-10,0.44,500,-10,500,-10,-16.54566,29.65873,26.88832,-8.686171,12.79908,-11.708,6.393051,0
1.419741,5.596857,-3.529535,10,10,-10,0.44,500,-10,500,-10,-15.72739,29.63792,26.15794,-8.327369,12.43721,-11.46162,6.149734,0
0.4657165,0.583897,1.909349,10,-2.066101,-10,0.44,500,-10,500,-10,-15.15031,29.60692,25.66949,-8.18798,12.10648,-11.19628,6.075738,0
0.536425,7.75321,2.710207,10,-10,-10,0.44,500,-10,500,-10,-14.48859,29.60759,25.09224,-7.93786,11.80332,-10.9681,5.900603,0
-5.42375,-0.7022805,-0.3076266,10,-10,-10,0.44,500,-10,500,-10,-13.93804,29.53059,24.62764,-7.719016,11.57481,-10.80198,5.744146,0
-2.250445,-3.134815,-6.27013,9.192842,-10,-10,0.44,500,-10,500,-10,-13.64742,29.4076,24.42194,-7.64013,11.4778,-10.71043,5.670715,0
-1.95984,-1.569311,-8.365782,-2.449812,-10,-10,0.44,500,-10,500,-10,-13.56427,29.27151,24.34042,-7.812029,11.62966,-10.47098,5.451317,0
1.695973,-5.806813,-5.130391,-10,-10,-10,0.44,500,-10,500,-10,-13.61144,29.13391,24.28693,-7.937492,11.73485,-10.3012,5.301802,0
-1.487125,4.473438,-4.410657,-10,-10,-10,0.44,500,-10,500,-10,-13.67076,28.99811,24.23138,-7.934497,11.71185,-10.25816,5.278768,0
0.3176489,4.928206,-3.034793,-10,-7.640473,-10,0.44,500,-10,500,-10,-13.74096,28.86966,24.18527,-7.907842,11.7194,-10.24661,5.233011,0
1.762186,5.895158,-3.440854,-10,6.212951,-10,0.44,500,-10,500,-10,-13.8762,28.78276,24.25336,-7.785642,11.89636,-10.42523,5.112468,0
-6.218507,2.878613,-4.612764,-10,10,-10,0.44,500,-10,500,-10,-14.03885,28.70637,24.38611,-7.800978,11.98572,-10.5199,5.133108,0
2.890616,4.993445,-2.194054,-10,10,-10,0.44,500,-10,500,-10,-14.18481,28.61268,24.50094,-7.863362,12.03431,-10.55266,5.179672,0
0.8103089,3.923667,0.7982687,-5.134369,10,-10,0.44,500,-10,500,-10,-14.2901,28.50504,24.59663,-7.834078,11.98917,-10.66123,5.304097,0
-0.4176009,0.4795477,3.436722,8.287239,10,-10,0.44,500,-10,500,-10,-14.25328,28.39114,24.68163,-7.647141,11.78545,-10.91859,5.578242,0
3.600436,-1.722293,-2.44394,10,10,-10,0.44,500,-10,500,-10,-14.16091,28.2823,24.77167,-7.658073,11.78035,-10.98226,5.657948,0
2.864086,1.156411,-7.394225,10,10,-10,0.44,500,-10,500,-10,-14.05879,28.18244,24.87125,-7.700901,11.80847,-11.02195,5.712348,0
5.476001,-1.160309,0.9086002,10,1.610585,-10,0.44,500,-10,500,-10,-13.95288,28.08663,24.9314,-7.821336,11.72587,-10.95136,5.844785,0
0.3336191,1.563589,-8.256728,10,-10,-10,0.44,500,-10,500,-10,-13.86701,27.97063,24.86774,-7.929367,11.55536,-10.79058,5.962547,0
-6.077342,-0.7724901,-3.378015,10,-10,-10,0.44,500,-10,500,-10,-13.78977,27.84644,24.79727,-7.904941,11.51263,-10.75661,5.946873,0
-1.930351,0.6147306,-5.19325,8.81426,-10,-10,0.44,500,-10,500,-10,-13.72354,27.71755,24.73371,-7.904534,11.49324,-10.70435,5.913606,0
-0.577916,-2.438829,-6.261375,-3.76414,-10,-10,0.44,500,-10,500,-10,-13.75788,27.58598,24.67279,-8.105033,11.67436,-10.45337,5.682008,0
3.310454,5.53083,-0.4562829,-10,-10,-10,0.44,500,-10,500,-10,-13.90456,27.45833,24.59318,-8.195906,11.74643,-10.29653,5.543973,0
0.1655388,-2.238253,3.193864,-10,-10,-10,0.44,500,-10,500,-10,-14.09454,27.34172,24.47357,-8.165709,11.69905,-10.22763,5.492249,0
-1.956978,4.837004,0.6252104,-10,-5.733348,-10,0.44,500,-10,500,-10,-14.30608,27.24104,24.33665,-8.082012,11.6966,-10.19788,5.381246,0
0.3334994,6.10783,-5.923456,-10,8.319366,-10,0.44,500,-10,500,-10,-14.34315,27.13136,24.40725,-7.961546,11.87643,-10.37683,5.259914,0
-1.131218,1.722029,-0.6515356,-10,10,-10,0.44,500,-10,500,-10,-14.25282,27.01448,24.6135,-8.031566,11.96707,-10.47772,5.340168,0
1.695561,-2.734929,3.364127,-10,10,-10,0.44,500,-10,500,-10,-14.02832,26.90774,24.95104,-8.166549,12.08633,-10.62242,5.500593,0
-0.4339662,1.476908,-6.176948,-1.55327,10,-10,0.44,500,-10,500,-10,-13.40558,26.83324,25.63041,-8.334772,12.12291,-11.01711,6.026934,0
-4.975304,-0.4779927,3.161291,9.138695,10,-10,0.44,500,-10,500,-10,-12.33155,26.86209,26.64037,-8.55395,12.25488,-11.63477,6.731806,0
5.045785,-0.1621822,-5.680464,10,10,-10,0.44,500,-10,500,-10,-11.89948,26.98852,26.97678,-8.662687,12.38224,-11.80478,6.88319,0
-2.466345,0.4937311,1.619127,10,9.46725,-10,0.44,500,-10,500,-10,-11.75505,27.12699,27.02295,-8.67522,12.40317,-11.8305,6.900505,0
0.6290804,4.367846,4.788924,10,-6.013252,-10,0.44,500,-10,500,-10,-11.49887,27.19678,27.19746,-8.924443,12.31408,-11.72588,7.134203,0
-0.6528029,0.3164437,-1.257465,10,-10,-10,0.44,500,-10,500,-10,-11.16358,27.24851,27.46571,-9.08926,12.39674,-11.78333,7.273816,0
-1.340009,-3.873733,-1.779498,10,-10,-10,0.44,500,-10,500,-10,-10.89204,27.33815,27.6682,-9.155266,12.47595,-11.88511,7.362385,0
-1.748045,-4.441656,-4.921968,0.1661586,-10,-10,0.44,500,-10,500,-10,-10.74677,27.45181,27.80391,-9.362272,12.6997,-11.79055,7.251082,0
-1.233917,2.109018,3.295558,-10,-10,-10,0.44,500,-10,500,-10,-10.76172,27.57325,27.90609,-9.56955,12.92487,-11.66794,7.110581,0
7.169075,-2.621668,-3.099087,-10,-10,-10,0.44,500,-10,500,-10,-10.80253,27.69286,28.00141,-9.602539,12.97548,-11.71392,7.138947,0
-3.628275,-3.414511,0.1239712,-10,-5.621103,-10,0.44,500,-10,500,-10,-10.8653,27.80564,28.07056,-9.577135,13.06529,-11.79663,7.106428,0
-0.4085584,6.737565,-4.33332,-10,8.790726,-10,0.44,500,-10,500,-10,-10.99669,27.9008,27.99476,-9.383901,13.21061,-11.92706,6.898305,0
-3.111863,1.345354,-1.391034,-10,10,-10,0.44,500,-10,500,-10,-11.13175,28.00422,27.89281,-9.328083,13.19726,-11.8984,6.827182,0
0.9073658,-4.035378,0.6468332,-9.818666,10,-10,0.44,500,-10,500,-10,-11.25122,28.1193,27.8089,-9.288524,13.17465,-11.86843,6.780258,0
3.516211,-6.116317,3.480434,3.877606,10,-10,0.44,500,-10,500,-10,-11.26309,28.24218,27.7391,-9.018098,12.92233,-12.08102,6.974748,0
5.401797,0.8169448,-0.8100847,10,10,-10,0.44,500,-10,500,-10,-11.16824,28.36335,27.66693,-8.869689,12.79177,-12.16963,7.04551,0
2.260375,-3.107446,-1.380084,10,10,-10,0.44,500,-10,500,-10,-11.05787,28.47669,27.58245,-8.820086,12.75886,-12.14923,7.008414,0
1.470546,1.487659,6.411546,10,3.438977,-10,0.44,500,-10,500,-10,-10.94418,28.58041,27.51754,-8.852984,12.6593,-12.06255,7.054196,0
0.09557819,0.3309243,-1.790833,10,-10,-10,0.44,500,-10,500,-10,-10.87076,28.68692,27.59703,-9.025228,12.5446,-11.95617,7.234759,0
3.211375,7.098025,1.037887,10,-10,-10,0.44,500,-10,500,-10,-10.8102,28.79984,27.69028,-9.05211,12.58812,-12.00656,7.268503,0
-4.84835,0.1224494,-6.186307,6.775876,-10,-10,0.44,500,-10,500,-10,-10.77413,28.91751,27.78157,-9.134102,12.68745,-12.00021,7.244826,0
-2.351087,-5.442994,2.002956,-7.927145,-10,-10,0.44,500,-10,500,-10,-10.87952,29.03566,27.88008,-9.422449,12.9932,-11.79349,7.020698,0
-2.630333,-4.307176,-0.04557028,-10,-10,-10,0.44,500,-10,500,-10,-11.07289,29.1422,28.01112,-9.515126,13.10157,-11.80938,7.020896,0
-1.72781,2.165464,2.178272,-10,-10,-10,0.44,500,-10,500,-10,-11.31166,29.22783,28.18913,-9.596098,13.19516,-11.87591,7.074811,0
-0.5211936,-6.299878,-2.210792,-10,4.199861,-10,0.44,500,-10,500,-10,-11.46757,29.32378,28.25834,-9.466656,13.39961,-12.0627,6.927701,0
1.244958,0.7108945,-0.4254938,-10,10,-10,0.44,500,-10,500,-10,-11.49439,29.45669,28.17568,-9.358835,13.44198,-12.10203,6.816841,0
-3.673346,-4.145486,-1.295065,-10,10,-10,0.44,500,-10,500,-10,-11.48623,29.59214,28.0604,-9.300637,13.40374,-12.06471,6.759567,0
2.310662,2.753496,-3.255064,-0.4915404,10,-10,0.44,500,-10,500,-10,-11.31771,29.72628,27.84746,-9.03114,13.154,-12.15777,6.832863,0
-2.139227,-3.560127,0.9059173,10,10,-10,0.44,500,-10,500,-10,-9.758182,29.83817,26.37228,-8.08279,12.2361,-11.8838,6.528444,0
4.908948,-2.368028,-2.135006,10,10,-10,0.44,500,-10,500,-10,-14.73568,29.75932,31.45068,-10.37479,14.66293,-13.79971,8.309531,0
-1.351653,7.690069,-0.9350156,10,4.570511,-10,0.44,500,-10,500,-10,-14.76629,29.64425,31.57993,-10.48261,14.66566,-13.79898,8.413888,0
-3.298338,-4.870675,1.745682,10,-9.246958,-10,0.44,500,-10,500,-10,-14.17603,29.58346,31.07796,-10.39246,14.273,-13.4732,8.390625,0
-2.593328,5.315107,1.861493,10,-10,-10,0.44,500,-10,500,-10,-13.76028,29.47711,30.74992,-10.24931,14.09723,-13.34454,8.294586,0
2.476266,-5.510928,2.276374,6.257407,-10,-10,0.44,500,-10,500,-10,-13.56217,29.34488,30.624,-10.25936,14.0878,-13.23015,8.199677,0
-4.139783,-0.5710936,0.8769568,-8.174378,-10,-10,0.44,500,-10,500,-10,-13.5634,29.20668,30.569,-10.49591,14.30399,-12.94804,7.937918,0
0.3450861,-4.82179,2.26122,-10,-10,-10,0.44,500,-10,500,-10,-13.62445,29.06926,30.519,-10.52594,14.31377,-12.87658,7.886706,0
1.404302,1.928319,2.251332,-10,-8.843811,-10,0.44,500,-10,500,-10,-13.69129,28.93661,30.47111,-10.51254,14.30687,-12.85029,7.853924,0
4.724963,-0.1093056,-2.870436,-10,6.328208,-10,0.44,500,-10,500,-10,-13.83275,28.85124,30.54373,-10.37691,14.50032,-13.04609,7.720648,0
-0.81721,2.912059,3.626911,-10,10,-10,0.44,500,-10,500,-10,-14.00838,28.77972,30.68582,-10.40342,14.59897,-13.13732,7.739726,0
-3.498401,3.460026,-2.008745,-10,10,-10,0.44,500,-10,500,-10,-14.1653,28.68899,30.80767,-10.46948,14.65167,-13.17223,7.788001,0
3.65968,6.635247,3.202795,-0.8608001,10,-10,0.44,500,-10,500,-10,-14.24657,28.58345,30.90877,-10.36818,14.53481,-13.35729,7.988612,0
2.495894,-0.278255,3.157999,10,10,-10,0.44,500,-10,500,-10,-14.18553,28.47417,31.00165,-10.22638,14.37692,-13.57605,8.223467,0
6.535759,-3.177864,-1.025615,10,10,-10,0.44,500,-10,500,-10,-14.10213,28.37143,31.09974,-10.26986,14.40527,-13.61385,8.2764,0
-1.46072,5.397687,5.873798,10,4.909911,-10,0.44,500,-10,500,-10,-14.00864,28.27491,31.17988,-10.36219,14.36875,-13.58792,8.379319,0
-1.490823,-7.950572,2.057052,10,-8.784388,-10,0.44,500,-10,500,-10,-13.91076,28.16552,31.13533,-10.50043,14.1825,-13.41277,8.528651,0
2.022122,5.209209,-0.4486611,10,-10,-10,0.44,500,-10,500,-10,-13.82035,28.04413,31.0631,-10.48801,14.12483,-13.36534,8.526478,0
1.027283,-0.8887429,2.841949,7.512851,-10,-10,0.44,500,-10,500,-10,-13.74861,27.91687,31.00048,-10.50972,14.12778,-13.29175,8.471642,0
9.458819,4.0178,-1.584521,-7.574224,-10,-10,0.44,500,-10,500,-10,-13.80756,27.78691,30.9414,-10.75495,14.35388,-12.99756,8.196593,0.6666111
3.681057,11.58798,10.67844,-10,-10,-10,0.44,500,-10,500,-10,-13.94557,27.66236,30.86547,-10.78178,14.36235,-12.90782,8.125198,1
6.278489,-2.56291,6.837415,-10,-10,-10,0.44,500,-10,500,-10,-14.10798,27.54854,30.76173,-10.75639,14.3202,-12.84725,8.081402,1
-1.446887,2.742453,6.010597,-10,0.8508334,-10,0.44,500,-10,500,-10,-14.23526,27.44618,30.71951,-10.63147,14.42455,-12.93718,7.942065,1
3.503695,-2.040316,8.890141,-10,10,-10,0.44,500,-10,500,-10,-14.24307,27.33713,30.84096,-10.58725,14.57029,-13.08204,7.896957,1
4.470969,13.76104,8.295643,-10,10,-10,0.44,500,-10,500,-10,-14.21426,27.2276,30.99762,-10.65859,14.62549,-13.1405,7.971561,1
3.326498,15.69107,6.576073,-7.074522,10,-10,0.44,500,-10,500,-10,-14.12694,27.12157,31.19392,-10.69298,14.64427,-13.26877,8.11544,1
1.882509,15.24077,7.443892,8.028953,10,-10,0.44,500,-10,500,-10,-13.82379,27.02894,31.47352,-10.54255,14.47785,-13.65087,8.513528,1
3.130696,-0.9169152,9.61727,10,10,-10,0.44,500,-10,500,-10,-13.31112,26.98032,31.90619,-10.72655,14.52716,-13.82537,8.822727,1
10.10981,3.986138,2.996226,10,10,-10,0.44,500,-10,500,-10,-12.73483,27.00587,32.40122,-10.93824,14.66035,-14.02387,9.099716,1
4.36131,4.566246,13.24139,10,-0.4548259,-10,0.44,500,-10,500,-10,-12.30076,27.03494,32.75226,-11.17465,14.66561,-14.07832,9.385315,1
9.822916,-1.478408,6.219627,10,-10,-10,0.44,500,-10,500,-10,-11.81421,26.99025,33.15889,-11.43873,14.70816,-14.15116,9.679689,1
4.22978,13.52962,4.506228,10,-10,-10,0.44,500,-10,500,-10,-11.24608,27.00602,33.64651,-11.66669,14.93845,-14.32725,9.85345,1
4.192956,8.992158,11.07094,8.65176,-10,-10,0.44,500,-10,500,-10,-10.81674,27.09127,33.99992,-11.81533,15.09964,-14.47144,9.985082,1
12.25904,11.87768,3.807585,-4.785441,-10,-10,0.44,500,-10,500,-10,-10.657,27.2113,34.18395,-12.1024,15.4044,-14.33685,9.832815,1
3.077002,14.23318,8.314572,-10,-10,-10,0.44,500,-10,500,-10,-10.65185,27.3389,34.30138,-12.23012,15.55091,-14.30643,9.783599,1
-0.4969488,-0.9973012,4.836089,-10,-10,-10,0.44,500,-10,500,-10,-10.67496,27.46626,34.39928,-12.2626,15.60216,-14.35506,9.813467,1
1.949769,-2.664212,7.547305,-10,-7.42906,-10,0.44,500,-10,500,-10,-10.72305,27.5882,34.47256,-12.25776,15.67317,-14.42063,9.803174,1
6.924898,-2.554541,9.472066,-10,8.294623,-10,0.44,500,-10,500,-10,-10.87531,27.67603,34.38517,-12.04668,15.8291,-14.55931,9.574835,1
5.578835,11.20132,13.01131,-10,10,-10,0.44,500,-10,500,-10,-11.04499,27.76802,34.25779,-11.97754,15.81192,-14.52289,9.486472,1
5.999305,16.17163,5.342977,-10,10,-10,0.44,500,-10,500,-10,-11.19236,27.87622,34.15588,-11.9357,15.78602,-14.48029,9.427929,1
1.806175,14.77984,1.87461,-0.5724719,10,-10,0.44,500,-10,500,-10,-11.26546,27.99586,34.07586,-11.7374,15.60535,-14.61228,9.542293,1
-1.235318,1.850658,10.05483,10,10,-10,0.44,500,-10,500,-10,-11.19497,28.11778,34.00267,-11.51415,15.40006,-14.77489,9.686943,1
8.703795,-2.704907,4.671131,10,10,-10,0.44,500,-10,500,-10,-11.10484,28.23374,33.92176,-11.46698,15.36997,-14.75502,9.64999,1
9.534054,4.682462,13.02251,10,10,-10,0.44,500,-10,500,-10,-11.00564,28.3418,33.83115,-11.41586,15.33477,-14.73106,9.61011,1
3.717648,-2.441978,8.295157,10,-3.609482,-10,0.44,500,-10,500,-10,-10.90636,28.44373,33.82063,-11.55161,15.17906,-14.5866,9.757102,1
13.09365,9.216522,4.205201,10,-10,-10,0.44,500,-10,500,-10,-10.82275,28.55378,33.90492,-11.64564,15.1454,-14.56241,9.860608,1
1.646472,12.47322,9.43055,10,-10,-10,0.44,500,-10,500,-10,-10.74736,28.6709,33.98718,-11.66682,15.18384,-14.60939,9.890334,1
6.333766,15.71431,7.104202,10,-10,-10,0.44,500,-10,500,-10,-10.67866,28.79346,34.06359,-11.68555,15.22063,-14.65397,9.916855,1
5.836176,15.77191,4.302976,-0.7994941,-10,-10,0.44,500,-10,500,-10,-10.6891,28.91989,34.13678,-11.89098,15.44468,-14.50919,9.753452,1
-1.678087,8.939409,10.58293,-10,-10,-10,0.44,500,-10,500,-10,-10.8339,29.04299,34.22493,-12.08324,15.65507,-14.38997,9.616093,1
2.233364,-2.754627,1.662381,-10,-10,-10,0.44,500,-10,500,-10,-11.02369,29.15371,34.34987,-12.1376,15.72574,-14.43913,9.648949,1
7.646034,-3.818802,6.345162,-10,-10,-10,0.44,500,-10,500,-10,-11.26065,29.24479,34.52375,-12.21636,15.81791,-14.50445,9.70085,1
11.21347,6.216372,13.37319,-10,5.424284,-10,0.44,500,-10,500,-10,-11.39897,29.34534,34.57142,-12.06287,16.02658,-14.69744,9.53169,1
6.230987,15.71052,6.627268,-10,10,-10,0.44,500,-10,500,-10,-11.39777,29.47589,34.45819,-11.95476,16.04073,-14.71173,9.423714,1
4.818424,16.00357,4.859291,-10,10,-10,0.44,500,-10,500,-10,-11.34129,29.60638,34.29259,-11.87334,15.97854,-14.65594,9.348695,1
-1.852247,11.0811,2.120984,-6.658665,10,-10,0.44,500,-10,500,-10,-11.0967,29.73171,33.95813,-11.65481,15.77847,-14.59733,9.271631,1
1.887872,-2.243123,6.40282,7.992503,10,-10,0.44,500,-10,500,-10,-9.385793,29.81676,32.28778,-10.4999,14.71814,-14.3682,8.947924,1
7.398623,-3.470835,8.278645,10,10,-10,0.44,500,-10,500,-10,-8.333961,29.71344,31.33669,-9.942362,14.27546,-14.13768,8.602538,1
1.759261,2.338713,13.73343,10,10,-10,0.44,500,-10,500,-10,-8.481971,29.57743,31.5873,-10.07849,14.36376,-14.2092,8.721894,1
5.568035,-3.377112,5.617545,10,7.854704,-10,0.44,500,-10,500,-10,-8.431859,29.4443,31.63929,-10.14014,14.33951,-14.19063,8.789225,1
11.70545,11.31088,3.221426,10,-7.813118,-10,0.44,500,-10,500,-10,-8.149924,29.37371,31.43871,-10.20185,14.07966,-13.96273,8.882876,1
5.230472,14.05631,10.01428,10,-10,-10,0.44,500,-10,500,-10,-7.82762,29.29712,31.18759,-10.10775,13.92915,-13.84875,8.825306,1
3.077282,15.8359,5.229212,10,-10,-10,0.44,500,-10,500,-10,-7.587252,29.18889,31.02127,-10.0332,13.83866,-13.78549,8.777992,1
2.329164,13.99454,10.13183,9.351704,-10,-10,0.44,500,-10,500,-10,-7.411789,29.06332,30.92034,-10.00173,13.78869,-13.73333,8.744334,1
-2.677272,3.391204,9.289983,-6.508466,-10,-10,0.44,500,-10,500,-10,-7.387361,28.9296,30.85897,-10.25473,14.02199,-13.42948,8.46018,1
4.381526,-2.505485,0.7134353,-10,-10,-10,0.44,500,-10,500,-10,-7.453984,28.79635,30.80257,-10.30439,14.05202,-13.33309,8.383422,1
12.30827,-0.1548254,7.765528,-10,-10,-10,0.44,500,-10,500,-10,-7.524981,28.66652,30.74051,-10.29226,14.02076,-13.29379,8.363249,1
11.36367,12.61761,8.733232,-10,-6.963099,-10,0.44,500,-10,500,-10,-7.605653,28.54515,30.68732,-10.24954,14.02855,-13.29244,8.31139,1
1.255088,14.96695,3.861074,-10,8.487947,-10,0.44,500,-10,500,-10,-7.722387,28.4571,30.76146,-10.11939,14.23336,-13.48403,8.168009,1
0.08100761,15.68477,6.315647,-10,10,-10,0.44,500,-10,500,-10,-7.8403,28.36773,30.87193,-10.16139,14.29625,-13.53356,8.196654,0.3167195
-3.101506,8.416737,2.446515,-10,10,-10,0.44,500,-10,500,-10,-7.947242,28.26641,30.97023,-10.21564,14.33557,-13.56076,8.238782,1
4.276752,-3.346293,5.273746,-3.587613,10,-10,0.44,500,-10,500,-10,-8.009464,28.15553,31.05742,-10.15431,14.25791,-13.69433,8.388694,1
5.459003,-4.048893,5.621079,9.027089,10,-10,0.44,500,-10,500,-10,-7.929451,28.04245,31.1427,-9.978716,14.06566,-13.94059,8.65161,1
-0.7579357,-1.721157,8.091333,10,10,-10,0.44,500,-10,500,-10,-7.803916,27.93814,31.24086,-10.00339,14.07496,-13.99725,8.72363,1
8.882082,-2.775674,5.784079,10,10,-10,0.44,500,-10,500,-10,-7.663041,27.84693,31.35574,-10.04972,14.10786,-14.04611,8.785927,1
10.0522,12.43045,2.233196,10,4.884399,-10,0.44,500,-10,500,-10,-7.517968,27.7649,31.4609,-10.14871,14.07957,-14.03425,8.901352,1
6.136814,15.55125,6.896162,10,-9.187532,-10,0.44,500,-10,500,-10,-7.435205,27.6465,31.42885,-10.2979,13.89444,-13.8585,9.059925,1
-1.243887,13.68014,6.285836,10,-10,-10,0.44,500,-10,500,-10,-7.372114,27.51397,31.36815,-10.28809,13.84681,-13.81802,9.057262,1
0.171331,6.338098,13.26907,10,-10,-10,0.44,500,-10,500,-10,-7.31204,27.37872,31.3117,-10.27126,13.81005,-13.78807,9.047238,1
-1.155972,-1.440709,5.519329,2.986846,-10,-10,0.44,500,-10,500,-10,-7.288978,27.24136,31.2591,-10.37766,13.89621,-13.6381,8.9175,1
8.209828,-2.021374,0.2872487,-10,-10,-10,0.44,500,-10,500,-10,-7.437824,27.10479,31.18623,-10.58702,14.08545,-13.36836,8.667883,1
13.88635,7.449296,7.451237,-10,-10,-10,0.44,500,-10,500,-10,-7.692226,26.97647,31.02141,-10.5426,14.02213,-13.27621,8.594635,1
7.021972,15.96175,5.009199,-10,-10,-10,0.44,500,-10,500,-10,-8.180735,26.87139,30.62194,-10.4129,13.87696,-13.07491,8.40881,1
-0.2106773,13.05402,9.833964,-10,2.539963,-10,0.44,500,-10,500,-10,-8.724453,26.7835,30.17264,-10.17129,13.90479,-12.94423,8.008698,1
3.450477,15.4777,5.04964,-10,10,-10,0.44,500,-10,500,-10,-6.894297,26.65013,32.10238,-10.84013,14.57596,-13.87436,8.93649,1
-2.624303,1.974748,3.391149,-10,10,-10,0.44,500,-10,500,-10,-10.04011,26.722,29.05529,-9.81688,13.49717,-12.37282,7.490494,1
5.485581,-3.920627,4.768828,-10,10,-10,0.44,500,-10,500,-10,-11.90341,26.85326,27.29227,-9.193996,12.89362,-11.53489,6.633222,1
6.91099,-3.728701,2.483822,3.811044,10,-10,0.44,500,-10,500,-10,-11.81347,26.99349,27.38687,-8.99511,12.71539,-11.81215,6.88983,1
4.28365,-4.468931,5.086373,10,10,-10,0.44,500,-10,500,-10,-11.71247,27.13445,27.39322,-8.87709,12.61814,-11.93543,6.992344,1
14.2142,4.66794,6.420908,10,10,-10,0.44,500,-10,500,-10,-11.63553,27.27493,27.36694,-8.848101,12.60984,-11.94265,6.978866,1
6.437932,15.21824,3.364766,10,10,-10,0.44,500,-10,500,-10,-11.56738,27.41416,27.32773,-8.812595,12.59485,-11.94567,6.961373,1
0.5565852,14.78431,4.780725,10,-7.084134,-10,0.44,500,-10,500,-10,-11.39255,27.49129,27.43089,-9.039886,12.44879,-11.80385,7.19291,1
-3.713145,6.138146,9.483662,10,-10,-10,0.44,500,-10,500,-10,-11.16944,27.55235,27.6073,-9.129974,12.48221,-11.85994,7.30566,1
0.4790471,-2.356661,8.155483,10,-10,-10,0.44,500,-10,500,-10,-10.97532,27.63919,27.75242,-9.172701,12.53773,-11.93746,7.370383,1
4.085155,-3.1904,1.836448,4.216452,-10,-10,0.44,500,-10,500,-10,-10.83891,27.74512,27.8657,-9.302546,12.68318,-11.90148,7.318798,1
13.96853,3.460992,3.524053,-9.65855,-10,-10,0.44,500,-10,500,-10,-10.8701,27.85925,27.96009,-9.571184,12.96863,-11.71105,7.111557,1
10.16799,14.47376,3.331425,-10,-10,-10,0.44,500,-10,500,-10,-10.93444,27.96955,28.05486,-9.611781,13.02548,-11.74898,7.133239,1
2.757665,14.96007,7.985163,-10,-10,-10,0.44,500,-10,500,-10,-11.00747,28.07377,28.15355,-9.649125,13.07817,-11.7934,7.162309,1
6.58344,14.3751,9.969295,-10,0.4490201,-10,0.44,500,-10,500,-10,-11.09873,28.17398,28.19445,-9.546209,13.22532,-11.9302,7.049051,1
-3.252116,9.134275,2.845598,-10,10,-10,0.44,500,-10,500,-10,-11.20392,28.28533,28.11821,-9.404848,13.31544,-12.0084,6.895769,1
3.731134,-3.722192,4.041955,-10,10,-10,0.44,500,-10,500,-10,-11.30115,28.40557,28.04449,-9.37096,13.29926,-11.98121,6.850863,1
8.318751,-1.961827,0.4732218,-10,10,-10,0.44,500,-10,500,-10,-11.39122,28.53227,27.9818,-9.340758,13.28773,-11.95946,6.810455,1
8.640636,-3.442628,5.093467,2.644356,10,-10,0.44,500,-10,500,-10,-11.3893,28.66341,27.92759,-9.093303,13.05959,-12.16199,6.993668,1
13.04873,2.491741,9.248575,10,10,-10,0.44,500,-10,500,-10,-11.27044,28.79237,27.86501,-8.925941,12.91122,-12.27751,7.090181,1
8.614947,14.14992,2.234824,10,10,-10,0.44,500,-10,500,-10,-11.12528,28.91305,27.77945,-8.873379,12.87644,-12.25917,7.054069,1
0.7294761,14.84916,3.680721,10,7.688169,-10,0.44,500,-10,500,-10,-10.96352,29.02108,27.67959,-8.840916,12.80783,-12.20889,7.039936,1
-5.14123,4.717799,4.935032,10,-8.282961,-10,0.44,500,-10,500,-10,-10.90593,29.12535,27.73829,-9.034113,12.65674,-12.06433,7.239659,1
1.28987,-3.428848,6.355713,10,-10,-10,0.44,500,-10,500,-10,-10.91452,29.23382,27.87962,-9.1045,12.70444,-12.11106,7.309072,1
5.049364,-3.876468,4.364887,10,-10,-10,0.44,500,-10,500,-10,-10.95359,29.34089,28.0465,-9.167965,12.78368,-12.18587,7.368111,1
12.98006,1.966029,2.002638,-2.190025,-10,-10,0.44,500,-10,500,-10,-11.12274,29.44231,28.26054,-9.466244,13.0969,-12.06494,7.232238,1
10.94726,13.95996,2.370537,-10,-10,-10,0.44,500,-10,500,-10,-11.51244,29.51846,28.57995,-9.707636,13.4302,-12.0882,7.163596,1
5.233767,16.06102,4.48171,-10,-10,-10,0.44,500,-10,500,-10,-12.03259,29.53884,29.022,-9.857983,13.70508,-12.30414,7.255,1
7.539506,14.71723,8.698081,-10,-9.629229,-10,0.44,500,-10,500,-10,-12.52849,29.48915,29.43817,-10.05303,13.91106,-12.45393,7.393849,1
-2.74679,10.4138,4.035892,-10,7.239889,-10,0.44,500,-10,500,-10,-12.91847,29.50767,29.74793,-10.01216,14.25279,-12.75146,7.308785,1
3.074758,-3.215933,3.409017,-10,10,-10,0.44,500,-10,500,-10,-13.41782,29.5507,30.16873,-10.14645,14.45558,-12.96583,7.454661,1
8.843063,-1.24984,-0.5414109,-10,10,-10,0.44,500,-10,500,-10,-13.96126,29.5219,30.63236,-10.32542,14.63031,-13.17103,7.664098,1
11.56154,-1.555451,4.885068,-5.245921,10,-10,0.44,500,-10,500,-10,-14.33472,29.42959,30.94749,-10.40153,14.69282,-13.35603,7.862698,1
13.82267,6.169018,9.094235,8.837544,10,-10,0.44,500,-10,500,-10,-14.43056,29.30944,31.12082,-10.2479,14.52149,-13.65328,8.177649,1
7.222837,14.59786,1.793807,10,10,-10,0.44,500,-10,500,-10,-14.4346,29.18472,31.2443,-10.28869,14.5439,-13.71481,8.257549,1
-1.870852,12.47307,2.596242,10,10,-10,0.44,500,-10,500,-10,-14.41465,29.06019,31.3485,-10.3399,14.57677,-13.74993,8.31102,1
-3.59722,1.659648,3.451593,10,-6.398541,-10,0.44,500,-10,500,-10,-14.28377,28.96454,31.30057,-10.50431,14.35781,-13.54581,8.49026,1
4.156047,-4.325481,4.714231,10,-10,-10,0.44,500,-10,500,-10,-14.09769,28.87486,31.1625,-10.48372,14.24291,-13.45199,8.490755,1
5.827342,-4.28339,3.409002,10,-10,-10,0.44,500,-10,500,-10,-13.93828,28.7673,31.0541,-10.4377,14.18105,-13.40819,8.462803,1
13.63878,5.574576,1.491719,0.0322907,-10,-10,0.44,500,-10,500,-10,-13.86183,28.64746,30.97121,-10.57752,14.30321,-13.19969,8.271955,1
7.690032,13.80892,-0.5859057,-10,-10,-10,0.44,500,-10,500,-10,-13.92632,28.52511,30.8969,-10.73016,14.43783,-12.98548,8.075764,1
5.108521,15.93968,4.903237,-10,-10,-10,0.44,500,-10,500,-10,-14.00883,28.40811,30.81639,-10.7101,14.40053,-12.93883,8.04635,1
4.263666,15.86869,5.565886,-10,-9.500452,-10,0.44,500,-10,500,-10,-14.0998,28.29834,30.73022,-10.68202,14.36753,-12.89551,8.007957,1
-2.765999,3.590136,3.113228,-10,7.437729,-10,0.44,500,-10,500,-10,-14.19774,28.19662,30.75963,-10.51653,14.56848,-13.08537,7.831375,1
5.238411,-3.486691,0.8551046,-10,10,-10,0.44,500,-10,500,-10,-14.28843,28.08867,30.85086,-10.53856,14.63231,-13.13892,7.843133,1
11.84751,1.350177,-0.8775746,-10,10,-10,0.44,500,-10,500,-10,-14.37103,27.9731,30.93357,-10.58603,14.66275,-13.16,7.881233,1
13.73387,3.017709,8.861698,-1.870911,10,-10,0.44,500,-10,500,-10,-14.40192,27.85152,31.00916,-10.48968,14.54849,-13.31898,8.058122,1
11.13194,12.80424,3.315286,10,10,-10,0.44,500,-10,500,-10,-14.27908,27.7309,31.09052,-10.32325,14.3643,-13.55282,8.309734,1
1.675555,14.36586,1.112369,10,10,-10,0.44,500,-10,500,-10,-14.12153,27.62122,31.19595,-10.36608,14.39097,-13.59735,8.370418,1
-3.348253,3.973831,-0.07659505,10,5.882772,-10,0.44,500,-10,500,-10,-13.95388,27.52482,31.30433,-10.45494,14.37291,-13.59829,8.478275,1
1.435491,-3.557033,3.760441,10,-9.242896,-10,0.44,500,-10,500,-10,-13.89937,27.41219,31.24089,-10.60417,14.16494,-13.39649,8.633681,1
5.456026,-4.405364,5.272006,10,-10,-10,0.44,500,-10,500,-10,-13.88935,27.29131,31.12505,-10.57304,14.09895,-13.33164,8.603689,1
12.37919,1.851965,0.8089219,7.403589,-10,-10,0.44,500,-10,500,-10,-13.91826,27.1701,30.98829,-10.57114,14.0792,-13.22022,8.510122,1
8.776644,12.37559,-1.33556,-7.999517,-10,-10,0.44,500,-10,500,-10,-14.13361,27.05402,30.79732,-10.77496,14.26591,-12.85817,8.165171,1
4.091014,15.00288,0.7749236,-10,-10,-10,0.44,500,-10,500,-10,-14.55817,26.96398,30.45544,-10.70858,14.18627,-12.64128,7.961542,1
4.476794,16.39962,5.349035,-10,-10,-10,0.44,500,-10,500,-10,-15.19608,26.93388,29.90085,-10.57976,14.05301,-12.31057,7.635266,1
-3.412886,5.611339,2.848525,-10,2.646777,-10,0.44,500,-10,500,-10,-15.75989,26.91315,29.42438,-10.28192,14.03691,-12.2136,7.256567,1
5.037102,-2.426167,0.03626244,-10,10,-10,0.44,500,-10,500,-10,-16.49188,26.84337,28.7816,-10.01418,13.85501,-11.94875,6.905875,1
11.60899,2.648405,-1.849888,-10,10,-10,0.44,500,-10,500,-10,-17.50007,26.87904,27.86459,-9.760092,13.46351,-11.44301,6.537543,1
14.68666,4.475222,7.318531,-3.726983,10,-10,0.44,500,-10,500,-10,-17.87798,27.00496,27.54992,-9.535087,13.25706,-11.40728,6.483265,1
10.89207,13.32424,2.827806,9.869724,10,-10,0.44,500,-10,500,-10,-17.87028,27.14375,27.47169,-9.260583,13.003,-11.61696,6.672504,1
0.7798606,12.99918,-0.3598011,10,10,-10,0.44,500,-10,500,-10,-17.82516,27.28193,27.40967,-9.219938,12.98271,-11.60622,6.641407,1
-2.046328,2.599319,-1.416985,10,5.305929,-10,0.44,500,-10,500,-10,-17.74846,27.40717,27.38211,-9.2478,12.92332,-11.55552,6.67796,1
2.624956,-3.488586,3.80454,10,-9.528549,-10,0.44,500,-10,500,-10,-17.52821,27.47109,27.54292,-9.464263,12.81515,-11.47231,6.919383,1
5.123515,-4.428591,3.518321,10,-10,-10,0.44,500,-10,500,-10,-17.31129,27.54998,27.70771,-9.519739,12.87163,-11.55337,6.999441,1
12.78841,4.94385,-0.4860251,5.077295,-10,-10,0.44,500,-10,500,-10,-17.15297,27.65131,27.83568,-9.640115,13.00693,-11.53903,6.970174,1
6.012976,12.02064,-2.472722,-8.989415,-10,-10,0.44,500,-10,500,-10,-17.15867,27.76352,27.93883,-9.914343,13.29769,-11.35027,6.764884,1
3.793395,15.50652,2.056415,-10,-10,-10,0.44,500,-10,500,-10,-17.21258,27.87359,28.03828,-9.967694,13.36726,-11.37933,6.777723,1
0.06018305,14.61962,4.035634,-10,-9.022886,-10,0.44,500,-10,500,-10,-17.27742,27.9784,28.13425,-9.992405,13.42941,-11.43413,6.795087,1
-0.7572055,0.9140575,0.354923,-10,7.837933,-10,0.44,500,-10,500,-10,-17.38461,28.08101,28.1004,-9.787053,13.61886,-11.61143,6.577589,1
8.125625,0.806733,-2.890003,-10,10,-10,0.44,500,-10,500,-10,-17.49908,28.19345,28.01413,-9.725176,13.62223,-11.60183,6.502738,1
13.66992,3.188045,1.019611,-10,10,-10,0.44,500,-10,500,-10,-17.603,28.31467,27.94203,-9.692261,13.60717,-11.575,6.458049,1
14.45937,9.320605,5.437087,6.790132,10,-10,0.44,500,-10,500,-10,-17.58207,28.44166,27.88046,-9.37042,13.30404,-11.84583,6.710165,1
5.952973,14.09083,-0.2103814,10,10,-10,0.44,500,-10,500,-10,-17.46798,28.5649,27.81054,-9.271278,13.22305,-11.88704,6.733223,1
-1.362674,6.498111,-2.306994,10,10,-10,0.44,500,-10,500,-10,-17.34019,28.67925,27.72362,-9.219604,13.18822,-11.86669,6.696029,1
-0.6644454,-1.437506,0.429297,10,-7.207384,-10,0.44,500,-10,500,-10,-17.25452,28.78089,27.75326,-9.413287,13.00939,-11.69757,6.899422,1
4.417962,-4.255029,3.870775,10,-10,-10,0.44,500,-10,500,-10,-17.21059,28.88441,27.86432,-9.480628,13.0291,-11.72225,6.97174,1
10.78987,1.108054,-0.4500226,8.064735,-10,-10,0.44,500,-10,500,-10,-17.1876,28.99178,27.97797,-9.551442,13.11573,-11.74561,6.979278,1
8.06077,11.10138,-2.517481,-7.904583,-10,-10,0.44,500,-10,500,-10,-17.31116,29.09867,28.10317,-9.874258,13.45429,-11.52653,6.744451,1
3.158952,13.79474,-1.050663,-10,-10,-10,0.44,500,-10,500,-10,-17.53365,29.18967,28.26597,-9.983276,13.57671,-11.5524,6.756923,1
1.059199,15.06102,2.845502,-10,-9.743105,-10,0.44,500,-10,500,-10,-17.80177,29.25375,28.47492,-10.05201,13.7115,-11.6568,6.795273,1
-2.038247,3.208935,-0.684558,-10,7.563764,-10,0.44,500,-10,500,-10,-17.94756,29.35726,28.53069,-9.87058,13.95566,-11.88445,6.597322,1
7.328252,1.177601,-3.270817,-10,10,-10,0.44,500,-10,500,-10,-18.02028,29.49763,28.50015,-9.829668,13.97951,-11.90005,6.54817,1
13.27905,3.4743,0.07425207,-9.203768,10,-10,0.44,500,-10,500,-10,-18.10952,29.63861,28.49277,-9.808879,13.97719,-11.91473,6.544375,1
14.69989,8.347587,3.905357,7.522909,10,-10,0.44,500,-10,500,-10,-18.13808,29.77937,28.55169,-9.528851,13.73985,-12.24357,6.830534,1
6.326336,13.31668,-1.175394,10,10,-10,0.44,500,-10,500,-10,-17.87446,29.91965,28.38844,-9.41573,13.60351,-12.22143,6.831613,1
-5.598995,5.932618,-2.936537,10,7.014825,-10,0.44,500,-10,500,-10,-17.85961,30.04758,28.47445,-9.466454,13.62236,-12.24197,6.884019,0
-5.547175,-1.037854,0.3875468,10,-8.783016,-10,0.44,500,-10,500,-10,-17.34528,30.1162,28.04922,-9.460428,13.21776,-11.89565,6.936277,0
-1.386119,-4.104469,1.562755,10,-10,-10,0.44,500,-10,500,-10,-16.93054,30.22,27.72129,-9.307128,13.05235,-11.77724,6.829975,0
5.324449,2.949601,-2.560439,2.749173,-10,-10,0.44,500,-10,500,-10,-16.74399,30.3509,27.58846,-9.355306,13.11981,-11.619,6.652453,0
1.116064,11.03426,-3.321693,-9.946914,-10,-10,0.44,500,-10,500,-10,-16.77065,30.48749,27.52038,-9.534654,13.31928,-11.38324,6.396569,0
-1.604157,14.61601,0.03000855,-10,-10,-10,0.44,500,-10,500,-10,-16.82118,30.62271,27.4568,-9.502122,13.30667,-11.36309,6.356505,0
-5.891301,12.72155,1.017543,-10,-1.271449,-10,0.44,500,-10,500,-10,-16.91367,30.73654,27.44841,-9.397223,13.41509,-11.46103,6.241125,0
-3.705185,1.630293,-2.91314,-10,10,-10,0.44,500,-10,500,-10,-17.10292,30.80493,27.59403,-9.336329,13.61809,-11.64259,6.158786,0
4.03684,2.573596,-3.783016,-10,10,-10,0.44,500,-10,500,-10,-17.26428,30.85896,27.72995,-9.397802,13.68752,-11.69374,6.201973,0
9.094899,3.294304,1.350325,1.564297,10,-10,0.44,500,-10,500,-10,-17.34773,30.96066,27.84334,-9.245177,13.54988,-11.94032,6.433574,0
6.832648,10.79433,0.02492708,10,10,-10,0.44,500,-10,500,-10,-17.29816,31.0664,27.94605,-9.133542,13.45382,-12.13705,6.614732,0
-2.620993,10.21945,-3.14219,10,10,-10,0.44,500,-10,500,-10,-17.23116,31.16673,28.05065,-9.16569,13.50075,-12.19157,6.654472,0
-5.970587,2.818379,-1.958993,10,-7.343867,-10,0.44,500,-10,500,-10,-17.12923,31.27013,28.0337,-9.340559,13.30029,-12.00266,6.840891,0
-3.858655,-2.19945,1.28798,10,-10,-10,0.44,500,-10,500,-10,-17.01936,31.38606,27.95307,-9.322296,13.23929,-11.95411,6.835078,0
1.919809,-0.6418524,-2.034675,4.371267,-10,-10,0.44,500,-10,500,-10,-16.94716,31.50991,27.88588,-9.377057,13.3123,-11.84368,6.706401,0
3.219959,9.170802,-3.653424,-9.357425,-10,-10,0.44,500,-10,500,-10,-17.02671,31.63594,27.82225,-9.579601,13.53341,-11.58842,6.432568,0
-0.3601758,13.49131,-1.651521,-10,-10,-10,0.44,500,-10,500,-10,-17.14611,31.75537,27.74506,-9.556528,13.52793,-11.54753,6.374089,0
-3.428055,14.16968,0.5493754,-10,-0.5371152,-10,0.44,500,-10,500,-10,-17.25779,31.86143,27.70819,-9.433221,13.63334,-11.64029,6.238127,0
-4.459767,4.632178,-2.850476,-10,10,-10,0.44,500,-10,500,-10,-17.3116,31.96142,27.80899,-9.352025,13.80415,-11.80501,6.150835,0
3.008068,2.464672,-3.695487,-10,10,-10,0.44,500,-10,500,-10,-17.35054,32.06566,27.92204,-9.393389,13.86087,-11.85731,6.187785,0
7.647418,2.210888,-0.4754561,4.560438,10,-10,0.44,500,-10,500,-10,-17.27401,32.17192,28.04119,-9.182751,13.66589,-12.16668,6.481497,0
7.405206,8.627941,-0.8116872,10,10,-10,0.44,500,-10,500,-10,-17.07389,32.26654,28.18848,-9.132877,13.62995,-12.3386,6.63948,0
-1.601404,9.839025,-3.794797,10,5.987052,-10,0.44,500,-10,500,-10,-16.85232,32.34393,28.34769,-9.219585,13.65005,-12.38381,6.751295,0
-6.00965,3.98417,-2.264964,10,-8.890508,-10,0.44,500,-10,500,-10,-16.76742,32.46167,28.33024,-9.370272,13.47529,-12.21866,6.911603,0
-4.947408,-0.9201527,0.04825678,10,-10,-10,0.44,500,-10,500,-10,-16.73563,32.59782,28.2526,-9.341061,13.43657,-12.18354,6.885994,0
1.559225,0.6974822,-2.656153,-2.019924,-10,-10,0.44,500,-10,500,-10,-16.80643,32.73464,28.15324,-9.498426,13.61409,-11.94385,6.626145,0
2.53103,8.992747,-4.226562,-10,-10,-10,0.44,500,-10,500,-10,-17.15094,32.86542,27.89618,-9.537645,13.67257,-11.69163,6.35466,0
0.5325978,13.76692,-1.285529,-10,-8.437654,-10,0.44,500,-10,500,-10,-18.54741,32.95661,26.59555,-8.994389,13.17793,-11.1572,5.771617,0
-3.89436,12.34395,-1.6648,-10,7.851598,-10,0.44,500,-10,500,-10,-21.32787,32.92344,23.9142,-7.769586,12.52719,-10.16026,4.200622,0
-2.929678,3.489587,-4.717707,-10,10,-10,0.44,500,-10,500,-10,-21.29103,32.78371,24.05192,-7.790916,12.57631,-10.25305,4.265613,0
3.522392,1.981239,-3.323882,-1.864665,10,-10,0.44,500,-10,500,-10,-21.28687,32.64328,24.10956,-7.67829,12.443,-10.41343,4.446686,0
7.382002,2.348327,-0.7879997,9.64119,10,-10,0.44,500,-10,500,-10,-21.18333,32.50254,24.13404,-7.493677,12.23765,-10.61833,4.672311,0
4.720231,9.269437,-2.889175,10,9.733498,-10,0.44,500,-10,500,-10,-21.09139,32.36255,24.12429,-7.493025,12.21038,-10.6109,4.691507,0
-3.675887,7.57878,-4.123103,10,-6.882469,-10,0.44,500,-10,500,-10,-20.89278,32.29176,24.24964,-7.718315,12.05107,-10.48948,4.954681,0
-6.891457,3.224878,-1.826315,10,-10,-10,0.44,500,-10,500,-10,-20.64021,32.2391,24.44973,-7.82555,12.08034,-10.54804,5.091202,0
-3.557341,-0.5420365,-2.160274,2.273054,-10,-10,0.44,500,-10,500,-10,-20.46342,32.15692,24.6145,-8.021373,12.26406,-10.48874,5.044011,0
2.536325,4.708223,-4.581636,-9.819317,-10,-10,0.44,500,-10,500,-10,-20.45695,32.06059,24.75121,-8.290567,12.51906,-10.33282,4.902279,0
2.518857,11.41167,-2.852602,-10,-9.256011,-10,0.44,500,-10,500,-10,-20.48542,31.96465,24.87404,-8.344836,12.57595,-10.38033,4.947171,0
-0.05216247,13.71667,-1.170542,-10,6.977046,-10,0.44,500,-10,500,-10,-20.59162,31.86145,24.85794,-8.169011,12.75047,-10.54281,4.759311,0
-3.610816,7.471825,-3.978958,-10,10,-10,0.44,500,-10,500,-10,-20.72561,31.74342,24.77457,-8.11672,12.74887,-10.52602,4.691838,0
1.019741,2.176814,-4.18457,-1.03792,10,-10,0.44,500,-10,500,-10,-20.78778,31.61664,24.70998,-7.950272,12.56374,-10.63895,4.823439,0
4.83156,0.9870828,-2.30279,9.629595,10,-10,0.44,500,-10,500,-10,-20.7164,31.48837,24.65047,-7.749447,12.34402,-10.79047,4.993855,0
6.111418,6.435019,-2.663323,10,7.83422,-10,0.44,500,-10,500,-10,-20.6189,31.36785,24.59196,-7.746637,12.27469,-10.74479,5.014703,0
-1.302878,8.774036,-4.102953,10,-7.80813,-10,0.44,500,-10,500,-10,-20.52431,31.27378,24.64532,-7.946436,12.10838,-10.58921,5.22522,0
-6.188812,5.596688,-2.736506,10,-10,-10,0.44,500,-10,500,-10,-20.44179,31.18234,24.75401,-8.018208,12.11733,-10.6075,5.306344,0
-5.038796,1.509978,-2.320671,-0.598915,-10,-10,0.44,500,-10,500,-10,-20.43741,31.08338,24.85784,-8.248672,12.33321,-10.46307,5.176487,0
1.473643,3.677788,-4.553701,-10,-10,-10,0.44,500,-10,500,-10,-20.56675,30.98808,24.96867,-8.468956,12.53946,-10.33462,5.062075,0
3.380461,10.00983,-3.357884,-10,-5.280248,-10,0.44,500,-10,500,-10,-20.71091,30.9024,25.07168,-8.472968,12.63713,-10.41595,5.049751,0
0.6162536,12.28057,-2.755464,-10,8.666261,-10,0.44,500,-10,500,-10,-20.79596,30.78836,25.04482,-8.318032,12.77945,-10.54864,4.885179,0
-2.614453,3.507644,-7.953088,-8.37445,10,-10,0.44,500,-10,500,-10,-20.84613,30.65803,24.9766,-8.259524,12.73178,-10.55062,4.876323,0
0.3622377,-3.637218,-9.101975,4.634122,10,-10,0.44,500,-10,500,-10,-20.78452,30.52612,24.90528,-8.014778,12.4676,-10.73627,5.081407,0
4.022747,-4.776629,-7.299615,10,10,-10,0.44,500,-10,500,-10,-20.60545,30.39983,24.80099,-7.879391,12.31361,-10.78524,5.148982,0
4.289853,-0.5460993,-9.114603,10,1.222909,-10,0.44,500,-10,500,-10,-20.45649,30.29214,24.74324,-7.953782,12.17449,-10.663,5.240252,0
-1.643479,2.406034,-9.393741,10,-9.684055,-10,0.44,500,-10,500,-10,-20.53859,30.1743,24.95884,-8.179244,12.13698,-10.61619,5.456411,0
-6.157374,0.1309514,-8.333337,6.104319,-10,-10,0.44,500,-10,500,-10,-20.82624,30.08504,25.35017,-8.467318,12.33837,-10.65236,5.579269,0
-4.153275,-3.289689,-8.389864,-7.939761,-10,-10,0.44,500,-10,500,-10,-21.45847,30.05104,25.95447,-9.06619,12.78996,-10.5542,5.628397,0
1.948372,-1.183079,-9.809984,-10,-9.430113,-10,0.44,500,-10,500,-10,-22.13092,30.10592,26.54031,-9.373327,13.11457,-10.73249,5.789197,0
3.423365,3.45216,-8.758072,-10,4.079447,-10,0.44,500,-10,500,-10,-22.60322,30.13054,26.92688,-9.433126,13.48222,-10.99299,5.741859,0
0.8552485,5.261252,-8.493241,-10,10,-10,0.44,500,-10,500,-10,-23.17529,30.13087,27.41824,-9.65439,13.83685,-11.17886,5.794359,0
-2.094063,-0.2952783,-9.915537,0.2895961,10,-10,0.44,500,-10,500,-10,-23.59708,30.2008,27.82894,-9.670959,13.86372,-11.5026,6.107795,0
0.1668713,-4.663058,-9.193936,9.587511,10,-10,0.44,500,-10,500,-10,-23.74467,30.30848,28.07587,-9.615428,13.82405,-11.76273,6.352066,0
3.364078,-4.293849,-8.446149,10,4.603203,-10,0.44,500,-10,500,-10,-23.74595,30.42013,28.18959,-9.708136,13.81168,-11.76426,6.458671,0
1.857442,1.010394,-9.788391,10,-8.588639,-10,0.44,500,-10,500,-10,-23.54672,30.51311,28.06847,-9.788351,13.60853,-11.58369,6.561463,0
-3.173038,2.384149,-9.002654,7.181155,-10,-10,0.44,500,-10,500,-10,-23.34932,30.61967,27.92424,-9.773436,13.57753,-11.47909,6.472955,0
-5.408771,0.08786917,-8.276677,-4.811215,-10,-10,0.44,500,-10,500,-10,-23.2947,30.74007,27.82228,-9.923356,13.74519,-11.24469,6.220811,0
-1.111554,-2.405998,-9.52377,-10,-9.723829,-10,0.44,500,-10,500,-10,-23.33798,30.86182,27.73563,-9.966154,13.81214,-11.13009,6.082064,0
3.735669,0.9989365,-9.138894,-10,2.264758,-10,0.44,500,-10,500,-10,-23.4411,30.96335,27.74477,-9.833322,13.96423,-11.2705,5.937546,0
3.516286,4.172389,-8.284146,-10,10,-10,0.44,500,-10,500,-10,-23.58665,31.05584,27.85453,-9.793135,14.11186,-11.40163,5.880865,0
-0.6119775,2.296463,-9.461914,-0.307997,10,-10,0.44,500,-10,500,-10,-23.6529,31.16063,27.95447,-9.665603,13.99976,-11.61197,6.075769,0
-0.9320061,-2.57219,-9.075274,9.306766,10,-10,0.44,500,-10,500,-10,-23.59834,31.26849,28.04783,-9.529588,13.87964,-11.82534,6.27325,0
1.231929,-4.876017,-8.69815,10,3.759344,-10,0.44,500,-10,500,-10,-23.50658,31.37028,28.10996,-9.601097,13.82561,-11.80531,6.378757,0
2.210079,-1.224909,-9.818813,10,-8.577649,-10,0.44,500,-10,500,-10,-23.40655,31.47577,28.06185,-9.706633,13.66888,-11.65991,6.495628,0
-1.539417,2.289857,-9.933993,5.550297,-10,-10,0.44,500,-10,500,-10,-23.33805,31.59175,27.9815,-9.752676,13.69997,-11.54729,6.397954,0
-4.383992,1.759683,-8.652531,-5.374178,-10,-10,0.44,500,-10,500,-10,-23.38007,31.71111,27.90484,-9.900456,13.86534,-11.336,6.169072,0
-2.011175,-1.253528,-9.112099,-10,-7.610948,-10,0.44,500,-10,500,-10,-23.49948,31.82375,27.82994,-9.919737,13.95501,-11.25466,6.017344,0
2.652827,-0.6510395,-9.698615,-10,3.976272,-10,0.44,500,-10,500,-10,-23.57465,31.90092,27.84442,-9.793842,14.10141,-11.39254,5.882932,0
3.645236,2.02912,-9.421895,-8.483997,10,-10,0.44,500,-10,500,-10,-23.61008,31.9949,27.9491,-9.738668,14.19573,-11.53445,5.875352,0
0.5132293,2.473525,-9.61124,1.982107,10,-10,0.44,500,-10,500,-10,-23.55309,32.09903,28.06494,-9.597613,14.07001,-11.77149,6.097052,0
-1.861958,-2.122838,-9.868057,9.648799,9.899543,-10,0.44,500,-10,500,-10,-23.37912,32.19415,28.20147,-9.507949,13.9921,-11.97429,6.288096,0
0.1440688,-4.275663,-8.944553,10,0.04927123,-10,0.44,500,-10,500,-10,-23.22762,32.28706,28.27415,-9.627562,13.90358,-11.9149,6.436834,0
1.779407,-1.643176,-9.893011,9.555193,-9.260433,-10,0.44,500,-10,500,-10,-23.17535,32.40719,28.21673,-9.704353,13.78843,-11.79053,6.504406,0
-0.5838867,2.493313,-9.62101,1.394433,-10,-10,0.44,500,-10,500,-10,-23.22843,32.53699,28.11036,-9.800968,13.88751,-11.60578,6.31719,0
-3.081176,2.408953,-8.656173,-7.845244,-10,-10,0.44,500,-10,500,-10,-23.43704,32.66127,27.94446,-9.892173,13.99703,-11.37711,6.07021,0
-1.856533,-0.8632125,-9.590919,-10,-3.079287,-10,0.44,500,-10,500,-10,-23.6874,32.76638,27.78514,-9.791364,14.06754,-11.3459,5.867677,0
2.526665,-1.062091,-9.826741,-10,7.544291,-10,0.44,500,-10,500,-10,-23.57161,32.87288,28.00393,-9.747988,14.27909,-11.57056,5.837422,0
3.649927,1.468646,-9.270073,-4.049247,10,-10,0.44,500,-10,500,-10,-22.07668,32.94952,29.5648,-10.08016,14.86282,-12.53172,6.547013,0
0.4273407,1.82767,-9.721691,5.910533,10,-10,0.44,500,-10,500,-10,-20.89837,32.85041,30.70789,-10.23229,15.02751,-13.32673,7.329472,0
-1.654889,-1.750365,-9.355082,10,5.091403,-10,0.44,500,-10,500,-10,-20.92876,32.73108,30.58071,-10.17577,14.84288,-13.27787,7.408726,0
-0.3734023,-3.869689,-9.374289,10,-5.112595,-10,0.44,500,-10,500,-10,-20.60191,32.64886,30.81695,-10.37607,14.80129,-13.27332,7.646066,0
1.329822,-0.4941714,-9.870735,4.832839,-10,-10,0.44,500,-10,500,-10,-20.26041,32.55686,31.1104,-10.62806,14.92966,-13.26449,7.76084,0
-0.2501145,3.064898,-8.906815,-3.794268,-10,-10,0.44,500,-10,500,-10,-20.11918,32.43887,31.28586,-10.84828,15.1325,-13.18964,7.70338,0
-2.813224,1.648059,-9.706778,-9.58913,-6.296163,-10,0.44,500,-10,500,-10,-20.13291,32.31982,31.37046,-10.94981,15.2999,-13.15821,7.606081,0
-0.1979024,-0.6098266,-9.442327,-10,3.28431,-10,0.44,500,-10,500,-10,-20.27189,32.22422,31.31871,-10.84241,15.39416,-13.22273,7.468947,0
2.916259,-0.9869796,-9.674358,-6.257322,9.656362,-10,0.44,500,-10,500,-10,-20.44407,32.13272,31.1838,-10.66756,15.34932,-13.2858,7.401998,0
2.650387,1.04755,-9.795842,2.225738,10,-10,0.44,500,-10,500,-10,-20.52214,32.02789,31.0612,-10.48066,15.15471,-13.37112,7.495029,0
-0.6195055,0.684882,-9.831919,9.324774,6.849228,-10,0.44,500,-10,500,-10,-20.49222,31.92002,30.97446,-10.36561,14.95282,-13.4143,7.625044,0
-2.14764,-2.480936,-9.749437,10,-2.054451,-10,0.44,500,-10,500,-10,-20.39189,31.81916,30.97666,-10.45702,14.82887,-13.32471,7.750813,0
0.3375539,-2.312339,-9.20444,6.054913,-9.323382,-10,0.44,500,-10,500,-10,-20.28889,31.71414,31.0534,-10.63971,14.8324,-13.2056,7.810867,0
0.8095299,0.9395076,-9.89537,-1.786083,-10,-10,0.44,500,-10,500,-10,-20.26326,31.60094,31.1406,-10.8238,14.98459,-13.09376,7.730937,0
-1.0611,2.687766,-9.621889,-8.120473,-6.903467,-10,0.44,500,-10,500,-10,-20.3198,31.4898,31.20767,-10.93593,15.15007,-13.0372,7.621022,0
-1.676219,0.6118786,-9.90987,-9.785642,1.372872,-10,0.44,500,-10,500,-10,-20.41607,31.38864,31.2077,-10.88401,15.26962,-13.08915,7.5015,0
1.581114,-1.061805,-9.179603,-6.171722,8.604259,-10,0.44,500,-10,500,-10,-20.48566,31.28688,31.13946,-10.72424,15.2577,-13.19238,7.456875,0
2.899132,-0.558506,-9.827218,0.8852512,10,-10,0.44,500,-10,500,-10,-20.48112,31.18022,31.04684,-10.55764,15.10681,-13.28224,7.531023,0
0.9981325,0.9267327,-9.835546,7.505679,6.60649,-10,0.44,500,-10,500,-10,-20.40136,31.07649,30.9703,-10.45457,14.91205,-13.32189,7.662371,0
-1.666115,-0.7290933,-9.586439,9.581672,-1.124674,-10,0.44,500,-10,500,-10,-20.30244,30.97612,30.95605,-10.50216,14.77076,-13.26249,7.791849,0
-1.169405,-1.950527,-9.443411,5.788974,-7.991298,-10,0.44,500,-10,500,-10,-20.25765,30.86793,31.01269,-10.67293,14.77096,-13.13865,7.838576,0
0.6224924,-0.5095356,-10.04546,-1.30138,-9.99407,-10,0.44,500,-10,500,-10,-20.30505,30.75389,31.10936,-10.8673,14.90344,-13.02438,7.786201,0
0.2592902,2.327995,-9.61951,-7.17118,-6.119675,-10,0.44,500,-10,500,-10,-20.41666,30.64719,31.19257,-10.97225,15.07991,-12.98838,7.678676,0
-1.054239,1.796318,-9.440407,-8.558211,1.266224,-10,0.44,500,-10,500,-10,-20.50974,30.54649,31.20432,-10.93025,15.1894,-13.0401,7.578916,0
0.1262796,-0.7812662,-9.751118,-5.103799,7.667923,-10,0.44,500,-10,500,-10,-20.50478,30.44073,31.11895,-10.77152,15.15925,-13.12811,7.538341,0
2.354951,-1.02221,-9.438957,1.162213,9.303682,-10,0.44,500,-10,500,-10,-20.37379,30.33552,30.95823,-10.58019,14.98925,-13.18627,7.575167,0
1.677,0.7282364,-9.596148,6.764053,5.334341,-10,0.44,500,-10,500,-10,-20.16967,30.24145,30.79151,-10.45582,14.76164,-13.17249,7.664632,0
-1.211844,0.0749625,-9.798806,8.2302,-1.691709,-10,0.44,500,-10,500,-10,-20.01184,30.14495,30.7098,-10.47429,14.60767,-13.08632,7.750894,0
-1.162665,-1.11617,-9.078803,4.492063,-7.46151,-10,0.44,500,-10,500,-10,-20.01755,30.02809,30.77469,-10.63869,14.62494,-12.97569,7.787399,0
0.3789512,-0.6447763,-9.740486,-1.999782,-8.530953,-10,0.44,500,-10,500,-10,-20.36073,29.90501,31.11791,-10.93194,14.87597,-12.96683,7.820755,0
0.6859397,1.725188,-9.865818,-6.854082,-4.384829,-10,0.44,500,-10,500,-10,-13.02946,29.82278,23.72897,-7.661408,11.48184,-10.11496,5.092488,0
-0.4552236,1.732509,-9.765186,-7.231354,2.339478,-10,0.44,500,-10,500,-10,-12.27576,29.8478,22.90059,-7.102674,11.23122,-9.987307,4.656714,0
0.0283419,-0.5312768,-9.649602,-3.300027,7.382996,-10,0.44,500,-10,500,-10,-73.46714,29.86986,84.0471,-35.80019,39.96627,-31.95511,26.58699,0
1.755249,-1.522166,-9.75251,2.386258,7.652276,-10,0.44,500,-10,500,-10,-71.25566,29.76801,81.84525,-34.61312,38.84492,-31.31776,25.88392,0
1.311095,0.001117423,-9.896189,6.506927,3.165698,-10,0.44,500,-10,500,-10,-71.07294,29.65836,81.71862,-34.51447,38.67767,-31.31149,25.94625,0
-1.005751,0.391318,-9.809258,6.592423,-3.122115,-10,0.44,500,-10,500,-10,-70.78952,29.56691,81.49905,-34.47958,38.4956,-31.16445,25.94638,0
-1.804883,-0.9684516,-9.839019,2.391847,-7.224478,-10,0.44,500,-10,500,-10,-70.53585,29.46846,81.27185,-34.49602,38.40516,-30.95975,25.84857,0
0.2346985,-0.5535495,-9.854813,-3.287602,-6.691603,-10,0.44,500,-10,500,-10,-70.43181,29.35738,81.13863,-34.53378,38.43856,-30.8116,25.70478,0
0.8104264,1.309954,-9.898735,-6.595889,-1.947905,-10,0.44,500,-10,500,-10,-70.47673,29.25225,81.1218,-34.54,38.53611,-30.79144,25.59329,0
-0.1423575,1.276326,-9.977215,-5.46916,3.877914,-10,0.44,500,-10,500,-10,-70.5956,29.15772,81.19416,-34.4989,38.61228,-30.89249,25.57708,0
0.1964986,-0.4354347,-9.537573,-0.9972451,7.047163,-10,0.44,500,-10,500,-10,-70.70004,29.06158,81.30258,-34.44502,38.6156,-31.03621,25.6636,0
1.428077,-1.180981,-9.720514,3.827908,5.543777,-10,0.44,500,-10,500,-10,-70.73,28.96005,81.38474,-34.42303,38.54479,-31.12628,25.80247,0
1.082719,0.003645271,-10.0005,6.102681,0.5177101,-10,0.44,500,-10,500,-10,-70.68501,28.85924,81.40469,-34.45404,38.44778,-31.1118,25.91602,0
-1.00051,0.4573886,-9.848751,4.467638,-4.628705,-10,0.44,500,-10,500,-10,-70.61392,28.75823,81.36682,-34.52754,38.39051,-31.00692,25.94192,0
-1.289857,-0.7565739,-9.798568,-0.1164647,-6.583255,-10,0.44,500,-10,500,-10,-70.57565,28.65314,81.30612,-34.608,38.41147,-30.87617,25.87065,0
0.495226,-0.0584204,-9.660347,-4.590171,-4.1905,-10,0.44,500,-10,500,-10,-70.5968,28.54826,81.26448,-34.64888,38.49078,-30.80078,25.75684,0
0.9359832,1.333912,-9.828923,-5.776322,0.8999352,-10,0.44,500,-10,500,-10,-70.65453,28.4479,81.2677,-34.62375,38.5655,-30.82858,25.68479,0
-0.1760605,0.6873721,-9.861357,-2.980497,5.206283,-10,0.44,500,-10,500,-10,-70.69964,28.34843,81.31264,-34.55618,38.58025,-30.9334,25.70728,0
-0.08224165,-1.117939,-10.114,1.579614,5.853228,-10,0.44,500,-10,500,-10,-70.69806,28.24742,81.37043,-34.50256,38.52632,-31.03489,25.80909,0
1.510868,-0.6649601,-9.144314,4.812878,2.540089,-10,0.44,500,-10,500,-10,-70.65475,28.14713,81.40569,-34.50438,38.43875,-31.06229,25.92588,0
0.3239875,0.2895627,-9.8867,4.795778,-2.378993,-10,0.44,500,-10,500,-10,-70.60586,28.04642,81.39854,-34.56174,38.37051,-30.99901,25.9882,0
-0.931375,0.3786765,-9.458545,1.600858,-5.500997,-10,0.44,500,-10,500,-10,-70.59084,27.94246,81.35716,-34.64093,38.36409,-30.88552,25.96033,0
-0.5492156,-0.2603414,-9.772325,-2.723144,-4.754879,-10,0.44,500,-10,500,-10,-70.62317,27.83818,81.31186,-34.69688,38.42147,-30.79205,25.86541,0
0.7907353,0.185531,-10.06732,-5.059825,-0.7985608,-10,0.44,500,-10,500,-10,-70.67645,27.73709,81.2964,-34.69616,38.49496,-30.77994,25.77911,0
0.9750825,1.180233,-9.66162,-3.701386,3.571865,-10,0.44,500,-10,500,-10,-70.70248,27.63688,81.32687,-34.64532,38.52776,-30.85604,25.77156,0
-0.03510863,0.3109547,-9.766038,0.1804574,5.33093,-10,0.44,500,-10,500,-10,-70.672,27.53622,81.39014,-34.59134,38.49856,-30.96245,25.85318,0
-0.1043466,-1.417179,-10.2992,3.674651,3.311225,-10,0.44,500,-10,500,-10,-70.60177,27.43728,81.44968,-34.58257,38.42974,-31.02053,25.97132,0
0.5766008,-0.8574694,-10.22748,4.467509,-0.9407759,-10,0.44,500,-10,500,-10,-70.54385,27.33764,81.46733,-34.62832,38.36506,-30.98941,26.05063,0
-0.3506696,0.4557602,-10.02921,2.217715,-4.377748,-10,0.44,500,-10,500,-10,-70.54602,27.23332,81.42909,-34.69728,38.34126,-30.88878,26.04276,0
-1.072057,0.07821658,-9.682667,-1.522846,-4.587735,-10,0.44,500,-10,500,-10,-70.61445,27.12811,81.35746,-34.74527,38.36901,-30.78144,25.95565,0
0.09525383,-0.3428741,-9.851582,-4.175437,-1.546578,-10,0.44,500,-10,500,-10,-70.6955,27.02671,81.30889,-34.74811,38.42541,-30.73834,25.859,0
0.8785371,0.285788,-10.04051,-3.704483,2.466308,-10,0.44,500,-10,500,-10,-70.68779,26.9263,81.35873,-34.72253,38.47539,-30.80524,25.85033,0
0.5143502,0.5474322,-9.874962,-0.5002077,4.557094,-10,0.44,500,-10,500,-10,-70.46008,26.82814,81.60484,-34.74073,38.52622,-30.99095,26.00342,0
-0.5599163,-0.9910751,-10.51318,2.856982,3.286369,-10,0.44,500,-10,500,-10,-69.67837,26.74813,82.36889,-35.06882,38.62835,-31.29595,26.53437,0
0.3535839,-0.9340181,-10.04836,3.932642,-0.2860703,-10,0.44,500,-10,500,-10,-66.98294,26.75323,85.02718,-36.05251,39.6684,-32.51488,27.69695,0
-0.08718997,-0.1575476,-10.29242,2.197788,-3.530353,-10,0.44,500,-10,500,-10,-67.15817,26.84264,84.82306,-36.11866,39.51203,-32.2796,27.68418,0
-0.9967486,0.2717046,-10.21997,-1.011915,-4.076474,-10,0.44,500,-10,500,-10,-67.15917,26.95078,84.82381,-36.17184,39.56886,-32.22704,27.62799,0
-0.5731475,-0.2869174,-10.21438,-3.454636,-1.624038,-10,0.44,500,-10,500,-10,-67.23693,27.05273,84.77353,-36.16188,39.62913,-32.19534,27.52605,0
0.999456,0.3730654,-9.538366,-3.305091,1.964609,-10,0.44,500,-10,500,-10,-67.3678,27.14639,84.67073,-36.07685,39.63872,-32.19519,27.43129,0
0.7161158,0.4345748,-9.822569,-0.6246794,3.946601,-10,0.44,500,-10,500,-10,-67.48165,27.2403,84.55891,-35.96212,39.58245,-32.21727,27.39491,0
0.04615929,-0.03004435,-9.805608,2.432841,2.926788,-10,0.44,500,-10,500,-10,-67.52605,27.33853,84.48625,-35.88673,39.49857,-32.23244,27.41857,0
0.3638725,-0.6134845,-9.596478,3.474233,-0.2418773,-10,0.44,500,-10,500,-10,-67.50373,27.43843,84.47192,-35.89013,39.44533,-32.21718,27.45995,0
-0.06694832,-0.3473538,-10.37173,1.87155,-3.102924,-10,0.44,500,-10,500,-10,-67.45952,27.53972,84.49978,-35.9512,39.45688,-32.17919,27.47146,0
0.05829454,0.7542959,-9.389209,-0.9709138,-3.546551,-10,0.44,500,-10,500,-10,-67.43906,27.64263,84.53479,-36.01034,39.5212,-32.14906,27.43616,0
-0.6913377,-0.1918171,-10.27505,-3.043427,-1.317016,-10,0.44,500,-10,500,-10,-67.45834,27.7442,84.54665,-36.01904,39.59507,-32.15019,27.37212,0
0.7257929,0.05287284,-9.726923,-2.792104,1.83915,-10,0.44,500,-10,500,-10,-67.49825,27.84324,84.52587,-35.96558,39.62727,-32.18643,27.3227,0
0.6920053,0.2063678,-10.03497,-0.3842883,3.458525,-10,0.44,500,-10,500,-10,-67.52425,27.94204,84.48698,-35.88445,39.59716,-32.23534,27.32059,0
-0.1100075,-0.146857,-10.0474,2.266438,2.387732,-10,0.44,500,-10,500,-10,-67.51721,28.0415,84.45538,-35.83057,39.53382,-32.26304,27.35775,0
-0.09152657,-0.4931973,-9.879673,3.00457,-0.472817,-10,0.44,500,-10,500,-10,-67.4889,28.14146,84.44886,-35.83854,39.4921,-32.24966,27.39405,0
0.4671155,0.01773733,-9.572394,1.380886,-2.85189,-10,0.44,500,-10,500,-10,-67.46805,28.2428,84.46607,-35.89145,39.50637,-32.21101,27.39405,0
-0.2766067,0.4268533,-9.927947,-1.202091,-2.928257,-10,0.44,500,-10,500,-10,-67.47337,28.34488,84.48888,-35.93851,39.56674,-32.18285,27.35257,0
-0.332748,0.15397,-9.966177,-2.750258,-0.7075926,-10,0.44,500,-10,500,-10,-67.49853,28.44564,84.4958,-35.93674,39.62982,-32.19037,27.29524,0
0.233344,-0.3222354,-10.19529,-2.140508,1.985442,-10,0.44,500,-10,500,-10,-67.51907,28.54512,84.47794,-35.88246,39.65085,-32.22983,27.2594,0
0.3673796,-0.1324643,-10.33549,0.1653945,2.988264,-10,0.44,500,-10,500,-10,-67.5141,28.64442,84.44524,-35.81078,39.61637,-32.27442,27.26678,0
-0.001556717,-0.01682796,-9.958988,2.271813,1.569463,-10,0.44,500,-10,500,-10,-67.4858,28.74369,84.41917,-35.77119,39.55945,-32.29241,27.3021,0
-0.1749961,-0.6621707,-9.959403,2.429484,-1.044569,-10,0.44,500,-10,500,-10,-67.45904,28.84384,84.41601,-35.78773,39.53189,-32.27325,27.32705,0
0.283795,-0.08583618,-9.633553,0.6306096,-2.756911,-10,0.44,500,-10,500,-10,-67.45786,28.94562,84.43469,-35.83781,39.5584,-32.23866,27.31602,0
0.182097,0.4303713,-9.684684,-1.598972,-2.190159,-10,0.44,500,-10,500,-10,-67.48218,29.04734,84.45602,-35.8721,39.62044,-32.22204,27.27166,0
-0.2747813,0.06986078,-10.0609,-2.464463,0.1344801,-10,0.44,500,-10,500,-10,-67.50481,29.14757,84.45482,-35.85406,39.66951,-32.23908,27.22159,0
0.3721677,-0.1016231,-10.00385,-1.336208,2.242701,-10,0.44,500,-10,500,-10,-67.49408,29.24682,84.41932,-35.78849,39.66604,-32.27523,27.19564,0
0.5151242,0.0978644,-9.796158,0.848662,2.428801,-10,0.44,500,-10,500,-10,-67.44256,29.34515,84.36166,-35.71516,39.61139,-32.30079,27.20253,0
-0.2520383,-0.2032465,-10.26861,2.270605,0.6179014,-10,0.44,500,-10,500,-10,-67.37743,29.44324,84.3111,-35.67949,39.54938,-32.29458,27.22264,0
-0.06137174,-0.5050367,-9.920654,1.735153,-1.653749,-10,0.44,500,-10,500,-10,-67.3409,29.54375,84.2933,-35.69733,39.53087,-32.26199,27.2264,0
0.4411323,0.3700776,-9.397457,-0.2439204,-2.463959,-10,0.44,500,-10,500,-10,-67.34905,29.6465,84.30483,-35.7378,39.56824,-32.23105,27.19858,0
0.2436918,0.4610342,-9.673388,-1.901248,-1.224277,-10,0.44,500,-10,500,-10,-67.34093,29.74782,84.28096,-35.73425,39.60752,-32.21484,27.13951,0
0.1604376,0.09007968,-9.909157,-1.923805,0.969934,-10,0.44,500,-10,500,-10,-66.77561,29.84312,83.69447,-35.40222,39.33895,-32.06091,26.92214,0
0.5257863,-0.1312473,-9.875316,-0.4055001,2.283272,-10,0.44,500,-10,500,-10,-73.45337,29.86642,90.36446,-38.50907,42.47881,-34.48072,29.30895,0
0.5850927,0.09929054,-9.670724,1.435136,1.622742,-10,0.44,500,-10,500,-10,-74.1773,29.94824,91.09827,-38.83089,42.82074,-34.76695,29.57505,0
-0.3628946,-0.3219768,-10.30571,2.009866,-0.3997876,-10,0.44,500,-10,500,-10,-73.92943,30.04501,90.8688,-38.73911,42.67473,-34.66859,29.53092,0
0.07057665,-0.1989684,-9.539457,0.8162463,-2.037379,-10,0.44,500,-10,500,-10,-73.81108,30.14375,90.75999,-38.71881,42.6321,-34.59874,29.4834,0
-0.1097515,-0.1407134,-10.20762,-1.070377,-1.877484,-10,0.44,500,-10,500,-10,-73.76465,30.24434,90.70476,-38.71619,42.64791,-34.55558,29.42183,0
0.2123953,0.6054782,-9.702339,-1.922878,-0.1176017,-10,0.44,500,-10,500,-10,-73.78174,30.34456,90.70391,-38.70412,42.69023,-34.56695,29.3788,0
0.09462166,-0.04331768,-9.868687,-1.123472,1.655696,-10,0.44,500,-10,500,-10,-73.82346,30.44414,90.73595,-38.67886,42.71956,-34.61876,29.37601,0
0.1230345,-0.6829888,-10.38254,0.5732084,1.926824,-10,0.44,500,-10,500,-10,-73.84908,30.54425,90.76921,-38.65478,42.71634,-34.67039,29.40679,0
0.5027332,0.2618529,-9.502744,1.73471,0.5154118,-10,0.44,500,-10,500,-10,-73.84236,30.64447,90.78051,-38.64782,42.69236,-34.68672,29.44014,0
-0.379968,-0.2701795,-9.997687,1.329988,-1.286986,-10,0.44,500,-10,500,-10,-73.81837,30.74446,90.76779,-38.66101,42.67969,-34.66299,29.44226,0
0.01661271,-0.09213497,-9.883978,-0.250156,-1.887925,-10,0.44,500,-10,500,-10,-73.80376,30.84474,90.74666,-38.6777,42.69763,-34.62879,29.40682,0
0.06396192,0.06829968,-9.959684,-1.535469,-0.8285627,-10,0.44,500,-10,500,-10,-73.81062,30.94502,90.7356,-38.67607,42.73462,-34.62125,29.36066,0
-0.08723408,-0.002878986,-10.09255,-1.421251,0.9332528,-10,0.44,500,-10,500,-10,-73.82887,31.04502,90.74251,-38.65082,42.76377,-34.65223,29.33723,0
0.2923724,-0.1785134,-9.724018,-0.05348238,1.797971,-10,0.44,500,-10,500,-10,-73.83907,31.14514,90.75981,-38.61818,42.76535,-34.69921,29.34999,0
0.07966996,-0.4458772,-10.37214,1.288257,0.9997194,-10,0.44,500,-10,500,-10,-73.8321,31.24531,90.77207,-38.60163,42.74559,-34.72591,29.37991,0
0.08178689,0.119609,-9.847794,1.445285,-0.6705796,-10,0.44,500,-10,500,-10,-73.81678,31.34537,90.76963,-38.60851,42.7296,-34.71701,29.39388,0
-0.3713662,-0.2003311,-9.935567,0.2582517,-1.660484,-10,0.44,500,-10,500,-10,-73.81,31.4456,90.75612,-38.6265,42.74006,-34.68783,29.37222,0
0.1424213,0.1151229,-9.972891,-1.089072,-1.151638,-10,0.44,500,-10,500,-10,-73.81836,31.54585,90.74417,-38.63184,42.77163,-34.67258,29.33075,0
0.2945787,0.2120245,-9.823614,-1.431096,0.3431053,-10,0.44,500,-10,500,-10,-73.83243,31.6459,90.74426,-38.6143,42.80249,-34.6902,29.29997,0
0.002082832,-0.1398559,-10.01133,-0.494215,1.516162,-10,0.44,500,-10,500,-10,-73.83704,31.74604,90.75689,-38.58326,42.81261,-34.7317,29.3003,0
0.03229675,-0.3642197,-10.29821,0.8957599,1.232648,-10,0.44,500,-10,500,-10,-73.8264,31.84618,90.77104,-38.56068,42.7984,-34.76601,29.32625,0
0.1962353,-0.1976396,-9.991689,1.39521,-0.2321346,-10,0.44,500,-10,500,-10,-73.81178,31.94623,90.77345,-38.56147,42.78095,-34.76722,29.3457,0
-0.3111237,-0.2843763,-10.13782,0.5244107,-1.390498,-10,0.44,500,-10,500,-10,-73.80976,32.04646,90.76185,-38.57704,42.78519,-34.74205,29.33185,0
-0.2760715,-0.1184547,-10.28369,-0.7726864,-1.200339,-10,0.44,500,-10,500,-10,-73.8233,32.14669,90.74707,-38.58424,42.81144,-34.7226,29.29335,0
0.4462552,0.2565676,-9.64342,-1.285364,0.03684266,-10,0.44,500,-10,500,-10,-73.83809,32.24674,90.74309,-38.57085,42.84065,-34.73268,29.26084,0
-0.1795126,-0.3815299,-10.41741,-0.6437944,1.18622,-10,0.44,500,-10,500,-10,-73.83693,32.34689,90.75586,-38.54483,42.85527,-34.76928,29.2568,0
0.325382,0.127193,-9.656927,0.5883166,1.202495,-10,0.44,500,-10,500,-10,-73.81654,32.44699,90.77725,-38.52401,42.84957,-34.80782,29.28023,0
0.2300479,-0.1362111,-9.955894,1.220141,0.02735505,-10,0.44,500,-10,500,-10,-73.79591,32.54698,90.78789,-38.52236,42.83618,-34.81829,29.30243,0
0.02975901,-0.1854374,-9.980782,0.6097317,-1.132856,-10,0.44,500,-10,500,-10,-73.80071,32.64725,90.7735,-38.53275,42.83521,-34.79599,29.29148,0
-0.4271451,-0.2261358,-10.41054,-0.5705125,-1.116864,-10,0.44,500,-10,500,-10,-73.8343,32.74751,90.74104,-38.53373,42.85132,-34.76811,29.24848,0
0.4784196,0.388415,-9.645359,-1.107312,-0.06232945,-10,0.44,500,-10,500,-10,-73.86713,32.84751,90.71793,-38.51591,42.87197,-34.76677,29.20867,0
-0.005792676,-0.3160725,-10.25437,-0.6004364,0.9700054,-10,0.44,500,-10,500,-10,-73.83311,32.94776,90.75992,-38.50374,42.89783,-34.81374,29.21761,0
0.1887903,0.05720456,-9.866319,0.4541112,1.031574,-10,0.44,500,-10,500,-10,-74.17529,33.04605,90.41576,-38.35466,42.76461,-34.67765,29.06565,0
0.1422317,-0.1004808,-10.0846,1.027355,0.07676996,-10,0.44,500,-10,500,-10,-73.94408,33.14011,90.63857,-38.42794,42.83025,-34.78899,29.18465,0
0.101549,-0.1974084,-9.892858,0.5501626,-0.9404621,-10,0.44,500,-10,500,-10,-73.8445,33.23919,90.73211,-38.47332,42.86732,-34.82111,29.22507,0
-0.240137,-0.13647,-10.22141,-0.4689459,-0.9728953,-10,0.44,500,-10,500,-10,-73.80732,33.33915,90.77283,-38.49844,42.90643,-34.82974,29.21971,0
0.01918549,0.03682953,-10.18251,-0.958436,-0.04971156,-10,0.44,500,-10,500,-10,-73.81286,33.43922,90.77629,-38.49075,42.93427,-34.84029,29.19473,0
0.1225487,-0.1751678,-10.11315,-0.5003524,0.8468019,-10,0.44,500,-10,500,-10,-73.8338,33.53921,90.76006,-38.45996,42.9384,-34.85764,29.17716,0
-0.1483704,-0.2612714,-10.32068,0.413984,0.8756031,-10,0.44,500,-10,500,-10,-73.84483,33.63932,90.74464,-38.43093,42.92476,-34.87389,29.17801,0
0.524208,0.2967702,-9.5868,0.8954821,0.0167346,-10,0.44,500,-10,500,-10,-73.83804,33.7394,90.74271,-38.42385,42.91309,-34.87937,29.18809,0
-0.2110217,-0.4365447,-10.26983,0.4220895,-0.8572115,-10,0.44,500,-10,500,-10,-73.82462,33.83939,90.75311,-38.43793,42.92222,-34.8739,29.18757,0
-0.161264,-0.1096649,-10.12459,-0.482879,-0.7933707,-10,0.44,500,-10,500,-10,-73.82028,33.93946,90.76379,-38.44942,42.9499,-34.87127,29.16875,0
0.313435,0.2835357,-9.840163,-0.8213147,0.05505428,-10,0.44,500,-10,500,-10,-73.82724,34.03951,90.76521,-38.43924,42.97356,-34.88262,29.14626,0
0.2658756,-0.02443083,-9.99152,-0.3391001,0.7573997,-10,0.44,500,-10,500,-10,-73.83528,34.13956,90.75844,-38.4134,42.97827,-34.90284,29.13593,0
0.08831972,-0.06036504,-9.993881,0.4174613,0.7066183,-10,0.44,500,-10,500,-10,-73.83576,34.23966,90.75097,-38.39066,42.96913,-34.9194,29.13888,0
0.2479385,0.06501824,-9.941223,0.7709408,-0.09633872,-10,0.44,500,-10,500,-10,-73.82868,34.3397,90.75018,-38.38559,42.96072,-34.92382,29.14665,0
-0.4079739,-0.583663,-10.58571,0.2634832,-0.8133053,-10,0.44,500,-10,500,-10,-73.82292,34.43975,90.7569,-38.39739,42.97111,-34.91758,29.14182,0
-0.5635061,-0.5290099,-10.73137,-0.5436807,-0.5885447,-10,0.44,500,-10,500,-10,-73.82575,34.53981,90.76346,-38.4041,42.99763,-34.9163,29.12074,0
0.04974398,0.01372049,-10.19917,-0.6762305,0.2066563,-10,0.44,500,-10,500,-10,-73.83256,34.63985,90.76335,-38.39038,43.01655,-34.92994,29.10174,0
0.1947989,-0.08683102,-10.06762,-0.135324,0.6740006,-10,0.44,500,-10,500,-10,-73.83478,34.73993,90.75793,-38.36642,43.01785,-34.94941,29.09593,0
0.2205204,0.0277556,-9.827747,0.4449131,0.4822962,-10,0.44,500,-10,500,-10,-73.83051,34.84,90.75272,-38.34893,43.01079,-34.96258,29.09868,0
0.09424436,-0.03218274,-10.02979,0.6057445,-0.2369948,-10,0.44,500,-10,500,-10,-73.82459,34.94004,90.75325,-38.34681,43.0072,-34.96515,29.10271,0
0.1327519,-0.08052167,-9.95144,0.07175218,-0.7196988,-10,0.44,500,-10,500,-10,-73.8247,35.04009,90.75981,-38.35669,43.02095,-34.9607,29.0944,0
-0.114915,-0.1588934,-10.21673,-0.5650719,-0.3469617,-10,0.44,500,-10,500,-10,-73.83147,35.14013,90.76513,-38.35855,43.04594,-34.96325,29.07381,0
0.1069804,0.05587438,-10.05737,-0.4937714,0.3452066,-10,0.44,500,-10,500,-10,-73.83595,35.24018,90.76345,-38.34173,43.05945,-34.97867,29.05891,0
-0.05722913,-0.3264466,-10.34005,0.05929027,0.573725,-10,0.44,500,-10,500,-10,-73.8326,35.34026,90.75713,-38.31956,43.05717,-34.9956,29.05595,0
-0.1227827,-0.3069109,-10.25025,0.4611978,0.2228818,-10,0.44,500,-10,500,-10,-73.82545,35.44031,90.75264,-38.30704,43.05149,-35.00441,29.05792,0
-0.08631147,-0.1690154,-10.12433,0.3963577,-0.3701122,-10,0.44,500,-10,500,-10,-73.82339,35.54035,90.75576,-38.30863,43.05447,-35.00541,29.05753,0
-0.08275721,-0.2693252,-10.28706,-0.1307731,-0.5685519,-10,0.44,500,-10,500,-10,-73.83154,35.6404,90.76569,-38.31704,43.07314,-35.00522,29.04708,0
-0.1560794,-0.2036737,-10.23563,-0.519484,-0.116972,-10,0.44,500,-10,500,-10,-73.8422,35.74042,90.77269,-38.31471,43.09571,-35.01335,29.0303,0
0.1174727,0.03010536,-9.948489,-0.3006347,0.4320441,-10,0.44,500,-10,500,-10,-73.84137,35.84049,90.76775,-38.29533,43.10345,-35.02863,29.01848,0
0.08300368,-0.189326,-10.12254,0.2169052,0.4552456,-10,0.44,500,-10,500,-10,-73.82572,35.94057,90.75256,-38.27172,43.09509,-35.03967,29.01425,0
0.1464537,-0.03797827,-9.833954,0.4518455,-0.02705899,-10,0.44,500,-10,500,-10,-73.81142,36.04061,90.74244,-38.26077,43.08803,-35.04222,29.01293,0
-0.03654964,-0.1390666,-10.03406,0.1694208,-0.45494,-10,0.44,500,-10,500,-10,-73.87515,36.14068,90.809,-38.29421,43.12658,-35.06393,29.02953,0
0.006295594,-0.128317,-10.15489,-0.2876447,-0.3870998,-10,0.44,500,-10,500,-10,-73.72753,36.24007,90.65983,-38.22374,43.07227,-35.0108,28.96023,0
-0.02199144,-0.1032606,-10.05767,-0.4317811,0.08924121,-10,0.44,500,-10,500,-10,-73.7944,36.33981,90.72303,-38.24346,43.11741,-35.04345,28.96746,0
0.04153082,-0.1293431,-10.0639,-0.1180307,0.4798076,-10,0.44,500,-10,500,-10,-73.82436,36.43972,90.75163,-38.23991,43.13737,-35.0707,28.9712,0
-0.0748861,-0.2769468,-10.27759,0.3429208,0.2989036,-10,0.44,500,-10,500,-10,-73.83344,36.53975,90.76383,-38.2323,43.14043,-35.08842,28.97825,0
-0.007648004,-0.1602714,-10.05211,0.3861355,-0.2467472,-10,0.44,500,-10,500,-10,-73.82629,36.63978,90.76057,-38.22859,43.13916,-35.08944,28.97682,0
0.1877732,0.0739039,-9.842127,-0.03996876,-0.4829189,-10,0.44,500,-10,500,-10,-73.81842,36.73983,90.75246,-38.22733,43.14732,-35.08397,28.96194,0
0.1211583,0.04752114,-9.973207,-0.3907535,-0.2028114,-10,0.44,500,-10,500,-10,-73.8188,36.83989,90.74904,-38.22137,43.16241,-35.08709,28.944,0
0.09868097,-0.1007915,-10.05605,-0.3338202,0.2901066,-10,0.44,500,-10,500,-10,-73.8251,36.93991,90.75264,-38.20934,43.17622,-35.10211,28.93319,0
0.1940235,-0.04976746,-9.993585,0.08235113,0.4764811,-10,0.44,500,-10,500,-10,-73.82967,37.03994,90.75906,-38.19571,43.18152,-35.12106,28.93321,0
0.374655,0.2126097,-9.660823,0.4312331,0.09080967,-10,0.44,500,-10,500,-10,-73.82745,37.13998,90.76163,-38.18768,43.17954,-35.13121,28.93731,0
-0.07160608,-0.1883715,-10.23638,0.2474596,-0.4155743,-10,0.44,500,-10,500,-10,-73.82246,37.24002,90.75835,-38.1875,43.18269,-35.12868,28.93145,0
0.2804273,0.2216313,-9.801952,-0.2283379,-0.4290856,-10,0.44,500,-10,500,-10,-73.8216,37.34008,90.75395,-38.18651,43.19614,-35.12603,28.91435,0
0.02941766,-0.08690192,-10.21103,-0.4327527,0.02458774,-10,0.44,500,-10,500,-10,-73.82541,37.44012,90.75343,-38.17751,43.2121,-35.13459,28.89796,0
0.1854924,-0.1293816,-10.12484,-0.1652052,0.4344662,-10,0.44,500,-10,500,-10,-73.82874,37.54016,90.75722,-38.16273,43.22128,-35.15251,28.89192,0
-0.162178,-0.3332557,-10.49143,0.2778435,0.3304048,-10,0.44,500,-10,500,-10,-73.82745,37.64019,90.76112,-38.15054,43.22148,-35.16793,28.89495,0
0.003425673,-0.08432988,-10.15307,0.3859014,-0.1583331,-10,0.44,500,-10,500,-10,-73.82346,37.74023,90.76102,-38.14657,43.22124,-35.17183,28.89511,0
-0.4669344,-0.5132452,-10.80695,0.02110678,-0.4598587,-10,0.44,500,-10,500,-10,-73.8223,37.84029,90.75743,-38.14725,43.22987,-35.16817,28.8835,0
0.2764656,0.2008549,-9.858813,-0.3560946,-0.2140283,-10,0.44,500,-10,500,-10,-73.82538,37.94034,90.75488,-38.14265,43.24554,-35.17065,28.86571,0
0.2537673,0.02170312,-9.971702,-0.3086573,0.2516269,-10,0.44,500,-10,500,-10,-73.82834,38.04037,90.75655,-38.13009,43.25821,-35.18459,28.85443,0
-0.04744913,-0.2870136,-10.35019,0.08385632,0.3665699,-10,0.44,500,-10,500,-10,-73.82705,38.14041,90.76048,-38.1163,43.26175,-35.20164,28.85415,0
-0.07993785,-0.2066887,-10.26725,0.3262011,0.04653537,-10,0.44,500,-10,500,-10,-73.82326,38.24044,90.76231,-38.10896,43.26193,-35.2105,28.85549,0
-0.05250189,-0.1658567,-10.18128,0.1594016,-0.3017119,-10,0.44,500,-10,500,-10,-73.82205,38.34049,90.76025,-38.10743,43.2673,-35.21033,28.84842,0
0.1529362,0.04220909,-9.913644,-0.1858463,-0.2840881,-10,0.44,500,-10,500,-10,-73.825,38.44054,90.75697,-38.10453,43.27954,-35.21049,28.83344,0
0.08690087,-0.0402052,-9.992381,-0.3011565,0.06687007,-10,0.44,500,-10,500,-10,-73.8279,38.54057,90.75689,-38.09531,43.29296,-35.21965,28.81997,0
0.283683,0.1108745,-9.702463,-0.04818752,0.3033041,-10,0.44,500,-10,500,-10,-73.82588,38.64061,90.76107,-38.0826,43.3003,-35.23583,28.81608,0
0.01653764,-0.1756672,-10.07653,0.2299588,0.1402281,-10,0.44,500,-10,500,-10,-73.82066,38.74065,90.76522,-38.07375,43.30252,-35.24812,28.8173,0
0.1151782,-0.06258668,-9.917042,0.1962986,-0.1934873,-10,0.44,500,-10,500,-10,-73.81893,38.84069,90.76453,-38.07033,43.30633,-35.25097,28.81293,0
0.4121768,0.2620766,-9.498275,-0.08823115,-0.2793851,-10,0.44,500,-10,500,-10,-73.82364,38.94074,90.75945,-38.06693,43.31573,-35.25015,28.79931,0
0.1657769,0.03116644,-9.864392,-0.2640557,-0.02610189,-10,0.44,500,-10,500,-10,-73.828,39.04078,90.75725,-38.05904,43.32828,-35.25622,28.78494,0
-0.1093982,-0.217487,-10.24925,-0.1187027,0.2488585,-10,0.44,500,-10,500,-10,-73.81897,39.14081,90.7681,-38.05009,43.34026,-35.27417,28.78196,0
0.3455855,0.1511518,-9.698627,0.1677307,0.2104504,-10,0.44,500,-10,500,-10,-73.77303,39.24079,90.81317,-38.05434,43.35838,-35.30725,28.80117,0
0.4662949,0.258096,-9.526488,0.2369565,-0.1154573,-10,0.44,500,-10,500,-10,-73.88109,39.33981,90.70252,-38.00983,43.32111,-35.26009,28.74677,0
0.1769481,0.03530321,-9.923799,-0.01612424,-0.3041501,-10,0.44,500,-10,500,-10,-73.83676,39.43906,90.74655,-38.02468,43.34633,-35.28172,28.75803,0
-0.04889474,-0.1676194,-10.2949,-0.2608614,-0.1059159,-10,0.44,500,-10,500,-10,-73.82605,39.53907,90.75951,-38.02401,43.36486,-35.29313,28.75024,0
-0.1776002,-0.3053231,-10.54177,-0.17767,0.2114087,-10,0.44,500,-10,500,-10,-73.83273,39.63911,90.75471,-38.01004,43.37277,-35.30312,28.73834,0
0.2730611,0.08328937,-9.947948,0.121215,0.2353626,-10,0.44,500,-10,500,-10,-73.83694,39.73916,90.74957,-37.99542,43.37343,-35.31347,28.73343,0
0.3130793,0.1329405,-9.782553,0.2338826,-0.05094315,-10,0.44,500,-10,500,-10,-73.83369,39.83919,90.7506,-37.9896,43.3759,-35.32015,28.73181,0
-0.1761505,-0.2922422,-10.41334,0.02689841,-0.2539824,-10,0.44,500,-10,500,-10,-73.82882,39.93922,90.75526,-37.9897,43.38616,-35.32391,28.72541,0
0.1880644,0.04976777,-9.966432,-0.2000411,-0.1238245,-10,0.44,500,-10,500,-10,-73.82809,40.03925,90.75804,-37.98584,43.39997,-35.33008,28.71391,0
0.1099295,-0.02696053,-10.0583,-0.1646605,0.137932,-10,0.44,500,-10,500,-10,-73.83059,40.13929,90.75709,-37.97467,43.40943,-35.34046,28.70366,0
0.03001688,-0.1209662,-10.11292,0.06800737,0.1793601,-10,0.44,500,-10,500,-10,-73.83171,40.23933,90.75504,-37.96209,43.41252,-35.35135,28.69887,0
0.03524678,-0.1467601,-10.06604,0.1676239,-0.02538299,-10,0.44,500,-10,500,-10,-73.83006,40.33936,90.755,-37.95522,43.41578,-35.35818,28.69558,0
-0.1552494,-0.2933495,-10.27148,0.02541134,-0.1835975,-10,0.44,500,-10,500,-10,-73.82838,40.43939,90.7569,-37.95274,43.42448,-35.36223,28.68845,0
-0.204125,-0.309718,-10.31006,-0.1459488,-0.1011145,-10,0.44,500,-10,500,-10,-73.82882,40.53942,90.75837,-37.948,43.43632,-35.36819,28.67783,0
-0.09985222,-0.2195981,-10.17593,-0.1287883,0.09956198,-10,0.44,500,-10,500,-10,-73.8303,40.63946,90.75796,-37.93799,43.44557,-35.37786,28.66824,0
0.2634189,0.0909805,-9.717688,0.04521829,0.1553236,-10,0.44,500,-10,500,-10,-73.83045,40.7395,90.75659,-37.92648,43.45005,-35.38824,28.66263,0
0.1400207,-0.02837971,-9.920337,0.1448808,-0.01082749,-10,0.44,500,-10,500,-10,-73.82908,40.83953,90.75639,-37.91912,43.45369,-35.39543,28.65882,0
-0.09392707,-0.207343,-10.23813,0.03879496,-0.1841288,-10,0.44,500,-10,500,-10,-73.82825,40.93956,90.75793,-37.9161,43.46151,-35.39973,28.65229,0
0.1080443,-0.02255584,-10.02207,-0.1403353,-0.1210342,-10,0.44,500,-10,500,-10,-73.82932,41.0396,90.75949,-37.91178,43.47334,-35.40535,28.64174,0
-0.07818478,-0.2488396,-10.34505,-0.1507987,0.09688444,-10,0.44,500,-10,500,-10,-73.8308,41.13963,90.75924,-37.90211,43.48331,-35.41479,28.63155,0
0.207513,-0.01490901,-10.01254,0.03089822,0.1805835,-10,0.44,500,-10,500,-10,-73.83039,41.23967,90.75767,-37.89004,43.48785,-35.42557,28.62571,0
-0.3303339,-0.4283611,-10.65505,0.1565671,0.009202835,-10,0.44,500,-10,500,-10,-73.82875,41.33971,90.75719,-37.88217,43.49087,-35.43305,28.6223,0
0.03083244,-0.04840512,-10.14131,0.06036953,-0.1697899,-10,0.44,500,-10,500,-10,-73.82849,41.43974,90.75879,-37.8791,43.49851,-35.43744,28.61599,0
0.1955086,0.05670235,-9.94132,-0.1221712,-0.1226029,-10,0.44,500,-10,500,-10,-73.83031,41.53977,90.7607,-37.87521,43.51041,-35.44292,28.60568,0
0.1803266,0.01409351,-9.918534,-0.1370348,0.066493,-10,0.44,500,-10,500,-10,-73.83174,41.6398,90.7608,-37.86609,43.52028,-35.45212,28.59589,0
0.113817,-0.05040279,-9.936071,0.01767233,0.1354618,-10,0.44,500,-10,500,-10,-73.83085,41.73984,90.75937,-37.85466,43.52515,-35.46236,28.58983,0
-0.02217922,-0.1884841,-10.09932,0.1172917,0.00333525,-10,0.44,500,-10,500,-10,-73.82948,41.83988,90.75903,-37.84687,43.52912,-35.46988,28.58558,0
-0.1865795,-0.3352926,-10.32101,0.03338562,-0.1423029,-10,0.44,500,-10,500,-10,-73.83086,41.93991,90.76151,-37.84367,43.53738,-35.47512,28.57938,0
0.2733549,0.123393,-9.745869,-0.1095266,-0.09456275,-10,0.44,500,-10,500,-10,-73.83479,42.03994,90.76511,-37.83992,43.54943,-35.48186,28.57031,0
-0.08203334,-0.2030087,-10.30157,-0.115647,0.07872388,-10,0.44,500,-10,500,-10,-73.83693,42.13997,90.76614,-37.83125,43.55941,-35.49139,28.56119,0
0.3848327,0.2058042,-9.756625,0.03857314,0.1357612,-10,0.44,500,-10,500,-10,-73.83479,42.24002,90.76402,-37.81961,43.56379,-35.50127,28.55504,0
0.2351694,0.06568676,-9.906439,0.1235455,-0.01360873,-10,0.44,500,-10,500,-10,-73.83656,42.34005,90.76703,-37.81382,43.56938,-35.50954,28.55195,0
0.1619283,0.008480165,-9.975182,0.01553791,-0.1329118,-10,0.44,500,-10,500,-10,-73.97789,42.44006,90.90901,-37.87647,43.64407,-35.56455,28.59491,0
0.2537709,0.1068688,-9.835908,-0.1079254,-0.06105708,-10,0.44,500,-10,500,-10,-73.78842,42.53911,90.71875,-37.78091,43.56472,-35.50246,28.51661,0
0.1188573,-0.01432111,-9.939157,-0.07719111,0.06993401,-10,0.44,500,-10,500,-10,-73.81488,42.63908,90.7446,-37.78376,43.58524,-35.52103,28.5175,0
-0.07195073,-0.2113626,-10.14396,0.03984326,0.07588705,-10,0.44,500,-10,500,-10,-73.82252,42.73911,90.75268,-37.77811,43.59446,-35.53337,28.51498,0
0.1143683,-0.05480599,-9.92766,0.07617819,-0.04006135,-10,0.44,500,-10,500,-10,-73.82302,42.83914,90.75411,-37.77205,43.60053,-35.54062,28.51009,0
0.3136207,0.1591385,-9.697191,-0.01140534,-0.1153698,-10,0.44,500,-10,500,-10,-73.82178,42.93917,90.75299,-37.76648,43.608,-35.54525,28.50169,0
0.2529213,0.08836761,-9.852436,-0.1041471,-0.03487919,-10,0.44,500,-10,500,-10,-73.8225,43.03921,90.75296,-37.75982,43.61789,-35.55189,28.49178,0
0.4402316,0.2012327,-9.707674,-0.06204366,0.09760894,-10,0.44,500,-10,500,-10,-73.82478,43.13924,90.75489,-37.75117,43.62696,-35.56214,28.48431,0
0.1757931,-0.006458414,-10.02712,0.06122794,0.07951129,-10,0.44,500,-10,500,-10,-73.82572,43.23927,90.75674,-37.74273,43.63284,-35.57211,28.47996,0
0.3490244,0.2064229,-9.696484,0.08086996,-0.04761031,-10,0.44,500,-10,500,-10,-73.82487,43.33931,90.75688,-37.73646,43.63845,-35.5785,28.47446,0
-0.08809342,-0.2173278,-10.18575,-0.02578472,-0.09927054,-10,0.44,500,-10,500,-10,-73.82432,43.43935,90.75613,-37.73116,43.64672,-35.58319,28.46558,0
0.1546894,0.01937884,-9.843724,-0.08982424,-0.0114027,-10,0.44,500,-10,500,-10,-73.82501,43.53938,90.75609,-37.72391,43.65619,-35.5904,28.45608,0
0.006866559,-0.1204751,-10.14314,-0.03386425,0.08422003,-10,0.44,500,-10,500,-10,-73.82587,43.63941,90.75713,-37.71498,43.66416,-35.60018,28.44897,0
-0.0364383,-0.1832239,-10.28318,0.06458388,0.04519183,-10,0.44,500,-10,500,-10,-73.82564,43.73944,90.75806,-37.70676,43.66978,-35.60918,28.44411,0
-0.02042548,-0.1688344,-10.20577,0.04846257,-0.06577478,-10,0.44,500,-10,500,-10,-73.82491,43.83948,90.75792,-37.70081,43.67607,-35.615,28.4377,0
-0.001817046,-0.1345873,-10.12232,-0.04679671,-0.06996074,-10,0.44,500,-10,500,-10,-73.825,43.93952,90.75748,-37.69494,43.68484,-35.62052,28.42858,0
-0.1953924,-0.3079358,-10.29417,-0.07060292,0.009860052,-10,0.44,500,-10,500,-10,-73.8256,44.03955,90.75767,-37.68719,43.69363,-35.62842,28.41994,0
0.08071317,-0.07212751,-9.968986,-0.007228761,0.06308924,-10,0.44,500,-10,500,-10,-73.82569,44.13958,90.75847,-37.67847,43.70085,-35.6378,28.41338,0
0.107706,-0.04065144,-10.04617,0.05147307,0.01494041,-10,0.44,500,-10,500,-10,-73.82508,44.23961,90.75909,-37.67088,43.7069,-35.64591,28.40784,0
0.3546026,0.2628853,-9.716259,0.03028874,-0.06800061,-10,0.44,500,-10,500,-10,-73.82462,44.33965,90.7589,-37.6647,43.71359,-35.65194,28.401,0
0.1615439,0.01502606,-9.907337,-0.05130732,-0.05531469,-10,0.44,500,-10,500,-10,-73.82497,44.43969,90.75858,-37.65846,43.72237,-35.65791,28.39195,0
0.1422612,0.007554609,-9.852139,-0.05869344,0.02391193,-10,0.44,500,-10,500,-10,-73.82532,44.53972,90.75896,-37.65051,43.73095,-35.66618,28.3837,0
0.1899107,0.03897389,-9.945506,0.007537013,0.05739406,-10,0.44,500,-10,500,-10,-73.82478,44.63975,90.75997,-37.64202,43.73795,-35.6755,28.37753,0
-0.0840179,-0.2285779,-10.32134,0.04764184,-0.00994831,-10,0.44,500,-10,500,-10,-73.82387,44.73978,90.76058,-37.63493,43.74408,-35.6831,28.37191,0
0.0856088,-0.08123412,-9.987179,-0.006008686,-0.04777381,-10,0.44,500,-10,500,-10,-73.82368,44.83982,90.76057,-37.62888,43.75191,-35.68913,28.36406,0
0.349956,0.1907806,-9.593942,-0.04254842,-0.01066563,-10,0.44,500,-10,500,-10,-73.82369,44.93986,90.7609,-37.62185,43.76046,-35.69644,28.35579,0
0.1580928,-0.01530726,-10.02017,-0.02105521,0.03613285,-10,0.44,500,-10,500,-10,-73.8228,45.03989,90.76222,-37.61409,43.76849,-35.7053,28.34886,0
0.04318444,-0.1219644,-10.12441,0.0241775,0.01164402,-10,0.44,500,-10,500,-10,-73.82105,45.13992,90.76395,-37.60684,43.77543,-35.71397,28.34335,0
-0.007514918,-0.189602,-10.11698,0.01206203,-0.04249759,-10,0.44,500,-10,500,-10,-73.81964,45.23995,90.76514,-37.60071,43.78281,-35.7211,28.33696,0
0.05454062,-0.09181996,-10.17183,-0.03756913,-0.04659421,-10,0.44,500,-10,500,-10,-73.81851,45.33999,90.76647,-37.59472,43.79146,-35.72819,28.32941,0
0.2284155,0.08160901,-9.806488,-0.04423072,0.006725217,-10,0.44,500,-10,500,-10,-73.81335,45.44003,90.77209,-37.5889,43.80158,-35.73866,28.32394,0
0.1229197,-0.03665488,-9.934649,-0.006043667,0.03397853,-10,0.44,500,-10,500,-10,-73.78282,45.54004,90.80278,-37.59156,43.81959,-35.76143,28.33137,0
0.4161739,0.247246,-9.675647,0.02760269,0.007655596,-10,0.44,500,-10,500,-10,-73.73727,45.63209,90.84748,-37.58857,43.8533,-35.80145,28.33468,0
0.3813195,0.1823929,-9.599936,0.009171492,-0.03327901,-10,0.44,500,-10,500,-10,-73.8317,45.7305,90.75276,-37.56007,43.81465,-35.75147,28.29486,0
-0.05011068,-0.1887959,-10.30087,-0.03300484,-0.0347653,-10,0.44,500,-10,500,-10,-73.82851,45.83052,90.75615,-37.55466,43.82394,-35.75969,28.28837,0
-0.1963265,-0.3143694,-10.30144,-0.03784326,0.006777304,-10,0.44,500,-10,500,-10,-73.82854,45.93056,90.75642,-37.54703,43.83197,-35.76756,28.28057,0
0.04249036,-0.1871388,-10.21059,-0.005483591,0.03372441,-10,0.44,500,-10,500,-10,-73.82919,46.0306,90.7558,-37.53858,43.83887,-35.77548,28.27315,0
0.05940664,-0.1299123,-10.0478,0.02740816,-0.01722414,-10,0.44,500,-10,500,-10,-73.82868,46.13064,90.756,-37.53128,43.84516,-35.78294,28.26702,0
-0.09934746,-0.2439809,-10.22351,-0.02270129,-0.04383622,-10,0.44,500,-10,500,-10,-73.82794,46.23067,90.75685,-37.52538,43.85339,-35.78956,28.25951,0
0.1006192,-0.1663724,-10.14013,-0.05171067,0.01982048,-10,0.44,500,-10,500,-10,-73.82833,46.33071,90.75682,-37.5178,43.86198,-35.79712,28.25089,0
0.08093213,-0.07051171,-10.02875,0.004901844,0.03476613,-10,0.44,500,-10,500,-10,-73.82864,46.43075,90.75637,-37.50913,43.86838,-35.8054,28.24411,0
-0.1217665,-0.2736767,-10.24356,0.02322904,-0.006831426,-10,0.44,500,-10,500,-10,-73.82833,46.53078,90.75636,-37.50189,43.87495,-35.81263,28.23754,0
0.2212273,0.05025149,-9.854152,-0.004484047,-0.03841241,-10,0.44,500,-10,500,-10,-73.82796,46.63082,90.75678,-37.41731,43.89278,-35.89756,28.22005,0
0.04097851,-0.08372169,-10.02436,-0.03744888,-0.02705713,-10,0.44,500,-10,500,-10,-73.828,46.73086,90.75714,-37.39505,43.90309,-35.92012,28.21005,0
0.1412283,-0.02516451,-9.887353,-0.02930797,0.02673905,-10,0.44,500,-10,500,-10,-73.82835,46.8309,90.75696,-37.38704,43.91094,-35.92798,28.20204,0
0.08110289,-0.104181,-10.03163,0.01422524,0.03350307,-10,0.44,500,-10,500,-10,-73.82832,46.93094,90.75659,-37.37885,43.91758,-35.93588,28.1951,0
0.2426032,0.05302334,-9.821263,0.03400519,-0.03751988,-10,0.44,500,-10,500,-10,-73.82785,47.03098,90.75679,-37.37212,43.92397,-35.94276,28.18888,0
-0.01486608,-0.1236457,-10.20495,-0.03082824,-0.04738056,-10,0.44,500,-10,500,-10,-73.82793,47.13102,90.75725,-37.36627,43.93264,-35.94899,28.18058,0
-0.175311,-0.3291686,-10.34809,-0.04361791,0.003911319,-10,0.44,500,-10,500,-10,-73.82829,47.23105,90.75732,-37.35869,43.94099,-35.95663,28.17229,0
0.007730547,-0.09763724,-9.996634,0.005600576,0.01449143,-10,0.44,500,-10,500,-10,-73.82827,47.33109,90.75716,-37.35038,43.94772,-35.96481,28.16543,0
0.5355932,0.2645909,-9.533759,-0.001352866,-0.001588836,-10,0.44,500,-10,500,-10,-73.82809,47.43113,90.75715,-37.34336,43.95518,-35.97182,28.15797,0
-0.01867506,-0.1930676,-10.15445,0.003535117,-0.0251029,-10,0.44,500,-10,500,-10,-73.82804,47.53117,90.75732,-37.3363,43.96245,-35.97903,28.15084,0
0.1063305,-0.1441533,-10.09754,-0.02315994,-0.01274473,-10,0.44,500,-10,500,-10,-73.8282,47.6312,90.75752,-37.32938,43.9707,-35.98613,28.14276,0
0.6641818,0.3352311,-9.380193,-0.01241494,0.02394472,-10,0.44,500,-10,500,-10,-73.82822,47.73124,90.75735,-37.32136,43.97842,-35.99398,28.13488,0
0.06132064,-0.168108,-10.07619,0.005093557,0.004089177,-10,0.44,500,-10,500,-10,-73.82803,47.83128,90.75723,-37.31387,43.98543,-36.00138,28.12778,0
0.03249294,-0.168169,-10.06267,0.01470054,-0.03255069,-10,0.44,500,-10,500,-10,-73.82803,47.93132,90.75753,-37.30688,43.99257,-36.00862,28.12089,0
0.1362835,-0.06231918,-10.08309,-0.01724665,-0.03931361,-10,0.44,500,-10,500,-10,-73.82843,48.03135,90.75813,-37.30039,44.00092,-36.01561,28.11303,0
0.2400733,0.2053629,-9.77908,-0.02910454,-0.0005291894,-10,0.44,500,-10,500,-10,-73.82878,48.13139,90.7583,-37.29286,44.00927,-36.02328,28.10483,0
-0.01479848,-0.04158871,-10.18949,-0.0002268128,0.001052558,-10,0.44,500,-10,500,-10,-73.82883,48.23143,90.75838,-37.285,44.01646,-36.03121,28.09771,0
0.1725607,-0.04283863,-9.919374,0.01198308,-0.03460158,-10,0.44,500,-10,500,-10,-73.82925,48.33147,90.75909,-37.2781,44.02378,-36.03868,28.09096,0
0.08251848,0.1365012,-9.939781,-0.03086749,-0.02643838,-10,0.44,500,-10,500,-10,-73.8307,48.4315,90.76052,-37.27201,44.03292,-36.04597,28.08302,0
0.04803087,-0.05629068,-10.14345,-0.01593915,-0.0003608343,-10,0.44,500,-10,500,-10,-73.8322,48.53153,90.76191,-37.26471,44.04126,-36.05442,28.07582,0
0.4903458,0.09705728,-9.549546,0.000810269,-0.007397464,-10,0.44,500,-10,500,-10,-73.83614,48.63156,90.76598,-37.25898,44.05045,-36.06351,28.07001,0
0.05699558,0.143492,-9.881886,-0.01528818,-0.003601291,-10,0.44,500,-10,500,-10,-73.98605,48.73159,90.91587,-37.32174,44.12922,-36.12496,28.11543,0
0.1335787,-0.1862599,-10.09029,-0.01925058,-0.02576383,-10,0.44,500,-10,500,-10,-73.81496,48.83075,90.74457,-37.23481,44.05568,-36.06995,28.04703,0
0.1158704,-0.01886159,-9.864826,-0.0292527,0.01432898,-10,0.44,500,-10,500,-10,-73.82271,48.93077,90.75214,-37.23067,44.06752,-36.08036,28.04147,0
0.08779183,0.07848186,-10.0344,0.01565397,0.002383346,-10,0.44,500,-10,500,-10,-73.82481,49.03081,90.75446,-37.22371,44.07534,-36.08925,28.03557,0
0.3892055,0.1588201,-9.731543,0.003546996,-0.06733324,-10,0.44,500,-10,500,-10,-73.82417,49.13084,90.75404,-37.2171,44.08217,-36.0955,28.02839,0
-0.1650983,-0.1903969,-10.21004,-0.07008933,-0.007362004,-10,0.44,500,-10,500,-10,-73.82474,49.23088,90.75414,-37.21037,44.09179,-36.10232,28.01886,0
0.6175034,0.3050714,-9.464617,-0.01077659,0.03407615,-10,0.44,500,-10,500,-10,-73.82587,49.33091,90.75526,-37.20204,44.09938,-36.11159,28.0122,0
-0.2104606,-0.310789,-10.29546,0.02189972,-0.001893013,-10,0.44,500,-10,500,-10,-73.82608,49.43095,90.75581,-37.19476,44.10626,-36.11932,28.00577,0
0.2188209,-0.01132954,-9.892206,-0.004618388,-0.05606724,-10,0.44,500,-10,500,-10,-73.82569,49.53098,90.75551,-37.18831,44.11354,-36.12551,27.99824,0
-0.388012,-0.37124,-10.6033,-0.05635427,-0.02962505,-10,0.44,500,-10,500,-10,-73.82596,49.63102,90.7553,-37.18148,44.12222,-36.13217,27.98939,0
-0.1659517,-0.2008697,-10.36559,-0.02420473,0.05333699,-10,0.44,500,-10,500,-10,-73.82664,49.73105,90.756,-37.17299,44.13049,-36.14123,27.98169,0
0.09438494,-0.1125911,-10.10214,0.06128876,0.007515734,-10,0.44,500,-10,500,-10,-73.82642,49.83109,90.75652,-37.16494,44.13627,-36.14972,27.97634,0
0.02714093,-0.2824562,-10.12153,-0.002178651,-0.07477123,-10,0.44,500,-10,500,-10,-73.82591,49.93112,90.75604,-37.15942,44.14373,-36.15484,27.96849,0
-0.01895912,0.006055548,-10.13167,-0.0670694,-0.007530999,-10,0.44,500,-10,500,-10,-73.82634,50.03116,90.75594,-37.15247,44.15309,-36.16172,27.95904,0
-0.1141129,-0.2544557,-10.35672,-0.02018329,0.06149547,-10,0.44,500,-10,500,-10,-73.82674,50.13119,90.75661,-37.14391,44.16087,-36.17082,27.95181,0
0.09527183,-0.2008068,-10.03072,0.0496342,0.01180714,-10,0.44,500,-10,500,-10,-73.82631,50.23122,90.75707,-37.13619,44.16679,-36.17892,27.94629,0
0.3053087,0.1199053,-9.810505,0.004478714,-0.06453193,-10,0.44,500,-10,500,-10,-73.82594,50.33126,90.75679,-37.13044,44.17403,-36.18444,27.93882,0
0.1390372,-0.01587134,-9.901256,-0.0559952,-0.02918885,-10,0.44,500,-10,500,-10,-73.82631,50.4313,90.75658,-37.12378,44.18284,-36.19092,27.92982,0
-0.02108275,-0.1083288,-10.0405,-0.01798267,0.02799266,-10,0.44,500,-10,500,-10,-73.82652,50.53134,90.75695,-37.11545,44.19045,-36.19957,27.92253,0
0.08756028,-0.1072457,-9.995859,0.01904698,0.001613404,-10,0.44,500,-10,500,-10,-73.82619,50.63138,90.75726,-37.10802,44.19706,-36.20725,27.91617,0
0.108718,-0.07511062,-9.986359,0.00226288,-0.05199309,-10,0.44,500,-10,500,-10,-73.82605,50.73141,90.75701,-37.10162,44.20404,-36.21345,27.90899,0
-0.06509503,-0.2996515,-10.33401,-0.05705229,-0.01122945,-10,0.44,500,-10,500,-10,-73.82643,50.83146,90.75693,-37.09499,44.2129,-36.22001,27.90006,0
0.1971994,0.05840517,-9.932504,-0.01211454,0.03929137,-10,0.44,500,-10,500,-10,-73.82628,50.93149,90.75749,-37.08672,44.22031,-36.22874,27.89311,0
-0.1248114,-0.2003525,-10.30149,0.03211325,-0.01179729,-10,0.44,500,-10,500,-10,-73.82574,51.03152,90.75782,-37.0795,44.22647,-36.23624,27.88723,0
0.1769802,0.009749851,-9.904659,-0.01256609,-0.05398138,-10,0.44,500,-10,500,-10,-73.82584,51.13157,90.75749,-37.07347,44.23398,-36.24199,27.87944,0
0.1984501,-0.06753144,-10.00318,-0.05600599,0.007115245,-10,0.44,500,-10,500,-10,-73.82612,51.23161,90.75764,-37.06648,44.24285,-36.24911,27.8707,0
-0.1105162,-0.2460712,-10.313,-0.002623186,0.03444902,-10,0.44,500,-10,500,-10,-73.82534,51.33163,90.75863,-37.05851,44.24996,-36.2579,27.86441,0
0.1795937,0.01604034,-9.81945,0.02736808,-0.001514692,-10,0.44,500,-10,500,-10,-73.82424,51.43167,90.75952,-37.05159,44.2567,-36.26556,27.85841,0
-0.09362304,-0.1920989,-10.25666,-0.007831985,-0.03664364,-10,0.44,500,-10,500,-10,-73.82386,51.53171,90.75977,-37.04556,44.26432,-36.2718,27.85099,0
-0.04733739,-0.17927,-10.31579,-0.03647218,-0.003389343,-10,0.44,500,-10,500,-10,-73.82297,51.63174,90.76092,-37.03898,44.27295,-36.27932,27.84331,0
0.001235753,-0.1659731,-10.0894,-0.007033505,0.006212064,-10,0.44,500,-10,500,-10,-73.81916,51.73177,90.76481,-37.03264,44.28131,-36.28889,27.83818,0
-0.1500677,-0.3069275,-10.42747,-0.002451119,-0.02071914,-10,0.44,500,-10,500,-10,-73.80409,51.8318,90.77982,-37.03099,44.29372,-36.30297,27.8382,0
0.001600255,-0.1558268,-10.07187,-0.02132735,-0.01832639,-10,0.44,500,-10,500,-10,-73.90578,51.92898,90.6786,-36.98906,44.26426,-36.26104,27.78381,0
-0.002225685,-0.1393454,-10.23161,-0.01772623,0.001418601,-10,0.44,500,-10,500,-10,-73.83788,52.02849,90.74681,-37.00558,44.29665,-36.30103,27.80792,0
0.1766918,0.008532414,-9.825435,-0.002536358,-0.001733618,-10,0.44,500,-10,500,-10,-73.8338,52.12852,90.75094,-36.9997,44.3052,-36.31034,27.8028,0
0.09604744,-0.06177868,-10.0891,-0.007816906,-0.01123857,-10,0.44,500,-10,500,-10,-73.83189,52.22855,90.75288,-36.99347,44.31324,-36.31819,27.79637,0
-0.02287464,-0.1624619,-10.1039,-0.01352624,-0.006154625,-10,0.44,500,-10,500,-10,-73.83095,52.32858,90.75395,-36.98676,44.32114,-36.32577,27.78935,0
0.03828245,-0.105662,-10.08656,-0.007543124,-0.001144209,-10,0.44,500,-10,500,-10,-73.83044,52.42862,90.75453,-36.97969,44.32866,-36.33332,27.78231,0
0.2019294,0.04187518,-9.928758,-0.003344477,-0.008449349,-10,0.44,500,-10,500,-10,-73.82998,52.52866,90.755,-36.97272,44.33605,-36.34068,27.77531,0
0.04387783,-0.1054443,-9.981766,-0.01162895,-0.01515241,-10,0.44,500,-10,500,-10,-73.82961,52.62869,90.75549,-36.96598,44.34367,-36.34783,27.7681,0
0.2599104,0.0914536,-9.792729,-0.01572233,-0.00470815,-10,0.44,500,-10,500,-10,-73.82946,52.72873,90.75579,-36.95888,44.35137,-36.35518,27.76065,0
0.1330992,-0.02220543,-10.04913,-0.007885477,0.003706415,-10,0.44,500,-10,500,-10,-73.8294,52.82877,90.75591,-36.95153,44.35877,-36.36263,27.75334,0
0.406255,0.2314598,-9.529881,0.002273161,-0.006114956,-10,0.44,500,-10,500,-10,-73.82921,52.92881,90.7561,-36.94435,44.36597,-36.36996,27.74629,0
0.0373576,-0.1108619,-10.03472,-0.01103502,-0.01882695,-10,0.44,500,-10,500,-10,-73.82906,53.02885,90.75639,-36.93763,44.3736,-36.37693,27.73891,0
0.2952764,0.1310212,-9.840606,-0.01789736,-0.00456114,-10,0.44,500,-10,500,-10,-73.82907,53.12888,90.75659,-36.93045,44.3814,-36.38427,27.73127,0
0.09810171,-0.05423502,-10.03172,-0.007655331,0.001781026,-10,0.44,500,-10,500,-10,-73.82906,53.22892,90.75667,-36.92301,44.38879,-36.39177,27.72395,0
-0.2578885,-0.3833691,-10.37336,-0.004186963,-0.01251248,-10,0.44,500,-10,500,-10,-73.82898,53.32896,90.75683,-36.91593,44.39611,-36.39899,27.71677,0
0.1119396,-0.03886675,-9.917947,-0.01180185,-0.01606985,-10,0.44,500,-10,500,-10,-73.82897,53.429,90.75708,-36.90894,44.4038,-36.40619,27.70929,0
-0.1138359,-0.2521815,-10.33372,-0.01896098,-0.005096584,-10,0.44,500,-10,500,-10,-73.82906,53.52904,90.75725,-36.90173,44.41162,-36.41352,27.7016,0
0.269792,0.1029829,-9.871083,-0.004276105,0.002609429,-10,0.44,500,-10,500,-10,-73.82906,53.62907,90.75731,-36.89413,44.419,-36.42118,27.69427,0
-0.07628598,-0.2126865,-10.20903,-0.003707358,-0.01308976,-10,0.44,500,-10,500,-10,-73.82904,53.72911,90.75748,-36.88706,44.42643,-36.4284,27.68699,0
0.05267856,-0.09299023,-9.954859,-0.01392842,-0.0140688,-10,0.44,500,-10,500,-10,-73.82913,53.82915,90.75774,-36.88004,44.43425,-36.43563,27.67938,0
0.2367906,0.07668042,-9.7811,-0.01348848,-0.001001445,-10,0.44,500,-10,500,-10,-73.82925,53.92918,90.7579,-36.87262,44.44202,-36.44318,27.67173,0
-0.1335076,-0.2677802,-10.37272,-0.005871064,-0.003897066,-10,0.44,500,-10,500,-10,-73.8293,54.02922,90.75804,-36.86524,44.4495,-36.45068,27.66438,0
-0.03904357,-0.179064,-10.26844,-0.006456101,-0.01413119,-10,0.44,500,-10,500,-10,-73.82942,54.12926,90.75832,-36.85813,44.45712,-36.45803,27.657,0
-0.08801553,-0.2230962,-10.25885,-0.01580629,-0.01219832,-10,0.44,500,-10,500,-10,-73.8297,54.2293,90.75869,-36.85106,44.46506,-36.4654,27.64936,0
-0.1191248,-0.2525403,-10.20779,-0.01314905,-0.00394321,-10,0.44,500,-10,500,-10,-73.82999,54.32934,90.759,-36.84369,44.47287,-36.47303,27.64181,0
0.0377365,-0.1094746,-9.974263,-0.005197742,-0.006380787,-10,0.44,500,-10,500,-10,-73.83028,54.42937,90.75939,-36.83636,44.4805,-36.48068,27.63449,0
-0.07152496,-0.2088073,-10.15795,-0.009849568,-0.01419132,-10,0.44,500,-10,500,-10,-73.83084,54.52941,90.76006,-36.82944,44.48843,-36.48816,27.62712,0
0.1516009,-0.003077101,-9.946055,-0.01392707,-0.007284779,-10,0.44,500,-10,500,-10,-73.83175,54.62944,90.76102,-36.82246,44.49667,-36.49592,27.61968,0
0.08476612,-0.06691766,-10.10148,-0.009349228,-0.001988048,-10,0.44,500,-10,500,-10,-73.83303,54.72947,90.76234,-36.81553,44.50492,-36.50396,27.61252,0
0.3791536,0.208381,-9.723434,-0.002685147,-0.006001266,-10,0.44,500,-10,500,-10,-73.83559,54.8295,90.76502,-36.80927,44.51368,-36.51244,27.60598,0
0.09610377,-0.05328006,-10.03363,-0.01060119,-0.0121241,-10,0.44,500,-10,500,-10,-73.8446,54.92953,90.7741,-36.80621,44.52576,-36.52301,27.60142,0
0.01478466,-0.1293287,-10.05315,-0.01378418,-0.006373595,-10,0.44,500,-10,500,-10,-73.66925,55.02952,90.59872,-36.71848,44.44877,-36.46544,27.5331,0
0.2195499,0.05914434,-9.735629,-0.006657531,-0.002990174,-10,0.44,500,-10,500,-10,-73.81048,55.12863,90.74032,-36.77583,44.52468,-36.5254,27.57451,0
-0.03550765,-0.1764587,-10.08329,-0.007658752,-0.01104474,-10,0.44,500,-10,500,-10,-73.81908,55.22865,90.74905,-36.77253,44.53645,-36.53594,27.56998,0
0.298698,0.1334205,-9.707717,-0.01065915,-0.008521175,-10,0.44,500,-10,500,-10,-73.82178,55.32868,90.75186,-36.76643,44.5455,-36.54436,27.56326,0
0.2305706,0.06986895,-9.868242,-0.01041673,-0.003153829,-10,0.44,500,-10,500,-10,-73.82321,55.42871,90.75337,-36.75966,44.55391,-36.55239,27.5561,0
0.2989561,0.1325098,-9.824246,-0.004955807,-0.004324832,-10,0.44,500,-10,500,-10,-73.82404,55.52874,90.75432,-36.75262,44.56187,-36.56022,27.54893,0
0.005669169,-0.137559,-10.21102,-0.009247367,-0.01148446,-10,0.44,500,-10,500,-10,-73.8245,55.62878,90.7549,-36.74566,44.56974,-36.56766,27.54154,0
-0.2466045,-0.3705936,-10.50679,-0.01475033,-0.01044213,-10,0.44,500,-10,500,-10,-73.82485,55.72881,90.75532,-36.73856,44.57763,-36.5751,27.53399,0
-0.1801017,-0.309868,-10.3622,-0.01121736,-0.006774231,-10,0.44,500,-10,500,-10,-73.82514,55.82885,90.75571,-36.73128,44.58538,-36.5827,27.52656,0
0.1947485,0.03640749,-9.814042,-0.006458431,-0.007302423,-10,0.44,500,-10,500,-10,-73.82531,55.92889,90.75599,-36.72398,44.59299,-36.59023,27.51918,0
0.1664537,0.0108966,-9.811103,-0.009874389,-0.00907617,-10,0.44,500,-10,500,-10,-73.82543,56.02893,90.75622,-36.71684,44.6007,-36.59757,27.51167,0
0.03604876,-0.1096297,-9.96906,-0.01154315,-0.006615574,-10,0.44,500,-10,500,-10,-73.82555,56.12897,90.75645,-36.70962,44.6084,-36.60498,27.50416,0
0.2381235,0.07658107,-9.71934,-0.007069191,-0.004829587,-10,0.44,500,-10,500,-10,-73.82562,56.229,90.75668,-36.70232,44.61598,-36.61248,27.49677,0
-0.05526079,-0.194137,-10.13638,-0.009439975,-0.01040565,-10,0.44,500,-10,500,-10,-73.82567,56.32904,90.75686,-36.69521,44.62355,-36.61973,27.48935,0
0.243869,0.08239478,-9.790983,-0.01015726,-0.007162087,-10,0.44,500,-10,500,-10,-73.82571,56.42908,90.75702,-36.68798,44.63117,-36.62709,27.48186,0
0.08978356,-0.06059723,-10.03964,-0.009933106,-0.00546923,-10,0.44,500,-10,500,-10,-73.82573,56.52912,90.75721,-36.68078,44.63876,-36.63445,27.47444,0
0.007973501,-0.1357557,-10.18456,-0.008252069,-0.008023341,-10,0.44,500,-10,500,-10,-73.82571,56.62915,90.7574,-36.67362,44.64624,-36.64177,27.4671,0
0.3826241,0.2108259,-9.71686,-0.007681629,-0.007178392,-10,0.44,500,-10,500,-10,-73.82568,56.72919,90.75757,-36.66644,44.65377,-36.64909,27.45972,0
0.04763637,-0.09931803,-10.15492,-0.01139201,-0.007244121,-10,0.44,500,-10,500,-10,-73.82567,56.82923,90.75773,-36.65936,44.66134,-36.6563,27.45228,0
0.1659198,0.009840852,-9.976919,-0.008191792,-0.00542847,-10,0.44,500,-10,500,-10,-73.82561,56.92927,90.75793,-36.65217,44.66881,-36.66366,27.44498,0
0.4247048,0.2494365,-9.596614,-0.006072453,-0.005956341,-10,0.44,500,-10,500,-10,-73.82549,57.02931,90.75815,-36.64504,44.67627,-36.67097,27.4377,0
0.2403057,0.07909238,-9.78775,-0.009526907,-0.0072025,-10,0.44,500,-10,500,-10,-73.82537,57.12935,90.75838,-36.63803,44.6838,-36.67817,27.43036,0
0.2096579,0.05049371,-9.782278,-0.009158015,-0.005344742,-10,0.44,500,-10,500,-10,-73.82521,57.22939,90.75865,-36.63095,44.69131,-36.68548,27.42308,0
0.3324556,0.1638683,-9.590252,-0.006683089,-0.005393355,-10,0.44,500,-10,500,-10,-73.82497,57.32943,90.75897,-36.62387,44.69876,-36.69282,27.41589,0
0.06995264,-0.0784447,-9.920795,-0.009687707,-0.008840139,-10,0.44,500,-10,500,-10,-73.82469,57.42946,90.75935,-36.61696,44.70628,-36.70004,27.40868,0
-0.04574594,-0.1852935,-10.07946,-0.01142995,-0.008239524,-10,0.44,500,-10,500,-10,-73.82435,57.5295,90.7598,-36.61002,44.71385,-36.70735,27.40149,0
0.3276557,0.1594629,-9.615332,-0.007357067,-0.004714831,-10,0.44,500,-10,500,-10,-73.82378,57.62953,90.76046,-36.60303,44.72141,-36.71489,27.39447,0
0.07188174,-0.0767822,-9.983046,-0.008940044,-0.008355816,-10,0.44,500,-10,500,-10,-73.823,57.72956,90.76132,-36.59628,44.72906,-36.72235,27.38753,0
-0.2408038,-0.3655277,-10.42958,-0.0125722,-0.01061201,-10,0.44,500,-10,500,-10,-73.82185,57.82959,90.76257,-36.5897,44.73691,-36.72997,27.38072,0
-0.198394,-0.3265565,-10.41117,-0.01180152,-0.008807387,-10,0.44,500,-10,500,-10,-73.81964,57.92962,90.76487,-36.58335,44.74511,-36.73824,27.37443,0
0.06286684,-0.08517267,-10.10049,-0.008854314,-0.007626036,-10,0.44,500,-10,500,-10,-73.81395,58.02965,90.77062,-36.57814,44.75455,-36.74821,27.36975,0
-0.09373293,-0.2296567,-10.32641,-0.01091336,-0.009787791,-10,0.44,500,-10,500,-10,-73.77697,58.12967,90.80767,-36.58366,44.77573,-36.77337,27.37926,0
0.1469721,-0.007328439,-10.02263,-0.009788822,-0.006724977,-10,0.44,500,-10,500,-10,-73.86549,58.22937,90.71929,-36.54655,44.75002,-36.73727,27.33175,0
0.1544753,-0.0005440023,-10.01149,-0.008606103,-0.006402702,-10,0.44,500,-10,500,-10,-73.83913,58.32934,90.7458,-36.54845,44.76727,-36.75733,27.33647,0
0.235571,0.07454661,-9.89312,-0.008103266,-0.006953389,-10,0.44,500,-10,500,-10,-73.83462,58.42937,90.75043,-36.54292,44.77633,-36.7667,27.33125,0
0.1531309,-0.00157355,-9.979823,-0.009624776,-0.007240193,-10,0.44,500,-10,500,-10,-73.83268,58.5294,90.75247,-36.53654,44.78446,-36.77478,27.32481,0
-0.06948864,-0.2074356,-10.24343,-0.0106538,-0.008129195,-10,0.44,500,-10,500,-10,-73.8316,58.62943,90.75368,-36.52986,44.79228,-36.78245,27.31799,0
0.1434734,-0.01064037,-9.934622,-0.008629548,-0.007201285,-10,0.44,500,-10,500,-10,-73.83092,58.72946,90.75446,-36.52296,44.79991,-36.79,27.31101,0
0.3990966,0.2256916,-9.570025,-0.007563515,-0.005562276,-10,0.44,500,-10,500,-10,-73.83047,58.82949,90.75502,-36.51598,44.80749,-36.79744,27.30389,0
0.06074998,-0.08701298,-9.983932,-0.01000785,-0.007391918,-10,0.44,500,-10,500,-10,-73.83015,58.92953,90.75547,-36.50906,44.81506,-36.80473,27.29669,0
0.2342448,0.07322229,-9.733656,-0.008140656,-0.006181786,-10,0.44,500,-10,500,-10,-73.82991,59.02957,90.75582,-36.50197,44.82257,-36.81211,27.28946,0
0.1593924,0.004143701,-9.813577,-0.008946155,-0.007362775,-10,0.44,500,-10,500,-10,-73.82972,59.1296,90.75612,-36.49493,44.8301,-36.8194,27.28219,0
0.01691114,-0.1274927,-9.988523,-0.01035364,-0.008021726,-10,0.44,500,-10,500,-10,-73.82959,59.22964,90.75639,-36.48788,44.83764,-36.82668,27.27488,0
0.2558217,0.09318265,-9.672009,-0.008209769,-0.005892948,-10,0.44,500,-10,500,-10,-73.82948,59.32968,90.75661,-36.4807,44.84515,-36.83404,27.26755,0
0.4611493,0.282952,-9.405648,-0.006679549,-0.004856601,-10,0.44,500,-10,500,-10,-73.8294,59.42972,90.75681,-36.47352,44.85266,-36.84138,27.2602,0
0.08315024,-0.0662851,-9.907077,-0.009796106,-0.00771742,-10,0.44,500,-10,500,-10,-73.82935,59.52975,90.75703,-36.46645,44.86023,-36.84862,27.25281,0
-0.1265601,-0.260135,-10.19368,-0.01107347,-0.00887584,-10,0.44,500,-10,500,-10,-73.82935,59.6298,90.75723,-36.45933,44.8678,-36.85593,27.24541,0
-0.02829079,-0.1693305,-10.08184,-0.0100667,-0.008438013,-10,0.44,500,-10,500,-10,-73.82935,59.72984,90.75744,-36.45213,44.87537,-36.8633,27.23801,0
-0.05665724,-0.1954823,-10.13834,-0.01062198,-0.008888306,-10,0.44,500,-10,500,-10,-73.82935,59.82987,90.75763,-36.44493,44.88297,-36.87064,27.23057,0
0.07462697,-0.07420965,-9.988262,-0.009785579,-0.007444017,-10,0.44,500,-10,500,-10,-73.82938,59.92991,90.75782,-36.43769,44.89058,-36.87805,27.22312,0
-0.02065697,-0.1622847,-10.13487,-0.01007751,-0.008226549,-10,0.44,500,-10,500,-10,-73.82943,60.02995,90.75803,-36.43048,44.8982,-36.88543,27.21567,0
0.1570704,0.002002939,-9.924592,-0.008987144,-0.007218403,-10,0.44,500,-10,500,-10,-73.8295,60.12998,90.75824,-36.42321,44.90584,-36.89287,27.2082,0
0.1999194,0.04158395,-9.889399,-0.008936709,-0.006622982,-10,0.44,500,-10,500,-10,-73.8296,60.23002,90.75847,-36.41597,44.91351,-36.90031,27.20072,0
0.1204513,-0.03189569,-10.01184,-0.009202011,-0.007068973,-10,0.44,500,-10,500,-10,-73.82973,60.33006,90.75871,-36.40873,44.9212,-36.90774,27.19323,0
-0.06947472,-0.2073524,-10.27554,-0.01048257,-0.008878028,-10,0.44,500,-10,500,-10,-73.82993,60.4301,90.75901,-36.40155,44.92894,-36.91518,27.18575,0
-0.2075921,-0.3349648,-10.46799,-0.01173708,-0.009881339,-10,0.44,500,-10,500,-10,-73.83022,60.53014,90.75941,-36.39438,44.93673,-36.92267,27.17827,0
0.0389309,-0.107217,-10.15382,-0.00987356,-0.007712739,-10,0.44,500,-10,500,-10,-73.83057,60.63017,90.75985,-36.38714,44.94455,-36.93029,27.17083,0
0.107179,-0.04413307,-10.06782,-0.009229412,-0.007409767,-10,0.44,500,-10,500,-10,-73.83103,60.73021,90.76042,-36.37999,44.95244,-36.9379,27.16342,0
-0.07387924,-0.2114045,-10.30274,-0.01072692,-0.008896759,-10,0.44,500,-10,500,-10,-73.83176,60.83023,90.76123,-36.37299,44.96047,-36.94558,27.15606,0
0.2669698,0.1035187,-9.851252,-0.008341433,-0.006011618,-10,0.44,500,-10,500,-10,-73.83281,60.93027,90.76239,-36.36603,44.96865,-36.95349,27.14884,0
-0.01995569,-0.1616233,-10.21531,-0.01014582,-0.008315982,-10,0.44,500,-10,500,-10,-73.8347,61.0303,90.76437,-36.35956,44.97725,-36.9616,27.14187,0
-0.07266165,-0.210288,-10.26949,-0.01065092,-0.00888238,-10,0.44,500,-10,500,-10,-73.83881,61.13033,90.76855,-36.35403,44.98695,-36.97059,27.13564,0
0.1707752,0.01464436,-9.93372,-0.009030537,-0.006819927,-10,0.44,500,-10,500,-10,-73.85323,61.23035,90.78305,-36.35307,45.00169,-36.98357,27.1329,0
-0.008034252,-0.1506073,-10.14718,-0.01010747,-0.008188032,-10,0.44,500,-10,500,-10,-73.76572,61.33022,90.69551,-36.30646,44.96624,-36.95765,27.09583,0
0.2103101,0.05118058,-9.840494,-0.008632375,-0.006666132,-10,0.44,500,-10,500,-10,-73.80986,61.43006,90.73988,-36.31893,44.9957,-36.98194,27.10312,0
0.1436141,-0.01044799,-9.905862,-0.009210402,-0.007078136,-10,0.44,500,-10,500,-10,-73.81801,61.53008,90.74817,-36.31525,45.00741,-36.99249,27.09829,0
0.1132506,-0.03852718,-9.924405,-0.009300645,-0.007244986,-10,0.44,500,-10,500,-10,-73.82088,61.63011,90.75114,-36.30918,45.01649,-37.00102,27.09167,0
0.1160685,-0.03591067,-9.901089,-0.009272063,-0.00735939,-10,0.44,500,-10,500,-10,-73.82236,61.73014,90.75272,-36.30249,45.02488,-37.00902,27.08459,0
-0.09891163,-0.234556,-10.16455,-0.01088431,-0.008979321,-10,0.44,500,-10,500,-10,-73.82326,61.83017,90.75375,-36.29561,45.033,-37.01675,27.07732,0
0.01965119,-0.1250133,-9.995125,-0.009983093,-0.007976254,-10,0.44,500,-10,500,-10,-73.82385,61.93021,90.75443,-36.28851,45.04092,-37.02442,27.06996,0
0.1321999,-0.02100489,-9.836725,-0.009155955,-0.007206439,-10,0.44,500,-10,500,-10,-73.82427,62.03024,90.75499,-36.28137,45.04878,-37.03202,27.06257,0
-0.1717239,-0.3018393,-10.22578,-0.01137215,-0.009554987,-10,0.44,500,-10,500,-10,-73.82458,62.13027,90.75541,-36.27426,45.05658,-37.03948,27.05512,0
0.3247073,0.1568734,-9.572852,-0.007869475,-0.005633755,-10,0.44,500,-10,500,-10,-73.8248,62.23031,90.75578,-36.26698,45.06431,-37.04707,27.0477,0
-0.1340553,-0.2670396,-10.17099,-0.01102036,-0.009241931,-10,0.44,500,-10,500,-10,-73.82497,62.33034,90.75607,-36.25987,45.07201,-37.05442,27.04024,0
0.09073256,-0.05931148,-9.879433,-0.009522087,-0.007532075,-10,0.44,500,-10,500,-10,-73.8251,62.43038,90.75636,-36.25263,45.07968,-37.06189,27.0328,0
0.1229759,-0.02953648,-9.842325,-0.009286741,-0.007206333,-10,0.44,500,-10,500,-10,-73.82518,62.53042,90.75661,-36.24543,45.08732,-37.06931,27.02537,0
0.2766393,0.112456,-9.649144,-0.008158691,-0.006056241,-10,0.44,500,-10,500,-10,-73.82524,62.63046,90.75686,-36.23821,45.09494,-37.07673,27.01796,0
0.2195028,0.05968163,-9.733487,-0.00861132,-0.006534867,-10,0.44,500,-10,500,-10,-73.82527,62.7305,90.75709,-36.23105,45.10254,-37.08408,27.01055,0
0.4598131,0.2817279,-9.431102,-0.006937555,-0.004618324,-10,0.44,500,-10,500,-10,-73.82527,62.83053,90.75733,-36.22384,45.11012,-37.09148,27.00317,0
0.1688143,0.01281312,-9.824109,-0.008917587,-0.006882758,-10,0.44,500,-10,500,-10,-73.82526,62.93057,90.75755,-36.21675,45.11769,-37.09876,26.99578,0
0.08909973,-0.06082597,-9.942082,-0.009513603,-0.007535418,-10,0.44,500,-10,500,-10,-73.82523,63.03061,90.75777,-36.20963,45.12524,-37.10606,26.98842,0
0.03982709,-0.1063502,-10.0209,-0.009874097,-0.007869842,-10,0.44,500,-10,500,-10,-73.82518,63.13065,90.758,-36.20253,45.13277,-37.11337,26.98107,0
0.2901799,0.1249665,-9.708573,-0.008076538,-0.005945325,-10,0.44,500,-10,500,-10,-73.82507,63.23069,90.75827,-36.19538,45.1403,-37.12073,26.97377,0
0.05197822,-0.09514198,-10.03431,-0.009763627,-0.007818263,-10,0.44,500,-10,500,-10,-73.82498,63.33072,90.75852,-36.18834,45.14782,-37.12798,26.96646,0
0.3508962,0.1810938,-9.658045,-0.007700231,-0.00546977,-10,0.44,500,-10,500,-10,-73.82484,63.43076,90.7588,-36.18122,45.15532,-37.13533,26.95919,0
0.05920473,-0.08845146,-10.05262,-0.009700745,-0.007727263,-10,0.44,500,-10,500,-10,-73.82463,63.5308,90.75913,-36.17424,45.16285,-37.14259,26.95194,0
0.1341131,-0.0192524,-9.967385,-0.009185995,-0.007184247,-10,0.44,500,-10,500,-10,-73.82439,63.63084,90.75951,-36.16722,45.17037,-37.14993,26.94473,0
-0.2492583,-0.3734957,-10.47965,-0.01188347,-0.01011014,-10,0.44,500,-10,500,-10,-73.82408,63.73087,90.75996,-36.16032,45.17791,-37.15719,26.93755,0
0.04721411,-0.09951366,-10.10267,-0.009789859,-0.00781488,-10,0.44,500,-10,500,-10,-73.82365,63.83091,90.76051,-36.15332,45.18548,-37.16464,26.93044,0
0.2439142,0.08222532,-9.854645,-0.008424798,-0.00633094,-10,0.44,500,-10,500,-10,-73.82296,63.93093,90.7613,-36.14643,45.19312,-37.17218,26.92345,0
-0.05869932,-0.1974427,-10.25724,-0.01054979,-0.008646535,-10,0.44,500,-10,500,-10,-73.82199,64.03097,90.76236,-36.13975,45.20089,-37.17975,26.91658,0
0.08896775,-0.06094984,-10.06999,-0.009494713,-0.007495096,-10,0.44,500,-10,500,-10,-73.82038,64.131,90.76409,-36.13319,45.20888,-37.18774,26.91001,0
0.1869216,0.029619,-9.946238,-0.008819643,-0.006764352,-10,0.44,500,-10,500,-10,-73.81718,64.23104,90.76736,-36.12716,45.21747,-37.19649,26.90414,0
0.210098,0.05097005,-9.918682,-0.008673674,-0.006571315,-10,0.44,500,-10,500,-10,-73.80867,64.33106,90.77597,-36.12289,45.2281,-37.20788,26.90064,0
0.1232952,-0.02932358,-10.03291,-0.009265642,-0.007229443,-10,0.44,500,-10,500,-10,-73.7002,64.43107,90.8845,-36.15149,45.27683,-37.26921,26.94182,0
-0.1184934,-0.2526615,-10.34776,-0.01095737,-0.009118597,-10,0.44,500,-10,500,-10,-73.85802,64.53052,90.72667,-36.09253,45.22382,-37.1974,26.86407,0
0.1043391,-0.04661515,-10.05454,-0.009394455,-0.007402457,-10,0.44,500,-10,500,-10,-73.83996,64.63052,90.7449,-36.09142,45.23815,-37.21361,26.86484,0
-0.1862314,-0.3152081,-10.43096,-0.01140608,-0.009632316,-10,0.44,500,-10,500,-10,-73.83548,64.73054,90.74953,-36.08591,45.24728,-37.22296,26.85955,0
0.1806452,0.0235728,-9.94686,-0.008888974,-0.006773646,-10,0.44,500,-10,500,-10,-73.83341,64.83057,90.75174,-36.07946,45.25546,-37.23124,26.85319,0
0.04135051,-0.105103,-10.12202,-0.009895025,-0.007853807,-10,0.44,500,-10,500,-10,-73.83224,64.93061,90.75304,-36.0728,45.26333,-37.23898,26.84641,0
0.04597341,-0.1004637,-10.10842,-0.009775601,-0.007898096,-10,0.44,500,-10,500,-10,-73.83148,65.03065,90.75394,-36.06598,45.27104,-37.24654,26.83945,0
0.2323315,0.0718731,-9.857576,-0.008396655,-0.006466553,-10,0.44,500,-10,500,-10,-73.83097,65.13069,90.75458,-36.05902,45.27865,-37.25403,26.83236,0
-0.09241306,-0.2286965,-10.27351,-0.01078014,-0.008811829,-10,0.44,500,-10,500,-10,-73.8306,65.23073,90.7551,-36.05212,45.28626,-37.26137,26.82519,0
0.1056091,-0.04623489,-10.00441,-0.009590585,-0.007227444,-10,0.44,500,-10,500,-10,-73.83033,65.33076,90.75552,-36.04506,45.29382,-37.26877,26.81798,0
0.06782107,-0.08073924,-10.04225,-0.009757001,-0.007779832,-10,0.44,500,-10,500,-10,-73.83012,65.4308,90.75586,-36.03802,45.30136,-37.2761,26.81071,0
0.2099106,0.05173617,-9.846372,-0.008350557,-0.006886922,-10,0.44,500,-10,500,-10,-73.82996,65.53085,90.75614,-36.03089,45.30888,-37.28346,26.80343,0
-0.2221696,-0.3472694,-10.40165,-0.0113166,-0.009888624,-10,0.44,500,-10,500,-10,-73.82986,65.63088,90.75642,-36.02388,45.31644,-37.29071,26.7961,0
0.1622574,0.006102236,-9.88905,-0.009345319,-0.006386357,-10,0.44,500,-10,500,-10,-73.82977,65.73092,90.75668,-36.01667,45.32401,-37.29811,26.78874,0
-0.1653517,-0.2987599,-10.30458,-0.01213543,-0.009186155,-10,0.44,500,-10,500,-10,-73.82973,65.83096,90.75694,-36.00962,45.33159,-37.30539,26.78137,0
0.3492604,0.1782983,-9.620282,-0.007616152,-0.006280264,-10,0.44,500,-10,500,-10,-73.8297,65.93099,90.75716,-36.00234,45.33912,-37.31285,26.77402,0
-0.01454614,-0.1523798,-10.08466,-0.008710671,-0.009275881,-10,0.44,500,-10,500,-10,-73.8297,66.03103,90.75739,-35.99522,45.34671,-37.32016,26.76663,0
-0.3005093,-0.4144032,-10.44822,-0.01131083,-0.009832357,-10,0.44,500,-10,500,-10,-73.82971,66.13107,90.75761,-35.98808,45.35435,-37.32748,26.75917,0
0.1044491,-0.04882323,-9.910975,-0.01133764,-0.005341271,-10,0.44,500,-10,500,-10,-73.82974,66.2311,90.75784,-35.98082,45.36203,-37.33493,26.75167,0
0.1785799,0.006958412,-9.810827,-0.01182687,-0.006524881,-10,0.44,500,-10,500,-10,-73.82982,66.33115,90.75809,-35.97363,45.36968,-37.34232,26.74423,0
0.09332551,-0.06693365,-9.918856,-0.008459108,-0.01052944,-10,0.44,500,-10,500,-10,-73.82992,66.43118,90.75835,-35.9664,45.37726,-37.34978,26.73688,0
0.1349936,0.0009373408,-9.836422,-0.003604481,-0.009715342,-10,0.44,500,-10,500,-10,-73.83003,66.53122,90.75863,-35.95909,45.38488,-37.35733,26.72949,0
-0.1658728,-0.2584699,-10.21112,-0.008787832,-0.00681453,-10,0.44,500,-10,500,-10,-73.8302,66.63126,90.7589,-35.95191,45.39272,-37.36473,26.72188,0
-0.0324944,-0.1726876,-10.03985,-0.01692112,-0.002875064,-10,0.44,500,-10,500,-10,-73.83046,66.73129,90.75928,-35.9448,45.40067,-37.37215,26.71424,0
0.0185158,-0.2007731,-10.03045,-0.0173204,-0.007824765,-10,0.44,500,-10,500,-10,-73.83076,66.83134,90.75974,-35.93768,45.40844,-37.37964,26.70684,0
0.0928112,-0.08291205,-9.998038,-0.005401975,-0.01236226,-10,0.44,500,-10,500,-10,-73.83116,66.93137,90.76028,-35.93038,45.41607,-37.38741,26.69967,0
0.190104,0.07966375,-9.773697,-0.002314564,0.001253317,-10,0.44,500,-10,500,-10,-73.83164,67.03141,90.76086,-35.92303,45.42407,-37.39523,26.69215,0
-0.08816437,-0.1850473,-10.26046,-0.02498769,-0.02345751,-10,0.44,500,-10,500,-10,-73.83275,67.13145,90.76211,-35.91684,45.43242,-37.40245,26.68483,0
0.215783,-0.07848073,-9.899173,-0.02372302,-0.02400188,-10,0.44,500,-10,500,-10,-73.8344,67.23149,90.76383,-35.91018,45.44088,-37.41055,26.6778,0
-0.2601812,-0.3577721,-9.974423,0.00223061,0.007022882,-10,0.44,500,-10,500,-10,-73.83644,67.33153,90.7659,-35.90288,45.44946,-37.41955,26.67093,0
-0.2661251,0.1847221,-9.890009,0.006875591,-0.03110126,-10,0.44,500,-10,500,-10,-73.84306,67.43155,90.77275,-35.89881,45.46,-37.42929,26.66607,0
0.05107952,0.4526813,-9.834273,-0.02296633,0.04608746,-10,0.44,500,-10,500,-10,-73.86464,67.53157,90.79408,-35.90041,45.47971,-37.44538,26.66404,0
0.8561547,0.5973038,-9.639467,-0.01560149,0.01014576,-10,0.44,500,-10,500,-10,-73.81367,67.63003,90.74298,-35.87092,45.461,-37.43253,26.6404,0
1.123167,-0.6415268,-9.693372,-0.1235296,-0.04298806,-10,0.44,500,-10,500,-10,-73.81208,67.72984,90.74137,-35.86535,45.46916,-37.43676,26.6309,0
-0.2295088,-2.324032,-9.713243,-0.0575623,-0.02384361,-10,0.44,500,-10,500,-10,-73.81954,67.82986,90.74905,-35.85996,45.47972,-37.44851,26.62671,0
-3.452799,-1.888576,-8.554432,0.2841602,-0.2086429,-10,0.44,500,-10,500,-10,-73.75227,67.86847,90.75006,-35.84993,45.47157,-37.45938,26.6357,0
-5.199197,4.876851,-4.809703,0.3983421,1.16616,-10,0.44,500,-10,500,-10,-73.78251,67.96138,90.78584,-35.84098,45.50981,-37.49797,26.62711,0
-0.7036114,-9.834889,-1.774696,0.6333113,-1.816464,-10,0.44,500,-10,500,-10,-73.76669,68.06161,90.78215,-35.86088,45.47733,-37.47502,26.65653,0
-5.764503,-1.859936,-7.558084,-1.200428,0.4473501,-10,0.44,500,-10,500,-10,-73.7815,68.16171,90.78505,-35.86117,45.54376,-37.47712,26.59249,0
-1.882613,1.637483,-9.73163,1.059171,0.7580156,-10,0.44,500,-10,500,-10,-73.79767,68.26122,90.81023,-35.82235,45.52845,-37.5368,26.62867,0
0.5538509,1.825592,-9.701452,-0.1180925,-1.27963,-10,0.44,500,-10,500,-10,-73.78635,68.36153,90.80113,-35.85388,45.52847,-37.49773,26.6211,0
1.173585,0.2736159,-10.11874,-0.7982981,0.7781134,-10,0.44,500,-10,500,-10,-73.79993,68.46144,90.80835,-35.83847,45.57477,-37.51915,26.5808,0
0.4696568,-0.659956,-10.21307,0.9255984,0.1558333,-10,0.44,500,-10,500,-10,-73.80019,68.56128,90.81912,-35.8129,45.55076,-37.55363,26.61374,0
-0.001357922,-0.2279791,-10.01386,-0.432447,-0.8356432,-10,0.44,500,-10,500,-10,-73.79667,68.66151,90.813,-35.83735,45.56736,-37.52412,26.59206,0
0.3142942,0.2879056,-9.656501,-0.292096,0.7994621,-10,0.44,500,-10,500,-10,-73.80535,68.7614,90.82079,-35.81269,45.59485,-37.55523,26.57102,0
-0.1330846,-0.01488082,-10.23456,0.6745881,-0.238403,-10,0.44,500,-10,500,-10,-73.80096,68.86137,90.82521,-35.80206,45.57594,-37.56952,26.5936,0
0.2064424,0.2569938,-10.021,-0.5450312,-0.4130908,-10,0.44,500,-10,500,-10,-73.80238,68.96152,90.82212,-35.81642,45.60096,-37.5526,26.56602,0
0.2641143,-0.01226533,-10.11625,0.03420481,0.6413572,-10,0.44,500,-10,500,-10,-73.80571,69.06142,90.82944,-35.79039,45.61389,-37.5847,26.55916,0
0.05729866,-0.09303483,-10.15744,0.3818933,-0.411102,-10,0.44,500,-10,500,-10,-73.80126,69.16145,90.83086,-35.78936,45.60397,-37.58689,26.57024,0
-0.28827,-0.3524289,-10.65317,-0.4926993,-0.08652525,-10,0.44,500,-10,500,-10,-73.80442,69.26154,90.83037,-35.79336,45.62994,-37.58249,26.54387,0
-0.2743782,-0.4394501,-10.6644,0.215261,0.4082858,-10,0.44,500,-10,500,-10,-73.80346,69.36144,90.83691,-35.77095,45.63375,-37.61033,26.54548,0
0.1222268,0.05510613,-10.03653,0.1306029,-0.4224908,-10,0.44,500,-10,500,-10,-73.80064,69.4615,90.83716,-35.77448,45.63323,-37.607,26.54621,0
-0.0830351,-0.193328,-10.42771,-0.3552933,0.12009,-10,0.44,500,-10,500,-10,-73.80296,69.56152,90.83905,-35.7703,45.656,-37.61275,26.52501,0
-0.2116208,-0.3825745,-10.58103,0.2690075,0.1847092,-10,0.44,500,-10,500,-10,-73.79904,69.66146,90.84506,-35.75381,45.65594,-37.63421,26.53004,0
0.01059864,-0.07763761,-10.22296,-0.04573744,-0.3369692,-10,0.44,500,-10,500,-10,-73.79771,69.76152,90.84546,-35.75796,45.66292,-37.63039,26.52339,0
0.3524846,0.1668508,-9.867397,-0.1962584,0.2114294,-10,0.44,500,-10,500,-10,-73.7971,69.86149,90.85002,-35.74889,45.68103,-37.64325,26.50906,0
0.3816622,0.1869123,-9.782182,0.2398831,0.01716851,-10,0.44,500,-10,500,-10,-73.79091,69.96143,90.85648,-35.73859,45.6813,-37.65889,26.51414,0
0.3091303,0.1830744,-9.861749,-0.1353853,-0.2096251,-10,0.44,500,-10,500,-10,-73.78905,70.06147,90.85896,-35.74123,45.6935,-37.65831,26.504,0
0.07110021,-0.1095431,-10.23727,-0.06564493,0.2088462,-10,0.44,500,-10,500,-10,-73.78262,70.16137,90.86829,-35.73137,45.70817,-37.67591,26.49707,0
-0.1153522,-0.2583735,-10.42915,0.1592348,-0.08992975,-10,14853.41,500,-10,500,-10,-73.77185,70.26128,90.87881,-35.72713,45.71238,-37.68886,26.50156,0
0.3153254,0.1666627,-9.881514,-0.1573958,-0.09016533,-10,33945.82,500,-10,500,-10,-73.76202,70.36123,90.89024,-35.72915,45.72964,-37.69632,26.49377,0
0.1880023,-0.004339879,-10.07877,0.02392133,0.1577318,-10,65837.85,500,-10,500,-10,-73.73462,70.46091,90.91936,-35.72553,45.74806,-37.72406,26.49949,0
0.277642,0.1159675,-9.918838,0.07707042,-0.126065,-10,67171.52,500,-10,500,-10,-73.68317,70.56046,90.97066,-35.73698,45.7711,-37.75512,26.51896,0
-0.1728408,-0.2996551,-10.53601,-0.1369404,-0.005612543,-10,61840.18,500,-10,500,-10,-73.49812,70.65909,91.15742,-35.79108,45.85484,-37.85576,26.58996,0
-0.01342268,-0.1821957,-10.3326,0.06480978,0.08622176,-10,46471.89,500,-10,500,-10,-74.40314,70.73008,90.25199,-35.48553,45.49811,-37.41108,26.19647,0
0.4084654,0.2435305,-9.75426,0.008692676,-0.1175395,-10,118225.1,500,-10,500,-10,-73.82291,70.81463,90.83235,-35.67632,45.7374,-37.70118,26.43807,0
-0.1623248,-0.2982661,-10.52868,-0.09191741,0.04351775,-10,389277.4,500,-10,500,-10,-73.82562,70.91467,90.83043,-35.66855,45.74754,-37.70735,26.42632,0
0.161181,-0.00831458,-10.09449,0.07106888,0.02408255,-10,880245.9,500,-10,500,-10,-73.82813,71.0147,90.82739,-35.65789,45.75067,-37.71549,26.42067,0
-0.01802595,-0.1480101,-10.31695,-0.03754012,-0.08795068,-10,1905668,500,-10,500,-10,-73.82606,71.11475,90.82945,-35.65455,45.75941,-37.72055,26.41365,0
0.05692337,-0.09793273,-10.24041,-0.0442099,0.05934347,-10,3150432,500,-10,500,-10,-73.82739,71.21478,90.82855,-35.64561,45.76821,-37.72873,26.4041,0
0.379402,0.204883,-9.801237,0.05473214,-0.01816199,-10,180952,500,-10,500,-10,-73.82729,71.31482,90.82806,-35.63749,45.77279,-37.73645,26.39911,0
-0.03444406,-0.1643781,-10.34225,-0.05492127,-0.04868585,-10,0.44,500,-10,500,-10,-73.82681,71.41486,90.82889,-35.63285,45.78202,-37.74178,26.39056,0
0.3712737,0.1934545,-9.823906,-0.006817341,0.05206919,-10,1087191,500,-10,500,-10,-73.82752,71.5149,90.82819,-35.62352,45.78945,-37.75052,26.38255,0
0.2543085,0.09640393,-9.960068,0.02726619,-0.04047002,-10,3630206,500,-10,500,-10,-73.82707,71.61494,90.82825,-35.61682,45.79522,-37.75727,26.37683,0
0.1754094,0.02559769,-10.0706,-0.05121711,-0.01404467,-10,1.289793e+07,500,-10,500,-10,-73.82718,71.71497,90.82852,-35.61079,45.80439,-37.76353,26.36789,0
0.2489529,0.08212645,-9.97777,0.01198406,0.03014529,-10,413233.1,500,-10,500,-10,-73.82739,71.81501,90.82807,-35.60188,45.81104,-37.77207,26.36086,0
0.2063166,0.05409003,-10.02231,0.002239914,-0.04349842,-10,0.44,500,-10,500,-10,-73.82708,71.91505,90.82828,-35.59573,45.81789,-37.77839,26.35419,0
0.09468709,-0.05392795,-10.17783,-0.03887846,0.005916171,-10,0.44,500,-10,500,-10,-73.82732,72.01509,90.82829,-35.58868,45.82662,-37.78546,26.34547,0
0.3104324,0.1403945,-9.89381,0.01780307,0.00872245,-10,0.44,500,-10,500,-10,-73.82723,72.11513,90.82803,-35.58034,45.83302,-37.79357,26.33884,0
0.3432378,0.1791742,-9.846058,-0.01376094,-0.03359758,-10,0.44,500,-10,500,-10,-73.82713,72.21516,90.82822,-35.57417,45.84064,-37.79989,26.33138,0
0.1867421,0.02722409,-10.05883,-0.02270539,0.01441801,-10,1.689374e+08,500,-10,500,-10,-73.82731,72.3152,90.8281,-35.56649,45.8488,-37.80748,26.32314,0
0.1003731,-0.05236547,-10.16699,0.01200384,-0.009330035,-10,7.21151e+08,500,-10,500,-10,-73.82715,72.41524,90.828,-35.55884,45.85539,-37.81504,26.31645,0
-0.1496197,-0.2787166,-10.49342,-0.02501038,-0.02439281,-10,1.285048e+09,500,-10,500,-10,-73.82722,72.51527,90.82816,-35.55241,45.86346,-37.82161,26.30853,0
0.3756848,0.2002468,-9.812307,-0.00867709,0.01410961,-10,2.482322e+09,500,-10,500,-10,-73.82726,72.61532,90.828,-35.54433,45.87108,-37.82955,26.30076,0
0.2295835,0.06857727,-9.998289,0.004208745,-0.01699359,-10,2.108951e+09,500,-10,500,-10,-73.8271,72.71535,90.82797,-35.53713,45.87805,-37.83674,26.29377,0
-0.07014193,-0.2070579,-10.39216,-0.02476366,-0.01207455,-10,1.684117e+09,500,-10,500,-10,-73.82721,72.81539,90.82805,-35.53027,45.88621,-37.84367,26.28568,0
0.0291803,-0.1192642,-10.26401,-0.003636644,0.004676394,-10,2.74546e+09,500,-10,500,-10,-73.82714,72.91543,90.82789,-35.5223,45.89354,-37.85149,26.27821,0
-0.1447199,-0.2758178,-10.4875,-0.007076856,-0.02157545,-10,0.44,500,-10,500,-10,-73.82713,73.01547,90.82797,-35.51533,45.90094,-37.85854,26.27089,0
0.2362595,0.07527356,-9.992747,-0.01851982,-0.002162476,-10,3.676033e+07,500,-10,500,-10,-73.82718,73.11551,90.82793,-35.50793,45.90894,-37.86592,26.26286,0
0.2506368,0.0870346,-9.973099,0.0001794562,-0.001237099,-10,0.44,500,-10,500,-10,-73.827,73.21555,90.82777,-35.50014,45.91616,-37.87355,26.25549,0
0.03356889,-0.1103356,-10.25479,-0.01190599,-0.01738298,-10,0.44,500,-10,500,-10,-73.82705,73.31558,90.82784,-35.49318,45.92384,-37.88058,26.24788,0
0.02363426,-0.1215842,-10.27013,-0.01459862,-0.0008901531,-10,5.351118e+10,500,-10,500,-10,-73.82697,73.41562,90.82769,-35.48558,45.93163,-37.88805,26.23997,0
-0.01585901,-0.1579237,-10.31987,-0.003072051,-0.009107287,-10,2.612271e+09,500,-10,500,-10,-73.82673,73.51566,90.82748,-35.47798,45.93886,-37.89547,26.23255,0
0.2223793,0.06380236,-10.00854,-0.01333525,-0.01138254,-10,0.44,500,-10,500,-10,-73.82668,73.61569,90.82743,-35.47076,45.94662,-37.90266,26.22475,0
0.01558112,-0.1293986,-10.28009,-0.0101733,-0.001577264,-10,0.44,500,-10,500,-10,-73.82607,73.71573,90.82677,-35.46291,45.95398,-37.90996,26.21684,0
0.3217879,0.1545416,-9.878418,-0.003776283,-0.009478881,-10,1.753772e+11,500,-10,500,-10,-73.82352,73.81577,90.82427,-35.45441,45.96016,-37.91638,26.2086,0
0.01299733,-0.1306068,-10.28272,-0.01480126,-0.008891351,-10,5.176219e+11,500,-10,500,-10,-73.82988,73.91579,90.83061,-35.4499,45.97121,-37.92615,26.2028,0
0.1260687,-0.02750933,-10.13547,-0.006866559,-0.003176315,-10,0.44,500,-10,500,-10,-73.82919,74.01584,90.82991,-35.442,45.97842,-37.93348,26.195,0
-0.1495106,-0.280957,-10.4944,-0.01011936,-0.01354385,-10,0.44,500,-10,500,-10,-73.8283,74.11588,90.82901,-35.43439,45.98554,-37.94034,26.18715,0
0.04444917,-0.1022712,-10.24223,-0.01302215,-0.006106328,-10,0.44,500,-10,500,-10,-73.82802,74.2159,90.82866,-35.42682,45.99313,-37.94762,26.17927,0
-0.105439,-0.2412082,-10.4377,-0.007871777,-0.007671115,-10,4.108976e+11,500,-10,500,-10,-73.82793,74.31595,90.82858,-35.41932,46.0006,-37.95505,26.17173,0
0.04223557,-0.1037719,-10.24437,-0.01082781,-0.01089974,-10,7.527943e+12,500,-10,500,-10,-73.82779,74.41599,90.8284,-35.41196,46.00814,-37.96227,26.16404,0
0.07057139,-0.07831372,-10.20821,-0.0108952,-0.005086407,-10,9.697453e+11,500,-10,500,-10,-73.82778,74.51602,90.82839,-35.40452,46.0158,-37.9697,26.15637,0
-0.1711257,-0.301406,-10.52323,-0.009005769,-0.01013509,-10,0.44,500,-10,500,-10,-73.82773,74.61606,90.82832,-35.39716,46.02328,-37.977,26.14884,0
0.02963067,-0.1154143,-10.26104,-0.01170579,-0.009316592,-10,0.44,500,-10,500,-10,-73.82768,74.71609,90.82825,-35.38982,46.03088,-37.98428,26.14118,0
-0.01635505,-0.1585315,-10.32148,-0.009987226,-0.006188793,-10,0.44,500,-10,500,-10,-73.82769,74.81614,90.82822,-35.3824,46.03844,-37.99166,26.13359,0
0.5821269,0.3949775,-9.539066,-0.004919218,-0.005183946,-10,0.44,500,-10,500,-10,-73.82766,74.91618,90.82821,-35.37498,46.04591,-37.99908,26.12611,0
-0.246615,-0.370846,-10.62196,-0.0134444,-0.01004631,-10,0.44,500,-10,500,-10,-73.82765,75.01621,90.82817,-35.36786,46.05352,-38.00617,26.11846,0
-0.09302506,-0.229307,-10.42136,-0.009774464,-0.007769452,-10,3.353242e+14,500,-10,500,-10,-73.82764,75.11626,90.82816,-35.36047,46.06101,-38.01355,26.11097,0
0.01931591,-0.1250787,-10.27427,-0.009905924,-0.009479386,-10,1.46809e+14,500,-10,500,-10,-73.82764,75.21629,90.82812,-35.3532,46.06848,-38.02079,26.10346,0
-0.1667614,-0.2973171,-10.51776,-0.01221241,-0.008672987,-10,6.455702e+14,500,-10,500,-10,-73.82766,75.31633,90.82809,-35.34595,46.07602,-38.028,26.0959,0
-0.1009531,-0.2365947,-10.43163,-0.009781924,-0.008788412,-10,3.14609e+15,500,-10,500,-10,-73.82766,75.41637,90.82806,-35.33866,46.08344,-38.03527,26.08845,0
0.2547362,0.092351,-9.96695,-0.0088779,-0.007112362,-10,6.016152e+15,500,-10,500,-10,-73.82765,75.5164,90.82804,-35.33139,46.0909,-38.04253,26.08098,0
0.05208978,-0.09520413,-10.23194,-0.009977921,-0.006863599,-10,1.252175e+16,500,-10,500,-10,-73.82766,75.61645,90.82803,-35.32418,46.09837,-38.04972,26.0735,0
-0.09474798,-0.2307466,-10.42351,-0.01010147,-0.009337723,-10,2.95348e+16,500,-10,500,-10,-73.82767,75.71648,90.82799,-35.317,46.10576,-38.05688,26.06608,0
0.09284048,-0.05730021,-10.17855,-0.01015153,-0.007732961,-10,4.853396e+16,500,-10,500,-10,-73.82768,75.81651,90.82795,-35.30978,46.11319,-38.06407,26.05862,0
-0.1610886,-0.2921351,-10.51033,-0.01099815,-0.008793048,-10,9.40614e+16,500,-10,500,-10,-73.82771,75.91656,90.82791,-35.30262,46.12057,-38.07119,26.0512,0
-0.05206915,-0.1911902,-10.36772,-0.01026117,-0.009181621,-10,1.927774e+17,500,-10,500,-10,-73.82773,76.01659,90.82787,-35.29544,46.12793,-38.07834,26.0438,0
-0.1466132,-0.2786036,-10.49135,-0.01164586,-0.009139284,-10,1.203175e+17,500,-10,500,-10,-73.82779,76.11663,90.82781,-35.2883,46.13531,-38.08543,26.03637,0
-0.0591989,-0.197913,-10.37713,-0.01012563,-0.008408223,-10,4.158266e+15,500,-10,500,-10,-73.82785,76.21667,90.82774,-35.28111,46.14265,-38.09258,26.029,0
0.0129145,-0.1311347,-10.28284,-0.01014686,-0.008548972,-10,0.44,500,-10,500,-10,-73.82791,76.31671,90.82767,-35.27396,46.14997,-38.09966,26.0216,0
0.2273172,0.06685737,-10.00291,-0.008744823,-0.006080905,-10,1.640478e+14,500,-10,500,-10,-73.82798,76.41675,90.82758,-35.26676,46.1573,-38.10678,26.01421,0
0.2416411,0.08010074,-9.984119,-0.00809963,-0.006400214,-10,0.44,500,-10,500,-10,-73.82806,76.51678,90.82749,-35.25961,46.16458,-38.11385,26.00684,0
0.2656193,0.1023205,-9.952812,-0.008525969,-0.006346982,-10,0.44,500,-10,500,-10,-73.82817,76.61682,90.82735,-35.25247,46.17188,-38.12089,25.99943,0
-0.08002866,-0.2171809,-10.40439,-0.0106534,-0.008503644,-10,0.44,500,-10,500,-10,-73.82839,76.71686,90.82711,-35.24535,46.17913,-38.12781,25.99199,0
0.16868,0.01270979,-10.07943,-0.008787442,-0.00710813,-10,0.44,500,-10,500,-10,-73.8289,76.81689,90.82658,-35.23804,46.18623,-38.13468,25.98445,0
0.005467698,-0.1381011,-10.29268,-0.01032058,-0.008137902,-10,0.44,500,-10,500,-10,-73.83032,76.91694,90.82516,-35.23055,46.19301,-38.141,25.97649,0
0.0803154,-0.06898491,-10.19491,-0.0094169,-0.007417847,-10,0.44,500,-10,500,-10,-73.60173,77.01698,91.05375,-35.29338,46.29074,-38.26756,26.06816,0
0.02520179,-0.1198395,-10.26685,-0.009952915,-0.008207196,-10,0.44,500,-10,500,-10,-73.82307,77.11555,90.83208,-35.21857,46.21031,-38.15871,25.96492,0
0.1081335,-0.04324286,-10.15857,-0.009496008,-0.007231973,-10,0.44,500,-10,500,-10,-73.82536,77.21559,90.82977,-35.21072,46.21671,-38.16462,25.95659,0
0.08324641,-0.06624724,-10.19104,-0.009394738,-0.007543132,-10,0.44,500,-10,500,-10,-73.82603,77.31563,90.82907,-35.2034,46.22377,-38.17136,25.94896,0
0.2224425,0.06241322,-10.00921,-0.008663847,-0.006592594,-10,1.690751e+19,500,-10,500,-10,-73.82639,77.41567,90.82866,-35.19614,46.23095,-38.17829,25.94144,0
-0.02233833,-0.1638255,-10.32899,-0.0102974,-0.008231472,-10,4.320631e+20,500,-10,500,-10,-73.82657,77.51571,90.82848,-35.18902,46.23825,-38.18527,25.934,0
0.2214036,0.06142333,-10.01057,-0.008493472,-0.006560396,-10,9.885836e+20,500,-10,500,-10,-73.82671,77.61575,90.82833,-35.18179,46.24553,-38.19238,25.92659,0
-0.05939386,-0.1980419,-10.37739,-0.01064327,-0.008670446,-10,5.038278e+20,500,-10,500,-10,-73.82678,77.71578,90.82822,-35.17467,46.25287,-38.19939,25.91915,0
0.06050208,-0.08727906,-10.22078,-0.009653845,-0.007645682,-10,3.451468e+19,500,-10,500,-10,-73.82686,77.81582,90.82813,-35.16747,46.26022,-38.20654,25.91174,0
-0.4021973,-0.514807,-10.82516,-0.01292235,-0.01139,-10,0.44,500,-10,500,-10,-73.8269,77.91586,90.82808,-35.16039,46.26761,-38.21357,25.90431,0
0.3577566,0.1874205,-9.83249,-0.007692027,-0.00538804,-10,0.44,500,-10,500,-10,-73.82693,78.01589,90.82801,-35.15303,46.27497,-38.22087,25.89689,0
0.06590826,-0.08226764,-10.21371,-0.009603455,-0.007669198,-10,0.44,500,-10,500,-10,-73.82697,78.11594,90.82795,-35.14588,46.28238,-38.22797,25.88943,0
-0.1693621,-0.2996499,-10.52102,-0.01134228,-0.009560093,-10,0.44,500,-10,500,-10,-73.827,78.21597,90.82791,-35.13871,46.2898,-38.2351,25.88197,0
0.1893484,0.03179872,-10.05247,-0.008820241,-0.006675138,-10,4.620366e+21,500,-10,500,-10,-73.827,78.31601,90.82786,-35.1314,46.29722,-38.24237,25.87451,0
0.4612224,0.28303,-9.697316,-0.006864175,-0.00465898,-10,3.833562e+22,500,-10,500,-10,-73.827,78.41605,90.8278,-35.12408,46.30465,-38.24964,25.86703,0
-0.08419614,-0.2209613,-10.40978,-0.01075875,-0.008859486,-10,1.748438e+23,500,-10,500,-10,-73.82702,78.51609,90.82777,-35.11694,46.31214,-38.25676,25.85952,0
0.04397269,-0.1025406,-10.24236,-0.009803362,-0.00781655,-10,3.438455e+23,500,-10,500,-10,-73.82702,78.61613,90.82773,-35.10963,46.31962,-38.26403,25.85201,0
0.03212209,-0.1134798,-10.25783,-0.009892959,-0.007984308,-10,1.026288e+22,500,-10,500,-10,-73.82701,78.71616,90.82769,-35.10234,46.32711,-38.27129,25.84448,0
-0.1825255,-0.3118288,-10.53823,-0.0114326,-0.009589273,-10,0.44,500,-10,500,-10,-73.82701,78.8162,90.82766,-35.09508,46.33464,-38.27853,25.83693,0
0.1351886,-0.01824737,-10.12321,-0.009157136,-0.007140186,-10,0.44,500,-10,500,-10,-73.82699,78.91624,90.82761,-35.08768,46.34215,-38.28588,25.82938,0
0.1876359,0.03022621,-10.0547,-0.008828931,-0.006772158,-10,0.44,500,-10,500,-10,-73.827,79.01627,90.82758,-35.08034,46.34969,-38.29321,25.82181,0
0.1089953,-0.04244878,-10.15743,-0.009375684,-0.007329086,-10,0.44,500,-10,500,-10,-73.82693,79.11631,90.82749,-35.07298,46.35722,-38.30049,25.81421,0
0.07721986,-0.0718088,-10.19893,-0.009569844,-0.007608093,-10,9.020878e+24,500,-10,500,-10,-73.8269,79.21635,90.82743,-35.06561,46.36478,-38.30781,25.80661,0
0.4654309,0.2869208,-9.691827,-0.006895325,-0.004608317,-10,1.0194e+25,500,-10,500,-10,-73.82681,79.31639,90.82733,-35.05813,46.37231,-38.3152,25.79899,0
0.5192515,0.3366474,-9.621527,-0.006494961,-0.004167443,-10,2.56648e+23,500,-10,500,-10,-73.82672,79.41643,90.8272,-35.05069,46.37984,-38.32253,25.79134,0
-0.1859191,-0.3149627,-10.54265,-0.01142142,-0.00964669,-10,0.44,500,-10,500,-10,-73.82664,79.51646,90.8271,-35.04342,46.38743,-38.32973,25.78367,0
0.1281364,-0.02476042,-10.13242,-0.009246496,-0.007199585,-10,0.44,500,-10,500,-10,-73.82653,79.61651,90.82696,-35.03591,46.39497,-38.33712,25.77601,0
-0.003744196,-0.1466266,-10.30469,-0.01014325,-0.00821867,-10,0.44,500,-10,500,-10,-73.82635,79.71655,90.82675,-35.02845,46.4025,-38.34441,25.76832,0
-0.0081,-0.1506474,-10.31038,-0.01018952,-0.008269148,-10,1.638894e+25,500,-10,500,-10,-73.82604,79.81658,90.82642,-35.02092,46.40996,-38.35166,25.76058,0
0.1708679,0.01472549,-10.0766,-0.00893907,-0.006865138,-10,8.040312e+26,500,-10,500,-10,-73.82549,79.91662,90.82586,-35.01324,46.4173,-38.35887,25.75277,0
-0.007174907,-0.1497944,-10.30917,-0.0101703,-0.008254307,-10,1.169836e+26,500,-10,500,-10,-73.82414,80.01666,90.82449,-35.0053,46.42424,-38.36568,25.7447,0
-0.02669436,-0.1678303,-10.33467,-0.01032269,-0.008404721,-10,0.44,500,-10,500,-10,-73.81689,80.11669,90.8172,-34.99485,46.4281,-38.37009,25.73479,0
-0.01166057,-0.1539411,-10.31503,-0.01020725,-0.008277577,-10,0.44,500,-10,500,-10,-73.8373,80.21666,90.83753,-34.99594,46.44628,-38.38584,25.73346,0
0.1456608,-0.008566064,-10.10953,-0.009108685,-0.007076922,-10,0.44,500,-10,500,-10,-73.83035,80.3167,90.83054,-34.9856,46.4503,-38.3904,25.72366,0
-0.1245724,-0.2582763,-10.46252,-0.0110043,-0.009154559,-10,0.44,500,-10,500,-10,-73.82922,80.41673,90.8294,-34.97778,46.45734,-38.39727,25.71567,0
0.163574,0.007985307,-10.08613,-0.008981089,-0.006929589,-10,9.397375e+27,500,-10,500,-10,-73.82875,80.51677,90.8289,-34.97013,46.46471,-38.40452,25.70789,0
0.04498339,-0.1015968,-10.24104,-0.009816394,-0.007852565,-10,6.25123e+28,500,-10,500,-10,-73.82847,80.61681,90.8286,-34.96264,46.47217,-38.41175,25.70017,0
0.2193536,0.05952915,-10.01327,-0.008598029,-0.006496514,-10,1.736375e+29,500,-10,500,-10,-73.8283,80.71685,90.82841,-34.95515,46.47968,-38.41909,25.69251,0
-0.0911289,-0.2273724,-10.41883,-0.01076161,-0.008900658,-10,8.671349e+28,500,-10,500,-10,-73.82819,80.81688,90.82826,-34.94778,46.48721,-38.42632,25.68485,0
-0.1143947,-0.2488708,-10.44923,-0.010931,-0.009079861,-10,0.44,500,-10,500,-10,-73.82811,80.91692,90.82814,-34.94038,46.49475,-38.43362,25.67721,0
0.1269875,-0.02582222,-10.13392,-0.009240261,-0.007211192,-10,1.419003e+29,500,-10,500,-10,-73.82805,81.01696,90.82805,-34.93295,46.50228,-38.44098,25.66961,0
0.2482554,0.08623648,-9.975513,-0.008393683,-0.006280774,-10,0.44,500,-10,500,-10,-73.82801,81.117,90.82799,-34.92556,46.5098,-38.44831,25.66203,0
0.3612641,0.1906621,-9.827897,-0.007607518,-0.005403739,-10,0.44,500,-10,500,-10,-73.82796,81.21704,90.82793,-34.91821,46.51733,-38.45564,25.65446,0
-0.1475445,-0.2795039,-10.49253,-0.01115704,-0.009333808,-10,3.431577e+30,500,-10,500,-10,-73.82794,81.31708,90.82787,-34.91098,46.52485,-38.4628,25.64688,0
0.01522715,-0.1290936,-10.27991,-0.01002329,-0.008079476,-10,6.290479e+30,500,-10,500,-10,-73.82793,81.41711,90.82781,-34.90363,46.53234,-38.4701,25.63934,0
0.305066,0.1387321,-9.901305,-0.007998265,-0.005837067,-10,1.879301e+31,500,-10,500,-10,-73.8279,81.51716,90.82779,-34.89629,46.53983,-38.47742,25.63184,0
0.201184,0.04273996,-10.037,-0.00872194,-0.006642267,-10,5.11572e+31,500,-10,500,-10,-73.82789,81.61719,90.82774,-34.88903,46.54731,-38.48465,25.62433,0
-0.1343822,-0.2673407,-10.47534,-0.01106876,-0.009233286,-10,1.015146e+32,500,-10,500,-10,-73.8279,81.71722,90.82768,-34.88184,46.55477,-38.49179,25.61682,0
0.03968823,-0.106491,-10.24796,-0.009850693,-0.007887301,-10,2.216592e+32,500,-10,500,-10,-73.82791,81.81727,90.82764,-34.87456,46.56221,-38.49903,25.60934,0
0.2911872,0.1259076,-9.919434,-0.008094482,-0.005947547,-10,7.776925e+31,500,-10,500,-10,-73.8279,81.9173,90.8276,-34.86727,46.56961,-38.50628,25.6019,0
-0.09625741,-0.2321116,-10.42554,-0.0108019,-0.008937773,-10,0.44,500,-10,500,-10,-73.82793,82.01734,90.82755,-34.86002,46.57692,-38.51349,25.59455,0
0.06799525,-0.08033364,-10.21098,-0.009652734,-0.007669779,-10,0.44,500,-10,500,-10,-73.82794,82.11739,90.82749,-34.85266,46.58419,-38.52081,25.58723,0
-0.005091108,-0.147869,-10.30645,-0.01016475,-0.008235158,-10,0.44,500,-10,500,-10,-73.828,82.21742,90.82742,-34.84537,46.59145,-38.52804,25.57991,0
0.1219676,-0.03046038,-10.14048,-0.009276791,-0.007252247,-10,2.222672e+33,500,-10,500,-10,-73.82803,82.31745,90.82735,-34.83804,46.59869,-38.53531,25.57262,0
-0.231304,-0.3569017,-10.60194,-0.01174375,-0.009981936,-10,7.198684e+33,500,-10,500,-10,-73.82811,82.4175,90.82725,-34.83082,46.60592,-38.54244,25.56529,0
-0.2836521,-0.4052741,-10.67032,-0.01211058,-0.01038575,-10,3.984978e+33,500,-10,500,-10,-73.82823,82.51753,90.8271,-34.82354,46.61312,-38.54961,25.55799,0
0.2120626,0.05279205,-10.02279,-0.008647005,-0.006556852,-10,9.994919e+33,500,-10,500,-10,-73.82834,82.61758,90.82697,-34.81615,46.62029,-38.55689,25.55071,0
-0.3590956,-0.4749878,-10.76887,-0.01263691,-0.01096893,-10,8.923701e+31,500,-10,500,-10,-73.82849,82.71761,90.82679,-34.80898,46.62747,-38.56392,25.54338,0
0.5352266,0.3514126,-9.600657,-0.006390431,-0.004061149,-10,0.44,500,-10,500,-10,-73.82866,82.81765,90.8266,-34.80151,46.63458,-38.57122,25.5361,0
0.3108613,0.1440874,-9.893735,-0.007956879,-0.005794317,-10,0.44,500,-10,500,-10,-73.8289,82.91769,90.82633,-34.79425,46.6417,-38.57825,25.52876,0
0.6682839,0.4743646,-9.42685,-0.005460999,-0.003034182,-10,0.44,500,-10,500,-10,-73.82925,83.01772,90.82591,-34.78683,46.64873,-38.58533,25.52139,0
0.20969,0.0505998,-10.02589,-0.00866393,-0.006575269,-10,0.44,500,-10,500,-10,-73.83008,83.11776,90.82505,-34.77944,46.6556,-38.592,25.5138,0
-0.1361323,-0.2689581,-10.47762,-0.01107935,-0.009246685,-10,0.44,500,-10,500,-10,-73.83334,83.2178,90.82178,-34.77131,46.66148,-38.59743,25.50522,0
-0.149155,-0.2809917,-10.49463,-0.01117075,-0.009346936,-10,4.966176e+35,500,-10,500,-10,-73.80045,83.31783,90.85468,-34.77405,46.68227,-38.62194,25.51168,0
0.1419345,-0.01200987,-10.1144,-0.009137036,-0.007098769,-10,3.610787e+36,500,-10,500,-10,-73.82283,83.41785,90.83225,-34.75999,46.68022,-38.61742,25.49516,0
-0.1127969,-0.2473949,-10.44714,-0.01091658,-0.00906643,-10,2.239565e+34,500,-10,500,-10,-73.82493,83.51788,90.83011,-34.75217,46.68656,-38.62346,25.48704,0
0.05963312,-0.08806059,-10.2219,-0.009712202,-0.007734334,-10,5.137466e+36,500,-10,500,-10,-73.82571,83.61792,90.82929,-34.74466,46.69344,-38.63029,25.47948,0
0.4898674,0.3094983,-9.659908,-0.006706779,-0.004411891,-10,0.44,500,-10,500,-10,-73.82611,83.71796,90.82884,-34.73721,46.70047,-38.63738,25.47208,0
0.3103255,0.1435923,-9.894435,-0.00796118,-0.005798497,-10,0.44,500,-10,500,-10,-73.82635,83.81799,90.82857,-34.72992,46.7076,-38.64444,25.46472,0
-0.05081433,-0.1901198,-10.36617,-0.01048352,-0.008587366,-10,0.44,500,-10,500,-10,-73.82651,83.91803,90.82835,-34.72268,46.71476,-38.65151,25.45738,0
0.1669526,0.01110824,-10.08172,-0.008962449,-0.006905828,-10,7.507844e+37,500,-10,500,-10,-73.82662,84.01807,90.82822,-34.71533,46.72195,-38.65874,25.45007,0
0.1778255,0.02115535,-10.06751,-0.008886642,-0.006821665,-10,0.44,500,-10,500,-10,-73.82671,84.11811,90.82811,-34.70802,46.72918,-38.66595,25.44275,0
0.1990372,0.04075605,-10.03981,-0.008738282,-0.00665788,-10,0.44,500,-10,500,-10,-73.82676,84.21815,90.828,-34.7007,46.73642,-38.67319,25.43544,0
0.4516153,0.2741515,-9.709874,-0.006974183,-0.004707332,-10,0.44,500,-10,500,-10,-73.8268,84.31818,90.82791,-34.69332,46.74366,-38.68049,25.42811,0
-0.07055206,-0.2083585,-10.39196,-0.01062146,-0.008739853,-10,Inf,500,-10,500,-10,-73.82683,84.41823,90.82784,-34.6861,46.75095,-38.68766,25.42076,0
-0.1319251,-0.2650704,-10.47213,-0.01105008,-0.009213976,-10,Inf,500,-10,500,-10,-73.82685,84.51826,90.82778,-34.67877,46.75826,-38.69495,25.41341,0
0.3407956,0.1717483,-9.854632,-0.007748269,-0.005563112,-10,Inf,500,-10,500,-10,-73.82686,84.6183,90.82771,-34.67131,46.76554,-38.70234,25.40606,0
-0.129132,-0.2624895,-10.46848,-0.01103059,-0.009192308,-10,Inf,500,-10,500,-10,-73.82687,84.71834,90.82767,-34.66404,46.7729,-38.70958,25.39868,0
0.1576302,0.002493811,-10.09389,-0.009027608,-0.006977751,-10,Inf,500,-10,500,-10,-73.82688,84.81837,90.82762,-34.65659,46.78023,-38.71698,25.3913,0
0.01446277,-0.1298004,-10.28091,-0.01002765,-0.008083333,-10,0.44,500,-10,500,-10,-73.82689,84.91841,90.82758,-34.64921,46.7876,-38.72431,25.38389,0
-0.2085609,-0.3358859,-10.57223,-0.01158539,-0.00980579,-10,Inf,500,-10,500,-10,-73.82689,85.01846,90.82751,-34.64184,46.79498,-38.73164,25.37646,0
-0.01881366,-0.1605495,-10.32437,-0.01026009,-0.00834039,-10,Inf,500,-10,500,-10,-73.82687,85.11848,90.82746,-34.63437,46.80237,-38.73907,25.36903,0
0.2293961,0.06880928,-10.00015,-0.008526316,-0.006423409,-10,Inf,500,-10,500,-10,-73.82683,85.21853,90.82738,-34.62685,46.80974,-38.74652,25.36159,0
0.03301444,-0.1126576,-10.25667,-0.009898027,-0.007940128,-10,0.44,500,-10,500,-10,-73.82681,85.31857,90.82732,-34.61943,46.81717,-38.75389,25.35412,0
0.1123348,-0.03936148,-10.15306,-0.009344017,-0.007327498,-10,0.44,500,-10,500,-10,-73.82678,85.41861,90.82725,-34.61193,46.82458,-38.76133,25.34663,0
-0.1056889,-0.2408267,-10.43785,-0.01086686,-0.009011293,-10,Inf,500,-10,500,-10,-73.82676,85.51864,90.82719,-34.60448,46.83203,-38.76874,25.33914,0
-0.02791275,-0.1689575,-10.33626,-0.01032363,-0.00841066,-10,0.44,500,-10,500,-10,-73.8267,85.61868,90.8271,-34.59695,46.83947,-38.7762,25.33164,0
0.1882961,0.03083073,-10.05383,-0.008813411,-0.006740839,-10,0.44,500,-10,500,-10,-73.82661,85.71872,90.82698,-34.58937,46.84689,-38.78368,25.32412,0
0.1644978,0.008839838,-10.08492,-0.008979621,-0.006924665,-10,Inf,500,-10,500,-10,-73.82648,85.81876,90.82684,-34.58181,46.85431,-38.79111,25.31657,0
-0.02667925,-0.1678177,-10.33465,-0.01031501,-0.008401115,-10,Inf,500,-10,500,-10,-73.82635,85.91879,90.82668,-34.57428,46.86175,-38.79852,25.30901,0
-0.3360453,-0.4536881,-10.73876,-0.0124759,-0.01079033,-10,Inf,500,-10,500,-10,-73.82619,86.01883,90.82648,-34.56675,46.86916,-38.80587,25.30142,0
-0.156452,-0.2877345,-10.50416,-0.01122146,-0.00940336,-10,Inf,500,-10,500,-10,-73.82584,86.11887,90.8261,-34.55904,46.87648,-38.81327,25.2938,0
-0.06818695,-0.206173,-10.38887,-0.01060494,-0.008721667,-10,Inf,500,-10,500,-10,-73.82518,86.21891,90.82541,-34.55122,46.88363,-38.82052,25.28607,0
-0.3880202,-0.5017157,-10.80665,-0.01283894,-0.01119175,-10,Inf,500,-10,500,-10,-73.82356,86.31895,90.82375,-34.54308,46.89028,-38.82728,25.27804,0
0.2433951,0.0817451,-9.981863,-0.00842855,-0.006315337,-10,Inf,500,-10,500,-10,-73.80685,86.41898,90.80703,-34.52856,46.88891,-38.82795,25.26556,0
0.3329472,0.1644959,-9.864884,-0.007803023,-0.005623713,-10,Inf,500,-10,500,-10,-73.83419,86.519,90.83435,-34.53226,46.91093,-38.8469,25.26618,0
-0.1963229,-0.3245774,-10.55625,-0.01149995,-0.009711277,-10,Inf,500,-10,500,-10,-73.83019,86.61904,90.83031,-34.52319,46.91632,-38.85262,25.25743,0
-0.02723521,-0.1683315,-10.33537,-0.01031889,-0.008405404,-10,Inf,500,-10,500,-10,-73.82918,86.71907,90.82926,-34.51521,46.92328,-38.85973,25.24961,0
0.415244,0.2405425,-9.757385,-0.00722818,-0.004988141,-10,Inf,500,-10,500,-10,-73.82877,86.81911,90.82884,-34.50743,46.93055,-38.86715,25.24199,0
0.4803206,0.3006767,-9.672378,-0.006773631,-0.004485562,-10,Inf,500,-10,500,-10,-73.82851,86.91915,90.82858,-34.49981,46.93791,-38.87455,25.23442,0
0.07771639,-0.0713507,-10.19828,-0.009585801,-0.007594861,-10,Inf,500,-10,500,-10,-73.82835,87.01919,90.82841,-34.49233,46.94533,-38.88189,25.22685,0
0.1937474,0.03586803,-10.04672,-0.008775325,-0.006698763,-10,Inf,500,-10,500,-10,-73.82822,87.11923,90.82823,-34.48476,46.95272,-38.88932,25.21932,0
0.4301914,0.2543547,-9.73786,-0.007123782,-0.004872705,-10,Inf,500,-10,500,-10,-73.82814,87.21927,90.82814,-34.4772,46.96013,-38.8968,25.21183,0
-0.2782199,-0.4002545,-10.66322,-0.012072,-0.01034376,-10,0.44,500,-10,500,-10,-73.82809,87.31931,90.82804,-34.46985,46.96756,-38.90408,25.20432,0
0.1412701,-0.01262376,-10.11526,-0.009141882,-0.007104045,-10,Inf,500,-10,500,-10,-73.82803,87.41935,90.82796,-34.46228,46.97496,-38.91158,25.19686,0
0.334321,0.1657654,-9.863091,-0.00779343,-0.005613109,-10,Inf,500,-10,500,-10,-73.828,87.51939,90.82789,-34.45478,46.98235,-38.91901,25.18941,0
-0.08562046,-0.2222825,-10.41164,-0.0107267,-0.008856316,-10,0.44,500,-10,500,-10,-73.82797,87.61942,90.82781,-34.44742,46.98974,-38.92631,25.18195,0
0.3307331,0.1624499,-9.867778,-0.007818492,-0.005640822,-10,Inf,500,-10,500,-10,-73.82795,87.71946,90.82777,-34.43991,46.99712,-38.93379,25.17455,0
0.1825436,0.02551516,-10.06135,-0.008853586,-0.006785284,-10,Inf,500,-10,500,-10,-73.82794,87.81949,90.82771,-34.43254,47.00448,-38.94111,25.16713,0
0.01387638,-0.1303422,-10.28167,-0.01003172,-0.008087904,-10,0.44,500,-10,500,-10,-73.82793,87.91953,90.82767,-34.42518,47.01183,-38.94843,25.15973,0
-0.03081748,-0.1716417,-10.34005,-0.01034391,-0.008433072,-10,0.44,500,-10,500,-10,-73.82795,88.01957,90.8276,-34.41781,47.01916,-38.95574,25.15235,0
0.04433228,-0.1021994,-10.24189,-0.009818986,-0.007852691,-10,0.44,500,-10,500,-10,-73.82796,88.11961,90.82754,-34.41043,47.02647,-38.96307,25.14499,0
-0.08115743,-0.2181584,-10.40581,-0.01069553,-0.008821849,-10,Inf,500,-10,500,-10,-73.82799,88.21965,90.82747,-34.40311,47.03378,-38.97035,25.13764,0
0.2180656,0.05833928,-10.01495,-0.008605467,-0.006510949,-10,Inf,500,-10,500,-10,-73.82799,88.31969,90.82742,-34.39572,47.04106,-38.9777,25.13031,0
0.2454562,0.08364967,-9.97917,-0.008414145,-0.006299414,-10,Inf,500,-10,500,-10,-73.82802,88.41972,90.82736,-34.38839,47.04832,-38.98497,25.12299,0
0.0940716,-0.05623763,-10.17692,-0.009471561,-0.007468555,-10,Inf,500,-10,500,-10,-73.82805,88.51976,90.82729,-34.38111,47.05558,-38.99219,25.11567,0
0.3916828,0.2187707,-9.788161,-0.007392759,-0.005170106,-10,Inf,500,-10,500,-10,-73.82806,88.6198,90.82723,-34.37376,47.06282,-38.99949,25.10839,0
-0.1923463,-0.3209028,-10.55105,-0.01147218,-0.009680559,-10,Inf,500,-10,500,-10,-73.8281,88.71984,90.82716,-34.3666,47.07007,-39.00659,25.10109,0
-0.2760621,-0.3982605,-10.66041,-0.01205693,-0.01032709,-10,0.44,500,-10,500,-10,-73.82821,88.81988,90.82703,-34.35933,47.07727,-39.01376,25.09378,0
0.02765859,-0.1176067,-10.26367,-0.009935452,-0.007981462,-10,Inf,500,-10,500,-10,-73.82829,88.91991,90.82693,-34.35199,47.08445,-39.021,25.0865,0
0.3473227,0.1777796,-9.846107,-0.007702613,-0.005512699,-10,Inf,500,-10,500,-10,-73.82841,89.01995,90.82677,-34.34464,47.09161,-39.02823,25.07922,0
0.1914864,0.03377876,-10.04967,-0.008791122,-0.006716221,-10,Inf,500,-10,500,-10,-73.82856,89.11999,90.82659,-34.33739,47.09875,-39.03532,25.07192,0
0.09807793,-0.05253557,-10.17168,-0.009443576,-0.007437615,-10,0.44,500,-10,500,-10,-73.82879,89.22002,90.82633,-34.33012,47.10588,-39.0424,25.0646,0
-0.120052,-0.254099,-10.45662,-0.0109672,-0.009122229,-10,0.44,500,-10,500,-10,-73.82932,89.32007,90.82578,-34.32278,47.11286,-39.04927,25.05715,0
0.1725599,0.01628963,-10.07439,-0.008923322,-0.006862391,-10,0.44,500,-10,500,-10,-73.83053,89.4201,90.82455,-34.31515,47.11955,-39.05589,25.04945,0
0.3857474,0.2132861,-9.795915,-0.007434218,-0.005215946,-10,0.44,500,-10,500,-10,-73.83517,89.52014,90.81989,-34.30653,47.12479,-39.06065,25.04035,0
0.4594894,0.2814275,-9.699589,-0.006919133,-0.004646436,-10,0.44,500,-10,500,-10,-73.81487,89.62016,90.84023,-34.30525,47.14058,-39.07877,25.04139,0
-0.1611157,-0.292044,-10.51026,-0.01125403,-0.009439364,-10,Inf,500,-10,500,-10,-73.82369,89.72018,90.83135,-34.29556,47.14407,-39.0811,25.03056,0
-0.2995076,-0.4199254,-10.69103,-0.01222069,-0.01050816,-10,Inf,500,-10,500,-10,-73.82523,89.82021,90.8298,-34.28791,47.15063,-39.08746,25.0227,0
0.4506429,0.2732528,-9.711144,-0.006980926,-0.004714759,-10,Inf,500,-10,500,-10,-73.8259,89.92026,90.82908,-34.28032,47.15753,-39.09447,25.01521,0
0.04095607,-0.1053191,-10.2463,-0.00984257,-0.007878766,-10,Inf,500,-10,500,-10,-73.82623,90.02029,90.8287,-34.27306,47.16462,-39.10142,25.00781,0
0.02135631,-0.1234304,-10.2719,-0.009979473,-0.008030134,-10,0.44,500,-10,500,-10,-73.82644,90.12033,90.82848,-34.26575,47.17176,-39.10853,25.00048,0
0.2693142,0.1056956,-9.948006,-0.008247498,-0.006115159,-10,0.44,500,-10,500,-10,-73.82659,90.22037,90.82827,-34.25839,47.17891,-39.11572,24.99316,0
0.4279599,0.2522926,-9.740773,-0.007139365,-0.004889939,-10,Inf,500,-10,500,-10,-73.82669,90.32041,90.82813,-34.25105,47.1861,-39.12294,24.98585,0
-0.006952161,-0.1495889,-10.30888,-0.01017721,-0.008248761,-10,Inf,500,-10,500,-10,-73.82676,90.42045,90.82803,-34.24384,47.19335,-39.13008,24.97853,0
0.04970336,-0.09723619,-10.23487,-0.009781471,-0.007811211,-10,Inf,500,-10,500,-10,-73.82681,90.52048,90.82796,-34.23653,47.2006,-39.13734,24.97122,0
0.1928876,0.03507353,-10.04784,-0.008781335,-0.0067054,-10,Inf,500,-10,500,-10,-73.82684,90.62052,90.82788,-34.22916,47.20786,-39.14462,24.96389,0
-0.172904,-0.302937,-10.52565,-0.01133637,-0.009530405,-10,Inf,500,-10,500,-10,-73.82687,90.72057,90.82783,-34.22191,47.21515,-39.15183,24.95654,0
0.1071693,-0.04413469,-10.15981,-0.009380073,-0.007367402,-10,Inf,500,-10,500,-10,-73.8269,90.82059,90.82777,-34.21452,47.22245,-39.15919,24.94921,0
-0.06420462,-0.2024931,-10.38367,-0.01057711,-0.008690921,-10,Inf,500,-10,500,-10,-73.8269,90.92064,90.82771,-34.20718,47.22977,-39.16646,24.94184,0
0.08403584,-0.0655112,-10.19003,-0.00954166,-0.007546061,-10,Inf,500,-10,500,-10,-73.82692,91.02068,90.82767,-34.19978,47.23711,-39.17384,24.93447,0
-0.07710411,-0.2144129,-10.40052,-0.01066721,-0.008790544,-10,Inf,500,-10,500,-10,-73.82693,91.12071,90.82763,-34.19243,47.24446,-39.18115,24.92708,0
0.09233238,-0.05784476,-10.17919,-0.009483708,-0.007481987,-10,Inf,500,-10,500,-10,-73.82693,91.22075,90.82758,-34.18499,47.25182,-39.18855,24.91968,0
-0.2151819,-0.342004,-10.58088,-0.01163168,-0.009856917,-10,Inf,500,-10,500,-10,-73.82694,91.32079,90.82755,-34.17764,47.25922,-39.19587,24.91225,0
0.1305739,-0.02250764,-10.12924,-0.009216594,-0.007186648,-10,Inf,500,-10,500,-10,-73.82693,91.42082,90.8275,-34.17013,47.26661,-39.20334,24.90483,0
0.4462852,0.2692261,-9.716837,-0.007011364,-0.004748413,-10,Inf,500,-10,500,-10,-73.8269,91.52086,90.82745,-34.16261,47.274,-39.21082,24.89739,0
-0.4387224,-0.5485672,-10.87288,-0.0131931,-0.01158332,-10,Inf,500,-10,500,-10,-73.82692,91.6209,90.82742,-34.15534,47.28146,-39.21806,24.8899,0
0.2932323,0.1277972,-9.916762,-0.008080432,-0.005930439,-10,Inf,500,-10,500,-10,-73.82688,91.72094,90.82735,-34.14771,47.28886,-39.22564,24.88245,0
0.2499714,0.08782197,-9.973272,-0.008382606,-0.006264542,-10,Inf,500,-10,500,-10,-73.82683,91.82098,90.82728,-34.14021,47.29629,-39.23307,24.87495,0
0.081058,-0.06826288,-10.19392,-0.00956246,-0.007569059,-10,0.44,500,-10,500,-10,-73.82677,91.92101,90.82719,-34.13273,47.30374,-39.24048,24.86744,0
-0.04398386,-0.1838081,-10.35725,-0.01043587,-0.008534756,-10,Inf,500,-10,500,-10,-73.82668,92.02106,90.82707,-34.12522,47.31118,-39.2479,24.85991,0
0.1131552,-0.03860339,-10.15199,-0.009338262,-0.007321172,-10,Inf,500,-10,500,-10,-73.82658,92.12109,90.82694,-34.11764,47.3186,-39.25537,24.85237,0
-0.001399791,-0.1444582,-10.30163,-0.01013842,-0.00820588,-10,Inf,500,-10,500,-10,-73.82647,92.22113,90.8268,-34.1101,47.32604,-39.2628,24.84481,0
0.2084526,0.04945635,-10.02751,-0.008672615,-0.006585192,-10,Inf,500,-10,500,-10,-73.82625,92.32117,90.82655,-34.10244,47.33342,-39.27025,24.83724,0
0.07388477,-0.07489131,-10.20329,-0.009612565,-0.007624458,-10,Inf,500,-10,500,-10,-73.82586,92.4212,90.82615,-34.09479,47.34072,-39.27757,24.8296,0
0.3251109,0.1572548,-9.875121,-0.00785776,-0.00568424,-10,0.44,500,-10,500,-10,-73.82509,92.52125,90.82536,-34.0869,47.34781,-39.2848,24.82185,0
-0.1529989,-0.2845437,-10.49965,-0.01119734,-0.00937668,-10,0.44,500,-10,500,-10,-73.82302,92.62128,90.82327,-34.07864,47.35422,-39.29133,24.81371,0
0.1366747,-0.01687011,-10.12127,-0.009173979,-0.007139531,-10,0.44,500,-10,500,-10,-73.73372,92.72132,90.73397,-34.03521,47.31347,-39.26077,24.78047,0
0.1902086,0.03259796,-10.05134,-0.008800048,-0.00672609,-10,Inf,500,-10,500,-10,-73.83251,92.82112,90.83286,-34.06739,47.37441,-39.31053,24.80146,0
0.1402688,-0.01354896,-10.11657,-0.009148874,-0.007111774,-10,Inf,500,-10,500,-10,-73.82986,92.92116,90.83017,-34.0588,47.38048,-39.31689,24.79317,0
0.01711921,-0.1273457,-10.27744,-0.01000907,-0.008062857,-10,Inf,500,-10,500,-10,-73.82905,93.0212,90.82933,-34.05098,47.38754,-39.32401,24.7854,0
0.2349316,0.07392444,-9.992918,-0.008487659,-0.006380694,-10,Inf,500,-10,500,-10,-73.82864,93.12123,90.82889,-34.04325,47.39481,-39.33138,24.77778,0
-0.3980953,-0.5110257,-10.81981,-0.01290932,-0.01126956,-10,0.44,500,-10,500,-10,-73.8284,93.22128,90.82861,-34.03577,47.40218,-39.33863,24.77017,0
0.2832841,0.1186046,-9.929757,-0.008149919,-0.006007269,-10,Inf,500,-10,500,-10,-73.82825,93.32131,90.82845,-34.02808,47.40956,-39.34619,24.76266,0
0.111592,-0.04004784,-10.15403,-0.009349181,-0.007333245,-10,Inf,500,-10,500,-10,-73.82816,93.42136,90.82832,-34.02058,47.41698,-39.35358,24.75514,0
0.2501303,0.08796873,-9.973064,-0.008381497,-0.006263315,-10,0.44,500,-10,500,-10,-73.82809,93.52139,90.82824,-34.01305,47.4244,-39.36104,24.74765,0
-0.4201094,-0.5313677,-10.84857,-0.01306309,-0.01143957,-10,Inf,500,-10,500,-10,-73.82803,93.62142,90.82813,-34.00569,47.43183,-39.36831,24.74013,0
0.4824268,0.3026229,-9.669626,-0.006758917,-0.004469292,-10,0.44,500,-10,500,-10,-73.82799,93.72147,90.82806,-33.99803,47.43921,-39.37591,24.73269,0
0.1919695,0.03422517,-10.04904,-0.008787747,-0.006712491,-10,Inf,500,-10,500,-10,-73.82795,93.8215,90.82804,-33.99065,47.44664,-39.38327,24.72525,0
0.04138039,-0.1049271,-10.24575,-0.009839606,-0.007875489,-10,0.44,500,-10,500,-10,-73.82793,93.92154,90.82799,-33.98325,47.45402,-39.39063,24.71781,0
0.3496492,0.1799294,-9.843067,-0.007686362,-0.005494731,-10,0.44,500,-10,500,-10,-73.8279,94.02158,90.82796,-33.97577,47.4614,-39.39809,24.71041,0
0.07530036,-0.07358325,-10.20144,-0.009602675,-0.007613525,-10,0.44,500,-10,500,-10,-73.82789,94.12162,90.82792,-33.96843,47.46878,-39.40539,24.70301,0
0.1181776,-0.0339624,-10.14543,-0.009303181,-0.007282384,-10,0.44,500,-10,500,-10,-73.82789,94.22166,90.82787,-33.96103,47.47612,-39.41275,24.69561,0
0.1036647,-0.0473731,-10.16439,-0.009404553,-0.007394467,-10,0.44,500,-10,500,-10,-73.8279,94.32169,90.82782,-33.95366,47.48346,-39.42008,24.68824,0
0.01765252,-0.1268529,-10.27674,-0.01000534,-0.008058739,-10,0.44,500,-10,500,-10,-73.8279,94.42173,90.82777,-33.94633,47.49078,-39.42738,24.68089,0
-0.001936865,-0.1449545,-10.30233,-0.01014217,-0.008210027,-10,Inf,500,-10,500,-10,-73.82792,94.52177,90.82771,-33.93898,47.49807,-39.43467,24.67354,0
-0.1425971,-0.2749319,-10.48607,-0.01112468,-0.009296346,-10,0.44,500,-10,500,-10,-73.82793,94.6218,90.82766,-33.93169,47.50536,-39.44193,24.66621,0
0.4661659,0.2875969,-9.690867,-0.006872498,-0.004594874,-10,Inf,500,-10,500,-10,-73.82794,94.72185,90.82761,-33.92425,47.51262,-39.44932,24.65891,0
-0.1628298,-0.2936279,-10.5125,-0.011266,-0.009452602,-10,Inf,500,-10,500,-10,-73.828,94.82188,90.82753,-33.91707,47.51988,-39.45642,24.65158,0
-0.04263523,-0.1825619,-10.35549,-0.01042645,-0.008524341,-10,Inf,500,-10,500,-10,-73.82804,94.92192,90.82745,-33.90975,47.52711,-39.46368,24.64428,0
0.4448052,0.2678586,-9.71877,-0.007021701,-0.004759842,-10,Inf,500,-10,500,-10,-73.82806,95.02196,90.82739,-33.90237,47.53432,-39.47101,24.63702,0
-0.3104276,-0.430016,-10.7053,-0.01229697,-0.0105925,-10,Inf,500,-10,500,-10,-73.82816,95.122,90.82729,-33.89525,47.54155,-39.47805,24.62971,0
0.1123991,-0.03930204,-10.15298,-0.009343543,-0.007327012,-10,Inf,500,-10,500,-10,-73.82825,95.22204,90.82716,-33.88789,47.54872,-39.48531,24.62243,0
-0.1204644,-0.2544801,-10.45716,-0.01097008,-0.009125414,-10,Inf,500,-10,500,-10,-73.82841,95.32207,90.82698,-33.88065,47.55589,-39.49239,24.61512,0
0.0693427,-0.07908842,-10.20922,-0.00964429,-0.007659536,-10,Inf,500,-10,500,-10,-73.82867,95.42211,90.82671,-33.87331,47.56299,-39.49952,24.6078,0
-0.07684994,-0.2141781,-10.40018,-0.01066544,-0.008788581,-10,Inf,500,-10,500,-10,-73.82896,95.52215,90.82639,-33.86603,47.57007,-39.50652,24.60044,0
0.2630296,0.09988839,-9.956216,-0.008291396,-0.006163693,-10,Inf,500,-10,500,-10,-73.82957,95.62219,90.82577,-33.85857,47.57701,-39.51347,24.59299,0
0.06515656,-0.08295663,-10.21469,-0.00967353,-0.007691865,-10,0.44,500,-10,500,-10,-73.83098,95.72223,90.82433,-33.85098,47.58361,-39.51987,24.5852,0
0.1716606,0.01545864,-10.07557,-0.008929605,-0.006869336,-10,0.44,500,-10,500,-10,-73.83867,95.82227,90.81663,-33.84156,47.58749,-39.5229,24.57494,0
0.1085769,-0.04283397,-10.15797,-0.009370242,-0.007356531,-10,0.44,500,-10,500,-10,-73.81716,95.92184,90.83794,-33.84043,47.60386,-39.5417,24.57622,0
-0.24474,-0.3693172,-10.61949,-0.01183814,-0.01008519,-10,0.44,500,-10,500,-10,-73.82392,96.02187,90.83114,-33.83134,47.60815,-39.54514,24.5663,0
-0.05923064,-0.1978969,-10.37717,-0.01054237,-0.008652507,-10,Inf,500,-10,500,-10,-73.8253,96.1219,90.82973,-33.82369,47.61476,-39.55163,24.55853,0
0.05846183,-0.08914292,-10.22343,-0.009720292,-0.007743569,-10,Inf,500,-10,500,-10,-73.82587,96.22195,90.82913,-33.81627,47.62172,-39.55856,24.55107,0
0.2713617,0.1075877,-9.945331,-0.008233196,-0.006099345,-10,0.44,500,-10,500,-10,-73.8262,96.32198,90.82874,-33.80887,47.62877,-39.56562,24.54369,0
-0.005155678,-0.1479288,-10.30653,-0.01016466,-0.008234886,-10,Inf,500,-10,500,-10,-73.8264,96.42202,90.82851,-33.80162,47.63592,-39.57269,24.53634,0
-0.0331936,-0.1738373,-10.34316,-0.0103605,-0.008451423,-10,Inf,500,-10,500,-10,-73.82654,96.52206,90.82835,-33.79433,47.6431,-39.57985,24.52903,0
