0.03380774,-0.1119246,-9.492839,-0.0098925,-0.007933972,0.00108462,0.44,342.9332,-342.9577,342.8969,-342.9631,-1.965233e-06,-2.155978e-06,-5.859605e-07,-0.2240329,-0.2240489,-0.2240092,-0.2240524,0
-0.116923,-0.2512355,-14.08014,-0.01084344,-0.009036063,-2.253169e-05,0.44,343.0175,-342.912,342.8928,-342.9287,-4.02452e-06,-4.667e-06,-7.215308e-08,-0.224088,-0.224019,-0.2240065,-0.22403,0
0.2278519,0.06732436,-13.62979,-0.008328836,-0.006301623,0.002519938,0.44,342.9608,-342.8717,343.0659,-342.8525,6.818334e-06,7.100437e-06,5.960543e-07,-0.2240509,-0.2239928,-0.2241196,-0.2239802,0
-0.01241245,-0.1545401,-13.94356,-0.01056849,-0.008493732,0.0007364108,0.44,342.8445,-343.066,342.7531,-343.0873,-3.975494e-06,-3.691068e-06,1.940148e-06,-0.223975,-0.2241197,-0.2239153,-0.2241336,0
0.2153529,0.05578018,-13.64611,-0.008419157,-0.006429253,0.00240215,0.44,343.4182,-342.416,343.5187,-342.3979,1.696333e-05,1.88649e-05,1.331081e-05,-0.2243498,-0.2236951,-0.2244154,-0.2236833,0
-0.2692656,-0.3917376,-14.279,-0.01288956,-0.01082641,-0.001318333,0.44,342.5509,-343.4408,342.2563,-343.5029,-1.00102e-05,-7.2856e-06,6.248242e-06,-0.2237832,-0.2243645,-0.2235907,-0.2244051,0
-0.006649694,-0.1494297,-13.93612,-0.00965913,-0.008061185,0.0007018811,0.44,342.7197,-343.1796,342.684,-343.1675,-2.038532e-05,-2.000444e-05,-1.384993e-05,-0.2238935,-0.2241939,-0.2238702,-0.224186,0
0.1929231,0.03483097,-13.67552,-0.007724956,-0.006140082,0.002422033,0.44,342.5095,-343.3256,342.6384,-343.2774,-2.269277e-05,-2.873627e-05,-3.146869e-05,-0.2237561,-0.2242893,-0.2238403,-0.2242578,0
0.1040813,-0.04732964,-13.79163,-0.008222287,-0.00654452,0.001986556,0.44,343.2468,-342.5987,343.3427,-342.5626,-2.577728e-06,-1.28608e-05,-2.011425e-05,-0.2242378,-0.2238144,-0.2243005,-0.2237908,0
-0.02050801,-0.1622053,-13.95428,-0.01013171,-0.0079377,0.0009391602,0.44,342.9756,-342.9165,342.9262,-342.9326,1.728788e-06,-6.729374e-06,-1.472933e-05,-0.2240606,-0.224022,-0.2240284,-0.2240325,0
0.1055145,-0.04568834,-13.78962,-0.00947406,-0.0071314,0.001811921,0.44,342.8331,-343.0313,342.8451,-343.0414,-1.986778e-06,-6.849711e-06,-1.617042e-05,-0.2239675,-0.224097,-0.2239754,-0.2241036,0
0.5150179,0.3326784,-13.25471,-0.006420696,-0.003957105,0.004861909,0.44,343.0464,-342.7047,343.3332,-342.6665,1.193108e-05,9.995081e-06,-1.021419e-05,-0.2241069,-0.2238837,-0.2242942,-0.2238587,0
0.1275127,-0.02519399,-13.76078,-0.009847949,-0.007426836,0.00193155,0.44,342.9252,-342.9473,342.9104,-342.968,2.633261e-06,2.45624e-06,-3.669123e-06,-0.2240277,-0.2240421,-0.224018,-0.2240557,0
0.1176398,-0.03443534,-13.77373,-0.00943636,-0.007293946,0.001780962,0.44,343.4494,-342.4141,343.4679,-342.4196,1.875143e-05,2.204207e-05,1.159193e-05,-0.2243701,-0.2236938,-0.2243823,-0.2236973,0
0.3578473,0.1877672,-13.45982,-0.00859459,-0.006016089,0.003372222,0.44,342.6092,-343.2105,342.7143,-343.2169,1.293967e-05,2.057431e-05,1.033702e-05,-0.2238212,-0.2242141,-0.2238899,-0.2242182,0
-0.01587293,-0.1576265,-13.948,-0.01090587,-0.008880547,0.000619356,0.44,343.1255,-342.796,343.006,-342.8234,-9.32795e-07,6.883611e-06,1.599992e-05,-0.2241586,-0.2239433,-0.2240805,-0.2239612,0
-0.002324264,-0.1452931,-13.93039,-0.01009376,-0.008401556,0.000645612,0.44,342.9103,-342.9959,342.8478,-342.9969,-4.573515e-06,1.51349e-06,4.470591e-06,-0.2240179,-0.2240739,-0.2239771,-0.2240745,0
0.272672,0.1087611,-13.57121,-0.007984463,-0.006130582,0.002814576,0.44,342.8446,-342.9809,342.9747,-342.9506,7.278882e-06,1.169501e-05,7.411338e-06,-0.2239751,-0.2240641,-0.2240601,-0.2240443,0
0.2101619,0.05115354,-13.6528,-0.009035369,-0.006910224,0.00231458,0.44,343.1767,-342.6745,343.2274,-342.6723,1.292592e-05,1.747007e-05,2.114997e-05,-0.224192,-0.2238639,-0.2242252,-0.2238625,0
0.07773572,-0.07113519,-13.82574,-0.01025509,-0.008114059,0.001164278,0.44,342.7701,-343.1259,342.7097,-343.1451,-2.700611e-06,2.312563e-06,1.146555e-05,-0.2239264,-0.2241588,-0.223887,-0.2241714,0
0.102855,-0.04813346,-13.79302,-0.009271585,-0.00749696,0.00146036,0.44,342.9129,-342.9621,342.9249,-342.951,-1.891702e-06,1.374694e-06,7.34926e-06,-0.2240196,-0.2240518,-0.2240275,-0.2240445,0
0.321211,0.1536424,-13.5078,-0.007788675,-0.005785639,0.003120943,0.44,343.0094,-342.8037,343.163,-342.7748,1.172461e-05,1.422643e-05,1.372433e-05,-0.2240827,-0.2239483,-0.2241831,-0.2239294,0
0.1365228,-0.01683573,-13.74897,-0.009784957,-0.007585608,0.00167518,0.44,343.0626,-342.8127,343.0498,-342.8259,1.030135e-05,1.37356e-05,2.26442e-05,-0.2241174,-0.2239542,-0.2241091,-0.2239628,0
-0.12724,-0.2605794,-14.09351,-0.0115561,-0.009624287,-0.0003896099,0.44,343.1059,-342.8408,342.9281,-342.876,3.316751e-06,7.931289e-06,2.344132e-05,-0.2241458,-0.2239726,-0.2240296,-0.2239955,0
0.4492437,0.2720339,-13.34051,-0.007169629,-0.005022903,0.003853656,0.44,342.2898,-343.5003,342.4958,-343.465,-5.02069e-06,-7.387923e-07,3.907047e-07,-0.2236126,-0.2244034,-0.2237472,-0.2243803,0
-0.1029737,-0.2383593,-14.0619,-0.0105948,-0.009034855,4.518719e-05,0.44,343.0511,-342.8807,342.9353,-342.8839,-1.415624e-05,-1.558056e-05,4.592443e-06,-0.2241099,-0.2239986,-0.2240343,-0.2240007,0
0.1490667,-0.00561232,-13.73277,-0.00836064,-0.006656367,0.001855963,0.44,342.7475,-343.1023,342.8307,-343.0704,-1.058587e-05,-1.535037e-05,-1.355467e-05,-0.2239116,-0.2241434,-0.223966,-0.2241226,0
0.2208339,0.06073561,-13.63902,-0.00804236,-0.006088521,0.00260867,0.44,343.0293,-342.7971,343.1557,-342.7688,7.627422e-06,1.567502e-06,-1.052757e-06,-0.2240957,-0.223944,-0.2241783,-0.2239255,0
0.1151646,-0.03666672,-13.77695,-0.009723343,-0.00737938,0.001679269,0.44,342.9854,-342.8857,342.9789,-342.9009,4.479382e-06,6.754569e-07,4.089909e-06,-0.224067,-0.2240019,-0.2240628,-0.2240118,0
0.1545523,-0.0003029773,-13.7255,-0.009286501,-0.007050639,0.001907386,0.44,343.087,-342.7715,343.1163,-342.776,7.056864e-06,6.024934e-06,6.026533e-06,-0.2241334,-0.2239273,-0.2241525,-0.2239302,0
0.06978012,-0.07858861,-13.8362,-0.01001323,-0.007861595,0.001256244,0.44,342.9713,-342.9147,342.9353,-342.9297,7.323425e-06,8.383304e-06,1.058946e-05,-0.2240578,-0.2240208,-0.2240343,-0.2240306,0
-0.104707,-0.2398095,-14.06411,-0.01124752,-0.009286108,-9.211447e-05,0.44,342.8243,-343.1137,342.6697,-343.1432,-6.369969e-06,-4.689276e-06,5.703719e-06,-0.2239618,-0.2241508,-0.2238608,-0.2241701,0
-0.2325629,-0.3581385,-14.2312,-0.01143242,-0.009904325,-0.0009820492,0.44,342.8488,-343.1136,342.6581,-343.1304,-1.773351e-05,-1.858665e-05,-6.399989e-06,-0.2239778,-0.2241508,-0.2238532,-0.2241617,0
0.2642552,0.1007799,-13.58233,-0.007372529,-0.005660818,0.002836867,0.44,342.6609,-343.1541,342.8306,-343.1053,-9.152776e-06,-1.324338e-05,-1.932662e-05,-0.223855,-0.2241772,-0.2239659,-0.2241453,0
-0.07546508,-0.213039,-14.02606,-0.01018722,-0.008415133,0.0004873194,0.44,343.206,-342.7029,343.1364,-342.7056,-1.689044e-06,-8.37891e-06,-4.879786e-06,-0.2242111,-0.2238825,-0.2241657,-0.2238842,0
0.03778587,-0.1083003,-13.87809,-0.009781781,-0.007670575,0.001154296,0.44,342.6798,-343.205,342.654,-343.212,-9.724313e-06,-1.547276e-05,-1.843088e-05,-0.2238674,-0.2242105,-0.2238505,-0.2242151,0
0.1159092,-0.03621719,-13.77609,-0.008818802,-0.006850098,0.001899832,0.44,343.0598,-342.7946,343.1162,-342.7802,-1.148489e-07,-5.713591e-06,-1.27297e-05,-0.2241156,-0.2239424,-0.2241525,-0.223933,0
0.09935553,-0.05138312,-13.79765,-0.009430694,-0.007244876,0.001714914,0.44,342.9002,-342.9676,342.9113,-342.9717,-6.693077e-07,-5.078961e-06,-1.162803e-05,-0.2240114,-0.2240554,-0.2240186,-0.2240581,0
0.07033215,-0.07820542,-13.83556,-0.00960365,-0.007479985,0.001491407,0.44,342.7565,-343.1214,342.7469,-343.1261,-9.79294e-06,-1.368368e-05,-1.880203e-05,-0.2239175,-0.2241559,-0.2239112,-0.2241589,0
-0.05081655,-0.1902767,-13.99387,-0.009975364,-0.008157667,0.0006878448,0.44,342.827,-343.0762,342.7716,-343.0761,-1.622072e-05,-2.191719e-05,-2.640415e-05,-0.2239635,-0.2241264,-0.2239273,-0.2241263,0
-0.3210736,-0.4401064,-14.34695,-0.01152689,-0.009989737,-0.001209722,0.44,342.7754,-343.194,342.5711,-343.2103,-2.624727e-05,-3.522088e-05,-3.697318e-05,-0.2239298,-0.2242033,-0.2237964,-0.224214,0
0.004939277,-0.1390082,-13.92119,-0.008726008,-0.007063782,0.001339161,0.44,342.9111,-342.955,342.9582,-342.9265,-1.348021e-05,-2.431611e-05,-4.1935e-05,-0.2240185,-0.2240472,-0.2240493,-0.2240285,0
-0.318253,-0.4374922,-14.34329,-0.01163974,-0.009838639,-0.0009743249,0.44,342.9738,-342.989,342.7718,-343.0163,-1.686355e-05,-2.861009e-05,-3.73628e-05,-0.2240594,-0.2240694,-0.2239275,-0.2240872,0
0.5269185,0.343437,-13.23932,-0.005557035,-0.003164246,0.00523191,0.4448197,342.7813,-342.9469,343.1338,-342.8888,3.609537e-07,-8.600419e-06,-4.507185e-05,-0.2239337,-0.2240419,-0.224164,-0.2240039,0
0.2599255,0.09696649,-13.58795,-0.008309308,-0.005769211,0.003368333,0.4638085,343.5329,-342.2793,343.6618,-342.2767,2.251435e-05,1.720936e-05,-9.09764e-06,-0.2244247,-0.2236058,-0.2245089,-0.2236041,0
0.2941171,0.1288793,-13.54312,-0.009216887,-0.00624739,0.003196661,0.4832388,342.9228,-342.9052,342.9894,-342.9334,1.640252e-05,1.939561e-05,-4.881923e-06,-0.2240261,-0.2240147,-0.2240697,-0.2240331,0
-0.1929084,-0.3212013,-14.17928,-0.01231151,-0.01008945,-0.0004522597,0.5031108,342.8993,-343.0709,342.6644,-343.1163,-7.440727e-06,-1.123199e-06,-4.942944e-06,-0.2240108,-0.2241229,-0.2238573,-0.2241525,0
0.09444332,-0.05597772,-13.80407,-0.009134117,-0.007261955,0.001672794,0.5234243,342.8804,-342.992,342.9068,-342.9716,-8.008238e-06,-1.501929e-06,-1.600057e-05,-0.2239985,-0.2240713,-0.2240157,-0.224058,0
-0.2118336,-0.3389954,-14.20416,-0.01130631,-0.00957698,-0.000452981,0.5441794,342.9854,-342.9644,342.8149,-342.9862,-1.141224e-05,-6.616478e-06,-1.130607e-05,-0.224067,-0.2240533,-0.2239556,-0.2240676,0
-0.1687335,-0.2992235,-14.14789,-0.01083579,-0.009086603,-0.0001870466,0.5653761,343.0181,-342.9153,342.8868,-342.9306,-1.113109e-05,-6.285722e-06,-1.426886e-05,-0.2240884,-0.2240212,-0.2240026,-0.2240313,0
0.2599635,0.09691601,-13.35896,-0.0078378,-0.00577606,0.003022715,0.5870144,10,-10,10,-10,1.297894e-06,7.035049e-06,-1.279808e-05,0.01196598,0.01196583,0.01187306,0.01198116,0
0.407505,0.2333775,0.3392138,-0.006998198,-0.004762169,0.004114345,0.6089129,10,-10,10,-10,1.852222e-05,2.564842e-05,5.213597e-06,0.02271848,0.02310757,0.02257057,0.0231277,0
0.1622969,0.006792427,0.01891006,-0.008712227,-0.006656867,0.002301573,0.6300412,10,-10,10,-10,3.587024e-05,4.440064e-05,2.839725e-05,0.02768059,0.02833807,0.02763073,0.02834733,0
0.01288897,-0.1312683,-0.1762545,-0.009757088,-0.0078117,0.00119697,0.6502298,10,-10,10,-10,3.121404e-05,3.901889e-05,2.534838e-05,0.0231785,0.0228699,0.02319367,0.022879,0
-0.05467925,-0.1937048,-0.2645157,-0.0102303,-0.008334489,0.0006973381,0.6694786,10,-10,10,-10,1.800526e-05,2.425903e-05,1.564133e-05,0.01649595,0.01624668,0.0165434,0.01625343,0
0.2244322,0.06420869,0.1000744,-0.008281958,-0.006179875,0.002760405,0.6877875,10,-10,10,-10,2.406155e-05,3.063777e-05,1.217246e-05,0.009784247,0.009921371,0.009714299,0.009937605,0
-0.1404227,-0.2729363,-0.3765184,-0.0108317,-0.008998612,6.320363e-05,0.7051566,10,-10,10,-10,2.363574e-05,2.990862e-05,2.139316e-05,0.002932352,0.003074862,0.003012168,0.003061947,0
0.03309454,-0.1125974,-0.1498611,-0.009620928,-0.007659514,0.001345713,0.7215858,10.04605,-10.0402,10.04571,-10.04021,3.213873e-05,3.897929e-05,2.332307e-05,-0.004413285,-0.004245793,-0.004406548,-0.004246001,0
-0.138606,-0.2712594,-0.4722392,-0.01082061,-0.008985868,7.542011e-05,0.7370752,18.12261,-18.37175,18.00031,-18.38729,2.442049e-05,3.025698e-05,2.210022e-05,-0.01183922,-0.01200198,-0.01175932,-0.01201213,0
0.2109971,0.05175671,-0.5016969,-0.007988896,-0.006033141,0.002664418,0.7516328,30.30787,-29.8616,30.43936,-29.8336,3.905589e-05,4.507893e-05,2.407413e-05,-0.01979966,-0.01950812,-0.01988556,-0.01948982,0
-0.3033197,-0.4234453,-1.663898,-0.01234591,-0.01042473,-0.001169615,0.7652971,42.15662,-41.9702,41.90851,-42.01986,3.217364e-05,3.861106e-05,3.316145e-05,-0.02754026,-0.02741848,-0.02737818,-0.02745092,0
-0.1819888,-0.3113621,-1.997338,-0.01114557,-0.009330173,-0.0003951836,0.7781172,53.47372,-54.13633,53.32093,-54.15549,1.651127e-05,2.337198e-05,1.409662e-05,-0.03493355,-0.03536642,-0.03483373,-0.03537894,0
0.3250924,0.1571166,-1.800427,-0.006807996,-0.004973457,0.003573855,0.7901428,64.47018,-64.34699,64.6976,-64.30052,3.319676e-05,3.818145e-05,1.326962e-05,-0.04211736,-0.04203689,-0.04226594,-0.04200653,0
-0.4539376,-0.5626608,-3.24096,-0.01309149,-0.01141654,-0.002179748,0.8014211,74.49387,-74.69362,74.16269,-74.75771,1.285422e-05,1.450206e-05,1.341688e-05,-0.04866569,-0.04879618,-0.04844933,-0.04883805,0
0.02057159,-0.124336,-3.033815,-0.008653309,-0.007117797,0.00131902,0.811996,83.9464,-84.58505,83.99045,-84.56537,1.220636e-05,1.095003e-05,-1.23294e-05,-0.05484088,-0.0552581,-0.05486965,-0.05524524,0
0.3753782,0.2034952,-2.949085,-0.006050129,-0.004282911,0.004253349,0.821909,93.09361,-92.67238,93.37782,-92.62988,4.182886e-05,3.685951e-05,2.001882e-06,-0.06081661,-0.06054142,-0.06100228,-0.06051366,0
0.2107767,0.05158093,-3.516121,-0.008579308,-0.006343945,0.002865207,0.8311992,102.0298,-101.1078,102.118,-101.1248,5.70146e-05,5.288163e-05,2.554107e-05,-0.06665447,-0.06605213,-0.06671209,-0.06606326,0
0.2607789,0.09789449,-3.812909,-0.008865392,-0.006509876,0.002944615,0.8399027,110.5095,-110.168,110.5835,-110.1791,6.063941e-05,5.983028e-05,3.360959e-05,-0.07219414,-0.07197105,-0.07224245,-0.07197829,0
-0.01466535,-0.1565907,-4.525755,-0.01092075,-0.008901072,0.0007991528,0.8480556,118.378,-118.8817,118.2595,-118.9067,3.979834e-05,3.866848e-05,2.900748e-05,-0.07733451,-0.07766356,-0.07725712,-0.07767991,0
-0.318159,-0.437198,-5.247968,-0.01198073,-0.01066784,-0.001402768,0.8556937,125.9127,-126.3243,125.6696,-126.3434,1.826029e-05,1.181203e-05,1.203981e-05,-0.08225679,-0.08252566,-0.08209802,-0.08253817,0
0.1007647,-0.05028494,-4.987752,-0.007963185,-0.006669117,0.001890396,0.8628502,132.3099,-132.8221,132.4125,-132.7827,2.514786e-05,1.200709e-05,-5.833144e-06,-0.08643602,-0.08677059,-0.08650303,-0.08674484,0
-0.01759829,-0.1596275,-5.396865,-0.009099056,-0.00760988,0.001230452,0.8695553,138.8857,-138.2197,138.9002,-138.2205,4.49122e-05,2.686096e-05,1.157198e-05,-0.09073188,-0.09029679,-0.09074132,-0.09029733,0
0.3837755,0.2114111,-5.12121,-0.007195464,-0.005016873,0.003985571,0.8758354,144.8931,-144.5097,145.1043,-144.4967,6.284735e-05,4.585475e-05,1.984673e-05,-0.09465642,-0.09440596,-0.09479437,-0.09439745,0
0.09899477,-0.05158218,-5.750054,-0.01000365,-0.007855185,0.001774587,0.8817153,150.7345,-150.9897,150.6996,-151.0149,4.895576e-05,3.157676e-05,2.319211e-05,-0.09847253,-0.09863925,-0.09844968,-0.0986557,0
0.03157481,-0.1140074,-6.084174,-0.009706589,-0.008037456,0.001225514,0.8872209,156.7146,-156.436,156.6888,-156.4347,4.697671e-05,2.704186e-05,2.027603e-05,-0.1023792,-0.1021972,-0.1023623,-0.1021963,0
0.2732316,0.1092717,-5.989104,-0.007906644,-0.006085065,0.003038992,0.8923773,161.7033,-161.5897,161.8451,-161.5657,6.047954e-05,3.844879e-05,2.429247e-05,-0.1056383,-0.105564,-0.1057309,-0.1055484,0
-0.009358089,-0.1517316,-6.564663,-0.01056792,-0.008656353,0.0008926832,0.897207,166.4602,-166.8343,166.3711,-166.8573,4.495704e-05,2.059885e-05,2.404355e-05,-0.1087459,-0.1089902,-0.1086876,-0.1090053,0
-0.1161362,-0.2505489,-6.905791,-0.01051036,-0.009038653,9.504378e-05,0.9017315,171.5244,-171.1056,171.4239,-171.111,4.39595e-05,1.615264e-05,2.068825e-05,-0.1120542,-0.1117806,-0.1119886,-0.1117842,0
0.1441322,-0.01006268,-6.745028,-0.00865414,-0.006953945,0.00205148,0.9059709,175.6987,-175.2144,175.7759,-175.2003,6.603307e-05,3.696091e-05,3.045706e-05,-0.1147812,-0.1144649,-0.1148317,-0.1144556,0
0.2281026,0.06775019,-6.807583,-0.009212326,-0.006982304,0.002544543,0.9099439,179.5873,-179.8316,179.6375,-179.8399,6.181822e-05,3.372699e-05,3.683021e-05,-0.1173216,-0.1174812,-0.1173544,-0.1174866,0
0.2761183,0.1120952,-6.922076,-0.008691903,-0.00660776,0.002807702,0.9136682,184.0772,-183.5881,184.1699,-183.5756,6.065887e-05,3.246727e-05,4.061732e-05,-0.1202548,-0.1199353,-0.1203153,-0.1199271,0
0.4002328,0.2267898,-6.919601,-0.00784992,-0.005677202,0.003664889,0.9171611,187.5257,-187.5171,187.6988,-187.4926,6.411311e-05,3.561928e-05,4.06684e-05,-0.1225076,-0.122502,-0.1226207,-0.122486,0
0.1408736,-0.01281621,-7.407166,-0.00994393,-0.007840916,0.001731262,0.9204394,191.1225,-191.0614,191.1129,-191.069,5.800814e-05,2.923078e-05,4.79266e-05,-0.1248574,-0.1248174,-0.1248511,-0.1248224,0
-0.3220875,-0.4406539,-8.15527,-0.01298667,-0.01131275,-0.001797021,0.9235182,194.5679,-194.5246,194.2751,-194.5662,3.882692e-05,8.829644e-06,4.316394e-05,-0.1271082,-0.1270799,-0.1269169,-0.1271071,0
0.2794457,0.11502,-7.50245,-0.007943618,-0.006151846,0.002688853,0.9264122,197.1602,-197.7142,197.3092,-197.6734,4.104559e-05,9.563658e-06,2.510342e-05,-0.1288017,-0.1291636,-0.1288991,-0.129137,0
0.05326235,-0.09394278,-7.908699,-0.009784318,-0.007972321,0.001222394,0.9291348,200.1654,-199.6983,200.1573,-199.7003,4.666595e-05,1.26525e-05,3.963153e-05,-0.1307649,-0.1304598,-0.1307597,-0.1304611,0
-0.240427,-0.3652537,-8.396354,-0.01222609,-0.01042114,-0.001137285,0.9316981,202.5382,-202.7954,202.3127,-202.8356,2.874264e-05,-6.00288e-06,2.918442e-05,-0.1323151,-0.1324831,-0.1321677,-0.1325093,0
-0.3856288,-0.499595,-8.695917,-0.01241271,-0.01110009,-0.002098289,0.9341123,204.6918,-205.5025,204.4233,-205.5283,8.830956e-06,-2.989101e-05,7.624821e-06,-0.1337219,-0.1342516,-0.1335466,-0.1342684,0
0.1425206,-0.01176355,-8.092367,-0.007787837,-0.006394676,0.002058296,0.9363884,206.4446,-207.1722,206.575,-207.1314,1.197264e-05,-3.276433e-05,-1.241131e-05,-0.134867,-0.1353424,-0.1349522,-0.1353157,0
0.07887928,-0.07055166,-8.240099,-0.008413184,-0.006862652,0.001831024,0.9385358,208.6476,-207.902,208.7312,-207.8923,3.225078e-05,-1.760032e-05,1.954793e-06,-0.1363063,-0.1358192,-0.1363609,-0.1358128,0
0.2222208,0.06210242,-8.119171,-0.008385497,-0.006299014,0.002719545,0.9405616,209.8489,-210.4894,209.951,-210.4934,2.812867e-05,-2.296585e-05,-7.983224e-06,-0.137091,-0.1375095,-0.1371578,-0.137512,0
0.14393,-0.01029065,-8.304555,-0.008632379,-0.006858782,0.002261205,0.9424722,212.1393,-211.9276,212.2085,-211.922,3.199639e-05,-2.217444e-05,-2.727883e-06,-0.1385873,-0.138449,-0.1386325,-0.1384453,0
-0.1021435,-0.2376459,-8.695626,-0.01048411,-0.008862265,0.0003804744,0.9442757,213.9566,-213.5602,213.8611,-213.5814,3.532089e-05,-2.165007e-05,3.002971e-06,-0.1397745,-0.1395156,-0.1397121,-0.1395294,0
0.1504243,-0.004233783,-8.437614,-0.008828392,-0.007014635,0.002178057,0.9459794,215.3154,-215.6699,215.3718,-215.6634,3.668282e-05,-2.188915e-05,-2.107537e-06,-0.1406622,-0.1408938,-0.140699,-0.1408895,0
0.03162125,-0.1140026,-8.662575,-0.0096931,-0.007996744,0.001360817,0.9475904,217.0731,-217.0268,217.0495,-217.0304,3.321568e-05,-2.888128e-05,1.263408e-06,-0.1418105,-0.1417802,-0.1417951,-0.1417826,0
0.1198509,-0.03252098,-8.607409,-0.00887484,-0.007179368,0.001971617,0.9491159,218.5167,-218.3856,218.5652,-218.3748,3.684867e-05,-2.84336e-05,-1.399948e-06,-0.1427536,-0.1426679,-0.1427853,-0.1426608,0
-0.01430013,-0.156452,-8.837905,-0.009979456,-0.008292256,0.001012481,0.9505621,219.673,-219.8453,219.6249,-219.8538,3.46839e-05,-3.386123e-05,-9.123938e-07,-0.143509,-0.1436215,-0.1434775,-0.1436271,0
-0.3811166,-0.4954411,-9.370138,-0.01240858,-0.01103886,-0.001705566,0.9519348,220.7295,-221.3978,220.4502,-221.4353,1.11331e-05,-6.255826e-05,-1.550667e-05,-0.1441991,-0.1446357,-0.1440167,-0.1446603,0
0.07216647,-0.07685908,-8.824134,-0.00800288,-0.006769122,0.001823048,0.9532392,221.3867,-222.2869,221.4774,-222.2489,7.676314e-06,-7.372637e-05,-4.312423e-05,-0.1446285,-0.1452166,-0.1446878,-0.1451917,0
0.3109612,0.1437262,-8.53355,-0.00609022,-0.004635332,0.003933413,0.9544803,222.3086,-221.896,222.576,-221.8499,3.550182e-05,-5.349549e-05,-3.315384e-05,-0.1452307,-0.1449612,-0.1454054,-0.1449311,0
-0.1147223,-0.2493655,-9.106336,-0.01033426,-0.008580688,0.0006813568,0.9556606,223.1288,-222.7182,223.0392,-222.7569,4.057998e-05,-5.155809e-05,-1.912735e-05,-0.1457666,-0.1454984,-0.1457081,-0.1455236,0
0.2472514,0.08514607,-8.678352,-0.007871052,-0.005954752,0.003196679,0.9567823,223.8367,-224.3555,223.9663,-224.3442,3.990023e-05,-5.363384e-05,-2.954677e-05,-0.146229,-0.1465679,-0.1463137,-0.1465606,0
-0.03857213,-0.1789959,-9.095792,-0.009694539,-0.008167074,0.001218605,0.9578489,224.9355,-224.9655,224.8907,-224.9729,3.482202e-05,-6.445989e-05,-2.623683e-05,-0.1469469,-0.1469664,-0.1469176,-0.1469713,0
0.2331585,0.07200645,-8.770376,-0.00740914,-0.005809202,0.0031967,0.9588649,225.8498,-225.4124,226.0109,-225.3841,5.267793e-05,-5.075627e-05,-2.372597e-05,-0.1475441,-0.1472584,-0.1476494,-0.1472399,0
0.4104448,0.2359974,-8.567451,-0.006964312,-0.004892323,0.004487385,0.9598336,226.4134,-226.3099,226.6369,-226.2893,6.720852e-05,-3.802517e-05,-1.048653e-05,-0.1479124,-0.1478447,-0.1480583,-0.1478313,0
-0.106944,-0.2419511,-9.280879,-0.01121367,-0.009330342,0.0005083702,0.9607582,227.5518,-227.3887,227.3985,-227.4261,5.239801e-05,-5.491425e-05,-2.779913e-06,-0.1486561,-0.1485495,-0.1485559,-0.148574,0
0.2737237,0.1096309,-8.82677,-0.00772877,-0.00597229,0.003230086,0.9616418,228.7105,-227.9978,228.8641,-227.965,7.18872e-05,-3.641353e-05,1.946345e-06,-0.149413,-0.1489474,-0.1495134,-0.148926,0
0.02775761,-0.1174382,-9.179565,-0.01044991,-0.008447609,0.001356382,0.962489,229.059,-229.2731,228.9885,-229.2945,6.576529e-05,-4.342788e-05,1.217894e-05,-0.1496407,-0.1497806,-0.1495946,-0.1497945,0
0.08589049,-0.06378201,-9.142789,-0.009750784,-0.007866277,0.001657322,0.9633031,230.2921,-229.9627,230.2804,-229.9596,6.192985e-05,-4.777006e-05,1.364448e-05,-0.1504462,-0.1502311,-0.1504386,-0.1502291,0
-0.05269352,-0.1918703,-9.356458,-0.01060092,-0.00885893,0.0006102489,0.9640877,230.5853,-230.9613,230.4926,-230.9682,4.908826e-05,-6.331178e-05,5.148791e-06,-0.1506378,-0.1508834,-0.1505773,-0.150888,0
0.5845142,0.3968062,-8.546463,-0.005580177,-0.003538153,0.005418543,0.9648466,231.0425,-231.1705,231.4008,-231.1042,6.363849e-05,-5.058639e-05,1.709946e-06,-0.1509365,-0.1510201,-0.1511705,-0.1509768,0
0.1382323,-0.01540921,-9.141587,-0.009530966,-0.007400834,0.002160239,0.965582,232.0554,-230.9129,232.0813,-230.9242,7.568254e-05,-3.888993e-05,3.17335e-05,-0.1515982,-0.1508518,-0.1516151,-0.1508592,0
-0.2016094,-0.3292863,-9.609968,-0.01259229,-0.01046286,-0.0007216152,0.9662955,232.1364,-232.8027,231.8917,-232.8529,4.606428e-05,-6.664398e-05,1.748416e-05,-0.1516511,-0.1520864,-0.1514912,-0.1521191,0
-0.04320845,-0.1832144,-9.441231,-0.01008422,-0.008522635,0.0006103411,0.9669892,233.0851,-232.9201,233.0383,-232.8998,6.190805e-05,-8.086319e-05,1.41487e-05,-0.1522709,-0.1521631,-0.1522403,-0.1521498,0
0.2229372,0.0627632,-9.102381,-0.008512028,-0.006512363,0.002612239,0.9676667,232.7638,-233.4498,232.8676,-233.4243,5.658175e-05,-8.892088e-05,4.191028e-06,-0.152061,-0.1525091,-0.1521287,-0.1524925,0
0.2597099,0.0966965,-9.062957,-0.008108492,-0.006052203,0.002999755,0.9683295,233.5311,-232.9885,233.6733,-232.9583,7.468837e-05,-9.230243e-05,1.250061e-05,-0.1525622,-0.1522078,-0.1526552,-0.152188,0
-0.02167683,-0.1632073,-9.436073,-0.01064224,-0.008470034,0.0008165126,0.9689785,233.5039,-233.6367,233.429,-233.6539,6.554845e-05,-0.0001006302,1.10856e-05,-0.1525445,-0.1526312,-0.1524955,-0.1526425,0
0.1823755,0.02527209,-9.185912,-0.008880035,-0.006707937,0.002336501,0.9696144,234.0844,-233.7813,234.167,-233.7644,7.425596e-05,-8.934935e-05,1.612432e-05,-0.1529237,-0.1527257,-0.1529776,-0.1527146,0
-0.2386271,-0.3636219,-9.74884,-0.01243362,-0.01032128,-0.0008414949,0.9702385,234.467,-234.2081,234.2398,-234.249,6.388426e-05,-9.72085e-05,2.54696e-05,-0.1531736,-0.1530045,-0.1530252,-0.1530313,0
-0.1577082,-0.2889253,-9.662707,-0.01151473,-0.009520931,-0.0003655532,0.9708523,234.6014,-235.0536,234.4463,-235.0671,4.690446e-05,-0.0001120037,9.437455e-06,-0.1532615,-0.1535569,-0.1531601,-0.1535657,0
0.2261475,0.06562637,-9.174217,-0.008175714,-0.006151765,0.002658545,0.9714575,234.6367,-234.97,234.7724,-234.9322,4.899455e-05,-0.0001100158,1.339162e-06,-0.1532845,-0.1535023,-0.1533732,-0.1534775,0
-0.2379163,-0.3631406,-9.775312,-0.01172497,-0.009808598,-0.0006761522,0.9720556,234.2706,-235.1847,234.0828,-235.2115,1.957061e-05,-0.0001421777,-1.404851e-05,-0.1530454,-0.1536425,-0.1529227,-0.15366,0
0.05738687,-0.09058442,-9.384962,-0.00828257,-0.006641624,0.001692991,0.9726465,234.3066,-234.5577,234.4025,-234.5225,2.273791e-05,-0.0001423052,-3.311183e-05,-0.1530689,-0.1532329,-0.1531315,-0.1532099,0
0.08019496,-0.06947163,-9.334829,-0.008369405,-0.006486771,0.002102131,0.9732296,234.2567,-233.5354,234.36,-233.5247,5.057166e-05,-0.0001153399,-1.390031e-05,-0.1530362,-0.152565,-0.1531038,-0.152558,0
-0.1572684,-0.288581,-9.635305,-0.01146743,-0.009174173,0.0001238454,0.9738036,234.6474,-233.6832,234.5045,-233.7335,6.144623e-05,-9.90369e-05,1.151143e-05,-0.1532915,-0.1526616,-0.1531981,-0.1526945,0
0.1547387,-0.0001114004,-9.252321,-0.009878455,-0.007335105,0.002123114,0.9743671,235.0463,-234.7634,235.058,-234.7761,6.249928e-05,-9.035696e-05,1.798749e-05,-0.1535521,-0.1533673,-0.1535597,-0.1533756,0
0.09602384,-0.05429948,-9.359391,-0.01049074,-0.008093488,0.001604998,0.9749215,235.6856,-235.3365,235.6451,-235.3457,5.67661e-05,-9.137471e-05,2.890365e-05,-0.1539698,-0.1537416,-0.1539433,-0.1537477,0
-0.2430631,-0.3676438,-9.82363,-0.01279926,-0.01071754,-0.0010433,0.9754699,235.8677,-236.214,235.6125,-236.2464,3.006465e-05,-0.0001160075,1.987795e-05,-0.1540887,-0.1543149,-0.153922,-0.1543361,0
0.006659258,-0.1371392,-9.512316,-0.00996101,-0.008106918,0.0009010233,0.9760148,236.112,-236.1414,236.0966,-236.1196,2.980326e-05,-0.0001156084,1.176771e-05,-0.1542483,-0.1542675,-0.1542383,-0.1542532,0
-0.0728983,-0.2106123,-9.612055,-0.01079284,-0.008752801,0.0004052614,0.9765576,235.9919,-235.9695,235.912,-235.9762,2.888597e-05,-0.0001188289,1.577259e-05,-0.1541698,-0.1541552,-0.1541177,-0.1541596,0
0.3193058,0.1518219,-9.098601,-0.008171844,-0.005739097,0.003249927,0.9770985,236.39,-235.6444,236.56,-235.6191,4.527676e-05,-9.749594e-05,2.684051e-05,-0.1544299,-0.1539428,-0.154541,-0.1539263,0
-0.09315011,-0.2290595,-9.643587,-0.0121562,-0.009609297,6.025077e-05,0.9776374,236.3253,-236.3978,236.1539,-236.4406,2.71034e-05,-0.0001103689,3.317678e-05,-0.1543876,-0.154435,-0.1542757,-0.1544629,0
0.5597954,0.3741618,-8.808935,-0.006946467,-0.004279904,0.004797049,0.9781745,236.5198,-236.8408,236.8076,-236.7892,2.48433e-05,-0.0001072684,2.097583e-05,-0.1545147,-0.1547244,-0.1547027,-0.1546907,0
0.02674322,-0.1183575,-9.51093,-0.01089664,-0.008529332,0.0009944024,0.9787114,236.9511,-236.4112,236.8875,-236.4249,1.837872e-05,-0.0001114672,3.711168e-05,-0.1547965,-0.1544438,-0.1547549,-0.1544527,0
0.09137228,-0.05864525,-9.427895,-0.01044217,-0.007985548,0.001265142,0.9792492,236.8242,-237.0329,236.8033,-237.0368,6.703425e-06,-0.0001181743,2.719523e-05,-0.1547136,-0.1548499,-0.1546999,-0.1548524,0
-0.1471162,-0.2790753,-9.749227,-0.01185445,-0.00971085,-0.0003902149,0.9797879,236.7826,-237.2572,236.6236,-237.2754,-1.347176e-05,-0.0001362305,2.022684e-05,-0.1546864,-0.1549964,-0.1545825,-0.1550083,0
0.1445738,-0.00970036,-9.366014,-0.009130197,-0.007006257,0.001839733,0.9803284,236.7673,-236.8838,236.8429,-236.859,-1.616002e-05,-0.0001373547,9.927585e-06,-0.1546764,-0.1547525,-0.1547258,-0.1547363,0
0.1661409,0.01025944,-9.326801,-0.009166502,-0.00687699,0.002118524,0.9808707,236.5274,-236.4906,236.6064,-236.4804,-1.488193e-05,-0.0001342225,1.236533e-05,-0.1545196,-0.1544956,-0.1545713,-0.154489,0
0.06712563,-0.08116212,-9.447656,-0.01020406,-0.007829484,0.001352703,0.9814141,236.4904,-236.4485,236.4824,-236.4599,-2.323757e-05,-0.00013369,1.396316e-05,-0.1544955,-0.1544681,-0.1544903,-0.1544756,0
-0.1979571,-0.3261138,-9.795059,-0.0120198,-0.009917513,-0.0006315304,0.9819574,236.9867,-236.1474,236.816,-236.1793,-2.02379e-05,-0.0001264289,2.760991e-05,-0.1548197,-0.1542714,-0.1547082,-0.1542923,0
0.03577465,-0.1100278,-9.494625,-0.0108278,-0.008436612,0.0009237766,0.9825007,236.2048,-237.3588,236.144,-237.3723,-4.394751e-05,-0.0001457768,7.863124e-06,-0.1543089,-0.1550628,-0.1542692,-0.1550716,0
0.172145,0.01579114,-9.324988,-0.008970129,-0.006923128,0.002162148,0.9830443,237.1962,-236.1276,237.2905,-236.1016,-2.979515e-05,-0.000129822,2.348221e-05,-0.1549566,-0.1542585,-0.1550182,-0.1542415,0
0.2059688,0.04727104,-9.270453,-0.009787076,-0.007211408,0.00221882,0.9835889,236.5725,-236.6951,236.6179,-236.7022,-3.498976e-05,-0.0001304251,2.438561e-05,-0.1545491,-0.1546292,-0.1545788,-0.1546339,0
0.02275631,-0.122007,-9.519552,-0.01111209,-0.008735982,0.0008439237,0.9841342,236.8296,-237.0294,236.7511,-237.0453,-5.271303e-05,-0.0001444779,2.329796e-05,-0.1547171,-0.1548476,-0.1546658,-0.154858,0
-0.05565584,-0.1945867,-9.628284,-0.01109883,-0.009042846,0.0002673102,0.9846802,236.949,-236.97,236.8585,-236.9747,-6.441862e-05,-0.0001558231,1.629773e-05,-0.1547951,-0.1548089,-0.154736,-0.1548119,0
0.2514898,0.08916178,-9.222921,-0.008676907,-0.006455224,0.002614947,0.9852281,236.5849,-236.8844,236.7111,-236.8575,-6.531125e-05,-0.0001550426,9.172863e-06,-0.1545572,-0.1547529,-0.1546397,-0.1547353,0
-0.02711034,-0.1682208,-9.578146,-0.01091751,-0.008732074,0.0006368789,0.9857776,236.3526,-236.7693,236.2773,-236.7838,-8.441832e-05,-0.0001737568,4.625188e-06,-0.1544055,-0.1546777,-0.1543563,-0.1546872,0
0.03424445,-0.1116816,-9.490887,-0.009810124,-0.007837474,0.001141503,0.9863278,236.3669,-236.3231,236.3776,-236.3137,-8.820336e-05,-0.0001772666,-4.016229e-06,-0.1544148,-0.1543862,-0.1544218,-0.1543801,0
-0.2949189,-0.4158324,-9.907869,-0.01219784,-0.01038846,-0.001186499,0.986878,235.5339,-236.5509,235.3215,-236.5824,-0.0001134809,-0.0002043407,-2.110368e-05,-0.1538706,-0.154535,-0.1537319,-0.1545556,0
-0.03956606,-0.1801172,-9.560898,-0.009344859,-0.007755373,0.000910651,0.9874272,235.4266,-235.6945,235.4485,-235.6753,-0.0001143386,-0.0002080848,-3.508891e-05,-0.1538005,-0.1539756,-0.1538149,-0.153963,0
-0.004483768,-0.1476801,-9.489305,-0.009237974,-0.007480484,0.001350456,0.9879737,234.8714,-234.91,234.9067,-234.9064,-0.0001084766,-0.000204919,-3.523751e-05,-0.1534378,-0.1534631,-0.1534609,-0.1534607,0
0.1145433,-0.03760502,-9.313087,-0.00881116,-0.006786324,0.002245574,0.9885157,234.5899,-234.5525,234.6719,-234.5514,-0.000102703,-0.0001998292,-3.283514e-05,-0.1532539,-0.1532295,-0.1533075,-0.1532288,0
-0.1551811,-0.2867543,-9.657945,-0.01105496,-0.009163344,0.0002357527,0.9890506,234.2859,-234.7253,234.1622,-234.7506,-0.0001083847,-0.0002280328,-3.837169e-05,-0.1530553,-0.1533424,-0.1529745,-0.1533589,0
0.2922993,0.1265798,-9.06975,-0.007186037,-0.005312798,0.003622845,0.9895775,234.3621,-234.1646,234.5765,-234.1223,-9.453466e-05,-0.0002155394,-4.021434e-05,-0.1531051,-0.1529761,-0.1532452,-0.1529485,0
-0.2416562,-0.3666473,-9.754653,-0.01173057,-0.009879745,-0.0002857762,0.9900959,234.3307,-233.8524,234.1518,-233.8918,-9.499906e-05,-0.0002169641,-2.219558e-05,-0.1530846,-0.1527721,-0.1529677,-0.1527979,0
-0.04008929,-0.1803715,-9.492295,-0.01038308,-0.008399219,0.0009971929,0.9906047,234.3071,-234.3311,234.2517,-234.3411,-9.796345e-05,-0.0002178971,-2.60979e-05,-0.1530692,-0.1530849,-0.153033,-0.1530914,0
0.008895982,-0.1351019,-9.436891,-0.01002366,-0.008084795,0.001415716,0.9911037,234.4282,-234.292,234.4054,-234.2923,-9.789964e-05,-0.0002174724,-1.952124e-05,-0.1531483,-0.1530593,-0.1531334,-0.1530595,0
0.2648741,0.1014706,-9.102908,-0.008406348,-0.006198981,0.003236558,0.9915935,234.282,-234.4683,234.4105,-234.4476,-0.0001013683,-0.0002202943,-2.239726e-05,-0.1530528,-0.1531745,-0.1531367,-0.153161,0
0.3103742,0.1435136,-9.045044,-0.008090288,-0.005844734,0.003615384,0.9920746,234.0072,-234.6411,234.1606,-234.6162,-0.0001152739,-0.0002355549,-3.168681e-05,-0.1528732,-0.1532874,-0.1529735,-0.1532711,0
-0.01219191,-0.1546821,-9.460773,-0.009805445,-0.007969003,0.001352487,0.9925467,234.7018,-233.5771,234.6965,-233.5742,-0.0001026224,-0.0002241436,-1.362542e-05,-0.153327,-0.1525923,-0.1533235,-0.1525904,0
-0.1879182,-0.3168902,-9.682609,-0.01184686,-0.00974687,-0.0001552522,0.9930099,233.9391,-234.5782,233.7642,-234.6152,-0.0001186619,-0.0002383345,-2.032544e-05,-0.1528288,-0.1532463,-0.1527145,-0.1532704,0
0.0328808,-0.1129971,-9.405311,-0.009647938,-0.007738086,0.001562592,0.9934632,234.5565,-234.167,234.5686,-234.1555,-0.0001144167,-0.0002329461,-1.457905e-05,-0.1532321,-0.1529776,-0.1532401,-0.1529701,0
0.1108074,-0.04089796,-9.301448,-0.009530563,-0.007366215,0.002076059,0.9939072,234.6064,-234.0012,234.6443,-233.9991,-0.0001063222,-0.0002227238,-2.257357e-06,-0.1532647,-0.1528693,-0.1532895,-0.1528679,0
-0.06489545,-0.203115,-9.535621,-0.01138473,-0.009117268,0.0006317266,0.9943421,234.7617,-234.4744,234.6463,-234.5015,-0.0001119106,-0.0002243877,7.771328e-06,-0.1533662,-0.1531785,-0.1532908,-0.1531962,0
0.199813,0.0414901,-9.205521,-0.009498202,-0.007129399,0.002465328,0.9947684,234.7531,-235.167,234.8058,-235.1564,-0.0001235325,-0.0002331439,8.333659e-07,-0.1533605,-0.1536309,-0.153395,-0.153624,0
0.4220049,0.2467389,-8.925217,-0.007635505,-0.005248883,0.004189223,0.9951869,235.3738,-234.5757,235.5966,-234.5341,-0.0001049556,-0.0002238699,1.636056e-05,-0.153766,-0.1532447,-0.1539116,-0.1532175,0
-0.0286959,-0.1695224,-9.514519,-0.01176797,-0.009245335,0.0006673392,0.9955993,235.417,-235.0912,235.2889,-235.1236,-0.0001173903,-0.000231675,2.795899e-05,-0.1537943,-0.1535814,-0.1537106,-0.1536026,0
0.1832437,0.02626167,-9.25571,-0.009995455,-0.007490314,0.002084226,0.9960057,235.4532,-235.959,235.4776,-235.9497,-0.000134471,-0.0002436336,1.618009e-05,-0.1538179,-0.1541484,-0.1538339,-0.1541423,0
0.1773518,0.02071159,-9.274803,-0.009566385,-0.007262427,0.002173966,0.9964073,235.9157,-235.504,235.9732,-235.4836,-0.0001313722,-0.0002456797,2.42839e-05,-0.1541201,-0.1538511,-0.1541576,-0.1538377,0
0.3857421,0.213345,-8.999881,-0.008483171,-0.005779797,0.003608707,0.9968055,236.0706,-235.4118,236.2448,-235.3883,-0.0001216302,-0.0002297343,3.679992e-05,-0.1542213,-0.1537909,-0.154335,-0.1537755,0
0.05578274,-0.09134732,-9.440009,-0.01170851,-0.008888374,0.001007327,0.9972005,236.3154,-236.0376,236.2173,-236.0671,-0.0001351565,-0.0002352208,4.992812e-05,-0.1543812,-0.1541997,-0.1543171,-0.1542189,0
0.3559337,0.1859669,-9.069511,-0.009378274,-0.006522235,0.003049575,0.9975929,236.318,-237,236.4215,-236.9797,-0.000158603,-0.0002514787,3.387031e-05,-0.1543829,-0.1548284,-0.1544505,-0.1548152,0
-0.1377683,-0.2703923,-9.726451,-0.01214449,-0.009937275,-0.0004224121,0.9979844,236.7613,-236.6081,236.5976,-236.6199,-0.0001786707,-0.0002694901,3.398355e-05,-0.1546725,-0.1545724,-0.1545655,-0.1545801,0
-0.06677021,-0.2049219,-9.626594,-0.0111259,-0.00894624,8.75344e-05,0.9983766,236.2556,-236.8107,236.1745,-236.8091,-0.0001939521,-0.0002819083,1.528176e-05,-0.1543421,-0.1547047,-0.1542891,-0.1547037,0
-0.004322385,-0.1472994,-9.537296,-0.01036945,-0.008195722,0.0007657779,0.9987692,235.8268,-236.5636,235.8044,-236.5567,-0.0002089719,-0.000295508,2.644327e-06,-0.154062,-0.1545433,-0.1540473,-0.1545388,0
0.2845217,0.119515,-9.143744,-0.007986343,-0.005668768,0.003049273,0.9991615,235.9241,-235.5084,236.1143,-235.475,-0.0001995611,-0.0002837164,4.441375e-06,-0.1541255,-0.153854,-0.1542498,-0.1538321,0
0.02672813,-0.1185193,-9.463644,-0.0106165,-0.00811171,0.001121859,0.999552,235.3172,-235.7139,235.2814,-235.7355,-0.000214159,-0.0002951699,1.186685e-06,-0.1537291,-0.1539883,-0.1537056,-0.1540023,0
0.2493205,0.08707568,-9.171023,-0.008606585,-0.006199017,0.002804439,0.999939,235.7816,-235.1753,235.9211,-235.1545,-0.0001973512,-0.0002839189,9.184035e-06,-0.1540325,-0.1536364,-0.1541236,-0.1536227,0
0.1539496,-0.0008445126,-9.29307,-0.01017761,-0.007510634,0.002001942,1.000322,235.3673,-235.7077,235.3794,-235.7207,-0.000210397,-0.0002918501,1.077031e-05,-0.1537618,-0.1539842,-0.1537697,-0.1539927,0
-0.4270166,-0.5377523,-10.0606,-0.01389532,-0.01188352,-0.002316948,1.000701,235.9253,-235.7068,235.5861,-235.7562,-0.0002340256,-0.0003132492,9.816289e-06,-0.1541263,-0.1539836,-0.1539048,-0.1540159,0
0.06272222,-0.08540341,-9.423617,-0.009604967,-0.007582769,0.00131032,1.001076,235.63,-235.7668,235.6656,-235.7422,-0.000226089,-0.0003095113,-1.909993e-06,-0.1539334,-0.1540228,-0.1539567,-0.1540067,0
0.246633,0.08466163,-9.176189,-0.008903758,-0.006442129,0.002811023,1.001448,235.4696,-235.4384,235.5853,-235.4229,-0.000221965,-0.0003017243,9.351347e-06,-0.1538286,-0.1538082,-0.1539042,-0.1537981,0
0.09883897,-0.05178491,-9.366714,-0.01048702,-0.007906379,0.001580114,1.001816,236.1316,-235.0782,236.1196,-235.0909,-0.0002195954,-0.0002930597,2.749155e-05,-0.1542611,-0.1535729,-0.1542532,-0.1535812,0
0.3209023,0.1535307,-9.087399,-0.009415857,-0.006550956,0.00299609,1.00218,235.9145,-236.037,236.0103,-236.0314,-0.0002258216,-0.0002909973,2.666488e-05,-0.1541193,-0.1541993,-0.1541818,-0.1541956,0
0.1400795,-0.01352438,-9.340895,-0.01077564,-0.008100187,0.001658874,1.002541,236.5172,-236.1557,236.4919,-236.162,-0.0002349244,-0.0002933588,3.97655e-05,-0.154513,-0.1542768,-0.1544965,-0.154281,0
0.2641407,0.1011171,-9.191053,-0.009909408,-0.007157576,0.002404191,1.0029,236.8668,-236.4306,236.9248,-236.4202,-0.0002396051,-0.0002903093,4.432392e-05,-0.1547414,-0.1544565,-0.1547793,-0.1544496,0
0.2201424,0.06052267,-9.261576,-0.01048618,-0.007667278,0.002008416,1.003259,236.951,-236.9402,236.964,-236.9391,-0.0002520516,-0.000295191,4.801935e-05,-0.1547964,-0.1547893,-0.1548049,-0.1547886,0
0.1231275,-0.02914525,-9.400413,-0.01106503,-0.008360983,0.001228396,1.003618,237.291,-237.1683,237.2504,-237.1705,-0.0002672361,-0.0003032353,4.918892e-05,-0.1550185,-0.1549383,-0.154992,-0.1549398,0
0.02347553,-0.1212793,-9.539102,-0.01154691,-0.008981196,0.0004589005,1.00398,237.3954,-237.373,237.3076,-237.3791,-0.0002823527,-0.0003118123,4.642135e-05,-0.1550867,-0.1550721,-0.1550294,-0.1550761,0
-0.1656845,-0.2961236,-9.789911,-0.01266407,-0.01027927,-0.0009242323,1.004345,237.3856,-237.519,237.1918,-237.5415,-0.0003040639,-0.0003208952,4.137685e-05,-0.1550803,-0.1551674,-0.1549537,-0.1551822,0
-0.2167104,-0.3433695,-9.856729,-0.01261529,-0.01039365,-0.001257598,1.004713,237.316,-237.4844,237.1169,-237.5041,-0.0003213317,-0.0003303628,3.258192e-05,-0.1550349,-0.1551448,-0.1549048,-0.1551577,0
0.3791766,0.2071887,-9.072987,-0.008148835,-0.005570188,0.003239474,1.005085,236.8605,-237.3499,237.0606,-237.3101,-0.0003239596,-0.0003277358,2.005773e-05,-0.1547373,-0.155057,-0.154868,-0.155031,0
0.3596624,0.1892334,-9.08691,-0.008644027,-0.005895576,0.003237097,1.00546,237.1276,-236.4643,237.2938,-236.4473,-0.0003180224,-0.0003163033,3.590963e-05,-0.1549118,-0.1544784,-0.1550204,-0.1544674,0
-0.2081107,-0.3352465,-9.821991,-0.01336259,-0.01073912,-0.001161637,1.005838,237.0264,-236.9844,236.7748,-237.0402,-0.0003417851,-0.0003330554,3.621288e-05,-0.1548457,-0.1548182,-0.1546813,-0.1548547,0
-0.1840292,-0.3131512,-9.802061,-0.01241946,-0.01020771,-0.001001614,1.006217,236.5486,-237.86,236.3529,-237.8781,-0.0003771419,-0.0003644574,5.513781e-06,-0.1545335,-0.1553902,-0.1544057,-0.1554021,0
0.1955278,0.03727488,-9.301726,-0.008417727,-0.006455021,0.002166306,1.006598,236.6926,-236.5529,236.834,-236.5072,-0.0003698365,-0.0003568581,1.02678e-06,-0.1546276,-0.1545363,-0.15472,-0.1545065,0
0.07987495,-0.06943846,-9.423922,-0.0100072,-0.007649522,0.001365752,1.006981,236.3469,-235.846,236.3661,-235.8535,-0.0003632772,-0.0003471448,1.258948e-05,-0.1544018,-0.1540745,-0.1544143,-0.1540794,0
0.4394336,0.2629658,-8.946076,-0.008152468,-0.005293688,0.003881786,1.007365,236.2034,-236.0979,236.4053,-236.0837,-0.0003584666,-0.0003346008,1.727997e-05,-0.154308,-0.1542391,-0.1544399,-0.1542298,0
-0.2112573,-0.3381542,-9.804388,-0.01328253,-0.01081065,-0.0009900775,1.007747,236.8068,-236.139,236.5506,-236.1943,-0.0003728507,-0.0003427117,3.554412e-05,-0.1547022,-0.154266,-0.1545348,-0.154302,0
-0.2160351,-0.3426345,-9.823955,-0.0129557,-0.0107351,-0.001256887,1.008127,236.588,-237.1734,236.3463,-237.2036,-0.0003997674,-0.0003641843,1.58572e-05,-0.1545593,-0.1549417,-0.1544013,-0.1549614,0
4.113356,5.961531,-4.403012,-0.009700082,-0.007653842,0.001406076,1.008508,236.7528,-236.683,236.7881,-236.6574,-0.0004035658,-0.000357242,1.493631e-05,-0.1546669,-0.1546213,-0.15469,-0.1546046,1
3.868233,5.735142,-4.718245,-0.01198529,-0.009774999,-0.0003999819,1.00889,237.3575,-237.8483,237.1964,-237.8367,-0.0004259409,-0.000377807,8.129448e-06,-0.1550619,-0.1553826,-0.1549567,-0.155375,1
4.042041,5.895576,-4.62817,-0.0100914,-0.007859998,0.0009616798,1.009274,244.2155,-243.9148,244.2346,-243.66,-0.0004225493,-0.0003708689,5.898799e-06,-0.1595422,-0.1593457,-0.1595547,-0.1591793,1
3.980083,5.83849,-5.060995,-0.01201271,-0.007934357,0.000528891,1.009668,253.1319,-253.8159,253.0652,-253.395,-0.0004399398,-0.0003726523,2.762943e-06,-0.1653671,-0.165814,-0.1653235,-0.165539,1
4.205469,6.046802,-5.161867,-0.01220038,-0.004572474,0.002228673,1.010104,262.6189,-263.2243,262.6706,-262.7042,-0.0004750416,-0.0003618308,-6.136715e-06,-0.1715648,-0.1719604,-0.1715986,-0.1716205,1
4.292829,6.127542,-5.423344,-0.01362134,-0.001766888,0.002980466,1.010619,272.0429,-271.1485,272.1373,-270.6187,-0.0005027082,-0.0003018479,1.178834e-05,-0.1777214,-0.1771371,-0.1777831,-0.176791,1
3.863149,5.730825,-6.332584,-0.01999244,-0.003679721,-0.0004143629,1.011253,280.0022,-280.1318,279.7093,-279.7029,-0.0005840286,-0.0002497861,2.127778e-05,-0.1829211,-0.1830057,-0.1827298,-0.1827255,1
4.433086,6.257392,-5.932664,-0.01744822,0.002927435,0.00367385,1.01204,287.9641,-288.0289,288.0455,-287.5497,-0.0006691566,-0.0001601918,2.135901e-05,-0.1881224,-0.1881648,-0.1881756,-0.1878517,1
3.923555,5.786641,-6.906613,-0.02301509,0.000669171,-0.0001037451,1.013015,295.1426,-294.8591,294.827,-294.7061,-0.001546995,0.0003600746,3.230381e-05,-0.192812,-0.1926269,-0.1926059,-0.1925269,1
4.191478,6.033969,-6.834293,-0.02120407,0.004496132,0.001731136,1.014211,301.3095,-301.496,301.2247,-301.283,-0.001668999,0.0004730802,2.032846e-05,-0.1968408,-0.1969626,-0.1967854,-0.1968235,1
3.778028,5.651762,-7.620542,-0.02403354,0.002315633,-0.001192519,1.015656,306.6343,-307.2086,306.3231,-306.9966,-0.001805184,0.0005777843,1.556992e-05,-0.2003195,-0.2006946,-0.2001161,-0.2005561,1
4.230592,6.069656,-7.241049,-0.02046072,0.007343829,0.002199029,1.017376,311.4109,-311.8523,311.4603,-311.5714,-0.001925866,0.0007110908,-1.078528e-06,-0.2034399,-0.2037283,-0.2034722,-0.2035447,1
4.10076,5.949654,-7.588909,-0.02204074,0.007286721,0.001435053,1.019392,315.766,-315.3433,315.737,-315.1038,-0.002040303,0.0008652769,1.049143e-05,-0.206285,-0.2060088,-0.2062661,-0.2058524,1
4.276118,6.111821,-7.516084,-0.02200831,0.009132616,0.002585893,1.021724,319.2121,-319.4482,319.2555,-319.2271,-0.002170507,0.001021543,8.782925e-06,-0.2085363,-0.2086905,-0.2085646,-0.2085461,1
4.000081,5.856765,-8.028453,-0.02453153,0.007562975,0.0005581262,1.024387,322.8554,-322.6525,322.7191,-322.4714,-0.002311636,0.00117823,1.61931e-05,-0.2109164,-0.2107839,-0.2108274,-0.2106656,1
4.126817,5.973815,-7.991904,-0.02389129,0.009210458,0.001396002,1.027398,325.1916,-326.0667,325.1483,-325.879,-0.002468757,0.00132835,-3.181438e-06,-0.2124426,-0.2130143,-0.2124144,-0.2128917,1
3.931848,5.793441,-8.351692,-0.02485278,0.008651324,0.0001816894,1.030769,327.9706,-327.4675,327.8672,-327.2978,-0.002605923,0.001504947,4.298722e-06,-0.2142581,-0.2139294,-0.2141905,-0.2138186,1
3.910748,5.774038,-8.452608,-0.02573927,0.008712444,-6.942191e-05,1.034511,328.749,-330.1288,328.6024,-329.9934,-0.002777028,0.001655351,-2.069585e-05,-0.2147666,-0.215668,-0.2146708,-0.2155796,1
3.672354,5.55344,-8.828619,-0.02647917,0.007853778,-0.001532471,1.038633,330.3337,-330.7707,330.1188,-330.6406,-0.002939918,0.001815336,-3.570922e-05,-0.2158019,-0.2160874,-0.2156615,-0.2160024,1
3.95886,5.817999,-8.480038,-0.02403267,0.01078898,0.0007723818,1.043142,330.6143,-331.0782,330.6364,-330.9307,-0.003083331,0.001999362,-5.247826e-05,-0.2159851,-0.2162882,-0.2159996,-0.2161919,1
3.979965,5.837604,-8.459634,-0.02443279,0.01093555,0.001142582,1.048042,330.893,-330.913,330.9121,-330.7993,-0.00322327,0.002191868,-4.671971e-05,-0.2161673,-0.2161803,-0.2161797,-0.216106,1
4.592856,6.404127,-7.662452,-0.02086864,0.01533816,0.005615554,1.053332,331.3724,-330.5614,331.7554,-330.4149,-0.003343312,0.002411661,-2.91696e-05,-0.2164804,-0.2159506,-0.2167306,-0.2158549,1
3.951481,5.811962,-8.507585,-0.02714584,0.009206939,0.0006706056,1.059014,331.578,-331.0995,331.4402,-331.0613,-0.003505494,0.002591282,-6.331513e-06,-0.2166148,-0.2163022,-0.2165247,-0.2162772,1
4.180266,6.023342,-8.226055,-0.02527623,0.01087413,0.002084567,1.065089,331.6814,-331.7,331.7183,-331.611,-0.003666589,0.002772505,-1.154009e-05,-0.2166823,-0.2166944,-0.2167064,-0.2166363,1
4.049368,5.902408,-8.39764,-0.02613806,0.009686527,0.001176951,1.071557,331.2478,-331.3847,331.2171,-331.3074,-0.00383095,0.002945984,-7.559316e-06,-0.216399,-0.2164885,-0.216379,-0.216438,1
4.071066,5.922442,-8.344743,-0.02583894,0.009808793,0.001285059,1.07842,330.6161,-330.546,330.6235,-330.4683,-0.003993419,0.003119979,-8.996068e-06,-0.2159864,-0.2159406,-0.2159912,-0.2158898,1
4.135858,5.982342,-8.229665,-0.02537577,0.01013258,0.001777618,1.085675,331.6071,-332.1538,331.6652,-332.0775,-0.004161909,0.003285344,-1.880516e-05,-0.2166338,-0.2169909,-0.2166717,-0.2169411,1
3.818422,5.688974,-8.77993,-0.02728936,0.007630184,-0.0004527558,1.093321,335.1641,-335.162,335.0497,-335.1176,-0.004329477,0.003447723,-1.982222e-05,-0.2189575,-0.2189561,-0.2188828,-0.2189271,1
4.033966,5.888119,-8.631756,-0.02551245,0.009194497,0.001152584,1.101366,338.2672,-338.4918,338.3172,-338.4283,-0.004486757,0.003618775,-2.802626e-05,-0.2209847,-0.2211314,-0.2210173,-0.2210899,1
4.190583,6.032965,-8.558322,-0.02466013,0.009914552,0.002410943,1.109823,341.6882,-341.1638,341.8318,-341.1019,-0.004629852,0.003802166,-1.325173e-05,-0.2232196,-0.222877,-0.2233134,-0.2228366,1
4.235818,6.075092,-8.62608,-0.02529459,0.009268656,0.002566082,1.118707,344.6126,-344.6002,344.7218,-344.5609,-0.004792585,0.003964313,-7.83389e-06,-0.22513,-0.2251219,-0.2252014,-0.2250962,1
3.932579,5.794964,-9.154648,-0.02737197,0.006397721,0.0002545565,1.128029,347.6206,-347.8228,347.5363,-347.8028,-0.004970796,0.00410442,-1.170891e-05,-0.2270951,-0.2272272,-0.2270401,-0.2272141,1
4.178782,6.022333,-8.949918,-0.02485603,0.008288332,0.002117224,1.137802,349.7859,-350.7048,349.9108,-350.6385,-0.005143649,0.004242646,-3.333299e-05,-0.2285097,-0.22911,-0.2285913,-0.2290667,1
4.021026,5.876482,-9.247986,-0.02543718,0.006987865,0.001213347,1.14804,352.2175,-352.1343,352.282,-352.0841,-0.005301252,0.004389208,-3.091887e-05,-0.2300982,-0.2300438,-0.2301404,-0.2300111,1
4.012084,5.868334,-9.334135,-0.02568538,0.006432969,0.001122123,1.158752,353.9487,-354.1455,353.996,-354.1127,-0.005461992,0.004530145,-3.629791e-05,-0.2312292,-0.2313578,-0.2312601,-0.2313363,1
4.191854,6.034527,-9.177408,-0.02439398,0.007332221,0.002520768,1.169946,356.2019,-355.5045,356.3712,-355.4566,-0.005600392,0.004690812,-2.12545e-05,-0.2327012,-0.2322456,-0.2328118,-0.2322142,1
3.835338,5.705479,-9.718216,-0.02797174,0.003382001,-0.0002941267,1.181629,357.924,-357.8274,357.7874,-357.8419,-0.005768506,0.004818182,-1.126416e-05,-0.2338262,-0.233763,-0.233737,-0.2337726,1
3.7488,5.6255,-9.918015,-0.02813922,0.002326112,-0.001057204,1.193809,359.6881,-360.1428,359.5168,-360.1381,-0.005947954,0.004926994,-2.469119e-05,-0.2349786,-0.2352757,-0.2348667,-0.2352726,1
3.914042,5.77801,-9.773093,-0.02601106,0.003652407,0.0003261879,1.206495,360.8303,-361.63,360.8247,-361.5845,-0.006118086,0.005035432,-4.405207e-05,-0.2357248,-0.2362472,-0.2357212,-0.2362175,1
3.774042,5.64856,-9.998894,-0.02645844,0.002509827,-0.0004690298,1.219694,361.9352,-362.2089,361.875,-362.179,-0.006279991,0.005144879,-5.135788e-05,-0.2364466,-0.2366254,-0.2364073,-0.2366059,1
3.934079,5.796446,-9.82079,-0.02512358,0.003497318,0.0008128211,1.233412,362.7917,-362.8247,362.8476,-362.7865,-0.00642794,0.005265345,-5.561584e-05,-0.2370062,-0.2370277,-0.2370427,-0.2370028,1
4.033344,5.888365,-9.723015,-0.02483562,0.003551104,0.001610615,1.247651,363.335,-363.8767,363.4174,-363.8463,-0.00658605,0.005371439,-6.041476e-05,-0.2373611,-0.237715,-0.237415,-0.2376951,1
4.168022,6.012852,-9.581946,-0.02370927,0.004162543,0.002677804,1.262415,364.5344,-364.2382,364.7098,-364.1895,-0.006731771,0.005484906,-5.566984e-05,-0.2381446,-0.2379511,-0.2382592,-0.2379193,1
4.073713,5.925904,-9.735538,-0.02477284,0.002684028,0.001937619,1.277707,365.2163,-365.1597,365.298,-365.1323,-0.006883429,0.005588106,-5.063127e-05,-0.2385902,-0.2385531,-0.2386435,-0.2385352,1
4.037065,5.892146,-9.81931,-0.02508842,0.001824259,0.001617923,1.293531,365.8806,-366.3163,365.9244,-366.2872,-0.007045786,0.005675323,-5.490092e-05,-0.2390241,-0.2393087,-0.2390527,-0.2392897,1
4.087874,5.939041,-9.786689,-0.02423415,0.002004702,0.00205749,1.309889,366.9529,-366.5533,367.0602,-366.5035,-0.007190323,0.005774567,-4.826197e-05,-0.2397246,-0.2394636,-0.2397947,-0.239431,1
3.857149,5.726017,-10.11136,-0.02623371,-0.0004322002,0.0002838847,1.326786,367.2252,-367.5721,367.1509,-367.5576,-0.007353145,0.005850806,-5.046121e-05,-0.2399025,-0.2401292,-0.239854,-0.2401196,1
4.043931,5.898521,-9.895008,-0.02433576,0.0009019546,0.001702556,1.344224,367.8015,-368.1064,367.8792,-368.0529,-0.007507044,0.005930689,-5.800077e-05,-0.240279,-0.2404782,-0.2403297,-0.2404433,1
4.186068,6.029882,-9.725444,-0.02318514,0.001707435,0.002858134,1.362206,368.1902,-368.1783,368.3652,-368.1138,-0.00765041,0.006016035,-5.512574e-05,-0.240533,-0.2405251,-0.2406473,-0.240483,1
4.005585,5.863254,-9.971479,-0.02476064,-0.0002393423,0.001503277,1.380733,368.4027,-368.6688,368.4324,-368.6341,-0.00780778,0.006083396,-5.608423e-05,-0.2406718,-0.2408456,-0.2406912,-0.2408229,1
4.346095,6.17784,-9.541963,-0.02191875,0.002254131,0.004046147,1.399807,368.9158,-368.7119,369.1905,-368.6295,-0.007942835,0.006170002,-5.326414e-05,-0.241007,-0.2408737,-0.2411864,-0.2408199,1
4.109233,5.95921,-9.861181,-0.02422306,-0.0003372511,0.002274761,1.419429,369.2895,-368.9688,369.3639,-368.9307,-0.008086873,0.006244373,-3.7148e-05,-0.2412511,-0.2410416,-0.2412997,-0.2410167,1
3.999682,5.858084,-10.02303,-0.02512644,-0.001689842,0.001279575,1.4396,369.6521,-369.8272,369.6367,-369.7929,-0.008245651,0.006300816,-3.924898e-05,-0.241488,-0.2416024,-0.2414779,-0.24158,1
4.013051,5.870332,-10.0275,-0.02442259,-0.001637872,0.001412203,1.460322,369.9235,-370.2291,369.9492,-370.1705,-0.008399706,0.006355607,-4.529475e-05,-0.2416652,-0.2418649,-0.2416821,-0.2418267,1
4.253726,6.092666,-9.719545,-0.02235826,0.0001659423,0.003274503,1.481597,370.0221,-370.13,370.2233,-370.0435,-0.008539515,0.006420556,-4.595178e-05,-0.2417297,-0.2418002,-0.2418611,-0.2417436,1
4.305966,6.141057,-9.650959,-0.02227801,0.0001461609,0.003679352,1.503427,370.5312,-369.673,370.7477,-369.5969,-0.008664314,0.006499671,-2.452297e-05,-0.2420623,-0.2415016,-0.2422037,-0.2414519,1
4.214438,6.056808,-9.778451,-0.02390718,-0.001475902,0.002749659,1.52581,370.7855,-370.3752,370.8708,-370.3296,-0.008805598,0.00656273,-8.362964e-06,-0.2422284,-0.2419603,-0.2422841,-0.2419306,1
4.157789,6.004567,-9.879158,-0.02444699,-0.002432415,0.002134787,1.548749,371.5281,-371.033,371.5611,-370.9798,-0.008950283,0.006619694,5.373728e-06,-0.2427136,-0.2423901,-0.2427351,-0.2423553,1
3.745192,5.623363,-10.444,-0.02734837,-0.005990074,-0.001086842,1.572244,371.6284,-372.1747,371.3841,-372.1502,-0.009123994,0.006641328,-2.366246e-06,-0.2427791,-0.2431359,-0.2426194,-0.24312,1
4.098039,5.94904,-10.00118,-0.02343568,-0.002658682,0.001610238,1.596299,371.8702,-372.1255,371.9455,-372.0239,-0.009269212,0.006685947,-1.570376e-05,-0.242937,-0.2431038,-0.2429862,-0.2430374,1
3.941235,5.804153,-10.19866,-0.02452382,-0.003953763,0.0006114082,1.620916,371.4901,-371.8763,371.4612,-371.8071,-0.009418479,0.006722292,-1.837073e-05,-0.2426887,-0.242941,-0.2426698,-0.2428958,1
4.078301,5.930733,-10.00892,-0.02323516,-0.002823362,0.001658088,1.646094,371.1966,-371.7278,371.2685,-371.6425,-0.009567419,0.006757206,-3.202783e-05,-0.242497,-0.242844,-0.2425439,-0.2427883,1
4.224211,6.065477,-9.806929,-0.02181745,-0.001631538,0.002906996,1.671833,371.2079,-370.8872,371.3965,-370.7858,-0.009692678,0.006813681,-2.628608e-05,-0.2425043,-0.2422948,-0.2426276,-0.2422286,1
4.24301,6.083076,-9.767135,-0.02240716,-0.002084514,0.002981677,1.698132,370.8432,-370.9146,370.9864,-370.8362,-0.009828375,0.006859946,-2.026859e-05,-0.2422661,-0.2423127,-0.2423596,-0.2422615,1
4.202377,6.045606,-9.821512,-0.0228047,-0.002754144,0.002611275,1.724988,370.9702,-371.0121,371.0675,-370.9317,-0.00997142,0.006896598,-1.799923e-05,-0.242349,-0.2423764,-0.2424127,-0.2423239,1
4.246529,6.086364,-9.766572,-0.02221604,-0.002501464,0.002912482,1.752402,371.0744,-370.9016,371.2117,-370.8041,-0.01010566,0.006939092,-1.473323e-05,-0.2424171,-0.2423043,-0.2425068,-0.2422405,1
4.197687,6.0413,-9.828691,-0.0227046,-0.003149642,0.002513092,1.780374,370.8717,-371.0783,370.9596,-370.9884,-0.01024606,0.006973227,-1.319842e-05,-0.2422847,-0.2424197,-0.2423422,-0.2423609,1
3.902809,5.768785,-10.21444,-0.02455772,-0.0054839,0.0003149059,1.808904,371.0186,-371.0042,370.9242,-370.9335,-0.01039175,0.00699911,-1.209491e-05,-0.2423806,-0.2423713,-0.242319,-0.2423251,1
4.044703,5.899778,-10.02692,-0.02305528,-0.004222559,0.001351167,1.837991,370.9953,-370.7811,371.023,-370.6817,-0.01051989,0.00704138,-1.141128e-05,-0.2423655,-0.2422255,-0.2423836,-0.2421606,1
4.354785,6.186424,-9.615891,-0.0212418,-0.002148494,0.003634545,1.867637,370.6324,-370.8172,370.8275,-370.7006,-0.01064792,0.007083414,-7.323159e-06,-0.2421284,-0.2422491,-0.2422559,-0.2421729,1
4.119194,5.968836,-9.921955,-0.02319848,-0.004305981,0.001841084,1.897839,370.8842,-370.6346,370.8994,-370.5466,-0.01078768,0.007111708,1.287522e-06,-0.2422929,-0.2421298,-0.2423028,-0.2420723,1
4.268744,6.106958,-9.72781,-0.02182879,-0.003105914,0.002839211,1.928599,370.6231,-370.9256,370.7473,-370.8081,-0.01092539,0.007140406,-7.464847e-06,-0.2421223,-0.2423199,-0.2422034,-0.2422431,1
4.323025,6.157067,-9.654226,-0.02121621,-0.002653108,0.003343489,1.959915,370.4215,-370.721,370.5894,-370.5938,-0.01105823,0.007171189,-7.135194e-06,-0.2419906,-0.2421863,-0.2421003,-0.2421031,1
4.054632,5.909056,-9.995212,-0.02305426,-0.004759896,0.00135321,1.991788,370.6255,-370.1812,370.6213,-370.0824,-0.01118891,0.007203294,1.998339e-06,-0.2421239,-0.2418336,-0.2421211,-0.2417691,1
4.309885,6.144938,-9.656197,-0.02128459,-0.002879782,0.003126114,2.024218,370.6938,-369.9848,370.8522,-369.8599,-0.01129951,0.007258005,1.508591e-05,-0.2421685,-0.2417053,-0.242272,-0.2416237,1
4.046085,5.90148,-10.00348,-0.02414978,-0.005664927,0.001008242,2.057202,370.7284,-370.4731,370.6419,-370.3956,-0.01143378,0.007289469,3.251847e-05,-0.2421911,-0.2420243,-0.2421346,-0.2419737,1
4.090373,5.942379,-9.962298,-0.02364943,-0.005408937,0.00111015,2.090742,371.0732,-371.001,371.0187,-370.8962,-0.01157487,0.007312453,3.10317e-05,-0.2424164,-0.2423692,-0.2423808,-0.2423007,1
4.24765,6.087586,-9.768251,-0.02205812,-0.004008021,0.002275364,2.124838,370.9401,-371.1951,371.0135,-371.0577,-0.01170953,0.007338179,2.580672e-05,-0.2423294,-0.242496,-0.2423773,-0.2424062,1
3.879207,5.747073,-10.24577,-0.02445969,-0.006738495,-0.0003996967,2.159493,370.7945,-371.0986,370.6384,-370.9973,-0.01185494,0.007350191,2.190142e-05,-0.2422342,-0.2424329,-0.2421323,-0.2423668,1
4.101638,5.952386,-9.947181,-0.02211804,-0.004526656,0.001279806,2.194705,370.5146,-370.7978,370.5499,-370.6567,-0.01198438,0.007377635,9.53389e-06,-0.2420515,-0.2422364,-0.2420745,-0.2421443,1
4.056904,5.911038,-9.989831,-0.02240365,-0.004820689,0.001089126,2.230474,370.1104,-370.2825,370.1136,-370.1559,-0.01211132,0.007406505,9.567424e-06,-0.2417874,-0.2418998,-0.2417895,-0.2418171,1
4.393222,6.221819,-9.534236,-0.02005885,-0.002226074,0.003566451,2.2668,370.1624,-369.5605,370.3789,-369.4055,-0.01221761,0.00745861,1.970211e-05,-0.2418214,-0.2414281,-0.2419628,-0.2413269,1
4.242482,6.082824,-9.723083,-0.02211511,-0.004062847,0.002317772,2.303679,369.9583,-369.771,370.0024,-369.6562,-0.01234296,0.007492807,3.242397e-05,-0.241688,-0.2415656,-0.2417168,-0.2414907,1
3.930924,5.794954,-10.1377,-0.0242872,-0.006628268,-0.0001546694,2.341112,370.3753,-370.0016,370.213,-369.9015,-0.01247671,0.007517762,3.90776e-05,-0.2419604,-0.2417163,-0.2418544,-0.2416509,1
4.172551,6.018132,-9.831361,-0.02218993,-0.004624368,0.001533706,2.379098,369.8383,-370.7312,369.8464,-370.5863,-0.01261662,0.007533836,2.098004e-05,-0.2416096,-0.2421929,-0.2416149,-0.2420983,1
4.28419,6.121098,-9.683585,-0.02069614,-0.003341782,0.002563216,2.417639,370.0963,-369.807,370.223,-369.6368,-0.01273287,0.007570658,2.628591e-05,-0.2417782,-0.2415892,-0.2418609,-0.241478,1
4.319665,6.153991,-9.620304,-0.02088303,-0.003234601,0.002747352,2.456733,369.7075,-369.622,369.825,-369.4696,-0.01285231,0.007606146,2.917145e-05,-0.2415241,-0.2414683,-0.2416009,-0.2413687,1
4.488978,6.310511,-9.3945,-0.01990053,-0.002077726,0.003948438,2.496382,370.0967,-369.1652,370.3106,-368.9994,-0.01295258,0.007663964,5.052932e-05,-0.2417784,-0.2411699,-0.2419181,-0.2410616,1
4.155421,6.002629,-9.834098,-0.02339535,-0.005432864,0.001201921,2.536582,369.9211,-370.0812,369.8328,-369.97,-0.01309145,0.007683882,5.780022e-05,-0.2416637,-0.2417683,-0.241606,-0.2416956,1
4.117258,5.967166,-9.903784,-0.0228661,-0.005409458,0.0008070996,2.577335,370.5243,-370.2434,370.4599,-370.0954,-0.01322133,0.007710434,5.674689e-05,-0.2420577,-0.2418743,-0.2420157,-0.2417776,1
3.929348,5.793449,-10.15428,-0.02389309,-0.006683769,-0.0005941147,2.618642,370.1155,-370.6193,369.9449,-370.4822,-0.01335902,0.007726082,4.728003e-05,-0.2417907,-0.2421198,-0.2416793,-0.2420303,1
4.200274,6.043592,-9.796491,-0.02128536,-0.004098859,0.00150039,2.660504,370.0853,-370.1632,370.1353,-369.9841,-0.01347692,0.007761171,4.21253e-05,-0.241771,-0.2418219,-0.2418036,-0.2417048,1
4.257556,6.096589,-9.70859,-0.02113418,-0.003714045,0.001964597,2.702921,369.6808,-369.876,369.7458,-369.708,-0.01359887,0.007792285,4.070848e-05,-0.2415067,-0.2416342,-0.2415492,-0.2415245,1
3.972856,5.833506,-10.07027,-0.02308522,-0.005866604,-0.000143233,2.745891,369.6377,-369.6154,369.5174,-369.4747,-0.01372702,0.007816915,3.911876e-05,-0.2414786,-0.241464,-0.2414,-0.241372,1
4.114119,5.963935,-9.87816,-0.0216885,-0.004533661,0.0009015406,2.789414,368.8402,-369.9577,368.8254,-369.7898,-0.01386253,0.007832609,1.51239e-05,-0.2409576,-0.2416876,-0.2409479,-0.2415779,1
3.932132,5.795551,-10.10197,-0.02213066,-0.005419444,-0.0001667625,2.833489,368.9711,-368.7368,368.8934,-368.571,-0.01397655,0.007867066,1.678187e-05,-0.2410431,-0.24089,-0.2409923,-0.2407817,1
4.193872,6.037463,-9.734198,-0.02047596,-0.003402082,0.001737128,2.878114,368.123,-368.5573,368.1943,-368.3798,-0.0140901,0.007904198,6.505721e-06,-0.240489,-0.2407728,-0.2405356,-0.2406568,1
3.981792,5.841545,-9.996735,-0.02206939,-0.005129934,0.0002836996,2.923288,368.0507,-367.996,367.971,-367.8427,-0.01420644,0.007937948,1.142566e-05,-0.2404418,-0.2404061,-0.2403897,-0.2403059,1
4.316973,6.151265,-9.546509,-0.01963016,-0.002511959,0.002692911,2.969007,367.7368,-367.7947,367.8709,-367.6029,-0.01431383,0.007981843,7.197221e-06,-0.2402367,-0.2402746,-0.2403243,-0.2401492,1
4.171627,6.017078,-9.727967,-0.02097456,-0.003875293,0.001659866,3.015272,367.6861,-367.4654,367.6995,-367.2957,-0.01442366,0.008022783,1.790579e-05,-0.2402036,-0.2400594,-0.2402124,-0.2399486,1
3.891175,5.757997,-10.08969,-0.02309515,-0.00618009,-0.0005542538,3.062081,367.5901,-367.6875,367.4052,-367.5414,-0.01454892,0.008048139,1.588495e-05,-0.2401409,-0.2402045,-0.2400201,-0.2401091,1
3.927934,5.791811,-10.0432,-0.02219931,-0.005567584,-0.0002687969,3.109433,367.3034,-367.8086,367.1768,-367.6337,-0.01467139,0.008074052,3.054127e-06,-0.2399536,-0.2402837,-0.2398709,-0.2401694,1
4.39728,6.225387,-9.420051,-0.01841382,-0.001595238,0.003347914,3.157329,366.8157,-367.3415,367.0179,-367.1126,-0.01477807,0.008114328,-6.785544e-06,-0.239635,-0.2399785,-0.239767,-0.239829,1
4.281611,6.118584,-9.550786,-0.0194576,-0.002539573,0.0026061,3.205768,366.5287,-366.6443,366.6355,-366.4437,-0.01488967,0.008148996,-5.255311e-06,-0.2394475,-0.2395231,-0.2395172,-0.2393919,1
3.983474,5.84308,-9.923253,-0.02142551,-0.004737121,0.0003800633,3.254747,366.0717,-366.5652,365.9868,-366.39,-0.01501293,0.008171641,-1.684599e-05,-0.239149,-0.2394713,-0.2390935,-0.2393569,1
4.299002,6.134459,-9.497877,-0.0184496,-0.00183744,0.002852699,3.304267,365.7112,-365.9956,365.876,-365.769,-0.01511122,0.00821917,-2.355354e-05,-0.2389134,-0.2390992,-0.2390211,-0.2389512,1
3.89752,5.763623,-10.00144,-0.02170679,-0.005161369,-3.401771e-05,3.354323,365.0271,-365.8311,364.8923,-365.6624,-0.01523779,0.008236399,-3.080501e-05,-0.2384665,-0.2389918,-0.2383785,-0.2388816,1
4.204412,6.046939,-9.585231,-0.01847252,-0.002143972,0.002327829,3.404916,365.0486,-364.8693,365.1803,-364.6389,-0.01533189,0.008286162,-3.817083e-05,-0.2384806,-0.2383634,-0.2385666,-0.2382129,1
4.410568,6.237617,-9.291869,-0.01755378,-0.0008052718,0.003946688,3.456042,364.0858,-364.6393,364.3069,-364.4132,-0.01542864,0.008333951,-3.850185e-05,-0.2378515,-0.2382132,-0.2379961,-0.2380655,1
3.911427,5.77651,-9.928315,-0.0213337,-0.004861586,0.000266164,3.507701,364.8048,-363.6154,364.6873,-363.4433,-0.01552086,0.008387976,-1.147437e-05,-0.2383213,-0.2375443,-0.2382445,-0.2374318,1
3.757066,5.63405,-10.12753,-0.02289046,-0.006416386,-0.001201388,3.559889,364.1488,-364.7136,363.8888,-364.5552,-0.01564093,0.008415442,-2.180477e-05,-0.2378927,-0.2382617,-0.2377229,-0.2381582,1
4.205745,6.048452,-9.551474,-0.01883674,-0.002528504,0.002240765,3.612607,363.9288,-364.7711,364.0068,-364.5316,-0.01574954,0.008450413,-3.607339e-05,-0.237749,-0.2382993,-0.2378,-0.2381428,1
4.297576,6.13325,-9.417902,-0.01787058,-0.001554982,0.003096082,3.665856,363.8634,-363.7207,364.0206,-363.4745,-0.01584394,0.008497075,-3.264597e-05,-0.2377063,-0.2376131,-0.237809,-0.2374522,1
3.861672,5.730565,-9.965596,-0.02122569,-0.004996755,-0.0001628232,3.719634,363.338,-363.6269,363.1908,-363.4383,-0.01595548,0.008527207,-3.651876e-05,-0.2373631,-0.2375518,-0.2372669,-0.2374286,1
4.014365,5.871525,-9.755954,-0.01951179,-0.003431669,0.00101951,3.773939,362.9267,-363.4927,362.9146,-363.2674,-0.01605675,0.008567775,-4.790998e-05,-0.2370944,-0.2374641,-0.2370864,-0.2373169,1
4.417198,6.243767,-9.214426,-0.01654141,-0.0002044708,0.004143078,3.82877,362.8091,-362.5493,363.0641,-362.2872,-0.01613424,0.008632722,-3.829638e-05,-0.2370175,-0.2368478,-0.2371841,-0.2366766,1
4.178768,6.023767,-9.509209,-0.01919683,-0.002619954,0.002268883,3.884126,362.6259,-362.4148,362.6555,-362.205,-0.01623241,0.008678467,-2.634309e-05,-0.2368978,-0.23676,-0.2369172,-0.2366229,1
3.729033,5.608215,-10.09805,-0.02221692,-0.006121984,-0.001197119,3.940005,362.8669,-362.5825,362.6123,-362.3988,-0.01633761,0.008716946,-2.18137e-05,-0.2370553,-0.2368695,-0.236889,-0.2367495,1
4.151887,5.998878,-9.54987,-0.01879732,-0.002643867,0.001875541,3.996407,362.3236,-363.0756,362.3639,-362.829,-0.01643607,0.008761384,-3.389497e-05,-0.2367004,-0.2371917,-0.2367267,-0.2370306,1
4.044927,5.900061,-9.685617,-0.01943516,-0.003400734,0.0012324,4.053331,362.7598,-362.1372,362.7401,-361.9021,-0.01652269,0.008816034,-1.632987e-05,-0.2369853,-0.2365786,-0.2369724,-0.236425,1
4.18035,6.02536,-9.499531,-0.01892828,-0.002571892,0.002020099,4.110779,362.2102,-362.5985,362.2411,-362.3613,-0.01662449,0.008857111,-2.39378e-05,-0.2366263,-0.23688,-0.2366465,-0.236725,1
4.173243,6.018749,-9.510434,-0.01861842,-0.002461843,0.002059021,4.168749,362.2858,-362.3521,362.3332,-362.1013,-0.01671817,0.008904695,-2.088944e-05,-0.2366757,-0.236719,-0.2367066,-0.2365551,1
3.968095,5.829238,-9.770871,-0.02008471,-0.004042034,0.0005046148,4.227241,361.8677,-362.4958,361.7743,-362.2663,-0.01682819,0.00893438,-2.960913e-05,-0.2364025,-0.2368128,-0.2363415,-0.236663,1
3.912902,5.778054,-9.83629,-0.01962068,-0.003952343,0.0002047156,4.286253,361.6924,-362.0992,361.6162,-361.8515,-0.01692891,0.008971083,-4.127437e-05,-0.236288,-0.2365538,-0.2362383,-0.2363919,1
4.2342,6.074881,-9.398003,-0.01694997,-0.001139879,0.002726804,4.345787,361.3977,-361.2354,361.5578,-360.955,-0.01700146,0.009036985,-3.798616e-05,-0.2360955,-0.2359895,-0.2362001,-0.2358063,1
4.123666,5.973054,-9.522991,-0.01865256,-0.00250698,0.001872498,4.405839,361.0169,-361.1024,361.0381,-360.8635,-0.01709131,0.009087577,-2.880959e-05,-0.2358467,-0.2359025,-0.2358605,-0.2357465,1
4.467811,6.291128,-9.071739,-0.016224,6.510515e-05,0.004307052,4.466409,361.3037,-360.8461,361.5435,-360.5627,-0.01716705,0.009154087,-1.981558e-05,-0.2360341,-0.2357352,-0.2361907,-0.23555,1
4.024751,5.881984,-9.652109,-0.02002686,-0.003871884,0.0009199432,4.527495,361.3089,-361.1512,361.2128,-360.9238,-0.01726347,0.009198874,-6.437559e-06,-0.2360375,-0.2359344,-0.2359747,-0.2357859,1
3.835504,5.707077,-9.909029,-0.02099028,-0.005220507,-0.0006457767,4.589098,361.5222,-361.595,361.325,-361.3606,-0.01736465,0.009238107,-8.949527e-06,-0.2361768,-0.2362244,-0.236048,-0.2360713,1
4.147354,5.995145,-9.509078,-0.01824569,-0.002515306,0.001684605,4.651218,361.2208,-361.7879,361.2572,-361.5034,-0.01745726,0.009283666,-1.847621e-05,-0.2359799,-0.2363504,-0.2360037,-0.2361646,1
4.030759,5.887421,-9.654944,-0.01892615,-0.003285994,0.0009335224,4.713856,361.3758,-361.12,361.3477,-360.8501,-0.01754327,0.00933447,-1.066539e-05,-0.2360812,-0.2359141,-0.2360628,-0.2357377,1
4.148584,5.996386,-9.491263,-0.01823978,-0.002406626,0.001705234,4.777012,360.9768,-361.2559,361.0119,-360.9799,-0.0176328,0.009383191,-1.59201e-05,-0.2358205,-0.2360029,-0.2358435,-0.2358225,1
3.679706,5.563162,-10.10081,-0.02143454,-0.006009374,-0.001702138,4.840686,360.8436,-361.2788,360.5779,-361.0433,-0.0177379,0.009413853,-1.947243e-05,-0.2357335,-0.2360178,-0.2355599,-0.235864,1
4.400699,6.229207,-9.152547,-0.01547767,0.0001047979,0.003669642,4.904875,360.7377,-360.7219,360.9958,-360.3905,-0.01780509,0.009483479,-2.548718e-05,-0.2356643,-0.235654,-0.235833,-0.2354375,1
3.965081,5.827012,-9.707121,-0.01951232,-0.003820566,0.0005177336,4.96958,360.5496,-360.3838,360.4598,-360.1313,-0.01789172,0.009533275,-8.530566e-06,-0.2355414,-0.2354331,-0.2354828,-0.2352682,1
4.084507,5.937415,-9.549163,-0.01858889,-0.002913132,0.001190472,5.034801,360.6108,-360.6442,360.5981,-360.3652,-0.01798011,0.009583037,-1.323344e-05,-0.2355814,-0.2356032,-0.2355732,-0.235421,1
4.103433,5.954937,-9.529058,-0.01829476,-0.002765159,0.001381531,5.100534,360.3468,-360.8109,360.3512,-360.5202,-0.01806997,0.009628618,-1.629094e-05,-0.235409,-0.2357122,-0.2354118,-0.2355222,1
4.235487,6.076961,-9.352036,-0.01712052,-0.001607361,0.002390003,5.166782,360.56,-360.2811,360.6667,-359.9707,-0.0181451,0.009688767,-9.578098e-06,-0.2355482,-0.235366,-0.235618,-0.2351633,1
3.889499,5.757446,-9.798393,-0.02000356,-0.00455975,-0.0002559653,5.233544,360.3665,-360.4791,360.217,-360.2144,-0.01823828,0.009730717,-6.728645e-06,-0.2354219,-0.2354953,-0.2353242,-0.2353224,1
4.540944,6.359353,-8.950121,-0.01496231,0.000701712,0.004518786,5.30082,360.253,-360.5299,360.5506,-360.1803,-0.0183107,0.009794336,-1.25889e-05,-0.2353476,-0.2355286,-0.2355421,-0.2353002,1
4.087725,5.94079,-9.538988,-0.01871106,-0.003171217,0.001230282,5.368609,360.8269,-359.811,360.8001,-359.5254,-0.0183822,0.009858456,1.760432e-05,-0.2357226,-0.2350589,-0.2357051,-0.2348724,1
4.171815,6.018719,-9.432907,-0.01870234,-0.002920974,0.001472401,5.436912,360.4684,-361.0078,360.4493,-360.7159,-0.01847881,0.009899911,8.733095e-06,-0.2354884,-0.2358408,-0.235476,-0.2356501,1
4.063138,5.918197,-9.593557,-0.01880157,-0.003512213,0.0007623853,5.505729,360.5567,-361.2911,360.5047,-360.9788,-0.01858034,0.009931056,-1.08736e-06,-0.2355461,-0.2360258,-0.2355121,-0.2358218,1
3.946447,5.810182,-9.741991,-0.01872016,-0.003834303,9.694151e-06,5.57506,360.151,-361.1166,360.0797,-360.7951,-0.01868337,0.009956039,-2.422261e-05,-0.2352811,-0.2359118,-0.2352345,-0.2357018,1
3.959115,5.821661,-9.70557,-0.01759325,-0.00299116,0.0003822144,5.644907,359.8484,-360.0622,359.8588,-359.7251,-0.01875779,0.01000844,-3.301307e-05,-0.2350833,-0.235223,-0.2350901,-0.2350028,1
3.999717,5.859331,-9.622498,-0.01761952,-0.002735656,0.0007887281,5.715267,358.9627,-359.7214,358.9738,-359.4026,-0.01883867,0.01005604,-4.150902e-05,-0.2345048,-0.2350004,-0.234512,-0.2347921,1
3.770347,5.647436,-9.904028,-0.01908503,-0.004454715,-0.0008011721,5.786139,358.8687,-359.0882,358.735,-358.7875,-0.01892343,0.01009896,-4.52712e-05,-0.2344434,-0.2345867,-0.234356,-0.2343903,1
3.822051,5.695197,-9.820039,-0.01831647,-0.003858382,-0.0003668091,5.857519,358.3051,-358.8356,358.2246,-358.5172,-0.01900356,0.01014539,-5.877614e-05,-0.2340751,-0.2344217,-0.2340226,-0.2342137,1
4.26442,6.104005,-9.224361,-0.01499924,-0.0003380271,0.003075838,5.929406,357.7233,-358.3224,357.935,-357.9577,-0.01906933,0.01020564,-6.500015e-05,-0.233695,-0.2340865,-0.2338333,-0.2338482,1
4.313877,6.149928,-9.139638,-0.01509062,-0.0002411838,0.003526205,6.001798,357.7469,-357.4305,357.9582,-357.077,-0.01913028,0.01027128,-5.137378e-05,-0.2337105,-0.2335038,-0.2338486,-0.2332729,1
3.910883,5.777811,-9.655231,-0.01851378,-0.003796434,0.0003897038,6.074694,357.3121,-357.8942,357.2141,-357.5878,-0.01922267,0.01030495,-5.715853e-05,-0.2334265,-0.2338067,-0.2333624,-0.2336065,1
3.872478,5.742154,-9.706779,-0.017764,-0.00361669,0.000187363,6.148091,357.2828,-357.7336,357.2239,-357.3902,-0.01930146,0.01034932,-6.737431e-05,-0.2334073,-0.2337018,-0.2333688,-0.2334775,1
4.307518,6.14416,-9.125394,-0.01440223,-5.196199e-05,0.003539769,6.22199,357.0188,-357.0114,357.2623,-356.6226,-0.0193533,0.01042095,-6.230601e-05,-0.2332348,-0.23323,-0.2333939,-0.232976,1
4.385424,6.216519,-9.008393,-0.01485428,-3.287944e-05,0.004062603,6.29639,356.9234,-356.7123,357.148,-356.3461,-0.01941428,0.0104858,-4.598662e-05,-0.2331725,-0.2330346,-0.2333193,-0.2327954,1
4.009382,5.869276,-9.501597,-0.01796253,-0.003340129,0.001090556,6.371289,357.0466,-357.1305,356.9919,-356.7997,-0.01949888,0.01052663,-4.22081e-05,-0.233253,-0.2333078,-0.2332172,-0.2330917,1
3.980973,5.842936,-9.548304,-0.01745651,-0.003260065,0.0008412742,6.446687,356.8667,-357.5727,356.8361,-357.2108,-0.01958247,0.0105656,-5.467623e-05,-0.2331355,-0.2335967,-0.2331155,-0.2333603,1
4.293902,6.132021,-9.136485,-0.01464477,-0.0004655737,0.003313665,6.522586,356.9111,-356.8908,357.1269,-356.4842,-0.01963815,0.01063146,-4.951502e-05,-0.2331645,-0.2331512,-0.2333054,-0.2328855,1
4.197136,6.0429,-9.249977,-0.01608066,-0.001605477,0.002540334,6.598983,356.7914,-356.6777,356.8949,-356.3068,-0.01970456,0.01068824,-3.775004e-05,-0.2330863,-0.233012,-0.2331539,-0.2327697,1
3.992688,5.854124,-9.518319,-0.01766738,-0.003343654,0.0008893826,6.67588,357.1234,-356.7335,357.0861,-356.3765,-0.01977292,0.0107444,-2.751325e-05,-0.2333032,-0.2330485,-0.2332788,-0.2328152,1
4.059201,5.915705,-9.439451,-0.01727625,-0.002963533,0.001256534,6.753275,356.8173,-357.4539,356.8128,-357.0809,-0.01985155,0.0107896,-3.263887e-05,-0.2331032,-0.2335191,-0.2331003,-0.2332754,1
4.111003,5.963556,-9.378819,-0.01649063,-0.002373055,0.001701131,6.831169,357.0606,-357.226,357.1167,-356.8304,-0.01992361,0.01083888,-3.134276e-05,-0.2332621,-0.2333702,-0.2332988,-0.2331117,1
3.697312,5.581346,-9.915054,-0.01928449,-0.005483075,-0.001372532,6.909564,356.9496,-357.1819,356.7469,-356.8249,-0.02000644,0.01087545,-3.473682e-05,-0.2331896,-0.2333414,-0.2330572,-0.2331081,1
4.03715,5.895277,-9.466226,-0.01622123,-0.002426378,0.001183804,6.988457,356.4357,-357.2706,356.4945,-356.8597,-0.02007732,0.01092367,-5.158806e-05,-0.2328539,-0.2333993,-0.2328923,-0.2331309,1
4.106843,5.959748,-9.362679,-0.01562959,-0.001788655,0.001907187,7.06785,356.3724,-356.4314,356.4839,-356.0192,-0.02013621,0.01098297,-4.488683e-05,-0.2328126,-0.2328511,-0.2328854,-0.2325818,1
4.041396,5.899488,-9.432524,-0.01651149,-0.002520537,0.001345921,7.147741,356.135,-356.2804,356.1733,-355.8875,-0.02020474,0.01103398,-4.438773e-05,-0.2326575,-0.2327524,-0.2326825,-0.2324958,1
4.21558,6.060526,-9.201606,-0.01517795,-0.001181694,0.002631735,7.228129,356.1215,-356.1265,356.278,-355.7065,-0.02026175,0.01109714,-4.051856e-05,-0.2326486,-0.2326519,-0.2327509,-0.2323775,1
3.960448,5.825009,-9.532035,-0.01742372,-0.003494225,0.0006998387,7.309012,356.1263,-356.1838,356.0862,-355.7962,-0.02033086,0.01114781,-3.121087e-05,-0.2326517,-0.2326894,-0.2326256,-0.2324361,1
3.882051,5.752629,-9.63892,-0.01779825,-0.004086446,8.080067e-06,7.390392,356.1964,-356.4514,356.1142,-356.0543,-0.0204054,0.01119224,-3.483156e-05,-0.2326975,-0.2328641,-0.2326438,-0.2326047,1
3.973153,5.836802,-9.523203,-0.01673036,-0.003179168,0.0007265806,7.472268,356.0948,-356.4147,356.0991,-355.9918,-0.02047165,0.01124306,-3.831196e-05,-0.2326312,-0.2328402,-0.232634,-0.2325639,1
4.113237,5.966343,-9.334487,-0.01573394,-0.002070231,0.001805225,7.554638,356.1966,-355.9532,356.296,-355.5181,-0.02052394,0.01130858,-2.844328e-05,-0.2326977,-0.2325387,-0.2327626,-0.2322545,1
4.18941,6.037014,-9.2314,-0.01586126,-0.001887394,0.002245731,7.637506,356.063,-356.1896,356.1654,-355.7617,-0.0205871,0.01136489,-2.203886e-05,-0.2326105,-0.2326932,-0.2326773,-0.2324136,1
4.385957,6.218771,-8.982159,-0.01458412,-0.0005220137,0.003616434,7.720869,356.0045,-356.5783,356.2205,-356.1223,-0.02065857,0.0114118,-2.646198e-05,-0.2325722,-0.2329471,-0.2327133,-0.2326492,1
4.106712,5.96076,-9.350977,-0.01622733,-0.002548703,0.001602737,7.804727,356.3529,-356.2374,356.4128,-355.7957,-0.02072529,0.01146095,-2.028018e-05,-0.2327998,-0.2327244,-0.2328389,-0.2324358,1
4.15132,6.002052,-9.289675,-0.01583297,-0.002136586,0.001854378,7.889082,356.0504,-356.5137,356.1453,-356.0626,-0.02079173,0.01151111,-2.523119e-05,-0.2326021,-0.2329048,-0.2326642,-0.2326101,1
4.102409,5.95694,-9.354057,-0.01609536,-0.002489487,0.001548575,7.973934,356.072,-356.4158,356.1403,-355.9637,-0.02085887,0.01155969,-2.371008e-05,-0.2326162,-0.2328409,-0.2326609,-0.2325456,1
4.206185,6.052902,-9.215815,-0.01523364,-0.001614959,0.002293831,8.05928,356.13,-356.1873,356.2748,-355.7188,-0.02091935,0.01161498,-2.294852e-05,-0.2326542,-0.2326916,-0.2327488,-0.2323856,1
4.073372,5.930333,-9.386326,-0.01634696,-0.002766003,0.001298198,8.145124,356.225,-356.0389,356.2756,-355.5864,-0.02097682,0.01167393,-1.295119e-05,-0.2327162,-0.2325947,-0.2327493,-0.232299,1
4.084584,5.940886,-9.373749,-0.01658736,-0.002917802,0.001252337,8.231463,355.9149,-356.6859,355.946,-356.2315,-0.02105218,0.01171508,-1.960435e-05,-0.2325136,-0.2330173,-0.232534,-0.2327205,1
4.044323,5.903637,-9.43325,-0.01628518,-0.002957805,0.001030059,8.318298,356.1907,-356.4178,356.2343,-355.9433,-0.02112009,0.01176085,-2.200152e-05,-0.2326939,-0.2328422,-0.2327224,-0.2325322,1
4.187889,6.036345,-9.239524,-0.01507533,-0.001695182,0.002116652,8.40563,356.0715,-356.1113,356.2249,-355.6193,-0.02117372,0.01182117,-2.070982e-05,-0.2326159,-0.2326419,-0.2327162,-0.2323206,1
3.985029,5.84913,-9.498442,-0.01697928,-0.003541213,0.0005948487,8.493457,355.8666,-356.2752,355.8561,-355.8149,-0.02124231,0.011867,-1.796914e-05,-0.2324821,-0.232749,-0.2324753,-0.2324484,1
4.590683,6.408813,-8.709631,-0.01244134,0.001259827,0.005033607,8.581779,355.9744,-356.1191,356.3724,-355.5827,-0.02129081,0.01193414,-1.873044e-05,-0.2325525,-0.232647,-0.2328126,-0.2322966,1
3.974693,5.839921,-9.513083,-0.01748075,-0.003972584,0.0004801589,8.670597,355.9769,-356.2051,355.9287,-355.7473,-0.02136713,0.01197112,-9.795487e-06,-0.2325542,-0.2327033,-0.2325227,-0.2324042,1
4.17296,6.02304,-9.258286,-0.01537417,-0.002064386,0.001832556,8.759911,356.0793,-356.3819,356.2076,-355.8715,-0.02142939,0.01202272,-1.961369e-05,-0.2326211,-0.2328188,-0.2327049,-0.2324854,1
4.029827,5.890896,-9.445516,-0.01640472,-0.003201798,0.0008864598,8.84972,355.8536,-356.3597,355.8885,-355.864,-0.02149441,0.01206967,-1.778933e-05,-0.2324736,-0.2328042,-0.2324964,-0.2324804,1
4.213908,6.061062,-9.200815,-0.01497417,-0.001683561,0.002219351,8.940024,355.7164,-356.338,355.8763,-355.8166,-0.02156157,0.01211435,-2.703752e-05,-0.232384,-0.2327901,-0.2324885,-0.2324494,1
4.106735,5.962069,-9.336178,-0.01545188,-0.002353792,0.001535898,9.030825,355.5475,-356.0536,355.6557,-355.5347,-0.02162806,0.01215746,-3.299923e-05,-0.2322737,-0.2326042,-0.2323443,-0.2322653,1
3.945053,5.812702,-9.535482,-0.0163023,-0.003401578,0.0004128219,9.12212,355.451,-355.6403,355.4774,-355.1304,-0.02168635,0.01220889,-3.359788e-05,-0.2322106,-0.2323343,-0.2322279,-0.2320012,1
4.286424,6.128287,-9.079743,-0.01400823,-0.0008128495,0.002942833,9.213908,355.2755,-355.3995,355.5167,-354.8573,-0.02173048,0.01227707,-2.880032e-05,-0.2320959,-0.2321769,-0.2322535,-0.2318228,1
4.106396,5.962274,-9.311986,-0.0160587,-0.002735347,0.001548433,9.30619,355.2423,-355.5524,355.3105,-355.0428,-0.02179683,0.01232294,-2.193734e-05,-0.2320743,-0.2322769,-0.2321189,-0.231944,1
4.190867,6.040357,-9.207847,-0.01511499,-0.001975788,0.002086667,9.398964,355.3167,-355.7516,355.4594,-355.2094,-0.02186292,0.01236765,-3.025115e-05,-0.2321229,-0.232407,-0.2322161,-0.2320528,1
4.566874,6.387841,-8.716799,-0.01217954,0.001085576,0.004965132,9.49223,355.274,-355.4072,355.6826,-354.8181,-0.02190477,0.01243633,-2.513142e-05,-0.232095,-0.232182,-0.2323619,-0.2317971,1
4.032052,5.894,-9.409373,-0.01683155,-0.003573129,0.0009427184,9.585991,355.7486,-355.1156,355.76,-354.6027,-0.02195846,0.01249513,1.487313e-06,-0.232405,-0.2319915,-0.2324125,-0.2316565,1
4.360833,6.197998,-8.992062,-0.01482059,-0.001299285,0.003040174,9.680243,355.5406,-356.2883,355.7387,-355.7303,-0.02202674,0.01254148,-8.631421e-06,-0.2322692,-0.2327576,-0.2323986,-0.232393,1
4.055122,5.915525,-9.409945,-0.01658482,-0.003558835,0.0008919729,9.774987,355.9613,-356.2731,355.9883,-355.7228,-0.02209802,0.01257997,-5.133269e-06,-0.232544,-0.2327477,-0.2325616,-0.2323882,1
4.332348,6.171654,-9.048306,-0.01414113,-0.001067923,0.002890995,9.870228,355.9031,-356.2183,356.1468,-355.6251,-0.02215379,0.0126342,-1.195234e-05,-0.232506,-0.2327119,-0.2326651,-0.2323243,1
4.080089,5.938734,-9.374727,-0.0161876,-0.003134802,0.001098662,9.965962,355.784,-356.1777,355.8499,-355.6187,-0.02221745,0.01268018,-7.217986e-06,-0.2324282,-0.2326853,-0.2324712,-0.2323201,1
4.253278,6.09883,-9.147395,-0.01481929,-0.001693717,0.002312598,10.06219,355.8213,-356.1877,356.0099,-355.6008,-0.02227728,0.01273115,-1.142724e-05,-0.2324525,-0.2326919,-0.2325757,-0.2323085,1
4.187703,6.038361,-9.233295,-0.01532089,-0.002241613,0.001869398,10.15892,355.6028,-356.2765,355.7446,-355.6936,-0.02234457,0.01277304,-1.613132e-05,-0.2323098,-0.2327499,-0.2324024,-0.2323691,1
3.9024,5.774741,-9.602299,-0.01695745,-0.004227495,-0.0001889171,10.25614,355.6107,-356.0991,355.594,-355.5301,-0.02241456,0.01281058,-2.254414e-05,-0.2323149,-0.232634,-0.232304,-0.2322623,1
4.213392,0.06208379,-14.18868,-0.01426349,-0.001485307,0.00218485,10.35385,355.0876,-356.0195,355.3054,-355.3986,-0.02247344,0.01285892,-3.770639e-05,-0.2319732,-0.232582,-0.2321155,-0.2321764,1
4.544146,0.3678457,-13.734,-0.01199125,0.001108407,0.00481174,10.45206,353.8975,-353.9269,354.3084,-353.2944,-0.02251208,0.01292854,-2.852494e-05,-0.2311957,-0.2312149,-0.2314642,-0.2308017,1
3.930384,-0.1989517,-14.37652,-0.01721562,-0.004175808,0.0001583423,10.55076,347.4705,-347.2241,347.3109,-346.7836,-0.02257635,0.01297417,-1.536451e-05,-0.2269971,-0.2268361,-0.2268928,-0.2265483,1
4.179075,0.03065825,-13.70178,-0.01424619,-0.002094902,0.001834251,10.64994,337.7606,-338.6678,337.6835,-338.266,-0.02263981,0.01301503,-3.475024e-05,-0.2206538,-0.2212464,-0.2206034,-0.2209839,1
4.212718,0.06134447,-13.27181,-0.01157462,-0.001477215,0.002316858,10.74957,328.5985,-328.7585,328.5654,-328.3542,-0.02267171,0.01306796,-3.25108e-05,-0.2146683,-0.2147728,-0.2146467,-0.2145087,1
4.148634,0.001894165,-12.96727,-0.01005745,-0.0019142,0.001815446,10.84961,319.7354,-319.5414,319.6714,-319.1379,-0.02268029,0.01312513,-2.854124e-05,-0.2088781,-0.2087514,-0.2088364,-0.2084879,1
4.089214,-0.05315473,-12.68904,-0.00874741,-0.00243796,0.001325958,10.95002,311.0172,-311.8181,310.919,-311.4013,-0.02268512,0.01316673,-3.855334e-05,-0.2031827,-0.2037059,-0.2031185,-0.2034336,1
4.096681,-0.04652539,-12.35211,-0.006392642,-0.00198096,0.001503925,11.05077,303.7212,-303.5909,303.6954,-303.1337,-0.02265359,0.01322673,-3.515053e-05,-0.1984163,-0.1983312,-0.1983995,-0.1980325,1
3.906082,-0.2226159,-12.2894,-0.006617866,-0.003552408,5.304558e-05,11.15182,296.3041,-296.6553,296.1541,-296.2117,-0.02261876,0.01327592,-3.675935e-05,-0.1935709,-0.1938003,-0.1934729,-0.1935105,1
3.998807,-0.1369932,-11.8871,-0.004449197,-0.002636964,0.0007587489,11.25314,289.4799,-290.3365,289.4221,-289.8562,-0.02257614,0.01331959,-5.061696e-05,-0.1891127,-0.1896723,-0.189075,-0.1893586,1
4.005565,-0.1308166,-11.61289,-0.002800042,-0.002211102,0.0009813856,11.3547,283.2835,-283.7878,283.2824,-283.2832,-0.02251412,0.01336952,-5.864706e-05,-0.1850647,-0.1853942,-0.185064,-0.1850645,1
3.447107,-0.6467955,-12.08567,-0.005630672,-0.006327451,-0.003041851,11.45648,277.4715,-277.7737,277.1395,-277.316,-0.02244951,0.01341176,-6.28505e-05,-0.1812678,-0.1814652,-0.1810509,-0.1811662,1
4.074403,-0.06713994,-11.03098,0.0001227947,-0.001088843,0.001657852,11.55844,271.4124,-272.7274,271.5287,-272.1846,-0.02236513,0.01346671,-8.808478e-05,-0.1773095,-0.1781686,-0.1773855,-0.177814,1
4.061265,-0.07909353,-10.82589,0.000736262,-0.001164881,0.001879863,11.66057,266.8201,-266.5768,266.943,-266.0388,-0.02225671,0.01353731,-7.36663e-05,-0.1743094,-0.1741505,-0.1743897,-0.173799,1
4.090341,-0.05184919,-10.57826,0.0007937391,-0.001376084,0.001932402,11.76284,262.3404,-261.8992,262.4438,-261.3749,-0.0221419,0.01361238,-6.170636e-05,-0.1713829,-0.1710947,-0.1714504,-0.1707521,1
4.404947,0.2392597,-9.996335,0.002795275,0.0004495273,0.004119969,11.86523,258.3481,-258.2202,258.6112,-257.6672,-0.02201925,0.01369276,-4.493757e-05,-0.1687748,-0.1686912,-0.1689467,-0.16833,1
4.125634,-0.01840003,-10.21614,0.0004264609,-0.002463616,0.001851467,11.96772,255.1418,-255.0114,255.1692,-254.4885,-0.02191662,0.01374713,-2.671192e-05,-0.1666802,-0.166595,-0.1666981,-0.1662534,1
4.206146,0.05615084,-9.986424,0.001743293,-0.001855171,0.002225106,12.07029,252.0815,-252.2548,252.1877,-251.6915,-0.02181045,0.01379848,-2.886498e-05,-0.1646809,-0.1647942,-0.1647503,-0.1644261,1
4.072235,-0.06742749,-10.04023,0.001486187,-0.002817085,0.001259227,12.17294,248.859,-249.5296,248.9059,-248.9631,-0.02170452,0.01384172,-3.196358e-05,-0.1625757,-0.1630138,-0.1626063,-0.1626437,1
4.14801,0.002707559,-9.819175,0.002871325,-0.001951405,0.001856771,12.27565,246.1898,-246.3448,246.3304,-245.7556,-0.02158124,0.01389765,-3.081201e-05,-0.1608319,-0.1609332,-0.1609239,-0.1605483,1
4.057492,-0.08065641,-9.819567,0.002389109,-0.002771969,0.001171822,12.37841,243.2971,-243.7907,243.3745,-243.2162,-0.02146248,0.01394501,-3.22651e-05,-0.1589422,-0.1592647,-0.1589928,-0.1588894,1
4.084077,-0.05589672,-9.678903,0.003141752,-0.002492724,0.001385689,12.48121,240.9665,-241.1799,241.0856,-240.5913,-0.02133331,0.01399904,-3.179901e-05,-0.1574197,-0.1575591,-0.1574974,-0.1571745,1
4.146409,0.00198049,-9.498452,0.003772137,-0.002160954,0.001839703,12.58403,238.4835,-239.0487,238.6398,-238.4538,-0.02120439,0.01404881,-3.416671e-05,-0.1557976,-0.1561668,-0.1558997,-0.1557781,1
4.015072,-0.1191356,-9.58026,0.003222559,-0.003243802,0.0008973411,12.68687,236.5059,-236.8647,236.5882,-236.2748,-0.02107503,0.0140942,-3.407316e-05,-0.1545056,-0.15474,-0.1545594,-0.1543546,1
3.906858,-0.2189171,-9.637895,0.002967662,-0.004056885,9.787701e-05,12.78972,234.4407,-235.0449,234.4726,-234.4539,-0.0209458,0.01413468,-4.144982e-05,-0.1531565,-0.1535512,-0.1531773,-0.1531651,1
3.700428,-0.409487,-9.828697,0.002181717,-0.005525091,-0.001334606,12.89256,232.2216,-233.4957,232.1466,-232.9096,-0.02082658,0.01415844,-6.011956e-05,-0.1517068,-0.1525391,-0.1516578,-0.1521562,1
3.984927,-0.1465563,-9.376827,0.005503482,-0.002755909,0.001006794,12.99539,230.6301,-230.8912,230.8184,-230.2503,-0.02067033,0.01421454,-6.640179e-05,-0.150667,-0.1508376,-0.1507901,-0.1504189,1
4.133295,-0.009043206,-9.096591,0.006168761,-0.001999055,0.002190324,13.0982,228.099,-229.4902,228.3383,-228.86,-0.02053024,0.01425105,-7.961717e-05,-0.1490135,-0.1499223,-0.1491699,-0.1495107,1
4.352409,0.1936331,-8.73907,0.008362154,-0.0001976679,0.003987113,13.20099,227.3152,-226.8506,227.7318,-226.1845,-0.02035554,0.01431967,-6.660525e-05,-0.1485015,-0.148198,-0.1487736,-0.1477628,1
3.821457,-0.2964489,-9.365651,0.003710319,-0.005133848,-8.344962e-05,13.30375,225.3084,-226.3683,225.3019,-225.7811,-0.02022254,0.01434324,-7.093641e-05,-0.1471905,-0.1478829,-0.1471862,-0.1474993,1
4.271312,0.1192984,-8.735767,0.008184185,-0.001260771,0.003312769,13.40646,224.6022,-224.8748,224.962,-224.1938,-0.02005424,0.01439838,-7.451661e-05,-0.1467292,-0.1469072,-0.1469642,-0.1464624,1
4.116608,-0.02323274,-8.886839,0.006705372,-0.002953535,0.002227004,13.50913,223.5149,-223.529,223.7408,-222.8813,-0.01988632,0.01444929,-5.817868e-05,-0.1460188,-0.146028,-0.1461664,-0.1456049,1
4.012516,-0.1190426,-8.983298,0.005748796,-0.004189555,0.001271844,13.61174,222.6478,-223.0853,222.7786,-222.4449,-0.01973301,0.01448378,-5.727666e-05,-0.1454524,-0.1457382,-0.1455378,-0.1453198,1
4.115058,-0.02408347,-8.824824,0.007055983,-0.003392998,0.002031859,13.7143,221.8898,-222.4732,222.1144,-221.7966,-0.0195726,0.01452027,-6.029031e-05,-0.1449571,-0.1453383,-0.1451039,-0.1448963,1
4.097183,-0.04034506,-8.816705,0.007228746,-0.003596575,0.001949147,13.8168,221.1723,-221.5957,221.3978,-220.9133,-0.01940716,0.01455738,-5.740528e-05,-0.1444884,-0.144765,-0.1446358,-0.1443192,1
4.058425,-0.07587788,-8.836262,0.00711246,-0.004018941,0.001640489,13.91924,220.4012,-221.011,220.603,-220.3275,-0.01924499,0.01458801,-5.968235e-05,-0.1439847,-0.144383,-0.1441165,-0.1439365,1
4.105346,-0.03229547,-8.748434,0.007868193,-0.003634872,0.002029029,14.02162,219.9067,-220.1888,220.161,-219.4875,-0.01907098,0.01462739,-5.68113e-05,-0.1436616,-0.1438459,-0.1438278,-0.1433878,1
4.353395,0.1972432,-8.398109,0.009525897,-0.001979755,0.003840328,14.12393,219.2771,-219.6368,219.6784,-218.9134,-0.01889003,0.01467222,-5.08762e-05,-0.1432503,-0.1434853,-0.1435125,-0.1430127,1
3.88215,-0.2378259,-8.995344,0.005901039,-0.006076518,0.0002943475,14.22617,218.951,-219.4132,219.0176,-218.7388,-0.01873139,0.01469084,-4.512909e-05,-0.1430373,-0.1433392,-0.1430808,-0.1428986,1
4.054232,-0.07869609,-8.760181,0.007996923,-0.004486635,0.001509401,14.32834,218.7654,-219.0338,218.9971,-218.3072,-0.01855271,0.01472672,-4.854991e-05,-0.142916,-0.1430914,-0.1430674,-0.1426167,1
4.516847,0.3491057,-8.140512,0.01114505,-0.00116308,0.00498015,14.43044,218.1023,-218.7383,218.6188,-217.9706,-0.01836334,0.01477116,-4.334486e-05,-0.1424829,-0.1428983,-0.1428203,-0.1423968,1
4.324553,0.1718331,-8.378636,0.009264508,-0.003181676,0.003501922,14.53246,218.5234,-217.9071,218.9741,-217.2641,-0.0181711,0.01523298,-1.587205e-05,-0.1427579,-0.1423553,-0.1430524,-0.1419353,1
4.350093,0.1958849,-8.345534,0.008953529,-0.003979753,0.003359687,14.63441,218.2272,-218.7047,218.6541,-218.0569,-0.01799719,0.01531878,-1.392487e-05,-0.1425644,-0.1428764,-0.1428433,-0.1424532,1
4.011041,-0.1171086,-8.801529,0.006935635,-0.007446787,0.0008297309,14.73628,218.2865,-219.0903,218.57,-218.5061,-0.01783297,0.01567194,-1.409971e-05,-0.1426032,-0.1431283,-0.1427884,-0.1427466,1
4.384095,0.2278172,-8.316586,0.01053592,-0.005394009,0.003594082,14.83807,218.5824,-218.5721,219.1371,-217.8822,-0.01763798,0.01569108,-1.018687e-05,-0.1427965,-0.1427897,-0.1431589,-0.1423391,1
3.974951,-0.149746,-8.843706,0.006980536,-0.01002324,0.0005235315,14.93979,218.2338,-218.7378,218.5588,-218.1917,-0.01746453,0.01615563,-7.337887e-07,-0.1425688,-0.142898,-0.1427811,-0.1425413,1
3.756198,-0.351615,-9.133602,0.005977225,-0.01278942,-0.00120375,15.04144,218.346,-218.9986,218.6076,-218.4921,-0.01729683,0.01647541,-8.533541e-06,-0.142642,-0.1430684,-0.142813,-0.1427374,1
4.16912,0.0302211,-8.595614,0.00974511,-0.01120467,0.001952058,15.14301,217.8696,-219.07,218.3913,-218.4381,-0.01711537,0.01643302,-2.416478e-05,-0.1423308,-0.143115,-0.1426716,-0.1427022,1
3.981187,-0.1430959,-8.827232,0.008604654,-0.01412319,0.0007663441,15.24451,217.8067,-218.3478,218.1752,-217.696,-0.01693188,0.01637264,-2.072312e-05,-0.1422898,-0.1426432,-0.1425305,-0.1422174,1
4.214796,0.07303871,-8.506738,0.01044518,-0.01339278,0.002471305,15.34593,217.6679,-217.9702,218.1689,-217.2607,-0.01673368,0.01631568,-2.048359e-05,-0.142199,-0.1423966,-0.1425264,-0.141933,1
-0.1023968,-0.2196874,-8.913999,0.007767892,-0.01712724,0.0001426431,15.44727,217.2723,-218.2065,217.599,-217.6005,-0.0165464,0.01662078,-1.915359e-05,-0.1419406,-0.1425509,-0.1421541,-0.142155,0
0.1167834,-0.01700066,-8.628613,0.009974483,-0.01629204,0.001769936,15.54854,217.7221,-217.7822,218.2225,-217.1137,-0.01634554,0.01654471,-1.448048e-05,-0.1422344,-0.1422738,-0.1425614,-0.141837,0
0.4515122,0.2927147,-8.190862,0.01180487,-0.01539323,0.004208839,15.64973,217.5998,-217.8818,218.3421,-217.2546,-0.01613841,0.01646244,-1.550745e-06,-0.1421546,-0.1423388,-0.1426395,-0.1419291,0
0.3988912,0.2445844,-8.270406,0.01065575,-0.01802014,0.003681194,15.75084,218.3935,-217.9442,219.1231,-217.4029,-0.01593356,0.01636449,2.707507e-05,-0.1426731,-0.1423796,-0.1431497,-0.1420259,0
-0.1024933,-0.2181987,-8.951264,0.006491322,-0.02470287,-0.0003582357,15.85187,218.8707,-219.2278,219.2599,-218.758,-0.01576072,0.01621307,3.620155e-05,-0.1429848,-0.1432181,-0.1432391,-0.1429112,0
0.02345921,-0.1016178,-8.822539,0.008284526,-0.02589265,0.0004779394,15.95283,219.4645,-220.0489,219.9968,-219.5181,-0.01557554,0.01604672,3.365029e-05,-0.1433727,-0.1437545,-0.1437205,-0.1434078,0
0.1405939,0.006921362,-8.688755,0.00932282,-0.02742874,0.00139201,16.05371,219.3049,-220.7229,219.9081,-220.1556,-0.01540061,0.01584068,2.351885e-05,-0.1432685,-0.1441949,-0.1436626,-0.1438242,0
0.1355292,0.002376169,-8.702331,0.01006612,-0.02939473,0.001502551,16.15453,219.8466,-220.2065,220.4792,-219.5959,-0.01520855,0.01562476,2.360488e-05,-0.1436224,-0.1438575,-0.1440356,-0.1434586,0
0.09941418,-0.03074429,-8.745012,0.00979045,-0.03184482,0.00126456,16.25527,219.3524,-220.5908,219.9312,-219.9606,-0.01502388,0.01537849,1.350607e-05,-0.1432995,-0.1441085,-0.1436776,-0.1436968,0
-0.2445386,-0.3484564,-9.194059,0.007822216,-0.03626142,-0.001120363,16.35595,219.4866,-220.4874,219.842,-219.8454,-0.01484331,0.01510536,8.609974e-06,-0.1433872,-0.1440409,-0.1436193,-0.1436216,0
-0.1495806,-0.2607028,-9.065805,0.009206353,-0.03687231,-0.0003170574,16.45656,219.2691,-220.3796,219.7001,-219.6762,-0.01465392,0.01482138,-5.846325e-06,-0.1432451,-0.1439706,-0.1435266,-0.1435111,0
0.3700299,0.2194922,-8.377209,0.01317558,-0.03418156,0.003746332,16.5571,219.2052,-219.6725,219.9634,-218.8835,-0.01443384,0.01455266,-3.817458e-07,-0.1432033,-0.1435086,-0.1436987,-0.1429932,0
-0.1149075,-0.2282933,-8.99988,0.008650588,-0.039924,0.0001411133,16.65757,218.9705,-219.9718,219.3052,-219.2302,-0.01425212,0.01423162,4.686283e-06,-0.14305,-0.1437042,-0.1432687,-0.1432196,0
0.1581693,0.02390519,-8.651114,0.01145628,-0.03850521,0.002148571,16.75797,219.5917,-219.7142,220.1348,-218.8741,-0.01404034,0.01392969,7.04698e-06,-0.1434558,-0.1435358,-0.1438107,-0.142987,0
0.2807599,0.1373355,-8.493285,0.01165463,-0.03888863,0.003073226,16.8583,219.1045,-220.2967,219.6513,-219.4306,-0.01384117,0.01360518,1.079912e-05,-0.1431376,-0.1439164,-0.1434948,-0.1433506,0
0.09101969,-0.03801769,-8.750027,0.0103443,-0.04112294,0.001671402,16.95856,220.2923,-219.7214,220.6995,-218.8336,-0.0136284,0.01328743,3.732029e-05,-0.1439135,-0.1435406,-0.1441796,-0.1429606,0
0.2927505,0.1484808,-8.499848,0.01106569,-0.04055527,0.002882087,17.05875,220.2194,-220.7779,220.6869,-219.8482,-0.01342521,0.01295723,4.418458e-05,-0.1438659,-0.1442308,-0.1441713,-0.1436234,0
0.2595372,0.1177726,-8.569779,0.01057415,-0.04144732,0.002587937,17.15887,220.9571,-221.2831,221.3656,-220.3193,-0.01322561,0.01261872,6.179477e-05,-0.1443478,-0.1445608,-0.1446147,-0.1439312,0
0.2220094,0.08301442,-8.642815,0.01017343,-0.04207704,0.002127354,17.25892,221.7082,-221.7401,222.0684,-220.7443,-0.01302589,0.01227825,7.596733e-05,-0.1448385,-0.1448594,-0.1450738,-0.1442088,0
0.288069,0.143967,-8.581541,0.01042257,-0.04178022,0.002468542,17.35891,222.2983,-222.369,222.6756,-221.3358,-0.01282061,0.01194384,9.251417e-05,-0.145224,-0.1452702,-0.1454705,-0.1445952,0
-0.06018122,-0.1778684,-9.063461,0.007422824,-0.04476088,-0.0002894553,17.45884,222.8958,-223.3093,222.9986,-222.2881,-0.01263618,0.01158932,0.0001059207,-0.1456144,-0.1458845,-0.1456815,-0.1452174,0
0.1564209,0.02201994,-8.812387,0.009363368,-0.04267983,0.001162014,17.55871,223.5063,-224.0454,223.7645,-222.9521,-0.01244511,0.01124304,0.0001054168,-0.1460132,-0.1463654,-0.1461819,-0.1456511,0
0.03093638,-0.09412228,-8.998206,0.008484341,-0.0433107,0.000249749,17.65852,223.813,-224.5042,223.9799,-223.3978,-0.01225865,0.01089317,0.0001090668,-0.1462136,-0.1466651,-0.1463226,-0.1459423,0
0.189352,0.05201123,-8.805538,0.009803317,-0.04148109,0.001384292,17.75828,224.1617,-224.7724,224.4354,-223.62,-0.01206521,0.010555,0.0001086765,-0.1464413,-0.1468403,-0.1466202,-0.1460875,0
-0.04483349,-0.1645578,-9.123133,0.007999214,-0.04283152,-0.0003368708,17.85799,224.2167,-225.2468,224.3167,-224.0995,-0.01188669,0.01020575,0.0001051724,-0.1464773,-0.1471503,-0.1465426,-0.1464007,0
0.1254904,-0.007505466,-8.910495,0.009781654,-0.04053335,0.0009706752,17.95765,224.1487,-225.5741,224.3834,-224.3697,-0.01170701,0.009862069,8.640734e-05,-0.1464328,-0.147364,-0.1465862,-0.1465772,0
-0.09756266,-0.2139384,-9.200976,0.00875213,-0.04119052,-0.0004417401,18.05725,224.1594,-225.1585,224.2769,-223.9488,-0.01152177,0.009527761,7.86809e-05,-0.1464398,-0.1470926,-0.1465166,-0.1463022,0
0.256496,0.1129545,-8.72718,0.0115262,-0.03741808,0.002281131,18.15681,223.8581,-224.88,224.2143,-223.6161,-0.01132042,0.009218743,6.883158e-05,-0.146243,-0.1469106,-0.1464757,-0.1460849,0
0.2582735,0.1145083,-8.716312,0.01105702,-0.03684266,0.002424855,18.25632,224.0538,-224.3463,224.3733,-223.0827,-0.01111266,0.008925859,8.292493e-05,-0.1463709,-0.146562,-0.1465796,-0.1457364,0
-0.01761006,-0.1404401,-9.077698,0.008349909,-0.03861503,0.0002221257,18.35578,223.8905,-225.1192,223.967,-223.8771,-0.01093844,0.008608779,7.584607e-05,-0.1462642,-0.1470668,-0.1463142,-0.1462554,0
0.07140134,-0.0585529,-8.975937,0.009872281,-0.03659139,0.0009739528,18.45518,224.4871,-224.8665,224.6782,-223.562,-0.01073829,0.008325187,7.577772e-05,-0.146654,-0.1469018,-0.1467788,-0.1460496,0
-0.01989717,-0.1429965,-9.095574,0.00875359,-0.0366041,0.0003055945,18.55453,223.7699,-225.6351,223.8598,-224.3381,-0.01056514,0.008022572,6.032096e-05,-0.1461854,-0.1474039,-0.1462441,-0.1465566,0
0.02985507,-0.09738506,-9.034103,0.01000156,-0.03470234,0.0008689972,18.65384,224.3352,-224.9002,224.5161,-223.5559,-0.01037009,0.007749995,5.646872e-05,-0.1465547,-0.1469238,-0.1466729,-0.1460456,0
0.3378024,0.1870532,-8.621556,0.01192642,-0.03135592,0.003201642,18.75309,224.0698,-224.6054,224.4358,-223.2322,-0.01015883,0.007506192,6.017278e-05,-0.1463813,-0.1467312,-0.1466204,-0.1458341,0
-0.1545605,-0.2678423,-9.262469,0.007442199,-0.03474423,-0.0004779715,18.85229,224.4071,-224.7279,224.3891,-223.4149,-0.009968561,0.00725398,7.76566e-05,-0.1466017,-0.1468112,-0.1465899,-0.1459534,0
-0.1077153,-0.2246916,-9.217731,0.007764709,-0.03344384,-0.0003427988,18.95144,224.7641,-225.4167,224.7759,-224.0677,-0.00978284,0.007009195,7.423477e-05,-0.1468349,-0.1472612,-0.1468426,-0.1463799,0
-0.05563694,-0.1767206,-9.168399,0.00824031,-0.03199718,8.118749e-05,19.05054,224.8221,-225.8915,224.8754,-224.5135,-0.009599739,0.006770015,6.962215e-05,-0.1468728,-0.1475714,-0.1469076,-0.1466712,0
0.1061225,-0.027416,-8.964688,0.009544577,-0.02955847,0.001330047,19.1496,224.9867,-225.8692,225.1595,-224.4586,-0.009412027,0.006545243,6.509649e-05,-0.1469803,-0.1475568,-0.1470932,-0.1466353,0
-0.2228161,-0.3314744,-9.395891,0.007147726,-0.03103686,-0.001049309,19.2486,224.9336,-225.9966,224.8926,-224.6121,-0.00923752,0.006316706,5.812514e-05,-0.1469456,-0.1476401,-0.1469188,-0.1467356,0
-0.0009398703,-0.1266823,-9.106236,0.009260381,-0.02787751,0.0006745478,19.34756,224.615,-226.1455,224.7561,-224.7131,-0.009057133,0.006104393,3.761533e-05,-0.1467375,-0.1477373,-0.1468297,-0.1468016,0
-0.02074066,-0.1451244,-9.124147,0.009362264,-0.02675806,0.0007788728,19.44647,224.695,-225.361,224.8475,-223.9236,-0.00886209,0.005916684,3.946497e-05,-0.1467897,-0.1472248,-0.1468893,-0.1462858,0
-0.2234165,-0.3323869,-9.376142,0.007456501,-0.02748857,-0.0007389836,19.54533,224.3584,-225.4731,224.3516,-224.0636,-0.00868403,0.005724106,3.183326e-05,-0.1465698,-0.147298,-0.1465654,-0.1463773,0
0.03612298,-0.09269826,-9.036675,0.009645621,-0.02425073,0.001275718,19.64414,224.4774,-225.1862,224.6693,-223.7284,-0.008487405,0.005561479,2.890514e-05,-0.1466476,-0.1471106,-0.146773,-0.1461583,0
0.1774627,0.03799206,-8.847453,0.01001239,-0.02250157,0.002358622,19.7429,224.5066,-224.978,224.7571,-223.5179,-0.008287722,0.005413995,4.013645e-05,-0.1466667,-0.1469746,-0.1468303,-0.1460208,0
-0.04196453,-0.1646308,-9.138835,0.007665118,-0.02372839,0.0005992004,19.84162,224.899,-225.2588,224.9637,-223.8264,-0.008103712,0.005262909,5.137704e-05,-0.1469231,-0.1471581,-0.1469653,-0.1462223,0
-0.03039059,-0.1539384,-9.141611,0.007645448,-0.02282073,0.0005434572,19.94028,225.0404,-226.041,225.1135,-224.5876,-0.007929086,0.005112265,4.569971e-05,-0.1470154,-0.147669,-0.1470631,-0.1467196,0
0.3947326,0.2388232,-8.601755,0.01087347,-0.01847209,0.003748295,20.03889,225.4609,-225.9227,225.8392,-224.4093,-0.007731099,0.004994715,5.260514e-05,-0.1472901,-0.1475918,-0.1475372,-0.1466031,0
-0.07042249,-0.1908012,-9.215489,0.006593339,-0.02171361,0.0002162615,20.13746,225.5376,-226.449,225.5599,-225.0031,-0.007566663,0.004852912,5.758692e-05,-0.1473402,-0.1479356,-0.1473547,-0.146991,0
0.3109504,0.1614656,-8.733709,0.009882567,-0.01752537,0.002964415,20.23599,226.2581,-226.3853,226.5862,-224.8683,-0.007371432,0.004753413,6.106698e-05,-0.1478109,-0.147894,-0.1480253,-0.146903,0
0.190293,0.05020466,-8.901127,0.007965575,-0.01820326,0.002015657,20.33446,225.7745,-227.3905,225.9623,-225.9097,-0.007209587,0.004629076,5.783533e-05,-0.147495,-0.1485507,-0.1476177,-0.1475833,0
0.03276721,-0.09546634,-9.122632,0.007431844,-0.01827098,0.0008753323,20.4329,226.427,-225.3245,227.4968,-227.0516,-0.00703208,0.004528659,6.504291e-05,-0.1479212,-0.147201,-0.1486201,-0.1483293,0
-0.07312604,-0.1929483,-9.266032,0.01201382,-0.02678362,-6.280883e-06,20.53129,223.7574,-218.2556,229.3966,-235.5914,-0.006836849,0.004385352,5.80752e-05,-0.1461772,-0.142583,-0.1498612,-0.1539082,0
0.09442075,-0.03475597,-9.040588,0.07924014,-0.1231231,0.001352969,20.62964,223.8695,-221.596,229.8081,-232.5523,-0.006110365,0.003474402,5.939794e-05,-0.1462505,-0.1447652,-0.1501301,-0.1519228,0
0.08878825,-0.03584115,-9.040245,0.1180152,-0.1993678,0.001394993,20.72795,224.4745,-223.2632,230.0264,-230.2419,-0.004905249,0.001746915,7.496004e-05,-0.1466457,-0.1458544,-0.1502727,-0.1504135,0
-0.05745537,-0.1666927,-9.228835,0.1329578,-0.2561823,0.0002725308,20.82623,224.9727,-224.7789,229.6144,-229.6662,-0.003500722,-0.0005859836,8.546079e-05,-0.1469712,-0.1468445,-0.1500035,-0.1500374,0
0.08131656,-0.03518316,-9.059328,0.1416188,-0.2969911,0.001320566,20.92446,225.4582,-226.1284,229.4125,-229.6751,-0.00200955,-0.003371781,8.371563e-05,-0.1472884,-0.1477261,-0.1498716,-0.1500432,0
-0.1794944,-0.274073,-9.412943,0.1445649,-0.3312428,-0.0004615705,21.02265,226.3796,-226.5689,229.5348,-229.1407,-0.0004667806,-0.006503002,8.746087e-05,-0.1478902,-0.1480139,-0.1499515,-0.149694,0
0.1425146,0.02462894,-9.000975,0.1499206,-0.353839,0.001954468,21.12081,226.5623,-227.4793,229.387,-229.1773,0.001114513,-0.009895138,7.234245e-05,-0.1480096,-0.1486087,-0.149855,-0.1497179,0
0.1143552,-0.0009451099,-9.048436,0.151314,-0.3735948,0.001955237,21.21893,227.5249,-227.4741,229.8437,-228.4334,0.002730606,-0.01347896,8.166572e-05,-0.1486385,-0.1486053,-0.1501533,-0.149232,0
0.2653478,0.1385474,-8.865627,0.152136,-0.3875348,0.002917319,21.31702,227.8424,-228.8128,229.7468,-229.0883,0.004336648,-0.01723587,6.711719e-05,-0.1488459,-0.1494799,-0.15009,-0.1496598,0
0.4757999,0.3322605,-8.623481,0.1534213,-0.3961931,0.004531421,21.41507,229.1322,-229.2815,230.7567,-228.8813,0.005959608,-0.02108726,6.254468e-05,-0.1496885,-0.149786,-0.1507497,-0.1495246,0
-0.05762319,-0.1616972,-9.348849,0.1477511,-0.407137,0.0004522919,21.51309,229.9667,-230.5561,230.7895,-229.6227,0.007549242,-0.02503481,4.978415e-05,-0.1502337,-0.1506187,-0.1507712,-0.1500089,0
-0.05498894,-0.160983,-9.38803,0.1463641,-0.4096348,0.0003521526,21.61109,230.5923,-232.2871,231.0507,-230.7585,0.009112508,-0.02902922,2.499985e-06,-0.1506423,-0.1517496,-0.1509418,-0.1507509,0
0.3682423,0.2278937,-8.869739,0.1478373,-0.4051621,0.003709252,21.70906,231.6312,-232.2759,232.0574,-230.1501,0.01069163,-0.03298814,-2.712105e-05,-0.1513211,-0.1517423,-0.1515995,-0.1503535,0
-0.1337628,-0.2381184,-9.539984,0.14037,-0.4058212,-4.307702e-05,21.807,232.0584,-233.1252,231.7408,-230.5857,0.01221504,-0.03694432,-5.92111e-05,-0.1516001,-0.1522971,-0.1513927,-0.150638,0
0.2554787,0.1188649,-9.063621,0.1401943,-0.3960374,0.002755337,21.90493,232.3075,-234.5249,231.9275,-231.4552,0.01370377,-0.0408451,-0.000128471,-0.1517629,-0.1532115,-0.1515146,-0.1512061,0
0.2486959,0.1096386,-9.095592,0.1370786,-0.3865876,0.003030574,22.00283,232.9678,-234.2526,232.3189,-230.7462,0.01516943,-0.04461422,-0.0001745212,-0.1521942,-0.1530336,-0.1517703,-0.1507429,0
0.1161903,-0.0157603,-9.27181,0.1318452,-0.3762621,0.002062745,22.10072,233.1307,-234.5799,232.0832,-230.7,0.01659741,-0.04830946,-0.0002268433,-0.1523006,-0.1532474,-0.1516164,-0.1507128,0
-0.03189709,-0.1557276,-9.480201,0.126576,-0.3639121,0.001024735,22.19859,233.2321,-235.2809,231.8131,-231.0404,0.01797365,-0.05188605,-0.000289875,-0.1523669,-0.1537054,-0.1514399,-0.1509351,0
0.1381676,-0.001919772,-9.271393,0.1239062,-0.3468911,0.002448289,22.29644,233.2552,-235.4855,231.7293,-230.8742,0.0193122,-0.05531039,-0.0003598793,-0.152382,-0.1538391,-0.1513852,-0.1508265,0
0.3091077,0.1526927,-9.047432,0.1208452,-0.3282921,0.003961044,22.39427,233.5127,-234.7687,231.8963,-229.8373,0.02062956,-0.05854439,-0.0004080145,-0.1525502,-0.1533708,-0.1514942,-0.1501491,0
0.1520743,0.004497949,-9.246987,0.1141521,-0.3115383,0.002795602,22.49209,233.29,-235.1008,231.3095,-229.9418,0.02188327,-0.06161287,-0.0004572297,-0.1524047,-0.1535877,-0.1511109,-0.1502174,0
0.49606,0.3191139,-8.809858,0.1118031,-0.2893022,0.005353291,22.58989,233.4818,-235.3676,231.5424,-229.925,0.02309547,-0.06448179,-0.0005103231,-0.15253,-0.1537619,-0.151263,-0.1502065,0
0.1921067,0.03512441,-9.21618,0.1045681,-0.2712415,0.003194002,22.68766,233.9153,-235.1535,231.6106,-229.5402,0.02425732,-0.06715038,-0.0005442784,-0.1528132,-0.1536221,-0.1513076,-0.1499551,0
-0.1499124,-0.2839795,-9.671859,0.09711298,-0.2526298,0.0005517305,22.78542,233.5509,-236.172,230.8766,-230.414,0.02534315,-0.06963717,-0.0006062767,-0.1525752,-0.1542875,-0.1508281,-0.1505259,0
-0.03093513,-0.1773092,-9.528336,0.09440378,-0.2289892,0.001690233,22.88316,233.6277,-235.8026,231.0087,-229.8492,0.02640356,-0.07188651,-0.0006604783,-0.1526254,-0.1540461,-0.1509144,-0.1501569,0
0.107978,-0.05182362,-9.331877,0.09069446,-0.20534,0.002943892,22.98087,233.0224,-235.1866,230.4268,-229.1357,0.02740015,-0.07383804,-0.0007023997,-0.1522299,-0.1536438,-0.1505343,-0.1496908,0
0.3372094,0.1573686,-9.014888,0.08739896,-0.1810614,0.004778419,23.07857,232.6777,-234.5897,230.1507,-228.438,0.02837689,-0.07562748,-0.0007331003,-0.1520047,-0.1532538,-0.1503538,-0.149235,0
-0.05554102,-0.2079362,-9.516121,0.07961718,-0.1617757,0.001945568,23.17624,232.1098,-234.6417,229.2513,-228.4741,0.02928015,-0.07722117,-0.0007683937,-0.1516337,-0.1532878,-0.1497663,-0.1492586,0
0.162128,-0.009301567,-9.223843,0.077632,-0.1369937,0.003740035,23.27389,231.6429,-234.2003,228.9648,-227.9419,0.03015363,-0.078577,-0.0008082491,-0.1513287,-0.1529994,-0.1495792,-0.1489109,0
0.1528918,-0.0199502,-9.211699,0.07340723,-0.1145268,0.003993477,23.37151,231.0508,-233.0823,228.3812,-226.8183,0.03099387,-0.0796991,-0.0008210923,-0.1509419,-0.152269,-0.1491979,-0.1481768,0
0.07970719,-0.0893309,-9.278948,0.06825373,-0.09325795,0.003527592,23.4691,230.7058,-232.2686,227.9832,-226.038,0.03179171,-0.08059745,-0.0008200571,-0.1507165,-0.1517375,-0.1489379,-0.1476671,0
-0.1207149,-0.2760414,-9.527857,0.06228185,-0.07359256,0.00202826,23.56666,229.9291,-232.5574,227.0759,-226.3837,0.03252196,-0.08130713,-0.0008320384,-0.1502091,-0.1519262,-0.1483451,-0.147893,0
0.4173163,0.2195581,-8.817908,0.0629757,-0.04802326,0.006212018,23.66418,230.2316,-231.1935,227.8434,-224.9916,0.03325851,-0.08175841,-0.0008119931,-0.1504067,-0.1510351,-0.1488466,-0.1469835,0
0.3097909,0.1194311,-8.938581,0.05675493,-0.02955184,0.005328589,23.76166,229.4342,-231.3531,226.9341,-225.2842,0.03392459,-0.08203574,-0.0007848723,-0.1498858,-0.1511393,-0.1482525,-0.1471746,0
0.4639934,0.2610343,-8.743073,0.05410487,-0.009061638,0.006351667,23.85911,230.1924,-230.9388,227.8754,-224.9296,0.03456597,-0.08210205,-0.0007441718,-0.1503811,-0.1508687,-0.1488674,-0.146943,0
0.1701304,-0.01099034,-9.136116,0.04768214,0.006640013,0.003970588,23.95651,230.0735,-231.5636,227.6097,-225.703,0.03515002,-0.08200296,-0.0007043553,-0.1503035,-0.1512769,-0.1486939,-0.1474483,0
0.1620876,-0.018901,-9.165154,0.0444524,0.02419147,0.003766701,24.05388,230.6828,-231.7263,228.3408,-225.9681,0.03570713,-0.0817183,-0.0006576106,-0.1507015,-0.1513832,-0.1491715,-0.1476215,0
0.4450815,0.2424679,-8.810862,0.04292747,0.04272657,0.005693385,24.15121,230.4274,-232.3947,228.3644,-226.7465,0.03622204,-0.0812768,-0.0006199724,-0.1505346,-0.1518198,-0.1491869,-0.14813,0
0.1544249,-0.02610646,-9.202583,0.03804626,0.05605468,0.003543081,24.24851,231.1163,-231.9381,229.0126,-226.4581,0.03670891,-0.08067672,-0.0005601551,-0.1509847,-0.1515215,-0.1496104,-0.1479416,0
-0.01042747,-0.1781425,-9.422256,0.03395477,0.06913918,0.002109049,24.34577,230.649,-232.7129,228.5687,-227.4053,0.03715013,-0.07994848,-0.0005231758,-0.1506794,-0.1520277,-0.1493204,-0.1485603,0
0.3239265,0.1311439,-8.993078,0.03445354,0.08544547,0.004683289,24.443,230.5842,-232.4654,228.9161,-227.2659,0.03758085,-0.07907057,-0.0004774155,-0.150637,-0.151866,-0.1495473,-0.1484693,0
0.1502424,-0.02858565,-9.208847,0.03067543,0.09622206,0.003449357,24.54019,230.7189,-231.568,229.0871,-226.5697,0.03799111,-0.07806417,-0.0004070248,-0.150725,-0.1512798,-0.149659,-0.1480144,0
0.2125885,0.03006076,-9.119101,0.02839541,0.1074263,0.003702808,24.63735,230.1019,-232.1105,228.6315,-227.2907,0.03836111,-0.07696209,-0.0003579093,-0.150322,-0.1516342,-0.1493614,-0.1484855,0
0.08601677,-0.08586822,-9.286997,0.02588609,0.1164675,0.002842811,24.73448,230.5644,-231.3876,229.2072,-226.7413,0.03872484,-0.07574491,-0.0002834434,-0.1506242,-0.151162,-0.1497375,-0.1481266,0
0.3525817,0.1618695,-8.931533,0.02534959,0.1269132,0.00461571,24.83158,230.0634,-231.6671,229.0067,-227.1878,0.03906295,-0.07444336,-0.0002203158,-0.1502968,-0.1513445,-0.1496065,-0.1484182,0
-0.07454844,-0.2312982,-9.492538,0.02041277,0.1309574,0.001414949,24.92863,230.3408,-231.5051,229.1614,-227.2477,0.03936824,-0.07308058,-0.0001471038,-0.1504781,-0.1512387,-0.1497076,-0.1484574,0
0.1992372,0.02322952,-9.135223,0.02116331,0.1397157,0.003282492,25.02566,230.0785,-231.6373,229.2697,-227.5162,0.03966628,-0.0716426,-9.08146e-05,-0.1503067,-0.1513251,-0.1497783,-0.1486328,0
0.2670872,0.08772743,-9.041203,0.02012245,0.1455269,0.003846447,25.12265,230.161,-230.9599,229.5629,-227.0177,0.03996231,-0.07013538,-6.774334e-06,-0.1503606,-0.1508825,-0.1499699,-0.1483071,0
0.09441108,-0.06972475,-9.259007,0.01670188,0.1479327,0.002305661,25.21961,230.3252,-230.9464,229.7257,-227.2203,0.04023207,-0.06859282,7.831441e-05,-0.1504679,-0.1508737,-0.1500762,-0.1484395,0
0.1138882,-0.04963495,-9.245027,0.01529245,0.1510047,0.002162613,25.31653,230.3499,-231.6422,229.9016,-228.0828,0.04047678,-0.06702813,0.0001464884,-0.150484,-0.1513283,-0.1501911,-0.1490029,0
0.3366152,0.15825,-8.966605,0.01597665,0.1550066,0.003712497,25.41343,230.6819,-231.528,230.5552,-228.1042,0.04072294,-0.06542692,0.0002224572,-0.1507009,-0.1512536,-0.1506181,-0.1490169,0
0.07984525,-0.07667622,-9.303631,0.0126132,0.1539682,0.001616528,25.51029,230.9192,-231.5309,230.7514,-228.3141,0.04094956,-0.0638193,0.0003043285,-0.1508559,-0.1512555,-0.1507463,-0.1491541,0
-0.02188586,-0.1683484,-9.445442,0.01078794,0.1533993,0.0005723353,25.60712,231.0154,-232.127,230.9223,-229.0774,0.04115655,-0.06221542,0.0003695688,-0.1509188,-0.1516449,-0.150858,-0.1496527,0
0.4822398,0.2997893,-8.798333,0.01374004,0.1569171,0.00418158,25.70392,231.3367,-231.9674,231.7366,-229.0132,0.04137899,-0.06058926,0.0004438862,-0.1511287,-0.1515407,-0.1513899,-0.1496108,0
0.449762,0.2724332,-8.843061,0.01164651,0.1547254,0.003699788,25.8007,231.8994,-231.7719,232.3545,-229.0035,0.04159109,-0.05897339,0.0005393013,-0.1514963,-0.1514129,-0.1517936,-0.1496044,0
0.1884408,0.03364543,-9.202756,0.007986779,0.1499019,0.001236901,25.89744,232.4032,-232.9199,232.7531,-230.3353,0.04176848,-0.05740088,0.0006138008,-0.1518254,-0.152163,-0.1520539,-0.1504744,0
0.1640408,0.01351798,-9.270516,0.00735417,0.1469129,0.0007289146,25.99417,232.961,-233.9574,233.4383,-231.4876,0.04193417,-0.05586087,0.0006712235,-0.1521898,-0.1528408,-0.1525016,-0.1512272,0
0.03097172,-0.1070421,-9.466598,0.006160959,0.1426486,-0.000414724,26.09087,233.1878,-234.4524,233.7259,-232.1138,0.04208785,-0.05436249,0.000719297,-0.152338,-0.1531641,-0.1526895,-0.1516363,0
-0.03651142,-0.1670458,-9.560829,0.005721889,0.1385494,-0.0009992755,26.18756,233.485,-234.2121,234.144,-232.0111,0.04220826,-0.05283983,0.0007686705,-0.1525321,-0.1530071,-0.1529626,-0.1515692,0
0.316527,0.1616864,-9.095135,0.007598497,0.1367279,0.001478454,26.28423,233.2229,-234.2585,234.2105,-232.1464,0.04237375,-0.05140005,0.0008158486,-0.1523609,-0.1530375,-0.1530061,-0.1516576,0
-0.1881169,-0.3020232,-9.75268,0.00302854,0.1274159,-0.002392618,26.38088,233.4418,-234.3129,234.1625,-232.3704,0.04251125,-0.05003366,0.0008657677,-0.1525039,-0.153073,-0.1529747,-0.151804,0
0.1176289,-0.01718198,-9.358125,0.005290739,0.1246369,-0.0003591186,26.47752,233.4397,-234.5797,234.486,-232.6989,0.04261496,-0.04866176,0.0008922506,-0.1525025,-0.1532472,-0.1531861,-0.1520186,0
0.271888,0.1277797,-9.154698,0.005920921,0.1199799,0.0008038675,26.57414,233.2409,-234.3967,234.4672,-232.6121,0.042719,-0.04734363,0.0009300897,-0.1523726,-0.1531277,-0.1531738,-0.1519619,0
0.2517383,0.1115907,-9.1732,0.005092738,0.11347,0.0005002561,26.67075,233.7136,-233.9037,234.9828,-232.2075,0.0428683,-0.0461227,0.0009781884,-0.1526814,-0.1528056,-0.1535106,-0.1516975,0
0.01017308,-0.1091707,-9.491643,0.002329434,0.1047305,-0.001605906,26.76735,233.4826,-234.8328,234.6109,-233.24,0.0429868,-0.04499162,0.0010014,-0.1525306,-0.1534126,-0.1532676,-0.1523721,0
0.3119753,0.1717981,-9.110892,0.004726833,0.1008346,0.0005474165,26.86393,234.0615,-234.6617,235.4905,-233.0754,0.04312743,-0.0438996,0.001030226,-0.1529087,-0.1533008,-0.1538423,-0.1522645,0
0.1735558,0.04620492,-9.292198,0.002610971,0.09270155,-0.0006508737,26.96049,234.0236,-234.9422,235.3672,-233.4515,0.04324985,-0.04288727,0.001058578,-0.152884,-0.1534841,-0.1537617,-0.1525103,0
0.1335825,0.01134828,-9.353508,0.001870307,0.08562601,-0.001166954,27.05705,234.2747,-235.4213,235.6333,-233.9792,0.04335983,-0.04194947,0.001069923,-0.153048,-0.1537971,-0.1539356,-0.1528549,0
0.254338,0.1248408,-9.204199,0.002642857,0.08001792,-0.0003336708,27.1536,234.7282,-235.1762,236.2326,-233.7573,0.04348746,-0.04105655,0.001091901,-0.1533443,-0.1536369,-0.1543271,-0.15271,0
0.1830039,0.06099398,-9.298688,0.0008706704,0.07228119,-0.001078468,27.25014,234.3434,-236.0528,235.7744,-234.7037,0.04358284,-0.04025756,0.001094627,-0.1530929,-0.1542096,-0.1540278,-0.1533283,0
0.3962123,0.2596814,-9.031916,0.002516049,0.06757128,0.0004597711,27.34666,235.052,-235.7065,236.6891,-234.3647,0.04364763,-0.0394659,0.001102527,-0.1535558,-0.1539834,-0.1546253,-0.1531068,0
0.1617943,0.04487158,-9.337046,-4.735492e-05,0.05887435,-0.001398236,27.44318,234.6751,-236.2432,236.1464,-234.9671,0.04373473,-0.03879995,0.001097317,-0.1533096,-0.154334,-0.1542708,-0.1535003,0
0.007305912,-0.09640539,-9.542596,-0.0009947633,0.05147776,-0.002553074,27.5397,235.0465,-236.1462,236.4717,-234.8875,0.04381641,-0.03818457,0.001090987,-0.1535522,-0.1542706,-0.1544833,-0.1534483,0
0.2783421,0.1555111,-9.185662,0.0005696501,0.04732314,-0.0005761581,27.6362,234.8445,-236.14,236.4613,-234.9041,0.04381701,-0.03755221,0.001081192,-0.1534202,-0.1542666,-0.1544765,-0.1534592,0
-0.0200973,-0.1187802,-9.571569,-0.002290678,0.03851137,-0.002791728,27.7327,234.8628,-236.1951,236.2635,-235.0173,0.04385303,-0.03704482,0.001071899,-0.1534322,-0.1543026,-0.1543473,-0.1535331,0
-0.1426784,-0.2308636,-9.732019,-0.003006318,0.03169484,-0.003751984,27.8292,234.9233,-236.3057,236.2759,-235.1155,0.04392729,-0.03662974,0.001047222,-0.1534717,-0.1543748,-0.1543553,-0.1535973,0
0.2153893,0.1011082,-9.259737,-0.000527494,0.02887835,-0.0009977488,27.92569,234.3009,-236.4548,235.8991,-235.2178,0.04400434,-0.03626783,0.001013221,-0.1530651,-0.1544722,-0.1541092,-0.1536641,0
0.2746569,0.1569354,-9.168027,-0.0005212505,0.02389466,-0.0003572429,28.02217,234.833,-235.1562,236.4698,-233.9171,0.04410193,-0.03593595,0.001015058,-0.1534127,-0.1536239,-0.154482,-0.1528144,0
0.2357289,0.122212,-9.20644,-0.002578946,0.01762974,-0.0008850399,28.11865,234.6053,-235.6572,236.1182,-234.4493,0.04417558,-0.03567091,0.001003448,-0.153264,-0.1539512,-0.1542524,-0.1531621,0
0.407598,0.2820043,-8.997476,-0.002236292,0.01368592,0.0002745613,28.21512,235.1398,-236.1062,236.7252,-234.865,0.04424527,-0.03545275,0.0009919903,-0.1536132,-0.1542445,-0.1546489,-0.1534336,0
0.1968549,0.08817689,-9.290109,-0.004771631,0.007024184,-0.001415812,28.31158,235.4001,-236.8378,236.7963,-235.6106,0.04428826,-0.03530394,0.0009690739,-0.1537832,-0.1547224,-0.1546953,-0.1539207,0
0.2857935,0.1709387,-9.19107,-0.004209184,0.003638036,-0.0007819987,28.40803,235.8707,-237.0566,237.3414,-235.7878,0.04433762,-0.03518765,0.0009406697,-0.1540906,-0.1548654,-0.1550515,-0.1540365,0
0.1647093,0.05966612,-9.35521,-0.005806847,-0.001383006,-0.001640823,28.50449,235.9273,-237.2859,237.2909,-236.0244,0.0443789,-0.03511449,0.0009159899,-0.1541276,-0.1550152,-0.1550185,-0.1541911,0
0.1753417,0.06999744,-9.347152,-0.00641566,-0.005050395,-0.001584367,28.60094,235.918,-237.7557,237.2565,-236.4799,0.04440348,-0.0350894,0.0008773176,-0.1541216,-0.1553221,-0.154996,-0.1544886,0
0.06990636,-0.0271249,-9.490191,-0.00730142,-0.009003446,-0.002229674,28.69739,236.3458,-237.3848,237.6248,-236.0935,0.04443513,-0.03508703,0.0008489839,-0.154401,-0.1550798,-0.1552366,-0.1542362,0
-0.0145709,-0.1048254,-9.596597,-0.008757403,-0.01285986,-0.00284356,28.79383,235.8295,-237.9589,237.0065,-236.6706,0.0444448,-0.03513175,0.0008033277,-0.1540638,-0.1554548,-0.1548327,-0.1546132,0
0.08968311,-0.008378912,-9.461149,-0.008055949,-0.01450947,-0.001864528,28.89028,235.8363,-237.7529,237.0869,-236.4221,0.04445492,-0.03520022,0.0007578335,-0.1540682,-0.1553203,-0.1548852,-0.1544509,0
0.2468959,0.136986,-9.243492,-0.007328187,-0.01558234,-0.0004905206,28.98673,235.5373,-237.2697,236.8733,-235.9098,0.04446779,-0.03528616,0.0007159616,-0.1538729,-0.1550046,-0.1547457,-0.1541162,0
0.132943,0.03180059,-9.375769,-0.008927149,-0.01870799,-0.001157173,29.08318,235.5286,-236.7022,236.7502,-235.3486,0.0444803,-0.03538757,0.0006888645,-0.1538672,-0.1546339,-0.1546653,-0.1537496,0
0.03839841,-0.05543722,-9.491003,-0.01070202,-0.02163775,-0.001854084,29.17962,235.2055,-237.0928,236.2979,-235.7444,0.04446026,-0.03551634,0.000649021,-0.1536561,-0.154889,-0.1543697,-0.1540081,0
-0.04610743,-0.1336278,-9.60414,-0.01155788,-0.02376975,-0.002328411,29.27606,235.5183,-236.825,236.548,-235.4684,0.04440107,-0.03562724,0.0006154958,-0.1538604,-0.1547141,-0.1545331,-0.1538278,0
0.1585858,0.05542718,-9.332391,-0.0107269,-0.02362456,-0.000732065,29.37249,235.35,-236.7823,236.4782,-235.4165,0.04430345,-0.03571565,0.0005816597,-0.1537505,-0.1546862,-0.1544875,-0.1537939,0
0.188607,0.08311015,-9.291229,-0.01141129,-0.02489003,-0.0004135531,29.46892,235.493,-236.7038,236.5858,-235.3192,0.04428913,-0.03588191,0.0005581676,-0.1538439,-0.1546349,-0.1545578,-0.1537304,0
0.4416507,0.3168314,-8.964851,-0.01054251,-0.02418536,0.001432653,29.56535,235.3774,-237.1918,236.5739,-235.7678,0.04425003,-0.0360603,0.0005205459,-0.1537684,-0.1549537,-0.1545501,-0.1540235,0
-0.0261406,-0.115678,-9.583205,-0.01428044,-0.02849871,-0.001876864,29.66177,235.7804,-237.0798,236.6545,-235.6922,0.04416734,-0.03623434,0.0004913399,-0.1540317,-0.1548806,-0.1546027,-0.1539741,0
0.04962619,-0.04605436,-9.484544,-0.0138238,-0.02814578,-0.001266179,29.75819,235.728,-237.2095,236.6566,-235.7859,0.04412228,-0.03642309,0.0004538125,-0.1539974,-0.1549653,-0.1546041,-0.1540353,0
0.01558259,-0.07779089,-9.52824,-0.014801,-0.02879295,-0.001349147,29.85461,235.483,-237.3562,236.3473,-235.9608,0.04398248,-0.03656429,0.0004199817,-0.1538374,-0.1550611,-0.154402,-0.1541496,0
0.06032848,-0.03685526,-9.468116,-0.01468539,-0.02846483,-0.0008880383,29.95102,235.342,-237.3577,236.2216,-235.9315,0.04392053,-0.03678407,0.0003739611,-0.1537452,-0.1550621,-0.1543199,-0.1541304,0
-0.130087,-0.213346,-9.70785,-0.01580907,-0.029479,-0.002007034,30.04744,235.187,-236.7912,235.9645,-235.3558,0.04386393,-0.03699694,0.0003349528,-0.153644,-0.154692,-0.1541519,-0.1537543,0
-0.03903604,-0.1296806,-9.568653,-0.01550149,-0.02833441,-0.001109822,30.14384,234.6903,-236.3929,235.5137,-234.9428,0.04381263,-0.03719623,0.0003010603,-0.1533195,-0.1544318,-0.1538575,-0.1534845,0
0.3343549,0.2149878,-9.06536,-0.01374284,-0.02518528,0.001833354,30.24024,234.4778,-235.923,235.4925,-234.446,0.04375371,-0.03737572,0.0002785036,-0.1531807,-0.1541248,-0.1538436,-0.15316,0
0.4398141,0.3121503,-8.919116,-0.01422151,-0.02422804,0.002676808,30.33664,234.6549,-235.5556,235.6671,-234.0942,0.04365937,-0.03752985,0.0002665516,-0.1532964,-0.1538848,-0.1539576,-0.1529301,0
-0.01017168,-0.1039733,-9.509093,-0.0184311,-0.02746506,-0.0007038636,30.43302,235.1554,-235.6703,235.8235,-234.2531,0.04358899,-0.0377118,0.0002616034,-0.1536234,-0.1539598,-0.1540598,-0.1530339,0
-0.09714694,-0.1847334,-9.638551,-0.01979296,-0.02758432,-0.001482136,30.5294,234.9912,-236.9347,235.5641,-235.515,0.04349321,-0.03790587,0.0002300021,-0.1535161,-0.1547858,-0.1538904,-0.1538583,0
0.2295198,0.1165056,-9.230656,-0.01726855,-0.02376645,0.001119764,30.62577,235.3228,-236.8613,236.1368,-235.3857,0.04340657,-0.0380798,0.0002030515,-0.1537327,-0.1547378,-0.1542645,-0.1537738,0
0.4307428,0.3019563,-8.963915,-0.01640151,-0.02113287,0.002761242,30.72214,235.3922,-236.3337,236.3212,-234.8566,0.04332724,-0.0382316,0.0001897877,-0.153778,-0.1543932,-0.1543849,-0.1534281,0
0.2623712,0.1460195,-9.178265,-0.01874749,-0.02168147,0.001525152,30.8185,235.7936,-236.1094,236.5633,-234.6794,0.04324662,-0.03836527,0.0001951012,-0.1540403,-0.1542466,-0.1545432,-0.1533124,0
0.3699195,0.2451248,-9.050084,-0.01939882,-0.02031129,0.002115202,30.91486,236.0699,-236.9863,236.8362,-235.5699,0.04314937,-0.03849505,0.0001925328,-0.1542208,-0.1548195,-0.1547214,-0.1538942,0
-0.07075737,-0.1624487,-9.65538,-0.02333942,-0.02290943,-0.001250496,31.01121,236.6408,-237.9513,237.0839,-236.5854,0.04301693,-0.03864596,0.0001784879,-0.1545938,-0.1554499,-0.1548832,-0.1545575,0
0.2884029,0.1687216,-9.210831,-0.02018345,-0.01833055,0.001427834,31.10756,236.9931,-238.2437,237.7329,-236.8215,0.04290268,-0.03876412,0.0001519657,-0.1548239,-0.1556409,-0.1553072,-0.1547118,0
0.1439519,0.03476802,-9.402093,-0.02171577,-0.01819839,0.0005607728,31.20391,237.1568,-237.9238,237.7971,-236.5497,0.04279225,-0.03886269,0.0001522793,-0.1549308,-0.1554319,-0.1553491,-0.1545343,0
0.1446696,0.03505994,-9.402448,-0.02265509,-0.01724436,0.0004566513,31.30026,237.3266,-238.3177,237.9258,-236.9785,0.04266738,-0.03895616,0.0001442637,-0.1550417,-0.1556893,-0.1554333,-0.1548144,0
0.2320988,0.1153997,-9.303992,-0.0224355,-0.01544252,0.001098961,31.39661,237.7858,-238.5266,238.4359,-237.1946,0.04254319,-0.03903279,0.0001400705,-0.1553417,-0.1558257,-0.1557664,-0.1549556,0
-0.4257713,-0.4928922,-10.17549,-0.02768315,-0.0195589,-0.003802535,31.49297,237.5611,-239.5415,237.7574,-238.3005,0.04237374,-0.03914278,0.0001124748,-0.1551949,-0.1564887,-0.1553232,-0.155678,0
0.08674842,-0.0201594,-9.51598,-0.02255088,-0.0133455,0.0002186914,31.58933,237.5371,-239.2763,238.1817,-237.9569,0.04223678,-0.03920846,7.469729e-05,-0.1551793,-0.1563155,-0.1556004,-0.1554535,0
0.02430118,-0.07834537,-9.576197,-0.02320663,-0.01251152,0.0001497724,31.68569,236.9929,-238.3339,237.5993,-237.0687,0.04210361,-0.03925831,6.449473e-05,-0.1548238,-0.1556998,-0.1552199,-0.1548733,0
0.06816563,-0.03821697,-9.494061,-0.02337871,-0.01111253,0.0005492602,31.78206,236.8527,-237.7565,237.4689,-236.5264,0.04197014,-0.03929171,5.610307e-05,-0.1547322,-0.1553226,-0.1551348,-0.154519,0
0.09551882,-0.01328348,-9.448913,-0.02371462,-0.01006138,0.0008176477,31.87843,236.7674,-237.5516,237.3794,-236.3695,0.04178672,-0.0392662,5.524609e-05,-0.1546765,-0.1551888,-0.1550763,-0.1544165,0
0.06018068,-0.046224,-9.493511,-0.02458236,-0.009718467,0.0005406194,31.97481,236.562,-237.9462,237.1148,-236.7988,0.04162495,-0.03928334,4.548969e-05,-0.1545423,-0.1554465,-0.1549034,-0.154697,0
0.06222191,-0.04479658,-9.495657,-0.02427558,-0.008652134,0.0006454274,32.07118,236.8427,-237.7017,237.4251,-236.5714,0.04144146,-0.03926198,3.863913e-05,-0.1547257,-0.1552868,-0.1551061,-0.1545484,0
-0.04859408,-0.147569,-9.636047,-0.02511059,-0.008701223,-0.0001076691,32.16755,236.4326,-237.8857,236.9439,-236.7869,0.04128599,-0.03927509,2.376331e-05,-0.1544578,-0.155407,-0.1547918,-0.1546892,0
0.1297436,0.01676371,-9.3974,-0.02348109,-0.006251597,0.001376101,32.26392,236.374,-237.4772,237.0328,-236.3729,0.04114303,-0.03926751,1.463488e-05,-0.1544194,-0.1551401,-0.1548499,-0.1544187,0
0.2018479,0.08309342,-9.2907,-0.02329535,-0.005032894,0.002020429,32.36029,236.0342,-237.1993,236.7243,-236.1259,0.04099628,-0.03925515,8.865421e-06,-0.1541975,-0.1549586,-0.1546483,-0.1542574,0
-0.02729311,-0.1289584,-9.580479,-0.02504993,-0.006123934,0.0004021079,32.45667,236.2361,-236.7262,236.7791,-235.7038,0.04085064,-0.03923298,1.325752e-05,-0.1543294,-0.1546495,-0.1546841,-0.1539816,0
-0.09737347,-0.193986,-9.667336,-0.02581427,-0.006129798,-0.0001576926,32.55304,235.8219,-237.1591,236.3077,-236.189,0.04064566,-0.03917411,2.268718e-06,-0.1540588,-0.1549323,-0.1543761,-0.1542986,0
0.2122435,0.09173072,-9.263411,-0.02324831,-0.002953018,0.002273419,32.6494,235.9847,-236.7096,236.7022,-235.7192,0.04050557,-0.03913195,3.123029e-06,-0.1541651,-0.1546387,-0.1546339,-0.1539917,0
0.2564474,0.1324149,-9.197348,-0.02352185,-0.002436001,0.002613955,32.74577,235.851,-236.5505,236.5622,-235.5995,0.04035912,-0.03909041,9.014771e-06,-0.1540778,-0.1545348,-0.1545424,-0.1539135,0
0.04985882,-0.05869281,-9.467186,-0.02525487,-0.003757827,0.001037719,32.84213,236.0916,-236.6057,236.6574,-235.7026,0.04020612,-0.03904969,1.479873e-05,-0.154235,-0.1545708,-0.1546046,-0.1539809,0
0.04631765,-0.06222332,-9.47768,-0.02528696,-0.003396986,0.0009612652,32.93849,235.7857,-237.2352,236.3503,-236.3522,0.04004105,-0.03901718,2.356852e-06,-0.1540352,-0.154982,-0.154404,-0.1544052,0
-0.0516991,-0.153179,-9.60824,-0.02537205,-0.00342173,0.0004032601,33.03484,236.1418,-236.6497,236.6919,-235.7881,0.03989021,-0.03896837,5.251589e-06,-0.1542678,-0.1545995,-0.1546271,-0.1540367,0
0.1131193,-0.001099057,-9.383106,-0.02439115,-0.001845627,0.001613172,33.13119,235.7961,-236.6159,236.4467,-235.7805,0.03973297,-0.03890401,3.691154e-06,-0.1540419,-0.1545775,-0.1544669,-0.1540317,0
0.04047399,-0.06839725,-9.474549,-0.02516747,-0.002301159,0.001124628,33.22754,235.855,-236.4909,236.4452,-235.7104,0.03954668,-0.03881916,9.871901e-06,-0.1540804,-0.1544958,-0.154466,-0.1539859,0
0.1113827,-0.003079882,-9.381761,-0.02466224,-0.001656609,0.001601736,33.32389,236.1071,-236.3485,236.746,-235.5827,0.03940149,-0.03875359,1.858865e-05,-0.1542451,-0.1544028,-0.1546625,-0.1539025,0
-0.154286,-0.2486754,-9.732439,-0.02693154,-0.003897077,-0.0004370837,33.42023,236.0106,-236.8573,236.4504,-236.1512,0.03923772,-0.03870611,2.022072e-05,-0.1541821,-0.1547352,-0.1544694,-0.1542739,0
0.0111169,-0.0961405,-9.525198,-0.02523655,-0.002282419,0.0007844326,33.51657,235.7792,-237.3304,236.3551,-236.614,0.03906838,-0.03866582,1.724217e-07,-0.1540309,-0.1550443,-0.1544071,-0.1545762,0
0.1478206,0.02979964,-9.342077,-0.02341456,-0.0006446756,0.002056088,33.61291,235.8441,-236.4126,236.5679,-235.6969,0.0389238,-0.03860332,-9.258765e-07,-0.1540733,-0.1544447,-0.1545462,-0.1539771,0
0.3463188,0.2131014,-9.061153,-0.02239822,0.000778362,0.003570672,33.70925,235.6546,-235.7932,236.4856,-235.1102,0.03879325,-0.03852341,1.334769e-05,-0.1539495,-0.15404,-0.1544924,-0.1535938,0
0.1014985,-0.01306394,-9.375286,-0.02515633,-0.001810522,0.001627804,33.80558,235.9763,-235.8788,236.5814,-235.2725,0.03864925,-0.03845375,3.78098e-05,-0.1541597,-0.1540959,-0.1545549,-0.1536999,0
0.1640027,0.04463452,-9.310867,-0.02510507,-0.001793869,0.001820659,33.90191,236.1319,-236.9063,236.7451,-236.3139,0.0384874,-0.03840205,3.718252e-05,-0.1542613,-0.1547672,-0.1546619,-0.1543802,0
0.09882205,-0.01584744,-9.417551,-0.02504516,-0.002236989,0.001359938,33.99823,236.6615,-237.0033,237.2675,-236.4229,0.03833292,-0.03834756,4.238848e-05,-0.1546072,-0.1548306,-0.1550032,-0.1544514,0
0.03050665,-0.07916228,-9.512119,-0.02541558,-0.002838566,0.0008063718,34.09455,236.577,-237.3287,237.1464,-236.7867,0.0381657,-0.03829107,3.954311e-05,-0.1545521,-0.1550432,-0.1549241,-0.154689,0
0.1132221,-0.002963655,-9.407972,-0.02447901,-0.002181003,0.001462694,34.19088,236.407,-237.5273,237.0488,-237.0102,0.03797233,-0.03821793,2.921672e-05,-0.154441,-0.1551729,-0.1548603,-0.1548351,0
0.09430828,-0.02071225,-9.428526,-0.02401457,-0.002283382,0.001457786,34.2872,236.4247,-237.051,237.0866,-236.5515,0.03782151,-0.03817118,2.553704e-05,-0.1544526,-0.1548617,-0.154885,-0.1545354,0
-0.0574007,-0.1610868,-9.614067,-0.02488294,-0.003629291,0.0003958376,34.38352,236.1187,-236.8652,236.6873,-236.4087,0.03767004,-0.03812916,2.040061e-05,-0.1542526,-0.1547404,-0.1546241,-0.1544421,0
0.3148371,0.1826718,-9.11846,-0.02195033,-0.0008952974,0.003223517,34.47984,235.9101,-236.5767,236.7301,-236.1039,0.03753469,-0.03807369,1.852164e-05,-0.1541164,-0.1545518,-0.1546521,-0.154243,0
0.1605749,0.04009092,-9.310931,-0.02344782,-0.002705151,0.002127574,34.57616,236.1659,-236.0543,236.852,-235.6382,0.03739962,-0.03802115,3.694732e-05,-0.1542835,-0.1542106,-0.1547317,-0.1539388,0
0.0912099,-0.02404095,-9.402462,-0.0243327,-0.003906669,0.001409096,34.67247,236.2666,-236.5242,236.8719,-236.143,0.03725521,-0.03797982,4.231518e-05,-0.1543493,-0.1545176,-0.1547447,-0.1542686,0
0.1230917,0.005282715,-9.375095,-0.0239882,-0.004076459,0.001587242,34.76879,236.3278,-237.0886,236.9503,-236.7196,0.03709663,-0.03794103,4.005878e-05,-0.1543893,-0.1548863,-0.1547959,-0.1546452,0
-0.1479053,-0.2453484,-9.737544,-0.02545276,-0.006349012,-0.0003875163,34.8651,236.7348,-236.934,237.2078,-236.631,0.03687685,-0.03784781,4.340203e-05,-0.1546551,-0.1547853,-0.1549642,-0.1545873,0
-0.1779753,-0.2733536,-9.777738,-0.02519095,-0.006838068,-0.0006507808,34.96141,236.189,-237.5371,236.655,-237.2448,0.03671856,-0.0378397,2.165475e-05,-0.1542986,-0.1551793,-0.154603,-0.1549883,0
0.1211803,0.002714131,-9.383025,-0.02193287,-0.004370106,0.001817493,35.05772,236.3224,-236.6513,237.0454,-236.3258,0.03659386,-0.03780618,1.987851e-05,-0.1543858,-0.1546006,-0.1548581,-0.154388,0
-0.1335156,-0.2326644,-9.69573,-0.02419021,-0.007032929,-3.270028e-05,35.15403,235.9025,-236.4192,236.4164,-236.1849,0.03640758,-0.03774642,2.1266e-05,-0.1541114,-0.154449,-0.1544472,-0.1542959,0
0.3755738,0.2375638,-9.025025,-0.02022288,-0.00343779,0.003715148,35.25035,235.9228,-236.2168,236.7743,-235.9499,0.03625864,-0.03768547,2.03471e-05,-0.1541247,-0.1543168,-0.1546809,-0.1541424,0
0.356548,0.2200048,-9.046313,-0.02084173,-0.004570765,0.003595852,35.34666,236.2468,-235.812,237.0374,-235.5788,0.03614638,-0.03765441,4.588007e-05,-0.1543364,-0.1540523,-0.1548529,-0.1538999,0
0.2697804,0.1398971,-9.167006,-0.02221225,-0.006351334,0.002650608,35.44296,236.5638,-236.5622,237.2305,-236.365,0.03601683,-0.03764449,5.777329e-05,-0.1545434,-0.1545424,-0.154979,-0.1544136,0
-0.3451827,-0.4284862,-9.996848,-0.0263578,-0.01168017,-0.002050824,35.53926,236.7822,-237.7368,237.0443,-237.6011,0.03584724,-0.03766866,4.60252e-05,-0.1546861,-0.1553098,-0.1548574,-0.1552211,0
-0.2338883,-0.3261715,-9.868319,-0.02373852,-0.0102419,-0.001117719,35.63556,236.7467,-237.8808,237.1888,-237.7121,0.03567693,-0.0376632,1.710035e-05,-0.154663,-0.1554039,-0.1549518,-0.1552936,0
0.04351733,-0.07019016,-9.491376,-0.02082375,-0.007905366,0.001264346,35.73186,236.1897,-237.0554,236.8587,-236.8735,0.03555955,-0.03766957,4.485528e-06,-0.154299,-0.1548646,-0.1547361,-0.1547457,0
0.2653149,0.1346356,-9.172856,-0.01937189,-0.006586123,0.003052694,35.82817,235.7782,-236.2411,236.564,-236.0774,0.03544854,-0.03767329,2.512729e-06,-0.1540302,-0.1543326,-0.1545436,-0.1542257,0
-0.06206304,-0.1679484,-9.582558,-0.02192375,-0.009704467,0.0006569792,35.92447,235.7343,-235.8521,236.2728,-235.7495,0.03533009,-0.03768856,6.280852e-06,-0.1540015,-0.1540785,-0.1543534,-0.1540115,0
0.2524743,0.1225292,-9.166273,-0.0195039,-0.00760922,0.00293137,36.02077,235.624,-235.882,236.3631,-235.7721,0.03518232,-0.03764887,6.05477e-06,-0.1539295,-0.154098,-0.1544123,-0.1540263,0
0.1202632,0.0003420375,-9.339323,-0.02085209,-0.0093916,0.00195682,36.11707,235.4605,-236.1684,236.0633,-236.1071,0.03502987,-0.03764956,6.51469e-06,-0.1538227,-0.1542851,-0.1542165,-0.1542451,0
0.1490087,0.0266394,-9.305941,-0.01992113,-0.009311257,0.00215089,36.21336,236.0926,-235.7015,236.7448,-235.624,0.03492661,-0.03766458,1.226579e-05,-0.1542356,-0.1539801,-0.1546617,-0.1539295,0
-0.2112886,-0.3063612,-9.776009,-0.02270994,-0.01267088,-0.0005874701,36.30965,235.4879,-236.5219,235.8683,-236.5019,0.03479797,-0.03771133,7.623747e-07,-0.1538406,-0.1545161,-0.1540891,-0.154503,0
0.1209762,0.0002869189,-9.346794,-0.01924856,-0.009797724,0.001986919,36.40593,235.526,-236.3626,236.1755,-236.2914,0.03468724,-0.03774608,-1.570803e-05,-0.1538654,-0.154412,-0.1542898,-0.1543655,0
-0.230739,-0.324931,-9.793707,-0.02140218,-0.0125484,-0.000422772,36.50222,235.4274,-235.6227,235.8565,-235.6078,0.0345784,-0.03778496,-1.621372e-05,-0.1538011,-0.1539286,-0.1540814,-0.1539189,0
0.1147096,-0.005947076,-9.325871,-0.01866926,-0.009861184,0.002129245,36.5985,234.927,-235.5423,235.5814,-235.5065,0.03448115,-0.03781284,-2.824748e-05,-0.1534742,-0.1538761,-0.1539017,-0.1538527,0
-0.182037,-0.2802638,-9.703403,-0.02088811,-0.01245052,8.101854e-05,36.69477,234.6064,-235.3926,235.0386,-235.41,0.03436753,-0.03786171,-3.324252e-05,-0.1532647,-0.1537783,-0.153547,-0.1537897,0
0.2726561,0.139577,-9.09936,-0.01692395,-0.008640072,0.003494976,36.79103,234.8506,-234.5624,235.6141,-234.5306,0.03428896,-0.03787615,-3.15469e-05,-0.1534242,-0.153236,-0.153923,-0.1532152,0
0.167586,0.04254827,-9.224304,-0.01860568,-0.01012876,0.002708582,36.88729,234.404,-234.7126,235.02,-234.7389,0.03419402,-0.03790755,-2.207429e-05,-0.1531325,-0.1533341,-0.1535349,-0.1533512,0
0.1379339,0.0150206,-9.267112,-0.01885615,-0.01056031,0.002373841,36.98354,234.9466,-234.7335,235.5268,-234.7688,0.03409937,-0.0379387,-1.355247e-05,-0.153487,-0.1533477,-0.153866,-0.1533708,0
0.3107883,0.1746196,-9.051489,-0.01769909,-0.009390189,0.003545587,37.07979,235.1313,-234.9962,235.8084,-235.0264,0.03401219,-0.03796281,-5.029211e-06,-0.1536077,-0.1535193,-0.1540499,-0.1535391,0
0.6600377,0.4972927,-8.606175,-0.01569034,-0.007026493,0.006021216,37.17602,235.6387,-235.088,236.5051,-235.1097,0.03393688,-0.03797321,1.792046e-05,-0.1539391,-0.1535793,-0.1545051,-0.1535935,0
-0.0918285,-0.1973796,-9.60699,-0.02201775,-0.0135573,0.0001832403,37.27225,236.4053,-235.8519,236.7108,-235.9848,0.03382698,-0.0380182,4.021041e-05,-0.1544399,-0.1540783,-0.1546395,-0.1541652,0
-0.08015568,-0.1868871,-9.626099,-0.02126291,-0.01318589,-2.70067e-05,37.36847,236.9181,-237.0751,237.269,-237.1873,0.03371942,-0.0380613,3.208048e-05,-0.1547749,-0.1548775,-0.1550041,-0.1549508,0
0.1918126,0.0641495,-9.295588,-0.01881042,-0.01077048,0.002053885,37.46469,236.6685,-237.8065,237.2205,-237.9122,0.03357534,-0.03807467,1.648601e-05,-0.1546119,-0.1553553,-0.1549724,-0.1554244,0
0.122107,-0.000588581,-9.389132,-0.01855493,-0.01082859,0.001699828,37.56092,237.3687,-236.8326,237.9214,-236.96,0.03347834,-0.0380964,2.423907e-05,-0.1550693,-0.1547191,-0.1554303,-0.1548023,0
-0.0234359,-0.1351871,-9.570798,-0.01980918,-0.0120767,0.0005146216,37.65714,236.8058,-237.3632,237.2372,-237.5539,0.03333895,-0.03810129,1.376941e-05,-0.1547016,-0.1550657,-0.1549833,-0.1551903,0
-0.3280672,-0.4169516,-9.972184,-0.02126991,-0.01423354,-0.001632844,37.75337,236.9773,-237.3474,237.241,-237.5746,0.03320936,-0.03812004,7.484953e-06,-0.1548136,-0.1550554,-0.1549858,-0.1552038,0
0.07306601,-0.04657874,-9.444663,-0.01767082,-0.01086745,0.001387613,37.84959,236.4782,-237.4044,237.0273,-237.5889,0.03311663,-0.03816317,-1.48637e-05,-0.1544876,-0.1550926,-0.1548463,-0.1552131,0
0.243444,0.110633,-9.209411,-0.01599697,-0.009378484,0.002904446,37.94583,236.5967,-236.3044,237.2717,-236.4886,0.03304838,-0.03818521,-7.845472e-06,-0.154565,-0.154374,-0.1550059,-0.1544943,0
0.4052857,0.2602042,-8.980269,-0.01554351,-0.008591346,0.004015862,38.04206,236.5391,-236.0458,237.259,-236.2574,0.03298528,-0.03819952,7.437259e-06,-0.1545273,-0.1542051,-0.1549976,-0.1543433,0
-0.05496582,-0.1650071,-9.587644,-0.01961009,-0.01284636,0.0004278993,38.13829,236.8891,-236.667,237.24,-236.9529,0.03289638,-0.03823965,2.133873e-05,-0.154756,-0.1546108,-0.1549852,-0.1547976,0
0.03307821,-0.08385844,-9.495888,-0.01850028,-0.01209144,0.000891969,38.23452,237.2317,-237.463,237.6561,-237.7302,0.03279896,-0.03827424,1.336192e-05,-0.1549798,-0.1551309,-0.155257,-0.1553054,0
0.1243344,0.000231687,-9.391916,-0.0172972,-0.01115069,0.001642847,38.33075,237.3295,-237.5868,237.8391,-237.8596,0.03269039,-0.03828521,9.368498e-06,-0.1550437,-0.1552118,-0.1553766,-0.1553899,0
0.1395532,0.01411612,-9.371869,-0.01690985,-0.01093698,0.001787085,38.42698,237.5468,-237.3094,238.0763,-237.6115,0.03258269,-0.03827851,1.357e-05,-0.1551856,-0.1550306,-0.1555315,-0.1552279,0
-0.3014971,-0.3935215,-9.948071,-0.02008736,-0.01453181,-0.001536513,38.52322,237.2827,-237.8918,237.5028,-238.2564,0.03248582,-0.03833795,2.500585e-06,-0.1550131,-0.155411,-0.1551569,-0.1556492,0
0.08830791,-0.03370752,-9.443373,-0.01604459,-0.01091108,0.001454359,38.61946,237.2416,-237.735,237.7813,-238.0399,0.03241407,-0.03837618,-1.52436e-05,-0.1549863,-0.1553086,-0.1553388,-0.1555077,0
0.2705433,0.1345526,-9.192198,-0.01463428,-0.009453734,0.003007447,38.7157,237.2833,-236.761,237.9385,-237.078,0.03236543,-0.0383927,-1.285631e-06,-0.1550135,-0.1546723,-0.1554415,-0.1548794,0
-0.1228046,-0.2288126,-9.694575,-0.01834539,-0.01311312,-6.738988e-05,38.81195,237.0805,-237.2346,237.4005,-237.6353,0.03228443,-0.03844091,2.924185e-07,-0.154881,-0.1549817,-0.1550901,-0.1552435,0
-0.3097405,-0.4018103,-9.950876,-0.01883531,-0.0142512,-0.001484412,38.9082,237.08,-237.797,237.3131,-238.1974,0.03219596,-0.03850073,-2.11616e-05,-0.1548807,-0.1553491,-0.155033,-0.1556107,0
-0.2437652,-0.3412236,-9.863289,-0.01708173,-0.01300753,-0.0007543507,39.00445,236.7648,-237.3948,237.1108,-237.7773,0.03212606,-0.03854718,-4.008695e-05,-0.1546747,-0.1550863,-0.1549008,-0.1553362,0
0.1795387,0.04972171,-9.287456,-0.01365854,-0.009354737,0.002600023,39.1007,235.9871,-236.7995,236.6173,-237.1629,0.03206774,-0.03858343,-5.707137e-05,-0.1541667,-0.1546974,-0.1545784,-0.1549348,0
-0.190427,-0.2922478,-9.744546,-0.01619099,-0.01210829,7.788412e-05,39.19695,235.792,-235.8584,236.1711,-236.2864,0.0320044,-0.0386264,-5.900294e-05,-0.1540392,-0.1540826,-0.1542869,-0.1543622,0
0.2005707,0.0688715,-9.212057,-0.01300579,-0.008781893,0.002999494,39.29321,235.0033,-235.7612,235.6427,-236.1572,0.03195085,-0.03865872,-7.912557e-05,-0.153524,-0.1540191,-0.1539417,-0.1542778,0
0.1129817,-0.01215392,-9.308407,-0.0135072,-0.00937441,0.002612097,39.38946,235.1149,-234.6454,235.6932,-235.0699,0.03191328,-0.03867554,-6.305527e-05,-0.1535969,-0.1532902,-0.1539747,-0.1535675,0
0.1933452,0.06218082,-9.187412,-0.0136112,-0.00910171,0.003035822,39.4857,234.9726,-234.6758,235.544,-235.1244,0.03186939,-0.03869498,-5.460843e-05,-0.1535039,-0.15331,-0.1538773,-0.1536031,0
0.266336,0.1296381,-9.098859,-0.01336983,-0.008748119,0.00349165,39.58194,235.0867,-235.0349,235.6723,-235.4876,0.03181977,-0.03871961,-4.806438e-05,-0.1535785,-0.1535446,-0.1539611,-0.1538404,0
-0.01271333,-0.1282809,-9.472857,-0.01529044,-0.01087408,0.001362648,39.67817,235.5303,-235.1225,235.9308,-235.6102,0.03176637,-0.03874872,-3.829673e-05,-0.1538683,-0.1536019,-0.1541299,-0.1539205,0
0.1499474,0.02190828,-9.269198,-0.01392869,-0.009395155,0.002455098,39.77439,235.3924,-235.691,235.9031,-236.1683,0.03171301,-0.03877711,-4.456406e-05,-0.1537782,-0.1539733,-0.1541118,-0.1542851,0
0.1825414,0.05190139,-9.232796,-0.01342802,-0.008858087,0.002779339,39.87061,235.8469,-235.2663,236.3969,-235.7656,0.03164518,-0.03875641,-3.027246e-05,-0.1540751,-0.1536958,-0.1544344,-0.154022,0
0.1333735,0.006505176,-9.297589,-0.01423814,-0.009410365,0.002256254,39.96683,235.8334,-235.6564,236.313,-236.1906,0.03159566,-0.03877817,-2.438118e-05,-0.1540663,-0.1539507,-0.1543796,-0.1542996,0
-0.01244047,-0.1283201,-9.500247,-0.015075,-0.0104327,0.001112309,40.06303,235.8978,-236.2199,236.2834,-236.7723,0.03153424,-0.0388134,-3.057092e-05,-0.1541083,-0.1543188,-0.1543602,-0.1546797,0
0.03230637,-0.08720839,-9.448473,-0.01392302,-0.009520481,0.001516911,40.15924,236.1635,-235.9287,236.6288,-236.4724,0.03149156,-0.03883122,-3.104424e-05,-0.154282,-0.1541286,-0.1545859,-0.1544838,0
-0.06578321,-0.1778923,-9.570904,-0.01468231,-0.01017074,0.000806171,40.25545,235.7972,-236.0829,236.1883,-236.6772,0.03141092,-0.03882286,-3.51495e-05,-0.1540426,-0.1542293,-0.1542982,-0.1546175,0
0.1331763,0.005811155,-9.30879,-0.01281322,-0.008310808,0.002331472,40.35165,235.6178,-236.0536,236.1543,-236.6332,0.03136276,-0.03884676,-4.679532e-05,-0.1539255,-0.1542102,-0.1542759,-0.1545888,0
-0.1224955,-0.2305742,-9.634035,-0.01414191,-0.009981982,0.0005913924,40.44785,235.9991,-235.1077,236.3974,-235.724,0.03133324,-0.03885315,-3.299053e-05,-0.1541745,-0.1535922,-0.1544347,-0.1539948,0
0.2070111,0.07396793,-9.193283,-0.012287,-0.007640535,0.00287719,40.54405,235.5058,-235.5696,236.0751,-236.1848,0.03130278,-0.03885682,-3.219376e-05,-0.1538523,-0.153894,-0.1542242,-0.1542958,0
0.08705547,-0.03681932,-9.357506,-0.01343601,-0.008809031,0.001995287,40.64024,236.0261,-235.4817,236.4882,-236.1285,0.03126676,-0.03886639,-1.555651e-05,-0.1541922,-0.1538365,-0.1544941,-0.1542591,0
-0.06471706,-0.1770772,-9.56513,-0.01453029,-0.01002339,0.000680821,40.73643,236.1757,-236.0187,236.5286,-236.6911,0.03121913,-0.03888818,-1.799645e-05,-0.1542899,-0.1541874,-0.1545205,-0.1546266,0
-0.1152522,-0.2239292,-9.642685,-0.01426588,-0.01004386,0.0003378417,40.83261,235.9321,-236.5592,236.2828,-237.2338,0.03116756,-0.03891696,-3.351511e-05,-0.1541308,-0.1545404,-0.1543599,-0.1549811,0
0.07797093,-0.04560538,-9.387682,-0.01202264,-0.007921026,0.001954324,40.9288,235.9346,-235.9648,236.4632,-236.6231,0.03113668,-0.0389268,-3.885051e-05,-0.1541324,-0.1541521,-0.1544777,-0.1545822,0
-0.1674795,-0.2724251,-9.692065,-0.01382092,-0.009719029,0.0002177809,41.02498,235.491,-235.7464,235.8466,-236.4618,0.03109396,-0.03894912,-4.565014e-05,-0.1538426,-0.1540094,-0.1540749,-0.1544768,0
0.2241083,0.08926298,-9.169055,-0.01042313,-0.006234653,0.003204057,41.12116,235.4312,-235.1724,236.0752,-235.8531,0.03107791,-0.03894322,-4.763768e-05,-0.1538036,-0.1536345,-0.1542242,-0.1540792,0
-0.1205553,-0.22909,-9.605737,-0.01345593,-0.009215479,0.0007046456,41.21734,235.2999,-234.9244,235.673,-235.6804,0.03104963,-0.03894905,-3.430821e-05,-0.1537178,-0.1534725,-0.1539615,-0.1539663,0
-0.08572167,-0.1969119,-9.560039,-0.01314778,-0.00893551,0.0008166909,41.31351,235.2115,-235.3867,235.5984,-236.1452,0.03101202,-0.03896357,-4.302795e-05,-0.15366,-0.1537744,-0.1539127,-0.15427,0
-0.06960707,-0.1821427,-9.543551,-0.01241916,-0.008473549,0.00105272,41.40967,234.9979,-235.4069,235.4239,-236.1621,0.0309757,-0.0389805,-5.459893e-05,-0.1535205,-0.1537876,-0.1537988,-0.154281,0
0.4259327,0.2756255,-8.885114,-0.008339752,-0.004186177,0.004869509,41.50584,235.1339,-234.3998,235.9185,-235.1201,0.03097083,-0.03895082,-4.471531e-05,-0.1536093,-0.1531297,-0.1541219,-0.1536003,0
-0.03785223,-0.1526521,-9.476444,-0.01284977,-0.008442615,0.001354093,41.60199,235.092,-234.4058,235.4917,-235.2392,0.03092814,-0.03892579,-2.256125e-05,-0.153582,-0.1531337,-0.1538431,-0.1536781,0
0.3057709,0.164898,-9.039333,-0.01041147,-0.005928112,0.003641924,41.69814,235.2333,-235.2113,235.8434,-236.0073,0.03090346,-0.0389259,-2.614785e-05,-0.1536742,-0.1536599,-0.1540728,-0.1541799,0
-0.1296124,-0.2374205,-9.623988,-0.01327603,-0.009309985,0.0004793552,41.79428,235.757,-235.1558,236.095,-236.0008,0.0308754,-0.03893368,-1.33408e-05,-0.1540164,-0.1536236,-0.1542372,-0.1541757,0
0.003707274,-0.1142909,-9.455322,-0.01201215,-0.008069943,0.001317029,41.89041,235.4615,-235.8492,235.8996,-236.6864,0.03084268,-0.03894669,-2.846205e-05,-0.1538233,-0.1540766,-0.1541095,-0.1546236,0
-0.1766333,-0.2810614,-9.695189,-0.01261032,-0.009055316,0.0001719455,41.98654,235.5112,-235.5692,235.8724,-236.4281,0.0308143,-0.03895896,-3.263776e-05,-0.1538558,-0.1538937,-0.1540918,-0.1544548,0
-0.02010093,-0.1365199,-9.479239,-0.01102085,-0.007457006,0.001388301,42.08267,235.2953,-235.1688,235.7859,-236.0262,0.03079907,-0.03895798,-3.878879e-05,-0.1537148,-0.1536321,-0.1540353,-0.1541923,0
-0.03571942,-0.1509162,-9.487252,-0.01120055,-0.007570513,0.001364339,42.17879,235.1984,-234.7298,235.6703,-235.6166,0.03079046,-0.03894954,-3.050668e-05,-0.1536515,-0.1533453,-0.1539597,-0.1539247,0
-0.0623951,-0.1754601,-9.515589,-0.01173424,-0.008002004,0.001086514,42.27491,235.1384,-234.8489,235.5622,-235.7637,0.03077396,-0.03894778,-2.636819e-05,-0.1536122,-0.1534231,-0.1538891,-0.1540208,0
-0.07420828,-0.1863592,-9.535604,-0.01170323,-0.008110177,0.0009632076,42.37102,235.333,-234.9077,235.7503,-235.8317,0.03075904,-0.03894524,-2.235987e-05,-0.1537394,-0.1534615,-0.154012,-0.1540652,0
0.05536045,-0.06660653,-9.369742,-0.01074341,-0.007121861,0.001885664,42.46712,235.4763,-234.9095,235.9773,-235.8351,0.03075247,-0.03893431,-1.44856e-05,-0.153833,-0.1534627,-0.1541603,-0.1540674,0
-0.1266547,-0.2346844,-9.611948,-0.01237009,-0.008774688,0.0004596955,42.56323,235.543,-235.2654,235.8984,-236.2335,0.03073195,-0.03893788,-9.275042e-06,-0.1538766,-0.1536952,-0.1541088,-0.1543277,0
0.06527083,-0.05738385,-9.370901,-0.01063771,-0.007116832,0.001820675,42.65932,235.6178,-235.5511,236.119,-236.5135,0.0306883,-0.03890737,-1.555752e-05,-0.1539255,-0.1538818,-0.1542528,-0.1545106,0
0.1151185,-0.0113415,-9.308189,-0.01000967,-0.006625442,0.002272184,42.75541,235.6137,-235.3931,236.1604,-236.3637,0.03067709,-0.0389052,-1.460352e-05,-0.1539228,-0.1537786,-0.1542799,-0.1544127,0
-0.001775369,-0.119328,-9.456253,-0.01077983,-0.007553576,0.001405939,42.8515,235.608,-235.3084,236.0806,-236.3237,0.03063047,-0.03886621,-1.340316e-05,-0.153919,-0.1537233,-0.1542278,-0.1543866,0
-0.3084582,-0.40272,-9.855824,-0.01267763,-0.009914435,-0.0008679557,42.94759,235.6124,-235.3949,235.8987,-236.4565,0.0305912,-0.03884998,-1.593198e-05,-0.1539219,-0.1537798,-0.154109,-0.1544733,0
-0.01729056,-0.1337414,-9.474722,-0.01000281,-0.007511416,0.001319388,43.04366,235.328,-235.4795,235.8311,-236.5068,0.03058353,-0.0388509,-2.710469e-05,-0.1537361,-0.1538351,-0.1540648,-0.1545062,0
-0.05045377,-0.1643608,-9.510671,-0.01006943,-0.007815621,0.001219792,43.13974,235.2811,-234.9863,235.7644,-236.0335,0.03057921,-0.03885221,-2.473157e-05,-0.1537055,-0.1535129,-0.1540212,-0.154197,0
0.05967273,-0.06255777,-9.356348,-0.009240486,-0.0070326,0.00201704,43.23581,235.0858,-234.851,235.6347,-235.9039,0.03057745,-0.0388519,-2.801049e-05,-0.1535779,-0.1534245,-0.1539365,-0.1541124,0
0.2278091,0.09286688,-9.131457,-0.008049607,-0.005851905,0.003312693,43.33187,235.259,-234.4155,235.9161,-235.4798,0.03056672,-0.03880391,-1.392037e-05,-0.1536911,-0.15314,-0.1541203,-0.1538353,0
0.4356776,0.2851914,-8.858749,-0.007403668,-0.004908087,0.004697689,43.42794,235.0372,-234.9568,235.762,-236.0332,0.03056544,-0.03880288,-9.094796e-06,-0.1535461,-0.1534936,-0.1540197,-0.1541968,0
0.1195715,-0.006846456,-9.284492,-0.009528683,-0.007563734,0.002309942,43.52399,235.8804,-234.7972,236.4037,-235.9058,0.03056475,-0.03880444,6.891045e-06,-0.154097,-0.1533893,-0.1544389,-0.1541136,0
0.2425941,0.1068848,-9.134134,-0.008650932,-0.006755242,0.003029526,43.62004,235.8631,-235.4662,236.464,-236.5708,0.03056734,-0.03880304,8.367628e-06,-0.1540857,-0.1538264,-0.1544783,-0.154548,0
0.02713404,-0.09212546,-9.429837,-0.01028897,-0.008637218,0.001420245,43.71608,236.3615,-235.6578,236.8153,-236.7988,0.03056684,-0.03880629,2.32767e-05,-0.1544113,-0.1539516,-0.1547078,-0.154697,0
0.06635854,-0.05583276,-9.392298,-0.01002228,-0.008444556,0.001525633,43.81213,236.4636,-236.3396,236.9379,-237.49,0.03054851,-0.03881351,1.698461e-05,-0.154478,-0.154397,-0.1547878,-0.1551485,0
-0.03588177,-0.1503901,-9.538784,-0.01014042,-0.008986438,0.00083506,43.90816,236.5686,-236.4864,237.0152,-237.6553,0.03051764,-0.03880645,9.12885e-06,-0.1545466,-0.1544929,-0.1548383,-0.1552565,0
-0.2263299,-0.3264601,-9.784943,-0.01087846,-0.01019356,-0.0004871345,44.0042,236.4809,-236.3275,236.8407,-237.5199,0.03051238,-0.03882319,1.428136e-06,-0.1544893,-0.1543891,-0.1547244,-0.1551681,0
0.3195912,0.1779454,-9.0634,-0.006621887,-0.005778204,0.0036356,44.10025,236.239,-235.976,236.9742,-237.1259,0.03053106,-0.03881598,-1.751323e-06,-0.1543313,-0.1541595,-0.1548115,-0.1549107,0
0.1335535,0.006247872,-9.296602,-0.008636063,-0.007730505,0.002306109,44.19629,236.3662,-235.594,236.929,-236.8041,0.03053991,-0.03881921,1.384716e-05,-0.1544144,-0.1539099,-0.1547821,-0.1547004,0
0.2250329,0.09087568,-9.179395,-0.00817268,-0.007293382,0.002793569,44.29233,236.5915,-235.8993,237.1957,-237.1117,0.0305486,-0.0388218,1.725327e-05,-0.1545615,-0.1541093,-0.1549563,-0.1549014,0
0.007846203,-0.1097206,-9.474994,-0.009834044,-0.0092433,0.001144407,44.38837,236.5049,-236.5725,236.9523,-237.8207,0.03053294,-0.03883569,1.359585e-05,-0.154505,-0.1545491,-0.1547972,-0.1553646,0
-0.1508342,-0.2564608,-9.691112,-0.01019901,-0.01015719,2.800356e-06,44.48441,236.785,-236.5435,237.1777,-237.8073,0.03050596,-0.03883179,5.364131e-06,-0.154688,-0.1545302,-0.1549445,-0.1553558,0
-0.1254704,-0.2331118,-9.654846,-0.009388417,-0.009695396,0.0002802415,44.58044,236.2731,-236.6365,236.7146,-237.8989,0.0305026,-0.03885756,-1.406392e-05,-0.1543535,-0.1545909,-0.154642,-0.1554157,0
-0.02705976,-0.1422776,-9.513137,-0.008017772,-0.008580776,0.001236328,44.67649,236.1519,-235.8428,236.6969,-237.101,0.03051797,-0.03886714,-1.874974e-05,-0.1542743,-0.1540725,-0.1546304,-0.1548944,0
0.05764255,-0.06391765,-9.38224,-0.007625428,-0.008068276,0.001925089,44.77252,235.9054,-235.3065,236.4872,-236.5887,0.03053292,-0.03886083,-1.4198e-05,-0.1541134,-0.1537221,-0.1544935,-0.1545597,0
-0.07809278,-0.1891809,-9.550744,-0.009033095,-0.009512809,0.0008760385,44.86856,235.7249,-235.4609,236.1814,-236.7918,0.03051202,-0.03884431,-1.392623e-05,-0.1539954,-0.1538229,-0.1542936,-0.1546924,0
0.06934917,-0.05294305,-9.360406,-0.007613819,-0.008390437,0.001963824,44.9646,235.8376,-235.4041,236.4065,-236.722,0.03050695,-0.03883031,-1.61384e-05,-0.1540691,-0.1537859,-0.1544407,-0.1546468,0
-0.4238737,-0.5086315,-10.00267,-0.01105268,-0.01241285,-0.001650305,45.06063,236.0678,-235.1895,236.3152,-236.5643,0.03051895,-0.03884853,-6.4136e-06,-0.1542194,-0.1536457,-0.154381,-0.1545438,0
-0.09910406,-0.208514,-9.579554,-0.00856943,-0.009922608,0.0006328983,45.15666,235.5685,-235.899,236.0294,-237.2523,0.03050089,-0.03884026,-2.441856e-05,-0.1538932,-0.1541091,-0.1541943,-0.1549933,0
-0.1703085,-0.2743481,-9.674298,-0.008564412,-0.01033331,0.0003233832,45.25269,235.7416,-235.3294,236.1825,-236.689,0.03051567,-0.03886166,-2.43387e-05,-0.1540063,-0.153737,-0.1542944,-0.1546252,0
0.01042021,-0.1073358,-9.425116,-0.00710688,-0.008872267,0.001661883,45.34871,235.2573,-235.2442,235.8178,-236.5975,0.0305317,-0.03888344,-3.772832e-05,-0.1536899,-0.1536814,-0.1540561,-0.1545655,0
-0.05481023,-0.1676033,-9.499192,-0.007331265,-0.009286915,0.001347672,45.44473,235.2594,-234.6177,235.79,-235.9877,0.03055944,-0.03889468,-3.238261e-05,-0.1536913,-0.1532721,-0.1540379,-0.1541671,0
-0.0237322,-0.1387567,-9.446487,-0.007458725,-0.009271723,0.001525012,45.54075,234.8737,-234.7536,235.3956,-236.1538,0.03055128,-0.03888445,-3.651452e-05,-0.1534393,-0.1533609,-0.1537803,-0.1542756,0
-0.03241135,-0.1467624,-9.456506,-0.007259692,-0.009303704,0.001518052,45.63675,235.0939,-234.4138,235.6216,-235.8136,0.03057619,-0.03889912,-3.288286e-05,-0.1535832,-0.1531389,-0.153928,-0.1540534,0
0.1051386,-0.0195741,-9.272067,-0.00640001,-0.008369516,0.002501621,45.73276,234.8354,-234.5101,235.4409,-235.9221,0.03057064,-0.03887798,-3.43846e-05,-0.1534143,-0.1532018,-0.1538099,-0.1541243,0
0.2828767,0.1447422,-9.038983,-0.005195438,-0.007116823,0.003843331,45.82875,235.3129,-233.9879,236.0321,-235.3995,0.03059756,-0.03885185,-1.381503e-05,-0.1537262,-0.1528607,-0.1541961,-0.1537828,0
-0.00784329,-0.1235974,-9.422047,-0.008265389,-0.01013736,0.001461926,45.92475,235.4346,-234.6361,235.8924,-236.1056,0.03061689,-0.03887106,6.144401e-07,-0.1538058,-0.1532841,-0.1541048,-0.1542441,0
-0.114212,-0.2218618,-9.58363,-0.00879472,-0.01101335,0.0004988693,46.02073,235.7088,-235.5563,236.1057,-237.0244,0.03061679,-0.03889903,-7.601132e-06,-0.1539849,-0.1538852,-0.1542442,-0.1548443,0
0.06058526,-0.0604781,-9.370294,-0.006696921,-0.009182024,0.001879772,46.11671,235.6739,-235.6835,236.2402,-237.1275,0.03061579,-0.03890667,-2.076278e-05,-0.1539621,-0.1539683,-0.1543321,-0.1549117,0
-0.03726458,-0.1509391,-9.490901,-0.007002253,-0.00964759,0.00131221,46.21268,235.7947,-234.9853,236.3269,-236.4542,0.03063969,-0.03891439,-1.537464e-05,-0.154041,-0.1535122,-0.1543887,-0.1544718,0
0.06665324,-0.05480639,-9.344266,-0.006589741,-0.008964005,0.002019598,46.30866,235.709,-234.8874,236.2898,-236.3799,0.03065579,-0.03889873,-7.976138e-06,-0.153985,-0.1534483,-0.1543645,-0.1544233,0
0.08306383,-0.03946579,-9.325923,-0.006981159,-0.009243541,0.002057165,46.40463,235.9787,-235.0378,236.5331,-236.547,0.03068775,-0.03890847,6.262932e-06,-0.1541612,-0.1535465,-0.1545234,-0.1545324,0
0.1058234,-0.01829225,-9.309013,-0.007183822,-0.009391445,0.002053652,46.5006,236.5911,-235.2666,237.1371,-236.7843,0.03072143,-0.03891534,2.369129e-05,-0.1545613,-0.153696,-0.154918,-0.1546875,0
-0.1202348,-0.2270128,-9.623978,-0.009283124,-0.01151857,0.0001684503,46.59656,236.5078,-236.5343,236.8681,-238.0883,0.03072347,-0.03895536,1.670515e-05,-0.1545068,-0.1545242,-0.1547422,-0.1555394,0
0.1041969,-0.01982044,-9.35165,-0.006624258,-0.009155254,0.001889834,46.69252,236.9306,-236.5501,237.5088,-238.0584,0.03074429,-0.03897938,7.108865e-06,-0.1547831,-0.1545345,-0.1551608,-0.1555199,0
-0.3101238,-0.4026738,-9.88979,-0.009414109,-0.01213754,-0.001067082,46.78849,236.7743,-236.3928,237.0968,-237.9641,0.03075793,-0.03901236,3.72445e-06,-0.154681,-0.1544317,-0.1548916,-0.1554582,0
-0.1997322,-0.3007595,-9.738772,-0.008118077,-0.0108319,-0.0002230486,46.88445,236.2791,-236.617,236.7033,-238.1797,0.03077007,-0.0390464,-1.984943e-05,-0.1543574,-0.1545782,-0.1546346,-0.1555991,0
-0.05687425,-0.1688667,-9.541246,-0.006425502,-0.009201096,0.001109506,46.98042,236.1367,-235.7388,236.6978,-237.292,0.03080178,-0.03906203,-2.557992e-05,-0.1542645,-0.1540045,-0.154631,-0.1550191,0
0.0548866,-0.06550346,-9.371879,-0.005907992,-0.008338366,0.002010776,47.07639,235.4196,-235.5054,236.0277,-237.0785,0.03082529,-0.0390848,-3.772175e-05,-0.153796,-0.153852,-0.1541932,-0.1548797,0
0.2203827,0.08741759,-9.140712,-0.004488903,-0.006839561,0.00338608,47.17235,235.8156,-234.3652,236.5506,-235.9304,0.03087875,-0.03907505,-2.138173e-05,-0.1540546,-0.1531071,-0.1545348,-0.1541297,0
0.140073,0.01354276,-9.233921,-0.006344006,-0.008171584,0.002615758,47.26831,235.375,-234.9266,235.9675,-236.5452,0.03090705,-0.03908673,-1.328455e-05,-0.1537669,-0.1534739,-0.1541539,-0.1545313,0
0.1133519,-0.01108071,-9.282627,-0.006522327,-0.008443587,0.002324802,47.36427,236.1123,-235.0087,236.6881,-236.6244,0.03093795,-0.03909478,-1.568004e-06,-0.1542485,-0.1535275,-0.1546246,-0.154583,0
-0.02207106,-0.1361172,-9.472256,-0.007683794,-0.009591006,0.001185709,47.46022,236.2054,-235.5677,236.6815,-237.2069,0.03095968,-0.03911198,9.39946e-07,-0.1543093,-0.1538927,-0.1546203,-0.1549636,0
0.193173,0.06277544,-9.203848,-0.005960612,-0.007718127,0.002742654,47.55618,236.2973,-235.9435,236.9284,-237.563,0.03098524,-0.03912476,-2.190333e-06,-0.1543693,-0.1541382,-0.1547816,-0.1551962,0
-0.143374,-0.2481711,-9.649053,-0.008320751,-0.01018518,0.0002909938,47.65212,236.567,-235.8427,236.9891,-237.5235,0.03097524,-0.03911158,1.959023e-06,-0.1545455,-0.1540724,-0.1548213,-0.1551704,0
0.0003789514,-0.1153784,-9.462744,-0.006949971,-0.008755053,0.001297906,47.74807,236.4949,-236.0151,237.0363,-237.6835,0.0310017,-0.03912231,-5.267951e-06,-0.1544984,-0.154185,-0.1548521,-0.1552749,0
0.1974749,0.06679887,-9.205061,-0.005576431,-0.007172036,0.002842178,47.84402,236.183,-236.1073,236.8479,-237.772,0.03102681,-0.03913488,-1.050676e-05,-0.1542947,-0.1542452,-0.1547291,-0.1553328,0
-0.1464792,-0.251003,-9.649716,-0.007898191,-0.009695994,0.0003633772,47.93997,236.5667,-235.5658,237.0199,-237.2809,0.03104338,-0.03913961,-4.363103e-06,-0.1545453,-0.1538915,-0.1548414,-0.155012,0
-0.166592,-0.2695724,-9.671618,-0.007905048,-0.009692812,0.0001409569,48.03592,236.1517,-235.9624,236.6017,-237.6967,0.03104241,-0.03913029,-1.668167e-05,-0.1542743,-0.1541506,-0.1545682,-0.1552835,0
-0.005749092,-0.1209688,-9.46006,-0.006376399,-0.008234684,0.001478917,48.13187,235.8416,-235.9238,236.4153,-237.6421,0.03106532,-0.03914613,-2.773876e-05,-0.1540717,-0.1541254,-0.1544465,-0.1552479,0
-0.3482001,-0.4374241,-9.896073,-0.008451809,-0.01063581,-0.0009149835,48.22781,235.8483,-235.2972,236.2211,-237.0577,0.03108505,-0.03916758,-3.294265e-05,-0.154076,-0.153716,-0.1543196,-0.1548661,0
-0.1610308,-0.2645359,-9.635972,-0.006613591,-0.008778639,0.0005362985,48.32376,235.063,-235.3077,235.5856,-237.0511,0.03110917,-0.03918474,-5.65825e-05,-0.153563,-0.1537229,-0.1539044,-0.1548618,0
0.3285805,0.1878629,-8.977432,-0.00279053,-0.004660663,0.004453159,48.4197,235.0406,-234.0135,235.9072,-235.7208,0.03117005,-0.03916347,-4.49399e-05,-0.1535483,-0.1528774,-0.1541145,-0.1539928,0
-0.2227938,-0.3212486,-9.675557,-0.008132759,-0.009706326,0.0002694486,48.51564,234.8566,-233.9735,235.2674,-235.7915,0.03119516,-0.03917514,-3.052382e-05,-0.1534282,-0.1528513,-0.1536966,-0.1540389,0
0.09103203,-0.03125929,-9.272974,-0.005570048,-0.007128977,0.002426071,48.61157,235.0037,-234.3911,235.6401,-236.1715,0.03120447,-0.03914626,-3.697107e-05,-0.1535242,-0.153124,-0.15394,-0.1542872,0
-0.05218944,-0.1634978,-9.465637,-0.006680598,-0.008333636,0.001461449,48.7075,234.9168,-234.4492,235.4551,-236.2654,0.03120858,-0.03912645,-3.217277e-05,-0.1534675,-0.1531621,-0.1538191,-0.1543485,0
0.160161,0.03275245,-9.187319,-0.005003048,-0.006586748,0.002984281,48.80341,235.3722,-234.0295,236.0667,-235.8376,0.03123055,-0.03908584,-2.040958e-05,-0.153765,-0.1528879,-0.1542187,-0.1540691,0
-0.1225593,-0.2282511,-9.559011,-0.007734193,-0.009280107,0.0007716403,48.89932,235.3213,-234.5223,235.7835,-236.3844,0.03125795,-0.03909339,-1.040697e-05,-0.1537318,-0.1532098,-0.1540337,-0.1544263,0
-0.04805844,-0.1593774,-9.475373,-0.006993765,-0.008673845,0.00120632,48.99523,235.3407,-235.2357,235.8604,-237.0811,0.03127548,-0.03911234,-2.200253e-05,-0.1537444,-0.1536758,-0.1540839,-0.1548814,0
0.3176326,0.1784535,-9.005051,-0.00373335,-0.005419727,0.00404958,49.09113,235.8161,-234.4905,236.626,-236.2948,0.03132822,-0.03909683,-1.057937e-05,-0.154055,-0.153189,-0.1545841,-0.1543677,0
-0.03485805,-0.146963,-9.458145,-0.007357451,-0.008710697,0.001323692,49.18702,235.6194,-234.8639,236.1296,-236.7532,0.03135404,-0.03910599,4.940621e-07,-0.1539265,-0.153433,-0.1542598,-0.1546672,0
-0.1027034,-0.2096405,-9.55966,-0.007606863,-0.009120103,0.0006884176,49.28292,236.0563,-235.2686,236.541,-237.1574,0.03137844,-0.03911541,-5.005772e-07,-0.1542119,-0.1536973,-0.1545285,-0.1549312,0
-0.234305,-0.3312424,-9.742155,-0.008275611,-0.009959579,-0.0002733556,49.37881,235.578,-235.9764,235.9914,-237.8807,0.03138447,-0.03914647,-2.140558e-05,-0.1538995,-0.1541597,-0.1541695,-0.1554037,0
-0.1853954,-0.2862684,-9.67528,-0.006712605,-0.008735543,0.0003321051,49.47469,236.0118,-234.8624,236.5478,-236.7487,0.0314253,-0.03914383,-2.083111e-05,-0.1541828,-0.153432,-0.154533,-0.1546642,0
-0.06086057,-0.1710309,-9.492115,-0.006412686,-0.007909833,0.001258934,49.57058,235.2738,-234.8507,235.8547,-236.7673,0.03146144,-0.03914256,-2.239791e-05,-0.1537007,-0.1534243,-0.1540802,-0.1546764,0
-0.007472601,-0.1215765,-9.416826,-0.006305663,-0.007617856,0.001683757,49.66646,235.4432,-234.6093,236.0436,-236.5522,0.03146262,-0.03910358,-1.630387e-05,-0.1538114,-0.1532666,-0.1542036,-0.1545359,0
-0.09331404,-0.2007922,-9.528488,-0.007050122,-0.008419126,0.0009861048,49.76234,235.3572,-234.7731,235.8935,-236.754,0.03144136,-0.03906058,-1.989357e-05,-0.1537552,-0.1533736,-0.1541055,-0.1546677,0
-0.09766423,-0.2048209,-9.534981,-0.006633291,-0.008356301,0.001002443,49.85821,235.326,-234.7429,235.8853,-236.7149,0.03147203,-0.03906599,-2.379179e-05,-0.1537348,-0.1533539,-0.1541002,-0.1546421,0
-0.1036676,-0.2103163,-9.537752,-0.006559194,-0.008416948,0.001013732,49.95408,234.9384,-234.841,235.4954,-236.8199,0.03149596,-0.03908088,-3.391179e-05,-0.1534816,-0.1534179,-0.1538455,-0.1547107,0
0.1839074,0.05538037,-9.15455,-0.004056352,-0.005920837,0.003267752,50.04994,235.1934,-233.9826,235.9713,-235.9336,0.03154717,-0.03906847,-2.694007e-05,-0.1536482,-0.1528572,-0.1541564,-0.1541318,0
-0.1084799,-0.2145345,-9.524322,-0.007021969,-0.008696982,0.001043461,50.14581,235.0156,-234.031,235.5462,-236.0509,0.03158201,-0.03907067,-1.484736e-05,-0.153532,-0.1528888,-0.1538786,-0.1542083,0
-0.220437,-0.3178961,-9.676745,-0.007889086,-0.009680755,7.906486e-05,50.24165,235.241,-234.4665,235.6942,-236.4974,0.03160921,-0.03907939,-1.435296e-05,-0.1536793,-0.1531733,-0.1539753,-0.1545001,0
0.09692003,-0.02462814,-9.272485,-0.005409032,-0.007110734,0.002423158,50.3375,235.3148,-234.5673,235.9943,-236.5786,0.03161806,-0.03904218,-1.37547e-05,-0.1537275,-0.1532391,-0.1541714,-0.1545531,0
0.3167524,0.1786512,-8.986776,-0.004229371,-0.005626777,0.004050697,50.43334,235.7686,-234.1256,236.5751,-236.1461,0.03165416,-0.03900353,9.118659e-06,-0.1540239,-0.1529506,-0.1545508,-0.1542705,0
-0.09829994,-0.2045595,-9.535927,-0.008251304,-0.00960624,0.0007201396,50.52917,235.7753,-235.1241,236.2379,-237.2164,0.03166876,-0.03902317,1.422951e-05,-0.1540283,-0.1536029,-0.1543305,-0.1549698,0
-0.09188842,-0.1987425,-9.551407,-0.007373468,-0.00920447,0.0006943634,50.625,236.2462,-235.587,236.7723,-237.6611,0.03166527,-0.03900847,5.989034e-06,-0.1543359,-0.1539053,-0.1546797,-0.1552603,0
0.1918975,0.06345641,-9.187316,-0.004981633,-0.006777295,0.002884589,50.72084,236.2125,-235.4391,236.9545,-237.4933,0.03169842,-0.03899813,7.470253e-06,-0.154314,-0.1538087,-0.1547987,-0.1551507,0
-0.2566114,-0.350824,-9.769462,-0.008639062,-0.01053645,-0.000446428,50.81666,236.2716,-235.5037,236.6939,-237.6398,0.03169773,-0.03899676,1.129363e-05,-0.1543525,-0.1538509,-0.1546285,-0.1552464,0
0.1941648,0.06563759,-9.185244,-0.00484664,-0.006774925,0.002829089,50.91249,236.2794,-235.6206,237.0333,-237.6991,0.03173485,-0.03899831,1.101618e-06,-0.1543576,-0.1539273,-0.1548502,-0.1552851,0
-0.04842499,-0.1583979,-9.500011,-0.006858899,-0.008874938,0.001160473,51.00832,236.4368,-235.2417,237.0185,-237.3698,0.03177242,-0.03900069,1.652306e-05,-0.1544605,-0.1536798,-0.1548405,-0.15507,0
0.1367947,0.01288712,-9.257984,-0.005944499,-0.007697365,0.002342327,51.10415,236.231,-235.8768,236.9032,-238.0029,0.03179624,-0.03901525,7.655992e-06,-0.154326,-0.1540946,-0.1547652,-0.1554836,0
0.1124515,-0.009619247,-9.299316,-0.005771321,-0.00775674,0.002261578,51.19997,236.9804,-235.2571,237.6684,-237.3848,0.03184231,-0.03900829,2.54197e-05,-0.1548156,-0.1536898,-0.1552651,-0.1550798,0
0.02343678,-0.09163748,-9.416367,-0.00728336,-0.008953232,0.001391035,51.29579,236.5157,-236.2531,237.0862,-238.4239,0.03185973,-0.03902857,1.997547e-05,-0.154512,-0.1543404,-0.1548848,-0.1557586,0
-0.1067172,-0.2119818,-9.602173,-0.007596414,-0.009672708,0.0004794375,51.39162,237.2988,-236.017,237.8319,-238.187,0.03188961,-0.03903767,2.597522e-05,-0.1550236,-0.1541862,-0.1553719,-0.1556039,0
0.237976,0.1065933,-9.154751,-0.005313746,-0.007031165,0.002946472,51.48744,237.4196,-235.9822,238.1762,-238.1376,0.0319385,-0.03902487,3.760386e-05,-0.1551026,-0.1541635,-0.1555968,-0.1555716,0
0.1720339,0.04595137,-9.249269,-0.006918582,-0.008214734,0.002318096,51.58327,237.5891,-236.6106,238.2305,-238.8131,0.03196488,-0.03903228,5.168279e-05,-0.1552132,-0.154574,-0.1556323,-0.1560129,0
-0.1288058,-0.2319816,-9.664815,-0.009073741,-0.01064523,-9.246918e-05,51.67911,238.2797,-237.1859,238.7284,-239.4175,0.03197715,-0.03905457,5.291535e-05,-0.1556644,-0.1549499,-0.1559575,-0.1564077,0
0.02283955,-0.09195405,-9.485496,-0.007413952,-0.009116214,0.0009877798,51.77494,238.1996,-237.8109,238.7902,-240.0193,0.03199568,-0.03907219,3.882037e-05,-0.1556121,-0.1553582,-0.1559979,-0.1568009,0
-0.3535843,-0.4398279,-9.980872,-0.009782232,-0.01177122,-0.001645706,51.87079,238.1758,-237.7757,238.5469,-240.0341,0.03200458,-0.03910206,3.091897e-05,-0.1555966,-0.1553352,-0.155839,-0.1568105,0
0.05052046,-0.06657247,-9.446879,-0.006190526,-0.008071802,0.001412767,51.96664,237.9914,-237.4309,238.6768,-239.6488,0.03203399,-0.03911056,1.485777e-05,-0.1554761,-0.1551099,-0.1559239,-0.1565589,0
0.02902911,-0.08635816,-9.460548,-0.006571505,-0.008270639,0.00144045,52.0625,237.5246,-237.0609,238.1808,-239.3132,0.03205918,-0.03912369,1.065049e-05,-0.1551711,-0.1548682,-0.1555998,-0.1563396,0
0.06932408,-0.04910209,-9.394252,-0.00625915,-0.00789676,0.001781747,52.15837,237.6516,-236.5029,238.3383,-238.7659,0.03209345,-0.03912586,1.305297e-05,-0.1552541,-0.1545037,-0.1557027,-0.155982,0
-0.004398829,-0.1170937,-9.483773,-0.007196232,-0.00872902,0.001207285,52.25424,237.4375,-236.637,238.0482,-238.9295,0.03212045,-0.03913412,1.430557e-05,-0.1551142,-0.1545913,-0.1555132,-0.1560889,0
-0.04026867,-0.1501836,-9.532786,-0.007497975,-0.009089056,0.0009219594,52.35012,237.5034,-236.7917,238.0887,-239.1072,0.03211046,-0.03911327,1.164837e-05,-0.1551572,-0.1546924,-0.1555397,-0.156205,0
0.1205016,-0.001630962,-9.3253,-0.00612508,-0.007775175,0.002134862,52.446,237.64,-236.6103,238.3461,-238.9107,0.03214278,-0.03911699,1.234081e-05,-0.1552465,-0.1545738,-0.1557078,-0.1560766,0
-0.002396966,-0.1150821,-9.48374,-0.007307954,-0.008962479,0.00121671,52.54188,237.6196,-236.6653,238.2261,-238.9973,0.03216897,-0.03912728,1.663913e-05,-0.1552332,-0.1546098,-0.1556294,-0.1561332,0
-0.2665091,-0.3590901,-9.832155,-0.009180414,-0.01106156,-0.0007936664,52.63777,237.5693,-237.0806,238.005,-239.4574,0.03214705,-0.03911909,7.323571e-06,-0.1552003,-0.154881,-0.155485,-0.1564338,0
-0.1205555,-0.2243615,-9.644728,-0.007329202,-0.009509003,0.0003836566,52.73367,237.0812,-237.332,237.6588,-239.6788,0.03215639,-0.03915129,-2.116646e-05,-0.1548815,-0.1550453,-0.1552588,-0.1565785,0
-0.02914385,-0.1400652,-9.510044,-0.00575079,-0.008216418,0.001394116,52.82957,237.0464,-236.0516,237.7481,-238.3872,0.03219517,-0.03915694,-2.414053e-05,-0.1548587,-0.1542088,-0.1553171,-0.1557346,0
-0.2812677,-0.3728999,-9.810143,-0.008053861,-0.01037986,-0.000422911,52.92547,236.3529,-235.8083,236.8547,-238.2061,0.03221943,-0.03917568,-2.962184e-05,-0.1544057,-0.1540499,-0.1547335,-0.1556163,0
0.1093686,-0.01194899,-9.288242,-0.005035995,-0.007228808,0.002535432,53.02137,235.9864,-235.6449,236.7516,-238.0026,0.03225157,-0.03918578,-4.243588e-05,-0.1541663,-0.1539431,-0.1546661,-0.1554834,0
-0.05368593,-0.1625495,-9.487905,-0.006268676,-0.008555701,0.001497657,53.11728,236.2145,-234.662,236.8715,-237.0527,0.03229394,-0.03918615,-2.734547e-05,-0.1543153,-0.153301,-0.1547444,-0.1548629,0
0.02091696,-0.09343098,-9.379019,-0.006400419,-0.008350894,0.001884358,53.21318,235.7988,-235.098,236.4585,-237.5083,0.03231574,-0.03918763,-2.963473e-05,-0.1540437,-0.1535859,-0.1544746,-0.1551605,0
-0.03461538,-0.1446927,-9.457507,-0.006769806,-0.008841076,0.001511171,53.30909,235.8692,-235.2338,236.4931,-237.6572,0.03231851,-0.03918357,-3.132813e-05,-0.1540897,-0.1536746,-0.1544973,-0.1552578,0
-0.02766333,-0.1382983,-9.447926,-0.006367688,-0.008614669,0.001588902,53.40498,236.158,-234.7904,236.8145,-237.2129,0.03234795,-0.03917984,-2.575171e-05,-0.1542784,-0.1533849,-0.1547072,-0.1549675,0
-0.3019274,-0.3916058,-9.801894,-0.008694268,-0.01094406,-0.0004925514,53.50088,235.6098,-235.3875,236.0615,-237.8645,0.03234068,-0.03918847,-3.603836e-05,-0.1539202,-0.153775,-0.1542153,-0.1553932,0
0.2860645,0.1515741,-9.034926,-0.003660804,-0.005896648,0.003977594,53.59678,235.851,-234.7667,236.7438,-237.1658,0.03238775,-0.03918359,-3.72807e-05,-0.1540778,-0.1533694,-0.1546611,-0.1549367,0
0.06064851,-0.05648595,-9.31671,-0.006152686,-0.008105475,0.002347743,53.69267,236.0247,-234.1571,236.7199,-236.6229,0.03243357,-0.03917801,-9.934663e-06,-0.1541913,-0.1529712,-0.1546455,-0.1545821,0
0.08654764,-0.032318,-9.286283,-0.006876227,-0.008448593,0.002224962,53.78856,235.9001,-235.2257,236.5496,-237.7102,0.03245322,-0.03919487,-1.139124e-05,-0.1541099,-0.1536693,-0.1545342,-0.1552924,0
-0.2936877,-0.3837107,-9.80461,-0.00912721,-0.01121728,-0.0005688438,53.88445,236.3873,-235.4937,236.8244,-238.0146,0.03243143,-0.03918511,-1.266546e-05,-0.1544281,-0.1538444,-0.1547137,-0.1554912,0
-0.1685216,-0.2681883,-9.645571,-0.007509231,-0.009752991,0.000366018,53.98034,236.0979,-235.6995,236.6684,-238.2047,0.03243282,-0.03918741,-3.023142e-05,-0.1542391,-0.1539788,-0.1546118,-0.1556154,0
-0.1080567,-0.2123822,-9.558517,-0.006641597,-0.008973414,0.001026265,54.07622,235.7436,-235.2939,236.382,-237.7984,0.03245804,-0.03920566,-3.921859e-05,-0.1540076,-0.1537138,-0.1544247,-0.15535,0
-0.04773763,-0.1566557,-9.461683,-0.006061613,-0.008309881,0.001588096,54.17211,235.5976,-234.5798,236.287,-237.0928,0.03249247,-0.03921399,-4.058321e-05,-0.1539123,-0.1532473,-0.1543627,-0.154889,0
0.05248284,-0.06395401,-9.315128,-0.005643508,-0.007632223,0.002360519,54.26799,235.4742,-234.1498,236.2125,-236.6748,0.03253578,-0.03921057,-3.167371e-05,-0.1538317,-0.1529664,-0.154314,-0.1546159,0
-0.008836441,-0.1204111,-9.390173,-0.006820288,-0.008544208,0.00181931,54.36387,235.5102,-234.2962,236.1602,-236.8525,0.03256857,-0.03921491,-1.986862e-05,-0.1538551,-0.153062,-0.1542798,-0.154732,0
-0.09714653,-0.2019105,-9.514929,-0.007696958,-0.009420527,0.001035067,54.45974,235.7935,-234.6682,236.3702,-237.2375,0.03259169,-0.03922827,-1.576321e-05,-0.1540403,-0.1533051,-0.154417,-0.1549836,0
0.1116705,-0.008952834,-9.25346,-0.006070797,-0.007687027,0.00253285,54.55561,236.1624,-234.6643,236.8922,-237.2126,0.03263054,-0.0392247,-6.171825e-06,-0.1542812,-0.1533026,-0.154758,-0.1549673,0
0.07360805,-0.04394127,-9.309767,-0.007065287,-0.008317489,0.002146354,54.65148,235.9713,-235.3399,236.6305,-237.9209,0.03264757,-0.03924181,-5.064172e-06,-0.1541564,-0.1537439,-0.154587,-0.15543,0
-0.2109813,-0.3069692,-9.693804,-0.008699887,-0.01023371,2.572307e-05,54.74734,236.5146,-235.3198,237.0239,-237.9374,0.0326293,-0.03922512,-5.073091e-06,-0.1545113,-0.1537308,-0.154844,-0.1554408,0
0.4605058,0.3134406,-8.819426,-0.003568666,-0.004689631,0.004985371,54.84321,236.0816,-235.5222,237.0562,-238.0825,0.03264618,-0.03920323,-1.594036e-05,-0.1542284,-0.153863,-0.1548651,-0.1555356,0
-0.1459472,-0.2468013,-9.606441,-0.008347725,-0.00967003,0.0006431101,54.93907,236.692,-234.7668,237.2494,-237.4177,0.0326755,-0.03920741,1.177585e-05,-0.1546272,-0.1533695,-0.1549913,-0.1551013,0
0.009298751,-0.1032525,-9.40614,-0.007587755,-0.008653224,0.00145829,55.03494,236.3866,-235.8317,237.0201,-238.4756,0.03268901,-0.03922428,-2.095521e-06,-0.1544277,-0.1540652,-0.1548415,-0.1557924,0
-0.3677948,-0.4517745,-9.914073,-0.0097185,-0.01130957,-0.001167989,55.13081,236.6318,-235.8683,237.0583,-238.5396,0.0326982,-0.03924955,-5.455918e-06,-0.1545879,-0.1540891,-0.1548665,-0.1558342,0
0.2392399,0.1090189,-9.116819,-0.004814489,-0.006095605,0.003351401,55.22667,236.0965,-235.8809,236.9568,-238.491,0.03272181,-0.03926017,-2.800617e-05,-0.1542382,-0.1540973,-0.1548002,-0.1558025,0
-0.1098604,-0.2135473,-9.558691,-0.007275158,-0.008651259,0.001048211,55.32253,236.2525,-234.7955,236.8952,-237.4698,0.03274321,-0.03925648,-1.584931e-05,-0.1543401,-0.1533883,-0.15476,-0.1551353,0
0.09889182,-0.02056642,-9.269372,-0.006148333,-0.0071145,0.002453637,55.4184,235.7033,-235.0749,236.4608,-237.7699,0.03271999,-0.0392116,-2.608562e-05,-0.1539813,-0.1535708,-0.1544762,-0.1553314,0
0.2058493,0.07830642,-9.128788,-0.005317927,-0.006370049,0.003376082,55.51426,235.9419,-234.6063,236.7726,-237.2929,0.03275613,-0.03920673,-1.474946e-05,-0.1541372,-0.1532647,-0.1546798,-0.1550197,0
-0.02599525,-0.1357556,-9.427299,-0.007535535,-0.008590871,0.001539391,55.61012,236.132,-234.6344,236.7745,-237.3648,0.03278169,-0.03921192,-3.040292e-06,-0.1542613,-0.153283,-0.1546811,-0.1550667,0
-0.2121446,-0.3077041,-9.680239,-0.008925254,-0.01016572,2.658943e-05,55.70598,236.1305,-235.3487,236.6466,-238.0998,0.03278561,-0.03922352,-8.699008e-06,-0.1542604,-0.1537497,-0.1545976,-0.1555469,0
-0.1524362,-0.2526275,-9.612444,-0.007904138,-0.009370729,0.0005317062,55.80183,235.8567,-235.7333,236.4492,-238.4741,0.0327739,-0.03923105,-2.88032e-05,-0.1540815,-0.1540009,-0.1544686,-0.1557914,0
0.2393851,0.1092678,-9.093162,-0.004288457,-0.005770314,0.003666562,55.89769,235.9823,-234.6365,236.8905,-237.3345,0.03281625,-0.03922439,-2.759516e-05,-0.1541635,-0.1532844,-0.1547569,-0.1550469,0
0.05676324,-0.05926125,-9.310265,-0.006517607,-0.007619782,0.00232094,55.99355,235.7346,-234.2914,236.4671,-237.056,0.03284993,-0.03922334,-1.296784e-05,-0.1540017,-0.153059,-0.1544802,-0.154865,0
-0.09697469,-0.2011789,-9.511125,-0.008089883,-0.009135027,0.00101969,56.0894,235.7455,-234.8622,236.3438,-237.654,0.03286451,-0.03923924,-1.425754e-05,-0.1540088,-0.1534318,-0.1543998,-0.1552556,0
-0.2133321,-0.3087566,-9.674403,-0.008449344,-0.009821858,0.0001752922,56.18525,235.907,-235.0131,236.4612,-237.8042,0.03287917,-0.0392572,-2.025446e-05,-0.1541143,-0.1535304,-0.1544764,-0.1553538,0
0.008910738,-0.1034619,-9.382724,-0.006494925,-0.007782835,0.001891216,56.2811,235.6671,-234.8989,236.3937,-237.6708,0.03290386,-0.03926557,-2.840152e-05,-0.1539576,-0.1534558,-0.1544323,-0.1552666,0
-0.1697553,-0.2685195,-9.606692,-0.007854931,-0.009098803,0.0006773758,56.37694,235.7672,-234.3504,236.3786,-237.161,0.03293162,-0.03926985,-1.989531e-05,-0.154023,-0.1530975,-0.1544225,-0.1549336,0
-0.0580897,-0.1652556,-9.454157,-0.007363378,-0.00831208,0.001410467,56.47278,235.4922,-234.6072,236.1576,-237.4242,0.0329536,-0.03927712,-2.410955e-05,-0.1538434,-0.1532652,-0.1542781,-0.1551055,0
-0.1271485,-0.229042,-9.546114,-0.007834457,-0.00880375,0.0009587363,56.56863,235.3402,-234.7371,235.9604,-237.5677,0.03296544,-0.03929559,-3.145221e-05,-0.1537441,-0.1533501,-0.1541493,-0.1551993,0
-0.4876145,-0.5622249,-10.01225,-0.009838399,-0.01118557,-0.001613873,56.66445,235.4725,-234.2886,235.9005,-237.1522,0.03298008,-0.03931241,-3.5945e-05,-0.1538305,-0.1530571,-0.1541101,-0.1549278,0
-0.04114246,-0.1497326,-9.417223,-0.006349846,-0.007365284,0.001747764,56.76028,234.6888,-234.3636,235.4282,-237.189,0.03300515,-0.03931713,-5.377502e-05,-0.1533186,-0.1531061,-0.1538016,-0.1549519,0
0.04226261,-0.07261344,-9.293449,-0.005885827,-0.00666164,0.002596793,56.85612,234.964,-233.1801,235.7561,-236.021,0.03304739,-0.039303,-3.464387e-05,-0.1534983,-0.1523329,-0.1540158,-0.1541889,0
0.08638047,-0.03159655,-9.222593,-0.006625868,-0.006840364,0.002719068,56.95193,234.9597,-233.2248,235.7148,-236.1001,0.03308106,-0.03929196,-1.957778e-05,-0.1534956,-0.1523621,-0.1539888,-0.1542405,0
-0.07058027,-0.1764527,-9.439309,-0.008358642,-0.008473018,0.001396248,57.04774,235.0489,-234.0477,235.6604,-236.9505,0.03309336,-0.03930101,-1.5235e-05,-0.1535538,-0.1528997,-0.1539533,-0.1547961,0
0.1488794,0.02629278,-9.16992,-0.00644929,-0.006556101,0.002969918,57.14356,235.7504,-233.933,236.5375,-236.8044,0.03312622,-0.03928852,-2.435148e-06,-0.1540121,-0.1528248,-0.1545263,-0.1547006,0
0.01044554,-0.1014363,-9.359275,-0.008215763,-0.007985404,0.001805775,57.23936,235.9912,-234.2977,236.6472,-237.2157,0.03314939,-0.03928304,1.574999e-05,-0.1541694,-0.153063,-0.1545979,-0.1549693,0
0.1355179,0.01423953,-9.214634,-0.007729001,-0.007186326,0.002514015,57.33515,236.3156,-235.1089,237.0327,-238.0262,0.03316258,-0.03928481,1.967688e-05,-0.1543813,-0.1535929,-0.1548498,-0.1554988,0
-0.0121736,-0.1222258,-9.428924,-0.008720381,-0.008238047,0.001370281,57.43095,236.659,-235.5614,237.2911,-238.4986,0.0331671,-0.03929627,1.990395e-05,-0.1546056,-0.1538886,-0.1550186,-0.1558074,0
0.2616106,0.1306732,-9.081436,-0.006394556,-0.005727939,0.003380599,57.52674,236.9099,-235.5268,237.7598,-238.4554,0.03315531,-0.03925069,2.134188e-05,-0.1547696,-0.153866,-0.1553248,-0.1557792,0
-0.2758631,-0.3658579,-9.785807,-0.01068056,-0.0100934,-0.0006092311,57.62254,236.9125,-235.8367,237.3894,-238.8573,0.03313394,-0.03924397,2.533959e-05,-0.1547713,-0.1540685,-0.1550828,-0.1560418,0
-0.1651035,-0.2636491,-9.648944,-0.009177248,-0.008862844,0.0001464338,57.71834,236.9547,-236.162,237.551,-239.1549,0.0331383,-0.0392546,9.329811e-06,-0.1547988,-0.154281,-0.1551884,-0.1562361,0
-0.07054789,-0.1763575,-9.524591,-0.008057864,-0.007843719,0.001029933,57.81414,236.551,-236.0239,237.2376,-239.0135,0.03314636,-0.03926472,-3.68662e-06,-0.1545351,-0.1541908,-0.1549836,-0.1561438,0
-0.01747306,-0.1273729,-9.440435,-0.007389923,-0.007169404,0.001575503,57.90995,236.4832,-235.2865,237.2267,-238.2854,0.03316549,-0.03926392,-6.566956e-06,-0.1544908,-0.153709,-0.1549765,-0.1556681,0
-0.1736865,-0.2716587,-9.628483,-0.008711648,-0.008459436,0.0004612087,58.00575,236.0979,-235.1387,236.7254,-238.1769,0.03317749,-0.03926948,-1.111317e-05,-0.1542391,-0.1536124,-0.154649,-0.1555973,0
-0.1315025,-0.2326928,-9.565344,-0.008234796,-0.008048346,0.0008308626,58.10155,235.7813,-235.1329,236.444,-238.1714,0.03318692,-0.03927802,-2.269075e-05,-0.1540322,-0.1536086,-0.1544652,-0.1555937,0
-0.419891,-0.4992261,-9.93269,-0.009909624,-0.01008219,-0.001156981,58.19736,235.6207,-234.7278,236.119,-237.7984,0.03319274,-0.03929272,-3.143316e-05,-0.1539273,-0.153344,-0.1542529,-0.15535,0
-0.08625819,-0.1910354,-9.481274,-0.007024543,-0.007131701,0.001419303,58.29316,235.0275,-234.4208,235.7743,-237.459,0.03321176,-0.03929434,-4.873531e-05,-0.1535398,-0.1531434,-0.1540277,-0.1551283,0
0.3661079,0.227013,-8.870096,-0.003925677,-0.003622543,0.004989012,58.38896,235.0749,-233.1678,236.1137,-236.1857,0.03326214,-0.03926225,-2.965091e-05,-0.1535708,-0.1523249,-0.1542494,-0.1542965,0
0.08773901,-0.02981203,-9.217977,-0.007573127,-0.006781086,0.002736168,58.48475,235.0999,-233.2963,235.8474,-236.3981,0.0332844,-0.03925399,-6.654123e-06,-0.1535871,-0.1524088,-0.1540754,-0.1544352,0
0.04996572,-0.06459954,-9.284692,-0.00813004,-0.007419015,0.002192773,58.58054,235.8141,-233.8664,236.5213,-236.967,0.03330556,-0.03924451,7.970704e-06,-0.1540537,-0.1527813,-0.1545157,-0.1548069,0
0.1307281,0.01015062,-9.203307,-0.007932266,-0.007113486,0.002621518,58.67632,235.8399,-234.9287,236.5758,-238.0283,0.03331251,-0.03925012,9.129174e-06,-0.1540705,-0.1534753,-0.1545513,-0.1555002,0
0.0738482,-0.04244643,-9.297675,-0.008061092,-0.007389225,0.002183057,58.7721,236.5462,-234.923,237.2726,-238.0267,0.03332417,-0.0392523,1.699231e-05,-0.154532,-0.1534716,-0.1550065,-0.1554991,0
0.07621258,-0.0402474,-9.302932,-0.008110994,-0.007298975,0.002102844,58.86788,236.7093,-235.1459,237.4444,-238.2658,0.03333989,-0.03924879,2.219231e-05,-0.1546385,-0.1536172,-0.1551187,-0.1556553,0
-0.0737531,-0.1787524,-9.507691,-0.009473475,-0.0085612,0.0009296362,58.96365,236.8485,-235.5804,237.4747,-238.7354,0.03334653,-0.03925276,2.731969e-05,-0.1547294,-0.153901,-0.1551385,-0.1559621,0
-0.01458918,-0.1240989,-9.442281,-0.008959187,-0.008001516,0.001296301,59.05943,237.1041,-235.8526,237.7813,-239.0116,0.03334396,-0.03924784,2.589457e-05,-0.1548964,-0.1540789,-0.1553389,-0.1561425,0
-0.1279462,-0.2288665,-9.597698,-0.00964249,-0.008765573,0.000466641,59.15521,237.0655,-236.077,237.6839,-239.2773,0.03329615,-0.03921036,1.892646e-05,-0.1548712,-0.1542255,-0.1552752,-0.1563161,0
-0.07109237,-0.1764348,-9.523577,-0.008710831,-0.008057335,0.0009588694,59.251,236.9053,-236.0565,237.5951,-239.249,0.03329979,-0.03921982,6.73195e-06,-0.1547665,-0.1542121,-0.1552172,-0.1562976,0
-0.07065801,-0.1760929,-9.514513,-0.008381201,-0.007887071,0.001102578,59.34678,236.8409,-235.5457,237.5546,-238.7473,0.03331453,-0.03921964,5.979716e-06,-0.1547245,-0.1538783,-0.1551907,-0.1559699,0
-0.05090018,-0.1577762,-9.477185,-0.008468261,-0.007881747,0.001258858,59.44257,236.5043,-235.5311,237.2133,-238.7523,0.03332292,-0.03922561,6.282194e-07,-0.1545046,-0.1538688,-0.1549678,-0.1559732,0
-0.2401619,-0.3326735,-9.719887,-0.009649316,-0.009329348,-7.699407e-05,59.53836,236.3664,-235.4811,236.9591,-238.7266,0.03332269,-0.03924228,-9.045718e-06,-0.1544145,-0.1538361,-0.1548017,-0.1559564,0
0.1093911,-0.009786261,-9.25532,-0.006600925,-0.006300048,0.00261909,59.63415,236.5111,-234.7091,237.3738,-237.9183,0.03335595,-0.03922476,-4.105339e-06,-0.154509,-0.1533318,-0.1550726,-0.1554283,0
-0.03697258,-0.144773,-9.434633,-0.008750951,-0.008105171,0.00149412,59.72994,236.1798,-234.9026,236.8728,-238.1728,0.03336851,-0.03922627,6.138502e-06,-0.1542926,-0.1534582,-0.1547453,-0.1555946,0
0.1235787,0.003627997,-9.232332,-0.007696851,-0.007029807,0.002558627,59.82574,236.7077,-234.962,237.4999,-238.2169,0.03338536,-0.03922225,1.310569e-05,-0.1546374,-0.153497,-0.155155,-0.1556234,0
-0.08813573,-0.1919056,-9.518982,-0.009530503,-0.008959305,0.0009124017,59.92152,236.6899,-235.4857,237.3228,-238.7763,0.03338711,-0.0392349,1.398855e-05,-0.1546258,-0.1538391,-0.1550393,-0.1559888,0
0.2339208,0.1056178,-9.107893,-0.006900474,-0.006275506,0.003273659,60.01731,236.8712,-235.6017,237.7417,-238.8676,0.03337606,-0.03920669,1.163503e-05,-0.1547442,-0.1539149,-0.1553129,-0.1560485,0
-0.07431456,-0.17913,-9.512897,-0.009363336,-0.008857239,0.001023393,60.11311,237.0201,-235.5482,237.6758,-238.8669,0.03338094,-0.03921731,1.893597e-05,-0.1548416,-0.15388,-0.1552699,-0.156048,0
-0.05368045,-0.1600998,-9.489233,-0.009027117,-0.008624995,0.001079741,60.2089,237.1172,-235.78,237.8031,-239.1099,0.03335872,-0.03919438,1.442874e-05,-0.154905,-0.1540314,-0.1553531,-0.1562068,0
0.01236037,-0.09908337,-9.407291,-0.008455961,-0.008135423,0.001616083,60.3047,236.8833,-236.0298,237.6165,-239.3597,0.03336249,-0.03920761,7.180939e-06,-0.1547522,-0.1541946,-0.1552311,-0.15637,0
-0.007962585,-0.1179156,-9.431818,-0.008313322,-0.008183725,0.001545677,60.4005,237.0678,-235.6292,237.8077,-238.9658,0.03337291,-0.03921599,7.160986e-06,-0.1548727,-0.1539329,-0.1553561,-0.1561126,0
-0.1237002,-0.2248477,-9.576646,-0.009182574,-0.009127397,0.0006875764,60.4963,236.8797,-235.6321,237.5417,-238.9954,0.03338012,-0.03922789,3.66447e-06,-0.1547498,-0.1539348,-0.1551823,-0.156132,0
-0.05908978,-0.1651658,-9.489419,-0.008605475,-0.008590073,0.001203091,60.59211,236.6834,-235.7045,237.3934,-239.0681,0.03338706,-0.0392405,-3.537173e-06,-0.1546216,-0.1539821,-0.1550854,-0.1561795,0
-0.1044646,-0.2071209,-9.544335,-0.008773978,-0.008874454,0.0009516818,60.68792,236.6355,-235.4384,237.3253,-238.8151,0.03339417,-0.03925432,-7.462324e-06,-0.1545903,-0.1538083,-0.1550409,-0.1560142,0
-0.009509257,-0.119409,-9.412186,-0.007962588,-0.008045407,0.001699594,60.78373,236.5127,-235.1568,237.2741,-238.5339,0.03340892,-0.03926032,-1.023401e-05,-0.1545101,-0.1536243,-0.1550075,-0.1558305,0
0.02350208,-0.08885063,-9.361274,-0.007961865,-0.007925522,0.001981715,60.87954,236.3726,-235.0133,237.1408,-238.4099,0.03341553,-0.0392565,-7.358246e-06,-0.1544186,-0.1535305,-0.1549204,-0.1557495,0
-0.1077634,-0.2100854,-9.530025,-0.009116612,-0.009119881,0.0009813553,60.97535,236.4189,-235.0407,237.0877,-238.4749,0.03339515,-0.03924066,-5.954608e-06,-0.1544487,-0.1535484,-0.1548857,-0.155792,0
0.0003866404,-0.1101767,-9.390698,-0.008147261,-0.008276897,0.001763301,61.07116,236.2391,-235.2632,236.9877,-238.6918,0.03338163,-0.03923691,-1.574917e-05,-0.1543314,-0.1536938,-0.1548204,-0.1559337,0
-0.1330522,-0.2335345,-9.56239,-0.008747976,-0.009219697,0.000894623,61.16697,236.5508,-234.6596,237.2381,-238.1016,0.03340115,-0.03924071,-6.313102e-06,-0.1545349,-0.1532995,-0.154984,-0.1555481,0
0.0150913,-0.09654198,-9.362568,-0.008153875,-0.008367503,0.001882783,61.26279,236.0956,-235.1237,236.845,-238.5722,0.03341007,-0.03925406,-1.201619e-05,-0.1542376,-0.1536026,-0.1547272,-0.1558555,0
-0.05884421,-0.1648731,-9.463314,-0.008546149,-0.008942325,0.001405445,61.3586,236.4553,-234.8453,237.1661,-238.3065,0.03341379,-0.03925737,-6.755896e-06,-0.1544725,-0.1534208,-0.1549369,-0.1556819,0
-0.195558,-0.2911883,-9.640302,-0.009565784,-0.01004449,0.0003330043,61.45441,236.228,-235.1094,236.8482,-238.6126,0.03337184,-0.03923366,-1.472171e-05,-0.1543241,-0.1535933,-0.1547292,-0.1558819,0
0.3004599,0.167056,-8.992216,-0.005562543,-0.006003825,0.004091768,61.55022,236.2333,-234.7922,237.2069,-238.239,0.03339912,-0.03923099,-1.462444e-05,-0.1543275,-0.1533861,-0.1549636,-0.1556378,0
0.1300246,0.009749908,-9.207331,-0.007545889,-0.007849638,0.002843241,61.64603,236.6045,-234.2806,237.4199,-237.7795,0.03342585,-0.03922806,1.197401e-05,-0.15457,-0.1530519,-0.1551027,-0.1553377,0
0.1911088,0.06638607,-9.134853,-0.007940621,-0.007971133,0.00298109,61.74184,236.7828,-235.1197,237.5815,-238.6316,0.03343714,-0.03923758,1.920159e-05,-0.1546865,-0.1536,-0.1552083,-0.1558943,0
0.004029248,-0.1064458,-9.403873,-0.009329746,-0.009610768,0.001505398,61.83765,237.2404,-235.7654,237.9139,-239.2929,0.03343807,-0.03925949,2.384251e-05,-0.1549855,-0.1540218,-0.1554255,-0.1563263,0
0.09377243,-0.02360241,-9.303228,-0.008355044,-0.008713583,0.002097625,61.93346,237.5461,-236.0567,238.3062,-239.5754,0.03343636,-0.03926622,2.222571e-05,-0.1551851,-0.1542121,-0.1556818,-0.1565109,0
-0.2498944,-0.3411828,-9.759781,-0.01077681,-0.01131013,-0.0004349878,62.02928,237.6007,-236.3069,238.1454,-239.8853,0.03340311,-0.03926403,2.001334e-05,-0.1552208,-0.1543756,-0.1555767,-0.1567133,0
0.1303508,0.01003704,-9.266678,-0.007521819,-0.008016822,0.002383636,62.1251,237.5163,-236.3666,238.3468,-239.9095,0.03339356,-0.03925621,8.732041e-06,-0.1551657,-0.1544146,-0.1557083,-0.1567292,0
-0.167879,-0.2655218,-9.651863,-0.00971936,-0.01042182,0.0003084194,62.22092,237.3797,-236.1721,238.0083,-239.7631,0.0333932,-0.03928402,7.070887e-06,-0.1550764,-0.1542876,-0.1554871,-0.1566335,0
0.05624239,-0.05853935,-9.352367,-0.007680753,-0.008416418,0.00197173,62.31675,237.4828,-235.7967,238.2882,-239.3636,0.03341217,-0.03929154,4.130577e-06,-0.1551438,-0.1540423,-0.15567,-0.1563725,0
-0.06339956,-0.1689906,-9.502268,-0.009022572,-0.009643761,0.001123383,62.41259,237.042,-236.0265,237.7354,-239.6483,0.03337723,-0.03927421,1.386171e-06,-0.1548559,-0.1541924,-0.1553089,-0.1565585,0
0.1239225,0.004031725,-9.256901,-0.007361079,-0.008090016,0.002531949,62.50842,237.5214,-235.5086,238.3607,-239.1185,0.03337133,-0.03924865,8.251081e-06,-0.1551691,-0.1538541,-0.1557173,-0.1562124,0
0.1140072,-0.004988335,-9.268064,-0.008015012,-0.008676458,0.002378589,62.60427,237.1554,-235.972,237.9426,-239.6123,0.03335774,-0.03924853,7.127324e-06,-0.1549299,-0.1541568,-0.1554442,-0.156535,0
0.0849055,-0.03191743,-9.312638,-0.007953696,-0.008961159,0.00216804,62.70012,237.7712,-235.6942,238.5581,-239.3407,0.0333472,-0.03922797,1.778307e-05,-0.1553322,-0.1539753,-0.1558463,-0.1563576,0
-0.02568895,-0.1340154,-9.461795,-0.009126758,-0.01020972,0.001218498,62.79597,237.6159,-236.2987,238.3002,-239.9694,0.0333517,-0.03925392,1.680725e-05,-0.1552308,-0.1543703,-0.1556778,-0.1567683,0
0.01087588,-0.1002921,-9.425339,-0.008539727,-0.00988335,0.001486013,62.89182,237.7201,-236.6159,238.4462,-240.2852,0.0333256,-0.03925612,7.90876e-06,-0.1552988,-0.1545775,-0.1557732,-0.1569746,0
-0.2335779,-0.3262907,-9.746581,-0.009760471,-0.01155638,-0.0002292822,62.98769,237.5929,-236.5781,238.1898,-240.2674,0.0333218,-0.03929762,-6.013201e-06,-0.1552157,-0.1545528,-0.1556057,-0.1569629,0
0.2403032,0.1114043,-9.117684,-0.005638734,-0.00740798,0.003424768,63.08355,237.5423,-235.8209,238.5004,-239.4579,0.03335516,-0.03930164,-7.864744e-06,-0.1551827,-0.1540582,-0.1558086,-0.1564341,0
0.03515644,-0.07794005,-9.369488,-0.008153965,-0.009598177,0.001939326,63.17943,237.0635,-235.8848,237.8128,-239.5895,0.03336341,-0.03933002,-3.333489e-06,-0.1548699,-0.1540999,-0.1553594,-0.1565201,0
-0.0788576,-0.1833486,-9.519307,-0.008712884,-0.01041522,0.001033898,63.27531,237.5768,-235.6704,238.2679,-239.3823,0.03336677,-0.03934492,-2.166474e-06,-0.1552052,-0.1539598,-0.1556567,-0.1563847,0
-0.1714545,-0.2689228,-9.641927,-0.009339748,-0.01115277,0.0003306336,63.37119,237.2499,-236.0324,237.8838,-239.7775,0.03332838,-0.03932475,-8.67788e-06,-0.1549917,-0.1541963,-0.1554058,-0.1566429,0
0.2596986,0.1294211,-9.078956,-0.006025983,-0.007746337,0.003588821,63.46708,237.2028,-235.9021,238.1286,-239.6011,0.03334952,-0.03934117,-1.139207e-05,-0.1549609,-0.1541111,-0.1555657,-0.1565277,0
0.12735,0.007209171,-9.247332,-0.007341749,-0.009053723,0.002645191,63.56297,237.5702,-235.3583,238.3854,-239.0914,0.03337201,-0.03935683,4.944146e-06,-0.1552009,-0.1537559,-0.1557335,-0.1561947,0
-0.03469467,-0.1424282,-9.460388,-0.008974824,-0.0106333,0.001250352,63.65885,237.6593,-235.8617,238.3374,-239.6253,0.03338425,-0.03938065,9.773921e-06,-0.1552591,-0.1540848,-0.1557021,-0.1565435,0
0.19492,0.06974557,-9.175313,-0.007377604,-0.008919144,0.002880977,63.75475,237.8017,-236.3702,238.6263,-240.1099,0.03339913,-0.03940123,1.119946e-05,-0.1553521,-0.154417,-0.1558909,-0.1568601,0
-0.1181734,-0.2195369,-9.595329,-0.009783573,-0.011437,0.0005413496,63.85065,238.2816,-236.3962,238.8943,-240.1791,0.03340433,-0.03943233,1.983519e-05,-0.1556657,-0.154434,-0.156066,-0.1569052,0
-0.4461634,-0.5226956,-10.03271,-0.01185973,-0.01375311,-0.002003363,63.94656,237.8922,-237.3417,238.3069,-241.1667,0.03335445,-0.03945963,-7.153474e-06,-0.1554112,-0.1550516,-0.1556822,-0.1575505,0
-0.132695,-0.2334187,-9.625359,-0.008050409,-0.01028234,0.000610748,64.04248,237.4643,-237.0027,238.1853,-240.7659,0.03335725,-0.03949852,-3.790332e-05,-0.1551317,-0.1548302,-0.1556027,-0.1572886,0
0.07118255,-0.04517341,-9.329338,-0.00615082,-0.008194435,0.002482543,64.1384,237.2401,-235.3466,238.1292,-239.1112,0.033392,-0.03950489,-3.272495e-05,-0.1549852,-0.1537483,-0.1555661,-0.1562076,0
-0.01631174,-0.1258128,-9.411755,-0.007869622,-0.009360926,0.001790581,64.23433,236.693,-235.1236,237.4509,-238.9589,0.0333799,-0.03949093,-2.834316e-05,-0.1546278,-0.1536026,-0.155123,-0.1561081,0
-0.1201031,-0.2216773,-9.544357,-0.008736647,-0.0103589,0.0009781457,64.33026,236.9447,-235.0717,237.6212,-238.9157,0.03339636,-0.03950927,-2.243421e-05,-0.1547923,-0.1535687,-0.1552342,-0.1560799,0
-0.02880267,-0.1372778,-9.42847,-0.008201456,-0.009808418,0.001587861,64.42621,236.8917,-235.3358,237.6154,-239.1716,0.03341219,-0.03952852,-2.137385e-05,-0.1547577,-0.1537412,-0.1552305,-0.1562471,0
0.07740079,-0.039116,-9.294617,-0.007574962,-0.009058888,0.002364289,64.52213,237.0559,-235.3593,237.8394,-239.191,0.03342917,-0.03954655,-1.635783e-05,-0.154865,-0.1537566,-0.1553768,-0.1562597,0
-0.1924101,-0.2883976,-9.65077,-0.009688985,-0.01120935,0.0003130278,64.61808,237.2722,-235.4579,237.8697,-239.3279,0.03343709,-0.03957327,-1.172665e-05,-0.1550062,-0.153821,-0.1553966,-0.1563492,0
-0.1041815,-0.2069327,-9.541361,-0.008875768,-0.01031169,0.0009061297,64.71402,236.9144,-236.083,237.5793,-239.9431,0.03343672,-0.03960803,-2.87938e-05,-0.1547725,-0.1542294,-0.1552069,-0.1567511,0
-0.05071484,-0.1576862,-9.471465,-0.00787543,-0.009375442,0.001501341,64.80996,237.2529,-235.2758,238.0014,-239.1282,0.03345929,-0.03961984,-2.288293e-05,-0.1549936,-0.153702,-0.1554826,-0.1562187,0
-0.02306185,-0.1320384,-9.422716,-0.008278075,-0.009292435,0.001644265,64.90591,236.7467,-235.4747,237.4741,-239.3581,0.0334684,-0.03964199,-2.6941e-05,-0.1546629,-0.153832,-0.1551381,-0.1563689,0
0.01167819,-0.09997965,-9.377035,-0.007902592,-0.008839012,0.001952596,65.00186,237.0654,-235.1268,237.8282,-239.0138,0.03347794,-0.03964353,-2.073996e-05,-0.1548711,-0.1536047,-0.1553695,-0.156144,0
0.3049167,0.1710558,-8.991632,-0.006237367,-0.006682206,0.004054465,65.09781,237.1313,-235.0318,238.0635,-238.9187,0.03348814,-0.03962015,-7.934776e-06,-0.1549142,-0.1535426,-0.1555232,-0.1560818,0
-0.3268466,-0.4125212,-9.823177,-0.01158306,-0.01210826,-0.0007561588,65.19377,237.4078,-235.5921,237.8721,-239.5668,0.03348348,-0.03964951,3.747639e-06,-0.1550948,-0.1539087,-0.1553982,-0.1565053,0
-0.02637756,-0.1350349,-9.449674,-0.00876474,-0.009359171,0.001312867,65.28973,237.4682,-236.3272,238.1737,-240.2577,0.03345697,-0.03964447,-1.430125e-05,-0.1551343,-0.1543889,-0.1555952,-0.1569566,0
-0.1306949,-0.2315381,-9.591612,-0.009047106,-0.009807327,0.0007541269,65.38569,237.262,-236.1792,237.9305,-240.1228,0.03345693,-0.03967279,-2.272152e-05,-0.1549996,-0.1542922,-0.1554363,-0.1568685,0
0.07585517,-0.04081239,-9.309071,-0.007117996,-0.007738833,0.00237826,65.48166,237.4089,-235.3336,238.2497,-239.2636,0.03348188,-0.03967404,-1.985063e-05,-0.1550955,-0.1537398,-0.1556448,-0.1563072,0
0.113256,-0.006099772,-9.247421,-0.007637965,-0.007765961,0.002634107,65.57763,236.8477,-235.567,237.6597,-239.5352,0.03348293,-0.03967708,-1.977316e-05,-0.1547289,-0.1538923,-0.1552594,-0.1564846,0
-0.05681883,-0.1632574,-9.470265,-0.008822948,-0.009058603,0.00138075,65.6736,237.2522,-235.3475,237.9588,-239.3548,0.03344524,-0.03964207,-1.458265e-05,-0.1549932,-0.1537488,-0.1554548,-0.1563668,0
-0.3814729,-0.463275,-9.895561,-0.01094907,-0.01154847,-0.001078103,65.76958,236.8922,-235.8703,237.3928,-239.9069,0.03343551,-0.03967671,-3.006834e-05,-0.154758,-0.1540904,-0.155085,-0.1567274,0
-0.1085957,-0.2113588,-9.537632,-0.007942409,-0.008800775,0.00111909,65.86557,236.7623,-235.4643,237.5098,-239.4519,0.03345022,-0.03968913,-4.255534e-05,-0.1546731,-0.1538252,-0.1551614,-0.1564302,0
0.2031612,0.07674324,-9.112131,-0.005911855,-0.006355376,0.003586372,65.96155,236.2845,-234.8641,237.221,-238.8481,0.03347244,-0.03969347,-4.29762e-05,-0.154361,-0.1534331,-0.1549728,-0.1560358,0
0.1666673,0.04312824,-9.143891,-0.006659335,-0.006854067,0.00334025,66.05754,236.6405,-234.0633,237.5268,-238.0889,0.03347726,-0.0396594,-2.26471e-05,-0.1545936,-0.1529099,-0.1551726,-0.1555398,0
-0.1624216,-0.2607539,-9.572256,-0.009855026,-0.009986664,0.0006843805,66.15352,236.4301,-234.8881,237.041,-238.9686,0.03347903,-0.03967891,-2.002145e-05,-0.1544561,-0.1534488,-0.1548552,-0.1561145,0
-0.1884414,-0.2848907,-9.62262,-0.009486921,-0.009987995,0.0004615465,66.2495,236.6537,-235.3163,237.2824,-239.3863,0.03345592,-0.03967536,-2.79926e-05,-0.1546022,-0.1537285,-0.1550129,-0.1563873,0
0.03983677,-0.07406356,-9.327841,-0.007338849,-0.007886712,0.002246036,66.3455,236.6524,-235.0018,237.4661,-239.0449,0.03347284,-0.03968378,-3.068585e-05,-0.1546014,-0.153523,-0.1551329,-0.1561643,0
0.08510393,-0.03218063,-9.259549,-0.007289641,-0.007604866,0.00262479,66.44149,236.4429,-234.8102,237.2694,-238.8759,0.03347982,-0.03968498,-2.865722e-05,-0.1544645,-0.1533978,-0.1550044,-0.1560539,0
-0.04380606,-0.1512651,-9.423436,-0.008338029,-0.008646438,0.001657838,66.53748,236.761,-234.486,237.5028,-238.5951,0.03345691,-0.03964153,-1.652503e-05,-0.1546723,-0.153186,-0.1551569,-0.1558705,0
0.09571974,-0.02223296,-9.243426,-0.007743465,-0.007889207,0.002555238,66.63347,236.6471,-234.9672,237.4506,-239.0737,0.03347204,-0.03964766,-1.285483e-05,-0.1545979,-0.1535004,-0.1551228,-0.1561832,0
-0.03565046,-0.1435668,-9.425841,-0.008813964,-0.009111472,0.001547009,66.72945,236.8767,-235.2678,237.582,-239.3906,0.03347499,-0.03966812,-1.075043e-05,-0.1547479,-0.1536968,-0.1552086,-0.1563901,0
0.06705122,-0.04875053,-9.299198,-0.007679346,-0.008078428,0.002278244,66.82545,237.2277,-235.1119,238.0315,-239.2191,0.0334931,-0.03967372,-7.530789e-06,-0.1549772,-0.153595,-0.1555023,-0.1562781,0
-0.2651652,-0.3556527,-9.734178,-0.01040523,-0.01081035,-0.0002098522,66.92144,237.0412,-235.5184,237.6075,-239.6809,0.03349449,-0.03969588,-6.656847e-06,-0.1548553,-0.1538605,-0.1552253,-0.1565798,0
0.077774,-0.03886158,-9.292114,-0.007566441,-0.007849213,0.002309014,67.01744,236.9478,-235.7693,237.7627,-239.8917,0.03350067,-0.03971283,-2.022137e-05,-0.1547943,-0.1540244,-0.1553267,-0.1567175,0
-0.2274991,-0.3209985,-9.688072,-0.009505222,-0.009990053,0.0002166462,67.11345,237.0774,-235.1965,237.7135,-239.3613,0.03350778,-0.03973069,-1.758065e-05,-0.154879,-0.1536502,-0.1552945,-0.156371,0
-0.1315185,-0.2323574,-9.551648,-0.008695466,-0.009023458,0.0008959373,67.20945,236.572,-235.3659,237.2791,-239.5316,0.0335135,-0.03974815,-3.230212e-05,-0.1545488,-0.1537609,-0.1550108,-0.1564823,0
-0.03487806,-0.143117,-9.418069,-0.00775223,-0.00803522,0.001792117,67.30546,236.4683,-234.8634,237.2566,-239.0269,0.03352954,-0.03975518,-3.26085e-05,-0.1544811,-0.1534326,-0.1549961,-0.1561525,0
-0.05352209,-0.1602917,-9.429066,-0.008150969,-0.008235288,0.001670609,67.40147,236.2448,-234.6174,237.0024,-238.8047,0.03353967,-0.03976689,-3.420156e-05,-0.154335,-0.1532719,-0.15483,-0.1560074,0
0.04517233,-0.06910165,-9.293618,-0.007398854,-0.007387299,0.00242956,67.49747,236.0984,-234.4806,236.9226,-238.6651,0.03355302,-0.03977447,-3.739084e-05,-0.1542394,-0.1531825,-0.1547779,-0.1559162,0
-0.1351965,-0.2357435,-9.522669,-0.008761785,-0.008782282,0.001148305,67.59348,236.1585,-234.1807,236.8632,-238.3961,0.03356738,-0.03978029,-3.030057e-05,-0.1542787,-0.1529866,-0.1547391,-0.1557404,0
0.0409845,-0.07289995,-9.289249,-0.00771157,-0.007469382,0.00237858,67.68949,236.0966,-234.278,236.9043,-238.4877,0.03358437,-0.03978084,-2.758744e-05,-0.1542382,-0.1530502,-0.1547659,-0.1558003,0
-0.3034649,-0.3911033,-9.742341,-0.01045838,-0.01029709,-0.0001854134,67.7855,236.2148,-234.4355,236.7795,-238.6938,0.03358508,-0.03979793,-2.337147e-05,-0.1543154,-0.1531531,-0.1546843,-0.1559349,0
-0.08480503,-0.1891478,-9.461243,-0.008476003,-0.008273699,0.00138304,67.88151,236.198,-234.5813,236.9357,-238.8105,0.03359484,-0.03980517,-3.1688e-05,-0.1543045,-0.1532483,-0.1547864,-0.1560112,0
-0.1551127,-0.254111,-9.550983,-0.008993765,-0.008710225,0.0009742067,67.97751,235.7756,-234.6737,236.4658,-238.9255,0.03359392,-0.03982436,-4.062835e-05,-0.1540285,-0.1533087,-0.1544794,-0.1560863,0
-0.241337,-0.3339114,-9.654763,-0.009060847,-0.008909511,0.0004497514,68.07352,235.9785,-233.9494,236.6552,-238.2101,0.03360657,-0.03982937,-4.100169e-05,-0.1541611,-0.1528355,-0.1546031,-0.155619,0
0.01734247,-0.09485025,-9.303032,-0.007411219,-0.0068488,0.002382795,68.16953,235.3104,-233.9982,236.143,-238.255,0.03362034,-0.03983086,-4.85125e-05,-0.1537246,-0.1528674,-0.1542685,-0.1556483,0
-0.1102215,-0.2126777,-9.460979,-0.008476293,-0.007857852,0.001549464,68.26552,235.5157,-233.4326,236.2575,-237.7188,0.03363492,-0.03983045,-3.800093e-05,-0.1538587,-0.1524979,-0.1543434,-0.155298,0
-0.1148419,-0.2168841,-9.461117,-0.00875693,-0.00797512,0.001407797,68.36152,235.4025,-233.5474,236.1264,-237.851,0.03363748,-0.03982466,-3.795326e-05,-0.1537848,-0.1525729,-0.1542577,-0.1553844,0
0.2937009,0.1606506,-8.929458,-0.005907871,-0.004801419,0.004443395,68.45751,235.4223,-233.4798,236.4134,-237.7652,0.03362547,-0.03977137,-3.084916e-05,-0.1537977,-0.1525287,-0.1544452,-0.1553283,0
0.02142743,-0.09075311,-9.285782,-0.008557575,-0.007393355,0.002369597,68.5535,235.9427,-233.2698,236.7139,-237.6088,0.03364258,-0.03976318,-5.202135e-06,-0.1541377,-0.1523915,-0.1546415,-0.1552261,0
-0.1279217,-0.2286354,-9.493823,-0.01005221,-0.008896802,0.0009708241,68.64949,236.203,-234.1526,236.8497,-238.5128,0.0336448,-0.03976827,-1.208965e-07,-0.1543078,-0.1529683,-0.1547302,-0.1558167,0
-0.1263017,-0.2271687,-9.514698,-0.009792735,-0.008795624,0.0009229259,68.74548,236.3144,-234.9037,236.9799,-239.2581,0.03363333,-0.03977431,-5.943697e-06,-0.1543805,-0.1534589,-0.1548153,-0.1563036,0
-0.0182111,-0.1274005,-9.383202,-0.008516788,-0.007574589,0.001788058,68.84145,236.8902,-234.392,237.6723,-238.7414,0.03363739,-0.0397502,4.850272e-06,-0.1547567,-0.1531247,-0.1552676,-0.155966,0
-0.1946453,-0.2902922,-9.612766,-0.01042428,-0.009249984,0.0003633093,68.93744,236.0596,-235.4615,236.6778,-239.8603,0.03361607,-0.03978155,-1.508348e-05,-0.1542141,-0.1538234,-0.1546179,-0.156697,0
0.01537303,-0.09652925,-9.343367,-0.007532989,-0.006760025,0.002141486,69.03342,236.694,-234.4522,237.5491,-238.8022,0.0336337,-0.03977557,-1.632375e-05,-0.1546285,-0.153164,-0.1551872,-0.1560058,0
-0.0004011756,-0.1109847,-9.345409,-0.008256406,-0.007081514,0.002053719,69.1294,235.9844,-234.4001,236.7923,-238.7989,0.03363533,-0.03976624,-1.586419e-05,-0.1541649,-0.1531299,-0.1546927,-0.1560036,0
-0.15927,-0.2577425,-9.54743,-0.009523751,-0.008399582,0.0008826352,69.22539,236.1647,-234.2793,236.863,-238.7254,0.03359006,-0.03972026,-1.34211e-05,-0.1542827,-0.153051,-0.1547389,-0.1559556,0
-0.2275357,-0.3208506,-9.636922,-0.009729527,-0.008915383,0.0003534741,69.32138,236.0873,-234.354,236.7564,-238.8083,0.03357696,-0.03971207,-1.956116e-05,-0.1542322,-0.1530998,-0.1546693,-0.1560097,0
-0.08648854,-0.1905605,-9.449739,-0.008389357,-0.007768422,0.001474835,69.41736,235.6681,-234.4589,236.4435,-238.8957,0.03357989,-0.03972283,-3.211194e-05,-0.1539583,-0.1531683,-0.1544649,-0.1560668,0
-0.05451303,-0.1610665,-9.398397,-0.007824024,-0.007374236,0.001868868,69.51334,235.5996,-233.8585,236.4157,-238.2966,0.03359074,-0.03972818,-3.486908e-05,-0.1539135,-0.1527761,-0.1544467,-0.1556755,0
0.04896246,-0.06542678,-9.248066,-0.007142498,-0.006601826,0.00267979,69.60933,235.5363,-233.2942,236.4181,-237.7386,0.03361452,-0.03971937,-2.799302e-05,-0.1538722,-0.1524075,-0.1544483,-0.1553109,0
0.3722413,0.2334739,-8.817896,-0.005576213,-0.004567488,0.005007613,69.70531,235.7019,-233.0592,236.7492,-237.5001,0.03365058,-0.03969421,-4.785915e-06,-0.1539804,-0.152254,-0.1546645,-0.1551551,0
0.05568939,-0.05869835,-9.240693,-0.009172562,-0.007971256,0.002413003,69.80128,236.3747,-233.5184,237.1295,-238.0254,0.03366427,-0.03968874,2.587927e-05,-0.1544199,-0.1525539,-0.154913,-0.1554983,0
0.05879635,-0.05571454,-9.26816,-0.009510507,-0.008341332,0.002069051,69.89725,236.8122,-234.9223,237.5443,-239.424,0.03365922,-0.03970181,2.618573e-05,-0.1547057,-0.1534711,-0.155184,-0.156412,0
-0.1563857,-0.2546456,-9.581207,-0.0105195,-0.009773457,0.0004614791,69.99322,237.4395,-235.364,238.0744,-239.8737,0.0336564,-0.03971601,2.987498e-05,-0.1551155,-0.1537596,-0.1555303,-0.1567058,0
-0.02215327,-0.1306887,-9.417994,-0.009314505,-0.008448059,0.001394529,70.08919,237.3259,-235.8655,238.0715,-240.3695,0.03365263,-0.03973126,1.911413e-05,-0.1550413,-0.1540873,-0.1555284,-0.1570296,0
-0.3284578,-0.4138203,-9.822282,-0.01113959,-0.01048613,-0.0007538375,70.18517,237.5107,-235.6479,238.0882,-240.1922,0.03364688,-0.03974965,1.640955e-05,-0.1551621,-0.1539451,-0.1555393,-0.1569138,0
-0.1235171,-0.224563,-9.549004,-0.009294288,-0.008508387,0.0007800277,70.28114,236.9219,-235.881,237.6584,-240.4123,0.03364044,-0.03976834,-7.035802e-06,-0.1547774,-0.1540974,-0.1552585,-0.1570576,0
0.06329563,-0.05206691,-9.293897,-0.007463183,-0.006644912,0.002434884,70.37714,236.7966,-235.0171,237.6909,-239.539,0.03365282,-0.03976891,-1.03137e-05,-0.1546955,-0.153533,-0.1552797,-0.1564871,0
-0.03984252,-0.1472957,-9.407033,-0.008598765,-0.007576614,0.001718916,70.47313,236.7313,-234.3553,237.5359,-238.9208,0.0336682,-0.03976383,-6.633978e-07,-0.1546529,-0.1531006,-0.1551785,-0.1560832,0
-0.1507255,-0.249633,-9.545328,-0.009909665,-0.008779656,0.0007920854,70.56912,236.5398,-234.7343,237.2346,-239.3304,0.03366951,-0.03977068,-6.713339e-07,-0.1545278,-0.1533482,-0.1549817,-0.1563508,0
-0.07377119,-0.1785451,-9.451561,-0.009185696,-0.008166296,0.001360646,70.66511,236.5858,-234.9221,237.3402,-239.516,0.03364661,-0.03975586,-6.037577e-06,-0.1545578,-0.1534709,-0.1550507,-0.1564721,0
0.1767998,0.05295047,-9.124502,-0.007178788,-0.00612074,0.0032768,70.76111,236.9523,-234.3107,237.89,-238.8841,0.03367068,-0.03974092,6.590872e-06,-0.1547973,-0.1530715,-0.1554098,-0.1560593,0
-0.07836804,-0.1826077,-9.454924,-0.009987934,-0.008718435,0.001252075,70.8571,236.8236,-234.8098,237.5289,-239.4456,0.03367084,-0.03974856,1.561745e-05,-0.1547132,-0.1533976,-0.1551739,-0.1564261,0
0.1799463,0.05606284,-9.132256,-0.007999603,-0.006712464,0.003047378,70.95309,237.2754,-235.1091,238.1602,-239.7117,0.03367934,-0.03974704,1.840305e-05,-0.1550083,-0.1535931,-0.1555863,-0.1566,0
-0.1781495,-0.2747612,-9.611115,-0.01082116,-0.009685026,0.0003661424,71.0491,237.5447,-235.3356,238.1828,-239.9909,0.03367613,-0.03975858,2.709489e-05,-0.1551843,-0.1537411,-0.1556011,-0.1567823,0
0.00963089,-0.1013024,-9.37593,-0.00928368,-0.008073458,0.001637883,71.1451,237.6815,-235.7472,238.4602,-240.3874,0.03366951,-0.03975423,2.264419e-05,-0.1552736,-0.15401,-0.1557823,-0.1570414,0
-0.3166196,-0.4027669,-9.810202,-0.01162805,-0.01060103,-0.0007274356,71.24111,237.668,-236.0008,238.2375,-240.7052,0.03361261,-0.039729,1.902579e-05,-0.1552648,-0.1541757,-0.1556369,-0.157249,0
-0.05675518,-0.1628082,-9.472383,-0.009056749,-0.008192136,0.001219787,71.33713,237.427,-236.1074,238.2096,-240.7741,0.03360648,-0.03974598,-1.938116e-06,-0.1551074,-0.1542453,-0.1556186,-0.157294,0
-0.1231179,-0.2242351,-9.549091,-0.009054599,-0.008432044,0.0009735065,71.43314,237.2838,-235.371,238.0553,-240.0522,0.03361262,-0.03975365,-4.391274e-06,-0.1550138,-0.1537642,-0.1555178,-0.1568223,0
-0.1834874,-0.2800024,-9.609017,-0.009608497,-0.008938213,0.0005578785,71.52917,237.0041,-235.0509,237.7275,-239.7592,0.0336189,-0.03975993,-6.528391e-06,-0.1548311,-0.1535551,-0.1553037,-0.156631,0
-0.2176413,-0.3115366,-9.645735,-0.009929192,-0.009310053,0.0003340304,71.6252,236.8154,-235.0144,237.5073,-239.7367,0.03362144,-0.03976994,-9.932252e-06,-0.1547078,-0.1535313,-0.1551598,-0.1566162,0
0.061934,-0.05321125,-9.276257,-0.007850607,-0.00714478,0.00244303,71.72122,236.7552,-234.7774,237.632,-239.4771,0.03363352,-0.03977056,-1.120218e-05,-0.1546685,-0.1533764,-0.1552413,-0.1564467,0
0.07846237,-0.03784907,-9.248917,-0.008104214,-0.00727155,0.00258903,71.81726,236.752,-234.5626,237.6157,-239.2925,0.03361925,-0.03974622,-4.114529e-06,-0.1546664,-0.1532361,-0.1552307,-0.156326,0
-0.05587442,-0.1619105,-9.423848,-0.009313484,-0.008564371,0.001516713,71.9133,236.9508,-234.6344,237.71,-239.3884,0.03362574,-0.03975185,3.039058e-06,-0.1547963,-0.153283,-0.1552922,-0.1563887,0
0.004958979,-0.1056629,-9.351417,-0.008974019,-0.008260708,0.001881882,72.00933,237.0446,-234.9743,237.8365,-239.7256,0.03363209,-0.03975773,5.920808e-06,-0.1548576,-0.1535051,-0.1553749,-0.156609,0
-0.006367,-0.1160934,-9.374813,-0.009177509,-0.008483343,0.001763233,72.10538,237.264,-235.1411,238.0412,-239.902,0.03363546,-0.03976732,1.056397e-05,-0.1550009,-0.153614,-0.1555086,-0.1567243,0
-0.146699,-0.245766,-9.565179,-0.01017734,-0.009585668,0.0006660254,72.20142,237.3992,-235.3817,238.0872,-240.1676,0.03362302,-0.03977481,8.912376e-06,-0.1550892,-0.1537712,-0.1555387,-0.1568978,0
0.3554209,0.2181414,-8.914367,-0.006352413,-0.005503577,0.004388845,72.29746,237.5933,-235.179,238.6324,-239.925,0.03362926,-0.03974523,1.533493e-05,-0.155216,-0.1536388,-0.1558949,-0.1567393,0
0.1665036,0.04380511,-9.162055,-0.008736761,-0.007621593,0.002923642,72.39352,237.9445,-235.1868,238.7961,-239.9925,0.03364102,-0.03974351,4.063496e-05,-0.1554455,-0.1536439,-0.1560018,-0.1567834,0
-0.002024359,-0.1118003,-9.39937,-0.01046188,-0.009351916,0.001368568,72.48958,238.3082,-236.2035,239.0139,-241.0349,0.03363004,-0.03976344,4.160039e-05,-0.155683,-0.1543081,-0.1561441,-0.1574643,0
-0.1884791,-0.2842163,-9.668909,-0.0112009,-0.01054228,-4.299573e-05,72.58563,238.6288,-236.7978,239.2544,-241.6312,0.03361693,-0.03978873,3.403508e-05,-0.1558925,-0.1546963,-0.1563012,-0.1578539,0
-0.01827727,-0.1271042,-9.454515,-0.009404843,-0.00877594,0.001282669,72.68171,238.5276,-236.8803,239.3072,-241.6962,0.03361354,-0.03980561,2.254626e-05,-0.1558263,-0.1547502,-0.1563357,-0.1578964,0
-0.1178351,-0.2191616,-9.579357,-0.00998404,-0.009332897,0.0006704619,72.77779,238.3833,-236.6085,239.1097,-241.4534,0.03360754,-0.0398257,1.600962e-05,-0.1557321,-0.1545727,-0.1562066,-0.1577377,0
-0.1159678,-0.2175303,-9.567315,-0.009682707,-0.009041828,0.0007491573,72.87388,238.3438,-236.2047,239.0939,-241.0594,0.03361098,-0.03983517,1.17193e-05,-0.1557063,-0.1543089,-0.1561963,-0.1574803,0
-0.07225005,-0.177117,-9.500796,-0.009539824,-0.008745946,0.001119276,72.96998,237.9032,-236.2777,238.6682,-241.1477,0.03360938,-0.03984895,4.474754e-06,-0.1554185,-0.1543565,-0.1559182,-0.1575381,0
0.205302,0.07931655,-9.132746,-0.007466101,-0.006521687,0.003252071,73.06609,238.0114,-235.8124,238.9629,-240.6633,0.03362061,-0.03984915,6.567029e-06,-0.1554891,-0.1540526,-0.1561108,-0.1572216,0
0.09052609,-0.02663323,-9.276049,-0.00880174,-0.00771818,0.00238222,73.1622,238.1647,-235.5547,239.0092,-240.4441,0.03363001,-0.03984981,1.963608e-05,-0.1555893,-0.1538842,-0.156141,-0.1570784,0
-0.2636928,-0.3538527,-9.742773,-0.01173645,-0.01077185,-0.0003932802,73.25832,238.0577,-236.3428,238.6402,-241.28,0.03361328,-0.0398764,1.372689e-05,-0.1555194,-0.1543991,-0.1558999,-0.1576245,0
-0.4594027,-0.5348938,-10.01066,-0.01222881,-0.01181144,-0.001786281,73.35445,238.0842,-236.6154,238.5965,-241.5489,0.0335947,-0.03990836,-5.203467e-06,-0.1555367,-0.1545772,-0.1558714,-0.1578001,0
-0.3089528,-0.3961082,-9.807583,-0.01021143,-0.00996206,-0.0004618121,73.45058,237.5376,-236.2788,238.2095,-241.1909,0.03358766,-0.03993163,-2.895951e-05,-0.1551796,-0.1543573,-0.1556186,-0.1575662,0
0.01239326,-0.09929653,-9.363029,-0.007518781,-0.007033868,0.002197435,73.54672,236.9863,-235.288,237.894,-240.1852,0.03359862,-0.0399368,-3.936426e-05,-0.1548194,-0.15371,-0.1554125,-0.1569092,0
-0.2122231,-0.3067853,-9.626651,-0.009474054,-0.008880867,0.0006772772,73.64288,236.6429,-234.4934,237.3791,-239.4458,0.03360469,-0.03994539,-3.721262e-05,-0.1545951,-0.1531909,-0.1550761,-0.1564262,0
-0.05916666,-0.1653353,-9.409851,-0.008469237,-0.007752261,0.001796261,73.73904,236.414,-234.2476,237.241,-239.1936,0.03361813,-0.03994402,-3.751129e-05,-0.1544456,-0.1530303,-0.1549858,-0.1562615,0
-0.3019312,-0.3895516,-9.72047,-0.01058716,-0.00994508,2.515841e-05,73.83519,236.1866,-234.3457,236.8253,-239.3445,0.03358339,-0.0399268,-3.706912e-05,-0.154297,-0.1530944,-0.1547143,-0.15636,0
-0.4129553,-0.4922287,-9.864194,-0.01088202,-0.01062087,-0.0007934667,73.93134,235.887,-234.5735,236.477,-239.5749,0.03355417,-0.03994334,-5.862216e-05,-0.1541013,-0.1532432,-0.1544868,-0.1565105,0
-0.1579959,-0.2568708,-9.520857,-0.007932521,-0.00801873,0.001353783,74.0275,235.5444,-233.7874,236.3719,-238.7436,0.03356627,-0.03995123,-7.218109e-05,-0.1538775,-0.1527297,-0.1544181,-0.1559675,0
-0.1858952,-0.2826067,-9.528159,-0.00832838,-0.008271597,0.001335522,74.12365,234.9127,-233.0789,235.7058,-238.0663,0.03357853,-0.03995906,-7.328123e-05,-0.1534648,-0.1522668,-0.1539829,-0.155525,0
-0.1316995,-0.2324829,-9.436671,-0.008082137,-0.007935646,0.00177549,74.21981,234.8384,-232.47,235.6548,-237.4651,0.03359649,-0.03995923,-6.834143e-05,-0.1534163,-0.151869,-0.1539496,-0.1551322,0
-0.1942992,-0.2902122,-9.508166,-0.008922801,-0.008719398,0.00128397,74.31595,234.7361,-232.3388,235.4829,-237.3555,0.03361196,-0.03996073,-5.946005e-05,-0.1533494,-0.1517833,-0.1538373,-0.1550606,0
-0.01934901,-0.1284558,-9.279334,-0.0079956,-0.007615724,0.00249712,74.41209,234.5593,-232.6771,235.3939,-237.6865,0.03361446,-0.03996257,-5.990826e-05,-0.1532339,-0.1520043,-0.1537791,-0.1552769,0
0.08343038,-0.03346614,-9.148848,-0.007226379,-0.00683487,0.003283387,74.50822,234.9616,-232.2816,235.8702,-237.2951,0.0336064,-0.03992954,-4.665321e-05,-0.1534967,-0.1517459,-0.1540904,-0.1550212,0
0.01867912,-0.09315674,-9.233442,-0.00823786,-0.007703115,0.002671237,74.60434,235.1393,-232.4097,235.9727,-237.4494,0.03362352,-0.03992721,-3.010656e-05,-0.1536129,-0.1518297,-0.1541573,-0.155122,0
0.142957,0.02181123,-9.083289,-0.007845803,-0.007101632,0.003410696,74.70046,235.4028,-232.9933,236.2857,-238.0309,0.03363564,-0.0399281,-1.812205e-05,-0.153785,-0.1522109,-0.1543618,-0.1555018,0
-0.06715782,-0.1722583,-9.376777,-0.009622139,-0.008951878,0.001725913,74.79658,235.977,-233.3859,236.7088,-238.4517,0.03363794,-0.03993917,-4.987092e-06,-0.1541601,-0.1524674,-0.1546382,-0.1557768,0
0.07327837,-0.04250795,-9.211071,-0.008545278,-0.00777202,0.00260756,74.89268,236.3268,-233.8474,237.1628,-238.8999,0.03364636,-0.03994283,8.336156e-08,-0.1543886,-0.1527688,-0.1549348,-0.1560696,0
0.08328377,-0.03320547,-9.212184,-0.008765616,-0.007776824,0.002624335,74.98879,236.7207,-234.0647,237.554,-239.1346,0.03365727,-0.03994225,1.584241e-05,-0.154646,-0.1529108,-0.1551903,-0.1562229,0
0.05965826,-0.05493817,-9.257483,-0.009436811,-0.008169564,0.002261766,75.0849,236.9413,-234.7647,237.7303,-239.8573,0.03365229,-0.03995562,1.948668e-05,-0.15479,-0.1533681,-0.1553055,-0.1566951,0
0.09005323,-0.0269178,-9.236581,-0.008964004,-0.007716335,0.002432141,75.18101,237.547,-234.8594,238.3824,-239.9488,0.03365751,-0.03995807,2.762734e-05,-0.1551858,-0.15343,-0.1557315,-0.1567548,0
-0.1900986,-0.2857397,-9.612604,-0.01126593,-0.009956882,0.0002581213,75.27712,237.5157,-235.5094,238.1539,-240.6482,0.0336453,-0.03997726,2.683965e-05,-0.1551653,-0.1538546,-0.1555822,-0.1572117,0
0.2883573,0.1562408,-9.000027,-0.007390254,-0.005849116,0.003786439,75.37324,237.8522,-235.4877,238.8421,-240.585,0.03363226,-0.03994616,2.71609e-05,-0.1553851,-0.1538405,-0.1560318,-0.1571704,0
-0.07494909,-0.1793439,-9.477535,-0.0105857,-0.008965215,0.001095954,75.46936,237.9514,-235.5992,238.6678,-240.7673,0.03362405,-0.03995942,3.633714e-05,-0.1554499,-0.1539133,-0.155918,-0.1572895,0
-0.0114022,-0.1207028,-9.402681,-0.009839084,-0.008287286,0.00143895,75.56549,238.3624,-235.7767,239.1448,-240.9348,0.0336257,-0.03996103,3.711061e-05,-0.1557184,-0.1540292,-0.1562296,-0.157399,0
0.09373926,-0.02350474,-9.274342,-0.009338617,-0.00759602,0.002197845,75.66162,238.1112,-236.3405,238.9451,-241.5058,0.03361948,-0.03997073,3.351399e-05,-0.1555543,-0.1543975,-0.1560991,-0.157772,0
-0.06180017,-0.1672783,-9.484365,-0.01027062,-0.00867494,0.001076473,75.75776,238.7219,-236.0064,239.4736,-241.2053,0.03359073,-0.03994714,4.141274e-05,-0.1559533,-0.1541793,-0.1564444,-0.1575757,0
-0.09178377,-0.1949807,-9.526793,-0.01056082,-0.008949475,0.0007473403,75.85391,238.3181,-236.6901,239.0419,-241.9038,0.03357496,-0.03996696,2.648745e-05,-0.1556895,-0.154626,-0.1561624,-0.158032,0
-0.2940476,-0.3820397,-9.795096,-0.01128216,-0.01013428,-0.0005881084,75.95007,238.585,-236.3396,239.2268,-241.5649,0.03356902,-0.03997958,2.346781e-05,-0.1558638,-0.154397,-0.1562831,-0.1578106,0
-0.3245925,-0.4103245,-9.826637,-0.01131987,-0.01020606,-0.0007898218,76.04624,238.0864,-236.4614,238.7175,-241.7018,0.03355715,-0.03999883,7.15238e-06,-0.1555381,-0.1544766,-0.1559505,-0.1579,0
-0.03565514,-0.1434637,-9.440772,-0.008744607,-0.007619828,0.001529654,76.14243,237.6098,-236.1968,238.4569,-241.4099,0.03355129,-0.04001399,-1.281487e-05,-0.1552268,-0.1543037,-0.1557802,-0.1577093,0
0.1253994,0.005279411,-9.210335,-0.007301312,-0.00612994,0.002957108,76.23862,237.6571,-234.9228,238.6316,-240.1355,0.03357078,-0.04000372,-5.846779e-06,-0.1552577,-0.1534714,-0.1558943,-0.1568768,0
-0.1916338,-0.2874725,-9.603376,-0.01046512,-0.009122451,0.0005448388,76.33481,237.1632,-235.0903,237.8665,-240.3745,0.03356668,-0.04001498,-4.556627e-06,-0.154935,-0.1535808,-0.1553945,-0.157033,0
-0.1678715,-0.2655655,-9.574274,-0.00997767,-0.008884031,0.0007037548,76.431,237.2874,-235.187,238.0221,-240.4575,0.03356475,-0.04002451,-1.014794e-05,-0.1550162,-0.153644,-0.1554961,-0.1570871,0
-0.1510299,-0.2500328,-9.551423,-0.009669541,-0.008698685,0.0008971469,76.52721,237.1058,-235.1009,237.8606,-240.3735,0.03356349,-0.04003557,-1.562975e-05,-0.1548975,-0.1535878,-0.1553906,-0.1570323,0
-0.1527981,-0.2517021,-9.546582,-0.009518593,-0.008601256,0.0009524995,76.62341,237.0836,-234.7539,237.8487,-240.0347,0.03356807,-0.04004112,-1.628113e-05,-0.154883,-0.1533611,-0.1553828,-0.1568109,0
-0.2976041,-0.3854826,-9.727986,-0.01065441,-0.009773834,-0.0001028255,76.71962,236.6015,-234.9932,237.2603,-240.3024,0.03355709,-0.04006311,-2.884877e-05,-0.1545681,-0.1535174,-0.1549985,-0.1569858,0
0.1026758,-0.01575682,-9.198893,-0.007135073,-0.006247794,0.003006041,76.81584,236.6807,-234.2701,237.6461,-239.532,0.03357488,-0.04005625,-3.020217e-05,-0.1546198,-0.153045,-0.1552505,-0.1564825,0
-0.3031771,-0.3906194,-9.713337,-0.01072691,-0.009774175,4.277569e-05,76.91205,236.2568,-234.2167,236.9103,-239.566,0.03354583,-0.040049,-2.847772e-05,-0.1543429,-0.1530101,-0.1547698,-0.1565047,0
-0.0732228,-0.1782345,-9.409192,-0.008569323,-0.007747151,0.001725015,77.00827,236.1924,-234.1813,237.0256,-239.494,0.03354898,-0.0400569,-4.004308e-05,-0.1543008,-0.152987,-0.1548451,-0.1564577,0
-0.4853218,-0.5590361,-9.939972,-0.01135543,-0.01092061,-0.001169166,77.10448,235.9595,-233.8951,236.5315,-239.2573,0.0335443,-0.04007599,-4.202241e-05,-0.1541487,-0.1528,-0.1545223,-0.156303,0
-0.2354186,-0.3282197,-9.601629,-0.009096369,-0.008671909,0.0007086828,77.2007,235.4446,-233.864,236.2056,-239.1968,0.0335443,-0.04009071,-6.153597e-05,-0.1538123,-0.1527797,-0.1543094,-0.1562635,0
0.0812486,-0.0356629,-9.173155,-0.006541296,-0.005998457,0.003299067,77.29692,235.2665,-232.8877,236.2534,-238.1983,0.03356668,-0.04008374,-5.802944e-05,-0.153696,-0.1521419,-0.1543407,-0.1556113,0
-0.08326098,-0.1874949,-9.366361,-0.008482942,-0.007694544,0.002071601,77.39313,235.0918,-232.4859,235.9212,-237.8583,0.03355876,-0.04006258,-4.677516e-05,-0.1535818,-0.1518794,-0.1541236,-0.1553891,0
-0.1288692,-0.2295561,-9.423374,-0.009026794,-0.008302925,0.001621425,77.48934,234.992,-232.8431,235.7716,-238.2256,0.03355494,-0.04006535,-4.83283e-05,-0.1535166,-0.1521128,-0.1540259,-0.1556291,0
0.004364096,-0.1064629,-9.253778,-0.00782425,-0.007243074,0.002640325,77.58554,235.267,-232.5853,236.1526,-237.9596,0.03354547,-0.04003129,-3.884727e-05,-0.1536962,-0.1519443,-0.1542748,-0.1554553,0
0.0838239,-0.03289333,-9.149403,-0.007794849,-0.007038551,0.003136765,77.68174,235.2643,-232.7458,236.1643,-238.1315,0.03355785,-0.04003209,-2.8542e-05,-0.1536945,-0.1520492,-0.1542825,-0.1555676,0
0.1313652,0.01112811,-9.09581,-0.00773511,-0.00694523,0.003380261,77.77793,235.7814,-232.7914,236.6963,-238.1796,0.03357416,-0.04002828,-1.190691e-05,-0.1540323,-0.152079,-0.15463,-0.155599,0
-0.09090017,-0.1941136,-9.399093,-0.009845335,-0.009055922,0.00155168,77.87412,235.9216,-233.5445,236.6576,-238.9697,0.03357169,-0.04004323,-5.554175e-06,-0.1541239,-0.152571,-0.1546047,-0.1561152,0
-0.2315856,-0.3241773,-9.601486,-0.01047963,-0.009968121,0.000433241,77.97031,236.356,-233.9296,237.0293,-239.3588,0.03356908,-0.0400593,-5.027016e-06,-0.1544077,-0.1528226,-0.1548475,-0.1563694,0
0.03605602,-0.07693052,-9.261395,-0.008321879,-0.007654302,0.002401989,78.06649,236.3147,-234.1172,237.1853,-239.5323,0.03355567,-0.0400444,-8.197301e-06,-0.1543807,-0.1529451,-0.1549495,-0.1564827,0
-0.4138353,-0.4926189,-9.850129,-0.0116426,-0.0111622,-0.0008822285,78.16267,236.2719,-234.2376,236.8439,-239.7242,0.03352045,-0.0400514,-1.196955e-05,-0.1543527,-0.1530238,-0.1547264,-0.1566081,0
0.03929077,-0.07411586,-9.257231,-0.00752542,-0.007089623,0.002501641,78.25887,236.2295,-233.9688,237.1572,-239.3941,0.03353338,-0.04005321,-2.315043e-05,-0.154325,-0.1528482,-0.1549311,-0.1563924,0
0.1092651,-0.009358972,-9.154423,-0.007462583,-0.006763663,0.00316502,78.35505,236.1769,-233.3579,237.1253,-238.8091,0.03355606,-0.0400444,-5.035408e-06,-0.1542907,-0.1524491,-0.1549103,-0.1560102,0
-0.07178023,-0.1764404,-9.38662,-0.009670276,-0.008747787,0.001623723,78.45123,236.2776,-233.7705,237.0441,-239.2695,0.03355488,-0.04005696,2.191634e-06,-0.1543564,-0.1527186,-0.1548572,-0.156311,0
-0.09252271,-0.1956437,-9.429377,-0.009540184,-0.008865593,0.001380423,78.54742,236.667,-234.0896,237.4384,-239.5788,0.03355732,-0.04006675,3.320228e-06,-0.1546109,-0.1529271,-0.1551149,-0.1565131,0
0.0544746,-0.05981166,-9.245858,-0.008489212,-0.007714806,0.002451626,78.6436,236.4815,-234.5014,237.3493,-239.9866,0.03355068,-0.04007161,-1.309756e-06,-0.1544897,-0.1531961,-0.1550566,-0.1567795,0
-0.2155196,-0.3093274,-9.601916,-0.01026287,-0.009689363,0.0005079734,78.73978,236.9097,-234.1751,237.619,-239.7087,0.03351939,-0.04004939,5.641686e-06,-0.1547694,-0.152983,-0.1552328,-0.1565979,0
0.1337785,0.01341863,-9.145699,-0.007712328,-0.006943893,0.003002266,78.83598,236.5404,-234.5713,237.4801,-240.0845,0.03350142,-0.0400343,-5.210109e-06,-0.1545281,-0.1532418,-0.1551421,-0.1568435,0
0.05310687,-0.06111157,-9.251761,-0.008262543,-0.007646555,0.00253659,78.93217,236.9577,-234.0149,237.8486,-239.5457,0.03351569,-0.04003423,1.060721e-05,-0.1548008,-0.1528783,-0.1553828,-0.1564915,0
-0.01142468,-0.1206149,-9.334781,-0.009267775,-0.008530959,0.001873251,79.02836,237.0338,-234.3593,237.846,-239.9169,0.03352073,-0.04004176,1.711583e-05,-0.1548505,-0.1531033,-0.1553811,-0.156734,0
0.02668408,-0.08536427,-9.298662,-0.00909072,-0.00839883,0.002072367,79.12456,237.2728,-234.8186,238.1027,-240.3741,0.03352331,-0.04005203,2.05011e-05,-0.1550066,-0.1534034,-0.1555488,-0.1570327,0
0.04243945,-0.07079621,-9.290024,-0.009005477,-0.008327324,0.002140215,79.22075,237.6625,-234.9223,238.5043,-240.4827,0.03352901,-0.04005946,2.812579e-05,-0.1552612,-0.1534711,-0.1558112,-0.1571036,0
-0.2035324,-0.2980412,-9.620701,-0.0109672,-0.010351,0.0002224011,79.31695,237.6215,-235.5529,238.289,-241.151,0.03351518,-0.04008724,2.184898e-05,-0.1552345,-0.153883,-0.1556705,-0.1575402,0
-0.1328996,-0.2329501,-9.537842,-0.009718707,-0.009320844,0.0007986435,79.41315,237.6328,-235.6782,238.3967,-241.2568,0.03350815,-0.04010992,6.831734e-06,-0.1552418,-0.1539649,-0.1557409,-0.1576093,0
0.01050119,-0.1005533,-9.344312,-0.008306138,-0.007840566,0.002025949,79.50937,237.5999,-235.0493,238.4894,-240.6245,0.03352035,-0.04011323,7.784003e-06,-0.1552204,-0.1535541,-0.1558014,-0.1571963,0
0.03109352,-0.08142255,-9.304874,-0.008724097,-0.007901418,0.002167966,79.60558,237.4611,-234.893,238.3286,-240.4997,0.03352837,-0.04011778,1.384843e-05,-0.1551296,-0.1534519,-0.1556963,-0.1571147,0
-0.09125948,-0.1944113,-9.465863,-0.009904562,-0.009058405,0.001189087,79.70181,237.7194,-234.984,238.487,-240.6161,0.03353067,-0.04012651,2.045573e-05,-0.1552984,-0.1535114,-0.1557998,-0.1571908,0
-0.08364506,-0.1873588,-9.464087,-0.009916133,-0.009074223,0.001159501,79.79803,237.685,-235.4776,238.4518,-241.1169,0.03351713,-0.04013285,1.558593e-05,-0.1552759,-0.1538339,-0.1557769,-0.1575179,0
-0.2462031,-0.3376352,-9.68364,-0.01076829,-0.01016362,5.261711e-06,79.89426,237.7021,-235.634,238.383,-241.2946,0.03349109,-0.04014131,6.939601e-06,-0.1552871,-0.153936,-0.1557319,-0.157634,0
0.07052259,-0.04511398,-9.26758,-0.00791394,-0.007311829,0.002436079,79.99052,237.6032,-235.3033,238.5307,-240.9281,0.033499,-0.04014749,-1.356966e-06,-0.1552225,-0.15372,-0.1558284,-0.1573946,0
-0.1776267,-0.2743573,-9.580318,-0.009966316,-0.009348105,0.000703098,80.08676,237.649,-234.797,238.3998,-240.4735,0.03350709,-0.04015286,9.973974e-06,-0.1552524,-0.1533892,-0.1557429,-0.1570976,0
-0.03099222,-0.1387932,-9.384904,-0.009267512,-0.008405851,0.001650801,80.183,237.2209,-235.4344,238.0374,-241.1102,0.03349946,-0.0401724,-3.549188e-06,-0.1549727,-0.1538056,-0.1555061,-0.1575135,0
-0.08046028,-0.184608,-9.453952,-0.00909258,-0.008523359,0.001439804,80.27927,237.7705,-234.7244,238.5942,-240.4022,0.03350212,-0.04016412,6.063854e-06,-0.1553317,-0.1533418,-0.1558699,-0.157051,0
-0.3006378,-0.3879583,-9.73455,-0.01115603,-0.01048489,-0.0002991609,80.37553,237.2025,-235.3346,237.8472,-241.0658,0.03347402,-0.0401734,-4.690565e-06,-0.1549607,-0.1537405,-0.1553819,-0.1574845,0
-0.04563855,-0.1524961,-9.405213,-0.008545473,-0.008101125,0.001703478,80.47179,237.3901,-235.0068,238.2518,-240.6937,0.03348114,-0.04018069,-1.08205e-05,-0.1550833,-0.1535263,-0.1556462,-0.1572414,0
-0.008509554,-0.1181412,-9.346717,-0.008506671,-0.007905229,0.002056079,80.56807,237.219,-234.6088,238.0913,-240.3194,0.03348255,-0.04017499,-5.734264e-06,-0.1549715,-0.1532663,-0.1555413,-0.1569969,0
-0.254367,-0.3452444,-9.661701,-0.01058733,-0.01002583,0.0001833625,80.66435,237.0358,-234.8789,237.7226,-240.6365,0.03345865,-0.04018195,-1.134735e-05,-0.1548518,-0.1534427,-0.1553005,-0.1572041,0
-0.1230749,-0.2240584,-9.491848,-0.008980254,-0.008700173,0.001214815,80.76062,237.0849,-234.6919,237.8992,-240.4204,0.03346444,-0.04019209,-1.829473e-05,-0.1548839,-0.1533206,-0.1554159,-0.1570629,0
-0.2819517,-0.3708483,-9.691002,-0.01016517,-0.009962985,0.0001292086,80.85691,236.7045,-234.6282,237.4085,-240.3878,0.03346173,-0.04021247,-2.391348e-05,-0.1546353,-0.1532789,-0.1550953,-0.1570416,0
-0.1651217,-0.2629763,-9.530193,-0.00895052,-0.008809819,0.001060197,80.9532,236.3814,-234.5093,237.1812,-240.2558,0.03345892,-0.04023405,-4.025979e-05,-0.1544243,-0.1532013,-0.1549468,-0.1569554,0
0.1053023,-0.01318614,-9.163357,-0.006602819,-0.006407135,0.003259721,81.04948,236.3208,-233.5599,237.3269,-239.2845,0.03348246,-0.04022929,-3.680071e-05,-0.1543847,-0.152581,-0.155042,-0.1563209,0
-0.08936277,-0.1928708,-9.398617,-0.008843336,-0.008379354,0.001802435,81.14578,236.0588,-233.4013,236.8806,-239.184,0.03349271,-0.04023541,-2.636394e-05,-0.1542136,-0.1524775,-0.1547504,-0.1562552,0
-0.05163156,-0.1579441,-9.350392,-0.008755148,-0.008272859,0.001968101,81.24207,236.1972,-233.6455,237.0281,-239.4262,0.03349849,-0.0402446,-2.474439e-05,-0.154304,-0.152637,-0.1548468,-0.1564134,0
-0.04235854,-0.1493571,-9.345059,-0.008670349,-0.008247067,0.002026089,81.33836,236.2624,-233.7749,237.1,-239.5595,0.03349594,-0.04024722,-2.317207e-05,-0.1543466,-0.1527215,-0.1548938,-0.1565005,0
-0.07690704,-0.181278,-9.392284,-0.008890102,-0.008481873,0.00175874,81.43465,236.2737,-233.8458,237.0941,-239.6565,0.03345948,-0.0402181,-2.40646e-05,-0.1543539,-0.1527678,-0.1548899,-0.1565639,0
0.09869784,-0.01903605,-9.163253,-0.007470313,-0.007055926,0.003072616,81.53094,236.3886,-233.6469,237.3368,-239.4465,0.03346309,-0.04020664,-1.930123e-05,-0.154429,-0.1526379,-0.1550484,-0.1564267,0
0.195664,0.07068258,-9.03527,-0.007235464,-0.006640439,0.003745164,81.62723,236.7269,-233.4026,237.7117,-239.212,0.03348741,-0.0401968,2.436068e-06,-0.15465,-0.1524783,-0.1552933,-0.1562735,0
-0.1617892,-0.2593871,-9.511598,-0.01071641,-0.01007468,0.000856353,81.72353,236.8011,-234.3802,237.4869,-240.2486,0.03347684,-0.04022143,7.232728e-06,-0.1546984,-0.1531169,-0.1551465,-0.1569507,0
0.06273286,-0.05206535,-9.241704,-0.008382042,-0.007984248,0.002445512,81.81981,237.2691,-234.7254,238.1515,-240.5453,0.03347985,-0.04023402,1.83423e-06,-0.1550042,-0.1533425,-0.1555806,-0.1571445,0
-0.06589822,-0.1709323,-9.415865,-0.009287553,-0.008896235,0.001556615,81.91611,237.3712,-234.6323,238.1794,-240.49,0.03346414,-0.04022058,9.068131e-06,-0.1550709,-0.1532816,-0.1555989,-0.1571084,0
-0.55817,-0.6257914,-10.06025,-0.01289341,-0.01273264,-0.002172494,82.01241,237.2646,-235.1772,237.7451,-241.0956,0.03344397,-0.04025753,-1.235853e-06,-0.1550013,-0.1536376,-0.1553151,-0.157504,0
-0.173895,-0.2709706,-9.563591,-0.008990731,-0.009028585,0.0007720595,82.1087,237.0592,-235.1184,237.866,-240.9729,0.03344528,-0.04027479,-2.307464e-05,-0.1548671,-0.1535992,-0.1553941,-0.1574239,0
-0.01084205,-0.1203445,-9.334897,-0.007710589,-0.00755045,0.002240343,82.20502,236.7705,-234.227,237.6941,-240.0886,0.03346119,-0.04027804,-2.054251e-05,-0.1546785,-0.1530169,-0.1552819,-0.1568462,0
-0.2084612,-0.3028391,-9.573315,-0.009660153,-0.009320056,0.0007605,82.30132,236.5535,-233.9976,237.3111,-239.9133,0.0334553,-0.04028421,-1.995168e-05,-0.1545367,-0.152867,-0.1550316,-0.1567317,0
-0.1549299,-0.2534027,-9.499652,-0.009079786,-0.008837235,0.001152176,82.39764,236.4527,-234.0112,237.2558,-239.9242,0.03344836,-0.04028053,-2.504225e-05,-0.1544709,-0.1528759,-0.1549955,-0.1567387,0
-0.3091826,-0.3959267,-9.697089,-0.0101209,-0.01008025,8.039594e-05,82.49395,236.2561,-233.9848,236.9576,-239.9178,0.03344811,-0.0402994,-2.854968e-05,-0.1543424,-0.1528586,-0.1548007,-0.1567346,0
-0.1562033,-0.2546334,-9.491752,-0.008686392,-0.008699708,0.001256047,82.59026,236.0488,-233.8447,236.8682,-239.7597,0.03345188,-0.0403154,-3.933686e-05,-0.154207,-0.1527671,-0.1547423,-0.1566313,0
0.1196493,0.000237532,-9.121161,-0.006567817,-0.006424313,0.003432968,82.68658,235.877,-233.2675,236.8861,-239.1646,0.03347132,-0.04031577,-3.81063e-05,-0.1540948,-0.15239,-0.154754,-0.1562425,0
-0.09578846,-0.198697,-9.389153,-0.008674325,-0.00840346,0.001845396,82.7829,235.9429,-232.9072,236.7757,-238.8543,0.03348567,-0.04031937,-2.388434e-05,-0.1541378,-0.1521547,-0.1546818,-0.1560398,0
0.0581587,-0.05634627,-9.188997,-0.007946069,-0.007462328,0.002826222,82.87921,235.9667,-233.2939,236.8737,-239.2345,0.03349725,-0.04032316,-2.006651e-05,-0.1541533,-0.1524073,-0.1547459,-0.1562881,0
-0.007031016,-0.1165065,-9.284594,-0.008641442,-0.008163307,0.002309525,82.97552,236.2739,-233.4559,237.124,-239.4101,0.03350458,-0.04033156,-1.021248e-05,-0.1543541,-0.1525131,-0.1549094,-0.1564029,0
-0.1011735,-0.2034683,-9.416544,-0.009397585,-0.008927545,0.001500037,83.07183,236.7361,-233.5479,237.5257,-239.5175,0.03351468,-0.04033592,1.005816e-06,-0.154656,-0.1525732,-0.1551719,-0.156473,0
-0.1382223,-0.2376326,-9.476419,-0.009963979,-0.009346927,0.001095616,83.16814,236.5703,-234.3847,237.3164,-240.37,0.03350879,-0.04035563,-3.741176e-06,-0.1545477,-0.1531199,-0.1550351,-0.15703,0
-0.00269125,-0.1124999,-9.311523,-0.008533281,-0.007946774,0.002147091,83.26445,236.9413,-234.257,237.8117,-240.2229,0.03351409,-0.04036462,-3.541794e-06,-0.1547901,-0.1530364,-0.1553587,-0.1569339,0
-0.1977783,-0.2927531,-9.565458,-0.01003807,-0.00938258,0.0007035115,83.36076,236.9975,-234.1527,237.742,-240.1671,0.03349583,-0.04035144,9.660766e-07,-0.1548268,-0.1529683,-0.1553131,-0.1568975,0
-0.07278454,-0.1772561,-9.403094,-0.009168784,-0.00835065,0.001571933,83.45708,236.6936,-234.6224,237.517,-240.6325,0.03349223,-0.04036711,-9.684414e-06,-0.1546283,-0.1532752,-0.1551661,-0.1572014,0
-0.0715144,-0.1761551,-9.402987,-0.008797363,-0.008098106,0.001705774,83.55341,236.7433,-234.3434,237.5911,-240.354,0.0334921,-0.04038112,-1.399214e-05,-0.1546607,-0.1530929,-0.1552146,-0.1570195,0
-0.1235343,-0.2242692,-9.461943,-0.008980094,-0.008294855,0.001373003,83.64972,236.9122,-233.7452,237.7454,-239.772,0.03350653,-0.04037927,-6.697683e-06,-0.1547711,-0.1527021,-0.1553153,-0.1566393,0
-0.2139349,-0.30768,-9.573774,-0.01017384,-0.009267773,0.000627261,83.74605,236.4011,-234.3275,237.1362,-240.3911,0.03349341,-0.04038738,-1.298898e-05,-0.1544372,-0.1530825,-0.1549174,-0.1570437,0
-0.2900172,-0.3780764,-9.67773,-0.01020537,-0.009589783,0.0001373129,83.84238,236.4581,-234.3136,237.1738,-240.3788,0.03347162,-0.04039709,-2.541339e-05,-0.1544744,-0.1530734,-0.154942,-0.1570358,0
-0.003509104,-0.1134825,-9.295597,-0.00746017,-0.006906039,0.002401109,83.9387,236.4553,-233.5142,237.408,-239.5461,0.03349205,-0.04039058,-2.576231e-05,-0.1544726,-0.1525512,-0.155095,-0.1564918,0
-0.06902893,-0.1738492,-9.364337,-0.008708377,-0.007806259,0.001940217,84.03503,235.9605,-233.5277,236.8169,-239.6051,0.03349887,-0.04039595,-2.13538e-05,-0.1541493,-0.15256,-0.1547088,-0.1565303,0
-0.007187016,-0.1166691,-9.282442,-0.0083317,-0.00741185,0.002353026,84.13136,236.3978,-233.2646,237.2907,-239.3393,0.03351194,-0.04039341,-1.188605e-05,-0.154435,-0.1523881,-0.1550183,-0.1563566,0
-0.1416505,-0.2408057,-9.461694,-0.009690387,-0.008740173,0.001257617,84.22768,236.2293,-233.7647,237.0054,-239.8674,0.03350946,-0.04040674,-1.264209e-05,-0.1543249,-0.1527149,-0.154832,-0.1567017,0
0.1986871,0.07362219,-9.02477,-0.006949248,-0.005914961,0.003782342,84.32402,236.4993,-233.6659,237.5228,-239.7395,0.03349989,-0.0403748,-9.392941e-06,-0.1545013,-0.1526503,-0.15517,-0.1566181,0
0.1278815,0.008331917,-9.118177,-0.008005114,-0.006787145,0.003231981,84.42034,236.7715,-233.5083,237.7183,-239.6204,0.03350286,-0.04035735,9.260912e-06,-0.1546792,-0.1525474,-0.1552977,-0.1565403,0
-0.07710364,-0.1809456,-9.39476,-0.009975528,-0.008774899,0.001499775,84.51666,236.9207,-234.2694,237.6984,-240.4141,0.03349633,-0.04037234,1.160006e-05,-0.1547766,-0.1530446,-0.1552846,-0.1570588,0
-0.0008174255,-0.110538,-9.313707,-0.008955492,-0.007976893,0.002026284,84.613,237.2964,-234.5418,238.1581,-240.6648,0.03349899,-0.04037951,1.137089e-05,-0.1550221,-0.1532225,-0.155585,-0.1572226,0
0.1096496,-0.008449003,-9.175903,-0.008238219,-0.007098643,0.002841903,84.70934,237.5138,-234.4765,238.4503,-240.6034,0.03351076,-0.04037684,2.122132e-05,-0.155164,-0.1531799,-0.1557759,-0.1571825,0
0.2014511,0.07650167,-9.061591,-0.008164992,-0.006667252,0.003402735,84.80567,237.9697,-234.5304,238.9359,-240.6745,0.03352568,-0.04036751,4.028039e-05,-0.1554619,-0.1532151,-0.1560931,-0.1572289,0
-0.4696435,-0.5434439,-9.954653,-0.01365146,-0.01233769,-0.00178751,84.90202,238.1902,-235.6192,238.673,-241.8507,0.03350012,-0.04039885,4.154816e-05,-0.155606,-0.1539264,-0.1559214,-0.1579973,0
0.03718551,-0.07537977,-9.317133,-0.008875485,-0.007704471,0.001911994,84.99837,238.2921,-236.191,239.1839,-242.3379,0.03349435,-0.04041174,1.940651e-05,-0.1556725,-0.1542999,-0.1562552,-0.1583156,0
-0.1067402,-0.2084351,-9.505009,-0.009693172,-0.008542601,0.00110116,85.09472,238.2336,-235.6429,239.0523,-241.8256,0.03349232,-0.04042337,2.088511e-05,-0.1556343,-0.1539418,-0.1561691,-0.1579809,0
0.07580258,-0.03978728,-9.254049,-0.008415427,-0.006954726,0.002421939,85.19109,238.2411,-235.2878,239.1834,-241.4727,0.03350055,-0.04042111,2.054842e-05,-0.1556392,-0.1537099,-0.1562548,-0.1577504,0
0.1036341,-0.01396652,-9.214197,-0.008701598,-0.006986217,0.002631293,85.28747,238.2304,-235.2715,239.1615,-241.4799,0.03350865,-0.04041663,3.039328e-05,-0.1556322,-0.1536992,-0.1562405,-0.157755,0
-0.06595272,-0.1705588,-9.440574,-0.01038281,-0.00862526,0.001257281,85.38385,238.614,-235.4978,239.4051,-241.7401,0.03350711,-0.04042015,4.095391e-05,-0.1558828,-0.1538471,-0.1563996,-0.157925,0
-0.02966097,-0.1370041,-9.407904,-0.01018177,-0.008434426,0.001387568,85.48024,238.7108,-236.1688,239.5206,-242.4091,0.03349759,-0.04043192,3.589951e-05,-0.1559461,-0.1542854,-0.1564751,-0.1583621,0
-0.1928189,-0.2878425,-9.633141,-0.01100027,-0.009498205,0.0002254844,85.57664,239.1022,-236.1192,239.836,-242.3853,0.03346922,-0.04041328,3.910591e-05,-0.1562017,-0.154253,-0.1566811,-0.1583465,0
0.02443934,-0.08710291,-9.352151,-0.009452505,-0.007766011,0.001778879,85.67305,238.6094,-236.7145,239.4832,-242.9805,0.03342989,-0.04040238,2.12273e-05,-0.1558798,-0.1546419,-0.1564506,-0.1587354,0
-0.1218252,-0.2223842,-9.543492,-0.009880195,-0.008591226,0.0008953282,85.76947,239.0498,-235.9307,239.872,-242.2078,0.03343156,-0.04040724,2.567366e-05,-0.1561675,-0.1541299,-0.1567046,-0.1582306,0
0.07976846,-0.03606672,-9.26905,-0.008665587,-0.007142749,0.002325567,85.86591,238.7015,-235.964,239.643,-242.2567,0.03340244,-0.04036636,2.356487e-05,-0.15594,-0.1541516,-0.1565551,-0.1582625,0
0.04277001,-0.07015654,-9.317225,-0.00927854,-0.007789692,0.00207543,85.96235,238.8593,-235.9432,239.7512,-242.2611,0.03338942,-0.04035201,3.239794e-05,-0.1560431,-0.1541381,-0.1566257,-0.1582654,0
0.03425505,-0.07796761,-9.333731,-0.009471334,-0.008164395,0.001899335,86.05881,239.0253,-236.2267,239.8961,-242.5476,0.03338495,-0.04036343,3.17852e-05,-0.1561515,-0.1543233,-0.1567204,-0.1584526,0
-0.1021737,-0.204061,-9.520462,-0.01021975,-0.009256201,0.0008852351,86.15527,239.3972,-236.2021,240.1953,-242.5339,0.03338796,-0.04036933,3.830457e-05,-0.1563944,-0.1543072,-0.1569159,-0.1584436,0
-0.004547623,-0.1137981,-9.398107,-0.009765308,-0.008704031,0.001518397,86.25175,239.1683,-236.8053,240.0121,-243.1446,0.03337173,-0.04037314,3.23145e-05,-0.1562449,-0.1547012,-0.1567962,-0.1588425,0
-0.1363577,-0.2356455,-9.57863,-0.01044225,-0.009657513,0.000599679,86.34824,239.5711,-236.6303,240.3491,-242.9935,0.03334133,-0.0403605,3.387166e-05,-0.1565081,-0.1545869,-0.1570163,-0.1587438,0
-0.07556935,-0.1795148,-9.499546,-0.009832907,-0.009157911,0.001014551,86.44475,239.2554,-236.9337,240.0815,-243.3009,0.03331766,-0.04036471,2.012692e-05,-0.1563018,-0.1547851,-0.1568415,-0.1589447,0
-0.3822977,-0.4630391,-9.897953,-0.01152594,-0.01137328,-0.001103783,86.54126,239.0472,-236.8729,239.7,-243.2668,0.03330189,-0.04039796,6.075312e-06,-0.1561658,-0.1547454,-0.1565923,-0.1589224,0
-0.2239886,-0.3169526,-9.679316,-0.009543099,-0.009658273,0.0002156725,86.63779,238.5742,-236.5153,239.3812,-242.8836,0.03329742,-0.04042266,-1.707231e-05,-0.1558568,-0.1545118,-0.156384,-0.1586721,0
0.2126131,0.08640013,-9.086524,-0.006102269,-0.006039125,0.003715476,86.73434,238.1343,-235.4958,239.245,-241.8336,0.03331807,-0.04042274,-2.080075e-05,-0.1555694,-0.1538458,-0.156295,-0.1579861,0
0.1757893,0.05256034,-9.108681,-0.007191566,-0.006838217,0.003503063,86.83089,238.2666,-234.5561,239.2993,-240.938,0.03334448,-0.04041404,2.863324e-06,-0.1556558,-0.1532319,-0.1563305,-0.1574011,0
-0.07472055,-0.1786523,-9.432897,-0.01006202,-0.009614979,0.00138308,86.92744,238.2138,-235.3445,239.0033,-241.7754,0.03334217,-0.04043193,9.305799e-06,-0.1556213,-0.1537469,-0.1561371,-0.1579481,0
-0.1901628,-0.2853638,-9.604371,-0.01053674,-0.01054596,0.000445379,87.02402,238.5511,-235.9436,239.2834,-242.3674,0.0333253,-0.04044909,4.231555e-06,-0.1558417,-0.1541383,-0.1563201,-0.1583349,0
0.002100144,-0.1078212,-9.362952,-0.008630515,-0.008772319,0.001915309,87.12059,238.5335,-235.9774,239.4276,-242.3784,0.03331425,-0.04045361,-3.610495e-06,-0.1558302,-0.1541604,-0.1564144,-0.158342,0
-0.308827,-0.3951506,-9.764517,-0.01075787,-0.01111622,-0.0002929755,87.21717,238.5403,-235.704,239.2395,-242.1481,0.03331196,-0.04047877,-3.322883e-06,-0.1558346,-0.1539818,-0.1562915,-0.1581916,0
-0.2774156,-0.3661981,-9.717579,-0.01025544,-0.01066827,-7.181143e-05,87.31377,237.9287,-236.1149,238.6605,-242.5563,0.03329896,-0.04051551,-2.783668e-05,-0.1554351,-0.1542502,-0.1559132,-0.1584582,0
-0.1411809,-0.2405126,-9.530561,-0.008395466,-0.009036899,0.001219801,87.41037,237.9253,-235.1294,238.8063,-241.5481,0.03331158,-0.04052856,-3.250371e-05,-0.1554329,-0.1536064,-0.1560084,-0.1577996,0
-0.06502474,-0.1700687,-9.406446,-0.008252231,-0.00856654,0.001849738,87.50699,237.4724,-234.6044,238.3763,-241.047,0.03332644,-0.04053717,-3.009958e-05,-0.155137,-0.1532634,-0.1557275,-0.1574723,0
0.0415788,-0.07145471,-9.256093,-0.007947555,-0.008028154,0.0026225,87.60361,237.435,-234.4287,238.3767,-240.8882,0.03331731,-0.04051873,-2.328302e-05,-0.1551126,-0.1531486,-0.1557278,-0.1573685,0
-0.1245952,-0.2249002,-9.473364,-0.009478652,-0.009656599,0.001324832,87.70024,237.4733,-234.6354,238.2776,-241.1194,0.03331807,-0.04053974,-2.035421e-05,-0.1551376,-0.1532837,-0.1556631,-0.1575195,0
-0.1171388,-0.2180522,-9.469063,-0.009140027,-0.009527856,0.001346268,87.79687,237.6079,-234.7322,238.4356,-241.2142,0.03330323,-0.04053479,-2.174956e-05,-0.1552255,-0.1533469,-0.1557663,-0.1575815,0
0.1212618,0.002244934,-9.158789,-0.007432085,-0.007695501,0.003129636,87.89351,237.5307,-234.7061,238.516,-241.1819,0.03328812,-0.0405125,-1.937646e-05,-0.1551751,-0.1533298,-0.1558188,-0.1575604,0
-0.3048132,-0.3913766,-9.714655,-0.01076523,-0.01126057,-3.917176e-05,87.99014,237.6481,-234.7744,238.3339,-241.3111,0.03327026,-0.04052858,-1.561507e-05,-0.1552518,-0.1533745,-0.1556998,-0.1576448,0
-0.03327463,-0.1405833,-9.363713,-0.008234195,-0.008891767,0.001916731,88.08679,237.4818,-235.0329,238.3789,-241.5238,0.03327431,-0.04055051,-3.023842e-05,-0.1551432,-0.1535433,-0.1557292,-0.1577837,0
-0.4181212,-0.4962274,-9.862313,-0.01076271,-0.01176683,-0.0007489991,88.18344,237.2237,-234.8505,237.8811,-241.3865,0.03326787,-0.04058671,-3.64504e-05,-0.1549746,-0.1534242,-0.155404,-0.157694,0
0.01285762,-0.09814547,-9.287148,-0.00703074,-0.007936654,0.00250706,88.28011,237.0259,-234.3266,238.0078,-240.8124,0.0332851,-0.04059822,-4.722959e-05,-0.1548454,-0.153082,-0.1554868,-0.157319,0
-0.1088433,-0.2105015,-9.429477,-0.008324885,-0.009068348,0.001754299,88.37676,236.8532,-233.6983,237.7286,-240.226,0.03330344,-0.04060776,-3.491453e-05,-0.1547325,-0.1526715,-0.1553044,-0.1569359,0
-0.04520604,-0.1515797,-9.337389,-0.008373458,-0.008868007,0.002092733,88.47343,236.6468,-233.987,237.5253,-240.5273,0.03330139,-0.04061919,-3.749764e-05,-0.1545976,-0.1528601,-0.1551716,-0.1571327,0
-0.2215787,-0.3145716,-9.57226,-0.009417323,-0.01018648,0.0008279819,88.5701,236.9726,-233.7743,237.7513,-240.3311,0.03329982,-0.04062338,-3.087429e-05,-0.1548105,-0.1527211,-0.1553192,-0.1570046,0
0.1233202,0.004157771,-9.120849,-0.00706344,-0.007565459,0.003306949,88.66676,236.6878,-234.0481,237.6818,-240.5764,0.03331363,-0.04063517,-3.397808e-05,-0.1546245,-0.1529,-0.1552738,-0.1571648,0
-0.2403155,-0.3317844,-9.59767,-0.009877468,-0.01052745,0.0006685986,88.76344,236.994,-233.8642,237.7372,-240.4414,0.03331711,-0.04065833,-2.379277e-05,-0.1548245,-0.1527799,-0.15531,-0.1570766,0
-0.1292579,-0.2292055,-9.454633,-0.008890855,-0.009490554,0.001369171,88.86012,236.906,-234.1754,237.7365,-240.7469,0.03330226,-0.0406561,-3.197002e-05,-0.154767,-0.1529832,-0.1553096,-0.1572762,0
0.1258907,0.006542331,-9.123293,-0.006952812,-0.00739407,0.003358769,88.95679,236.9659,-233.8939,237.9737,-240.4449,0.03332344,-0.04065972,-2.398298e-05,-0.1548061,-0.1527992,-0.1554645,-0.157079,0
-0.1126788,-0.2137476,-9.431496,-0.009330851,-0.009598337,0.0015147,89.05348,237.1425,-233.9125,237.9515,-240.5147,0.03332984,-0.04067659,-1.180834e-05,-0.1549215,-0.1528114,-0.15545,-0.1571245,0
-0.0458319,-0.1519717,-9.353407,-0.008841865,-0.009063352,0.00186468,89.15016,237.3967,-234.269,238.2521,-240.8621,0.03333829,-0.04068969,-9.718179e-06,-0.1550876,-0.1530443,-0.1556464,-0.1573515,0
0.06185342,-0.0524284,-9.222904,-0.008224618,-0.008262686,0.002638818,89.24684,237.3991,-234.6143,238.3167,-241.2056,0.0333451,-0.04070406,-7.001082e-06,-0.1550891,-0.1532699,-0.1556886,-0.1575759,0
0.2806905,0.1498084,-8.943785,-0.006800159,-0.006534294,0.004224368,89.34354,238.0074,-234.2737,239.0678,-240.8552,0.03336805,-0.04069952,1.14812e-05,-0.1554865,-0.1530474,-0.1561793,-0.157347,0
0.04314553,-0.0694771,-9.262458,-0.009476185,-0.008872038,0.002256098,89.44024,238.4003,-234.7427,239.2488,-241.3815,0.03337663,-0.04070551,3.27316e-05,-0.1557432,-0.1533538,-0.1562975,-0.1576908,0
-0.1170614,-0.2174356,-9.496608,-0.01095632,-0.01030189,0.0008108882,89.53694,238.6635,-236.0046,239.3863,-242.6618,0.03336198,-0.04073338,2.982937e-05,-0.1559152,-0.1541781,-0.1563874,-0.1585272,0
-0.07763191,-0.1811728,-9.470942,-0.009929935,-0.009469485,0.001113844,89.63365,239.0791,-236.2929,239.885,-242.9381,0.033333,-0.04073067,2.304442e-05,-0.1561867,-0.1543665,-0.1567131,-0.1587077,0
-0.0151574,-0.1235409,-9.393036,-0.009180385,-0.008597662,0.001640172,89.73038,238.9782,-236.247,239.8517,-242.8965,0.03333157,-0.04074704,1.696056e-05,-0.1561208,-0.1543365,-0.1566914,-0.1586805,0
-0.2232599,-0.3158752,-9.660233,-0.0105836,-0.009993697,0.0001638191,89.8271,239.0411,-236.0112,239.7912,-242.7013,0.03332018,-0.04075115,1.763935e-05,-0.1561618,-0.1541825,-0.1566519,-0.158553,0
0.01671774,-0.09415544,-9.343437,-0.008830247,-0.007986716,0.001919572,89.92386,238.7368,-236.1968,239.6467,-242.8787,0.03330591,-0.04074665,7.814502e-06,-0.155963,-0.1543037,-0.1565575,-0.1586688,0
-0.2340744,-0.3259069,-9.668628,-0.01052693,-0.00988363,0.0001782352,90.02061,238.8146,-235.9161,239.5655,-242.6313,0.0333009,-0.04076502,7.70794e-06,-0.1560138,-0.1541203,-0.1565044,-0.1585072,0
-0.2207782,-0.3136942,-9.645393,-0.01011417,-0.009547722,0.0002685401,90.11738,238.5894,-235.9329,239.3682,-242.6469,0.03329764,-0.04078165,-4.371618e-06,-0.1558667,-0.1541313,-0.1563755,-0.1585175,0
-0.1789662,-0.2751155,-9.584183,-0.009547512,-0.009013779,0.0007180243,90.21416,238.2236,-235.7848,239.0446,-242.4997,0.03329629,-0.04079745,-1.441619e-05,-0.1556278,-0.1540345,-0.1561641,-0.1584213,0
-0.09955072,-0.201777,-9.467936,-0.008780744,-0.00820398,0.001424703,90.31094,238.2156,-235.1247,239.1024,-241.8409,0.03330624,-0.04080139,-1.387322e-05,-0.1556225,-0.1536033,-0.1562019,-0.1579909,0
-0.2099173,-0.3036793,-9.599737,-0.009894941,-0.009212825,0.0006111877,90.40775,237.8225,-235.1621,238.6119,-241.9099,0.03330442,-0.04081649,-1.896825e-05,-0.1553658,-0.1536278,-0.1558814,-0.1580359,0
-0.05093469,-0.1568211,-9.387523,-0.008476427,-0.007813357,0.001849166,90.50455,237.6162,-235.0846,238.5234,-241.8136,0.03330597,-0.04082872,-2.908063e-05,-0.155231,-0.1535771,-0.1558236,-0.1579731,0
-0.3355808,-0.4198673,-9.74996,-0.01031237,-0.009885764,-0.0001267868,90.60136,237.5084,-234.6556,238.2421,-241.4203,0.0333047,-0.04084545,-3.169502e-05,-0.1551605,-0.1532969,-0.1556398,-0.1577161,0
-0.3064791,-0.3930376,-9.699644,-0.009786326,-0.009409558,0.0001248859,90.69818,236.9796,-234.67,237.7494,-241.4325,0.03330163,-0.04086408,-4.887296e-05,-0.1548151,-0.1533062,-0.155318,-0.1577241,0
0.007889326,-0.1026323,-9.275846,-0.00710546,-0.00664513,0.002663212,90.79501,236.6852,-233.9689,237.6875,-240.7016,0.03331697,-0.04086474,-5.385151e-05,-0.1546228,-0.1528482,-0.1552775,-0.1572466,0
-0.006938316,-0.1162212,-9.274212,-0.007640799,-0.006943864,0.002637348,90.89184,236.6825,-233.143,237.649,-239.906,0.03333865,-0.04085694,-3.905069e-05,-0.154621,-0.1523087,-0.1552524,-0.1567268,0
-0.3851317,-0.465497,-9.759907,-0.01102732,-0.01033506,-0.0003090283,90.98867,236.2937,-233.7869,236.9608,-240.6076,0.03332782,-0.04088082,-4.474977e-05,-0.154367,-0.1527294,-0.1548028,-0.1571852,0
-0.4671506,-0.5414536,-9.873695,-0.01064728,-0.01048358,-0.0008434467,91.08551,236.2452,-233.8812,236.9183,-240.6797,0.03332018,-0.04090483,-6.26168e-05,-0.1543353,-0.1527909,-0.154775,-0.1572323,0
-0.2302707,-0.3227179,-9.552559,-0.008208386,-0.008089181,0.001130899,91.18233,235.506,-233.489,236.3799,-240.2599,0.03332213,-0.04092217,-8.432444e-05,-0.1538524,-0.1525347,-0.1544233,-0.1569581,0
-0.2972291,-0.384659,-9.612262,-0.008301665,-0.008223416,0.0009169545,91.27917,235.2355,-232.2386,236.0935,-239.03,0.03333754,-0.04092629,-8.527932e-05,-0.1536757,-0.1517179,-0.1542362,-0.1561546,0
0.1163533,-0.00240997,-9.042555,-0.005655801,-0.005077343,0.004018238,91.376,234.7259,-231.5913,235.8334,-238.3655,0.03336902,-0.04091003,-8.088144e-05,-0.1533428,-0.151295,-0.1540663,-0.1557204,0
-0.08438491,-0.1876272,-9.29066,-0.008068576,-0.0072841,0.002527587,91.47282,234.8905,-231.2265,235.8014,-238.0528,0.0333914,-0.04090032,-5.540618e-05,-0.1534503,-0.1510567,-0.1540454,-0.1555162,0
-0.3121548,-0.3979078,-9.593824,-0.01025546,-0.009530999,0.0005718861,91.56964,234.9537,-232.0455,235.6727,-238.899,0.03338788,-0.04091585,-5.482357e-05,-0.1534916,-0.1515917,-0.1539613,-0.156069,0
-0.1259567,-0.2259454,-9.367515,-0.008260266,-0.007773785,0.001954471,91.66647,235.0405,-232.3408,235.9244,-239.1515,0.03339368,-0.04092471,-6.194123e-05,-0.1535483,-0.1517846,-0.1541258,-0.1562339,0
-0.4184017,-0.4961866,-9.747755,-0.01015047,-0.009832371,-0.0001021284,91.76328,234.7181,-232.3388,235.4253,-239.1876,0.03338608,-0.04094983,-7.127601e-05,-0.1533377,-0.1517833,-0.1537997,-0.1562575,0
-0.3593428,-0.4417865,-9.659959,-0.008867836,-0.008704698,0.0004568738,91.86008,234.4532,-231.8702,235.2592,-238.7037,0.03339127,-0.04096254,-8.671661e-05,-0.1531646,-0.1514772,-0.1536912,-0.1559414,0
0.0250615,-0.08661506,-9.136322,-0.005907964,-0.005406833,0.003508441,91.95688,233.8648,-231.115,234.9386,-237.926,0.03341637,-0.04095386,-8.91426e-05,-0.1527802,-0.1509838,-0.1534817,-0.1554334,0
-0.2980149,-0.3849677,-9.534963,-0.008855984,-0.008221382,0.00119078,92.05367,233.9478,-230.3267,234.7716,-237.2042,0.03343543,-0.04094868,-6.978418e-05,-0.1528344,-0.1504688,-0.1533726,-0.1549618,0
-0.4130951,-0.4911737,-9.67959,-0.01003299,-0.009378395,0.000141848,92.15045,233.4884,-231.0721,234.206,-237.9671,0.03343095,-0.04096592,-8.160359e-05,-0.1525344,-0.1509558,-0.1530031,-0.1554602,0
-0.05515309,-0.1605423,-9.216562,-0.006664675,-0.006165016,0.002948334,92.24722,233.6041,-230.6008,234.6097,-237.4385,0.03345283,-0.04095865,-8.186005e-05,-0.1526099,-0.1506479,-0.1532669,-0.1551148,0
0.1267955,0.007743016,-8.965171,-0.005930244,-0.004981168,0.00433425,92.34399,233.5264,-230.0321,234.6194,-236.8884,0.033472,-0.04093074,-6.446892e-05,-0.1525592,-0.1502764,-0.1532732,-0.1547555,0
0.009219306,-0.1006572,-9.115396,-0.007645613,-0.006429427,0.003296112,92.44073,234.1113,-229.8827,235.077,-236.7777,0.03350027,-0.04091047,-3.35609e-05,-0.1529413,-0.1501788,-0.1535721,-0.1546832,0
-0.03254325,-0.1389782,-9.18769,-0.008884953,-0.007425242,0.002649751,92.53748,234.3308,-231.0673,235.2075,-237.9818,0.03350732,-0.04090881,-1.995046e-05,-0.1530847,-0.1509526,-0.1536574,-0.1554698,0
0.04378119,-0.06839772,-9.119629,-0.008317848,-0.006908558,0.00306314,92.63422,235.0933,-231.6538,236.0271,-238.5512,0.03351491,-0.04090725,-7.384268e-06,-0.1535828,-0.1513358,-0.1541928,-0.1558418,0
-0.1765327,-0.2719194,-9.428917,-0.01000153,-0.008618012,0.001291973,92.73093,235.6124,-232.0908,236.4066,-239.0194,0.03351704,-0.04091112,3.863313e-06,-0.1539219,-0.1516213,-0.1544407,-0.1561477,0
-0.1079822,-0.2085728,-9.356855,-0.009476328,-0.007925925,0.001663892,92.82765,235.6785,-232.8447,236.5283,-239.7724,0.03351475,-0.04091796,4.704894e-07,-0.1539651,-0.1521138,-0.1545203,-0.1566396,0
-0.182341,-0.2773226,-9.466858,-0.009766442,-0.008218312,0.001152089,92.92436,236.0352,-232.8274,236.863,-239.7693,0.03351606,-0.040921,5.032264e-06,-0.1541981,-0.1521025,-0.1547389,-0.1566375,0
0.01301017,-0.09680396,-9.214826,-0.008409227,-0.006541193,0.002540253,93.02107,236.0036,-232.9676,236.9644,-239.9092,0.03351403,-0.04091093,3.595658e-06,-0.1541775,-0.1521941,-0.1548052,-0.1567289,0
0.2029921,0.07880163,-8.96954,-0.00725335,-0.005072105,0.003964555,93.11778,236.4551,-232.58,237.5388,-239.5268,0.03352653,-0.04087766,2.326845e-05,-0.1544725,-0.1519409,-0.1551804,-0.1564791,0
-0.4056547,-0.4833556,-9.770564,-0.01260141,-0.01041421,-0.0007582518,93.21449,236.4002,-233.5877,237.0193,-240.6287,0.03350383,-0.04089878,2.518584e-05,-0.1544366,-0.1525992,-0.154841,-0.157199,0
0.04568678,-0.06651849,-9.202927,-0.008270936,-0.006293975,0.002532368,93.3112,236.927,-233.728,237.9191,-240.6891,0.03351073,-0.04089062,1.782586e-05,-0.1547807,-0.1526909,-0.1554288,-0.1572385,0
-0.1256025,-0.2246965,-9.428858,-0.009878835,-0.007758107,0.001356143,93.40792,236.782,-233.7258,237.6428,-240.7362,0.03350972,-0.04089136,2.508976e-05,-0.154686,-0.1526894,-0.1552484,-0.1572692,0
0.1687609,0.04732157,-9.045847,-0.007838287,-0.005421299,0.003437565,93.50464,237.2107,-233.5845,238.2669,-240.5769,0.03352208,-0.04087519,3.299586e-05,-0.1549661,-0.1525971,-0.1556561,-0.1571652,0
-0.02168535,-0.1284775,-9.302229,-0.009900065,-0.00732134,0.001938239,93.60135,237.1877,-234.1395,238.0746,-241.1797,0.03351475,-0.04087821,3.868861e-05,-0.154951,-0.1529597,-0.1555305,-0.1575589,0
-0.3855,-0.4646941,-9.791294,-0.01219333,-0.01001164,-0.0008333451,93.69807,237.6968,-234.4435,238.3711,-241.5139,0.03350083,-0.04088866,3.790889e-05,-0.1552836,-0.1531582,-0.1557242,-0.1577773,0
0.03176759,-0.07922631,-9.255941,-0.008735038,-0.006429677,0.002241557,93.7948,237.3989,-234.8545,238.3795,-241.8795,0.03349841,-0.04088787,2.31219e-05,-0.1550891,-0.1534268,-0.1557296,-0.1580161,0
-0.1750594,-0.2703288,-9.524279,-0.01021935,-0.007965498,0.0008828943,93.89153,237.3954,-234.5304,238.2428,-241.5967,0.03348809,-0.04089695,2.190949e-05,-0.1550867,-0.1532151,-0.1556403,-0.1578314,0
0.01918966,-0.09091385,-9.262671,-0.008480734,-0.006162307,0.002320321,93.98827,237.6618,-233.9284,238.6682,-240.9846,0.0334936,-0.04087064,2.578952e-05,-0.1552608,-0.1528218,-0.1559182,-0.1574315,0
-0.1557265,-0.2523462,-9.485857,-0.01052523,-0.00800364,0.0009874025,94.08501,237.1938,-234.4666,238.0322,-241.5795,0.03347424,-0.04086177,2.645819e-05,-0.154955,-0.1531734,-0.1555027,-0.1578202,0
-0.4557382,-0.5296103,-9.885215,-0.01227911,-0.01026355,-0.001249138,94.18175,237.3636,-234.7637,238.0269,-241.9023,0.03343158,-0.04086451,1.226259e-05,-0.155066,-0.1533674,-0.1554993,-0.158031,0
-0.06084612,-0.1649463,-9.369331,-0.008312499,-0.006577002,0.001819822,94.27852,237.0676,-234.4112,238.0625,-241.4889,0.0334333,-0.04086488,-7.548124e-06,-0.1548726,-0.1531372,-0.1555225,-0.1577609,0
-0.3006865,-0.3865361,-9.661896,-0.01007442,-0.008450245,0.0002880715,94.37527,236.6826,-233.7099,237.5181,-240.8382,0.03343442,-0.04086769,-6.602141e-06,-0.1546211,-0.1526791,-0.1551669,-0.1573359,0
-0.4061443,-0.4839638,-9.782124,-0.01079992,-0.009299809,-0.0005001991,94.47202,236.234,-233.7143,236.9952,-240.8621,0.03342349,-0.04088275,-2.283284e-05,-0.154328,-0.1526819,-0.1548253,-0.1573515,0
-0.1940766,-0.2881188,-9.495049,-0.008592764,-0.007342805,0.001260515,94.56879,235.933,-233.1653,236.8734,-240.2818,0.03342941,-0.04088354,-3.452914e-05,-0.1541314,-0.1523232,-0.1547457,-0.1569723,0
-0.2957751,-0.3820391,-9.606364,-0.00939902,-0.008223439,0.0006627704,94.66556,235.4077,-232.6836,236.2708,-239.8293,0.03343013,-0.0408914,-4.083329e-05,-0.1537882,-0.1520086,-0.154352,-0.1566768,0
-0.3451678,-0.4276946,-9.65339,-0.009492015,-0.00853925,0.0003843583,94.76231,235.2137,-232.1748,236.0574,-239.3269,0.03343564,-0.04089526,-4.63513e-05,-0.1536615,-0.1516762,-0.1542127,-0.1563486,0
-0.3628415,-0.4439923,-9.661495,-0.009555863,-0.008736822,0.0003366543,94.85909,234.4995,-232.2007,235.3263,-239.3607,0.03343157,-0.04091095,-6.230736e-05,-0.1531949,-0.1516931,-0.153735,-0.1563706,0
-0.1551414,-0.2521546,-9.375093,-0.007476996,-0.006847087,0.002075644,94.95584,234.4724,-231.2354,235.4722,-238.3678,0.03345029,-0.04090542,-6.302418e-05,-0.1531772,-0.1510625,-0.1538303,-0.1557219,0
-0.3742111,-0.4544295,-9.639482,-0.009526456,-0.008885609,0.0004952872,95.05259,233.9574,-230.9983,234.7775,-238.1791,0.03345578,-0.04091351,-6.278589e-05,-0.1528407,-0.1509076,-0.1533765,-0.1555987,0
-0.02517171,-0.1318916,-9.174335,-0.006865842,-0.006178535,0.00309256,95.14934,233.7865,-230.801,234.8405,-237.9425,0.03347244,-0.04091008,-6.637205e-05,-0.1527291,-0.1507787,-0.1534176,-0.1554441,0
-0.1144364,-0.2142437,-9.282578,-0.007833409,-0.007166184,0.00250565,95.24607,233.7898,-230.3811,234.7624,-237.5483,0.03348791,-0.04090887,-5.458449e-05,-0.1527312,-0.1505044,-0.1533666,-0.1551866,0
-0.1913003,-0.2851534,-9.378541,-0.008674894,-0.008019302,0.001821473,95.3428,234.027,-230.3195,234.9323,-237.5035,0.03350429,-0.04090515,-4.241025e-05,-0.1528862,-0.1504641,-0.1534776,-0.1551574,0
-0.11518,-0.2146755,-9.285988,-0.008530436,-0.007760123,0.002261755,95.43951,233.9323,-230.9073,234.8592,-238.0922,0.03351169,-0.04090998,-3.896804e-05,-0.1528243,-0.1508482,-0.1534299,-0.1555419,0
-0.2518623,-0.3409335,-9.475441,-0.009460898,-0.008864766,0.001224725,95.53622,234.4229,-230.8774,235.2675,-238.0753,0.03351867,-0.04091624,-2.895566e-05,-0.1531448,-0.1508286,-0.1536966,-0.1555309,0
-0.1272543,-0.2257524,-9.319084,-0.008622148,-0.007895233,0.00203689,95.63292,234.183,-231.4174,235.1062,-238.6089,0.03351878,-0.04092949,-3.704956e-05,-0.1529881,-0.1511814,-0.1535912,-0.1558795,0
-0.2619382,-0.3502485,-9.499031,-0.009242337,-0.008693988,0.001145322,95.72961,234.4106,-231.13,235.2749,-238.3376,0.03352046,-0.04093332,-3.346424e-05,-0.1531368,-0.1509936,-0.1537015,-0.1557022,0
0.06789358,-0.04545012,-9.063053,-0.006941371,-0.00604942,0.003550525,95.82629,234.498,-230.813,235.583,-238.0042,0.03354005,-0.04091284,-2.315293e-05,-0.1531939,-0.1507865,-0.1539027,-0.1554845,0
-0.04626647,-0.1506884,-9.212708,-0.008739591,-0.007522799,0.002606984,95.92296,234.4317,-231.2566,235.3766,-238.493,0.03354285,-0.04091951,-1.236068e-05,-0.1531506,-0.1510763,-0.1537679,-0.1558038,0
-0.1525602,-0.2488932,-9.365177,-0.009372549,-0.008344857,0.001695737,96.01962,234.9861,-231.477,235.8725,-238.717,0.03354363,-0.04092837,-8.227569e-06,-0.1535127,-0.1512203,-0.1540918,-0.1559501,0
-0.2336257,-0.3238081,-9.481579,-0.009791881,-0.008863417,0.001048221,96.11628,234.988,-231.8507,235.8369,-239.1002,0.0335446,-0.04093762,-9.029778e-06,-0.153514,-0.1514645,-0.1540686,-0.1562004,0
-0.1628693,-0.2584331,-9.39432,-0.009193987,-0.008178258,0.00158115,96.21293,235.0025,-231.9966,235.9082,-239.2479,0.0335415,-0.0409403,-1.033802e-05,-0.1535235,-0.1515597,-0.1541151,-0.1562969,0
-0.09215236,-0.1930836,-9.303497,-0.00864635,-0.007522166,0.002120733,96.30959,235.1994,-231.7562,236.1607,-239.0189,0.03353109,-0.04092109,-5.907528e-06,-0.1536521,-0.1514027,-0.1542801,-0.1561473,0
-0.08159778,-0.1832569,-9.288977,-0.008810657,-0.007564977,0.002151015,96.40623,235.2055,-231.8373,236.1603,-239.1145,0.03353752,-0.04092254,-1.252451e-06,-0.1536561,-0.1514557,-0.1542799,-0.1562098,0
-0.2851068,-0.3712411,-9.559159,-0.01041875,-0.009274416,0.0005944549,96.50286,235.1863,-232.2376,235.9968,-239.5435,0.03352974,-0.04093884,-3.754563e-06,-0.1536435,-0.1517172,-0.154173,-0.1564901,0
0.08736235,-0.02715225,-9.078471,-0.007284385,-0.00608803,0.003370324,96.5995,235.3994,-232.0282,236.4879,-239.2893,0.03354339,-0.04093343,-3.631467e-06,-0.1537828,-0.1515804,-0.1544939,-0.1563239,0
-0.36451,-0.4445578,-9.666044,-0.01103982,-0.00987599,3.803462e-05,96.69614,235.4848,-231.9891,236.2476,-239.3247,0.0335414,-0.04094367,7.547563e-06,-0.1538386,-0.1515549,-0.1543369,-0.1563471,0
-0.0687751,-0.1713074,-9.285062,-0.008782589,-0.007475198,0.002084289,96.79276,235.4,-232.5104,236.3646,-239.813,0.03354114,-0.0409505,-3.142559e-06,-0.1537832,-0.1518955,-0.1544133,-0.1566661,0
-0.05325232,-0.1569604,-9.270304,-0.008570284,-0.007283604,0.002326197,96.88939,235.6002,-232.197,236.5853,-239.5064,0.03354834,-0.04095111,4.248287e-06,-0.1539139,-0.1516907,-0.1545575,-0.1564658,0
-0.1772204,-0.2714334,-9.4292,-0.009760443,-0.008363649,0.001323364,96.98601,235.6169,-232.3236,236.5034,-239.6646,0.03354652,-0.04095946,5.396196e-06,-0.1539249,-0.1517734,-0.154504,-0.1565692,0
-0.1685731,-0.2634555,-9.423037,-0.009548588,-0.008199978,0.00136924,97.08263,235.7694,-232.4132,236.6749,-239.7545,0.03355005,-0.04096175,6.880409e-06,-0.1540245,-0.1518319,-0.154616,-0.1566279,0
-0.1443478,-0.2410198,-9.394361,-0.009533085,-0.008073718,0.001530141,97.17924,235.6579,-232.6703,236.5697,-240.0248,0.03354098,-0.04096323,4.703868e-06,-0.1539516,-0.1519999,-0.1545473,-0.1568045,0
-0.08642261,-0.1875137,-9.321877,-0.008955106,-0.007504172,0.001979372,97.27586,235.9369,-232.4396,236.9032,-239.8038,0.03351855,-0.04093294,8.057923e-06,-0.1541339,-0.1518492,-0.1547652,-0.1566601,0
-0.2667119,-0.3540432,-9.55699,-0.01041793,-0.009045592,0.0006071085,97.37247,235.6755,-232.8074,236.5109,-240.2085,0.03349407,-0.04093317,1.40181e-06,-0.1539631,-0.1520895,-0.1545089,-0.1569245,0
-0.2883657,-0.3741565,-9.587213,-0.009954154,-0.008934628,0.000516796,97.46909,235.7869,-232.6429,236.6488,-240.0366,0.03348541,-0.04093376,-4.650684e-06,-0.1540359,-0.1519819,-0.154599,-0.1568122,0
-0.116114,-0.2149985,-9.355615,-0.008590203,-0.007542753,0.001860779,97.5657,235.5835,-232.3899,236.566,-239.7746,0.03349421,-0.04093409,-5.99871e-06,-0.153903,-0.1518167,-0.1545449,-0.156641,0
-0.2887694,-0.3744468,-9.573985,-0.01011122,-0.009097103,0.000606428,97.66231,235.3402,-232.4679,236.187,-239.8934,0.03347318,-0.0409367,-1.119237e-05,-0.1537441,-0.1518677,-0.1542973,-0.1567186,0
-0.3876919,-0.4659514,-9.700461,-0.01021771,-0.009600985,-6.854878e-05,97.75892,235.4111,-232.193,236.2309,-239.6163,0.03347282,-0.04094928,-1.88337e-05,-0.1537904,-0.1516881,-0.154326,-0.1565376,0
0.02480562,-0.08480819,-9.152023,-0.007099445,-0.006304031,0.003073689,97.85552,235.0365,-231.9066,236.1361,-239.2956,0.0334911,-0.04094298,-2.096691e-05,-0.1535457,-0.151501,-0.154264,-0.1563281,0
-0.3506531,-0.4315688,-9.632272,-0.01041688,-0.009654306,0.000340196,97.95212,235.0296,-231.7306,235.8386,-239.1856,0.0334888,-0.04095793,-1.317817e-05,-0.1535412,-0.151386,-0.1540697,-0.1562562,0
0.01871418,-0.0903009,-9.150314,-0.007464283,-0.006672126,0.002975608,98.04872,235.097,-231.7541,236.1667,-239.1667,0.0334899,-0.04094539,-1.885974e-05,-0.1535852,-0.1514013,-0.154284,-0.1562439,0
-0.167914,-0.2626412,-9.393373,-0.009112135,-0.008388739,0.001675846,98.14531,235.1029,-231.6353,236.0306,-239.0841,0.03349843,-0.04094991,-7.528902e-06,-0.1535891,-0.1513238,-0.1541951,-0.1561899,0
0.120488,0.003930211,-9.017791,-0.007301417,-0.006339032,0.00367671,98.2419,235.4431,-231.6312,236.545,-239.0593,0.03351718,-0.04094154,3.695909e-06,-0.1538113,-0.1513211,-0.1545312,-0.1561737,0
-0.2235493,-0.3137716,-9.477802,-0.01048132,-0.009535586,0.001010393,98.33849,235.4753,-232.3456,236.302,-239.8291,0.03350683,-0.04096335,7.889666e-06,-0.1538323,-0.1517878,-0.1543725,-0.1566766,0
-0.1292832,-0.2267866,-9.370502,-0.009149272,-0.008455865,0.001642922,98.43506,236.1406,-232.3071,237.0796,-239.761,0.03351621,-0.04096543,1.181145e-05,-0.154267,-0.1517626,-0.1548804,-0.1566322,0
-0.2237407,-0.3139706,-9.500029,-0.01022548,-0.009363892,0.0008982985,98.53163,235.5275,-233.1803,236.3761,-240.6656,0.03350071,-0.04099356,-9.234323e-07,-0.1538665,-0.1523331,-0.1544209,-0.1572231,0
-0.1029627,-0.202551,-9.347374,-0.008497613,-0.007843568,0.00192624,98.62821,236.2029,-232.3831,237.1961,-239.8421,0.03351222,-0.04099491,3.096394e-06,-0.1543077,-0.1518123,-0.1549565,-0.1566851,0
-0.1757828,-0.269726,-9.433428,-0.009551559,-0.008592644,0.001343765,98.72478,235.8635,-232.4628,236.7787,-239.9624,0.03351806,-0.04099965,7.218183e-06,-0.154086,-0.1518643,-0.1546839,-0.1567637,0
-0.237662,-0.3268422,-9.516718,-0.0102086,-0.009193182,0.0008360005,98.82135,235.7364,-232.9691,236.5934,-240.4838,0.0335071,-0.04102064,-7.491903e-07,-0.1540029,-0.1521951,-0.1545628,-0.1571043,0
-0.1906109,-0.283486,-9.460188,-0.009241525,-0.008448351,0.001267518,98.91794,235.9619,-232.6264,236.8931,-240.1257,0.03350832,-0.04103116,-5.60482e-06,-0.1541502,-0.1519712,-0.1547586,-0.1568704,0
-0.2556911,-0.3436215,-9.536766,-0.009695496,-0.00885117,0.0008434556,99.01451,235.4335,-232.7131,236.3219,-240.2342,0.03350194,-0.04104994,-1.755783e-05,-0.1538051,-0.1520278,-0.1543854,-0.1569413,0
-0.1458039,-0.2421695,-9.384367,-0.008474795,-0.007669771,0.00179451,99.11107,235.4684,-232.1192,236.4597,-239.6297,0.03351117,-0.04105264,-1.908417e-05,-0.1538278,-0.1516399,-0.1544754,-0.1565464,0
0.09198965,-0.02235061,-9.06081,-0.00714605,-0.005973238,0.003579884,99.20764,235.5605,-231.5005,236.689,-239.0173,0.03352509,-0.04101981,-1.740786e-06,-0.153888,-0.1512357,-0.1546252,-0.1561463,0
0.02061612,-0.08800295,-9.152875,-0.008872868,-0.007324919,0.002864867,99.30421,235.5584,-232.0735,236.5557,-239.6317,0.03352763,-0.04102308,1.110811e-05,-0.1538866,-0.15161,-0.1545382,-0.1565476,0
-0.2117898,-0.3027069,-9.476221,-0.01051877,-0.00929806,0.0009917344,99.40077,236.1996,-232.5475,237.0453,-240.1183,0.03352134,-0.04103646,1.647113e-05,-0.1543055,-0.1519197,-0.154858,-0.1568655,0
-0.1994969,-0.2914002,-9.476774,-0.01009522,-0.009025455,0.001007926,99.49733,236.1779,-233.1602,237.0562,-240.7239,0.03350895,-0.04104591,8.149735e-06,-0.1542914,-0.1523199,-0.1548651,-0.1572612,0
-0.2421551,-0.3308889,-9.538968,-0.01005048,-0.009068382,0.000781668,99.59389,236.3408,-233.03,237.2209,-240.6036,0.03350098,-0.04104857,7.958304e-06,-0.1543978,-0.1522349,-0.1549727,-0.1571826,0
-0.3320367,-0.4139521,-9.653797,-0.01064623,-0.009649154,0.0001132955,99.69044,235.9395,-233.3246,236.7617,-240.9187,0.03348482,-0.04107516,-8.700406e-06,-0.1541356,-0.1524273,-0.1546727,-0.1573884,0
-0.2137717,-0.3048537,-9.494231,-0.008949587,-0.00814845,0.001173204,99.78701,235.9172,-232.7035,236.8757,-240.2761,0.03348877,-0.04108285,-1.806445e-05,-0.154121,-0.1520216,-0.1547472,-0.1569687,0
-0.03196621,-0.136827,-9.23789,-0.007811094,-0.006705965,0.002633948,99.88358,235.5151,-232.1843,236.5837,-239.7641,0.03350269,-0.04107877,-1.612417e-05,-0.1538583,-0.1516824,-0.1545565,-0.1566342,0
-0.2658171,-0.3527684,-9.531545,-0.01003437,-0.008859936,0.0008951435,99.98013,235.4628,-232.0956,236.3392,-239.7229,0.03350111,-0.04108894,-1.149134e-05,-0.1538242,-0.1516245,-0.1543967,-0.1566073,0
-0.1400003,-0.2365231,-9.368271,-0.008932263,-0.007835658,0.001770492,100.0767,235.5616,-232.1128,236.5327,-239.7266,0.03349422,-0.0410777,-1.366445e-05,-0.1538887,-0.1516357,-0.1545231,-0.1566097,0
-0.2851546,-0.3705918,-9.558039,-0.01007852,-0.009091983,0.0007307071,100.1732,235.4023,-232.2467,236.2706,-239.8922,0.03347286,-0.04106801,-1.414201e-05,-0.1537847,-0.1517231,-0.1543519,-0.1567179,0
-0.003394388,-0.1102635,-9.189609,-0.007823287,-0.006811746,0.002819096,100.2698,235.4449,-232.1171,236.512,-239.7343,0.03347388,-0.04106119,-1.649358e-05,-0.1538125,-0.1516385,-0.1545096,-0.1566147,0
0.04702195,-0.06358889,-9.120631,-0.007718204,-0.006634261,0.003229205,100.3663,235.7505,-231.6292,236.8372,-239.2576,0.03349417,-0.04105045,2.176454e-06,-0.1540121,-0.1513197,-0.154722,-0.1563032,0
-0.2073763,-0.2984388,-9.455048,-0.01040243,-0.009204834,0.001138885,100.4629,235.7075,-232.3858,236.5678,-240.0641,0.03348751,-0.04106545,6.845752e-06,-0.1539841,-0.151814,-0.1545461,-0.1568301,0
-0.205922,-0.2971573,-9.471716,-0.009933773,-0.009038515,0.001085044,100.5594,236.1191,-232.7414,237.0113,-240.4034,0.03347859,-0.04107238,3.926659e-06,-0.1542529,-0.1520464,-0.1548358,-0.1570518,0
-0.1937407,-0.2859359,-9.463068,-0.009620717,-0.008784652,0.001203727,100.656,236.1931,-232.7344,237.1153,-240.4102,0.0334556,-0.04105016,4.993967e-06,-0.1543013,-0.1520418,-0.1549037,-0.1570563,0
-0.01910779,-0.1245327,-9.235192,-0.008493598,-0.00748327,0.002479477,100.7525,235.9945,-232.9499,237.0219,-240.6241,0.03344709,-0.04105242,-1.724247e-07,-0.1541715,-0.1521826,-0.1548427,-0.157196,0
-0.07441971,-0.1756491,-9.308207,-0.008745786,-0.007884518,0.002128656,100.8491,236.3867,-232.5005,237.3904,-240.1844,0.03345608,-0.04105498,9.113704e-06,-0.1544278,-0.151889,-0.1550834,-0.1569088,0
0.003762178,-0.103305,-9.20477,-0.008587517,-0.007529285,0.002596724,100.9456,236.4893,-232.6118,237.5214,-240.3062,0.03346954,-0.04105068,2.032066e-05,-0.1544948,-0.1519617,-0.155169,-0.1569883,0
-0.422724,-0.4972337,-9.772322,-0.01221003,-0.0112819,-0.0006874348,101.0421,236.5011,-233.4843,237.2124,-241.2366,0.03344989,-0.04108042,1.873492e-05,-0.1545025,-0.1525316,-0.1549672,-0.1575961,0
-0.2103407,-0.3011859,-9.511262,-0.009699602,-0.009087249,0.0008773466,101.1387,236.6618,-233.7093,237.5762,-241.4115,0.03344094,-0.04110219,-1.592877e-07,-0.1546075,-0.1526787,-0.1552049,-0.1577104,0
-0.2129087,-0.3036642,-9.509963,-0.009251293,-0.008713782,0.001073011,101.2352,236.4288,-233.1942,237.3772,-240.9054,0.03344413,-0.04111387,-4.864245e-06,-0.1544553,-0.1523421,-0.1550748,-0.1573798,0
-0.1527873,-0.2480924,-9.415131,-0.008954883,-0.008188241,0.001571897,101.3318,236.1213,-232.9128,237.1013,-240.6401,0.03344752,-0.04112338,-8.916189e-06,-0.1542544,-0.1521583,-0.1548946,-0.1572064,0
-0.3719911,-0.450619,-9.693109,-0.01055625,-0.009912309,1.155015e-06,101.4283,235.8408,-232.9189,236.6703,-240.6782,0.03343685,-0.04114779,-1.89203e-05,-0.1540711,-0.1521623,-0.154613,-0.1572313,0
-0.08318904,-0.183887,-9.30827,-0.007838238,-0.007273495,0.002248484,101.5249,235.8105,-232.3412,236.8721,-240.0616,0.03345039,-0.0411481,-2.396428e-05,-0.1540513,-0.1517849,-0.1547449,-0.1568285,0
-0.2202748,-0.3104311,-9.472588,-0.00931967,-0.008610938,0.001309317,101.6214,235.5473,-232.0493,236.4857,-239.8122,0.03345821,-0.04115342,-1.636353e-05,-0.1538794,-0.1515942,-0.1544924,-0.1566656,0
-0.352163,-0.4322313,-9.640761,-0.01044826,-0.009802694,0.0002507557,101.718,235.3457,-232.4283,236.1782,-240.2097,0.03344722,-0.04117773,-2.696387e-05,-0.1537477,-0.1518418,-0.1542915,-0.1569253,0
-0.2002259,-0.2919746,-9.443473,-0.008598017,-0.008211064,0.001496461,101.8145,235.3239,-232.0889,236.3045,-239.8378,0.03345253,-0.04118807,-3.589732e-05,-0.1537334,-0.1516201,-0.1543741,-0.1566823,0
-0.2389777,-0.3277601,-9.48014,-0.0089164,-0.00846462,0.001326911,101.9111,234.9438,-231.7408,235.8963,-239.5109,0.03345825,-0.04119835,-3.795112e-05,-0.1534851,-0.1513926,-0.1541074,-0.1564687,0
0.07639945,-0.03631054,-9.056406,-0.006736417,-0.006011857,0.003693422,102.0076,234.9383,-231.2689,236.093,-239.0203,0.0334737,-0.04118671,-3.241575e-05,-0.1534815,-0.1510844,-0.1542359,-0.1561482,0
-0.1536205,-0.2486647,-9.350933,-0.009089252,-0.008261698,0.00194904,102.1041,235.1861,-231.0625,236.1462,-238.8653,0.03348162,-0.04117864,-1.232463e-05,-0.1536434,-0.1509495,-0.1542706,-0.156047,0
-0.1736261,-0.2670144,-9.385237,-0.00967169,-0.008787891,0.001572941,102.2007,235.3076,-231.7961,236.223,-239.6054,0.03348266,-0.04118796,-8.961244e-06,-0.1537228,-0.1514288,-0.1543208,-0.1565305,0
-0.2158268,-0.3060006,-9.458282,-0.009824988,-0.009114303,0.001222487,102.2972,235.3898,-232.3718,236.2851,-240.1794,0.0334694,-0.04120484,-1.507848e-05,-0.1537765,-0.1518049,-0.1543614,-0.1569054,0
-0.2942326,-0.3785693,-9.567109,-0.009768,-0.009300947,0.0007094638,102.3937,235.6646,-232.0756,236.556,-239.8854,0.03346587,-0.04121155,-1.683947e-05,-0.1539561,-0.1516113,-0.1545384,-0.1567134,0
-0.3513013,-0.4313125,-9.635723,-0.01011652,-0.009591013,0.0003104656,102.4902,234.9933,-232.4491,235.8494,-240.277,0.03345453,-0.04123817,-3.490807e-05,-0.1535175,-0.1518554,-0.1540768,-0.1569692,0
0.1377984,0.02047921,-8.988935,-0.005907059,-0.005258202,0.004137811,102.5867,235.3069,-231.3072,236.5371,-239.0807,0.03348428,-0.04122219,-2.699075e-05,-0.1537223,-0.1511094,-0.154526,-0.1561877,0
-0.1598341,-0.2542455,-9.360518,-0.009322675,-0.008255322,0.001870711,102.6832,235.1014,-231.2331,236.0538,-239.0896,0.03349299,-0.04122414,-8.893393e-06,-0.1535881,-0.151061,-0.1542103,-0.1561935,0
-0.1252688,-0.222216,-9.323483,-0.009320451,-0.008225601,0.001917043,102.7798,235.4661,-231.7508,236.4235,-239.6015,0.03349639,-0.041229,-4.43525e-06,-0.1538264,-0.1513992,-0.1544518,-0.156528,0
-0.2100385,-0.3005028,-9.450424,-0.009940218,-0.00896852,0.001240398,102.8763,235.475,-232.344,236.374,-240.202,0.0334887,-0.04124713,-7.69964e-06,-0.1538321,-0.1517867,-0.1544195,-0.1569202,0
0.0318289,-0.07709679,-9.142344,-0.00776126,-0.006756231,0.003060571,102.9728,235.8195,-232.0773,236.9132,-239.9081,0.03349476,-0.04124086,-4.765261e-06,-0.1540572,-0.1516125,-0.1547717,-0.1567282,0
-0.07984598,-0.1801739,-9.286743,-0.009047465,-0.007805838,0.002207445,103.0693,236.0504,-231.8972,237.0486,-239.7701,0.03350183,-0.04122877,1.317501e-05,-0.154208,-0.1514948,-0.1548601,-0.1566381,0
-0.2649298,-0.3510445,-9.536482,-0.01097656,-0.009609377,0.0006297872,103.1658,236.1009,-232.7432,236.9378,-240.6512,0.03349184,-0.04124461,1.439868e-05,-0.154241,-0.1520475,-0.1547878,-0.1572137,0
-0.03242595,-0.1362855,-9.251837,-0.008840227,-0.007544234,0.002321027,103.2622,236.4748,-232.9591,237.4976,-240.8296,0.03349296,-0.04125015,1.23048e-05,-0.1544853,-0.1521885,-0.1551535,-0.1573302,0
0.005394585,-0.1013057,-9.207422,-0.008703707,-0.007227788,0.002621672,103.3587,236.6085,-232.8732,237.6539,-240.758,0.03349789,-0.04125158,1.953917e-05,-0.1545726,-0.1521325,-0.1552556,-0.1572834,0
-0.2109206,-0.301115,-9.493135,-0.01056683,-0.009012653,0.0009329797,103.4552,236.7055,-233.2118,237.5924,-241.1364,0.03348948,-0.0412649,2.084932e-05,-0.154636,-0.1523536,-0.1552154,-0.1575307,0
-0.1422298,-0.2377044,-9.412628,-0.009762771,-0.008247323,0.001411792,103.5517,236.8036,-233.4555,237.7603,-241.3762,0.03346953,-0.04125657,1.513093e-05,-0.1547001,-0.1525128,-0.1553251,-0.1576873,0
-0.09863347,-0.1974406,-9.358135,-0.009327861,-0.00778264,0.001793891,103.6482,236.8926,-233.2905,237.8907,-241.2188,0.03346428,-0.04125088,1.768931e-05,-0.1547583,-0.1524051,-0.1554103,-0.1575845,0
-0.3600414,-0.4389416,-9.698214,-0.01136737,-0.009893307,-0.000173122,103.7447,236.8576,-233.4634,237.6752,-241.4397,0.0334367,-0.04124838,1.511251e-05,-0.1547354,-0.152518,-0.1552695,-0.1577288,0
-0.119845,-0.2170834,-9.387341,-0.00916953,-0.007776257,0.001619471,103.8412,236.6124,-233.6792,237.6151,-241.626,0.03342122,-0.04125047,-9.542706e-07,-0.1545752,-0.152659,-0.1552303,-0.1578505,0
-0.4402665,-0.51322,-9.799807,-0.01109154,-0.01008504,-0.0005628506,103.9378,236.5689,-233.1935,237.3859,-241.1766,0.03341379,-0.04126716,-4.219796e-06,-0.1545468,-0.1523417,-0.1550805,-0.1575569,0
-0.01062853,-0.1162919,-9.225306,-0.007693944,-0.006508697,0.002644842,104.0343,236.1192,-232.9949,237.2355,-240.9376,0.03342095,-0.04126837,-1.747679e-05,-0.154253,-0.1522119,-0.1549822,-0.1574008,0
-0.0361091,-0.1397515,-9.246025,-0.008150418,-0.006892594,0.00262417,104.1308,236.0954,-232.3406,237.1761,-240.3084,0.03343218,-0.04126579,-6.868268e-06,-0.1542375,-0.1517845,-0.1549434,-0.1569897,0
-0.03003912,-0.1340115,-9.229381,-0.008590344,-0.007192558,0.002551459,104.2273,236.4341,-232.0742,237.4889,-240.0594,0.03344862,-0.04125495,9.738985e-06,-0.1544587,-0.1516104,-0.1551478,-0.1568271,0
-0.0772671,-0.177442,-9.299761,-0.009694259,-0.008157907,0.002014816,104.3238,236.3789,-232.9421,237.3475,-240.9486,0.03344556,-0.04126278,1.477551e-05,-0.1544226,-0.1521775,-0.1550554,-0.157408,0
-0.2888147,-0.3729223,-9.595545,-0.01099641,-0.00981658,0.0003843313,104.4203,236.925,-233.2823,237.7693,-241.2989,0.03343571,-0.04127978,1.648231e-05,-0.1547794,-0.1523997,-0.155331,-0.1576368,0
0.04160597,-0.06768265,-9.174738,-0.008242488,-0.006978231,0.002792818,104.5168,236.9653,-233.4351,238.0572,-241.4204,0.03342723,-0.04126561,1.204652e-05,-0.1548058,-0.1524995,-0.1555191,-0.1577162,0
-0.1337913,-0.2296764,-9.405062,-0.009813598,-0.008479836,0.001548757,104.6134,237.0993,-233.3434,238.0607,-241.3696,0.03342787,-0.04127216,2.193583e-05,-0.1548933,-0.1524396,-0.1555214,-0.157683,0
-0.3566562,-0.4355814,-9.700001,-0.01149162,-0.01026149,-0.0002243287,104.7099,237.08,-233.8594,237.8891,-241.9145,0.03341097,-0.04129621,1.274592e-05,-0.1548807,-0.1527767,-0.1554093,-0.158039,0
-0.1160388,-0.2134007,-9.392595,-0.009014291,-0.007929709,0.001645893,104.8064,237.1426,-233.6948,238.1619,-241.7119,0.03341415,-0.0413013,5.321653e-06,-0.1549216,-0.1526692,-0.1555875,-0.1579066,0
0.04629087,-0.06334662,-9.17242,-0.008128626,-0.006730628,0.002933749,104.9029,237.0206,-233.3281,238.1315,-241.3552,0.03342393,-0.04129862,1.214907e-05,-0.1548419,-0.1524296,-0.1555676,-0.1576736,0
-0.4417225,-0.5141608,-9.805986,-0.01211534,-0.01082557,-0.0007523152,104.9995,237.1185,-233.5248,237.8769,-241.6227,0.03340909,-0.04132014,1.400972e-05,-0.1549058,-0.1525581,-0.1554013,-0.1578483,0
-0.1681671,-0.2615175,-9.455651,-0.009504577,-0.008344572,0.001231184,105.096,236.8845,-233.9426,237.8614,-241.9943,0.03340164,-0.04133514,-5.883928e-06,-0.1547529,-0.1528311,-0.1553912,-0.1580911,0
-0.2543368,-0.3412063,-9.563921,-0.009769827,-0.008765312,0.000826749,105.1926,236.7333,-233.442,237.678,-241.5094,0.03339906,-0.04134797,-9.081139e-06,-0.1546542,-0.152504,-0.1552714,-0.1577744,0
-0.2843733,-0.3689869,-9.587999,-0.00987435,-0.008845886,0.000640727,105.2891,236.3717,-233.2227,237.3018,-241.305,0.03339208,-0.04136503,-2.177533e-05,-0.1544179,-0.1523608,-0.1550256,-0.1576408,0
-0.2368,-0.3251029,-9.513834,-0.009124612,-0.008213725,0.001143114,105.3857,236.1917,-232.6714,237.1799,-240.7498,0.03339856,-0.04136891,-2.574148e-05,-0.1543004,-0.1520006,-0.154946,-0.1572781,0
-0.08231845,-0.1822849,-9.296202,-0.008283691,-0.007149585,0.002343395,105.4822,235.7775,-232.4474,236.8456,-240.5295,0.03340528,-0.04137157,-2.732936e-05,-0.1540298,-0.1518542,-0.1547276,-0.1571342,0
-0.3974654,-0.4734204,-9.699821,-0.01068943,-0.009764623,4.491175e-05,105.5788,235.7517,-232.3018,236.5987,-240.4249,0.03339775,-0.04138973,-2.86821e-05,-0.1540129,-0.1517591,-0.1545663,-0.1570658,0
0.006317057,-0.1003939,-9.167993,-0.007321546,-0.00637573,0.003046802,105.6753,235.7023,-231.9982,236.8448,-240.0706,0.03341431,-0.04138323,-3.161859e-05,-0.1539806,-0.1515608,-0.154727,-0.1568344,0
-0.1777406,-0.270293,-9.400139,-0.009295166,-0.008215447,0.001742918,105.7719,235.7659,-231.6833,236.7473,-239.804,0.0334272,-0.04137947,-1.198341e-05,-0.1540222,-0.1513551,-0.1546633,-0.1566602,0
-0.1460764,-0.2408849,-9.362004,-0.009608345,-0.008356262,0.001755135,105.8684,235.7841,-232.3356,236.7459,-240.4639,0.03342235,-0.0413918,-1.337696e-05,-0.1540341,-0.1517812,-0.1546624,-0.1570913,0
-0.01519592,-0.1199826,-9.205326,-0.00833377,-0.007215909,0.002739563,105.965,236.2378,-232.2276,237.312,-240.3378,0.0334206,-0.04137652,-5.732712e-06,-0.1543305,-0.1517107,-0.1550322,-0.1570089,0
-0.3960475,-0.4717882,-9.705727,-0.0114667,-0.01041295,-0.0001580839,106.0615,235.9596,-232.8651,236.7566,-241.0325,0.03340295,-0.04140406,-1.131317e-05,-0.1541488,-0.1521271,-0.1546694,-0.1574628,0
-0.280516,-0.3652241,-9.561989,-0.009692712,-0.008940062,0.0007497917,106.158,236.2446,-232.645,237.1838,-240.7778,0.03340452,-0.04141328,-1.883042e-05,-0.1543349,-0.1519834,-0.1549485,-0.1572964,0
-0.1514117,-0.245911,-9.385798,-0.008829935,-0.007857183,0.001798759,106.2546,235.8853,-232.4243,236.908,-240.5641,0.03341149,-0.04141674,-1.903408e-05,-0.1541002,-0.1518392,-0.1547683,-0.1571568,0
-0.2908047,-0.3746423,-9.559904,-0.01009133,-0.009046605,0.0007795713,106.3511,235.6635,-232.4874,236.5742,-240.659,0.0334016,-0.04143699,-2.561137e-05,-0.1539553,-0.1518804,-0.1545503,-0.1572188,0
-0.3089719,-0.391543,-9.580076,-0.009597588,-0.00881462,0.0007215359,106.4477,235.6483,-232.1561,236.5884,-240.3193,0.03340136,-0.04144883,-3.434363e-05,-0.1539454,-0.151664,-0.1545595,-0.1569968,0
-0.2087944,-0.2989913,-9.43665,-0.008747249,-0.007893149,0.001574132,106.5442,235.1072,-231.9793,236.12,-240.1429,0.03340473,-0.04145734,-4.248604e-05,-0.1535919,-0.1515485,-0.1542536,-0.1568816,0
-0.3582253,-0.4370547,-9.618509,-0.009769722,-0.009008748,0.0005792124,106.6407,235.1395,-231.3881,236.0579,-239.577,0.03340996,-0.04146388,-3.858941e-05,-0.153613,-0.1511622,-0.1542129,-0.156512,0
-0.1631148,-0.2567225,-9.353516,-0.008458247,-0.007543284,0.001988297,106.7373,234.8104,-231.3692,235.8472,-239.5469,0.03341702,-0.04146753,-4.352869e-05,-0.153398,-0.1511499,-0.1540753,-0.1564922,0
-0.06670967,-0.1675756,-9.222471,-0.007893439,-0.006907917,0.002776975,106.8338,234.8468,-231.0316,235.9377,-239.2093,0.03343039,-0.04146484,-3.524137e-05,-0.1534218,-0.1509294,-0.1541344,-0.1562717,0
-0.08444536,-0.1838294,-9.241696,-0.008473256,-0.00734498,0.002566295,106.9303,234.9582,-231.0079,236.0078,-239.204,0.03343993,-0.0414646,-2.511848e-05,-0.1534946,-0.1509139,-0.1541802,-0.1562683,0
-0.3368189,-0.4169334,-9.577465,-0.01051781,-0.009521458,0.0005940436,107.0269,235.1083,-231.4012,235.9768,-239.6281,0.03343678,-0.04147716,-2.103298e-05,-0.1535926,-0.1511708,-0.15416,-0.1565453,0
3.71569,5.631549,-4.51876,-0.009820204,-0.008943668,0.0009358584,107.1234,235.0412,-231.9548,235.9637,-240.1651,0.0334291,-0.04149567,-3.291208e-05,-0.1535488,-0.1515325,-0.1541514,-0.1568961,1
3.800016,5.709394,-4.431377,-0.008683762,-0.007887388,0.001703498,107.2199,237.2871,-233.6108,238.3104,-241.743,0.03343703,-0.04149975,-3.267685e-05,-0.155016,-0.1526143,-0.1556844,-0.1579269,1
3.832856,5.740039,-4.582765,-0.00898804,-0.007427808,0.001968069,107.3164,245.1208,-241.4557,246.1646,-249.3965,0.03344568,-0.04149784,-2.7429e-05,-0.1601336,-0.1577393,-0.1608155,-0.1629268,1
3.777563,5.689534,-5.048697,-0.01119746,-0.006842724,0.001534339,107.4129,255.3021,-251.9023,256.2735,-259.731,0.03343435,-0.04149418,-2.41143e-05,-0.1667849,-0.1645638,-0.1674195,-0.1696782,1
3.765755,5.679161,-5.486355,-0.01382238,-0.004606818,0.001442004,107.5095,265.5561,-261.9874,266.489,-269.8291,0.03340002,-0.04146926,-2.105743e-05,-0.1734837,-0.1711523,-0.1740932,-0.1762752,1
3.854785,5.761915,-5.7738,-0.01611367,-0.0009890026,0.002103519,107.6062,274.9208,-271.6754,275.877,-279.5991,0.0333338,-0.04141993,-2.327582e-05,-0.1796015,-0.1774813,-0.1802262,-0.1826577,1
3.920294,5.82281,-6.064417,-0.01823441,0.002782418,0.002659948,107.7029,284.2125,-279.9625,285.2095,-287.9972,0.03325636,-0.04132203,-6.594309e-06,-0.1856716,-0.1828951,-0.186323,-0.1881441,1
3.917229,5.820477,-6.41717,-0.0214275,0.005489385,0.002502323,107.7999,292.3491,-288.5666,293.2914,-296.7502,0.03314128,-0.04120284,5.504203e-06,-0.1909871,-0.1885161,-0.1916027,-0.1938623,1
3.7508,5.667002,-6.972006,-0.02481686,0.00709054,0.001189966,107.8971,300.5139,-296.3751,301.35,-304.6978,0.03299978,-0.04105757,2.034888e-05,-0.196321,-0.1936173,-0.1968672,-0.1990543,1
3.753329,5.669569,-7.28219,-0.02658933,0.009943482,0.001096628,107.9945,307.4097,-304.1505,308.261,-312.5927,0.03282646,-0.04089779,1.495516e-05,-0.200826,-0.1986968,-0.2013821,-0.2042119,1
3.789467,5.703004,-7.52065,-0.02723227,0.01326801,0.00149419,108.0922,314.2835,-310.23,315.2271,-318.7753,0.03265404,-0.04069576,2.286367e-05,-0.2053165,-0.2026684,-0.2059329,-0.2082509,1
3.905786,5.810739,-7.61892,-0.02802843,0.0164949,0.002344898,108.1902,320.0238,-316.2547,321.0491,-324.9223,0.03246609,-0.04046949,2.905006e-05,-0.2090666,-0.2066043,-0.2097363,-0.2122667,1
3.954282,5.855795,-7.791937,-0.02901895,0.01891158,0.002720935,108.2885,326.0113,-321.4179,327.0851,-330.1984,0.03227565,-0.04020984,5.148566e-05,-0.2129781,-0.2099773,-0.2136796,-0.2157135,1
3.776381,5.691798,-8.247046,-0.03198803,0.01897255,0.001238614,108.3871,331.1609,-327.1042,332.096,-336.0232,0.03205532,-0.03994893,6.444876e-05,-0.2163422,-0.2136921,-0.2169532,-0.2195188,1
3.982003,5.881963,-8.195826,-0.03118827,0.02229192,0.00269301,108.4862,336.4125,-331.9574,337.5231,-340.9398,0.03183883,-0.03965742,7.970177e-05,-0.2197731,-0.2168626,-0.2204986,-0.2227307,1
3.522487,5.457698,-8.992107,-0.03569175,0.01989972,-0.0007860406,108.5856,340.6646,-337.0303,341.4672,-346.1637,0.03158272,-0.0393845,8.371832e-05,-0.2225509,-0.2201767,-0.2230752,-0.2261434,1
3.811837,5.725002,-8.796307,-0.03328089,0.0240759,0.001383225,108.6855,344.8952,-340.9839,345.9803,-350.1429,0.03134011,-0.03907879,7.795135e-05,-0.2253146,-0.2227594,-0.2260236,-0.2287429,1
3.797163,5.711658,-8.965849,-0.03401293,0.02520855,0.001442516,108.7858,348.3135,-344.2761,349.4141,-353.533,0.03109556,-0.03875764,8.723301e-05,-0.2275478,-0.2249102,-0.2282668,-0.2309576,1
3.841891,5.753276,-9.041442,-0.03449848,0.02649152,0.001763565,108.8866,351.9131,-347.2423,353.0516,-356.5827,0.03085171,-0.03841662,0.0001047477,-0.2298994,-0.226848,-0.2306431,-0.2329499,1
3.932332,5.837254,-9.056221,-0.03497786,0.02769972,0.002328356,108.9878,355.0892,-350.5617,356.2656,-359.9765,0.03059904,-0.03806754,0.0001227165,-0.2319742,-0.2290165,-0.2327428,-0.2351671,1
3.325061,5.276488,-9.981729,-0.04018562,0.02345461,-0.002275023,109.0895,357.99,-354.2189,358.7563,-363.7597,0.0303038,-0.03775011,0.0001242404,-0.2338693,-0.2314057,-0.2343699,-0.2376386,1
3.915202,5.821673,-9.334283,-0.03513785,0.0295724,0.002142183,109.1917,360.5057,-356.8816,361.7583,-366.3788,0.03003109,-0.03739988,0.0001073298,-0.2355128,-0.2331452,-0.236331,-0.2393496,1
3.885394,5.794367,-9.461092,-0.03585493,0.03019091,0.002221633,109.2944,362.909,-358.1097,364.1632,-367.6862,0.02977182,-0.03702454,0.0001307123,-0.2370828,-0.2339475,-0.2379022,-0.2402036,1
3.709749,5.632557,-9.766448,-0.03855626,0.02904702,0.0007476954,109.3977,364.9462,-360.4633,366.0341,-370.1385,0.02948794,-0.03665729,0.0001436513,-0.2384137,-0.2354851,-0.2391244,-0.2418057,1
3.829917,5.74385,-9.702963,-0.03818256,0.03059686,0.001571162,109.5014,366.9858,-362.8588,368.1588,-372.5554,0.02919642,-0.03628561,0.0001468899,-0.2397461,-0.23705,-0.2405124,-0.2433846,1
3.74494,5.665544,-9.895622,-0.03920174,0.03070119,0.0009915021,109.6057,368.938,-364.5554,370.0714,-374.2983,0.02889974,-0.0359084,0.0001556079,-0.2410215,-0.2381584,-0.2417619,-0.2445233,1
3.604208,5.53571,-10.14737,-0.04069871,0.03045959,-6.882847e-05,109.7106,370.435,-366.3291,371.487,-376.1247,0.02859021,-0.03553136,0.0001551962,-0.2419994,-0.2393171,-0.2426867,-0.2457164,1
3.779734,5.698009,-9.978525,-0.03965147,0.03293872,0.001313229,109.816,371.8614,-367.5385,373.0605,-377.3444,0.0282886,-0.03513217,0.0001584692,-0.2429313,-0.2401072,-0.2437146,-0.2465132,1
3.724226,5.647015,-10.09867,-0.04098595,0.03329251,0.000952618,109.9219,372.8267,-368.8593,373.9694,-378.7195,0.0279684,-0.03473663,0.0001600676,-0.2435619,-0.2409701,-0.2443084,-0.2474115,1
3.544213,5.480793,-10.37848,-0.04258329,0.03310385,-0.000316723,110.0285,374.125,-369.679,375.176,-379.5797,0.02764362,-0.0343301,0.000162361,-0.2444101,-0.2415055,-0.2450967,-0.2479735,1
3.929991,5.837412,-9.910109,-0.04038075,0.03733208,0.00259007,110.1355,374.8695,-370.4772,376.1848,-380.3689,0.02733032,-0.033893,0.0001667883,-0.2448964,-0.242027,-0.2457557,-0.2484891,1
3.861488,5.774515,-10.03027,-0.0423457,0.03755813,0.002125926,110.2432,375.9431,-371.0598,377.1667,-381.0114,0.02700475,-0.03344752,0.0001907962,-0.2455978,-0.2424076,-0.2463972,-0.2489088,1
3.87789,5.790013,-10.04684,-0.04355445,0.03859018,0.00204699,110.3514,377.1842,-372.0701,378.3828,-382.0531,0.02666786,-0.0329903,0.0002099749,-0.2464086,-0.2430676,-0.2471916,-0.2495893,1
3.971406,5.876732,-9.970772,-0.04416099,0.04036525,0.00259106,110.4603,378.2227,-373.3303,379.4529,-383.3309,0.02632164,-0.03251933,0.0002293232,-0.247087,-0.2438909,-0.2478907,-0.2504241,1
3.78371,5.703588,-10.26137,-0.04683631,0.04010286,0.001049255,110.5697,379.474,-374.4282,380.5535,-384.4759,0.02595704,-0.03204256,0.0002517275,-0.2479044,-0.2446081,-0.2486097,-0.2511721,1
3.518675,5.458848,-10.65284,-0.04972453,0.03963651,-0.001111866,110.6797,380.1707,-376.0221,381.0695,-386.1116,0.02555982,-0.03157424,0.0002492158,-0.2483596,-0.2456494,-0.2489468,-0.2522407,1
3.681475,5.609117,-10.47705,-0.04854355,0.04335417,0.0001742088,110.7903,380.4968,-376.8475,381.5655,-386.9146,0.02515836,-0.03108632,0.0002315961,-0.2485726,-0.2461886,-0.2492708,-0.2527652,1
3.73173,5.655454,-10.41895,-0.04850885,0.0463032,0.0008183534,110.9015,380.9995,-376.1421,382.1569,-386.2276,0.02477409,-0.03055263,0.0002401311,-0.248901,-0.2457278,-0.2496572,-0.2523165,1
3.626903,5.558877,-10.54847,-0.0510003,0.04733204,2.15504e-05,111.0133,380.7401,-376.5098,381.7834,-386.6631,0.0243633,-0.0300113,0.0002421685,-0.2487316,-0.245968,-0.2494131,-0.252601,1
4.002688,5.906206,-10.06475,-0.04930635,0.05249997,0.00284881,111.1256,381.1148,-376.4424,382.4088,-386.577,0.02395635,-0.02943197,0.0002492089,-0.2489764,-0.245924,-0.2498217,-0.2525447,1
3.906561,5.817692,-10.19327,-0.05175468,0.0536603,0.002139495,111.2386,381.8163,-376.0362,383.0126,-386.226,0.02354724,-0.02881871,0.0002836042,-0.2494346,-0.2456586,-0.2502162,-0.2523155,1
3.565763,5.503237,-10.65123,-0.05650111,0.05266214,-0.0007056884,111.3522,381.7649,-377.5508,382.6559,-387.8185,0.0230831,-0.02822317,0.0002880202,-0.2494011,-0.2466481,-0.2499832,-0.2533557,1
3.626781,5.559488,-10.60147,-0.05632436,0.05610371,-0.0002472594,111.4664,382.2938,-378.0186,383.2861,-388.2602,0.0226132,-0.02760007,0.0002815097,-0.2497466,-0.2469537,-0.2503948,-0.2536443,1
3.715552,5.641477,-10.48816,-0.05644412,0.05986245,0.0005545527,111.5812,382.3646,-377.5537,383.4576,-387.8067,0.02214989,-0.02693311,0.0002878716,-0.2497928,-0.24665,-0.2505069,-0.2533481,1
3.72208,5.647753,-10.46824,-0.05820306,0.06254631,0.0006069255,111.6967,381.7459,-377.8656,382.8099,-388.1668,0.02165421,-0.02625684,0.0002823472,-0.2493887,-0.2468537,-0.2500837,-0.2535834,1
3.525961,5.466523,-10.71835,-0.06041138,0.06425858,-0.0007032221,111.8127,382.13,-377.0714,383.1095,-387.4058,0.0211576,-0.02554003,0.0002909325,-0.2496396,-0.2463349,-0.2502795,-0.2530862,1
3.783163,5.704383,-10.36682,-0.06018452,0.06920456,0.001178029,111.9293,381.4219,-377.1483,382.5573,-387.4952,0.02064832,-0.02479051,0.000288581,-0.249177,-0.2463851,-0.2499188,-0.2531446,1
3.620769,5.554563,-10.56805,-0.0629949,0.0708954,9.307842e-05,112.0465,381.5009,-376.6136,382.5204,-387.0117,0.02012189,-0.0240133,0.0003032877,-0.2492286,-0.2460358,-0.2498946,-0.2528287,1
3.832588,5.750517,-10.28056,-0.06314613,0.07562685,0.001567385,112.1644,381.2411,-376.5439,382.3892,-386.95,0.01958117,-0.02320263,0.0003061211,-0.2490589,-0.2459903,-0.2498089,-0.2527885,1
3.75461,5.678724,-10.3747,-0.06543546,0.07816614,0.001044471,112.2828,381.314,-376.1058,382.4056,-386.5509,0.01903057,-0.0223537,0.0003254195,-0.2491065,-0.2457041,-0.2498196,-0.2525277,1
3.806195,5.726755,-10.29948,-0.06723098,0.08162402,0.001281902,112.4018,381.022,-376.3932,382.1111,-386.8695,0.01845103,-0.02148249,0.0003328114,-0.2489157,-0.2458918,-0.2496272,-0.2527358,1
3.518649,5.461265,-10.67534,-0.07084984,0.08290718,-0.0008524277,112.5215,381.2347,-376.2054,382.1471,-386.7241,0.01785016,-0.0205826,0.0003440308,-0.2490547,-0.2457692,-0.2496508,-0.2526408,1
3.840713,5.759038,-10.2481,-0.07012838,0.08921243,0.001468993,112.6417,380.7411,-376.3142,381.8763,-386.814,0.01723726,-0.01964084,0.000340333,-0.2487323,-0.2458402,-0.2494739,-0.2526996,1
3.862475,5.779426,-10.20749,-0.07190698,0.09319198,0.001754002,112.7626,380.8608,-375.4568,382.0106,-385.98,0.01661908,-0.0186481,0.0003626907,-0.2488104,-0.2452801,-0.2495616,-0.2521548,1
3.640632,5.574917,-10.48237,-0.07620326,0.09503612,-7.19385e-05,112.884,380.6392,-375.5648,381.5917,-386.1442,0.01596313,-0.01763197,0.0003759562,-0.2486657,-0.2453507,-0.2492879,-0.252262,1
3.649059,5.582963,-10.47157,-0.07808893,0.09929986,-9.953394e-05,113.0061,380.1909,-376.1034,381.1437,-386.6716,0.01527154,-0.01659115,0.0003668077,-0.2483728,-0.2457025,-0.2489953,-0.2526066,1
3.672206,5.604419,-10.43277,-0.0792902,0.1044447,0.0002429869,113.1287,380.2042,-375.2096,381.2219,-385.7478,0.01457865,-0.01548898,0.0003712417,-0.2483815,-0.2451186,-0.2490463,-0.252003,1
3.780491,5.704842,-10.2642,-0.0811481,0.1100367,0.001060545,113.252,379.8377,-374.4648,380.9005,-384.9909,0.01387576,-0.01432392,0.0003872716,-0.2481421,-0.244632,-0.2488363,-0.2515086,1
3.694024,5.625517,-10.35934,-0.08525016,0.1139846,0.000301744,113.3758,379.2965,-374.7412,380.2123,-385.2568,0.01312219,-0.01313178,0.0003942196,-0.2477885,-0.2448126,-0.2483868,-0.2516823,1
3.955573,5.867441,-10.01312,-0.08591406,0.1217781,0.002207273,113.5002,379.5609,-374.2197,380.6285,-384.6084,0.01235809,-0.01186748,0.0004054705,-0.2479612,-0.2444719,-0.2486587,-0.2512587,1
3.765343,5.692144,-10.24861,-0.09107333,0.1263002,0.0007248875,113.6253,379.2923,-374.1849,380.1324,-384.4567,0.01155358,-0.01055068,0.0004211476,-0.2477857,-0.2444492,-0.2483346,-0.2511595,1
3.707135,5.638695,-10.31855,-0.0954419,0.1331018,0.0001517891,113.7509,379.2787,-374.4708,379.946,-384.4295,0.01070607,-0.009168651,0.000428496,-0.2477769,-0.244636,-0.2482128,-0.2511418,1
3.518694,5.464772,-10.56184,-0.1014223,0.1408066,-0.00129519,113.8771,379.0792,-374.48,379.5978,-384.5179,0.009804278,-0.00771187,0.0004287102,-0.2476466,-0.2446419,-0.2479853,-0.2511996,1
3.767697,5.694882,-10.22606,-0.104642,0.1537823,0.0005664062,114.0039,378.3452,-373.5908,379.3989,-384.9917,0.008852031,-0.006144762,0.0004170659,-0.2471671,-0.2440611,-0.2478554,-0.2515091,1
3.81635,5.740224,-10.13774,-0.1046688,0.1585835,0.001106866,114.1313,378.1174,-372.0648,379.4954,-384.0279,0.007903678,-0.004496848,0.0004307256,-0.2470182,-0.2430641,-0.2479184,-0.2508794,1
3.471363,5.422435,-10.55871,-0.1068815,0.1563131,-0.001560301,114.2593,377.002,-372.217,378.3477,-384.6365,0.006925514,-0.002869822,0.000421366,-0.2462896,-0.2431636,-0.2471686,-0.251277,1
3.746016,5.67703,-10.18526,-0.1023851,0.1575929,0.0006059968,114.3879,376.9069,-371.1782,378.7141,-383.8631,0.005990138,-0.001224131,0.000415169,-0.2462274,-0.242485,-0.247408,-0.2507718,1
3.513087,5.463239,-10.45754,-0.1027388,0.1524585,-0.00101565,114.5171,375.8126,-370.731,377.615,-383.7466,0.005053033,0.0003746741,0.0004062885,-0.2455125,-0.2421928,-0.24669,-0.2506957,1
3.965383,5.882527,-9.83787,-0.09716631,0.1517812,0.002438524,114.6469,375.5505,-369.5546,377.8314,-382.7644,0.004162404,0.001961766,0.0004027364,-0.2453413,-0.2414242,-0.2468314,-0.2500541,1
3.36684,5.331295,-10.58747,-0.1002537,0.1410412,-0.001941326,114.7772,374.8363,-369.11,376.7978,-382.6331,0.00326318,0.003466949,0.0004045144,-0.2448747,-0.2411338,-0.2461561,-0.2499682,1
3.427206,5.388565,-10.48816,-0.09716225,0.1353184,-0.001543846,114.9081,373.9891,-369.2372,376.1263,-382.9268,0.002372887,0.004897296,0.0003701145,-0.2443212,-0.2412169,-0.2457175,-0.2501601,1
3.472034,5.431346,-10.40221,-0.09353894,0.1291984,-0.0008392089,115.0396,373.215,-368.0078,375.5483,-381.8469,0.001521903,0.006270724,0.0003458988,-0.2438156,-0.2404138,-0.2453399,-0.2494546,1
3.984939,5.906853,-9.679978,-0.08745146,0.1257866,0.003200718,115.1717,372.5431,-366.127,375.3099,-380.086,0.0007318105,0.007610374,0.0003445838,-0.2433766,-0.2391851,-0.2451841,-0.2483042,1
3.659724,5.608388,-10.05859,-0.08906406,0.1142354,0.0007734206,115.3043,371.804,-365.564,374.3154,-379.7434,-6.254517e-05,0.00884722,0.0003539469,-0.2428938,-0.2388172,-0.2445344,-0.2480805,1
3.60713,5.561393,-10.11131,-0.08733641,0.1051259,0.00020785,115.4375,371.6088,-365.6229,374.1158,-379.9126,-0.0008470024,0.00998937,0.0003430616,-0.2427663,-0.2388557,-0.244404,-0.248191,1
3.670018,5.620856,-10.01909,-0.08423763,0.09713213,0.0007256778,115.5713,371.1877,-365.3606,373.7959,-379.7301,-0.001603915,0.01104846,0.0003299455,-0.2424912,-0.2386844,-0.244195,-0.2480718,1
3.742865,5.689465,-9.901525,-0.08138032,0.08911054,0.001337884,115.7056,370.701,-364.799,373.3898,-379.2534,-0.002335865,0.01202305,0.0003188087,-0.2421732,-0.2383175,-0.2439298,-0.2477603,1
3.561846,5.523396,-10.11285,-0.08043002,0.07906829,4.501137e-05,115.8405,370.4637,-364.056,373.0557,-378.6103,-0.003043226,0.01291388,0.0003146589,-0.2420182,-0.2378321,-0.2437115,-0.2473402,1
3.676094,5.63006,-9.94091,-0.07753929,0.07128063,0.0008464232,115.976,369.6647,-364.0583,372.3261,-378.6693,-0.003736435,0.01371192,0.0002955921,-0.2414962,-0.2378336,-0.2432349,-0.2473787,1
3.572217,5.53493,-10.0571,-0.07580811,0.06213466,0.0002108886,116.112,369.3853,-363.3639,371.9968,-378.0318,-0.004406215,0.01442477,0.0002842837,-0.2413137,-0.23738,-0.2430197,-0.2469623,1
3.56818,5.531917,-10.03554,-0.07348497,0.05395034,0.0002199248,116.2486,368.9887,-362.6257,371.6057,-377.3362,-0.005045006,0.01506441,0.0002745591,-0.2410546,-0.2368977,-0.2427642,-0.2465079,1
3.679509,5.635487,-9.864841,-0.07085631,0.04657389,0.001066447,116.3857,368.0396,-362.5956,370.6891,-377.3377,-0.005674907,0.01561101,0.0002547887,-0.2404345,-0.2368781,-0.2421654,-0.2465089,1
3.758617,5.708971,-9.739664,-0.06785814,0.03954469,0.001794424,116.5234,368.248,-361.286,370.9564,-376.0361,-0.00625938,0.01610336,0.000258572,-0.2405707,-0.2360225,-0.24234,-0.2456585,1
3.914711,5.853764,-9.510275,-0.06561023,0.03269651,0.002816681,116.6616,367.5594,-361.2499,370.2807,-376.0273,-0.006832155,0.01651436,0.0002564893,-0.2401209,-0.2359989,-0.2418986,-0.2456528,1
3.649098,5.608624,-9.849056,-0.06592147,0.02304804,0.0007897763,116.8004,367.8189,-361.0027,370.3076,-375.8171,-0.007392272,0.01684582,0.000265073,-0.2402904,-0.2358374,-0.2419162,-0.2455155,1
3.791414,5.740176,-9.660947,-0.06312039,0.01711025,0.001646933,116.9398,367.5417,-361.3973,370.073,-376.1938,-0.007940068,0.01710152,0.0002544965,-0.2401093,-0.2360952,-0.241763,-0.2457615,1
3.780773,5.730162,-9.673323,-0.06117207,0.01056076,0.001605445,117.0796,367.6505,-361.0602,370.1472,-375.8494,-0.00846155,0.01729752,0.0002559233,-0.2401804,-0.235875,-0.2418114,-0.2455366,1
3.714458,5.668646,-9.750643,-0.06008309,0.003781151,0.001012431,117.2201,367.5368,-360.9723,369.9321,-375.7705,-0.008968493,0.01742892,0.0002553363,-0.2401061,-0.2358176,-0.2416708,-0.245485,1
3.822404,5.767979,-9.605623,-0.05765981,-0.001226825,0.001733882,117.361,367.295,-361.1285,369.7048,-375.9057,-0.009461734,0.0174985,0.0002480594,-0.2399481,-0.2359197,-0.2415224,-0.2455733,1
3.629037,5.588704,-9.853455,-0.05722627,-0.008087222,0.0003120913,117.5025,367.3219,-360.8692,369.564,-375.6494,-0.009940632,0.01750923,0.0002455147,-0.2399657,-0.2357502,-0.2414304,-0.2454059,1
3.533105,5.49929,-9.96987,-0.05602182,-0.01371061,-0.0004425386,117.6446,367.1552,-360.7136,369.3004,-375.4815,-0.01040019,0.01747185,0.000238679,-0.2398567,-0.2356486,-0.2412582,-0.2452962,1
3.812419,5.756548,-9.595633,-0.05238222,-0.01616552,0.001634954,117.7872,366.5721,-360.7776,368.8445,-375.4984,-0.01084399,0.01738665,0.0002248129,-0.2394758,-0.2356904,-0.2409604,-0.2453072,1
3.770214,5.716597,-9.638382,-0.05100763,-0.02073773,0.001427422,117.9304,366.6664,-359.9763,368.8653,-374.6812,-0.01126462,0.01726389,0.0002272385,-0.2395375,-0.2351669,-0.2409739,-0.2447734,1
3.622743,5.579354,-9.81545,-0.05074889,-0.02596869,0.0002526178,118.0741,366.2593,-359.9476,368.2902,-374.6507,-0.01167889,0.01709263,0.0002206476,-0.2392715,-0.2351482,-0.2405982,-0.2447535,1
3.68875,5.639167,-9.721437,-0.04856649,-0.02899344,0.0007676336,118.2183,365.9655,-359.859,367.995,-374.5192,-0.01207538,0.01688682,0.0002126138,-0.2390795,-0.2350903,-0.2404054,-0.2446676,1
3.590595,5.547236,-9.838678,-0.04772222,-0.03301161,9.336183e-05,118.3631,365.7285,-359.515,367.6413,-374.156,-0.01246101,0.01664217,0.0002067912,-0.2389247,-0.2348655,-0.2401744,-0.2444303,1
3.500799,5.462891,-9.942429,-0.04664647,-0.03650154,-0.0005407197,118.5084,365.3472,-359.2444,367.1627,-373.8579,-0.01283439,0.01636403,0.00019426,-0.2386756,-0.2346888,-0.2398617,-0.2442356,1
3.622135,5.573543,-9.767387,-0.04401129,-0.0379722,0.0004736659,118.6543,364.8276,-358.7952,366.6906,-373.359,-0.01318494,0.0160667,0.0001828419,-0.2383362,-0.2343953,-0.2395533,-0.2439096,1
3.50556,5.464409,-9.898254,-0.04349329,-0.04123155,-0.0002746144,118.8006,364.1152,-358.4795,365.8402,-373.029,-0.01353515,0.01573007,0.0001678694,-0.2378708,-0.2341891,-0.2389977,-0.243694,1
3.530754,5.486037,-9.843414,-0.04128324,-0.04270791,7.228012e-05,118.9476,364.0546,-357.3165,365.7916,-371.8148,-0.01384796,0.01539541,0.0001650191,-0.2378312,-0.2334293,-0.2389659,-0.2429008,1
3.64826,5.593239,-9.663084,-0.03964301,-0.04389328,0.0009676577,119.095,363.0439,-357.2207,364.7653,-371.6927,-0.01415688,0.01503391,0.0001565847,-0.2371709,-0.2333667,-0.2382955,-0.242821,1
3.47644,5.432933,-9.871572,-0.03954381,-0.04686275,-0.0002062361,119.243,362.9412,-356.6273,364.4965,-371.0765,-0.01445809,0.01464961,0.0001551265,-0.2371038,-0.2329791,-0.2381199,-0.2424185,1
3.575596,5.522909,-9.725727,-0.03731355,-0.04730439,0.0005420389,119.3915,362.3868,-356.3191,363.9698,-370.7137,-0.01474406,0.01425316,0.0001427078,-0.2367416,-0.2327777,-0.2377758,-0.2421815,1
3.50245,5.453686,-9.802379,-0.03646015,-0.04890255,0.000155092,119.5406,361.9135,-355.7487,363.4084,-370.1143,-0.01501452,0.01384705,0.0001394197,-0.2364324,-0.2324051,-0.2374091,-0.2417899,1
3.756042,5.686399,-9.450117,-0.03349072,-0.0478345,0.002077748,119.6901,361.5596,-355.1015,363.1691,-369.4094,-0.01526229,0.01344352,0.0001397593,-0.2362012,-0.2319823,-0.2372527,-0.2413294,1
3.767131,5.695169,-9.419001,-0.03278062,-0.04880244,0.002169148,119.8402,361.322,-354.6553,362.855,-368.9419,-0.01550097,0.01303091,0.0001492997,-0.236046,-0.2316908,-0.2370476,-0.241024,1
3.606783,5.545474,-9.62026,-0.03316639,-0.05087428,0.0008812054,119.9908,361.3491,-354.5224,362.7065,-368.7936,-0.0157341,0.01260794,0.0001592439,-0.2360638,-0.231604,-0.2369505,-0.2409271,1
3.640044,5.574604,-9.577312,-0.03198045,-0.05113347,0.001016897,120.142,361.1236,-354.8262,362.4454,-369.0547,-0.0159627,0.01217466,0.0001593689,-0.2359164,-0.2318024,-0.23678,-0.2410977,1
3.799937,5.72067,-9.369655,-0.02968049,-0.05004895,0.002205392,120.2936,361.2324,-354.5268,362.6243,-368.7006,-0.01617087,0.01174852,0.0001668718,-0.2359875,-0.2316068,-0.2368968,-0.2408664,1
3.51899,5.459516,-9.732552,-0.03103135,-0.05248158,4.742068e-05,120.4458,361.1841,-354.5023,362.3284,-368.6844,-0.01638115,0.01130935,0.0001746808,-0.2359559,-0.2315909,-0.2367035,-0.2408558,1
3.646003,5.575177,-9.567711,-0.0289415,-0.05129283,0.0008969878,120.5984,360.8507,-354.8497,362.0479,-368.9782,-0.01658554,0.01086667,0.000164991,-0.2357381,-0.2318178,-0.2365202,-0.2410477,1
3.910721,5.818065,-9.218918,-0.02575227,-0.04879287,0.002976248,120.7516,361.0105,-354.0744,362.3706,-368.1428,-0.01675482,0.01045109,0.0001758578,-0.2358426,-0.2313113,-0.2367311,-0.2405019,1
3.738773,5.65781,-9.432386,-0.02692977,-0.05029419,0.001583531,120.9053,360.9963,-353.9113,362.1518,-367.9991,-0.01692458,0.01003135,0.0001943069,-0.2358333,-0.2312048,-0.2365881,-0.2404081,1
3.599851,5.527956,-9.620279,-0.02738116,-0.05127963,0.0003364695,121.0596,360.9014,-354.6477,361.8998,-368.7203,-0.01710698,0.009594231,0.0001928884,-0.2357713,-0.2316858,-0.2364235,-0.2408793,1
3.486667,5.421629,-9.779785,-0.02663239,-0.05134787,-0.0004868623,121.2143,361.1067,-354.6115,362.0424,-368.6441,-0.01727439,0.009164981,0.0001910926,-0.2359054,-0.2316622,-0.2365167,-0.2408295,1
3.843962,5.750156,-9.309568,-0.02297459,-0.04777297,0.002173456,121.3696,360.5587,-354.6412,361.7104,-368.6123,-0.01742755,0.008746117,0.0001797621,-0.2355474,-0.2316816,-0.2362997,-0.2408087,1
3.410306,5.347929,-9.865767,-0.02512721,-0.05040537,-0.0008952905,121.5254,360.7568,-353.8413,361.6065,-367.8391,-0.01757182,0.008332741,0.0001897904,-0.2356768,-0.231159,-0.2362319,-0.2403035,1
3.296171,5.240972,-10.00363,-0.02502374,-0.05052836,-0.001861002,121.6817,359.8688,-354.4431,360.6126,-368.4257,-0.01772987,0.007903649,0.0001648818,-0.2350967,-0.2315522,-0.2355826,-0.2406868,1
3.790706,5.69622,-9.349812,-0.01953379,-0.04527985,0.00209348,121.8385,359.6277,-353.5036,360.7422,-367.3854,-0.01784492,0.007513969,0.000153916,-0.2349392,-0.2309384,-0.2356672,-0.2400071,1
3.791169,5.695436,-9.319854,-0.0192447,-0.04473094,0.002237764,121.9958,359.4613,-352.2537,360.5208,-366.1449,-0.01793993,0.007145545,0.0001715187,-0.2348305,-0.2301218,-0.2355226,-0.2391967,1
3.785264,5.688944,-9.311804,-0.01951433,-0.04466061,0.001989185,122.1536,359.256,-352.4066,360.2142,-366.2984,-0.0180403,0.006775779,0.0001825118,-0.2346964,-0.2302217,-0.2353224,-0.239297,1
3.476222,5.402201,-9.72435,-0.02124651,-0.04665226,-0.0004278789,122.312,359.2403,-353.0374,359.9428,-366.9282,-0.01815759,0.006387267,0.0001822264,-0.2346861,-0.2306339,-0.235145,-0.2397085,1
3.55858,5.47683,-9.626251,-0.01907225,-0.04478051,0.0001773504,122.4708,359.3412,-352.9846,360.1286,-366.8128,-0.01825613,0.006015035,0.0001735297,-0.234752,-0.2305993,-0.2352664,-0.2396331,1
3.627683,5.539415,-9.529608,-0.01762566,-0.04318924,0.0007890664,122.6302,359.0342,-352.6294,359.8633,-366.432,-0.01833817,0.005659427,0.0001721038,-0.2345515,-0.2303673,-0.2350931,-0.2393843,1
3.749815,5.651165,-9.358486,-0.01625367,-0.04143203,0.001705982,122.7901,358.7322,-352.4128,359.6057,-366.1943,-0.01841498,0.005311615,0.0001705486,-0.2343542,-0.2302258,-0.2349248,-0.239229,1
3.773888,5.672327,-9.320216,-0.0154459,-0.04042173,0.001898479,122.9505,359.0194,-351.7748,359.8898,-365.5371,-0.01847056,0.004988179,0.0001844834,-0.2345418,-0.229809,-0.2351104,-0.2387997,1
3.651906,5.558753,-9.476652,-0.01638988,-0.04099042,0.0008230699,123.1114,358.7509,-352.2804,359.4698,-366.0522,-0.0185382,0.004656093,0.0001891802,-0.2343664,-0.2301393,-0.234836,-0.2391362,1
3.752219,5.650378,-9.356524,-0.01484798,-0.03934478,0.001494795,123.2728,359.0099,-352.4419,359.7852,-366.169,-0.0185971,0.004334027,0.0001906022,-0.2345356,-0.2302448,-0.2350421,-0.2392125,1
3.52818,5.442361,-9.654552,-0.01575094,-0.04020533,-0.0001933533,123.4347,358.9252,-352.6252,359.5404,-366.3544,-0.01866072,0.004007119,0.0001868292,-0.2344803,-0.2303646,-0.2348821,-0.2393337,1
3.559168,5.46989,-9.614292,-0.01431811,-0.03870852,6.354533e-05,123.5971,358.8376,-352.5078,359.4991,-366.2015,-0.01870895,0.003697095,0.0001782153,-0.234423,-0.2302878,-0.2348552,-0.2392338,1
3.844991,5.733081,-9.233273,-0.01157075,-0.03548806,0.002265013,123.76,358.7336,-351.9805,359.5792,-365.6345,-0.01873128,0.003416882,0.0001833883,-0.2343551,-0.2299434,-0.2349075,-0.2388633,1
3.572102,5.480306,-9.58188,-0.01370895,-0.03722338,0.0001712704,123.9234,358.41,-352.265,359.0061,-365.954,-0.01877747,0.003115491,0.0001824055,-0.2341437,-0.2301293,-0.2345331,-0.239072,1
3.755092,5.648413,-9.346709,-0.01111143,-0.03461679,0.00151504,124.0874,358.8925,-351.7727,359.6462,-365.4001,-0.01879115,0.002849244,0.0001850378,-0.2344589,-0.2298076,-0.2349513,-0.2387102,1
3.736082,5.630277,-9.367913,-0.01132523,-0.03432789,0.001325294,124.2518,358.3389,-352.2082,359.0228,-365.8428,-0.01881381,0.002576673,0.000185184,-0.2340972,-0.2300921,-0.234544,-0.2389994,1
3.459883,5.374315,-9.733194,-0.01257123,-0.03564151,-0.0007410296,124.4167,358.6398,-352.2058,359.1412,-365.8411,-0.01884153,0.002299943,0.0001828018,-0.2342938,-0.2300906,-0.2346214,-0.2389983,1
3.710003,5.604598,-9.408045,-0.009617543,-0.03253556,0.001111998,124.5822,358.3436,-352.2171,359.0392,-365.7939,-0.01885198,0.002041343,0.0001675175,-0.2341003,-0.2300979,-0.2345547,-0.2389675,1
3.546172,5.452588,-9.61289,-0.01015925,-0.03293439,6.466667e-05,124.7482,358.1861,-351.7347,358.7754,-365.3196,-0.01885345,0.001793149,0.0001690036,-0.2339974,-0.2297828,-0.2343824,-0.2386576,1
3.741959,5.632957,-9.346395,-0.008318761,-0.03067542,0.001473357,124.9146,357.992,-351.5539,358.6949,-365.1082,-0.01884576,0.001558169,0.0001650339,-0.2338706,-0.2296647,-0.2343298,-0.2385195,1
3.700255,5.593976,-9.396934,-0.008313643,-0.03044775,0.001192773,125.0816,357.9417,-351.3896,358.5943,-364.938,-0.01883503,0.001328113,0.0001679606,-0.2338377,-0.2295574,-0.2342641,-0.2384083,1
3.553041,5.457495,-9.587438,-0.008929515,-0.0309838,4.703159e-05,125.2491,357.8194,-351.5625,358.3612,-365.1078,-0.0188298,0.001093755,0.0001623026,-0.2337579,-0.2296703,-0.2341118,-0.2385193,1
3.8228,5.706214,-9.235767,-0.006098695,-0.02798544,0.002085429,125.417,357.9105,-351.2399,358.6523,-364.7291,-0.01879876,0.0008871796,0.0001622552,-0.2338174,-0.2294596,-0.234302,-0.2382718,1
3.482147,5.391206,-9.675812,-0.008614331,-0.03030786,-0.0004535549,125.5855,357.7368,-351.3609,358.2124,-364.8876,-0.01878264,0.0006672223,0.0001655559,-0.2337039,-0.2295386,-0.2340146,-0.2383754,1
3.589898,5.490296,-9.538555,-0.006969908,-0.02862459,0.0002764977,125.7545,357.4611,-351.7857,358.0225,-365.2668,-0.01876988,0.000443991,0.0001439778,-0.2335238,-0.2298162,-0.2338905,-0.2386231,1
3.59234,5.492031,-9.531805,-0.005668661,-0.02746898,0.0005305696,125.924,357.5221,-350.9536,358.1418,-364.403,-0.01872873,0.0002483705,0.0001412063,-0.2335636,-0.2292725,-0.2339685,-0.2380588,1
3.807708,5.69087,-9.231791,-0.004060823,-0.02530348,0.002136922,126.094,357.0691,-350.6651,357.8034,-364.0984,-0.01867803,6.665631e-05,0.000140962,-0.2332677,-0.2290841,-0.2337474,-0.2378598,1
3.767347,5.653504,-9.278393,-0.004439927,-0.02539543,0.001822251,126.2645,357.2006,-350.4677,357.8694,-363.9019,-0.01862793,-0.0001126015,0.0001503273,-0.2333536,-0.228955,-0.2337905,-0.2377314,1
3.466989,5.375838,-9.674246,-0.006383001,-0.02741021,-0.0005338743,126.4355,357.3079,-350.7959,357.7603,-364.2417,-0.01858875,-0.000302036,0.0001501094,-0.2334237,-0.2291695,-0.2337192,-0.2379534,1
3.48461,5.391819,-9.659756,-0.00536417,-0.02651076,-0.0004277152,126.607,356.8651,-351.4588,357.3522,-364.8652,-0.01855574,-0.0004995705,0.0001270326,-0.2331344,-0.2296026,-0.2334526,-0.2383608,1
3.911609,5.786003,-9.09889,-0.0009854545,-0.02204589,0.002982274,126.779,357.1085,-350.3428,357.9434,-363.673,-0.01847722,-0.0006511876,0.0001282789,-0.2332934,-0.2288735,-0.2338389,-0.2375819,1
3.625106,5.52147,-9.453955,-0.003686658,-0.02427535,0.000832131,126.9515,356.8317,-350.1207,357.4131,-363.5067,-0.01841124,-0.0008113581,0.0001396832,-0.2331126,-0.2287284,-0.2334924,-0.2374732,1
3.707603,5.597689,-9.34858,-0.00290282,-0.02333081,0.001281049,127.1245,356.932,-350.5133,357.5513,-363.8683,-0.01834624,-0.0009694125,0.0001376027,-0.2331781,-0.2289849,-0.2335827,-0.2377095,1
3.591957,5.490789,-9.509381,-0.003308324,-0.02382066,0.0004260179,127.298,356.7538,-350.9535,357.2956,-364.2961,-0.01829165,-0.001139979,0.000128127,-0.2330617,-0.2292725,-0.2334156,-0.2379889,1
4.0459,5.910058,-8.917812,0.0009564054,-0.01940142,0.003869365,127.4719,357.2891,-350.0674,358.1824,-363.3324,-0.0181914,-0.001262719,0.0001370537,-0.2334114,-0.2286936,-0.233995,-0.2373594,1
3.457456,5.366708,-9.680052,-0.004228469,-0.02428159,-0.0006095209,127.6464,356.8947,-350.7048,357.3155,-364.0563,-0.01812933,-0.001421523,0.00014409,-0.2331537,-0.22911,-0.2334287,-0.2378324,1
3.783607,5.667923,-9.268473,-0.0008710037,-0.02098133,0.001684845,127.8214,357.32,-350.9531,358.0009,-364.2213,-0.01804926,-0.001560901,0.0001349049,-0.2334316,-0.2292722,-0.2338764,-0.2379401,1
3.813293,5.69545,-9.235413,-0.0004163705,-0.02036494,0.001987003,127.9969,357.256,-350.8663,357.9565,-364.1239,-0.01796207,-0.001693671,0.0001387599,-0.2333898,-0.2292155,-0.2338474,-0.2378765,1
3.470043,5.378428,-9.683254,-0.002765443,-0.02271722,-0.0006258991,128.1729,357.5817,-350.8372,358.0517,-364.1215,-0.01787981,-0.001829261,0.0001449149,-0.2336025,-0.2291965,-0.2339096,-0.2378749,1
3.79124,5.675297,-9.271538,-6.405645e-05,-0.0197656,0.001642194,128.3494,357.2165,-351.5228,357.9028,-364.751,-0.01779694,-0.00196314,0.0001289934,-0.233364,-0.2296444,-0.2338123,-0.2382862,1
3.745289,5.632923,-9.335877,0.0001640683,-0.01958316,0.001463883,128.5264,357.5966,-350.9561,358.2791,-364.1709,-0.01769947,-0.002082998,0.0001357741,-0.2336123,-0.2292741,-0.2340582,-0.2379072,1
3.684497,5.577003,-9.41053,-0.000304775,-0.01982085,0.0009033346,128.7039,357.5273,-351.0655,358.1558,-364.2841,-0.01760437,-0.002202689,0.0001353072,-0.233567,-0.2293456,-0.2339776,-0.2379811,1
3.702864,5.594181,-9.391884,5.963426e-05,-0.01938403,0.001013813,128.8819,357.4179,-351.4492,358.058,-364.6478,-0.01751235,-0.002324847,0.0001292155,-0.2334956,-0.2295963,-0.2339137,-0.2382187,1
3.650023,5.54551,-9.465138,0.0002038119,-0.0193249,0.00066521,129.0604,357.7335,-351.1767,358.3644,-364.3581,-0.01740981,-0.002436441,0.0001314638,-0.2337018,-0.2294182,-0.2341139,-0.2380295,1
3.992386,5.862153,-9.0177,0.00269566,-0.01642735,0.003138565,129.2394,357.5297,-351.3483,358.3756,-364.4875,-0.01729989,-0.002538611,0.0001279341,-0.2335686,-0.2295304,-0.2341212,-0.2381141,1
3.832711,5.71498,-9.229456,0.001431036,-0.01760621,0.001971042,129.4189,358.1037,-350.9965,358.8323,-364.1476,-0.01718271,-0.002631525,0.0001471103,-0.2339436,-0.2293006,-0.2344196,-0.237892,1
3.554401,5.45824,-9.602027,-0.000930158,-0.01989079,-0.0003506654,129.5989,358.1383,-351.9125,358.6481,-365.0847,-0.01708827,-0.002745442,0.0001463578,-0.2339662,-0.229899,-0.2342992,-0.2385041,1
3.746375,5.635745,-9.372582,0.001226356,-0.01785742,0.001038434,129.7794,358.2863,-352.4575,358.9625,-365.5686,-0.01698765,-0.002854731,0.000134274,-0.2340629,-0.230255,-0.2345046,-0.2388203,1
3.557518,5.461441,-9.625138,0.0004518197,-0.01878355,-0.0002483802,129.9605,358.2073,-352.4315,358.7918,-365.5435,-0.01689121,-0.002971001,0.0001230281,-0.2340113,-0.230238,-0.2343931,-0.2388038,1
3.685617,5.579957,-9.451445,0.002240364,-0.01700475,0.0007998809,130.142,358.0345,-352.0749,358.7583,-365.1496,-0.016778,-0.003070175,0.0001083799,-0.2338984,-0.2300051,-0.2343712,-0.2385466,1
3.563875,5.467843,-9.596943,0.001583496,-0.01760458,4.893346e-05,130.324,357.687,-351.7217,358.342,-364.8049,-0.01666189,-0.003165635,0.0001035071,-0.2336714,-0.2297743,-0.2340992,-0.2383213,1
3.904599,5.783092,-9.140726,0.004183663,-0.01471115,0.002600558,130.5065,357.6064,-351.3398,358.4892,-364.3763,-0.01653081,-0.003243484,0.0001014993,-0.2336187,-0.2295248,-0.2341954,-0.2380414,1
3.420316,5.336189,-9.767925,0.0003817907,-0.01864619,-0.000977822,130.6896,357.4767,-351.465,358.0105,-364.5486,-0.01642363,-0.003346296,0.0001009621,-0.233534,-0.2296066,-0.2338827,-0.2381539,1
3.403671,5.321045,-9.791643,0.001188724,-0.01820116,-0.001121162,130.8731,357.1321,-351.8801,357.7049,-364.9187,-0.01632006,-0.003455313,7.318062e-05,-0.2333089,-0.2298778,-0.233683,-0.2383957,1
3.937697,5.814723,-9.08616,0.00611646,-0.01324252,0.003139986,131.0572,356.886,-350.9531,357.8815,-363.9041,-0.01617621,-0.003525472,6.412533e-05,-0.2331481,-0.2292722,-0.2337984,-0.2377329,1
3.787912,5.677069,-9.256385,0.00434585,-0.01463397,0.002130429,131.2417,356.8333,-350.0883,357.6863,-363.0773,-0.01603201,-0.003592093,8.115292e-05,-0.2331136,-0.2287073,-0.2336709,-0.2371927,1
3.847234,5.732592,-9.173559,0.004184817,-0.01451642,0.002349106,131.4268,356.9029,-350.4247,357.7499,-363.4005,-0.01589488,-0.003661787,8.730119e-05,-0.2331591,-0.228927,-0.2337124,-0.2374039,1
3.696298,5.593714,-9.384911,0.00295966,-0.01586981,0.001140642,131.6123,357.1821,-350.9108,357.9157,-363.8777,-0.01576562,-0.003739987,9.445797e-05,-0.2333415,-0.2292446,-0.2338208,-0.2377156,1
3.409365,5.329038,-9.774534,0.001180762,-0.01793519,-0.001089753,131.7983,357.2742,-351.5673,357.8344,-364.5316,-0.01565349,-0.003837753,8.512969e-05,-0.2334017,-0.2296734,-0.2337677,-0.2381428,1
3.771719,5.664104,-9.310489,0.004830165,-0.01434544,0.001676449,131.9849,357.2602,-351.4619,358.1314,-364.3465,-0.01551755,-0.003913024,7.130631e-05,-0.2333925,-0.2296046,-0.2339617,-0.2380219,1
3.654211,5.556103,-9.454792,0.003956336,-0.01504408,0.0009568845,132.172,356.981,-351.1261,357.7787,-364.0243,-0.01538385,-0.00399039,7.005092e-05,-0.2332101,-0.2293852,-0.2337313,-0.2378114,1
3.464638,5.381461,-9.693371,0.002814953,-0.01623041,-0.0004465863,132.3595,356.9069,-351.0004,357.598,-363.9008,-0.01525475,-0.004071098,6.225878e-05,-0.2331617,-0.2293031,-0.2336132,-0.2377307,1
3.701048,5.60039,-9.3796,0.004974651,-0.0139979,0.001379069,132.5475,356.4873,-350.9786,357.3649,-363.8289,-0.01511666,-0.00414273,4.830429e-05,-0.2328876,-0.2292888,-0.2334609,-0.2376837,1
3.430388,5.350893,-9.722493,0.003208342,-0.01589397,-0.0004648417,132.7361,356.4493,-350.4436,357.1658,-363.3082,-0.01497953,-0.00421595,4.869416e-05,-0.2328628,-0.2289393,-0.2333308,-0.2373435,1
3.899879,5.785299,-9.098436,0.006759804,-0.01200001,0.002990352,132.9252,355.938,-350.455,356.9737,-363.2518,-0.01483431,-0.004279504,3.326166e-05,-0.2325287,-0.2289468,-0.2332053,-0.2373067,1
3.615243,5.522983,-9.46127,0.004703222,-0.01416846,0.001066296,133.1147,356.2799,-349.5897,357.1378,-362.4053,-0.01467929,-0.004332885,5.027473e-05,-0.2327521,-0.2283815,-0.2333125,-0.2367537,1
3.635012,5.542037,-9.42863,0.004338595,-0.01424503,0.001000168,133.3047,356.0203,-350.0998,356.8594,-362.9056,-0.01453617,-0.004394832,4.853031e-05,-0.2325825,-0.2287147,-0.2331307,-0.2370806,1
3.820524,5.714087,-9.196916,0.005765127,-0.01275505,0.002382058,133.4953,356.0183,-350.4221,356.9856,-363.1796,-0.01439486,-0.004459433,4.443721e-05,-0.2325812,-0.2289253,-0.2332131,-0.2372596,1
3.818975,5.713263,-9.201889,0.005960569,-0.01255145,0.002409363,133.6863,356.5233,-349.866,357.5161,-362.6025,-0.01423813,-0.004508124,5.614256e-05,-0.2329111,-0.228562,-0.2335597,-0.2368826,1
3.811841,5.707469,-9.211231,0.005338077,-0.01280555,0.002205615,133.8779,356.5103,-350.2166,357.4719,-362.9532,-0.01408506,-0.004556667,6.572087e-05,-0.2329026,-0.2287911,-0.2335308,-0.2371117,1
3.552357,5.468432,-9.563894,0.003138346,-0.01498372,0.0001576433,134.0699,356.6224,-351.0107,357.3961,-363.7564,-0.01395614,-0.004628835,6.508618e-05,-0.2329759,-0.2293098,-0.2334813,-0.2376364,1
4.014534,5.895925,-8.976198,0.00717488,-0.0108422,0.003561894,134.2624,357.0787,-350.864,358.2167,-363.5206,-0.01379982,-0.004672921,6.385143e-05,-0.233274,-0.229214,-0.2340174,-0.2374823,1
3.701066,5.607079,-9.38702,0.004344733,-0.01343029,0.001245062,134.4555,357.1906,-350.8622,358.1015,-363.5599,-0.01365226,-0.004723922,7.849035e-05,-0.2333471,-0.2292129,-0.2339421,-0.237508,1
3.507388,5.428778,-9.648797,0.002817353,-0.01488865,-0.0003831328,134.649,357.1208,-351.7712,357.903,-364.4686,-0.01352831,-0.004796799,6.665612e-05,-0.2333015,-0.2298067,-0.2338124,-0.2381017,1
3.610476,5.524414,-9.527497,0.004543708,-0.01337659,0.0004988063,134.843,357.186,-351.7559,358.1134,-364.397,-0.01339151,-0.004858804,5.216525e-05,-0.2333441,-0.2297966,-0.2339499,-0.2380549,1
3.733307,5.638497,-9.358345,0.005737808,-0.01196588,0.001564888,135.0376,357.0097,-351.192,358.0563,-363.8102,-0.01323995,-0.004904917,4.879673e-05,-0.2332289,-0.2294283,-0.2339126,-0.2376716,1
3.741468,5.646825,-9.334734,0.005437844,-0.01190168,0.001653714,135.2326,356.8046,-350.9844,357.8463,-363.6038,-0.01309103,-0.004950358,4.939478e-05,-0.2330949,-0.2292927,-0.2337754,-0.2375367,1
3.778604,5.681891,-9.283121,0.005523321,-0.01163219,0.001908664,135.4282,356.9163,-350.8773,357.9825,-363.479,-0.01293978,-0.004990915,5.327837e-05,-0.2331678,-0.2292227,-0.2338644,-0.2374552,1
3.91063,5.80467,-9.11305,0.006144157,-0.01073734,0.002825111,135.6242,357.0383,-350.9588,358.1819,-363.535,-0.01278567,-0.005026255,6.030372e-05,-0.2332476,-0.2292759,-0.2339947,-0.2374917,1
3.872372,5.770133,-9.170813,0.005394093,-0.01127138,0.002443355,135.8207,357.6151,-350.9408,358.7196,-363.5114,-0.01262728,-0.005054178,8.035952e-05,-0.2336244,-0.2292642,-0.2343459,-0.2374763,1
3.755456,5.662951,-9.339827,0.003807574,-0.01258974,0.001318863,136.0178,357.6476,-352.0656,358.6349,-364.64,-0.01249622,-0.005107687,8.07594e-05,-0.2336456,-0.229999,-0.2342906,-0.2382137,1
3.748119,5.656666,-9.374005,0.004296065,-0.01227765,0.001234087,136.2153,358.2107,-352.3592,359.2456,-364.892,-0.0123596,-0.005156599,7.873045e-05,-0.2340135,-0.2301908,-0.2346895,-0.2383782,1
3.67467,-0.4106129,-14.4787,0.003940098,-0.01254289,0.0006914584,136.4134,358.1549,-352.4763,359.1724,-365.0017,-0.01222212,-0.005204136,7.515104e-05,-0.233977,-0.2302673,-0.2346418,-0.2384499,1
3.510767,-0.5614614,-14.67315,0.002889547,-0.01353845,-0.000501294,136.6119,355.884,-350.6312,356.7797,-363.1963,-0.01209563,-0.005261903,6.353582e-05,-0.2324935,-0.2290619,-0.2330786,-0.2372705,1
3.513665,-0.5584252,-14.46913,0.00384067,-0.01299269,-0.0003717639,136.811,348.1038,-342.9179,348.9423,-355.562,-0.01196616,-0.005319452,4.336367e-05,-0.2274108,-0.2240229,-0.2279586,-0.2322831,1
3.651771,-0.430634,-13.90293,0.006846257,-0.01159544,0.0008556196,137.0106,338.2385,-332.7126,339.1495,-345.3662,-0.0118101,-0.00536308,2.988092e-05,-0.220966,-0.217356,-0.2215611,-0.2256224,1
3.808962,-0.2850846,-13.28571,0.01031935,-0.01072937,0.002147582,137.2106,328.3833,-322.8424,329.3965,-335.4288,-0.01162658,-0.005403932,2.325565e-05,-0.2145277,-0.2109079,-0.2151896,-0.2191304,1
3.717622,-0.3690652,-13.01578,0.01212757,-0.01212211,0.001523797,137.411,319.7106,-313.3535,320.6832,-325.8483,-0.01140816,-0.005439727,3.377906e-05,-0.2088619,-0.204709,-0.2094973,-0.2128716,1
3.667878,-0.4144073,-12.72647,0.01364294,-0.0135342,0.001003313,137.6118,311.0825,-305.7692,312.0078,-318.1547,-0.01118397,-0.005500038,2.83095e-05,-0.2032253,-0.1997543,-0.2038298,-0.2078455,1
3.934587,-0.1674625,-12.06152,0.01805709,-0.01192233,0.003013158,137.8129,303.8234,-297.9371,304.9741,-310.1507,-0.01091941,-0.005548787,3.179418e-05,-0.1984831,-0.1946377,-0.1992348,-0.2026166,1
3.731896,-0.3539438,-12.0257,0.01791853,-0.01432295,0.001450922,138.0143,296.7443,-291.0588,297.751,-303.1841,-0.01064793,-0.005615047,3.807881e-05,-0.1938584,-0.1901442,-0.1945161,-0.1980654,1
3.596526,-0.4783127,-11.93172,0.01860199,-0.01575834,0.0003496513,138.216,290.4911,-284.8118,291.4368,-296.8189,-0.01036098,-0.005685726,3.934161e-05,-0.1897733,-0.1860631,-0.1903911,-0.1939072,1
3.867747,-0.2269114,-11.329,0.02188645,-0.01391217,0.002315068,138.418,284.3038,-279.1864,285.4448,-291.0436,-0.01005698,-0.005756157,3.44756e-05,-0.1857313,-0.1823881,-0.1864766,-0.1901343,1
3.693026,-0.3874793,-11.32403,0.02164968,-0.01546721,0.00106003,138.6202,279.1189,-273.3668,280.1584,-285.1316,-0.009741278,-0.005828628,4.395902e-05,-0.182344,-0.1785863,-0.1830232,-0.1862721,1
3.789981,-0.2969754,-10.98117,0.02311033,-0.01479625,0.001639586,138.8225,273.6757,-268.8308,274.7795,-280.4766,-0.009426042,-0.005911177,3.274214e-05,-0.1787881,-0.175623,-0.1795092,-0.183231,1
3.624195,-0.4493224,-11.00092,0.02308564,-0.01574929,0.0005262197,139.0251,269.3513,-263.9722,270.2639,-275.0717,-0.009091552,-0.005982692,3.828009e-05,-0.175963,-0.1724489,-0.1765592,-0.1797,1
3.653834,-0.4210266,-10.77335,0.02176001,-0.01249705,0.0006514975,139.2278,264.165,-259.0406,265.6672,-272.2545,-0.008781603,-0.00604465,2.410119e-05,-0.1725749,-0.1692272,-0.1735562,-0.1778596,1
3.832084,-0.2552433,-10.36844,0.02895194,-0.01704132,0.002130374,139.4306,260.3866,-253.8303,262.4633,-267.7527,-0.008409936,-0.00611346,3.101149e-05,-0.1701065,-0.1658234,-0.1714632,-0.1749187,1
3.419518,-0.6348037,-10.73839,0.03387419,-0.03299215,-0.0009858953,139.6335,255.8754,-250.6408,257.945,-264.7767,-0.007992975,-0.006329804,2.316862e-05,-0.1671594,-0.1637398,-0.1685115,-0.1729745,1
3.83282,-0.2514319,-10.05486,0.0463182,-0.04398685,0.002192672,139.8365,252.464,-246.9592,255.0651,-260.9647,-0.007465516,-0.006665033,1.105913e-05,-0.1649308,-0.1613346,-0.1666301,-0.1704842,1
3.83085,-0.2514689,-9.910185,0.05376093,-0.05972369,0.002381029,140.0397,249.2268,-243.0652,251.9214,-256.9577,-0.006845896,-0.007140686,2.706776e-05,-0.162816,-0.1587907,-0.1645763,-0.1678665,1
3.802299,-0.2760938,-9.814445,0.05960678,-0.07625121,0.002047164,140.2428,246.1928,-240.5266,248.8502,-254.2692,-0.006171264,-0.007785941,3.599002e-05,-0.1608339,-0.1571322,-0.16257,-0.1661101,1
3.953568,-0.1349771,-9.514395,0.06689856,-0.09078945,0.003128377,140.4461,244.1953,-237.793,246.9481,-251.3025,-0.00541564,-0.008568344,5.848112e-05,-0.159529,-0.1553465,-0.1613274,-0.164172,1
3.669893,-0.3958935,-9.793814,0.0696869,-0.1086763,0.0008335388,140.6494,241.604,-236.5544,244.0715,-249.8732,-0.004637502,-0.009538423,6.44848e-05,-0.1578361,-0.1545373,-0.1594481,-0.1632383,1
3.687718,-0.3789344,-9.699162,0.07591525,-0.1224834,0.0009493711,140.8527,239.9533,-234.6345,242.4332,-247.656,-0.003796698,-0.0106467,6.285591e-05,-0.1567578,-0.1532831,-0.1583778,-0.1617898,1
3.850467,-0.2282751,-9.406668,0.08219624,-0.1345008,0.002225964,141.056,237.7897,-232.6664,240.3269,-245.3927,-0.002894466,-0.01188042,6.434864e-05,-0.1553443,-0.1519974,-0.1570018,-0.1603112,1
3.638785,-0.4238017,-9.603651,0.0848463,-0.1488692,0.000690482,141.2594,236.1107,-230.7689,238.4095,-243.2377,-0.001951657,-0.01324555,7.51255e-05,-0.1542475,-0.1507577,-0.1557492,-0.1589034,1
3.657715,-0.4066038,-9.51363,0.08897753,-0.1604557,0.0007300792,141.4627,234.2046,-229.7429,236.4084,-241.901,-0.0009806766,-0.01474265,6.416783e-05,-0.1530022,-0.1500874,-0.1544419,-0.1580302,1
3.49846,-0.5544848,-9.664153,0.09218176,-0.1720533,-0.000305744,141.6661,232.7571,-228.0957,234.7907,-239.9339,3.310022e-05,-0.0163468,5.657374e-05,-0.1520566,-0.1490113,-0.1533851,-0.156745,1
3.821401,-0.2570254,-9.17759,0.09816091,-0.1789774,0.002165465,141.8694,230.8982,-226.6399,233.0455,-238.1168,0.001091997,-0.01803937,4.150992e-05,-0.1508422,-0.1480603,-0.152245,-0.155558,1
3.682796,-0.3861886,-9.296747,0.1000905,-0.1887767,0.00129928,142.0728,229.7373,-224.7637,231.6653,-235.9317,0.002187677,-0.01981479,4.656204e-05,-0.1500838,-0.1468346,-0.1513434,-0.1541305,1
3.845371,-0.2372417,-9.031719,0.1035489,-0.1954412,0.002392707,142.2761,228.4449,-223.8292,230.3192,-234.6501,0.003310278,-0.02166749,4.143572e-05,-0.1492395,-0.1462241,-0.150464,-0.1532933,1
3.74322,-0.3331358,-9.130678,0.1049152,-0.2031797,0.001624063,142.4794,227.7302,-222.9001,229.382,-233.3879,0.004456883,-0.02358939,4.550705e-05,-0.1487726,-0.1456172,-0.1498517,-0.1524687,1
3.896504,-0.1932142,-8.904833,0.1077651,-0.2079013,0.002600582,142.6827,226.8343,-222.6385,228.4203,-232.7628,0.005617551,-0.02557718,3.416838e-05,-0.1481873,-0.1454463,-0.1492234,-0.1520604,1
3.917712,-0.1755848,-8.860487,0.1097713,-0.2123923,0.002753112,142.8859,226.8414,-221.5524,228.3109,-231.3185,0.006816933,-0.02759269,4.330234e-05,-0.1481919,-0.1447367,-0.149152,-0.1511167,1
4.069932,-0.03684798,-8.647196,0.1113144,-0.2154633,0.003601408,143.0891,226.1535,-221.8435,227.5094,-231.2687,0.008018216,-0.0296574,3.932565e-05,-0.1477426,-0.1449269,-0.1486284,-0.1510843,1
3.719724,-0.3626497,-9.1113,0.1097566,-0.2211203,0.000853501,143.2922,226.2941,-222.0091,227.2579,-231.1152,0.009214331,-0.0317701,3.171874e-05,-0.1478344,-0.1450351,-0.1484641,-0.150984,1
3.621048,-0.4563304,-9.248068,0.1105497,-0.2232766,-3.212929e-05,143.4953,225.9437,-222.402,226.7352,-231.149,0.01041592,-0.03390922,-1.720425e-06,-0.1476055,-0.1452918,-0.1481226,-0.1510061,1
3.848002,-0.2492289,-8.950024,0.1136189,-0.2217252,0.001772017,143.6984,225.5042,-221.9995,226.3556,-230.3683,0.01164446,-0.03604028,-3.140298e-05,-0.1473184,-0.1450288,-0.1478746,-0.150496,1
3.859376,-0.2411705,-8.919723,0.1139969,-0.2214487,0.001921936,143.9015,225.2568,-221.2729,225.9701,-229.3241,0.0128847,-0.03816395,-4.790383e-05,-0.1471567,-0.1445542,-0.1476227,-0.1498139,1
3.77994,-0.3169899,-9.015636,0.1132542,-0.2212894,0.001219735,144.1044,224.7953,-221.499,225.2884,-229.2421,0.01411244,-0.04029425,-7.946539e-05,-0.1468552,-0.1447019,-0.1471774,-0.1497603,1
4.011797,-0.1053272,-8.716473,0.1153546,-0.2174825,0.002970981,144.3074,224.7607,-221.2678,225.2986,-228.6509,0.0153569,-0.04239319,-0.0001090686,-0.1468326,-0.1445508,-0.1471841,-0.1493741,1
3.732439,-0.3658682,-9.079574,0.1128999,-0.2172607,0.0009084998,144.5103,224.7224,-221.1117,224.9314,-228.2213,0.01659456,-0.04447411,-0.0001300428,-0.1468076,-0.1444488,-0.1469442,-0.1490934,1
3.934543,-0.181556,-8.822322,0.113956,-0.2124339,0.002278863,144.7131,224.5446,-221.575,224.7559,-228.3537,0.01782785,-0.04652461,-0.0001682428,-0.1466915,-0.1447515,-0.1468295,-0.1491799,1
3.724444,-0.378089,-9.108328,0.1120864,-0.2100384,0.0007961107,144.9159,224.7319,-221.513,224.6984,-228.0109,0.01905542,-0.04854,-0.0001976239,-0.1468138,-0.144711,-0.146792,-0.148956,1
3.923559,-0.1964347,-8.854783,0.1129784,-0.2037345,0.002219864,145.1187,224.5926,-221.7498,224.5875,-227.9364,0.02028253,-0.05050464,-0.0002379934,-0.1467228,-0.1448657,-0.1467195,-0.1489073,1
4.066077,-0.06691436,-8.676766,0.1130897,-0.1974189,0.003354876,145.3213,224.6521,-221.6825,224.6314,-227.5828,0.02150859,-0.05241145,-0.0002673791,-0.1467617,-0.1448217,-0.1467482,-0.1486763,1
4.046417,-0.08707363,-8.710441,0.1115935,-0.1920012,0.003158001,145.524,224.9016,-221.7926,224.7464,-227.4396,0.02272275,-0.05426317,-0.0002938485,-0.1469247,-0.1448936,-0.1468233,-0.1485828,1
3.635742,-0.468462,-9.264245,0.107387,-0.1890514,3.235773e-05,145.7266,225.1669,-222.4063,224.6424,-227.8377,0.02391118,-0.05606903,-0.0003271738,-0.147098,-0.1452946,-0.1467554,-0.1488428,1
3.761765,-0.353946,-9.121891,0.1075995,-0.181008,0.0009498732,145.9291,224.9917,-223.2461,224.4987,-228.3981,0.02508546,-0.05781322,-0.0003823108,-0.1469836,-0.1458432,-0.1466615,-0.1492089,1
3.893816,-0.2337055,-8.960605,0.1079241,-0.1722951,0.002183387,146.1316,224.9249,-222.989,224.491,-227.8828,0.02625706,-0.05947968,-0.0004296204,-0.1469399,-0.1456752,-0.1466564,-0.1488723,1
4.064347,-0.07760904,-8.730795,0.1079443,-0.1631003,0.003627234,146.3341,225.0862,-222.1295,224.7214,-226.7946,0.02743992,-0.06104403,-0.0004559446,-0.1470453,-0.1451137,-0.146807,-0.1481614,1
-0.2886108,-0.4047917,-9.188389,0.1029587,-0.1584491,0.0009785877,146.5365,224.7444,-222.7209,224.0281,-227.2445,0.0285807,-0.06255537,-0.0004868135,-0.146822,-0.1455001,-0.146354,-0.1484553,0
-0.08456402,-0.2173965,-8.939047,0.1032418,-0.148497,0.002502212,146.7388,224.9069,-222.9685,224.3337,-227.2848,0.0297116,-0.06398042,-0.0005267787,-0.1469282,-0.1456618,-0.1465537,-0.1484816,0
0.1345943,-0.01573526,-8.654739,0.1032591,-0.1384405,0.004273429,146.9411,224.8315,-222.2,224.4803,-226.4139,0.03084592,-0.06530286,-0.00054545,-0.146879,-0.1451598,-0.1466495,-0.1479127,0
0.09451573,-0.0531244,-8.697018,0.1003241,-0.131491,0.003907881,147.1434,224.449,-222.2276,224.0689,-226.3834,0.03194901,-0.06655784,-0.0005630078,-0.1466291,-0.1451778,-0.1463808,-0.1478927,0
-0.190363,-0.3166178,-9.075588,0.09632486,-0.1267046,0.001734301,147.3456,224.5456,-222.4537,223.9883,-226.5067,0.03302108,-0.06775344,-0.0005856407,-0.1466921,-0.1453255,-0.146328,-0.1479733,0
0.09527364,-0.05285918,-8.710058,0.09686968,-0.1173373,0.003853202,147.5477,224.3967,-222.5195,224.0527,-226.3849,0.03408815,-0.06886625,-0.0006128566,-0.1465949,-0.1453685,-0.1463701,-0.1478937,0
-0.2225298,-0.3463729,-9.123892,0.09239805,-0.1129964,0.00159853,147.7498,224.4318,-222.2375,223.8599,-226.0002,0.03512933,-0.06991664,-0.0006231562,-0.1466178,-0.1451843,-0.1462442,-0.1476424,0
-0.05787466,-0.1939933,-8.909586,0.09150413,-0.1046786,0.00272405,147.9519,223.841,-222.8999,223.3577,-226.4996,0.0361363,-0.07091196,-0.0006628126,-0.1462319,-0.1456171,-0.1459161,-0.1479687,0
-0.04923167,-0.1857615,-8.898939,0.09027344,-0.0969521,0.003068648,148.1539,223.9113,-222.1064,223.4813,-225.5511,0.03714088,-0.0718201,-0.0006814353,-0.1462778,-0.1450986,-0.1459969,-0.147349,0
0.0687329,-0.07614307,-8.726452,0.088761,-0.08871044,0.0040088,148.3558,223.5265,-221.6264,223.16,-224.9497,0.03813297,-0.0726442,-0.0006915402,-0.1460264,-0.1447851,-0.145787,-0.1469561,0
0.02596328,-0.1148109,-8.775021,0.08564891,-0.08194776,0.003693326,148.5576,223.2781,-221.7576,222.8418,-224.9843,0.0390898,-0.07340597,-0.0006995512,-0.1458641,-0.1448708,-0.1455791,-0.1469788,0
-0.03871244,-0.1737197,-8.863745,0.08302286,-0.07491045,0.003211458,148.7595,223.5511,-221.6387,223.0852,-224.7561,0.04002593,-0.07409114,-0.0007039891,-0.1460425,-0.1447931,-0.1457381,-0.1468297,0
0.08569392,-0.05773099,-8.704553,0.08155181,-0.06635448,0.004116307,148.9612,223.3248,-221.9033,222.9482,-224.9119,0.04093969,-0.07470001,-0.000711718,-0.1458946,-0.1449659,-0.1456486,-0.1469315,0
-0.05178212,-0.1835686,-8.887597,0.07819435,-0.059761,0.003157504,149.163,223.4641,-221.8402,223.0156,-224.7789,0.04182688,-0.07523595,-0.0007093706,-0.1459856,-0.1449248,-0.1456926,-0.1468446,0
0.2143472,0.06367345,-8.542852,0.07775712,-0.04992803,0.005091669,149.3646,223.5092,-221.8507,223.2641,-224.6873,0.04270008,-0.07568411,-0.0007068466,-0.1460151,-0.1449316,-0.145855,-0.1467847,0
-0.05710943,-0.185568,-8.901342,0.07303652,-0.04455772,0.003091379,149.5662,223.706,-221.8979,223.2929,-224.711,0.04354036,-0.0760639,-0.0006910617,-0.1461436,-0.1449625,-0.1458738,-0.1468002,0
0.07607559,-0.06084571,-8.736775,0.07152943,-0.0358737,0.003949017,149.7677,223.639,-222.537,223.3462,-225.2791,0.04435007,-0.07637331,-0.0006918064,-0.1460999,-0.14538,-0.1459086,-0.1471713,0
-0.04421958,-0.1702484,-8.904358,0.06859973,-0.02898571,0.003163292,149.9692,224.0636,-222.2447,223.7654,-224.948,0.04514494,-0.07659815,-0.000673182,-0.1463772,-0.145189,-0.1461825,-0.146955,0
0.3352054,0.1823879,-8.409546,0.06858205,-0.01858815,0.005879898,150.1706,224.055,-222.3713,224.0403,-225.0164,0.045926,-0.07673402,-0.0006523894,-0.1463716,-0.1452717,-0.146362,-0.1469997,0
-0.05980402,-0.1803164,-8.934956,0.06258862,-0.01469274,0.002888571,150.372,224.3848,-222.76,224.1211,-225.4419,0.04665915,-0.07681867,-0.0006224099,-0.1465871,-0.1455256,-0.1464148,-0.1472777,0
0.2738051,0.13015,-8.517182,0.06281962,-0.004662066,0.005187442,150.5733,224.7181,-223.2724,224.7552,-225.8907,0.04737786,-0.07681971,-0.0006059706,-0.1468049,-0.1458604,-0.146829,-0.1475709,0
-0.1172623,-0.2287408,-9.041049,0.05745826,-0.0006461458,0.002334667,150.7746,224.941,-223.4969,224.7856,-226.1587,0.04806067,-0.07676242,-0.0005754234,-0.1469505,-0.1460071,-0.1468489,-0.147746,0
-0.04002151,-0.1548679,-8.94876,0.05588945,0.007153952,0.00279656,150.9758,224.9717,-223.9784,224.9612,-226.6286,0.04871777,-0.07663669,-0.0005610806,-0.1469705,-0.1463216,-0.1469636,-0.148053,0
-0.01694397,-0.1308932,-8.924288,0.05406124,0.01440494,0.003086917,151.1769,224.99,-223.8215,225.1028,-226.479,0.04935766,-0.07643745,-0.0005358162,-0.1469825,-0.1462191,-0.1470561,-0.1479552,0
-0.1486899,-0.2497515,-9.089674,0.05077472,0.02006305,0.002139716,151.378,224.6733,-223.8879,224.7845,-226.5889,0.04996279,-0.07618392,-0.0005159916,-0.1467756,-0.1462625,-0.1468482,-0.148027,0
-0.3419614,-0.4254364,-9.335382,0.04768459,0.0253382,0.0008278892,151.5791,224.5599,-223.5595,224.676,-226.2982,0.05054791,-0.07586445,-0.0004936813,-0.1467015,-0.146048,-0.1467773,-0.1478371,0
0.04704272,-0.06288581,-8.811602,0.04851257,0.03479571,0.003825539,151.7801,224.0378,-223.1411,224.5244,-225.8777,0.0511269,-0.07546553,-0.0004669173,-0.1463604,-0.1457746,-0.1466783,-0.1475624,0
-0.1701826,-0.260197,-9.076452,0.04426472,0.03877621,0.00233314,151.981,223.7715,-222.6688,224.1827,-225.4924,0.05166947,-0.07502106,-0.0004262232,-0.1461865,-0.1454661,-0.1464551,-0.1473106,0
-0.0726978,-0.1667352,-8.936882,0.04290607,0.04526069,0.003015897,152.1819,223.5431,-222.5215,224.1278,-225.3784,0.05219124,-0.07451802,-0.0003956879,-0.1460373,-0.1453698,-0.1464192,-0.1472362,0
0.03068795,-0.06768373,-8.790457,0.04153834,0.05147737,0.003892743,152.3827,223.438,-221.9527,224.2037,-224.8562,0.05270521,-0.0739461,-0.0003452466,-0.1459685,-0.1449982,-0.1464688,-0.1468951,0
-0.1773122,-0.2561103,-9.049284,0.03717845,0.05453105,0.002261947,152.5835,223.3186,-221.976,224.0095,-224.9823,0.05318081,-0.0733377,-0.0002925509,-0.1458905,-0.1450135,-0.1463419,-0.1469775,0
-0.2444285,-0.3144419,-9.139121,0.03461304,0.0587795,0.001651259,152.7842,223.2235,-222.3643,223.9809,-225.4332,0.05362307,-0.07269365,-0.0002560925,-0.1458284,-0.1452672,-0.1463232,-0.147272,0
-0.2033354,-0.2728123,-9.083597,0.03340014,0.06397851,0.002045013,152.9849,223.1988,-221.9629,224.139,-225.0839,0.05405754,-0.07199219,-0.000211323,-0.1458123,-0.1450049,-0.1464265,-0.1470438,0
0.1895759,0.09414987,-8.554406,0.03389267,0.07123902,0.004967107,153.1855,222.8597,-221.5592,224.1593,-224.7328,0.05448303,-0.0712336,-0.0001569382,-0.1455908,-0.1447411,-0.1464398,-0.1468145,0
-0.2644724,-0.3213127,-9.136152,0.02781161,0.07119103,0.001537423,153.3861,223.012,-221.3715,224.0815,-224.696,0.05486616,-0.07045559,-9.179808e-05,-0.1456903,-0.1446186,-0.1463889,-0.1467904,0
-0.1954431,-0.2536055,-9.047455,0.02642031,0.07541618,0.001836402,153.5865,223.0666,-221.7146,224.3095,-225.103,0.05523118,-0.06963702,-4.360433e-05,-0.1457259,-0.1448427,-0.1465379,-0.1470563,0
-0.06455183,-0.1286448,-8.878352,0.0253098,0.07974636,0.002808017,153.787,223.0019,-221.6988,224.4487,-225.1639,0.05558092,-0.06877977,1.518768e-05,-0.1456837,-0.1448324,-0.1466288,-0.1470961,0
0.02429143,-0.04243715,-8.758118,0.02355217,0.08328053,0.003350804,153.9874,223.0726,-221.6479,224.6704,-225.2094,0.05590461,-0.06789657,7.450387e-05,-0.1457299,-0.1447992,-0.1467737,-0.1471258,0
0.05975146,-0.005581889,-8.711617,0.02168113,0.08621731,0.003491653,154.1877,223.59,-221.2848,225.3274,-224.9424,0.0562217,-0.06696996,0.0001483821,-0.1460679,-0.1445619,-0.1472028,-0.1469514,0
-0.06701896,-0.1184699,-8.880237,0.01787804,0.08710878,0.002269165,154.388,223.6336,-221.9966,225.3471,-225.788,0.05650207,-0.06603248,0.0002173239,-0.1460963,-0.1450269,-0.1472158,-0.1475038,0
0.2006015,0.1329159,-8.549726,0.01762892,0.091135,0.004003182,154.5882,224.2899,-222.417,226.2844,-226.2773,0.05676728,-0.06506695,0.0002858336,-0.1465251,-0.1453016,-0.1478281,-0.1478234,0
-0.09671649,-0.1376655,-8.955325,0.01307905,0.09033743,0.00156505,154.7884,224.8544,-222.8661,226.7435,-226.8714,0.05699921,-0.06409663,0.0003562375,-0.1468939,-0.145595,-0.148128,-0.1482116,0
-0.1839285,-0.2142595,-9.087462,0.01061087,0.09125355,0.0006357894,154.9885,225.1586,-223.7063,227.1146,-227.819,0.05720567,-0.06311593,0.0004089226,-0.1470926,-0.1461439,-0.1483704,-0.1488306,0
-0.02876353,-0.06695415,-8.899912,0.01012408,0.09394254,0.001698103,155.1885,225.2505,-224.1077,227.4434,-228.3069,0.05739605,-0.06212008,0.0004582199,-0.1471526,-0.146406,-0.1485852,-0.1491494,0
-0.09703893,-0.1261045,-8.990715,0.007895047,0.09456247,0.001143301,155.3885,225.615,-223.7898,227.8891,-228.1125,0.05757269,-0.06110889,0.0005177403,-0.1473908,-0.1461984,-0.1488764,-0.1490224,0
-0.05857208,-0.08659729,-8.937624,0.006127639,0.09553333,0.001248119,155.5885,225.5378,-224.0512,227.9351,-228.4928,0.0577283,-0.06009073,0.000569051,-0.1473404,-0.1463692,-0.1489065,-0.1492708,0
0.02986672,-0.0009713396,-8.824487,0.004864583,0.09662592,0.0018073,155.7885,225.8634,-223.9813,228.4235,-228.5301,0.05787364,-0.05905829,0.0006307174,-0.1475531,-0.1463235,-0.1492255,-0.1492952,0
-0.06322738,-0.08305125,-8.949331,0.001872095,0.09575468,0.0008919109,155.9883,226.1046,-224.3171,228.6736,-229.0025,0.05799021,-0.05803297,0.0006893896,-0.1477106,-0.1465429,-0.1493889,-0.1496038,0
0.09966622,0.07124624,-8.748454,0.00119856,0.09686632,0.001877656,156.1882,226.7881,-224.4141,229.5664,-229.1928,0.05810273,-0.05699216,0.0007540912,-0.1481571,-0.1466062,-0.1499722,-0.1497281,0
-0.1650361,-0.1694903,-9.107753,-0.003249374,0.09396861,-0.0003774202,156.388,226.9922,-225.3441,229.6437,-230.2815,0.0581731,-0.05597793,0.0008096553,-0.1482904,-0.1472138,-0.1500226,-0.1504393,0
0.002751522,-0.01091947,-8.911498,-0.003446242,0.0948642,0.0006299549,156.5877,227.6026,-225.8902,230.4836,-230.9057,0.05823151,-0.05496348,0.0008538273,-0.1486892,-0.1475705,-0.1505713,-0.1508471,0
-0.1704104,-0.1674232,-9.150662,-0.006342812,0.09278812,-0.0007615003,156.7874,227.6887,-226.3407,230.5537,-231.4902,0.05826297,-0.05396829,0.00089274,-0.1487454,-0.1478649,-0.1506171,-0.151229,0
-0.2190285,-0.2090508,-9.218492,-0.007850223,0.09179251,-0.001200274,156.9871,227.8927,-226.3925,230.8528,-231.6507,0.05828324,-0.05297736,0.0009263611,-0.1488788,-0.1478987,-0.1508125,-0.1513338,0
0.1543754,0.1392584,-8.727344,-0.00666206,0.09369571,0.001529134,157.1868,227.8451,-226.1976,231.1487,-231.5352,0.05830483,-0.05197876,0.0009657668,-0.1488477,-0.1477714,-0.1510059,-0.1512583,0
-0.2945049,-0.2721692,-9.307688,-0.01210895,0.0884672,-0.001894721,157.3864,228.0352,-226.222,231.0866,-231.7394,0.05828954,-0.05101399,0.00101107,-0.1489718,-0.1477873,-0.1509653,-0.1513917,0
0.04241046,0.04218972,-8.872907,-0.01098712,0.08966705,0.0003749995,157.586,228.3895,-226.3952,231.7612,-231.9727,0.05827643,-0.05004396,0.001045574,-0.1492033,-0.1479005,-0.151406,-0.1515442,0
0.05247743,0.05462193,-8.86543,-0.01308141,0.08761433,0.0003522529,157.7856,228.3182,-226.856,231.729,-232.5584,0.05823527,-0.04910375,0.001083173,-0.1491567,-0.1482015,-0.1513849,-0.1519268,0
-0.05144804,-0.03853819,-9.009793,-0.01534982,0.0848719,-0.0005892649,157.9851,229.1904,-226.7215,232.61,-232.5363,0.05818456,-0.04817552,0.001126442,-0.1497265,-0.1481136,-0.1519605,-0.1519123,0
0.04457517,0.05300703,-8.895273,-0.01656813,0.08332302,-0.0001426375,158.1846,229.3529,-227.402,232.8798,-233.3194,0.05811789,-0.04726608,0.001160368,-0.1498327,-0.1485582,-0.1521367,-0.152424,0
-0.1480577,-0.1223045,-9.164399,-0.01978335,0.07937826,-0.001745604,158.3841,229.714,-228.1672,233.1551,-234.2111,0.05801795,-0.04639692,0.001187514,-0.1500686,-0.1490581,-0.1523166,-0.1530065,0
-0.28269,-0.2443503,-9.357798,-0.02168314,0.07630965,-0.002882983,158.5835,230.1711,-228.5362,233.6204,-234.6769,0.05790205,-0.04555352,0.001200832,-0.1503672,-0.1492991,-0.1526206,-0.1533108,0
0.07788816,0.09103943,-8.892052,-0.02004652,0.07706803,-0.0002196903,158.783,230.0969,-228.5876,233.8734,-234.7856,0.05779078,-0.04471514,0.001212824,-0.1503187,-0.1493328,-0.1527858,-0.1533818,0
-0.03748385,-0.01331338,-9.037272,-0.02267771,0.07348663,-0.001065091,158.9824,230.2811,-228.353,234.01,-234.6827,0.0576619,-0.0439046,0.001239358,-0.1504391,-0.1491795,-0.1528751,-0.1533145,0
-0.2915755,-0.2460241,-9.370379,-0.02607905,0.06875378,-0.003140698,159.1817,230.47,-228.7755,234.065,-235.2292,0.05750434,-0.04313366,0.001249341,-0.1505625,-0.1494555,-0.152911,-0.1536716,0
0.1179753,0.1342176,-8.84404,-0.0240411,0.06947935,-0.0001493388,159.3811,230.6305,-228.8759,234.5676,-235.3653,0.05735492,-0.04236747,0.001258302,-0.1506673,-0.1495211,-0.1532394,-0.1537605,0
-0.3673358,-0.3123573,-9.477734,-0.02937434,0.06260257,-0.003764544,159.5804,230.7347,-229.063,234.3572,-235.7123,0.05716864,-0.04165378,0.001272166,-0.1507354,-0.1496433,-0.1531019,-0.1539872,0
-0.4468115,-0.3843275,-9.587644,-0.03064083,0.05947895,-0.004487652,159.7798,230.7563,-229.5833,234.3974,-236.3055,0.0569634,-0.04097468,0.001256054,-0.1507495,-0.1499832,-0.1531281,-0.1543747,0
0.06445256,0.08936629,-8.918678,-0.02740776,0.06112539,-0.0005083093,159.9791,230.4038,-229.2597,234.4637,-236.0001,0.05677165,-0.04030019,0.001244726,-0.1505192,-0.1497718,-0.1531715,-0.1541752,0
-0.1872432,-0.1418525,-9.226599,-0.03079321,0.0561396,-0.002222458,160.1783,230.7203,-228.1733,234.6247,-235.0482,0.0565746,-0.03964708,0.00126596,-0.150726,-0.1490621,-0.1532767,-0.1535534,0
0.08263825,0.1088253,-8.86512,-0.0308705,0.05481882,-0.0004909247,160.3776,230.4749,-228.801,234.5209,-235.7449,0.05635578,-0.03902781,0.001263504,-0.1505657,-0.1494721,-0.1532089,-0.1540085,0
-0.2593937,-0.2061288,-9.324365,-0.03468956,0.04892469,-0.003026144,160.5769,231.0508,-228.9617,234.8784,-236.0119,0.05611581,-0.03844918,0.001271646,-0.1509419,-0.1495771,-0.1534424,-0.1541829,0
-0.3497115,-0.2887616,-9.452524,-0.03634157,0.04529268,-0.003862118,160.7761,231.0481,-229.7095,234.8393,-236.8309,0.05585222,-0.03791256,0.001252009,-0.1509401,-0.1500657,-0.1534169,-0.154718,0
-0.4618599,-0.3918402,-9.60691,-0.03750811,0.04191382,-0.004554945,160.9753,230.7464,-230.0293,234.5222,-237.2137,0.05557088,-0.03741597,0.001218973,-0.1507431,-0.1502746,-0.1532097,-0.154968,0
-0.2291218,-0.1764846,-9.289833,-0.03588055,0.04154488,-0.002559334,161.1745,230.7158,-228.9728,234.7258,-236.1885,0.05531039,-0.03691839,0.001199697,-0.150723,-0.1495844,-0.1533427,-0.1542982,0
-0.1480228,-0.1010766,-9.155973,-0.03687598,0.03909831,-0.001835092,161.3737,230.1241,-228.5052,234.1567,-235.8098,0.05503861,-0.03644834,0.001187963,-0.1503365,-0.1492789,-0.1529709,-0.1540508,0
-0.4352087,-0.3661019,-9.517412,-0.04032289,0.03372048,-0.003939737,161.5729,230.1356,-228.39,233.9526,-235.7941,0.05474155,-0.03602112,0.001174086,-0.150344,-0.1492036,-0.1528376,-0.1540406,0
-0.1257628,-0.08008963,-9.110473,-0.038812,0.03339056,-0.001637052,161.772,229.8849,-228.5135,233.9157,-235.9308,0.05444153,-0.03561528,0.001145481,-0.1501803,-0.1492843,-0.1528135,-0.1541299,0
-0.1681023,-0.1192077,-9.158056,-0.04010799,0.0302353,-0.001763244,161.9712,230.1174,-227.8081,234.1168,-235.2919,0.05414428,-0.03522592,0.00114185,-0.1503321,-0.1488235,-0.1529449,-0.1537125,0
-0.162328,-0.1138839,-9.14246,-0.04174253,0.0271138,-0.001839428,162.1703,230.0192,-228.1155,233.9651,-235.6715,0.05382532,-0.03487308,0.001127297,-0.150268,-0.1490243,-0.1528458,-0.1539605,0
-0.0629106,-0.02224711,-9.02145,-0.04210447,0.02503949,-0.00111583,162.3694,230.4696,-228.186,234.4616,-235.7797,0.05350293,-0.03454036,0.001118073,-0.1505622,-0.1490704,-0.1531701,-0.1540312,0
-0.2052475,-0.1540717,-9.215985,-0.04454198,0.02097689,-0.002251939,162.5684,230.5621,-228.7554,234.4137,-236.4241,0.05315436,-0.03425063,0.001099384,-0.1506226,-0.1494423,-0.1531388,-0.1544522,0
-0.2376078,-0.1845749,-9.271276,-0.04537912,0.01832454,-0.002489277,162.7675,231.0501,-228.8773,234.8877,-236.586,0.05280332,-0.03397999,0.00107976,-0.1509415,-0.149522,-0.1534485,-0.154558,0
-0.1268685,-0.08290989,-9.133008,-0.04560805,0.01667076,-0.001661901,162.9665,231.1184,-229.1071,235.0039,-236.8601,0.05244675,-0.03372983,0.001060024,-0.1509861,-0.1496721,-0.1535244,-0.154737,0
-0.4675238,-0.3984349,-9.584652,-0.04918366,0.01145683,-0.004176344,163.1655,231.0781,-229.6898,234.6976,-237.5326,0.05205437,-0.03353187,0.001026797,-0.1509597,-0.1500528,-0.1533243,-0.1551763,0
-0.4206058,-0.3562315,-9.52986,-0.04864291,0.01012756,-0.00369506,163.3645,230.9957,-229.7484,234.68,-237.6065,0.05163086,-0.03336397,0.0009762091,-0.1509059,-0.150091,-0.1533128,-0.1552246,0
-0.192373,-0.1465649,-9.217867,-0.04707153,0.01021742,-0.001660516,163.5635,230.6568,-228.9028,234.5146,-236.7788,0.05125453,-0.03318356,0.0009427082,-0.1506845,-0.1495387,-0.1532047,-0.1546839,0
-0.3192486,-0.2648863,-9.358254,-0.04923921,0.006871191,-0.002436243,163.7625,230.2763,-228.4444,233.9863,-236.4025,0.05086163,-0.03303232,0.0009165535,-0.1504359,-0.1492391,-0.1528596,-0.154438,0
-0.05506012,-0.02200849,-9.002841,-0.048139,0.006776741,-0.0004205315,163.9614,230.3045,-228.1438,234.1479,-236.1134,0.05047097,-0.03289043,0.0008896198,-0.1504543,-0.1490428,-0.1529652,-0.1542492,0
-0.2407662,-0.1948301,-9.240779,-0.05066659,0.002967447,-0.001714224,164.1604,230.5776,-227.867,234.2349,-235.9058,0.05007372,-0.03276757,0.0008799856,-0.1506328,-0.148862,-0.153022,-0.1541136,0
-0.127036,-0.09104329,-9.097517,-0.05117517,0.001490468,-0.001008971,164.3593,230.7068,-228.489,234.3593,-236.5601,0.04966051,-0.03267009,0.0008580701,-0.1507171,-0.1492683,-0.1531033,-0.154541,0
-0.1977564,-0.157848,-9.2082,-0.052563,-0.0011129,-0.001530404,164.5582,231.0419,-229.0036,234.5952,-237.114,0.04922847,-0.03260439,0.0008317357,-0.1509361,-0.1496045,-0.1532574,-0.1549028,0
-0.3876034,-0.3349681,-9.469044,-0.05423124,-0.004130662,-0.002893254,164.7571,231.2928,-229.2624,234.7078,-237.4164,0.04878555,-0.03256219,0.0007964697,-0.1511,-0.1497735,-0.153331,-0.1551004,0
-0.2152689,-0.1775631,-9.247333,-0.0531606,-0.004073171,-0.001475087,164.9559,231.0874,-229.3633,234.6036,-237.5293,0.0483309,-0.03253428,0.0007560699,-0.1509658,-0.1498395,-0.1532629,-0.1551742,0
-0.5294997,-0.4697602,-9.651405,-0.05591071,-0.007935967,-0.003580955,165.1548,230.8358,-229.2564,234.0955,-237.5001,0.04781997,-0.03255327,0.0007159688,-0.1508014,-0.1497696,-0.1529309,-0.1551551,0
-0.1986347,-0.1661123,-9.20879,-0.05325028,-0.006246476,-0.0009317868,165.3536,230.6802,-228.6773,234.1659,-236.9039,0.04736601,-0.03254751,0.0006730952,-0.1506998,-0.1493913,-0.1529769,-0.1547656,0
0.1996826,0.2000431,-8.669245,-0.05119584,-0.004599067,0.002276194,165.5524,230.5811,-227.7141,234.2685,-235.9534,0.04694396,-0.03252244,0.0006625726,-0.150635,-0.1487621,-0.153044,-0.1541447,0
-0.2216296,-0.1909416,-9.209124,-0.05623552,-0.01011514,-0.0009400938,165.7513,231.0627,-227.71,234.3304,-236.0627,0.04649464,-0.03252833,0.0006660376,-0.1509496,-0.1487594,-0.1530844,-0.1542161,0
-0.416932,-0.3733271,-9.487939,-0.05860712,-0.0133315,-0.002675666,165.95,231.2727,-229.2582,234.3271,-237.6488,0.04600895,-0.03257661,0.0006307972,-0.1510869,-0.1497708,-0.1530823,-0.1552523,0
-0.40153,-0.3613837,-9.498017,-0.057968,-0.0138495,-0.002411589,166.1488,231.5991,-229.6857,234.6784,-238.0684,0.04551363,-0.0326419,0.0005898033,-0.1513001,-0.1500501,-0.1533118,-0.1555264,0
-0.1176523,-0.1013997,-9.12794,-0.05583106,-0.01219572,-8.413661e-05,166.3475,231.363,-229.414,234.6165,-237.7988,0.04503009,-0.03270428,0.0005500198,-0.1511458,-0.1498726,-0.1532713,-0.1553502,0
-0.3147983,-0.2858328,-9.372311,-0.05763597,-0.01452572,-0.001308645,166.5463,231.4826,-228.6604,234.5657,-237.1119,0.04455717,-0.03276391,0.0005303186,-0.151224,-0.1493803,-0.1532381,-0.1549015,0
-0.1811343,-0.1645486,-9.18829,-0.05741652,-0.01451563,-0.0003186145,166.745,231.0346,-229.0252,234.1284,-237.5054,0.04407135,-0.0328387,0.0004945911,-0.1509313,-0.1496186,-0.1529524,-0.1551586,0
-0.2324844,-0.2143243,-9.256877,-0.05796631,-0.01567234,-0.0005023821,166.9437,231.3837,-228.5994,234.4051,-237.1089,0.04358946,-0.03291518,0.0004751629,-0.1511594,-0.1493404,-0.1531332,-0.1548995,0
-0.2921313,-0.2717384,-9.331648,-0.05897544,-0.01702367,-0.0009327798,167.1424,231.1722,-228.8644,234.0842,-237.4168,0.04309307,-0.03300992,0.0004438875,-0.1510212,-0.1495135,-0.1529236,-0.1551007,0
-0.2477032,-0.2331202,-9.276324,-0.05864498,-0.01718346,-0.0004535086,167.3411,231.4423,-228.5901,234.3552,-237.1573,0.0426065,-0.03309881,0.0004225221,-0.1511976,-0.1493343,-0.1531006,-0.1549312,0
-0.3024745,-0.2860654,-9.345779,-0.05968131,-0.01841195,-0.000810242,167.5397,231.3334,-228.7448,234.1348,-237.3593,0.04210909,-0.03320107,0.0004000231,-0.1511265,-0.1494354,-0.1529566,-0.1550632,0
-0.4550707,-0.4295062,-9.549707,-0.0609709,-0.02013534,-0.001877095,167.7384,231.3925,-228.9795,234.0436,-237.6335,0.04159831,-0.03332042,0.0003695497,-0.1511651,-0.1495887,-0.152897,-0.1552423,0
-0.1725214,-0.1709892,-9.182689,-0.05865257,-0.01808033,0.0003676362,167.937,231.3479,-228.7797,234.1618,-237.4216,0.04108747,-0.03344069,0.0003387521,-0.151136,-0.1494582,-0.1529743,-0.1551038,0
-0.3788747,-0.3641019,-9.443886,-0.06052098,-0.02015632,-0.0009761741,168.1357,231.2878,-228.4408,233.904,-237.1474,0.04058448,-0.03355813,0.0003213308,-0.1510967,-0.1492368,-0.1528059,-0.1549247,0
-0.2273415,-0.226568,-9.241496,-0.05964959,-0.01933561,0.0001674833,168.3343,231.2893,-228.4324,233.9498,-237.1529,0.04008346,-0.0336735,0.0002983657,-0.1510977,-0.1492313,-0.1528357,-0.1549283,0
-0.202194,-0.2057692,-9.209979,-0.05982675,-0.01959299,0.0004551428,168.5328,231.388,-228.3545,233.9993,-237.1071,0.03958179,-0.03379103,0.0002842863,-0.1511622,-0.1491804,-0.1528681,-0.1548984,0
-0.2060776,-0.2118001,-9.217784,-0.06025886,-0.02006106,0.0004273029,168.7314,231.5609,-228.4833,234.0998,-237.2708,0.03907445,-0.0339147,0.0002687858,-0.1512751,-0.1492646,-0.1529337,-0.1550053,0
-0.1434198,-0.1563876,-9.143958,-0.06000511,-0.01986111,0.000911116,168.93,231.71,-228.7099,234.2328,-237.5197,0.03856533,-0.03404103,0.000251341,-0.1513726,-0.1494126,-0.1530207,-0.1551679,0
-0.1692121,-0.1827187,-9.184897,-0.06034409,-0.02027152,0.0007701257,169.1285,231.9349,-228.7986,234.387,-237.6427,0.03805486,-0.03416959,0.0002372316,-0.1515195,-0.1494705,-0.1531214,-0.1552483,0
-0.1243562,-0.1437759,-9.132811,-0.06017146,-0.02008396,0.001116581,169.327,232.3987,-228.6861,234.83,-237.5593,0.03755423,-0.0342873,0.0002329661,-0.1518224,-0.1493971,-0.1534108,-0.1551938,0
-0.1035951,-0.1269785,-9.115747,-0.06072952,-0.02041453,0.001179155,169.5255,232.5686,-229.256,234.9209,-238.1743,0.03704266,-0.03441435,0.0002256237,-0.1519334,-0.1497694,-0.1534702,-0.1555956,0
-0.3070905,-0.3175018,-9.401505,-0.06233762,-0.02220422,-0.0003828401,169.724,233.0149,-229.8472,235.1756,-238.8142,0.03651596,-0.03455777,0.0002106383,-0.152225,-0.1501556,-0.1536365,-0.1560136,0
-0.2806462,-0.2957104,-9.384046,-0.06160179,-0.02171022,-0.000159207,169.9225,233.1441,-230.2463,235.3095,-239.2272,0.03599137,-0.03470129,0.0001837164,-0.1523094,-0.1504163,-0.153724,-0.1562834,0
-0.336403,-0.3498544,-9.460621,-0.06152243,-0.02181125,-0.0003899439,170.121,233.1622,-230.0782,235.2704,-239.0967,0.03545867,-0.03484726,0.0001641967,-0.1523212,-0.1503065,-0.1536985,-0.1561981,0
-0.4293474,-0.4382893,-9.576583,-0.06198055,-0.02235895,-0.0009721865,170.3195,232.8625,-230.1346,234.8667,-239.2011,0.03492888,-0.03499608,0.0001366967,-0.1521254,-0.1503434,-0.1534347,-0.1562663,0
-0.335748,-0.3544232,-9.448348,-0.06056358,-0.02118864,-7.646583e-05,170.5179,232.6637,-229.772,234.7194,-238.85,0.03441326,-0.03513591,0.0001086182,-0.1519956,-0.1501065,-0.1533385,-0.156037,0
-0.2324276,-0.261465,-9.297709,-0.05943542,-0.02013532,0.0009145878,170.7164,232.3197,-229.1863,234.4084,-238.2899,0.03390875,-0.03526625,8.93786e-05,-0.1517709,-0.1497238,-0.1531353,-0.1556711,0
-0.3526689,-0.3749684,-9.438114,-0.06026189,-0.02108319,0.0001619724,170.9148,232.0903,-228.8123,234.039,-237.9684,0.0334019,-0.03539978,7.51823e-05,-0.151621,-0.1494795,-0.152894,-0.155461,0
-0.2725699,-0.3033676,-9.324766,-0.05939614,-0.02037437,0.000833645,171.1132,232.0001,-228.5815,233.9525,-237.7544,0.03289462,-0.0355357,6.089306e-05,-0.151562,-0.1493287,-0.1528375,-0.1553213,0
-0.03177077,-0.08319475,-9.004698,-0.05760938,-0.01853553,0.002704626,171.3116,232.0555,-228.2303,234.1063,-237.4126,0.0324076,-0.03565156,5.902417e-05,-0.1515983,-0.1490993,-0.152938,-0.1550979,0
-0.07187932,-0.1224445,-9.056116,-0.05839577,-0.01922124,0.002362109,171.51,232.3893,-228.1865,234.32,-237.4202,0.03192009,-0.03576626,6.784322e-05,-0.1518163,-0.1490707,-0.1530776,-0.1551029,0
-0.489728,-0.5107709,-9.615708,-0.06162064,-0.02274834,-0.0009034118,171.7084,232.6117,-229.0832,234.1889,-238.3899,0.03140647,-0.03590859,5.913567e-05,-0.1519616,-0.1496565,-0.152992,-0.1557364,0
-0.3060796,-0.3435704,-9.397022,-0.05919813,-0.0207346,0.0004709291,171.9068,232.5688,-229.7347,234.2737,-239.0209,0.03089773,-0.03605034,2.872144e-05,-0.1519336,-0.1500821,-0.1530474,-0.1561486,0
-0.1438123,-0.1960776,-9.185452,-0.05702611,-0.01877796,0.001957788,172.1051,232.8239,-228.8012,234.6462,-238.0968,0.0304207,-0.03616337,2.534988e-05,-0.1521002,-0.1494723,-0.1532907,-0.155545,0
-0.2796511,-0.3237276,-9.348118,-0.05837962,-0.01994746,0.0009400308,172.3035,232.6239,-228.7203,234.2709,-238.0927,0.02993636,-0.0362821,2.412925e-05,-0.1519696,-0.1494194,-0.1530455,-0.1555423,0
-0.3690421,-0.4085304,-9.468758,-0.05879232,-0.02058829,0.0002364782,172.5018,232.5503,-229.2315,234.0834,-238.64,0.02944004,-0.03641434,8.138032e-06,-0.1519215,-0.1497534,-0.1529231,-0.1558998,0
-0.3418487,-0.3857325,-9.439158,-0.05756849,-0.01984515,0.0005675803,172.7001,232.6701,-229.0202,234.2222,-238.4373,0.02895733,-0.03653733,-5.998296e-06,-0.1519997,-0.1496153,-0.1530137,-0.1557674,0
-0.09649687,-0.1612155,-9.110949,-0.05530342,-0.01760999,0.002501102,172.8984,232.5562,-228.5842,234.2381,-238.0127,0.02849439,-0.03664187,-1.027307e-05,-0.1519254,-0.1493305,-0.1530241,-0.15549,0
-0.3884839,-0.4330218,-9.485125,-0.05755351,-0.02002913,0.0003587512,173.0967,232.505,-228.6259,233.9162,-238.1333,0.02801771,-0.0367617,-1.120037e-05,-0.1518919,-0.1493577,-0.1528138,-0.1555687,0
-0.544003,-0.57889,-9.692675,-0.05789163,-0.02091614,-0.0008245733,173.295,232.3954,-229.0585,233.6822,-238.594,0.02753318,-0.03689351,-3.350569e-05,-0.1518203,-0.1496403,-0.1526609,-0.1558697,0
-0.4775665,-0.5197529,-9.605472,-0.05600356,-0.01963551,-0.0001116237,173.4933,232.1234,-228.7632,233.4757,-238.2987,0.02706593,-0.03701413,-5.577327e-05,-0.1516426,-0.1494475,-0.1525261,-0.1556768,0
-0.4049262,-0.4547152,-9.4916,-0.05465405,-0.01855793,0.0006618251,173.6915,231.701,-228.0484,233.0845,-237.6098,0.02661296,-0.03712405,-6.872045e-05,-0.1513667,-0.1489805,-0.1522705,-0.1552268,0
-0.1440076,-0.2155595,-9.129286,-0.05236138,-0.01630981,0.002727177,173.8898,231.3892,-227.382,232.8978,-236.9551,0.02617565,-0.0372197,-7.363629e-05,-0.151163,-0.1485451,-0.1521485,-0.1547991,0
-0.1428408,-0.2162713,-9.113229,-0.05234359,-0.01643843,0.002787465,174.088,231.5213,-226.816,232.9599,-236.4311,0.0257488,-0.0373059,-6.0462e-05,-0.1512492,-0.1481754,-0.1521891,-0.1544567,0
-0.1960366,-0.267135,-9.182295,-0.05296832,-0.01721529,0.002231535,174.2862,231.6871,-227.1712,233.002,-236.829,0.02531662,-0.03739829,-5.033398e-05,-0.1513576,-0.1484074,-0.1522166,-0.1547167,0
-0.2029685,-0.2753303,-9.208474,-0.05276037,-0.01736984,0.002046372,174.4844,231.9974,-227.811,233.2522,-237.4889,0.02487941,-0.03749949,-4.849727e-05,-0.1515603,-0.1488254,-0.15238,-0.1551478,0
-0.1504193,-0.2286425,-9.157315,-0.05166894,-0.01669703,0.002393672,174.6826,232.5094,-227.9287,233.7807,-237.6182,0.02445508,-0.03759193,-4.335354e-05,-0.1518948,-0.1489023,-0.1527253,-0.1552323,0
-0.09430404,-0.1785482,-9.094271,-0.0509904,-0.01616975,0.002731991,174.8807,232.6738,-228.2657,233.9357,-237.9866,0.02403496,-0.03768253,-3.868522e-05,-0.1520022,-0.1491224,-0.1528266,-0.155473,0
-0.2533498,-0.3272505,-9.314637,-0.05176347,-0.0173075,0.001484576,175.0788,232.9422,-228.6973,234.0577,-238.4668,0.02360879,-0.03778263,-3.780953e-05,-0.1521775,-0.1494044,-0.1529063,-0.1557866,0
-0.07371371,-0.1630827,-9.092852,-0.04958238,-0.01549798,0.002779738,175.277,233.5192,-228.5634,234.7506,-238.3347,0.0232088,-0.03785896,-2.948287e-05,-0.1525545,-0.1493169,-0.1533589,-0.1557003,0
-0.2104914,-0.2910342,-9.279881,-0.05069295,-0.01677291,0.001659085,175.4751,233.5412,-229.1645,234.608,-239.0016,0.02279767,-0.0379491,-2.275307e-05,-0.1525688,-0.1497096,-0.1532657,-0.156136,0
-0.3719582,-0.4419524,-9.508879,-0.05110117,-0.0178191,0.0003633513,175.6732,233.8989,-229.7539,234.8394,-239.6255,0.02237952,-0.03805174,-3.022993e-05,-0.1528025,-0.1500946,-0.1534169,-0.1565436,0
-0.2441911,-0.3257012,-9.354542,-0.04882035,-0.01620428,0.001370857,175.8713,234.119,-229.6715,235.1703,-239.5385,0.02200212,-0.03813925,-3.638225e-05,-0.1529463,-0.1500408,-0.1536331,-0.1564868,0
0.1619484,0.04802041,-8.821554,-0.04551659,-0.012926,0.004433525,176.0694,234.1466,-229.3828,235.4259,-239.2558,0.02163693,-0.03820264,-2.669064e-05,-0.1529643,-0.1498522,-0.1538001,-0.1563021,0
-0.2431971,-0.3276893,-9.353124,-0.04879016,-0.0165729,0.001319188,176.2674,234.6027,-229.5775,235.5241,-239.5504,0.02125031,-0.03828516,-8.82701e-06,-0.1532623,-0.1499794,-0.1538643,-0.1564946,0
3.58274,5.509896,-4.6009,-0.04924814,-0.0178699,-0.0002022111,176.4655,234.6241,-230.9593,235.4062,-240.9571,0.02084455,-0.03839446,-3.106032e-05,-0.1532763,-0.1508821,-0.1537872,-0.1574135,1
3.926273,5.825561,-4.194362,-0.0447452,-0.01430727,0.002574615,176.6635,237.3651,-232.925,238.4467,-242.8048,0.02048298,-0.03846877,-3.845103e-05,-0.1550669,-0.1521662,-0.1557735,-0.1586206,1
3.799513,5.707294,-4.568403,-0.04574452,-0.01512717,0.001730249,176.8616,245.3446,-240.9047,246.3037,-250.651,0.02012078,-0.03854555,-3.301025e-05,-0.1602798,-0.1573793,-0.1609064,-0.1637464,1
3.75937,5.669208,-5.015542,-0.04692807,-0.01431075,0.001377338,177.0597,255.8506,-250.9164,256.7469,-260.5972,0.01975845,-0.03860597,-2.505908e-05,-0.1671432,-0.1639198,-0.1677288,-0.1702441,1
3.712545,5.625029,-5.497297,-0.04934567,-0.01288564,0.000950267,177.2578,265.6481,-261.4365,266.4425,-271.2039,0.01936759,-0.03866077,-2.658472e-05,-0.1735438,-0.1707924,-0.1740627,-0.1771733,1
3.717412,5.628413,-5.898276,-0.05084408,-0.01035951,0.001014529,177.456,275.3471,-270.806,276.1298,-280.7115,0.01896042,-0.03869176,-2.711173e-05,-0.17988,-0.1769133,-0.1803913,-0.1833844,1
3.873126,5.771156,-6.068926,-0.05109777,-0.006767545,0.002187591,177.6544,284.049,-279.4539,284.9273,-289.5248,0.01854306,-0.0386944,-2.888655e-05,-0.1855648,-0.1825629,-0.1861386,-0.189142,1
3.760936,5.666385,-6.559179,-0.0530694,-0.005733511,0.001403642,177.8529,292.2427,-287.3686,293.0424,-297.6492,0.01811255,-0.03867797,-2.298137e-05,-0.1909176,-0.1877334,-0.19144,-0.1944496,1
4.011669,5.896945,-6.552277,-0.05200592,-0.002337728,0.003212762,178.0516,299.8501,-294.818,300.8195,-305.2673,0.01768298,-0.0386354,-1.751464e-05,-0.1958874,-0.1926,-0.1965207,-0.1994264,1
3.933668,5.823863,-6.955275,-0.05329736,-0.002288908,0.002604432,178.2506,307.0063,-301.748,307.8839,-312.6282,0.0165276,-0.03815845,-5.998934e-06,-0.2005625,-0.1971272,-0.2011357,-0.2042351,1
3.903786,5.795093,-7.277689,-0.05254357,-0.002807163,0.00227353,178.4498,313.8935,-308.2782,314.7985,-319.2738,0.0160956,-0.0381077,5.179583e-06,-0.2050617,-0.2013933,-0.205653,-0.2085766,1
3.732673,5.635914,-7.766745,-0.05278337,-0.005089107,0.0009021265,178.6494,319.8498,-314.881,320.67,-326.0117,0.01566198,-0.03807868,6.823906e-06,-0.2089529,-0.2057069,-0.2094887,-0.2129784,1
3.708421,5.612338,-8.04601,-0.05150178,-0.00613013,0.0007212769,178.8492,325.646,-320.5114,326.5063,-331.7652,0.01524176,-0.03805822,4.592269e-06,-0.2127395,-0.2093851,-0.2133015,-0.2167371,1
3.679325,5.584367,-8.303815,-0.05041605,-0.007599691,0.0005512723,179.0494,330.3669,-325.8469,331.2404,-337.2401,0.01482272,-0.0380627,-1.060772e-05,-0.2158236,-0.2128707,-0.2163942,-0.2203137,1
3.612762,5.521679,-8.584747,-0.0489706,-0.00938959,0.0002561121,179.25,335.0083,-329.9443,335.9045,-341.4626,0.01442615,-0.03807486,-2.029983e-05,-0.2188557,-0.2155475,-0.2194412,-0.2230722,1
3.80949,5.702442,-8.494059,-0.04609422,-0.009761336,0.001846608,179.451,338.9122,-333.7115,339.9612,-345.3363,0.01405555,-0.03809271,-2.519053e-05,-0.2214061,-0.2180085,-0.2220914,-0.2256029,1
3.915577,5.799621,-8.509546,-0.04437539,-0.01157445,0.00271423,179.6524,342.8523,-337.1435,343.9495,-348.882,0.01370326,-0.03812676,-1.494951e-05,-0.2239801,-0.2202506,-0.2246968,-0.2279191,1
3.660102,5.562731,-8.99509,-0.04534497,-0.01664968,0.0007239257,179.8543,346.472,-341.0837,347.3599,-352.9526,0.01334321,-0.03820858,-1.404244e-05,-0.2263447,-0.2228247,-0.2269248,-0.2305785,1
3.539731,5.450349,-9.303462,-0.04419241,-0.02022557,-0.0001711079,180.0565,349.6382,-344.9235,350.472,-356.8614,0.01298796,-0.03833186,-3.432667e-05,-0.2284132,-0.2253331,-0.2289579,-0.233132,1
3.727501,5.622551,-9.186355,-0.04034163,-0.02111558,0.001460697,180.2593,352.6301,-347.3271,353.6454,-359.2944,0.01267305,-0.0384616,-4.45073e-05,-0.2303677,-0.2269034,-0.2310311,-0.2347214,1
3.70263,5.598571,-9.318789,-0.03923751,-0.02439052,0.001408958,180.4625,354.8923,-349.7817,355.8593,-361.8294,0.01236687,-0.03862776,-5.180718e-05,-0.2318456,-0.228507,-0.2324773,-0.2363776,1
3.936794,5.81381,-9.109669,-0.03591201,-0.02555672,0.003231717,180.6662,357.6974,-351.5515,358.8088,-363.6199,0.01209745,-0.03880056,-4.513333e-05,-0.2336782,-0.2296631,-0.2344042,-0.2375472,1
3.726019,5.618137,-9.477199,-0.03682019,-0.03084332,0.00160252,180.8704,359.9217,-354.0852,360.8099,-366.2331,0.01182705,-0.03901814,-3.524037e-05,-0.2351312,-0.2313184,-0.2357115,-0.2392544,1
3.839451,5.72174,-9.430798,-0.03469027,-0.03317242,0.002315961,181.0751,362.3862,-356.6396,363.3073,-368.7889,0.01156907,-0.03926743,-3.420738e-05,-0.2367413,-0.2329871,-0.237343,-0.2409241,1
3.650649,5.545973,-9.774486,-0.03466963,-0.03765013,0.0008954177,181.2804,364.6074,-358.8637,365.3685,-371.0409,0.01131798,-0.03955512,-3.301415e-05,-0.2381923,-0.2344401,-0.2386896,-0.2423952,1
3.78334,5.667109,-9.686032,-0.03214083,-0.03922953,0.001840466,181.4861,366.3703,-360.9893,367.1947,-373.1486,0.01108169,-0.03987025,-4.370302e-05,-0.239344,-0.2358287,-0.2398826,-0.2437722,1
4.102248,5.960287,-9.342091,-0.02844434,-0.03919998,0.004303386,181.6924,368.3474,-362.0823,369.3526,-374.2075,0.01088287,-0.04018549,-3.376231e-05,-0.2406356,-0.2365428,-0.2412923,-0.2444639,1
3.746033,5.629888,-9.869833,-0.03083629,-0.04495722,0.001533151,181.8992,369.9549,-363.9254,370.612,-376.1067,0.01067143,-0.04054765,-2.269422e-05,-0.2416858,-0.2377468,-0.2421151,-0.2457046,1
3.576629,5.471675,-10.16689,-0.030741,-0.04842257,0.0001127704,182.1066,371.5,-366.1527,372.0032,-378.3127,0.01045628,-0.04094836,-3.667504e-05,-0.2426951,-0.2392019,-0.2430239,-0.2471458,1
3.813365,5.688504,-9.923985,-0.02714246,-0.04797886,0.0019884,182.3145,372.8241,-367.2916,373.4863,-379.3785,0.01027196,-0.04135098,-4.767551e-05,-0.2435602,-0.2399459,-0.2439928,-0.247842,1
3.651291,5.537059,-10.17679,-0.02747079,-0.05084278,0.0008886087,182.523,373.7582,-368.1979,374.2494,-380.2864,0.01009067,-0.04177772,-5.223148e-05,-0.2441704,-0.2405379,-0.2444913,-0.2484352,1
3.736035,5.613533,-10.10419,-0.02576348,-0.05134681,0.00153205,182.7321,374.9319,-368.8589,375.4357,-380.9002,0.009931061,-0.04220408,-5.431128e-05,-0.2449371,-0.2409698,-0.2452663,-0.2488362,1
3.675482,5.555882,-10.21936,-0.0257903,-0.05310004,0.001076879,182.9417,375.6015,-369.9867,375.9755,-382.0067,0.009770624,-0.04264998,-5.668935e-05,-0.2453746,-0.2417066,-0.245619,-0.249559,1
3.736625,5.610507,-10.17832,-0.02457769,-0.05337349,0.001519539,183.1519,376.4559,-370.9507,376.8058,-382.9145,0.009613026,-0.04310939,-6.575986e-05,-0.2459328,-0.2423363,-0.2461613,-0.2501521,1
3.588207,5.471401,-10.405,-0.02468144,-0.05477834,0.0004928432,183.3627,377.259,-371.4688,377.4688,-383.3936,0.009464371,-0.0435732,-7.200441e-05,-0.2464574,-0.2426748,-0.2465945,-0.2504651,1
3.815886,5.679839,-10.13038,-0.02235668,-0.05297932,0.002214365,183.5741,377.7521,-371.9538,378.0569,-383.8073,0.009334701,-0.04402435,-7.651838e-05,-0.2467796,-0.2429916,-0.2469787,-0.2507353,1
3.751147,5.618244,-10.23593,-0.02281897,-0.05354877,0.001760243,183.7861,378.3075,-372.4709,378.4727,-384.2972,0.009201784,-0.04448142,-7.291019e-05,-0.2471424,-0.2433295,-0.2472503,-0.2510554,1
3.688211,5.558183,-10.34336,-0.0229361,-0.05359705,0.001217892,183.9986,378.8571,-373.2246,378.9089,-385.0033,0.009063363,-0.04494439,-8.120097e-05,-0.2475014,-0.2438218,-0.2475353,-0.2515167,1
3.632845,5.504992,-10.43913,-0.02257864,-0.05296222,0.0008730804,184.2117,379.2056,-373.7055,379.1855,-385.4264,0.008930955,-0.0453993,-9.2485e-05,-0.2477291,-0.244136,-0.247716,-0.2517931,1
3.729061,5.591934,-10.32484,-0.02136637,-0.05085881,0.001689269,184.4254,379.4928,-373.7354,379.4942,-385.3956,0.008812575,-0.04583208,-9.662238e-05,-0.2479167,-0.2441555,-0.2479177,-0.2517729,1
3.562169,5.435946,-10.54918,-0.02263181,-0.05084416,0.0004823304,184.6398,379.5632,-374.0568,379.3763,-385.6974,0.008683189,-0.0462644,-0.0001029379,-0.2479627,-0.2443655,-0.2478407,-0.2519701,1
3.394132,5.278749,-10.77785,-0.02326925,-0.05019675,-0.0007087091,184.8547,379.5677,-374.4,379.2377,-385.9971,0.008547006,-0.04669107,-0.0001228162,-0.2479657,-0.2445897,-0.2477501,-0.2521659,1
3.501012,5.375545,-10.63814,-0.02158227,-0.0468346,0.0002992233,185.0702,379.4378,-374.0371,379.1795,-385.5623,0.00842954,-0.04708267,-0.0001387866,-0.2478808,-0.2443526,-0.2477121,-0.2518818,1
3.931174,5.771406,-10.06126,-0.0185667,-0.04119034,0.00366425,185.2863,379.3554,-373.2112,379.3256,-384.6678,0.008337798,-0.04742396,-0.0001323024,-0.247827,-0.243813,-0.2478075,-0.2512975,1
3.528097,5.397729,-10.57779,-0.02270933,-0.04261785,0.0006130712,185.5029,379.4473,-373.2749,379.0221,-384.7705,0.008218518,-0.04776603,-0.000118297,-0.247887,-0.2438547,-0.2476093,-0.2513646,1
3.677991,5.534668,-10.39502,-0.02164426,-0.03887536,0.001548174,185.7202,379.3284,-374.1982,378.9518,-385.6236,0.008085966,-0.04809626,-0.000136917,-0.2478094,-0.2444579,-0.2475633,-0.2519219,1
3.712447,5.564876,-10.35917,-0.02079459,-0.03535322,0.002023714,185.9381,379.4887,-373.7613,379.144,-385.1317,0.007968489,-0.0483855,-0.0001396576,-0.2479141,-0.2441724,-0.2476888,-0.2516006,1
3.703012,5.554869,-10.35928,-0.02118212,-0.03235041,0.001994689,186.1566,379.3503,-373.3733,378.9577,-384.7324,0.007853502,-0.04863904,-0.0001366761,-0.2478237,-0.2439189,-0.2475672,-0.2513397,1
3.577468,5.437729,-10.51739,-0.02261379,-0.0302822,0.001043996,186.3756,379.1858,-373.4775,378.6567,-384.8365,0.007726018,-0.04887024,-0.0001367356,-0.2477162,-0.2439871,-0.2473705,-0.2514077,1
3.767156,5.611839,-10.26966,-0.02134835,-0.0253725,0.002459903,186.5952,379.2744,-373.2689,378.853,-384.5839,0.007606859,-0.04905692,-0.0001345129,-0.2477741,-0.2438507,-0.2474988,-0.2512426,1
3.70894,5.557158,-10.34199,-0.02244275,-0.02257098,0.002023897,186.8155,379.1507,-373.2417,378.642,-384.5629,0.007477934,-0.04921582,-0.0001285025,-0.2476932,-0.243833,-0.2473609,-0.251229,1
3.740167,5.585142,-10.30088,-0.02261496,-0.01879467,0.002203263,187.0363,379.2447,-373.214,378.7334,-384.5236,0.007346549,-0.0493378,-0.0001242078,-0.2477546,-0.2438149,-0.2474206,-0.2512032,1
3.745675,5.589507,-10.29414,-0.0230706,-0.01516492,0.002216675,187.2577,379.1795,-373.2641,378.6487,-384.5738,0.007209853,-0.04942504,-0.0001197958,-0.2477121,-0.2438476,-0.2473653,-0.2512361,1
3.695278,5.542324,-10.35948,-0.02388933,-0.01184819,0.001817483,187.4797,379.3414,-373.1056,378.766,-384.4252,0.007071618,-0.049472,-0.0001101709,-0.2478178,-0.2437441,-0.2474419,-0.251139,1
3.858292,5.692514,-10.14648,-0.02340992,-0.006924791,0.002936153,187.7023,379.1923,-373.3036,378.6995,-384.6217,0.006927103,-0.04948243,-0.0001064319,-0.2477204,-0.2438734,-0.2473985,-0.2512674,1
3.682855,5.53008,-10.37741,-0.02523511,-0.004541548,0.001625683,187.9255,379.5164,-373.0694,378.9029,-384.4222,0.006778026,-0.04945438,-9.150742e-05,-0.2479322,-0.2437204,-0.2475314,-0.251137,1
3.886909,5.718448,-10.11198,-0.02449204,0.0007775571,0.00298678,188.1492,379.4708,-373.3111,378.9788,-384.6672,0.006627044,-0.04938334,-8.438105e-05,-0.2479023,-0.2438783,-0.2475809,-0.2512971,1
3.726069,5.569825,-10.32739,-0.0264946,0.003155845,0.001747099,188.3736,379.6667,-373.4208,379.0541,-384.8259,0.006462356,-0.04928231,-7.02061e-05,-0.2480304,-0.24395,-0.2476302,-0.2514008,1
3.534067,5.392425,-10.58388,-0.02835403,0.005530532,0.0001892295,188.5986,379.4274,-374.0623,378.6971,-385.5109,0.006270853,-0.04916696,-8.104863e-05,-0.247874,-0.2443691,-0.2473969,-0.2518482,1
4.059936,5.878249,-9.89756,-0.02408765,0.01414793,0.004235997,188.8241,379.6298,-373.201,379.3343,-384.6075,0.006117783,-0.04896928,-7.605753e-05,-0.2480062,-0.2438064,-0.2478132,-0.2512581,1
3.709843,5.555447,-10.33521,-0.02824836,0.01470692,0.001636901,189.0502,379.3945,-372.8908,378.8205,-384.4207,0.005942381,-0.0487472,-5.221067e-05,-0.2478525,-0.2436038,-0.2474776,-0.2511361,1
3.829537,5.666609,-10.17917,-0.02827687,0.01917806,0.002275765,189.277,379.3787,-373.4682,378.8788,-385.03,0.005748808,-0.04849836,-5.258208e-05,-0.2478422,-0.2439809,-0.2475156,-0.2515341,1
3.793958,5.634276,-10.23351,-0.02876606,0.0227422,0.002056375,189.5043,379.769,-373.1076,379.2979,-384.7108,0.005563427,-0.04819954,-3.724651e-05,-0.2480972,-0.2437454,-0.2477894,-0.2513255,1
3.763128,5.606678,-10.2694,-0.0300373,0.02592375,0.001687685,189.7322,379.5056,-373.468,379.0133,-385.1447,0.00536065,-0.04787482,-3.126077e-05,-0.2479251,-0.2439808,-0.2476035,-0.251609,1
3.639128,5.492961,-10.43499,-0.03137695,0.02860986,0.0007391475,189.9607,379.5756,-373.5905,379.0432,-385.3324,0.00514474,-0.04752261,-2.971903e-05,-0.2479708,-0.2440609,-0.247623,-0.2517317,1
3.799954,5.642502,-10.2214,-0.03039502,0.03367731,0.001949027,190.1898,379.6055,-373.1926,379.2473,-384.9745,0.004939747,-0.04711825,-2.487591e-05,-0.2479904,-0.2438009,-0.2477563,-0.2514979,1
3.789027,5.633731,-10.22405,-0.03150428,0.03684216,0.001857228,190.4195,379.1609,-373.2475,378.8058,-385.1191,0.004718233,-0.04668932,-2.087728e-05,-0.2476999,-0.2438368,-0.2474679,-0.2515923,1
4.174613,5.991344,-9.713556,-0.02929543,0.04323866,0.004703819,190.6497,379.2906,-372.7895,379.235,-384.695,0.004506384,-0.04620945,-1.134844e-05,-0.2477847,-0.2435376,-0.2477484,-0.2513153,1
3.776521,5.625168,-10.22469,-0.03340362,0.04298573,0.001696957,190.8806,379.3948,-372.6098,379.0841,-384.6554,0.004275373,-0.0457091,9.458547e-06,-0.2478527,-0.2434202,-0.2476498,-0.2512894,1
3.633683,5.494759,-10.41252,-0.03509838,0.04492335,0.0004334438,191.112,379.245,-373.3059,378.8817,-385.4396,0.004023514,-0.04519211,6.31839e-06,-0.2477548,-0.243875,-0.2475175,-0.2518017,1
3.62809,5.491106,-10.42432,-0.03509268,0.04827029,0.0004682086,191.3441,379.0745,-373.3471,378.7994,-385.5452,0.003766807,-0.04464684,-1.574007e-06,-0.2476434,-0.2439018,-0.2474638,-0.2518706,1
3.988675,5.826008,-9.938693,-0.03261837,0.05442574,0.003269809,191.5767,379.0229,-372.3848,379.077,-384.6334,0.003532411,-0.04404292,4.617109e-06,-0.2476098,-0.2432732,-0.2476451,-0.2512751,1
3.889594,5.736691,-10.04508,-0.03481136,0.05605493,0.002514591,191.8099,378.7826,-371.9929,378.7734,-384.3814,0.003285381,-0.04341356,2.410244e-05,-0.2474528,-0.2430172,-0.2474468,-0.2511104,1
3.974188,5.817071,-9.929068,-0.03538117,0.05902163,0.00295147,192.0438,378.8945,-372.2108,378.9594,-384.6955,0.003026129,-0.04276032,3.733562e-05,-0.2475259,-0.2431595,-0.2475682,-0.2513156,1
3.864289,5.717736,-10.07893,-0.03704282,0.06047583,0.002020653,192.2782,379.1249,-372.4613,379.1587,-385.0547,0.002753087,-0.0420894,5.014419e-05,-0.2476764,-0.2433232,-0.2476984,-0.2515502,1
3.616524,5.490992,-10.40779,-0.03935381,0.06100786,6.932503e-05,192.5132,379.1146,-372.9197,379.0508,-385.6315,0.002459622,-0.0414101,4.875761e-05,-0.2476697,-0.2436226,-0.247628,-0.251927,1
3.653674,5.527436,-10.35949,-0.03897336,0.06411842,0.0003891019,192.7487,378.7548,-373.0706,378.8246,-385.8629,0.002160507,-0.04070979,3.287195e-05,-0.2474346,-0.2437212,-0.2474802,-0.2520782,1
3.825788,5.68875,-10.11722,-0.03766156,0.06825487,0.00188373,192.9849,378.5903,-372.05,378.8896,-384.9281,0.001879889,-0.03996241,3.369583e-05,-0.2473272,-0.2430544,-0.2475227,-0.2514676,1
3.694069,5.569761,-10.25963,-0.03971095,0.06919935,0.0009399814,193.2217,377.9995,-371.6715,378.2461,-384.7029,0.001582381,-0.03920235,3.598148e-05,-0.2469411,-0.2428072,-0.2471023,-0.2513205,1
3.557472,5.446175,-10.4209,-0.04116744,0.07019696,-6.189663e-05,193.459,377.5195,-371.6802,377.7453,-384.8353,0.001264834,-0.03843722,2.346923e-05,-0.2466276,-0.2428129,-0.2467751,-0.2514069,1
3.74878,5.625491,-10.1527,-0.03955927,0.07405697,0.001535354,193.697,377.1449,-370.9199,377.618,-384.1536,0.000960491,-0.03763601,1.397285e-05,-0.2463829,-0.2423162,-0.246692,-0.2509616,1
3.742226,5.622339,-10.12882,-0.04026845,0.07578214,0.001641289,193.9355,376.5779,-370.0964,377.1118,-383.4666,0.0006547967,-0.03681204,1.65302e-05,-0.2460125,-0.2417782,-0.2463612,-0.2505128,1
3.81593,5.693457,-10.00506,-0.04057088,0.07782149,0.00219541,194.1746,376.3663,-369.4757,377.0016,-382.9718,0.0003483124,-0.03596427,2.502572e-05,-0.2458743,-0.2413727,-0.2462893,-0.2501895,1
3.503405,5.407782,-10.39702,-0.04378624,0.07652643,-0.0001785091,194.4143,376.0597,-369.5356,376.5291,-383.1955,1.703675e-05,-0.03512109,2.830741e-05,-0.2456739,-0.2414119,-0.2459806,-0.2503356,1
3.296209,5.219197,-10.65959,-0.04526049,0.07649222,-0.001720647,194.6546,375.4255,-369.9544,375.8574,-383.7365,-0.0003396613,-0.03428898,2.831018e-06,-0.2452596,-0.2416855,-0.2455418,-0.2506891,1
3.651645,5.55033,-10.17529,-0.04172355,0.08143816,0.001238539,194.8954,374.8978,-368.8468,375.7362,-382.686,-0.0006688089,-0.03341562,-1.740771e-05,-0.2449149,-0.2409619,-0.2454626,-0.2500028,1
3.704524,5.602441,-10.05836,-0.04190598,0.08310978,0.001911614,195.1369,373.8654,-367.6494,374.8097,-381.6402,-0.0009989074,-0.03252655,-2.333284e-05,-0.2442404,-0.2401796,-0.2448573,-0.2493196,1
3.753553,5.651073,-9.951055,-0.04217027,0.08443617,0.002385359,195.3789,373.3395,-366.6399,374.3806,-380.7723,-0.001329734,-0.03162106,-2.349714e-05,-0.2438969,-0.2395201,-0.244577,-0.2487526,1
3.568464,5.483439,-10.16143,-0.0441681,0.0836105,0.001059218,195.6214,372.9583,-366.0204,373.9374,-380.3129,-0.001666795,-0.03070782,-1.722336e-05,-0.2436478,-0.2391154,-0.2442875,-0.2484525,1
3.970768,5.85855,-9.614931,-0.04191903,0.08720253,0.003993001,195.8646,372.5579,-365.785,373.8582,-380.1716,-0.001999634,-0.02977753,-1.414686e-05,-0.2433863,-0.2389616,-0.2442357,-0.2483602,1
3.659998,5.574871,-10.00686,-0.04506817,0.084885,0.001692383,196.1083,372.6854,-365.3704,373.8227,-379.9342,-0.002347914,-0.02885356,3.3942e-06,-0.2434696,-0.2386908,-0.2442125,-0.2482051,1
4.121332,6.004464,-9.396746,-0.0422574,0.08875193,0.004914432,196.3526,372.5525,-365.5242,374.0588,-380.1686,-0.002690188,-0.02791381,5.302566e-06,-0.2433827,-0.2387913,-0.2443668,-0.2483583,1
3.520498,5.452711,-10.17815,-0.04739526,0.08399664,0.000471128,196.5974,372.6161,-365.6035,373.774,-380.4523,-0.003060101,-0.02699684,1.84438e-05,-0.2434243,-0.2388431,-0.2441807,-0.2485436,1
3.550694,5.483693,-10.13636,-0.0469381,0.08475638,0.0005429184,196.8428,372.4202,-365.9955,373.7104,-380.9484,-0.003436857,-0.02608245,1.305121e-06,-0.2432963,-0.2390992,-0.2441392,-0.2488677,1
3.4189,5.364993,-10.2988,-0.04744523,0.08433423,-0.0002194464,197.0888,371.9247,-365.6585,373.2555,-380.7423,-0.003814446,-0.02516822,-1.316078e-05,-0.2429726,-0.238879,-0.243842,-0.248733,1
3.328782,5.284861,-10.38673,-0.04775995,0.0841791,-0.0007054642,197.3354,371.0842,-365.1131,372.4724,-380.336,-0.004199478,-0.02426024,-3.869679e-05,-0.2424236,-0.2385227,-0.2433304,-0.2484676,1
3.610249,5.548067,-9.980553,-0.04513822,0.08695805,0.001690741,197.5825,370.3497,-363.7872,372.0589,-379.1096,-0.004561034,-0.02332691,-5.542194e-05,-0.2419437,-0.2376565,-0.2430603,-0.2476664,1
3.553026,5.498682,-10.00603,-0.04610737,0.08623669,0.001486961,197.8301,369.515,-362.6391,371.2424,-378.1328,-0.004923619,-0.022392,-5.621692e-05,-0.2413984,-0.2369065,-0.2425269,-0.2470283,1
3.661798,5.602653,-9.827025,-0.04585715,0.08652556,0.002316977,198.0784,368.9388,-362.0681,370.7865,-377.6995,-0.005291383,-0.02146125,-6.048285e-05,-0.241022,-0.2365334,-0.2422291,-0.2467452,1
3.490266,5.447535,-10.02688,-0.04732764,0.08454813,0.00111419,198.3271,368.7263,-361.4591,370.5291,-377.2441,-0.00566176,-0.02053638,-5.701976e-05,-0.2408831,-0.2361356,-0.2420609,-0.2464477,1
3.724313,5.667121,-9.700505,-0.04589178,0.08562919,0.002812334,198.5765,368.0945,-361.4421,370.1115,-377.3375,-0.006036204,-0.01962018,-6.663783e-05,-0.2404704,-0.2361245,-0.2417881,-0.2465087,1
3.564445,5.522652,-9.891844,-0.04704063,0.08364933,0.001753634,198.8264,368.1451,-360.6627,370.1389,-376.7056,-0.006406588,-0.01870689,-5.911602e-05,-0.2405034,-0.2356153,-0.2418059,-0.2460959,1
3.261314,5.245801,-10.26752,-0.04944941,0.08034021,-0.0005733888,199.0768,367.4291,-360.961,369.2806,-377.1707,-0.006802919,-0.01782813,-7.518271e-05,-0.2400357,-0.2358102,-0.2412453,-0.2463998,1
3.501842,5.470949,-9.938213,-0.04672209,0.08188555,0.001395429,199.3278,366.893,-360.507,369.0395,-376.7933,-0.007185479,-0.01694724,-9.832942e-05,-0.2396855,-0.2355136,-0.2410877,-0.2461532,1
3.490896,5.463921,-9.917405,-0.04644369,0.08109044,0.001597041,199.5793,366.2595,-359.3185,368.4963,-375.7442,-0.007558025,-0.01606771,-0.0001062377,-0.2392716,-0.2347372,-0.2407329,-0.2454678,1
3.697114,5.657644,-9.607275,-0.04505917,0.08157837,0.003223419,199.8314,365.8229,-358.2206,368.2611,-374.7731,-0.007913452,-0.01517894,-0.0001032775,-0.2389864,-0.23402,-0.2405793,-0.2448334,1
3.697527,5.66135,-9.577934,-0.04588491,0.07973715,0.003199849,200.084,365.4063,-357.9083,367.8522,-374.6179,-0.008277223,-0.01430848,-9.312991e-05,-0.2387142,-0.2338159,-0.2403121,-0.2447321,1
3.387634,5.378098,-9.97219,-0.04838537,0.07553967,0.0007883775,200.3372,365.3498,-358.0785,367.6283,-374.9457,-0.008662297,-0.01347467,-9.303841e-05,-0.2386773,-0.2339271,-0.2401659,-0.2449462,1
3.393734,5.386463,-9.960202,-0.04755788,0.07436545,0.0008252154,200.5909,365.2419,-357.9934,367.6316,-374.9561,-0.009038375,-0.01265023,-0.0001024604,-0.2386069,-0.2338715,-0.240168,-0.244953,1
3.460555,5.450991,-9.857241,-0.04672886,0.07344826,0.001426922,200.8451,364.6128,-357.8254,367.1209,-374.9021,-0.009414192,-0.01184439,-0.0001138719,-0.2381958,-0.2337618,-0.2398344,-0.2449177,1
3.59557,5.578459,-9.658604,-0.04532396,0.07305297,0.002556518,201.0999,364.6494,-356.7793,367.3303,-373.9633,-0.009769076,-0.01103471,-0.0001091072,-0.2382198,-0.2330783,-0.2399711,-0.2443044,1
3.480826,5.47531,-9.784771,-0.04660755,0.07004419,0.001648165,201.3552,364.1962,-356.6491,366.8176,-373.9875,-0.01013365,-0.01025186,-0.0001057542,-0.2379237,-0.2329933,-0.2396363,-0.2443202,1
3.521006,5.515059,-9.722773,-0.04616839,0.06839436,0.001896264,201.611,363.9162,-356.8236,366.6106,-374.2685,-0.01050566,-0.009497095,-0.0001135011,-0.2377408,-0.2331073,-0.239501,-0.2445038,1
3.113571,5.140992,-10.24575,-0.04836566,0.06351425,-0.001033291,201.8674,363.6038,-356.7116,366.1128,-374.2953,-0.01089051,-0.008781029,-0.0001290142,-0.2375367,-0.2330342,-0.2391758,-0.2445213,1
3.889088,5.859749,-9.21182,-0.0414816,0.06827915,0.004873979,202.1243,363.1835,-355.7527,366.327,-373.3466,-0.01122712,-0.008038627,-0.0001423607,-0.2372622,-0.2324077,-0.2393157,-0.2439015,1
3.360247,5.373778,-9.868279,-0.04597968,0.0615719,0.001126948,202.3818,362.7161,-355.0193,365.4992,-372.8236,-0.0115825,-0.007337579,-0.0001282147,-0.2369568,-0.2319286,-0.238775,-0.2435598,1
3.215361,5.242139,-10.04009,-0.04656487,0.05829304,-0.0001217776,202.6398,362.3354,-355.3278,365.0722,-373.2415,-0.01195374,-0.006676557,-0.000148294,-0.2367081,-0.2321301,-0.238496,-0.2438329,1
3.617815,5.615968,-9.503775,-0.04230652,0.05972067,0.003087428,202.8983,361.844,-354.7488,364.9546,-372.6968,-0.01229485,-0.006014421,-0.0001633635,-0.236387,-0.2317519,-0.2384192,-0.243477,1
3.635091,5.634148,-9.4491,-0.04204856,0.0574597,0.003398358,203.1573,361.655,-353.5338,364.809,-371.6057,-0.01261969,-0.005361694,-0.0001504701,-0.2362636,-0.2309582,-0.2383241,-0.2427642,1
3.314551,5.340184,-9.844415,-0.04466864,0.05208152,0.0008762303,203.4168,360.9996,-353.9138,363.9272,-372.138,-0.01297603,-0.004767654,-0.0001597805,-0.2358354,-0.2312064,-0.237748,-0.243112,1
3.561233,5.569784,-9.515894,-0.0414199,0.05200062,0.002808204,203.6769,360.9442,-353.4453,364.1375,-371.7028,-0.01330531,-0.004178027,-0.0001706049,-0.2357993,-0.2309003,-0.2378853,-0.2428277,1
3.153156,5.194569,-10.02617,-0.04387418,0.04625763,-7.321281e-05,203.9375,360.4394,-352.9623,363.4008,-371.364,-0.01363947,-0.003625692,-0.0001716518,-0.2354695,-0.2305848,-0.2374041,-0.2426063,1
3.540156,5.553772,-9.499722,-0.04016491,0.04690746,0.002803829,204.1986,360.0037,-352.5827,363.2777,-371.0242,-0.01395499,-0.003084884,-0.0001835254,-0.2351848,-0.2303368,-0.2373237,-0.2423843,1
3.382898,5.41016,-9.684392,-0.04086694,0.04287357,0.00179517,204.4603,359.7642,-351.8476,362.9584,-370.4023,-0.01426425,-0.002571099,-0.0001761126,-0.2350284,-0.2298566,-0.2371151,-0.241978,1
3.305031,5.339758,-9.766702,-0.04095183,0.03938136,0.001141096,204.7224,359.2397,-351.9283,362.3982,-370.5756,-0.01458227,-0.0020996,-0.0001863111,-0.2346857,-0.2299093,-0.2367491,-0.2420913,1
3.357826,5.389802,-9.685953,-0.03929537,0.03725767,0.001665608,204.9851,359.1885,-351.2579,362.4519,-369.9586,-0.01487557,-0.001639395,-0.0001859902,-0.2346523,-0.2294713,-0.2367842,-0.2416882,1
3.60924,5.623495,-9.336877,-0.03713487,0.03614132,0.003537688,205.2483,358.8291,-350.8074,362.2617,-369.5714,-0.01515359,-0.00119768,-0.0001782129,-0.2344175,-0.229177,-0.2366599,-0.2414352,1
3.522443,5.544641,-9.438712,-0.03769928,0.03204174,0.002821666,205.512,358.9536,-350.571,362.3074,-369.4287,-0.01543176,-0.0007909765,-0.0001610872,-0.2344988,-0.2290226,-0.2366898,-0.2413421,1
3.420268,5.45132,-9.57301,-0.03797563,0.02793585,0.001875955,205.7762,358.9645,-350.9889,362.2474,-369.9159,-0.01571528,-0.0004269679,-0.0001567544,-0.2345059,-0.2292956,-0.2366506,-0.2416603,1
3.485306,5.512216,-9.49399,-0.03646061,0.02547814,0.002318328,206.0409,358.9491,-351.1977,362.3071,-370.157,-0.01598928,-9.312971e-05,-0.0001568029,-0.2344959,-0.229432,-0.2366896,-0.2418178,1
3.215453,5.263561,-9.843966,-0.0374146,0.0204465,0.000340333,206.3062,358.9696,-351.0474,362.1785,-370.0798,-0.01626032,0.0002037364,-0.0001538115,-0.2345092,-0.2293338,-0.2366056,-0.2417673,1
3.269651,5.314146,-9.766196,-0.03584303,0.01810241,0.0007224677,206.5719,358.4647,-351.2238,361.7416,-370.2867,-0.01652824,0.0004643262,-0.0001687919,-0.2341794,-0.229449,-0.2363201,-0.2419025,1
3.233984,5.281546,-9.799915,-0.03461949,0.01523201,0.0006622468,206.8382,358.0154,-350.7245,361.3187,-369.8224,-0.01678431,0.0006954693,-0.0001807713,-0.2338859,-0.2291228,-0.2360439,-0.2415992,1
3.417397,5.45133,-9.534029,-0.03197103,0.01401839,0.002192928,207.1049,357.6103,-349.7257,361.0748,-368.8452,-0.0170121,0.0009165022,-0.0001840639,-0.2336213,-0.2284704,-0.2358846,-0.2409608,1
3.341999,5.382108,-9.604088,-0.03202241,0.01017755,0.001715097,207.3722,357.02,-349.2271,360.4115,-368.4132,-0.0172366,0.001102928,-0.0001804288,-0.2332356,-0.2281446,-0.2354512,-0.2406786,1
3.55091,5.57539,-9.314268,-0.02968709,0.008588098,0.003257324,207.64,356.8076,-348.8323,360.3281,-368.0305,-0.01744681,0.001264803,-0.0001767062,-0.2330969,-0.2278868,-0.2353967,-0.2404286,1
3.145014,5.200509,-9.833259,-0.0318535,0.002043775,0.0002579485,207.9083,356.7971,-348.5152,360.035,-367.7856,-0.01765694,0.001384909,-0.0001640923,-0.23309,-0.2276796,-0.2352053,-0.2402686,1
3.458714,5.49028,-9.417816,-0.02846626,0.001339312,0.002470041,208.1771,356.1908,-348.9563,359.632,-368.2031,-0.01786138,0.001468845,-0.0001763414,-0.2326939,-0.2279677,-0.234942,-0.2405414,1
3.427624,5.461325,-9.451832,-0.02726936,-0.00188576,0.002438301,208.4464,356.5707,-347.8552,360.0173,-367.1117,-0.01803229,0.001543131,-0.0001559784,-0.2329421,-0.2272484,-0.2351937,-0.2398284,1
3.143062,5.198282,-9.80835,-0.02900419,-0.007694053,0.0001447345,208.7162,355.7897,-348.4756,358.9854,-367.793,-0.01822882,0.001550213,-0.0001612062,-0.2324319,-0.2276537,-0.2345195,-0.2402734,1
3.397891,5.433087,-9.475888,-0.02508364,-0.008339819,0.002144603,208.9865,355.9729,-347.9001,359.3927,-367.1595,-0.01838747,0.001551505,-0.000160574,-0.2325515,-0.2272777,-0.2347856,-0.2398596,1
3.334864,5.374442,-9.541771,-0.02478581,-0.01213539,0.001734227,209.2573,355.3535,-347.6617,358.6944,-366.9457,-0.01854378,0.00151217,-0.0001559037,-0.2321469,-0.2271219,-0.2343295,-0.2397199,1
3.493264,5.520161,-9.322771,-0.02243215,-0.01397847,0.002913489,209.5286,355.3664,-347.1376,358.8025,-366.3971,-0.01867877,0.001453039,-0.0001473617,-0.2321553,-0.2267796,-0.2344001,-0.2393616,1
3.394153,5.427953,-9.44261,-0.02237359,-0.01813321,0.002147437,209.8004,355.0717,-347.0556,358.3984,-366.3248,-0.0188101,0.001355217,-0.0001369956,-0.2319628,-0.226726,-0.2341361,-0.2393143,1
3.437205,5.466876,-9.382687,-0.02090638,-0.0209704,0.002410428,210.0727,354.9836,-347.0313,358.3152,-366.2732,-0.01893091,0.001225384,-0.0001303135,-0.2319053,-0.2267102,-0.2340817,-0.2392806,1
3.530747,5.552338,-9.258053,-0.01904703,-0.02335822,0.00309359,210.3455,355.0103,-346.7335,358.3816,-365.9399,-0.01903174,0.00107304,-0.0001166052,-0.2319227,-0.2265156,-0.2341251,-0.2390629,1
3.364657,5.397871,-9.471478,-0.01943801,-0.02795503,0.001775387,210.6188,355.1328,-346.606,358.3465,-365.8094,-0.01912365,0.0008886646,-9.578736e-05,-0.2320027,-0.2264323,-0.2341022,-0.2389776,1
3.701421,5.707895,-9.036594,-0.01619088,-0.02859376,0.004087223,210.8926,355.0995,-346.951,358.4796,-366.0858,-0.01920162,0.0006783927,-8.274869e-05,-0.231981,-0.2266577,-0.2341891,-0.2391581,1
3.131822,5.180325,-9.790667,-0.01945364,-0.03628993,-0.000206805,211.1669,355.5344,-347.0515,358.4861,-366.2051,-0.01928647,0.0004184662,-5.939809e-05,-0.2322651,-0.2267234,-0.2341934,-0.2392361,1
3.581712,5.594417,-9.214437,-0.01470366,-0.03545972,0.002906346,211.4417,355.2755,-347.7289,358.5064,-366.7671,-0.01935475,0.0001347996,-6.600669e-05,-0.232096,-0.2271658,-0.2342067,-0.2396032,1
3.478372,5.497331,-9.354737,-0.01415316,-0.03895272,0.002296236,211.7169,355.63,-347.0785,358.7707,-366.0745,-0.01939781,-0.0001643601,-4.101271e-05,-0.2323276,-0.226741,-0.2343793,-0.2391508,1
3.601467,5.609515,-9.19008,-0.01274009,-0.040976,0.002979735,211.9927,355.4177,-347.4151,358.5574,-366.3592,-0.01944043,-0.0004986702,-3.129987e-05,-0.2321889,-0.2269609,-0.2342399,-0.2393368,1
3.45509,5.472476,-9.391165,-0.01266947,-0.04479417,0.001854082,212.269,355.7128,-347.4454,358.7135,-366.3356,-0.01947276,-0.0008605368,-1.440977e-05,-0.2323816,-0.2269807,-0.2343419,-0.2393213,1
3.706588,5.702971,-9.069092,-0.009825431,-0.04539946,0.003582094,212.5458,355.7632,-347.5822,358.8793,-366.3774,-0.01948598,-0.001238493,-1.214256e-06,-0.2324146,-0.22707,-0.2344503,-0.2393487,1
3.535196,5.542725,-9.300946,-0.01039643,-0.04944493,0.00222921,212.823,356.1474,-347.5531,359.0775,-366.3036,-0.01949096,-0.00164253,2.594759e-05,-0.2326655,-0.227051,-0.2345798,-0.2393004,1
3.520281,5.526908,-9.333611,-0.00978817,-0.05214013,0.00186032,213.1008,356.3225,-348.1725,359.1673,-366.8477,-0.01949525,-0.002078708,3.965484e-05,-0.2327799,-0.2274557,-0.2346384,-0.2396559,1
3.456244,5.465501,-9.436716,-0.009092689,-0.05485278,0.00128716,213.3791,356.577,-348.5717,359.3333,-367.159,-0.01949182,-0.002541252,5.166724e-05,-0.2329462,-0.2277165,-0.2347469,-0.2398593,1
3.332153,5.348491,-9.61099,-0.00875898,-0.05777887,0.0002890025,213.6578,356.6581,-348.8304,359.2917,-367.3357,-0.01948275,-0.003030878,5.789744e-05,-0.2329992,-0.2278855,-0.2347197,-0.2399747,1
3.233427,5.254807,-9.746436,-0.008053398,-0.06022035,-0.0004521727,213.9371,356.2932,-349.1773,358.8294,-367.5922,-0.01947399,-0.003553221,4.917869e-05,-0.2327608,-0.2281121,-0.2344177,-0.2401423,1
3.570718,5.563873,-9.302252,-0.003768054,-0.05881483,0.002212264,214.2169,356.2853,-348.326,359.0484,-366.5997,-0.01942311,-0.004062357,5.314487e-05,-0.2327556,-0.227556,-0.2345607,-0.2394939,1
3.372964,5.378927,-9.543596,-0.004826863,-0.06236489,0.0007756884,214.4971,355.5439,-348.2976,358.0746,-366.5304,-0.01938454,-0.004611013,5.596851e-05,-0.2322713,-0.2275374,-0.2339246,-0.2394486,1
3.680565,5.660608,-9.135683,-0.001119877,-0.06134485,0.003085687,214.7779,355.7659,-347.5584,358.4756,-365.6505,-0.01931021,-0.005149129,6.56138e-05,-0.2324163,-0.2270545,-0.2341865,-0.2388738,1
3.369677,5.371086,-9.533431,-0.003032315,-0.06580303,0.0007455149,215.0592,355.4126,-347.5779,357.8134,-365.6277,-0.01924199,-0.005719123,8.174876e-05,-0.2321855,-0.2270672,-0.2337539,-0.2388589,1
3.509174,5.497445,-9.355204,-0.0009307395,-0.06628144,0.001650354,215.3409,355.3984,-347.8069,357.8333,-365.7288,-0.01916505,-0.006305648,8.499281e-05,-0.2321762,-0.2272168,-0.2337669,-0.2389249,1
3.558076,5.540072,-9.296896,0.0005828887,-0.06733391,0.002040538,215.6232,355.4989,-347.5048,357.9174,-365.3107,-0.01906851,-0.006898658,9.888096e-05,-0.2322419,-0.2270195,-0.2338219,-0.2386518,1
3.468734,5.455033,-9.413155,0.0006304845,-0.06960292,0.001279415,215.906,355.4304,-347.5696,357.7103,-365.2859,-0.01896789,-0.007510886,0.0001116709,-0.2321972,-0.2270618,-0.2336866,-0.2386356,1
3.620214,5.592414,-9.22239,0.002665328,-0.06979531,0.002307739,216.1892,355.638,-347.5405,357.9558,-365.1268,-0.01884775,-0.008125336,0.0001280205,-0.2323328,-0.2270428,-0.233847,-0.2385317,1
3.370492,5.359163,-9.55755,0.001366833,-0.07331146,0.0003246852,216.473,355.5989,-348.0002,357.657,-365.5072,-0.01873811,-0.008773108,0.000139988,-0.2323073,-0.2273431,-0.2336518,-0.2387802,1
3.42089,5.402939,-9.505752,0.003174484,-0.07382417,0.0006062298,216.7572,355.688,-348.2615,357.7473,-365.6242,-0.01861738,-0.009432793,0.0001389821,-0.2323655,-0.2275138,-0.2337107,-0.2388566,1
3.411587,5.391599,-9.522497,0.004455135,-0.07467657,0.0006030125,217.042,355.4342,-348.1794,357.4522,-365.4166,-0.01848365,-0.01010187,0.0001390238,-0.2321997,-0.2274602,-0.233518,-0.238721,1
3.434773,5.41034,-9.486759,0.005805703,-0.07523131,0.0008274822,217.3272,355.7628,-347.3289,357.7606,-364.4449,-0.01831597,-0.01075382,0.0001602209,-0.2324142,-0.2269046,-0.2337194,-0.2380862,1
3.403429,5.378988,-9.525405,0.005543499,-0.07692222,0.0003925586,217.613,355.1311,-348.1202,356.9762,-365.1448,-0.01816818,-0.0114423,0.0001634982,-0.2320016,-0.2274215,-0.233207,-0.2385434,1
3.328297,5.306796,-9.637712,0.006494636,-0.07810635,-0.0001578381,217.8992,355.3924,-348.119,357.1592,-365.0003,-0.01801317,-0.01214437,0.0001624576,-0.2321723,-0.2274207,-0.2333265,-0.238449,1
3.706333,5.653369,-9.14416,0.01069237,-0.07552394,0.002693513,218.1859,355.2975,-347.5658,357.2933,-364.2717,-0.01781912,-0.01282447,0.0001680562,-0.2321103,-0.2270593,-0.2334141,-0.2379731,1
3.438228,5.403292,-9.486515,0.008875657,-0.07871305,0.0006905383,218.4732,355.0584,-347.5388,356.7661,-364.1755,-0.01763169,-0.01352544,0.0001855767,-0.2319541,-0.2270417,-0.2330697,-0.2379102,1
3.364213,5.332322,-9.590731,0.009264624,-0.07996427,-2.987678e-05,218.7609,355.1646,-347.8744,356.7605,-364.3791,-0.01744533,-0.01424274,0.0001867771,-0.2320235,-0.2272609,-0.2330661,-0.2380432,1
3.590998,5.539222,-9.304904,0.01225997,-0.07851451,0.001666415,219.0491,355.1888,-347.7307,356.9058,-364.064,-0.01723244,-0.01494941,0.0001916142,-0.2320393,-0.2271671,-0.233161,-0.2378373,1
3.674016,5.613541,-9.196288,0.01333817,-0.07855095,0.002255687,219.3378,355.1364,-347.5901,356.824,-363.7979,-0.01700914,-0.01565825,0.0002065172,-0.2320051,-0.2270752,-0.2331076,-0.2376635,1
3.380812,5.340233,-9.586052,0.01172406,-0.08151814,-6.298855e-05,219.627,355.2775,-347.8879,356.6875,-363.9971,-0.01679455,-0.01638862,0.0002160168,-0.2320973,-0.2272697,-0.2330184,-0.2377936,1
3.431182,5.384191,-9.534595,0.01339561,-0.08126356,0.0002159137,219.9167,355.2721,-348.2443,356.6851,-364.1905,-0.01656812,-0.01712085,0.0002126543,-0.2320937,-0.2275026,-0.2330168,-0.23792,1
3.427452,5.378273,-9.546032,0.01450344,-0.08137798,0.0002484669,220.2069,355.0424,-348.2697,356.414,-364.0724,-0.0163332,-0.01785808,0.0002104235,-0.2319437,-0.2275192,-0.2328397,-0.2378429,1
3.53812,5.478126,-9.399716,0.01643316,-0.08047206,0.001111262,220.4976,355.1427,-347.7209,356.5547,-363.3716,-0.01607475,-0.01858173,0.0002165593,-0.2320092,-0.2271607,-0.2329317,-0.237385,1
3.658899,5.587573,-9.238429,0.0176939,-0.07988258,0.001947128,220.7888,355.0479,-347.5688,356.4585,-363.0858,-0.01580271,-0.01929893,0.0002299942,-0.2319473,-0.2270613,-0.2328688,-0.2371983,1
3.756386,5.675579,-9.118247,0.01854641,-0.07965912,0.002517229,221.0805,355.5064,-347.5462,356.8861,-362.9268,-0.01551751,-0.0200085,0.0002561782,-0.2322468,-0.2270465,-0.2331481,-0.2370944,1
3.675211,5.59855,-9.245607,0.01784687,-0.08099833,0.001604073,221.3727,355.7183,-348.5477,356.9254,-363.8052,-0.01524893,-0.02074254,0.0002691897,-0.2323852,-0.2277008,-0.2331738,-0.2376683,1
3.611636,5.537481,-9.361459,0.0184552,-0.08142117,0.0009682027,221.6653,356.5124,-348.9672,357.6458,-364.0612,-0.01496715,-0.02147241,0.0002814058,-0.232904,-0.2279748,-0.2336444,-0.2378355,1
3.861736,5.766391,-9.058411,0.02086049,-0.07940984,0.002655206,221.9585,356.6729,-349.5549,357.9123,-364.4758,-0.01467166,-0.0221945,0.0002896916,-0.2330089,-0.2283588,-0.2338185,-0.2381064,1
3.666097,5.58356,-9.335747,0.01976114,-0.08093987,0.001089108,222.2521,357.2907,-349.8336,358.3284,-364.6353,-0.01437557,-0.02292009,0.0003085878,-0.2334124,-0.2285408,-0.2340904,-0.2382106,1
3.64802,5.564747,-9.384243,0.02015912,-0.08085035,0.0006987245,222.5463,357.6022,-350.6475,358.5684,-365.2982,-0.01408086,-0.02365043,0.0003105339,-0.2336159,-0.2290725,-0.2342472,-0.2386436,1
3.541533,5.464214,-9.549404,0.02029246,-0.08111951,-0.0001470185,222.841,357.8225,-351.2168,358.6871,-365.7171,-0.01378346,-0.02438242,0.0003086805,-0.2337599,-0.2294445,-0.2343247,-0.2389173,1
3.442919,5.371004,-9.69383,0.02061846,-0.08105766,-0.0008927267,223.1361,357.9045,-351.4611,358.6859,-365.8125,-0.01348115,-0.02511242,0.0003006115,-0.2338134,-0.229604,-0.2343239,-0.2389796,1
3.33439,5.268734,-9.842335,0.02093835,-0.08089969,-0.001638166,223.4318,357.7209,-351.5218,358.4197,-365.7289,-0.01317309,-0.02583842,0.0002868814,-0.2336935,-0.2296437,-0.23415,-0.238925,1
3.423107,5.348852,-9.724243,0.02269006,-0.07909156,-0.0008569427,223.728,356.8309,-351.7956,357.5716,-365.8415,-0.01287074,-0.02657281,0.0002522586,-0.2331121,-0.2298226,-0.233596,-0.2389985,1
3.544481,5.459182,-9.551073,0.02537816,-0.07653484,0.0004210129,224.0247,357.3082,-349.7817,358.1837,-363.656,-0.0125084,-0.02724455,0.0002599302,-0.2334239,-0.2285069,-0.2339958,-0.2375708,1
3.656633,5.561789,-9.377631,0.02529606,-0.07560812,0.001128123,224.3218,356.2585,-350.0699,357.0699,-363.8495,-0.01215951,-0.0279224,0.0002608258,-0.2327381,-0.2286952,-0.2332682,-0.2376972,1
3.494448,5.410666,-9.597368,0.02440978,-0.07642939,-0.0001194849,224.6195,356.7116,-350.1284,357.354,-363.7797,-0.01181752,-0.02860487,0.0002658364,-0.2330341,-0.2287334,-0.2334538,-0.2376516,1
3.829097,5.718551,-9.17317,0.02762168,-0.07298273,0.002250033,224.9177,356.9735,-350.0966,357.8171,-363.5576,-0.01144992,-0.02925975,0.0002676608,-0.2332052,-0.2287127,-0.2337563,-0.2375065,1
3.806163,5.696368,-9.212746,0.02729101,-0.07279413,0.002013884,225.2164,356.9919,-350.468,357.7405,-363.8093,-0.01108454,-0.0299132,0.0002792415,-0.2332173,-0.2289553,-0.2337063,-0.237671,1
3.683284,5.581767,-9.392397,0.0266325,-0.07314113,0.0009129311,225.5156,357.7,-350.7802,358.3188,-363.9913,-0.010718,-0.03056095,0.0002913925,-0.2336798,-0.2291593,-0.2340841,-0.2377899,1
3.648207,5.548311,-9.464232,0.02673559,-0.07266016,0.0004470895,225.8152,357.9824,-351.5927,358.5391,-364.6595,-0.01035224,-0.03120596,0.0002925048,-0.2338643,-0.2296901,-0.234228,-0.2382264,1
3.60116,3.504481,-11.21738,0.02699491,-0.07201469,1.987908e-05,226.1154,358.3882,-351.9229,358.8964,-364.845,-0.009978645,-0.03183882,0.0002967909,-0.2341294,-0.2299057,-0.2344614,-0.2383476,1
3.561915,5.466662,-9.599489,0.0270932,-0.0713096,-0.0003927875,226.4161,356.5652,-350.9578,356.9827,-363.7765,-0.009616548,-0.03247933,0.0002840327,-0.2329385,-0.2292753,-0.2332112,-0.2376495,1
4.04566,5.912656,-8.865975,0.03190871,-0.06602796,0.003258483,226.7173,354.4258,-347.9627,355.1642,-360.6164,-0.00921599,-0.03307643,0.0002823331,-0.2315409,-0.2273186,-0.2320232,-0.2355851,1
3.38184,5.298803,-9.681409,0.02747753,-0.0706095,-0.001700666,227.019,354.1462,-347.8278,354.4276,-360.4209,-0.008830015,-0.03368745,0.0002916155,-0.2313582,-0.2272305,-0.231542,-0.2354574,1
3.741504,5.630503,-9.230475,0.03129498,-0.0667007,0.0007667601,227.3212,354.1677,-348.971,354.7189,-361.3514,-0.008435093,-0.03429002,0.0002672823,-0.2313722,-0.2279773,-0.2317324,-0.2360652,1
3.619694,5.517558,-9.414277,0.03149464,-0.06647508,8.340913e-05,227.6238,354.9201,-348.6833,355.4284,-360.9276,-0.008017825,-0.03486973,0.0002717579,-0.2318638,-0.2277894,-0.2321959,-0.2357883,1
3.749577,5.637513,-9.256303,0.03248101,-0.06469648,0.0009147316,227.927,354.9875,-349.3301,355.5476,-361.4449,-0.007600929,-0.0354436,0.0002627953,-0.2319078,-0.2282119,-0.2322737,-0.2361264,1
3.993602,5.862977,-8.961363,0.03454832,-0.06195197,0.002750003,228.2307,355.6508,-349.5137,356.3584,-361.4733,-0.007165473,-0.0359921,0.0002685622,-0.2323411,-0.2283319,-0.2328034,-0.2361449,1
3.896676,5.773649,-9.110744,0.03344983,-0.0622745,0.001886725,228.5348,356.0934,-350.2943,356.6748,-362.1518,-0.006742822,-0.03654702,0.000272393,-0.2326303,-0.2288418,-0.2330101,-0.2365882,1
3.746136,5.634603,-9.34129,0.03281582,-0.06252994,0.0006432376,228.8394,357.1602,-350.8046,357.6449,-362.5321,-0.006310215,-0.03708542,0.0002799982,-0.2333272,-0.2291752,-0.2336438,-0.2368366,1
3.833559,5.715597,-9.260822,0.03344461,-0.06108138,0.001110314,229.1446,357.5476,-351.9526,358.061,-363.5404,-0.005878331,-0.03761731,0.0002792083,-0.2335803,-0.2299252,-0.2339157,-0.2374953,1
3.822524,5.70564,-9.312141,0.03354288,-0.06023025,0.0009461408,229.4502,358.3492,-352.6862,358.8416,-364.1381,-0.005447968,-0.03814388,0.0002807261,-0.2341039,-0.2304044,-0.2344256,-0.2378858,1
3.768747,5.656223,-9.414893,0.03350401,-0.05948236,0.0004346776,229.7563,358.9975,-353.3607,359.4577,-364.6797,-0.005015714,-0.03866104,0.0002764196,-0.2345275,-0.2308451,-0.2348281,-0.2382396,1
3.569761,5.472719,-9.702671,0.03245505,-0.05973464,-0.001081503,230.063,359.1642,-354.3213,359.5002,-365.5237,-0.004593135,-0.03918048,0.0002606844,-0.2346364,-0.2314726,-0.2348559,-0.238791,1
3.677994,5.573071,-9.583071,0.03417347,-0.0571387,-0.0001904336,230.3701,359.438,-354.5786,359.8942,-365.6221,-0.004158164,-0.03967901,0.0002418987,-0.2348153,-0.2316407,-0.2351133,-0.2388552,1
3.892294,5.771743,-9.310452,0.03612398,-0.0538935,0.001527035,230.6778,359.5009,-354.413,360.1174,-365.3134,-0.003708215,-0.04015118,0.0002314407,-0.2348563,-0.2315325,-0.2352591,-0.2386536,1
3.872628,5.754513,-9.338737,0.03581572,-0.05280141,0.001419319,230.9859,359.9119,-354.1708,360.5036,-364.9677,-0.003248512,-0.04059862,0.0002379654,-0.2351249,-0.2313743,-0.2355114,-0.2384277,1
3.894732,5.776039,-9.323359,0.03539822,-0.05168835,0.001415455,231.2946,360.0074,-355.0441,360.5688,-365.7323,-0.002802561,-0.04104547,0.0002336546,-0.2351872,-0.2319448,-0.235554,-0.2389272,1
3.624512,5.527318,-9.703884,0.03372514,-0.05240222,-0.0006234893,231.6038,360.6393,-355.6016,361.0396,-366.1816,-0.002364034,-0.04148894,0.0002282522,-0.2356001,-0.232309,-0.2358616,-0.2392208,1
3.498314,5.411678,-9.890356,0.0334603,-0.05161558,-0.001586424,231.9135,360.8724,-356.1355,361.2379,-366.5902,-0.001922762,-0.04191845,0.0002119795,-0.2357523,-0.2326578,-0.2359911,-0.2394877,1
3.972751,5.851227,-9.283575,0.03731189,-0.04610701,0.00202443,232.2238,360.6779,-356.4295,361.3919,-366.7131,-0.001467261,-0.04232021,0.000192656,-0.2356253,-0.2328499,-0.2360917,-0.239568,1
3.637822,5.543232,-9.723984,0.03485425,-0.04716492,-0.0003039915,232.5345,360.8939,-356.1763,361.3986,-366.3942,-0.00102203,-0.04271864,0.00018716,-0.2357664,-0.2326845,-0.2360961,-0.2393596,1
3.884848,5.772945,-9.403677,0.03706125,-0.04336538,0.001502575,232.8458,360.9797,-356.1674,361.695,-366.2416,-0.0005582325,-0.04308169,0.000173703,-0.2358224,-0.2326786,-0.2362897,-0.2392599,1
3.983416,5.865855,-9.278808,0.03735608,-0.04124694,0.00231503,233.1575,360.8036,-356.4129,361.5757,-366.3869,-9.717623e-05,-0.04343092,0.0001707157,-0.2357073,-0.232839,-0.2362117,-0.2393549,1
3.80416,5.702086,-9.522121,0.03588237,-0.04120085,0.0009471452,233.4698,361.1884,-356.6169,361.8522,-366.5067,0.0003514912,-0.04377716,0.0001651652,-0.2359587,-0.2329723,-0.2363924,-0.2394331,1
3.826586,5.724624,-9.506339,0.03647613,-0.03919291,0.0010998,233.7827,361.2691,-356.9642,362.0035,-366.7332,0.0008051173,-0.04410412,0.0001494429,-0.2360115,-0.2331992,-0.2364913,-0.2395811,1
3.614091,5.530294,-9.790293,0.03520252,-0.03905045,-0.0003569135,234.096,361.4278,-356.9247,362.076,-366.6121,0.001264002,-0.04440995,0.0001460023,-0.2361152,-0.2331733,-0.2365386,-0.239502,1
3.717724,5.628258,-9.659245,0.03586766,-0.03659945,0.0003780469,234.4098,361.2918,-357.3247,362.0365,-366.9074,0.00171786,-0.04470389,0.0001317246,-0.2360263,-0.2334347,-0.2365128,-0.2396949,1
3.553105,5.478422,-9.882127,0.03495403,-0.0360777,-0.0007369776,234.7242,361.4039,-357.3386,362.0963,-366.8365,0.002167556,-0.04498753,0.0001191115,-0.2360996,-0.2334438,-0.2365519,-0.2396486,1
4.041353,5.931956,-9.244279,0.03882609,-0.0303219,0.002957299,235.0391,361.3488,-357.0735,362.4315,-366.4247,0.002642998,-0.04522761,0.0001089723,-0.2360635,-0.2332706,-0.2367709,-0.2393795,1
4.022107,5.917031,-9.265583,0.0378496,-0.02926596,0.002880919,235.3545,361.3481,-356.9887,362.4103,-366.2845,0.003111436,-0.04545579,0.0001170892,-0.2360631,-0.2332152,-0.236757,-0.239288,1
3.959959,5.862422,-9.355571,0.03691182,-0.02844779,0.002265228,235.6704,362.0577,-357.1093,363.0994,-366.3313,0.003580113,-0.04566405,0.0001285461,-0.2365267,-0.2332939,-0.2372072,-0.2393185,1
3.663589,5.591448,-9.764896,0.03424999,-0.02954596,-0.0001231274,235.9868,362.0075,-358.4639,362.8665,-367.6324,0.004018514,-0.04588771,0.0001180735,-0.2364939,-0.2341789,-0.237055,-0.2401685,1
3.549989,5.489079,-9.939057,0.03436476,-0.02830149,-0.000902965,236.3038,362.351,-358.9052,363.252,-367.9644,0.004458249,-0.04609784,9.746387e-05,-0.2367183,-0.2344672,-0.2373069,-0.2403854,1
4.111007,6.010324,-9.209599,0.03905782,-0.0217292,0.003432958,236.6213,361.9659,-358.706,363.3409,-367.6182,0.00492106,-0.04626966,7.514709e-05,-0.2364667,-0.234337,-0.2373649,-0.2401592,1
3.906165,5.824389,-9.463018,0.03722255,-0.02171568,0.002142226,236.9393,362.4146,-357.5417,363.7076,-366.4273,0.005398685,-0.04640606,9.483952e-05,-0.2367598,-0.2335764,-0.2376045,-0.2393813,1
3.668917,5.608739,-9.768507,0.03433144,-0.02258561,0.0001102079,237.2578,361.9909,-358.685,363.1115,-367.5506,0.005839531,-0.04655927,8.473308e-05,-0.236483,-0.2343233,-0.2372151,-0.2401151,1
3.675445,5.617959,-9.781923,0.03503526,-0.02065288,0.000231416,237.5769,362.3183,-359.0466,363.552,-367.8055,0.006282662,-0.04669673,6.934065e-05,-0.2366969,-0.2345596,-0.2375029,-0.2402816,1
3.833399,5.767326,-9.577997,0.03657529,-0.01751283,0.00154222,237.8965,362.3053,-358.6971,363.746,-367.3643,0.006741476,-0.04680345,6.09655e-05,-0.2366884,-0.2343312,-0.2376296,-0.2399934,1
3.757074,5.700562,-9.669557,0.03562097,-0.01664555,0.001046437,238.2166,362.3683,-358.3921,363.8145,-367.0208,0.007203808,-0.04688758,6.70298e-05,-0.2367296,-0.234132,-0.2376743,-0.239769,1
3.879827,5.817881,-9.510795,0.03580897,-0.0145074,0.001851478,238.5372,362.0977,-359.0757,363.6525,-367.6431,0.007648773,-0.04697137,5.754717e-05,-0.2365528,-0.2345786,-0.2375685,-0.2401755,1
3.939997,5.877269,-9.443085,0.03639675,-0.01244553,0.00238009,238.8584,362.6206,-358.8113,364.3089,-367.3008,0.008104285,-0.04702913,6.051022e-05,-0.2368944,-0.2344058,-0.2379973,-0.2399519,1
3.875679,5.821881,-9.529001,0.03543545,-0.01167996,0.001844946,239.18,362.7309,-358.9698,364.433,-367.4209,0.008558495,-0.04707066,6.63645e-05,-0.2369665,-0.2345094,-0.2380784,-0.2400304,1
3.834406,5.787847,-9.593466,0.03459427,-0.01082972,0.001446255,239.5022,362.8486,-359.6203,364.5744,-368.0256,0.009000063,-0.04710794,6.63308e-05,-0.2370434,-0.2349343,-0.2381708,-0.2404254,1
4.179388,6.110675,-9.15893,0.03696684,-0.006725475,0.003972112,239.825,363.3828,-359.6595,365.4213,-367.9692,0.009456084,-0.04711401,7.29092e-05,-0.2373923,-0.23496,-0.2387241,-0.2403885,1
3.682956,5.656304,-9.818247,0.03253496,-0.009626877,0.0002053193,240.1482,363.8875,-359.9812,365.6419,-368.3095,0.009894143,-0.04712134,8.968647e-05,-0.237722,-0.2351701,-0.2388682,-0.2406108,1
3.803491,5.771838,-9.682032,0.03314613,-0.007378601,0.0008696556,240.472,363.7281,-361.4271,365.6351,-369.6818,0.01031241,-0.04713343,6.93984e-05,-0.2376179,-0.2361147,-0.2388637,-0.2415074,1
3.801517,5.774095,-9.703916,0.03378648,-0.005523618,0.001074477,240.7963,364.0491,-361.2892,366.0988,-369.4722,0.01073889,-0.04712564,5.973152e-05,-0.2378276,-0.2360246,-0.2391666,-0.2413704,1
3.463202,5.465836,-10.13826,0.03146937,-0.006453829,-0.001325501,241.1212,363.9568,-361.0023,365.9008,-369.1802,0.01116258,-0.0471055,5.090071e-05,-0.2377674,-0.2358372,-0.2390373,-0.2411797,1
3.88141,5.856733,-9.58268,0.03448742,-0.001569762,0.001862609,241.4465,363.3358,-361.131,365.6594,-369.227,0.01159429,-0.04706001,3.189098e-05,-0.2373616,-0.2359212,-0.2388796,-0.2412103,1
2.325527,5.593799,-9.949615,0.03206462,-0.002534904,-4.798347e-05,241.7725,363.3942,-360.4584,365.6154,-368.5623,0.01201886,-0.0470064,3.533612e-05,-0.2373998,-0.2354819,-0.2388508,-0.240776,0.6834472
3.983243,5.960294,-9.425467,0.03462021,0.001825191,0.002808896,242.0989,363.1273,-360.2309,365.7261,-368.2923,0.01245463,-0.04692383,2.900997e-05,-0.2372254,-0.2353332,-0.2389232,-0.2405996,1
3.999147,5.980008,-9.395663,0.03386661,0.002616943,0.003017444,242.4259,363.0358,-359.9962,365.7271,-368.0718,0.01288722,-0.046829,4.249841e-05,-0.2371657,-0.2351799,-0.2389238,-0.2404556,1
3.333493,5.369949,-10.26615,0.02831381,-0.002229419,-0.002050168,242.7534,363.3468,-360.4944,365.6396,-368.5926,0.01328647,-0.04675712,4.647971e-05,-0.2373688,-0.2355054,-0.2388666,-0.2407958,1
3.743847,5.753754,-9.744884,0.03180473,0.002189171,0.00094031,243.0814,363.1136,-361.2136,365.8009,-369.1852,0.01369413,-0.04666861,2.273757e-05,-0.2372164,-0.2359752,-0.2389721,-0.2411829,1
3.634283,5.657392,-9.885799,0.03106755,0.002533567,0.0004315235,243.41,363.0323,-360.6771,365.7584,-368.6233,0.01410345,-0.0465693,2.173346e-05,-0.2371634,-0.2356247,-0.2389442,-0.2408158,1
3.860665,5.871555,-9.57381,0.03240505,0.005461851,0.00213751,243.7391,362.7919,-360.3432,365.7614,-368.2467,0.01451709,-0.04645075,1.509828e-05,-0.2370063,-0.2354066,-0.2389462,-0.2405698,1
3.799289,5.819985,-9.643253,0.03139566,0.00589047,0.001792519,244.0687,362.5316,-360.204,365.5397,-368.1037,0.014924,-0.04632485,1.633561e-05,-0.2368363,-0.2353157,-0.2388014,-0.2404764,1
3.692213,5.726165,-9.775914,0.03024595,0.0060071,0.001016595,244.3988,362.6688,-360.0172,365.7027,-367.9101,0.01532879,-0.04618663,2.166897e-05,-0.2369259,-0.2351936,-0.2389079,-0.2403499,1
3.901978,5.925168,-9.500552,0.03122677,0.008458014,0.002536337,244.7295,362.6015,-360.162,365.8597,-368.02,0.01573468,-0.04603308,2.542278e-05,-0.236882,-0.2352882,-0.2390104,-0.2404217,1
3.794771,5.83137,-9.642987,0.02973133,0.008253088,0.001735618,245.0607,362.7832,-360.2798,366.0462,-368.1426,0.01612896,-0.04587847,3.524592e-05,-0.2370006,-0.2353652,-0.2391323,-0.2405018,1
4.021831,6.046352,-9.352451,0.03093062,0.01080805,0.003330115,245.3925,363.0707,-360.4175,366.5815,-368.2413,0.01652899,-0.04570458,4.347979e-05,-0.2371884,-0.2354552,-0.239482,-0.2405663,1
3.793314,5.840511,-9.658532,0.02840373,0.009497745,0.001580675,245.7247,363.4235,-360.6754,366.8566,-368.5233,0.01691817,-0.0455286,6.224537e-05,-0.2374189,-0.2356236,-0.2396617,-0.2407505,1
4.164933,6.189104,-9.187436,0.03033714,0.01293401,0.004135816,246.0576,363.7137,-361.333,367.4704,-369.1332,0.01730632,-0.0453397,7.038275e-05,-0.2376085,-0.2360533,-0.2400627,-0.241149,1
3.687851,5.753529,-9.829245,0.02610439,0.009642434,0.0005466578,246.3909,364.2314,-361.8286,367.7529,-369.674,0.0176694,-0.04516606,8.413846e-05,-0.2379467,-0.236377,-0.2402472,-0.2415022,1
3.639019,5.713374,-9.909801,0.0258281,0.01026707,4.551274e-05,246.7247,364.5136,-362.4711,368.1422,-370.2915,0.0180305,-0.04498356,7.819451e-05,-0.2381311,-0.2367967,-0.2405015,-0.2419057,1
3.495221,5.585565,-10.10712,0.02471305,0.01009955,-0.0009163127,247.0591,364.1267,-363.049,367.7866,-370.8708,0.01837538,-0.04480905,6.333619e-05,-0.2378784,-0.2371743,-0.2402693,-0.2422841,1
3.883963,5.949759,-9.594164,0.02790301,0.0144436,0.002165705,247.3941,363.9294,-362.5651,368.0053,-370.3296,0.0187336,-0.04461147,4.677152e-05,-0.2377494,-0.2368581,-0.2404121,-0.2419306,1
3.88728,5.958134,-9.566771,0.02750023,0.01529831,0.00243455,247.7296,363.83,-361.4481,368.0234,-369.232,0.01910522,-0.04438779,5.737894e-05,-0.2376845,-0.2361284,-0.2404239,-0.2412135,1
3.725805,5.814434,-9.756681,0.02501973,0.01419985,0.00116795,248.0656,363.4645,-361.6198,367.6004,-369.4529,0.0194565,-0.04416968,6.39512e-05,-0.2374457,-0.2362406,-0.2401477,-0.2413578,1
4.025508,6.096655,-9.367641,0.02657193,0.01691261,0.003353622,248.4021,363.6217,-361.7571,368.0474,-369.5577,0.01980858,-0.04393908,6.950036e-05,-0.2375484,-0.2363303,-0.2404397,-0.2414263,1
3.852914,5.942526,-9.596066,0.02446194,0.01574808,0.002064033,248.7392,363.7875,-361.8565,368.1772,-369.6873,0.02014449,-0.04371599,7.929849e-05,-0.2376567,-0.2363953,-0.2405244,-0.2415109,1
3.823508,5.920514,-9.638595,0.02386015,0.01599359,0.001776229,249.0768,363.8401,-362.2124,368.3215,-370.0433,0.02047314,-0.04349107,7.758662e-05,-0.2376911,-0.2366277,-0.2406187,-0.2417436,1
3.464611,5.594011,-10.10993,0.02102628,0.01374071,-0.0008077885,249.415,363.8272,-362.3721,368.1957,-370.2396,0.0207894,-0.04327106,7.695878e-05,-0.2376826,-0.2367321,-0.2405365,-0.2418717,1
3.94184,6.040018,-9.482801,0.02435551,0.01815839,0.00277405,249.7537,363.8089,-362.1018,368.6262,-369.9204,0.0211249,-0.04302116,7.710152e-05,-0.2376707,-0.2365555,-0.2408177,-0.2416632,1
3.688178,5.810986,-9.805189,0.0212802,0.01613085,0.0009575214,250.0929,363.735,-361.9815,368.4426,-369.8649,0.02143936,-0.04278292,9.051937e-05,-0.2376224,-0.2364769,-0.2406978,-0.241627,1
3.673071,5.802104,-9.824346,0.02062715,0.01628865,0.0007362886,250.4327,363.5161,-362.5636,368.3109,-370.4541,0.02173311,-0.0425573,7.736565e-05,-0.2374794,-0.2368571,-0.2406118,-0.2420119,1
3.704377,5.835937,-9.783007,0.02107637,0.01723909,0.001175166,250.773,363.692,-361.9665,368.6664,-369.8477,0.02204481,-0.04230714,8.136861e-05,-0.2375943,-0.2364671,-0.240844,-0.2416157,1
3.66913,5.808537,-9.812823,0.01978427,0.01698812,0.0009273445,251.1138,363.2065,-362.0295,368.2281,-369.952,0.0223405,-0.04206368,8.254501e-05,-0.2372771,-0.2365083,-0.2405577,-0.2416839,1
3.799138,5.933667,-9.637639,0.02018131,0.01818737,0.001931338,251.4552,363.2527,-361.8576,368.4615,-369.781,0.02263297,-0.04181537,8.389432e-05,-0.2373074,-0.2363959,-0.2407102,-0.2415722,1
3.679853,5.828444,-9.786277,0.01866408,0.0173256,0.001093269,251.7971,363.3078,-361.5745,368.5357,-369.5327,0.0229223,-0.04156286,9.329087e-05,-0.2373433,-0.236211,-0.2407587,-0.2414099,1
3.808315,5.952103,-9.612885,0.01868709,0.01822418,0.001989961,252.1396,362.99,-361.9484,368.3784,-369.9193,0.02319941,-0.04131458,9.259868e-05,-0.2371357,-0.2364553,-0.2406559,-0.2416625,1
3.697478,5.854519,-9.757717,0.01732812,0.01737424,0.001236668,252.4825,363.4139,-361.5699,368.8334,-369.5691,0.02347659,-0.04105978,0.0001075263,-0.2374126,-0.236208,-0.2409531,-0.2414337,1
3.694346,5.856445,-9.759434,0.01631203,0.01711739,0.001092234,252.826,363.1418,-362.0896,368.6285,-370.118,0.02373463,-0.04081726,0.0001061512,-0.2372349,-0.2365475,-0.2408193,-0.2417924,1
3.81453,5.972103,-9.606262,0.01679054,0.01812391,0.002049314,253.1701,363.3167,-361.9971,368.9945,-370.0244,0.02399506,-0.04056698,0.0001106101,-0.2373491,-0.2364871,-0.2410583,-0.2417312,1
3.519262,5.703908,-9.987301,0.01383769,0.01564585,-0.0001312876,253.5147,363.3512,-361.9613,368.919,-370.0496,0.02424036,-0.04032631,0.0001178383,-0.2373717,-0.2364637,-0.2410091,-0.2417476,1
3.850609,6.014527,-9.553081,0.01565788,0.01819242,0.002280887,253.8598,363.2121,-362.1551,369.0958,-370.2277,0.02448771,-0.04007665,0.0001157005,-0.2372808,-0.2365903,-0.2411245,-0.241864,1
3.669812,5.851973,-9.786615,0.01340949,0.01645887,0.001024877,254.2055,363.4111,-361.8812,369.2509,-370.0073,0.02472553,-0.03983136,0.0001305695,-0.2374108,-0.2364114,-0.2412258,-0.2417201,1
3.570824,5.764843,-9.91401,0.01179234,0.01536414,0.0001641395,254.5517,363.3394,-362.3011,369.1867,-370.4648,0.0249444,-0.03959914,0.0001288473,-0.2373639,-0.2366857,-0.2411839,-0.2420189,1
3.183407,5.410968,-10.42393,0.008742737,0.01233026,-0.002635187,254.8984,363.2764,-362.5394,368.9839,-370.7523,0.0251461,-0.03938196,0.0001214531,-0.2373228,-0.2368414,-0.2410515,-0.2422067,1
3.705202,5.897038,-9.73545,0.01251847,0.01666137,0.001349953,255.2457,362.6477,-362.5011,368.8281,-370.6706,0.0253551,-0.03915419,9.899691e-05,-0.2369121,-0.2368163,-0.2409497,-0.2421533,1
3.553356,5.760818,-9.911518,0.01086615,0.01538933,0.0005487418,255.5935,362.4327,-361.4006,368.6099,-369.6268,0.02556186,-0.03892592,0.0001020875,-0.2367717,-0.2360974,-0.2408071,-0.2414714,1
3.907432,6.092027,-9.420744,0.01249795,0.01782368,0.003182238,255.9419,362.0224,-360.8574,368.5028,-369.092,0.02577548,-0.03868283,0.000102853,-0.2365036,-0.2357425,-0.2407371,-0.241122,1
3.610787,5.822039,-9.792795,0.008884063,0.01463549,0.001041402,256.2908,362.0837,-360.5152,368.4008,-368.8336,0.02597435,-0.03844873,0.0001250933,-0.2365436,-0.235519,-0.2406705,-0.2409532,1
3.55361,5.773042,-9.867099,0.007251161,0.01335631,0.0004025899,256.6402,362.1678,-361.0658,368.4883,-369.4208,0.02615144,-0.03823143,0.0001296257,-0.2365986,-0.2358786,-0.2407276,-0.2413369,1
3.516982,5.74274,-9.926544,0.00643194,0.01257906,0.0001186225,256.9901,361.9561,-361.7067,368.332,-370.0779,0.02630636,-0.03803707,0.0001172286,-0.2364603,-0.2362973,-0.2406256,-0.2417661,1
3.702234,5.917184,-9.682436,0.00785456,0.01404533,0.00167041,257.3406,362.0391,-361.0721,368.6688,-369.4338,0.02647643,-0.03782734,0.0001134325,-0.2365145,-0.2358828,-0.2408456,-0.2413453,1
3.767299,5.980756,-9.577694,0.007225462,0.01395,0.002241717,257.6917,361.7524,-360.5565,368.4793,-368.9651,0.02664657,-0.03761291,0.0001231855,-0.2363272,-0.2355459,-0.2407218,-0.2410392,1
3.570896,5.802663,-9.823326,0.004350775,0.01144693,0.0007179403,258.0432,361.791,-360.6047,368.4119,-369.0838,0.02679544,-0.03741476,0.0001346172,-0.2363524,-0.2355774,-0.2406777,-0.2411167,1
3.784933,6.00351,-9.548239,0.004976936,0.01235592,0.002196919,258.3953,361.9068,-360.8759,368.7229,-369.3578,0.02693845,-0.03721947,0.0001374529,-0.2364281,-0.2357546,-0.2408809,-0.2412957,1
4.051323,6.252633,-9.204823,0.00577535,0.01356229,0.004164525,258.7479,362.1729,-360.7551,369.2076,-369.2467,0.02708407,-0.0370191,0.0001534206,-0.2366019,-0.2356757,-0.2411976,-0.2412231,1
3.853518,6.072768,-9.467386,0.002665269,0.01080026,0.002542313,259.1011,362.6646,-360.9564,369.5751,-369.5191,0.02721109,-0.03683341,0.0001768829,-0.2369231,-0.2358072,-0.2414376,-0.2414011,1
3.573612,5.816693,-9.851517,-0.000614295,0.007573091,0.0002096414,259.4547,362.91,-362.0817,369.6621,-370.6995,0.02730552,-0.03667828,0.000178103,-0.2370835,-0.2365423,-0.2414945,-0.2421722,1
3.472863,5.725709,-10.00574,-0.001524024,0.006417016,-0.0005480939,259.809,362.9709,-362.8021,369.7511,-371.4296,0.02738358,-0.0365417,0.0001609638,-0.2371232,-0.237013,-0.2415527,-0.2426492,1
3.819315,6.047757,-9.554237,0.0009963465,0.009068845,0.002216544,260.1637,362.9791,-362.198,370.1025,-370.8036,0.02748121,-0.03638539,0.0001529133,-0.2371286,-0.2366183,-0.2417822,-0.2422402,1
3.835189,6.064576,-9.514171,-0.0003010567,0.008350113,0.002443442,260.519,362.7431,-361.6443,369.8953,-370.3117,0.02757227,-0.03623129,0.0001611662,-0.2369744,-0.2362566,-0.2416469,-0.2419189,1
3.64962,5.895096,-9.747348,-0.003154362,0.005830148,0.0009831634,260.8748,362.8175,-361.7281,369.8514,-370.4633,0.02764174,-0.03609383,0.0001669564,-0.237023,-0.2363113,-0.2416182,-0.2420179,1
3.68121,5.925948,-9.711448,-0.003911366,0.005207282,0.001148061,261.2312,362.7773,-362.1595,369.864,-370.9162,0.02769582,-0.03596993,0.0001608368,-0.2369967,-0.2365932,-0.2416264,-0.2423138,1
3.626074,5.876431,-9.786816,-0.005039518,0.004084737,0.0008100984,261.5881,362.8664,-362.0797,369.9669,-370.8659,0.02774173,-0.03585412,0.0001578316,-0.237055,-0.236541,-0.2416936,-0.2422809,1
3.610912,5.863691,-9.801815,-0.006030059,0.003251518,0.0007284749,261.9456,362.7614,-361.985,369.8908,-370.8055,0.02777906,-0.03574521,0.000152427,-0.2369864,-0.2364791,-0.2416439,-0.2422414,1
3.827996,6.065409,-9.512081,-0.005493525,0.004143715,0.002391683,262.3035,362.8593,-361.5879,370.1615,-370.4236,0.02782267,-0.0356263,0.0001589417,-0.2370504,-0.2362197,-0.2418208,-0.241992,1
3.669016,5.919639,-9.715417,-0.008482983,0.001557404,0.001136815,262.6621,363.0345,-361.6378,370.2031,-370.5468,0.02784545,-0.03552397,0.0001734364,-0.2371648,-0.2362524,-0.2418479,-0.2420725,1
3.627613,5.882142,-9.78026,-0.01018638,5.898438e-05,0.00064309,263.0211,363.271,-362.2857,370.405,-371.2299,0.02784523,-0.03544179,0.0001731936,-0.2373193,-0.2366756,-0.2419798,-0.2425188,1
3.739948,5.986361,-9.648993,-0.01026392,8.860056e-05,0.001452797,263.3807,363.2865,-362.7816,370.5179,-371.7339,0.02783066,-0.03537421,0.0001627935,-0.2373295,-0.2369995,-0.2420536,-0.242848,1
3.614592,5.870718,-9.816007,-0.01189046,-0.001535151,0.0006237259,263.7409,363.6414,-362.3625,370.8316,-371.3544,0.02781552,-0.03530638,0.0001651996,-0.2375613,-0.2367257,-0.2422585,-0.2426001,1
3.635194,5.889859,-9.784385,-0.01309415,-0.002333125,0.0007216817,264.1016,363.3178,-362.6768,370.5133,-371.7115,0.02778232,-0.03525293,0.0001565196,-0.2373499,-0.2369311,-0.2420506,-0.2428333,1
3.862781,6.100004,-9.488142,-0.01250922,-0.001400264,0.002478092,264.4628,363.5568,-362.3619,370.9122,-371.4062,0.02775113,-0.03519417,0.0001590905,-0.237506,-0.2367254,-0.2423112,-0.2426339,1
3.601095,5.857999,-9.827442,-0.01609548,-0.004683816,0.0004867325,264.8246,363.6509,-362.4266,370.7976,-371.5502,0.0276945,-0.03515773,0.0001634659,-0.2375675,-0.2367677,-0.2422363,-0.242728,1
3.732744,5.979031,-9.662094,-0.01626646,-0.004587763,0.00136932,265.1869,364.0124,-362.5349,371.247,-371.6719,0.0276377,-0.03511695,0.0001665638,-0.2378037,-0.2368384,-0.2425299,-0.2428075,1
3.882469,6.116704,-9.475136,-0.01698997,-0.00474529,0.002403671,265.5497,363.9695,-363.0421,371.2502,-372.2126,0.02755997,-0.03509369,0.0001682647,-0.2377756,-0.2371698,-0.242532,-0.2431607,1
3.669835,5.919193,-9.765385,-0.01986435,-0.00747771,0.0007668638,265.9131,364.5384,-363.1609,371.6572,-372.3858,0.02746129,-0.03508933,0.0001708017,-0.2381473,-0.2372474,-0.2427979,-0.2432739,1
3.659437,5.908205,-9.789637,-0.02096605,-0.008376587,0.0006064319,266.277,364.6036,-363.5687,371.7126,-372.8205,0.02735166,-0.03509311,0.0001612008,-0.2381898,-0.2375138,-0.2428341,-0.2435578,1
3.649028,5.897025,-9.809198,-0.02219662,-0.009300541,0.0005912422,266.6415,364.7104,-363.6006,371.7999,-372.8886,0.02723386,-0.0351018,0.0001590086,-0.2382596,-0.2375346,-0.2428911,-0.2436023,1
3.603763,5.853465,-9.870111,-0.02396252,-0.01064087,0.0002289592,267.0065,364.5851,-363.8779,371.6041,-373.2134,0.02708943,-0.03513387,0.0001456144,-0.2381778,-0.2377157,-0.2427632,-0.2438145,1
3.056736,5.345882,-10.58625,-0.02853956,-0.01545342,-0.003714951,267.3721,364.2747,-364.1193,370.9407,-373.5309,0.02690928,-0.03520261,0.0001132256,-0.2379749,-0.2378735,-0.2423298,-0.2440219,1
3.612275,5.856665,-9.847034,-0.02421161,-0.01094168,0.0007115323,267.7382,363.4817,-363.4637,370.5845,-372.823,0.02675066,-0.03524863,7.098311e-05,-0.2374569,-0.2374452,-0.2420971,-0.2435594,1
4.007457,6.219625,-9.290522,-0.02268927,-0.008579178,0.004097665,268.1049,363.0205,-361.5232,370.3498,-370.9145,0.02661246,-0.03526875,7.620437e-05,-0.2371557,-0.2361775,-0.2419438,-0.2423127,1
3.854247,6.076,-9.453546,-0.02665491,-0.01158833,0.002875315,268.472,363.0656,-360.7306,370.1506,-370.2347,0.02645108,-0.0353014,9.822445e-05,-0.2371851,-0.2356597,-0.2418137,-0.2418686,1
3.555378,5.797334,-9.848127,-0.03111005,-0.01572703,0.0003631237,268.8398,362.9571,-361.8855,369.7214,-371.4686,0.0262401,-0.03537857,9.269151e-05,-0.2371142,-0.2364142,-0.2415332,-0.2426746,1
3.8024,6.022386,-9.54827,-0.02993898,-0.0146067,0.002195092,269.2081,363.5112,-361.9711,370.4313,-371.5304,0.02603523,-0.03544903,8.861955e-05,-0.2374762,-0.2364701,-0.241997,-0.242715,1
3.552202,5.787993,-9.879508,-0.03335853,-0.01776048,0.0003412605,269.5769,363.6547,-361.9435,370.3386,-371.5797,0.02581012,-0.03553772,9.284538e-05,-0.2375699,-0.2364521,-0.2419364,-0.2427472,1
3.608298,5.836253,-9.812229,-0.03434502,-0.01834728,0.0006431653,269.9462,363.6452,-362.3892,370.302,-372.0576,0.02556541,-0.03564172,8.063576e-05,-0.2375638,-0.2367432,-0.2419125,-0.2430595,1
3.56845,5.795581,-9.871281,-0.03572614,-0.0195102,0.0004302821,270.3161,363.7317,-362.3079,370.3163,-372.0151,0.02530982,-0.03575445,7.276759e-05,-0.2376203,-0.2366901,-0.2419219,-0.2430317,1
3.579169,5.801429,-9.854247,-0.03694393,-0.0203247,0.0005391634,270.6866,363.6288,-362.1861,370.1577,-371.9374,0.02504116,-0.03587639,6.245213e-05,-0.2375531,-0.2366105,-0.2418183,-0.2429809,1
3.758473,5.962847,-9.615938,-0.03702875,-0.01987644,0.001924071,271.0576,363.6671,-361.8221,370.2435,-371.6028,0.02477041,-0.0359952,6.021606e-05,-0.2375781,-0.2363728,-0.2418743,-0.2427624,1
3.879844,6.070637,-9.453529,-0.03815465,-0.02027705,0.002788277,271.4291,363.7387,-361.6907,370.2775,-371.5227,0.02448562,-0.03612173,6.568123e-05,-0.2376249,-0.2362869,-0.2418966,-0.24271,1
3.715177,5.91383,-9.674965,-0.0413254,-0.02298344,0.001441929,271.8011,363.8728,-362.1264,370.1783,-372.0294,0.02416742,-0.03627712,6.287927e-05,-0.2377124,-0.2365716,-0.2418317,-0.243041,1
3.687108,5.882734,-9.725138,-0.04261038,-0.02408659,0.001192612,272.1737,364.3979,-362.085,370.6229,-372.0181,0.0238466,-0.03643117,6.269135e-05,-0.2380555,-0.2365445,-0.2421222,-0.2430337,1
3.667873,5.859688,-9.757489,-0.04452228,-0.02543584,0.0009807263,272.5468,364.062,-362.7402,370.1559,-372.7289,0.02349518,-0.0366119,4.923323e-05,-0.2378361,-0.2369725,-0.2418171,-0.243498,1
3.529532,5.726146,-9.946387,-0.0464653,-0.02721879,3.952773e-05,272.9205,364.4562,-362.4444,370.3965,-372.478,0.02313302,-0.03680049,4.009109e-05,-0.2380936,-0.2367793,-0.2419743,-0.2433341,1
3.535624,5.725882,-9.935005,-0.04764177,-0.02793794,0.000116709,273.2948,364.0492,-362.4831,369.9069,-372.5625,0.02275531,-0.03700048,1.966977e-05,-0.2378277,-0.2368046,-0.2416544,-0.2433892,1
3.601779,5.780903,-9.840819,-0.04832809,-0.02814862,0.0007758589,273.6695,363.6942,-362.1769,369.5071,-372.2964,0.02236523,-0.03720877,1.046958e-06,-0.2375958,-0.2366045,-0.2413932,-0.2432154,1
3.605223,5.777802,-9.821615,-0.04955043,-0.0288928,0.0009540265,274.0448,363.4805,-361.4858,369.1989,-371.6577,0.02196561,-0.03742185,-1.210383e-05,-0.2374561,-0.236153,-0.2411919,-0.2427982,1
3.591411,5.758592,-9.822794,-0.0511237,-0.02993099,0.0009438872,274.4207,363.2287,-360.9295,368.8231,-371.161,0.02155704,-0.03763769,-1.98886e-05,-0.2372917,-0.2357896,-0.2409464,-0.2424737,1
3.471461,5.641125,-9.967749,-0.05370964,-0.03201177,8.84411e-05,274.7971,362.7564,-360.9725,368.1294,-371.276,0.02111911,-0.03787793,-3.521347e-05,-0.2369831,-0.2358177,-0.2404932,-0.2425488,1
3.863871,5.996685,-9.449159,-0.05193794,-0.02971221,0.00310603,275.174,362.7444,-360.3297,368.2765,-370.6328,0.02068695,-0.03810756,-4.540112e-05,-0.2369753,-0.2353978,-0.2405893,-0.2421287,1
3.694078,5.832785,-9.657476,-0.05515455,-0.03233057,0.001917641,275.5515,362.7332,-359.7139,367.9926,-370.1096,0.02023911,-0.03834692,-3.713528e-05,-0.2369679,-0.2349955,-0.2404038,-0.2417868,1
3.550744,5.692986,-9.841781,-0.05815586,-0.03479018,0.0006993374,275.9294,362.5371,-360.2019,367.5308,-370.6727,0.01975669,-0.03861467,-4.705806e-05,-0.2368398,-0.2353143,-0.2401022,-0.2421547,1
3.476636,5.61666,-9.947801,-0.05966496,-0.03616224,0.0002029927,276.308,362.6147,-360.2023,367.4516,-370.7123,0.01925995,-0.03889439,-6.08608e-05,-0.2368906,-0.2353146,-0.2400504,-0.2421806,1
3.585087,5.708815,-9.802206,-0.05996207,-0.03602631,0.001104852,276.6871,362.3041,-359.9083,367.0952,-370.4552,0.01875424,-0.03917979,-7.775491e-05,-0.2366876,-0.2351225,-0.2398176,-0.2420126,1
3.823568,5.920995,-9.477975,-0.05962937,-0.03500055,0.003010879,277.0667,362.2021,-359.1023,367.0126,-369.6877,0.01825125,-0.03945612,-7.9754e-05,-0.236621,-0.2345959,-0.2397636,-0.2415112,1
3.618753,5.723517,-9.73255,-0.06328787,-0.03796453,0.001469478,277.4468,362.2898,-358.6733,366.7707,-369.3617,0.01772816,-0.03974441,-6.860483e-05,-0.2366783,-0.2343157,-0.2396056,-0.2412982,1
3.708007,5.797369,-9.620191,-0.06464559,-0.03862701,0.001938541,277.8274,362.3292,-359.1208,366.6747,-369.8615,0.0171815,-0.04004885,-7.015681e-05,-0.236704,-0.2346081,-0.2395429,-0.2416247,1
3.519734,5.614402,-9.880884,-0.06754611,-0.04121919,0.0005044541,278.2086,362.1789,-359.7406,366.2265,-370.5493,0.01659495,-0.04039168,-8.771547e-05,-0.2366058,-0.2350129,-0.2392501,-0.2420741,1
3.982369,6.032375,-9.281659,-0.06464778,-0.03790902,0.004066234,278.5903,362.7996,-358.5909,367.0651,-369.3828,0.01604276,-0.04069464,-8.506584e-05,-0.2370113,-0.2342619,-0.2397979,-0.241312,1
3.730752,5.790746,-9.59833,-0.0693322,-0.0415292,0.002126927,278.9726,362.3994,-358.7424,366.2408,-369.6702,0.01545318,-0.04102599,-7.306483e-05,-0.2367499,-0.2343608,-0.2392594,-0.2414998,1
3.270609,5.355772,-10.21203,-0.07433766,-0.04626624,-0.001479537,279.3553,362.8063,-359.3661,366.1525,-370.3911,0.01482029,-0.04139488,-8.108391e-05,-0.2370157,-0.2347683,-0.2392017,-0.2419708,1
3.324972,5.395641,-10.1584,-0.07435106,-0.04616283,-0.001051298,279.7387,362.7599,-359.5301,366.033,-370.5712,0.0141833,-0.04176577,-0.0001051822,-0.2369854,-0.2348754,-0.2391237,-0.2420884,1
3.669654,5.703782,-9.701293,-0.07291967,-0.04395784,0.001726592,280.1225,362.0991,-359.1204,365.4432,-370.1884,0.01354186,-0.04213685,-0.000126058,-0.2365537,-0.2346078,-0.2387384,-0.2418383,1
3.588369,5.618289,-9.786802,-0.07495852,-0.04529238,0.001327087,280.5069,361.9773,-358.0119,365.0843,-369.1668,0.0128889,-0.04251267,-0.0001307566,-0.2364741,-0.2338836,-0.2385039,-0.2411709,1
3.766569,5.772376,-9.534224,-0.07531034,-0.04476145,0.002656481,280.8918,361.7053,-357.3925,364.7288,-368.6057,0.01223326,-0.04288147,-0.000133268,-0.2362964,-0.2334789,-0.2382717,-0.2408043,1
3.851513,5.84019,-9.414018,-0.07690391,-0.04540256,0.003277387,281.2772,361.4518,-357.3027,364.2826,-368.5932,0.01155547,-0.04326377,-0.0001290396,-0.2361309,-0.2334203,-0.2379802,-0.2407962,1
3.671618,5.662893,-9.652126,-0.07999352,-0.04793799,0.00185658,281.6632,361.9355,-357.0597,364.4245,-368.4356,0.01085702,-0.04365958,-0.0001200328,-0.2364468,-0.2332615,-0.2380729,-0.2406932,1
3.961983,5.919773,-9.282097,-0.0795645,-0.04666662,0.00385198,282.0496,362.1285,-357.1731,364.5917,-368.5831,0.01015558,-0.04405002,-0.0001143532,-0.236573,-0.2333356,-0.2381821,-0.2407896,1
3.700845,5.666924,-9.635422,-0.08366942,-0.05001128,0.001814374,282.4366,362.3727,-357.5405,364.4043,-369.0601,0.00942021,-0.04446711,-0.0001027661,-0.2367325,-0.2335756,-0.2380596,-0.2411012,1
3.738899,5.689986,-9.604987,-0.0848027,-0.05049298,0.001908656,282.8242,362.778,-357.9427,364.624,-369.5128,0.008666134,-0.04489606,-0.0001068126,-0.2369972,-0.2338384,-0.2382032,-0.241397,1
3.391433,5.35657,-10.07377,-0.08850589,-0.05377861,-0.0006572476,283.2122,362.8168,-358.1786,364.2351,-369.8442,0.007886859,-0.04534552,-0.000115013,-0.2370226,-0.2339925,-0.2379491,-0.2416135,1
3.994235,5.900923,-9.2894,-0.08508483,-0.04931503,0.003851654,283.6008,362.8184,-357.7416,364.4518,-369.405,0.007123636,-0.04576936,-0.0001217123,-0.2370236,-0.233707,-0.2380907,-0.2413265,1
3.505704,5.437092,-9.920801,-0.09089933,-0.05419226,0.0002903848,283.9899,362.7186,-357.4856,363.7505,-369.3059,0.006319826,-0.04622507,-0.0001138783,-0.2369584,-0.2335398,-0.2376325,-0.2412618,1
3.645492,5.55322,-9.740756,-0.0910207,-0.05351008,0.001191834,284.3795,362.9771,-357.368,363.8939,-369.2323,0.005512313,-0.04667414,-0.0001202476,-0.2371272,-0.2334629,-0.2377262,-0.2412137,1
3.652887,5.546992,-9.734071,-0.0926564,-0.05417645,0.001294224,284.7697,362.825,-357.2759,363.498,-369.2234,0.004691538,-0.04712721,-0.0001159465,-0.2370279,-0.2334028,-0.2374676,-0.2412079,1
3.95472,5.812615,-9.34158,-0.09236737,-0.05260903,0.003446778,285.1604,362.7664,-357.3297,363.3664,-369.3331,0.003850181,-0.0475907,-0.0001189864,-0.2369897,-0.2334379,-0.2373816,-0.2412795,1
3.715973,5.578461,-9.658772,-0.09557799,-0.05504713,0.001694209,285.5516,363.4359,-356.6268,363.6397,-368.734,0.00300211,-0.04805078,-0.0001020651,-0.237427,-0.2329787,-0.2375602,-0.2408882,1
3.775732,5.61996,-9.584563,-0.09720634,-0.05541219,0.001910849,285.9433,362.9943,-357.4435,362.947,-369.637,0.002122609,-0.04853123,-0.0001089298,-0.2371385,-0.2335123,-0.2371076,-0.2414781,1
3.76248,5.593582,-9.616563,-0.09849282,-0.05586571,0.001873083,286.3356,363.5085,-357.1371,363.2202,-369.4001,0.001234668,-0.0490107,-0.0001027976,-0.2374745,-0.2333121,-0.2372861,-0.2413234,1
3.772835,5.588929,-9.606078,-0.1000374,-0.05624735,0.00185844,286.7284,363.6196,-356.9673,363.0751,-369.3198,0.0003332942,-0.04949234,-9.897648e-05,-0.237547,-0.2332012,-0.2371913,-0.2412709,1
3.907971,5.69939,-9.434637,-0.1008042,-0.05570233,0.00279761,287.1217,363.5136,-357.1366,362.7795,-369.5678,-0.0005857288,-0.0499797,-9.875018e-05,-0.2374778,-0.2333118,-0.2369982,-0.2414329,1
3.831078,5.61371,-9.541235,-0.102936,-0.05670433,0.00221575,287.5155,363.7864,-356.9089,362.7319,-369.4384,-0.001521593,-0.0504723,-9.209078e-05,-0.237656,-0.233163,-0.2369671,-0.2413483,1
4.076438,5.825589,-9.225178,-0.1027618,-0.0551291,0.003941502,287.9099,363.978,-356.7079,362.8122,-369.3055,-0.002460889,-0.05095455,-8.425852e-05,-0.2377811,-0.2330317,-0.2370196,-0.2412615,1
3.852201,5.603488,-9.524451,-0.1064943,-0.05752926,0.002186922,288.3047,364.3474,-356.6573,362.7241,-369.3877,-0.00342256,-0.05144466,-6.377916e-05,-0.2380225,-0.2329987,-0.236962,-0.2413152,1
3.70105,5.448534,-9.737926,-0.1094143,-0.05919005,0.0008182373,288.7001,364.504,-357.4008,362.4791,-370.2397,-0.004419142,-0.05195725,-6.388751e-05,-0.2381248,-0.2334843,-0.236802,-0.2418718,1
3.878715,5.597003,-9.526078,-0.1090493,-0.0576683,0.002127761,289.0961,364.8778,-357.3213,362.73,-370.2167,-0.005416084,-0.05245852,-6.27959e-05,-0.238369,-0.2334324,-0.2369659,-0.2418568,1
3.881339,5.583838,-9.525942,-0.1107231,-0.05780321,0.002136712,289.4925,364.9722,-357.0552,362.5342,-370.063,-0.006425516,-0.05295756,-5.257969e-05,-0.2384307,-0.2332586,-0.236838,-0.2417564,1
3.812421,5.504405,-9.620099,-0.1130473,-0.05856589,0.001510197,289.8895,364.8763,-357.3533,362.0816,-370.4801,-0.007465932,-0.05347318,-5.408785e-05,-0.238368,-0.2334533,-0.2365423,-0.2420289,1
3.782409,5.460579,-9.66721,-0.1142597,-0.05852643,0.001314915,290.287,365.1527,-356.9979,362.0829,-370.2185,-0.008512128,-0.05398076,-5.234668e-05,-0.2385486,-0.2332211,-0.2365431,-0.241858,1
3.989258,5.635659,-9.394353,-0.1143019,-0.05683255,0.002838545,290.6851,364.8681,-356.8389,361.6384,-370.1544,-0.009568669,-0.05448296,-5.2217e-05,-0.2383627,-0.2331173,-0.2362528,-0.2418161,1
4.138467,5.757417,-9.196775,-0.1149425,-0.05568936,0.003961071,291.0836,365.2482,-356.1157,361.8094,-369.5391,-0.010627,-0.05496821,-3.192518e-05,-0.238611,-0.2326449,-0.2363645,-0.2414142,1
3.78475,5.414405,-9.660843,-0.1198023,-0.05885313,0.001125958,291.4827,365.4043,-356.389,361.3781,-369.9842,-0.01172273,-0.0554733,-1.596555e-05,-0.2387129,-0.2328234,-0.2360827,-0.2417049,1
3.926108,5.528312,-9.494621,-0.1200521,-0.05754725,0.002000316,291.8823,365.7631,-356.7365,361.541,-370.4156,-0.01282769,-0.0559713,-1.036984e-05,-0.2389474,-0.2330504,-0.2361891,-0.2419868,1
3.793538,5.389084,-9.681759,-0.1225471,-0.05842627,0.0009781204,292.2824,366.1868,-356.6006,361.5726,-370.4149,-0.01394574,-0.05646542,7.813429e-06,-0.2392242,-0.2329617,-0.2362097,-0.2419863,1
4.013705,5.575671,-9.404781,-0.1227279,-0.05657101,0.002412912,292.6831,366.3466,-356.8753,361.5508,-370.7964,-0.01507974,-0.05695683,1.60999e-05,-0.2393285,-0.233141,-0.2361955,-0.2422355,1
3.847437,5.405041,-9.636415,-0.1255514,-0.05764185,0.001112354,293.0843,366.4508,-357.1758,361.2226,-371.2432,-0.0162449,-0.05746339,2.001525e-05,-0.2393966,-0.2333374,-0.2359811,-0.2425274,1
3.899202,5.435605,-9.577365,-0.1260122,-0.05642811,0.00147926,293.4859,366.6753,-356.9154,361.2133,-371.0915,-0.01741347,-0.05795619,2.000571e-05,-0.2395432,-0.2331673,-0.235975,-0.2424283,1
3.637881,5.17702,-9.915861,-0.1292063,-0.05784212,-0.0004144411,293.8882,366.471,-356.715,360.5348,-371.058,-0.01860192,-0.05845046,2.26978e-05,-0.2394098,-0.2330364,-0.2355317,-0.2424064,1
3.724024,5.239373,-9.798494,-0.1296321,-0.05634809,0.0002322677,294.2909,366.5158,-356.2339,360.3488,-370.7009,-0.01979342,-0.05892725,2.613731e-05,-0.2394391,-0.2327221,-0.2354103,-0.2421731,1
3.829949,5.320127,-9.653727,-0.1304375,-0.05498971,0.00102105,294.6942,366.0206,-356.1752,359.5907,-370.7843,-0.0210086,-0.05940899,2.26851e-05,-0.2391156,-0.2326837,-0.234915,-0.2422276,1
3.45292,4.954463,-10.13925,-0.1340217,-0.05699161,-0.001672105,295.098,366.0032,-355.6047,359.0398,-370.3889,-0.02224473,-0.05989441,2.023108e-05,-0.2391042,-0.232311,-0.2345551,-0.2419693,1
3.98475,5.428567,-9.429698,-0.1307926,-0.05161004,0.002348185,295.5023,365.4278,-354.9741,358.5452,-369.8418,-0.02346712,-0.06034602,1.048402e-05,-0.2387283,-0.231899,-0.234232,-0.2416119,1
3.66739,5.118424,-9.821499,-0.1347447,-0.05348867,0.0001851403,295.9072,365.0684,-354.1129,357.6346,-369.1932,-0.02471506,-0.06080194,2.277935e-05,-0.2384935,-0.2313364,-0.2336372,-0.2411882,1
3.946604,5.359271,-9.44044,-0.1337953,-0.05036873,0.002169244,296.3125,365.0426,-353.4443,357.4877,-368.6496,-0.02596157,-0.06123421,2.694956e-05,-0.2384767,-0.2308996,-0.2335411,-0.2408331,1
3.645452,0.6632563,-13.49116,-0.1375107,-0.05210952,-3.709391e-05,296.7184,364.7371,-353.2127,356.6437,-368.6231,-0.02723326,-0.06167137,3.873882e-05,-0.2382771,-0.2307483,-0.2329898,-0.2408158,1
3.922582,-0.6971731,-14.4532,-0.1364658,-0.04893167,0.001940299,297.1248,364.0977,-352.1686,355.8714,-367.7198,-0.02850535,-0.06208761,4.501163e-05,-0.2378594,-0.2300662,-0.2324852,-0.2402256,1
3.854669,-0.7766213,-14.43419,-0.1382744,-0.04868781,0.001432108,297.5316,358.7058,-346.3773,350.0087,-362.2134,-0.02979315,-0.06249919,5.969387e-05,-0.2343369,-0.2262829,-0.2286553,-0.2366284,1
3.660164,-0.9723147,-14.36154,-0.1398334,-0.0492803,-0.0001180563,297.9391,349.9948,-336.9407,340.7664,-353.0845,-0.03108524,-0.0629001,7.553142e-05,-0.2286462,-0.2201181,-0.2226174,-0.2306646,1
3.751461,-0.9035805,-13.86019,-0.1379222,-0.04780644,0.0004267695,298.3469,340.0291,-328.358,330.5356,-344.7066,-0.03238782,-0.06331651,6.372659e-05,-0.2221357,-0.2145112,-0.2159337,-0.2251914,1
3.670136,-0.9940912,-13.59092,-0.135233,-0.04716735,3.464968e-05,298.7552,331.5289,-318.3958,321.8065,-334.9001,-0.03365107,-0.06370937,6.886988e-05,-0.2165827,-0.208003,-0.2102312,-0.2187851,1
4.065553,-0.6431498,-12.70004,-0.1298954,-0.04354116,0.002966665,299.1639,322.6603,-309.5122,312.9754,-326.1512,-0.03487317,-0.06407911,7.230298e-05,-0.210789,-0.2021995,-0.204462,-0.2130695,1
3.854677,-0.8517847,-12.6322,-0.1294345,-0.04543465,0.001438282,299.5729,314.9108,-301.3736,304.8314,-318.2132,-0.03608155,-0.06445644,9.217515e-05,-0.2057263,-0.1968827,-0.1991416,-0.2078837,1
3.998544,-0.7324632,-12.13792,-0.1257991,-0.04460647,0.002336524,299.9823,307.9107,-294.1975,297.7098,-311.1672,-0.03726232,-0.06483373,0.0001007281,-0.2011533,-0.1921947,-0.1944892,-0.2032807,1
3.751508,-0.9739488,-12.18273,-0.124853,-0.04710113,0.0004845109,300.392,301.6746,-287.3241,291.1095,-304.4597,-0.03841265,-0.06521116,0.0001236889,-0.1970793,-0.1877043,-0.1901773,-0.1988988,1
4.121732,-0.6447152,-11.44347,-0.1197435,-0.04518738,0.003022835,300.8019,295.3636,-281.7829,284.8115,-299.019,-0.03953943,-0.06559978,0.0001292783,-0.1929564,-0.1840844,-0.1860629,-0.1953445,1
4.037304,-0.7353104,-11.32423,-0.1174801,-0.04690163,0.002414214,301.212,290.6337,-275.4864,279.8315,-292.8538,-0.04062556,-0.06598341,0.0001626849,-0.1898665,-0.179971,-0.1828096,-0.1913168,1
4.261021,-0.5407674,-10.81731,-0.1137253,-0.04682836,0.003748081,301.6224,285.4228,-270.982,274.5147,-288.4572,-0.04169108,-0.06638569,0.0001795519,-0.1864623,-0.1770283,-0.1793362,-0.1884446,1
3.695328,-1.075636,-11.37399,-0.1149573,-0.0528501,-0.0005509991,302.033,281.3484,-266.5937,269.8596,-284.2216,-0.04274587,-0.06682149,0.000204544,-0.1838005,-0.1741615,-0.1762951,-0.1856776,1
3.814713,-0.9774306,-11.04988,-0.1104514,-0.0531248,0.0001244734,302.4437,276.9526,-262.9447,265.3788,-280.6223,-0.04377161,-0.06727808,0.0001995885,-0.1809288,-0.1717777,-0.1733679,-0.1833262,1
3.862846,-0.9446034,-10.82277,-0.1062446,-0.05389118,0.0006450428,302.8546,273.2144,-258.2698,261.528,-276.0044,-0.04474483,-0.06772935,0.0002158684,-0.1784867,-0.1687236,-0.1708522,-0.1803094,1
3.974201,-0.8527018,-10.50984,-0.102648,-0.05483593,0.001381735,303.2656,269.2246,-254.5151,257.3865,-272.3209,-0.04569168,-0.06820133,0.0002282234,-0.1758803,-0.1662708,-0.1681466,-0.177903,1
3.825795,-1.000719,-10.55939,-0.1004265,-0.05774562,0.0002537905,303.6767,265.9846,-250.9791,253.851,-268.8453,-0.04661099,-0.06869563,0.000243923,-0.1737636,-0.1639608,-0.1658369,-0.1756325,1
4.017739,-0.8340376,-10.17632,-0.0954894,-0.05787601,0.001610612,304.0879,262.9425,-247.6617,250.7538,-265.5336,-0.04748362,-0.06919333,0.0002599995,-0.1717763,-0.1617936,-0.1638135,-0.1734689,1
3.995904,-0.8644853,-10.08306,-0.09266176,-0.06002599,0.001386166,304.4991,260.2458,-244.6544,247.8217,-262.5591,-0.04832289,-0.06970631,0.0002889112,-0.1700146,-0.1598289,-0.1618981,-0.1715258,1
4.338696,-0.5578816,-9.531526,-0.0872477,-0.0593539,0.003705948,304.9106,257.9643,-242.1715,245.5381,-260.0518,-0.04912296,-0.07022867,0.0003169818,-0.1685241,-0.1582069,-0.1604062,-0.1698878,1
3.833844,-1.034346,-10.10556,-0.08801541,-0.06534876,-0.0002294891,305.322,256.3735,-239.9379,243.3873,-257.8694,-0.0499015,-0.07077817,0.0003602256,-0.1674848,-0.1567477,-0.1590011,-0.1684621,1
4.059937,-0.8354665,-9.742558,-0.08310997,-0.06525178,0.001058374,305.7335,254.0395,-239.2418,240.9892,-257.1161,-0.05066176,-0.07136298,0.0003651253,-0.1659601,-0.1562929,-0.1574345,-0.16797,1
3.984921,-0.9146276,-9.781222,-0.0794132,-0.06676744,0.0005916517,306.145,252.9498,-236.737,239.7156,-254.562,-0.05136771,-0.07194226,0.0003961498,-0.1652481,-0.1546566,-0.1566025,-0.1663014,1
3.682151,-1.203533,-10.10275,-0.0784128,-0.07037682,-0.001874213,306.5565,250.8451,-235.5297,237.2021,-253.3547,-0.05206088,-0.07255759,0.0004081605,-0.1638732,-0.1538679,-0.1549604,-0.1655127,1
3.813231,-1.091506,-9.872396,-0.0731041,-0.06979873,-0.0008940307,306.9681,249.2866,-233.864,235.5993,-251.593,-0.05270519,-0.07317092,0.0004166043,-0.162855,-0.1527797,-0.1539134,-0.1643618,1
3.914113,-1.006651,-9.672923,-0.06864337,-0.06956481,-9.274826e-05,307.3797,247.515,-232.0123,233.7231,-249.6685,-0.05330957,-0.07378823,0.0004308686,-0.1616977,-0.1515701,-0.1526877,-0.1631045,1
3.8922,-1.034768,-9.63507,-0.06515356,-0.07015841,-0.0002677477,307.7913,245.9846,-230.3275,232.0023,-247.9117,-0.05387984,-0.07441308,0.0004453381,-0.1606979,-0.1504694,-0.1515635,-0.1619568,1
4.463363,-0.5144711,-8.830142,-0.05730196,-0.06585986,0.003940299,308.2029,244.7687,-228.4697,230.9991,-245.9065,-0.054384,-0.07500779,0.0004700837,-0.1599036,-0.1492557,-0.1509081,-0.1606469,1
3.951544,-0.9942104,-9.447003,-0.05850342,-0.07058932,4.59596e-06,308.6145,243.9274,-227.2856,229.58,-244.7103,-0.05487446,-0.07562169,0.0005154285,-0.1593539,-0.1484821,-0.149981,-0.1598654,1
3.991497,-0.9642793,-9.370743,-0.05471988,-0.07022703,-0.0001046277,309.0261,243.1988,-227.2487,228.7026,-244.5453,-0.05533848,-0.07624567,0.0005317358,-0.158878,-0.148458,-0.1494078,-0.1597577,1
4.303798,-0.682355,-8.950031,-0.04850055,-0.06710053,0.002143946,309.4377,242.5527,-226.5942,228.1292,-243.7275,-0.05575294,-0.07685334,0.000552128,-0.1584559,-0.1480305,-0.1490333,-0.1592234,1
4.016579,-0.9535813,-9.300005,-0.04720185,-0.06856861,-0.0001005667,309.8493,242.4234,-225.4597,227.6558,-242.5149,-0.0561293,-0.07744816,0.0005911427,-0.1583714,-0.1472893,-0.148724,-0.1584312,1
4.105115,-0.8771969,-9.168536,-0.04341723,-0.06693635,0.0001935307,310.2608,241.6781,-225.7277,226.7979,-242.6548,-0.05647985,-0.07804222,0.0006076147,-0.1578845,-0.1474644,-0.1481635,-0.1585226,1
4.090449,-0.8958299,-9.185541,-0.03975997,-0.06548236,-1.53407e-05,310.6724,241.5735,-225.3567,226.5644,-242.1449,-0.05679225,-0.07862022,0.0006307356,-0.1578162,-0.147222,-0.148011,-0.1581895,1
3.792375,-1.175625,-9.56623,-0.0382401,-0.06587878,-0.002414288,311.0839,241.3868,-225.0628,226.0678,-241.7469,-0.05707483,-0.07918785,0.0006491246,-0.1576943,-0.14703,-0.1476866,-0.1579295,1
3.890919,-1.088365,-9.431214,-0.03358109,-0.06264554,-0.001837912,311.4953,240.4781,-225.4449,225.1298,-241.9709,-0.05732979,-0.07974743,0.0006412796,-0.1571006,-0.1472796,-0.1470738,-0.1580758,1
3.917223,-1.067061,-9.384094,-0.02882667,-0.05923126,-0.00148915,311.9068,240.0424,-224.55,224.6724,-240.9171,-0.05753684,-0.08027342,0.0006400018,-0.156816,-0.146695,-0.146775,-0.1573874,1
4.010846,-0.982399,-9.230684,-0.02406878,-0.05513843,-0.0007380428,312.3182,239.2147,-223.6365,223.8462,-239.8575,-0.05769713,-0.08076141,0.0006366689,-0.1562752,-0.1460982,-0.1462353,-0.1566952,1
3.990753,-1.001894,-9.226147,-0.02038428,-0.05181494,-0.0008229431,312.7296,238.6443,-222.738,223.1974,-238.8255,-0.05781132,-0.08120581,0.0006434012,-0.1559026,-0.1455113,-0.1458114,-0.1560209,1
4.198749,-0.8098308,-8.931672,-0.01541296,-0.04664214,0.0006316203,313.141,238.239,-222.2396,222.8498,-238.1709,-0.05788124,-0.0816049,0.0006522017,-0.1556379,-0.1451856,-0.1455843,-0.1555934,1
3.886817,-1.097484,-9.330174,-0.01430904,-0.04533463,-0.001811159,313.5523,238.0884,-222.2343,222.4184,-238.0604,-0.05793086,-0.08198243,0.0006600786,-0.1555394,-0.1451822,-0.1453025,-0.1555211,1
3.892226,-1.091363,-9.324585,-0.01002255,-0.0406279,-0.001917374,313.9636,237.7961,-222.5721,222.1269,-238.2329,-0.05794482,-0.0823235,0.0006456578,-0.1553485,-0.1454029,-0.1451121,-0.1556339,1
4.017766,-0.9732015,-9.156878,-0.004640781,-0.03436753,-0.0008900485,314.3749,237.6032,-222.1044,222.0511,-237.599,-0.05790293,-0.08260067,0.0006379077,-0.1552225,-0.1450973,-0.1450625,-0.1552197,1
4.084469,-0.9080986,-9.054326,-0.0004796464,-0.0285936,-0.0004104585,314.7861,237.1012,-221.936,221.5869,-237.3017,-0.05782694,-0.08283112,0.0006260978,-0.1548945,-0.1449873,-0.1447593,-0.1550255,1
3.798285,-1.16818,-9.418621,0.001629465,-0.02500815,-0.002517335,315.1972,236.9576,-221.7341,221.2977,-236.991,-0.05771838,-0.08301458,0.0006103069,-0.1548007,-0.1448555,-0.1445704,-0.1548226,1
4.316724,-0.6837418,-8.731261,0.009848331,-0.01454469,0.001346074,315.6084,236.2771,-221.7292,221.0353,-236.7924,-0.05755368,-0.08312476,0.000577566,-0.1543561,-0.1448522,-0.1443989,-0.1546928,1
4.342646,-0.6529874,-8.680541,0.01399631,-0.007872064,0.001738596,316.0195,236.6519,-220.4372,221.5001,-235.3898,-0.05732489,-0.08314149,0.0005842379,-0.154601,-0.1440082,-0.1447026,-0.1537765,1
4.104122,-0.8654055,-8.980123,0.01506804,-0.003664627,-0.0003439912,316.4305,236.4921,-221.11,221.189,-236.0028,-0.05708146,-0.08311482,0.000575075,-0.1544966,-0.1444477,-0.1444993,-0.154177,1
3.94366,-1.005268,-9.210056,0.01814223,0.002184781,-0.00168885,316.8415,237.0081,-221.8605,221.7205,-236.6375,-0.05680133,-0.08302361,0.0005555455,-0.1548337,-0.1449381,-0.1448466,-0.1545916,1
3.783179,-1.143957,-9.436939,0.0214159,0.00862973,-0.002942906,317.2524,236.7821,-222.8708,221.54,-237.5497,-0.05649752,-0.08288264,0.0005110952,-0.1546861,-0.145598,-0.1447286,-0.1551875,1
4.066672,-0.8710916,-9.071118,0.02883671,0.01958244,-0.0006372678,317.6633,236.7816,-222.5885,221.9665,-237.1221,-0.05612809,-0.08264333,0.0004620534,-0.1546858,-0.1454136,-0.1450072,-0.1549082,1
4.001533,-0.9184546,-9.136024,0.03276909,0.02764604,-0.0008893881,318.0742,236.2871,-222.1601,221.6259,-236.6369,-0.05571308,-0.08231887,0.0004191923,-0.1543627,-0.1451337,-0.1447847,-0.1545912,1
4.346316,-0.5856609,-8.664625,0.03964282,0.03912593,0.001782819,318.485,236.2035,-221.6643,221.9857,-236.0425,-0.05523419,-0.08188468,0.0003810673,-0.1543081,-0.1448098,-0.1450198,-0.1542029,1
4.100906,-0.7967791,-8.972694,0.04151204,0.04570333,-6.771123e-06,318.8958,236.2447,-221.7673,222.0515,-236.1338,-0.0547246,-0.08137261,0.0003512287,-0.154335,-0.1448772,-0.1450628,-0.1542625,1
4.218284,-0.6716985,-8.823865,0.04669396,0.05573867,0.0007543542,319.3065,236.5519,-222.3785,222.6901,-236.6755,-0.05416968,-0.08076866,0.0003065367,-0.1545357,-0.1452764,-0.14548,-0.1546164,1
3.793251,-1.046476,-9.390108,0.04814465,0.06191882,-0.00234911,319.7172,236.5327,-223.3316,222.6787,-237.6302,-0.0535941,-0.08009952,0.000249282,-0.1545231,-0.145899,-0.1454726,-0.1552401,1
4.185086,-0.6651223,-8.883303,0.05668619,0.0755804,0.0007182311,320.1279,236.9203,-223.1926,223.7242,-237.3979,-0.05293781,-0.07929901,0.0001874476,-0.1547763,-0.1458083,-0.1461555,-0.1550884,1
3.970907,-0.8416482,-9.151359,0.05934868,0.08391494,-0.0006772752,320.5385,236.5357,-223.5322,223.5184,-237.7785,-0.0522507,-0.07841358,0.0001298508,-0.1545251,-0.1460301,-0.1460211,-0.155337,1
3.806154,-0.9712297,-9.360481,0.06336969,0.09334773,-0.001779514,320.9491,236.7661,-223.7721,224.0492,-238.0273,-0.05151827,-0.07742884,6.014131e-05,-0.1546756,-0.1461868,-0.1463679,-0.1554995,1
4.235718,-0.5500232,-8.791854,0.07187077,0.1077594,0.001635928,321.3596,236.3739,-224.0301,224.3837,-238.2502,-0.0507208,-0.07632399,-1.961117e-05,-0.1544194,-0.1463554,-0.1465864,-0.1556452,1
3.771059,-0.9531858,-9.380918,0.07352228,0.1151174,-0.001462345,321.7701,236.3213,-223.9159,224.469,-238.2279,-0.04988829,-0.0751265,-8.772751e-05,-0.154385,-0.1462808,-0.1466421,-0.1556306,1
3.679921,-1.009746,-9.482727,0.07874787,0.1260573,-0.001952242,322.1806,236.1255,-224.1467,224.7386,-238.4946,-0.04900046,-0.07381725,-0.0001771691,-0.1542571,-0.1464315,-0.1468182,-0.1558048,1
4.077917,-0.6125072,-8.942742,0.0874703,0.1409623,0.001416324,322.5911,235.4289,-224.208,224.8491,-238.5677,-0.04804618,-0.07238317,-0.0002692945,-0.153802,-0.1464716,-0.1468904,-0.1558526,1
4.105752,-0.5552899,-8.874824,0.09315386,0.1528899,0.002067612,323.0015,235.5427,-223.3293,225.5337,-237.7728,-0.04702608,-0.07081966,-0.0003375968,-0.1538764,-0.1458975,-0.1473377,-0.1553333,1
3.978183,-0.6399129,-9.012931,0.09732747,0.1634079,0.001269886,323.4119,235.187,-223.7415,225.6418,-238.3013,-0.04596411,-0.06915265,-0.0004184631,-0.153644,-0.1461668,-0.1474083,-0.1556785,1
3.81382,-0.7570953,-9.215221,0.1021779,0.1741789,0.0003475929,323.8222,234.901,-224.4353,225.8807,-239.0982,-0.04485777,-0.06738344,-0.0005122575,-0.1534571,-0.1466201,-0.1475644,-0.1561991,1
3.73464,-0.793795,-9.300251,0.1084485,0.1862504,0.0002139313,324.2325,234.6703,-224.407,226.3145,-239.1713,-0.04368825,-0.0654939,-0.0006117649,-0.1533065,-0.1466016,-0.1478478,-0.1562469,1
3.821962,-0.6745427,-9.1506,0.1158642,0.1997506,0.001385638,324.6429,234.1919,-223.9299,226.6364,-238.8103,-0.04244239,-0.06346738,-0.0007071475,-0.1529939,-0.1462899,-0.148058,-0.1560111,1
3.990543,-0.4780931,-8.88637,0.1232737,0.2135461,0.003114203,325.0531,233.6729,-223.5232,226.957,-238.5446,-0.04112586,-0.06130665,-0.0007922655,-0.1526549,-0.1460242,-0.1482674,-0.1558375,1
3.687365,-0.7156973,-9.244934,0.1271561,0.223459,0.001240763,325.4633,233.3259,-223.6468,227.1529,-238.8679,-0.03976506,-0.05904138,-0.000877455,-0.1524282,-0.1461049,-0.1483955,-0.1560487,1
3.555963,-0.7929801,-9.388721,0.1334139,0.2353303,0.0006572875,325.8736,232.8435,-224.0608,227.4264,-239.4427,-0.03834688,-0.05666363,-0.0009816301,-0.152113,-0.1463754,-0.1485741,-0.1564242,1
3.321458,-0.9635571,-9.658394,0.1395651,0.2468319,-0.0004336724,326.2837,232.1224,-223.9132,227.465,-239.4796,-0.03686136,-0.05416496,-0.001087969,-0.151642,-0.146279,-0.1485993,-0.1564483,1
3.744635,-0.52426,-9.050043,0.1505353,0.2636005,0.003394913,326.6939,231.006,-223.3082,227.5704,-239.015,-0.03528904,-0.05152424,-0.001197935,-0.1509126,-0.1458838,-0.1486682,-0.1561448,1
3.756431,-0.4627803,-8.965875,0.1580263,0.276761,0.004261973,327.104,230.47,-221.821,227.9843,-237.7458,-0.03362751,-0.04873566,-0.001273672,-0.1505624,-0.1449122,-0.1489386,-0.1553156,1
3.689323,-0.4721669,-8.986915,0.1642464,0.2887178,0.004169755,327.5141,229.8189,-221.503,228.2092,-237.6716,-0.03189771,-0.04582018,-0.001343753,-0.1501371,-0.1447045,-0.1490855,-0.1552672,1
3.631842,-0.4709562,-9.020562,0.1709321,0.300739,0.004121674,327.9242,229.4457,-221.8856,228.7689,-238.2843,-0.03010576,-0.04278886,-0.001413179,-0.1498933,-0.1449544,-0.1494512,-0.1556674,1
3.555614,-0.4852891,-9.088232,0.1781632,0.3129563,0.003974857,328.3342,229.2643,-222.1869,229.584,-238.8164,-0.02824644,-0.03964096,-0.001484741,-0.1497748,-0.1451512,-0.1499837,-0.156015,1
3.410972,-0.5608965,-9.23991,0.1853968,0.3249452,0.003403521,328.7442,228.6193,-222.5803,229.9521,-239.4586,-0.0263217,-0.03638178,-0.001566493,-0.1493534,-0.1454083,-0.1502241,-0.1564345,1
3.480046,-0.4370281,-9.100133,0.194858,0.3389943,0.004599208,329.1542,228.3054,-221.8889,230.8747,-238.9994,-0.02429337,-0.03297122,-0.001630902,-0.1491484,-0.1449566,-0.1508269,-0.1561346,1
3.313242,-0.5288199,-9.254411,0.2015292,0.3504481,0.003912197,329.5641,227.3666,-221.8412,230.9669,-239.2538,-0.02219732,-0.02944566,-0.001688531,-0.1485351,-0.1449254,-0.1508871,-0.1563008,1
3.661315,-0.1430179,-8.744701,0.2126148,0.3660916,0.007024014,329.974,227.3104,-221.1974,232.3582,-238.839,-0.01999438,-0.02576615,-0.001726818,-0.1484983,-0.1445048,-0.151796,-0.1560298,1
3.172204,-0.5286108,-9.329625,0.2166311,0.3743766,0.003796563,330.3839,226.8128,-221.5696,232.7142,-239.5658,-0.01773722,-0.02198974,-0.001754062,-0.1481733,-0.144748,-0.1520286,-0.1565046,1
3.140849,-0.4896446,-9.332021,0.2253871,0.3868829,0.003902022,330.7938,226.5086,-222.299,233.6862,-240.558,-0.01540429,-0.01809919,-0.001796772,-0.1479746,-0.1452245,-0.1526636,-0.1571528,1
3.223063,-0.343751,-9.180636,0.2353937,0.4004756,0.005128756,331.2036,226.0964,-222.1852,234.6873,-240.7109,-0.01297385,-0.01407612,-0.001824313,-0.1477052,-0.1451502,-0.1533176,-0.1572527,1
3.405075,-0.1035361,-8.880619,0.2455466,0.4144529,0.007015272,331.6134,225.6892,-221.7564,235.7529,-240.5703,-0.01044442,-0.009916974,-0.001830822,-0.1474393,-0.14487,-0.1540137,-0.1571609,1
3.308002,-0.1191792,-8.947175,0.2532159,0.4257016,0.006696866,332.0232,225.2857,-221.8917,236.632,-241.0328,-0.007837538,-0.005645238,-0.001823251,-0.1471756,-0.1449584,-0.154588,-0.157463,1
3.132036,-0.2059483,-9.12792,0.2609097,0.4364178,0.005738269,332.4329,225.1263,-222.3001,237.7711,-241.7549,-0.005150455,-0.001262222,-0.001809321,-0.1470715,-0.1452252,-0.1553322,-0.1579347,1
3.120789,-0.1386952,-9.095734,0.2701736,0.4485149,0.006041251,332.8427,224.8057,-222.7326,238.9128,-242.481,-0.002374747,0.003237315,-0.001788948,-0.1468621,-0.1455078,-0.156078,-0.1584091,1
2.701041,-0.4470443,-9.591249,0.2766095,0.4573707,0.003377668,333.2523,224.3438,-223.1357,239.6798,-243.2253,0.0004732906,0.007833309,-0.001762113,-0.1465603,-0.1457711,-0.1565791,-0.1588953,1
3.256031,0.1469869,-8.806356,0.2907918,0.47419,0.007974158,333.662,223.8663,-222.8901,241.1513,-243.2047,0.003443274,0.01257607,-0.001724581,-0.1462484,-0.1456107,-0.1575404,-0.1588819,1
2.931946,-0.06915428,-9.15597,0.2972555,0.4831665,0.006105104,334.0717,223.6716,-222.2553,242.2702,-242.9322,0.006508235,0.01743693,-0.001637067,-0.1461212,-0.1451959,-0.1582713,-0.1587038,1
2.493024,-0.3897125,-9.66641,0.302792,0.490918,0.002935512,334.4813,222.9079,-223.5357,242.8147,-244.6308,0.009596508,0.02266199,-0.001571169,-0.1456223,-0.1460324,-0.1586271,-0.1598135,1
2.747068,-0.06843506,-9.287197,0.3154128,0.5046834,0.005292499,334.8909,222.8751,-223.4329,244.6444,-244.7285,0.01283046,0.02772768,-0.001486627,-0.1456008,-0.1459652,-0.1598224,-0.1598773,1
2.894775,0.1564076,-9.019278,0.3256001,0.5168011,0.006823346,335.3005,222.2238,-223.1471,245.7108,-244.7206,0.01616646,0.03290864,-0.001368041,-0.1451753,-0.1457785,-0.1605191,-0.1598722,1
2.844778,0.2002123,-9.012009,0.3338577,0.5270335,0.006663197,335.7101,221.8454,-223.4238,246.9152,-245.288,0.01957932,0.03818273,-0.001233655,-0.1449282,-0.1459593,-0.1613058,-0.1602428,1
2.796109,0.246755,-9.015515,0.3427307,0.5375975,0.006498992,336.1195,221.6996,-223.7607,248.4275,-245.8811,0.0230822,0.04356144,-0.001083758,-0.1448329,-0.1461794,-0.1622939,-0.1606303,1
2.511492,0.07676724,-9.325283,0.3497614,0.5463731,0.004596453,336.5291,221.27,-224.3504,249.525,-246.7475,0.02666235,0.04903221,-0.0009199033,-0.1445523,-0.1465646,-0.1630108,-0.1611963,1
2.564321,0.2199422,-9.192293,0.359536,0.5581577,0.005212674,336.9385,221.278,-224.2991,251.3412,-246.9151,0.0303492,0.05462676,-0.0007283774,-0.1445575,-0.1465311,-0.1641973,-0.1613058,1
2.367852,0.1343058,-9.37931,0.3663524,0.567526,0.003877163,337.348,220.655,-224.9657,252.312,-247.8407,0.03410302,0.06030864,-0.0005222383,-0.1441505,-0.1469666,-0.1648315,-0.1619105,1
-0.6065642,0.317182,-9.193532,0.3758567,0.5797556,0.004708779,337.7574,220.7764,-224.9662,254.2951,-248.0215,0.03795705,0.06611332,-0.0002882143,-0.1442298,-0.1469669,-0.166127,-0.1620286,0.2332056
-1.833712,0.1437908,-9.508265,0.3814358,0.5887225,0.002587741,338.1668,220.4076,-225.5624,255.5138,-248.8899,0.04180837,0.07211481,-3.129925e-05,-0.1439888,-0.1473564,-0.1669232,-0.1625959,0
-1.630643,0.4313203,-9.184218,0.3908208,0.6019584,0.004093676,338.5762,220.7195,-226.2029,257.8467,-249.727,0.04582102,0.07813875,0.0002501858,-0.1441927,-0.1477749,-0.1684472,-0.1631428,0
-1.662973,0.5029628,-9.177926,0.3973079,0.6129492,0.003828726,338.9855,220.9275,-227.3295,259.7649,-251.009,0.04973242,0.08379753,0.000556875,-0.1443285,-0.1485108,-0.1697003,-0.1639802,0
-1.67682,0.5927888,-9.153267,0.4040192,0.6248869,0.003643103,339.3948,221.8812,-228.1465,262.5785,-251.9419,0.05386441,0.08998122,0.0008968292,-0.1449515,-0.1490445,-0.1715384,-0.1645897,0
-2.215887,0.1985604,-9.817551,0.4057126,0.6331217,-0.0005489419,339.8041,222.1549,-230.1277,264.2215,-253.9614,0.05793406,0.09603672,0.00124703,-0.1451304,-0.1503389,-0.1726118,-0.165909,0
-1.693563,0.7859997,-9.103279,0.4154214,0.6519173,0.003236411,340.2134,223.1478,-231.2495,267.3987,-254.8284,0.0622058,0.1025339,0.001627709,-0.145779,-0.1510717,-0.1746874,-0.1664754,0
-2.413466,0.2267873,-9.999277,0.4130017,0.6621776,-0.002165297,340.6226,223.8902,-233.013,269.1827,-255.8636,0.06648979,0.1091489,0.002049892,-0.146264,-0.1522238,-0.1758529,-0.1671517,0
-2.189511,0.5404645,-9.669568,0.415478,0.6852511,-0.0007565203,341.0318,224.42,-233.531,272.2634,-258.5292,0.07079577,0.1159635,0.00248364,-0.1466101,-0.1525621,-0.1778655,-0.1688931,0
-2.188964,0.6491286,-9.627676,0.4199588,0.7007654,-0.0008184061,341.441,224.702,-234.453,274.7296,-260.4272,0.07512945,0.1229433,0.00296065,-0.1467943,-0.1531645,-0.1794766,-0.170133,0
-2.125094,0.8172156,-9.493844,0.4281532,0.7119441,-0.0006386747,341.8501,225.6573,-234.9026,277.9616,-261.5565,0.07955186,0.1300429,0.003479609,-0.1474184,-0.1534582,-0.181588,-0.1708708,0
-2.526949,0.5561313,-9.970293,0.4327403,0.7163919,-0.004088051,342.2592,226.3176,-236.1316,280.5306,-263.47,0.08404461,0.1372091,0.00402883,-0.1478497,-0.1542611,-0.1832663,-0.1721209,0
-2.433483,0.75356,-9.80992,0.4413809,0.7226936,-0.003971904,342.6684,226.9323,-237.7876,283.3872,-265.7114,0.08861448,0.144428,0.004591993,-0.1482514,-0.1553429,-0.1851325,-0.1735851,0
-2.405114,0.8913081,-9.735602,0.4496936,0.726559,-0.004232761,343.0775,228.0584,-238.6012,286.7166,-267.1013,0.09328116,0.1516896,0.005198023,-0.148987,-0.1558744,-0.1873075,-0.1744931,0
-2.607213,0.8161676,-9.956438,0.4557996,0.7263801,-0.006444031,343.4865,228.9085,-239.9312,289.575,-269.0266,0.09802264,0.1589584,0.005826963,-0.1495424,-0.1567433,-0.1891748,-0.1757509,0
-2.524131,1.004636,-9.81353,0.464287,0.7266517,-0.006594962,343.8955,230.1006,-241.1825,292.9811,-270.804,0.1028622,0.1662367,0.006487853,-0.1503211,-0.1575608,-0.1914,-0.1769121,0
-2.654015,0.9962677,-9.952428,0.4704896,0.7229373,-0.00845781,344.3046,230.9302,-243.0729,295.8233,-273.238,0.107763,0.1734719,0.007163409,-0.1508631,-0.1587958,-0.1932567,-0.1785021,0
-2.980108,0.8060989,-10.35513,0.4762588,0.7164132,-0.0117848,344.7136,232.3151,-244.5359,299.1531,-275.2048,0.1127395,0.180658,0.007852813,-0.1517679,-0.1597515,-0.1954321,-0.1797871,0
-2.805785,1.077376,-10.09839,0.4856403,0.7121209,-0.01141444,345.1225,232.8875,-246.2217,301.9903,-277.3212,0.117801,0.1877906,0.008546095,-0.1521417,-0.1608528,-0.1972856,-0.1811696,0
-2.787586,1.203296,-10.03792,0.4933929,0.704523,-0.0120703,345.5315,233.9673,-247.0067,305.1917,-278.5384,0.1229592,0.1948541,0.009276842,-0.1528472,-0.1613657,-0.199377,-0.1819648,0
-2.793376,1.305889,-10.00624,0.5001611,0.6943569,-0.01320903,345.9404,234.5563,-248.5578,307.8103,-280.4994,0.1281762,0.2018065,0.01000508,-0.153232,-0.162379,-0.2010877,-0.1832459,0
-2.990893,1.230104,-10.23401,0.5061712,0.6811286,-0.01566338,346.3493,235.9246,-249.3876,311.1154,-281.6907,0.1334857,0.2086532,0.01075869,-0.1541258,-0.162921,-0.2032469,-0.1840241,0
-2.977338,1.347775,-10.18401,0.5126702,0.6671833,-0.01677731,346.7581,236.2968,-251.2751,313.4709,-283.9005,0.1388501,0.2153531,0.01150062,-0.154369,-0.1641541,-0.2047856,-0.1854678,0
-3.221315,1.225873,-10.47883,0.5177579,0.649656,-0.0196513,347.167,237.4023,-252.4366,316.4017,-285.3442,0.1442791,0.2218904,0.01224706,-0.1550912,-0.1649129,-0.2067003,-0.1864109,0
-3.173146,1.371592,-10.38639,0.5248221,0.6326979,-0.02045611,347.5758,238.0667,-253.5903,319.0557,-286.7072,0.1497797,0.2282628,0.01298351,-0.1555253,-0.1656666,-0.2084341,-0.1873014,0
-3.361394,1.296588,-10.59938,0.52944,0.6117277,-0.02291858,347.9846,238.3371,-254.9444,321.0818,-288.2616,0.1553275,0.2344304,0.01370717,-0.1557019,-0.1665512,-0.2097577,-0.1883168,0
-3.026569,1.702316,-10.12818,0.5380077,0.5932267,-0.0214956,348.3932,238.8118,-255.7112,323.6394,-289.1068,0.1609448,0.2404007,0.01441694,-0.156012,-0.1670521,-0.2114286,-0.188869,0
-3.236389,1.602014,-10.36255,0.5416594,0.5681784,-0.0240378,348.8019,239.6617,-255.8552,326.1273,-289.3547,0.166635,0.246152,0.0151405,-0.1565673,-0.1671462,-0.2130539,-0.1890309,0
-3.384004,1.556642,-10.5206,0.5446799,0.5411953,-0.02646503,349.2106,239.7407,-257.4614,327.7716,-291.0049,0.1723437,0.2516397,0.01582065,-0.1566188,-0.1681955,-0.2141281,-0.1901089,0
-3.260211,1.759665,-10.34177,0.5502694,0.5150237,-0.02666495,349.6192,240.3722,-258.4861,330.1549,-291.9521,0.178097,0.2568653,0.01647266,-0.1570314,-0.168865,-0.2156851,-0.1907278,0
-3.45923,1.660935,-10.57889,0.5528907,0.4846037,-0.02921928,350.0277,240.963,-259.1633,332.2163,-292.5459,0.183888,0.2618087,0.01709847,-0.1574174,-0.1693074,-0.2170317,-0.1911157,0
-3.384127,1.81215,-10.45827,0.5568891,0.4545544,-0.02980908,350.4362,240.8023,-260.6074,333.6228,-293.8188,0.1896898,0.2664471,0.01766281,-0.1573124,-0.1702508,-0.2179506,-0.1919473,0
-3.295108,1.97279,-10.32309,0.5610438,0.4232612,-0.03000526,350.8446,241.3744,-260.9147,335.7419,-293.8792,0.1955358,0.2707857,0.01820118,-0.1576861,-0.1704515,-0.2193349,-0.1919867,0
-3.498665,1.859265,-10.56466,0.5617696,0.3876091,-0.03250169,351.2529,241.4624,-261.7342,337.0545,-294.4434,0.2013864,0.2747882,0.01868553,-0.1577436,-0.1709869,-0.2201925,-0.1923553,0
-3.346688,2.070905,-10.35245,0.5649735,0.3533427,-0.03230008,351.6612,241.6134,-262.6664,338.6127,-294.995,0.2072482,0.2784545,0.01910845,-0.1578423,-0.1715959,-0.2212104,-0.1927156,0
-3.556473,1.944599,-10.61701,0.5648631,0.3146977,-0.03462645,352.0694,241.7332,-263.5627,339.8107,-295.4907,0.2130994,0.2817526,0.01946668,-0.1579206,-0.1721815,-0.221993,-0.1930395,0
-3.64976,1.921875,-10.73251,0.5656431,0.2759837,-0.03603901,352.4775,241.8763,-264.3749,341.0682,-295.8055,0.2189438,0.284685,0.01974722,-0.158014,-0.172712,-0.2228145,-0.1932452,0
-3.465947,2.151143,-10.48725,0.5677238,0.2381297,-0.03519537,352.8855,241.3615,-265.4868,341.7505,-296.3339,0.2247667,0.2872353,0.01993783,-0.1576777,-0.1734384,-0.2232603,-0.1935903,0
-3.509115,2.166257,-10.53729,0.5678806,0.1974756,-0.03574771,353.2934,241.6627,-265.4856,343.0379,-295.6997,0.2305912,0.2894053,0.02006901,-0.1578745,-0.1734376,-0.2241013,-0.193176,0
-3.605759,2.127695,-10.65691,0.5663943,0.1548468,-0.03679672,353.7013,241.0342,-266.6017,343.2176,-296.1338,0.2363652,0.2911628,0.02009174,-0.1574639,-0.1741667,-0.2242187,-0.1934596,0
-3.599529,2.180251,-10.6542,0.5659778,0.1124391,-0.03673258,354.109,241.1124,-267.0111,344.144,-295.7474,0.242121,0.2925209,0.02003211,-0.157515,-0.1744342,-0.2248239,-0.1932071,0
-3.58986,2.231565,-10.6469,0.5644057,0.06886521,-0.03657627,354.5166,240.3255,-268.1801,344.0686,-296.0724,0.2478116,0.2934472,0.01985219,-0.1570009,-0.1751979,-0.2247747,-0.1934195,0
-3.719848,2.149376,-10.82839,0.5622793,0.02398823,-0.03707342,354.9241,240.2593,-268.483,344.6019,-295.4439,0.2534645,0.2939537,0.01957437,-0.1569576,-0.1753957,-0.225123,-0.1930089,0
-3.484494,2.399906,-10.52939,0.5618154,-0.01886688,-0.03472997,355.3315,239.9415,-268.7235,345.0095,-294.6613,0.2590939,0.2940542,0.01920527,-0.1567501,-0.1755529,-0.2253894,-0.1924976,0
-3.468169,2.444133,-10.52497,0.5580102,-0.06483553,-0.0339021,355.7388,239.4794,-269.6993,344.9482,-294.5881,0.2646511,0.293708,0.01872689,-0.1564482,-0.1761904,-0.2253493,-0.1924498,0
-3.702252,2.253261,-10.8676,0.5527327,-0.1127956,-0.03481325,356.146,239.3764,-270.9569,345.0434,-294.7116,0.2701151,0.2929053,0.01811112,-0.1563809,-0.177012,-0.2254114,-0.1925305,0
-3.768708,2.212681,-10.99941,0.5492957,-0.1588818,-0.03410044,356.553,239.0967,-272.0489,345.0649,-294.5575,0.2755131,0.2916698,0.01736583,-0.1561982,-0.1777253,-0.2254255,-0.1924298,0
-3.735601,2.259035,-10.99684,0.5457059,-0.2043643,-0.03226713,356.9599,238.3272,-273.2048,344.5456,-294.41,0.2808334,0.2899931,0.01649213,-0.1556955,-0.1784804,-0.2250863,-0.1923335,0
-3.115066,2.843332,-10.2281,0.545862,-0.2452835,-0.02577252,357.3667,238.5339,-273.1025,345.3055,-292.8708,0.2861308,0.2879143,0.0155348,-0.1558305,-0.1784136,-0.2255827,-0.1913279,0
-3.381067,2.604406,-10.62329,0.5370919,-0.2944077,-0.02588468,357.7733,238.4157,-274.2469,344.9279,-292.6468,0.2913281,0.2853771,0.01446284,-0.1557533,-0.1791612,-0.2253361,-0.1911816,0
-3.428818,2.564086,-10.76523,0.5305671,-0.3411532,-0.02436686,358.1798,238.3478,-276.5992,344.7243,-293.4756,0.2964032,0.2823885,0.0132289,-0.1557089,-0.1806979,-0.225203,-0.191723,0
-3.488628,2.508528,-10.93954,0.5248498,-0.3866882,-0.02235013,358.5862,238.6777,-278.2302,344.9234,-293.4893,0.3013956,0.2789699,0.01186875,-0.1559244,-0.1817635,-0.2253331,-0.191732,0
-3.291274,2.685239,-10.77171,0.5202502,-0.4295979,-0.01818335,358.9925,238.5532,-279.9343,344.7365,-293.5073,0.3063016,0.2751319,0.01037786,-0.1558431,-0.1828768,-0.2252109,-0.1917437,0
-3.042237,2.905171,-10.54056,0.5153031,-0.4716854,-0.01328729,359.3986,238.8477,-281.2528,344.8997,-293.0742,0.3111343,0.2708851,0.008780038,-0.1560355,-0.1837381,-0.2253176,-0.1914608,0
-3.248636,2.700087,-10.91258,0.5060415,-0.5171019,-0.01165954,359.8046,239.0143,-283.2923,344.5073,-293.3517,0.3158529,0.2662102,0.007051248,-0.1561443,-0.1850704,-0.2250613,-0.1916421,0
-2.789324,3.10622,-10.43234,0.5019945,-0.5561296,-0.00484477,360.2105,239.4766,-285.2775,344.8223,-293.4055,0.3204936,0.2611485,0.005203663,-0.1564464,-0.1863673,-0.2252671,-0.1916773,0
-3.0894,2.806433,-10.95043,0.4913052,-0.6006755,-0.003332328,360.6163,240.4314,-287.0609,345.0072,-293.2972,0.3250443,0.2556818,0.003263723,-0.1570701,-0.1875324,-0.2253878,-0.1916065,0
-2.874947,2.978264,-10.81272,0.4838787,-0.6402835,0.001872401,361.0219,240.7738,-290.326,344.8286,-294.5413,0.3294702,0.249821,0.001174694,-0.1572938,-0.1896655,-0.2252712,-0.1924193,0
-3.228002,2.621987,-11.43486,0.4730069,-0.6827497,0.003469977,361.4275,242.048,-292.7279,345.2064,-294.8905,0.3337992,0.2435736,-0.001016074,-0.1581262,-0.1912346,-0.225518,-0.1926474,0
-2.844372,2.941352,-11.09266,0.4670015,-0.7181843,0.01057454,361.8329,242.796,-295.4633,345.4671,-295.4469,0.3380457,0.2369791,-0.0033184,-0.1586149,-0.1930216,-0.2256882,-0.1930109,0
-2.670403,3.063085,-11.03203,0.4581493,-0.7547274,0.01649771,362.2382,243.6427,-298.3053,345.5456,-296.0994,0.3421907,0.2300198,-0.005715211,-0.159168,-0.1948782,-0.2257396,-0.1934371,0
-2.516169,3.162398,-11.00745,0.4489907,-0.7901646,0.02234444,362.6435,245.009,-301.0995,346.0729,-296.6335,0.3462348,0.2227143,-0.008211809,-0.1600606,-0.1967036,-0.2260841,-0.1937861,0
-2.641776,2.999122,-11.35904,0.4374544,-0.8266003,0.02633646,363.0486,246.4959,-304.0903,346.4718,-297.3339,0.3501842,0.2150749,-0.01079349,-0.1610319,-0.1986575,-0.2263446,-0.1942436,0
-2.33602,3.230532,-11.15828,0.4282514,-0.8586351,0.03361164,363.4537,247.4765,-308.0094,346.5454,-298.87,0.3540174,0.2071077,-0.01348239,-0.1616725,-0.2012177,-0.2263927,-0.1952471,0
-2.390322,3.125269,-11.43979,0.4165698,-0.8919735,0.03859492,363.8588,249.2424,-311.2003,347.1326,-299.6487,0.3577435,0.1988178,-0.01625239,-0.1628262,-0.2033023,-0.2267763,-0.1957559,0
-2.035305,3.393363,-11.18503,0.4075265,-0.9206624,0.04670358,364.2637,250.7657,-314.4193,347.6884,-300.3669,0.3613836,0.1902438,-0.01909862,-0.1638213,-0.2054052,-0.2271394,-0.196225,0
-2.121741,3.249457,-11.51018,0.3938884,-0.9521402,0.05178256,364.6686,252.5793,-317.6502,348.1127,-301.1229,0.3649263,0.1813762,-0.02199488,-0.1650061,-0.207516,-0.2274166,-0.1967189,0
-2.135146,3.169378,-11.75499,0.3799687,-0.9820463,0.05728664,365.0735,254.113,-322.0634,348.2039,-303.006,0.3683261,0.1722112,-0.02499042,-0.1660081,-0.210399,-0.2274761,-0.1979491,0
-2.036389,3.189018,-11.86875,0.3677418,-1.009092,0.06403496,365.4784,256.3366,-325.5551,349.084,-303.875,0.3716289,0.162785,-0.02804258,-0.1674607,-0.2126801,-0.2280512,-0.1985168,0
-1.689977,3.432508,-11.64876,0.3559701,-1.033275,0.07273499,365.8832,257.726,-329.4417,349.1674,-305.1133,0.3748201,0.1531041,-0.03115715,-0.1683683,-0.2152191,-0.2281056,-0.1993258,0
-1.717716,3.326005,-11.92006,0.3407503,-1.059311,0.07889327,366.288,259.9789,-332.6432,349.7874,-305.6743,0.3779038,0.1431738,-0.03430286,-0.1698402,-0.2173107,-0.2285107,-0.1996922,0
-1.630535,3.32156,-12.04668,0.3252985,-1.083519,0.08580561,366.6928,261.526,-336.9525,349.6681,-307.3096,0.3808436,0.1329965,-0.03752121,-0.1708509,-0.2201259,-0.2284327,-0.2007606,0
-1.52392,3.330991,-12.15729,0.3102239,-1.105971,0.09324113,367.0977,263.3372,-340.7551,349.808,-308.384,0.3836547,0.1225875,-0.04078731,-0.1720341,-0.22261,-0.2285241,-0.2014625,0
-1.410383,3.341706,-12.24698,0.2945809,-1.127085,0.1009194,367.5025,265.0539,-343.9642,349.7904,-308.853,0.3863454,0.1119652,-0.04408451,-0.1731556,-0.2247065,-0.2285126,-0.2017689,0
-1.401937,3.250654,-12.46591,0.2768849,-1.148175,0.1079274,367.9073,266.584,-347.186,349.4035,-309.3485,0.388902,0.1011335,-0.04740813,-0.1741552,-0.2268112,-0.2282599,-0.2020926,0
-1.060282,3.463277,-12.25124,0.2605532,-1.165725,0.1174788,368.3123,268.1279,-350.3724,349.1529,-309.7659,0.3913228,0.09010835,-0.05075264,-0.1751638,-0.2288929,-0.2280962,-0.2023652,0
-0.9718077,3.43779,-12.3686,0.2412153,-1.184427,0.1252583,368.7172,269.809,-353.4432,348.7702,-310.096,0.3935896,0.07888495,-0.05411157,-0.176262,-0.230899,-0.2278461,-0.2025809,0
-0.7603712,3.521592,-12.32761,0.2220748,-1.200992,0.1339642,369.1222,271.4778,-356.623,348.3901,-310.5124,0.3957001,0.06748185,-0.05748644,-0.1773522,-0.2329762,-0.2275979,-0.2028529,0
-0.7938855,3.374809,-12.60789,0.2002434,-1.218436,0.1409869,369.5272,273.154,-359.753,347.7759,-310.9093,0.3976412,0.05589885,-0.0608672,-0.1784472,-0.235021,-0.2271966,-0.2031122,0
-0.6071116,3.427146,-12.60034,0.1792486,-1.232949,0.1496695,369.9323,274.6801,-362.9554,347.087,-311.3595,0.3994054,0.04415129,-0.06425924,-0.1794442,-0.2371131,-0.2267466,-0.2034063,0
-0.6737434,3.240882,-12.92087,0.1556908,-1.24824,0.1566533,370.3375,275.8607,-366.1143,345.8157,-311.8049,0.4009691,0.03223286,-0.06766713,-0.1802155,-0.2391768,-0.225916,-0.2036973,0
-0.01612832,3.718826,-12.28252,0.1371611,-1.256223,0.1692131,370.7427,277.4601,-367.7888,345.4193,-310.6967,0.4023874,0.02020235,-0.0710355,-0.1812604,-0.2402707,-0.225657,-0.2029733,0
-0.1614036,3.450519,-12.67489,0.1096342,-1.270582,0.1757185,371.148,278.7408,-369.8583,343.9511,-310.1631,0.4035978,0.008020287,-0.0743662,-0.1820971,-0.2416227,-0.2246979,-0.2026248,0
0.1914041,3.638783,-12.43615,0.08486586,-1.279859,0.1856451,371.5533,280.2106,-372.8727,342.9292,-310.5263,0.4045823,-0.004290506,-0.07769454,-0.1830572,-0.2435919,-0.2240303,-0.202862,0
0.09076062,3.404106,-12.8013,0.05662575,-1.291241,0.1924638,371.9588,282.124,-375.1887,342.0301,-310.2477,0.405342,-0.01672804,-0.0809856,-0.1843072,-0.2451049,-0.223443,-0.20268,0
0.4122003,3.554694,-12.60467,0.03046333,-1.298024,0.2023001,372.3643,283.4624,-377.8195,340.7601,-310.2843,0.4058709,-0.02926769,-0.08425168,-0.1851816,-0.2468236,-0.2226133,-0.2027039,0
0.6469271,3.620934,-12.5185,0.002542823,-1.304357,0.2116522,372.7699,285.4568,-379.4395,340.0093,-309.3721,0.4061748,-0.04189768,-0.08744265,-0.1864845,-0.2478819,-0.2221227,-0.202108,0
0.5972158,3.420211,-12.80085,-0.02950276,-1.312242,0.2185747,373.1755,286.5284,-382.5694,337.9945,-310.0781,0.4061825,-0.05464374,-0.09062348,-0.1871845,-0.2499266,-0.2208065,-0.2025692,0
0.7939868,3.442906,-12.77168,-0.05866807,-1.315811,0.2276382,373.5813,288.8359,-383.9252,337.4517,-308.9753,0.405951,-0.06744739,-0.09372452,-0.188692,-0.2508123,-0.220452,-0.2018488,0
1.131869,3.591521,-12.53299,-0.08944817,-1.317788,0.2375605,373.9871,289.8502,-385.9411,335.5241,-308.6424,0.4054399,-0.08031699,-0.09675997,-0.1893546,-0.2521293,-0.2191927,-0.2016313,0
1.030711,3.33053,-12.87339,-0.1244309,-1.3219,0.2441965,374.393,291.7708,-387.5708,334.14,-308.0291,0.4046232,-0.09325641,-0.09971837,-0.1906093,-0.253194,-0.2182885,-0.2012306,0
1.112705,3.234579,-12.97605,-0.158554,-1.322905,0.2520399,374.799,293.4396,-389.344,332.5902,-307.5959,0.4034995,-0.1062365,-0.1026078,-0.1916995,-0.2543524,-0.217276,-0.2009476,0
1.244436,3.180453,-13.00665,-0.1932637,-1.322109,0.2603424,375.205,294.5861,-391.0788,330.479,-307.2018,0.4020508,-0.1192541,-0.1054176,-0.1924485,-0.2554857,-0.2158968,-0.2006901,0
1.170124,2.931695,-13.29205,-0.2300897,-1.321211,0.2671467,375.6112,296.0879,-391.8159,328.5438,-305.9132,0.4002697,-0.1322947,-0.1081258,-0.1934296,-0.2559672,-0.2146326,-0.1998483,0
1.785711,3.316382,-12.65913,-0.2631995,-1.313419,0.2789193,376.0174,297.1614,-392.2003,326.5507,-304.3096,0.398164,-0.1453184,-0.1107157,-0.1941309,-0.2562183,-0.2133305,-0.1988007,0
1.696469,3.046279,-12.93597,-0.3035837,-1.310244,0.2853372,376.4237,298.5453,-392.3281,324.2593,-302.6598,0.3956875,-0.1583469,-0.1131669,-0.195035,-0.2563019,-0.2118336,-0.197723,0
2.207819,3.327512,-12.43639,-0.3405416,-1.300686,0.2957676,376.83,299.7729,-393.2558,322.145,-301.8396,0.3928284,-0.1713479,-0.1155106,-0.195837,-0.2569079,-0.2104523,-0.1971871,0
2.330737,3.246287,-12.44841,-0.3807319,-1.292421,0.303415,377.2364,301.9533,-392.8686,320.7032,-299.8401,0.3895903,-0.1843043,-0.1176788,-0.1972614,-0.2566549,-0.2095104,-0.1958809,0
2.359953,3.075069,-12.57542,-0.423561,-1.28378,0.3097727,377.6429,303.5162,-393.8603,318.4492,-299.3725,0.3859269,-0.1972186,-0.1197176,-0.1982824,-0.2573028,-0.2080379,-0.1955754,0
2.193405,2.719462,-12.97929,-0.4674895,-1.274498,0.3146371,378.0493,305.5776,-394.7653,316.5801,-298.9125,0.381826,-0.2100782,-0.1216176,-0.1996291,-0.257894,-0.2068169,-0.1952749,0
2.582684,2.873888,-12.64509,-0.5072505,-1.258661,0.3235555,378.4559,307.5047,-394.7446,314.9486,-297.5749,0.377309,-0.2228342,-0.1233492,-0.200888,-0.2578804,-0.205751,-0.1944011,0
2.537231,2.623697,-12.85434,-0.5518488,-1.244931,0.3290609,378.8625,308.9606,-394.6063,312.4412,-296.3374,0.372333,-0.2355005,-0.1249062,-0.2018391,-0.2577902,-0.204113,-0.1935926,0
2.887624,2.736259,-12.5399,-0.5938944,-1.225908,0.3371981,379.269,310.8725,-393.8637,310.6327,-294.5818,0.3669062,-0.2480307,-0.1262713,-0.2030881,-0.2573051,-0.2029315,-0.1924458,0
2.956774,2.586427,-12.58266,-0.6393507,-1.207607,0.3429431,379.6757,312.599,-393.0746,308.3601,-292.9794,0.360998,-0.2604233,-0.1274315,-0.2042161,-0.2567895,-0.2014468,-0.1913989,0
3.022032,2.430412,-12.63071,-0.6854077,-1.187377,0.3482144,380.0824,314.5923,-392.4517,306.313,-291.6869,0.3545923,-0.2726574,-0.1283916,-0.2055182,-0.2563826,-0.2001095,-0.1905545,0
3.356992,2.52116,-12.32858,-0.7297354,-1.162992,0.3551799,380.4891,316.6864,-391.1187,304.6524,-290.5737,0.3476895,-0.2846997,-0.1291309,-0.2068863,-0.2555118,-0.1990247,-0.1898272,0
3.237388,2.189792,-12.61298,-0.7765551,-1.142366,0.3583582,380.8958,318.7342,-388.8829,302.9247,-290.6072,0.3402681,-0.2965586,-0.1296486,-0.2082241,-0.2540512,-0.197896,-0.1898492,0
3.480495,2.191459,-12.42692,-0.810527,-1.128438,0.3637524,381.3024,321.2344,-387.564,301.8949,-289.9789,0.3324293,-0.3082781,-0.12997,-0.2098575,-0.2531895,-0.1972233,-0.1894387,0
3.513871,1.997949,-12.52723,-0.842427,-1.12196,0.3671508,381.7092,323.5923,-387.7419,300.4495,-290.237,0.3242106,-0.3199554,-0.1301442,-0.2113979,-0.2533058,-0.196279,-0.1896073,0
3.72699,1.968777,-12.41171,-0.8725638,-1.114342,0.3716075,382.1158,327.7232,-386.8463,300.8266,-289.2854,0.3156512,-0.3315606,-0.1301266,-0.2140964,-0.2527207,-0.1965253,-0.1889856,0
3.869051,1.872811,-12.39267,-0.9064096,-1.107547,0.3747948,382.5225,330.691,-388.1067,299.7418,-290.6094,0.3066915,-0.3431309,-0.129976,-0.2160353,-0.2535441,-0.1958167,-0.1898506,0
4.094078,1.851174,-12.29242,-0.9391835,-1.097988,0.3784617,382.9292,335.6446,-388.0053,300.7227,-290.5914,0.2973472,-0.3546165,-0.1296312,-0.2192714,-0.2534779,-0.1964574,-0.1898389,0
3.891637,1.433355,-12.74457,-0.976973,-1.090763,0.3782637,383.3359,340.1374,-388.8692,300.8266,-291.7086,0.2875817,-0.3660228,-0.1291146,-0.2222065,-0.2540422,-0.1965253,-0.1905687,0
4.111302,1.403606,-12.66714,-1.011941,-1.078173,0.3807376,383.7425,344.8845,-390.4578,301.4407,-293.574,0.2773901,-0.377322,-0.1284354,-0.2253077,-0.25508,-0.1969265,-0.1917873,0
3.998438,1.065221,-13.02917,-1.049323,-1.06605,0.3805067,384.1492,350.0572,-391.4533,302.253,-294.9624,0.2667568,-0.388501,-0.1275722,-0.2286869,-0.2557304,-0.1974572,-0.1926944,0
4.142146,0.9631598,-13.04411,-1.085008,-1.049481,0.3817128,384.5558,354.7872,-392.6088,302.7795,-296.5811,0.2556836,-0.3995253,-0.1265393,-0.2317769,-0.2564852,-0.1978012,-0.1937518,0
4.170054,0.7538179,-13.19724,-1.121723,-1.031252,0.3818554,384.9624,359.3752,-393.2277,303.0768,-297.7851,0.2441566,-0.4103724,-0.1253138,-0.2347742,-0.2568895,-0.1979953,-0.1945383,0
4.868298,1.164213,-12.45379,-1.15405,-1.00501,0.3865214,385.369,364.1543,-392.8918,303.9896,-298.0932,0.2321906,-0.4209792,-0.1238686,-0.2378963,-0.2566701,-0.1985917,-0.1947397,0
4.708602,0.7827697,-12.81733,-1.194397,-0.9834054,0.3841968,385.7757,369.0375,-392.8233,304.3368,-298.9281,0.219733,-0.4313567,-0.1222005,-0.2410865,-0.2566254,-0.1988185,-0.1952851,0
4.694811,0.5359749,-13.00566,-1.233324,-0.9572806,0.3822175,386.1823,374.226,-393.5678,305.1309,-300.6514,0.2067917,-0.4414602,-0.1203431,-0.2444761,-0.2571117,-0.1993372,-0.1964109,0
4.637711,0.2496774,-13.25719,-1.272023,-0.9282451,0.3796349,386.5889,379.1533,-394.3281,305.6826,-302.4964,0.1933606,-0.4512626,-0.1182908,-0.2476949,-0.2576084,-0.1996976,-0.1976162,0
4.860671,0.2238346,-13.12541,-1.308192,-0.8935087,0.3787778,386.9955,383.9492,-394.4175,306.3391,-303.7601,0.179449,-0.4607174,-0.1160423,-0.250828,-0.2576668,-0.2001265,-0.1984418,0
4.63749,-0.2116132,-13.54918,-1.347525,-0.8587709,0.3742758,387.4021,389.0239,-393.3672,307.0186,-304.0771,0.1650536,-0.4697792,-0.1135659,-0.2541432,-0.2569807,-0.2005705,-0.1986488,0
4.840524,-0.2503052,-13.39868,-1.384631,-0.8174355,0.3721765,387.8087,392.931,-393.5583,306.785,-305.7557,0.1501679,-0.4784254,-0.1109184,-0.2566957,-0.2571055,-0.2004178,-0.1997454,0
5.001279,-0.3255713,-13.30166,-1.420933,-0.7722542,0.369627,388.2152,397.8738,-392.1061,307.6738,-305.9064,0.1348029,-0.4865917,-0.1080518,-0.2599248,-0.2561568,-0.2009985,-0.1998439,0
4.98667,-0.5586305,-13.40756,-1.459281,-0.7250417,0.3650223,388.6217,401.978,-391.311,307.5996,-306.9054,0.1189504,-0.49426,-0.1050141,-0.262606,-0.2556374,-0.2009501,-0.2004965,0
5.414548,-0.3794619,-12.934,-1.493508,-0.670001,0.3633729,389.0283,406.4907,-389.9247,308.3401,-307.3807,0.1026402,-0.5013534,-0.1017927,-0.265554,-0.2547317,-0.2014338,-0.200807,0
5.199993,-0.7891159,-13.28426,-1.533123,-0.6165256,0.3563886,389.4348,410.8179,-388.8098,308.4743,-308.3585,0.08584601,-0.5078671,-0.09840942,-0.2683809,-0.2540033,-0.2015215,-0.2014458,0
5.107197,-1.082414,-13.47902,-1.570678,-0.5574079,0.3497892,389.8412,415.2326,-388.0222,308.9151,-309.7366,0.06859986,-0.5137476,-0.09491236,-0.271265,-0.2534889,-0.2018094,-0.2023461,0
5.110433,-1.281891,-13.53679,-1.606651,-0.49297,0.3437566,390.2476,418.9311,-387.1233,308.8195,-311.0859,0.0509192,-0.5189523,-0.09132265,-0.2736812,-0.2529016,-0.201747,-0.2032276,0
5.134872,-1.455314,-13.53592,-1.641795,-0.4234008,0.3377557,390.654,422.7161,-385.0094,308.9438,-311.3015,0.0328298,-0.5234144,-0.08764183,-0.2761539,-0.2515206,-0.2018282,-0.2033684,0
4.754848,-1.99519,-14.03102,-1.68042,-0.3520734,0.3283789,391.0603,426.0139,-382.9012,308.3606,-311.6291,0.01433457,-0.5270972,-0.0839059,-0.2783083,-0.2501434,-0.2014472,-0.2035824,0
5.132706,-1.828223,-13.52356,-1.713714,-0.2688529,0.3243358,391.4666,428.4355,-381.4274,307.4631,-312.4156,-0.004532764,-0.5299417,-0.08018109,-0.2798902,-0.2491806,-0.2008608,-0.2040962,0
5.536126,-1.630061,-12.95952,-1.747425,-0.1782999,0.3206272,391.8728,432.1363,-377.8677,307.8406,-310.5306,-0.02374369,-0.5318261,-0.07642066,-0.2823079,-0.2468551,-0.2011074,-0.2028648,0
5.343471,-1.973909,-13.1479,-1.79145,-0.08380257,0.311552,392.2789,434.5369,-375.5388,306.7614,-311.9085,-0.04334918,-0.5327351,-0.07272813,-0.2838762,-0.2453336,-0.2004024,-0.203765,0
5.403576,-2.079653,-13.03751,-1.832333,0.0204272,0.304366,392.6851,437.2183,-372.7125,306.8389,-314.8304,-0.06331771,-0.5325673,-0.06917229,-0.2856279,-0.2434873,-0.200453,-0.2056738,0
5.019965,-2.587385,-13.49428,-1.864731,0.1143915,0.2946409,393.0911,439.7732,-369.8322,306.9042,-317.1357,-0.08353685,-0.5313746,-0.06578215,-0.287297,-0.2416056,-0.2004958,-0.2071798,0
5.406194,-2.374636,-12.92929,-1.884134,0.2088268,0.2910837,393.497,441.859,-367.5023,307.2559,-319.6126,-0.1038706,-0.5292055,-0.06261446,-0.2886596,-0.2400835,-0.2007255,-0.208798,0
5.014657,-2.871362,-13.37468,-1.905843,0.2930732,0.2823299,393.9029,444.4408,-365.099,307.7064,-322.0894,-0.1242949,-0.5261297,-0.05966794,-0.2903463,-0.2385135,-0.2010198,-0.210416,0
4.811003,-3.186398,-13.58018,-1.923201,0.3761406,0.2751378,394.3086,446.9662,-363.7724,308.3833,-325.6676,-0.1447431,-0.5221891,-0.05702165,-0.2919961,-0.2376468,-0.201462,-0.2127536,0
4.650808,-3.453512,-13.73871,-1.937269,0.4572045,0.269029,394.7143,449.4345,-362.704,309.2138,-329.568,-0.1651749,-0.5174119,-0.05468982,-0.2936086,-0.2369489,-0.2020046,-0.2153016,0
4.871307,-3.360012,-13.39307,-1.946359,0.5387749,0.2663451,395.12,452.2956,-361.2513,310.8405,-333.1435,-0.1855374,-0.5118052,-0.05268801,-0.2954777,-0.2359998,-0.2030673,-0.2176375,0
4.54942,-3.759063,-13.75558,-1.958231,0.6129781,0.2601001,395.5255,454.8575,-360.9349,311.8903,-338.0283,-0.2058408,-0.5054492,-0.0510463,-0.2971514,-0.2357932,-0.2037531,-0.2208286,0
4.722093,-3.694492,-13.48824,-1.963195,0.6890982,0.2582542,395.931,458.5026,-360.1981,314.5939,-342.4777,-0.2260028,-0.4983169,-0.04977818,-0.2995326,-0.2353119,-0.2055193,-0.2237354,0
4.666582,-3.8325,-13.52321,-1.969675,0.7595013,0.255199,396.3364,461.4076,-361.1225,316.419,-348.739,-0.2460507,-0.4904975,-0.04890072,-0.3014304,-0.2359157,-0.2067116,-0.2278257,0
4.312108,-4.241253,-13.97641,-1.975383,0.8250434,0.2506638,396.7418,465.7724,-362.0042,319.7171,-355.0073,-0.2659533,-0.4820157,-0.0484211,-0.3042819,-0.2364917,-0.2088662,-0.2319207,0
4.223966,-4.397215,-14.09483,-1.977382,0.8894454,0.2487405,397.147,469.8023,-363.8763,322.9828,-362.2934,-0.285677,-0.4729052,-0.04836418,-0.3069145,-0.2377147,-0.2109996,-0.2366806,0
4.160493,-4.523624,-14.19341,-1.977898,0.950466,0.2478279,397.5523,473.6588,-366.6909,326.1752,-370.5786,-0.3052362,-0.4632323,-0.04872806,-0.3094339,-0.2395534,-0.2130852,-0.2420932,0
4.158231,-4.587116,-14.22208,-1.975398,1.009094,0.2482616,397.9575,478.5861,-368.7704,330.6589,-378.1414,-0.3245921,-0.4530009,-0.0495024,-0.3126529,-0.2409119,-0.2160143,-0.2470338,0
4.057333,-4.734102,-14.37758,-1.972844,1.063039,0.2485918,398.3627,483.2025,-371.6766,334.8197,-386.607,-0.3437451,-0.4422564,-0.05068417,-0.3156686,-0.2428106,-0.2187325,-0.2525643,0
3.891282,-4.935382,-14.63535,-1.96946,1.112686,0.2490946,398.7679,487.681,-375.9472,338.8699,-396.4644,-0.3627185,-0.4310778,-0.05227702,-0.3185945,-0.2456005,-0.2213784,-0.2590041,0
3.892189,-4.9772,-14.6935,-1.961898,1.160822,0.2517552,399.173,493.0154,-379.7213,344.0759,-405.7837,-0.3814748,-0.4194723,-0.05427007,-0.3220793,-0.248066,-0.2247794,-0.2650921,0
3.39748,-5.469518,-15.39344,-1.956677,1.201378,0.2514771,399.5782,497.881,-384.1261,348.5538,-415.8169,-0.4000328,-0.4074992,-0.05664755,-0.3252579,-0.2509436,-0.2277047,-0.2716467,0
3.131453,-5.743795,-15.79196,-1.947398,1.240653,0.2536719,399.9835,500,-388.9265,353.2161,-426.1957,-0.4183758,-0.3951927,-0.05941021,-0.3283698,-0.2540796,-0.2307506,-0.278427,0
3.026982,-5.856747,-15.93088,-1.942739,1.271494,0.2582067,400.3887,500,-393.5069,357.6595,-436.5147,-0.4365512,-0.3826188,-0.06251977,-0.3315977,-0.2570719,-0.2336534,-0.2851683,0
3.374576,-5.539574,-15.46426,-1.953982,1.284208,0.2676563,400.794,500,-397.3194,362.6996,-446.4841,-0.4547439,-0.3699132,-0.06587453,-0.3360173,-0.2595626,-0.236946,-0.2916811,0
2.722509,-6.137413,-16.30692,-1.98962,1.265227,0.271242,401.1993,500,-402.9652,367.1156,-458.6756,-0.473236,-0.3573377,-0.06934185,-0.3414061,-0.2632509,-0.2398309,-0.2996456,0
2.415172,-6.414422,-16.756,-2.037139,1.223702,0.2792412,401.6047,500,-409.8983,373.2709,-472.2208,-0.4922084,-0.3451082,-0.07281607,-0.3486521,-0.2677802,-0.2438521,-0.3084945,0
2.388923,-6.428428,-16.87173,-2.1006,1.154709,0.2915867,402.0102,500,-417.6308,380.6604,-486.721,-0.5118707,-0.3334403,-0.07612198,-0.3576574,-0.2728317,-0.2486795,-0.3179673,0
2.486062,-6.314234,-16.71149,-2.188141,1.049551,0.3070921,402.4157,500,-414.7369,379.5138,-490.8919,-0.5325044,-0.3225853,-0.0790318,-0.3624796,-0.2709412,-0.2479305,-0.320692,0
2.147823,-6.589469,-16.86129,-2.269414,0.9274384,0.3203688,402.8213,500,-410.7345,376.0406,-493.3253,-0.554222,-0.3127644,-0.08139374,-0.3657736,-0.2683265,-0.2456615,-0.3222817,0
1.945355,-6.752413,-16.85126,-2.314191,0.8141932,0.334744,403.2269,500,-406.2091,374.8822,-493.9216,-0.5766516,-0.3038767,-0.08320728,-0.3690972,-0.2653701,-0.2449047,-0.3226713,0
1.873683,-6.801156,-16.6849,-2.338032,0.7061923,0.3494591,403.6326,500,-402.4757,373.4333,-494.2797,-0.5995433,-0.295861,-0.08447605,-0.3722487,-0.2629311,-0.2439582,-0.3229052,0
1.757784,-6.893287,-16.57621,-2.349136,0.6024573,0.3629156,404.0381,500,-398.4888,372.1776,-493.3594,-0.6227456,-0.2886469,-0.08518567,-0.3762749,-0.2603265,-0.2431378,-0.322304,0
1.625122,-7.003011,-16.50533,-2.350904,0.5076887,0.3749879,404.4437,500,-395.0001,370.8312,-492.6807,-0.6461439,-0.2821628,-0.0853724,-0.379877,-0.2580474,-0.2422583,-0.3218606,0
1.479703,-7.125247,-16.46677,-2.343739,0.4220347,0.3857604,404.849,500,-391.4059,369.9951,-491.6695,-0.6696303,-0.2763106,-0.08506964,-0.3834319,-0.2556994,-0.241712,-0.3212,0
1.492074,-7.100559,-16.23775,-2.328744,0.3443378,0.3964339,405.2543,500,-387.486,369.8487,-490.1302,-0.6931,-0.2709922,-0.08430959,-0.3870939,-0.2531386,-0.2416164,-0.3201944,0
1.549173,-7.031457,-15.96057,-2.309501,0.2708718,0.4060809,405.6593,500,-383.7246,369.735,-488.5983,-0.7164981,-0.2661537,-0.08310534,-0.3906262,-0.2506813,-0.2415421,-0.3191937,0
1.591437,-6.972432,-15.71531,-2.286988,0.1997245,0.4142451,406.0641,500,-380.3116,369.4218,-487.2367,-0.7398028,-0.2617828,-0.08146068,-0.39395,-0.2484516,-0.2413375,-0.3183041,0
1.074363,-7.427039,-16.21502,-2.2631,0.1274104,0.417003,406.4687,500,-376.7405,369.3236,-485.5206,-0.7629683,-0.2578466,-0.07937552,-0.3974681,-0.2461187,-0.2412734,-0.317183,0
0.8827407,-7.577294,-16.30481,-2.232461,0.06002838,0.4208703,406.8729,500,-374.167,368.5718,-484.5313,-0.7859485,-0.2543465,-0.07687709,-0.4002869,-0.2444375,-0.2407822,-0.3165368,0
1.235141,-7.221866,-15.69263,-2.190305,0.002215988,0.4276806,407.2768,500,-370.5131,369.5068,-482.1211,-0.8086271,-0.2511754,-0.07398408,-0.4036376,-0.2420504,-0.241393,-0.3149622,0
0.8704919,-7.523831,-16.02412,-2.152785,-0.06096765,0.4278185,407.6802,500,-367.4148,369.6537,-480.2414,-0.8310159,-0.2483431,-0.07067812,-0.4067937,-0.2400264,-0.2414891,-0.3137342,0
1.298646,-7.089441,-15.33639,-2.107431,-0.1170896,0.4325086,408.0833,500,-363.792,370.7625,-477.5724,-0.853045,-0.2457987,-0.06699204,-0.4101796,-0.2376596,-0.2422134,-0.3119906,0
1.179332,-7.155695,-15.35931,-2.065242,-0.1775772,0.4318265,408.4857,500,-360.6136,371.2893,-475.2652,-0.8747312,-0.2435354,-0.06288756,-0.4134192,-0.2355832,-0.2425575,-0.3104833,0
1.068693,-7.210209,-15.38941,-2.023346,-0.2395183,0.4297817,408.8878,500,-358.0912,371.1738,-473.4534,-0.8961186,-0.2416192,-0.05835146,-0.4163261,-0.2339354,-0.242482,-0.3092997,0
0.9924071,-7.23117,-15.38437,-1.974854,-0.2974052,0.4268751,409.2892,500,-354.6231,372.3841,-470.3926,-0.9171051,-0.2399664,-0.05340995,-0.4198007,-0.2316697,-0.2432727,-0.3073002,0
0.872269,-7.288867,-15.43897,-1.926977,-0.3558254,0.4223061,409.6901,500,-352.3486,372.4048,-468.4326,-0.937704,-0.2386014,-0.04805557,-0.4225534,-0.2301839,-0.2432863,-0.3060197,0
0.5912508,-7.493309,-15.71391,-1.877661,-0.4134233,0.4153445,410.0903,500,-349.4167,373.2003,-465.6547,-0.9579043,-0.237503,-0.04228289,-0.4257639,-0.2282685,-0.2438059,-0.304205,0
0.7317009,-7.306391,-15.44854,-1.824316,-0.4668267,0.410253,410.4898,500,-346.5388,374.1988,-462.7576,-0.9776577,-0.2366473,-0.03612188,-0.4288844,-0.2263884,-0.2444582,-0.3023123,0
0.7227154,-7.255125,-15.37614,-1.771801,-0.5204824,0.40284,410.8887,500,-343.9453,374.918,-460.0671,-0.9969773,-0.2360254,-0.02955649,-0.4318663,-0.2246941,-0.2449281,-0.3005547,0
0.6101651,-7.298177,-15.44922,-1.720481,-0.5749098,0.3934077,411.2869,500,-340.9858,375.9927,-456.9256,-1.015869,-0.2356343,-0.0225838,-0.4351499,-0.2227607,-0.2456302,-0.2985024,0
0.6442103,-7.204516,-15.33554,-1.668441,-0.6280936,0.3838299,411.6842,500,-338.4836,376.699,-454.1243,-1.034335,-0.2354814,-0.01520721,-0.4381533,-0.221126,-0.2460916,-0.2966723,0
0.434714,-7.335276,-15.54224,-1.617381,-0.6819416,0.3712977,412.0808,500,-335.7255,377.6611,-450.9768,-1.052378,-0.2355502,-0.007418722,-0.4413829,-0.2193242,-0.2467201,-0.2946161,0
0.2491504,-7.443589,-15.7255,-1.56707,-0.7356377,0.3577301,412.4766,500,-333.4073,378.1929,-448.1894,-1.070016,-0.2358649,0.000783584,-0.4443707,-0.2178098,-0.2470676,-0.2927952,0
0.4462873,-7.198799,-15.41226,-1.512568,-0.7842557,0.3459153,412.8716,500,-330.6581,379.4262,-444.8118,-1.087214,-0.2363905,0.009376943,-0.4475677,-0.2160138,-0.2478732,-0.2905886,0
0.5505898,-7.039574,-15.21961,-1.460231,-0.8334071,0.3322633,413.2656,500,-327.7263,380.7809,-441.233,-1.103977,-0.2371083,0.01836376,-0.4509359,-0.2140985,-0.2487583,-0.2882507,0
0.3131574,-7.195953,-15.47694,-1.413502,-0.8866165,0.3148643,413.6588,500,-325.256,381.4302,-438.1379,-1.12037,-0.2380549,0.02777397,-0.4541475,-0.2124847,-0.2491824,-0.2862287,0
0.4210005,-7.03448,-15.2892,-1.36421,-0.9363992,0.2989213,414.0511,500,-322.1343,382.9156,-434.2511,-1.136365,-0.2392015,0.03758405,-0.4577556,-0.2104453,-0.2501528,-0.2836895,0
0.5606794,-6.843614,-15.0555,-1.31725,-0.9868494,0.2820486,414.4424,500,-319.6952,383.6402,-431.0228,-1.152006,-0.2405682,0.04781835,-0.4609847,-0.2088519,-0.2506262,-0.2815805,0
0.5063952,-6.833278,-15.08054,-1.272705,-1.038712,0.2626261,414.8328,500,-316.5927,384.9446,-427.0824,-1.167315,-0.2421487,0.05848822,-0.4647336,-0.2068251,-0.2514784,-0.2790063,0
0.4222636,-6.851554,-15.14757,-1.230366,-1.091535,0.2418276,415.2222,500,-313.8825,385.7793,-423.4922,-1.182311,-0.243958,0.06959553,-0.4683043,-0.2050546,-0.2520236,-0.2766608,0
0.6695554,-6.564833,-14.78018,-1.186518,-1.141335,0.2223936,415.6106,500,-310.8666,387.0352,-419.5009,-1.196994,-0.2459769,0.08113472,-0.4720615,-0.2030843,-0.2528441,-0.2740534,0
0.3924889,-6.76346,-15.09718,-1.149235,-1.196322,0.1979206,415.9979,500,-308.0892,387.7373,-415.7905,-1.211432,-0.2482307,0.09314831,-0.4758412,-0.2012699,-0.2533028,-0.2716295,0
0.4305498,-6.672926,-15.01151,-1.11069,-1.248903,0.1746585,416.3842,500,-305.1138,388.7291,-411.7754,-1.225628,-0.2507274,0.1056236,-0.4797601,-0.1993261,-0.2539507,-0.2690065,0
0.5425524,-6.515376,-14.82296,-1.072047,-1.300056,0.1508887,416.7695,500,-301.9391,389.9465,-407.4984,-1.239571,-0.253437,0.1185529,-0.4838328,-0.1972521,-0.254746,-0.2662124,0
0.1645429,-6.811434,-15.27505,-1.04053,-1.356658,0.1223043,417.1536,500,-299.0075,390.5625,-403.5317,-1.253343,-0.2563899,0.1319826,-0.4879369,-0.1953369,-0.2551484,-0.263621,0
0.7149338,-6.251573,-14.52192,-1.003447,-1.406214,0.09945993,417.5367,500,-295.605,391.9543,-398.9306,-1.26692,-0.2595784,0.145882,-0.4922563,-0.1931141,-0.2560576,-0.2606152,0
0.1691794,-6.704998,-15.18834,-0.9759798,-1.464619,0.06739438,417.9186,500,-292.257,392.7911,-394.4816,-1.280365,-0.2629896,0.1603016,-0.4968034,-0.1909269,-0.2566043,-0.2577087,0
0.8299258,-6.045045,-14.29285,-0.943597,-1.516054,0.0429773,418.2994,500,-289.1793,393.6155,-390.1646,-1.293702,-0.266671,0.1752349,-0.5010957,-0.1889163,-0.2571428,-0.2548885,0
0.45164,-6.346048,-14.73972,-0.9175006,-1.573921,0.009844512,418.6791,500,-285.064,395.1406,-384.83,-1.30694,-0.2705544,0.1907022,-0.5062728,-0.1862279,-0.2581392,-0.2514035,0
0.3992593,-6.346328,-14.77363,-0.8952045,-1.633682,-0.02229418,419.0575,500,-282.2392,395.1595,-380.803,-1.320174,-0.274733,0.2067507,-0.5107366,-0.1843825,-0.2581515,-0.2487727,0
0.6552045,-6.063352,-14.39842,-0.867636,-1.68831,-0.05318147,419.4348,500,-278.2966,396.5497,-375.4722,-1.333365,-0.2791467,0.2233567,-0.5158866,-0.1818068,-0.2590598,-0.2452901,0
0.7581826,-5.921796,-14.22172,-0.8445504,-1.746107,-0.08650726,419.8108,500,-274.0157,398.0164,-369.8486,-1.346533,-0.2837842,0.2405325,-0.5213988,-0.1790102,-0.2600179,-0.2416163,0
0.6812044,-5.945911,-14.27821,-0.8271606,-1.808427,-0.122565,420.1857,500,-270.3709,398.514,-364.9043,-1.359776,-0.288683,0.2583391,-0.5266849,-0.1766291,-0.260343,-0.2383863,0
0.9267761,-5.672441,-13.91508,-0.8077479,-1.868794,-0.1575353,420.5593,500,-266.1029,399.697,-359.213,-1.373101,-0.2938308,0.2767836,-0.5324183,-0.1738409,-0.2611158,-0.2346683,0
0.5172389,-6.003793,-14.40324,-0.7945732,-1.935659,-0.1987308,420.9316,500,-261.8195,400.5127,-353.5384,-1.386559,-0.2992247,0.2959078,-0.5383909,-0.1710426,-0.2616487,-0.2309612,0
0.8537071,-5.645616,-13.923,-0.7779495,-1.998512,-0.235873,421.3027,500,-257.417,402.0478,-347.2975,-1.400148,-0.3048656,0.3157062,-0.5443412,-0.1681665,-0.2626515,-0.226884,0
0.8963994,-5.556898,-13.81622,-0.7675126,-2.06498,-0.2767054,421.6725,500,-253.0099,403.2444,-341.162,-1.413948,-0.3107396,0.3362325,-0.5504468,-0.1652874,-0.2634332,-0.2228758,0
1.015151,-5.396089,-13.61657,-0.7618428,-2.133528,-0.3186533,422.041,500,-248.1255,404.5929,-334.6773,-1.428038,-0.3168597,0.3575231,-0.5569931,-0.1620965,-0.2643142,-0.2186395,0
0.9447511,-5.407635,-13.65819,-0.75947,-2.205235,-0.3636237,422.4081,500,-243.6041,405.3147,-328.5795,-1.442483,-0.3232309,0.3796251,-0.5634589,-0.1591428,-0.2647858,-0.2146558,0
0.5467395,-5.719822,-14.12694,-0.7594705,-2.280453,-0.4126466,422.7739,500,-238.4204,406.4742,-321.7936,-1.457312,-0.3298318,0.4025679,-0.5705209,-0.1557564,-0.2655433,-0.2102228,0
1.130249,-5.122203,-13.31312,-0.7538241,-2.350246,-0.4561789,423.1384,500,-233.1487,407.9104,-314.7886,-1.472519,-0.3366562,0.4263541,-0.5776029,-0.1523124,-0.2664815,-0.2056465,0
1.179355,-5.01417,-13.183,-0.7532147,-2.426126,-0.5054721,423.5015,500,-227.5923,409.2455,-307.548,-1.488184,-0.3436731,0.4510588,-0.5850908,-0.1486825,-0.2673537,-0.2009163,0
1.05721,-5.060653,-13.28394,-0.7559975,-2.506969,-0.5580558,423.8633,500,-221.3734,410.9306,-299.6573,-1.504344,-0.3508789,0.4767217,-0.5932075,-0.1446198,-0.2684545,-0.1957614,0
0.9253726,-5.11091,-13.38701,-0.7597368,-2.590738,-0.6127722,424.2236,500,-215.8423,411.7261,-292.4231,-1.521061,-0.3582724,0.5034076,-0.6010272,-0.1410064,-0.2689743,-0.1910355,0
1.095192,-4.877678,-13.09296,-0.7603124,-2.673707,-0.6673484,424.5826,500,-209.8437,413.0185,-284.1812,-1.538366,-0.3658274,0.5311644,-0.609486,-0.1370876,-0.2698185,-0.1856512,0
1.119273,-4.773549,-12.9831,-0.7621657,-2.758566,-0.7252856,424.94,500,-203.2882,414.5572,-275.5675,-1.556283,-0.3735166,0.5600288,-0.6183905,-0.132805,-0.2708238,-0.180024,0
1.052508,-4.747303,-12.98737,-0.7658052,-2.843855,-0.7863749,425.2961,500,-196.5351,416.0224,-266.9524,-1.574843,-0.3813151,0.5900148,-0.6274731,-0.1283933,-0.271781,-0.1743958,0
0.9548925,-4.742648,-13.02415,-0.768985,-2.931316,-0.8502042,425.6508,500,-189.627,417.4854,-258.1525,-1.594089,-0.389195,0.6211755,-0.6367792,-0.1238804,-0.2727367,-0.168647,0
1.137599,-4.471766,-12.69146,-0.7691221,-3.018653,-0.9146002,426.0039,500,-182.5104,419.1205,-249.0742,-1.614052,-0.3971364,0.6535688,-0.6462909,-0.1192312,-0.2738049,-0.1627163,0
1.258997,-4.249863,-12.4305,-0.767554,-3.1076,-0.9821625,426.3556,500,-174.5119,421.5254,-239.0728,-1.634723,-0.4050816,0.6872169,-0.6564789,-0.1140059,-0.275376,-0.1561826,0
0.8504466,-4.508448,-12.85271,-0.7704816,-3.204125,-1.056666,426.7058,500,-167.4971,422.4828,-230.155,-1.656216,-0.41303,0.7222443,-0.6662619,-0.1094233,-0.2760015,-0.1503567,0
1.011716,-4.232614,-12.53,-0.7646239,-3.295874,-1.129883,427.0545,500,-158.8988,425.2546,-219.503,-1.678463,-0.4209172,0.7586327,-0.677027,-0.1038061,-0.2778122,-0.1433979,0
0.9348432,-4.166595,-12.49947,-0.7598802,-3.392111,-1.208133,427.4017,500,-150.7647,427.2595,-209.3885,-1.701513,-0.4286996,0.7964595,-0.6876389,-0.09849221,-0.279122,-0.1367902,0
1.008751,-3.951138,-12.26821,-0.7525112,-3.489511,-1.288729,427.7473,500,-142.1231,429.6062,-198.5826,-1.7254,-0.4363351,0.8357915,-0.6988105,-0.0928468,-0.2806551,-0.1297309,0
1.198981,-3.61765,-11.87077,-0.7416,-3.587097,-1.372102,428.0914,500,-132.6855,432.7537,-187.0466,-1.750092,-0.4437542,0.8766431,-0.7104561,-0.08668137,-0.2827113,-0.1221946,0
1.067903,-3.569479,-11.87906,-0.7331798,-3.689922,-1.461927,428.434,500,-123.7303,435.0161,-176.2125,-1.77567,-0.450915,0.9191132,-0.7219061,-0.08083105,-0.2841893,-0.1151169,0
1.016997,-3.436083,-11.77738,-0.7202867,-3.794034,-1.55536,428.775,500,-113.6135,438.3821,-164.2097,-1.802108,-0.4577469,0.9632314,-0.7341575,-0.0742219,-0.2863882,-0.1072756,0
1.004145,-3.255572,-11.60995,-0.7044116,-3.90134,-1.653199,429.1145,500,-104.2155,440.8759,-152.9624,-1.829439,-0.4642023,1.00909,-0.7460156,-0.06808233,-0.2880174,-0.09992794,0
0.9126228,-3.136594,-11.53433,-0.6832531,-4.010457,-1.756561,429.4524,500,-94.37598,443.7665,-141.272,-1.857659,-0.4702088,1.056757,-0.7581924,-0.06165436,-0.2899057,-0.09229083,0
0.8773044,-2.955293,-11.37595,-0.6551358,-4.120464,-1.865045,429.7888,500,-84.02138,447.2173,-129.0338,-1.886688,-0.4756965,1.106247,-0.7706976,-0.05488986,-0.2921601,-0.08429576,0
1.107702,-2.521628,-10.77309,-0.6193551,-4.231108,-1.978047,430.1235,500,-63.93572,440.8024,-107.0319,-1.916465,-0.4805924,1.157596,-0.776672,-0.04176821,-0.2879693,-0.06992225,0
0.7506727,-2.071036,-9.548283,-0.5290419,-4.340964,-2.104262,430.4566,500,-36.75289,426.7833,-75.48543,-1.946659,-0.4848403,1.210836,-0.7759178,-0.02401009,-0.2788109,-0.04931346,0
0.9893519,-2.149555,-10.38245,-0.2333418,-4.413823,-2.090867,430.7883,500,-46.23892,480.3807,-71.09393,-1.975202,-0.4880689,1.265572,-0.8115663,-0.03020717,-0.3138252,-0.04644455,0
0.1300141,-2.082724,-10.56143,-0.2531122,-4.549681,-2.13164,431.1184,500,-15.54893,499.5265,-41.34226,-2.003818,-0.4896143,1.321598,-0.8375458,-0.01015787,-0.3273315,-0.02700825,0
0.7591746,-0.9004827,-9.664168,-0.5781028,-4.557819,-2.111619,431.4469,500,-10,500,-11.99365,-2.035263,-0.4894682,1.378181,-0.8688087,0.03349337,-0.3384382,0.002041264,0
0.5180838,-1.021898,-9.944378,-0.7957681,-4.610727,-2.274813,431.7739,500,-10,494.97,-10,-2.069472,-0.4880387,1.435445,-0.8728453,0.05813234,-0.3247438,0.016075,0
0.3975338,-0.9884726,-9.912102,-1.010679,-4.627239,-2.433883,432.0994,500,-10,473.8932,-10,-2.106296,-0.4861856,1.493721,-0.8748463,0.08192039,-0.3095871,0.02800303,0
0.5639576,-0.6992617,-9.425014,-1.116335,-4.560333,-2.590829,432.4234,500,-10,451.383,-10,-2.144558,-0.4840171,1.552356,-0.8718873,0.103333,-0.2948815,0.03899974,0
0.2996905,-0.8347865,-9.553308,-1.097088,-4.400356,-2.749556,432.7458,500,-10,434.3929,-10,-2.182585,-0.4819148,1.610474,-0.8661927,0.1247175,-0.2837821,0.05196401,0
0.2409212,-0.8014235,-9.430475,-0.9766896,-4.166643,-2.904547,433.0667,500,-10,421.3471,-10,-2.21903,-0.4804063,1.667468,-0.8578661,0.1454038,-0.2752595,0.06608587,0
0.5066955,-0.4898867,-8.922931,-0.7707043,-3.872572,-3.054237,433.3859,500,-10,486.9512,-10,-2.252831,-0.4800099,1.722907,-0.9163579,0.09503905,-0.3378259,0.01095512,0
0.5140699,-0.4860372,-9.777143,-0.6921183,-3.69207,-3.206684,433.7037,500,-10,500,-10,-2.28452,-0.4807077,1.777224,-0.9218595,0.1015908,-0.3406411,0.01138593,0
0.07484356,-0.7678649,-10.27208,-0.8512796,-3.707257,-3.366819,434.0198,500,-10,495.1034,-10,-2.318231,-0.4810051,1.832732,-0.9207824,0.1224662,-0.3241424,0.02200894,0
0.1718737,-0.5355585,-9.874573,-0.9833955,-3.697647,-3.523175,434.3342,500,-10,471.6658,-10,-2.353937,-0.4807819,1.889455,-0.9189456,0.1440907,-0.3081319,0.03325141,0
-0.1522535,-0.7018395,-9.965373,-1.007696,-3.599086,-3.680134,434.6469,500,-10,451.7891,-10,-2.390462,-0.4803651,1.946796,-0.9145742,0.1661028,-0.2951468,0.04623107,0
0.1455217,-0.3182725,-9.302141,-0.9131812,-3.401884,-3.828753,434.958,500,-10,437.0917,-10,-2.426252,-0.4804147,2.004031,-0.9073169,0.1878967,-0.2855452,0.06077521,0
0.1285319,-0.2538278,-9.122362,-0.7323748,-3.136259,-3.975763,435.2675,500,-10,425.8775,-10,-2.460196,-0.4815149,2.060705,-0.897788,0.2091144,-0.2782192,0.0763206,0
-0.1037375,-0.4177347,-9.276459,-0.4872828,-2.82221,-4.120635,435.5753,500,-10,417.5193,-10,-2.491555,-0.4842047,2.116609,-0.8867589,0.22975,-0.2727589,0.09273672,0
0.0179518,-0.2866981,-9.026051,-0.1888253,-2.470415,-4.259504,435.8813,500,-10,411.6286,-10,-2.519782,-0.4889695,2.171633,-0.8745879,0.2499596,-0.2689106,0.110195,0
0.1202092,-0.2754609,-9.700309,0.1456581,-2.099203,-4.395977,436.1857,500,-10,500,-10,-2.544627,-0.4961687,2.22584,-0.9767388,0.1539594,-0.3809015,0.012719,0
-0.1436393,-0.4918347,-10.16733,0.07826579,-2.065179,-4.549419,436.4885,500,-10,500,-10,-2.567633,-0.5035918,2.280983,-0.9732212,0.1767771,-0.3661635,0.02822179,0
0.1315535,-0.1911104,-9.773849,-0.01493176,-2.049506,-4.70074,436.7894,500,-10,500,-10,-2.594656,-0.5111739,2.337958,-0.9693542,0.1999226,-0.3492738,0.0429227,0
0.06586243,-0.2025007,-9.816041,-0.1068247,-2.030914,-4.855226,437.0886,500,-10,500,-10,-2.624293,-0.5183679,2.396801,-0.9663877,0.2243853,-0.3331366,0.05831375,0
-0.1952068,-0.3869431,-10.06829,-0.1963707,-2.007445,-5.011615,437.386,500,-10,486.9209,-10,-2.656116,-0.5249695,2.457525,-0.9644908,0.2500628,-0.3180979,0.07428528,0
0.02919546,-0.1092497,-9.479496,-0.2387221,-1.939845,-5.162558,437.6816,500,-10,466.6328,-10,-2.689761,-0.5310332,2.520005,-0.9618815,0.2761441,-0.3048439,0.0907076,0
-0.1625132,-0.2310056,-9.484854,-0.1775095,-1.784679,-5.310863,437.9755,500,-10,452.2897,-10,-2.724068,-0.5370979,2.583833,-0.9576777,0.3026714,-0.2954738,0.1087782,0
-0.2186835,-0.2402937,-9.382869,-0.03420449,-1.56097,-5.452729,438.2675,500,-10,443.7447,-10,-2.75799,-0.5437593,2.648692,-0.9528828,0.3300236,-0.2898915,0.1287874,0
-0.2142731,-0.2045556,-9.276864,0.1633237,-1.294323,-5.58969,438.5579,500,-10,491.2135,-10,-2.7881,-0.5509782,2.714456,-1.049415,0.2551327,-0.3888809,0.04749298,0
-0.0751962,-0.0708645,-9.737417,0.2645188,-1.111688,-5.730367,438.8464,500,-10,500,-10,-2.820455,-0.5595975,2.781371,-1.078367,0.2533081,-0.4146949,0.03771098,0
-0.3228844,-0.2205599,-10.0457,0.199529,-1.065653,-5.883294,439.1332,500,-10,500,-10,-2.854968,-0.567299,2.850402,-1.079271,0.2834467,-0.4037612,0.05663029,0
-0.1093449,0.04841367,-9.779699,0.1456695,-1.009457,-6.033576,439.4182,500,-10,500,-10,-2.891649,-0.5738818,2.921599,-1.079352,0.3163831,-0.3927128,0.0777464,0
-0.3158297,-0.08652966,-10.08858,0.099959,-0.9544867,-6.188396,439.7013,500,-10,500,-10,-2.930331,-0.5791339,2.994916,-1.079935,0.3501159,-0.3826041,0.09920278,0
-0.03980015,0.2010783,-9.785729,0.07158991,-0.8994747,-6.341568,439.9826,500,-10,500,-10,-2.970791,-0.5828217,3.070332,-1.080976,0.38437,-0.3738295,0.1210058,0
-0.4252391,-0.1521544,-10.35571,0.05393856,-0.8588834,-6.501811,440.2621,500,-10,500,-10,-3.012782,-0.5846131,3.147783,-1.082413,0.4189639,-0.3658882,0.1430676,0
-0.08691286,0.1291011,-9.981546,0.05533484,-0.8263004,-6.659019,440.5397,500,-10,500,-10,-3.055965,-0.5841943,3.22718,-1.084008,0.4539049,-0.3590889,0.1655484,0
-0.09893118,0.05029169,-10.06329,0.06357943,-0.8119923,-6.821199,440.8156,500,-10,500,-10,-3.099953,-0.5812137,3.308297,-1.181408,0.3944042,-0.4486391,0.09332637,0
-0.03996686,0.003701575,-10.05076,0.07382569,-0.8118321,-6.985109,441.0894,500,-10,500,-10,-3.144413,-0.5753386,3.390927,-1.21402,0.3998949,-0.4737836,0.08586518,0
0.09341898,0.003572156,-9.938708,0.07653453,-0.822005,-7.150029,441.3615,500,-10,500,-10,-3.189025,-0.5662826,3.47477,-1.225816,0.42667,-0.4784664,0.09902369,0
0.1680098,-0.05154723,-9.894037,0.06190646,-0.8373495,-7.315277,441.6317,500,-10,500,-10,-3.233496,-0.5538526,3.559468,-1.22683,0.4656184,-0.4725874,0.1232814,0
0.07476946,-0.2317709,-10.04176,0.02439453,-0.8514541,-7.479069,441.9001,500,-10,500,-10,-3.277573,-0.5379465,3.644643,-1.227952,0.5056185,-0.4670285,0.1472626,0
-0.195436,-0.5164688,-10.36951,-0.03377358,-0.8582193,-7.639062,442.1665,500,-10,500,-10,-3.320995,-0.5185575,3.729909,-1.229598,0.5465911,-0.4624302,0.1709223,0
-0.09125252,-0.3881455,-10.14392,-0.09950768,-0.8504072,-7.791082,442.4311,500,-10,500,-10,-3.363443,-0.49576,3.814921,-1.231457,0.5883307,-0.4590869,0.1944476,0
0.03505193,-0.1993236,-9.84939,-0.1641525,-0.8315867,-7.94138,442.6938,500,-10,500,-10,-3.404544,-0.4696566,3.899392,-1.233127,0.630293,-0.456802,0.2177847,0
-0.3249033,-0.4696575,-10.21696,-0.2251962,-0.8091544,-8.099451,442.9547,500,-10,500,-10,-3.443934,-0.4403347,3.983159,-1.325951,0.579223,-0.5469954,0.1479149,0
-0.08969995,-0.2369344,-9.905919,-0.2762169,-0.7791885,-8.260931,443.2136,500,-10,500,-10,-3.481253,-0.4079195,4.066169,-1.355292,0.5891069,-0.5750241,0.1391665,0
0.2941698,0.08972576,-9.520682,-0.3240277,-0.749387,-8.427987,443.4707,500,-10,500,-10,-3.516245,-0.3724688,4.148408,-1.368738,0.6116269,-0.5881732,0.1432414,0
0.4463544,0.1969665,-9.507038,-0.3719945,-0.7253332,-8.599155,443.7259,500,-10,500,-10,-3.548697,-0.3340263,4.229897,-1.369476,0.644969,-0.5893971,0.1583839,0
0.2792906,0.04488628,-9.889574,-0.4176567,-0.7070646,-8.771286,443.9792,500,-10,500,-10,-3.578393,-0.2926523,4.310675,-1.362911,0.6835684,-0.5841607,0.1791708,0
-0.1055618,-0.2564591,-10.46234,-0.4558399,-0.690273,-8.942369,444.2306,500,-10,500,-10,-3.605062,-0.2485031,4.390805,-1.356039,0.7218505,-0.5797037,0.2001796,0
-0.1249167,-0.1818346,-10.43853,-0.4785054,-0.6669751,-9.109732,444.4801,500,-10,500,-10,-3.628407,-0.201811,4.470441,-1.348639,0.7597936,-0.5762246,0.2215635,0
-0.08076423,-0.04404801,-10.23875,-0.4868086,-0.6377258,-9.279988,444.7277,500,-10,500,-10,-3.648126,-0.152864,4.549813,-1.340805,0.7972358,-0.5737308,0.2432193,0
-0.3416171,-0.2224183,-10.40951,-0.4892933,-0.6035962,-9.460917,444.9733,500,-10,500,-10,-3.664035,-0.1018707,4.629295,-1.417365,0.7461956,-0.6568886,0.1769481,0
0.007806953,0.1039135,-9.833929,-0.4924584,-0.554414,-9.646844,445.2171,500,-10,500,-10,-3.67596,-0.04916589,4.709357,-1.436504,0.7512262,-0.6835871,0.1668216,0
-0.11285,-0.05606739,-9.974827,-0.5158006,-0.4964543,-9.839615,445.4589,500,-10,500,-10,-3.683857,0.004895169,4.790488,-1.44254,0.7688413,-0.6973524,0.1690076,0
-0.1617417,-0.1591479,-10.11445,-0.5564945,-0.4277164,-9.992536,445.6989,500,-10,500,-10,-3.687676,0.0598972,4.873142,-1.442617,0.7949382,-0.7070133,0.1811372,0
0.2532142,0.2121565,-9.673569,-0.5996595,-0.3506339,-10,445.937,500,-10,500,-10,-3.687311,0.1149676,4.957006,-1.446342,0.8473279,-0.72351,0.2227961,0
-0.02811778,0.01758224,-10.0919,-0.6364669,-0.2780278,-10,446.1732,500,-10,500,-10,-3.682645,0.1692669,5.041764,-1.457222,0.9058803,-0.747552,0.2719438,0
0.07936912,0.2482947,-9.919194,-0.6478662,-0.2008379,-10,446.4074,500,-10,500,-10,-3.673352,0.2224215,5.127981,-1.468289,0.9632784,-0.7729439,0.3217535,0
-0.202077,0.141773,-10.19246,-0.6366966,-0.1222297,-10,446.6398,500,-10,500,-10,-3.659116,0.2740313,5.216134,-1.479733,1.019537,-0.7996589,0.3723073,0
0.1743405,0.6154584,-9.592802,-0.5987241,-0.03379351,-10,446.8703,500,-10,500,-10,-3.639508,0.3235506,5.306756,-1.575657,0.9923392,-0.9121975,0.3414883,0
-0.2386475,0.2959683,-10.05493,-0.5484533,0.04858168,-10,447.0988,500,-10,500,-10,-3.614249,0.3705033,5.40031,-1.618045,1.020117,-0.9715235,0.3674086,0
0.1602145,0.6476619,-9.509398,-0.4785433,0.1285576,-10,447.3255,500,-10,500,-10,-3.583035,0.4143506,5.497212,-1.649382,1.060011,-1.020335,0.4076622,0
0.005435086,0.4133647,-9.735733,-0.4027478,0.1865389,-10,447.5503,500,-10,500,-10,-3.545744,0.4546421,5.597723,-1.674485,1.108335,-1.062444,0.4586352,0
-0.4563255,-0.1575961,-10.38549,-0.3261697,0.2196677,-10,447.7732,500,-10,500,-10,-3.502447,0.4909919,5.701969,-1.691914,1.166838,-1.096049,0.5220026,0
0.01555507,0.1149738,-9.801901,-0.2507032,0.2405082,-10,447.9942,500,-10,500,-10,-3.453307,0.5229029,5.809994,-1.711757,1.225399,-1.131303,0.5873258,0
-0.3377173,-0.3560421,-10.25559,-0.2005627,0.2459502,-10,448.2133,500,-10,500,-10,-3.398887,0.5499245,5.921655,-1.734313,1.28462,-1.167426,0.6544159,0
0.1383457,-0.01233036,-9.586038,-0.171878,0.2618739,-10,448.4305,500,-10,500,-10,-3.339891,0.5714235,6.036682,-1.759481,1.344433,-1.204806,0.7227113,0
-0.2512682,-0.4118995,-10.03913,-0.1752301,0.2842401,-10,448.646,500,-10,500,-10,-3.277358,0.5868208,6.154546,-1.868065,1.323984,-1.323522,0.711192,0
3.809101,5.645025,-4.94286,-0.1919068,0.3243988,-10,448.8595,500,-10,500,-10,-3.212479,0.5955964,6.274462,-1.924709,1.357616,-1.389045,0.7540939,1
3.505149,5.375579,-5.394999,-0.2157986,0.3707477,-10,449.0711,500,-10,500,-10,-3.146533,0.5973904,6.395411,-1.971194,1.402723,-1.442779,0.8092059,1
4.123129,5.940474,-4.713568,-0.2304783,0.426065,-10,449.2809,500,-10,500,-10,-3.080837,0.5920615,6.516233,-2.018202,1.447268,-1.495887,0.8647774,1
3.944074,5.741526,-5.100203,-0.2467573,0.4719207,-10,449.4886,500,-10,500,-10,-3.016738,0.5797475,6.635763,-2.059055,1.497493,-1.540841,0.9268229,1
3.83494,5.593347,-5.356322,-0.2593772,0.5121833,-10,449.6946,500,-10,500,-10,-2.955422,0.5607173,6.752957,-2.096581,1.549666,-1.580728,0.9914458,1
4.265919,5.955998,-4.820254,-0.2630809,0.5487671,-10,449.8986,500,-10,500,-10,-2.897896,0.5354486,6.866991,-2.134025,1.59978,-1.61906,1.054534,1
4.1315,5.822119,-4.946697,-0.2635757,0.5743355,-10,450.1007,500,-10,500,-10,-2.844854,0.5044618,6.977295,-2.171089,1.647895,-1.655272,1.115937,1
3.995396,5.697208,-5.070129,-0.2632731,0.6010708,-10,450.3009,500,-10,500,-10,-2.796834,0.4683436,7.083564,-2.207829,1.693807,-1.689714,1.174946,1
3.896055,5.582076,-5.214227,-0.2764502,0.6405813,-10,450.4992,500,-10,500,-10,-2.754258,0.4275634,7.185673,-2.289248,1.692944,-1.767048,1.18627,1
3.761099,5.393445,-5.477737,-0.3105747,0.6946042,-10,450.6956,500,-10,500,-10,-2.717513,0.382595,7.283677,-2.338918,1.721928,-1.811064,1.226011,1
4.524875,6.02065,-4.571959,-0.3439224,0.7552877,-10,450.8901,500,-10,500,-10,-2.686685,0.3339543,7.377804,-2.381268,1.755824,-1.846707,1.270107,1
4.123397,5.600539,-5.135226,-0.361873,0.7835851,-10,451.0826,500,-10,500,-10,-2.661538,0.2824211,7.46855,-2.422871,1.787926,-1.880295,1.313196,1
4.363483,5.80634,-4.846366,-0.337654,0.783331,-10,451.2733,500,-10,500,-10,-2.641504,0.2287838,7.556535,-2.463395,1.818085,-1.912674,1.35594,1
4.443008,5.83177,-4.858146,-0.2957621,0.7595484,-10,451.4621,500,-10,500,-10,-2.626149,0.1737273,7.642399,-2.503395,1.847051,-1.94382,1.39812,1
4.721743,5.948882,-4.707926,-0.2644997,0.7282079,-10,451.649,500,-10,500,-10,-2.615351,0.1177388,7.726713,-2.54337,1.87574,-1.973706,1.439293,1
4.571088,5.622268,-5.076865,-0.2583618,0.6826516,-10,451.8339,500,-10,500,-10,-2.609223,0.06130714,7.810065,-2.577281,1.911184,-1.995699,1.486075,1
4.577909,5.508425,-5.095465,-0.2682984,0.6271038,-10,452.0169,500,-10,500,-10,-2.607869,0.004926614,7.893053,-2.609201,1.949512,-2.014324,1.534728,1
4.493778,5.448989,-5.122057,-0.2948779,0.5762594,-10,452.1979,500,-10,500,-10,-2.61141,-0.05101064,7.976212,-2.641308,1.98903,-2.032105,1.583132,1
4.680225,5.763652,-4.766654,-0.3293755,0.5491155,-10,452.377,500,-10,500,-10,-2.619965,-0.1062579,8.05998,-2.704706,1.998836,-2.080708,1.600144,1
4.434826,5.724745,-5.016358,-0.3541195,0.5343221,-10,452.5543,500,-10,500,-10,-2.633525,-0.1605392,8.144802,-2.751055,2.026827,-2.112445,1.63463,1
4.783361,6.202845,-4.579491,-0.3391302,0.5187846,-10,452.7296,500,-10,500,-10,-2.651834,-0.2134548,8.231172,-2.793678,2.059147,-2.141388,1.673876,1
4.828292,6.35751,-4.61491,-0.2885033,0.4835041,-10,452.9029,500,-10,500,-10,-2.674656,-0.2644207,8.319659,-2.836941,2.092038,-2.171445,1.714304,1
4.770715,6.413352,-4.782332,-0.2137018,0.4340696,-10,453.0744,500,-10,500,-10,-2.701804,-0.3129028,8.410748,-2.881117,2.12601,-2.202744,1.755807,1
4.315239,6.126189,-5.395077,-0.1261041,0.3761411,-10,453.244,500,-10,500,-10,-2.733211,-0.3583944,8.504846,-2.926442,2.161546,-2.235387,1.79824,1
4.602592,6.547263,-4.943134,-0.01799946,0.3210527,-10,453.4116,500,-10,500,-10,-2.768718,-0.4004674,8.602232,-2.97266,2.19885,-2.269766,1.841725,1
4.093408,6.234929,-5.459492,0.1012161,0.2557625,-10,453.5774,500,-10,500,-10,-2.808149,-0.4386262,8.703119,-3.007752,2.250407,-2.293409,1.89862,1
4.156632,6.434985,-5.191415,0.2370089,0.1911373,-10,453.7411,500,-10,500,-10,-2.851217,-0.4723973,8.807584,-3.04298,2.304775,-2.318195,1.957356,1
4.136641,6.527271,-5.029003,0.3746754,0.1256451,-10,453.9031,500,-10,500,-10,-2.897557,-0.5013745,8.915534,-3.079063,2.361585,-2.344496,2.017055,1
3.636816,6.13588,-5.521007,0.4993635,0.06095643,-10,454.063,500,-10,500,-10,-2.946816,-0.5251755,9.026714,-3.169149,2.368053,-2.425094,2.024146,1
3.70047,6.223617,-5.330294,0.6099992,0.007294918,-10,454.2211,500,-10,500,-10,-2.998487,-0.5435665,9.140676,-3.220737,2.415982,-2.467934,2.070645,1
3.981356,6.483781,-4.917117,0.7042055,-0.04126286,-10,454.3773,500,-10,500,-10,-3.051981,-0.5563212,9.256837,-3.272857,2.465901,-2.512063,2.116976,1
3.751181,6.270806,-5.208983,0.7853847,-0.09789389,-10,454.5315,500,-10,500,-10,-3.106561,-0.563167,9.374498,-3.325213,2.517257,-2.5572,2.163113,1
4.26722,6.774785,-4.516326,0.8734584,-0.1596692,-10,454.6839,500,-10,500,-10,-3.161175,-0.5639517,9.492833,-3.376993,2.569302,-2.603471,2.209119,1
3.88433,6.494148,-4.93908,0.964534,-0.241025,-10,454.8343,500,-10,500,-10,-3.214697,-0.5585378,9.610957,-3.417392,2.632049,-2.639776,2.265423,1
3.998677,6.720893,-4.614904,1.067675,-0.3249829,-10,454.9828,500,-10,500,-10,-3.265937,-0.5470036,9.727983,-3.450932,2.699739,-2.671436,2.326464,1
3.288649,6.183406,-5.298018,1.158483,-0.4061766,-10,455.1293,500,-10,500,-10,-3.31395,-0.5296536,9.843123,-3.483081,2.766942,-2.703227,2.38613,1
3.506757,6.403479,-4.818152,1.227523,-0.45946,-10,455.2739,500,-10,500,-10,-3.35813,-0.5070841,9.955808,-3.565058,2.78221,-2.786676,2.392173,1
3.390962,6.18084,-4.861526,1.253704,-0.4984138,-10,455.4166,500,-10,500,-10,-3.398251,-0.479921,10.06568,-3.615837,2.827009,-2.839282,2.426066,1
3.433137,6.049561,-4.698491,1.230655,-0.5188393,-10,455.5573,500,-10,500,-10,-3.434384,-0.4487623,10.17258,-3.659104,2.877697,-2.884591,2.463954,1
3.151314,5.640795,-4.963006,1.153592,-0.517055,-10,455.696,500,-10,500,-10,-3.466822,-0.4142425,10.27652,-3.70117,2.928187,-2.928652,2.499591,1
2.880213,5.246223,-5.305431,1.042983,-0.4973544,-10,455.8329,500,-10,500,-10,-3.495837,-0.3769365,10.37766,-3.741895,2.978103,-2.971729,2.533477,1
3.220911,5.392327,-4.942326,0.9185765,-0.4673208,-10,455.9678,500,-10,500,-10,-3.521582,-0.3372832,10.47619,-3.77608,3.032179,-3.008976,2.571253,1
3.229372,5.214929,-5.057651,0.7764014,-0.4379112,-10,456.1007,500,-10,500,-10,-3.544235,-0.2956003,10.57234,-3.798463,3.096042,-3.034614,2.618693,1
3.481595,5.258857,-4.879775,0.6218008,-0.4053909,-10,456.2317,500,-10,500,-10,-3.563945,-0.2522316,10.66637,-3.819699,3.159133,-3.059439,2.665369,1
3.505245,5.092093,-5.02805,0.4560812,-0.3761685,-10,456.3607,500,-10,500,-10,-3.580883,-0.2074233,10.75856,-3.840302,3.221164,-3.083756,2.711194,1
3.671866,5.062112,-5.016635,0.2862203,-0.3501444,-10,456.4878,500,-10,500,-10,-3.595143,-0.161415,10.8492,-3.928304,3.214045,-3.176029,2.688244,1
3.96068,5.156549,-4.865701,0.1145974,-0.3283685,-10,456.613,500,-10,500,-10,-3.606797,-0.1144059,10.93857,-3.963171,3.258705,-3.215212,2.717634,1
3.79705,4.852083,-5.316372,-0.06079403,-0.3148528,-10,456.7361,500,-10,500,-10,-3.615913,-0.06656198,11.02694,-3.997608,3.302652,-3.254004,2.746916,1
4.024932,4.935464,-5.256627,-0.2311439,-0.3025024,-10,456.8574,500,-10,500,-10,-3.622488,-0.01807934,11.11463,-4.031544,3.345935,-3.292727,2.776292,1
3.798584,4.630719,-5.782563,-0.3983077,-0.2976073,-10,456.9767,500,-10,500,-10,-3.626475,0.03085253,11.20194,-4.065236,3.388634,-3.331379,2.805936,1
4.447794,5.171012,-5.149726,-0.5483482,-0.2898662,-10,457.094,500,-10,500,-10,-3.627738,0.08001674,11.2892,-4.093225,3.436008,-3.365166,2.841381,1
4.535602,5.232491,-5.228395,-0.6866724,-0.290211,-10,457.2094,500,-10,500,-10,-3.626116,0.1292176,11.37672,-4.110072,3.493958,-3.38818,2.888617,1
4.793941,5.495749,-5.055066,-0.8039982,-0.2922768,-10,457.3228,500,-10,500,-10,-3.621361,0.1782253,11.46487,-4.127193,3.551029,-3.412271,2.936405,1
4.537909,5.331534,-5.515275,-0.9017431,-0.2996813,-10,457.4342,500,-10,500,-10,-3.613199,0.2267988,11.55399,-4.192411,3.55959,-3.485259,2.937325,1
5.21815,6.079975,-4.704273,-0.9673775,-0.2986064,-10,457.5437,500,-10,500,-10,-3.601218,0.2745737,11.6445,-4.230677,3.594812,-3.532637,2.966459,1
5.00141,6.039694,-5.009949,-1.011991,-0.3006373,-10,457.6512,500,-10,500,-10,-3.585092,0.3212284,11.73681,-4.264019,3.635267,-3.575778,3.002486,1
5.056339,6.277897,-4.90511,-1.026072,-0.2954623,-10,457.7568,500,-10,500,-10,-3.564386,0.3663191,11.83134,-4.297672,3.67571,-3.620455,3.040373,1
5.123494,6.540777,-4.733377,-1.01098,-0.2851674,-10,457.8603,500,-10,500,-10,-3.538667,0.4093556,11.92853,-4.331883,3.716262,-3.666773,3.080351,1
4.682694,6.333714,-5.182549,-0.9721503,-0.2740506,-10,457.962,500,-10,500,-10,-3.507603,0.4498537,12.02874,-4.366974,3.757073,-3.714717,3.122574,1
4.553864,6.400099,-5.192624,-0.909524,-0.2545541,-10,458.0616,500,-10,500,-10,-3.470829,0.4871631,12.13234,-4.398053,3.803311,-3.759487,3.172165,1
4.58052,6.5795,-4.985878,-0.8340347,-0.2244948,-10,458.1593,500,-10,500,-10,-3.428278,0.5206568,12.23953,-4.422405,3.858258,-3.797934,3.232059,1
3.91549,6.084727,-5.701146,-0.7615757,-0.1875585,-10,458.255,500,-10,500,-10,-3.380092,0.5496182,12.35041,-4.449308,3.913292,-3.838562,3.293239,1
3.883611,6.224753,-5.597777,-0.6819138,-0.1342267,-10,458.3488,500,-10,500,-10,-3.326628,0.5733162,12.46483,-4.51592,3.93076,-3.918871,3.318457,1
3.869748,6.602381,-5.331257,-0.5702173,-0.06954784,-10,458.4406,500,-10,500,-10,-3.268321,0.5910731,12.58237,-4.561547,3.970384,-3.97887,3.36799,1
4.204422,6.910856,-4.649028,-0.3925115,-0.03108359,-10,458.5305,500,-10,500,-10,-3.205437,0.6024789,12.7023,-4.603652,4.01298,-4.03614,3.424768,1
3.554673,6.507813,-5.137909,-0.2514874,0.0341635,-10,458.6185,500,-10,500,-10,-3.139258,0.6069846,12.82369,-4.647228,4.056447,-4.093149,3.481887,1
3.45991,6.412983,-5.131588,-0.1193319,0.1059777,-10,458.7045,500,-10,500,-10,-3.071269,0.604131,12.94539,-4.691649,4.099689,-4.149563,3.539479,1
3.671899,6.660077,-4.769325,0.01068932,0.18748,-10,458.7885,500,-10,500,-10,-3.003006,0.5936849,13.06608,-4.736306,4.142199,-4.204914,3.596978,1
3.522674,6.423285,-4.776207,0.1339131,0.2662823,-10,458.8707,500,-10,500,-10,-2.936038,0.575721,13.1845,-4.780931,4.183505,-4.258408,3.653789,1
3.302346,6.22202,-4.804772,0.2334972,0.3409801,-10,458.9509,500,-10,500,-10,-2.871795,0.550514,13.29952,-4.825388,4.223536,-4.309254,3.709062,1
3.633601,6.38125,-4.452337,0.3411247,0.3970399,-10,459.0291,500,-10,500,-10,-2.811306,0.5186464,13.41035,-4.863961,4.266361,-4.352529,3.768056,1
3.257266,5.984761,-4.800182,0.4296383,0.4383171,-10,459.1054,500,-10,500,-10,-2.755357,0.4807736,13.51652,-4.898698,4.310514,-4.389513,3.828125,1
2.993963,5.469227,-5.063309,0.4811282,0.4822872,-10,459.1798,500,-10,500,-10,-2.704638,0.4374983,13.61783,-4.954113,4.332025,-4.444283,3.864326,1
3.24799,5.370769,-5.030092,0.47699,0.538881,-10,459.2522,500,-10,500,-10,-2.659844,0.3893743,13.71431,-4.995786,4.365883,-4.482544,3.910404,1
3.474392,5.172949,-4.900591,0.4519596,0.5588008,-10,459.3227,500,-10,500,-10,-2.621335,0.3371972,13.80629,-5.037025,4.397983,-4.517524,3.954522,1
3.658016,5.221686,-4.763488,0.3514748,0.6130132,-10,459.3912,500,-10,500,-10,-2.589408,0.2815894,13.89423,-5.078109,4.43028,-4.549305,3.995091,1
3.842294,5.101273,-4.758791,0.2462536,0.6519215,-10,459.4577,500,-10,500,-10,-2.564294,0.2230561,13.97861,-5.118577,4.461248,-4.578758,4.034043,1
3.806912,4.627536,-5.127604,0.131721,0.6540312,-10,459.5223,500,-10,500,-10,-2.545745,0.1625181,14.0603,-5.159028,4.491117,-4.60599,4.071858,1
4.310165,4.959205,-4.841045,0.0256733,0.6489878,-10,459.5849,500,-10,500,-10,-2.533403,0.1006939,14.14009,-5.199096,4.52027,-4.632035,4.108816,1
4.292359,4.648929,-5.147398,-0.09425635,0.6214287,-10,459.6456,500,-10,500,-10,-2.527225,0.03820904,14.21876,-5.239618,4.549279,-4.656698,4.144993,1
4.668267,4.888917,-4.973171,-0.1975496,0.5745428,-10,459.7043,500,-10,500,-10,-2.527113,-0.02434035,14.29709,-5.28032,4.578017,-4.680897,4.181158,1
4.71036,5.147642,-5.0699,-0.2727975,0.5029748,-10,459.761,500,-10,500,-10,-2.532762,-0.08624332,14.37592,-5.320555,4.607422,-4.704375,4.218678,1
4.808749,5.207274,-4.991571,-0.3385551,0.4313861,-10,459.8158,500,-10,500,-10,-2.544032,-0.1469968,14.45595,-5.362559,4.63661,-4.729163,4.255321,1
5.233699,5.902451,-4.608028,-0.3894988,0.3824113,-10,459.8687,500,-10,500,-10,-2.56089,-0.2062325,14.53774,-5.40532,4.66662,-4.755297,4.291953,1
5.229965,5.860651,-4.883596,-0.413433,0.3240478,-10,459.9195,500,-10,500,-10,-2.583287,-0.2635459,14.62185,-5.448343,4.698117,-4.781969,4.330151,1
5.195504,6.111989,-4.883647,-0.39255,0.2461943,-10,459.9684,500,-10,500,-10,-2.611092,-0.3182707,14.70897,-5.492233,4.730474,-4.810267,4.369983,1
4.813227,6.08297,-5.187821,-0.3794153,0.1652134,-10,460.0154,500,-10,500,-10,-2.644427,-0.369884,14.79963,-5.537871,4.765055,-4.839743,4.410516,1
4.702431,5.991304,-5.434855,-0.303881,0.08354814,-10,460.0605,500,-10,500,-10,-2.6829,-0.4177542,14.8943,-5.584153,4.800946,-4.871911,4.453075,1
5.022642,6.777444,-4.75934,-0.1795409,-0.009576391,-10,460.1035,500,-10,500,-10,-2.726181,-0.4613127,14.99333,-5.631477,4.838441,-4.906641,4.497633,1
4.545387,6.893521,-4.870444,-0.03575861,-0.1050853,-10,460.1447,500,-10,500,-10,-2.77389,-0.4999546,15.09689,-5.680215,4.878263,-4.943714,4.543622,1
4.486587,7.194683,-4.810688,0.1125137,-0.1861763,-10,460.1838,500,-10,500,-10,-2.825629,-0.5331963,15.20493,-5.730306,4.920859,-4.983139,4.590542,1
3.958212,6.686497,-5.276888,0.2320247,-0.2254825,-10,460.2211,500,-10,500,-10,-2.879469,-0.5601098,15.31701,-5.770708,4.977789,-5.013807,4.648277,1
3.498104,6.68172,-5.447995,0.3854864,-0.2699829,-10,460.2563,500,-10,500,-10,-2.937758,-0.5821643,15.4326,-5.83358,5.014698,-5.068512,4.685351,1
3.213844,6.486228,-5.673368,0.5362685,-0.3064945,-10,460.2897,500,-10,500,-10,-2.998293,-0.5981254,15.55121,-5.886224,5.064545,-5.114142,4.733778,1
3.436837,6.787938,-4.879627,0.6939174,-0.3453522,-10,460.3211,500,-10,500,-10,-3.059916,-0.6076403,15.67198,-5.938987,5.115863,-5.161453,4.782533,1
3.240076,6.486856,-4.93207,0.8074821,-0.3796847,-10,460.3505,500,-10,500,-10,-3.121727,-0.6106405,15.79393,-5.99216,5.169095,-5.209324,4.830346,1
2.972835,6.283885,-5.006904,0.8812075,-0.4053546,-10,460.378,500,-10,500,-10,-3.182925,-0.607197,15.91599,-6.045134,5.22367,-5.257488,4.876909,1
2.767795,6.141087,-5.022855,0.9440056,-0.4161237,-10,460.4035,500,-10,500,-10,-3.242456,-0.5975004,16.03714,-6.096879,5.278609,-5.306122,4.922349,1
2.916786,5.625669,-5.063663,0.9006089,-0.3926983,-10,460.427,500,-10,500,-10,-3.299983,-0.582155,16.1565,-6.148481,5.335272,-5.35342,4.964585,1
2.759968,5.432697,-5.070587,0.8001935,-0.3484149,-10,460.4486,500,-10,500,-10,-3.3554,-0.5615473,16.27338,-6.188599,5.40273,-5.389304,5.014831,1
2.96681,5.055279,-5.019506,0.677956,-0.3052544,-10,460.4683,500,-10,500,-10,-3.408323,-0.536074,16.38729,-6.246052,5.450482,-5.443402,5.044289,1
3.43742,5.058607,-4.733121,0.5054407,-0.2423552,-10,460.486,500,-10,500,-10,-3.458553,-0.5061136,16.49787,-6.295425,5.504678,-5.489333,5.078037,1
3.2252,4.852055,-5.001265,0.3429593,-0.2243359,-10,460.5018,500,-10,500,-10,-3.505754,-0.4717849,16.60483,-6.341157,5.558511,-5.532233,5.112836,1
3.736171,4.680473,-5.168365,0.1424088,-0.2055298,-10,460.5156,500,-10,500,-10,-3.549741,-0.4332632,16.70801,-6.385353,5.611368,-5.57353,5.145471,1
4.082134,4.731903,-4.956464,-0.05859979,-0.1963863,-10,460.5275,500,-10,500,-10,-3.590529,-0.3908753,16.8074,-6.427554,5.662463,-5.613682,5.176729,1
4.203166,4.778102,-4.87268,-0.228195,-0.2201841,-10,460.5374,500,-10,500,-10,-3.627754,-0.3447709,16.90301,-6.467512,5.710964,-5.652946,5.207451,1
4.299995,4.567369,-5.182833,-0.4357541,-0.2276824,-10,460.5455,500,-10,500,-10,-3.661632,-0.2953886,16.99509,-6.506025,5.758693,-5.690726,5.236014,1
4.786168,5.140174,-5.101016,-0.597831,-0.2466643,-10,460.5515,500,-10,500,-10,-3.691853,-0.2429672,17.08385,-6.534493,5.811591,-5.720584,5.271877,1
5.005176,5.529583,-4.848181,-0.7322668,-0.2678942,-10,460.5557,500,-10,500,-10,-3.718344,-0.1879675,17.1697,-6.553291,5.870256,-5.742402,5.314868,1
5.595743,5.931373,-4.358467,-0.8104863,-0.3013385,-10,460.5579,500,-10,500,-10,-3.740551,-0.1305374,17.25292,-6.607776,5.888424,-5.80261,5.319919,1
4.859805,5.663969,-5.157214,-0.8776891,-0.356087,-10,460.5581,500,-10,500,-10,-3.75856,-0.07103523,17.33395,-6.63831,5.927932,-5.839219,5.347554,1
5.210391,6.266528,-4.957941,-0.8846299,-0.3957412,-10,460.5565,500,-10,500,-10,-3.771714,-0.009807933,17.41329,-6.666598,5.965608,-5.876666,5.375612,1
5.143576,6.614571,-4.789129,-0.8849107,-0.3979186,-10,460.5528,500,-10,500,-10,-3.780077,0.05247619,17.49168,-6.693665,6.0029,-5.914553,5.403275,1
4.625324,6.546149,-5.344374,-0.8138093,-0.4151022,-10,460.5472,500,-10,500,-10,-3.782997,0.115423,17.56972,-6.719242,6.038306,-5.953644,5.432537,1
4.49026,6.830463,-5.015239,-0.6827036,-0.4105144,-10,460.5398,500,-10,500,-10,-3.777182,0.178768,17.64817,-6.743254,6.07255,-5.994638,5.463298,1
4.50656,7.003118,-4.901844,-0.5353014,-0.4055941,-10,460.5303,500,-10,500,-10,-3.767143,0.2411962,17.72798,-6.767425,6.106691,-6.036593,5.495283,1
4.228915,7.290971,-4.738662,-0.3769876,-0.3743753,-10,460.5189,500,-10,500,-10,-3.745008,0.3027426,17.80989,-6.780736,6.151668,-6.069786,5.539541,1
3.784646,7.196648,-4.923567,-0.246833,-0.2767843,-10,460.5056,500,-10,500,-10,-3.720818,0.3614642,17.89522,-6.816586,6.177455,-6.126004,5.563091,1
3.62481,7.106703,-4.686787,-0.09783114,-0.1614646,-10,460.4904,500,-10,500,-10,-3.686496,0.4170464,17.98467,-6.842701,6.21471,-6.174008,5.599956,1
3.475023,6.786753,-4.725074,0.02319735,-0.04283478,-10,460.4732,500,-10,500,-10,-3.647141,0.4686422,18.07898,-6.871341,6.253813,-6.223509,5.638993,1
3.185033,6.623729,-4.572567,0.1446425,0.07644912,-10,460.4541,500,-10,500,-10,-3.599781,0.5156554,18.17857,-6.902124,6.294218,-6.275248,5.68111,1
3.059097,6.501218,-4.846795,0.2406162,0.2141617,-10,460.4331,500,-10,500,-10,-3.544596,0.5570007,18.28394,-6.935603,6.336697,-6.329079,5.725941,1
2.559105,5.775921,-5.160862,0.3105803,0.3525468,-10,460.4101,500,-10,500,-10,-3.481863,0.5918313,18.39511,-6.972096,6.381026,-6.384697,5.773723,1
2.55313,5.324709,-5.336081,0.3623738,0.4529323,-10,460.3853,500,-10,500,-10,-3.412591,0.6194354,18.51165,-7.011865,6.42648,-6.441491,5.824832,1
3.260296,5.398028,-4.747018,0.3403747,0.5688246,-10,460.3585,500,-10,500,-10,-3.3381,0.6391918,18.63272,-7.055047,6.474312,-6.498628,5.877318,1
3.427806,5.144907,-4.691185,0.3097273,0.6499151,-10,460.3297,500,-10,500,-10,-3.260269,0.6505692,18.75708,-7.100768,6.522305,-6.555952,5.932372,1
3.625943,4.967886,-4.89974,0.2489774,0.700611,-10,460.2991,500,-10,500,-10,-3.181031,0.6535616,18.88313,-7.148706,6.570563,-6.612454,5.988553,1
4.020938,4.794661,-4.934308,0.1427535,0.7356808,-10,460.2665,500,-10,500,-10,-3.102576,0.6482899,19.00917,-7.198426,6.618904,-6.667172,6.04465,1
4.241699,4.707929,-4.683166,0.01222979,0.7400327,-10,460.232,500,-10,500,-10,-3.027229,0.6350335,19.13362,-7.249171,6.666312,-6.719542,6.100358,1
4.544468,4.488045,-4.956778,-0.1261036,0.715274,-10,460.1956,500,-10,500,-10,-2.956348,0.6146638,19.25517,-7.300089,6.712153,-6.769338,6.15523,1
4.53148,4.591476,-5.153846,-0.2055827,0.6278728,-10,460.1573,500,-10,500,-10,-2.890812,0.5881689,19.37299,-7.350022,6.754706,-6.817028,6.2103,1
5.441333,5.603071,-4.321165,-0.2550987,0.5521917,-10,460.117,500,-10,500,-10,-2.830872,0.5563245,19.4866,-7.398359,6.795177,-6.862831,6.26397,1
5.227942,5.439868,-4.806844,-0.2637517,0.3979266,-10,460.0748,500,-10,500,-10,-2.776462,0.5202098,19.59599,-7.445816,6.832422,-6.906013,6.317364,1
5.264426,5.553882,-5.049473,-0.2872406,0.256278,-10,460.0308,500,-10,500,-10,-2.72774,0.4805281,19.7013,-7.492314,6.868527,-6.946773,6.368517,1
5.476051,6.410682,-4.743039,-0.265721,0.118112,-10,459.9848,500,-10,500,-10,-2.684439,0.4378239,19.80279,-7.536981,6.90249,-6.986202,6.41865,1
4.961483,6.064569,-5.33842,-0.2277539,-0.009448512,-10,459.9369,500,-10,500,-10,-2.646184,0.3924906,19.90076,-7.580422,6.934923,-7.023934,6.467391,1
4.757968,6.693173,-5.252344,-0.109089,-0.1515335,-10,459.8871,500,-10,500,-10,-2.612245,0.3451277,19.99569,-7.621704,6.964717,-7.061307,6.516251,1
4.669235,7.087212,-5.011607,0.02516143,-0.2652959,-10,459.8354,500,-10,500,-10,-2.582111,0.295903,20.08787,-7.661634,6.993553,-7.097764,6.563802,1
4.252911,7.117025,-5.240037,0.1912374,-0.3722768,-10,459.7818,500,-10,500,-10,-2.555402,0.2450782,20.17769,-7.700303,7.021049,-7.133517,6.610727,1
4.14185,7.228559,-4.924776,0.3692592,-0.4599892,-10,459.7263,500,-10,500,-10,-2.5319,0.1927671,20.26542,-7.738008,7.047793,-7.168507,6.656678,1
3.522041,7.212001,-5.04498,0.5385335,-0.5319012,-10,459.6689,500,-10,500,-10,-2.511494,0.1391594,20.35143,-7.77527,7.074244,-7.202504,6.701485,1
3.210483,6.924537,-4.967681,0.6320387,-0.5311786,-10,459.6096,500,-10,500,-10,-2.494656,0.08409242,20.43578,-7.812663,7.102232,-7.235004,6.743392,1
2.96927,6.66328,-5.034822,0.6957476,-0.5144433,-10,459.5484,500,-10,500,-10,-2.481948,0.02757297,20.51868,-7.850162,7.13045,-7.266202,6.78387,1
2.690117,6.412029,-4.961589,0.7021093,-0.4514732,-10,459.4853,500,-10,500,-10,-2.473641,-0.03024899,20.60046,-7.888031,7.159863,-7.296093,6.822218,1
2.857639,6.45103,-4.647469,0.7234387,-0.3885543,-10,459.4203,500,-10,500,-10,-2.46999,-0.0892125,20.68146,-7.925712,7.188891,-7.325528,6.860304,1
2.647061,5.388011,-5.129338,0.6518316,-0.2991907,-10,459.3533,500,-10,500,-10,-2.471534,-0.1490068,20.76217,-7.964955,7.21993,-7.353157,6.896139,1
3.034086,5.715203,-4.605429,0.5734468,-0.2374358,-10,459.2846,500,-10,500,-10,-2.478772,-0.2091083,20.84328,-8.005289,7.251324,-7.380027,6.931949,1
3.141523,4.886494,-4.863907,0.4178612,-0.1423048,-10,459.2139,500,-10,500,-10,-2.492263,-0.2691848,20.92534,-8.047307,7.285116,-7.406009,6.966156,1
3.333427,4.676187,-5.06052,0.2317481,-0.0743003,-10,459.1414,500,-10,500,-10,-2.512902,-0.3286335,21.00918,-8.091283,7.32035,-7.431498,7.000387,1
3.257318,4.202348,-5.519642,0.02692178,-0.03705324,-10,459.067,500,-10,500,-10,-2.541185,-0.3866499,21.09573,-8.137425,7.357288,-7.457075,7.035168,1
3.9977,4.468157,-5.043383,-0.1936183,0.01321694,-10,458.9907,500,-10,500,-10,-2.577576,-0.4425268,21.18586,-8.185508,7.396825,-7.483674,7.070312,1
4.409466,4.602602,-5.011228,-0.428014,0.05086076,-10,458.9125,500,-10,500,-10,-2.622839,-0.4955216,21.28038,-8.236098,7.439096,-7.511397,7.106356,1
4.857061,4.999629,-4.946939,-0.5705164,0.02589075,-10,458.8325,500,-10,500,-10,-2.676749,-0.5443221,21.38033,-8.288267,7.482285,-7.542049,7.145987,1
5.100991,5.018048,-5.101223,-0.7010324,0.00241456,-10,458.7505,500,-10,500,-10,-2.739255,-0.5879489,21.48629,-8.34278,7.528804,-7.57533,7.187263,1
5.573606,5.706488,-4.598385,-0.7810078,-0.05914852,-10,458.6667,500,-10,500,-10,-2.810025,-0.6252151,21.59859,-8.39942,7.577777,-7.611738,7.231338,1
5.553397,5.899782,-5.013395,-0.8517412,-0.1067629,-10,458.5811,500,-10,500,-10,-2.888389,-0.6551309,21.71698,-8.458044,7.630442,-7.651215,7.276775,1
5.367877,6.42016,-4.805781,-0.8489332,-0.13825,-10,458.4935,500,-10,500,-10,-2.972816,-0.6769587,21.84065,-8.517006,7.685499,-7.69472,7.324186,1
5.277232,6.528075,-5.103708,-0.7971183,-0.1835639,-10,458.4041,500,-10,500,-10,-3.061187,-0.689982,21.96826,-8.576318,7.742118,-7.741149,7.373307,1
4.985578,7.043204,-4.779828,-0.659203,-0.2119813,-10,458.3129,500,-10,500,-10,-3.150815,-0.6937698,22.09802,-8.633993,7.799235,-7.790991,7.423705,1
4.61245,7.413968,-4.867304,-0.4876955,-0.2204238,-10,458.2198,500,-10,500,-10,-3.239017,-0.6884743,22.22785,-8.689874,7.856699,-7.842686,7.473818,1
4.372533,7.364948,-4.825535,-0.3086474,-0.1865222,-10,458.1248,500,-10,500,-10,-3.323509,-0.6747507,22.35585,-8.743292,7.914177,-7.895329,7.5224,1
3.840892,7.439427,-4.953493,-0.0733445,-0.1719282,-10,458.028,500,-10,500,-10,-3.402176,-0.6531036,22.48042,-8.793389,7.969266,-7.948448,7.570529,1
3.789507,7.541101,-4.317222,0.1382399,-0.113395,-10,457.9293,500,-10,500,-10,-3.473431,-0.6243395,22.60044,-8.840357,8.023376,-8.000925,7.615863,1
3.157823,6.749945,-4.853747,0.2954516,-0.04192308,-10,457.8288,500,-10,500,-10,-3.537246,-0.5897596,22.71545,-8.885011,8.076367,-8.051565,7.658167,1
2.91531,6.66807,-4.601674,0.4296741,0.0537116,-10,457.7264,500,-10,500,-10,-3.593344,-0.5501509,22.82528,-8.926576,8.12776,-8.101008,7.697782,1
2.817993,6.241198,-4.782589,0.53082,0.155659,-10,457.6222,500,-10,500,-10,-3.642167,-0.5066169,22.93028,-8.965942,8.177501,-8.148642,7.735041,1
2.789342,5.526422,-4.945927,0.5876561,0.2213505,-10,457.5162,500,-10,500,-10,-3.683878,-0.4594579,23.03057,-9.003786,8.22535,-8.1939,7.770293,1
2.91735,5.529072,-4.806735,0.542913,0.3121862,-10,457.4083,500,-10,500,-10,-3.719882,-0.4095486,23.12679,-9.040808,8.27326,-8.236603,7.802109,1
3.319767,5.064586,-4.463736,0.5019005,0.3645978,-10,457.2986,500,-10,500,-10,-3.750371,-0.3572306,23.21932,-9.076154,8.318874,-8.27793,7.833167,1
3.209642,4.373702,-5.343157,0.3549511,0.4279341,-10,457.1871,500,-10,500,-10,-3.776445,-0.3028951,23.30866,-9.111443,8.364859,-8.316662,7.861205,1
3.907834,4.467296,-4.829638,0.1943294,0.4372432,-10,457.0738,500,-10,500,-10,-3.79869,-0.2466812,23.39512,-9.146038,8.409079,-8.353711,7.888629,1
4.497397,4.760693,-4.506952,0.008779639,0.4534759,-10,456.9587,500,-10,500,-10,-3.817328,-0.188758,23.47907,-9.179625,8.45257,-8.389683,7.914696,1
5.035239,4.890741,-4.391842,-0.172515,0.4284962,-10,456.8417,500,-10,500,-10,-3.832725,-0.1293418,23.56092,-9.212344,8.494477,-8.424784,7.940608,1
5.410567,5.432835,-4.405426,-0.2670127,0.339968,-10,456.7229,500,-10,500,-10,-3.844193,-0.06815821,23.64068,-9.243191,8.533202,-8.460022,7.967969,1
5.015606,4.921456,-5.374167,-0.3483569,0.208018,-10,456.6023,500,-10,500,-10,-3.8515,-0.00527116,23.71863,-9.273247,8.570279,-8.494559,7.995485,1
5.520529,5.639145,-4.957292,-0.414777,0.08035458,-10,456.4799,500,-10,500,-10,-3.854567,0.05910711,23.79523,-9.302132,8.606386,-8.529137,8.02284,1
5.36403,6.069772,-4.932547,-0.4701033,-0.01667771,-10,456.3557,500,-10,500,-10,-3.853365,0.1244281,23.87122,-9.329969,8.642173,-8.564265,8.05002,1
5.491601,6.549461,-4.557002,-0.4181633,-0.118554,-10,456.2297,500,-10,500,-10,-3.846951,0.1903297,23.94725,-9.355759,8.675797,-8.601474,8.079393,1
5.407765,7.144308,-4.524273,-0.3836974,-0.1881744,-10,456.1019,500,-10,500,-10,-3.835016,0.2562588,24.02415,-9.381572,8.710099,-8.639387,8.108817,1
4.985307,7.32741,-4.665187,-0.2171627,-0.3010354,-10,455.9724,500,-10,500,-10,-3.816453,0.3218933,24.10261,-9.405949,8.74188,-8.680013,8.142039,1
4.360924,7.487775,-4.824004,-0.03034278,-0.3671477,-10,455.8411,500,-10,500,-10,-3.790244,0.3866255,24.18355,-9.430159,8.774354,-8.722875,8.176637,1
3.832972,7.18284,-5.116468,0.1691099,-0.4297179,-10,455.7079,500,-10,500,-10,-3.755793,0.449648,24.26812,-9.455178,8.807445,-8.767923,8.213615,1
3.613592,7.354222,-4.463138,0.3325566,-0.4351409,-10,455.573,500,-10,500,-10,-3.712632,0.5100282,24.3575,-9.481952,8.843188,-8.815208,8.25193,1
3.480371,7.106395,-4.521773,0.4255455,-0.3910894,-10,455.4363,500,-10,500,-10,-3.660609,0.5663851,24.4531,-9.511769,8.882437,-8.864603,8.291896,1
2.525302,6.342086,-5.171218,0.487649,-0.300617,-10,455.2978,500,-10,500,-10,-3.599416,0.6174849,24.55595,-9.544504,8.924801,-8.917097,8.334758,1
2.751358,6.28866,-4.880047,0.5478559,-0.1967339,-10,455.1576,500,-10,500,-10,-3.528765,0.6620814,24.66673,-9.580392,8.969582,-8.972995,8.381763,1
2.782861,5.78333,-4.605254,0.5748481,-0.1176305,-10,455.0156,500,-10,500,-10,-3.449065,0.6992477,24.78539,-9.620494,9.016829,-9.031217,8.432838,1
2.751581,5.436154,-4.787207,0.5034504,-0.0327655,-10,454.8719,500,-10,500,-10,-3.3619,0.7279106,24.91142,-9.665538,9.067802,-9.090595,8.48629,1
2.688554,4.631505,-5.162763,0.4370315,0.01951613,-10,454.7264,500,-10,500,-10,-3.268836,0.7473441,25.04346,-9.713798,9.119804,-9.151747,8.543699,1
3.728081,4.951365,-4.563044,0.238037,0.1313408,-10,454.5793,500,-10,500,-10,-3.173001,0.7565606,25.17959,-9.766024,9.175538,-9.212315,8.600758,1
3.712007,4.276847,-4.906436,0.02605572,0.1825279,-10,454.4304,500,-10,500,-10,-3.077679,0.755505,25.31716,-9.820683,9.230541,-9.271642,8.659743,1
4.461889,4.646874,-4.890416,-0.1991185,0.23661,-10,454.2797,500,-10,500,-10,-2.985808,0.7444779,25.45346,-9.875949,9.284941,-9.329313,8.718279,1
5.01913,5.011836,-4.592167,-0.3745741,0.2351243,-10,454.1273,500,-10,500,-10,-2.89964,0.7243546,25.58615,-9.930568,9.336102,-9.384645,8.777069,1
5.235509,5.012151,-4.809784,-0.5133114,0.1964083,-10,453.973,500,-10,500,-10,-2.820415,0.6964201,25.71369,-9.983863,9.383978,-9.437023,8.834867,1
5.256134,5.020027,-5.153043,-0.6235837,0.1261432,-10,453.8171,500,-10,500,-10,-2.749252,0.6616279,25.83512,-10.0355,9.42851,-9.486008,8.890951,1
5.573293,5.742939,-5.082108,-0.698083,0.05511082,-10,453.6595,500,-10,500,-10,-2.686168,0.6211811,25.95022,-10.0848,9.469904,-9.532072,8.944926,1
5.468814,6.367179,-4.842139,-0.7085038,-0.00529872,-10,453.5002,500,-10,500,-10,-2.630871,0.5757732,26.05899,-10.13109,9.507826,-9.575907,8.997127,1
5.697092,6.786789,-4.590257,-0.6493495,-0.06029354,-10,453.3392,500,-10,500,-10,-2.582451,0.5261453,26.16175,-10.17435,9.542248,-9.617789,9.047854,1
5.437098,7.322955,-4.510448,-0.5476758,-0.09530113,-10,453.1765,500,-10,500,-10,-2.540506,0.4728236,26.25891,-10.215,9.573957,-9.657652,9.096653,1
4.558024,7.325953,-4.808315,-0.3295097,-0.1750445,-10,453.0121,500,-10,500,-10,-2.503309,0.4167024,26.35131,-10.25268,9.601268,-9.69653,9.145903,1
4.218935,1.468666,-9.935024,-0.1048972,-0.1984487,-10,452.8459,500,-10,500,-10,-2.47039,0.357903,26.43929,-10.2884,9.627274,-9.733715,9.192798,1
3.410674,1.138511,-10.10755,0.12719,-0.2141295,-10,452.6781,500,-10,500,-10,-2.441333,0.2966999,26.52335,-10.32259,9.651625,-9.769172,9.238094,1
3.138958,1.035528,-9.845944,0.2840757,-0.1551054,-10,452.5086,500,-10,500,-10,-2.416394,0.2330361,26.60369,-10.35612,9.67659,-9.802209,9.279698,1
2.865778,0.8184982,-9.665348,0.4597941,-0.09830803,-10,452.3374,500,-10,500,-10,-2.395559,0.1670768,26.68072,-10.38842,9.699875,-9.833732,9.320239,1
2.977484,0.7874924,-9.54673,0.5604048,0.01336168,-10,452.1645,500,-10,500,-10,-2.379031,0.09892088,26.75479,-10.42061,9.723885,-9.862918,9.357601,1
2.497688,-0.1371599,-9.939007,0.633648,0.09379981,-10,451.9899,500,-10,500,-10,-2.366874,0.02901069,26.82659,-10.4531,9.747158,-9.889924,9.393825,1
2.815773,-0.5665267,-9.781096,0.6182071,0.1659963,-10,451.8137,500,-10,500,-10,-2.359654,-0.04220777,26.89688,-10.48699,9.77137,-9.914271,9.427849,1
2.902772,-1.074852,-9.864435,0.5880652,0.2118416,-10,451.6359,500,-10,500,-10,-2.357752,-0.1142139,26.96649,-10.52157,9.79547,-9.937376,9.461431,1
3.026218,-1.537033,-10.19788,0.4359704,0.2763071,-10,451.4564,500,-10,500,-10,-2.362006,-0.1866431,27.03616,-10.55847,9.822166,-9.958199,9.492463,1
4.039606,-1.482892,-9.431821,0.2256397,0.3232916,-10,451.2752,500,-10,500,-10,-2.373482,-0.2590783,27.10672,-10.59753,9.850476,-9.9776,9.522616,1
4.429663,-1.368219,-9.682469,0.00630779,0.3432728,-10,451.0923,500,-10,500,-10,-2.392701,-0.3307404,27.17939,-10.63833,9.879889,-9.997016,9.553416,1
4.804269,-1.331654,-9.819008,-0.1828733,0.3146219,-10,450.9078,500,-10,500,-10,-2.419993,-0.4008439,27.25541,-10.68096,9.910193,-10.01737,9.586103,1
5.246432,-0.9957688,-9.67527,-0.3152851,0.2358363,-10,450.7216,500,-10,500,-10,-2.455542,-0.4682356,27.33636,-10.72558,9.941689,-10.03983,9.621685,1
5.403785,-0.8991103,-9.989584,-0.4315911,0.1249957,-10,450.5339,500,-10,500,-10,-2.500139,-0.5320654,27.42344,-10.77315,9.975887,-10.06441,9.659636,1
5.490709,-0.4175046,-10.22763,-0.5180112,0.002690171,-10,450.3445,500,-10,500,-10,-2.554226,-0.5911983,27.51793,-10.82367,10.01346,-10.09219,9.700366,1
5.600762,0.436735,-9.70295,-0.5443901,-0.09793106,-10,450.1535,500,-10,500,-10,-2.618026,-0.644759,27.62066,-10.87654,10.05469,-10.12445,9.744253,1
5.404136,0.5366688,-10.04342,-0.5074114,-0.1942262,-10,449.9609,500,-10,500,-10,-2.691194,-0.6917838,27.73219,-10.93199,10.09965,-10.1614,9.791706,1
5.031636,0.9991661,-9.961485,-0.4017575,-0.2744284,-10,449.7668,500,-10,500,-10,-2.773257,-0.7312842,27.85261,-10.98975,10.14863,-10.20342,9.842501,1
4.562924,1.55222,-9.883018,-0.2040364,-0.3597259,-10,449.571,500,-10,500,-10,-2.862618,-0.7621322,27.98147,-11.04928,10.20055,-10.25067,9.897351,1
4.436967,1.763542,-9.511436,0.01052971,-0.398056,-10,449.3735,500,-10,500,-10,-2.957383,-0.7837653,28.11733,-11.11042,10.25675,-10.3021,9.953726,1
3.63341,1.663123,-9.657369,0.2112737,-0.414259,-10,449.1743,500,-10,500,-10,-3.055382,-0.7956729,28.25814,-11.17292,10.31653,-10.35627,10.01062,1
3.052426,0.9607477,-9.908867,0.3434546,-0.3544035,-10,448.9737,500,-10,500,-10,-3.154421,-0.7981577,28.40127,-11.23589,10.38016,-10.4119,10.06559,1
2.645019,0.7478323,-9.956454,0.4318888,-0.2468271,-10,448.7715,500,-10,500,-10,-3.252428,-0.7917471,28.54414,-11.29804,10.44563,-10.46813,10.11849,1
2.396944,0.4307377,-9.948933,0.4983199,-0.1066211,-10,448.5676,500,-10,500,-10,-3.347143,-0.7770199,28.68449,-11.35816,10.51126,-10.5243,10.16916,1
2.549748,-0.2797702,-9.905211,0.5345115,0.01667324,-10,448.3623,500,-10,500,-10,-3.436544,-0.7543503,28.82043,-11.41609,10.57564,-10.57901,10.21742,1
2.609372,-0.6274084,-9.850624,0.4817681,0.136108,-10,448.1554,500,-10,500,-10,-3.519852,-0.7242744,28.95049,-11.47196,10.63933,-10.6309,10.26149,1
2.892331,-1.392129,-9.89608,0.3634912,0.2575381,-10,447.9469,500,-10,500,-10,-3.596715,-0.6877132,29.0739,-11.52533,10.70138,-10.67979,10.30169,1
3.549248,-1.589335,-9.614771,0.2152723,0.3303131,-10,447.7369,500,-10,500,-10,-3.666872,-0.645015,29.19007,-11.57583,10.76037,-10.72555,10.33897,1
3.947519,-1.708718,-9.919894,0.0260361,0.36981,-10,447.5253,500,-10,500,-10,-3.730333,-0.5965799,29.29875,-11.62342,10.81651,-10.76801,10.37288,1
4.738801,-1.626252,-9.493238,-0.2026943,0.3838841,-10,447.312,500,-10,500,-10,-3.787524,-0.5429958,29.40009,-11.66816,10.86991,-10.80724,10.40344,1
4.82528,-1.64143,-9.892993,-0.3908983,0.3373346,-10,447.0972,500,-10,500,-10,-3.838422,-0.4845707,29.49423,-11.70918,10.91886,-10.84422,10.4325,1
5.273926,-0.9901893,-9.938681,-0.5219054,0.2741902,-10,446.881,500,-10,500,-10,-3.882817,-0.4217719,29.58161,-11.74591,10.96371,-10.87989,10.46005,1
5.697638,-0.7189542,-9.965368,-0.5833576,0.1501276,-10,446.6632,500,-10,500,-10,-3.920361,-0.3548814,29.66258,-11.77883,11.00386,-10.91406,10.48699,1
5.730446,-0.02883869,-9.913001,-0.6092303,0.01387454,-10,446.444,500,-10,500,-10,-3.951393,-0.2844776,29.73791,-11.80818,11.04077,-10.94713,10.5125,1
5.704615,0.3715657,-9.937141,-0.5879347,-0.1010958,-10,446.2232,500,-10,500,-10,-3.975818,-0.2111455,29.80845,-11.83404,11.07498,-10.97973,10.53674,1
5.065917,0.9480016,-10.16193,-0.4658835,-0.2374612,-10,446.001,500,-10,500,-10,-3.993502,-0.1354021,29.87507,-11.85626,11.10536,-11.0127,10.56156,1
4.762081,1.47678,-9.943771,-0.3013262,-0.3187793,-10,445.7772,500,-10,500,-10,-4.004297,-0.0579908,29.93894,-11.8755,11.1342,-11.04638,10.58564,1
4.39958,1.712315,-10.00753,-0.1044624,-0.3833121,-10,445.5518,500,-10,500,-10,-4.008254,0.02038443,30.00126,-11.89292,11.16171,-11.0806,10.60977,1
3.675777,1.516724,-9.952044,0.1153242,-0.3987308,-10,445.325,500,-10,500,-10,-4.004987,0.09915732,30.06311,-11.90877,11.1888,-11.116,10.63393,1
3.421242,1.649529,-9.401672,0.3122455,-0.3577093,-10,445.0966,500,-10,500,-10,-3.994761,0.1774431,30.12595,-11.92443,11.2169,-11.15241,10.65789,1
2.76256,1.060314,-9.83288,0.4616548,-0.2909859,-10,444.8668,500,-10,500,-10,-3.977659,0.2545308,30.19105,-11.94125,11.24657,-11.18953,10.68216,1
2.134014,0.3063587,-10.16817,0.5443557,-0.1706881,-10,444.6356,500,-10,500,-10,-3.953771,0.3296803,30.25966,-11.9597,11.27887,-11.22793,10.70672,1
2.039103,-0.3692553,-9.990166,0.5781637,-0.0202863,-10,444.4029,500,-10,500,-10,-3.92281,0.4021406,30.33305,-11.98045,11.31384,-11.26799,10.73255,1
2.489904,-0.55534,-9.732473,0.5792866,0.09187336,-10,444.1688,500,-10,500,-10,-3.884603,0.4714141,30.41209,-12.00436,11.35068,-11.30958,10.76121,1
2.76777,-1.195542,-9.793978,0.4835967,0.2038867,-10,443.9332,500,-10,500,-10,-3.839251,0.5368556,30.4978,-12.03254,11.39126,-11.3524,10.79164,1
3.486447,-1.360597,-9.50555,0.2917008,0.323455,-10,443.6962,500,-10,500,-10,-3.786706,0.5978453,30.59102,-12.06531,11.43599,-11.39688,10.82416,1
3.8603,-1.69235,-9.796599,0.1189548,0.3568087,-10,443.4575,500,-10,500,-10,-3.726718,0.6539584,30.69232,-12.10201,11.48204,-11.44412,10.86205,1
3.985439,-2.199762,-10.0638,-0.09803145,0.3488967,-10,443.2174,500,-10,500,-10,-3.659127,0.7047706,30.80211,-12.14338,11.53113,-11.49372,10.90392,1
4.930386,-1.690424,-9.876918,-0.3187754,0.3233756,-10,442.9759,500,-10,500,-10,-3.583732,0.7496965,30.92072,-12.18865,11.58294,-11.54672,10.95039,1
5.443253,-1.243981,-9.84741,-0.5179453,0.2646263,-10,442.733,500,-10,500,-10,-3.500486,0.7880651,31.0482,-12.23761,11.63682,-11.60339,11.00213,1
1.209544,-1.258935,-10.56903,-0.6686132,0.1911791,-10,442.4887,500,-10,500,-10,-3.409464,0.8190717,31.18421,-12.28953,11.69218,-11.66417,11.05948,0
2.053698,0.1443415,-9.684301,-0.7036005,0.07736125,-10,442.2431,500,-10,500,-10,-3.310997,0.842037,31.32774,-12.34313,11.74742,-11.7295,11.12317,0
1.506947,0.1644903,-10.23722,-0.6925763,-0.04726596,-10,441.996,500,-10,500,-10,-3.206097,0.8564442,31.47705,-12.39868,11.80321,-11.79766,11.19109,0
1.494572,1.098221,-9.905619,-0.5716709,-0.1641414,-10,441.7476,500,-10,500,-10,-3.096465,0.8614125,31.62984,-12.4541,11.85775,-11.86885,11.26316,0
1.31316,1.602542,-9.619887,-0.394477,-0.2534215,-10,441.4976,500,-10,500,-10,-2.984516,0.8563691,31.78309,-12.509,11.91099,-11.94093,11.3369,0
0.5870181,1.837975,-9.69523,-0.1653365,-0.328464,-10,441.2461,500,-10,500,-10,-2.873439,0.8409208,31.9334,-12.56242,11.96158,-12.01205,11.41085,0
-0.06597823,1.971367,-9.547163,0.05035187,-0.3315845,-10,440.9932,500,-10,500,-10,-2.766523,0.8150027,32.0774,-12.61363,12.01005,-12.08016,11.4817,0
-1.035442,1.45467,-9.996142,0.3057111,-0.3198507,-10,440.739,500,-10,500,-10,-2.666595,0.7789163,32.21228,-12.66135,12.05387,-12.1442,11.54964,0
-1.047979,1.431657,-9.391167,0.5293214,-0.246386,-10,440.4835,500,-10,500,-10,-2.575673,0.7333546,32.33614,-12.70556,12.09413,-12.20262,11.61201,0
-1.19193,1.066342,-9.073571,0.6863009,-0.1533182,-10,440.2267,500,-10,500,-10,-2.495193,0.6793591,32.4482,-12.74721,12.1307,-12.25383,11.66829,0
-2.070379,-0.4228505,-9.94435,0.7497596,-0.0490013,-10,439.9684,500,-10,500,-10,-2.425576,0.6182189,32.54879,-12.78662,12.1643,-12.29776,11.71804,0
-1.745969,-0.6923819,-9.701884,0.7217659,0.0910841,-10,439.7089,500,-10,500,-10,-2.367367,0.5509077,32.63858,-12.82386,12.19552,-12.33492,11.76122,0
-1.393104,-1.34083,-9.729519,0.6036068,0.204616,-10,439.4481,500,-10,500,-10,-2.320038,0.4787536,32.71909,-12.86011,12.22433,-12.36537,11.79911,0
-0.8093747,-1.841852,-9.865217,0.4205143,0.2960005,-10,439.1855,500,-10,500,-10,-2.282762,0.4029551,32.79203,-12.89549,12.25111,-12.39043,11.83277,0
-0.2660169,-2.060791,-9.737115,0.2055467,0.3306428,-10,438.9216,500,-10,500,-10,-2.254803,0.3246283,32.85923,-12.93044,12.27569,-12.41116,11.86387,0
0.8890566,-1.5544,-9.324854,-0.03211403,0.3309336,-10,438.6564,500,-10,500,-10,-2.235409,0.2446593,32.92236,-12.96515,12.29888,-12.42876,11.89298,0
1.495997,-1.665758,-9.496989,-0.2949965,0.2909472,-10,438.39,500,-10,500,-10,-2.224125,0.163816,32.98289,-13.00024,12.3213,-12.44382,11.92072,0
2.06699,-1.145795,-9.429778,-0.5095723,0.178464,-10,438.1222,500,-10,500,-10,-2.220061,0.08300708,33.04251,-13.03543,12.34204,-12.45805,11.94939,0
2.400384,-0.485826,-9.492174,-0.6586914,0.0467276,-10,437.8531,500,-10,500,-10,-2.222436,0.002825656,33.10247,-13.07043,12.36192,-12.47272,11.97919,0
2.048453,0.1552538,-9.847524,-0.7486391,-0.0916032,-10,437.5828,500,-10,500,-10,-2.230719,-0.07627145,33.16374,-13.10524,12.38154,-12.48868,12.01033,0
2.140829,1.120122,-9.527862,-0.7001405,-0.2547651,-10,437.3112,500,-10,500,-10,-2.24389,-0.1538531,33.22723,-13.13912,12.39977,-12.5074,12.04471,0
1.539414,1.201362,-9.939096,-0.6091955,-0.3779529,-10,437.0381,500,-10,500,-10,-2.261597,-0.2296758,33.29357,-13.17323,12.41922,-12.52827,12.08023,0
1.219628,1.883034,-9.671112,-0.4043126,-0.4690384,-10,436.7634,500,-10,500,-10,-2.283221,-0.3036274,33.36323,-13.20656,12.43876,-12.55265,12.11841,0
0.4827714,2.370409,-9.580036,-0.1740595,-0.5097743,-10,436.4875,500,-10,500,-10,-2.308636,-0.3756726,33.43659,-13.24059,12.46026,-12.5794,12.15769,0
-0.4182555,2.022942,-9.645949,0.1079457,-0.5164443,-10,436.2104,500,-10,500,-10,-2.337896,-0.4458001,33.51403,-13.27521,12.48326,-12.60896,12.19887,0
-1.048574,1.589807,-9.584122,0.3170715,-0.4481729,-10,435.9321,500,-10,500,-10,-2.371726,-0.5140301,33.59598,-13.3123,12.51054,-12.63977,12.23948,0
-1.183794,1.704677,-9.06479,0.508164,-0.3304946,-10,435.6524,500,-10,500,-10,-2.410991,-0.5804178,33.68287,-13.35154,12.54125,-12.67252,12.28077,0
-1.917951,0.7074345,-9.471372,0.6083517,-0.1670663,-10,435.3716,500,-10,500,-10,-2.457016,-0.6447904,33.7755,-13.39449,12.57679,-12.70632,12.32199,0
-2.007131,-0.1797992,-9.839679,0.6670955,-0.0003022924,-10,435.0895,500,-10,500,-10,-2.511336,-0.7067776,33.87496,-13.44132,12.61652,-12.7419,12.36467,0
-1.688677,-0.6413233,-9.38015,0.60486,0.2068671,-10,434.8062,500,-10,500,-10,-2.576115,-0.7657937,33.98262,-13.49361,12.66297,-12.77882,12.40742,0
-1.43186,-1.369474,-9.574465,0.4757089,0.3578044,-10,434.5212,500,-10,500,-10,-2.653785,-0.8206142,34.10043,-13.55239,12.71517,-12.81766,12.45283,0
-1.081974,-2.258344,-10.07218,0.3064162,0.4618989,-10,434.2349,500,-10,500,-10,-2.746376,-0.8694643,34.23043,-13.61791,12.7739,-12.85985,12.50183,0
-0.05411968,-2.088403,-9.741491,0.07069886,0.5315837,-10,433.9474,500,-10,500,-10,-2.855637,-0.9104123,34.37397,-13.69099,12.84055,-12.9057,12.55411,0
1.035388,-1.921428,-9.336031,-0.1826658,0.5203878,-10,433.6587,500,-10,500,-10,-2.981707,-0.9407634,34.53124,-13.7712,12.91408,-12.95582,12.61089,0
1.871008,-1.543439,-9.329349,-0.4496059,0.4785072,-10,433.3688,500,-10,500,-10,-3.122199,-0.9581852,34.69975,-13.8565,12.99402,-13.01014,12.67057,0
1.824196,-1.580637,-9.90277,-0.6391004,0.3553926,-10,433.0777,500,-10,500,-10,-3.270844,-0.9604027,34.87404,-13.94301,13.07598,-13.06805,12.73304,0
2.175243,-0.6712951,-9.994665,-0.7714633,0.2201085,-10,432.7854,500,-10,500,-10,-3.418966,-0.9463848,35.04613,-14.02654,13.15707,-13.12711,12.79454,0
2.084859,-0.0536278,-10.23628,-0.7556451,0.01702679,-10,432.4919,500,-10,500,-10,-3.557119,-0.9164148,35.2078,-14.10213,13.23123,-13.18548,12.85433,0
1.982814,0.9160941,-9.930511,-0.6566668,-0.1800406,-10,432.1971,500,-10,500,-10,-3.678337,-0.8721173,35.35318,-14.16734,13.29742,-13.24073,12.90861,0
2.065264,2.210734,-9.062171,-0.4724979,-0.3389577,-10,431.9006,500,-10,500,-10,-3.779614,-0.816186,35.48019,-14.22096,13.35469,-13.29235,12.95657,0
0.8159126,2.21301,-9.71551,-0.2228305,-0.4726825,-10,431.6029,500,-10,500,-10,-3.861172,-0.7514631,35.58993,-14.26416,13.40349,-13.34007,12.9987,0
0.007586938,2.142228,-9.80815,0.067752,-0.5463239,-10,431.3041,500,-10,500,-10,-3.924839,-0.6804056,35.68506,-14.29839,13.44564,-13.38467,13.03538,0
-0.6668769,2.237712,-9.620041,0.3469531,-0.5777026,-10,431.0042,500,-10,500,-10,-3.973362,-0.6049702,35.76868,-14.32634,13.48313,-13.42601,13.06717,0
-1.701286,1.604692,-10.03865,0.5679325,-0.5049156,-10,430.703,500,-10,500,-10,-4.009792,-0.5269411,35.84408,-14.34979,13.51888,-13.46503,13.0939,0
-2.123348,1.18949,-9.870113,0.7768856,-0.4130388,-10,430.4007,500,-10,500,-10,-4.036258,-0.4474204,35.91371,-14.36992,13.55226,-13.50259,13.11822,0
-2.473724,0.1693151,-9.829003,0.8598257,-0.2626096,-10,430.0973,500,-10,500,-10,-4.054947,-0.3672327,35.97953,-14.3896,13.58647,-13.53745,13.13854,0
-2.292591,-0.7171108,-9.760715,0.8378512,-0.07887812,-10,429.7927,500,-10,500,-10,-4.068077,-0.2871344,36.04329,-14.4095,13.62167,-13.57038,13.15617,0
-1.76058,-1.156741,-9.345051,0.7270005,0.09736787,-10,429.4864,500,-10,500,-10,-4.07684,-0.2073443,36.10587,-14.43027,13.65756,-13.60147,13.17213,0
-1.230388,-1.881749,-9.473828,0.5437102,0.2234075,-10,429.1788,500,-10,500,-10,-4.082363,-0.1279452,36.16785,-14.45242,13.69366,-13.63067,13.18738,0
-0.8321007,-2.478763,-10.03962,0.2721626,0.3128583,-10,428.8701,500,-10,500,-10,-4.085395,-0.04879261,36.22947,-14.4762,13.73057,-13.65795,13.20153,0
0.5843022,-2.251197,-9.150969,-0.02352012,0.3443719,-10,428.5602,500,-10,500,-10,-4.086549,0.03021163,36.29097,-14.50089,13.7671,-13.68421,13.21596,0
1.245087,-2.202728,-9.634514,-0.3468708,0.3168777,-10,428.2492,500,-10,500,-10,-4.086106,0.1093427,36.35234,-14.52657,13.80334,-13.70939,13.23058,0
1.947945,-1.960019,-9.790977,-0.663077,0.2504897,-10,427.937,500,-10,500,-10,-4.083931,0.1887474,36.41377,-14.55233,13.83895,-13.73453,13.24587,0
2.603369,-1.026519,-9.462934,-0.8468122,0.09672763,-10,427.6237,500,-10,500,-10,-4.079185,0.2687519,36.47519,-14.57669,13.87134,-13.76106,13.26437,0
2.977509,0.201274,-9.390448,-0.9676115,-0.06899027,-10,427.3093,500,-10,500,-10,-4.070887,0.3494497,36.53688,-14.59997,13.90254,-13.7889,13.28429,0
2.459394,0.7021175,-9.816989,-0.9799259,-0.2392588,-10,426.9935,500,-10,500,-10,-4.05792,0.4305639,36.59972,-14.62163,13.93215,-13.81931,13.30674,0
2.518864,1.726728,-9.401572,-0.8541043,-0.3962787,-10,426.676,500,-10,500,-10,-4.038429,0.5117967,36.66472,-14.64129,13.96017,-13.85351,13.33258,0
1.571603,2.310223,-9.496732,-0.6704081,-0.5030688,-10,426.3575,500,-10,500,-10,-4.010674,0.592507,36.73355,-14.66054,13.98894,-13.89129,13.36084,0
0.7561964,2.705515,-9.580501,-0.4175135,-0.5426226,-10,426.0378,500,-10,500,-10,-3.972374,0.6717288,36.8085,-14.67988,14.01925,-13.93405,13.39264,0
-0.6200147,2.201718,-10.1276,-0.1199294,-0.5261876,-10,425.717,500,-10,500,-10,-3.920833,0.7483367,36.8923,-14.7009,14.05231,-13.98246,13.42902,0
-1.513639,2.077644,-10.04052,0.1866353,-0.4337937,-10,425.3951,500,-10,500,-10,-3.852842,0.8207583,36.98839,-14.72532,14.0901,-14.03765,13.47083,0
-1.964034,1.723699,-9.78328,0.4815316,-0.3060532,-10,425.072,500,-10,500,-10,-3.765252,0.8870258,37.10054,-14.75541,14.1337,-14.1005,13.52016,0
-2.124212,1.147258,-9.285483,0.7150146,-0.1318823,-10,424.7478,500,-10,500,-10,-3.655008,0.9446836,37.23245,-14.79341,14.18554,-14.1718,13.57763,0
-3.194556,-0.5214643,-10.29001,0.786956,0.08675698,-10,424.4224,500,-10,500,-10,-3.521031,0.9906058,37.38672,-14.84223,14.248,-14.25081,13.643,0
-2.857198,-1.228073,-9.993231,0.7594193,0.3274142,-10,424.0954,500,-10,500,-10,-3.365232,1.021522,37.56258,-14.901,14.31929,-14.33776,13.71742,0
-2.042056,-2.002884,-9.72708,0.6340049,0.5297798,-10,423.7671,500,-10,500,-10,-3.194678,1.034827,37.75392,-14.96837,14.39631,-14.42892,13.79894,0
-1.371917,-2.664643,-9.822899,0.4324108,0.6784535,-10,423.4377,500,-10,500,-10,-3.021493,1.029278,37.94961,-15.04034,14.47432,-14.5191,13.88307,0
-0.3839403,-2.80287,-9.626199,0.1615344,0.7481866,-10,423.1071,500,-10,500,-10,-2.858843,1.00586,38.13717,-15.11268,14.54842,-14.60217,13.96439,0
0.472876,-3.036436,-9.771153,-0.140175,0.7471052,-10,422.7754,500,-10,500,-10,-2.716221,0.9672023,38.30766,-15.18143,14.61495,-14.67469,14.03913,0
1.636178,-2.385707,-9.572153,-0.4348985,0.6815163,-10,422.4426,500,-10,500,-10,-2.59713,0.9167804,38.4578,-15.24456,14.67241,-14.73595,14.10606,0
2.58932,-1.337069,-9.291853,-0.6785288,0.5347653,-10,422.1086,500,-10,500,-10,-2.500468,0.8579492,38.58876,-15.30193,14.72041,-14.78709,14.16657,0
3.058279,-0.6365831,-9.322565,-0.8454463,0.3352428,-10,421.7736,500,-10,500,-10,-2.422731,0.7933787,38.70371,-15.35343,14.7604,-14.83085,14.22184,0
2.909703,0.2840082,-9.619184,-0.9006451,0.1188869,-10,421.4372,500,-10,500,-10,-2.359878,0.7249264,38.80606,-15.39924,14.79345,-14.86984,14.27358,0
2.553094,0.9674887,-9.616819,-0.7941783,-0.1320331,-10,421.0992,500,-10,500,-10,-2.307814,0.6539126,38.8988,-15.43961,14.81965,-14.90631,14.32423,0
2.027334,2.016933,-9.514718,-0.6142174,-0.3372055,-10,420.76,500,-10,500,-10,-2.263774,0.5809361,38.98394,-15.47577,14.84214,-14.9407,14.37229,0
1.19176,2.585275,-9.434151,-0.3581583,-0.4879774,-10,420.4196,500,-10,500,-10,-2.225874,0.5061806,39.06273,-15.50798,14.8614,-14.97378,14.41832,0
0.4032429,2.968274,-9.312762,-0.0688768,-0.5372316,-10,420.0782,500,-10,500,-10,-2.193088,0.4294655,39.13564,-15.53658,14.87882,-15.00559,14.4613,0
-0.5880008,2.799025,-9.431551,0.2811893,-0.5561516,-10,419.7355,500,-10,500,-10,-2.163977,0.3509262,39.20348,-15.56216,14.89342,-15.03622,14.50292,0
-1.694268,2.09821,-9.697886,0.6011363,-0.4832173,-10,419.3917,500,-10,500,-10,-2.13821,0.2703586,39.26641,-15.58563,14.90746,-15.06489,14.54102,0
-2.417606,1.237735,-9.564957,0.8598408,-0.3422396,-10,419.0468,500,-10,500,-10,-2.115636,0.1876977,39.3247,-15.60808,14.92132,-15.09074,14.57546,0
-2.556775,0.4703868,-9.286868,1.039582,-0.1632292,-10,418.7007,500,-10,500,-10,-2.09656,0.1029173,39.37859,-15.62997,14.93505,-15.1135,14.60638,0
-2.849394,-0.5059719,-9.507442,1.079325,0.0355069,-10,418.3528,500,-10,500,-10,-2.081569,0.01623113,39.42868,-15.65294,14.94984,-15.13205,14.6331,0
-2.327465,-1.582827,-9.440365,0.9922432,0.2381941,-10,418.0038,500,-10,500,-10,-2.07151,-0.07213618,39.47562,-15.68103,14.96712,-15.14284,14.65471,0
-1.799571,-2.400456,-9.497528,0.7914537,0.3998471,-10,417.6535,500,-10,500,-10,-2.067107,-0.1617135,39.52051,-15.70766,14.98396,-15.15341,14.67507,0
-0.766984,-2.541711,-9.351377,0.4922917,0.4926366,-10,417.3021,500,-10,500,-10,-2.069365,-0.2519388,39.56473,-15.73688,15.00168,-15.16083,14.69398,0
0.0655429,-2.995534,-9.271211,0.1699196,0.5001436,-10,416.9495,500,-10,500,-10,-2.079025,-0.3421437,39.60998,-15.76836,15.01966,-15.16684,14.7135,0
0.9770736,-2.970164,-9.797712,-0.2311276,0.4771554,-10,416.5956,500,-10,500,-10,-2.097333,-0.4317546,39.65788,-15.8031,15.04023,-15.17179,14.73262,0
2.157325,-2.361552,-9.328042,-0.555945,0.3614919,-10,416.2406,500,-10,500,-10,-2.125186,-0.5199459,39.71062,-15.84003,15.06107,-15.17856,14.75548,0
2.735966,-1.46559,-9.572555,-0.82759,0.1876277,-10,415.8845,500,-10,500,-10,-2.163696,-0.6057882,39.77065,-15.88009,15.084,-15.18824,14.78228,0
2.611339,-0.9634784,-10.04146,-0.9749531,-0.04347524,-10,415.5269,500,-10,500,-10,-2.214193,-0.6882257,39.84064,-15.9232,15.10919,-15.20312,14.81509,0
2.9176,0.3705065,-9.638014,-0.9945526,-0.2997333,-10,415.1677,500,-10,500,-10,-2.278125,-0.7659461,39.92363,-15.97016,15.13834,-15.22493,14.85471,0
2.51858,1.780383,-9.55445,-0.9104685,-0.522783,-10,414.8073,500,-10,500,-10,-2.357214,-0.8376821,40.02238,-16.02183,15.17383,-15.25508,14.90104,0
1.849262,2.638262,-9.516156,-0.7145668,-0.6880838,-10,414.4457,500,-10,500,-10,-2.453135,-0.9021028,40.13935,-16.0788,15.21699,-15.29503,14.9548,0
0.3905813,2.652536,-10.06058,-0.4562585,-0.7775521,-10,414.0828,500,-10,500,-10,-2.567312,-0.957603,40.27669,-16.14257,15.26988,-15.34506,15.01572,0
0.02334193,3.275039,-9.182261,-0.1008935,-0.7987695,-10,413.7187,500,-10,500,-10,-2.700004,-1.002449,40.43538,-16.21297,15.33231,-15.40615,15.08477,0
-1.245557,2.705613,-9.448132,0.2355569,-0.7264841,-10,413.3534,500,-10,500,-10,-2.84985,-1.035041,40.61411,-16.29101,15.40598,-15.4762,15.15919,0
-2.507471,1.807657,-9.901451,0.5384771,-0.5880044,-10,412.9869,500,-10,500,-10,-3.01292,-1.053984,40.80864,-16.37533,15.48887,-15.55307,15.23748,0
-2.521591,1.268745,-9.180294,0.7821035,-0.3748834,-10,412.619,500,-10,500,-10,-3.182283,-1.058428,41.01166,-16.46295,15.57821,-15.63367,15.31636,0
-2.727731,0.3411214,-9.153937,0.9007495,-0.1073022,-10,412.2496,500,-10,500,-10,-3.349582,-1.048468,41.21402,-16.55096,15.67081,-15.71334,15.39144,0
-3.071916,-1.094913,-9.693088,0.8977299,0.1554683,-10,411.8788,500,-10,500,-10,-3.507211,-1.024841,41.40708,-16.63601,15.76201,-15.78825,15.4602,0
-2.561274,-2.067725,-9.615791,0.8036798,0.3885974,-10,411.5067,500,-10,500,-10,-3.649682,-0.988827,41.58449,-16.71494,15.84811,-15.85632,15.52111,0
-1.569277,-2.812453,-9.351595,0.5627657,0.6016003,-10,411.1332,500,-10,500,-10,-3.774908,-0.9421632,41.74315,-16.78721,15.92871,-15.91551,15.57197,0
-0.5624859,-3.191734,-9.428471,0.2740058,0.7152292,-10,410.7585,500,-10,500,-10,-3.882675,-0.8862283,41.88216,-16.85168,16.00078,-15.96623,15.61508,0
0.2137508,-3.240856,-9.753499,-0.08619548,0.7569861,-10,410.3825,500,-10,500,-10,-3.974483,-0.8224145,42.00235,-16.90887,16.06534,-16.00862,15.6501,0
1.544553,-2.791259,-9.516212,-0.442544,0.7143979,-10,410.0051,500,-10,500,-10,-4.052227,-0.7518997,42.10533,-16.95848,16.12165,-16.04434,15.67912,0
2.638561,-2.153131,-9.157578,-0.7780895,0.6097113,-10,409.6265,500,-10,500,-10,-4.117862,-0.675718,42.19304,-17.00093,16.17048,-16.07457,15.70298,0
2.704728,-1.467181,-9.896003,-0.9889374,0.407873,-10,409.2464,500,-10,500,-10,-4.172489,-0.5946248,42.2672,-17.03575,16.21038,-16.1012,15.72453,0
3.560652,0.1482477,-9.308368,-1.083191,0.1728303,-10,408.8647,500,-10,500,-10,-4.217012,-0.509438,42.32972,-17.06314,16.24295,-16.1256,15.74375,0
3.198057,0.9366627,-9.558634,-1.053583,-0.08101546,-10,408.4816,500,-10,500,-10,-4.252388,-0.4209422,42.38252,-17.08376,16.26901,-16.14874,15.76144,0
2.658666,1.979466,-9.441982,-0.9082809,-0.29979,-10,408.0971,500,-10,500,-10,-4.279467,-0.3299632,42.42772,-17.09812,16.29015,-16.17183,15.77777,0
1.88257,2.575257,-9.270445,-0.648969,-0.4847818,-10,407.7113,500,-10,500,-10,-4.298571,-0.2371532,42.46715,-17.1071,16.30707,-16.19552,15.7935,0
0.5441431,2.877819,-9.701242,-0.3152412,-0.5905323,-10,407.3241,500,-10,500,-10,-4.310046,-0.1432019,42.50278,-17.11176,16.32176,-16.22038,15.80834,0
-0.2294978,3.048957,-9.457387,0.08339491,-0.6180754,-10,406.9355,500,-10,500,-10,-4.314191,-0.04874926,42.53652,-17.11317,16.33509,-16.24693,15.82297,0
-1.474865,2.946084,-9.474388,0.4727308,-0.5772677,-10,406.5454,500,-10,500,-10,-4.311103,0.0457232,42.56995,-17.11341,16.34885,-16.2744,15.83692,0
-2.177433,2.072575,-9.355104,0.7844339,-0.4358083,-10,406.154,500,-10,500,-10,-4.301442,0.1395526,42.60503,-17.11419,16.36535,-16.30268,15.84949,0
-3.214334,0.8425534,-9.549589,1.011534,-0.2397968,-10,405.7609,500,-10,500,-10,-4.285495,0.2322658,42.64323,-17.11691,16.38483,-16.33161,15.86164,0
-2.918895,0.2957186,-8.949594,1.122732,0.009565144,-10,405.3663,500,-10,500,-10,-4.263524,0.3232958,42.6861,-17.12277,16.40841,-16.36127,15.87359,0
-2.982894,-0.9970375,-9.197151,1.118949,0.249499,-10,404.9702,500,-10,500,-10,-4.235586,0.4122829,42.73472,-17.13296,16.43577,-16.39138,15.88652,0
-2.544068,-2.254449,-9.733451,0.9691029,0.4760413,-10,404.5727,500,-10,500,-10,-4.201878,0.4988079,42.79027,-17.14859,16.46786,-16.42177,15.90045,0
-1.830485,-3.306034,-10.0502,0.7079589,0.6456008,-10,404.1737,500,-10,500,-10,-4.162433,0.5825707,42.8537,-17.17002,16.50402,-16.4529,15.91686,0
-0.361992,-2.991026,-9.086666,0.3624796,0.7479181,-10,403.7733,500,-10,500,-10,-4.116881,0.6633602,42.92591,-17.19727,16.54401,-16.48547,15.93669,0
0.7042515,-3.116538,-9.129274,0.003630931,0.7611604,-10,403.3713,500,-10,500,-10,-4.064178,0.7410907,43.00772,-17.2297,16.5867,-16.52084,15.96179,0
1.494211,-3.175086,-9.684243,-0.3829548,0.6767845,-10,402.9678,500,-10,500,-10,-4.003081,0.8155627,43.10043,-17.26813,16.63275,-16.55923,15.99256,0
2.565619,-2.241128,-9.226148,-0.714218,0.5125207,-10,402.5627,500,-10,500,-10,-3.931466,0.8866109,43.20559,-17.31149,16.68154,-16.603,16.0309,0
3.076082,-1.312356,-9.340362,-0.9518647,0.2860846,-10,402.1561,500,-10,500,-10,-3.845939,0.9536766,43.32577,-17.35982,16.7336,-16.65425,16.07842,0
3.320517,-0.103799,-9.388755,-1.069893,0.005114356,-10,401.7477,500,-10,500,-10,-3.742002,1.015904,43.46436,-17.41376,16.78971,-16.71513,16.13714,0
3.093927,1.081926,-9.692442,-1.05516,-0.2743871,-10,401.3379,500,-10,500,-10,-3.61387,1.07155,43.62607,-17.47416,16.85196,-16.78872,16.20889,0
2.791965,1.993311,-9.24449,-0.8918384,-0.5342826,-10,400.9264,500,-10,500,-10,-3.455384,1.11785,43.8159,-17.54229,16.92204,-16.87789,16.29611,0
1.49511,2.357767,-9.685062,-0.6716802,-0.7174825,-10,400.5134,500,-10,500,-10,-3.263382,1.150725,44.03645,-17.61994,17.00294,-16.98299,16.39795,0
0.9378781,3.343678,-9.233072,-0.3638144,-0.8221088,-10,400.0988,500,-10,500,-10,-3.042787,1.165355,44.28231,-17.70451,17.09184,-17.10214,16.51276,0
-0.596308,3.156821,-9.617205,-0.003967719,-0.851255,-10,399.6826,500,-10,500,-10,-2.811041,1.158009,44.53546,-17.7901,17.18209,-17.2263,16.63228,0
-1.431797,2.880375,-9.481546,0.3548213,-0.778915,-10,399.2648,500,-10,500,-10,-2.593697,1.127699,44.77027,-17.8684,17.26481,-17.34256,16.74411,0
-2.09799,2.471955,-9.271775,0.6705464,-0.6135386,-10,398.8453,500,-10,500,-10,-2.410786,1.076977,44.96706,-17.93359,17.33317,-17.44043,16.83881,0
-2.892988,1.315284,-9.327607,0.8948086,-0.3775845,-10,398.424,500,-10,500,-10,-2.268014,1.010571,45.12073,-17.98514,17.38614,-17.51621,16.91317,0
-3.113272,0.1314008,-9.296999,1.041817,-0.1186064,-10,398.0011,500,-10,500,-10,-2.160553,0.9332194,45.23679,-18.02526,17.42545,-17.57225,16.97003,0
-3.304596,-1.354732,-9.612673,1.038961,0.1517699,-10,397.5765,500,-10,500,-10,-2.081206,0.8484407,45.32366,-18.05827,17.45576,-17.61123,17.0117,0
-2.320086,-1.855761,-9.27011,0.9298251,0.3903811,-10,397.1503,500,-10,500,-10,-2.022982,0.758805,45.38944,-18.08663,17.47918,-17.63737,17.04278,0
-1.716497,-2.93513,-9.463106,0.6803785,0.5748267,-10,396.7223,500,-10,500,-10,-1.981085,0.6660482,45.44052,-18.11337,17.49868,-17.65295,17.06561,0
-0.8635193,-3.312932,-9.472228,0.3538637,0.699808,-10,396.2927,500,-10,500,-10,-1.951913,0.5713537,45.48171,-18.1391,17.51508,-17.66135,17.08333,0
0.08581454,-3.334541,-9.679711,-0.009837268,0.7382947,-10,395.8614,500,-10,500,-10,-1.932804,0.4755813,45.51665,-18.16468,17.52888,-17.66473,17.09848,0
1.35645,-3.064698,-9.372792,-0.3743543,0.7056511,-10,395.4282,500,-10,500,-10,-1.921759,0.3793771,45.54819,-18.19027,17.5408,-17.66526,17.11269,0
2.323796,-2.247157,-9.238723,-0.7117466,0.5784782,-10,394.9933,500,-10,500,-10,-1.917471,0.2832588,45.5785,-18.21643,17.551,-17.66422,17.12761,0
2.975792,-1.752778,-9.443532,-0.9643489,0.3820853,-10,394.5566,500,-10,500,-10,-1.918576,0.187676,45.60938,-18.24244,17.55949,-17.6638,17.1447,0
3.313164,-0.7135659,-9.595106,-1.100677,0.1235152,-10,394.1182,500,-10,500,-10,-1.923962,0.09298332,45.64214,-18.26809,17.56632,-17.66529,17.16502,0
2.978949,0.426322,-9.71473,-1.124147,-0.1539294,-10,393.6779,500,-10,500,-10,-1.932709,-0.0005537125,45.6777,-18.29329,17.57242,-17.66956,17.18838,0
3.067965,1.655791,-9.330622,-1.007233,-0.4224816,-10,393.2359,500,-10,500,-10,-1.944026,-0.09277645,45.71663,-18.3174,17.57786,-17.6777,17.2152,0
1.954592,2.359651,-9.88628,-0.8154165,-0.6281795,-10,392.7921,500,-10,500,-10,-1.957598,-0.1837247,45.75896,-18.34093,17.58435,-17.68924,17.24379,0
0.947963,2.831585,-9.718982,-0.5062603,-0.7706415,-10,392.3465,500,-10,500,-10,-1.972749,-0.2734669,45.80472,-18.36313,17.59113,-17.70497,17.27492,0
0.07326281,3.159078,-9.75265,-0.1467446,-0.8336869,-10,391.8991,500,-10,500,-10,-1.989359,-0.3621781,45.8538,-18.38489,17.59946,-17.72387,17.30726,0
-0.9780392,2.981554,-9.554605,0.2027804,-0.8067317,-10,391.4498,500,-10,500,-10,-2.007739,-0.4501,45.906,-18.40709,17.6104,-17.74492,17.33958,0
-1.89188,2.546368,-9.367021,0.5521102,-0.7094154,-10,390.9986,500,-10,500,-10,-2.028108,-0.5373997,45.96147,-18.42986,17.6236,-17.76812,17.37234,0
-2.521306,1.85469,-9.172851,0.8273335,-0.536305,-10,390.5455,500,-10,500,-10,-2.051573,-0.6243522,46.02024,-18.45447,17.64043,-17.7922,17.4042,0
-3.209018,0.4447695,-9.869855,1.020947,-0.3145502,-10,390.0906,500,-10,500,-10,-2.079441,-0.7110391,46.08297,-18.48167,17.661,-17.81698,17.43561,0
-3.29217,-0.4696254,-9.688222,1.106392,-0.07088374,-10,389.6339,500,-10,500,-10,-2.113934,-0.7974104,46.15092,-18.51286,17.68615,-17.84209,17.46676,0
-2.357003,-0.8528802,-8.824699,1.041424,0.1875352,-10,389.1752,500,-10,500,-10,-2.158315,-0.883236,46.22626,-18.54984,17.71762,-17.86754,17.49773,0
-2.319565,-2.464652,-9.523516,0.8534794,0.4008445,-10,388.7146,500,-10,500,-10,-2.217482,-0.9677143,46.31324,-18.59468,17.75632,-17.89477,17.53109,0
-1.265881,-2.956101,-9.366445,0.5713462,0.5796241,-10,388.2522,500,-10,500,-10,-2.298372,-1.049751,46.41795,-18.64945,17.80482,-17.92675,17.56934,0
-0.5599328,-3.186106,-9.800715,0.2075183,0.7063237,-10,387.7878,500,-10,500,-10,-2.411414,-1.127378,46.55027,-18.71847,17.86737,-17.96737,17.61644,0
1.099462,-2.703383,-8.980088,-0.1379806,0.7329319,-10,387.3214,500,-10,500,-10,-2.571695,-1.196918,46.72576,-18.80734,17.94888,-18.02392,17.68034,0
1.349579,-3.264361,-9.941186,-0.4858953,0.6822759,-10,386.8531,500,-10,500,-10,-2.798441,-1.252457,46.96375,-18.92479,18.05865,-18.10366,17.76776,0
2.458474,-2.20158,-9.64059,-0.7907344,0.5778873,-10,386.3829,500,-10,500,-10,-3.102625,-1.285125,47.27548,-19.07527,18.20088,-18.21148,17.88383,0
2.88099,-1.377807,-9.701378,-1.037069,0.4241298,-10,385.9107,500,-10,500,-10,-3.454718,-1.284998,47.63211,-19.24624,18.3622,-18.33602,18.01801,0
3.615767,0.1384652,-9.161588,-1.118338,0.1840622,-10,385.4366,500,-10,500,-10,-3.774115,-1.248761,47.95423,-19.39983,18.5057,-18.44932,18.14142,0
3.013972,0.6201131,-9.495785,-1.097155,-0.06087565,-10,384.9605,500,-10,500,-10,-4.00514,-1.184834,48.18719,-19.50948,18.60963,-18.53271,18.23051,0
2.418076,1.529741,-9.645055,-0.9519176,-0.2980395,-10,384.4824,500,-10,500,-10,-4.155381,-1.104803,48.33984,-19.57799,18.6772,-18.59067,18.28942,0
1.909061,2.232116,-9.361734,-0.7293039,-0.501915,-10,384.0023,500,-10,500,-10,-4.251746,-1.016305,48.44001,-19.61901,18.72119,-18.63266,18.32845,0
1.168517,2.789765,-9.356915,-0.4582085,-0.6301883,-10,383.5203,500,-10,500,-10,-4.314891,-0.9234303,48.50907,-19.64286,18.75163,-18.66603,18.35522,0
0.5536944,3.190059,-9.240381,-0.131329,-0.6949763,-10,383.0363,500,-10,500,-10,-4.356608,-0.8282292,48.55972,-19.65574,18.77369,-18.69512,18.37513,0
-0.5152001,2.88119,-9.31657,0.2334004,-0.7020993,-10,382.5502,500,-10,500,-10,-4.383749,-0.7318231,48.59954,-19.66174,18.79084,-18.72212,18.39097,0
-1.614627,2.383961,-9.465649,0.5516092,-0.639653,-10,382.0622,500,-10,500,-10,-4.400942,-0.6349244,48.63337,-19.66455,18.80673,-18.74734,18.40312,0
-2.099739,1.632573,-9.352112,0.812247,-0.4938198,-10,381.5721,500,-10,500,-10,-4.411058,-0.5380154,48.66435,-19.66576,18.82305,-18.7718,18.41246,0
-3.077733,0.384511,-9.824185,0.9879667,-0.3178169,-10,381.08,500,-10,500,-10,-4.41613,-0.4413864,48.69436,-19.66743,18.84053,-18.79499,18.41985,0
-2.99349,-0.2884515,-9.783105,1.061625,-0.0901962,-10,380.586,500,-10,500,-10,-4.417798,-0.345284,48.72479,-19.67029,18.86029,-18.81735,18.4253,0
-2.986394,-1.398441,-10.00348,1.0264,0.1408172,-10,380.0899,500,-10,500,-10,-4.417277,-0.2498429,48.7564,-19.6754,18.88227,-18.83842,18.42951,0
-2.181708,-1.83313,-9.372455,0.8933877,0.3555188,-10,379.5918,500,-10,500,-10,-4.415246,-0.1550556,48.78936,-19.68293,18.90616,-18.85822,18.43294,0
-1.675483,-2.661604,-10.01568,0.6800339,0.5157236,-10,379.0917,500,-10,500,-10,-4.412242,-0.06084957,48.82367,-19.69301,18.93127,-18.87655,18.43625,0
-0.3761534,-2.352931,-9.062372,0.4270223,0.5921481,-10,378.5895,500,-10,500,-10,-4.408458,0.03297411,48.85888,-19.7051,18.95645,-18.89363,18.44025,0
0.5436593,-2.53244,-9.264346,0.1127548,0.6270587,-10,378.0853,500,-10,500,-10,-4.404462,0.1264959,48.89501,-19.71913,18.98257,-18.90954,18.44407,0
0.8827027,-2.875756,-9.897168,-0.1994325,0.5753812,-10,377.5791,500,-10,500,-10,-4.400063,0.219999,48.93147,-19.73422,19.00784,-18.92466,18.449,0
1.948781,-1.994554,-9.516252,-0.5185233,0.4806134,-10,377.0709,500,-10,500,-10,-4.395484,0.3135777,48.96829,-19.75006,19.03295,-18.93933,18.45441,0
2.379377,-1.646211,-9.655784,-0.7643974,0.3128892,-10,376.5607,500,-10,500,-10,-4.390258,0.4074583,49.00511,-19.76544,19.05606,-18.95446,18.4618,0
2.929874,-0.7614338,-9.561671,-0.9304398,0.1228014,-10,376.0485,500,-10,500,-10,-4.383744,0.501727,49.04202,-19.77966,19.07765,-18.97083,18.47079,0
2.995293,0.207625,-9.453048,-0.9877315,-0.1097551,-10,375.5341,500,-10,500,-10,-4.374841,0.5964943,49.07906,-19.79237,19.09693,-18.98881,18.4822,0
2.5601,0.7853645,-10.01581,-0.9635043,-0.3409763,-10,375.0178,500,-10,500,-10,-4.362495,0.691698,49.11697,-19.80383,19.11511,-19.00876,18.49544,0
1.900639,1.419566,-9.895392,-0.8417205,-0.5493939,-10,374.4995,500,-10,500,-10,-4.344994,0.7872506,49.15678,-19.8139,19.13246,-19.03168,18.51108,0
1.597589,2.247933,-9.645976,-0.6319677,-0.7232313,-10,373.9791,500,-10,500,-10,-4.319943,0.8828264,49.20079,-19.82352,19.15006,-19.05852,18.52994,0
0.912688,2.607785,-9.473133,-0.3540369,-0.8563367,-10,373.4567,500,-10,500,-10,-4.283706,0.9780835,49.25213,-19.8342,19.16939,-19.09039,18.55316,0
-0.01652213,2.874543,-9.61718,-0.07786144,-0.9109734,-10,372.9324,500,-10,500,-10,-4.230808,1.072335,49.31663,-19.84907,19.1941,-19.12895,18.58189,0
-0.6125724,2.784586,-9.298787,0.2199169,-0.8873738,-10,372.406,500,-10,500,-10,-4.150803,1.164369,49.40474,-19.87197,19.22751,-19.17907,18.62148,0
-1.502441,1.919752,-9.573731,0.4697377,-0.805359,-10,371.8777,500,-10,500,-10,-4.025043,1.252019,49.53582,-19.91208,19.27764,-19.24756,18.67996,0
-2.187029,1.415694,-9.790315,0.7059873,-0.7000985,-10,371.3473,500,-10,500,-10,-3.816443,1.33109,49.74704,-19.9839,19.3575,-19.35076,18.77512,0
-2.417042,0.9384704,-9.464501,0.831807,-0.5166353,-10,370.815,500,-10,500,-10,-3.454293,1.391672,50.10984,-20.11549,19.49763,-19.51978,18.9356,0
-2.62465,-0.1479703,-9.651937,0.8962755,-0.3056922,-10,370.2806,500,-10,500,-10,-2.880756,1.412821,50.68279,-20.32389,19.7228,-19.78612,19.18517,0
-2.471155,-0.7219484,-9.611453,0.839366,-0.06775632,-10,369.7444,500,-10,500,-10,-2.321075,1.374095,51.24125,-20.52112,19.94521,-20.05162,19.42549,0
-1.800663,-1.091512,-9.259514,0.7092817,0.1745851,-10,369.2061,500,-10,500,-10,-2.031676,1.294907,51.52946,-20.62292,20.05882,-20.18864,19.5507,0
-1.721158,-2.213228,-10.05712,0.5058934,0.3605844,-10,368.6659,500,-10,500,-10,-1.900573,1.202422,51.6605,-20.67389,20.1097,-20.24624,19.60839,0
-0.8676428,-2.354684,-9.68978,0.33245,0.4661284,-10,368.1238,500,-10,500,-10,-1.832657,1.105812,51.72973,-20.70511,20.13457,-20.27238,19.64088,0
0.02716321,-2.294138,-9.285339,0.03752129,0.5636382,-10,367.5797,500,-10,500,-10,-1.794509,1.00756,51.77153,-20.72977,20.15064,-20.28235,19.65944,0
0.4457828,-2.44352,-9.926834,-0.2150656,0.5859166,-10,367.0337,500,-10,500,-10,-1.771968,0.9086215,51.80023,-20.75053,20.16006,-20.28538,19.67381,0
1.441706,-2.035149,-9.51773,-0.478148,0.5674281,-10,366.4858,500,-10,500,-10,-1.758864,0.8094028,51.82232,-20.77002,20.16669,-20.28419,19.68547,0
1.274543,-2.569263,-10.71756,-0.7010315,0.4321019,-10,365.9359,500,-10,500,-10,-1.751348,0.7102193,51.84191,-20.78954,20.17045,-20.2809,19.69796,0
2.201189,-1.30281,-9.878943,-0.8517154,0.2612784,-10,365.3842,500,-10,500,-10,-1.747388,0.6112258,51.86095,-20.80827,20.17246,-20.27795,19.71172,0
2.814132,-0.384317,-9.404612,-0.9901737,0.09558274,-10,364.8306,500,-10,500,-10,-1.746109,0.51249,51.88033,-20.82706,20.17457,-20.27522,19.72566,0
2.435655,0.01987652,-9.751398,-1.033616,-0.0884534,-10,364.275,500,-10,500,-10,-1.746906,0.4140453,51.90044,-20.84487,20.17525,-20.27407,19.74165,0
2.353144,0.9389625,-9.720124,-1.001831,-0.2576026,-10,363.7177,500,-10,500,-10,-1.74894,0.3159322,51.92166,-20.86176,20.17533,-20.27476,19.75915,0
1.653532,1.302187,-10.05846,-0.8621262,-0.4513842,-10,363.1584,500,-10,500,-10,-1.751322,0.2181983,51.94432,-20.87769,20.17392,-20.27762,19.77934,0
1.413548,1.859566,-9.665438,-0.677043,-0.5716962,-10,362.5973,500,-10,500,-10,-1.753797,0.1207774,51.96813,-20.89248,20.17303,-20.28255,19.79996,0
0.9830961,2.360751,-9.436984,-0.4715815,-0.6543227,-10,362.0345,500,-10,500,-10,-1.756619,0.02356964,51.99268,-20.90683,20.17251,-20.28854,19.82082,0
0.034597,2.206252,-9.891896,-0.2058046,-0.7017574,-10,361.4698,500,-10,500,-10,-1.759229,-0.07346002,52.01796,-20.92006,20.17162,-20.29626,19.84266,0
-0.3502481,2.357673,-9.501655,0.04938347,-0.6700274,-10,360.9031,500,-10,500,-10,-1.761813,-0.1704602,52.04343,-20.93269,20.17182,-20.30474,19.86356,0
-1.477782,1.915438,-10.07784,0.3280341,-0.6157661,-10,360.3348,500,-10,500,-10,-1.764104,-0.2674824,52.06908,-20.94473,20.17185,-20.31393,19.88477,0
-1.771239,1.618296,-9.621231,0.5649742,-0.4872666,-10,359.7647,500,-10,500,-10,-1.76622,-0.3646681,52.09439,-20.95658,20.1732,-20.32307,19.90441,0
-2.102057,0.8992436,-9.67905,0.7394751,-0.3238053,-10,359.1927,500,-10,500,-10,-1.768486,-0.462089,52.11926,-20.96898,20.17573,-20.33127,19.92248,0
-2.223121,0.441438,-9.479306,0.8749095,-0.1555505,-10,358.6191,500,-10,500,-10,-1.771362,-0.5597843,52.1437,-20.98194,20.17875,-20.33856,19.93971,0
-2.788174,-0.5532279,-10.00767,0.8903186,0.03857761,-10,358.0437,500,-10,500,-10,-1.775608,-0.6577783,52.1678,-20.99665,20.18396,-20.34382,19.95447,0
-2.122209,-1.032337,-9.567856,0.8728925,0.2265561,-10,357.4666,500,-10,500,-10,-1.781832,-0.7560948,52.19173,-21.01211,20.18962,-20.3482,19.96864,0
-2.000845,-1.684459,-9.791128,0.8071732,0.3663799,-10,356.8877,500,-10,500,-10,-1.791185,-0.8545902,52.21684,-21.02958,20.19619,-20.35152,19.98287,0
-1.53752,-2.275511,-9.839619,0.6217242,0.510218,-10,356.3072,500,-10,500,-10,-1.805511,-0.9532091,52.24425,-21.05022,20.20608,-20.3536,19.9957,0
-0.6137978,-2.071707,-9.554805,0.3854409,0.6437697,-10,355.7249,500,-10,500,-10,-1.827355,-1.051869,52.27594,-21.07387,20.21896,-20.35621,20.00908,0
0.03846268,-2.377964,-9.739394,0.1815058,0.6822906,-10,355.1409,500,-10,500,-10,-1.861388,-1.150212,52.3173,-21.10228,20.23509,-20.36207,20.02721,0
0.3871783,-2.551353,-9.900805,-0.07161451,0.6694709,-10,354.5552,500,-10,500,-10,-1.917664,-1.24772,52.3782,-21.14048,20.26121,-20.37432,20.05155,0
1.541065,-1.85991,-9.298273,-0.3519419,0.6411745,-10,353.9679,500,-10,500,-10,-2.019022,-1.343338,52.4814,-21.19722,20.30835,-20.4031,20.08993,0
1.427446,-2.09742,-10.31479,-0.5745842,0.5288399,-10,353.3789,500,-10,500,-10,-2.233156,-1.434117,52.69471,-21.30028,20.40634,-20.47678,20.16868,0
2.253778,-1.031903,-9.703156,-0.7387066,0.3692251,-10,352.7882,500,-10,500,-10,-2.841691,-1.508306,53.30002,-21.57093,20.68117,-20.70769,20.3954,0
2.721173,-0.5859125,-9.361044,-0.8899219,0.2220976,-10,352.196,500,-10,500,-10,-4.581932,-1.503842,55.03431,-22.39534,21.42764,-21.3203,21.08595,0
2.336521,-0.08097404,-9.891813,-0.934634,0.03243665,-10,351.602,500,-10,500,-10,-4.708947,-1.404338,55.15239,-22.45232,21.48439,-21.36115,21.12704,0
2.333113,0.7155115,-9.660838,-0.9068025,-0.1847608,-10,351.0065,500,-10,500,-10,-4.712928,-1.304303,55.14716,-22.44537,21.4861,-21.36377,21.12101,0
2.605928,1.633017,-9.117445,-0.8466992,-0.3397377,-10,350.4093,500,-10,500,-10,-4.711648,-1.204269,55.13688,-22.43454,21.48578,-21.36608,21.1128,0
2.129275,2.208764,-9.179829,-0.7097046,-0.4856279,-10,349.8105,500,-10,500,-10,-4.708918,-1.104228,55.1258,-22.42181,21.48392,-21.36963,21.10548,0
1.477733,2.319896,-9.288479,-0.4677868,-0.6368194,-10,349.21,500,-10,500,-10,-4.704144,-1.004168,55.11438,-22.40705,21.48001,-21.37493,21.09992,0
0.973555,2.53609,-9.234332,-0.2732087,-0.70353,-10,348.6079,500,-10,500,-10,-4.69863,-0.9040728,55.10392,-22.39251,21.47823,-21.3808,21.09304,0
-0.2421417,2.213798,-9.727592,-0.03397954,-0.7168174,-10,348.0043,500,-10,500,-10,-4.692928,-0.8039438,55.09529,-22.3774,21.47701,-21.38877,21.08711,0
-0.5133494,2.456562,-9.312881,0.2089981,-0.6660879,-10,347.399,500,-10,500,-10,-4.686845,-0.7037913,55.08883,-22.36243,21.47728,-21.39838,21.08149,0
-1.483337,1.796486,-9.771496,0.4742515,-0.6077543,-10,346.7921,500,-10,500,-10,-4.679683,-0.6036245,55.08433,-22.34779,21.47797,-21.40929,21.07707,0
-2.330426,1.116979,-10.1284,0.6801852,-0.4735686,-10,346.1837,500,-10,500,-10,-4.672232,-0.5034767,55.08244,-22.33445,21.48151,-21.42106,21.07196,0
-2.596765,0.3992408,-10.26498,0.8204253,-0.3043801,-10,345.5737,500,-10,500,-10,-4.664722,-0.4033926,55.08345,-22.32312,21.48768,-21.43323,21.06663,0
-2.448927,-0.04869923,-9.803967,0.9488847,-0.1322894,-10,344.9621,500,-10,500,-10,-4.65667,-0.3033995,55.08699,-22.31306,21.49503,-21.44622,21.06221,0
-2.620795,-0.4684979,-9.720893,0.9479871,0.08113672,-10,344.3489,500,-10,500,-10,-4.648757,-0.2035505,55.09331,-22.30599,21.50611,-21.45852,21.05636,0
-2.0772,-1.012865,-9.43399,0.9252415,0.2579198,-10,343.734,500,-10,500,-10,-4.640939,-0.1038812,55.10228,-22.30091,21.51818,-21.47104,21.05173,0
-2.054896,-1.837452,-9.835032,0.843923,0.4036432,-10,343.1175,500,-10,500,-10,-4.633053,-0.004394287,55.11342,-22.29816,21.53172,-21.48302,21.04742,0
-1.689223,-2.44299,-9.995049,0.6493644,0.5484462,-10,342.4995,500,-10,500,-10,-4.625693,0.09488589,55.12675,-22.29836,21.54806,-21.49387,21.04213,0
-0.5672835,-2.044726,-9.440896,0.4124816,0.6892058,-10,341.8798,500,-10,500,-10,-4.619077,0.1939414,55.14234,-22.30041,21.566,-21.50473,21.03711,0
0.003320952,-2.419849,-9.672142,0.1990067,0.7362561,-10,341.2585,500,-10,500,-10,-4.612764,0.2928297,55.15955,-22.30387,21.58315,-21.51553,21.03422,0
0.9604202,-2.045433,-9.082769,-0.05769177,0.7369593,-10,340.6357,500,-10,500,-10,-4.606871,0.3916067,55.17793,-22.30914,21.60101,-21.52549,21.03158,0
1.279833,-2.145025,-9.529197,-0.3382236,0.6992279,-10,340.0113,500,-10,500,-10,-4.601516,0.4903179,55.19727,-22.31571,21.6193,-21.53496,21.02933,0
1.437385,-2.153898,-10.07563,-0.5683799,0.5914479,-10,339.3852,500,-10,500,-10,-4.596723,0.5890235,55.2173,-22.32252,21.63628,-21.54473,21.02894,0
2.198156,-1.366738,-9.677174,-0.7539982,0.4288026,-10,338.7574,500,-10,500,-10,-4.592179,0.6878199,55.23738,-22.3292,21.65199,-21.55469,21.02986,0
2.452255,-0.9367478,-9.717429,-0.8946171,0.2564477,-10,338.128,500,-10,500,-10,-4.5876,0.7867573,55.25732,-22.33512,21.66684,-21.56529,21.03153,0
2.285198,-0.2166033,-10.01735,-0.998863,0.07569198,-10,337.4969,500,-10,500,-10,-4.582755,0.885841,55.2774,-22.34052,21.68109,-21.57653,21.03392,0
2.69421,0.4750717,-9.636044,-0.9823361,-0.1530563,-10,336.8642,500,-10,500,-10,-4.576791,0.9851273,55.29738,-22.34424,21.69273,-21.58937,21.03884,0
2.530831,1.222483,-9.467397,-0.9530856,-0.3179976,-10,336.2297,500,-10,500,-10,-4.568757,1.084589,55.31815,-22.34723,21.70514,-21.60359,21.04363,0
1.961992,1.608739,-9.641305,-0.8658285,-0.4670705,-10,335.5937,500,-10,500,-10,-4.556603,1.184171,55.34159,-22.35003,21.71763,-21.62022,21.05057,0
1.579,2.12618,-9.599197,-0.6654746,-0.6118319,-10,334.9559,500,-10,500,-10,-4.536197,1.283835,55.37096,-22.35313,21.73016,-21.64145,21.06238,0
0.9720834,2.17779,-9.526577,-0.431405,-0.7408081,-10,334.3165,500,-10,500,-10,-4.497881,1.383474,55.41548,-22.36157,21.74726,-21.6699,21.08217,0
-0.06941281,2.035127,-10.0877,-0.2349432,-0.7805521,-10,333.6753,500,-10,500,-10,-4.400621,1.482565,55.5167,-22.39313,21.78502,-21.72222,21.12828,0
0.06386267,2.579373,-9.216966,0.0215147,-0.7742273,-10,333.0324,500,-10,500,-10,-4.064186,1.577914,55.85433,-22.53381,21.90622,-21.86129,21.28683,0
-0.8836012,2.14975,-9.594092,0.2612788,-0.718449,-10,332.3878,500,-10,500,-10,-10.94011,1.640082,48.97545,-20.01712,19.45683,-18.67821,18.03646,0
-1.277231,1.967511,-9.488642,0.525167,-0.6437647,-10,331.7413,500,-10,500,-10,-10.92796,1.740325,48.98291,-20.0064,19.46317,-18.69511,18.03631,0
-1.735145,1.356319,-9.384874,0.7597533,-0.5417683,-10,331.0931,500,-10,500,-10,-10.92685,1.840508,48.97674,-19.99001,19.46581,-18.70638,18.02854,0
-2.127837,0.9818417,-9.533093,0.916126,-0.4175428,-10,330.4431,500,-10,500,-10,-10.92628,1.940607,48.96811,-19.9735,19.46923,-18.71575,18.01798,0
-2.207352,0.096729,-9.544796,0.9745439,-0.2274214,-10,329.7913,500,-10,500,-10,-10.92649,2.04059,48.95719,-19.95681,19.47432,-18.72339,18.00384,0
-2.300532,-0.32726,-9.742035,0.9983759,-0.05530501,-10,329.1377,500,-10,500,-10,-10.92752,2.140449,48.94458,-19.94008,19.47929,-18.72967,17.98843,0
-2.189764,-1.104173,-9.828464,0.934639,0.1271747,-10,328.4823,500,-10,500,-10,-10.92901,2.240197,48.931,-19.92422,19.48561,-18.73428,17.97085,0
-1.855785,-1.506241,-9.941298,0.796853,0.3150318,-10,327.825,500,-10,500,-10,-10.93195,2.339829,48.91631,-19.90904,19.49302,-18.73728,17.95126,0
-1.385684,-1.898368,-9.806204,0.633428,0.4607541,-10,327.1659,500,-10,500,-10,-10.93554,2.439394,48.90141,-19.89463,19.50045,-18.73935,17.9315,0
-0.5195931,-2.039759,-9.29435,0.4355355,0.5475332,-10,326.5049,500,-10,500,-10,-10.93949,2.538942,48.88705,-19.88165,19.50812,-18.74043,17.91193,0
-0.3543588,-2.382919,-9.737594,0.1898606,0.6117263,-10,325.842,500,-10,500,-10,-10.94431,2.638497,48.87334,-19.87002,19.51674,-18.74071,17.89194,0
0.6993011,-1.995007,-9.318461,-0.08950019,0.6809393,-10,325.1773,500,-10,500,-10,-10.95062,2.738072,48.86014,-19.85913,19.52637,-18.74065,17.87137,0
0.3441447,-2.666185,-10.18371,-0.3233878,0.6398373,-10,324.5106,500,-10,500,-10,-10.95739,2.837733,48.84852,-19.8494,19.5347,-18.74076,17.85341,0
1.066739,-2.293261,-9.988181,-0.5689142,0.6026245,-10,323.8419,500,-10,500,-10,-10.96528,2.937474,48.83824,-19.84042,19.54393,-18.74121,17.83566,0
1.863473,-1.379553,-9.740573,-0.7687403,0.5357358,-10,323.1714,500,-10,500,-10,-10.97396,3.037311,48.82969,-19.83178,19.55284,-18.74278,17.81967,0
1.727112,-1.243437,-10.02847,-0.8913352,0.4151356,-10,322.499,500,-10,500,-10,-10.98306,3.137239,48.82321,-19.82333,19.56069,-18.74586,17.80645,0
2.156571,-0.9116254,-9.766999,-1.017622,0.2870606,-10,321.8245,500,-10,500,-10,-10.99269,3.237234,48.81897,-19.81602,19.56947,-18.74965,17.79416,0
2.503907,0.01559714,-9.617358,-1.050303,0.1198933,-10,321.1481,500,-10,500,-10,-11.00299,3.337267,48.81717,-19.80867,19.57723,-18.75551,17.78491,0
2.512005,0.4327096,-9.494726,-1.065509,-0.03738109,-10,320.4699,500,-10,500,-10,-11.01368,3.437295,48.81823,-19.8022,19.58593,-18.76285,17.77708,0
1.910585,0.5692593,-9.991157,-1.058617,-0.1624635,-10,319.7895,500,-10,500,-10,-11.02544,3.537282,48.82167,-19.79611,19.59562,-18.7718,17.77024,0
1.96463,1.212672,-9.657063,-0.9777371,-0.2771611,-10,319.1073,500,-10,500,-10,-11.03792,3.63718,48.82797,-19.78997,19.60531,-18.78316,17.76577,0
1.59371,1.433847,-9.560842,-0.8317931,-0.3904628,-10,318.423,500,-10,500,-10,-11.05122,3.736948,48.8373,-19.78413,19.61511,-18.79673,17.76371,0
0.923499,1.345444,-10.23507,-0.6880767,-0.4788499,-10,317.7367,500,-10,500,-10,-11.06586,3.836541,48.85009,-19.77971,19.62661,-18.81174,17.76281,0
0.3419938,1.497279,-10.15656,-0.479623,-0.5468301,-10,317.0485,500,-10,500,-10,-11.08219,3.935912,48.86691,-19.77593,19.63883,-18.82946,17.76452,0
0.1447351,1.696236,-9.856275,-0.3303244,-0.511199,-10,316.3582,500,-10,500,-10,-11.10099,4.035063,48.88778,-19.77402,19.65489,-18.84867,17.76575,0
-0.1576952,1.626114,-9.848125,-0.1200561,-0.497773,-10,315.666,500,-10,500,-10,-11.12355,4.133946,48.91401,-19.77406,19.67188,-18.87036,17.7705,0
-1.182718,0.9577054,-10.36658,0.08794163,-0.4695462,-10,314.9718,500,-10,500,-10,-11.15247,4.232441,48.94855,-19.77829,19.69252,-18.89475,17.77848,0
-0.6593919,1.430723,-9.514404,0.2847246,-0.4121986,-10,314.2756,500,-10,500,-10,-11.19238,4.330412,48.99568,-19.78904,19.719,-18.92305,17.79105,0
-1.475705,0.9802842,-9.993958,0.4682542,-0.340685,-10,313.5775,500,-10,500,-10,-11.25383,4.427499,49.06583,-19.81218,19.75576,-18.95804,17.81241,0
-1.565296,0.5708226,-9.915721,0.644045,-0.2587976,-10,312.8774,500,-10,500,-10,-11.36335,4.522839,49.18545,-19.86202,19.81441,-19.00731,17.85287,0
-1.189813,0.583399,-9.427977,0.7514574,-0.1724881,-10,312.1753,500,-10,500,-10,-11.61732,4.613472,49.45025,-19.99174,19.94005,-19.09701,17.94666,0
-1.707152,-0.1132484,-9.933242,0.7927074,-0.06520237,-10,311.4712,500,-10,500,-10,-12.61347,4.683537,50.45699,-20.50795,20.43958,-19.41497,18.28129,0
-1.308228,-0.1228936,-9.353897,0.7883106,0.0671941,-10,310.7651,500,-10,500,-10,-14.04929,4.633093,51.90144,-21.17683,21.20638,-19.94295,18.71136,0
-1.278002,-0.4755692,-9.450546,0.7704258,0.1769026,-10,310.0571,500,-10,500,-10,-14.12385,4.533356,51.9842,-21.21486,21.24598,-19.97349,18.74032,0
-0.9324158,-0.7412303,-9.553561,0.715124,0.2720988,-10,309.3472,500,-10,500,-10,-14.13396,4.433352,52.00211,-21.22669,21.25201,-19.97649,18.74914,0
-0.5885344,-0.8955364,-9.281239,0.6063578,0.3554615,-10,308.6353,500,-10,500,-10,-14.13904,4.333323,52.01421,-21.23722,21.25578,-19.97598,18.75538,0
-0.7402737,-1.276948,-9.61872,0.4963572,0.4173358,-10,307.9216,500,-10,500,-10,-14.12845,4.228965,52.02396,-21.24662,21.25701,-19.97467,18.76224,0
-0.8954285,-1.816488,-10.34794,0.37376,0.4627762,-10,307.2059,500,-10,500,-10,-14.13383,4.128966,52.03489,-21.25745,21.26002,-19.97289,18.76829,0
-0.3495602,-1.610801,-9.954796,0.2147808,0.5172234,-10,306.4883,500,-10,500,-10,-14.13877,4.028942,52.04417,-21.26822,21.26292,-19.96982,18.77308,0
0.09967791,-1.394491,-9.724382,0.05773826,0.5636898,-10,305.7688,500,-10,500,-10,-14.14392,3.928892,52.05232,-21.27866,21.26515,-19.96613,18.77759,0
0.26951,-1.546111,-10.05615,-0.05576881,0.5479739,-10,305.0475,500,-10,500,-10,-14.14873,3.828816,52.059,-21.28855,21.26521,-19.96178,18.78307,0
0.7230071,-1.346888,-9.767707,-0.1547777,0.4830174,-10,304.3243,500,-10,500,-10,-14.15289,3.728726,52.0638,-21.29806,21.26352,-19.95624,18.78874,0
0.8730274,-1.24982,-9.814811,-0.288873,0.4286287,-10,303.5992,500,-10,500,-10,-14.1571,3.62863,52.06709,-21.30754,21.26181,-19.94949,18.79318,0
0.9255989,-1.347872,-10.30975,-0.4353704,0.3738277,-10,302.8722,500,-10,500,-10,-14.16192,3.528535,52.06915,-21.31686,21.25972,-19.94187,18.79696,0
1.73374,-0.6235479,-9.518747,-0.5620342,0.2971532,-10,302.1434,500,-10,500,-10,-14.1674,3.428451,52.06981,-21.32566,21.25641,-19.93362,18.80083,0
1.505787,-0.5245901,-9.728765,-0.6591913,0.2059299,-10,301.4128,500,-10,500,-10,-14.17349,3.328393,52.06896,-21.33365,21.25171,-19.92493,18.80482,0
1.191133,-0.5350401,-10.25752,-0.6955234,0.0999185,-10,300.6804,500,-10,500,-10,-14.17992,3.22838,52.06648,-21.34024,21.24503,-19.91628,18.80945,0
1.982284,0.294248,-9.406707,-0.6937982,-0.02099946,-10,299.9461,500,-10,500,-10,-14.18653,3.128437,52.06221,-21.34576,21.23667,-19.90723,18.81428,0
1.803241,0.2635963,-9.620163,-0.710978,-0.1495106,-10,299.2101,500,-10,500,-10,-14.19377,3.02859,52.05598,-21.35106,21.2276,-19.89676,18.81817,0
1.813594,0.5656033,-9.565086,-0.7295393,-0.2617617,-10,298.4723,500,-10,500,-10,-14.20209,2.928861,52.04778,-21.3556,21.21784,-19.88542,18.82114,0
1.332161,0.6144214,-10.0109,-0.7126439,-0.368035,-10,297.7327,500,-10,500,-10,-14.21165,2.829276,52.03745,-21.35883,21.20657,-19.87364,18.82386,0
1.458264,1.26195,-9.403456,-0.6335136,-0.4611006,-10,296.9913,500,-10,500,-10,-14.22233,2.729868,52.02476,-21.36012,21.19328,-19.86184,18.82664,0
0.9116266,1.038074,-9.946416,-0.5385493,-0.5478408,-10,296.2482,500,-10,500,-10,-14.23438,2.630676,52.00937,-21.36023,21.17854,-19.84897,18.82861,0
0.9595971,1.395285,-9.785579,-0.4456361,-0.6111753,-10,295.5033,500,-10,500,-10,-14.24842,2.531735,51.99091,-21.35919,21.16272,-19.83471,18.82914,0
0.152529,1.087544,-10.28243,-0.3330516,-0.660396,-10,294.7567,500,-10,500,-10,-14.26511,2.433096,51.96875,-21.35654,21.14506,-19.819,18.82844,0
0.1213359,1.240416,-9.989609,-0.1880346,-0.7037938,-10,294.0083,500,-10,500,-10,-14.28528,2.334842,51.94183,-21.35185,21.1248,-19.80139,18.8264,0
-0.1589807,1.119772,-10.3286,-0.05849562,-0.7420547,-10,293.2582,500,-10,500,-10,-14.31079,2.237101,51.90842,-21.34541,21.10203,-19.78014,18.82148,0
0.04338755,1.666009,-9.682083,0.06988632,-0.7469903,-10,292.5063,500,-10,500,-10,-14.34426,2.140037,51.86608,-21.33596,21.07582,-19.75451,18.81261,0
-0.3007108,1.701923,-9.417762,0.2072419,-0.7178236,-10,291.7528,500,-10,500,-10,-14.38983,2.043914,51.81073,-21.32209,21.04431,-19.72251,18.79825,0
-0.590065,1.499019,-9.41747,0.3657987,-0.6856871,-10,290.9974,500,-10,500,-10,-14.45538,1.949246,51.73431,-21.30152,21.0036,-19.67977,18.77565,0
-1.060428,1.120641,-9.956394,0.5337333,-0.6742073,-10,290.2403,500,-10,500,-10,-14.55845,1.857217,51.61912,-21.26929,20.94634,-19.61655,18.73746,0
-1.194591,1.223943,-9.70201,0.6902748,-0.6334962,-10,289.4814,500,-10,500,-10,-14.73963,1.770446,51.42471,-21.21253,20.85707,-19.51222,18.66563,0
-1.612098,0.8104458,-9.874432,0.8373662,-0.5787573,-10,288.7208,500,-10,500,-10,-15.10968,1.696376,51.04058,-21.08605,20.68495,-19.32042,18.51947,0
-1.618404,0.5175426,-9.910515,0.9595661,-0.5332697,-10,287.9584,500,-10,500,-10,-15.92746,1.660071,50.20824,-20.7585,20.33887,-18.95831,18.1759,0
-1.466243,0.4159541,-9.788895,1.03282,-0.4867604,-10,287.1942,500,-10,500,-10,-16.79623,1.709007,49.32528,-20.3831,20.00803,-18.6021,17.77513,0
-1.902193,-0.1635103,-10.37382,1.05358,-0.4272797,-10,286.4281,500,-10,500,-10,-17.0176,1.802259,49.09051,-20.27568,19.94257,-18.51498,17.64605,0
-1.523073,-0.01863292,-9.883242,1.036303,-0.3388419,-10,285.6602,500,-10,500,-10,-17.08665,1.900237,49.00829,-20.23205,19.92649,-18.49049,17.59401,0
-1.655249,-0.3372524,-9.969172,0.9985123,-0.2499708,-10,284.8905,500,-10,500,-10,-17.1191,1.999079,48.96288,-20.20387,19.922,-18.48104,17.56087,0
-1.440624,-0.2990053,-9.648537,0.9741005,-0.1730559,-10,284.1189,500,-10,500,-10,-17.13727,2.098202,48.93167,-20.18139,19.92152,-18.47767,17.53549,0
-1.448691,-0.5600652,-9.935919,0.9428389,-0.1094607,-10,283.3454,500,-10,500,-10,-17.14823,2.197441,48.9075,-20.16199,19.9232,-18.47704,17.51379,0
-1.313776,-0.8052951,-10.21686,0.8826641,-0.05579321,-10,282.57,500,-10,500,-10,-17.1552,2.296728,48.8873,-20.14474,19.92654,-18.47754,17.49371,0
-0.8901637,-0.7557276,-10.01374,0.7991278,-0.01860053,-10,281.7927,500,-10,500,-10,-17.15978,2.396039,48.86967,-20.12907,19.93097,-18.47861,17.47467,0
-0.6142476,-0.7419299,-9.877636,0.7036181,-0.001381229,-10,281.0134,500,-10,500,-10,-17.16279,2.495373,48.85392,-20.11454,19.93604,-18.48009,17.45654,0
-0.3244761,-0.6506515,-9.704177,0.6052364,0.0007156951,-10,280.2322,500,-10,500,-10,-17.16471,2.594731,48.83963,-20.10077,19.94154,-18.48202,17.43921,0
-0.1343444,-0.5994443,-9.640426,0.5066871,-0.01114393,-10,279.449,500,-10,500,-10,-17.16583,2.69412,48.82652,-20.08757,19.94736,-18.48435,17.42253,0
-0.5738726,-1.047674,-10.34977,0.4060236,-0.03442258,-10,278.6639,500,-10,500,-10,-17.1664,2.793542,48.81439,-20.07489,19.95348,-18.48699,17.40635,0
0.2560773,-0.2670919,-9.439293,0.3186248,-0.04659619,-10,277.877,500,-10,500,-10,-17.16653,2.892987,48.80294,-20.06207,19.95981,-18.49033,17.39054,0
-0.5493309,-1.021636,-10.78456,0.228584,-0.07390928,-10,277.088,500,-10,500,-10,-17.16634,2.992456,48.79203,-20.0496,19.96627,-18.49374,17.37503,0
0.06032723,-0.5075505,-10.31115,0.1609257,-0.1048131,-10,276.2972,500,-10,500,-10,-17.16575,3.091953,48.78156,-20.0369,19.97253,-18.49777,17.3601,0
0.0909806,-0.5016723,-10.4652,0.1019988,-0.1591248,-10,275.5045,500,-10,500,-10,-17.16474,3.1915,48.77158,-20.02444,19.97861,-18.50196,17.34575,0
0.8731446,0.2822282,-9.452756,0.06024969,-0.2192955,-10,274.7098,500,-10,500,-10,-17.16324,3.291104,48.76208,-20.01188,19.98456,-18.50666,17.33193,0
0.4146802,-0.003350959,-9.944803,0.02227352,-0.2902572,-10,273.9132,500,-10,500,-10,-17.16126,3.390772,48.75299,-19.99945,19.99052,-18.51155,17.31844,0
0.5908555,0.3242756,-9.601326,0.002293346,-0.3521866,-10,273.1147,500,-10,500,-10,-17.1587,3.490495,48.74412,-19.98661,19.9964,-18.51704,17.30521,0
0.5195764,0.4058143,-9.647079,-0.005865402,-0.4130803,-10,272.3144,500,-10,500,-10,-17.15543,3.590268,48.7353,-19.97347,20.00215,-18.52287,17.29215,0
0.2048912,0.237004,-10.08664,-0.00387744,-0.4764757,-10,271.5121,500,-10,500,-10,-17.15131,3.690089,48.72637,-19.96,20.00768,-18.52894,17.27923,0
0.09327424,0.2538021,-10.2958,0.008733319,-0.5398643,-10,270.7079,500,-10,500,-10,-17.14613,3.789953,48.71713,-19.94608,20.01293,-18.53521,17.26631,0
0.5204092,0.7949954,-9.774193,0.03233093,-0.597326,-10,269.9018,500,-10,500,-10,-17.13962,3.889854,48.70725,-19.93145,20.01783,-18.54166,17.25323,0
0.1020098,0.5923718,-10.28238,0.05751504,-0.6545554,-10,269.0938,500,-10,500,-10,-17.13134,3.989779,48.69629,-19.91609,20.0223,-18.54792,17.23967,0
0.09496248,0.7964752,-10.16565,0.09576184,-0.6990153,-10,268.2838,500,-10,500,-10,-17.12051,4.089702,48.6834,-19.89925,20.02595,-18.55409,17.22535,0
0.06087283,0.9787439,-10.01764,0.1474823,-0.735269,-10,267.4718,500,-10,500,-10,-17.1057,4.18958,48.66725,-19.88022,20.02815,-18.55974,17.20976,0
-0.1518656,0.9727499,-10.08108,0.2132849,-0.7689145,-10,266.6579,500,-10,500,-10,-17.08451,4.28936,48.6455,-19.85781,20.02789,-18.56412,17.192,0
-0.07929975,1.18554,-9.807124,0.2936603,-0.801406,-10,265.8421,500,-10,500,-10,-17.05204,4.388935,48.61336,-19.82946,20.0232,-18.56585,17.17006,0
-0.213436,1.158284,-9.884597,0.3764369,-0.8381053,-10,265.0243,500,-10,500,-10,-16.99647,4.488058,48.5591,-19.78913,20.00946,-18.56122,17.13885,0
-0.2412873,1.210304,-9.893033,0.4517823,-0.8711514,-10,264.2045,500,-10,500,-10,-16.87942,4.585994,48.44433,-19.71644,19.97123,-18.53881,17.08199,0
-0.6023244,0.9916171,-10.31081,0.5117517,-0.8944643,-10,263.3828,500,-10,500,-10,-16.45709,4.67912,48.0253,-19.48999,19.80755,-18.41805,16.89845,0
-0.7784346,1.009446,-10.35356,0.5733725,-0.9024457,-10,262.5592,500,-10,500,-10,-30.13496,4.718332,61.7084,-26.03534,26.17641,-23.21037,21.86726,0
-0.6557059,1.328417,-9.874499,0.6628172,-0.908216,-10,261.7337,500,-10,500,-10,-20.99793,4.690623,52.57797,-21.70462,22.02488,-19.97572,18.45341,0
-0.991047,1.177051,-9.994041,0.7847527,-0.9343473,-10,260.9063,500,-10,500,-10,-20.07973,4.629626,51.66831,-21.3389,21.53462,-19.58771,18.18994,0
-0.5927312,1.651457,-9.279105,0.9174659,-0.9616576,-10,260.0771,500,-10,500,-10,-20.261,4.530956,51.85936,-21.4183,21.62954,-19.6666,18.25333,0
-1.096388,1.332632,-9.785394,1.00702,-0.9642385,-10,259.246,500,-10,500,-10,-20.27974,4.430638,51.88866,-21.43304,21.63815,-19.67615,18.26899,0
-0.9325199,1.662347,-9.366879,1.092435,-0.9356853,-10,258.4132,500,-10,500,-10,-20.28383,4.330281,51.90427,-21.44196,21.63972,-19.68016,18.28035,0
-1.274355,1.471951,-9.71701,1.235631,-0.9503922,-10,257.5785,500,-10,500,-10,-20.28205,4.229911,51.91546,-21.44855,21.63733,-19.68284,18.29202,0
-1.215057,1.763363,-9.54356,1.420131,-0.9930617,-10,256.7422,500,-10,500,-10,-20.27599,4.129502,51.92438,-21.45375,21.63255,-19.68503,18.30419,0
-1.567907,1.898095,-9.47084,1.583541,-0.991172,-10,255.9041,500,-10,500,-10,-20.26743,4.029103,51.9329,-21.45856,21.62827,-19.68728,18.31553,0
-2.058496,1.722446,-9.567723,1.76667,-0.9674089,-10,255.0644,500,-10,500,-10,-20.25712,3.92879,51.94212,-21.46297,21.6241,-19.69051,18.32734,0
-2.560401,1.393657,-10.00374,1.941595,-0.9340928,-10,254.2229,500,-10,500,-10,-20.24501,3.828595,51.9523,-21.46905,21.61913,-19.69287,18.34075,0
-2.362418,1.555598,-9.631109,2.145525,-0.9195391,-10,253.3799,500,-10,500,-10,-20.23088,3.728545,51.96355,-21.47577,21.61319,-19.69547,18.35601,0
-2.620339,1.554638,-9.476311,2.312886,-0.8865414,-10,252.5351,500,-10,500,-10,-20.21463,3.628676,51.97601,-21.48315,21.60858,-19.6984,18.37093,0
-2.664618,1.716583,-9.142773,2.494927,-0.8489004,-10,251.6887,500,-10,500,-10,-20.19628,3.529077,51.99007,-21.49062,21.60449,-19.70259,18.38667,0
-3.047092,1.716112,-9.275035,2.718622,-0.8326872,-10,250.8405,500,-10,500,-10,-20.17503,3.429774,52.00573,-21.49795,21.60011,-19.70824,18.40403,0
-3.393786,1.20199,-9.519458,2.891433,-0.7694142,-10,249.9906,500,-10,500,-10,-20.15105,3.330965,52.02374,-21.5062,21.59818,-19.7149,18.42089,0
-3.456753,1.565186,-9.070786,3.095893,-0.7306725,-10,249.139,500,-10,500,-10,-20.1239,3.232743,52.0443,-21.51482,21.59656,-19.72332,18.43954,0
-4.043742,1.037258,-9.59633,3.262418,-0.6553776,-10,248.2856,500,-10,500,-10,-20.09307,3.135319,52.06799,-21.52445,21.5974,-19.73332,18.45833,0
-3.663454,1.563172,-8.431746,3.453298,-0.5817225,-10,247.4303,500,-10,500,-10,-20.05803,3.038933,52.0954,-21.53462,21.59947,-19.74586,18.47897,0
-4.399851,1.204656,-8.879303,3.641556,-0.4952889,-10,246.5731,500,-10,500,-10,-20.0179,2.9439,52.12729,-21.54581,21.60374,-19.76109,18.50112,0
-4.632613,1.006161,-9.04755,3.863101,-0.4080458,-10,245.7141,500,-10,500,-10,-19.97143,2.850612,52.16455,-21.55777,21.60985,-19.78,18.52589,0
-4.823366,0.7804016,-8.829129,4.071305,-0.3125326,-10,244.853,500,-10,500,-10,-19.91742,2.7596,52.20833,-21.57151,21.61918,-19.80254,18.55284,0
-4.91297,1.113233,-8.330091,4.312097,-0.2203408,-10,243.9899,500,-10,500,-10,-19.85434,2.671532,52.25999,-21.58673,21.63142,-19.83013,18.5834,0
-5.146507,1.184259,-8.171527,4.536099,-0.1038836,-10,243.1249,500,-10,500,-10,-19.78035,2.587373,52.32135,-21.60445,21.64853,-19.86325,18.61713,0
-5.583206,0.9106803,-8.002099,4.747396,0.04662038,-10,242.2578,500,-10,500,-10,-19.69332,2.508524,52.39466,-21.62512,21.67156,-19.90333,18.65485,0
-6.076385,0.5381075,-8.325378,4.97561,0.2014087,-10,241.3888,500,-10,500,-10,-19.59083,2.436652,52.48219,-21.6492,21.70061,-19.95177,18.69832,0
-6.245509,0.5817258,-8.01358,5.245329,0.3595493,-10,240.5179,500,-10,500,-10,-19.47039,2.373793,52.58588,-21.67689,21.73602,-20.01001,18.74883,0
-6.297058,0.6060451,-7.297681,5.477426,0.5446693,-10,239.6453,500,-10,500,-10,-19.33062,2.322605,52.70709,-21.71083,21.77829,-20.07649,18.80699,0
-6.749633,0.5384202,-7.008739,5.750125,0.7305771,-10,238.7709,500,-10,500,-10,-19.17178,2.285952,52.84512,-21.74882,21.81507,-20.15287,18.88458,0
-7.454789,-0.1784636,-7.222621,6.018086,0.9309678,-10,237.895,500,-10,500,-10,-18.99729,2.266841,52.9963,-21.78856,21.85651,-20.2384,18.96841,0
-7.561768,-0.3814667,-6.690548,6.291042,1.11742,-10,237.0176,500,-10,500,-10,-18.81433,2.267284,53.15317,-21.82781,21.90002,-20.32912,19.05487,0
-7.88586,-0.6626307,-6.42066,6.486376,1.368378,-10,236.1389,500,-10,500,-10,-18.63299,2.288395,53.30597,-21.86428,21.94524,-20.41927,19.13626,0
-8.409542,-1.136355,-6.200118,6.701135,1.623094,-10,235.2591,500,-10,500,-10,-18.46205,2.329048,53.44532,-21.89446,21.98716,-20.50454,19.20981,0
-8.390937,-1.195311,-5.405563,6.871288,1.931043,-10,234.3783,500,-10,500,-10,-18.30791,2.387273,53.5648,-21.91735,22.02555,-20.58066,19.27042,0
-8.641845,-1.816058,-5.085872,7.069489,2.202773,-10,233.4967,500,-10,500,-10,-18.17185,2.459616,53.66236,-21.9324,22.05738,-20.64646,19.31944,0
-8.350338,-2.11722,-4.457843,7.245061,2.436774,-10,232.6143,500,-10,500,-10,-18.05235,2.542663,53.73913,-21.94107,22.08355,-20.70139,19.35687,0
-8.941509,-3.196335,-4.774216,7.356955,2.650851,-10,231.7311,500,-10,500,-10,-17.94686,2.63362,53.79754,-21.94476,22.10547,-20.7461,19.38335,0
-8.364214,-3.42717,-3.680387,7.377186,2.887821,-10,230.8474,500,-10,500,-10,-17.85301,2.730495,53.83997,-21.94437,22.12468,-20.78165,19.3993,0
-8.344209,-4.463841,-3.777273,7.289753,3.107019,-10,229.963,500,-10,500,-10,-17.7687,2.831568,53.86874,-21.9414,22.14154,-20.80844,19.40627,0
-7.650037,-4.985142,-3.383355,7.118339,3.284976,-10,229.078,500,-10,500,-10,-17.69192,2.935346,53.88598,-21.93645,22.15588,-20.8277,19.40622,0
-7.756012,-6.170575,-4.185641,6.848444,3.420429,-10,228.1925,500,-10,500,-10,-17.62107,3.04063,53.89348,-21.93037,22.16837,-20.83998,19.39995,0
-7.188649,-6.651451,-4.18323,6.472141,3.564625,-10,227.3062,500,-10,500,-10,-17.55517,3.146618,53.8922,-21.9231,22.17995,-20.84619,19.3873,0
-5.908846,-6.58366,-3.509533,5.999032,3.724165,-10,226.4192,500,-10,500,-10,-17.49338,3.252708,53.88251,-21.91452,22.19059,-20.84674,19.36863,0
-5.533285,-7.625696,-4.417036,5.468623,3.82373,-10,225.5313,500,-10,500,-10,-17.43472,3.35825,53.86507,-21.90505,22.19892,-20.84176,19.34586,0
-4.561473,-8.214828,-4.542244,4.883544,3.854505,-10,224.6424,500,-10,500,-10,-17.37821,3.462682,53.84051,-21.89497,22.20491,-20.83149,19.31951,0
-3.701941,-8.686001,-4.468231,4.158135,3.903677,-10,223.7525,500,-10,500,-10,-17.32364,3.565648,53.80854,-21.88468,22.2109,-20.81529,19.28703,0
-3.095878,-9.037118,-4.986402,3.421851,3.916754,-10,222.8613,500,-10,500,-10,-17.2701,3.666851,53.76867,-21.87242,22.21384,-20.79452,19.25106,0
-2.203901,-8.881403,-4.842337,2.70409,3.922108,-10,221.969,500,-10,500,-10,-17.21571,3.765985,53.72028,-21.85706,22.2132,-20.76979,19.2116,0
-1.082639,-9.060778,-4.795521,1.942528,3.931585,-10,221.0752,500,-10,500,-10,-17.1587,3.862694,53.66152,-21.83881,22.20942,-20.73934,19.16669,0
-0.3745851,-8.978923,-4.773896,1.154405,3.936819,-10,220.1799,500,-10,500,-10,-17.09673,3.956526,53.5903,-21.81668,22.20122,-20.70247,19.11588,0
0.7275168,-8.611729,-4.835263,0.3509133,3.955792,-10,219.2832,500,-10,500,-10,-17.02611,4.046795,53.50298,-21.78882,22.18709,-20.65797,19.05766,0
1.585562,-8.445456,-5.08441,-0.4615412,3.980915,-10,218.3848,500,-10,500,-10,-16.94166,4.132451,53.39437,-21.75316,22.16461,-20.60364,18.99014,0
2.090795,-8.437108,-5.541644,-1.268821,4.001842,-10,217.4847,500,-10,500,-10,-16.83597,4.211876,53.25718,-21.70662,22.13024,-20.53651,18.91084,0
3.527965,-7.620862,-5.16883,-2.040043,3.989747,-10,216.5829,500,-10,500,-10,-16.69897,4.282623,53.08187,-21.64493,22.0787,-20.45294,18.81712,0
4.233274,-7.343484,-5.594786,-2.729033,3.886985,-10,215.6794,500,-10,500,-10,-16.51945,4.341172,52.85794,-21.56293,22.00302,-20.34939,18.70726,0
4.727336,-7.188958,-5.855139,-3.4436,3.800386,-10,214.7741,500,-10,500,-10,-16.28906,4.382145,52.57703,-21.44987,21.89099,-20.22969,18.58653,0
6.107623,-6.178896,-5.276171,-4.095594,3.658622,-10,213.8672,500,-10,500,-10,-16.01609,4.399316,52.24757,-21.33281,21.72632,-20.07376,18.4782,0
6.090125,-6.16565,-5.781494,-4.701437,3.487077,-10,212.9585,500,-10,500,-10,-15.73761,4.388677,51.90693,-21.21645,21.54949,-19.90786,18.37278,0
6.815825,-5.722723,-5.511503,-5.264608,3.29013,-10,212.0482,500,-10,500,-10,-15.50162,4.352187,51.60325,-21.11655,21.39021,-19.75615,18.28044,0
7.482751,-4.983348,-5.140249,-5.83043,3.111065,-10,211.1364,500,-10,500,-10,-15.33078,4.296787,51.35875,-21.03983,21.26425,-19.63028,18.20382,0
7.843272,-4.292751,-4.91392,-6.339734,2.954295,-10,210.2231,500,-10,500,-10,-15.21893,4.229743,51.1672,-20.97974,21.17028,-19.53165,18.13907,0
8.104056,-3.815837,-4.806577,-6.775146,2.806483,-10,209.3085,500,-10,500,-10,-15.1508,4.156318,51.01356,-20.92607,21.10246,-19.45801,18.07957,0
8.739402,-3.169686,-4.196518,-7.159477,2.664145,-10,208.3926,500,-10,500,-10,-15.11349,4.079833,50.88491,-20.87773,21.03965,-19.39976,18.0358,0
8.577214,-3.346763,-4.557041,-7.517919,2.512459,-10,207.4756,500,-10,500,-10,-15.09825,4.002404,50.77229,-20.83735,20.98445,-19.34681,17.99767,0
8.831758,-3.149929,-4.296827,-7.850032,2.36062,-10,206.5576,500,-10,500,-10,-15.09949,3.925466,50.66976,-20.8019,20.93424,-19.29732,17.96293,0
8.934209,-3.07972,-4.191844,-8.171235,2.213834,-10,205.6388,500,-10,500,-10,-15.11371,3.85008,50.57341,-20.76955,20.88749,-19.24983,17.92985,0
9.462639,-2.610478,-3.519838,-8.494335,2.093631,-10,204.7192,500,-10,500,-10,-15.13888,3.776939,50.48074,-20.73901,20.84347,-19.20358,17.89708,0
9.267835,-2.821335,-3.783753,-8.840794,2.007137,-10,203.799,500,-10,500,-10,-15.17391,3.706613,50.39001,-20.7097,20.80184,-19.15772,17.86353,0
9.456487,-2.698127,-3.51049,-9.20416,1.970038,-10,202.8782,500,-10,500,-10,-15.21822,3.639539,50.30005,-20.68074,20.76217,-19.11213,17.82866,0
9.587353,-2.648261,-3.250602,-9.578049,1.977119,-10,201.9568,500,-10,500,-10,-15.27138,3.576136,50.20995,-20.65166,20.72391,-19.06656,17.79227,0
9.506913,-2.812739,-3.201103,-9.941324,2.021988,-10,201.0349,500,-10,500,-10,-15.33294,3.516919,50.119,-20.62182,20.68635,-19.02104,17.75446,0
9.529201,-2.904203,-2.966828,-10,2.103538,-10,200.1124,500,-10,500,-10,-15.40036,3.46239,50.02664,-20.58583,20.64417,-18.9805,17.72013,0
9.435513,-3.13096,-2.854387,-10,2.220424,-10,199.1892,500,-10,500,-10,-15.47191,3.41287,49.9326,-20.5477,20.60137,-18.94071,17.685,0
9.601156,-3.154076,-2.389807,-10,2.379814,-10,198.2653,500,-10,500,-10,-15.54735,3.368545,49.83673,-20.50832,20.55905,-18.90066,17.64789,0
9.645772,-3.331942,-2.074432,-10,2.585935,-10,197.3407,500,-10,500,-10,-15.62638,3.329513,49.73895,-20.46763,20.51726,-18.86032,17.60866,0
9.571881,-3.664549,-1.893363,-10,2.8475,-10,196.415,500,-10,500,-10,-15.70867,3.295773,49.6392,-20.42575,20.47629,-18.81956,17.56697,0
9.640364,-3.904244,-1.477177,-10,3.175518,-10,195.4883,500,-10,500,-10,-15.79386,3.267191,49.53743,-20.38623,20.43995,-18.77475,17.51898,0
9.974514,-3.91852,-0.624249,-10,3.579617,-10,194.5606,500,-10,500,-10,-15.88155,3.243554,49.43351,-20.3428,20.40722,-18.73208,17.46561,0
9.489579,-4.68153,-0.7142091,-10,4.060327,-10,193.6317,500,-10,500,-10,-15.97133,3.224619,49.32726,-20.29257,20.37958,-18.69427,17.40521,0
9.232841,-5.199051,-0.3678206,-10,4.63689,-10,192.7016,500,-10,500,-10,-16.06278,3.210025,49.21834,-20.23927,20.353,-18.65732,17.34154,0
8.900867,-5.74159,-0.008458527,-10,5.322857,-10,191.7706,500,-10,500,-10,-16.1555,3.199383,49.10622,-20.18254,20.32734,-18.62115,17.2743,0
8.163664,-6.62208,-0.1096716,-10,6.136917,-10,190.8385,500,-10,500,-10,-16.24909,3.192262,48.99013,-20.12187,20.30241,-18.58562,17.20304,0
7.411527,-7.48144,-0.1649884,-10,7.10616,-10,189.9056,500,-10,500,-10,-16.34316,3.188238,48.86897,-20.05653,20.27802,-18.55057,17.12704,0
6.941619,-8.000626,0.2962417,-10,8.256467,-10,188.9721,500,-10,500,-10,-16.43733,3.186943,48.74125,-19.98562,20.25378,-18.51566,17.04545,0
5.951231,-8.80539,0.3829274,-10,9.577353,-10,188.0382,500,-10,500,-10,-16.5312,3.188349,48.60526,-19.90854,20.22881,-18.48005,16.95774,0
4.502511,-9.672341,0.3194313,-10,10,-10,187.104,500,-10,500,-10,-16.62448,3.197387,48.46437,-19.83885,20.19234,-18.43301,16.87747,0
3.394352,-9.717941,1.168818,-10,10,-10,186.1697,500,-10,500,-10,-16.71611,3.21945,48.32485,-19.77401,20.15195,-18.38224,16.80225,0
1.234375,-10.17081,0.9905967,-10,10,-10,185.2352,500,-10,500,-10,-16.80442,3.254064,48.18764,-19.70986,20.11242,-18.3327,16.7281,0
-1.36516,-10.50561,0.4229681,-10,10,-10,184.3005,500,-10,500,-10,-16.88798,3.300455,48.05345,-19.64807,20.0725,-18.2833,16.65683,0
-3.545444,-10.03684,0.5023566,-10,10,-10,183.3654,500,-10,500,-10,-16.9656,3.357618,47.92258,-19.5947,20.02756,-18.22823,16.59333,0
-5.023719,-8.660517,1.594504,-10,10,-10,182.4297,500,-10,500,-10,-17.0363,3.4244,47.79492,-19.54731,19.99,-18.16984,16.52511,0
-6.661739,-7.402717,2.513852,-10,10,-10,181.493,500,-10,500,-10,-17.09932,3.499569,47.66994,-19.50041,19.95417,-18.11319,16.45738,0
-7.929515,-6.107903,3.65714,-10,10,-10,180.5553,500,-10,500,-10,-17.15388,3.581871,47.54666,-19.45356,19.91945,-18.05789,16.38996,0
-7.869027,-4.293226,5.719728,-9.378482,10,-10,179.6166,500,-10,500,-10,-17.19577,3.670039,47.42364,-19.39541,19.87428,-18.0141,16.33319,0
-6.497079,-2.301623,8.110714,-6.24578,10,-10,178.6773,500,-10,500,-10,-17.20052,3.761916,47.29792,-19.29141,19.78382,-18.01394,16.31948,0
-4.654726,-1.002271,9.506101,-2.677825,10,-10,177.7376,500,-10,500,-10,-17.15555,3.853023,47.16321,-19.17419,19.68003,-18.01953,16.31166,0
-2.064491,0.01846418,10.51415,1.193622,10,-10,176.7979,500,-10,500,-10,-17.05149,3.937581,47.01115,-19.04281,19.5611,-18.02492,16.30459,0
0.5397644,0.3290107,10.6869,5.212155,10,-10,175.858,500,-10,500,-10,-16.87953,4.007904,46.83293,-18.89655,19.4252,-18.0235,16.29281,0
3.075897,0.02951034,10.40104,9.112463,10,-10,174.9178,500,-10,500,-10,-16.63662,4.053859,46.62403,-18.73814,19.27356,-18.00883,16.27137,0
4.722855,-1.518588,8.94686,10,10,-10,173.9771,500,-10,500,-10,-16.35324,4.064545,46.39341,-18.61534,19.15146,-17.94054,16.20238,0
6.24634,-3.349839,7.712501,10,10,-10,173.0355,500,-10,500,-10,-16.07301,4.035466,46.16689,-18.52029,19.02705,-17.84789,16.13909,0
6.674418,-5.764954,6.020926,10,10,-10,172.093,500,-10,500,-10,-15.82185,3.97019,45.97117,-18.44476,18.91195,-17.76125,16.09202,0
5.52616,-8.314794,3.94448,10,10,-10,171.15,500,-10,500,-10,-15.61104,3.876962,45.81832,-18.38878,18.8174,-17.69058,16.05993,0
3.031849,-9.998755,2.093472,10,10,-10,170.2066,500,-10,500,-10,-15.43772,3.76448,45.70633,-18.3501,18.74365,-17.63647,16.04088,0
-0.5091018,-10.49874,0.2123562,10,10,-10,169.2631,500,-10,500,-10,-15.29328,3.63951,45.62757,-18.32495,18.68718,-17.59637,16.0321,0
-3.897968,-9.435337,-1.103636,10,9.811875,-10,168.3192,500,-10,500,-10,-15.16887,3.507512,45.57408,-18.31189,18.64181,-17.5651,16.03314,0
-6.57621,-7.071466,-1.494977,10,6.746688,-10,167.3747,500,-10,500,-10,-15.05314,3.390776,45.52701,-18.33268,18.5689,-17.5053,16.06705,0
-9.351737,-4.727609,-1.943024,10,4.026643,-10,166.4291,500,-10,500,-10,-14.94195,3.291347,45.47743,-18.34772,18.50018,-17.44919,16.09468,0
-10.02668,-1.732081,-0.7587858,10,1.483661,-10,165.4824,500,-10,500,-10,-14.83467,3.205163,45.42166,-18.35791,18.43162,-17.39279,16.11703,0
-10.06069,1.561157,0.4964073,10,-0.9908169,-10,164.5345,500,-10,500,-10,-14.73163,3.128942,45.35643,-18.36363,18.36018,-17.33302,16.13443,0
-9.540907,4.011445,1.553914,10,-3.589391,-10,163.5858,500,-10,500,-10,-14.63384,3.0602,45.27788,-18.36594,18.28171,-17.26563,16.14782,0
-8.091122,6.174012,2.420305,10,-6.398147,-10,162.6366,500,-10,500,-10,-14.54309,2.996698,45.18154,-18.36443,18.19311,-17.18731,16.15659,0
-6.616815,7.69575,2.540408,10,-9.370312,-10,161.6873,500,-10,500,-10,-14.46186,2.936013,45.06292,-18.35711,18.09293,-17.09634,16.15848,0
-4.733758,9.065023,2.540278,10,-10,-10,160.738,500,-10,500,-10,-14.38968,2.870579,44.93497,-18.31862,18.01722,-17.02881,16.12817,0
-3.098265,9.786031,1.725364,10,-10,-10,159.7887,500,-10,500,-10,-14.32507,2.796532,44.80985,-18.26858,17.95627,-16.97518,16.08545,0
-0.838359,10.61081,1.334881,10,-10,-10,158.8391,500,-10,500,-10,-14.26877,2.715128,44.68666,-18.21768,17.89338,-16.92401,16.04626,0
0.8661379,10.2665,-0.0751532,10,-10,-10,157.8889,500,-10,500,-10,-14.22162,2.627622,44.56404,-18.16398,17.82679,-16.8761,16.01126,0
3.123668,9.669038,-0.609721,10,-10,-10,156.9379,500,-10,500,-10,-14.18475,2.535267,44.44009,-18.11011,17.75931,-16.82727,15.97603,0
5.480441,8.589301,0.2007182,10,-10,-10,155.9857,500,-10,500,-10,-14.15988,2.439342,44.31219,-18.05491,17.68999,-16.77648,15.93937,0
7.554193,7.231108,3.117452,10,-10,-10,155.0325,500,-10,500,-10,-14.1497,2.341226,44.17665,-17.9968,17.61742,-16.72229,15.89963,0
7.563634,4.75058,6.215086,9.901224,-10,-10,154.0786,500,-10,500,-10,-14.15911,2.24253,44.02811,-17.93516,17.54123,-16.66086,15.85274,0
5.781109,2.086415,8.923499,6.466457,-10,-10,153.1243,500,-10,500,-10,-14.21833,2.145707,43.85787,-17.92267,17.51448,-16.53229,15.73843,0
2.733187,-0.3763716,10.17037,1.323892,-10,-10,152.17,500,-10,500,-10,-14.37093,2.057531,43.64766,-17.92538,17.50421,-16.35539,15.57452,0
-0.453418,-2.271192,9.942192,-4.203907,-10,-10,151.2155,500,-10,500,-10,-14.6446,1.990726,43.37254,-17.91171,17.48069,-16.14111,15.37009,0
-2.751627,-2.779709,9.54591,-9.610451,-10,-10,150.2601,500,-10,500,-10,-15.04471,1.964488,43.02707,-17.87303,17.46059,-15.89354,15.10393,0
-4.507228,-1.679251,9.235557,-10,-10,-10,149.3037,500,-10,500,-10,-15.46915,1.996015,42.67525,-17.72831,17.37516,-15.74674,14.89785,0
-5.9248,1.167439,8.505136,-10,-10,-10,148.3462,500,-10,500,-10,-15.80855,2.079101,42.41057,-17.60981,17.3128,-15.64593,14.7409,0
-6.234067,5.314435,6.579247,-10,-10,-10,147.388,500,-10,500,-10,-16.04848,2.19323,42.24834,-17.53446,17.28093,-15.58687,14.63835,0
-3.946784,9.267879,3.773604,-10,-10,-10,146.4294,500,-10,500,-10,-16.22136,2.322749,42.15698,-17.48951,17.26976,-15.55611,14.57381,0
0.1631877,10.2837,0.05583984,-10,-10,-10,145.4708,500,-10,500,-10,-16.35546,2.459534,42.10916,-17.46339,17.27145,-15.5426,14.5325,0
5.134076,8.74936,-1.362568,-10,-9.955231,-10,144.5116,500,-10,500,-10,-16.46791,2.599353,42.08894,-17.44889,17.28194,-15.54035,14.50526,0
9.022237,5.330504,-0.578743,-10,-6.934555,-10,143.5514,500,-10,500,-10,-16.57538,2.727439,42.07323,-17.40369,17.32631,-15.57254,14.44788,0
10.54653,1.208637,1.649747,-10,-2.291112,-10,142.5901,500,-10,500,-10,-16.68993,2.827191,42.03431,-17.33142,17.37931,-15.61257,14.36262,0
9.468021,-3.12751,3.69098,-10,2.434334,-10,141.6281,500,-10,500,-10,-16.80906,2.905774,41.96769,-17.24666,17.42237,-15.64212,14.26437,0
7.339792,-6.157343,4.803128,-10,7.425095,-10,140.6659,500,-10,500,-10,-16.93074,2.970687,41.86716,-17.14402,17.45549,-15.66145,14.14794,0
5.158151,-8.235957,4.669713,-10,10,-10,139.7037,500,-10,500,-10,-17.05037,3.035038,41.74109,-17.06164,17.44697,-15.63938,14.052,0
3.32878,-9.609707,3.530957,-10,10,-10,138.7415,500,-10,500,-10,-17.16082,3.113258,41.62331,-17.01472,17.41157,-15.58871,13.98981,0
1.660016,-10.46325,1.822998,-10,10,-10,137.7791,500,-10,500,-10,-17.26165,3.203677,41.51509,-16.97452,17.38469,-15.53924,13.92702,0
-0.185048,-10.54572,0.3627309,-10,10,-10,136.8159,500,-10,500,-10,-17.3532,3.304302,41.41591,-16.93669,17.36168,-15.49489,13.86785,0
-3.110764,-10.18731,-0.7603759,-10,10,-10,135.8518,500,-10,500,-10,-17.43619,3.413348,41.32483,-16.90093,17.34199,-15.45518,13.81208,0
-5.682604,-8.350417,0.8610968,-10,10,-10,134.8866,500,-10,500,-10,-17.51144,3.529277,41.24075,-16.8669,17.32504,-15.41953,13.75935,0
-7.605298,-6.001075,4.066967,-10,10,-10,133.9204,500,-10,500,-10,-17.57979,3.650794,41.16241,-16.83425,17.31029,-15.38729,13.7092,0
-6.398201,-2.492345,8.017138,-9.369196,10,-10,132.9538,500,-10,500,-10,-17.63859,3.776814,41.08855,-16.79165,17.28625,-15.36868,13.67203,0
-3.021883,0.9383898,9.712796,-2.790517,10,-10,131.9872,500,-10,500,-10,-17.63817,3.905732,41.01556,-16.64467,17.15826,-15.45519,13.73955,0
0.6481842,3.847102,10.09532,4.336497,10,-10,131.0201,500,-10,500,-10,-17.53344,4.02887,40.92938,-16.47831,17.01004,-15.55013,13.81635,0
2.555052,4.491333,9.269869,10,10,-10,130.052,500,-10,500,-10,-17.3437,4.147521,40.80355,-16.31853,16.86775,-15.60565,13.85439,0
4.356029,3.176903,9.187742,10,10,-10,129.0825,500,-10,500,-10,-17.0764,4.247598,40.60934,-16.22791,16.79187,-15.53535,13.76935,0
6.142226,-0.7675126,8.603594,10,10,-10,128.1118,500,-10,500,-10,-16.71692,4.315166,40.32234,-16.0995,16.67341,-15.42595,13.65,0
6.047397,-6.509119,5.645771,10,10,-10,127.1405,500,-10,500,-10,-16.27777,4.331885,39.95607,-15.93158,16.49276,-15.29039,13.52717,0
2.202478,-10.24737,1.64527,10,10,-10,126.169,500,-10,500,-10,-15.85238,4.28741,39.60492,-15.79288,16.29229,-15.13813,13.43667,0
-3.851597,-9.59173,-0.9371432,10,10,-10,125.1971,500,-10,500,-10,-15.51488,4.189878,39.35991,-15.7003,16.14361,-15.02769,13.38234,0
-8.616899,-5.77622,0.5451481,10,8.332652,-10,124.2243,500,-10,500,-10,-15.28107,4.073391,39.21772,-15.66763,16.03197,-14.94255,13.37617,0
-9.839949,-0.3169266,3.53217,10,1.497582,-10,123.2505,500,-10,500,-10,-15.08263,3.998103,39.09529,-15.69837,15.8773,-14.81037,13.42939,0
-7.985175,3.990162,5.333229,10,-5.546441,-10,122.2764,500,-10,500,-10,-14.85603,3.958611,38.94203,-15.71644,15.70657,-14.66531,13.47314,0
-4.79776,7.443524,5.939986,10,-10,-10,121.3022,500,-10,500,-10,-14.61289,3.936635,38.74524,-15.68668,15.54572,-14.53201,13.47093,0
-2.845843,9.160571,4.336649,10,-10,-10,120.3281,500,-10,500,-10,-14.38185,3.885453,38.56015,-15.60237,15.45048,-14.46295,13.41281,0
-1.564983,9.941602,1.905387,10,-10,-10,119.3537,500,-10,500,-10,-14.17812,3.806346,38.40442,-15.52786,15.36431,-14.40843,13.36994,0
1.063441,10.68937,0.4372093,10,-10,-10,118.3785,500,-10,500,-10,-14.00391,3.706022,38.28101,-15.46722,15.28889,-14.36681,13.3431,0
4.301228,9.844158,-0.3937811,10,-10,-10,117.4022,500,-10,500,-10,-13.8554,3.590603,38.18697,-15.42268,15.22735,-14.33343,13.32672,0
7.264667,7.287901,1.800702,10,-10,-10,116.4247,500,-10,500,-10,-13.72673,3.464823,38.11747,-15.39154,15.17768,-14.30699,13.31881,0
7.694058,3.478843,6.568159,9.97014,-10,-10,115.4465,500,-10,500,-10,-13.61229,3.332109,38.06807,-15.37174,15.13833,-14.28585,13.31722,0
4.202035,-0.9051076,9.572348,5.205258,-10,-10,114.4681,500,-10,500,-10,-13.53446,3.194985,38.03524,-15.44283,15.18922,-14.18756,13.23913,0
0.5201704,-4.098763,9.966571,-3.417453,-10,-10,113.4895,500,-10,500,-10,-13.54621,3.056217,38.0105,-15.58864,15.31458,-14.02125,13.09326,0
-1.898685,-5.693803,8.872715,-10,-10,-10,112.5098,500,-10,500,-10,-13.63823,2.918417,37.98079,-15.7018,15.40745,-13.88347,12.97579,0
-3.779121,-4.643772,8.822917,-10,-10,-10,111.5285,500,-10,500,-10,-13.7498,2.784256,37.93626,-15.69658,15.38246,-13.8518,12.96387,0
-5.710758,0.04161412,9.044676,-10,-10,-10,110.5458,500,-10,500,-10,-13.87395,2.655894,37.8734,-15.68285,15.34982,-13.81345,12.94443,0
-6.033644,6.444604,5.77959,-10,-10,-10,109.5624,500,-10,500,-10,-14.0163,2.536034,37.78816,-15.6588,15.30811,-13.76687,12.91551,0
-1.264766,9.791882,0.4616998,-10,-10,-10,108.5787,500,-10,500,-10,-14.1834,2.428432,37.67523,-15.62205,15.25551,-13.71005,12.87454,0
5.981229,8.076633,-0.3759659,-10,-9.941656,-10,107.5945,500,-10,500,-10,-14.38165,2.338212,37.52939,-15.56961,15.1911,-13.64164,12.81811,0
9.944164,2.724503,3.008702,-10,-4.466011,-10,106.6095,500,-10,500,-10,-14.58144,2.260719,37.39268,-15.46008,15.19345,-13.6379,12.70248,0
7.936272,-3.535719,5.857212,-10,4.680322,-10,105.6238,500,-10,500,-10,-14.71302,2.160137,37.35186,-15.35265,15.27717,-13.7115,12.58494,0
4.739628,-7.304565,6.52717,-10,10,-10,104.6381,500,-10,500,-10,-14.77713,2.024478,37.39409,-15.32627,15.3506,-13.77287,12.5465,0
2.243722,-9.458933,4.479239,-10,10,-10,103.6525,500,-10,500,-10,-14.83703,1.884592,37.43812,-15.36078,15.36451,-13.77484,12.56908,0
0.777788,-10.34101,1.682356,-10,10,-10,102.6665,500,-10,500,-10,-14.90519,1.743872,37.47139,-15.3908,15.37379,-13.77239,12.58736,0
-1.856143,-10.53492,-1.297157,-10,10,-10,101.6796,500,-10,500,-10,-15.03171,1.602877,37.44494,-15.39594,15.35816,-13.74534,12.58108,0
-5.565019,-8.930401,-1.14786,-10,10,-10,100.6913,500,-10,500,-10,-14.61418,1.465449,37.96257,-15.62901,15.57099,-13.94116,12.79714,0
-8.1295,-5.369798,3.585081,-10,10,-10,99.70196,500,-10,500,-10,-14.94706,1.328054,37.72849,-15.54636,15.4681,-13.82985,12.70608,0
-6.291119,-0.9397175,8.177839,-8.761383,10,-10,98.71207,500,-10,500,-10,-15.01796,1.187204,37.75209,-15.55106,15.45204,-13.84472,12.74169,0
-0.9513934,3.82736,9.525091,1.24731,10,-10,97.72203,500,-10,500,-10,-14.99912,1.046842,37.78682,-15.40668,15.28699,-14.01787,12.93552,0
2.401125,6.672125,8.517082,10,10,-10,96.73122,500,-10,500,-10,-14.9034,0.9060751,37.80296,-15.27049,15.13006,-14.16743,13.10582,0
4.068199,6.258574,8.005093,10,10,-10,95.73874,500,-10,500,-10,-14.80956,0.7651923,37.79436,-15.27156,15.11038,-14.15923,13.11838,0
6.287229,1.912124,8.139469,10,10,-10,94.74457,500,-10,500,-10,-14.72564,0.6253964,37.76967,-15.26548,15.08356,-14.14486,13.12474,0
7.013713,-5.437257,5.805762,10,10,-10,93.74937,500,-10,500,-10,-14.64534,0.4876011,37.73363,-15.25408,15.05157,-14.1264,13.12687,0
1.179375,-10.02444,0.9805675,10,10,-10,92.75384,500,-10,500,-10,-14.56491,0.3526471,37.68814,-15.23799,15.01515,-14.10479,13.12559,0
-7.017534,-7.831799,0.2314087,10,9.622054,-10,91.75784,500,-10,500,-10,-14.48124,0.2220908,37.63549,-15.2223,14.97111,-14.07687,13.12601,0
-9.473979,-0.575254,4.12747,10,0.7345198,-10,90.76104,500,-10,500,-10,-14.38233,0.1151821,37.63366,-15.32409,14.85627,-13.97356,13.23933,0
-6.020011,5.705199,6.414035,10,-9.926514,-10,89.76386,500,-10,500,-10,-14.27385,0.03267829,37.72779,-15.48938,14.76849,-13.88625,13.40511,0
-2.152607,9.011485,4.518216,10,-10,-10,88.76673,500,-10,500,-10,-14.17229,-0.05573198,37.83752,-15.54388,14.80736,-13.92268,13.45716,0
-0.2236819,10.28489,1.346446,10,-10,-10,87.76954,500,-10,500,-10,-14.08,-0.1545807,37.93828,-15.59462,14.84248,-13.95544,13.50554,0
1.817234,10.36273,-1.140393,10,-10,-10,86.77162,500,-10,500,-10,-13.99634,-0.2620688,38.03094,-15.64261,14.87347,-13.98422,13.55132,0
5.341867,8.701964,-1.743884,10,-10,-10,85.77216,500,-10,500,-10,-13.92053,-0.3766356,38.1166,-15.68822,14.9009,-14.00959,13.59486,0
8.66774,5.256547,2.601087,10,-10,-10,84.77138,500,-10,500,-10,-13.85017,-0.4968063,38.19649,-15.73176,14.92533,-14.03223,13.63663,0
6.658926,0.6284153,8.827497,8.369058,-10,-10,83.76986,500,-10,500,-10,-13.78523,-0.6211842,38.27087,-15.80103,14.97471,-14.0246,13.64888,0
0.1898888,-4.677531,9.394336,-3.259083,-10,-10,82.76819,500,-10,500,-10,-13.83369,-0.7490845,38.34561,-16.04727,15.2004,-13.84029,13.48511,0
-3.331699,-7.774008,6.613768,-10,-10,-10,81.76576,500,-10,500,-10,-13.9964,-0.8716223,38.44371,-16.22726,15.36049,-13.74159,13.40631,0
-4.323839,-6.433268,7.15144,-10,-10,-10,80.76141,500,-10,500,-10,-14.21036,-0.9800293,38.58875,-16.31134,15.42663,-13.77768,13.46036,0
-7.417911,-1.579696,7.059193,-10,-10,-10,79.7552,500,-10,500,-10,-14.48677,-1.065197,38.79762,-16.41649,15.52587,-13.8456,13.53418,0
-6.420362,6.789948,3.712071,-10,-10,-10,78.74796,500,-10,500,-10,-14.83352,-1.114196,39.07716,-16.53537,15.6779,-13.95834,13.61377,0
2.420914,10.04619,0.3142625,-10,-10,-10,77.74038,500,-10,500,-10,-15.22097,-1.113706,39.39684,-16.66375,15.85831,-14.09484,13.69824,0
9.138906,3.811938,1.983649,-10,-5.111494,-10,76.73222,500,-10,500,-10,-15.56488,-1.086603,39.66964,-16.71674,16.07034,-14.2679,13.71225,0
7.673572,-4.286172,5.951956,-10,7.704308,-10,75.72346,500,-10,500,-10,-15.85707,-1.139707,39.88582,-16.66572,16.33359,-14.49804,13.62812,0
2.33818,-9.173961,4.691515,-10,10,-10,74.71463,500,-10,500,-10,-16.23486,-1.212601,40.18838,-16.77887,16.51346,-14.63559,13.69896,0
-0.385538,-10.697,-0.06617014,-10,10,-10,73.70581,500,-10,500,-10,-16.71512,-1.232064,40.59297,-16.96005,16.69105,-14.78965,13.8566,0
-1.514696,-9.82109,-2.755172,-10,10,-10,72.6965,500,-10,500,-10,-17.17965,-1.184622,40.98037,-17.11872,16.85599,-14.95198,14.01266,0
-5.267381,-8.220158,-3.298081,-10,10,-10,71.68564,500,-10,500,-10,-17.51266,-1.085884,41.23379,-17.21898,16.97016,-15.06169,14.10847,0
-8.92208,-4.90258,1.768528,-10,10,-10,70.67304,500,-10,500,-10,-17.72878,-0.9616077,41.36964,-17.27008,17.03903,-15.12316,14.15217,0
-5.710032,0.05040689,8.789888,-6.460935,10,-10,69.65958,500,-10,500,-10,-17.84931,-0.8267409,41.43988,-17.23179,17.02023,-15.21965,14.22917,0
1.351935,5.097383,9.409357,6.402246,10,-10,68.64596,500,-10,500,-10,-17.84598,-0.6886157,41.48074,-17.01713,16.82569,-15.46816,14.45756,0
4.009172,7.606675,6.02058,10,10,-10,67.63152,500,-10,500,-10,-17.77068,-0.5514418,41.52192,-16.95626,16.78495,-15.56316,14.53242,0
6.027385,6.66784,5.596503,10,10,-10,66.61491,500,-10,500,-10,-17.69477,-0.4171174,41.57132,-16.95968,16.80824,-15.60067,14.55006,0
8.567922,-0.1026766,5.490779,10,10,-10,65.59627,500,-10,500,-10,-17.61587,-0.2864715,41.62859,-16.96615,16.8342,-15.64165,14.57156,0
4.482922,-8.976691,1.773877,10,10,-10,64.57662,500,-10,500,-10,-17.53201,-0.1604909,41.69408,-16.9782,16.86518,-15.68386,14.59484,0
-5.971872,-8.531401,0.03817241,10,9.258255,-10,63.55662,500,-10,500,-10,-17.44114,-0.04100434,41.76498,-17.00171,16.89012,-15.7191,14.62865,0
-9.008097,1.11058,4.336442,10,-3.991552,-10,62.53604,500,-10,500,-10,-17.34197,0.05910574,41.74907,-17.13098,16.73642,-15.57664,14.76916,0
-3.375552,8.508482,4.57757,10,-10,-10,61.51514,500,-10,500,-10,-17.25017,0.1550824,41.64552,-17.14333,16.62837,-15.4785,14.79142,0
0.574891,10.14529,-0.9069592,10,-10,-10,60.49426,500,-10,500,-10,-17.16706,0.2599103,41.54977,-17.0952,16.59655,-15.44729,14.7439,0
1.803746,9.32629,-4.215362,10,-10,-10,59.47308,500,-10,500,-10,-17.092,0.3720247,41.46072,-17.05031,16.56917,-15.4184,14.69749,0
4.860875,7.473256,-4.911692,10,-10,-10,58.4507,500,-10,500,-10,-17.02433,0.4900866,41.37711,-17.00751,16.54489,-15.39191,14.65249,0
9.554304,5.178712,0.3636732,10,-10,-10,57.42617,500,-10,500,-10,-16.9636,0.612965,41.29753,-16.96633,16.52307,-15.36716,14.60837,0
6.992502,0.9681266,8.19434,5.86497,-10,-10,56.40034,500,-10,500,-10,-16.93267,0.7396421,41.2202,-16.9978,16.57461,-15.2716,14.49276,0
-1.696065,-4.24025,9.657331,-7.959318,-10,-10,55.3743,500,-10,500,-10,-17.03943,0.8663678,41.13388,-17.19889,16.7959,-14.99901,14.19995,0
-4.958591,-7.60177,5.205114,-10,-10,-10,54.34773,500,-10,500,-10,-17.23827,0.983386,41.00784,-17.19143,16.80736,-14.90203,14.08405,0
-6.498214,-7.031426,3.613182,-10,-10,-10,53.31889,500,-10,500,-10,-17.50033,1.081104,40.81682,-17.13141,16.76356,-14.80377,13.96958,0
-8.773865,0.2966775,4.390035,-10,-10,-10,52.28766,500,-10,500,-10,-17.84525,1.146708,40.5423,-17.04835,16.69208,-14.65937,13.8136,0
-3.634493,9.189431,1.336181,-10,-10,-10,51.25524,500,-10,500,-10,-18.25956,1.16369,40.19874,-16.94172,16.58912,-14.48133,13.63188,0
8.062453,6.934115,0.9924,-10,-5.359766,-10,50.22248,500,-10,500,-10,-18.64613,1.1468,39.88609,-16.79604,16.51954,-14.36794,13.44239,0
8.459113,-4.423821,4.364666,-10,10,-10,49.18922,500,-10,500,-10,-18.96237,1.224522,39.65036,-16.55527,16.60083,-14.4134,13.16579,0
0.5730746,-9.845345,1.07589,-10,10,-10,48.15575,500,-10,500,-10,-19.41786,1.299785,39.27575,-16.45048,16.44683,-14.20778,13.00939,0
-0.6252466,-7.766293,-5.18941,-10,10,-10,47.12216,500,-10,500,-10,-20.03167,1.308952,38.74367,-16.30206,16.22384,-13.91532,12.7915,0
-2.003933,-5.95964,-7.515285,-10,10,-10,46.08788,500,-10,500,-10,-20.55673,1.236879,38.30232,-16.14592,16.04981,-13.70577,12.59984,0
-6.956495,-4.848368,-4.778613,-10,10,-10,45.05184,500,-10,500,-10,-20.85863,1.11796,38.08707,-16.06969,15.95647,-13.60365,12.51482,0
-8.989263,-3.050868,4.06818,-8.963435,10,-10,44.0135,500,-10,500,-10,-21.03292,0.983214,37.99768,-16.02921,15.89641,-13.57006,12.50082,0
-0.4472535,0.5810466,10.43351,5.676409,10,-10,42.97442,500,-10,500,-10,-21.04394,0.843901,37.95957,-15.77277,15.61956,-13.79492,12.74609,0
6.869779,5.511409,5.623141,10,10,-10,41.93536,500,-10,500,-10,-20.96965,0.7051001,37.92355,-15.68812,15.51442,-13.84972,12.82139,0
7.074182,7.300612,1.405631,10,10,-10,40.89489,500,-10,500,-10,-20.8971,0.5685068,37.87882,-15.67288,15.47885,-13.8279,12.81989,0
9.751317,3.368317,1.504001,10,10,-10,39.85142,500,-10,500,-10,-20.82334,0.4348224,37.82664,-15.65382,15.43974,-13.80372,12.81576,0
6.541544,-7.591844,0.8797104,10,10,-10,38.80602,500,-10,500,-10,-20.74626,0.3048517,37.76717,-15.63085,15.39712,-13.77741,12.80911,0
-5.969374,-8.073518,-0.1706587,10,4.377029,-10,37.76009,500,-10,500,-10,-20.65701,0.1880597,37.73056,-15.68051,15.3023,-13.69742,12.8736,0
-8.511104,4.606445,2.458789,10,-10,-10,36.71382,500,-10,500,-10,-20.54205,0.1042605,37.82342,-15.88683,15.17174,-13.56805,13.08109,0
1.369499,9.576103,-1.269966,10,-10,-10,35.66723,500,-10,500,-10,-20.43277,0.01401119,37.932,-15.93966,15.21041,-13.60519,13.1324,0
2.412918,4.324295,-8.646571,10,-10,-10,34.62037,500,-10,500,-10,-20.33348,-0.08725807,38.02999,-15.9888,15.24366,-13.63724,13.18034,0
2.362104,1.892641,-9.313212,10,-10,-10,33.57249,500,-10,500,-10,-20.24028,-0.197474,38.11829,-16.03429,15.27181,-13.66492,13.22535,0
7.853276,3.112749,-5.333178,10,-10,-10,32.52277,500,-10,500,-10,-20.14062,-0.3155038,38.19658,-16.07517,15.29409,-13.6889,13.26794,0
8.009444,3.440457,4.607251,1.996448,-10,-10,31.47062,500,-10,500,-10,-20.10915,-0.4401794,38.26646,-16.25261,15.45181,-13.56936,13.16812,0
-2.617825,1.976957,9.936803,-10,-10,-10,30.41782,500,-10,500,-10,-20.22164,-0.5643479,38.34136,-16.50847,15.68788,-13.37557,12.99412,0
-9.547493,-2.858625,1.599718,-10,-10,-10,29.36513,500,-10,500,-10,-20.37733,-0.6789166,38.4404,-16.57312,15.73402,-13.39297,13.03004,0
-8.160819,-5.199697,-3.317808,-10,-10,-10,28.31093,500,-10,500,-10,-20.5623,-0.7786852,38.57109,-16.64934,15.79378,-13.42504,13.07856,0
-9.472999,0.3154644,-2.524056,-10,-10,-10,27.25341,500,-10,500,-10,-20.78276,-0.857447,38.7387,-16.73723,15.86976,-13.47604,13.14147,0
-2.296649,9.639762,0.3379274,-10,-8.75995,-10,26.19397,500,-10,500,-10,-21.03287,-0.9110305,38.9348,-16.81077,15.98704,-13.56498,13.18667,0
9.759171,3.10628,-0.897364,-10,8.430472,-10,25.13423,500,-10,500,-10,-21.17151,-1.017031,38.98386,-16.65049,16.20368,-13.76591,13.01068,0
3.187031,-9.577501,0.3470839,-10,10,-10,24.07412,500,-10,500,-10,-21.27033,-1.158026,38.98222,-16.64939,16.21463,-13.76566,12.99838,0
-7.466194,-3.762146,-4.735893,-10,10,-10,23.01368,500,-10,500,-10,-21.40759,-1.298301,39.02194,-16.68199,16.23049,-13.76597,13.01542,0
-4.108888,3.953262,-7.770546,-10,10,-10,21.95235,500,-10,500,-10,-21.66843,-1.434448,39.18679,-16.76265,16.31598,-13.8219,13.06653,0
-6.340868,1.869284,-7.329947,-9.593287,10,-10,20.8891,500,-10,500,-10,-22.85193,-1.547089,40.27604,-17.21497,16.86175,-14.27212,13.4233,0
-8.883829,-3.741466,2.3269,2.693168,10,-10,19.82355,500,-10,500,-10,-17.53452,-1.500558,34.94301,-14.43335,14.11891,-12.63485,11.74725,0
0.1849458,-7.264201,7.279864,10,10,-10,18.75661,500,-10,500,-10,-18.00443,-1.370652,35.51415,-14.5363,14.24,-13.00515,12.09941,0
8.266509,-5.933604,1.058237,10,10,-10,17.68985,500,-10,500,-10,-17.94591,-1.229984,35.55713,-14.54085,14.26443,-13.03621,12.11059,0
5.519917,-3.711566,-7.371061,10,10,-10,16.62238,500,-10,500,-10,-17.89151,-1.090117,35.60648,-14.54827,14.29174,-13.06968,12.12417,0
4.69828,-4.887276,-7.446472,10,10,-10,15.55264,500,-10,500,-10,-17.83658,-0.9514433,35.65865,-14.55904,14.31796,-13.10213,12.14117,0
1.937207,-9.827347,-0.7326127,10,1.079015,-10,14.48004,500,-10,500,-10,-17.72794,-0.8391114,35.64611,-14.6398,14.2145,-13.01099,12.23424,0
-8.440619,-3.573042,-1.961364,10,-10,-10,13.40686,500,-10,500,-10,-17.49574,-0.7807575,35.46648,-14.67084,14.00831,-12.8311,12.29159,0
-2.726216,9.109854,-1.440172,10,-10,-10,12.33341,500,-10,500,-10,-17.28647,-0.6982956,35.30874,-14.59016,13.93958,-12.78109,12.22962,0
9.138837,1.456598,4.997631,10,-10,-10,11.25958,500,-10,500,-10,-17.10981,-0.5946884,35.18658,-14.52894,13.89353,-12.74108,12.17445,0
4.871447,-8.805332,-0.3179338,9.92985,-10,-10,10.18527,500,-10,500,-10,-16.96098,-0.4764554,35.09576,-14.48087,13.8629,-12.71391,12.12983,0
7.538961,-6.510296,-0.8245623,-1.853879,-10,-10,9.108988,500,-10,500,-10,-16.90146,-0.3487393,35.02974,-14.64537,14.04639,-12.49469,11.89163,0
7.6164,4.297508,4.501098,-10,-10,-10,8.030655,500,-10,500,-10,-16.98264,-0.2203305,34.96867,-14.75765,14.17789,-12.33182,11.70953,0
0.3129139,10.30455,1.724567,-10,-10,-10,6.95162,500,-10,500,-10,-17.06971,-0.0971478,34.89899,-14.72897,14.16782,-12.30275,11.66186,0
4.169473,8.911216,0.7941967,-10,-10,-10,5.872588,500,-10,500,-10,-17.16454,0.01946774,34.81969,-14.69788,14.1545,-12.26814,11.60948,0
0.6248682,8.61339,5.720488,-10,-9.606371,-10,4.793292,500,-10,500,-10,-17.26873,0.1278213,34.7315,-14.66038,14.14255,-12.23257,11.54836,0
-0.002154917,9.145384,5.16624,-10,5.105842,-10,3.713158,500,-10,500,-10,-17.36758,0.2297623,34.7274,-14.49105,14.32038,-12.39849,11.36712,0
6.325711,5.949158,5.015677,-10,10,-10,2.631157,500,-10,500,-10,-17.4446,0.3399521,34.81842,-14.46349,14.42022,-12.50148,11.34271,0
8.532179,-3.603003,-3.410707,-10,10,-10,1.548582,500,-10,500,-10,-17.514,0.4564381,34.90367,-14.48811,14.46308,-12.5475,11.37048,0
-0.2060407,-9.971469,2.137881,-10,10,-10,0.533703,500,-10,500,-10,-17.57631,0.5780337,34.98453,-14.51039,14.5045,-12.59221,11.39606,0
2.056168,3.377275,8.945289,-8.01454,10,-10,0.44,500,-10,500,-10,-17.62136,0.7037246,35.06259,-14.49665,14.51064,-12.67063,11.4546,0
-0.62857,9.509492,1.96621,8.748072,10,-10,0.44,500,-10,500,-10,-17.51619,0.8303893,35.1465,-14.22495,14.2591,-13.01187,11.77568,0
-4.518802,5.124187,6.696527,10,10,-10,0.44,500,-10,500,-10,-17.32391,0.9473979,35.26746,-14.22648,14.27951,-13.11057,11.85549,0
-1.393949,-8.966126,4.062572,10,10,-10,0.44,500,-10,500,-10,-17.07475,1.045873,35.4472,-14.27308,14.34239,-13.21289,11.94154,0
-4.933905,-4.582827,-7.475715,10,10,-10,0.44,500,-10,500,-10,-16.75172,1.114234,35.70157,-14.36223,14.4274,-13.33451,12.0673,0
-6.442845,7.331205,2.178856,10,-0.3773165,-10,0.44,500,-10,500,-10,-16.45708,1.176695,35.9176,-14.56293,14.37231,-13.31281,12.30138,0
0.7524175,10.32675,2.055015,10,-10,-10,0.44,500,-10,500,-10,-16.32299,1.315006,35.95356,-14.67062,14.27922,-13.23491,12.42427,0
1.428615,9.487864,3.183398,10,-10,-10,0.44,500,-10,500,-10,-16.06806,1.452169,36.11151,-14.72371,14.32812,-13.31269,12.50625,0
-3.195143,8.634903,4.966956,10,-10,-10,0.44,500,-10,500,-10,-13.65732,1.565734,38.42484,-15.60052,15.12118,-14.35269,13.62998,0
-1.983212,10.26369,-0.5542556,9.486725,-10,-10,0.44,500,-10,500,-10,2.773504,1.561402,54.75848,-21.36465,21.01992,-22.12243,21.26512,0
-3.951396,7.597867,4.661287,-3.698478,-10,-10,0.44,500,-10,500,-10,2.19077,1.653932,54.16621,-21.34581,21.06622,-21.65052,20.72808,0
-8.89816,-4.125387,0.3879984,-10,-10,-10,0.44,500,-10,500,-10,2.270741,1.793765,54.34699,-21.50631,21.2499,-21.63982,20.69419,0
-5.626433,-7.601433,2.216,-10,-10,-10,0.44,500,-10,500,-10,2.220868,1.934078,54.39895,-21.51722,21.28422,-21.67196,20.70292,0
-5.804592,3.308946,7.342798,-10,-10,-10,0.44,500,-10,500,-10,2.169009,2.073545,54.4513,-21.53016,21.31713,-21.7024,20.71339,0
2.562416,7.969497,-4.586962,-10,-3.132168,-10,0.44,500,-10,500,-10,2.066116,2.191513,54.44652,-21.44514,21.4065,-21.78345,20.62006,0
4.190354,-7.737128,-3.673662,-10,10,-10,0.44,500,-10,500,-10,1.806955,2.248512,54.24869,-21.22279,21.49226,-21.84188,20.37037,0
-8.507257,-4.082328,-1.384483,-10,10,-10,0.44,500,-10,500,-10,1.568863,2.329598,54.06903,-21.16269,21.4441,-21.75313,20.26968,0
-3.848648,1.976803,-8.709522,-10,10,-10,0.44,500,-10,500,-10,1.3741,2.434566,53.93567,-21.11716,21.41403,-21.68815,20.18923,0
-5.044656,-5.871384,-6.212578,-8.52296,10,-10,0.44,500,-10,500,-10,1.22225,2.555099,53.84169,-21.05739,21.37202,-21.67005,20.15338,0
-0.6446147,-10.11541,0.9354408,8.582467,10,-10,0.44,500,-10,500,-10,1.231778,2.683576,53.77311,-20.73111,21.06466,-21.9395,20.4039,0
-0.8902841,-9.846536,-1.357029,10,10,-10,0.44,500,-10,500,-10,1.303624,2.809874,53.70418,-20.66849,21.02065,-21.94501,20.3908,0
-0.2106931,-10.49423,-0.1750455,10,10,-10,0.44,500,-10,500,-10,1.381662,2.931231,53.62894,-20.62789,20.99793,-21.92327,20.35119,0
0.1765303,-8.785349,-5.036309,10,10,-10,0.44,500,-10,500,-10,1.467124,3.046469,53.54629,-20.58481,20.97183,-21.89786,20.30881,0
2.666512,-9.240995,-2.441415,10,-1.353266,-10,0.44,500,-10,500,-10,1.563607,3.150736,53.51928,-20.68924,20.83596,-21.77106,20.4223,0
-5.412014,-7.439147,-3.193362,10,-10,-10,0.44,500,-10,500,-10,1.66064,3.25246,53.61685,-20.80683,20.77382,-21.73431,20.56528,0
-2.046942,6.787517,-6.477064,10,-10,-10,0.44,500,-10,500,-10,1.748842,3.36296,53.70515,-20.82358,20.80685,-21.79073,20.60542,0
-0.9155493,3.020077,8.734382,10,-10,-10,0.44,500,-10,500,-10,1.829339,3.480583,53.78527,-20.83733,20.83792,-21.84336,20.64072,0
1.792715,-9.068556,3.079631,2.66158,-10,-10,0.44,500,-10,500,-10,1.861596,3.603801,53.85865,-20.97589,20.99463,-21.76561,20.54482,0
7.220596,-5.80885,2.633899,-10,-10,-10,0.44,500,-10,500,-10,1.743847,3.726457,53.93752,-21.21556,21.25237,-21.59128,20.35243,0
3.135484,9.099274,2.266143,-10,-10,-10,0.44,500,-10,500,-10,1.583579,3.838786,54.04165,-21.25201,21.30537,-21.64111,20.38571,0
2.59272,3.440815,-7.965109,-10,-10,-10,0.44,500,-10,500,-10,1.392821,3.935352,54.17847,-21.30367,21.37126,-21.70283,20.4332,0
7.055314,-6.961223,2.393141,-10,-5.27089,-10,0.44,500,-10,500,-10,1.193688,4.017779,54.31555,-21.30878,21.49501,-21.8113,20.42303,0
-1.487299,-9.112556,5.025478,-10,10,-10,0.44,500,-10,500,-10,1.13276,4.13946,54.26675,-21.10999,21.65802,-21.96964,20.21957,0
-2.006162,-5.488495,8.51928,-10,10,-10,0.44,500,-10,500,-10,1.110764,4.27178,54.17536,-21.06479,21.63232,-21.93912,20.16956,0
8.610948,-4.08773,3.670488,-10,10,-10,0.44,500,-10,500,-10,1.112467,4.401946,54.06263,-21.01373,21.60042,-21.89678,20.10804,0
1.855596,-8.638903,-4.357898,-8.516724,10,-10,0.44,500,-10,500,-10,1.18826,4.535171,53.88778,-20.91168,21.518,-21.85395,20.04559,0
6.349853,-7.207675,1.94497,8.63841,10,-10,0.44,500,-10,500,-10,1.768918,4.659313,53.34791,-20.38535,21.00993,-21.93294,20.10633,0
7.449205,5.894037,-0.5951764,10,10,-10,0.44,500,-10,500,-10,8.038021,4.697556,47.17718,-17.44051,18.05269,-19.76479,17.95057,0
6.707683,4.063974,5.80199,10,10,-10,0.44,500,-10,500,-10,8.675949,4.693573,46.63963,-17.2036,17.79701,-19.55629,17.76084,0
0.4666476,-9.728546,1.878194,10,8.446224,-10,0.44,500,-10,500,-10,19.03481,4.669049,36.38043,-12.36436,12.8417,-15.89487,14.21549,0
-2.071772,2.323496,-8.860452,10,-10,-10,0.44,500,-10,500,-10,17.79495,4.606209,37.72144,-13.27237,13.22665,-16.09801,14.94168,0
5.518154,6.802463,3.995196,10,-10,-10,0.44,500,-10,500,-10,18.09804,4.468146,37.5176,-13.1571,13.09105,-16.04437,14.90839,0
6.907789,-4.002375,-5.502575,10,-10,-10,0.44,500,-10,500,-10,18.17136,4.327467,37.54575,-13.16619,13.07941,-16.05861,14.94335,0
5.210258,4.280304,-6.842349,5.482897,-10,-10,0.44,500,-10,500,-10,18.20735,4.187636,37.58878,-13.26137,13.15399,-15.99909,14.90442,0
-1.816443,9.528394,-0.9100201,-10,-10,-10,0.44,500,-10,500,-10,18.108,4.047885,37.6233,-13.54685,13.41888,-15.74221,14.66814,0
3.928231,6.823237,-5.741741,-10,-10,-10,0.44,500,-10,500,-10,18.00402,3.907041,37.62814,-13.55497,13.40625,-15.7381,14.68477,0
5.634119,6.836267,5.21614,-10,-10,-10,0.44,500,-10,500,-10,17.91371,3.766592,37.61327,-13.55283,13.38342,-15.72792,14.69529,0
-0.02725909,9.796179,2.605982,-10,-7.908675,-10,0.44,500,-10,500,-10,17.82446,3.633173,37.59501,-13.52497,13.383,-15.74065,14.68058,0
1.780896,10.20851,0.8942117,-10,10,-10,0.44,500,-10,500,-10,17.66982,3.577131,37.71579,-13.38386,13.63691,-15.98184,14.52674,0
6.369361,4.761777,-5.176836,-10,10,-10,0.44,500,-10,500,-10,17.5124,3.517455,37.85573,-13.45436,13.69863,-16.02729,14.58098,0
-0.95116,-8.564402,-4.641707,-10,10,-10,0.44,500,-10,500,-10,17.36854,3.438878,37.98066,-13.51845,13.75114,-16.06671,14.63198,0
6.905606,-0.6870701,6.046045,-3.864367,10,-10,0.44,500,-10,500,-10,17.27345,3.344892,38.08988,-13.46899,13.68784,-16.20667,14.78579,0
0.163322,8.795201,4.684501,10,10,-10,0.44,500,-10,500,-10,17.32982,3.245033,38.19114,-13.27595,13.48008,-16.48362,15.07745,0
-5.858387,-0.7620621,7.735575,10,10,-10,0.44,500,-10,500,-10,17.42163,3.1526,38.298,-13.31881,13.50933,-16.5293,15.13674,0
3.193709,-7.717097,-4.062885,10,10,-10,0.44,500,-10,500,-10,17.52312,3.070602,38.41274,-13.36375,13.54219,-16.57943,15.19895,0
-2.336786,7.548662,-5.269077,10,-0.5698378,-10,0.44,500,-10,500,-10,17.62794,2.982938,38.47812,-13.50439,13.4319,-16.49296,15.36341,0
4.722652,8.454042,-2.246547,10,-10,-10,0.44,500,-10,500,-10,17.71781,2.854391,38.4229,-13.57935,13.27557,-16.37225,15.474,0
0.1568992,9.6282,-3.153867,10,-10,-10,0.44,500,-10,500,-10,17.80345,2.720691,38.37605,-13.55348,13.23,-16.35931,15.48075,0
-3.354994,8.531219,4.517064,10,-10,-10,0.44,500,-10,500,-10,17.88774,2.583692,38.33942,-13.54144,13.19778,-16.34099,15.48261,0
-5.752543,5.735759,-5.436268,-0.2772204,-10,-10,0.44,500,-10,500,-10,17.91429,2.444465,38.31319,-13.71264,13.34847,-16.14805,15.31018,0
4.392024,7.969474,-3.483743,-10,-10,-10,0.44,500,-10,500,-10,17.80091,2.305647,38.28059,-13.87927,13.49465,-15.95442,15.137,0
-2.052843,8.892358,-2.996627,-10,-10,-10,0.44,500,-10,500,-10,17.65152,2.170904,38.21645,-13.86713,13.46265,-15.91341,15.11584,0
-6.263399,4.224117,-5.214386,-10,-9.793397,-10,0.44,500,-10,500,-10,17.45488,2.044683,38.10224,-13.83074,13.41233,-15.85517,15.07154,0
-2.967633,9.360058,1.898222,-10,3.565092,-10,0.44,500,-10,500,-10,17.35946,1.940073,38.10517,-13.69475,13.56174,-15.99358,14.92455,0
-0.5572005,2.412268,-8.511965,-10,10,-10,0.44,500,-10,500,-10,17.57041,1.853387,38.43552,-13.77239,13.77152,-16.18966,14.98849,0
1.188542,-9.154803,2.372357,-10,10,-10,0.44,500,-10,500,-10,17.94642,1.79687,38.92869,-13.95295,13.96946,-16.41774,15.19919,0
-1.808151,5.035165,8.122882,-8.398054,10,-10,0.44,500,-10,500,-10,18.47216,1.797651,39.56198,-14.10695,14.22609,-16.78848,15.4673,0
-8.521408,3.158236,2.222645,8.813557,10,-10,0.44,500,-10,500,-10,19.01009,1.869821,40.06673,-13.94925,14.15512,-17.3644,15.95649,0
-0.252122,-9.58083,0.3682292,10,10,-10,0.44,500,-10,500,-10,19.32801,1.990395,40.29594,-13.99292,14.22436,-17.51066,16.07718,0
0.8819684,0.7534181,-8.957194,10,10,-10,0.44,500,-10,500,-10,19.50521,2.126444,40.38107,-14.00472,14.25621,-17.5694,16.11587,0
-4.155702,9.092731,0.8226993,10,1.473798,-10,0.44,500,-10,500,-10,19.67172,2.230979,40.46189,-14.11258,14.18746,-17.52851,16.25158,0
0.8809421,9.111351,5.056102,10,-10,-10,0.44,500,-10,500,-10,19.93895,2.25398,40.67428,-14.3004,14.1203,-17.51667,16.49473,0
-1.782704,3.237392,9.464061,10,-10,-10,0.44,500,-10,500,-10,20.19663,2.305291,40.87895,-14.35393,14.18139,-17.63273,16.60323,0
-8.967096,1.137601,-2.668457,9.724466,-10,-10,0.44,500,-10,500,-10,20.41766,2.387359,41.04618,-14.3986,14.23815,-17.72663,16.68504,0
2.737593,6.984564,-6.200309,-2.663424,-10,-10,0.44,500,-10,500,-10,20.52388,2.490942,41.17441,-14.64078,14.49559,-17.59069,16.53384,0
-4.211107,8.05788,-1.914604,-10,-10,-10,0.44,500,-10,500,-10,20.48808,2.599969,41.28452,-14.79842,14.66928,-17.52429,16.45138,0
-9.099096,-0.7615803,-1.474697,-10,-10,-10,0.44,500,-10,500,-10,20.44093,2.70545,41.39199,-14.83132,14.71773,-17.58043,16.49198,0
-3.710552,6.657921,6.385271,-10,-8.356894,-10,0.44,500,-10,500,-10,20.38085,2.806401,41.4909,-14.84398,14.78225,-17.64974,16.50942,0
-2.435702,4.454531,-7.743927,-10,9.266296,-10,0.44,500,-10,500,-10,20.26837,2.910867,41.44573,-14.6281,14.97862,-17.82819,16.27563,0
-0.2024353,-9.542957,0.5494085,-10,10,-10,0.44,500,-10,500,-10,20.15179,3.02716,41.36433,-14.58897,14.97314,-17.79987,16.21365,0
-6.618999,2.371978,6.371075,-9.754485,10,-10,0.44,500,-10,500,-10,20.04725,3.151754,41.29807,-14.55812,14.96065,-17.77582,16.17125,0
-8.894655,-1.905284,-2.333731,3.053966,10,-10,0.44,500,-10,500,-10,20.03081,3.282058,41.24404,-14.31241,14.73413,-17.97676,16.35299,0
3.404017,-9.002903,-0.4287394,10,10,-10,0.44,500,-10,500,-10,20.14132,3.410785,41.18561,-14.15794,14.59863,-18.08281,16.44008,0
-1.523447,0.9040672,-8.870474,10,10,-10,0.44,500,-10,500,-10,20.26397,3.532173,41.11047,-14.11582,14.57438,-18.06268,16.40207,0
-6.731414,5.818313,3.819731,10,8.032701,-10,0.44,500,-10,500,-10,20.39773,3.643224,41.02683,-14.09311,14.52373,-18.01608,16.38342,0
1.101576,1.904304,9.926517,10,-10,-10,0.44,500,-10,500,-10,20.46067,3.744305,41.09859,-14.31018,14.34962,-17.85847,16.61698,0
-6.357074,-4.276151,6.273194,10,-10,-10,0.44,500,-10,500,-10,20.4923,3.849077,41.21525,-14.3414,14.39628,-17.92391,16.66699,0
-5.774338,-0.6774249,-7.511612,9.881272,-10,-10,0.44,500,-10,500,-10,20.50945,3.956485,41.33836,-14.37768,14.44838,-17.98964,16.7169,0
2.900317,8.638746,-2.964172,-1.824968,-10,-10,0.44,500,-10,500,-10,20.43666,4.064507,41.47464,-14.6212,14.70782,-17.85904,16.57038,0
-8.4087,3.467933,-1.075196,-10,-10,-10,0.44,500,-10,500,-10,20.19507,4.160286,41.65212,-14.83127,14.93199,-17.79602,16.49326,0
-7.081131,-0.9989924,6.059401,-10,-10,-10,0.44,500,-10,500,-10,19.88435,4.226383,41.89653,-14.94535,15.0534,-17.88446,16.57437,0
-0.01860142,9.424218,2.311745,-10,-7.480783,-10,0.44,500,-10,500,-10,19.53446,4.258805,42.17784,-15.06884,15.20265,-17.99406,16.65821,0
-2.970929,-3.204394,-7.374927,-10,10,-10,0.44,500,-10,500,-10,19.33538,4.369631,42.28729,-14.92934,15.4554,-18.22426,16.49615,0
-2.559295,-6.176831,6.678601,-10,10,-10,0.44,500,-10,500,-10,19.073,4.50142,42.45707,-15.01929,15.53586,-18.27498,16.55637,0
-9.108992,-0.8161401,-1.290153,-8.771037,10,-10,0.44,500,-10,500,-10,18.45576,4.609711,42.98808,-15.28717,15.73607,-18.44708,16.79614,0
-1.098906,-9.613291,-0.142648,6.581212,10,-10,0.44,500,-10,500,-10,16.99982,4.620005,44.47397,-15.80617,16.21286,-19.15928,17.55054,0
4.958342,-3.471075,-7.243053,10,10,-10,0.44,500,-10,500,-10,16.62646,4.489416,44.94982,-15.99636,16.38381,-19.36337,17.77388,0
-8.43081,3.106478,-2.574777,10,10,-10,0.44,500,-10,500,-10,16.65327,4.349641,45.02575,-16.03659,16.40345,-19.38605,17.81715,0
-3.234386,0.6318406,9.666992,10,1.471337,-10,0.44,500,-10,500,-10,16.78248,4.237321,44.99273,-16.11989,16.27815,-19.27539,17.91509,0
-3.558073,-6.074178,7.233721,10,-10,-10,0.44,500,-10,500,-10,17.11206,4.180901,44.73309,-16.12344,16.01507,-19.05671,17.96304,0
-7.238479,-4.877136,-3.805423,10,-10,-10,0.44,500,-10,500,-10,17.38843,4.090897,44.52659,-16.01645,15.89482,-18.99259,17.91218,0
3.064537,5.110326,-7.154364,8.25115,-10,-10,0.44,500,-10,500,-10,17.58818,3.976154,44.39114,-15.97848,15.83994,-18.91834,17.85484,0
-4.945684,8.202003,1.057262,-8.290854,-10,-10,0.44,500,-10,500,-10,17.60754,3.84966,44.30133,-16.22506,16.06789,-18.59735,17.55247,0
-7.061773,-0.4202139,6.309443,-10,-10,-10,0.44,500,-10,500,-10,17.55819,3.723673,44.22026,-16.22713,16.0514,-18.5281,17.50178,0
0.7429653,7.691294,5.759254,-10,-9.698157,-10,0.44,500,-10,500,-10,17.50012,3.60144,44.14021,-16.19738,16.01045,-18.49151,17.47641,0
-4.253501,1.588459,-7.882838,-10,3.36298,-10,0.44,500,-10,500,-10,17.40002,3.498818,44.14505,-16.06582,16.15788,-18.62709,17.33298,0
-0.4237583,-9.177835,2.606352,-10,10,-10,0.44,500,-10,500,-10,17.26231,3.407776,44.25905,-16.06046,16.28856,-18.72692,17.29677,0
-9.019969,-4.02104,0.03081954,-10,10,-10,0.44,500,-10,500,-10,17.13889,3.303154,44.35639,-16.12192,16.33462,-18.74611,17.33137,0
-1.756714,-9.882912,-0.693243,0.03663659,10,-10,0.44,500,-10,500,-10,17.08613,3.188251,44.43892,-16.00208,16.19785,-18.93432,17.53651,0
6.776145,-4.637193,-4.830157,10,10,-10,0.44,500,-10,500,-10,17.1727,3.072491,44.51951,-15.87461,16.05333,-19.12857,17.74782,0
-6.81996,1.532476,-6.155283,10,10,-10,0.44,500,-10,500,-10,17.28192,2.964941,44.61115,-15.91993,16.0828,-19.15918,17.79427,0
-6.734298,-0.6329175,7.296029,10,8.087635,-10,0.44,500,-10,500,-10,17.40072,2.86722,44.70617,-15.98687,16.09228,-19.17098,17.86352,0
-3.919872,-6.886751,6.346075,10,-10,-10,0.44,500,-10,500,-10,17.48619,2.758369,44.66064,-16.17223,15.8543,-18.94789,18.06378,0
-6.921669,-6.795949,-2.989123,10,-10,-10,0.44,500,-10,500,-10,17.55388,2.638746,44.57928,-16.13868,15.80312,-18.91404,18.04755,0
1.749007,2.473798,-8.848152,9.163571,-10,-10,0.44,500,-10,500,-10,17.61074,2.514464,44.50208,-16.1221,15.76823,-18.86665,18.01847,0
-2.759299,9.026211,0.5034037,-4.256732,-10,-10,0.44,500,-10,500,-10,17.5621,2.387593,44.42427,-16.32544,15.95289,-18.59883,17.76934,0
-6.83213,1.70351,6.556087,-10,-10,-10,0.44,500,-10,500,-10,17.38909,2.266813,44.32149,-16.39265,16.00231,-18.44646,17.63476,0
0.619108,7.387405,6.030379,-10,-10,-10,0.44,500,-10,500,-10,17.17022,2.16133,44.1705,-16.34035,15.93447,-18.37364,17.57748,0
-3.728758,3.768205,-7.122697,-10,-0.7307171,-10,0.44,500,-10,500,-10,16.97603,2.067003,44.05737,-16.19963,15.98858,-18.42063,17.42963,0
0.1082336,-9.687209,-0.6037105,-10,10,-10,0.44,500,-10,500,-10,16.98682,1.944766,44.18092,-16.14642,16.15901,-18.57621,17.36158,0
-7.287443,-6.566662,1.252959,-10,10,-10,0.44,500,-10,500,-10,17.083,1.821568,44.389,-16.24963,16.24407,-18.64541,17.44893,0
-0.7103125,-9.832821,0.1516836,-3.645815,10,-10,0.44,500,-10,500,-10,17.41305,1.708903,44.79179,-16.31833,16.2972,-18.91047,17.72955,0
6.844485,-4.954503,-4.481401,10,10,-10,0.44,500,-10,500,-10,18.59754,1.651382,45.91141,-16.42724,16.52625,-19.72925,18.42821,0
-5.647441,0.4102137,-7.424767,10,10,-10,0.44,500,-10,500,-10,19.60935,1.751974,46.82608,-16.68835,16.88467,-20.22603,18.82767,0
-8.100985,-1.533537,5.40668,10,8.818089,-10,0.44,500,-10,500,-10,19.72711,1.88908,46.84411,-16.69123,16.88114,-20.23809,18.84615,0
-4.921354,-7.313835,5.139918,10,-6.5809,-10,0.44,500,-10,500,-10,20.042,1.959785,47.0729,-16.92232,16.77587,-20.19658,19.14098,0
-6.191677,-6.835303,-2.281327,10,-10,-10,0.44,500,-10,500,-10,20.4294,2.028545,47.3848,-17.04302,16.82971,-20.3343,19.34558,0
0.9468124,1.760625,-9.200344,9.690793,-10,-10,0.44,500,-10,500,-10,20.70237,2.136094,47.58109,-17.09387,16.8964,-20.44611,19.44154,0
-0.7396141,9.540373,0.3602364,-1.375234,-10,-10,0.44,500,-10,500,-10,20.82226,2.262473,47.69258,-17.30566,17.12681,-20.3267,19.30351,0
-5.788301,3.825151,6.831805,-10,-10,-10,0.44,500,-10,500,-10,20.79097,2.393125,47.77257,-17.4732,17.31359,-20.22544,19.183,0
0.5511097,7.922378,5.698444,-10,-10,-10,0.44,500,-10,500,-10,20.74127,2.521637,47.84934,-17.49413,17.35346,-20.26812,19.20675,0
-2.912727,4.752427,-6.69386,-10,-3.677493,-10,0.44,500,-10,500,-10,20.66335,2.63692,47.88676,-17.43236,17.45105,-20.36089,19.14016,0
0.4905761,-9.447777,-3.107013,-10,10,-10,0.44,500,-10,500,-10,20.51416,2.720216,47.77983,-17.24234,17.58129,-20.46231,18.92131,0
-5.232978,-8.714784,1.306534,-10,10,-10,0.44,500,-10,500,-10,20.36972,2.814355,47.66594,-17.20312,17.55594,-20.40716,18.8523,0
0.03817081,-9.972084,0.4841412,-6.712698,10,-10,0.44,500,-10,500,-10,20.25948,2.922185,47.57079,-17.1119,17.48061,-20.41954,18.84879,0
6.702355,-5.765861,-4.199251,7.896099,10,-10,0.44,500,-10,500,-10,20.28882,3.036999,47.48728,-16.82381,17.20943,-20.63844,19.05078,0
-4.138591,-0.8041462,-7.794616,10,10,-10,0.44,500,-10,500,-10,20.38244,3.147185,47.399,-16.74372,17.14558,-20.64538,19.04148,0
-9.243631,-3.10907,2.606877,10,9.558133,-10,0.44,500,-10,500,-10,20.48568,3.24854,47.30298,-16.70193,17.10877,-20.6076,18.99873,0
-5.603855,-7.489809,4.144275,10,-3.141336,-10,0.44,500,-10,500,-10,20.5873,3.34875,47.27965,-16.82374,16.95936,-20.46647,19.12881,0
-6.203551,-7.007171,-2.150024,10,-10,-10,0.44,500,-10,500,-10,20.66868,3.465519,47.36079,-16.91613,16.91451,-20.44131,19.24089,0
-0.7070846,0.6124209,-9.410509,10,-10,-10,0.44,500,-10,500,-10,20.74338,3.5882,47.43472,-16.92873,16.94518,-20.48997,19.27148,0
0.5326458,9.87889,-0.5302783,2.314056,-10,-10,0.44,500,-10,500,-10,20.76756,3.715454,47.50298,-17.07268,17.10787,-20.40258,19.16535,0
-4.497284,5.576972,6.767865,-10,-10,-10,0.44,500,-10,500,-10,20.64818,3.84187,47.57889,-17.30631,17.36012,-20.23185,18.97599,0
0.1834261,7.899504,5.592595,-10,-10,-10,0.44,500,-10,500,-10,20.47691,3.95847,47.68521,-17.34478,17.41577,-20.28148,19.00844,0
-2.151551,6.22647,-6.413506,-10,-7.923165,-10,0.44,500,-10,500,-10,20.27879,4.060214,47.81703,-17.37177,17.50452,-20.36371,19.02892,0
1.671567,-7.554404,-5.422923,-10,8.952649,-10,0.44,500,-10,500,-10,20.22918,4.168693,47.75636,-17.15504,17.68379,-20.53016,18.79937,0
-2.069068,-9.700715,1.527592,-10,10,-10,0.44,500,-10,500,-10,20.27087,4.285194,47.59372,-17.07512,17.64461,-20.47532,18.70379,0
0.21409,-10.13424,0.5344517,-9.082623,10,-10,0.44,500,-10,500,-10,20.3817,4.397099,47.37014,-16.96717,17.55315,-20.39801,18.60999,0
6.503982,-6.93442,-2.897,3.683644,10,-10,0.44,500,-10,500,-10,20.72968,4.494207,47.00608,-16.59633,17.19662,-20.4672,18.66487,0
-1.636393,-2.937512,-8.507092,10,10,-10,0.44,500,-10,500,-10,21.47809,4.536751,46.34386,-16.19542,16.79006,-20.3194,18.52272,0
-9.042889,-4.193114,-0.1519254,10,10,-10,0.44,500,-10,500,-10,22.23356,4.473577,45.67762,-15.93414,16.41369,-20.02864,18.34705,0
-5.643401,-7.497415,3.453473,10,3.341695,-10,0.44,500,-10,500,-10,22.62074,4.38071,45.38029,-15.89634,16.16126,-19.82008,18.35312,0
-5.989879,-7.563178,-1.316224,10,-10,-10,0.44,500,-10,500,-10,23.07491,4.365811,44.99979,-15.88599,15.80486,-19.51515,18.39424,0
-2.832689,-0.876375,-8.647788,10,-10,-10,0.44,500,-10,500,-10,23.49864,4.30616,44.63366,-15.70401,15.6141,-19.39376,18.28163,0
1.133263,8.915699,-3.383987,8.298836,-10,-10,0.44,500,-10,500,-10,23.80373,4.204463,44.39934,-15.61119,15.50629,-19.29242,18.19528,0
-3.283951,6.92273,5.918263,-6.405401,-10,-10,0.44,500,-10,500,-10,23.89082,4.081247,44.265,-15.80094,15.67789,-18.99135,17.91236,0
0.1463163,7.449619,6.836886,-10,-10,-10,0.44,500,-10,500,-10,23.87066,3.954745,44.16368,-15.82371,15.68202,-18.88464,17.82428,0
-1.354902,8.519713,-4.218279,-10,-9.641695,-10,0.44,500,-10,500,-10,23.834,3.830284,44.07388,-15.78757,15.63562,-18.84636,17.79627,0
1.791898,-3.809962,-8.351382,-10,2.692506,-10,0.44,500,-10,500,-10,23.73091,3.727483,44.08194,-15.66593,15.77658,-18.97469,17.662,0
1.447547,-10.07647,-0.1270128,-10,10,-10,0.44,500,-10,500,-10,23.56078,3.640617,44.2125,-15.66254,15.92495,-19.08626,17.62181,0
0.4978866,-10.19217,0.7496809,-10,10,-10,0.44,500,-10,500,-10,23.41157,3.536837,44.31976,-15.73024,15.97736,-19.10744,17.65828,0
5.950015,-8.117171,-0.570168,-4.762479,10,-10,0.44,500,-10,500,-10,23.31074,3.42053,44.4052,-15.69638,15.92637,-19.21209,17.78006,0
1.989354,-5.481819,-7.940978,9.204264,10,-10,0.44,500,-10,500,-10,23.35327,3.299077,44.47926,-15.50065,15.71275,-19.46918,18.05504,0
-6.951259,-5.756495,-4.29194,10,10,-10,0.44,500,-10,500,-10,23.44346,3.182373,44.55907,-15.5287,15.72361,-19.50727,18.11032,0
-5.836554,-8.510008,1.19527,10,9.344764,-10,0.44,500,-10,500,-10,23.54248,3.073573,44.64543,-15.57954,15.74366,-19.52798,18.16182,0
-4.740991,-8.893963,-0.1231194,10,-3.716215,-10,0.44,500,-10,500,-10,23.64168,2.971807,44.65248,-15.73184,15.58686,-19.38152,18.32446,0
-5.3405,-4.283341,-6.60138,10,-10,-10,0.44,500,-10,500,-10,23.72435,2.862318,44.56202,-15.76303,15.46041,-19.27538,18.37595,0
0.02501153,6.437143,-6.771919,10,-10,-10,0.44,500,-10,500,-10,23.79936,2.746028,44.47848,-15.72748,15.40773,-19.2417,18.35941,0
-1.132567,9.305761,4.042495,2.821732,-10,-10,0.44,500,-10,500,-10,23.82552,2.624417,44.40023,-15.81967,15.48201,-19.08468,18.22031,0
-0.01580547,6.379501,7.474057,-10,-10,-10,0.44,500,-10,500,-10,23.70717,2.503584,44.31516,-16.01267,15.65721,-18.82119,17.97461,0
0.09398597,10.134,0.8191342,-10,-10,-10,0.44,500,-10,500,-10,23.53727,2.393879,44.20259,-15.97629,15.60467,-18.7643,17.93388,0
0.9396558,3.152463,-8.586535,-10,-8.392944,-10,0.44,500,-10,500,-10,23.34187,2.299956,44.06558,-15.91038,15.56111,-18.71668,17.86391,0
5.689421,-6.938719,-3.523784,-10,7.140593,-10,0.44,500,-10,500,-10,23.25195,2.193219,44.07719,-15.75396,15.73876,-18.88272,17.69588,0
2.743402,-9.906261,1.082572,-10,10,-10,0.44,500,-10,500,-10,23.24755,2.067448,44.1923,-15.78646,15.81712,-18.9456,17.7129,0
5.278201,-8.658106,1.821467,-10,10,-10,0.44,500,-10,500,-10,23.27668,1.94185,44.33669,-15.86325,15.87541,-18.98846,17.77426,0
5.811876,-7.078057,-3.983608,-2.193936,10,-10,0.44,500,-10,500,-10,23.41921,1.81918,44.55094,-15.83349,15.82758,-19.19574,17.99961,0
-2.001168,-7.379471,-6.592946,10,10,-10,0.44,500,-10,500,-10,23.91656,1.713717,45.00147,-15.80519,15.79168,-19.59734,18.40881,0
-4.40338,-9.282242,-1.321605,10,10,-10,0.44,500,-10,500,-10,25.05619,1.688404,46.04919,-16.10361,16.23224,-20.16705,18.83638,0
-2.330814,-10.27961,-0.4203083,10,8.84068,-10,0.44,500,-10,500,-10,25.79162,1.793843,46.68958,-16.30029,16.47667,-20.50099,19.12257,0
-4.347054,-8.566075,-2.682711,10,-5.383959,-10,0.44,500,-10,500,-10,26.22727,1.856745,47.03584,-16.55444,16.41977,-20.53374,19.46638,0
-3.704935,0.05248976,-8.829724,10,-10,-10,0.44,500,-10,500,-10,26.73906,1.917248,47.46596,-16.72374,16.49403,-20.72084,19.7485,0
-0.7419538,9.14348,-2.765887,10,-10,-10,0.44,500,-10,500,-10,27.06273,2.028323,47.7052,-16.78156,16.56821,-20.86126,19.87256,0
1.026844,7.680651,6.939411,1.338866,-10,-10,0.44,500,-10,500,-10,27.21019,2.159394,47.81592,-16.9505,16.75647,-20.78405,19.77604,0
1.603803,7.725207,4.7293,-10,-10,-10,0.44,500,-10,500,-10,27.18346,2.295012,47.88203,-17.15887,16.98481,-20.63047,19.60248,0
-0.5421008,9.139471,-3.155997,-10,-10,-10,0.44,500,-10,500,-10,27.1295,2.429011,47.94559,-17.17509,17.02077,-20.66691,19.61919,0
5.072666,0.8338546,-7.792808,-10,-8.285041,-10,0.44,500,-10,500,-10,27.06521,2.557282,48.00159,-17.17038,17.07357,-20.71802,19.61278,0
7.648306,-6.673617,-0.6461028,-10,7.392006,-10,0.44,500,-10,500,-10,26.92494,2.641936,47.92371,-16.96739,17.23609,-20.85647,19.38574,0
5.628391,-8.224043,2.64413,-10,10,-10,0.44,500,-10,500,-10,26.76441,2.72242,47.79321,-16.89436,17.23364,-20.82137,19.28005,0
7.106627,-7.390981,0.5741851,-10,10,-10,0.44,500,-10,500,-10,26.62164,2.819919,47.68284,-16.85606,17.2097,-20.76822,19.21254,0
3.769394,-7.922965,-5.226613,-3.785284,10,-10,0.44,500,-10,500,-10,26.53081,2.930369,47.5912,-16.71496,17.08487,-20.8334,19.26145,0
-1.64886,-9.696673,-3.497448,10,10,-10,0.44,500,-10,500,-10,26.58702,3.045493,47.50829,-16.43954,16.82641,-21.04012,19.45121,0
0.8208144,-10.35338,0.1704732,10,10,-10,0.44,500,-10,500,-10,26.68124,3.15433,47.4184,-16.39476,16.79766,-21.01041,19.40546,0
0.8963943,-10.32617,-0.01307112,10,9.301679,-10,0.44,500,-10,500,-10,26.78507,3.254244,47.32204,-16.3558,16.7577,-20.96953,19.36559,0
-3.71889,-7.826321,-4.524343,10,-3.83531,-10,0.44,500,-10,500,-10,26.88588,3.354959,47.30593,-16.48505,16.60596,-20.82693,19.50398,0
-3.712363,3.217711,-8.295826,10,-10,-10,0.44,500,-10,500,-10,26.96717,3.472926,47.38533,-16.56895,16.56842,-20.80882,19.60732,0
0.1365567,9.959364,1.033939,10,-10,-10,0.44,500,-10,500,-10,27.04199,3.596653,47.45746,-16.58085,16.59854,-20.85669,19.63695,0
4.073444,7.204645,5.635915,3.414611,-10,-10,0.44,500,-10,500,-10,27.07308,3.724857,47.52371,-16.70492,16.7415,-20.78751,19.54889,0
1.941944,9.280926,3.018252,-10,-10,-10,0.44,500,-10,500,-10,26.95747,3.852726,47.59642,-16.95584,17.01126,-20.59684,19.33938,0
-0.03323907,8.34178,-4.903732,-10,-10,-10,0.44,500,-10,500,-10,26.78738,3.971367,47.69966,-16.99299,17.06589,-20.64523,19.37029,0
7.706365,1.647897,-5.691716,-10,-9.107553,-10,0.44,500,-10,500,-10,26.58191,4.074941,47.83913,-17.03629,17.14454,-20.71749,19.4072,0
9.396978,-2.922363,2.790543,-10,4.637175,-10,0.44,500,-10,500,-10,26.46742,4.176818,47.85865,-16.88745,17.32022,-20.88251,19.2477,0
8.381094,-4.05171,4.792447,-10,10,-10,0.44,500,-10,500,-10,26.50219,4.296897,47.70473,-16.76177,17.33299,-20.88065,19.10739,0
8.432209,-5.514119,-0.8592552,-10,10,-10,0.44,500,-10,500,-10,26.60114,4.413258,47.4902,-16.67263,17.26099,-20.79204,19.00164,0
2.577627,-8.889791,-4.598179,-7.555958,10,-10,0.44,500,-10,500,-10,26.86003,4.518322,47.13142,-16.48393,17.08777,-20.68346,18.87757,0
1.090235,-10.11098,0.9846404,8.096485,10,-10,0.44,500,-10,500,-10,27.62923,4.582565,46.39696,-15.89989,16.49734,-20.65892,18.85943,0
4.718915,-8.753164,3.009161,10,10,-10,0.44,500,-10,500,-10,28.63748,4.528701,45.48098,-15.50486,15.95435,-20.29498,18.64346,0
1.57893,-9.994624,1.118775,10,10,-10,0.44,500,-10,500,-10,28.96162,4.395918,45.25272,-15.42033,15.81303,-20.19039,18.59565,0
-3.814331,-6.546371,-6.228075,10,-1.055881,-10,0.44,500,-10,500,-10,29.20116,4.301079,45.10326,-15.48498,15.59739,-20.0019,18.68745,0
-4.422496,5.779428,-6.30643,10,-10,-10,0.44,500,-10,500,-10,29.59444,4.262957,44.78255,-15.43067,15.33439,-19.79047,18.68471,0
1.911962,9.701128,1.958318,10,-10,-10,0.44,500,-10,500,-10,29.92128,4.180881,44.52907,-15.29787,15.18949,-19.71324,18.61957,0
5.431643,8.587446,3.198148,6.87471,-10,-10,0.44,500,-10,500,-10,30.14104,4.068374,44.36867,-15.26994,15.14499,-19.60826,18.53117,0
0.5460113,9.987412,0.8609914,-8.945022,-10,-10,0.44,500,-10,500,-10,30.16697,3.942641,44.26633,-15.4977,15.35423,-19.2957,18.23713,0
1.391033,8.546744,-4.658156,-10,-10,-10,0.44,500,-10,500,-10,30.10025,3.813543,44.17706,-15.48589,15.3234,-19.23354,18.19399,0
8.203708,5.088276,-2.202509,-10,-10,-10,0.44,500,-10,500,-10,30.0541,3.69248,44.0869,-15.45393,15.27361,-19.19079,18.16907,0
8.743772,2.924593,4.341068,-10,0.6492079,-10,0.44,500,-10,500,-10,29.96632,3.585968,44.0663,-15.33686,15.38065,-19.2908,18.04496,0
9.853452,0.8894052,3.474933,-10,10,-10,0.44,500,-10,500,-10,29.82111,3.493865,44.17669,-15.29967,15.54046,-19.41946,17.97663,0
8.321847,-4.236026,-3.280994,-10,10,-10,0.44,500,-10,500,-10,29.68919,3.388338,44.27542,-15.3624,15.58764,-19.43854,18.01125,0
1.246143,-9.922439,-2.315879,-8.639819,10,-10,0.44,500,-10,500,-10,29.57818,3.271712,44.3566,-15.39312,15.60119,-19.47508,18.06498,0
2.370786,-8.260403,5.47865,6.069213,10,-10,0.44,500,-10,500,-10,29.59163,3.148489,44.42564,-15.18421,15.37412,-19.7412,18.34924,0
3.97526,-6.618888,6.612594,10,10,-10,0.44,500,-10,500,-10,29.69379,3.028589,44.49988,-15.15591,15.32816,-19.83101,18.45672,0
0.7463279,-9.935987,1.079488,10,10,-10,0.44,500,-10,500,-10,29.8065,2.917104,44.58711,-15.19936,15.35519,-19.85983,18.50196,0
-4.778375,-3.408643,-7.156226,10,1.311636,-10,0.44,500,-10,500,-10,29.9174,2.814821,44.63625,-15.32182,15.26693,-19.77809,18.63094,0
-5.258672,7.6826,-2.833877,10,-10,-10,0.44,500,-10,500,-10,29.98922,2.707014,44.55537,-15.4146,15.0891,-19.6183,18.74175,0
2.125808,10.32808,1.056063,10,-10,-10,0.44,500,-10,500,-10,30.04851,2.592507,44.46352,-15.37581,15.03344,-19.58098,18.7213,0
1.966051,9.775291,0.486043,8.606159,-10,-10,0.44,500,-10,500,-10,30.0925,2.473481,44.37332,-15.36258,15.00268,-19.51947,18.67733,0
-0.569971,10.10624,-0.5395178,-6.28651,-10,-10,0.44,500,-10,500,-10,30.00899,2.352885,44.27783,-15.58383,15.20617,-19.2191,18.39473,0
1.999255,9.618873,-2.73747,-10,-10,-10,0.44,500,-10,500,-10,29.81573,2.242038,44.15048,-15.60498,15.21099,-19.09243,18.28438,0
4.612224,9.178475,0.1689066,-10,-10,-10,0.44,500,-10,500,-10,29.57269,2.151234,43.97165,-15.53974,15.13237,-19.00949,18.21482,0
5.669922,8.460163,1.865203,-10,-3.278203,-10,0.44,500,-10,500,-10,29.32939,2.07421,43.80149,-15.40243,15.13508,-19.00582,18.07113,0
8.903666,3.960933,-1.498302,-10,10,-10,0.44,500,-10,500,-10,29.26426,1.947022,43.84007,-15.28428,15.2972,-19.15593,17.94097,0
5.859456,-5.620849,-5.180672,-10,10,-10,0.44,500,-10,500,-10,29.24187,1.80863,43.92248,-15.33497,15.3275,-19.17352,17.97895,0
-0.0754324,-9.861251,2.56196,-8.958328,10,-10,0.44,500,-10,500,-10,29.27868,1.669868,44.0567,-15.38953,15.36162,-19.23018,18.05605,0
-0.5339823,-5.395474,8.421697,5.395377,10,-10,0.44,500,-10,500,-10,29.29135,1.536947,44.05984,-15.1561,15.14341,-19.46621,18.27685,0
0.05136754,-7.71314,6.535097,10,10,-10,0.44,500,-10,500,-10,28.73387,1.470492,43.40459,-14.81277,14.75549,-19.26661,18.12184,0
-1.321789,-9.39878,-3.479877,10,10,-10,0.44,500,-10,500,-10,29.10468,1.334166,43.67619,-14.92096,14.8436,-19.38346,18.25878,0
-7.890872,0.4220561,-4.775367,10,1.669688,-10,0.44,500,-10,500,-10,29.28979,1.22342,43.76556,-15.05465,14.77339,-19.32381,18.40304,0
-5.598674,8.246402,1.619971,10,-10,-10,0.44,500,-10,500,-10,29.71027,1.169381,44.1077,-15.32904,14.77703,-19.33293,18.6829,0
-1.885099,9.911941,1.745449,10,-10,-10,0.44,500,-10,500,-10,30.04216,1.07445,44.36125,-15.43845,14.87245,-19.43361,18.79756,0
-2.195112,9.887968,0.07824475,9.091115,-10,-10,0.44,500,-10,500,-10,30.26112,0.9527532,44.50323,-15.51808,14.93415,-19.47161,18.8535,0
-0.3779477,10.34664,-0.7339612,-5.152254,-10,-10,0.44,500,-10,500,-10,30.31684,0.8198659,44.58109,-15.804,15.2005,-19.2502,18.65166,0
-1.166568,10.00814,0.6289466,-10,-10,-10,0.44,500,-10,500,-10,30.26162,0.6862462,44.64454,-15.92944,15.30618,-19.17734,18.59856,0
-1.873277,10.20916,0.3299366,-10,-10,-10,0.44,500,-10,500,-10,30.20152,0.5553696,44.71039,-15.97357,15.33081,-19.18778,18.6285,0
3.031668,9.532465,-0.6724901,-10,-3.150802,-10,0.44,500,-10,500,-10,30.11688,0.4400303,44.73817,-15.92295,15.41707,-19.26142,18.56526,0
7.155233,0.8785276,-6.421592,-10,10,-10,0.44,500,-10,500,-10,29.97162,0.3609252,44.6263,-15.73639,15.5145,-19.35528,18.37513,0
1.813864,-9.604913,-1.676549,-10,10,-10,0.44,500,-10,500,-10,29.83327,0.2704347,44.51166,-15.69675,15.46095,-19.29993,18.33369,0
-4.232741,-6.098288,6.837801,-8.29481,10,-10,0.44,500,-10,500,-10,29.71782,0.1662405,44.41373,-15.63557,15.38374,-19.27997,18.32976,0
-4.407959,-5.924635,6.80968,8.129817,10,-10,0.44,500,-10,500,-10,29.74477,0.05400674,44.32742,-15.32184,15.05267,-19.52218,18.58931,0
-0.1232365,-10.17677,0.7815337,10,10,-10,0.44,500,-10,500,-10,29.8427,-0.05328076,44.23586,-15.24892,14.96301,-19.51923,18.6031,0
-5.853973,-5.667568,-4.400192,10,10,-10,0.44,500,-10,500,-10,29.95107,-0.150843,44.13373,-15.20146,14.90013,-19.48207,18.58136,0
-9.072389,1.373232,3.619462,10,-1.967655,-10,0.44,500,-10,500,-10,30.05682,-0.2484047,44.09126,-15.31753,14.73117,-19.33082,18.71514,0
-6.553353,4.950166,5.812267,10,-10,-10,0.44,500,-10,500,-10,30.13616,-0.3685452,44.16786,-15.44959,14.66337,-19.26223,18.8464,0
-6.439556,7.624328,1.465908,10,-10,-10,0.44,500,-10,500,-10,30.20945,-0.4940475,44.23744,-15.48869,14.68257,-19.28078,18.88485,0
-1.722692,9.708468,-1.060659,7.923458,-10,-10,0.44,500,-10,500,-10,30.26751,-0.6238391,44.30091,-15.56147,14.73468,-19.26058,18.88534,0
-2.470473,8.677811,4.408288,-9.46335,-10,-10,0.44,500,-10,500,-10,30.17464,-0.7551567,44.3657,-15.90425,15.0564,-18.97149,18.6173,0
-6.356345,6.813285,4.011396,-10,-10,-10,0.44,500,-10,500,-10,30.00713,-0.8792323,44.46048,-15.97837,15.11038,-18.97591,18.64185,0
-1.546313,9.600172,1.286402,-10,-9.690843,-10,0.44,500,-10,500,-10,29.76718,-0.9887884,44.60117,-16.06475,15.18561,-19.0061,18.6832,0
6.168839,3.763005,-6.031725,-10,4.691077,-10,0.44,500,-10,500,-10,29.64361,-1.091161,44.63115,-15.9327,15.36022,-19.16299,18.53343,0
3.323062,-8.972702,-2.114963,-10,10,-10,0.44,500,-10,500,-10,29.70852,-1.208094,44.44816,-15.79152,15.31913,-19.15254,18.42289,0
-6.147534,-7.84694,2.121404,-10,10,-10,0.44,500,-10,500,-10,29.86764,-1.31792,44.17415,-15.66,15.16906,-19.05703,18.34592,0
-5.972308,-7.550799,2.951131,-0.6645274,10,-10,0.44,500,-10,500,-10,30.30426,-1.406857,43.68,-15.25064,14.74412,-19.05694,18.36142,0
-0.03265173,-10.13653,0.9971102,10,10,-10,0.44,500,-10,500,-10,31.27625,-1.421754,42.78974,-14.59746,14.16963,-18.97246,18.19825,0
-4.084576,-8.978661,-2.448098,10,10,-10,0.44,500,-10,500,-10,31.92888,-1.318696,42.22272,-14.27037,13.95294,-18.82972,17.94511,0
-6.996844,-6.354896,3.548463,10,7.46692,-10,0.44,500,-10,500,-10,32.14043,-1.190342,42.08261,-14.2093,13.87393,-18.77469,17.90802,0
-8.17354,-3.023707,5.099442,10,-10,-10,0.44,500,-10,500,-10,32.52055,-1.15863,41.77928,-14.25261,13.53856,-18.48005,17.99205,0
-8.773314,4.141448,-0.9647335,10,-10,-10,0.44,500,-10,500,-10,32.90458,-1.101132,41.46819,-14.11264,13.40643,-18.36225,17.86642,0
-0.8938913,9.85091,0.0822866,9.527659,-10,-10,0.44,500,-10,500,-10,33.18949,-1.002024,41.25639,-14.02351,13.33135,-18.27589,17.76601,0
-1.369155,5.50928,8.709673,-4.979824,-10,-10,0.44,500,-10,500,-10,33.29766,-0.880979,41.12774,-14.21097,13.53621,-17.98183,17.45455,0
-3.605707,4.038216,7.996603,-10,-10,-10,0.44,500,-10,500,-10,33.27131,-0.7557246,41.02962,-14.25484,13.59824,-17.85666,17.31122,0
-0.09977144,9.891352,0.6362026,-10,-10,-10,0.44,500,-10,500,-10,33.23185,-0.6324644,40.9382,-14.2164,13.5778,-17.81936,17.25591,0
7.532981,1.040954,-5.485801,-10,1.461983,-10,0.44,500,-10,500,-10,33.14041,-0.5264484,40.92692,-14.08088,13.71599,-17.94552,17.10837,0
3.425065,-9.29744,0.7565809,-10,10,-10,0.44,500,-10,500,-10,32.9793,-0.4383033,41.05264,-14.03108,13.87154,-18.09949,17.057,0
-3.080457,-9.752656,-0.6578382,-10,10,-10,0.44,500,-10,500,-10,32.83741,-0.3341086,41.15636,-14.0674,13.92341,-18.14912,17.09106,0
-1.770941,-10.09949,0.9760345,-5.394303,10,-10,0.44,500,-10,500,-10,32.7371,-0.2179369,41.24017,-14.01514,13.88858,-18.27083,17.19534,0
0.6104935,-10.02515,0.5471173,10,10,-10,0.44,500,-10,500,-10,32.7988,-0.09707791,41.31422,-13.7663,13.65801,-18.58102,17.48727,0
-0.01556888,-10.08673,0.1119658,10,10,-10,0.44,500,-10,500,-10,32.89363,0.01785994,41.39613,-13.78081,13.69005,-18.63437,17.52309,0
-1.560841,-9.882715,0.6211363,10,8.07196,-10,0.44,500,-10,500,-10,32.9971,0.1243007,41.47906,-13.8176,13.69981,-18.6663,17.58204,0
-7.401709,-6.097918,-0.3622609,10,-10,-10,0.44,500,-10,500,-10,33.08816,0.2278049,41.4283,-13.98999,13.48133,-18.45185,17.75846,0
-5.759736,5.802608,-4.204229,10,-10,-10,0.44,500,-10,500,-10,33.16594,0.3390886,41.33894,-13.94556,13.45426,-18.42224,17.7115,0
2.355316,8.258248,5.788186,9.206288,-10,-10,0.44,500,-10,500,-10,33.23231,0.4566112,41.25557,-13.917,13.4441,-18.38172,17.65258,0
2.928058,1.717981,9.253787,-6.585139,-10,-10,0.44,500,-10,500,-10,33.18004,0.5778147,41.17407,-14.15084,13.69701,-18.08035,17.33213,0
0.6888512,8.034529,5.974596,-10,-10,-10,0.44,500,-10,500,-10,33.02222,0.6918769,41.07328,-14.17376,13.73809,-17.97392,17.20754,0
4.094098,7.476108,-4.446004,-10,-10,-10,0.44,500,-10,500,-10,32.83427,0.7907971,40.94003,-14.12993,13.71032,-17.90734,17.1249,0
8.772554,-3.902483,0.7859789,-10,4.543603,-10,0.44,500,-10,500,-10,32.70518,0.8905892,40.89742,-13.95049,13.87467,-18.05147,16.92525,0
3.488773,-8.847433,3.996691,-10,10,-10,0.44,500,-10,500,-10,32.69405,1.014588,41.00901,-13.91876,13.98579,-18.17567,16.90659,0
2.408855,-10.20287,0.9280927,-10,10,-10,0.44,500,-10,500,-10,32.70119,1.138741,41.14269,-13.95499,14.04216,-18.25021,16.96099,0
0.8746445,-9.91258,0.8699157,-1.427505,10,-10,0.44,500,-10,500,-10,32.78672,1.261963,41.31769,-13.85541,13.96274,-18.49478,17.18541,0
3.66712,-8.875212,3.001837,10,10,-10,0.44,500,-10,500,-10,33.1945,1.372168,41.64426,-13.74547,13.87116,-18.87531,17.54757,0
5.760315,-8.270499,0.194994,10,10,-10,0.44,500,-10,500,-10,34.00945,1.426708,42.37013,-14.01609,14.09359,-19.20614,17.9266,0
-1.550095,-9.463776,-0.8851367,10,4.13432,-10,0.44,500,-10,500,-10,34.88255,1.394926,43.18838,-14.43754,14.2512,-19.46269,18.44699,0
-7.103728,1.856348,-5.679864,10,-10,-10,0.44,500,-10,500,-10,35.74942,1.417207,43.96567,-14.9042,14.37849,-19.64008,18.96374,0
2.749563,9.193717,2.776814,10,-10,-10,0.44,500,-10,500,-10,36.51504,1.336558,44.63983,-15.18786,14.6509,-19.91502,19.24994,0
8.092432,3.331475,5.176002,4.874149,-10,-10,0.44,500,-10,500,-10,36.75812,1.203171,44.816,-15.35377,14.79768,-19.89508,19.24913,0
3.243237,8.290949,4.908078,-10,-10,-10,0.44,500,-10,500,-10,36.72769,1.063887,44.87169,-15.64465,15.0684,-19.65034,19.02455,0
2.690303,8.951571,-2.913229,-10,-10,-10,0.44,500,-10,500,-10,36.67316,0.925651,44.9249,-15.68225,15.08584,-19.65684,19.0512,0
8.824212,2.765568,3.072793,-10,-6.450858,-10,0.44,500,-10,500,-10,36.60017,0.7975197,44.95818,-15.66977,15.13445,-19.6969,19.03017,0
6.386978,-2.087072,7.324465,-10,10,-10,0.44,500,-10,500,-10,36.39035,0.736429,44.80171,-15.42971,15.25577,-19.8073,18.77921,0
7.269316,-6.626988,1.72557,-10,10,-10,0.44,500,-10,500,-10,36.18692,0.659436,44.64496,-15.37315,15.18771,-19.73398,18.71737,0
0.602578,-9.994087,0.9441645,-7.48315,10,-10,0.44,500,-10,500,-10,36.0248,0.5608976,44.51963,-15.28739,15.0872,-19.71589,18.71405,0
4.832445,-5.042673,7.160514,10,10,-10,0.44,500,-10,500,-10,36.03514,0.4504407,44.41764,-14.94891,14.73209,-19.96987,18.98464,0
5.982666,-5.793088,4.82374,10,10,-10,0.44,500,-10,500,-10,36.09432,0.3428934,44.31752,-14.90584,14.67269,-19.92998,18.96109,0
-1.911005,-9.087756,-2.067643,10,7.125865,-10,0.44,500,-10,500,-10,36.16628,0.2408064,44.22944,-14.89973,14.58622,-19.86311,18.97458,0
-6.726669,4.87402,-3.923006,10,-10,-10,0.44,500,-10,500,-10,36.27845,0.1354417,44.29053,-15.12351,14.40811,-19.68994,19.2033,0
5.035559,9.043319,1.05191,10,-10,-10,0.44,500,-10,500,-10,36.38747,0.01947918,44.37103,-15.16476,14.43143,-19.71539,19.24668,0
6.784345,7.065173,0.5427963,6.896198,-10,-10,0.44,500,-10,500,-10,36.47161,-0.1043419,44.43826,-15.25451,14.50197,-19.68134,19.23185,0
0.6070425,9.851778,1.48801,-10,-10,-10,0.44,500,-10,500,-10,36.35781,-0.2300263,44.50079,-15.5882,14.81602,-19.39947,18.9696,0
2.668548,9.53996,-1.190994,-10,-10,-10,0.44,500,-10,500,-10,36.23694,-0.3477145,44.58097,-15.64258,14.8518,-19.41154,19.00027,0
4.844071,8.184118,3.075002,-10,-6.676814,-10,0.44,500,-10,500,-10,36.10844,-0.4550011,44.66108,-15.65913,14.926,-19.46136,18.99244,0
8.513535,3.606812,3.213002,-10,10,-10,0.44,500,-10,500,-10,36.0455,-0.5586047,44.58282,-15.44612,15.07176,-19.60953,18.78185,0
5.786619,-7.29755,-2.88927,-10,10,-10,0.44,500,-10,500,-10,36.00492,-0.6674892,44.47516,-15.40583,15.0138,-19.56061,18.7506,0
-0.5788017,-7.376558,6.244802,-6.588717,10,-10,0.44,500,-10,500,-10,35.99337,-0.7796839,44.36369,-15.30409,14.89379,-19.56998,18.77824,0
1.564129,-1.142625,9.565615,10,10,-10,0.44,500,-10,500,-10,36.16138,-0.8891653,44.23477,-14.95923,14.53091,-19.80803,19.0343,0
1.375042,-8.640482,4.011394,10,10,-10,0.44,500,-10,500,-10,36.40211,-0.9796101,44.05767,-14.86812,14.42449,-19.75239,18.99398,0
-6.654127,-2.994556,-4.680219,10,4.088315,-10,0.44,500,-10,500,-10,36.65273,-1.054621,43.87778,-14.84091,14.25101,-19.63054,19.0184,0
-3.578137,8.983946,1.336072,10,-10,-10,0.44,500,-10,500,-10,36.70169,-1.187167,43.93539,-15.03502,14.10615,-19.48417,19.21099,0
2.222615,10.10736,-0.1175615,10,-10,-10,0.44,500,-10,500,-10,36.72349,-1.325266,44.01886,-15.08501,14.13345,-19.50334,19.25285,0
0.8172474,10.18514,1.134848,3.19635,-10,-10,0.44,500,-10,500,-10,36.6526,-1.463677,44.15488,-15.2816,14.30714,-19.41946,19.19187,0
-0.8100023,10.25626,1.252641,-10,-10,-10,0.44,500,-10,500,-10,37.57471,-1.591816,43.14263,-15.0842,14.08821,-18.77811,18.57207,0
-2.216963,9.516564,-0.9461739,-10,-10,-10,0.44,500,-10,500,-10,43.10757,-1.662098,37.50763,-12.38041,11.37127,-16.81281,16.6199,0
3.416316,9.730317,0.4041139,-10,-0.2095551,-10,0.44,500,-10,500,-10,42.85236,-1.768297,37.6657,-12.36938,11.56218,-16.95482,16.55997,0
8.05899,-1.702067,-4.149557,-10,10,-10,0.44,500,-10,500,-10,42.1878,-1.838192,38.24239,-12.57575,11.98519,-17.22628,16.61481,0
-1.367622,-8.584286,3.767263,-10,10,-10,0.44,500,-10,500,-10,41.87217,-1.963381,38.46704,-12.71157,12.09948,-17.2766,16.68665,0
-4.990922,-1.089908,8.385819,3.602936,10,-10,0.44,500,-10,500,-10,41.78975,-2.101326,38.53857,-12.53029,11.89466,-17.51715,16.95074,0
-1.352845,-8.172592,5.21724,10,10,-10,0.44,500,-10,500,-10,41.8512,-2.240171,38.58461,-12.45152,11.79204,-17.63408,17.09151,0
-5.213843,-6.684072,-4.216315,10,9.638506,-10,0.44,500,-10,500,-10,41.91404,-2.376371,38.63364,-12.48616,11.79494,-17.64005,17.12923,0
-7.52899,4.287411,4.586126,10,-8.747612,-10,0.44,500,-10,500,-10,42.07063,-2.457367,38.54632,-12.65178,11.53092,-17.40208,17.3209,0
-2.246993,10.01072,5.617019,10,-10,-10,0.44,500,-10,500,-10,42.26872,-2.524686,38.38875,-12.58689,11.42414,-17.33641,17.29712,0.2665444
1.782746,15.73515,5.341608,8.838757,-10,-10,0.44,500,-10,500,-10,42.43695,-2.614393,38.25757,-12.54301,11.3632,-17.2716,17.24937,1
2.167641,14.97419,8.54854,-10,-10,-10,0.44,500,-10,500,-10,42.4465,-2.718591,38.14925,-12.8208,11.62169,-16.90406,16.90113,1
-3.089495,12.43698,6.622426,-10,-10,-10,0.44,500,-10,500,-10,42.38718,-2.820646,38.04381,-12.78297,11.56474,-16.85452,16.8707,1
3.379838,15.58007,5.107477,-10,-6.74073,-10,0.44,500,-10,500,-10,42.31473,-2.917855,37.95237,-12.71556,11.55222,-16.84616,16.80746,1
11.36071,4.685325,0.1145718,-10,10,-10,0.44,500,-10,500,-10,42.20408,-3.026942,38.01128,-12.57182,11.76509,-17.03872,16.6434,1
-0.1832249,-2.645022,7.247416,-10,10,-10,0.44,500,-10,500,-10,42.09758,-3.147279,38.08503,-12.62436,11.79548,-17.04729,16.67413,1
-3.888825,2.688136,9.213219,-1.255712,10,-10,0.44,500,-10,500,-10,42.04962,-3.274446,38.14603,-12.51915,11.66697,-17.20304,16.85318,1
3.111878,-3.35161,8.185991,10,10,-10,0.44,500,-10,500,-10,42.16026,-3.401525,38.20798,-12.36269,11.48708,-17.41084,17.0844,1
-1.469781,-1.425002,3.396825,10,10,-10,0.44,500,-10,500,-10,42.28317,-3.52086,38.28639,-12.40442,11.50638,-17.43406,17.13007,1
-2.508112,4.289331,12.21125,10,-5.326413,-10,0.44,500,-10,500,-10,42.37828,-3.623665,38.27967,-12.57849,11.31519,-17.25443,17.31569,1
-3.59003,9.781798,9.581441,10,-10,-10,0.44,500,-10,500,-10,42.42228,-3.721522,38.16364,-12.5829,11.19485,-17.15388,17.33989,1
2.179425,15.50193,5.212396,9.061749,-10,-10,0.44,500,-10,500,-10,42.45046,-3.823492,38.04522,-12.55059,11.14231,-17.08806,17.29431,1
0.5247639,10.61545,12.36261,-10,-10,-10,0.44,500,-10,500,-10,42.32765,-3.925902,37.91759,-12.83093,11.40224,-16.70197,16.92863,1
-1.219219,11.18624,11.63257,-10,-10,-10,0.44,500,-10,500,-10,42.11039,-4.011377,37.75564,-12.77466,11.32793,-16.62406,16.86874,1
7.28668,14.26643,2.639187,-10,-5.769374,-10,0.44,500,-10,500,-10,41.87726,-4.079882,37.58318,-12.66583,11.29876,-16.58998,16.75501,1
9.64827,-0.9481834,3.831904,-10,10,-10,0.44,500,-10,500,-10,41.80453,-4.209348,37.61575,-12.52021,11.48354,-16.7626,16.59722,1
-2.197819,-1.681114,4.282554,-10,10,-10,0.44,500,-10,500,-10,41.74924,-4.348543,37.666,-12.56039,11.49745,-16.76405,16.62494,1
-0.5234727,-2.853258,6.75348,1.985426,10,-10,0.44,500,-10,500,-10,41.76848,-4.488699,37.71569,-12.3923,11.30279,-16.97331,16.86078,1
3.905075,-4.06556,4.702609,10,10,-10,0.44,500,-10,500,-10,42.03321,-4.626962,37.88243,-12.33386,11.21789,-17.16992,17.08385,1
0.4950062,-3.311342,6.262277,10,9.480991,-10,0.44,500,-10,500,-10,42.54788,-4.732687,38.29826,-12.4833,11.40351,-17.36503,17.24278,1
-2.929682,0.1374663,8.501636,10,-10,-10,0.44,500,-10,500,-10,41.38579,-4.666443,37.03516,-12.20039,10.66364,-16.60135,16.93605,1
-2.677685,11.93262,3.423487,10,-10,-10,0.44,500,-10,500,-10,39.89407,-4.58812,35.44173,-11.53831,10.17265,-15.94312,16.10674,1
4.980356,12.5499,11.28232,6.046055,-10,-10,0.44,500,-10,500,-10,40.08034,-4.44831,35.54815,-11.62664,10.27708,-15.94298,16.09049,1
3.103984,7.109045,14.33493,-10,-10,-10,0.44,500,-10,500,-10,39.99397,-4.307415,35.54144,-11.89367,10.56054,-15.67039,15.80148,1
3.59011,15.27174,6.426199,-10,-10,-10,0.44,500,-10,500,-10,39.91653,-4.166941,35.56662,-11.90022,10.58362,-15.68469,15.79926,1
12.40195,4.733191,2.475407,-10,3.910094,-10,0.44,500,-10,500,-10,39.74948,-4.075062,35.48429,-11.71663,10.72278,-15.80007,15.59188,1
4.490506,-4.060239,6.031113,-10,10,-10,0.44,500,-10,500,-10,39.47678,-4.023093,35.26787,-11.58391,10.73091,-15.75347,15.40442,1
2.27451,-4.035138,5.507901,-8.625086,10,-10,0.44,500,-10,500,-10,39.25162,-3.938877,35.09433,-11.50755,10.6631,-15.68603,15.32845,1
4.013794,-4.387457,6.175798,10,10,-10,0.44,500,-10,500,-10,39.2048,-3.834493,34.96177,-11.14077,10.30793,-15.94297,15.57377,1
6.899767,-3.576435,4.933958,10,10,-10,0.44,500,-10,500,-10,39.23156,-3.728743,34.84288,-11.09165,10.27074,-15.89359,15.51245,1
2.520045,-3.403527,5.083743,10,3.99211,-10,0.44,500,-10,500,-10,39.28804,-3.626056,34.76391,-11.12268,10.17809,-15.79711,15.53967,1
-4.202735,7.000412,1.839447,10,-10,-10,0.44,500,-10,500,-10,39.43476,-3.52075,34.86831,-11.30249,10.05491,-15.70382,15.74936,1
6.905734,14.17316,9.662474,10,-10,-10,0.44,500,-10,500,-10,39.56366,-3.403245,34.95108,-11.31723,10.08368,-15.75766,15.78917,1
8.728237,7.055444,13.11581,-8.278278,-10,-10,0.44,500,-10,500,-10,39.563,-3.277668,35.01681,-11.64383,10.42562,-15.48552,15.50168,1
4.241218,15.10684,7.757515,-10,-10,-10,0.44,500,-10,500,-10,39.47005,-3.154807,35.08618,-11.69527,10.49216,-15.49156,15.49264,1
12.42258,8.793018,3.525354,-10,-5.190324,-10,0.44,500,-10,500,-10,39.37061,-3.041755,35.14271,-11.65977,10.57875,-15.5739,15.45288,1
8.408139,-1.150869,10.48669,-10,10,-10,0.44,500,-10,500,-10,39.28282,-2.948704,35.04473,-11.45383,10.72583,-15.69866,15.22462,1
6.717896,-3.650774,6.643327,-10,10,-10,0.44,500,-10,500,-10,39.2045,-2.847992,34.94361,-11.41681,10.701,-15.65189,15.16566,1
4.341825,-3.714045,7.767136,4.134955,10,-10,0.44,500,-10,500,-10,39.22221,-2.74079,34.84699,-11.13488,10.43234,-15.85376,15.35426,1
11.02801,-0.5349311,7.87831,10,10,-10,0.44,500,-10,500,-10,39.36735,-2.639626,34.73907,-10.98298,10.29294,-15.91623,15.40424,1
5.321007,-3.413553,4.683127,10,6.573332,-10,0.44,500,-10,500,-10,39.52191,-2.550275,34.62917,-10.96906,10.21272,-15.8391,15.3934,1
-3.779022,7.523016,0.9286258,10,-10,-10,0.44,500,-10,500,-10,39.59107,-2.433703,34.68104,-11.16247,10.0479,-15.68867,15.60119,1
8.968059,13.11333,7.435185,10,-10,-10,0.44,500,-10,500,-10,39.63551,-2.30673,34.76392,-11.18059,10.08268,-15.73922,15.63509,1
11.04066,10.3606,9.68364,-4.886514,-10,-10,0.44,500,-10,500,-10,39.57561,-2.177808,34.85229,-11.45964,10.37881,-15.53339,15.41218,1
4.357676,15.70169,5.795415,-10,-10,-10,0.44,500,-10,500,-10,39.36522,-2.056066,34.9833,-11.59613,10.53148,-15.50546,15.36807,1
11.30346,11.07541,6.665113,-10,-5.995265,-10,0.44,500,-10,500,-10,39.11439,-1.950776,35.15236,-11.61734,10.65675,-15.62433,15.38287,1
10.32917,4.051888,11.56597,-10,10,-10,0.44,500,-10,500,-10,39.19377,-1.839869,34.96221,-11.35902,10.77345,-15.72509,15.10862,1
8.723669,-2.637939,5.817385,-10,10,-10,0.44,500,-10,500,-10,39.50289,-1.738519,34.54132,-11.18801,10.61599,-15.54736,14.91734,1
5.232156,-0.8366923,11.82795,4.864156,10,-10,0.44,500,-10,500,-10,40.37016,-1.685929,33.65726,-10.55895,9.948573,-15.44389,14.85223,1
10.09347,1.444783,10.67162,10,10,-10,0.44,500,-10,500,-10,41.357,-1.761224,32.76429,-10.12654,9.354414,-15.1364,14.70648,1
1.295934,-2.872016,2.693708,10,5.199509,-10,0.44,500,-10,500,-10,41.64492,-1.88125,32.57138,-10.10396,9.18452,-14.99913,14.71653,1
-1.287196,12.92526,4.106349,10,-10,-10,0.44,500,-10,500,-10,42.14435,-1.909425,32.1515,-10.06393,8.79497,-14.69126,14.75818,1
10.44489,13.18264,4.499679,10,-10,-10,0.44,500,-10,500,-10,42.55054,-1.991965,31.82549,-9.892494,8.608227,-14.59257,14.67479,1
7.331436,14.67036,8.079359,-9.29855,-10,-10,0.44,500,-10,500,-10,42.69057,-2.109235,31.64445,-10.13609,8.831301,-14.19895,14.3017,1
5.117147,16.28235,5.000246,-10,-10,-10,0.44,500,-10,500,-10,42.69663,-2.232989,31.51859,-10.09791,8.771502,-14.13286,14.25722,1
9.145197,13.79993,7.965193,-10,-4.141676,-10,0.44,500,-10,500,-10,42.64875,-2.348827,31.45339,-10.01361,8.798537,-14.16312,14.17616,1
12.92148,4.85059,6.790874,-10,10,-10,0.44,500,-10,500,-10,42.43521,-2.429017,31.61541,-9.951997,9.039914,-14.35899,14.06903,1
4.343197,-2.611359,8.088036,-8.800596,10,-10,0.44,500,-10,500,-10,42.26098,-2.531143,31.74125,-10.01138,9.080511,-14.40387,14.1327,1
4.326006,4.073677,13.90962,10,10,-10,0.44,500,-10,500,-10,42.25102,-2.646382,31.83871,-9.749228,8.797523,-14.74679,14.49645,1
5.984388,-2.106813,8.795417,10,10,-10,0.44,500,-10,500,-10,42.30911,-2.759843,31.93256,-9.801373,8.828961,-14.7724,14.54277,1
-4.177916,5.374222,2.891322,10,-3.172494,-10,0.44,500,-10,500,-10,42.40279,-2.86288,31.94478,-9.95989,8.671555,-14.62401,14.7103,1
3.482543,15.62387,6.108497,10,-10,-10,0.44,500,-10,500,-10,42.52837,-2.965129,31.84464,-9.991201,8.529824,-14.50973,14.76906,1
6.678148,15.27993,5.701711,6.122732,-10,-10,0.44,500,-10,500,-10,42.62192,-3.078446,31.75997,-10.02168,8.539256,-14.40909,14.68947,1
2.669963,15.45553,7.428027,-10,-10,-10,0.44,500,-10,500,-10,42.54762,-3.196053,31.68223,-10.27379,8.769563,-14.09256,14.39475,1
2.381439,15.47175,4.003871,-10,-10,-10,0.44,500,-10,500,-10,42.44015,-3.306309,31.59418,-10.24795,8.722863,-14.04545,14.36849,1
10.95156,11.7823,5.157928,-10,10,-10,0.44,500,-10,500,-10,42.34856,-3.409222,31.62425,-10.05226,8.95765,-14.26605,14.15862,1
7.270698,-2.468605,4.574649,-10,10,-10,0.44,500,-10,500,-10,42.27598,-3.516996,31.71931,-10.11233,8.996992,-14.28475,14.19805,1
-1.067256,3.19039,12.59458,-1.184367,10,-10,0.44,500,-10,500,-10,42.26186,-3.630675,31.81014,-10.01753,8.880465,-14.45481,14.38983,1
3.732345,-0.9799342,11.17937,10,10,-10,0.44,500,-10,500,-10,42.41222,-3.741191,31.91094,-9.877644,8.719191,-14.67822,14.63463,1
-2.184537,-0.2093179,2.76845,10,6.154991,-10,0.44,500,-10,500,-10,42.5721,-3.839538,32.01445,-9.9712,8.706446,-14.67043,14.73314,1
-1.373136,12.21248,10.22547,10,-10,-10,0.44,500,-10,500,-10,42.62061,-3.952041,31.93781,-10.12468,8.47422,-14.45345,14.90186,1
2.935638,15.84877,6.628602,10,-10,-10,0.44,500,-10,500,-10,42.63605,-4.070886,31.82399,-10.08077,8.407331,-14.40304,14.87444,1
3.648718,14.64727,9.374044,-8.792994,-10,-10,0.44,500,-10,500,-10,42.50617,-4.189456,31.69063,-10.35558,8.65907,-14.01773,14.5122,1
-1.957547,13.2601,6.551399,-10,-10,-10,0.44,500,-10,500,-10,42.22641,-4.292095,31.48684,-10.3049,8.587527,-13.89956,14.41489,1
7.814425,13.93573,3.808623,-10,-0.8369908,-10,0.44,500,-10,500,-10,41.96102,-4.381687,31.30605,-10.1403,8.610226,-13.91435,14.24239,1
8.345424,-1.656963,4.213435,-10,10,-10,0.44,500,-10,500,-10,42.01989,-4.514618,31.472,-10.10654,8.794956,-14.08562,14.19516,1
-3.50876,1.324482,8.804617,-5.480511,10,-10,0.44,500,-10,500,-10,42.35048,-4.642209,31.88476,-10.22036,8.88386,-14.31381,14.44827,1
2.528671,-1.728047,10.50882,10,10,-10,0.44,500,-10,500,-10,45.26812,-4.698142,34.72031,-10.86844,9.729823,-16.01523,15.95181,1
-0.3322338,-2.391602,4.133415,10,9.367403,-10,0.44,500,-10,500,-10,45.10563,-4.620655,34.45518,-10.78662,9.640547,-15.87737,15.8214,1
-3.290825,6.015841,11.00691,10,-10,-10,0.44,500,-10,500,-10,45.65062,-4.547733,34.90524,-11.12935,9.553356,-15.90756,16.28151,1
-0.2656832,14.32747,6.344408,10,-10,-10,0.44,500,-10,500,-10,46.14312,-4.428213,35.30362,-11.23532,9.67249,-16.13168,16.49247,1
4.594573,13.19012,12.03198,-4.530378,-10,-10,0.44,500,-10,500,-10,46.22189,-4.289076,35.37618,-11.49613,9.949489,-15.93099,16.27559,1
-1.265537,11.88281,10.38309,-10,-10,-10,0.44,500,-10,500,-10,46.15831,-4.149331,35.41697,-11.59938,10.06918,-15.86154,16.1897,1
8.41103,12.91922,2.816638,-10,-3.60674,-10,0.44,500,-10,500,-10,46.06255,-4.028235,35.4199,-11.5271,10.15471,-15.93625,16.1066,1
7.150656,-2.53651,5.739193,-10,10,-10,0.44,500,-10,500,-10,45.80334,-3.980671,35.21299,-11.3133,10.25044,-15.9786,15.83942,1
-2.635571,-1.071293,6.108601,-5.792521,10,-10,0.44,500,-10,500,-10,45.59894,-3.901642,35.0419,-11.18909,10.13405,-15.96105,15.81405,1
3.536859,-3.417943,8.518036,10,10,-10,0.44,500,-10,500,-10,45.58535,-3.805264,34.90269,-10.86701,9.822453,-16.16778,16.0103,1
1.398188,-3.551687,5.053689,10,9.176325,-10,0.44,500,-10,500,-10,45.61151,-3.708795,34.77896,-10.8262,9.773695,-16.10608,15.95654,1
-3.763996,3.726265,9.185884,10,-10,-10,0.44,500,-10,500,-10,45.72737,-3.604406,34.81353,-11.04181,9.569352,-15.91911,16.18952,1
1.595006,14.70904,5.93362,10,-10,-10,0.44,500,-10,500,-10,45.86328,-3.486046,34.89777,-11.05667,9.598268,-15.97405,16.23041,1
5.492841,9.508889,13.70955,-7.958759,-10,-10,0.44,500,-10,500,-10,45.86833,-3.359385,34.96275,-11.37719,9.93421,-15.70737,15.94831,1
1.289269,13.27438,9.550764,-10,-10,-10,0.44,500,-10,500,-10,45.78059,-3.234939,35.03001,-11.43292,10.00517,-15.70737,15.93308,1
12.1542,8.93486,4.05356,-10,1.948684,-10,0.44,500,-10,500,-10,45.68323,-3.129432,35.03625,-11.29984,10.15374,-15.84562,15.78968,1
4.952206,-3.607315,6.658584,-10,10,-10,0.44,500,-10,500,-10,45.58678,-3.04047,34.92678,-11.17126,10.21673,-15.88349,15.63599,1
0.5509642,-2.825373,7.272047,-4.035673,10,-10,0.44,500,-10,500,-10,45.52915,-2.941607,34.82542,-11.03172,10.08901,-15.93904,15.67972,1
6.338166,-3.072124,7.895112,10,10,-10,0.44,500,-10,500,-10,45.65253,-2.842259,34.72274,-10.74399,9.813277,-16.1417,15.87037,1
2.719826,-3.497144,4.819121,10,5.364824,-10,0.44,500,-10,500,-10,45.78136,-2.751459,34.62904,-10.75066,9.726522,-16.0574,15.87949,1
-4.564453,7.209565,5.514321,10,-10,-10,0.44,500,-10,500,-10,45.85586,-2.633443,34.691,-10.93287,9.579509,-15.92652,16.07784,1
7.568703,13.69157,8.786247,8.16901,-10,-10,0.44,500,-10,500,-10,45.90934,-2.507355,34.76438,-10.97746,9.642669,-15.94273,16.07548,1
6.035751,9.556637,12.87225,-10,-10,-10,0.44,500,-10,500,-10,45.81078,-2.379683,34.8405,-11.30951,9.993534,-15.67375,15.78769,1
5.120641,14.92894,4.408128,-10,-10,-10,0.44,500,-10,500,-10,45.63335,-2.260905,34.94867,-11.34853,10.05005,-15.72436,15.8208,1
12.15534,3.542685,9.435426,-10,10,-10,0.44,500,-10,500,-10,45.58548,-2.158093,34.88608,-11.09674,10.26378,-15.92429,15.55521,1
4.950646,-3.772759,7.013715,-10,10,-10,0.44,500,-10,500,-10,45.65089,-2.062755,34.69057,-11.01796,10.19905,-15.84107,15.45794,1
3.588398,-1.879687,10.47198,7.869729,10,-10,0.44,500,-10,500,-10,45.88819,-1.977342,34.44155,-10.6066,9.800268,-16.0461,15.65039,1
8.975657,-2.040681,6.931324,10,10,-10,0.44,500,-10,500,-10,46.308,-1.928799,34.09608,-10.41182,9.611602,-15.95463,15.5528,1
-1.85927,-0.09936976,4.571691,10,-4.22073,-10,0.44,500,-10,500,-10,46.65047,-1.86615,33.83783,-10.45084,9.319792,-15.70163,15.63063,1
2.728392,14.74737,6.091432,10,-10,-10,0.44,500,-10,500,-10,46.95915,-1.735637,33.62284,-10.41702,9.140491,-15.5573,15.63179,1
10.20395,10.39719,9.671151,0.2729857,-10,-10,0.44,500,-10,500,-10,47.82193,-1.637377,32.79742,-10.23723,8.861328,-15.05317,15.22702,1
3.241019,14.80419,8.073156,-10,-10,-10,0.44,500,-10,500,-10,49.54644,-1.676484,30.96971,-9.50408,8.07956,-14.27188,14.49436,1
10.83199,11.56168,6.713113,-10,-3.935656,-10,0.44,500,-10,500,-10,49.3012,-1.797289,31.11736,-9.523761,8.218005,-14.37455,14.47827,1
9.71938,-0.3834165,8.89305,-10,10,-10,0.44,500,-10,500,-10,48.65469,-1.845004,31.67879,-9.671004,8.672031,-14.6925,14.48943,1
2.129704,-2.524344,9.111294,-3.92232,10,-10,0.44,500,-10,500,-10,48.30823,-1.957613,31.96778,-9.734571,8.719009,-14.86838,14.6819,1
8.218607,0.6814754,11.53094,10,10,-10,0.44,500,-10,500,-10,48.28716,-2.088208,32.10041,-9.57197,8.53717,-15.14088,14.97364,1
1.409154,-2.814391,3.801883,10,3.908985,-10,0.44,500,-10,500,-10,48.34056,-2.207656,32.15288,-9.671347,8.48179,-15.08498,15.0725,1
-1.687548,12.60488,5.994444,10,-10,-10,0.44,500,-10,500,-10,48.60254,-2.275337,31.94968,-9.72078,8.208041,-14.86718,15.17788,1
9.834492,12.99123,6.652747,5.140713,-10,-10,0.44,500,-10,500,-10,48.79438,-2.371525,31.79489,-9.725178,8.19827,-14.73452,15.05939,1
3.559655,14.21108,9.534092,-10,-10,-10,0.44,500,-10,500,-10,48.78995,-2.481268,31.67458,-9.933237,8.390162,-14.42677,14.76781,1
7.119545,14.96946,5.163363,-10,-5.588244,-10,0.44,500,-10,500,-10,48.74216,-2.588118,31.58856,-9.852697,8.393229,-14.43605,14.69347,1
12.37247,4.074628,8.746387,-10,10,-10,0.44,500,-10,500,-10,48.59526,-2.688089,31.68251,-9.738012,8.614841,-14.62858,14.54971,1
1.745988,-2.694942,8.224898,-6.754537,10,-10,0.44,500,-10,500,-10,48.47257,-2.800494,31.776,-9.74297,8.60324,-14.70108,14.63877,1
5.026554,1.768406,12.89929,10,10,-10,0.44,500,-10,500,-10,48.51593,-2.919815,31.85507,-9.502151,8.344845,-15.00742,14.96268,1
2.647319,-2.817326,4.680664,10,6.714799,-10,0.44,500,-10,500,-10,48.60223,-3.032459,31.92274,-9.57507,8.327191,-14.99057,15.03641,1
-2.648244,11.23109,7.639815,10,-10,-10,0.44,500,-10,500,-10,48.70761,-3.129084,31.84873,-9.72883,8.090322,-14.77548,15.21195,1
7.857138,15.05208,6.661729,7.520006,-10,-10,0.44,500,-10,500,-10,48.79434,-3.232787,31.75332,-9.727858,8.074072,-14.6974,15.14915,1
3.575887,13.91227,10.52085,-10,-10,-10,0.44,500,-10,500,-10,48.72495,-3.341619,31.66309,-9.994599,8.324781,-14.3559,14.82367,1
4.013399,15.31335,4.562485,-10,-7.302575,-10,0.44,500,-10,500,-10,48.60585,-3.442575,31.57515,-9.936141,8.312194,-14.34149,14.76339,1
12.3737,4.803344,6.909927,-10,10,-10,0.44,500,-10,500,-10,48.52402,-3.550289,31.62741,-9.778887,8.528703,-14.54204,14.59019,1
0.3248389,-2.158808,8.008371,-7.321647,10,-10,0.44,500,-10,500,-10,48.47433,-3.667033,31.71479,-9.786624,8.519242,-14.60671,14.67205,1
3.217714,0.7892666,12.13238,10,10,-10,0.44,500,-10,500,-10,48.58348,-3.785088,31.80574,-9.537948,8.253175,-14.93075,15.01348,1
1.424548,-2.978772,4.224584,10,6.439005,-10,0.44,500,-10,500,-10,48.74142,-3.892207,31.89993,-9.622147,8.241405,-14.92459,15.10329,1
-2.67756,10.40513,9.11637,10,-10,-10,0.44,500,-10,500,-10,48.77684,-3.997307,31.80905,-9.769381,8.002973,-14.70205,15.26642,1
6.251568,15.16798,7.066985,6.477559,-10,-10,0.44,500,-10,500,-10,48.74852,-4.105052,31.66555,-9.77004,7.987758,-14.58249,15.16273,1
2.210857,12.65116,11.52174,-10,-10,-10,0.44,500,-10,500,-10,48.52755,-4.205858,31.48554,-9.984371,8.187241,-14.21901,14.8141,1
4.42913,15.06918,4.593103,-10,-5.03286,-10,0.44,500,-10,500,-10,48.24625,-4.28899,31.27971,-9.852831,8.155306,-14.18,14.67548,1
11.17202,1.614596,6.510273,-10,10,-10,0.44,500,-10,500,-10,48.22801,-4.416957,31.36764,-9.735576,8.357719,-14.37011,14.54592,1
-1.386762,-0.8063718,8.156679,-4.341825,10,-10,0.44,500,-10,500,-10,48.3332,-4.550505,31.55047,-9.730118,8.332588,-14.52706,14.72255,1
4.356733,-1.56445,10.35531,10,10,-10,0.44,500,-10,500,-10,49.13997,-4.6698,32.26759,-9.774942,8.37266,-15.07643,15.27668,1
-0.1757433,-1.572682,5.634763,10,3.748958,-10,0.44,500,-10,500,-10,54.78645,-4.691971,37.81506,-11.80007,10.24615,-17.64789,17.99976,1
-1.725994,11.91782,9.005894,10,-10,-10,0.44,500,-10,500,-10,55.93134,-4.709512,38.85971,-12.25229,10.59309,-18.06125,18.5184,1
7.033778,13.68358,9.056186,3.735623,-10,-10,0.44,500,-10,500,-10,53.37755,-4.636416,36.2371,-11.38672,9.66041,-16.75375,17.27802,1
0.3672774,12.05358,10.27813,-10,-10,-10,0.44,500,-10,500,-10,52.57827,-4.520881,35.53627,-11.33149,9.700081,-16.22829,16.65765,1
9.154319,12.7474,4.806239,-10,-3.722286,-10,0.44,500,-10,500,-10,52.4364,-4.399925,35.49171,-11.24413,9.771912,-16.27872,16.5489,1
6.448586,-2.552265,7.025651,-10,10,-10,0.44,500,-10,500,-10,51.93595,-4.356316,35.07016,-10.96509,9.808293,-16.20847,16.16322,1
-0.7530352,-0.8475755,9.184275,0.4177163,10,-10,0.44,500,-10,500,-10,51.64338,-4.257643,34.79719,-10.70134,9.55909,-16.24603,16.18624,1
6.304567,-3.04155,7.318436,10,10,-10,0.44,500,-10,500,-10,51.59641,-4.13924,34.63109,-10.47373,9.348913,-16.33602,16.25879,1
-2.839108,1.201445,7.30045,10,-6.486084,-10,0.44,500,-10,500,-10,51.72965,-4.041988,34.6743,-10.6599,9.178173,-16.18565,16.46534,1
2.112468,14.60925,6.792322,10,-10,-10,0.44,500,-10,500,-10,51.95557,-3.947043,34.83722,-10.73699,9.190123,-16.24356,16.58838,1
6.7881,11.15762,12.62454,-10,-10,-10,0.44,500,-10,500,-10,52.00634,-3.833311,34.9542,-11.10725,9.577135,-15.97022,16.29829,1
2.679308,14.84255,6.881401,-10,-10,-10,0.44,500,-10,500,-10,51.97028,-3.718593,35.0582,-11.13738,9.624158,-16.02627,16.33745,1
12.23287,4.979816,7.840011,-10,10,-10,0.44,500,-10,500,-10,51.84789,-3.620985,35.01004,-10.89509,9.846621,-16.22865,16.07508,1
1.412991,-3.373556,6.591154,-8.66157,10,-10,0.44,500,-10,500,-10,51.707,-3.518487,34.90229,-10.83502,9.801658,-16.19943,16.03076,1
4.352162,-0.9936873,11.16648,10,10,-10,0.44,500,-10,500,-10,51.72244,-3.405606,34.81224,-10.47668,9.459938,-16.48317,16.29787,1
3.21804,-3.200829,4.868599,10,4.822461,-10,0.44,500,-10,500,-10,51.80568,-3.2979,34.74619,-10.49921,9.381749,-16.4059,16.32133,1
-3.145371,9.802743,7.124308,10,-10,-10,0.44,500,-10,500,-10,51.91708,-3.197588,34.83392,-10.6832,9.246733,-16.29461,16.52904,1
8.808023,12.96514,9.213896,3.635607,-10,-10,0.44,500,-10,500,-10,51.98818,-3.087577,34.922,-10.81026,9.389995,-16.24054,16.45876,1
2.173736,12.84874,10.22738,-10,-10,-10,0.44,500,-10,500,-10,51.88085,-2.975951,35.00829,-11.07041,9.666591,-16.05188,16.25366,1
10.44702,12.01825,6.080348,-10,-2.269545,-10,0.44,500,-10,500,-10,51.77184,-2.872827,35.06509,-11.00182,9.787271,-16.16753,16.18004,1
6.813181,-2.477021,7.875725,-10,10,-10,0.44,500,-10,500,-10,51.69933,-2.76492,34.97016,-10.82669,9.904331,-16.26401,15.98433,1
1.558012,-0.5345929,10.9055,5.723392,10,-10,0.44,500,-10,500,-10,51.73607,-2.651782,34.87846,-10.51667,9.610985,-16.49804,16.20168,1
6.759548,-2.621542,6.686283,10,10,-10,0.44,500,-10,500,-10,51.88947,-2.545798,34.77143,-10.39008,9.500002,-16.53595,16.22399,1
-3.614881,5.004387,6.994843,10,-10,-10,0.44,500,-10,500,-10,51.96938,-2.43962,34.80186,-10.6136,9.288796,-16.33764,16.46041,1
6.603611,14.54282,6.952617,8.542806,-10,-10,0.44,500,-10,500,-10,51.98671,-2.326699,34.91523,-10.66866,9.360486,-16.37653,16.48266,1
4.74161,12.59712,11.71413,-10,-10,-10,0.44,500,-10,500,-10,51.84255,-2.214754,35.04437,-11.02919,9.737505,-16.123,16.21264,1
6.848092,14.60434,5.024874,-10,-3.575597,-10,0.44,500,-10,500,-10,51.64487,-2.114095,35.16607,-11.00309,9.870904,-16.24994,16.18008,1
10.28263,0.5467991,8.606454,-10,10,-10,0.44,500,-10,500,-10,51.68678,-1.997579,35.00323,-10.78255,9.973228,-16.33556,15.94283,1
0.5618317,-1.294947,9.554182,-3.56226,10,-10,0.44,500,-10,500,-10,51.82584,-1.885688,34.77909,-10.57895,9.786114,-16.35344,15.94423,1
6.861845,-1.987453,8.546811,10,10,-10,0.44,500,-10,500,-10,52.29562,-1.795995,34.39416,-10.17803,9.39841,-16.4354,16.01298,1
-3.172637,1.777161,5.691799,10,-7.003345,-10,0.44,500,-10,500,-10,52.62221,-1.696947,34.16173,-10.25511,9.107187,-16.16573,16.11161,1
4.563596,15.03342,6.972775,10,-10,-10,0.44,500,-10,500,-10,53.08037,-1.556193,33.80375,-10.12846,8.885294,-15.99575,16.03688,1
5.518213,12.27031,11.04529,-10,-10,-10,0.44,500,-10,500,-10,52.66507,-1.459806,34.18887,-10.62063,9.440161,-15.8227,15.80113,1
4.74259,15.36105,5.375254,-10,-6.15205,-10,0.44,500,-10,500,-10,52.47822,-1.331627,34.27714,-10.6131,9.538169,-15.90337,15.77626,1
11.11889,2.345507,8.113398,-10,10,-10,0.44,500,-10,500,-10,51.94413,-1.276786,34.72578,-10.61868,9.91555,-16.26953,15.77062,1
0.2995861,-1.600293,8.909231,-3.515586,10,-10,0.44,500,-10,500,-10,51.57079,-1.177173,35.04682,-10.63365,9.945195,-16.52056,16.00698,1
6.643044,-1.320869,9.663157,10,10,-10,0.44,500,-10,500,-10,51.51918,-1.053398,35.21317,-10.45532,9.785093,-16.83673,16.30492,1
-2.514609,1.484697,5.955684,10,-3.952855,-10,0.44,500,-10,500,-10,51.64109,-0.9531449,35.1849,-10.58827,9.618619,-16.68035,16.44796,1
3.460711,14.88715,7.011555,10,-10,-10,0.44,500,-10,500,-10,51.89204,-0.8670643,34.99774,-10.57076,9.477609,-16.54279,16.4339,1
5.456103,12.41634,11.19049,-10,-10,-10,0.44,500,-10,500,-10,51.96028,-0.7584562,34.86287,-10.85258,9.775429,-16.14922,16.02433,1
4.053285,14.91881,4.901689,-10,-5.909652,-10,0.44,500,-10,500,-10,51.92217,-0.6494721,34.77198,-10.76915,9.800161,-16.15734,15.92429,1
10.94724,2.047735,7.655568,-10,10,-10,0.44,500,-10,500,-10,51.76597,-0.5520105,34.86928,-10.62553,10.02917,-16.38158,15.7759,1
-0.2365822,-1.545032,8.694285,-3.468912,10,-10,0.44,500,-10,500,-10,51.64734,-0.4418595,34.97101,-10.54827,9.968215,-16.54313,15.92114,1
6.41418,-1.95596,8.854146,10,10,-10,0.44,500,-10,500,-10,51.71231,-0.3262099,35.05916,-10.33735,9.774536,-16.82709,16.18786,1
-3.039829,2.281863,6.610826,10,-8.066001,-10,0.44,500,-10,500,-10,51.81838,-0.2264041,35.03026,-10.5172,9.562608,-16.62329,16.37585,1
4.187432,15.0349,7.268802,10,-10,-10,0.44,500,-10,500,-10,51.93884,-0.1251764,34.93024,-10.48976,9.506965,-16.56786,16.34861,1
4.319633,12.32893,11.39036,-10,-10,-10,0.44,500,-10,500,-10,51.91473,-0.01453311,34.8425,-10.79268,9.826746,-16.19225,15.95613,1
5.713041,14.50148,4.736273,-10,-3.435573,-10,0.44,500,-10,500,-10,51.8158,0.09080233,34.7814,-10.69506,9.893154,-16.23924,15.8391,1
9.317476,-0.317892,7.715121,-10,10,-10,0.44,500,-10,500,-10,51.72674,0.1949967,34.87708,-10.57412,10.09092,-16.43945,15.72061,1
0.4210598,-0.6673562,9.963866,-0.02455878,10,-10,0.44,500,-10,500,-10,51.70437,0.3067143,34.96536,-10.42765,9.96184,-16.65907,15.92284,1
5.919444,-2.849295,6.641407,10,10,-10,0.44,500,-10,500,-10,51.8358,0.4160766,35.05962,-10.27384,9.825189,-16.89099,16.13759,1
-3.745872,5.213874,7.350079,10,-10,-10,0.44,500,-10,500,-10,51.91864,0.5203303,35.02524,-10.47408,9.591592,-16.66226,16.34271,1
5.990661,14.38598,7.476326,5.118437,-10,-10,0.44,500,-10,500,-10,51.93994,0.6292675,34.92045,-10.51079,9.645643,-16.53872,16.20182,1
2.634358,12.72009,10.73321,-10,-10,-10,0.44,500,-10,500,-10,51.7861,0.7360003,34.80415,-10.72773,9.879723,-16.22541,15.87138,1
8.97506,12.29351,4.870762,-10,-3.388899,-10,0.44,500,-10,500,-10,51.61635,0.8326046,34.70077,-10.61887,9.935502,-16.24861,15.72994,1
5.825972,-2.733092,7.352723,-10,10,-10,0.44,500,-10,500,-10,51.60379,0.9522475,34.81593,-10.49956,10.13697,-16.46334,15.6239,1
2.344476,-0.4376588,11.0805,10,10,-10,0.44,500,-10,500,-10,51.75172,1.071102,34.9535,-10.18918,9.845883,-16.88771,16.02896,1
3.594176,-3.110082,4.699271,10,5.092651,-10,0.44,500,-10,500,-10,51.98993,1.176073,35.10966,-10.27688,9.840454,-16.92941,16.16379,1
-2.181257,10.55774,8.040837,10,-10,-10,0.44,500,-10,500,-10,51.90957,1.287093,34.91714,-10.37484,9.616946,-16.67192,16.22778,1
7.693565,13.25819,9.597099,3.355559,-10,-10,0.44,500,-10,500,-10,51.59411,1.388652,34.52229,-10.3581,9.617326,-16.3615,15.90023,1
1.930773,14.30135,7.622792,-10,-10,-10,0.44,500,-10,500,-10,50.69918,1.436332,33.7171,-10.33839,9.554261,-15.71403,15.29612,1
11.56972,6.697904,6.99191,-10,10,-10,0.44,500,-10,500,-10,49.677,1.491199,32.78761,-9.841901,9.389761,-15.44036,14.69045,1
1.896719,-4.827324,5.874242,-4.727574,10,-10,0.44,500,-10,500,-10,47.97804,1.466482,31.15834,-9.114152,8.627794,-14.81811,14.10243,1
5.810868,-7.06471,5.139203,10,10,-10,0.44,500,-10,500,-10,47.99285,1.325685,31.0863,-8.840938,8.334502,-15.03163,14.33603,1
-1.275347,-6.03955,0.2881215,10,0.5766206,-10,0.44,500,-10,500,-10,48.17133,1.217227,31.16954,-8.982343,8.248234,-14.95921,14.49127,1
2.89238,8.791234,2.396494,10,-10,-10,0.44,500,-10,500,-10,48.61322,1.165302,31.53479,-9.251302,8.271783,-14.99289,14.77037,1
5.256685,6.625146,6.287961,-10,-10,-10,0.44,500,-10,500,-10,48.80145,1.06677,31.77801,-9.704138,8.71044,-14.74158,14.53323,1
5.93085,8.048946,-0.4959827,-10,-3.302217,-10,0.44,500,-10,500,-10,48.75429,0.959113,31.89223,-9.69378,8.835266,-14.84658,14.50305,1
9.089941,-6.428062,3.159399,-10,10,-10,0.44,500,-10,500,-10,48.519,0.8591461,31.72468,-9.484507,8.910917,-14.91702,14.28857,1
1.65141,-6.677216,5.463287,4.846743,10,-10,0.44,500,-10,500,-10,48.43008,0.7404425,31.61158,-9.19158,8.600487,-15.11623,14.50529,1
5.211901,-8.881233,0.7410469,10,9.329949,-10,0.44,500,-10,500,-10,48.47171,0.6192989,31.52196,-9.075353,8.451169,-15.1582,14.58035,1
-2.875936,2.714349,2.798621,10,-10,-10,0.44,500,-10,500,-10,48.60824,0.5271138,31.5913,-9.325193,8.251858,-14.96582,14.83711,1
7.186822,7.839526,3.540941,3.268878,-10,-10,0.44,500,-10,500,-10,48.73227,0.4318691,31.70985,-9.496509,8.408756,-14.89273,14.77844,1
2.094653,8.321064,3.175895,-10,-10,-10,0.44,500,-10,500,-10,48.67384,0.329542,31.81537,-9.783912,8.680587,-14.69276,14.59405,1
11.66996,1.753476,1.961231,-10,10,-10,0.44,500,-10,500,-10,48.56751,0.2261086,31.78564,-9.558422,8.889619,-14.89362,14.36038,1
2.606871,-8.606074,2.909083,-4.539147,10,-10,0.44,500,-10,500,-10,48.47801,0.1118376,31.7014,-9.43899,8.752619,-14.94324,14.42757,1
5.978065,-6.993636,5.179254,10,10,-10,0.44,500,-10,500,-10,48.55931,-0.005930276,31.62351,-9.15875,8.454165,-15.15895,14.66149,1
-1.899055,-5.280599,0.5074498,10,-2.256856,-10,0.44,500,-10,500,-10,48.65767,-0.1102761,31.61039,-9.29305,8.296088,-15.01378,14.8087,1
3.426358,8.855658,2.295197,10,-10,-10,0.44,500,-10,500,-10,48.7444,-0.2087858,31.71208,-9.43174,8.24479,-14.95934,14.94425,1
3.93044,6.828437,5.51047,-10,-10,-10,0.44,500,-10,500,-10,48.68806,-0.3138921,31.80865,-9.829979,8.626321,-14.64113,14.64275,1
7.690516,7.304627,-0.2900457,-10,-3.215536,-10,0.44,500,-10,500,-10,48.56542,-0.4137807,31.88183,-9.803658,8.736719,-14.72809,14.59298,1
7.245973,-7.743647,2.667225,-10,10,-10,0.44,500,-10,500,-10,48.50502,-0.5270997,31.78892,-9.622746,8.835251,-14.83201,14.41746,1
2.514483,-6.799517,5.624721,10,10,-10,0.44,500,-10,500,-10,48.58856,-0.6437747,31.69549,-9.242097,8.435825,-15.13525,14.73948,1
2.963501,-8.549329,-0.3048648,10,3.195533,-10,0.44,500,-10,500,-10,48.73251,-0.7510269,31.62222,-9.284125,8.307106,-15.03251,14.80749,1
-1.092708,5.911839,2.890346,10,-10,-10,0.44,500,-10,500,-10,48.73898,-0.8550079,31.75592,-9.505032,8.213711,-14.92238,15.01166,1
6.46761,7.039004,4.964564,-5.349107,-10,-10,0.44,500,-10,500,-10,48.62318,-0.9580351,31.90752,-9.854282,8.545826,-14.69874,14.80516,1
3.826721,9.038664,0.9732774,-10,-7.558879,-10,0.44,500,-10,500,-10,48.37479,-1.046972,32.08634,-10.01345,8.744794,-14.68774,14.75436,1
10.97564,-3.420165,2.755408,-10,10,-10,0.44,500,-10,500,-10,48.31546,-1.163099,32.04168,-9.807343,8.914806,-14.85685,14.54734,1
1.719191,-7.441998,4.748546,-3.162194,10,-10,0.44,500,-10,500,-10,48.39529,-1.29243,31.88536,-9.621959,8.708056,-14.91271,14.62457,1
5.831882,-8.640907,1.579951,10,10,-10,0.44,500,-10,500,-10,48.8144,-1.410571,31.55746,-9.226525,8.292761,-15.03644,14.76817,1
-3.397884,0.8058106,2.044346,10,-10,-10,0.44,500,-10,500,-10,48.63937,-1.526317,31.8322,-9.602441,8.200043,-14.88818,15.08854,1
6.733517,8.381683,3.597418,3.14219,-10,-10,0.44,500,-10,500,-10,37.57887,-1.576757,42.95991,-14.88215,13.6218,-18.82876,18.88707,1
1.954102,8.111176,2.657632,-10,-10,-10,0.44,500,-10,500,-10,29.93237,-1.555174,50.50734,-18.73074,17.32409,-21.2339,21.43851,1
11.70753,1.239512,1.834606,-10,10,-10,0.44,500,-10,500,-10,28.59913,-1.684087,51.74056,-19.13871,18.19233,-21.84776,21.5921,1
2.507195,-8.443106,3.238796,-3.122187,10,-10,0.44,500,-10,500,-10,28.92853,-1.815245,51.3427,-18.86202,17.86743,-21.79479,21.58734,1
5.770268,-8.131484,3.424506,10,10,-10,0.44,500,-10,500,-10,29.07934,-1.955484,51.2906,-18.61752,17.60227,-21.99612,21.80932,1
-2.920003,-3.224485,0.9066769,10,-10,-10,0.44,500,-10,500,-10,29.38321,-2.011914,51.0664,-18.72337,17.24944,-21.70449,21.97639,1
5.093157,9.029122,2.90936,4.838599,-10,-10,0.44,500,-10,500,-10,29.72087,-2.069234,50.77388,-18.65595,17.17357,-21.52954,21.80988,1
2.623178,7.491803,4.362206,-10,-10,-10,0.44,500,-10,500,-10,29.82666,-2.159849,50.55593,-18.80409,17.30837,-21.2008,21.49449,1
10.45941,4.598651,0.5054013,-10,5.103346,-10,0.44,500,-10,500,-10,29.74076,-2.260044,50.54154,-18.63929,17.46891,-21.35368,21.32201,1
4.429133,-8.905227,2.693928,-7.47597,10,-10,0.44,500,-10,500,-10,29.55766,-2.374055,50.66792,-18.62084,17.54393,-21.47685,21.35172,1
4.880807,-7.633333,4.505758,10,10,-10,0.44,500,-10,500,-10,29.55659,-2.498945,50.75665,-18.37537,17.28007,-21.79584,21.6891,1
-1.603179,-5.928756,-0.37118,10,0.06806278,-10,0.44,500,-10,500,-10,29.64405,-2.608057,50.77483,-18.49901,17.16397,-21.68726,21.82025,1
2.747345,8.488527,2.265461,9.680851,-10,-10,0.44,500,-10,500,-10,29.80712,-2.691002,50.64412,-18.55164,16.97767,-21.52633,21.89826,1
3.700827,7.414151,5.223606,-10,-10,-10,0.44,500,-10,500,-10,29.81557,-2.789048,50.53288,-18.83975,17.25134,-21.14604,21.53242,1
8.887985,6.326448,-0.2735341,-10,-3.048841,-10,0.44,500,-10,500,-10,29.74116,-2.887307,50.45902,-18.73737,17.29101,-21.18723,21.43155,1
6.170647,-8.334125,2.624657,-10,10,-10,0.44,500,-10,500,-10,29.62125,-2.999696,50.54639,-18.64746,17.47839,-21.34953,21.31657,1
4.537953,-7.179517,5.468186,10,10,-10,0.44,500,-10,500,-10,29.64788,-3.120033,50.62043,-18.34999,17.16319,-21.70835,21.69312,1
0.1149422,-6.78816,-0.2893229,10,3.028839,-10,0.44,500,-10,500,-10,29.74635,-3.231625,50.66675,-18.4534,17.09317,-21.64332,21.8015,1
1.718018,8.256508,2.698549,10,-10,-10,0.44,500,-10,500,-10,29.83464,-3.32377,50.55946,-18.55023,16.88305,-21.45758,21.92273,1
4.01963,7.122065,4.918336,-10,-10,-10,0.44,500,-10,500,-10,29.77875,-3.423024,50.45719,-18.852,17.17019,-21.07108,21.55085,1
7.827527,7.232846,-0.2993516,-10,-3.008835,-10,0.44,500,-10,500,-10,29.6571,-3.518729,50.37973,-18.75009,17.21161,-21.10881,21.44525,1
5.848874,-7.736618,2.71341,-10,10,-10,0.44,500,-10,500,-10,29.59008,-3.636899,50.46355,-18.65616,17.39321,-21.27219,21.3331,0.6501083
-0.176577,-7.340002,5.216178,10,10,-10,0.44,500,-10,500,-10,29.66672,-3.758597,50.54605,-18.35987,17.079,-21.63684,21.71567,0
-2.977612,-7.199385,-0.2943073,10,2.988832,-10,0.44,500,-10,500,-10,29.80124,-3.86969,50.60635,-18.46829,17.01317,-21.57839,21.83147,0
-3.291183,7.511038,2.36233,10,-10,-10,0.44,500,-10,500,-10,29.80458,-3.965473,50.46455,-18.5534,16.79168,-21.37578,21.93546,0
0.7283278,7.452641,5.295533,-10,-10,-10,0.44,500,-10,500,-10,29.64983,-4.059186,50.30517,-18.83346,17.05793,-20.96366,21.53715,0
3.1197,7.403093,-0.5822051,-10,-2.968828,-10,0.44,500,-10,500,-10,29.4318,-4.144135,50.15736,-18.70295,17.07324,-20.97169,21.39936,0
3.477346,-7.732692,2.423492,-10,10,-10,0.44,500,-10,500,-10,29.41697,-4.275943,50.25639,-18.6142,17.25712,-21.14249,21.29753,0
-0.4142808,-7.4414,5.072454,10,10,-10,0.44,500,-10,500,-10,29.57587,-4.407174,50.39037,-18.33809,16.96167,-21.52962,21.704,0
-2.914412,-7.640013,-0.7280774,10,2.948825,-10,0.44,500,-10,500,-10,29.80276,-4.524025,50.52393,-18.47705,16.92464,-21.50134,21.85171,0
-3.62567,7.336535,2.334747,10,-10,-10,0.44,500,-10,500,-10,29.18215,-4.606259,49.79404,-18.32168,16.48639,-21.05192,21.68517,0
0.5668066,7.386562,4.987365,-10,-10,-10,0.44,500,-10,500,-10,27.90083,-4.583817,48.54163,-18.12832,16.46807,-20.20755,20.66576,0
3.166586,7.467098,-0.4867891,-10,-2.928822,-10,0.44,500,-10,500,-10,27.4082,-4.476448,48.14388,-17.89991,16.43428,-20.10638,20.36997,0
3.620409,-7.617172,2.507574,-10,10,-10,0.44,500,-10,500,-10,26.76067,-4.442153,47.5805,-17.58898,16.41954,-19.9505,19.9179,0
-0.3323261,-7.608691,4.886325,10,10,-10,0.44,500,-10,500,-10,26.47665,-4.338696,47.24727,-17.14016,15.98597,-20.12321,20.07536,0
-3.428907,-7.622888,-0.9521421,10,2.908819,-10,0.44,500,-10,500,-10,26.47227,-4.227387,47.13618,-17.17271,15.87523,-19.99862,20.09406,0
-3.146757,7.755906,2.646814,10,-10,-10,0.44,500,-10,500,-10,26.77813,-4.143786,47.37058,-17.37738,15.80153,-19.98817,20.36198,0
0.1047394,7.341209,4.670881,-10,-10,-10,0.44,500,-10,500,-10,26.87191,-4.032977,47.52631,-17.75896,16.19943,-19.73562,20.09311,0
3.776083,7.246417,-0.5200281,-10,-2.888815,-10,0.44,500,-10,500,-10,26.83129,-3.923554,47.60154,-17.69951,16.31624,-19.85741,20.03865,0
2.909702,-8.216618,2.036084,-10,10,-10,0.44,500,-10,500,-10,26.62948,-3.831501,47.45426,-17.50758,16.4281,-19.92731,19.80474,0
0.1985301,-7.635715,4.9289,10,10,-10,0.44,500,-10,500,-10,26.59546,-3.722107,47.34119,-17.12141,16.05805,-20.21979,20.08111,0
-3.878163,-6.966153,-0.6568616,10,2.868812,-10,0.44,500,-10,500,-10,26.65947,-3.615432,47.2763,-17.16744,15.95921,-20.11998,20.12618,0
-2.951268,7.78476,2.07357,10,-10,-10,0.44,500,-10,500,-10,26.80817,-3.516103,47.38724,-17.33562,15.85224,-20.04373,20.32507,0
-0.3297056,7.551579,4.608496,-10,-10,-10,0.44,500,-10,500,-10,26.80394,-3.404906,47.47935,-17.70041,16.2334,-19.75527,20.02024,0
4.450885,6.587624,-0.560317,-10,-2.848808,-10,0.44,500,-10,500,-10,26.71939,-3.298484,47.53675,-17.63694,16.34665,-19.8663,19.95455,0
2.639435,-8.263646,2.593439,-10,10,-10,0.44,500,-10,500,-10,26.60612,-3.197228,47.43776,-17.4567,16.47066,-19.96451,19.74851,0
0.7074836,-7.82447,4.668059,10,10,-10,0.44,500,-10,500,-10,26.63954,-3.08729,47.34935,-17.0754,16.10555,-20.27256,20.04036,0
-4.834067,-5.99946,-0.4258786,10,2.828805,-10,0.44,500,-10,500,-10,26.74265,-2.982812,47.28938,-17.12164,16.0057,-20.17663,20.09053,0
-1.886244,8.418434,2.272563,9.250073,-10,-10,0.44,500,-10,500,-10,26.82185,-2.877014,47.38408,-17.2998,15.91056,-20.07693,20.26414,0
-0.4784504,8.119912,4.612643,-10,-10,-10,0.44,500,-10,500,-10,26.75302,-2.766174,47.47504,-17.65499,16.28208,-19.79712,19.96799,0
5.662057,5.236771,-0.5584949,-10,0.586833,-10,0.44,500,-10,500,-10,26.64042,-2.662807,47.51258,-17.54766,16.42838,-19.93555,19.85279,0
1.563779,-8.732482,2.559946,-7.386556,10,-10,0.44,500,-10,500,-10,26.60408,-2.555519,47.40789,-17.35493,16.46342,-20.04153,19.731,0
1.37007,-7.998734,4.135716,10,10,-10,0.44,500,-10,500,-10,26.72795,-2.447919,47.29623,-17.00511,16.12945,-20.29884,19.97245,0
-6.077228,-4.452925,-0.009028316,10,-4.530558,-10,0.44,500,-10,500,-10,26.83564,-2.345063,47.28149,-17.14995,15.96224,-20.14178,20.12745,0
-0.9404307,8.585533,2.259946,5.309558,-10,-10,0.44,500,-10,500,-10,26.82032,-2.232545,47.40683,-17.32775,16.03345,-20.06784,20.1601,0
-1.255299,8.192515,3.457799,-10,-10,-10,0.44,500,-10,500,-10,26.61718,-2.125555,47.56216,-17.64595,16.36741,-19.87835,19.95485,0
7.327078,3.971525,0.8603126,-10,8.79262,-10,0.44,500,-10,500,-10,26.54933,-2.017997,47.52773,-17.41837,16.57886,-20.07739,19.71487,0
0.3848677,-8.990962,2.779355,-3.065858,10,-10,0.44,500,-10,500,-10,26.67754,-1.905462,47.31618,-17.19772,16.40197,-20.12276,19.71646,0
1.55589,-8.487065,2.883931,10,10,-10,0.44,500,-10,500,-10,27.11331,-1.813233,46.96182,-16.81618,16.03402,-20.21068,19.79079,0
-6.881516,-2.157876,0.7280964,10,-10,-10,0.44,500,-10,500,-10,27.27639,-1.698014,46.89574,-17.00024,15.78468,-19.97186,19.98537,0
0.6930115,9.145661,3.236914,2.742124,-10,-10,0.44,500,-10,500,-10,26.43966,-1.56164,47.79779,-17.51014,16.2896,-20.20939,20.22789,0
-1.489233,8.449127,2.177741,-10,-10,-10,0.44,500,-10,500,-10,29.06507,-1.552052,45.07091,-16.4394,15.23867,-19.02067,19.01935,0
7.17801,0.6068752,0.4682954,-10,10,-10,0.44,500,-10,500,-10,32.13674,-1.516096,41.90018,-14.68653,13.94814,-18.1463,17.68265,0
-0.6305905,-8.956896,3.167653,-2.72212,10,-10,0.44,500,-10,500,-10,32.26447,-1.38111,41.70988,-14.46899,13.75049,-18.20616,17.72262,0
1.346677,-8.959455,1.488153,10,10,-10,0.44,500,-10,500,-10,32.31947,-1.240468,41.75638,-14.25534,13.55755,-18.45834,17.95409,0
-7.13179,0.3931198,1.583372,10,-10,-10,0.44,500,-10,500,-10,32.6413,-1.176948,41.51762,-14.37416,13.23536,-18.14169,18.07845,0
1.507597,8.997982,3.813361,2.702117,-10,-10,0.44,500,-10,500,-10,32.98262,-1.104574,41.21537,-14.36911,13.24097,-17.89631,17.8224,0
-1.109729,8.789693,0.9630515,-10,-10,-10,0.44,500,-10,500,-10,33.06573,-1.002572,41.0079,-14.50118,13.38807,-17.59232,17.50339,0
7.592931,-1.55215,1.692822,-10,10,-10,0.44,500,-10,500,-10,32.91133,-0.904757,41.07674,-14.30156,13.65323,-17.84899,17.29528,0
-1.019914,-8.572868,3.749156,-2.682114,10,-10,0.44,500,-10,500,-10,32.74386,-0.793016,41.21146,-14.22498,13.59311,-18.03719,17.46702,0
0.4772381,-9.079887,0.1314074,10,8.597811,-10,0.44,500,-10,500,-10,32.7796,-0.6740085,41.30416,-14.04619,13.40028,-18.29279,17.73666,0
-6.729625,3.332675,1.930089,10,-10,-10,0.44,500,-10,500,-10,32.9264,-0.5822592,41.22364,-14.21271,13.16151,-18.05956,17.90871,0
1.138256,8.32707,3.842233,-1.963142,-10,-10,0.44,500,-10,500,-10,33.01717,-0.4848156,41.10357,-14.36245,13.32565,-17.81033,17.64508,0
0.6097103,8.818491,0.01953101,-10,-5.277613,-10,0.44,500,-10,500,-10,32.95533,-0.3827597,41.02027,-14.41308,13.49782,-17.69067,17.40389,0
6.639409,-4.544565,2.05411,-10,10,-10,0.44,500,-10,500,-10,32.82984,-0.2771536,41.09535,-14.26645,13.71104,-17.89951,17.25287,0
-0.6540636,-8.296499,4.323515,7.134625,10,-10,0.44,500,-10,500,-10,32.82347,-0.1614924,41.17865,-13.99541,13.45743,-18.23958,17.57552,0
-1.334231,-8.690564,-0.7787179,10,2.635439,-10,0.44,500,-10,500,-10,32.91508,-0.05182487,41.22725,-14.0329,13.34576,-18.24235,17.72744,0
-5.407987,5.872448,2.445847,10,-10,-10,0.44,500,-10,500,-10,33.01842,0.04355796,41.1235,-14.12602,13.16903,-18.06327,17.81821,0
0.7290304,8.270861,4.4387,-10,-10,-10,0.44,500,-10,500,-10,32.97496,0.1471892,41.02773,-14.4276,13.48664,-17.68233,17.42125,0
2.533653,7.851619,-0.9328009,-10,-2.615435,-10,0.44,500,-10,500,-10,32.86523,0.2469512,40.96033,-14.31938,13.56027,-17.73471,17.29178,0
5.080282,-6.561352,2.798923,-10,10,-10,0.44,500,-10,500,-10,32.78887,0.3599328,41.04803,-14.2036,13.7462,-17.92316,17.17851,0
0.07360327,-8.170908,4.36412,10,10,-10,0.44,500,-10,500,-10,32.85805,0.4774628,41.13237,-13.87947,13.44051,-18.31716,17.55409,0
-3.668105,-7.376293,-1.176975,10,2.595432,-10,0.44,500,-10,500,-10,32.98486,0.5857978,41.19149,-13.96766,13.37915,-18.27797,17.66443,0
-3.53639,7.61876,2.113378,10,-10,-10,0.44,500,-10,500,-10,33.016,0.6864878,41.071,-14.05766,13.20172,-18.08813,17.74203,0
-0.3553365,8.1783,4.200191,-10,-10,-10,0.44,500,-10,500,-10,32.89434,0.7880422,40.94171,-14.35147,13.51198,-17.68719,17.32464,0
5.062617,6.429114,-0.6416456,-10,-2.575428,-10,0.44,500,-10,500,-10,32.71672,0.8822079,40.83257,-14.23167,13.57483,-17.71655,17.17135,0
2.540072,-8.423273,2.036765,-9.463007,10,-10,0.44,500,-10,500,-10,32.7086,1.005417,40.94529,-14.11142,13.75762,-17.93021,17.08197,0
1.100204,-8.305416,3.992478,10,10,-10,0.44,500,-10,500,-10,32.87186,1.127209,41.08601,-13.81042,13.47641,-18.34781,17.47978,0
-5.712674,-5.092889,-0.5048722,10,-1.624797,-10,0.44,500,-10,500,-10,33.01127,1.233373,41.1312,-13.94041,13.36225,-18.25525,17.63137,0
-1.81168,8.480751,1.912035,6.192479,-10,-10,0.44,500,-10,500,-10,32.77213,1.331204,40.79509,-13.98611,13.23586,-17.93106,17.47927,0
-1.195131,8.499136,3.075439,-10,-10,-10,0.44,500,-10,500,-10,32.13167,1.390582,40.21026,-14.07399,13.30287,-17.3586,16.92768,0
6.792499,3.404995,-0.2854736,-10,7.813372,-10,0.44,500,-10,500,-10,31.50619,1.467738,39.67717,-13.72509,13.28093,-17.26579,16.5079,0
0.8156399,-9.076984,2.579525,-2.891571,10,-10,0.44,500,-10,500,-10,29.2899,1.541396,37.52173,-12.77589,12.37935,-16.429,15.62351,0
1.64042,-8.599883,2.726152,10,10,-10,0.44,500,-10,500,-10,29.13844,1.507491,37.27389,-12.45267,11.9863,-16.54688,15.8112,0
-7.187437,-2.008044,0.3158064,10,-10,-10,0.44,500,-10,500,-10,29.8898,1.457036,37.92967,-12.94134,12.00521,-16.60158,16.33567,0
0.06421062,8.910534,2.746317,2.508752,-10,-10,0.44,500,-10,500,-10,30.50313,1.339635,38.48401,-13.30722,12.35446,-16.69502,16.44574,0
-1.128218,8.84762,1.684822,-10,-10,-10,0.44,500,-10,500,-10,30.47157,1.199877,38.55499,-13.56562,12.5928,-16.49543,16.26621,0
7.69276,0.3445125,0.7669817,-10,10,-10,0.44,500,-10,500,-10,30.17772,1.13413,38.34241,-13.26011,12.72835,-16.62479,15.95452,0
-0.3863553,-9.071924,3.086982,-2.488748,10,-10,0.44,500,-10,500,-10,29.86777,1.061188,38.06755,-13.02323,12.48103,-16.63393,15.97409,0
0.9614914,-9.167015,0.8351968,10,10,-10,0.44,500,-10,500,-10,29.79844,0.9613988,37.87077,-12.72775,12.17106,-16.76637,16.12101,0
-7.232803,1.269894,1.23638,10,-10,-10,0.44,500,-10,500,-10,29.94576,0.8621542,37.93252,-12.98122,11.95964,-16.56406,16.3836,0
0.9567131,8.834209,3.440525,2.468744,-10,-10,0.44,500,-10,500,-10,30.10074,0.7485476,38.05674,-13.16832,12.13,-16.47988,16.31616,0
-0.1786218,9.033516,0.4503577,-10,-9.152458,-10,0.44,500,-10,500,-10,30.06039,0.6282219,38.14709,-13.42547,12.38836,-16.29761,16.13268,0
7.291781,-2.898742,1.389162,-10,10,-10,0.44,500,-10,500,-10,29.92061,0.5363819,38.07281,-13.18895,12.56932,-16.47257,15.89016,0
-0.6825218,-8.718567,3.720901,1.463013,10,-10,0.44,500,-10,500,-10,29.83132,0.440567,37.95403,-12.94921,12.31509,-16.61389,16.04597,0
-0.2300113,-8.694437,-0.1546744,10,5.440138,-10,0.44,500,-10,500,-10,29.89626,0.3398192,37.86951,-12.81881,12.06668,-16.67426,16.22435,0
-6.448588,4.357427,1.696244,10,-10,-10,0.44,500,-10,500,-10,30.01706,0.233023,37.93906,-13.0271,11.91094,-16.5236,16.43772,0
0.4019418,8.254113,3.514437,-6.905926,-10,-10,0.44,500,-10,500,-10,30.02063,0.116267,38.0197,-13.36213,12.22805,-16.25538,16.18743,0
1.43873,8.297738,-0.977024,-10,-2.422071,-10,0.44,500,-10,500,-10,29.92683,0.006140351,38.06549,-13.36522,12.3847,-16.29023,16.06871,0
6.222548,-5.428176,2.299618,-10,10,-10,0.44,500,-10,500,-10,29.82842,-0.08806096,37.96054,-13.18797,12.47232,-16.38052,15.89413,0
-0.2265199,-8.583849,4.007148,10,10,-10,0.44,500,-10,500,-10,29.87761,-0.190089,37.86251,-12.80588,12.07412,-16.68139,16.21111,0
-2.455622,-7.737197,-0.8650874,10,2.402067,-10,0.44,500,-10,500,-10,29.99072,-0.2885642,37.79333,-12.85983,11.94126,-16.57012,16.28665,0
-4.736458,6.608213,1.887924,10,-10,-10,0.44,500,-10,500,-10,30.06431,-0.4034668,37.8792,-13.04528,11.82919,-16.45582,16.46987,0
-0.0484944,8.351644,3.889187,-10,-10,-10,0.44,500,-10,500,-10,29.99132,-0.5225087,37.96239,-13.4391,12.20402,-16.13093,16.16397,0
3.91325,6.993027,-1.064183,-10,-2.382064,-10,0.44,500,-10,500,-10,29.86358,-0.6317078,38.01936,-13.39671,12.31551,-16.22053,16.09969,0
3.776551,-7.796067,2.10225,-10,10,-10,0.44,500,-10,500,-10,29.84112,-0.7305411,37.8922,-13.20562,12.38698,-16.30625,15.92285,0
0.5977962,-8.543245,3.839176,10,10,-10,0.44,500,-10,500,-10,29.97459,-0.8292801,37.75362,-12.79959,11.96459,-16.59745,16.23041,0
-4.872705,-6.328467,-1.156917,10,2.362061,-10,0.44,500,-10,500,-10,30.1624,-0.9207667,37.63522,-12.82644,11.80404,-16.4725,16.29285,0
-2.730376,8.237955,2.025249,9.50779,-10,-10,0.44,500,-10,500,-10,30.1718,-1.047054,37.74363,-13.03505,11.71364,-16.35372,16.47309,0
-0.9418302,8.351193,3.332246,-10,-10,-10,0.44,500,-10,500,-10,30.00673,-1.172084,37.8827,-13.4531,12.11109,-16.05089,16.19086,0
6.048063,5.049788,-0.7472996,-10,1.406479,-10,0.44,500,-10,500,-10,29.87207,-1.279511,37.9222,-13.36031,12.25701,-16.17642,16.07768,0
2.029139,-8.70897,2.358331,-6.406997,10,-10,0.44,500,-10,500,-10,30.19339,-1.370073,37.50451,-12.99877,12.07321,-16.19186,15.91538,0
1.13109,-8.972006,2.766282,10,10,-10,0.44,500,-10,500,-10,30.97495,-1.40732,36.77818,-12.33647,11.48365,-16.25233,15.90312,0
-6.908333,-3.952178,-0.7370718,10,-7.013495,-10,0.44,500,-10,500,-10,31.76948,-1.448428,36.07502,-12.14074,11.00671,-15.86544,15.79742,0
-1.002953,9.010077,2.368419,3.31111,-10,-10,0.44,500,-10,500,-10,33.05603,-1.467275,34.8484,-11.75196,10.57039,-15.23785,15.21738,0
-0.989854,9.006273,2.764688,-10,-10,-10,0.44,500,-10,500,-10,33.57128,-1.348888,34.2375,-11.71444,10.55032,-14.76918,14.73127,0
7.576944,2.388671,0.3729192,-10,10,-10,0.44,500,-10,500,-10,33.17643,-1.28023,34.54397,-11.6271,10.92346,-15.11046,14.61206,0
0.5693736,-9.079981,2.735266,-2.295382,10,-10,0.44,500,-10,500,-10,32.78194,-1.188421,34.89307,-11.63373,10.94361,-15.3931,14.88117,0
1.389239,-8.874393,1.704142,10,10,-10,0.44,500,-10,500,-10,32.70951,-1.068556,35.0812,-11.4847,10.81224,-15.698,15.16842,0
-7.403417,-0.773731,0.5060146,10,-10,-10,0.44,500,-10,500,-10,32.90528,-0.9803209,34.96738,-11.65308,10.54324,-15.43532,15.34311,0
0.3862258,9.117124,2.958663,2.275379,-10,-10,0.44,500,-10,500,-10,33.11095,-0.8823231,34.79161,-11.70491,10.60951,-15.23785,15.1312,0
-0.7533445,9.142421,1.265043,-10,-10,-10,0.44,500,-10,500,-10,33.11003,-0.7706513,34.66027,-11.85993,10.78098,-14.974,14.8509,0
7.382884,-0.9046402,0.490146,-10,10,-10,0.44,500,-10,500,-10,32.97028,-0.673686,34.72287,-11.65749,11.0432,-15.22831,14.64055,0
-0.5400848,-9.226708,2.990471,-2.255375,10,-10,0.44,500,-10,500,-10,32.83805,-0.5679759,34.8399,-11.56614,10.96742,-15.41663,14.8133,0
0.9511858,-8.949608,0.7672124,10,10,-10,0.44,500,-10,500,-10,32.88748,-0.4553175,34.93888,-11.3807,10.79865,-15.68408,15.06409,0
-7.347262,1.831377,0.9736786,10,-10,-10,0.44,500,-10,500,-10,33.00553,-0.356547,34.88956,-11.57481,10.55711,-15.44911,15.26476,0
0.5955205,8.665665,3.154896,1.89682,-10,-10,0.44,500,-10,500,-10,33.09663,-0.2515599,34.79021,-11.66527,10.66334,-15.27633,15.07621,0
0.06571198,8.916239,-0.06821597,-10,-8.186256,-10,0.44,500,-10,500,-10,33.01545,-0.1434193,34.70716,-11.81487,10.87013,-15.05791,14.80061,0
7.029585,-3.45479,1.193914,-10,10,-10,0.44,500,-10,500,-10,32.91109,-0.04165818,34.76056,-11.62698,11.1073,-15.29005,14.60768,0
-0.4742047,-8.741765,3.746627,2.436505,10,-10,0.44,500,-10,500,-10,32.88671,0.06725053,34.8502,-11.43958,10.93661,-15.55172,14.85266,0
-1.127149,-9.246063,-1.164137,10,5.095129,-10,0.44,500,-10,500,-10,32.99204,0.1739113,34.91783,-11.37536,10.77843,-15.67198,15.06687,0
-6.87877,4.077328,1.079823,10,-10,-10,0.44,500,-10,500,-10,33.07642,0.2769197,34.84214,-11.50626,10.58548,-15.47836,15.1971,0
0.7622778,8.789524,4.027238,-6.709977,-10,-10,0.44,500,-10,500,-10,33.03637,0.3858245,34.74831,-11.75177,10.84805,-15.15511,14.85678,0
1.578356,8.356852,-0.9086109,-10,-2.188698,-10,0.44,500,-10,500,-10,32.91296,0.4896803,34.68496,-11.69645,10.98508,-15.15793,14.66726,0
6.219908,-5.391006,2.083048,-10,10,-10,0.44,500,-10,500,-10,32.86425,0.5979202,34.78901,-11.5899,11.1702,-15.3507,14.56836,0
0.2018697,-8.350395,4.38017,10,10,-10,0.44,500,-10,500,-10,32.96698,0.7084957,34.89718,-11.27255,10.87052,-15.75767,14.95766,0
-2.334419,-7.921555,-0.9346606,10,2.168694,-10,0.44,500,-10,500,-10,33.12087,0.8107779,34.98008,-11.37256,10.81075,-15.72636,15.08612,0
-5.346091,6.168726,1.636862,10,-10,-10,0.44,500,-10,500,-10,33.12651,0.9234209,34.85297,-11.45597,10.63836,-15.53763,15.1532,0
0.1310264,8.554418,3.938819,-10,-10,-10,0.44,500,-10,500,-10,32.96445,1.034278,34.70238,-11.74384,10.94431,-15.12497,14.72246,0
3.41163,7.272296,-1.31364,-10,-2.148691,-10,0.44,500,-10,500,-10,32.74741,1.134136,34.56628,-11.61132,11.00518,-15.14473,14.54883,0
4.681779,-7.033428,2.222541,-10,10,-10,0.44,500,-10,500,-10,32.82342,1.253813,34.75768,-11.52812,11.21518,-15.38652,14.49743,0
0.421724,-8.600607,3.838771,10,10,-10,0.44,500,-10,500,-10,33.17075,1.363307,35.07815,-11.27072,10.97603,-15.90946,15.0021,0
-4.372592,-6.863076,-1.266936,10,2.128688,-10,0.44,500,-10,500,-10,33.76023,1.448691,35.57676,-11.49311,11.03599,-16.10021,15.35529,0
-3.282616,8.012156,2.131939,10,-10,-10,0.44,500,-10,500,-10,34.11391,1.589537,35.83016,-11.70463,10.98605,-16.09866,15.61519,0
-0.61957,8.412144,3.660583,-10,-10,-10,0.44,500,-10,500,-10,33.68715,1.711118,35.44143,-11.90499,11.21815,-15.5762,15.06099,0
4.974619,5.944565,-1.140366,-10,-2.108685,-10,0.44,500,-10,500,-10,33.54165,1.826859,35.39319,-11.79787,11.30845,-15.64334,14.93073,0
2.98655,-8.355215,1.945633,-9.979717,10,-10,0.44,500,-10,500,-10,32.96667,1.878991,34.90131,-11.51697,11.31065,-15.51668,14.52096,0
0.8117349,-8.774151,3.40791,10,10,-10,0.44,500,-10,500,-10,32.74534,1.987942,34.62553,-11.083,10.89556,-15.72215,14.70754,0
-5.610148,-5.34584,-0.8664859,10,0.01264286,-10,0.44,500,-10,500,-10,32.79637,2.095207,34.57383,-11.16476,10.77118,-15.59754,14.78908,0
-1.898129,8.713271,2.363351,7.663455,-10,-10,0.44,500,-10,500,-10,33.06737,2.18271,34.78671,-11.36936,10.76627,-15.56933,14.97038,0
-0.8971488,8.74132,3.230475,-10,-10,-10,0.44,500,-10,500,-10,33.12893,2.292895,34.93462,-11.70868,11.12499,-15.35257,14.73421,0
6.59517,4.363815,-0.6229146,-10,3.902508,-10,0.44,500,-10,500,-10,33.03156,2.394689,34.93484,-11.54866,11.29634,-15.51277,14.56305,0
1.50911,-9.06637,2.080456,-5.419191,10,-10,0.44,500,-10,500,-10,32.86666,2.494912,34.80263,-11.3561,11.25927,-15.59578,14.49057,0
1.362169,-8.913168,2.75587,10,10,-10,0.44,500,-10,500,-10,32.87975,2.606486,34.69651,-11.04562,10.96875,-15.81834,14.69316,0
-7.032774,-3.571051,-0.5664051,10,-7.701167,-10,0.44,500,-10,500,-10,32.99282,2.706246,34.72819,-11.24057,10.78345,-15.64964,14.90472,0
-0.8426548,9.124433,2.484186,3.196777,-10,-10,0.44,500,-10,500,-10,33.10052,2.810289,34.83177,-11.40304,10.91325,-15.57299,14.86074,0
-1.057437,9.008522,2.602522,-10,-10,-10,0.44,500,-10,500,-10,33.03697,2.919776,34.92481,-11.6538,11.18403,-15.39932,14.66705,0
7.390604,2.308652,-0.08730888,-10,10,-10,0.44,500,-10,500,-10,32.93128,3.02098,34.88216,-11.41032,11.40984,-15.60746,14.4059,0
0.8213153,-9.004985,2.760406,-2.022004,10,-10,0.44,500,-10,500,-10,32.86243,3.128863,34.79096,-11.23658,11.25612,-15.70564,14.48405,0
1.278342,-9.012966,1.835722,10,10,-10,0.44,500,-10,500,-10,32.96418,3.238214,34.70191,-10.98478,11.02468,-15.88365,14.64171,0
-7.491529,-1.411073,0.3004633,10,-10,-10,0.44,500,-10,500,-10,33.05689,3.341047,34.74191,-11.20909,10.81814,-15.69248,14.88139,0
1.664717,11.51179,4.857856,2.002001,-10,-10,0.44,500,-10,500,-10,33.09653,3.449612,34.83411,-11.36508,10.99461,-15.61289,14.78132,0.3999
3.059934,15.02891,6.513358,-10,-10,-10,0.44,500,-10,500,-10,32.96442,3.556951,34.93079,-11.60033,11.25029,-15.45774,14.60575,1
11.84283,6.452723,5.733717,-10,10,-10,0.44,500,-10,500,-10,32.88396,3.662024,34.89098,-11.35581,11.47635,-15.66928,14.3467,1
3.702357,-3.310628,7.652818,-1.981997,10,-10,0.44,500,-10,500,-10,32.87731,3.772801,34.78864,-11.17353,11.31525,-15.76676,14.42301,1
5.005438,-3.20538,5.827045,10,10,-10,0.44,500,-10,500,-10,33.04952,3.879203,34.67156,-10.90853,11.0709,-15.93475,14.57034,1
-3.87352,6.162274,5.331059,10,-10,-10,0.44,500,-10,500,-10,33.11614,3.986427,34.71652,-11.13536,10.86826,-15.74517,14.81024,1
4.236331,14.77867,7.72088,1.961994,-10,-10,0.44,500,-10,500,-10,33.07389,4.09852,34.84989,-11.31029,11.06491,-15.68076,14.72409,1
3.41417,15.08342,5.654541,-10,-10,-10,0.44,500,-10,500,-10,32.82785,4.201155,35.0247,-11.57812,11.35322,-15.55776,14.58063,1
11.42794,4.425727,5.808521,-10,10,-10,0.44,500,-10,500,-10,32.77404,4.31255,34.97511,-11.32796,11.5753,-15.76683,14.31745,1
3.378168,-3.126348,8.161539,-1.94199,10,-10,0.44,500,-10,500,-10,32.92046,4.429698,34.75436,-11.09454,11.36473,-15.81735,14.34511,1
4.48919,-3.233339,5.257822,10,10,-10,0.44,500,-10,500,-10,33.4276,4.524611,34.33457,-10.6957,10.98491,-15.86835,14.3771,1
-3.310847,8.161849,6.175077,10,-10,-10,0.44,500,-10,500,-10,33.61831,4.642509,34.24131,-10.85951,10.72222,-15.62727,14.56252,1
4.709685,14.7508,8.304695,1.921987,-10,-10,0.44,500,-10,500,-10,33.55336,4.777577,34.3662,-11.04164,10.90782,-15.54862,14.4804,1
4.218603,15.13147,5.258489,-10,-9.056172,-10,0.44,500,-10,500,-10,33.7663,4.905354,34.05417,-11.08612,11.00463,-15.2456,14.12504,1
11.14313,2.862857,6.137768,-10,10,-10,0.44,500,-10,500,-10,33.21884,4.959478,34.51331,-11.07319,11.45099,-15.63896,14.05912,1
3.151237,-3.071125,8.269406,0.5535815,10,-10,0.44,500,-10,500,-10,32.779,5.04821,34.92826,-11.05725,11.45443,-15.99873,14.39951,1
3.673293,-3.023222,4.610333,10,7.134704,-10,0.44,500,-10,500,-10,32.71388,5.16466,35.10402,-10.98117,11.33741,-16.22044,14.66216,1
-2.800152,9.785187,6.545749,10,-10,-10,0.44,500,-10,500,-10,32.96731,5.250937,34.93019,-11.0903,11.07995,-15.96728,14.77558,1
4.667743,14.60305,8.614676,-3.023133,-10,-10,0.44,500,-10,500,-10,33.1376,5.354491,34.75086,-11.2293,11.24086,-15.6797,14.46609,1
4.92876,14.72758,4.449768,-10,-5.290791,-10,0.44,500,-10,500,-10,33.11675,5.464882,34.65166,-11.25008,11.39072,-15.57671,14.23403,1
10.34886,1.09885,6.093584,-10,10,-10,0.44,500,-10,500,-10,32.93352,5.559431,34.76937,-11.11908,11.62487,-15.80524,14.09741,1
3.533393,-2.734111,8.845928,5.383776,10,-10,0.44,500,-10,500,-10,32.85921,5.667571,34.8876,-10.89104,11.41976,-16.13125,14.40049,1
2.559253,-2.852397,3.913243,10,3.480932,-10,0.44,500,-10,500,-10,32.92021,5.775501,34.95496,-10.8942,11.29914,-16.18391,14.57692,1
-2.256379,10.94615,6.622998,10,-10,-10,0.44,500,-10,500,-10,33.06762,5.873489,34.85292,-10.99156,11.11462,-16.00199,14.6769,1
4.41433,14.49488,8.732034,-7.700887,-10,-10,0.44,500,-10,500,-10,33.08226,5.982831,34.75702,-11.24703,11.39355,-15.66706,14.3185,1
5.907885,14.45572,4.225825,-10,-1.835306,-10,0.44,500,-10,500,-10,32.99886,6.088706,34.7037,-11.16886,11.52232,-15.70105,14.14555,1
9.811511,0.2088141,6.536323,-10,10,-10,0.44,500,-10,500,-10,32.8819,6.190411,34.80278,-11.06559,11.70815,-15.88642,14.04182,1
3.908633,-2.580609,9.092783,9.894613,10,-10,0.44,500,-10,500,-10,32.91627,6.300864,34.8907,-10.74358,11.41012,-16.28128,14.41269,1
1.833275,-2.22763,4.083415,10,1.815302,-10,0.44,500,-10,500,-10,33.01672,6.40567,34.94479,-10.83535,11.34087,-16.23432,14.52676,1
-1.419114,11.99416,6.809227,10,-10,-10,0.44,500,-10,500,-10,33.10305,6.510692,34.84979,-10.9189,11.18178,-16.07206,14.60714,1
4.10275,14.36788,8.794098,-10,-10,-10,0.44,500,-10,500,-10,33.03935,6.621498,34.75975,-11.21941,11.5067,-15.69694,14.20761,1
7.034934,13.93657,4.181963,-10,-1.7953,-10,0.44,500,-10,500,-10,32.92013,6.725549,34.70008,-11.10118,11.59676,-15.76574,14.06811,1
9.08517,-0.6272651,6.855846,-10,10,-10,0.44,500,-10,500,-10,32.86618,6.83325,34.80222,-10.99516,11.78054,-15.95639,13.96896,1
4.136726,-2.52703,9.102434,10,10,-10,0.44,500,-10,500,-10,32.96479,6.943698,34.90706,-10.6733,11.48341,-16.36511,14.35297,1
0.9861641,-1.440462,4.041656,10,1.775295,-10,0.44,500,-10,500,-10,33.11158,7.046238,34.98364,-10.77234,11.42091,-16.32952,14.47891,1
-0.6307875,12.79921,6.793586,10,-10,-10,0.44,500,-10,500,-10,33.12509,7.158242,34.8617,-10.84927,11.25786,-16.15156,14.54093,1
4.089631,14.54524,9.048405,-10,-10,-10,0.44,500,-10,500,-10,32.97297,7.269128,34.72068,-11.13645,11.57019,-15.74754,14.11176,1
7.744452,13.18976,3.847847,-10,-1.755293,-10,0.44,500,-10,500,-10,32.77345,7.369827,34.60118,-11.00084,11.64401,-15.78413,13.93892,1
8.442155,-1.348109,7.051057,-10,10,-10,0.44,500,-10,500,-10,32.83362,7.487762,34.77926,-10.91476,11.84908,-16.01776,13.8814,1
4.327636,-2.604299,8.855875,10,10,-10,0.44,500,-10,500,-10,33.13357,7.597128,35.0527,-10.63994,11.59956,-16.51914,14.35748,1
-0.1417348,-1.047783,3.780691,10,1.735289,-10,0.44,500,-10,500,-10,33.57991,7.687683,35.40963,-10.82035,11.6165,-16.63449,14.6363,1
0.4487166,13.85284,7.205843,10,-10,-10,0.44,500,-10,500,-10,33.40237,7.825633,35.13003,-10.85063,11.41226,-16.37253,14.60886,1
3.549371,14.36327,8.718734,-10,-10,-10,0.44,500,-10,500,-10,35.94144,7.904245,37.70967,-12.18069,12.55206,-17.17994,15.60652,1
8.910329,12.7909,4.365515,-10,-1.715286,-10,0.44,500,-10,500,-10,35.05487,7.884202,36.92159,-11.78075,12.49694,-16.92688,15.00864,1
7.37922,-2.19407,6.829047,-10,10,-10,0.44,500,-10,500,-10,38.59586,7.975168,40.56018,-12.93771,13.99657,-18.78482,16.52391,1
4.677372,-2.59744,8.818936,10,10,-10,0.44,500,-10,500,-10,38.5501,8.115465,40.4723,-12.55003,13.63576,-19.09967,16.8119,1
-0.6263613,-0.1866257,4.312552,10,1.695282,-10,0.44,500,-10,500,-10,38.69738,8.230494,40.52367,-12.64317,13.56851,-19.04911,16.92173,1
1.035529,14.02574,6.866005,10,-10,-10,0.44,500,-10,500,-10,39.12471,8.275367,40.87634,-12.88029,13.56454,-19.1042,17.21791,1
3.47287,14.57282,8.954426,-10,-10,-10,0.44,500,-10,500,-10,39.3099,8.366949,41.12685,-13.28708,13.9949,-18.90498,16.99512,1
9.222565,11.84302,4.034822,-10,-1.67528,-10,0.44,500,-10,500,-10,39.30638,8.468747,41.23649,-13.21943,14.13965,-19.06349,16.94122,1
6.611967,-2.529589,6.666984,-10,10,-10,0.44,500,-10,500,-10,39.07507,8.570868,41.07346,-13.03526,14.2361,-19.11257,16.70969,1
4.927402,-2.602183,8.752379,10,10,-10,0.44,500,-10,500,-10,39.03514,8.690196,40.96245,-12.64916,13.86757,-19.40669,16.98623,1
-1.129841,0.4679645,4.504629,10,1.655275,-10,0.44,500,-10,500,-10,39.10219,8.80147,40.91513,-12.71433,13.76123,-19.30231,17.05337,1
1.618946,14.30902,6.953511,9.706926,-10,-10,0.44,500,-10,500,-10,39.27737,8.888494,41.04954,-12.8818,13.67905,-19.2462,17.24691,1
3.117005,14.47502,8.545467,-10,-10,-10,0.44,500,-10,500,-10,39.28799,8.990948,41.16056,-13.24805,14.0604,-18.97194,16.95755,1
9.846926,11.217,4.204064,-10,-0.3522258,-10,0.44,500,-10,500,-10,39.2107,9.092546,41.21223,-13.15438,14.19895,-19.10843,16.86182,1
6.557627,-2.357437,7.379558,-8.702179,10,-10,0.44,500,-10,500,-10,39.08856,9.201204,41.11801,-12.9818,14.2755,-19.20294,16.7072,1
5.336236,-2.456536,8.789584,10,10,-10,0.44,500,-10,500,-10,39.12396,9.317833,41.03713,-12.62455,13.93542,-19.49318,16.98026,1
-2.068404,0.8961345,4.147306,10,-1.254397,-10,0.44,500,-10,500,-10,39.22015,9.423329,41.01639,-12.7308,13.80378,-19.36974,17.09472,1
2.33493,14.82887,7.401858,7.697532,-10,-10,0.44,500,-10,500,-10,39.30671,9.520826,41.11814,-12.8921,13.78251,-19.29275,17.2003,1
3.22938,14.82418,8.561677,-10,-10,-10,0.44,500,-10,500,-10,39.23698,9.623827,41.21511,-13.22351,14.12909,-19.04169,16.93406,1
10.8738,10.88553,4.894601,-10,2.789067,-10,0.44,500,-10,500,-10,39.1333,9.725067,41.24149,-13.08712,14.2956,-19.19994,16.78941,1
5.732819,-2.890051,7.264468,-6.728427,10,-10,0.44,500,-10,500,-10,39.07774,9.839222,41.154,-12.91462,14.3023,-19.29993,16.71021,1
4.960291,-3.063787,7.707737,10,10,-10,0.44,500,-10,500,-10,39.18096,9.955091,41.06487,-12.58446,13.98921,-19.55625,16.94946,1
-2.440086,1.902829,4.600271,10,-4.272347,-10,0.44,500,-10,500,-10,39.27874,10.05834,41.06492,-12.73208,13.83065,-19.40867,17.10806,1
2.805613,14.97501,7.360017,5.773341,-10,-10,0.44,500,-10,500,-10,39.2821,10.15993,41.18861,-12.90394,13.88849,-19.3393,17.15271,1
3.085073,14.93987,8.188514,-10,-10,-10,0.44,500,-10,500,-10,39.11409,10.25778,41.32878,-13.2232,14.22217,-19.13618,16.93517,1
10.91576,9.597019,4.742209,-10,5.710643,-10,0.44,500,-10,500,-10,39.0013,10.36086,41.34843,-13.05189,14.41983,-19.32377,16.75379,1
5.370626,-2.976511,7.473669,-4.833077,10,-10,0.44,500,-10,500,-10,39.0279,10.4838,41.22607,-12.86291,14.34554,-19.41137,16.72669,1
5.616342,-2.676287,8.037939,10,10,-10,0.44,500,-10,500,-10,39.25766,10.60099,41.05513,-12.52948,14.02939,-19.60316,16.90121,1
-3.122694,2.537394,4.548041,10,-7.157697,-10,0.44,500,-10,500,-10,39.30109,10.70634,41.11333,-12.73273,13.86179,-19.44813,17.11703,1
3.126303,14.97182,7.386345,3.887168,-10,-10,0.44,500,-10,500,-10,38.98267,10.80348,41.51469,-13.01809,14.09745,-19.49533,17.21394,1
2.766859,14.81599,7.57184,-10,-10,-10,0.44,500,-10,500,-10,38.14902,10.84716,42.2756,-13.58415,14.65897,-19.55976,17.28289,1
11.32123,8.779398,4.946374,-10,8.536905,-10,0.44,500,-10,500,-10,37.25911,10.9034,43.07312,-13.80572,15.19906,-19.999,17.40362,1
4.807813,-3.114032,7.507093,-2.976574,10,-10,0.44,500,-10,500,-10,35.66111,10.90031,44.61102,-14.48779,15.81965,-20.59122,18.05732,1
5.534148,-2.867796,7.533834,10,10,-10,0.44,500,-10,500,-10,35.42825,10.76464,44.9353,-14.44712,15.759,-20.90058,18.38666,1
-3.101989,3.47127,5.170204,10,-9.897055,-10,0.44,500,-10,500,-10,35.85979,10.70459,44.59093,-14.48444,15.33941,-20.57793,18.52091,1
3.662067,15.10839,7.651847,2.068625,-10,-10,0.44,500,-10,500,-10,36.27401,10.6209,44.22025,-14.42382,15.26414,-20.33141,18.28904,1
2.595803,14.7121,7.04834,-10,-10,-10,0.44,500,-10,500,-10,36.36908,10.5051,44.01277,-14.5332,15.35647,-20.05011,18.0248,1
11.507,8.105142,5.139596,-10,10,-10,0.44,500,-10,500,-10,36.16949,10.41563,44.13026,-14.38177,15.64223,-20.2989,17.83639,1
4.132002,-3.455791,7.156229,-1.468578,10,-10,0.44,500,-10,500,-10,35.97054,10.31371,44.30183,-14.33777,15.58322,-20.48505,18.03756,1
5.468819,-2.922015,7.166527,10,10,-10,0.44,500,-10,500,-10,35.97458,10.19926,44.42864,-14.21208,15.44067,-20.71581,18.28518,1
-3.263921,4.330418,5.414925,10,-10,-10,0.44,500,-10,500,-10,36.12101,10.10409,44.35687,-14.40119,15.16539,-20.46723,18.50099,1
3.868758,15.03541,7.731277,1.448575,-10,-10,0.44,500,-10,500,-10,36.25203,10.00057,44.23644,-14.48877,15.23772,-20.27987,18.32888,1
2.912448,14.96063,7.037808,-10,-10,-10,0.44,500,-10,500,-10,36.20533,9.890015,44.13395,-14.64517,15.37783,-20.03854,18.10384,1
11.56454,7.237453,5.335833,-10,10,-10,0.44,500,-10,500,-10,36.08593,9.79051,44.18559,-14.45875,15.62713,-20.26775,17.89734,1
4.163854,-3.143376,7.822853,-1.428571,10,-10,0.44,500,-10,500,-10,35.99622,9.683288,44.28269,-14.37248,15.52506,-20.43448,18.07986,1
5.599745,-2.743331,7.069714,10,10,-10,0.44,500,-10,500,-10,36.07603,9.572748,44.37266,-14.22497,15.36127,-20.65653,18.3182,1
-3.566379,4.803325,5.294694,10,-10,-10,0.44,500,-10,500,-10,36.17919,9.471621,44.32723,-14.42978,15.10081,-20.41408,18.54101,1
4.564305,15.36216,8.356759,1.408568,-10,-10,0.44,500,-10,500,-10,36.23846,9.36431,44.2359,-14.53653,15.19175,-20.23166,18.3744,1
3.048517,15.02734,6.698207,-10,-10,-10,0.44,500,-10,500,-10,36.13023,9.256392,44.14494,-14.70114,15.34046,-19.99168,18.15032,1
11.80654,6.667254,5.631139,-10,10,-10,0.44,500,-10,500,-10,36.0408,9.152655,44.18666,-14.50855,15.58296,-20.21885,17.94239,1
3.92517,-3.069218,8.047907,-1.388565,10,-10,0.44,500,-10,500,-10,36.011,9.042675,44.27906,-14.41607,15.47427,-20.38789,18.12764,1
5.206095,-3.066339,6.280421,10,10,-10,0.44,500,-10,500,-10,36.15095,8.934821,44.37811,-14.26993,15.31225,-20.61609,18.37173,1
-3.418661,5.769411,5.774709,10,-10,-10,0.44,500,-10,500,-10,36.22647,8.829563,44.33315,-14.47688,15.05332,-20.37189,18.5934,1
4.549115,15.10113,8.072101,1.368561,-10,-10,0.44,500,-10,500,-10,36.22034,8.719404,44.22482,-14.58015,15.14037,-20.17885,18.4166,1
3.076807,15.0225,6.278341,-10,-10,-10,0.44,500,-10,500,-10,36.03486,8.614939,44.09755,-14.73106,15.27589,-19.92249,18.17562,1
11.8406,5.97542,5.788317,-10,10,-10,0.44,500,-10,500,-10,35.97335,8.506319,44.1462,-14.54044,15.51963,-20.15343,17.97219,1
3.594554,-3.175837,7.947196,-1.348558,10,-10,0.44,500,-10,500,-10,36.03263,8.392311,44.28901,-14.46651,15.42891,-20.34569,18.18125,1
5.220664,-3.020167,6.134378,10,10,-10,0.44,500,-10,500,-10,36.30608,8.28946,44.48705,-14.36078,15.30803,-20.6155,18.46621,1
-3.352032,6.387618,6.103656,10,-10,-10,0.44,500,-10,500,-10,36.34731,8.176696,44.42525,-14.56208,15.04234,-20.36301,18.68071,1
4.402378,14.80516,7.806665,1.328555,-10,-10,0.44,500,-10,500,-10,36.13396,8.06006,44.14354,-14.59535,15.05843,-20.09631,18.43119,1
3.083652,14.98133,5.903668,-10,-10,-10,0.44,500,-10,500,-10,35.39165,7.976751,43.49161,-14.53939,15.02376,-19.61208,17.92568,1
11.79375,5.371142,6.066957,-10,10,-10,0.44,500,-10,500,-10,34.50143,7.870181,42.69758,-13.98378,15.02233,-19.50978,17.26918,1
3.420949,-3.166441,8.029922,-1.308551,10,-10,0.44,500,-10,500,-10,36.94184,7.835185,45.19432,-14.85388,15.76073,-20.70844,18.59955,1
4.86811,-3.257965,5.681171,10,10,-10,0.44,500,-10,500,-10,45.63429,7.836015,53.78639,-17.63638,18.72896,-25.04525,22.75062,1
-3.330545,7.010202,6.139809,10,-10,-10,0.44,500,-10,500,-10,46.90053,7.960617,54.95201,-18.21872,18.85842,-25.42872,23.58698,1
4.652229,14.85756,8.135929,1.288548,-10,-10,0.44,500,-10,500,-10,46.46275,8.08662,54.45461,-18.17783,18.85696,-25.05747,23.1763,1
3.261409,15.02797,5.740516,-10,-10,-10,0.44,500,-10,500,-10,46.31223,8.226809,54.40282,-18.35012,19.0499,-24.84226,22.94044,1
11.88304,5.047039,6.361818,-10,10,-10,0.44,500,-10,500,-10,45.98438,8.278747,54.15405,-18.05326,19.21107,-24.93299,22.57314,1
3.44024,-2.951946,8.383157,-1.268545,10,-10,0.44,500,-10,500,-10,45.65804,8.340135,53.85624,-17.81553,18.98238,-24.92397,22.55508,1
4.902705,-3.079733,5.811962,10,10,-10,0.44,500,-10,500,-10,45.56526,8.432039,53.63549,-17.54519,18.72557,-25.0114,22.62897,1
-3.583832,7.20508,6.000452,10,-10,-10,0.44,500,-10,500,-10,45.71625,8.533423,53.70008,-17.77709,18.52204,-24.83301,22.88602,1
5.099557,15.06886,8.700798,1.248541,-10,-10,0.44,500,-10,500,-10,45.86217,8.651939,53.81734,-17.95006,18.71246,-24.75721,22.79276,1
3.540974,15.12969,5.680147,-10,-10,-10,0.44,500,-10,500,-10,45.82202,8.776823,53.90607,-18.16548,18.94629,-24.61531,22.63246,1
11.28538,4.045946,5.916407,-10,10,-10,0.44,500,-10,500,-10,45.67815,8.865396,53.82631,-17.91432,19.15855,-24.80037,22.35411,1
3.228733,-2.952807,8.383778,-1.228538,10,-10,0.44,500,-10,500,-10,45.55779,8.956719,53.70131,-17.72161,18.97929,-24.88951,22.42979,1
4.565462,-3.239268,5.41481,10,10,-10,0.44,500,-10,500,-10,45.61004,9.055019,53.58929,-17.48102,18.75317,-25.03729,22.56309,1
-3.058122,8.03033,6.463526,10,-10,-10,0.44,500,-10,500,-10,45.7202,9.160102,53.62584,-17.70518,18.54244,-24.84342,22.80411,1
4.941818,14.7572,8.491308,1.208535,-10,-10,0.44,500,-10,500,-10,45.79535,9.277584,53.70582,-17.87001,18.72459,-24.74485,22.68823,1
3.65571,15.07637,5.448617,-10,-10,-10,0.44,500,-10,500,-10,45.70396,9.396811,53.78144,-18.08361,18.95575,-24.59391,22.51973,1
11.43758,3.896376,6.378823,-10,10,-10,0.44,500,-10,500,-10,45.60648,9.492968,53.72507,-17.83731,19.17398,-24.7935,22.25478,1
3.356236,-2.698795,8.733189,-1.188531,10,-10,0.44,500,-10,500,-10,45.55986,9.589909,53.62222,-17.64693,18.99789,-24.89866,22.34566,1
4.449948,-3.163873,5.324301,10,10,-10,0.44,500,-10,500,-10,45.68007,9.686214,53.51733,-17.4057,18.77084,-25.05299,22.48581,1
-3.197603,8.277537,6.1477,10,-10,-10,0.44,500,-10,500,-10,45.76966,9.794661,53.54678,-17.62832,18.55907,-24.85475,22.72196,1
5.445037,15.10963,9.203319,1.168528,-10,-10,0.44,500,-10,500,-10,45.79479,9.91498,53.62642,-17.79645,18.74492,-24.75262,22.60211,1
3.786325,14.97179,5.192992,-10,-10,-10,0.44,500,-10,500,-10,45.65044,10.03314,53.71494,-18.01698,18.98285,-24.60544,22.43752,1
11.37571,3.348743,6.555341,-10,10,-10,0.44,500,-10,500,-10,45.59239,10.13288,53.64859,-17.76467,19.19561,-24.80277,22.16978,1
3.206506,-2.765938,8.659608,-1.148525,10,-10,0.44,500,-10,500,-10,45.62941,10.22923,53.50987,-17.55617,19.0013,-24.89633,22.24915,1
4.259472,-3.066888,5.194635,10,10,-10,0.44,500,-10,500,-10,45.85136,10.31538,53.34494,-17.28337,18.74119,-25.03247,22.3726,1
-3.050175,8.763329,6.236357,10,-10,-10,0.44,500,-10,500,-10,45.93713,10.42894,53.36071,-17.50186,18.52604,-24.82704,22.60082,1
5.095086,14.74294,8.874131,0.8364797,-10,-10,0.44,500,-10,500,-10,45.89803,10.55905,53.46786,-17.69335,18.7367,-24.72434,22.47895,1
3.966457,14.83276,4.864429,-10,-9.363767,-10,0.44,500,-10,500,-10,45.64616,10.68223,53.63258,-17.93383,19.00966,-24.62034,22.34247,1
10.95306,2.599308,6.1303,-10,10,-10,0.44,500,-10,500,-10,45.77057,10.78191,53.40131,-17.61525,19.1418,-24.74729,22.0187,1
3.613348,-2.364247,9.286404,-0.04483891,10,-10,0.44,500,-10,500,-10,46.37701,10.84312,52.73683,-17.16339,18.63969,-24.64857,21.97024,1
4.094497,-2.895838,5.101918,10,8.633365,-10,0.44,500,-10,500,-10,47.30753,10.81292,51.8968,-16.67897,17.98066,-24.43695,21.93322,1
-2.867022,9.467362,6.484315,10,-10,-10,0.44,500,-10,500,-10,48.06141,10.82232,51.23158,-16.55828,17.42828,-24.00646,21.93442,1
4.9829,14.60957,8.869219,-0.7924314,-10,-10,0.44,500,-10,500,-10,48.80222,10.7735,50.51826,-16.35818,17.22099,-23.6155,21.55065,1
4.822299,15.2454,5.387448,-10,-7.887313,-10,0.44,500,-10,500,-10,48.99693,10.66099,50.21537,-16.34942,17.24323,-23.37329,21.27744,1
10.96929,2.118302,6.528011,-10,10,-10,0.44,500,-10,500,-10,48.69475,10.57605,50.43295,-16.26913,17.55323,-23.63386,21.14772,1
2.867314,-3.034057,8.407769,1.626741,10,-10,0.44,500,-10,500,-10,48.46909,10.46939,50.64803,-16.19538,17.46377,-23.88582,21.41539,1
3.595011,-2.883817,4.799958,10,7.115669,-10,0.44,500,-10,500,-10,48.46934,10.35259,50.7646,-16.15045,17.33668,-24.02735,21.63908,1
-2.566562,10.09965,6.674929,10,-10,-10,0.44,500,-10,500,-10,48.6671,10.26376,50.63863,-16.27735,17.06507,-23.79607,21.80631,1
5.077744,14.69685,9.135963,-2.493822,-10,-10,0.44,500,-10,500,-10,48.79422,10.16209,50.49633,-16.42159,17.19433,-23.53393,21.55915,1
4.823578,14.70353,4.555221,-10,-6.344164,-10,0.44,500,-10,500,-10,48.75731,10.05463,50.40106,-16.47247,17.31171,-23.4041,21.36283,1
10.59827,1.584895,6.459543,-10,10,-10,0.44,500,-10,500,-10,48.61082,9.955099,50.48508,-16.34425,17.53687,-23.60194,21.20727,1
3.341908,-2.606782,9.053544,3.352243,10,-10,0.44,500,-10,500,-10,48.547,9.844559,50.58511,-16.17683,17.35317,-23.85223,21.47385,1
3.105839,-2.828168,4.418352,10,5.54708,-10,0.44,500,-10,500,-10,48.61966,9.734509,50.65426,-16.1512,17.21106,-23.93517,21.67327,1
-2.078593,10.79145,7.04492,10,-10,-10,0.44,500,-10,500,-10,48.74104,9.636537,50.57511,-16.28832,16.98363,-23.73247,21.83511,1
4.906664,14.58665,9.079431,-4.238483,-10,-10,0.44,500,-10,500,-10,48.76604,9.530233,50.48093,-16.49174,17.1714,-23.45101,21.56931,1
5.189907,14.58208,4.391351,-10,-4.75182,-10,0.44,500,-10,500,-10,48.6727,9.425547,50.4124,-16.51085,17.29328,-23.37511,21.39065,1
10.51552,1.196637,6.70782,-10,10,-10,0.44,500,-10,500,-10,48.57539,9.321021,50.48431,-16.3923,17.49151,-23.55326,21.25201,1
3.362655,-2.657962,8.991669,5.113489,10,-10,0.44,500,-10,500,-10,48.58735,9.208999,50.57079,-16.18411,17.26682,-23.83311,21.54835,1
2.553147,-2.810719,4.13,10,3.91621,-10,0.44,500,-10,500,-10,48.70114,9.10208,50.63339,-16.201,17.13096,-23.86808,21.73608,1
-2.335814,10.90644,6.523612,10,-10,-10,0.44,500,-10,500,-10,48.7719,8.999292,50.54914,-16.32063,16.92208,-23.67863,21.87515,1
4.537621,14.32994,8.818407,-6.032717,-10,-10,0.44,500,-10,500,-10,48.71858,8.891883,50.44757,-16.55575,17.14137,-23.35936,21.5717,1
5.613625,14.44461,4.243099,-10,-3.064437,-10,0.44,500,-10,500,-10,48.57924,8.790119,50.37043,-16.52378,17.25059,-23.32742,21.39856,1
10.05392,0.4934956,6.691153,-10,10,-10,0.44,500,-10,500,-10,48.53718,8.67942,50.46385,-16.43164,17.43633,-23.49696,21.29022,1
3.51328,-2.627742,9.030548,6.950616,10,-10,0.44,500,-10,500,-10,48.63689,8.565921,50.58125,-16.20205,17.19002,-23.82383,21.63382,1
2.393895,-2.460473,4.386877,10,2.184456,-10,0.44,500,-10,500,-10,48.80608,8.461444,50.67263,-16.28021,17.0768,-23.82138,21.82275,1
-1.707485,11.60001,6.878761,10,-10,-10,0.44,500,-10,500,-10,48.78193,8.351918,50.52446,-16.35558,16.86166,-23.62325,21.91513,1
4.667675,14.57169,9.264411,-7.897931,-10,-10,0.44,500,-10,500,-10,48.5693,8.246991,50.31548,-16.58261,17.07323,-23.22304,21.53038,1
5.90464,14.14715,3.892612,-10,-1.303736,-10,0.44,500,-10,500,-10,48.27855,8.15373,50.1094,-16.45678,17.12948,-23.17813,21.30338,1
9.633995,-0.003252268,6.692849,-10,10,-10,0.44,500,-10,500,-10,48.37141,8.023682,50.30895,-16.41819,17.32628,-23.38207,21.27193,1
3.778911,-2.50792,9.196771,8.835291,10,-10,0.44,500,-10,500,-10,49.05324,7.904664,50.96059,-16.37767,17.26823,-23.96252,21.86992,1
1.566846,-2.636688,3.770232,10,0.9018173,-10,0.44,500,-10,500,-10,52.71304,7.907866,54.52205,-17.59531,18.4936,-25.69587,23.59554,1
-1.433612,11.96554,6.757068,10,-10,-10,0.44,500,-10,500,-10,52.76414,8.042082,54.4713,-17.68419,18.35675,-25.56494,23.69033,1
4.254623,14.29797,8.993413,-9.79048,-10,-10,0.44,500,-10,500,-10,52.63666,8.181892,54.38563,-17.98825,18.68141,-25.1899,23.29469,1
6.363407,13.85527,3.811189,-10,-0.881814,-10,0.44,500,-10,500,-10,52.4647,8.292868,54.30653,-17.86347,18.77831,-25.24914,23.13226,1
9.261829,-0.5082545,6.696422,-10,10,-10,0.44,500,-10,500,-10,52.08073,8.328609,53.99214,-17.65169,18.81684,-25.20041,22.83322,1
4.087156,-2.332994,9.425476,10,10,-10,0.44,500,-10,500,-10,51.90995,8.408499,53.74657,-17.23004,18.40695,-25.41858,23.03962,1
1.325477,-2.072604,3.941618,10,0.8618107,-10,0.44,500,-10,500,-10,51.91125,8.503792,53.6312,-17.28551,18.27069,-25.26752,23.0803,1
-0.6928301,12.6981,7.318901,10,-10,-10,0.44,500,-10,500,-10,52.11884,8.61554,53.76834,-17.4359,18.19295,-25.23076,23.27168,1
4.199166,14.35488,9.11002,-10,-10,-10,0.44,500,-10,500,-10,52.13769,8.740524,53.86,-17.79799,18.57344,-24.94463,22.96714,1
6.93786,13.61616,3.874273,-10,-0.8418074,-10,0.44,500,-10,500,-10,52.05929,8.852842,53.89114,-17.70189,18.70012,-25.06652,22.86625,1
9.085187,-0.6333276,7.177135,-10,10,-10,0.44,500,-10,500,-10,51.88771,8.933437,53.7553,-17.53657,18.79082,-25.11929,22.663,1
4.014069,-2.501591,9.133785,10,10,-10,0.44,500,-10,500,-10,51.88161,9.029839,53.63992,-17.14911,18.41756,-25.41115,22.94066,1
0.7463362,-1.888166,3.782043,10,0.821804,-10,0.44,500,-10,500,-10,51.95608,9.127851,53.57484,-17.21817,18.29438,-25.28816,23.00991,1
-0.4132551,13.02349,7.124299,10,-10,-10,0.44,500,-10,500,-10,52.07948,9.241615,53.66106,-17.35507,18.20434,-25.2227,23.17138,1
4.121817,14.40129,9.144938,-10,-10,-10,0.44,500,-10,500,-10,52.04465,9.362967,53.73358,-17.71395,18.5811,-24.92391,22.85472,1
7.657583,13.46684,4.086361,-10,-0.8018007,-10,0.44,500,-10,500,-10,51.9483,9.47334,53.7676,-17.61959,18.71014,-25.04645,22.75387,1
8.279522,-1.397183,6.79977,-10,10,-10,0.44,500,-10,500,-10,51.85578,9.564161,53.65945,-17.4589,18.80607,-25.11754,22.56833,1
4.348825,-2.329609,9.295828,10,10,-10,0.44,500,-10,500,-10,51.9188,9.662046,53.5565,-17.07158,18.43317,-25.41955,22.85593,1
0.5350999,-1.152437,4.142791,10,0.7817974,-10,0.44,500,-10,500,-10,52.03425,9.758249,53.48973,-17.13741,18.30559,-25.2984,22.92819,1
0.1506908,13.49188,7.181881,10,-10,-10,0.44,500,-10,500,-10,52.10593,9.877228,53.57052,-17.27543,18.21834,-25.22732,23.08237,1
4.080361,14.51478,9.235283,-10,-10,-10,0.44,500,-10,500,-10,52.02303,9.999609,53.64952,-17.63933,18.60026,-24.92889,22.76591,1
8.120241,13.11988,4.104661,-10,-0.7617941,-10,0.44,500,-10,500,-10,51.90082,10.10996,53.69292,-17.54928,18.73451,-25.05489,22.66762,1
8.023316,-1.630659,6.978456,-10,10,-10,0.44,500,-10,500,-10,51.89121,10.20373,53.55397,-17.37319,18.81457,-25.11585,22.47243,1
4.202813,-2.643348,8.779225,10,10,-10,0.44,500,-10,500,-10,52.04876,10.29552,53.39965,-16.95636,18.41126,-25.40482,22.74787,1
-0.1512997,-1.128912,3.84376,10,0.7417908,-10,0.44,500,-10,500,-10,52.2441,10.38277,53.27543,-16.99164,18.25091,-25.26661,22.80529,1
0.6460662,13.90945,7.321756,10,-10,-10,0.44,500,-10,500,-10,52.26675,10.51432,53.36817,-17.14004,18.1768,-25.19506,22.95625,1
3.67238,14.33999,8.882107,-10,-10,-10,0.44,500,-10,500,-10,52.11137,10.64549,53.48884,-17.52887,18.58495,-24.90621,22.64808,1
8.452734,12.63592,4.101457,-10,-0.7217875,-10,0.44,500,-10,500,-10,51.94442,10.76096,53.56187,-17.45126,18.73329,-25.04432,22.56026,1
7.551274,-1.968084,6.906706,-10,10,-10,0.44,500,-10,500,-10,52.40249,10.83865,52.99149,-17.08096,18.58923,-24.94202,22.23171,1
4.512044,-2.558451,8.855002,10,10,-10,0.44,500,-10,500,-10,53.34871,10.84,52.08184,-16.38638,17.742,-24.88287,22.3252,1
-0.6419777,-0.7648205,3.873616,10,0.7017841,-10,0.44,500,-10,500,-10,54.03846,10.77306,51.48298,-16.21867,17.3224,-24.55437,22.2486,1
0.6251389,13.79256,6.866722,10,-10,-10,0.44,500,-10,500,-10,54.7583,10.76942,50.84851,-15.99372,16.85593,-24.2536,22.18935,1
3.622151,14.50463,9.039122,-10,-10,-10,0.44,500,-10,500,-10,55.14735,10.68016,50.40012,-16.10324,16.9523,-23.77255,21.72145,1
8.7418,12.22586,4.02472,-10,-0.6817808,-10,0.44,500,-10,500,-10,55.16206,10.57453,50.28133,-15.95268,16.99601,-23.82469,21.57931,1
7.317402,-1.996656,7.258714,-10,10,-10,0.44,500,-10,500,-10,54.83138,10.48503,50.5359,-15.97379,17.24447,-24.01452,21.54179,1
4.793483,-5.302264,6.582916,10,10,-10,0.44,500,-10,500,-10,54.74411,10.36856,50.69169,-15.7222,16.97573,-24.39518,21.93961,1
-0.6453995,0.02757204,4.591991,10,0.6617775,-10,0.44,500,-10,500,-10,54.80012,10.2589,50.74404,-15.85766,16.88475,-24.3031,22.07397,1
1.448006,14.24018,7.320851,10,-10,-10,0.44,500,-10,500,-10,55.01775,10.17184,50.58292,-15.89358,16.66776,-24.13368,22.15746,1
3.459494,14.54572,9.027239,-10,-10,-10,0.44,500,-10,500,-10,55.0529,10.06579,50.45919,-16.18022,16.93877,-23.74452,21.78393,1
9.211758,11.87807,4.124748,-10,-0.6417732,-10,0.44,500,-10,500,-10,54.98899,9.961643,50.40082,-16.05832,17.01227,-23.81805,21.66206,1
6.870399,-2.127429,7.2218,-10,10,-10,0.44,500,-10,500,-10,54.8344,9.858942,50.51161,-16.00765,17.18611,-23.96052,21.58002,1
4.939033,-2.545274,8.833698,10,10,-10,0.44,500,-10,500,-10,54.81995,9.740632,50.60186,-15.72022,16.88124,-24.32274,21.95967,1
-1.32557,-0.01696086,4.186964,10,0.6217694,-10,0.44,500,-10,500,-10,54.87722,9.627819,50.64096,-15.84975,16.78297,-24.2256,22.09034,1
1.785932,14.37957,7.269189,10,-10,-10,0.44,500,-10,500,-10,54.99698,9.535059,50.53317,-15.91731,16.59768,-24.06873,22.18632,1
3.049533,14.32477,8.620921,-10,-10,-10,0.44,500,-10,500,-10,54.95834,9.432764,50.43585,-16.22074,16.88604,-23.68466,21.81732,1
9.767226,11.79055,4.644798,-10,-0.6017666,-10,0.44,500,-10,500,-10,54.85953,9.332804,50.37877,-16.10135,16.96356,-23.75675,21.6925,1
6.447798,-2.359026,7.139022,-10,10,-10,0.44,500,-10,500,-10,54.76949,9.219814,50.46375,-16.03512,17.11942,-23.8934,21.60705,1
4.904676,-2.722646,8.527484,10,10,-10,0.44,500,-10,500,-10,54.83512,9.101601,50.54288,-15.73759,16.80447,-24.25649,21.98756,1
-1.453265,0.6513921,4.548733,10,0.5817628,-10,0.44,500,-10,500,-10,54.94756,8.993341,50.58553,-15.86573,16.70459,-24.16368,22.12279,1
2.213531,14.60186,7.381158,10,-10,-10,0.44,500,-10,500,-10,54.99834,8.895029,50.47301,-15.93519,16.52128,-24.001,22.21288,1
2.954027,14.37843,8.515727,-10,-10,-10,0.44,500,-10,500,-10,54.88992,8.794285,50.35693,-16.23557,16.80682,-23.60444,21.83115,1
9.951788,11.24079,4.544232,-10,-0.5617599,-10,0.44,500,-10,500,-10,54.74254,8.697906,50.27595,-16.1111,16.88068,-23.66182,21.69019,1
5.948432,-2.696943,6.900961,-9.736864,10,-10,0.44,500,-10,500,-10,54.71225,8.576817,50.37563,-16.04008,17.02966,-23.81542,21.62379,1
5.162199,-2.630723,8.552872,10,10,-10,0.44,500,-10,500,-10,54.84875,8.455627,50.48914,-15.75822,16.72995,-24.19134,22.01757,1
-1.878369,0.9572786,4.508158,10,-0.2913756,-10,0.44,500,-10,500,-10,54.99759,8.34758,50.54978,-15.90263,16.62669,-24.09717,22.17107,1
2.053293,14.39599,6.863536,8.998447,-10,-10,0.44,500,-10,500,-10,54.8946,8.247648,50.32791,-15.94009,16.43081,-23.87588,22.18312,1
3.040064,14.60596,8.537703,-10,-10,-10,0.44,500,-10,500,-10,54.54803,8.163933,50.01324,-16.15455,16.64159,-23.40069,21.7116,1
10.27949,10.69412,4.61867,-10,1.234938,-10,0.44,500,-10,500,-10,54.16931,8.08855,49.72113,-15.91278,16.68423,-23.40041,21.42692,1
5.773093,-2.789552,7.163361,-8.251812,10,-10,0.44,500,-10,500,-10,54.02748,7.947835,49.66998,-15.77674,16.73444,-23.49406,21.33432,1
5.493097,-2.47291,8.625626,10,10,-10,0.44,500,-10,500,-10,54.98759,7.811909,50.57214,-15.83371,16.77229,-24.18461,22.04399,1
-2.307632,1.496536,4.547742,10,-2.211691,-10,0.44,500,-10,500,-10,55.75159,7.758687,51.23402,-16.2557,16.84976,-24.31106,22.51495,1
2.576553,14.72732,7.255156,7.472423,-10,-10,0.44,500,-10,500,-10,55.83614,7.618049,51.23051,-16.39016,16.78813,-24.17368,22.57367,1
3.080687,14.79929,8.436715,-10,-10,-10,0.44,500,-10,500,-10,55.74122,7.477406,51.19602,-16.68646,17.06371,-23.8488,22.26951,1
10.45907,9.925308,4.481179,-10,3.1741,-10,0.44,500,-10,500,-10,55.52246,7.38822,51.06479,-16.49325,17.15403,-23.93328,22.07046,1
5.459985,-2.855354,7.41347,-6.700601,10,-10,0.44,500,-10,500,-10,55.18121,7.342033,50.77522,-16.24233,17.05001,-23.94427,21.93455,1
5.289427,-2.82206,7.959782,10,10,-10,0.44,500,-10,500,-10,55.05251,7.259166,50.54964,-15.86273,16.6582,-24.13696,22.13944,1
-2.861069,1.864692,4.419555,10,-4.153742,-10,0.44,500,-10,500,-10,55.12368,7.159874,50.51684,-16.00959,16.47171,-23.96292,22.29875,1
2.890782,14.7991,7.238342,5.903481,-10,-10,0.44,500,-10,500,-10,55.29268,7.042702,50.63528,-16.20088,16.51409,-23.86976,22.3545,1
3.064748,14.943,8.2117,-10,-10,-10,0.44,500,-10,500,-10,55.27875,6.916535,50.71967,-16.52227,16.81689,-23.61831,22.12164,1
10.84731,9.432961,4.695942,-10,5.11432,-10,0.44,500,-10,500,-10,55.16223,6.818687,50.68631,-16.34971,16.97028,-23.76322,21.94061,1
4.994653,-3.104594,7.271992,-5.116026,10,-10,0.44,500,-10,500,-10,55.02267,6.733897,50.55693,-16.16342,16.88151,-23.84231,21.92218,1
5.478997,-2.801967,7.817271,10,10,-10,0.44,500,-10,500,-10,55.05009,6.638393,50.44282,-15.85706,16.56109,-24.05411,22.14805,1
-2.93704,2.703329,4.827485,10,-6.095326,-10,0.44,500,-10,500,-10,55.14801,6.535927,50.44281,-16.04019,16.36667,-23.87098,22.34246,1
3.138964,14.83185,7.309063,4.297646,-10,-10,0.44,500,-10,500,-10,55.23757,6.418231,50.52223,-16.22259,16.44381,-23.75438,22.33112,1
2.852426,14.88566,7.702378,-10,-10,-10,0.44,500,-10,500,-10,55.16608,6.296933,50.59443,-16.51349,16.71684,-23.5233,22.11791,1
11.26849,8.7907,5.043166,-10,7.079721,-10,0.44,500,-10,500,-10,55.06902,6.199118,50.55811,-16.31637,16.88993,-23.69033,21.91474,1
4.859676,-2.976463,7.668684,-3.477038,10,-10,0.44,500,-10,500,-10,55.01289,6.106162,50.45146,-16.13141,16.75703,-23.78693,21.95927,1
5.350832,-3.037225,7.308106,10,10,-10,0.44,500,-10,500,-10,55.11795,6.011933,50.34434,-15.85665,16.46839,-23.97292,22.15915,1
-3.205491,3.321378,5.025502,10,-8.090528,-10,0.44,500,-10,500,-10,55.21213,5.905636,50.3575,-16.06828,16.25699,-23.77219,22.38145,1
3.855631,15.20806,7.92991,2.628156,-10,-10,0.44,500,-10,500,-10,55.24481,5.784035,50.43508,-16.25541,16.3832,-23.64935,22.31952,1
2.780975,14.91404,7.350346,-10,-10,-10,0.44,500,-10,500,-10,55.11388,5.663473,50.51972,-16.52683,16.63687,-23.44806,22.13599,1
11.44804,8.166598,5.280462,-10,9.080185,-10,0.44,500,-10,500,-10,55.0559,5.565551,50.4541,-16.29131,16.81657,-23.62922,21.90191,1
4.520015,-3.020119,7.722172,-1.786802,10,-10,0.44,500,-10,500,-10,55.09478,5.473396,50.30921,-16.08371,16.61611,-23.71676,21.98232,1
5.158545,-3.276688,6.767185,10,10,-10,0.44,500,-10,500,-10,55.31353,5.391513,50.13879,-15.80611,16.32645,-23.85315,22.13076,1
-3.281087,4.021854,5.32524,10,-10,-10,0.44,500,-10,500,-10,55.40015,5.276463,50.15363,-16.04101,16.09403,-23.63055,22.37548,1
1.824826,14.89096,7.570334,0.9253345,-10,-10,0.44,500,-10,500,-10,55.37125,5.144254,50.25068,-16.24706,16.2806,-23.50491,22.26933,0.5167528
2.953066,15.0948,7.263149,-10,-10,-10,0.44,500,-10,500,-10,55.12708,5.017157,50.40987,-16.5233,16.53812,-23.36058,22.14371,1
11.55669,7.460734,5.323006,-10,10,-10,0.44,500,-10,500,-10,55.28346,4.920986,50.1461,-16.18593,16.63696,-23.47939,21.82632,1
4.420075,-2.920237,8.009712,-0.315052,10,-10,0.44,500,-10,500,-10,55.91421,4.872169,49.45134,-15.64981,16.19622,-23.43983,21.69138,1
5.445409,-2.994671,6.915644,10,10,-10,0.44,500,-10,500,-10,56.76757,4.922072,48.6881,-15.05122,15.71454,-23.40601,21.54065,1
-3.58954,4.62346,5.300643,10,-10,-10,0.44,500,-10,500,-10,57.42365,4.9184,48.11881,-15.02547,15.23788,-22.96005,21.5456,1
4.050816,14.96742,7.851873,0.2950487,-10,-10,0.44,500,-10,500,-10,58.09269,4.956378,47.48777,-14.93506,15.15306,-22.52759,21.10755,1
2.838861,14.93835,6.70099,-10,-10,-10,0.44,500,-10,500,-10,58.3438,5.060773,47.12419,-14.95098,15.18436,-22.21041,20.77499,1
11.67976,6.841164,5.651052,-10,10,-10,0.44,500,-10,500,-10,58.09355,5.149357,47.28814,-14.79955,15.49635,-22.49769,20.59885,1
4.086403,-2.999408,8.091541,-0.2750454,10,-10,0.44,500,-10,500,-10,57.86217,5.25844,47.48869,-14.7111,15.42397,-22.75232,20.83741,1
5.50805,-2.855685,6.805337,10,10,-10,0.44,500,-10,500,-10,57.85365,5.380779,47.61827,-14.57203,15.30292,-22.99876,21.06582,1
-3.545959,5.326163,5.493874,10,-10,-10,0.44,500,-10,500,-10,58.03254,5.468299,47.51273,-14.7446,15.03801,-22.73873,21.24328,1
4.487571,15.10872,8.219275,0.2550421,-10,-10,0.44,500,-10,500,-10,58.18837,5.564697,47.36653,-14.84415,15.15176,-22.51804,21.00839,1
2.811538,14.81491,6.144305,-10,-10,-10,0.44,500,-10,500,-10,58.16524,5.670881,47.24599,-14.96662,15.28988,-22.29569,20.77039,1
11.64763,6.129233,5.60807,-10,10,-10,0.44,500,-10,500,-10,58.03504,5.771404,47.30483,-14.76483,15.55326,-22.54625,20.55577,1
3.597941,-3.198349,7.915274,-0.2350388,10,-10,0.44,500,-10,500,-10,57.938,5.882659,47.40272,-14.63087,15.43569,-22.76131,20.75445,1
5.121521,-3.117411,6.108472,10,10,-10,0.44,500,-10,500,-10,58.0065,5.997625,47.49042,-14.47461,15.29637,-22.99023,20.96643,1
-3.183414,6.368023,6.203998,10,-10,-10,0.44,500,-10,500,-10,58.11926,6.095111,47.43187,-14.66607,15.05182,-22.75026,21.16247,1
4.66307,15.05403,8.241264,0.2150354,-10,-10,0.44,500,-10,500,-10,58.18653,6.197951,47.33428,-14.78737,15.18827,-22.5481,20.94516,1
2.951717,14.85398,5.807865,-10,-10,-10,0.44,500,-10,500,-10,58.09191,6.302202,47.2393,-14.9215,15.33776,-22.33527,20.71697,1
11.70614,5.501486,5.879366,-10,10,-10,0.44,500,-10,500,-10,57.9962,6.407045,47.28279,-14.71204,15.59411,-22.58077,20.49665,1
3.46297,-3.142266,8.028184,-0.1950321,10,-10,0.44,500,-10,500,-10,57.95792,6.520395,47.36765,-14.57028,15.46905,-22.79285,20.69203,1
5.19497,-2.963552,6.076402,10,10,-10,0.44,500,-10,500,-10,58.08168,6.632504,47.45631,-14.4123,15.32759,-23.02428,20.90695,1
-3.676108,6.453235,5.738465,10,-10,-10,0.44,500,-10,500,-10,58.15931,6.734653,47.4014,-14.60656,15.08652,-22.78453,21.10252,1
4.782894,15.02795,8.340036,0.1750288,-10,-10,0.44,500,-10,500,-10,58.16185,6.839824,47.29572,-14.72773,15.22319,-22.57578,20.87829,1
3.165507,14.96639,5.656775,-10,-10,-10,0.44,500,-10,500,-10,57.99619,6.939952,47.17697,-14.85413,15.36434,-22.351,20.63875,1
11.50393,4.918896,5.89895,-10,10,-10,0.44,500,-10,500,-10,57.92671,7.049638,47.22181,-14.64338,15.62012,-22.5989,20.42012,1
3.431656,-3.041279,8.218952,-0.1550255,10,-10,0.44,500,-10,500,-10,57.9555,7.167344,47.33313,-14.51009,15.50417,-22.82442,20.62831,1
4.503639,-3.49342,5.177705,10,10,-10,0.44,500,-10,500,-10,58.16997,7.277749,47.47696,-14.36741,15.37775,-23.08629,20.87391,1
-3.368547,7.262825,6.100621,10,-10,-10,0.44,500,-10,500,-10,58.1945,7.385402,47.39104,-14.55343,15.12926,-22.82907,21.0512,1
4.817566,14.91894,8.417404,0.1350222,-10,-10,0.44,500,-10,500,-10,58.04514,7.490669,47.16985,-14.63533,15.22667,-22.56389,20.77052,1
3.281261,14.93728,5.399774,-10,-10,-10,0.44,500,-10,500,-10,57.61766,7.57174,46.82306,-14.69091,15.27721,-22.22097,20.43263,1
11.46473,4.326229,5.864542,-10,10,-10,0.44,500,-10,500,-10,57.47228,7.690413,46.77475,-14.44849,15.49607,-22.42336,20.17374,1
3.415695,-2.911773,8.451698,-0.1150188,10,-10,0.44,500,-10,500,-10,57.61255,7.830077,46.96684,-14.33161,15.41971,-22.6994,20.40926,1
4.784591,-3.0755,5.660718,10,10,-10,0.44,500,-10,500,-10,55.82395,7.917123,45.07922,-13.55199,14.44439,-21.91496,19.82052,1
-3.25932,7.697139,6.328618,10,-10,-10,0.44,500,-10,500,-10,54.1578,7.832375,43.31477,-13.11008,13.66231,-20.89486,19.14059,1
4.847301,14.79033,8.483851,0.09501553,-10,-10,0.44,500,-10,500,-10,49.72518,7.801773,38.83031,-11.70265,12.12986,-18.58653,16.95728,1
3.724273,15.16513,5.540548,-10,-10,-10,0.44,500,-10,500,-10,49.5975,7.690103,38.80004,-11.89229,12.30088,-18.3718,16.76118,1
11.00972,3.60022,5.776256,-10,10,-10,0.44,500,-10,500,-10,48.92929,7.645288,38.2212,-11.42658,12.27893,-18.3579,16.3035,1
3.312612,-2.859415,8.549281,-0.07501221,10,-10,0.44,500,-10,500,-10,48.41603,7.554824,37.74683,-11.07514,11.91417,-18.31627,16.2752,1
4.718669,-2.954974,5.688407,10,10,-10,0.44,500,-10,500,-10,48.32309,7.42936,37.54307,-10.83374,11.65429,-18.38884,16.36625,1
-3.355899,7.987042,5.989982,10,-10,-10,0.44,500,-10,500,-10,48.57513,7.34955,37.71422,-11.12143,11.47985,-18.24296,16.68251,1
4.896365,14.69485,8.566618,0.05500889,-10,-10,0.44,500,-10,500,-10,48.80489,7.254555,37.92113,-11.37223,11.71665,-18.16361,16.61715,1
4.042593,15.27893,5.545232,-10,-10,-10,0.44,500,-10,500,-10,48.82543,7.143585,38.06989,-11.62086,11.94894,-18.03823,16.50812,1
11.41554,3.628673,6.362624,-10,10,-10,0.44,500,-10,500,-10,48.66498,7.048039,37.9851,-11.37102,12.13539,-18.21782,16.25141,1
3.030932,-3.006101,8.347188,-0.03500557,10,-10,0.44,500,-10,500,-10,48.53104,6.940816,37.86122,-11.16056,11.90914,-18.32564,16.37502,1
4.444963,-3.023817,5.413877,10,10,-10,0.44,500,-10,500,-10,48.57095,6.826688,37.75861,-10.95339,11.68515,-18.44779,16.51399,1
-3.019838,8.542356,6.340706,10,-10,-10,0.44,500,-10,500,-10,48.7016,6.730186,37.82504,-11.2058,11.47297,-18.25042,16.78121,1
4.886825,14.59316,8.610651,0.01500225,-10,-10,0.44,500,-10,500,-10,48.79465,6.626039,37.92902,-11.42258,11.67441,-18.1198,16.66593,1
3.862971,14.91338,4.929083,-10,-10,-10,0.44,500,-10,500,-10,48.72412,6.518159,38.02444,-11.65052,11.88646,-17.97092,16.53294,1
11.029,3.006004,6.236151,-10,10,-10,0.44,500,-10,500,-10,48.61593,6.416284,37.97363,-11.41453,12.08584,-18.16481,16.29147,1
3.153136,-2.81321,8.631403,0.005001068,10,-10,0.44,500,-10,500,-10,48.55639,6.3063,37.8849,-11.215,11.8701,-18.29083,16.43369,1
3.866241,-3.324871,4.791214,10,10,-10,0.44,500,-10,500,-10,48.65724,6.195694,37.79742,-11.01106,11.64987,-18.42228,16.58143,1
-3.216436,8.768607,5.905883,10,-10,-10,0.44,500,-10,500,-10,48.74919,6.093858,37.84906,-11.25993,11.43336,-18.2162,16.84072,1
4.946727,14.60592,8.793522,-0.02500439,-10,-10,0.44,500,-10,500,-10,48.7793,5.9867,37.94275,-11.47732,11.63497,-18.07643,16.71674,1
4.424872,15.1583,5.196352,-10,-10,-10,0.44,500,-10,500,-10,48.64754,5.881684,38.04184,-11.70988,11.85206,-17.92597,16.58175,1
10.94267,2.582513,6.400969,-10,10,-10,0.44,500,-10,500,-10,48.56966,5.775429,37.99403,-11.47386,12.05076,-18.12238,16.34344,1
3.256446,-2.700158,8.83419,0.04500771,10,-10,0.44,500,-10,500,-10,48.57018,5.66268,37.89544,-11.26537,11.82565,-18.24918,16.48685,1
3.928983,-2.957388,5.026309,10,9.681356,-10,0.44,500,-10,500,-10,48.73826,5.554836,37.78347,-11.05148,11.5887,-18.3703,16.63103,1
-2.824404,9.386132,6.223346,10,-10,-10,0.44,500,-10,500,-10,48.79243,5.448318,37.84736,-11.30432,11.38266,-18.17039,16.89001,1
4.64544,14.32994,8.543167,-0.6365891,-10,-10,0.44,500,-10,500,-10,48.73209,5.339161,37.98479,-11.55798,11.62024,-18.0306,16.7663,1
4.687832,15.07999,4.994148,-10,-8.953005,-10,0.44,500,-10,500,-10,48.49152,5.240808,38.15499,-11.80885,11.8802,-17.92076,16.64737,1
10.72315,1.976714,6.206323,-10,10,-10,0.44,500,-10,500,-10,48.45483,5.127009,38.08496,-11.57185,12.05322,-18.09974,16.41632,1
3.470579,-2.509258,9.164574,1.291161,10,-10,0.44,500,-10,500,-10,48.60679,5.007723,37.88105,-11.28498,11.74878,-18.21765,16.5518,1
3.453172,-3.053648,4.584825,10,8.188004,-10,0.44,500,-10,500,-10,49.04499,4.907909,37.53086,-10.99245,11.40366,-18.22002,16.60676,1
-2.64919,9.987961,6.399532,10,-10,-10,0.44,500,-10,500,-10,48.99576,4.787261,37.68067,-11.27243,11.25339,-18.06417,16.88117,1
4.844964,14.51845,8.946667,-1.981286,-10,-10,0.44,500,-10,500,-10,50.13558,4.691447,36.57275,-10.97617,11.05019,-17.44241,16.16635,1
4.775051,14.7518,4.557296,-10,-7.417211,-10,0.44,500,-10,500,-10,51.67294,4.759675,34.93488,-10.24381,10.48578,-16.81765,15.37364,1
10.70585,1.582514,6.553472,-10,10,-10,0.44,500,-10,500,-10,51.02842,4.824475,35.48068,-10.28211,10.93105,-17.2316,15.38062,1
3.19808,-2.780302,8.834714,2.656907,10,-10,0.44,500,-10,500,-10,51.0368,4.9654,35.44816,-10.04484,10.71454,-17.44193,15.57018,1
2.756047,-3.196141,4.092518,10,6.627833,-10,0.44,500,-10,500,-10,51.16898,5.095285,35.41432,-9.929367,10.54226,-17.52936,15.71442,1
-2.426852,10.45612,6.469825,10,-10,-10,0.44,500,-10,500,-10,51.53163,5.144816,35.12874,-9.996178,10.24194,-17.22592,15.77812,1
4.815027,14.52178,9.049225,-3.354344,-10,-10,0.44,500,-10,500,-10,51.7951,5.220186,34.8553,-10.10975,10.36661,-16.88578,15.42688,1
5.011453,14.41442,4.081983,-10,-5.85112,-10,0.44,500,-10,500,-10,51.83677,5.317803,34.69221,-10.10352,10.46819,-16.75687,15.19016,1
10.1378,0.9356644,6.193843,-10,10,-10,0.44,500,-10,500,-10,51.64918,5.42198,34.80211,-9.972061,10.70902,-16.97939,15.04039,1
3.407142,-2.631839,9.070375,4.034603,10,-10,0.44,500,-10,500,-10,51.55675,5.541516,34.91348,-9.768909,10.52348,-17.27482,15.31821,1
2.834278,-2.617033,4.475687,10,5.051327,-10,0.44,500,-10,500,-10,51.61549,5.65835,34.97495,-9.732253,10.3926,-17.36241,15.50002,1
-2.108027,10.94667,6.6356,10,-10,-10,0.44,500,-10,500,-10,51.77724,5.744687,34.86472,-9.848391,10.18252,-17.15494,15.61877,1
4.510095,14.31397,8.813858,-4.733088,-10,-10,0.44,500,-10,500,-10,51.83817,5.841602,34.74714,-10.04468,10.39308,-16.86122,15.31078,1
5.536413,14.45688,4.202757,-10,-4.266409,-10,0.44,500,-10,500,-10,51.77158,5.941571,34.66776,-10.0333,10.52554,-16.80684,15.11255,1
10.08876,0.6635351,6.459379,-10,10,-10,0.44,500,-10,500,-10,51.65025,6.049579,34.73928,-9.901217,10.73063,-16.99818,14.96672,1
3.413228,-2.715119,8.95396,5.407567,10,-10,0.44,500,-10,500,-10,51.63831,6.167506,34.81833,-9.662405,10.50919,-17.30249,15.25366,1
2.368402,-2.558734,4.278237,10,3.455782,-10,0.44,500,-10,500,-10,51.73267,6.279082,34.86689,-9.661226,10.37708,-17.3439,15.426,1
-1.957407,11.32371,6.609472,10,-10,-10,0.44,500,-10,500,-10,51.83047,6.373201,34.77735,-9.767582,10.1943,-17.16335,15.5346,1
4.626112,14.51848,9.161352,-6.10829,-10,-10,0.44,500,-10,500,-10,51.80783,6.473378,34.67751,-9.994425,10.4359,-16.85379,15.21027,1
6.249817,14.59019,4.514404,-10,-2.638363,-10,0.44,500,-10,500,-10,51.69448,6.571681,34.60767,-9.948027,10.56976,-16.84231,15.01854,1
9.917655,0.2640928,6.676881,-10,10,-10,0.44,500,-10,500,-10,51.61749,6.684821,34.67991,-9.831688,10.75468,-17.01851,14.89348,1
3.526652,-2.716855,8.938425,6.804062,10,-10,0.44,500,-10,500,-10,51.67084,6.804023,34.76301,-9.568279,10.50884,-17.35077,15.20817,1
1.969659,-2.469737,4.133489,10,1.791725,-10,0.44,500,-10,500,-10,51.79582,6.91361,34.81427,-9.611485,10.38334,-17.35005,15.37614,1
-1.432226,11.88987,6.954119,10,-10,-10,0.44,500,-10,500,-10,51.82412,7.011047,34.69687,-9.687735,10.20841,-17.17652,15.45379,1
4.380811,14.41244,9.072001,-7.521223,-10,-10,0.44,500,-10,500,-10,51.70238,7.10815,34.55668,-9.927635,10.46262,-16.82046,15.08343,1
6.479391,14.32714,4.311836,-10,-0.9593489,-10,0.44,500,-10,500,-10,51.5232,7.200788,34.44897,-9.826742,10.57896,-16.8321,14.87785,1
9.654426,-0.01398683,6.86849,-10,10,-10,0.44,500,-10,500,-10,51.50422,7.325343,34.54835,-9.73642,10.75377,-17.00477,14.78538,1
3.724308,-2.661388,9.002989,8.21343,10,-10,0.44,500,-10,500,-10,51.65763,7.450835,34.6848,-9.464998,10.50084,-17.38926,15.15137,1
1.599843,-2.269362,4.173936,10,0.1074429,-10,0.44,500,-10,500,-10,51.83888,7.562459,34.77431,-9.56357,10.39309,-17.36486,15.3333,1
-1.401057,11.982,6.567492,10,-10,-10,0.44,500,-10,500,-10,51.55249,7.656719,34.37415,-9.527658,10.13187,-17.06919,15.26294,1
4.017814,14.19877,8.823742,-8.923958,-10,-10,0.44,500,-10,500,-10,50.7846,7.704189,33.63506,-9.647757,10.13061,-16.3367,14.65179,1
6.58518,13.91141,3.878498,-10,0.3117189,-10,0.44,500,-10,500,-10,49.88962,7.690077,32.83019,-9.2998,9.940584,-16.01775,14.17492,1
9.496948,-0.2074407,7.095507,-10,10,-10,0.44,500,-10,500,-10,48.89741,7.71489,31.92821,-8.81251,9.675117,-15.75766,13.69301,1
4.236244,-2.297705,9.496093,9.603498,10,-10,0.44,500,-10,500,-10,48.30956,7.61875,31.28556,-8.233626,9.084528,-15.80405,13.75111,1
1.138107,-2.077369,4.043262,10,-0.3317223,-10,0.44,500,-10,500,-10,48.34934,7.510387,31.22615,-8.320505,8.930423,-15.66795,13.85599,1
-0.9039872,12.54276,6.89534,10,-10,-10,0.44,500,-10,500,-10,48.76775,7.436777,31.56558,-8.556746,8.92801,-15.71295,14.13964,1
4.293702,14.55851,9.36714,-10,-10,-10,0.44,500,-10,500,-10,48.89963,7.325555,31.76837,-8.987556,9.342436,-15.45017,13.89325,1
6.951678,13.55743,3.774423,-10,0.3517256,-10,0.44,500,-10,500,-10,48.85139,7.218332,31.82597,-8.909372,9.481564,-15.57608,13.80185,1
8.664392,-1.046964,6.513839,-10,10,-10,0.44,500,-10,500,-10,48.61034,7.128339,31.64837,-8.737982,9.514181,-15.60032,13.62207,1
4.014078,-2.611572,9.016969,10,10,-10,0.44,500,-10,500,-10,48.56787,7.018186,31.51927,-8.35453,9.114503,-15.87679,13.91478,1
0.7673372,-1.77414,3.953184,10,-0.3717289,-10,0.44,500,-10,500,-10,48.63309,6.912484,31.4696,-8.454823,8.965667,-15.73535,14.02246,1
-0.6268946,12.74043,6.817259,10,-10,-10,0.44,500,-10,500,-10,48.8036,6.814378,31.59256,-8.611736,8.891313,-15.68032,14.1987,1
4.061457,14.44299,9.182949,-10,-10,-10,0.44,500,-10,500,-10,48.79956,6.70315,31.69145,-9.002409,9.265598,-15.37159,13.90635,1
7.550531,13.46519,4.011099,-10,0.3917322,-10,0.44,500,-10,500,-10,48.71852,6.597713,31.73419,-8.917522,9.399189,-15.49188,13.80817,1
8.502367,-1.139415,6.832524,-10,10,-10,0.44,500,-10,500,-10,48.58887,6.496851,31.63138,-8.778619,9.461792,-15.5456,13.66039,1
4.31076,-2.438845,9.207235,10,10,-10,0.44,500,-10,500,-10,48.62444,6.386577,31.54188,-8.407216,9.074144,-15.84284,13.97387,1
0.7007581,-1.303165,4.288641,10,-0.4117355,-10,0.44,500,-10,500,-10,48.71883,6.282114,31.49875,-8.508924,8.926004,-15.7054,14.08628,1
-0.2521371,13.11074,6.867001,10,-10,-10,0.44,500,-10,500,-10,48.8167,6.177382,31.59304,-8.658115,8.843852,-15.63434,14.24656,1
3.783708,14.28752,8.903276,-10,-10,-10,0.44,500,-10,500,-10,48.75292,6.066329,31.68063,-9.046898,9.216275,-15.31813,13.94671,1
7.734999,13.06383,3.785676,-10,0.4317389,-10,0.44,500,-10,500,-10,48.64443,5.961996,31.72591,-8.963829,9.352747,-15.43872,13.84776,1
8.146267,-1.482824,6.846048,-10,10,-10,0.44,500,-10,500,-10,48.5778,5.855518,31.62753,-8.824889,9.413586,-15.49614,13.70541,1
4.199653,-2.654264,8.838728,10,10,-10,0.44,500,-10,500,-10,48.67358,5.745585,31.52908,-8.446341,9.018843,-15.79311,14.01857,1
-0.2224996,-1.44015,3.591542,10,-0.4517422,-10,0.44,500,-10,500,-10,48.80178,5.642519,31.47234,-8.540844,8.862803,-15.6516,14.1276,1
0.0440377,13.3285,6.803615,10,-10,-10,0.44,500,-10,500,-10,48.83321,5.531694,31.58341,-8.700748,8.791368,-15.58372,14.29107,1
3.581302,14.22363,8.715452,-10,-10,-10,0.44,500,-10,500,-10,48.69458,5.420779,31.70596,-9.109411,9.183691,-15.2766,14.00028,1
8.305724,12.92951,4.114783,-10,0.4717455,-10,0.44,500,-10,500,-10,48.535,5.318127,31.78554,-9.045622,9.34059,-15.40633,13.90932,1
8.092211,-1.470113,7.209151,-10,10,-10,0.44,500,-10,500,-10,48.56297,5.203947,31.63293,-8.875957,9.368668,-15.44954,13.75479,1
4.719654,-2.285861,9.301357,10,10,-10,0.44,500,-10,500,-10,48.79796,5.095561,31.42944,-8.445894,8.922639,-15.711,14.03222,1
-0.2209789,-0.8770189,4.097047,10,-0.4917488,-10,0.44,500,-10,500,-10,49.0648,4.997877,31.24962,-8.481487,8.707809,-15.52641,14.09805,1
0.4395367,13.67752,6.930185,10,-10,-10,0.44,500,-10,500,-10,48.92393,4.870151,31.4982,-8.709033,8.702198,-15.50484,14.30963,1
3.684004,14.43394,8.938393,-10,-10,-10,0.44,500,-10,500,-10,48.04305,4.762028,32.33177,-9.500363,9.4776,-15.40419,14.22492,1
8.553354,12.70981,4.075278,-10,0.5117521,-10,0.44,500,-10,500,-10,44.93125,4.792962,35.34606,-10.69433,11.12496,-16.70784,15.07516,1
7.425458,-2.073743,6.659878,-10,10,-10,0.44,500,-10,500,-10,44.6357,4.925559,35.54065,-10.65987,11.3237,-16.90353,15.03765,1
4.542364,-2.576476,8.847956,10,10,-10,0.44,500,-10,500,-10,44.75648,5.065642,35.47082,-10.27889,10.96336,-17.22665,15.34014,1
-0.4424208,-0.7302386,4.104347,10,-0.5317554,-10,0.44,500,-10,500,-10,44.93418,5.172065,35.38471,-10.35081,10.81379,-17.08338,15.41835,1
0.4907771,13.67242,6.699176,10,-10,-10,0.44,500,-10,500,-10,45.30305,5.208665,35.08415,-10.33308,10.58824,-16.85208,15.39487,1
3.465608,14.36023,8.742714,-10,-10,-10,0.44,500,-10,500,-10,45.45757,5.287233,34.84639,-10.57604,10.84278,-16.4121,14.94332,1
8.601026,12.36528,3.990238,-10,0.5517588,-10,0.44,500,-10,500,-10,45.44518,5.381658,34.74326,-10.41002,10.92828,-16.49268,14.77237,1
7.245663,-2.155971,6.774929,-10,10,-10,0.44,500,-10,500,-10,45.24607,5.49601,34.87189,-10.35812,11.10599,-16.65115,14.70124,1
4.780376,-2.472649,8.964166,10,10,-10,0.44,500,-10,500,-10,45.23953,5.622293,34.9584,-10.03866,10.80513,-17.04229,15.07378,1
-0.6590488,-0.4251593,4.196955,10,-0.5717621,-10,0.44,500,-10,500,-10,45.3245,5.732985,34.97932,-10.15189,10.6966,-16.9464,15.19964,1
0.8982534,13.9646,6.924643,10,-10,-10,0.44,500,-10,500,-10,45.49307,5.812871,34.84481,-10.19518,10.53936,-16.79165,15.24544,1
3.591351,14.58439,9.013547,-10,-10,-10,0.44,500,-10,500,-10,45.49012,5.907972,34.72943,-10.48178,10.83996,-16.40945,14.84923,1
8.735798,11.95682,3.849935,-10,0.5917654,-10,0.44,500,-10,500,-10,45.41265,6.005583,34.67056,-10.33533,10.94641,-16.50712,14.694,1
7.157194,-2.171894,6.916668,-10,10,-10,0.44,500,-10,500,-10,45.29175,6.121012,34.75411,-10.26237,11.1023,-16.64931,14.60733,1
4.583344,-2.764397,8.531289,10,10,-10,0.44,500,-10,500,-10,45.33562,6.243402,34.82483,-9.939737,10.7977,-17.03054,14.97053,1
-0.9486184,-0.2515297,4.211854,10,-0.6117687,-10,0.44,500,-10,500,-10,45.43279,6.352952,34.85104,-10.05577,10.69091,-16.93623,15.09904,1
1.233083,14.21142,7.181837,10,-10,-10,0.44,500,-10,500,-10,45.52316,6.442834,34.74205,-10.10531,10.54229,-16.79638,15.15736,1
3.373826,14.4917,8.829613,-10,-10,-10,0.44,500,-10,500,-10,45.4509,6.53924,34.63746,-10.3994,10.85058,-16.41562,14.76241,1
9.327293,12.17919,4.363106,-10,0.631772,-10,0.44,500,-10,500,-10,45.33597,6.635342,34.57577,-10.25357,10.95832,-16.51034,14.60355,1
7.047105,-2.182197,7.089643,-10,10,-10,0.44,500,-10,500,-10,45.26529,6.755759,34.65488,-10.176,11.10945,-16.65346,14.51797,1
4.818656,-2.648462,8.681129,10,10,-10,0.44,500,-10,500,-10,45.35644,6.87917,34.73292,-9.853649,10.80527,-17.04047,14.8868,1
-1.220255,-0.2410787,4.173075,10,-0.6517754,-10,0.44,500,-10,500,-10,45.47389,6.989092,34.76694,-9.972926,10.70088,-16.94939,15.01939,1
1.261135,14.10385,7.007324,10,-10,-10,0.44,500,-10,500,-10,45.47871,7.081197,34.62372,-10.01179,10.5428,-16.79185,15.0588,1
3.375951,14.58635,8.928856,-10,-10,-10,0.44,500,-10,500,-10,45.30786,7.170355,34.46334,-10.28889,10.83303,-16.38187,14.63568,1
9.040522,5.647703,-1.050902,-10,0.6717787,-10,0.44,500,-10,500,-10,45.11446,7.257504,34.34282,-10.12717,10.9168,-16.44372,14.45205,1
6.632512,-8.403453,1.918909,-10,10,-10,0.44,500,-10,500,-10,45.08846,7.39065,34.43039,-10.04625,11.07323,-16.5972,14.36819,1
4.690382,-8.853799,3.379126,10,10,-10,0.44,500,-10,500,-10,45.2477,7.523437,34.54626,-9.735027,10.78156,-17.00444,14.75586,1
-1.562896,-6.249516,-1.049612,10,-0.691782,-10,0.44,500,-10,500,-10,45.35621,7.634821,34.58389,-9.856642,10.67882,-16.91399,14.88977,1
1.180726,7.865005,1.612319,10,-10,-10,0.44,500,-10,500,-10,44.81221,7.694901,33.94899,-9.76811,10.30293,-16.47646,14.7396,1
3.294514,8.593637,3.902612,-10,-10,-10,0.44,500,-10,500,-10,43.92199,7.672354,33.10183,-9.872429,10.2784,-15.67019,14.06218,1
9.332974,5.560435,-0.7912872,-10,0.7117853,-10,0.44,500,-10,500,-10,43.34404,7.604135,32.61344,-9.571665,10.2088,-15.56628,13.7271,1
6.553318,-8.327693,2.091941,-10,10,-10,0.44,500,-10,500,-10,42.69289,7.601895,32.04545,-9.225027,10.07099,-15.44229,13.39428,1
4.906546,-8.732737,3.537291,10,10,-10,0.44,500,-10,500,-10,42.33036,7.520621,31.61402,-8.710194,9.544182,-15.59965,13.56362,1
-1.037047,-5.376975,-0.1046951,10,-0.7317886,-10,0.44,500,-10,500,-10,42.31604,7.419651,31.49482,-8.789887,9.367335,-15.42118,13.64169,1
1.74405,8.257498,2.074285,10,-10,-10,0.44,500,-10,500,-10,42.62222,7.321488,31.72375,-8.979683,9.333963,-15.42108,13.86476,1
2.911334,8.314493,3.469809,-10,-10,-10,0.44,500,-10,500,-10,42.68498,7.200787,31.861,-9.389627,9.726127,-15.12485,13.58631,1
9.444197,5.288116,-0.8751953,-10,0.751792,-10,0.44,500,-10,500,-10,42.6137,7.091806,31.89424,-9.29674,9.859301,-15.24529,13.48068,1
6.398551,-8.364137,2.090318,-10,10,-10,0.44,500,-10,500,-10,42.39963,7.00761,31.73392,-9.134911,9.893325,-15.27427,13.31382,1
5.307272,-8.433912,3.942525,10,10,-10,0.44,500,-10,500,-10,42.37241,6.904552,31.60799,-8.75069,9.493923,-15.55415,13.60888,1
-1.696698,-5.670191,-0.6439177,10,-0.7717953,-10,0.44,500,-10,500,-10,42.43985,6.802286,31.55418,-8.85339,9.338991,-15.40686,13.71922,1
2.104359,8.501742,2.337938,10,-10,-10,0.44,500,-10,500,-10,42.59005,6.695967,31.65912,-9.000091,9.262224,-15.34712,13.88294,1
2.981193,8.448154,3.621218,-10,-10,-10,0.44,500,-10,500,-10,42.56824,6.579387,31.74458,-9.386185,9.631144,-15.03183,13.58483,1
9.693921,5.283239,-0.6566654,-10,0.7917986,-10,0.44,500,-10,500,-10,42.47974,6.472119,31.77774,-9.292656,9.764828,-15.15284,13.47863,1
6.432526,-8.252839,2.328333,-10,10,-10,0.44,500,-10,500,-10,42.36228,6.376036,31.67313,-9.157606,9.822982,-15.20121,13.33379,1
5.153818,-8.642389,3.624946,10,10,-10,0.44,500,-10,500,-10,42.41015,6.271246,31.5785,-8.782978,9.432916,-15.49742,13.64544,1
-1.57683,-5.371118,-0.3146842,10,-0.8118019,-10,0.44,500,-10,500,-10,42.50975,6.169761,31.53036,-8.886599,9.27812,-15.35391,13.76035,1
1.876583,8.208992,1.869387,10,-10,-10,0.44,500,-10,500,-10,42.59787,6.058545,31.61775,-9.029457,9.197688,-15.28347,13.91319,1
3.166618,8.68294,3.904101,-10,-10,-10,0.44,500,-10,500,-10,42.523,5.942402,31.70026,-9.416866,9.567988,-14.96443,13.61126,1
10.02157,5.37085,-0.3224471,-10,0.8318052,-10,0.44,500,-10,500,-10,42.4116,5.835791,31.73907,-9.32554,9.704874,-15.08791,13.50654,1
6.205048,-8.370064,2.270631,-10,10,-10,0.44,500,-10,500,-10,42.36167,5.73449,31.62881,-9.186533,9.757399,-15.13556,13.36265,1
5.400038,-8.475181,3.829037,10,10,-10,0.44,500,-10,500,-10,42.4785,5.63126,31.51419,-8.799603,9.355263,-15.42752,13.66981,1
-1.713133,-5.183185,-0.3402486,10,-0.8518085,-10,0.44,500,-10,500,-10,42.62092,5.532441,31.44335,-8.891645,9.188379,-15.27677,13.778,1
2.185757,8.390135,2.068363,10,-10,-10,0.44,500,-10,500,-10,42.6463,5.413404,31.54975,-9.046062,9.119254,-15.21052,13.93529,1
3.319489,8.884293,4.126699,-10,-10,-10,0.44,500,-10,500,-10,42.49526,5.294898,31.67295,-9.454817,9.510553,-14.90385,13.64607,1
9.808464,4.745299,-0.8055178,-10,0.8718119,-10,0.44,500,-10,500,-10,42.33501,5.187814,31.74661,-9.38109,9.665869,-15.03861,13.55179,1
5.892291,-8.55116,2.127547,-10,10,-10,0.44,500,-10,500,-10,42.43144,5.08233,31.52883,-9.189195,9.663988,-15.05005,13.37321,1
5.672077,-8.288537,4.042795,10,10,-10,0.44,500,-10,500,-10,42.78992,4.991857,31.20634,-8.695504,9.168989,-15.27653,13.60101,1
-1.897918,-4.882986,-0.2640858,10,-0.8918152,-10,0.44,500,-10,500,-10,43.23129,4.916162,30.85212,-8.620179,8.900801,-15.05836,13.5757,1
2.336295,8.432179,2.02599,10,-10,-10,0.44,500,-10,500,-10,43.40971,4.775708,30.77328,-8.681952,8.753484,-14.93126,13.65768,1
2.974435,8.639006,3.666267,-10,-10,-10,0.44,500,-10,500,-10,43.21852,4.65105,30.90997,-9.096929,9.154282,-14.62953,13.37014,1
10.20921,4.70423,-0.3516238,-10,0.9118185,-10,0.44,500,-10,500,-10,42.70487,4.567157,31.3248,-9.221713,9.431432,-14.84848,13.43672,1
5.612644,-8.733634,1.980139,-10,10,-10,0.44,500,-10,500,-10,41.95764,4.478269,31.97969,-9.463722,9.849529,-15.14911,13.56126,1
5.327211,-8.689239,3.403046,10,10,-10,0.44,500,-10,500,-10,41.85826,4.343204,32.13887,-9.217583,9.583494,-15.52714,13.95918,1
-2.291989,-4.895338,-0.6101444,10,-0.9318218,-10,0.44,500,-10,500,-10,41.97309,4.23387,32.11985,-9.332782,9.436416,-15.39618,14.09051,1
2.495946,8.524429,2.042613,9.912498,-10,-10,0.44,500,-10,500,-10,42.31073,4.17438,31.85041,-9.288658,9.179325,-15.21704,14.12434,1
2.873764,8.631183,3.470179,-10,-10,-10,0.44,500,-10,500,-10,42.42366,4.080448,31.6524,-9.539813,9.416643,-14.80182,13.72295,1
10.67001,4.726647,-0.02288729,-10,1.304225,-10,0.44,500,-10,500,-10,42.3814,3.980247,31.58275,-9.393456,9.51008,-14.89047,13.57181,1
5.17829,-9.091454,1.644601,-9.381635,10,-10,0.44,500,-10,500,-10,42.18775,3.872692,31.71539,-9.358866,9.655464,-15.03496,13.53632,1
5.26409,-8.833522,3.101306,10,10,-10,0.44,500,-10,500,-10,42.18314,3.752176,31.81146,-9.080967,9.359811,-15.39247,13.91158,1
-2.326186,-4.442665,-0.2779379,10,-1.847607,-10,0.44,500,-10,500,-10,42.27087,3.645478,31.82909,-9.225836,9.22217,-15.2622,14.06383,1
2.895648,8.84189,2.439766,8.79806,-10,-10,0.44,500,-10,500,-10,42.42228,3.55601,31.70629,-9.280876,9.080449,-15.10541,14.1038,1
2.771654,8.624882,3.221053,-10,-10,-10,0.44,500,-10,500,-10,42.40256,3.454364,31.60071,-9.565708,9.350308,-14.7331,13.74646,1
10.63501,4.171161,-0.1303958,-10,2.404911,-10,0.44,500,-10,500,-10,42.3146,3.353279,31.56672,-9.424384,9.473434,-14.84626,13.59517,1
5.43636,-8.765837,2.361486,-8.20169,10,-10,0.44,500,-10,500,-10,42.2073,3.241574,31.65423,-9.358824,9.562449,-14.98433,13.57866,1
5.460543,-8.741976,3.108171,10,10,-10,0.44,500,-10,500,-10,42.26439,3.123809,31.73208,-9.086696,9.272972,-15.32096,13.93264,1
-2.623345,-4.069335,-0.3674991,10,-3.000813,-10,0.44,500,-10,500,-10,42.36247,3.019262,31.74208,-9.239363,9.117477,-15.17658,14.09643,1
3.112242,8.908981,2.528972,7.561519,-10,-10,0.44,500,-10,500,-10,42.4356,2.922007,31.639,-9.319992,9.026167,-15.01055,14.10233,1
2.513222,8.478548,2.725528,-10,-10,-10,0.44,500,-10,500,-10,42.3459,2.820901,31.53775,-9.589492,9.280773,-14.65714,13.76382,1
10.87406,3.63243,-0.05289048,-10,3.592977,-10,0.44,500,-10,500,-10,42.23906,2.71989,31.51099,-9.438856,9.421351,-14.78561,13.60108,1
5.008151,-8.994656,2.265185,-6.923879,10,-10,0.44,500,-10,500,-10,42.19254,2.603029,31.59873,-9.36195,9.471509,-14.93522,13.62362,1
5.65398,-8.657774,3.091217,10,10,-10,0.44,500,-10,500,-10,42.31036,2.485386,31.69117,-9.114166,9.206395,-15.2596,13.96533,1
-2.693057,-3.455373,0.06352854,10,-4.207911,-10,0.44,500,-10,500,-10,42.40858,2.38167,31.69188,-9.276506,9.033512,-15.09784,14.13879,1
3.335306,8.939409,2.534187,6.248841,-10,-10,0.44,500,-10,500,-10,42.39046,2.28179,31.55105,-9.35561,8.967473,-14.90205,14.08814,1
2.72359,8.767701,2.801475,-10,-10,-10,0.44,500,-10,500,-10,42.19102,2.188124,31.38464,-9.581444,9.179508,-14.53833,13.73822,1
11.13552,3.230496,-0.04585207,-10,4.818837,-10,0.44,500,-10,500,-10,42.05188,2.087858,31.33515,-9.409361,9.326355,-14.66941,13.55037,1
4.903625,-8.93591,2.498822,-5.574955,10,-10,0.44,500,-10,500,-10,42.08504,1.959255,31.46056,-9.335255,9.349977,-14.84743,13.63066,1
5.655246,-8.753678,2.817772,10,10,-10,0.44,500,-10,500,-10,42.34769,1.836193,31.6619,-9.147741,9.144335,-15.20176,14.00313,1
-3.303064,-3.351366,-0.3137107,10,-5.451633,-10,0.44,500,-10,500,-10,42.3835,1.730827,31.598,-9.300979,8.934099,-14.99559,14.16042,1
3.577463,9.032836,2.650388,4.869691,-10,-10,0.44,500,-10,500,-10,41.54977,1.650218,30.68233,-9.053656,8.691831,-14.48419,13.64397,1
2.686368,8.830271,2.511976,-10,-10,-10,0.44,500,-10,500,-10,40.13784,1.705554,29.34251,-8.808802,8.547909,-13.61888,12.67773,1
11.43678,2.912979,0.2984893,-10,6.069998,-10,0.44,500,-10,500,-10,39.55211,1.778849,28.84958,-8.490617,8.602396,-13.52864,12.21482,1
4.738679,-8.960354,2.614047,-4.180199,10,-10,0.44,500,-10,500,-10,38.99979,1.864605,28.35636,-8.182762,8.395673,-13.42781,12.01286,1
5.602973,-8.891371,2.488762,10,10,-10,0.44,500,-10,500,-10,38.88277,1.990173,28.15005,-7.854364,8.083651,-13.58526,12.15393,1
-3.380407,-2.747472,-0.06918842,10,-6.705368,-10,0.44,500,-10,500,-10,39.08124,2.079249,28.26149,-8.069757,7.938106,-13.46221,12.39182,1
3.600722,8.906064,2.535359,3.457054,-10,-10,0.44,500,-10,500,-10,39.33736,2.1671,28.4795,-8.287563,8.094663,-13.42505,12.4159,1
2.621943,8.849657,2.168486,-10,-10,-10,0.44,500,-10,500,-10,39.3822,2.275221,28.63514,-8.570248,8.393274,-13.27132,12.24625,1
11.42302,2.103625,0.1453791,-10,7.340656,-10,0.44,500,-10,500,-10,39.24875,2.373915,28.5871,-8.355743,8.583797,-13.44602,12.01593,1
4.287631,-9.195135,2.432369,-2.727901,10,-10,0.44,500,-10,500,-10,39.10003,2.480385,28.4617,-8.15065,8.454274,-13.54721,12.04154,1
5.444031,-9.103939,2.047912,10,10,-10,0.44,500,-10,500,-10,39.12516,2.595662,28.36077,-7.882272,8.202877,-13.73195,12.20931,1
-3.431458,-2.156132,0.1960415,10,-8.009046,-10,0.44,500,-10,500,-10,39.248,2.692906,28.41101,-8.091734,8.021125,-13.56412,12.43269,1
3.814307,8.907553,2.627033,1.961567,-10,-10,0.44,500,-10,500,-10,39.35238,2.794318,28.5183,-8.282043,8.18154,-13.46271,12.36118,1
2.416069,8.712685,1.625088,-10,-10,-10,0.44,500,-10,500,-10,39.29518,2.901212,28.61514,-8.521132,8.436376,-13.30386,12.18658,1
11.49752,1.628408,0.3994023,-10,8.662121,-10,0.44,500,-10,500,-10,39.18866,3.003238,28.57404,-8.292503,8.643023,-13.49844,11.94588,1
4.116652,-9.168374,2.57026,-1.213336,10,-10,0.44,500,-10,500,-10,39.12259,3.113451,28.48555,-8.086843,8.483726,-13.63078,12.03185,1
5.489062,-9.100371,1.896656,10,10,-10,0.44,500,-10,500,-10,39.21349,3.225282,28.3996,-7.84698,8.260338,-13.79943,12.18403,1
-3.423455,-1.492758,0.5789612,10,-9.323681,-10,0.44,500,-10,500,-10,39.30577,3.326019,28.4514,-8.073361,8.066415,-13.61596,12.42087,1
3.992386,8.910521,2.707435,0.4441435,-10,-10,0.44,500,-10,500,-10,39.33832,3.431455,28.547,-8.273629,8.266985,-13.49491,12.29951,1
2.848972,9.129479,1.895144,-10,-10,-10,0.44,500,-10,500,-10,39.21338,3.535273,28.64729,-8.492043,8.500694,-13.35959,12.1489,1
11.60413,1.123794,0.4756605,-10,9.969057,-10,0.44,500,-10,500,-10,39.13699,3.642093,28.59462,-8.242184,8.716246,-13.56581,11.8897,1
4.100955,-9.043631,2.838757,0.3078051,10,-10,0.44,500,-10,500,-10,39.13747,3.755535,28.49751,-8.017767,8.509238,-13.70976,12.01625,1
5.651686,-8.942116,1.941077,10,10,-10,0.44,500,-10,500,-10,39.30151,3.864314,28.38538,-7.789031,8.296527,-13.84559,12.13605,1
-3.637527,-1.128797,0.4549448,10,-10,-10,0.44,500,-10,500,-10,39.35084,3.970293,28.45686,-8.03323,8.105964,-13.66061,12.38584,1
3.844658,8.645665,2.462126,-1.061597,-10,-10,0.44,500,-10,500,-10,39.29074,4.07805,28.59579,-8.27454,8.363148,-13.53442,12.24377,1
2.906736,9.148464,1.65719,-10,-10,-10,0.44,500,-10,500,-10,39.04286,4.17403,28.77646,-8.5,8.602748,-13.45866,12.15387,1
11.81547,0.6332834,0.6917735,-10,10,-10,0.44,500,-10,500,-10,39.00093,4.289324,28.71208,-8.246995,8.817101,-13.65832,11.88618,1
3.989789,-9.030561,2.986637,1.278545,10,-10,0.44,500,-10,500,-10,39.13176,4.411205,28.52361,-7.964087,8.552147,-13.78507,11.99497,1
5.517087,-9.011517,1.640836,10,10,-10,0.44,500,-10,500,-10,39.58313,4.514582,28.15982,-7.634713,8.232037,-13.81301,12.01365,1
-3.620311,-0.5176067,0.6482726,10,-10,-10,0.44,500,-10,500,-10,39.52162,4.635913,28.32185,-7.918595,8.089384,-13.66339,12.29056,1
4.298445,8.937922,3.027723,-1.29855,-10,-10,0.44,500,-10,500,-10,42.96535,4.727801,24.92332,-6.493514,6.649559,-12.27248,10.91439,1
2.682667,8.862442,0.9985017,-10,-10,-10,0.44,500,-10,500,-10,46.33358,4.842912,21.45495,-5.050519,5.176556,-10.84163,9.513545,1
11.51916,-0.07666492,0.5491857,-10,10,-10,0.44,500,-10,500,-10,45.57632,4.896871,22.12074,-5.102473,5.762078,-11.34134,9.479689,1
3.7957,-9.06224,3.072217,1.318554,10,-10,0.44,500,-10,500,-10,45.11501,5.006734,22.54686,-5.091866,5.767656,-11.70502,9.827187,1
5.390552,-9.030252,1.390032,10,10,-10,0.44,500,-10,500,-10,45.07659,5.140176,22.693,-4.985045,5.680493,-11.93293,10.03544,1
-3.811746,-0.2350554,0.4175791,10,-10,-10,0.44,500,-10,500,-10,45.35835,5.210032,22.48916,-5.121215,5.376579,-11.62786,10.17045,1
0.3791206,8.854828,3.052142,-1.338557,-10,-10,0.44,500,-10,500,-10,45.59599,5.297369,22.26616,-5.209865,5.478095,-11.35444,9.884168,0
-0.8329408,9.201763,1.230234,-10,-10,-10,0.44,500,-10,500,-10,45.63053,5.402587,22.10201,-5.279581,5.563312,-11.14871,9.662938,0
7.915295,-0.1501222,0.9819167,-10,10,-10,0.44,500,-10,500,-10,45.46529,5.500759,22.19127,-5.093503,5.842069,-11.40874,9.458136,0
-0.408751,-9.085858,3.123848,1.358561,10,-10,0.44,500,-10,500,-10,45.34144,5.613043,22.30843,-4.947448,5.712555,-11.65187,9.684725,0
1.203871,-9.088493,1.072977,10,10,-10,0.44,500,-10,500,-10,45.38397,5.730962,22.40506,-4.82782,5.610298,-11.85157,9.867048,0
-7.899487,0.09674621,0.4984484,10,-10,-10,0.44,500,-10,500,-10,45.52195,5.823837,22.32555,-5.006886,5.352674,-11.60663,10.0588,0
0.436534,8.756481,3.018611,-1.378564,-10,-10,0.44,500,-10,500,-10,45.6113,5.924383,22.21675,-5.143021,5.503618,-11.38034,9.817696,0
-1.010423,8.929157,0.6077732,-10,-10,-10,0.44,500,-10,500,-10,45.54398,6.028465,22.1162,-5.244259,5.620191,-11.19578,9.617809,0
7.850029,-0.6547649,1.051777,-10,10,-10,0.44,500,-10,500,-10,45.43385,6.13227,22.1702,-5.04004,5.881636,-11.44475,9.40111,0
-0.491617,-9.035505,3.230372,1.398567,10,-10,0.44,500,-10,500,-10,45.38032,6.245751,22.25451,-4.875627,5.733941,-11.67903,9.61867,0
0.9941694,-9.179615,0.7344313,10,10,-10,0.44,500,-10,500,-10,45.48001,6.359329,22.3381,-4.749832,5.624878,-11.87408,9.79699,0
-7.384163,0.9724566,1.146188,10,-10,-10,0.44,500,-10,500,-10,45.57169,6.458699,22.27599,-4.936776,5.376086,-11.63568,9.994321,0
0.6252488,8.822634,3.193247,-1.418571,-10,-10,0.44,500,-10,500,-10,45.59544,6.562518,22.17874,-5.081853,5.536458,-11.41002,9.75337,0
-0.537581,9.271051,0.8870472,-10,-10,-10,0.44,500,-10,500,-10,45.46422,6.663487,22.0757,-5.185226,5.654706,-11.22126,9.549738,0
7.777342,-1.046547,1.135721,-10,10,-10,0.44,500,-10,500,-10,45.38602,6.771905,22.12564,-4.977178,5.913,-11.47069,9.332828,0
-0.4384415,-8.888786,3.4509,1.438574,10,-10,0.44,500,-10,500,-10,45.38862,6.888206,22.2175,-4.811817,5.764774,-11.71216,9.557163,0
0.8209027,-9.256594,0.4748462,10,10,-10,0.44,500,-10,500,-10,45.55265,6.99971,22.32469,-4.692993,5.662375,-11.91981,9.748382,0
-7.296315,1.345446,1.314287,10,-10,-10,0.44,500,-10,500,-10,45.59848,7.103857,22.24757,-4.875962,5.410314,-11.67294,9.936544,0
1.113774,9.189438,3.800273,-1.458577,-10,-10,0.44,500,-10,500,-10,45.53392,7.208259,22.10426,-5.007598,5.557329,-11.42256,9.670782,0
-0.7797381,8.975676,0.3307078,-10,-10,-10,0.44,500,-10,500,-10,45.28389,7.299954,21.92026,-5.084167,5.647406,-11.19353,9.428243,0
7.693736,-1.368385,1.116462,-10,10,-10,0.44,500,-10,500,-10,45.23232,7.41663,21.97419,-4.87565,5.906451,-11.44673,9.213882,0
-0.7177522,-9.08147,3.189393,1.47858,10,-10,0.44,500,-10,500,-10,45.34091,7.542352,22.1385,-4.732928,5.782249,-11.72559,9.47423,0
0.7195672,-9.286919,0.3352489,10,10,-10,0.44,500,-10,500,-10,45.74985,7.653379,22.45902,-4.683105,5.748782,-12.041,9.773283,0
-7.411789,1.410175,1.210958,10,-10,-10,0.44,500,-10,500,-10,45.57792,7.770227,22.18516,-4.802186,5.434703,-11.695,9.860438,0
0.9625764,8.999839,3.605198,-1.498584,-10,-10,0.44,500,-10,500,-10,41.68794,7.83299,18.24964,-3.616436,4.191774,-9.61982,7.842437,0
-0.7805114,8.915638,0.1395873,-10,-10,-10,0.44,500,-10,500,-10,39.25805,7.877642,15.91984,-2.903467,3.483788,-8.402348,6.619984,0
7.530836,-1.633458,1.001243,-10,10,-10,0.44,500,-10,500,-10,35.18774,7.829208,11.94956,-1.23448,2.216379,-6.781598,4.597656,0
-0.7981548,-9.115543,3.152826,1.518587,10,-10,0.44,500,-10,500,-10,35.38693,7.690333,12.19156,-1.163457,2.073224,-7.053141,4.94133,0
0.5189644,-9.417183,0.08222651,10,10,-10,0.44,500,-10,500,-10,35.44885,7.549552,12.15232,-1.005477,1.902946,-7.178611,5.079098,0
-7.496092,1.418006,1.007672,10,-10,-10,0.44,500,-10,500,-10,35.84697,7.496468,12.46819,-1.368767,1.756269,-7.077048,5.487503,0
0.7724445,8.786063,3.369515,-1.53859,-10,-10,0.44,500,-10,500,-10,36.18224,7.416059,12.7824,-1.685995,2.054206,-7.020171,5.449917,0
-0.6289597,9.005074,0.1892381,-10,-10,-10,0.44,500,-10,500,-10,36.26592,7.308549,12.98759,-1.919405,2.271779,-6.956777,5.40236,0
7.501279,-1.737989,1.085948,-10,10,-10,0.44,500,-10,500,-10,36.06834,7.214336,12.86917,-1.66209,2.450957,-7.115965,5.125054,0
-0.4615449,-8.764887,3.658826,1.558594,10,-10,0.44,500,-10,500,-10,35.91436,7.103776,12.72748,-1.423516,2.196096,-7.237143,5.262518,0
0.7494577,-9.159532,0.4025729,10,10,-10,0.44,500,-10,500,-10,35.93706,6.985264,12.61846,-1.242106,1.997229,-7.328217,5.371051,0
-7.335951,1.644235,1.129409,10,-10,-10,0.44,500,-10,500,-10,36.09218,6.89411,12.70956,-1.502963,1.794284,-7.14285,5.649486,0
0.8160164,8.784206,3.435283,-1.578597,-10,-10,0.44,500,-10,500,-10,36.20031,6.793571,12.82805,-1.750414,2.026924,-6.993575,5.515021,0
-0.5459065,9.044001,0.1996878,-10,-10,-10,0.44,500,-10,500,-10,36.14917,6.687792,12.93332,-1.94806,2.208987,-6.883154,5.420183,0
7.406457,-1.904289,1.037135,-10,10,-10,0.44,500,-10,500,-10,36.02889,6.585751,12.87282,-1.71214,2.408409,-7.068946,5.170634,0
-0.6067312,-8.855377,3.537821,1.5986,10,-10,0.44,500,-10,500,-10,35.96254,6.47366,12.78395,-1.489913,2.169668,-7.217536,5.335737,0
0.6226503,-9.246012,0.2576413,10,10,-10,0.44,500,-10,500,-10,36.04921,6.360388,12.69883,-1.315077,1.978146,-7.321843,5.45673,0
-7.347445,1.707824,1.068096,10,-10,-10,0.44,500,-10,500,-10,36.15049,6.261553,12.76184,-1.567909,1.766046,-7.121219,5.721039,0
0.9369749,8.852724,3.595149,-1.618604,-10,-10,0.44,500,-10,500,-10,36.18823,6.157051,12.85646,-1.810436,1.993177,-6.957097,5.572311,0
-0.4766705,9.084296,0.2358947,-10,-10,-10,0.44,500,-10,500,-10,36.07323,6.053978,12.95367,-2.007479,2.175036,-6.840598,5.470997,0
7.253116,-2.111646,0.8588158,-10,10,-10,0.44,500,-10,500,-10,35.98838,5.947314,12.90183,-1.773479,2.375696,-7.031644,5.227383,0
-0.6313066,-8.836447,3.567732,1.638607,10,-10,0.44,500,-10,500,-10,35.97796,5.832947,12.81351,-1.547795,2.133164,-7.184141,5.396728,0
0.6046588,-9.245069,0.2497573,10,10,-10,0.44,500,-10,500,-10,36.12383,5.722281,12.71503,-1.364559,1.933626,-7.285779,5.514668,0
-7.52162,1.601908,0.827916,10,-10,-10,0.44,500,-10,500,-10,36.18359,5.61856,12.78413,-1.62263,1.726044,-7.084969,5.77951,0
0.9111575,8.790009,3.558032,-1.65861,-10,-10,0.44,500,-10,500,-10,36.14851,5.512571,12.90485,-1.880884,1.968684,-6.926742,5.636898,0
-0.4349138,9.110641,0.266547,-10,-10,-10,0.44,500,-10,500,-10,35.94362,5.415631,13.05112,-2.106032,2.179553,-6.822793,5.54723,0
7.752754,-1.694009,1.511908,-10,10,-10,0.44,500,-10,500,-10,35.8926,5.302165,12.99079,-1.864084,2.371262,-7.014745,5.305523,0
-0.7009,-8.864856,3.527913,1.678614,10,-10,0.44,500,-10,500,-10,35.96937,5.181852,12.85127,-1.611205,2.100659,-7.152025,5.460527,0
0.6597978,-9.186058,0.3312763,10,10,-10,0.44,500,-10,500,-10,36.26289,5.07348,12.63819,-1.372635,1.846124,-7.214034,5.538502,0
-7.415408,1.73426,0.9731401,10,-10,-10,0.44,500,-10,500,-10,36.22317,4.960973,12.78399,-1.668766,1.675308,-7.038717,5.830131,0
1.231785,9.053513,3.970672,-1.698617,-10,-10,0.44,500,-10,500,-10,35.81814,4.858391,13.24118,-2.107252,2.098683,-6.979049,5.785574,0
-0.3779896,9.158448,0.3349971,-10,-10,-10,0.44,500,-10,500,-10,34.68645,4.826912,14.2811,-2.805229,2.792022,-7.142745,5.953908,0
7.529189,-1.926688,1.216368,-10,10,-10,0.44,500,-10,500,-10,33.33741,4.78877,15.53671,-3.099894,3.696091,-7.888456,6.090216,0
-0.7311095,-8.862894,3.52942,1.71862,10,-10,0.44,500,-10,500,-10,32.26537,4.878595,16.57043,-3.323839,3.980751,-8.521041,6.662085,0
1.005367,-8.864199,0.7877131,10,10,-10,0.44,500,-10,500,-10,32.31487,5.019254,16.62229,-3.18668,3.864313,-8.701173,6.821496,0
-7.124042,2.023623,1.368619,10,-10,-10,0.44,500,-10,500,-10,32.71199,5.072525,16.30725,-3.281779,3.516886,-8.345036,6.907885,0
0.6271254,8.467526,3.173928,-1.738624,-10,-10,0.44,500,-10,500,-10,33.04276,5.153594,15.99646,-3.341016,3.588066,-8.02828,6.579187,0
-0.5599399,8.989146,0.09920061,-10,-10,-10,0.44,500,-10,500,-10,33.12456,5.26125,15.79303,-3.384792,3.647702,-7.815946,6.350992,0
7.364395,-2.095316,0.999747,-10,10,-10,0.44,500,-10,500,-10,32.92609,5.355411,15.91272,-3.213502,3.940656,-8.086411,6.157213,0
-1.094504,-9.173756,3.088107,1.758627,10,-10,0.44,500,-10,500,-10,32.77394,5.466011,16.05371,-3.072241,3.815687,-8.344498,6.399007,0
0.5026039,-9.328138,0.133695,10,10,-10,0.44,500,-10,500,-10,32.79702,5.584425,16.16257,-2.965527,3.726418,-8.541412,6.578478,0
-7.71771,1.489733,0.610371,10,-10,-10,0.44,500,-10,500,-10,32.95248,5.675545,16.07062,-3.138603,3.462544,-8.292147,6.766161,0
0.8608145,8.660406,3.473192,-1.77863,-10,-10,0.44,500,-10,500,-10,33.05902,5.776257,15.95261,-3.276744,3.615522,-8.056219,6.515398,0
-0.4607728,9.079858,0.2297626,-10,-10,-10,0.44,500,-10,500,-10,33.00746,5.882053,15.84755,-3.368289,3.722652,-7.877626,6.32122,0
7.547381,-1.941371,1.241536,-10,10,-10,0.44,500,-10,500,-10,32.88699,5.984099,15.90903,-3.16788,3.987648,-8.128971,6.107159,0
-0.885195,-8.958784,3.390244,1.798634,10,-10,0.44,500,-10,500,-10,32.82197,6.09621,15.99778,-2.999248,3.835532,-8.371146,6.332818,0
0.7388769,-9.107904,0.4447001,10,10,-10,0.44,500,-10,500,-10,32.90892,6.209393,16.08298,-2.881682,3.734639,-8.559303,6.504303,0
-7.265531,1.925116,1.216905,10,-10,-10,0.44,500,-10,500,-10,33.01006,6.308229,16.01911,-3.067398,3.484541,-8.320668,6.70148,0
0.8592106,8.638358,3.467254,-1.818637,-10,-10,0.44,500,-10,500,-10,33.04648,6.412834,15.92458,-3.219637,3.652191,-8.090104,6.455507,0
-0.3564583,9.172655,0.3589814,-10,-10,-10,0.44,500,-10,500,-10,32.93113,6.515884,15.8273,-3.317535,3.76527,-7.911596,6.261817,0
7.485993,-2.019991,1.16827,-10,10,-10,0.44,500,-10,500,-10,32.8467,6.622612,15.88017,-3.111177,4.025008,-8.161765,6.045891,0
-0.9326754,-8.982649,3.355373,1.83864,10,-10,0.44,500,-10,500,-10,32.83762,6.73698,15.96862,-2.9384,3.869078,-8.407827,6.275105,0
0.9068598,-8.946793,0.6679715,10,10,-10,0.44,500,-10,500,-10,32.98395,6.847528,16.06745,-2.823993,3.770957,-8.604124,6.455116,0
-7.215012,1.999813,1.29593,10,-10,-10,0.44,500,-10,500,-10,33.0429,6.951304,15.99718,-3.009083,3.520961,-8.360807,6.646886,0
0.9275402,8.68154,3.555746,-1.858644,-10,-10,0.44,500,-10,500,-10,33.00634,7.057367,15.87621,-3.155077,3.68258,-8.114582,6.385036,0
-0.0698058,9.428759,0.7124884,-10,-10,-10,0.44,500,-10,500,-10,32.80061,7.154227,15.72929,-3.237309,3.779081,-7.910617,6.166801,0
7.423204,-2.113801,1.097414,-10,10,-10,0.44,500,-10,500,-10,32.751,7.267879,15.79129,-3.032249,4.041136,-8.167049,5.956119,0
-0.592697,-8.648123,3.828053,1.878647,10,-10,0.44,500,-10,500,-10,32.8298,7.388175,15.93169,-2.874898,3.901507,-8.440731,6.212079,0
0.7600634,-9.070231,0.4833364,10,10,-10,0.44,500,-10,500,-10,33.12574,7.496319,16.14709,-2.799804,3.842343,-8.694307,6.449724,0
-7.143114,2.111204,1.401405,10,-10,-10,0.44,500,-10,500,-10,33.08276,7.609063,15.99797,-2.958707,3.567482,-8.411845,6.601027,0
0.8645884,8.602143,3.476597,-1.89865,-10,-10,0.44,500,-10,500,-10,32.66824,7.71162,15.53248,-2.996202,3.596324,-7.988651,6.186486,0
-0.3167197,9.18445,0.350596,-10,-10,-10,0.44,500,-10,500,-10,31.50782,7.741084,14.46403,-2.838425,3.276085,-7.261123,5.621419,0
7.38114,-2.207778,1.061012,-10,10,-10,0.44,500,-10,500,-10,30.13831,7.774625,13.18793,-2.111301,2.982707,-6.930883,4.857434,0
-0.570879,-8.60548,3.88925,1.918653,10,-10,0.44,500,-10,500,-10,29.14062,7.68045,12.22749,-1.527681,2.432976,-6.71869,4.611352,0
0.628255,-9.171492,0.3234397,10,10,-10,0.44,500,-10,500,-10,29.18142,7.539935,12.16671,-1.366331,2.264229,-6.829679,4.729737,0
-7.447885,1.895211,1.017821,10,-10,-10,0.44,500,-10,500,-10,29.57324,7.486508,12.47688,-1.728371,2.114794,-6.724644,5.136178,0
0.9968137,8.700316,3.656977,-1.938657,-10,-10,0.44,500,-10,500,-10,29.89668,7.405296,12.78177,-2.049472,2.416098,-6.656173,5.087504,0
-0.1211832,9.339848,0.5451449,-10,-10,-10,0.44,500,-10,500,-10,29.97621,7.298112,12.98343,-2.273621,2.624457,-6.599113,5.046234,0
7.345717,-2.316074,1.049771,-10,10,-10,0.44,500,-10,500,-10,29.77858,7.203557,12.86424,-2.017216,2.804496,-6.756758,4.767434,0
-0.6959201,-8.695371,3.764406,1.95866,10,-10,0.44,500,-10,500,-10,29.62987,7.092494,12.72551,-1.772795,2.543714,-6.88623,4.913268,0
0.5140975,-9.246694,0.1934972,10,10,-10,0.44,500,-10,500,-10,29.65441,6.97392,12.61786,-1.598664,2.352115,-6.971163,5.015669,0
-7.397324,2.025601,1.107405,10,-10,-10,0.44,500,-10,500,-10,29.80985,6.883016,12.71064,-1.860177,2.149864,-6.786526,5.294796,0
1.009082,8.684542,3.685967,-1.978663,-10,-10,0.44,500,-10,500,-10,29.91438,6.78243,12.82821,-2.114266,2.389134,-6.629853,5.152942,0
-0.3903164,9.055817,0.1102942,-10,-10,-10,0.44,500,-10,500,-10,29.86209,6.676936,12.93323,-2.305045,2.564373,-6.526098,5.064726,0
7.337325,-2.412404,1.103664,-10,10,-10,0.44,500,-10,500,-10,29.74182,6.574672,12.87127,-2.068533,2.763169,-6.711265,4.814585,0
-0.7936277,-8.757629,3.680176,1.998667,10,-10,0.44,500,-10,500,-10,29.67861,6.462273,12.78309,-1.839627,2.517705,-6.867107,4.986986,0
0.5695398,-9.155212,0.2927905,10,10,-10,0.44,500,-10,500,-10,29.76627,6.348958,12.69818,-1.671635,2.33302,-6.964744,5.101315,0
-7.268684,2.233762,1.309112,10,-10,-10,0.44,500,-10,500,-10,29.86699,6.250268,12.76314,-1.925298,2.121772,-6.764909,5.366392,0
1.054612,8.698584,3.76428,-2.01867,-10,-10,0.44,500,-10,500,-10,29.90165,6.14582,12.85788,-2.174854,2.355941,-6.593856,5.210725,0
-0.4180562,8.985347,-0.02983475,-10,-10,-10,0.44,500,-10,500,-10,29.78549,6.0431,12.95565,-2.365357,2.531313,-6.484358,5.116359,0
7.612149,-2.24423,1.560936,-10,10,-10,0.44,500,-10,500,-10,29.70158,5.936122,12.90207,-2.130607,2.731175,-6.674712,4.8721,0
-1.200978,-9.10709,3.191872,2.038673,10,-10,0.44,500,-10,500,-10,29.69409,5.821475,12.81377,-1.89798,2.48166,-6.834178,5.048454,0
0.6048185,-9.073586,0.3727077,10,10,-10,0.44,500,-10,500,-10,29.84121,5.710774,12.71474,-1.721257,2.288629,-6.928845,5.15943,0
-7.164613,2.409084,1.476904,10,-10,-10,0.44,500,-10,500,-10,29.89872,5.607109,12.7868,-1.980674,2.082401,-6.729134,5.425363,0
0.8837739,8.515673,3.565763,-2.058677,-10,-10,0.44,500,-10,500,-10,29.85964,5.50132,12.90898,-2.246556,2.332699,-6.564492,5.276305,0
-0.4274371,8.923767,-0.1633343,-10,-10,-10,0.44,500,-10,500,-10,29.65175,5.405036,13.05784,-2.464581,2.536541,-6.469808,5.195805,0
7.298971,-2.604726,1.263897,-10,10,-10,0.44,500,-10,500,-10,29.60305,5.290955,12.99498,-2.222205,2.727732,-6.660103,4.952532,0
-1.031664,-8.927548,3.453362,2.07868,10,-10,0.44,500,-10,500,-10,29.6837,5.170204,12.85424,-1.962626,2.450365,-6.803067,5.113285,0
0.4018388,-9.204404,0.1477587,10,10,-10,0.44,500,-10,500,-10,29.98302,5.061715,12.63594,-1.728384,2.200141,-6.856426,5.182626,0
-7.486516,2.174506,1.059999,10,-10,-10,0.44,500,-10,500,-10,29.93177,4.949001,12.79337,-2.029997,2.034776,-6.685254,5.478432,0
1.016218,8.615904,3.76768,-2.098683,-10,-10,0.44,500,-10,500,-10,29.49006,4.847838,13.28479,-2.492348,2.482225,-6.630093,5.438173,0
-0.3539226,8.930859,-0.203737,-10,-10,-10,0.44,500,-10,500,-10,28.27983,4.825277,14.40272,-3.218007,3.211343,-6.830736,5.635357,0
7.66115,-2.325279,1.844305,-10,10,-10,0.44,500,-10,500,-10,26.92907,4.802662,15.66038,-3.506509,4.118133,-7.584314,5.770647,0
-0.8777148,-8.762238,3.695707,2.118687,10,-10,0.44,500,-10,500,-10,26.05477,4.901427,16.49899,-3.646536,4.306812,-8.139157,6.276837,0
0.2463088,-9.282749,-0.007071257,10,10,-10,0.44,500,-10,500,-10,26.06778,5.041237,16.58833,-3.530444,4.211316,-8.329268,6.446353,0
-7.325497,2.373303,1.2073,10,-10,-10,0.44,500,-10,500,-10,26.44447,5.096528,16.29258,-3.633255,3.871899,-7.981401,6.540714,0
0.8526769,8.439133,3.585069,-2.13869,-10,-10,0.44,500,-10,500,-10,26.75206,5.178777,16.00164,-3.704541,3.955302,-7.669047,6.216243,0
0.09543592,9.275778,0.2324721,-10,-10,-10,0.44,500,-10,500,-10,26.82494,5.285511,15.80564,-3.745163,4.011646,-7.466028,5.9975,0
7.354011,-2.66102,1.548347,-10,10,-10,0.44,500,-10,500,-10,26.63055,5.380675,15.92225,-3.572288,4.303164,-7.735518,5.802598,0
-1.142645,-8.978431,3.398586,2.158693,10,-10,0.44,500,-10,500,-10,26.48746,5.492195,16.05703,-3.421065,4.168369,-7.998424,6.049076,0
0.1416134,-9.303993,-0.08602685,10,10,-10,0.44,500,-10,500,-10,26.51476,5.610773,16.16275,-3.321113,4.085885,-8.185973,6.219158,0
-6.749543,2.972692,1.82158,10,-10,-10,0.44,500,-10,500,-10,26.66879,5.701673,16.07015,-3.492514,3.820303,-7.937847,6.408013,0
1.075789,8.615297,3.911189,-2.178697,-10,-10,0.44,500,-10,500,-10,26.76977,5.802249,15.95394,-3.638534,3.98114,-7.695529,6.150879,0
0.02966052,9.13407,-0.01880836,-10,-10,-10,0.44,500,-10,500,-10,26.71552,5.907412,15.84945,-3.723705,4.081803,-7.523786,5.963644,0
7.221207,-2.881836,1.464388,-10,10,-10,0.44,500,-10,500,-10,26.5962,6.009976,15.91158,-3.523462,4.347042,-7.775504,5.74988,0
-0.9944286,-8.813061,3.642107,2.1987,10,-10,0.44,500,-10,500,-10,26.53577,6.12268,15.99892,-3.347131,4.187314,-8.024206,5.981979,0
0.2587846,-9.108727,0.1332457,10,10,-10,0.44,500,-10,500,-10,26.62505,6.236064,16.08351,-3.235976,4.092863,-8.205449,6.146519,0
-6.9712,2.906357,1.391642,10,-10,-10,0.44,500,-10,500,-10,26.72461,6.3347,16.01757,-3.420941,3.841985,-7.965854,6.342767,0
1.142592,8.652844,4.043255,-2.218703,-10,-10,0.44,500,-10,500,-10,26.75649,6.439033,15.92258,-3.580074,4.016488,-7.72801,6.089553,0
0.07014501,9.076945,-0.1511253,-10,-10,-10,0.44,500,-10,500,-10,26.63843,6.541362,15.82408,-3.670868,4.122355,-7.555602,5.90207,0
6.958196,-3.300381,1.212273,-10,10,-10,0.44,500,-10,500,-10,26.55563,6.64868,15.87841,-3.464975,4.382646,-7.806508,5.686794,0
-0.4919445,-8.328771,4.340195,2.238707,10,-10,0.44,500,-10,500,-10,26.55071,6.763653,15.96688,-3.285117,4.219725,-8.059671,5.92302,0
0.3211866,-8.946615,0.2935386,10,10,-10,0.44,500,-10,500,-10,26.6999,6.874465,16.06677,-3.177779,4.128711,-8.24978,6.096805,0
-6.734761,3.320446,1.643714,10,-10,-10,0.44,500,-10,500,-10,26.75502,6.978106,15.99247,-3.361426,3.877252,-8.004568,6.286698,0
1.016107,8.516853,3.935957,-2.25871,-10,-10,0.44,500,-10,500,-10,26.7116,7.083628,15.86787,-3.513153,4.044525,-7.749599,6.016184,0
0.2594214,9.134944,-0.1184821,-10,-10,-10,0.44,500,-10,500,-10,26.49887,7.179128,15.71499,-3.586603,4.132042,-7.549474,5.801991,0
7.173141,-3.287333,1.649309,-10,10,-10,0.44,500,-10,500,-10,26.45166,7.293833,15.7789,-3.382119,4.394829,-7.806911,5.592157,0
-0.8465438,-8.635473,3.923002,2.278713,10,-10,0.44,500,-10,500,-10,26.53667,7.415243,15.92197,-3.218632,4.249228,-8.088945,5.856306,0
-0.3192592,-9.407494,-0.4422397,10,10,-10,0.44,500,-10,500,-10,26.8459,7.524033,16.1492,-3.15581,4.202432,-8.340046,6.09138,0
-6.674644,3.517516,1.687913,10,-10,-10,0.44,500,-10,500,-10,26.78088,7.637049,15.97831,-3.30556,3.918458,-8.048703,6.233761,0
0.8303769,8.325964,3.766476,-2.298717,-10,-10,0.44,500,-10,500,-10,26.27206,7.736129,15.42158,-3.328521,3.910536,-7.564439,5.780381,0
0.2957243,9.022403,-0.3145112,-10,-10,-10,0.44,500,-10,500,-10,24.92524,7.742875,14.16807,-3.092755,3.50911,-6.761563,5.143165,0
6.842943,-3.689998,1.441274,-10,10,-10,0.44,500,-10,500,-10,23.63134,7.736895,12.9668,-2.3779,3.243748,-6.481057,4.413166,0
-0.8495837,-8.628198,3.95728,2.31872,10,-10,0.44,500,-10,500,-10,22.98318,7.627972,12.35233,-1.936689,2.811539,-6.41312,4.336227,0
-0.168823,-9.103532,-0.1151462,10,10,-10,0.44,500,-10,500,-10,22.97467,7.489643,12.24,-1.757817,2.63681,-6.49892,4.417885,0
-6.760835,3.546271,1.401483,10,-10,-10,0.44,500,-10,500,-10,23.31938,7.430818,12.50543,-2.09985,2.475646,-6.376818,4.798979,0
0.8989109,8.390997,3.94882,-2.338723,-10,-10,0.44,500,-10,500,-10,23.59768,7.347517,12.77031,-2.412683,2.770796,-6.28346,4.723303,0
0.649738,9.157305,-0.1528258,-10,-10,-10,0.44,500,-10,500,-10,23.65793,7.242305,12.95613,-2.62441,2.967024,-6.225704,4.681046,0
6.711091,-3.991476,1.405259,-10,10,-10,0.44,500,-10,500,-10,23.47249,7.145496,12.84746,-2.37184,3.150566,-6.388232,4.407462,0
-1.079108,-8.851007,3.677592,2.358727,10,-10,0.44,500,-10,500,-10,23.3403,7.032784,12.72116,-2.124945,2.887067,-6.530479,4.566314,0
-0.4506034,-9.133313,-0.301813,10,10,-10,0.44,500,-10,500,-10,23.37387,6.913912,12.62003,-1.959834,2.704445,-6.611792,4.665138,0
-6.465565,4.070415,1.577703,10,-10,-10,0.44,500,-10,500,-10,23.52402,6.823108,12.71123,-2.220984,2.501845,-6.426207,4.943303,0
0.887573,8.402493,4.052801,-2.37873,-10,-10,0.44,500,-10,500,-10,23.6187,6.722975,12.82513,-2.480888,2.746998,-6.260682,4.792529,0
1.093147,9.291168,-0.0009411573,-10,-10,-10,0.44,500,-10,500,-10,23.56026,6.61881,12.92885,-2.664565,2.91533,-6.162942,4.710133,0
6.615247,-4.332889,1.485477,-10,10,-10,0.44,500,-10,500,-10,23.44361,6.515419,12.86787,-2.428342,3.114249,-6.348643,4.460692,0
-0.8835517,-8.711238,3.925756,2.398733,10,-10,0.44,500,-10,500,-10,23.3881,6.401871,12.78251,-2.193441,2.862621,-6.512813,4.641589,0
-0.603313,-8.958467,-0.2943015,10,10,-10,0.44,500,-10,500,-10,23.481,6.288056,12.6989,-2.03254,2.684953,-6.60444,4.749982,0
-6.26194,4.469231,1.522441,10,-10,-10,0.44,500,-10,500,-10,23.57778,6.189663,12.76619,-2.287367,2.474912,-6.405366,5.015777,0
0.6389196,8.228683,3.873898,-2.418736,-10,-10,0.44,500,-10,500,-10,23.60456,6.085921,12.86223,-2.544665,2.716928,-6.227648,4.853341,0
0.9975057,8.863339,-0.6733112,-10,-9.647494,-10,0.44,500,-10,500,-10,23.48256,5.984637,12.96095,-2.725009,2.89029,-6.129096,4.761772,0
6.562176,-4.60847,1.509322,-10,10,-10,0.44,500,-10,500,-10,23.40218,5.876481,12.90527,-2.493247,3.08503,-6.314728,4.520902,0
-0.9451065,-8.828045,3.817442,2.822676,10,-10,0.44,500,-10,500,-10,23.40691,5.760736,12.81636,-2.246407,2.821139,-6.487894,4.711119,0
-0.7076454,-8.71038,-0.2589606,10,8.831798,-10,0.44,500,-10,500,-10,23.557,5.650139,12.72112,-2.097579,2.629711,-6.557811,4.823634,0
-6.476815,4.529088,1.175935,10,-10,-10,0.44,500,-10,500,-10,23.60474,5.547052,12.80383,-2.348768,2.441648,-6.375156,5.080233,0
0.7579157,8.403861,4.180222,-3.290035,-10,-10,0.44,500,-10,500,-10,23.54073,5.442852,12.9353,-2.640751,2.718281,-6.192106,4.912532,0
1.211263,8.707853,-0.8739505,-10,-7.998695,-10,0.44,500,-10,500,-10,23.32775,5.349069,13.08385,-2.814385,2.923167,-6.141556,4.830731,0
6.217871,-5.168249,1.428429,-10,10,-10,0.44,500,-10,500,-10,23.28996,5.232647,13.00984,-2.590351,3.087288,-6.30427,4.605289,0
-0.8208086,-8.784784,3.925857,3.755305,10,-10,0.44,500,-10,500,-10,23.40257,5.110316,12.85914,-2.29641,2.775326,-6.473339,4.792379,0
-1.185894,-8.745886,-0.5581015,10,7.12125,-10,0.44,500,-10,500,-10,23.69882,5.002063,12.64883,-2.126589,2.524733,-6.468903,4.868715,0
-6.122855,5.117164,1.375229,10,-10,-10,0.44,500,-10,500,-10,23.56218,4.891255,12.89229,-2.436131,2.432404,-6.361091,5.162774,0
0.583949,8.321024,4.109087,-4.240654,-10,-10,0.44,500,-10,500,-10,22.81256,4.805399,13.66452,-3.098577,3.082201,-6.3385,5.152832,0
1.746095,8.692395,-0.7094626,-10,-6.252394,-10,0.44,500,-10,500,-10,21.3839,4.82919,14.99854,-3.777071,3.927555,-6.765366,5.412838,0
6.451505,-5.178307,2.077742,-10,10,-10,0.44,500,-10,500,-10,20.30024,4.867222,15.98984,-3.99678,4.652018,-7.36703,5.509749,0
-0.4079183,-8.489647,4.365432,4.710484,10,-10,0.44,500,-10,500,-10,19.88721,4.987319,16.40036,-3.91608,4.589009,-7.787884,5.912911,0
-1.687836,-8.605746,-0.6486425,10,5.36723,-10,0.44,500,-10,500,-10,19.92845,5.112248,16.46096,-3.886445,4.473454,-7.867731,6.078678,0
-5.587884,5.715134,1.728612,10,-10,-10,0.44,500,-10,500,-10,20.27374,5.175924,16.19218,-3.942398,4.192738,-7.589074,6.13669,0
0.6276102,8.458902,4.327281,-5.19366,-10,-10,0.44,500,-10,500,-10,20.47904,5.267641,15.96263,-4.08926,4.353111,-7.252007,5.786112,0
2.137311,8.443331,-0.9582945,-10,-4.495054,-10,0.44,500,-10,500,-10,20.48211,5.371976,15.84087,-4.050786,4.453971,-7.189593,5.584364,0
5.93811,-5.761075,1.631788,-10,10,-10,0.44,500,-10,500,-10,20.28587,5.472033,15.96616,-3.943235,4.687569,-7.400954,5.454576,0
-0.2224218,-8.437923,4.43605,5.662096,10,-10,0.44,500,-10,500,-10,20.20903,5.587207,16.08118,-3.720167,4.481468,-7.719326,5.755981,0
-2.269379,-8.616278,-1.085239,10,3.608098,-10,0.44,500,-10,500,-10,20.27044,5.699299,16.14147,-3.731543,4.365419,-7.757912,5.921991,0
-5.593315,5.849855,1.561465,10,-10,-10,0.44,500,-10,500,-10,20.42739,5.790797,16.03344,-3.824371,4.165291,-7.575569,6.032605,0
0.2258901,8.223954,3.985294,-6.135419,-10,-10,0.44,500,-10,500,-10,20.4654,5.893722,15.92556,-4.044592,4.400673,-7.265964,5.707839,0
2.507408,8.314688,-0.9517732,-10,-2.756723,-10,0.44,500,-10,500,-10,20.39006,5.996542,15.86041,-3.998519,4.532857,-7.258048,5.521667,0
5.501122,-6.258534,1.430524,-10,10,-10,0.44,500,-10,500,-10,20.27007,6.102303,15.94054,-3.887093,4.724275,-7.435868,5.396643,0
-0.163198,-8.522132,4.299927,6.58116,10,-10,0.44,500,-10,500,-10,20.27427,6.217051,16.02355,-3.63056,4.484646,-7.761186,5.705057,0
-2.660006,-8.4695,-1.136811,10,1.893258,-10,0.44,500,-10,500,-10,20.37094,6.325165,16.06998,-3.669437,4.356896,-7.760777,5.871274,0
-5.462205,6.07749,1.492843,10,-10,-10,0.44,500,-10,500,-10,20.46469,6.423655,15.98102,-3.753926,4.188074,-7.602579,5.966388,0
0.2565436,8.390196,4.218237,-7.037935,-10,-10,0.44,500,-10,500,-10,20.42593,6.528245,15.88517,-3.998718,4.448273,-7.278366,5.626767,0
2.953487,8.197346,-0.9028588,-10,-1.040306,-10,0.44,500,-10,500,-10,20.31187,6.629182,15.82612,-3.922822,4.589007,-7.305338,5.437109,0
5.508602,-6.339719,1.891272,-10,10,-10,0.44,500,-10,500,-10,20.24194,6.740139,15.90728,-3.827928,4.759072,-7.467478,5.33429,0
-0.2836377,-8.76726,3.926687,7.481331,10,-10,0.44,500,-10,500,-10,20.31381,6.855764,15.99875,-3.555676,4.503853,-7.815517,5.665298,0
-2.927217,-8.266706,-1.126836,10,0.1659944,-10,0.44,500,-10,500,-10,20.44079,6.962186,16.04977,-3.629634,4.372039,-7.783836,5.839387,0
-5.009733,6.471051,1.723266,10,-10,-10,0.44,500,-10,500,-10,20.46518,7.065029,15.93335,-3.686906,4.215538,-7.630098,5.899423,0
0.2067426,8.483324,4.351773,-7.931387,-10,-10,0.44,500,-10,500,-10,20.32832,7.167326,15.79272,-3.934084,4.477785,-7.266401,5.520656,0
2.727507,7.580984,-1.519724,-10,0.6659222,-10,0.44,500,-10,500,-10,20.15423,7.26435,15.69652,-3.812063,4.61024,-7.308707,5.308487,0
5.124217,-6.639449,1.873797,-10,10,-10,0.44,500,-10,500,-10,20.15766,7.385773,15.81814,-3.748219,4.774474,-7.473329,5.24503,0
0.3321891,-8.340075,4.50248,8.351759,10,-10,0.44,500,-10,500,-10,20.36001,7.505579,15.99586,-3.489185,4.533089,-7.879621,5.633674,0
-3.196721,-8.021378,-0.9075962,10,-1.49607,-10,0.44,500,-10,500,-10,20.57621,7.612742,16.12026,-3.621962,4.422777,-7.849918,5.84706,0
-4.830374,6.630085,1.54463,10,-10,-10,0.44,500,-10,500,-10,20.25765,7.721377,15.69262,-3.553315,4.173183,-7.564226,5.742314,0
-0.05883121,8.370842,4.176774,-8.768062,-10,-10,0.44,500,-10,500,-10,19.00486,7.774337,14.47968,-3.525707,3.976646,-6.586807,4.933825,0
3.684621,7.954363,-0.8327057,-10,2.280593,-10,0.44,500,-10,500,-10,17.77324,7.716096,13.34251,-2.964488,3.65344,-6.205781,4.314784,0
4.764256,-6.965838,1.748614,-10,10,-10,0.44,500,-10,500,-10,16.90267,7.645757,12.56389,-2.589511,3.442413,-5.935597,3.880652,0
0.1792997,-8.606103,4.094511,9.154846,10,-10,0.44,500,-10,500,-10,16.74527,7.513634,12.349,-2.178671,3.040952,-6.168385,4.10406,0
-3.424818,-7.803825,-0.9076138,10,-2.725454,-10,0.44,500,-10,500,-10,16.87314,7.408957,12.38204,-2.325186,2.878544,-6.049238,4.293837,0
-4.498332,6.919178,1.622817,10,-10,-10,0.44,500,-10,500,-10,17.22631,7.3448,12.66384,-2.519747,2.877461,-6.088177,4.528419,0
-0.3690615,8.19395,3.904976,-9.531931,-10,-10,0.44,500,-10,500,-10,17.34028,7.246032,12.86224,-2.935222,3.278385,-5.837093,4.291886,0
3.880744,7.667025,-0.8909715,-10,2.745458,-10,0.44,500,-10,500,-10,17.28795,7.144578,12.91784,-2.833158,3.448387,-5.98523,4.167958,0
4.448983,-7.271476,1.599536,-10,10,-10,0.44,500,-10,500,-10,17.08223,7.040458,12.77596,-2.712023,3.475276,-5.988807,4.023511,0
0.3160008,-8.578042,4.098183,9.859624,10,-10,0.44,500,-10,500,-10,17.07567,6.922054,12.67312,-2.340471,3.086281,-6.275146,4.327293,0
-3.714123,-7.512016,-0.852052,10,-2.765461,-10,0.44,500,-10,500,-10,17.16015,6.815814,12.65098,-2.475676,2.918375,-6.121593,4.476851,0
-4.092062,7.330516,1.962055,10,-10,-10,0.44,500,-10,500,-10,17.32038,6.723893,12.77331,-2.605504,2.871749,-6.093124,4.624835,0
0.106901,8.730919,4.612016,-10,-10,-10,0.44,500,-10,500,-10,17.29825,6.619444,12.87674,-2.997733,3.248591,-5.786602,4.3337,0
4.333157,7.574489,-0.7207887,-10,2.785464,-10,0.44,500,-10,500,-10,17.21256,6.517505,12.91492,-2.881958,3.405711,-5.934011,4.208215,0
4.392982,-7.331358,1.827462,-10,10,-10,0.44,500,-10,500,-10,17.09349,6.408428,12.82362,-2.777681,3.447827,-5.962634,4.090445,0
0.4332249,-8.562767,4.085516,10,10,-10,0.44,500,-10,500,-10,17.14995,6.29218,12.74336,-2.409365,3.062386,-6.264449,4.409384,0
-3.748855,-7.142786,-0.730944,10,-2.805468,-10,0.44,500,-10,500,-10,17.24778,6.1863,12.71843,-2.545474,2.894536,-6.107684,4.556579,0
-4.241094,7.156879,1.565156,10,-10,-10,0.44,500,-10,500,-10,17.33594,6.087152,12.8193,-2.670578,2.843023,-6.066161,4.691673,0
-0.5193903,8.235255,3.844389,-10,-10,-10,0.44,500,-10,500,-10,17.2504,5.982739,12.91638,-3.063765,3.220828,-5.753416,4.39431,0
4.369789,7.24829,-0.8327377,-10,2.825471,-10,0.44,500,-10,500,-10,17.13899,5.881549,12.95969,-2.951065,3.382033,-5.901997,4.268984,0
4.158312,-7.486015,1.855857,-10,10,-10,0.44,500,-10,500,-10,17.07679,5.767321,12.86866,-2.84451,3.420212,-5.933127,4.155381,0
0.3997701,-8.66556,3.908746,10,10,-10,0.44,500,-10,500,-10,17.1896,5.650848,12.77553,-2.467687,3.026231,-6.232786,4.472198,0
-4.356458,-7.345724,-1.202146,10,-2.845474,-10,0.44,500,-10,500,-10,17.30924,5.544793,12.73944,-2.5984,2.852057,-6.072171,4.616469,0
-3.981439,7.336477,1.650603,10,-10,-10,0.44,500,-10,500,-10,17.31741,5.441477,12.87246,-2.741212,2.818539,-6.039578,4.760207,0
-0.1052041,8.681528,4.416936,-10,-10,-10,0.44,500,-10,500,-10,17.13598,5.341086,13.02575,-3.162822,3.22536,-5.744983,4.480401,0
4.311405,6.874688,-1.173255,-10,2.865478,-10,0.44,500,-10,500,-10,16.9605,5.243879,13.11997,-3.075307,3.413239,-5.910566,4.37059,0
3.827796,-7.748213,1.630252,-10,10,-10,0.44,500,-10,500,-10,16.97752,5.117872,12.9867,-2.946876,3.426905,-5.928572,4.246499,0
0.682403,-8.460089,4.175189,10,10,-10,0.44,500,-10,500,-10,17.22717,4.996182,12.78837,-2.519097,2.9812,-6.192013,4.527866,0
-4.241569,-6.994849,-0.8561458,10,-2.885481,-10,0.44,500,-10,500,-10,17.45094,4.887183,12.65833,-2.605654,2.761535,-5.997705,4.63978,0
-3.929432,7.36004,1.540452,10,-10,-10,0.44,500,-10,500,-10,16.85777,4.780498,13.3581,-3.042615,3.022571,-6.140566,4.958567,0
-0.3798518,8.474255,4.077324,-10,-10,-10,0.44,500,-10,500,-10,14.83332,4.79346,15.32115,-4.292053,4.422179,-6.517689,5.185519,0
4.405868,6.793037,-1.235583,-10,2.905484,-10,0.44,500,-10,500,-10,14.46,4.890885,15.59719,-4.253698,4.731559,-6.784765,5.10486,0
3.804346,-7.759127,1.703146,-10,10,-10,0.44,500,-10,500,-10,13.79753,4.974467,16.16977,-4.431864,5.1029,-7.081036,5.207956,0
0.5235978,-8.642873,3.903256,10,10,-10,0.44,500,-10,500,-10,13.67486,5.104299,16.36492,-4.160676,4.850838,-7.513925,5.621719,0
-4.521475,-7.14202,-1.145626,10,-2.925488,-10,0.44,500,-10,500,-10,13.78579,5.209414,16.34965,-4.287151,4.701733,-7.3748,5.758174,0
-3.644229,7.62144,1.826389,10,-10,-10,0.44,500,-10,500,-10,14.1031,5.279163,16.1009,-4.248335,4.513884,-7.207504,5.739912,0
-0.5685133,8.32464,3.843516,-10,-10,-10,0.44,500,-10,500,-10,14.18739,5.378932,15.92182,-4.502447,4.782693,-6.805008,5.322719,0
4.592947,6.895497,-1.063711,-10,2.945491,-10,0.44,500,-10,500,-10,14.12994,5.480258,15.87023,-4.331107,4.917795,-6.933599,5.144868,0
3.695053,-7.863455,1.597007,-10,10,-10,0.44,500,-10,500,-10,13.9373,5.585615,16.00172,-4.309308,5.070374,-7.064349,5.101239,0
0.2447745,-8.91429,3.518023,10,10,-10,0.44,500,-10,500,-10,13.94157,5.704031,16.09947,-4.000412,4.778923,-7.454238,5.473684,0
-4.246088,-6.850761,-0.7507053,10,-2.965494,-10,0.44,500,-10,500,-10,14.0278,5.810107,16.1204,-4.142368,4.64454,-7.329627,5.625412,0
-3.757219,7.524222,1.667615,10,-10,-10,0.44,500,-10,500,-10,14.17958,5.902788,16.00255,-4.157321,4.514738,-7.217025,5.657564,0
-0.566613,8.329738,3.853105,-10,-10,-10,0.44,500,-10,500,-10,14.14984,6.007105,15.90146,-4.449871,4.822656,-6.840715,5.265886,0
4.618542,6.915565,-1.030962,-10,2.985497,-10,0.44,500,-10,500,-10,14.06169,6.108921,15.86427,-4.285748,4.965947,-6.974017,5.091774,0
4.095105,-7.505096,2.089384,-10,10,-10,0.44,500,-10,500,-10,13.94831,6.218699,15.95372,-4.242167,5.096497,-7.091719,5.035347,0
0.7071975,-8.480862,4.142147,10,10,-10,0.44,500,-10,500,-10,14.01068,6.335095,16.03344,-3.92266,4.794136,-7.477282,5.403763,0
-4.329865,-6.964633,-0.8690313,10,-3.005501,-10,0.44,500,-10,500,-10,14.10996,6.440932,16.05765,-4.065701,4.659901,-7.354299,5.558055,0
-3.61614,7.671413,1.915839,10,-10,-10,0.44,500,-10,500,-10,14.19191,6.540308,15.95605,-4.090401,4.541734,-7.245417,5.59204,0
-0.3819375,8.485447,4.094668,-10,-10,-10,0.44,500,-10,500,-10,14.09904,6.644294,15.85694,-4.387368,4.854019,-6.866322,5.197627,0
4.796476,7.171531,-0.6906583,-10,3.025504,-10,0.44,500,-10,500,-10,13.98477,6.745268,15.81261,-4.221384,4.996226,-6.995581,5.018695,0
4.134613,-7.49429,2.03362,-10,10,-10,0.44,500,-10,500,-10,13.92817,6.860424,15.90497,-4.175844,5.124707,-7.117646,4.96674,0
0.5197791,-8.630585,3.954973,10,10,-10,0.44,500,-10,500,-10,14.04857,6.97729,16.00121,-3.859857,4.825937,-7.513377,5.345254,0
-4.316332,-7.118942,-0.979059,10,-3.045507,-10,0.44,500,-10,500,-10,14.17031,7.083467,16.03787,-4.007212,4.695166,-7.396401,5.506404,0
-3.977058,7.377522,1.598307,10,-10,-10,0.44,500,-10,500,-10,14.16624,7.186769,15.89608,-4.019392,4.565958,-7.266733,5.518124,0
-0.2387721,8.585792,4.272643,-10,-10,-10,0.44,500,-10,500,-10,13.96605,7.285744,15.72799,-4.294237,4.855383,-6.852615,5.089426,0
4.295689,6.956892,-1.141914,-10,3.065511,-10,0.44,500,-10,500,-10,13.77583,7.381806,15.62025,-4.107867,4.974029,-6.949705,4.881501,0
4.267523,-7.429309,1.989335,-10,10,-10,0.44,500,-10,500,-10,13.80065,7.510345,15.75811,-4.074355,5.118961,-7.097451,4.850801,0
0.4372253,-8.667179,3.939418,10,10,-10,0.44,500,-10,500,-10,14.08238,7.634061,15.98464,-3.802703,4.865534,-7.556806,5.291931,0
-4.333882,-7.435471,-1.282875,10,-3.085514,-10,0.44,500,-10,500,-10,14.34657,7.744677,16.15385,-3.996893,4.781351,-7.502816,5.516314,0
-4.02647,7.40542,1.756377,10,-10,-10,0.44,500,-10,500,-10,12.59353,7.846468,14.29731,-3.441263,3.944171,-6.52014,4.815187,0
-0.4993284,8.300003,3.904991,-10,-10,-10,0.44,500,-10,500,-10,13.45457,7.818111,15.22236,-4.128311,4.660306,-6.59958,4.865541,0
4.393182,7.362379,-0.9226103,-10,3.105517,-10,0.44,500,-10,500,-10,10.3223,7.778813,12.18921,-2.838624,3.628519,-5.376027,3.384088,0
4.351331,-7.42366,1.7428,-10,10,-10,0.44,500,-10,500,-10,10.2338,7.647002,12.19928,-2.78261,3.702911,-5.44039,3.318045,0
0.6320967,-8.437657,4.310019,10,10,-10,0.44,500,-10,500,-10,10.28405,7.506061,12.18337,-2.441179,3.344604,-5.768634,3.663165,0
-4.045036,-7.531046,-1.049701,10,-3.125521,-10,0.44,500,-10,500,-10,10.46237,7.40574,12.27047,-2.632451,3.205293,-5.649529,3.874644,0
-4.123305,7.354368,1.79614,10,-10,-10,0.44,500,-10,500,-10,10.82987,7.357614,12.56819,-2.840909,3.201883,-5.687764,4.124746,0
-0.1951358,8.521988,4.241872,-9.820951,-10,-10,0.44,500,-10,500,-10,10.962,7.270403,12.79244,-3.270819,3.617572,-5.443665,3.894867,0
3.938923,7.425966,-1.171018,-10,3.145524,-10,0.44,500,-10,500,-10,10.92203,7.172524,12.86229,-3.16427,3.792625,-5.608092,3.777694,0
4.436962,-7.340389,1.554896,-10,10,-10,0.44,500,-10,500,-10,10.72081,7.061009,12.72959,-3.051731,3.818011,-5.610676,3.642353,0
0.3887464,-8.590173,4.146524,9.469193,10,-10,0.44,500,-10,500,-10,10.71643,6.937022,12.63776,-2.691671,3.439687,-5.894643,3.944584,0
-3.388979,-7.465468,-0.6103797,10,-3.165527,-10,0.44,500,-10,500,-10,10.80749,6.830267,12.62748,-2.829315,3.265134,-5.748479,4.110617,0
-4.419697,7.078284,1.648982,10,-10,-10,0.44,500,-10,500,-10,10.9735,6.745812,12.75787,-2.957103,3.226577,-5.728734,4.257216,0
-0.1924034,8.440914,4.130168,-9.094786,-10,-10,0.44,500,-10,500,-10,10.96816,6.64711,12.86903,-3.335748,3.590682,-5.442193,3.985216,0
3.755722,7.701877,-1.151618,-10,2.425551,-10,0.44,500,-10,500,-10,10.88565,6.547189,12.91436,-3.242072,3.762092,-5.573437,3.851373,0
4.794468,-7.054803,1.689216,-10,10,-10,0.44,500,-10,500,-10,10.76563,6.434439,12.8295,-3.136733,3.81071,-5.608456,3.732434,0
0.08483291,-8.766481,3.951204,8.675808,10,-10,0.44,500,-10,500,-10,10.80325,6.314303,12.75501,-2.794703,3.450984,-5.888769,4.030446,0
-3.763466,-8.251592,-1.423996,10,-1.515571,-10,0.44,500,-10,500,-10,10.90083,6.206343,12.73047,-2.894075,3.275136,-5.769058,4.185954,0
-4.908414,6.698787,1.429361,10,-10,-10,0.44,500,-10,500,-10,10.99076,6.113176,12.83291,-3.033811,3.210089,-5.714201,4.33588,0
-0.1876742,8.317967,3.962712,-8.233212,-10,-10,0.44,500,-10,500,-10,10.93098,6.014005,12.93504,-3.397169,3.558839,-5.435467,4.071754,0
3.501512,8.026928,-0.9374321,-10,0.4910638,-10,0.44,500,-10,500,-10,10.81581,5.916269,12.99388,-3.347223,3.730739,-5.53417,3.948611,0
5.186161,-6.781407,1.707851,-10,10,-10,0.44,500,-10,500,-10,10.74577,5.799694,12.91685,-3.2208,3.801271,-5.596765,3.81425,0
-0.1888294,-8.86901,3.85915,7.738761,10,-10,0.44,500,-10,500,-10,10.81964,5.67866,12.83357,-2.889088,3.451729,-5.859472,4.094788,0
-3.193152,-8.277559,-1.297665,10,0.6084261,-10,0.44,500,-10,500,-10,10.94489,5.56945,12.78796,-2.938396,3.273463,-5.772378,4.235267,0
-5.24903,6.483562,1.482508,10,-10,-10,0.44,500,-10,500,-10,10.95872,5.473221,12.91563,-3.117034,3.199038,-5.699519,4.415472,0
0.2398198,8.530399,4.289745,-7.223891,-10,-10,0.44,500,-10,500,-10,10.81756,5.379193,13.07221,-3.490005,3.558157,-5.456294,4.186097,0
2.981704,8.151725,-1.115209,-10,-1.810124,-10,0.44,500,-10,500,-10,10.61237,5.292123,13.20526,-3.522995,3.762745,-5.533545,4.09175,0
5.724962,-6.252493,1.776277,-10,10,-10,0.44,500,-10,500,-10,10.58222,5.165834,13.12412,-3.362906,3.850001,-5.626401,3.937263,0
-0.1937237,-8.677129,4.177863,6.666104,10,-10,0.44,500,-10,500,-10,10.7204,5.035255,12.99152,-3.025801,3.49366,-5.853641,4.183738,0
-2.717088,-8.57443,-1.34047,10,3.056936,-10,0.44,500,-10,500,-10,10.95004,4.920464,12.85519,-2.986188,3.280788,-5.780286,4.283643,0
-5.354114,6.25246,1.623465,10,-10,-10,0.44,500,-10,500,-10,10.49851,4.831586,13.415,-3.422117,3.409599,-5.808213,4.618687,0
0.6018037,8.670048,4.521038,-6.093429,-10,-10,0.44,500,-10,500,-10,9.266378,4.828911,14.64621,-4.321653,4.331179,-5.928843,4.717275,0
2.617071,8.533063,-0.9972447,-10,-4.398348,-10,0.44,500,-10,500,-10,8.615726,4.929103,15.20176,-4.538118,4.781761,-6.172704,4.727017,0
5.849816,-5.990807,1.543115,-10,10,-10,0.44,500,-10,500,-10,7.979667,4.969251,15.75196,-4.59001,5.257833,-6.576697,4.706831,0
-0.1886846,-8.469854,4.494676,5.482388,10,-10,0.44,500,-10,500,-10,7.624205,5.0673,16.12004,-4.490668,5.175379,-6.981029,5.094274,0
-1.979364,-8.698154,-0.8890913,10,5.780429,-10,0.44,500,-10,500,-10,7.588967,5.183039,16.26483,-4.514736,5.121479,-7.076927,5.268141,0
-3.135371,9.742689,4.8357,10,-10,-10,0.44,500,-10,500,-10,7.862885,5.267279,16.06668,-4.5886,4.852398,-6.838886,5.373045,0.6666111
4.702048,14.55882,9.425139,-4.869176,-10,-10,0.44,500,-10,500,-10,8.015525,5.373306,15.89714,-4.754996,5.034413,-6.53201,5.05055,1
5.694277,14.62521,3.888063,-10,-7.239402,-10,0.44,500,-10,500,-10,8.000128,5.485878,15.78834,-4.75875,5.116916,-6.438099,4.877891,1
10.18327,0.4884892,6.456965,-10,10,-10,0.44,500,-10,500,-10,7.821137,5.578948,15.90323,-4.615531,5.375615,-6.676516,4.714388,1
3.567594,-2.509934,9.393641,4.228922,10,-10,0.44,500,-10,500,-10,7.726708,5.685878,16.02132,-4.419734,5.195571,-6.970164,4.992284,1
2.486231,-3.088672,3.970944,10,8.723215,-10,0.44,500,-10,500,-10,7.774816,5.796185,16.11755,-4.364894,5.128228,-7.104737,5.139359,1
-2.094843,11.11319,6.459636,10,-10,-10,0.44,500,-10,500,-10,7.910032,5.894159,16.03547,-4.526821,4.882967,-6.874798,5.316608,1
4.940636,14.60876,9.488994,-3.587698,-10,-10,0.44,500,-10,500,-10,7.974489,6.002567,15.93921,-4.706589,5.078705,-6.615276,5.041117,1
5.325542,14.95066,4.215993,-10,-10,-10,0.44,500,-10,500,-10,7.897239,6.112132,15.84766,-4.77411,5.162366,-6.471891,4.881591,1
10.50641,1.176627,6.528208,-10,10,-10,0.44,500,-10,500,-10,7.78905,6.21269,15.91643,-4.576137,5.42958,-6.726845,4.671359,1
3.067518,-2.825959,8.839958,3.3989,10,-10,0.44,500,-10,500,-10,7.751978,6.321329,16.0064,-4.379444,5.248891,-6.998092,4.926601,1
2.959793,-3.318117,4.162283,10,10,-10,0.44,500,-10,500,-10,7.858388,6.428566,16.09818,-4.291178,5.176423,-7.162401,5.075113,1
-2.388749,10.47259,6.604639,10,-10,-10,0.44,500,-10,500,-10,7.945724,6.53233,16.03321,-4.476858,4.927015,-6.922891,5.27069,1
4.573804,14.12785,8.710083,-3.418903,-10,-10,0.44,500,-10,500,-10,7.949345,6.638184,15.94215,-4.659538,5.12529,-6.664758,4.996963,1
4.76981,15.07441,4.414333,-10,-10,-10,0.44,500,-10,500,-10,7.809483,6.741733,15.84188,-4.730314,5.211319,-6.510899,4.82785,1
10.8436,1.864406,6.547382,-10,10,-10,0.44,500,-10,500,-10,7.743378,6.848113,15.9108,-4.529591,5.476641,-6.76873,4.619637,1
3.127927,-2.647108,8.984311,3.438907,10,-10,0.44,500,-10,500,-10,7.768906,6.959468,16.01524,-4.334461,5.297915,-7.050395,4.884898,1
3.808388,-3.091012,4.787889,10,10,-10,0.44,500,-10,500,-10,7.950312,7.063388,16.14028,-4.256654,5.235416,-7.231812,5.051006,1
-2.829839,9.727848,6.462312,10,-10,-10,0.44,500,-10,500,-10,7.989711,7.173035,16.05855,-4.437671,4.982213,-6.983073,5.236488,1
5.237215,14.6642,9.2879,-3.45891,-10,-10,0.44,500,-10,500,-10,7.910971,7.285488,15.91817,-4.60478,5.165888,-6.699646,4.936495,1
4.304948,15.13818,4.582127,-10,-10,-10,0.44,500,-10,500,-10,7.643899,7.384699,15.72368,-4.643368,5.219091,-6.499908,4.722141,1
11.07263,2.49421,6.383427,-10,10,-10,0.44,500,-10,500,-10,7.642373,7.500878,15.83072,-4.454056,5.497268,-6.777911,4.532657,1
3.09237,-2.633555,8.930567,3.478913,10,-10,0.44,500,-10,500,-10,7.852155,7.617381,16.08594,-4.309895,5.370269,-7.133545,4.871128,1
4.229468,-3.150078,4.942069,10,10,-10,0.44,500,-10,500,-10,8.488382,7.7026,16.63331,-4.354935,5.427863,-7.542054,5.267083,1
-3.217216,8.935104,6.355761,10,-10,-10,0.44,500,-10,500,-10,8.726114,7.83028,16.77259,-4.602211,5.243575,-7.410179,5.566772,1
5.34954,14.77891,9.196802,-3.498917,-10,-10,0.44,500,-10,500,-10,19.93843,7.908565,27.95384,-8.89889,9.482833,-12.37816,10.59218,1
3.97833,15.27523,4.983638,-10,-10,-10,0.44,500,-10,500,-10,21.26178,7.988245,29.37896,-9.439982,10.10462,-13.01791,11.15124,1
11.36579,3.161658,6.297493,-10,10,-10,0.44,500,-10,500,-10,20.40198,8.035082,28.61021,-8.986231,10.10814,-12.83468,10.51073,1
3.286506,-2.505052,9.075094,3.51892,10,-10,0.44,500,-10,500,-10,19.96697,8.148163,28.19992,-8.60619,9.737288,-12.87476,10.54162,1
4.261458,-3.544264,4.667833,10,10,-10,0.44,500,-10,500,-10,19.9342,8.282216,28.05971,-8.444,9.566385,-12.92077,10.59635,1
-3.063307,8.494246,6.74053,10,-10,-10,0.44,500,-10,500,-10,20.23959,8.347556,28.28904,-8.724866,9.440929,-12.82993,10.91182,1
4.969863,14.50572,8.516029,-3.538923,-10,-10,0.44,500,-10,500,-10,20.46568,8.436441,28.51099,-9.027161,9.757823,-12.71154,10.77883,1
3.667892,15.39703,5.45386,-10,-10,-10,0.44,500,-10,500,-10,20.50053,8.541897,28.67523,-9.195442,9.941637,-12.67935,10.73111,1
12.06557,4.23149,6.892185,-10,10,-10,0.44,500,-10,500,-10,20.32176,8.639731,28.56888,-8.929117,10.1401,-12.85755,10.44452,1
3.074191,-2.823197,8.62152,3.558927,10,-10,0.44,500,-10,500,-10,20.20969,8.752924,28.45311,-8.648375,9.876032,-13.04237,10.61267,1
4.940272,-3.303229,5.361211,10,10,-10,0.44,500,-10,500,-10,20.25193,8.870773,28.35623,-8.487527,9.732544,-13.12294,10.67588,1
-3.471385,7.687422,6.374855,10,-10,-10,0.44,500,-10,500,-10,20.39686,8.962174,28.44821,-8.735878,9.543985,-12.9508,10.94065,1
5.485473,15.14319,9.136676,-3.57893,-10,-10,0.44,500,-10,500,-10,20.47519,9.063479,28.55632,-8.999899,9.82293,-12.77636,10.75128,1
3.154196,15.25327,5.555171,-10,-10,-10,0.44,500,-10,500,-10,20.40827,9.167253,28.65732,-9.147185,9.985505,-12.71276,10.6724,1
11.86308,4.768646,6.417847,-10,10,-10,0.44,500,-10,500,-10,20.29507,9.271381,28.59243,-8.89386,10.19789,-12.91232,10.40624,1
3.093189,-3.02199,8.323372,3.598933,10,-10,0.44,500,-10,500,-10,20.25245,9.385372,28.50878,-8.62175,9.942575,-13.11512,10.59225,1
5.173759,-3.359584,5.629103,10,10,-10,0.44,500,-10,500,-10,20.35196,9.498549,28.42465,-8.463965,9.801463,-13.20319,10.66365,1
-3.652581,6.93671,6.284347,10,-10,-10,0.44,500,-10,500,-10,20.4432,9.597281,28.49721,-8.706771,9.608438,-13.02051,10.9168,1
5.029814,14.98144,8.606602,-3.618937,-10,-10,0.44,500,-10,500,-10,20.45632,9.701515,28.59394,-8.970238,9.887262,-12.83719,10.71812,1
2.847653,15.18148,5.725003,-10,-10,-10,0.44,500,-10,500,-10,20.3252,9.801866,28.69756,-9.121822,10.05363,-12.77147,10.63762,1
11.96094,5.253533,6.100406,-10,10,-10,0.44,500,-10,500,-10,20.25087,9.911235,28.6365,-8.867493,10.26578,-12.9752,10.37487,1
3.494075,-2.91011,8.35637,3.63894,10,-10,0.44,500,-10,500,-10,20.26408,10.02774,28.5451,-8.588143,10.0036,-13.17882,10.56132,1
5.348235,-3.356257,5.925469,10,10,-10,0.44,500,-10,500,-10,20.42846,10.13853,28.43696,-8.417593,9.849368,-13.25977,10.62595,1
-3.696656,6.289433,6.054786,10,-10,-10,0.44,500,-10,500,-10,20.46575,10.24256,28.52759,-8.670551,9.667276,-13.0819,10.88313,1
4.513024,14.72387,7.922119,-2.919661,-10,-10,0.44,500,-10,500,-10,20.39455,10.34698,28.67038,-8.945962,9.958072,-12.9248,10.71065,1
2.63421,15.10217,5.882672,-10,-10,-10,0.44,500,-10,500,-10,20.14651,10.43809,28.85448,-9.150091,10.17562,-12.87321,10.64564,1
12.01523,6.026711,6.162444,-10,10,-10,0.44,500,-10,500,-10,20.11257,10.55692,28.7797,-8.887098,10.38051,-13.07425,10.3788,1
3.668437,-2.907118,8.195786,1.910415,10,-10,0.44,500,-10,500,-10,20.22654,10.68175,28.61177,-8.599142,10.11094,-13.22307,10.50923,1
5.805845,-3.015374,6.626981,10,10,-10,0.44,500,-10,500,-10,20.63379,10.79136,28.28842,-8.296335,9.824282,-13.25795,10.52796,1
-3.855113,5.636727,5.967612,10,-9.632219,-10,0.44,500,-10,500,-10,20.45386,10.90765,28.57095,-8.636061,9.739046,-13.15232,10.8473,1
4.39375,14.75891,7.727388,-0.9414392,-10,-10,0.44,500,-10,500,-10,17.42505,10.9763,31.64832,-10.311,11.27052,-14.02726,11.8657,1
2.455477,14.99668,6.037787,-10,-10,-10,0.44,500,-10,500,-10,16.44914,11.00994,32.53035,-10.85976,11.93073,-14.20934,11.93633,1
11.90021,6.4884,5.700068,-10,9.118244,-10,0.44,500,-10,500,-10,13.22453,11.07356,35.65487,-12.0646,13.61426,-15.59344,12.84174,1
3.905774,-2.834266,8.186599,-0.03592896,10,-10,0.44,500,-10,500,-10,13.37183,11.20485,35.4577,-11.79194,13.3808,-15.70273,12.91183,1
5.34837,-3.477451,6.146136,10,10,-10,0.44,500,-10,500,-10,13.44561,11.34578,35.47626,-11.61243,13.22205,-15.89762,13.08595,1
-3.77577,4.99565,5.648592,10,-8.625406,-10,0.44,500,-10,500,-10,13.78861,11.40325,35.2145,-11.71364,12.91231,-15.57951,13.1788,1
4.403783,14.92627,7.805926,0.980695,-10,-10,0.44,500,-10,500,-10,14.11189,11.47497,34.92071,-11.74194,12.92021,-15.30779,12.92747,1
2.267445,14.84384,6.174329,-10,-10,-10,0.44,500,-10,500,-10,14.20328,11.57532,34.71468,-11.83092,13.02398,-15.04809,12.65299,1
12.06091,7.192278,5.82273,-10,8.132883,-10,0.44,500,-10,500,-10,14.04768,11.67476,34.78468,-11.65724,13.27328,-15.27976,12.46168,1
3.906274,-3.010259,7.837249,-1.941591,10,-10,0.44,500,-10,500,-10,13.88845,11.78761,34.91499,-11.55376,13.22846,-15.49123,12.61448,1
5.638327,-3.21506,6.671579,10,10,-10,0.44,500,-10,500,-10,13.90878,11.90898,35.01331,-11.38113,13.07372,-15.74532,12.85069,1
-3.645717,4.566386,5.701362,10,-7.659538,-10,0.44,500,-10,500,-10,14.04293,12.00264,34.95229,-11.54019,12.8489,-15.5357,13.02495,1
4.309505,15.02508,7.799333,2.872719,-10,-10,0.44,500,-10,500,-10,14.17043,12.09721,34.83051,-11.62321,12.89316,-15.35177,12.87979,1
2.35436,14.91739,6.690328,-10,-10,-10,0.44,500,-10,500,-10,14.13126,12.19998,34.72364,-11.7927,13.07778,-15.09373,12.60661,1
11.66104,7.458985,5.276035,-10,7.180848,-10,0.44,500,-10,500,-10,14.02635,12.30249,34.74464,-11.60635,13.29342,-15.29749,12.40837,1
4.159444,-2.959805,7.765384,-3.834156,10,-10,0.44,500,-10,500,-10,13.93666,12.41547,34.8314,-11.50236,13.26956,-15.47336,12.50412,1
5.793868,-3.055119,7.055593,10,10,-10,0.44,500,-10,500,-10,14.01014,12.53223,34.91115,-11.28716,13.07156,-15.75464,12.7682,1
-3.601468,4.08259,5.502388,10,-6.70971,-10,0.44,500,-10,500,-10,14.10826,12.63236,34.8851,-11.45157,12.87444,-15.56864,12.94373,1
4.077787,14.97135,7.604649,4.784171,-10,-10,0.44,500,-10,500,-10,14.17346,12.73179,34.78484,-11.52485,12.88827,-15.4123,12.84683,1
2.280875,14.82114,6.9824,-10,-10,-10,0.44,500,-10,500,-10,14.07367,12.83345,34.68539,-11.73346,13.11186,-15.12129,12.54084,1
11.88675,8.252112,5.575709,-10,6.230128,-10,0.44,500,-10,500,-10,13.9756,12.93646,34.68461,-11.54836,13.30742,-15.30573,12.34463,1
4.052622,-3.216035,7.256642,-5.762884,10,-10,0.44,500,-10,500,-10,13.93043,13.05255,34.77154,-11.46382,13.32487,-15.46231,12.39921,1
5.740468,-3.068226,7.215473,10,10,-10,0.44,500,-10,500,-10,14.0547,13.16888,34.86329,-11.21791,13.0961,-15.78424,12.704,1
-3.704686,3.295749,4.991191,10,-5.767692,-10,0.44,500,-10,500,-10,14.14726,13.27195,34.85438,-11.37892,12.91722,-15.61584,12.8755,1
3.774408,14.85446,7.384471,6.695027,-10,-10,0.44,500,-10,500,-10,14.14308,13.37338,34.72277,-11.42106,12.87901,-15.46464,12.80466,1
2.169749,14.67541,7.215592,-10,-10,-10,0.44,500,-10,500,-10,13.95331,13.46993,34.57007,-11.64562,13.11778,-15.11357,12.43936,1
11.4101,8.560508,5.058031,-10,5.304716,-10,0.44,500,-10,500,-10,13.81682,13.57039,34.52204,-11.45414,13.28493,-15.26525,12.23242,1
4.583401,-2.900642,7.533288,-7.6374,10,-10,0.44,500,-10,500,-10,13.83533,13.69666,34.64603,-11.40167,13.35761,-15.42046,12.26248,1
5.929779,-2.846553,7.71466,10,10,-10,0.44,500,-10,500,-10,14.07742,13.81829,34.82786,-11.15411,13.12797,-15.81868,12.64278,1
-3.194327,2.901107,5.169744,10,-4.859113,-10,0.44,500,-10,500,-10,14.20492,13.92571,34.85876,-11.31909,12.97416,-15.67931,12.8222,1
3.73419,14.98739,7.500103,8.547546,-10,-10,0.44,500,-10,500,-10,13.72807,14.02345,34.27983,-11.21077,12.70625,-15.30792,12.6104,1
2.332866,14.7753,7.735585,-10,-10,-10,0.44,500,-10,500,-10,12.32906,14.0337,32.94704,-11.11557,12.45865,-14.29879,11.75367,1
11.23467,9.070036,4.940137,-10,4.415983,-10,0.44,500,-10,500,-10,11.49441,13.96565,32.20599,-10.64428,12.30197,-14.15606,11.29633,1
4.529918,-3.098121,7.024695,-9.473421,10,-10,0.44,500,-10,500,-10,10.74262,13.90012,31.54102,-10.33125,12.10503,-13.91809,10.94227,1
6.129406,-2.607118,8.231222,10,10,-10,0.44,500,-10,500,-10,10.57096,13.77477,31.29022,-9.905969,11.67903,-14.13557,11.16047,1
-3.116132,2.512352,5.046195,10,-3.994379,-10,0.44,500,-10,500,-10,10.68539,13.67228,31.30917,-10.07455,11.51318,-13.98269,11.34201,1
3.685004,15.05775,7.532378,10,-10,-10,0.44,500,-10,500,-10,11.01326,13.5972,31.56565,-10.24216,11.52094,-14.0276,11.54678,1
2.248495,14.63797,7.849977,-10,-10,-10,0.44,500,-10,500,-10,11.09317,13.49262,31.74255,-10.65905,11.92242,-13.75728,11.29187,1
10.87624,9.27721,4.728825,-10,3.952326,-10,0.44,500,-10,500,-10,11.02571,13.39052,31.7803,-10.52894,12.09146,-13.91868,11.15411,1
4.914994,-2.833753,7.227492,-10,10,-10,0.44,500,-10,500,-10,10.82517,13.28853,31.64063,-10.42186,12.10554,-13.91003,11.02431,1
5.920402,-2.730244,8.207186,10,10,-10,0.44,500,-10,500,-10,10.82833,13.17249,31.53623,-10.04654,11.71313,-14.19884,11.33021,1
-3.018478,1.985228,5.000397,10,-3.972329,-10,0.44,500,-10,500,-10,10.91511,13.06779,31.51723,-10.19879,11.53531,-14.03085,11.49229,1
3.013843,14.53961,6.8287,10,-10,-10,0.44,500,-10,500,-10,11.06913,12.97202,31.6336,-10.31319,11.49988,-14.01287,11.62414,1
2.367096,14.66725,8.13798,-10,-10,-10,0.44,500,-10,500,-10,11.03579,12.865,31.73235,-10.70431,11.87522,-13.70358,11.33062,1
10.96864,10.06082,4.996459,-10,3.992332,-10,0.44,500,-10,500,-10,10.94643,12.76237,31.76171,-10.57154,12.04243,-13.86066,11.18773,1
5.103292,-2.790286,7.199966,-10,10,-10,0.44,500,-10,500,-10,10.83055,12.6549,31.6691,-10.48002,12.07036,-13.87546,11.08308,1
6.001596,-2.565469,8.546133,10,10,-10,0.44,500,-10,500,-10,10.88815,12.53236,31.58631,-10.11105,11.68334,-14.17582,11.40149,1
-2.945659,1.375483,4.591517,10,-4.012336,-10,0.44,500,-10,500,-10,10.98342,12.42395,31.56526,-10.26269,11.50347,-14.00674,11.56393,1
2.939248,14.61824,6.978612,10,-10,-10,0.44,500,-10,500,-10,11.06716,12.32304,31.66502,-10.37412,11.4652,-13.97797,11.68485,1
2.095098,14.31518,7.843523,-10,-10,-10,0.44,500,-10,500,-10,10.97106,12.21766,31.76215,-10.768,11.84355,-13.66458,11.38698,1
10.87659,10.4304,5.115343,-10,4.032339,-10,0.44,500,-10,500,-10,10.85997,12.11581,31.79936,-10.63922,12.01576,-13.82419,11.24561,1
5.166126,-2.880195,6.989335,-10,10,-10,0.44,500,-10,500,-10,10.80312,12.00203,31.70543,-10.54471,12.03887,-13.84086,11.14466,1
5.541864,-2.87903,8.172821,10,10,-10,0.44,500,-10,500,-10,10.92851,11.88669,31.6074,-10.16506,11.64223,-14.13929,11.46008,1
-2.203931,1.781994,5.357744,10,-4.052342,-10,0.44,500,-10,500,-10,11.04726,11.78124,31.5747,-10.31077,11.45597,-13.96649,11.61925,1
2.621428,14.46768,6.782526,10,-10,-10,0.44,500,-10,500,-10,11.04842,11.67607,31.71125,-10.44199,11.43776,-13.94841,11.7506,1
2.400324,14.48084,8.257653,-10,-10,-10,0.44,500,-10,500,-10,10.84971,11.57483,31.87275,-10.86805,11.8489,-13.65617,11.47328,1
10.74291,10.62934,4.839958,-10,4.072346,-10,0.44,500,-10,500,-10,10.67408,11.47622,31.96416,-10.76468,12.0479,-13.83527,11.35001,1
5.295936,-2.89244,6.902952,-10,10,-10,0.44,500,-10,500,-10,10.70704,11.35022,31.81667,-10.64425,12.04239,-13.8335,11.23332,1
5.649902,-2.661677,8.523652,10,10,-10,0.44,500,-10,500,-10,11.0041,11.23026,31.57839,-10.19711,11.57758,-14.0832,11.50069,1
-2.512737,1.040275,4.749537,10,-4.092349,-10,0.44,500,-10,500,-10,11.27039,11.12189,31.40657,-10.27574,11.3264,-13.8622,11.6095,1
2.530395,14.50837,6.869148,10,-10,-10,0.44,500,-10,500,-10,10.20537,11.00896,32.57539,-10.95418,11.85167,-14.15224,12.0527,1
4.403589,14.50151,9.118111,-10,-10,-10,0.44,10,-500,10,-500,108.2817,11.01935,-65.5706,35.03481,-33.98617,21.18146,-23.43214,1
10.71954,11.05406,5.97473,-10,4.112352,-10,0.44,10,-500,10,-500,97.57996,10.96504,-54.96949,30.11425,-28.90543,17.31806,-19.72892,1
4.979422,-2.662701,4.330839,-10,10,-10,0.44,10,-500,10,-500,91.68555,10.8434,-49.17515,27.4181,-26.09462,15.21308,-17.7386,1
2.802783,-2.473471,9.126092,10,10,-10,0.44,10,-500,10,-500,91.89342,10.70439,-49.3138,27.83135,-26.52835,14.91471,-17.41975,1
-2.392355,0.897779,5.824877,10,-4.132356,-10,0.44,10,-500,10,-500,92.11719,10.60969,-49.44686,27.74612,-26.77531,15.1102,-17.28305,1
2.829887,14.70232,4.411462,10,-10,-10,0.44,10,-500,10,-500,92.53455,10.56338,-49.79018,27.85858,-27.02673,15.2822,-17.3161,1
5.630972,14.68971,8.832226,-10,-10,-10,0.44,10,-500,10,-500,92.68671,10.47316,-50.03779,27.62271,-26.80415,15.72324,-17.74385,1
10.2653,11.62175,5.535078,-10,4.152359,-10,0.44,10,-500,10,-500,92.64052,10.3743,-50.09747,27.79689,-26.67419,15.59852,-17.92326,1
5.973576,-2.339826,4.087667,-10,10,-10,0.44,10,-500,10,-500,92.42117,10.26563,-49.94842,27.78054,-26.54218,15.49136,-17.93177,1
2.314662,-2.778457,8.705275,10,10,-10,0.44,10,-500,10,-500,92.41841,10.14309,-49.84684,28.06971,-26.84939,15.11803,-17.54039,1
-2.268501,-0.1152678,5.240111,10,-4.172362,-10,0.44,10,-500,10,-500,92.51062,10.03793,-49.83925,27.90447,-27.01879,15.27698,-17.3647,1
1.485304,14.00635,3.960033,10,-10,-10,0.44,10,-500,10,-500,92.68554,9.950791,-49.97263,27.89761,-27.15599,15.39436,-17.33801,1
6.034079,14.80825,8.790884,-10,-10,-10,0.44,10,-500,10,-500,92.6684,9.849569,-50.08449,27.59509,-26.86839,15.78956,-17.7183,1
9.667498,12.21623,4.858684,-10,4.192366,-10,0.44,10,-500,10,-500,92.58465,9.748677,-50.11944,27.75719,-26.72576,15.65642,-17.88989,1
7.165114,-1.857475,4.022051,-10,10,-10,0.44,10,-500,10,-500,92.45802,9.63714,-50.02925,27.76983,-26.62405,15.56905,-17.91687,1
2.292679,-2.668403,8.492592,10,10,-10,0.44,10,-500,10,-500,92.51516,9.518416,-49.95181,28.07266,-26.94437,15.20205,-17.53238,1
-1.353915,-0.9428314,5.341642,10,-4.212369,-10,0.44,10,-500,10,-500,92.61143,9.412834,-49.9372,27.90427,-27.11158,15.35834,-17.35308,1
0.4510307,13.60928,4.137324,10,-10,-10,0.44,10,-500,10,-500,92.70814,9.316986,-50.04055,27.88034,-27.2321,15.4679,-17.31819,1
6.290785,14.7457,8.377139,-9.577621,-10,-10,0.44,10,-500,10,-500,92.63124,9.214954,-50.13868,27.57589,-26.94267,15.85367,-17.68892,1
9.075578,13.34741,4.813309,-10,1.875322,-10,0.44,10,-500,10,-500,92.52193,9.115517,-50.18755,27.70913,-26.82315,15.76091,-17.84893,1
8.52782,-1.2088,3.99207,-10,10,-10,0.44,10,-500,10,-500,92.44875,9.000395,-50.10699,27.75461,-26.70263,15.64869,-17.90271,1
1.904995,-2.76917,7.968994,8.281749,10,-10,0.44,10,-500,10,-500,92.52713,8.881099,-50.02315,28.02671,-26.9923,15.30711,-17.54356,1
-0.5501928,-2.09491,4.971622,10,1.943508,-10,0.44,10,-500,10,-500,92.65582,8.772797,-49.96774,27.94161,-27.10458,15.34631,-17.38538,1
-1.129647,12.60412,3.985129,10,-10,-10,0.44,10,-500,10,-500,92.68415,8.673231,-50.08142,27.8485,-27.29509,15.53361,-17.28906,1
6.278935,14.62383,7.56106,-6.847277,-10,-10,0.44,10,-500,10,-500,92.56931,8.573903,-50.2219,27.60611,-27.06734,15.8924,-17.63322,1
7.929746,14.25045,4.927134,-10,-6.288611,-10,0.44,10,-500,10,-500,92.35541,8.48703,-50.37096,27.64357,-27.02181,15.97845,-17.80225,1
10.45575,0.3876584,4.452342,-10,10,-10,0.44,10,-500,10,-500,92.31705,8.365013,-50.29733,27.77981,-26.82022,15.78119,-17.94283,1
2.196342,-2.631728,7.743226,5.25191,10,-10,0.44,10,-500,10,-500,92.41978,8.23677,-50.16867,27.98189,-27.0424,15.47252,-17.61405,1
0.4018151,-3.35607,4.767141,10,10,-10,0.44,10,-500,10,-500,92.74082,8.120426,-49.9341,27.97514,-27.0528,15.2849,-17.40929,1
-2.693608,10.59199,3.935782,10,-10,-10,0.44,10,-500,10,-500,92.53476,8.013753,-50.24735,27.86086,-27.40328,15.65874,-17.31836,1
6.287209,14.78904,6.637199,-4.305717,-10,-10,0.44,10,-500,10,-500,91.63364,7.948301,-51.18535,28.04004,-27.41219,16.25676,-18.08666,1
6.865198,14.93317,5.3643,-10,-10,-10,0.44,10,-500,10,-500,90.49638,8.021381,-52.22751,28.29788,-27.62836,16.86246,-18.73401,1
11.76822,2.875577,4.723207,-10,10,-10,0.44,10,-500,10,-500,89.70036,8.049139,-52.93475,28.72631,-27.60233,17.02003,-19.34605,1
2.033657,-3.097787,6.172108,4.325722,10,-10,0.44,10,-500,10,-500,89.21349,8.14691,-53.40341,29.14245,-28.00406,16.99223,-19.33265,1
1.932894,-3.423799,5.657429,10,10,-10,0.44,10,-500,10,-500,89.13237,8.274855,-53.59436,29.30524,-28.18347,16.98765,-19.31146,1
-3.685401,7.954757,4.373344,10,-10,-10,0.44,10,-500,10,-500,89.437,8.346769,-53.36673,29.0256,-28.30902,17.07868,-18.99731,1
5.924592,15.05282,5.599511,-4.345724,-10,-10,0.44,10,-500,10,-500,89.64567,8.444013,-53.16003,28.7152,-27.98343,17.21781,-19.15163,1
5.40484,15.13971,5.728897,-10,-10,-10,0.44,10,-500,10,-500,89.66848,8.555042,-53.00948,28.56605,-27.81792,17.24221,-19.19238,1
12.10592,5.44698,4.409273,-10,9.478516,-10,0.44,10,-500,10,-500,89.49155,8.649769,-53.11447,28.82582,-27.6251,17.06944,-19.4722,1
3.065126,-3.244877,4.951418,-0.4706199,10,-10,0.44,10,-500,10,-500,89.35524,8.758298,-53.23737,29.04508,-27.81663,16.95201,-19.3825,1
2.584873,-3.785939,6.410225,10,10,-10,0.44,10,-500,10,-500,89.3863,8.874161,-53.33762,29.27513,-28.02962,16.80503,-19.25258,1
-4.04908,4.337631,4.50526,10,-6.606153,-10,0.44,10,-500,10,-500,89.49741,8.973745,-53.31113,29.09081,-28.20457,16.9674,-19.05568,1
4.007411,14.98439,4.176411,7.196669,-10,-10,0.44,10,-500,10,-500,89.62903,9.07361,-53.20197,28.97447,-28.14995,16.99329,-19.01985,1
5.021637,15.1506,6.845867,-10,-10,-10,0.44,10,-500,10,-500,89.58188,9.181977,-53.10686,28.64767,-27.80718,17.24128,-19.28381,1
11.76764,9.732832,4.59942,-10,4.399066,-10,0.44,10,-500,10,-500,89.49027,9.284851,-53.08066,28.80132,-27.62143,17.06592,-19.44785,1
5.440989,-2.775646,3.773551,-10,10,-10,0.44,10,-500,10,-500,89.37956,9.39184,-53.1731,28.9043,-27.58252,17.03955,-19.56337,1
2.870293,-3.243591,7.635819,10,10,-10,0.44,10,-500,10,-500,89.45146,9.505198,-53.25704,29.29192,-27.95345,16.72147,-19.26199,1
-2.411676,0.6709277,4.621542,10,-4.419069,-10,0.44,10,-500,10,-500,89.55118,9.609604,-53.27876,29.15191,-28.12275,16.87947,-19.11068,1
0.9440639,13.99366,3.662788,10,-10,-10,0.44,10,-500,10,-500,89.63112,9.713137,-53.18099,29.06072,-28.14199,16.88966,-19.01043,1
5.739219,14.96236,7.531258,-10,-10,-10,0.44,10,-500,10,-500,89.52908,9.820563,-53.085,28.68266,-27.7481,17.18818,-19.32478,1
9.596279,13.34098,4.462439,-10,0.4277086,-10,0.44,10,-500,10,-500,89.40806,9.921289,-53.02921,28.77752,-27.5933,17.0471,-19.43336,1
9.024019,-1.116537,3.384367,-10,10,-10,0.44,10,-500,10,-500,89.35286,10.03367,-53.118,28.92723,-27.5109,16.97095,-19.58932,1
2.225715,-2.881308,7.482965,6.758385,10,-10,0.44,10,-500,10,-500,89.42633,10.14978,-53.21787,29.26657,-27.83314,16.71437,-19.34984,1
0.5243067,-2.362629,5.091051,10,9.71405,-10,0.44,10,-500,10,-500,89.61253,10.25583,-53.34328,29.38885,-27.94623,16.69601,-19.34066,1
-2.540859,10.82144,3.869861,10,-10,-10,0.44,10,-500,10,-500,89.63641,10.36426,-53.24445,29.13527,-28.12062,16.86769,-19.08438,1
6.25863,15.19143,6.522123,-4.472412,-10,-10,0.44,10,-500,10,-500,89.53416,10.47333,-53.08661,28.82578,-27.79506,17.04639,-19.27916,1
6.425331,15.07471,5.193699,-10,-10,-10,0.44,10,-500,10,-500,89.23738,10.56583,-52.86322,28.62914,-27.58479,17.05794,-19.30433,1
11.97145,3.829401,4.007411,-10,10,-10,0.44,10,-500,10,-500,89.23308,10.68671,-52.96565,28.90543,-27.3929,16.86652,-19.5811,1
2.715528,-3.132427,5.648551,3.32165,10,-10,0.44,10,-500,10,-500,89.44786,10.80997,-53.22327,29.26015,-27.72947,16.72525,-19.45798,1
2.643572,-3.715609,6.363769,10,10,-10,0.44,10,-500,10,-500,90.25351,10.90214,-53.93878,29.66259,-28.23854,16.91568,-19.54177,1
-3.994943,5.199472,4.527026,10,-7.470829,-10,0.44,10,-500,10,-500,91.48329,10.98923,-55.07151,29.9819,-29.03036,17.53494,-19.68853,1
3.859818,14.85881,3.945567,7.214047,-10,-10,0.44,10,-500,10,-500,83.25328,11.05525,-46.75472,26.07914,-25.0209,14.5465,-16.80679,1
5.307411,15.58887,7.250686,-10,-10,-10,0.44,10,-500,10,-500,83.78493,11.12931,-47.36766,26.05968,-24.98283,15.07383,-17.35273,1
11.40905,9.972755,3.978825,-10,4.525755,-10,0.44,10,-500,10,-500,83.63397,11.22334,-47.31241,26.20937,-24.77026,14.87837,-17.51952,1
5.913772,-2.864792,3.170463,-10,10,-10,0.44,10,-500,10,-500,83.05659,11.29766,-46.82117,26.05485,-24.45232,14.62585,-17.43043,1
2.578801,-3.119554,7.747153,10,10,-10,0.44,10,-500,10,-500,82.91467,11.41855,-46.59459,26.30227,-24.68193,14.19069,-17.01307,1
-1.594519,-0.9935578,4.30119,10,-1.846306,-10,0.44,10,-500,10,-500,82.9914,11.52573,-46.57151,26.17157,-24.8022,14.30227,-16.87368,1
-0.6776415,13.20839,3.618958,10,-10,-10,0.44,10,-500,10,-500,83.2735,11.60683,-46.78462,26.19001,-24.99231,14.46041,-16.86015,1
5.916064,14.82352,7.133508,-6.666725,-10,-10,0.44,10,-500,10,-500,83.38777,11.71306,-46.94059,25.98523,-24.77188,14.79442,-17.20981,1
7.647213,14.58909,4.698557,-10,-10,-10,0.44,10,-500,10,-500,83.37998,11.82554,-47.0661,25.98834,-24.75842,14.89531,-17.32727,1
11.06028,1.672043,3.64186,-10,10,-10,0.44,10,-500,10,-500,83.2119,11.91966,-46.96019,26.16705,-24.47289,14.62883,-17.52503,1
1.864515,-3.440629,5.851013,4.579097,10,-10,0.44,10,-500,10,-500,83.1196,12.02745,-46.84845,26.37163,-24.66159,14.33168,-17.24376,1
2.397772,-3.490501,6.025725,10,10,-10,0.44,10,-500,10,-500,83.17125,12.13868,-46.74898,26.43381,-24.70738,14.18707,-17.11554,1
-3.931415,6.749486,4.647363,10,-9.215459,-10,0.44,10,-500,10,-500,83.29637,12.23705,-46.8169,26.25993,-24.95172,14.41723,-16.92748,1
4.726663,15.18032,4.629727,4.457702,-10,-10,0.44,10,-500,10,-500,83.39763,12.34436,-46.91257,26.21003,-24.90369,14.5464,-17.05479,1
5.104731,15.52434,6.98824,-10,-10,-10,0.44,10,-500,10,-500,83.331,12.4567,-46.99934,26.00439,-24.68149,14.82393,-17.34888,1
11.87641,9.758639,4.224943,-10,4.612435,-10,0.44,10,-500,10,-500,83.23558,12.56056,-47.02054,26.17995,-24.51269,14.66595,-17.53524,1
6.334545,-2.398493,4.108974,-10,10,-10,0.44,10,-500,10,-500,83.13726,12.6646,-46.92534,26.20326,-24.39936,14.56376,-17.5697,1
2.628866,-3.144191,8.014809,10,10,-10,0.44,10,-500,10,-500,83.22188,12.77413,-46.83575,26.51943,-24.6994,14.17335,-17.19543,1
-1.497362,-1.464208,4.306259,10,0.1536736,-10,0.44,10,-500,10,-500,83.33226,12.87638,-46.78427,26.40103,-24.78765,14.2491,-17.06451,1
-1.24823,12.80685,3.539882,10,-10,-10,0.44,10,-500,10,-500,83.40392,12.9853,-46.86944,26.33407,-24.9333,14.38663,-16.98944,1
6.202731,15.00449,7.110586,-5.61214,-10,-10,0.44,10,-500,10,-500,83.37342,13.09994,-46.96044,26.11275,-24.69509,14.68335,-17.30305,1
7.104155,15.06135,5.103883,-10,-10,-10,0.44,10,-500,10,-500,83.21605,13.20776,-47.06764,26.0815,-24.64795,14.80342,-17.43901,1
11.62699,2.825926,3.606321,-10,10,-10,0.44,10,-500,10,-500,83.17178,13.31349,-46.98011,26.2757,-24.37621,14.5367,-17.63823,1
2.351909,-7.689306,2.00673,2.630119,10,-10,0.44,10,-500,10,-500,83.22377,13.42154,-46.85311,26.44897,-24.53356,14.25819,-17.37564,1
2.925278,-9.699999,1.618088,10,10,-10,0.44,10,-500,10,-500,83.44418,13.51909,-46.69291,26.52772,-24.59794,14.0467,-17.17852,1
-3.682586,-1.722542,-0.2083286,10,-6.184387,-10,0.44,10,-500,10,-500,83.57346,13.62125,-46.65554,26.34486,-24.76448,14.1986,-16.98102,1
3.2915,8.775603,-1.2217,10,-10,-10,0.44,10,-500,10,-500,83.55299,13.74736,-46.79182,26.36649,-24.85346,14.28989,-17.00496,1
5.281911,9.095343,2.726585,-10,-10,-10,0.44,10,-500,10,-500,83.28375,13.86852,-47.00039,26.10614,-24.57526,14.72306,-17.45598,1
10.12243,6.11767,-1.179093,-10,4.285457,-10,0.44,10,-500,10,-500,83.07049,13.97736,-47.11928,26.30978,-24.44596,14.61793,-17.68379,1
8.49262,-7.642758,-1.432396,-10,10,-10,0.44,10,-500,10,-500,83.7524,14.084,-46.33171,26.11408,-24.10108,14.16106,-17.3761,1
1.939526,-9.191845,2.480931,6.732289,10,-10,0.44,10,-500,10,-500,85.6617,14.05394,-44.43221,25.72967,-23.82603,12.97157,-16.07725,1
0.4615591,-9.204632,-0.4678173,10,10,-10,0.44,10,-500,10,-500,85.69994,13.91323,-44.49481,25.8115,-23.91165,12.94161,-16.0435,1
-3.633567,3.267083,-1.023904,10,-10,-10,0.44,10,-500,10,-500,86.26038,13.86576,-44.02029,25.36236,-24.03111,12.99757,-15.53085,1
5.854553,8.949338,0.7105834,-3.50245,-10,-10,0.44,10,-500,10,-500,86.62847,13.76795,-43.67055,24.99483,-23.6909,13.0753,-15.58127,1
5.007079,9.274245,1.239864,-10,-10,-10,0.44,10,-500,10,-500,86.70042,13.64593,-43.48658,24.8031,-23.51714,13.11459,-15.60259,1
12.18676,1.801934,-0.7212135,-10,6.216764,-10,0.44,10,-500,10,-500,86.55659,13.54958,-43.54,24.99258,-23.35564,12.96938,-15.80837,1
4.539003,-9.222219,-1.028691,-10,10,-10,0.44,10,-500,10,-500,86.30037,13.45979,-43.72995,25.09274,-23.38383,13.02661,-15.93756,1
2.779253,-9.323083,2.928334,10,10,-10,0.44,10,-500,10,-500,86.27041,13.34957,-43.86614,25.47977,-23.7871,12.75242,-15.64714,1
-1.922507,-6.898063,-0.6964381,10,-2.000509,-10,0.44,10,-500,10,-500,86.33998,13.24515,-43.90724,25.35794,-23.95088,12.90832,-15.51741,1
-0.7736856,7.282261,-1.327625,10,-10,-10,0.44,10,-500,10,-500,86.51334,13.1457,-43.78711,25.22059,-24.00833,12.94612,-15.36043,1
6.552997,9.054198,2.747063,-5.761103,-10,-10,0.44,10,-500,10,-500,86.57214,13.03191,-43.68948,24.90682,-23.71131,13.17899,-15.57654,1
6.958221,9.231302,0.2618025,-10,-10,-10,0.44,10,-500,10,-500,86.51015,12.91708,-43.59928,24.78533,-23.60674,13.22575,-15.60638,1
12.08483,-2.377479,-0.7313513,-10,10,-10,0.44,10,-500,10,-500,86.38405,12.82246,-43.6853,25.03204,-23.41702,13.05031,-15.86738,1
2.771303,-9.096823,0.799946,-1.282334,10,-10,0.44,10,-500,10,-500,86.30509,12.7185,-43.78315,25.20883,-23.60912,12.9546,-15.75635,1
3.190471,-9.710114,2.194378,10,10,-10,0.44,10,-500,10,-500,86.38315,12.61155,-43.87585,25.43583,-23.85188,12.80442,-15.59042,1
-4.025691,-3.921756,-0.7856327,10,-4.812469,-10,0.44,10,-500,10,-500,86.48015,12.50923,-43.90314,25.27831,-24.04299,12.98454,-15.42191,1
1.787363,8.294791,-1.560591,10,-10,-10,0.44,10,-500,10,-500,86.57311,12.39894,-43.81512,25.18058,-24.07832,13.00934,-15.31364,1
5.815772,8.871748,3.329807,-9.740364,-10,-10,0.44,10,-500,10,-500,86.48775,12.28393,-43.73204,24.79684,-23.71153,13.32424,-15.6116,1
8.993013,8.309833,0.06871268,-10,-6.401487,-10,0.44,10,-500,10,-500,86.36432,12.17825,-43.65353,24.78564,-23.63485,13.27039,-15.62321,1
10.43662,-5.692956,-1.239496,-10,10,-10,0.44,10,-500,10,-500,86.29859,12.0733,-43.73606,24.99305,-23.48838,13.13137,-15.83807,1
1.118205,-9.402714,1.357673,4.845808,10,-10,0.44,10,-500,10,-500,86.32331,11.96313,-43.83761,25.2811,-23.79267,12.92745,-15.61793,1
2.747432,-9.672342,1.180272,10,10,-10,0.44,10,-500,10,-500,86.49422,11.86035,-43.95713,25.42046,-23.94717,12.88713,-15.56246,1
-4.585154,-0.6617146,-0.8049725,10,-7.898849,-10,0.44,10,-500,10,-500,86.57346,11.75426,-43.92854,25.20376,-24.14915,13.08013,-15.33678,1
4.549541,9.314169,-0.4302609,10,-10,-10,0.44,10,-500,10,-500,86.58473,11.63778,-43.80921,25.12273,-24.1326,13.0623,-15.25447,1
5.074703,8.987505,2.998497,-10,-10,-10,0.44,10,-500,10,-500,86.39145,11.52396,-43.66417,24.70287,-23.72951,13.36197,-15.53737,1
10.30656,6.368052,-0.6186451,-10,3.269817,-10,0.44,10,-500,10,-500,86.22653,11.42009,-43.58769,24.8036,-23.54672,13.19787,-15.65679,1
8.955188,-7.366833,-0.8817757,-10,10,-10,0.44,10,-500,10,-500,86.32309,11.30684,-43.80035,24.96461,-23.57286,13.21307,-15.80686,1
1.674559,-8.796082,2.950918,5.796379,10,-10,0.44,10,-500,10,-500,86.65707,11.20537,-44.15596,25.40853,-23.9992,13.0638,-15.67518,1
1.523514,-9.487442,0.1978567,10,10,-10,0.44,10,-500,10,-500,87.43777,11.15746,-44.84871,25.88734,-24.32596,13.159,-15.92242,1
-4.130495,1.857112,-0.638784,10,-10,-10,0.44,10,-500,10,-500,88.1157,11.04687,-45.43139,25.94407,-24.82886,13.58508,-15.90233,1
5.694103,9.307526,0.3572563,4.182668,-10,-10,0.44,10,-500,10,-500,99.46299,11.04686,-56.70917,31.05898,-29.98323,17.8148,-20.0926,1
5.058773,9.522292,2.998423,-10,-10,-10,0.44,10,-500,10,-500,102.8182,11.18553,-60.14948,32.40992,-31.38028,19.31447,-21.54615,1
11.37714,4.602725,-0.4508723,-10,4.925821,-10,0.44,10,-500,10,-500,102.5648,11.27919,-59.98936,32.52621,-31.10261,19.06552,-21.69115,1
7.069944,-8.388681,-1.228466,-10,10,-10,0.44,10,-500,10,-500,102.0538,11.34131,-59.5601,32.41209,-30.80313,18.82394,-21.63495,1
2.37379,-8.482318,3.887929,7.818095,10,-10,0.44,10,-500,10,-500,101.8587,11.45176,-59.3173,32.61188,-30.98664,18.42298,-21.25025,1
0.5929598,-9.209085,-0.3475454,10,10,-10,0.44,10,-500,10,-500,101.8233,11.57363,-59.16406,32.59251,-30.94932,18.31538,-21.16061,1
-3.28695,3.883007,-0.1423577,10,-10,-10,0.44,10,-500,10,-500,102.0578,11.65537,-59.32834,32.45468,-31.24983,18.58932,-20.99622,1
6.208254,9.015024,1.053998,-0.7663565,-10,-10,0.44,10,-500,10,-500,102.2248,11.75653,-59.48354,32.35263,-31.13287,18.81997,-21.24176,1
4.638287,9.363877,2.04754,-10,-10,-10,0.44,10,-500,10,-500,102.2176,11.86809,-59.60521,32.25368,-31.01749,19.01974,-21.45797,1
12.09575,3.377712,-0.1447374,-10,4.972495,-10,0.44,10,-500,10,-500,102.1334,11.97101,-59.6259,32.43364,-30.84513,18.85691,-21.64747,1
5.584343,-9.048435,-1.287516,-10,10,-10,0.44,10,-500,10,-500,101.9699,12.07194,-59.50891,32.43995,-30.72336,18.75367,-21.6723,1
2.666112,-8.553017,4.198798,9.207148,10,-10,0.44,10,-500,10,-500,101.9863,12.18457,-59.41378,32.7367,-31.00352,18.3781,-21.31332,1
0.1120836,-8.648649,-0.1308728,10,9.747119,-10,0.44,10,-500,10,-500,102.0541,12.29384,-59.32011,32.72043,-30.97684,18.31676,-21.26238,1
-5.927399,4.694017,-0.7549134,10,-10,-10,0.44,10,-500,10,-500,102.1722,12.3937,-59.3989,32.54478,-31.23116,18.55769,-21.07335,0.2500417
2.669832,8.875363,1.708215,-4.109172,-10,-10,0.44,10,-500,10,-500,102.2151,12.50303,-59.48874,32.35232,-31.0226,18.82459,-21.35635,0
1.290112,10.08366,2.646603,-10,-10,-10,0.44,10,-500,10,-500,102.1196,12.61157,-59.57868,32.2919,-30.94618,18.95953,-21.50729,0
8.21143,2.215348,-0.3806703,-10,5.593076,-10,0.44,10,-500,10,-500,102.0211,12.71419,-59.59259,32.47521,-30.76324,18.78775,-21.70176,0
0.941839,-9.056017,-0.8067595,-10,10,-10,0.44,10,-500,10,-500,101.9366,12.82381,-59.5025,32.49079,-30.66344,18.69752,-21.72692,0
-1.4247,-8.795719,4.003003,10,10,-10,0.44,10,-500,10,-500,102.0367,12.9373,-59.41518,32.80907,-30.965,18.30689,-21.353,0
-4.344738,-8.189173,0.1114536,10,7.162048,-10,0.44,10,-500,10,-500,102.171,13.04054,-59.32623,32.75549,-30.96011,18.28677,-21.28419,0
-6.541477,5.33927,-1.007133,10,-10,-10,0.44,10,-500,10,-500,102.2313,13.1484,-59.40699,32.60707,-31.18227,18.50211,-21.12894,0
3.057978,8.89411,2.26028,-5.052509,-10,-10,0.44,10,-500,10,-500,102.1973,13.26134,-59.50993,32.39989,-30.95845,18.79458,-21.43806,0
1.105704,9.752067,2.19907,-10,-10,-10,0.44,10,-500,10,-500,102.014,13.36622,-59.63544,32.36502,-30.90813,18.93345,-21.59238,0
8.596554,1.959107,0.01869883,-10,6.236717,-10,0.44,10,-500,10,-500,101.9029,13.4694,-59.65337,32.55656,-30.71885,18.75676,-21.79651,0
0.5902986,-9.064143,-0.5784695,-10,10,-10,0.44,10,-500,10,-500,101.908,13.58714,-59.52254,32.5537,-30.61389,18.65122,-21.79307,0
-1.245404,-8.729423,4.166101,10,10,-10,0.44,10,-500,10,-500,102.1307,13.70065,-59.35331,32.84499,-30.88847,18.2197,-21.37827,0
-4.611038,-8.195518,-0.03160816,10,6.002574,-10,0.44,10,-500,10,-500,102.4351,13.79332,-59.13018,32.73161,-30.85145,18.1482,-21.2304,0
-5.777372,6.199049,-0.3003093,10,-10,-10,0.44,10,-500,10,-500,102.3911,13.91641,-59.28071,32.62037,-31.08244,18.38416,-21.12414,0
3.206912,8.850522,2.471776,-5.099183,-10,-10,0.44,10,-500,10,-500,102.0098,14.03684,-59.69338,32.51759,-30.96993,18.82888,-21.57859,0
0.9263551,9.533462,1.931833,-10,-10,-10,0.44,10,-500,10,-500,100.0148,14.08625,-61.59279,33.0653,-31.70943,19.855,-22.41292,0
8.599142,1.752404,0.001325458,-10,6.428912,-10,0.44,10,-500,10,-500,98.83597,14.00948,-62.67485,33.65205,-31.94257,20.16484,-23.07635,0
0.4803819,-9.043756,-0.4680768,-10,10,-10,0.44,10,-500,10,-500,98.2863,13.88829,-63.1286,33.87574,-32.03257,20.31712,-23.36234,0
-1.349868,-8.784073,4.156316,10,10,-10,0.44,10,-500,10,-500,98.30788,13.74811,-63.1849,34.23815,-32.4001,20.00135,-23.04145,0
-4.65924,-8.277117,-0.1610624,10,6.126462,-10,0.44,10,-500,10,-500,98.39384,13.61968,-63.19981,34.19821,-32.46215,20.05366,-22.99176,0
-6.096549,5.911729,-0.6612276,10,-10,-10,0.44,10,-500,10,-500,98.6954,13.56857,-62.96558,33.90128,-32.59917,20.15651,-22.66066,0
3.117406,8.674856,2.309663,-5.145857,-10,-10,0.44,10,-500,10,-500,98.89537,13.48969,-62.75511,33.54802,-32.28508,20.33537,-22.80035,0
0.9150319,9.573102,2.12636,-10,-10,-10,0.44,10,-500,10,-500,98.92758,13.39526,-62.58638,33.39036,-32.14133,20.35322,-22.80429,0
8.410737,1.789024,-0.1103438,-10,6.243171,-10,0.44,10,-500,10,-500,98.83844,13.29476,-62.5746,33.55592,-31.95592,20.1779,-22.97995,0
0.295504,-9.261805,-0.8245363,-10,10,-10,0.44,10,-500,10,-500,98.66916,13.17986,-62.68153,33.62446,-31.95679,20.19796,-23.06767,0
-1.137034,-8.446239,4.649441,10,10,-10,0.44,10,-500,10,-500,98.70113,13.05561,-62.76154,33.9907,-32.34133,19.89802,-22.74943,0
-4.198228,-8.098513,0.2488457,10,7.299268,-10,0.44,10,-500,10,-500,98.77142,12.93752,-62.82803,33.98312,-32.41197,19.96069,-22.73389,0
-6.35311,5.563109,-0.6654934,10,-10,-10,0.44,10,-500,10,-500,98.90474,12.84996,-62.72802,33.74802,-32.57932,20.11293,-22.48367,0
3.272786,8.810131,2.406346,-5.192533,-10,-10,0.44,10,-500,10,-500,98.95607,12.7523,-62.62295,33.4416,-32.28728,20.33228,-22.68864,0
0.6486124,9.457146,2.225117,-10,-10,-10,0.44,10,-500,10,-500,98.87246,12.65476,-62.51989,33.30515,-32.16521,20.38334,-22.72533,0
8.528227,2.400337,0.2941256,-10,5.771792,-10,0.44,10,-500,10,-500,98.77628,12.55429,-62.49641,33.46015,-31.97985,20.20888,-22.89122,0
0.7339095,-9.055188,-0.6798283,-10,10,-10,0.44,10,-500,10,-500,98.67923,12.43588,-62.57305,33.52529,-31.96722,20.20724,-22.96736,0
-1.555301,-8.619588,4.266687,9.721632,10,-10,0.44,10,-500,10,-500,98.76105,12.31313,-62.64344,33.88574,-32.34575,19.90512,-22.64716,0
-4.15886,-8.709442,-0.07909802,10,9.256101,-10,0.44,10,-500,10,-500,98.88385,12.19834,-62.7242,33.91406,-32.40773,19.94372,-22.65209,0
-6.235806,5.510181,0.1362695,10,-10,-10,0.44,10,-500,10,-500,98.94831,12.10144,-62.63428,33.65652,-32.59808,20.12676,-22.38724,0
3.145191,8.757336,2.072387,-3.34284,-10,-10,0.44,10,-500,10,-500,98.92886,12.00136,-62.52179,33.37432,-32.33063,20.31574,-22.56147,0
0.7690548,9.60133,2.860184,-10,-10,-10,0.44,10,-500,10,-500,98.76058,11.90875,-62.39402,33.19172,-32.16167,20.39248,-22.62457,0
8.416332,3.044291,0.4967787,-10,5.252542,-10,0.44,10,-500,10,-500,98.62465,11.81252,-62.33369,33.32367,-31.96433,20.21054,-22.77192,0
1.099753,-9.04478,-0.8953024,-10,10,-10,0.44,10,-500,10,-500,98.58427,11.68468,-62.41811,33.40039,-31.95298,20.20377,-22.85322,0
-1.516851,-8.192123,4.617087,9.048833,10,-10,0.44,10,-500,10,-500,98.71746,11.55647,-62.51484,33.7628,-32.33428,19.9215,-22.55206,0
-3.370258,-8.612874,0.371354,10,10,-10,0.44,10,-500,10,-500,98.95397,11.43985,-62.67233,33.84906,-32.43771,19.96575,-22.57913,0
-7.508708,4.180731,-0.6363152,10,-10,-10,0.44,10,-500,10,-500,98.87106,11.33851,-62.47365,33.52939,-32.58335,20.12078,-22.26887,0
2.86773,8.64949,1.505518,-0.9472578,-10,-10,0.44,10,-500,10,-500,98.57401,11.25348,-62.11314,33.16884,-32.23532,20.18262,-22.31818,0
0.4648401,9.247025,2.818371,-10,-10,-10,0.44,10,-500,10,-500,97.93745,11.21812,-61.55358,32.68915,-31.76084,20.19867,-22.32902,0
8.12873,3.742649,0.3658815,-10,5.299216,-10,0.44,10,-500,10,-500,97.33336,11.19724,-61.03611,32.58654,-31.31679,19.87251,-22.3443,0
1.852982,-8.777092,-0.8483844,-10,10,-10,0.44,10,-500,10,-500,96.5534,11.12257,-60.34603,32.33306,-30.91009,19.55419,-22.17921,0
-2.143549,-8.336198,4.235758,8.237787,10,-10,0.44,10,-500,10,-500,95.617,11.16519,-59.36247,32.26298,-30.67996,18.80931,-21.59437,0
-2.982008,-8.971565,0.4277262,10,10,-10,0.44,10,-500,10,-500,95.36202,11.28849,-59.001,32.13785,-30.53667,18.63492,-21.43814,0
-8.043813,3.330093,-0.6591669,10,-10,-10,0.44,10,-500,10,-500,95.78001,11.35571,-59.33594,32.08006,-30.91935,18.97024,-21.33299,0
2.885212,8.898005,1.330971,1.887791,-10,-10,0.44,10,-500,10,-500,96.07387,11.46024,-59.58802,32.07077,-30.89466,19.18841,-21.56656,0
0.09357813,8.880141,2.911795,-10,-10,-10,0.44,10,-500,10,-500,96.11378,11.58318,-59.73434,31.94035,-30.74614,19.44005,-21.83632,0
7.427351,4.293779,0.04281763,-10,5.34589,-10,0.44,10,-500,10,-500,96.01363,11.68565,-59.73016,32.11153,-30.56016,19.26543,-22.01884,0
2.295271,-8.803471,-1.2766,-10,10,-10,0.44,10,-500,10,-500,95.78305,11.77116,-59.55837,32.08775,-30.41546,19.14686,-22.02119,0
-2.083054,-7.96749,4.543839,7.335542,10,-10,0.44,10,-500,10,-500,95.71269,11.87766,-59.42952,32.3333,-30.64533,18.79454,-21.68456,0
-2.435409,-9.228373,0.6950374,10,10,-10,0.44,10,-500,10,-500,95.74355,11.98703,-59.31654,32.34164,-30.63756,18.69258,-21.59871,0
-7.832275,2.896695,0.1258944,10,-10,-10,0.44,10,-500,10,-500,95.89167,12.08489,-59.40999,32.17078,-30.90265,18.94088,-21.41105,0
2.904879,9.2518,1.238242,5.078214,-10,-10,0.44,10,-500,10,-500,96.0104,12.19511,-59.50768,32.14232,-30.85796,19.05029,-21.53669,0
0.1905533,8.692641,3.35974,-10,-10,-10,0.44,10,-500,10,-500,95.95439,12.31147,-59.59214,31.92606,-30.62455,19.33653,-21.84008,0
7.428714,5.817278,0.573907,-10,5.392566,-10,0.44,10,-500,10,-500,95.86001,12.41562,-59.60395,32.10658,-30.44312,19.16579,-22.0313,0
2.978904,-8.591323,-1.309649,-10,10,-10,0.44,10,-500,10,-500,95.74699,12.51433,-59.50246,32.11728,-30.33552,19.071,-22.0548,0
-2.551377,-8.052038,4.130886,6.369626,10,-10,0.44,10,-500,10,-500,95.74271,12.62284,-59.41231,32.36632,-30.56857,18.74727,-21.74706,0
-1.767819,-9.589272,0.9522417,10,10,-10,0.44,10,-500,10,-500,95.85096,12.72761,-59.31759,32.40272,-30.58953,18.63238,-21.64761,0
-8.358374,1.619219,0.05432911,10,-9.902802,-10,0.44,10,-500,10,-500,95.93674,12.83307,-59.38779,32.22034,-30.83981,18.87293,-21.4555,0
2.344711,9.147919,0.5577369,8.467031,-10,-10,0.44,10,-500,10,-500,96.00372,12.94571,-59.47628,32.24191,-30.84697,18.92469,-21.52167,0
1.00478,9.109665,4.496936,-10,-10,-10,0.44,10,-500,10,-500,95.88872,13.06045,-59.56552,31.96647,-30.55463,19.27405,-21.88794,0
6.460958,6.396259,0.1304744,-10,3.129567,-10,0.44,10,-500,10,-500,95.77419,13.16499,-59.59931,32.12952,-30.40661,19.13902,-22.06396,0
4.179499,-7.948851,-0.8577102,-10,10,-10,0.44,10,-500,10,-500,95.73973,13.27019,-59.4875,32.16634,-30.27323,19.00954,-22.10469,0
-3.285417,-8.407177,3.393839,5.452576,10,-10,0.44,10,-500,10,-500,95.7984,13.37826,-59.36561,32.39016,-30.48112,18.68473,-21.7958,0
-1.498064,-9.974694,1.096357,10,10,-10,0.44,10,-500,10,-500,96.01289,13.47499,-59.21222,32.42329,-30.5,18.5245,-21.64982,0
-8.385072,0.6632136,0.3466474,10,-8.74565,-10,0.44,10,-500,10,-500,96.07394,13.58589,-59.25895,32.24321,-30.72572,18.74329,-21.46283,0
1.691089,9.084888,-0.01131585,10,-10,-10,0.44,10,-500,10,-500,96.04907,13.70749,-59.40306,32.29634,-30.78918,18.80957,-21.51877,0
1.176105,8.807094,4.704548,-10,-10,-10,0.44,10,-500,10,-500,95.77844,13.82314,-59.61237,32.03581,-30.51162,19.24354,-21.96977,0
6.024749,7.32264,0.4302082,-10,-0.7574041,-10,0.44,10,-500,10,-500,95.463,13.92058,-59.83825,32.20662,-30.49222,19.25989,-22.17632,0
5.012096,-7.442979,-0.8714417,-10,10,-10,0.44,10,-500,10,-500,95.67728,14.04469,-59.51933,32.23304,-30.22583,18.96922,-22.17846,0
-3.420323,-8.352104,3.282144,5.499249,10,-10,0.44,10,-500,10,-500,98.41216,14.13318,-56.75911,31.49618,-29.64034,17.41899,-20.47688,0
-0.657828,-9.510684,2.012532,10,10,-10,0.44,10,-500,10,-500,129.6807,14.03974,-25.59035,20.4785,-18.56444,2.610576,-5.726681,0
-8.677294,-0.7838807,0.2196517,10,-7.636435,-10,0.44,10,-500,10,-500,130.3998,13.95737,-24.96609,19.99992,-18.60727,2.571909,-5.166601,0
1.125541,9.121776,-0.3033981,10,-10,-10,0.44,10,-500,10,-500,130.8996,13.84371,-24.55901,19.8208,-18.50571,2.413718,-4.930853,0
1.699695,8.681592,5.234202,-10,-10,-10,0.44,10,-500,10,-500,130.9254,13.707,-24.45016,19.42666,-18.13171,2.717659,-5.214655,0
5.333257,8.125231,0.4851531,-10,-4.522577,-10,0.44,10,-500,10,-500,130.851,13.58386,-24.42271,19.46368,-18.06352,2.657902,-5.260104,0
5.905765,-6.599822,-0.5939497,-10,10,-10,0.44,10,-500,10,-500,130.5677,13.52421,-24.64066,19.69705,-17.97865,2.605123,-5.525565,0
-3.336238,-8.277599,3.182273,5.545925,10,-10,0.44,10,-500,10,-500,130.3937,13.43769,-24.82861,20.0233,-18.31764,2.434612,-5.342308,0
-0.2411654,-9.50726,2.587483,10,10,-10,0.44,10,-500,10,-500,130.3797,13.33892,-24.98094,20.15416,-18.46305,2.429974,-5.323121,0
-8.690229,-1.93414,0.08359981,10,-6.617174,-10,0.44,10,-500,10,-500,130.4756,13.23795,-24.98376,19.96622,-18.66419,2.620242,-5.124317,0
0.7175947,9.269602,-0.2631316,10,-10,-10,0.44,10,-500,10,-500,130.6395,13.12502,-24.87838,19.88544,-18.67622,2.613709,-5.024972,0
1.302344,7.911401,4.601458,-10,-10,-10,0.44,10,-500,10,-500,130.6026,13.00283,-24.79701,19.50022,-18.30899,2.931512,-5.324775,0
4.563158,8.484177,0.5239471,-10,-8.027131,-10,0.44,10,-500,10,-500,130.5317,12.88612,-24.72429,19.47968,-18.26122,2.891785,-5.312281,0
6.399898,-5.856505,-0.3691126,-10,10,-10,0.44,10,-500,10,-500,130.4046,12.79574,-24.82035,19.7086,-18.09751,2.742464,-5.555594,0
-3.848047,-8.858364,2.118088,4.574483,10,-10,0.44,10,-500,10,-500,130.3568,12.69555,-24.92167,19.98856,-18.39223,2.546457,-5.344825,0
0.1608501,-9.302951,3.093969,10,10,-10,0.44,10,-500,10,-500,130.4453,12.59573,-25.02186,20.12008,-18.53846,2.49795,-5.281614,0
-8.193894,-2.70492,0.5043955,10,-5.718785,-10,0.44,10,-500,10,-500,130.5429,12.49532,-25.05075,19.9532,-18.74034,2.688768,-5.103675,0
-0.0481509,9.07225,-0.5666307,10,-10,-10,0.44,10,-500,10,-500,130.6354,12.37835,-24.97178,19.86891,-18.76968,2.707629,-5.008897,0
1.695135,7.825172,4.663942,-9.342864,-10,-10,0.44,10,-500,10,-500,130.5564,12.25704,-24.89825,19.49578,-18.41443,3.019824,-5.303221,0
3.718214,8.475666,0.24005,-10,-10,-10,0.44,10,-500,10,-500,130.4267,12.14348,-24.8098,19.43225,-18.36762,3.010074,-5.276742,0
7.048489,-5.079883,0.07602466,-10,10,-10,0.44,10,-500,10,-500,130.3673,12.04457,-24.90046,19.68434,-18.18391,2.833098,-5.53557,0
-3.662913,-8.867668,1.871917,2.023906,10,-10,0.44,10,-500,10,-500,130.3868,11.94261,-25.01464,19.92991,-18.4445,2.682144,-5.369595,0
0.06246582,-9.270827,3.173308,10,10,-10,0.44,10,-500,10,-500,130.5614,11.84794,-25.14582,20.12294,-18.65148,2.597808,-5.271312,0
-8.101978,-3.366508,0.5981256,10,-5.652609,-10,0.44,10,-500,10,-500,130.6997,11.75045,-25.20527,19.97632,-18.86302,2.793675,-5.109025,0
-0.7790133,8.854937,-0.844108,10,-10,-10,0.44,10,-500,10,-500,130.7305,11.62351,-25.11254,19.87701,-18.88898,2.816158,-5.006227,0
2.221898,7.934894,4.951255,-8.682771,-10,-10,0.44,10,-500,10,-500,130.5913,11.49663,-25.00257,19.49621,-18.52688,3.105834,-5.277211,0
3.267385,8.839413,0.4178921,-10,-10,-10,0.44,10,-500,10,-500,130.3269,11.38275,-24.81856,19.37419,-18.42163,3.075395,-5.229997,0
7.235851,-4.751253,-0.2229448,-10,10,-10,0.44,10,-500,10,-500,130.4353,11.27746,-25.0397,19.68938,-18.30195,2.943437,-5.532903,0
-3.29747,-8.688975,1.904753,-0.1281486,10,-10,0.44,10,-500,10,-500,130.8132,11.19098,-25.48251,20.09889,-18.63824,2.900835,-5.563526,0
-0.07527174,-9.375887,3.233663,10,10,-10,0.44,10,-500,10,-500,131.6441,11.16881,-26.23362,20.69037,-19.10807,2.931714,-5.716058,0
-7.894025,-4.07577,0.288432,10,-5.699283,-10,0.44,10,-500,10,-500,132.378,11.17794,-26.87857,20.80805,-19.57669,3.348431,-5.78184,0
-1.070786,8.939907,-0.6798556,10,-10,-10,0.44,10,-500,10,-500,133.2732,11.15821,-27.68502,21.08089,-19.94928,3.743803,-6.077458,0
2.024275,7.506121,4.391894,-8.170488,-10,-10,0.44,10,-500,10,-500,133.8163,11.24925,-28.27296,21.04882,-19.9038,4.263041,-6.610108,0
3.212684,9.125412,0.9190708,-10,-10,-10,0.44,10,-500,10,-500,133.9311,11.37635,-28.49632,21.10204,-19.98638,4.394897,-6.712601,0
7.709436,-4.05811,0.09335619,-10,10,-10,0.44,10,-500,10,-500,133.5859,11.44595,-28.22907,21.22561,-19.60225,4.04989,-6.875283,0
-3.16363,-8.736883,1.676861,-1.764181,10,-10,0.44,10,-500,10,-500,133.3341,11.54659,-28.01268,21.2698,-19.6306,3.826397,-6.667641,0
-0.2705037,-9.466281,3.038506,10,10,-10,0.44,10,-500,10,-500,133.3042,11.66404,-27.86948,21.41767,-19.76117,3.559867,-6.418412,0
-7.261078,-4.077032,0.9140051,10,-5.745958,-10,0.44,10,-500,10,-500,133.3971,11.76643,-27.86411,21.25096,-19.93395,3.722124,-6.241176,0
-1.80271,8.502209,-1.243752,10,-10,-10,0.44,10,-500,10,-500,133.6019,11.85937,-28.01267,21.28306,-20.04816,3.813126,-6.250072,0
2.55838,7.851861,4.829038,-7.80972,-10,-10,0.44,10,-500,10,-500,133.6461,11.96958,-28.12576,21.03739,-19.78625,4.152503,-6.605686,0
2.730581,9.085669,0.5408001,-10,-10,-10,0.44,10,-500,10,-500,133.6016,12.0806,-28.2289,21.04849,-19.781,4.22686,-6.696396,0
7.884457,-3.69107,0.1880935,-10,10,-10,0.44,10,-500,10,-500,133.4616,12.17753,-28.13646,21.23459,-19.50244,3.964166,-6.898356,0
-3.252619,-8.925,1.288375,-2.904012,10,-10,0.44,10,-500,10,-500,133.3628,12.28605,-28.04018,21.31788,-19.56974,3.801102,-6.75128,0
-0.2403373,-9.278508,3.326266,10,10,-10,0.44,10,-500,10,-500,133.4297,12.39911,-27.95307,21.51355,-19.74876,3.533246,-6.500078,0
-7.496371,-4.665164,0.5677725,10,-5.792632,-10,0.44,10,-500,10,-500,133.525,12.50266,-27.93839,21.34269,-19.91827,3.691954,-6.318411,0
-1.985023,8.457644,-1.249036,10,-10,-10,0.44,10,-500,10,-500,133.6291,12.60594,-28.03431,21.34856,-20.00367,3.76556,-6.312488,0
2.875627,8.027416,5.07807,-7.594739,-10,-10,0.44,10,-500,10,-500,133.6017,12.71702,-28.1213,21.09174,-19.73049,4.094458,-6.657749,0
2.421359,9.027422,0.5205351,-10,-10,-10,0.44,10,-500,10,-500,133.4846,12.82234,-28.21642,21.09133,-19.71457,4.173678,-6.752485,0
7.852602,-3.59746,0.09819701,-10,10,-10,0.44,10,-500,10,-500,133.4072,12.92787,-28.13996,21.28822,-19.44554,3.913434,-6.958159,0
-3.004616,-8.716857,1.507064,-3.496545,10,-10,0.44,10,-500,10,-500,133.3748,13.03969,-28.04705,21.36683,-19.50768,3.757839,-6.819037,0
-0.01451215,-8.993175,3.77223,10,10,-10,0.44,10,-500,10,-500,133.511,13.15025,-27.94711,21.57102,-19.69557,3.470845,-6.548329,0
-7.341413,-4.659873,0.7360334,10,-5.839306,-10,0.44,10,-500,10,-500,133.6244,13.25399,-27.91961,21.39535,-19.8613,3.623726,-6.359813,0
-1.75526,8.696345,-0.8943091,10,-10,-10,0.44,10,-500,10,-500,133.6487,13.36464,-28.03539,21.406,-19.94934,3.709014,-6.367708,0
2.17332,7.317439,4.118478,-7.542356,-10,-10,0.44,10,-500,10,-500,133.5341,13.47565,-28.16389,21.16233,-19.68932,4.059161,-6.734209,0
2.09903,8.749914,0.1837047,-10,-10,-10,0.44,10,-500,10,-500,133.2936,13.57138,-28.33815,21.17958,-19.70553,4.186293,-6.862384,0
7.746275,-3.69069,-0.01275268,-10,10,-10,0.44,10,-500,10,-500,133.2873,13.68924,-28.23049,21.37502,-19.42017,3.90165,-7.058537,0
-3.140923,-8.789135,1.38765,-3.451323,10,-10,0.44,10,-500,10,-500,133.3922,13.80831,-28.04227,21.42322,-19.45084,3.69749,-6.871915,0
0.1009083,-8.895916,3.878829,10,10,-10,0.44,10,-500,10,-500,133.7937,13.91198,-27.71471,21.54686,-19.55921,3.302438,-6.492137,0
-7.418839,-4.62825,0.7074389,10,-5.885982,-10,0.44,10,-500,10,-500,134.1887,14.00842,-27.41234,21.27785,-19.63371,3.320918,-6.167092,0
-1.657326,8.705519,-0.9255204,10,-10,-10,0.44,10,-500,10,-500,134.0539,14.1484,-27.64812,21.32624,-19.75413,3.467883,-6.242035,0
2.406579,7.542751,4.531126,-7.665015,-10,-10,0.44,10,-500,10,-500,134.4642,14.2802,-27.21632,20.90649,-19.31496,3.529849,-6.323417,0
2.700297,9.187574,0.7358093,-10,-10,-10,0.44,10,-500,10,-500,134.2565,14.41926,-27.32475,20.89797,-19.28596,3.628217,-6.442272,0
7.534524,-4.013572,-0.1790134,-10,10,-10,0.44,10,-500,10,-500,133.7557,14.45658,-27.74398,21.25652,-19.18864,3.617032,-6.886958,0
-3.435178,-8.921122,1.246663,-2.714794,10,-10,0.44,10,-500,10,-500,133.376,14.54276,-28.07867,21.50402,-19.42344,3.646855,-6.929477,0
-0.06772476,-9.175858,3.412395,10,10,-10,0.44,10,-500,10,-500,133.2883,14.65817,-28.27324,21.80432,-19.70727,3.507771,-6.806862,0
-7.701285,-4.536542,0.4358389,10,-5.932655,-10,0.44,10,-500,10,-500,133.3824,14.75942,-28.27662,21.63728,-19.88777,3.677609,-6.629163,0
-1.639616,8.518533,-1.275675,10,-10,-10,0.44,10,-500,10,-500,133.6245,14.85182,-28.09958,21.54076,-19.86503,3.627433,-6.50521,0
2.4916,7.707553,4.885101,-7.965302,-10,-10,0.44,10,-500,10,-500,133.6879,14.9644,-27.97391,21.19479,-19.50247,3.869283,-6.763644,0
2.787627,8.850987,0.4860877,-10,-10,-10,0.44,10,-500,10,-500,133.6588,15.07928,-27.86565,21.12212,-19.41287,3.852249,-6.763535,0
7.674425,-4.111181,0.2085565,-10,10,-10,0.44,10,-500,10,-500,133.4987,15.1715,-27.97322,21.38959,-19.21639,3.673905,-7.049149,0
-3.422915,-8.702776,1.674203,-1.246712,10,-10,0.44,10,-500,10,-500,133.3899,15.27704,-28.0804,21.58459,-19.39585,3.567709,-6.9585,0
-0.0415009,-9.272816,3.302577,10,10,-10,0.44,10,-500,10,-500,133.4439,15.38801,-28.17511,21.8265,-19.6214,3.40428,-6.811418,0
-7.755344,-3.856622,0.6092457,10,-5.979329,-10,0.44,10,-500,10,-500,133.5367,15.49094,-28.19095,21.66599,-19.80556,3.577921,-6.640388,0
-1.013735,8.747877,-1.024095,10,-10,-10,0.44,10,-500,10,-500,133.6553,15.59567,-28.09495,21.59538,-19.81006,3.56898,-6.556338,0
2.011219,7.474153,4.59901,-8.446953,-10,-10,0.44,10,-500,10,-500,133.6213,15.70862,-28.0103,21.25271,-19.45075,3.84151,-6.845505,0
3.279479,8.854214,0.614488,-10,-10,-10,0.44,10,-500,10,-500,133.5186,15.81609,-27.91911,21.19059,-19.37281,3.828071,-6.847898,0
7.354392,-4.69397,0.1918373,-10,10,-10,0.44,10,-500,10,-500,133.4302,15.91911,-27.9973,21.45075,-19.16741,3.632698,-7.118075,0
-3.461892,-8.47753,2.186428,0.9935205,10,-10,0.44,10,-500,10,-500,133.4065,16.02922,-28.08799,21.68221,-19.38266,3.476377,-6.977974,0
-0.05030155,-9.284401,3.048795,10,10,-10,0.44,10,-500,10,-500,133.5337,16.13699,-28.18481,21.89078,-19.57535,3.34804,-6.865514,0
-8.0149,-3.03767,0.8711495,10,-6.026005,-10,0.44,10,-500,10,-500,133.6431,16.23982,-28.21155,21.73519,-19.76549,3.525787,-6.697524,0
0.06562805,9.183568,-0.4066416,10,-10,-10,0.44,10,-500,10,-500,133.6904,16.35254,-28.11164,21.66003,-19.76322,3.518163,-6.617016,0
1.757181,7.658911,4.80465,-9.105949,-10,-10,0.44,10,-500,10,-500,133.5663,16.46637,-28.00516,21.29206,-19.37848,3.797906,-6.913528,0
4.040201,8.72917,0.8428051,-10,-10,-10,0.44,10,-500,10,-500,133.3667,16.56634,-27.86473,21.21472,-19.28641,3.758889,-6.889238,0
6.471382,-5.674769,-0.2180932,-10,10,-10,0.44,10,-500,10,-500,133.3461,16.6798,-27.96568,21.48891,-19.09352,3.568336,-7.165772,0
-3.653365,-8.334431,2.640953,4.029366,10,-10,0.44,10,-500,10,-500,133.444,16.79497,-28.11724,21.80453,-19.39217,3.378298,-6.992701,0
-0.3859535,-9.707685,2.469235,10,10,-10,0.44,10,-500,10,-500,133.7447,16.89525,-28.34297,22.01767,-19.6034,3.352195,-6.968504,0
-8.16002,-2.118852,0.7852066,10,-6.270905,-10,0.44,10,-500,10,-500,133.9594,16.99457,-28.46719,21.88974,-19.85859,3.583051,-6.816241,0
0.1585987,8.497629,-1.282863,10,-10,-10,0.44,10,-500,10,-500,133.861,17.12669,-28.2624,21.78776,-19.77974,3.515347,-6.725412,0
1.67268,8.148761,5.348445,-9.953325,-10,-10,0.44,10,-500,10,-500,133.0443,17.24541,-27.52089,21.11054,-19.0822,3.578156,-6.808541,0
4.807176,8.147284,0.6737637,-10,-7.002195,-10,0.44,10,-500,10,-500,134.0029,17.24636,-28.57856,21.54021,-19.65635,4.02486,-7.11076,0
5.535905,-6.767105,-0.8442236,-10,10,-10,0.44,10,-500,10,-500,136.0125,17.14554,-30.68818,22.77774,-20.52587,4.535347,-7.989262,0
-3.860338,-8.251759,3.027211,6.106018,10,-10,0.44,10,-500,10,-500,135.8981,17.00628,-30.59278,22.99403,-20.76267,4.240009,-7.673409,0
-0.5321717,-9.786564,2.142863,10,10,-10,0.44,10,-500,10,-500,135.9807,16.86542,-30.57411,23.04483,-20.83422,4.173731,-7.586382,0
-8.371796,-0.6278647,0.833018,10,-7.436505,-10,0.44,10,-500,10,-500,136.2268,16.7909,-30.73731,22.92822,-21.12123,4.425576,-7.434602,0
1.635015,8.976633,-0.3046319,10,-10,-10,0.44,10,-500,10,-500,136.5592,16.73075,-31.0017,23.02329,-21.28289,4.549571,-7.492008,0
1.268425,8.42533,5.094121,-10,-10,-10,0.44,10,-500,10,-500,136.6445,16.63812,-31.19875,22.76252,-21.03577,4.973625,-7.902415,0
5.546032,7.198964,0.3197139,-10,-1.780535,-10,0.44,10,-500,10,-500,136.6237,16.53893,-31.29757,22.88751,-20.99028,4.930505,-8.029774,0
4.707436,-7.608036,-0.7688677,-10,10,-10,0.44,10,-500,10,-500,136.4397,16.43126,-31.18057,22.95332,-20.80667,4.767746,-8.116437,0
-3.18471,-7.572087,4.19709,6.152691,10,-10,0.44,10,-500,10,-500,136.3617,16.3091,-31.08894,23.17688,-21.04823,4.468262,-7.798958,0
-1.06682,-9.526203,1.735349,10,10,-10,0.44,10,-500,10,-500,136.4187,16.18524,-31.00878,23.20327,-21.09286,4.375457,-7.687904,0
-8.468483,0.942591,0.2466714,10,-8.833857,-10,0.44,10,-500,10,-500,136.5512,16.09628,-31.08599,23.02415,-21.35097,4.61855,-7.493781,0
2.824099,9.10267,0.6175489,10,-10,-10,0.44,10,-500,10,-500,136.6923,16.00373,-31.19974,23.05933,-21.42603,4.677628,-7.512965,0
0.9732069,8.859241,4.846128,-10,-10,-10,0.44,10,-500,10,-500,136.6382,15.90128,-31.30019,22.7499,-21.1317,5.070284,-7.890528,0
6.836374,6.224317,0.6059335,-10,4.517175,-10,0.44,10,-500,10,-500,136.5459,15.80047,-31.33242,22.91405,-20.9838,4.932834,-8.065135,0
2.925555,-8.571116,-1.13807,-10,10,-10,0.44,10,-500,10,-500,136.4405,15.68771,-31.24971,22.92725,-20.89013,4.851117,-8.090273,0
-3.203089,-8.006954,3.927385,6.780626,10,-10,0.44,10,-500,10,-500,136.4404,15.56714,-31.17644,23.17364,-21.15428,4.544015,-7.76541,0
-1.843697,-9.340434,1.251888,10,10,-10,0.44,10,-500,10,-500,136.5544,15.45011,-31.09661,23.1932,-21.19108,4.458305,-7.66246,0
-7.438649,3.28479,0.6518713,10,-10,-10,0.44,10,-500,10,-500,136.6276,15.35604,-31.1894,23.00367,-21.46579,4.724713,-7.464636,0
3.104455,8.408415,0.9142791,4.342546,-10,-10,0.44,10,-500,10,-500,136.6597,15.25763,-31.29789,22.94689,-21.42351,4.871389,-7.596815,0
0.3012769,8.879965,3.812183,-10,-10,-10,0.44,10,-500,10,-500,136.5192,15.16072,-31.41301,22.73536,-21.22625,5.178316,-7.889466,0
7.718025,4.14316,0.7655466,-10,6.232705,-10,0.44,10,-500,10,-500,136.3983,15.06125,-31.45566,22.92381,-21.05943,5.02519,-8.091619,0
1.246847,-8.947685,-1.149166,-10,10,-10,0.44,10,-500,10,-500,136.3536,14.93814,-31.36726,22.91582,-20.98912,4.95995,-8.088684,0
-2.197913,-7.804368,4.756729,8.33011,10,-10,0.44,10,-500,10,-500,136.4594,14.81371,-31.27154,23.18498,-21.27662,4.61146,-7.721863,0
-3.481791,-9.19681,0.3328257,10,10,-10,0.44,10,-500,10,-500,136.6708,14.7001,-31.1326,23.15946,-21.26784,4.521863,-7.61553,0
-7.081231,4.713546,-0.3934228,10,-10,-10,0.44,10,-500,10,-500,136.6324,14.59749,-31.29252,22.9908,-21.56466,4.823041,-7.45122,0
3.597342,8.054396,2.176647,-2.646523,-10,-10,0.44,10,-500,10,-500,136.4434,14.50294,-31.54151,22.87694,-21.43288,5.143201,-7.789304,0
0.395615,9.371327,3.108471,-10,-10,-10,0.44,10,-500,10,-500,135.9993,14.43926,-31.91139,22.93044,-21.3852,5.396175,-8.143459,0
8.366713,2.065136,0.9277153,-10,6.279381,-10,0.44,10,-500,10,-500,135.5946,14.37294,-32.23028,23.2529,-21.28112,5.337952,-8.511774,0
-0.791281,-9.219316,-0.8499937,-10,10,-10,0.44,10,-500,10,-500,135.237,14.24084,-32.49246,23.37342,-21.33731,5.434675,-8.672817,0
-1.215997,-8.101286,5.079703,10,10,-10,0.44,10,-500,10,-500,133.4105,14.14931,-34.40412,24.31083,-22.3241,6.081237,-9.270003,0
-5.055144,-8.25212,0.3874729,10,5.534039,-10,0.44,10,-500,10,-500,128.8247,14.17665,-39.09153,26.02947,-24.10339,8.246531,-11.37465,0
-5.017347,7.022055,-0.6557841,10,-10,-10,0.44,10,-500,10,-500,127.8012,14.26674,-40.21471,26.18695,-24.59741,9.019705,-11.81129,0
3.466465,7.434069,3.011224,-6.312718,-10,-10,0.44,10,-500,10,-500,127.972,14.40438,-40.06155,25.86565,-24.25583,9.214103,-12.02596,0
0.8968302,9.524771,1.835694,-10,-10,-10,0.44,10,-500,10,-500,127.8994,14.545,-40.03265,25.79716,-24.16662,9.258647,-12.09122,0
8.562064,-0.7135383,0.7863272,-10,8.410787,-10,0.44,10,-500,10,-500,127.6088,14.60812,-40.24355,26.08001,-24.02559,9.150543,-12.40701,0
-2.225359,-8.910191,0.2346147,-10,10,-10,0.44,10,-500,10,-500,127.2748,14.67561,-40.50782,26.19344,-24.09329,9.256088,-12.55828,0
-0.4521728,-8.488813,4.412776,10,10,-10,0.44,10,-500,10,-500,127.1962,14.77423,-40.69736,26.6152,-24.50052,8.99138,-12.3081,0
-6.597719,-6.404991,0.3248425,10,-4.353814,-10,0.44,10,-500,10,-500,127.2594,14.87475,-40.74108,26.48269,-24.67643,9.160114,-12.16842,0
-3.067678,8.105048,-1.378653,10,-10,-10,0.44,10,-500,10,-500,127.4532,14.98188,-40.61187,26.38445,-24.68956,9.151294,-12.04823,0
3.193917,7.698833,4.692923,-7.005779,-10,-10,0.44,10,-500,10,-500,127.5136,15.10348,-40.51895,26.06887,-24.35606,9.389877,-12.30472,0
2.295583,9.005417,0.7450462,-10,-10,-10,0.44,10,-500,10,-500,127.4584,15.22607,-40.43611,25.98949,-24.25863,9.40062,-12.33353,0
7.950377,-3.417634,0.527953,-10,10,-10,0.44,10,-500,10,-500,127.3107,15.31005,-40.54581,26.25794,-24.06433,9.223063,-12.61872,0
-3.156274,-8.427247,1.739311,-2.334361,10,-10,0.44,10,-500,10,-500,127.2082,15.40593,-40.65689,26.4357,-24.22796,9.137346,-12.54712,0
0.1301935,-8.965819,3.504004,10,10,-10,0.44,10,-500,10,-500,127.271,15.5073,-40.75887,26.69892,-24.47625,8.958626,-12.38334,0
-7.683238,-3.200032,1.036642,10,-6.392731,-10,0.44,10,-500,10,-500,127.3644,15.60833,-40.78347,26.53727,-24.66886,9.140655,-12.21111,0
-0.193664,8.892271,-0.8684556,10,-10,-10,0.44,10,-500,10,-500,127.4707,15.7226,-40.70081,26.47685,-24.67284,9.132588,-12.13864,0
1.599084,7.633935,4.771384,-9.192192,-10,-10,0.44,10,-500,10,-500,127.4078,15.84255,-40.62671,26.12475,-24.30306,9.423291,-12.44702,0
4.344076,8.362479,0.5627061,-10,-9.383026,-10,0.44,10,-500,10,-500,127.2944,15.95553,-40.54491,26.08595,-24.23374,9.394314,-12.44858,0
6.025821,-6.166377,-0.1936683,-10,10,-10,0.44,10,-500,10,-500,127.2196,16.05334,-40.6348,26.3444,-24.04129,9.210346,-12.7155,0
-3.584215,-7.866992,3.420531,6.426071,10,-10,0.44,10,-500,10,-500,127.2392,16.1564,-40.73813,26.6755,-24.35721,8.964859,-12.48519,0
-0.1245237,-9.344212,2.546269,10,10,-10,0.44,10,-500,10,-500,127.3926,16.25209,-40.85451,26.79981,-24.46839,8.936981,-12.47044,0
-8.296953,0.05845797,0.8207812,10,-7.899698,-10,0.44,10,-500,10,-500,127.4883,16.35731,-40.84942,26.60921,-24.66562,9.123368,-12.269,0
2.526634,9.123425,0.2658432,10,-10,-10,0.44,10,-500,10,-500,127.5323,16.47988,-40.75988,26.56059,-24.64502,9.097788,-12.2154,0
0.6510646,8.107329,4.337556,-10,-10,-10,0.44,10,-500,10,-500,127.3775,16.60238,-40.65933,26.17876,-24.24514,9.396309,-12.53197,0
6.573603,6.452375,0.6423098,-10,3.210164,-10,0.44,10,-500,10,-500,127.252,16.70943,-40.62459,26.31388,-24.06702,9.232406,-12.68131,0
3.055338,-8.521224,-1.137774,-10,10,-10,0.44,10,-500,10,-500,127.3166,16.80655,-40.81678,26.48077,-24.0667,9.224765,-12.84087,0
-2.997483,-7.764783,4.238104,6.974293,10,-10,0.44,10,-500,10,-500,127.5434,16.89437,-41.07206,26.86452,-24.49802,9.052528,-12.62107,0
-2.348323,-9.403677,0.8024293,10,10,-10,0.44,10,-500,10,-500,127.9832,16.94587,-41.43574,27.03961,-24.77711,9.17878,-12.64332,0
-7.502236,3.573915,0.02909,10,-10,-10,0.44,10,-500,10,-500,128.1322,17.07722,-41.48711,26.84608,-25.03009,9.414883,-12.43291,0
3.292309,8.139727,1.247879,1.655875,-10,-10,0.44,10,-500,10,-500,128.3483,17.21612,-41.64647,26.7811,-24.96753,9.611895,-12.6275,0
0.1347675,9.069076,3.318366,-10,-10,-10,0.44,10,-500,10,-500,126.1011,17.33523,-39.49112,25.72518,-23.72073,8.881922,-12.08841,0
8.196631,2.857326,0.9114329,-10,6.506084,-10,0.44,10,-500,10,-500,128.0775,17.34321,-41.56908,26.75676,-24.51739,9.572114,-13.01353,0
0.2782162,-8.718456,-0.4159772,-10,10,-10,0.44,10,-500,10,-500,126.3714,17.34638,-39.95939,26.13263,-23.65417,8.862473,-12.54297,0
-1.315541,-7.961224,5.115449,9.593162,10,-10,0.44,10,-500,10,-500,126.5062,17.47592,-40.02367,26.48907,-23.9764,8.559289,-12.274,0
-4.526922,-8.037539,0.6178004,10,6.734653,-10,0.44,10,-500,10,-500,126.6094,17.60626,-40.02716,26.47612,-24.01778,8.575131,-12.23552,0
-4.963637,6.978771,-0.6889423,10,-10,-10,0.44,10,-500,10,-500,127.0579,17.65281,-40.39679,26.46968,-24.38132,8.887848,-12.17825,0
3.687199,7.580788,3.343293,-6.539423,-10,-10,0.44,10,-500,10,-500,127.3329,17.74407,-40.67538,26.32588,-24.22408,9.26249,-12.56633,0
1.199302,9.541468,1.762872,-10,-10,-10,0.44,10,-500,10,-500,127.3959,17.85504,-40.86024,26.3553,-24.23715,9.386234,-12.70643,0
8.640709,-1.16998,0.881456,-10,8.800108,-10,0.44,10,-500,10,-500,127.2129,17.94962,-40.75779,26.52114,-23.9657,9.135516,-12.89299,0
-2.633466,-8.805199,0.4405379,-9.40916,10,-10,0.44,10,-500,10,-500,127.0059,18.05676,-40.61489,26.48166,-23.88342,9.056583,-12.85687,0
-0.3142425,-8.678004,4.017375,10,10,-10,0.44,10,-500,10,-500,127.0186,18.17686,-40.51238,26.77913,-24.16319,8.674175,-12.49215,0
-7.167162,-5.148174,0.5084935,10,-6.572762,-10,0.44,10,-500,10,-500,127.1168,18.27936,-40.51434,26.60646,-24.34862,8.848467,-12.30834,0
-1.588507,8.66142,-1.229051,10,-10,-10,0.44,10,-500,10,-500,127.2823,18.37155,-40.63913,26.63573,-24.4415,8.922593,-12.31887,0
2.619679,7.747575,4.913295,-8.143941,-10,-10,0.44,10,-500,10,-500,127.2988,18.47788,-40.74201,26.37829,-24.16839,9.265281,-12.67723,0
3.506302,8.869387,0.7575471,-10,-10,-10,0.44,10,-500,10,-500,127.2327,18.58258,-40.8423,26.39221,-24.16688,9.33446,-12.76183,0
6.997469,-5.092731,0.2756486,-10,10,-10,0.44,10,-500,10,-500,127.1141,18.68604,-40.76085,26.58456,-23.89362,9.074623,-12.96761,0
-3.396429,-7.891919,3.059432,4.778697,10,-10,0.44,10,-500,10,-500,127.0765,18.79965,-40.67655,26.80742,-24.09975,8.78191,-12.69163,0
-0.3590358,-9.657047,2.257598,10,10,-10,0.44,10,-500,10,-500,127.1732,18.91211,-40.59142,26.87479,-24.15055,8.644006,-12.57029,0
-8.564917,-0.9939277,0.3745119,10,-7.407458,-10,0.44,10,-500,10,-500,127.2702,19.01426,-40.60157,26.69602,-24.34872,8.83119,-12.38053,0
1.899195,8.781157,-0.3919187,10,-10,-10,0.44,10,-500,10,-500,127.3525,19.11973,-40.69676,26.7187,-24.41424,8.887386,-12.39389,0
0.8600086,8.123203,4.629044,-10,-10,-10,0.44,10,-500,10,-500,127.2418,19.22872,-40.79025,26.41876,-24.09825,9.264791,-12.78734,0
6.236236,6.364809,0.3113587,-10,2.462197,-10,0.44,10,-500,10,-500,127.1268,19.33048,-40.83308,26.5778,-23.96166,9.141238,-12.95942,0
3.101302,-8.495043,-1.151872,-10,10,-10,0.44,10,-500,10,-500,127.0729,19.44156,-40.73864,26.62867,-23.82643,9.012108,-13.01639,0
-2.858872,-7.662056,4.427941,7.136501,10,-10,0.44,10,-500,10,-500,127.129,19.55671,-40.63839,26.89049,-24.07128,8.667231,-12.68847,0
-2.619596,-9.403086,0.6655617,10,10,-10,0.44,10,-500,10,-500,127.3138,19.66251,-40.51266,26.9054,-24.07061,8.548138,-12.58497,0
-7.095819,4.153042,0.1350849,10,-10,-10,0.44,10,-500,10,-500,127.3296,19.77093,-40.62457,26.72526,-24.41326,8.821002,-12.33504,0
3.630325,8.218212,1.873502,-0.3347657,-10,-10,0.44,10,-500,10,-500,127.2524,19.87955,-40.77917,26.6147,-24.30482,9.059669,-12.57159,0
0.3453244,9.407056,3.038116,-10,-10,-10,0.44,10,-500,10,-500,126.9745,19.97479,-40.99048,26.52871,-24.20533,9.320744,-12.84616,0
8.323913,1.865917,0.7480585,-10,6.686114,-10,0.44,10,-500,10,-500,126.7677,20.07188,-41.10957,26.76109,-24.04818,9.18704,-13.102,0
-0.7672428,-8.839268,-0.3612371,-10,10,-10,0.44,10,-500,10,-500,126.807,20.20573,-40.96317,26.74951,-23.94265,9.07731,-13.08621,0
-1.017025,-8.231242,4.70272,10,10,-10,0.44,10,-500,10,-500,127.2399,20.33354,-40.60886,26.97678,-24.15112,8.556463,-12.58417,0
-5.791915,-7.507348,0.2282911,10,1.530078,-10,0.44,10,-500,10,-500,129.0505,20.42057,-38.89563,26.28229,-23.63091,7.831395,-11.68482,0
-3.916977,7.861307,-1.120828,10,-10,-10,0.44,10,-500,10,-500,118.0293,20.39185,-50.01733,30.13526,-27.74706,13.19374,-16.78399,0
3.699687,7.884143,4.566988,-6.719454,-10,-10,0.44,10,-500,10,-500,118.7411,20.27098,-49.32257,29.59397,-27.22535,13.15937,-16.73003,0
2.048289,9.131392,0.9987136,-10,-10,-10,0.44,10,-500,10,-500,118.5494,20.13151,-49.41498,29.55551,-27.20723,13.2744,-16.82472,0
7.65001,-3.53314,0.2153555,-10,10,-10,0.44,10,-500,10,-500,118.0446,20.09662,-49.83887,29.92574,-27.13074,13.25539,-17.25243,0
-2.815166,-8.003094,2.117793,-2.261439,10,-10,0.44,10,-500,10,-500,117.672,20.01017,-50.169,30.167,-27.38366,13.28768,-17.27305,0
-0.05674875,-9.30853,3.179822,10,10,-10,0.44,10,-500,10,-500,117.5875,19.89519,-50.363,30.44285,-27.67595,13.17256,-17.14151,0
-8.054139,-2.708835,0.8257087,10,-6.752792,-10,0.44,10,-500,10,-500,117.6871,19.79486,-50.35999,30.25131,-27.87642,13.36162,-16.93855,0
0.6307006,8.875452,-0.7485451,10,-10,-10,0.44,10,-500,10,-500,117.9267,19.70117,-50.18563,30.14928,-27.86181,13.31918,-16.80869,0
1.470459,8.075117,4.985589,-9.963347,-10,-10,0.44,10,-500,10,-500,117.9372,19.58955,-50.05873,29.74926,-27.47881,13.61404,-17.08654,0
5.350362,7.344978,0.4655101,-10,-3.46234,-10,0.44,10,-500,10,-500,117.886,19.48189,-49.98581,29.78114,-27.3798,13.52175,-17.12514,0
4.494966,-7.68915,-0.9476818,-10,10,-10,0.44,10,-500,10,-500,117.7218,19.38445,-50.09893,29.96318,-27.27279,13.43344,-17.32587,0
-3.288614,-7.673219,3.985152,6.786131,10,-10,0.44,10,-500,10,-500,117.6576,19.2728,-50.1975,30.2779,-27.60381,13.20039,-17.07652,0
-1.859622,-9.608665,1.157246,10,10,-10,0.44,10,-500,10,-500,117.7225,19.1602,-50.28952,30.3661,-27.70855,13.18844,-17.04803,0
-7.340189,3.436088,0.7838938,10,-10,-10,0.44,10,-500,10,-500,117.8479,19.06414,-50.19715,30.10247,-27.91018,13.37552,-16.76986,0
3.572411,8.460508,1.378043,2.998762,-10,-10,0.44,10,-500,10,-500,117.9308,18.95763,-50.10324,29.941,-27.76521,13.45919,-16.83702,0
0.128251,9.035343,3.089476,-10,-10,-10,0.44,10,-500,10,-500,117.8472,18.84793,-50.01445,29.66982,-27.51105,13.65681,-17.01761,0
8.244631,2.699113,0.9770429,-10,6.819469,-10,0.44,10,-500,10,-500,117.7495,18.74499,-50.00005,29.8399,-27.31808,13.47479,-17.19865,0
-0.4352469,-9.002541,-0.820895,-10,10,-10,0.44,10,-500,10,-500,117.6613,18.63711,-50.09167,29.90078,-27.32324,13.48982,-17.26941,0
-0.8780436,-7.791048,5.157414,9.943808,10,-10,0.44,10,-500,10,-500,117.7651,18.52528,-50.18019,30.27462,-27.71358,13.18932,-16.9524,0
-5.479949,-7.608939,0.4241707,10,3.194309,-10,0.44,10,-500,10,-500,117.8877,18.4231,-50.24841,30.22667,-27.83408,13.2938,-16.88844,0
-3.681203,8.124738,-0.5449694,10,-10,-10,0.44,10,-500,10,-500,117.9483,18.31446,-50.15904,30.03606,-27.95763,13.41036,-16.69083,0
3.193375,7.352468,3.769377,-6.852809,-10,-10,0.44,10,-500,10,-500,117.9116,18.20063,-50.06068,29.69747,-27.6369,13.66746,-16.93007,0
2.2876,9.413345,1.235357,-10,-10,-10,0.44,10,-500,10,-500,117.7365,18.09496,-49.9411,29.57596,-27.53217,13.68988,-16.93571,0
7.214148,-3.962313,-0.3033737,-10,10,-10,0.44,10,-500,10,-500,117.713,17.98694,-50.04842,29.83659,-27.35821,13.51818,-17.19859,0
-3.660053,-8.665718,1.133114,-1.810359,10,-10,0.44,10,-500,10,-500,117.7647,17.87787,-50.19085,30.03036,-27.56762,13.44242,-17.1072,0
-0.02471399,-9.298528,3.158441,10,10,-10,0.44,10,-500,10,-500,118.0136,17.77914,-50.37701,30.31608,-27.86699,13.31094,-16.96207,0
-8.195275,-2.374322,0.6765377,10,-6.886147,-10,0.44,10,-500,10,-500,118.1922,17.6795,-50.46733,30.16651,-28.11202,13.53537,-16.79189,0
0.9184726,8.718345,-0.8216615,10,-10,-10,0.44,10,-500,10,-500,118.1459,17.55005,-50.3104,30.0534,-28.08972,13.51843,-16.68416,0
0.9135612,7.751099,4.547993,-10,-10,-10,0.44,10,-500,10,-500,117.7619,17.42801,-50.00272,29.55296,-27.60985,13.76394,-16.90909,0
5.872139,7.079776,0.567575,-10,-0.7615324,-10,0.44,10,-500,10,-500,117.0653,17.33492,-49.401,29.35804,-27.22367,13.46028,-16.79669,0
3.823793,-8.086935,-0.9415088,-10,10,-10,0.44,10,-500,10,-500,117.0886,17.19779,-49.52416,29.52186,-27.1654,13.39851,-16.95701,0
-2.914012,-7.597385,4.417346,7.032578,10,-10,0.44,10,-500,10,-500,117.0526,17.05702,-49.49977,29.78897,-27.45369,13.11119,-16.64851,0
-2.426518,-9.414658,0.8589748,10,10,-10,0.44,10,-500,10,-500,117.1301,16.91617,-49.47601,29.8234,-27.5092,13.05706,-16.57331,0
-7.07001,4.18165,-0.00477913,10,-10,-10,0.44,10,-500,10,-500,117.5465,16.87723,-49.81611,29.76177,-27.90234,13.4005,-16.46198,0
3.728779,8.134705,2.025335,-1.334606,-10,-10,0.44,10,-500,10,-500,117.8469,16.79562,-50.09715,29.69814,-27.84881,13.697,-16.74838,0
0.1348695,9.100604,2.516722,-10,-10,-10,0.44,10,-500,10,-500,117.9198,16.68984,-50.28918,29.62791,-27.79244,13.92634,-16.96386,0
8.576125,1.16562,0.9621716,-10,7.196495,-10,0.44,10,-500,10,-500,117.8224,16.58993,-50.28892,29.80868,-27.60063,13.74536,-17.15545,0
-1.922767,-9.087025,-0.6088722,-10,10,-10,0.44,10,-500,10,-500,117.612,16.48596,-50.14341,29.75951,-27.50498,13.67396,-17.13053,0
-0.4680142,-8.206991,4.697748,10,10,-10,0.44,10,-500,10,-500,117.6247,16.36824,-50.0372,30.04736,-27.81104,13.2981,-16.73647,0
-6.458904,-6.126915,0.6476151,10,-3.915214,-10,0.44,10,-500,10,-500,117.7121,16.26359,-50.01971,29.88073,-27.97313,13.45026,-16.55989,0
-2.475082,8.398422,-1.505306,10,-10,-10,0.44,10,-500,10,-500,117.8725,16.16902,-50.13819,29.86446,-28.10646,13.56469,-16.52473,0
2.823138,7.740863,4.702903,-7.871659,-10,-10,0.44,10,-500,10,-500,117.9003,16.0608,-50.23776,29.59605,-27.85267,13.9156,-16.86103,0
3.294379,8.534029,0.4314463,-10,-10,-10,0.44,10,-500,10,-500,117.8312,15.95373,-50.33452,29.58904,-27.86002,14.00278,-16.93384,0
6.37711,-5.668958,-0.5507765,-10,10,-10,0.44,10,-500,10,-500,117.7133,15.85222,-50.24894,29.76433,-27.60048,13.75658,-17.12247,0
-3.80669,-8.087923,2.679033,6.366817,10,-10,0.44,10,-500,10,-500,117.6849,15.74066,-50.16209,29.99681,-27.84995,13.45214,-16.80104,0
-0.7961996,-9.875502,1.771079,10,10,-10,0.44,10,-500,10,-500,117.7843,15.63118,-50.07319,30.01905,-27.88886,13.35624,-16.68847,0
-8.328073,0.586328,0.4101557,10,-8.307446,-10,0.44,10,-500,10,-500,117.8797,15.52917,-50.10158,29.82308,-28.11939,13.57573,-16.48147,0
2.742618,8.537681,0.00605011,10,-10,-10,0.44,10,-500,10,-500,117.9613,15.42057,-50.19333,29.83963,-28.1885,13.6352,-16.48838,0
0.5582709,8.753731,4.125269,-10,-10,-10,0.44,10,-500,10,-500,117.848,15.30873,-50.28357,29.52289,-27.88664,14.02672,-16.86501,0
7.566832,4.407251,0.6715787,-10,7.039507,-10,0.44,10,-500,10,-500,117.7447,15.20489,-50.29795,29.70766,-27.70231,13.85386,-17.06125,0
0.8194757,-9.048064,-1.449535,-10,10,-10,0.44,10,-500,10,-500,117.6982,15.09749,-50.19195,29.68621,-27.63082,13.78748,-17.04491,0
-1.822631,-7.937011,4.832499,8.981093,10,-10,0.44,10,-500,10,-500,117.8158,14.98866,-50.0801,29.96118,-27.92271,13.41984,-16.66034,0
-4.436078,-7.994965,0.8165986,10,8.38777,-10,0.44,10,-500,10,-500,118.0048,14.89328,-49.94889,29.90908,-27.92213,13.36322,-16.55221,0
-4.872824,6.929506,-0.9908529,10,-10,-10,0.44,10,-500,10,-500,118.0318,14.77659,-50.04596,29.73621,-28.17879,13.61652,-16.37597,0
3.810526,7.78028,3.855376,-7.072845,-10,-10,0.44,10,-500,10,-500,117.9389,14.65716,-50.17714,29.48709,-27.94509,13.97433,-16.71837,0
1.817921,9.500925,1.364373,-10,-10,-10,0.44,10,-500,10,-500,117.6648,14.55103,-50.37421,29.497,-27.96757,14.12771,-16.85918,0
8.293574,-2.785603,0.7722663,-10,9.717181,-10,0.44,10,-500,10,-500,117.7202,14.43944,-50.20767,29.64432,-27.68914,13.8424,-16.99962,0
-3.412879,-8.480375,1.118589,-3.233781,10,-10,0.44,10,-500,10,-500,117.9982,14.33549,-49.85046,29.6205,-27.67894,13.57023,-16.71384,0
0.1150671,-8.933521,3.418243,10,10,-10,0.44,10,-500,10,-500,118.808,14.2774,-49.121,29.57898,-27.65453,13.00733,-16.13382,0
-8.052361,-2.300935,0.8389106,10,-7.106185,-10,0.44,10,-500,10,-500,119.7393,14.25399,-48.28101,29.08349,-27.55112,12.80682,-15.54122,0
0.8031904,8.479602,-1.108492,10,-10,-10,0.44,10,-500,10,-500,121.1667,14.2382,-46.94717,28.57965,-27.10199,12.20546,-14.88515,0
1.120764,8.024967,4.676002,-10,-10,-10,0.44,10,-500,10,-500,121.5589,14.3637,-46.46633,28.07488,-26.57187,12.3118,-15.01685,0
6.107759,6.478271,0.3762993,-10,1.207182,-10,0.44,10,-500,10,-500,121.4082,14.47059,-46.52083,28.22235,-26.45201,12.20949,-15.18188,0
3.134201,-8.376389,-1.026215,-10,10,-10,0.44,10,-500,10,-500,120.9697,14.53375,-46.88071,28.4471,-26.47508,12.28294,-15.45699,0
-2.88011,-7.904374,4.28916,7.678598,10,-10,0.44,10,-500,10,-500,120.764,14.63898,-47.1107,28.83777,-26.85392,12.08283,-15.26873,0
-3.173103,-9.010468,0.5923052,10,10,-10,0.44,10,-500,10,-500,120.7309,14.75664,-47.26519,28.94722,-26.94837,12.10139,-15.30228,0
-6.319473,5.391771,-0.1471281,10,-10,-10,0.44,10,-500,10,-500,120.9634,14.84187,-47.09924,28.67356,-27.10999,12.23755,-15.00316,0
3.64774,7.639,2.463676,-6.281356,-10,-10,0.44,10,-500,10,-500,121.0859,14.948,-46.96027,28.35449,-26.77293,12.44147,-15.22507,0
0.7327459,9.325526,1.987296,-10,-10,-10,0.44,10,-500,10,-500,121.0635,15.06008,-46.84521,28.2514,-26.65124,12.44922,-15.25142,0
8.191788,-1.217476,0.264886,-10,8.468306,-10,0.44,10,-500,10,-500,120.9373,15.15848,-46.89335,28.47902,-26.44908,12.26149,-15.49347,0
-3.074945,-8.860027,0.002230376,-9.549296,10,-10,0.44,10,-500,10,-500,120.785,15.26362,-47.00187,28.54722,-26.4689,12.2832,-15.56357,0
-0.2373753,-8.830973,3.690152,10,10,-10,0.44,10,-500,10,-500,120.835,15.37802,-47.09209,28.92805,-26.8341,11.97713,-15.27312,0
-7.68989,-4.092426,0.619113,10,-7.192865,-10,0.44,10,-500,10,-500,120.9308,15.48085,-47.09715,28.74963,-27.02743,12.15974,-15.08398,0
-0.1143144,8.89697,-1.148072,10,-10,-10,0.44,10,-500,10,-500,121.0514,15.58185,-46.99685,28.69162,-27.01563,12.13465,-15.01268,0
1.622567,7.736063,4.811763,-9.470866,-10,-10,0.44,10,-500,10,-500,120.9932,15.69066,-46.9068,28.32852,-26.63448,12.42313,-15.31921,0
5.680822,7.723275,0.987276,-10,-4.58936,-10,0.44,10,-500,10,-500,120.8933,15.79273,-46.83613,28.35385,-26.52123,12.33925,-15.37391,0
4.157326,-7.8701,-1.219427,-10,10,-10,0.44,10,-500,10,-500,120.8029,15.90033,-46.9182,28.55432,-26.37831,12.20678,-15.58483,0
-3.184995,-7.793077,4.015307,7.226204,10,-10,0.44,10,-500,10,-500,120.8072,16.01566,-47.0014,28.89016,-26.69816,11.93987,-15.33391,0
-2.264261,-9.10309,1.129506,10,10,-10,0.44,10,-500,10,-500,120.9383,16.12613,-47.09425,28.99074,-26.78366,11.91623,-15.32535,0
-7.108367,4.151165,-0.2128864,10,-10,-10,0.44,10,-500,10,-500,120.9969,16.22747,-46.99942,28.73813,-26.9642,12.09027,-15.06624,0
4.015463,8.189257,2.413247,-2.402402,-10,-10,0.44,10,-500,10,-500,120.9784,16.333,-46.89008,28.48977,-26.69774,12.24803,-15.2421,0
0.6518127,9.450457,2.565179,-10,-10,-10,0.44,10,-500,10,-500,120.8053,16.43158,-46.76347,28.30709,-26.49771,12.3258,-15.33722,0
8.540326,0.3003746,0.9736665,-10,7.871361,-10,0.44,10,-500,10,-500,120.6987,16.53515,-46.75107,28.50514,-26.27731,12.11748,-15.54735,0
-2.534855,-8.817275,-0.1767803,-10,10,-10,0.44,10,-500,10,-500,120.6805,16.65726,-46.85921,28.5808,-26.28851,12.13142,-15.62575,0
-0.719596,-8.961557,3.75443,10,10,-10,0.44,10,-500,10,-500,120.8787,16.77708,-46.99331,28.99547,-26.6876,11.82787,-15.33778,0
-7.43809,-4.971186,0.2859374,10,-7.279547,-10,0.44,10,-500,10,-500,120.9916,16.88421,-47.01052,28.82228,-26.88762,12.01531,-15.15201,0
-0.5329666,8.930035,-1.243218,10,-10,-10,0.44,10,-500,10,-500,120.8342,16.98497,-46.73454,28.67938,-26.78544,11.92954,-15.02552,0
1.977638,7.755287,4.976913,-9.12921,-10,-10,0.44,10,-500,10,-500,120.3513,17.06129,-46.28998,28.15381,-26.24147,12.08675,-15.20113,0
4.9716,7.807812,0.4748268,-10,-6.723934,-10,0.44,10,-500,10,-500,119.6481,17.07611,-45.67309,27.8883,-25.89603,11.84112,-15.03542,0
4.607641,-7.443685,-0.959196,-10,10,-10,0.44,10,-500,10,-500,119.0214,17.17818,-45.13873,27.82991,-25.44912,11.45674,-15.03957,0
-3.344,-7.878662,3.761197,7.312885,10,-10,0.44,10,-500,10,-500,117.4363,17.18769,-43.56148,27.36938,-25.01689,10.61038,-14.16491,0
-1.983545,-9.316257,1.259001,10,10,-10,0.44,10,-500,10,-500,117.1503,17.05599,-43.17329,27.22318,-24.89679,10.43494,-13.96336,0
-7.051463,4.100991,0.01987878,10,-10,-10,0.44,10,-500,10,-500,117.7595,17.00965,-43.69692,27.25319,-25.37551,10.83879,-13.91852,0
3.743218,7.915564,1.932469,-1.880839,-10,-10,0.44,10,-500,10,-500,118.1103,16.90414,-44.02019,27.20128,-25.33239,11.15856,-14.22949,0
0.7800163,9.68807,2.8208,-10,-10,-10,0.44,10,-500,10,-500,118.163,16.77804,-44.18156,27.12562,-25.27168,11.36793,-14.42392,0
8.266946,0.05730182,0.6749961,-10,7.904321,-10,0.44,10,-500,10,-500,118.0024,16.68518,-44.1086,27.28034,-25.03851,11.15276,-14.59663,0
-2.39467,-8.642644,0.04018694,-10,10,-10,0.44,10,-500,10,-500,117.7443,16.59856,-43.91559,27.20065,-24.92875,11.07253,-14.54646,0
-0.05574599,-8.316642,4.550705,10,10,-10,0.44,10,-500,10,-500,117.7237,16.49135,-43.7742,27.4716,-25.21858,10.68442,-14.13947,0
-7.16284,-4.406361,0.8774333,10,-7.366228,-10,0.44,10,-500,10,-500,117.8139,16.39028,-43.76384,27.26943,-25.42246,10.878,-13.92701,0
-0.2719129,8.948647,-1.218591,10,-10,-10,0.44,10,-500,10,-500,117.9872,16.28563,-43.88299,27.29308,-25.51796,10.95308,-13.93024,0
1.984233,7.901359,5.134359,-9.31219,-10,-10,0.44,10,-500,10,-500,117.9752,16.16918,-43.97615,26.99516,-25.23475,11.32819,-14.29064,0
5.355503,7.467561,0.5843197,-10,-5.087646,-10,0.44,10,-500,10,-500,117.9034,16.05861,-44.04156,27.05475,-25.19814,11.32279,-14.38145,0
3.963082,-8.013364,-1.44367,-10,10,-10,0.44,10,-500,10,-500,117.7713,15.96363,-43.94032,27.16717,-24.9869,11.12649,-14.5088,0
-2.811534,-7.543112,4.466402,7.399567,10,-10,0.44,10,-500,10,-500,117.7366,15.85698,-43.84557,27.41324,-25.25059,10.80191,-14.16661,0
-2.488426,-9.256464,0.8924035,10,10,-10,0.44,10,-500,10,-500,117.8254,15.752,-43.75069,27.41441,-25.26906,10.72212,-14.06951,0
-7.057942,4.391121,-0.6997545,10,-10,-10,0.44,10,-500,10,-500,117.9264,15.64769,-43.83287,27.22277,-25.54075,10.98186,-13.86592,0
3.624668,7.600863,2.070104,-4.572794,-10,-10,0.44,10,-500,10,-500,117.9463,15.53479,-43.91752,27.00408,-25.33615,11.27069,-14.14067,0
0.7016267,9.47084,2.15733,-10,-10,-10,0.44,10,-500,10,-500,117.8303,15.42461,-44.00721,26.93566,-25.28123,11.41342,-14.2699,0
8.157495,-1.173972,0.2418558,-10,8.474143,-10,0.44,10,-500,10,-500,117.7409,15.32232,-43.97827,27.11909,-25.06394,11.20602,-14.46321,0
-2.878581,-8.522561,0.3751258,-9.187706,10,-10,0.44,10,-500,10,-500,117.6846,15.21427,-43.8793,27.09701,-25.02541,11.14609,-14.41973,0
-0.1367204,-8.802153,3.658255,10,10,-10,0.44,10,-500,10,-500,117.8242,15.10536,-43.77591,27.37957,-25.32612,10.77785,-14.03335,0
-7.643494,-3.270704,0.9616827,10,-7.452909,-10,0.44,10,-500,10,-500,117.9342,15.00172,-43.75509,27.17307,-25.52791,10.96711,-13.81431,0
0.5495477,8.856836,-1.002714,10,-10,-10,0.44,10,-500,10,-500,117.9573,14.88956,-43.8702,27.18705,-25.6123,11.04851,-13.8253,0
1.190318,7.800145,4.553993,-9.945267,-10,-10,0.44,10,-500,10,-500,117.7721,14.77956,-44.00343,26.88617,-25.32366,11.45979,-14.22434,0
6.198365,6.754417,0.7183501,-10,0.1147925,-10,0.44,10,-500,10,-500,117.5932,14.68126,-44.10181,27.02393,-25.24508,11.40354,-14.38444,0
3.192392,-8.283637,-0.9408141,-10,10,-10,0.44,10,-500,10,-500,117.6201,14.56328,-43.95637,27.06649,-25.08575,11.24047,-14.42325,0
-2.547549,-7.822905,4.382155,8.013585,10,-10,0.44,10,-500,10,-500,117.8267,14.44858,-43.74191,27.28494,-25.32644,10.84432,-14.00486,0
-3.285372,-8.691936,0.8221706,10,10,-10,0.44,10,-500,10,-500,118.3077,14.36192,-43.3454,27.16935,-25.23356,10.63136,-13.76919,0
-5.741254,6.068288,-0.4996342,10,-10,-10,0.44,10,-500,10,-500,118.2499,14.22978,-43.50567,27.00045,-25.53021,10.93307,-13.60535,0
3.766912,7.630772,3.083017,-7.506252,-10,-10,0.44,10,-500,10,-500,116.0548,14.10381,-45.71489,27.48354,-26.00439,12.2805,-14.96169,0
1.699081,9.704304,1.780294,-10,-10,-10,0.44,10,-500,10,-500,114.4867,14.20467,-47.18312,27.94969,-26.48395,13.03092,-15.6987,0
8.359354,-2.709774,0.7783631,-10,9.509585,-10,0.44,10,-500,10,-500,113.9559,14.32897,-47.61495,28.3226,-26.40884,13.01582,-16.13162,0
-3.469106,-8.303389,1.222865,-2.704688,10,-10,0.44,10,-500,10,-500,113.8649,14.46974,-47.64279,28.46887,-26.52412,12.89262,-16.03941,0
-0.3754671,-9.518474,2.674576,10,10,-10,0.44,10,-500,10,-500,113.958,14.61074,-47.64286,28.70078,-26.73538,12.66076,-15.82821,0
-8.412124,-1.513937,0.5562116,10,-7.539589,-10,0.44,10,-500,10,-500,114.1466,14.69739,-47.53858,28.47756,-26.89214,12.79758,-15.58504,0
1.998729,8.483286,-0.5339131,10,-10,-10,0.44,10,-500,10,-500,114.4531,14.74507,-47.29364,28.37088,-26.82789,12.7013,-15.44633,0
0.593127,8.301433,4.255311,-10,-10,-10,0.44,10,-500,10,-500,114.5264,14.82433,-47.09486,27.9601,-26.40001,12.94738,-15.70951,0
7.152848,4.817479,0.5988373,-10,7.559593,-10,0.44,10,-500,10,-500,114.4611,14.9209,-47.05218,28.14404,-26.17303,12.72807,-15.90112,0
0.8822384,-8.905296,-1.392367,-10,10,-10,0.44,10,-500,10,-500,114.293,15.04236,-47.15085,28.21068,-26.16947,12.74319,-15.98644,0
-1.478294,-7.672672,4.920336,9.197407,10,-10,0.44,10,-500,10,-500,114.3074,15.17221,-47.21926,28.57552,-26.51689,12.43503,-15.69571,0
-5.142417,-7.581296,0.6332905,10,5.453119,-10,0.44,10,-500,10,-500,114.3854,15.29273,-47.26366,28.56934,-26.59629,12.47801,-15.65309,0
-3.960973,7.674842,-1.537848,10,-10,-10,0.44,10,-500,10,-500,114.5321,15.36832,-47.14229,28.36035,-26.72051,12.58642,-15.4283,0
2.910479,7.384004,3.783052,-7.592932,-10,-10,0.44,10,-500,10,-500,114.5802,15.45774,-47.02767,28.02427,-26.36766,12.82753,-15.68618,0
3.039432,8.967082,0.7337264,-10,-10,-10,0.44,10,-500,10,-500,114.5054,15.54668,-46.91543,27.94084,-26.26751,12.81796,-15.69333,0
6.660015,-5.276659,-0.4307215,-10,10,-10,0.44,10,-500,10,-500,114.397,15.6621,-46.98287,28.1955,-26.05634,12.61919,-15.96039,0
-3.940895,-8.062537,2.527841,6.981812,10,-10,0.44,10,-500,10,-500,114.3809,15.7868,-47.04873,28.51935,-26.3633,12.34991,-15.708,0
-0.7412094,-9.510651,2.024929,10,10,-10,0.44,10,-500,10,-500,114.4886,15.90905,-47.11944,28.61434,-26.44186,12.31351,-15.68803,0
-8.108796,2.016351,0.2605609,10,-9.063121,-10,0.44,10,-500,10,-500,114.5727,16.00185,-47.05399,28.38527,-26.62597,12.48834,-15.44969,0
3.347753,8.094407,0.621986,5.235275,-10,-10,0.44,10,-500,10,-500,114.6141,16.09376,-46.94155,28.25805,-26.50246,12.52239,-15.48003,0
0.453722,9.09508,3.115876,-10,-10,-10,0.44,10,-500,10,-500,114.476,16.18492,-46.82438,27.95122,-26.17823,12.73213,-15.70716,0
8.259674,1.723255,0.6619853,-10,7.646275,-10,0.44,10,-500,10,-500,114.3593,16.28371,-46.7854,28.13535,-25.94878,12.51571,-15.90433,0
-1.491634,-8.652146,-0.3714398,-10,10,-10,0.44,10,-500,10,-500,114.3026,16.41014,-46.86153,28.19841,-25.94188,12.51574,-15.97431,0
-0.4741542,-8.304635,4.38168,10,10,-10,0.44,10,-500,10,-500,114.4467,16.53718,-46.94418,28.58941,-26.31608,12.19322,-15.66858,0
-6.93476,-5.292153,0.7136236,10,-7.666278,-10,0.44,10,-500,10,-500,114.532,16.64245,-46.92835,28.39701,-26.50499,12.3725,-15.46656,0
-0.7216247,8.870215,-1.480389,10,-10,-10,0.44,10,-500,10,-500,114.4718,16.72662,-46.73201,28.29596,-26.43783,12.31086,-15.37104,0
1.612452,7.469191,4.496326,-9.149366,-10,-10,0.44,10,-500,10,-500,114.2147,16.79925,-46.49381,27.86697,-25.99129,12.54249,-15.62021,0
5.242957,7.414697,0.4951164,-10,-5.653246,-10,0.44,10,-500,10,-500,113.8803,16.84658,-46.23104,27.78249,-25.79572,12.40923,-15.59805,0
3.97157,-7.929862,-1.303061,-10,10,-10,0.44,10,-500,10,-500,113.752,16.98211,-46.20021,27.94954,-25.58925,12.21665,-15.77898,0
-3.265351,-8.011861,3.841078,7.699617,10,-10,0.44,10,-500,10,-500,113.6429,17.12087,-46.09953,28.2153,-25.83246,11.86746,-15.45234,0
-2.709991,-8.744172,1.022218,10,10,-10,0.44,10,-500,10,-500,113.3901,17.25668,-45.74425,28.10907,-25.70253,11.67931,-15.28789,0
-6.521797,5.244995,-0.841961,10,-10,-10,0.44,10,-500,10,-500,109.1645,17.29218,-41.41776,25.82106,-23.90767,10.38243,-13.49786,0
3.95155,7.765724,2.894292,-7.71962,-10,-10,0.44,10,-500,10,-500,109.1384,17.43306,-41.38002,25.51297,-23.57766,10.65926,-13.79661,0
1.327449,9.543522,1.637078,-10,-10,-10,0.44,10,-500,10,-500,109.0694,17.57379,-41.4118,25.49337,-23.53827,10.70518,-13.86233,0
8.185256,-2.684756,0.5644671,-10,9.361849,-10,0.44,10,-500,10,-500,108.6422,17.62612,-41.06751,25.55242,-23.14265,10.36086,-13.97267,0
-3.360289,-8.129428,1.368526,-2.971434,10,-10,0.44,10,-500,10,-500,108.2814,17.70965,-40.7509,25.53909,-23.09195,10.11185,-13.76104,0
0.1830019,-8.863854,3.337233,10,10,-10,0.44,10,-500,10,-500,108.1998,17.82166,-40.55599,25.68659,-23.21649,9.802845,-13.47499,0
-8.208541,-0.9856451,0.8392051,10,-7.752958,-10,0.44,10,-500,10,-500,108.3018,17.92117,-40.56181,25.50205,-23.41725,9.992206,-13.27905,0
2.450363,8.524216,-0.2436042,10,-10,-10,0.44,10,-500,10,-500,108.5318,18.01871,-40.72644,25.56176,-23.51867,10.06892,-13.31404,0
0.4153872,8.473248,3.996795,-10,-10,-10,0.44,10,-500,10,-500,108.5293,18.13246,-40.8464,25.27684,-23.22125,10.45323,-13.71087,0
7.824509,4.242575,1.080041,-10,7.772962,-10,0.44,10,-500,10,-500,108.4319,18.23378,-40.84581,25.47846,-23.00788,10.25112,-13.92374,0
-0.006176293,-8.983927,-1.460637,-10,10,-10,0.44,10,-500,10,-500,108.2645,18.33333,-40.72551,25.45362,-22.91427,10.17627,-13.91766,0
-0.9718196,-7.859524,5.099578,9.714969,10,-10,0.44,10,-500,10,-500,108.2945,18.44445,-40.62705,25.76008,-23.20123,9.788244,-13.54913,0
-6.042603,-6.817923,0.5704784,10,0.2793396,-10,0.44,10,-500,10,-500,108.3757,18.54893,-40.57962,25.6489,-23.29227,9.860127,-13.4188,0
-2.445727,8.552805,-1.365046,10,-10,-10,0.44,10,-500,10,-500,108.5018,18.6514,-40.67517,25.58523,-23.44862,10.00296,-13.34162,0
2.153347,7.248254,4.041553,-8.375068,-10,-10,0.44,10,-500,10,-500,108.5016,18.76383,-40.76143,25.3145,-23.16475,10.34516,-13.69695,0
4.215931,8.320213,0.5672575,-10,-10,-10,0.44,10,-500,10,-500,108.4067,18.87266,-40.85111,25.32466,-23.16251,10.40931,-13.77351,0
5.308254,-6.764136,-0.7124342,-10,10,-10,0.44,10,-500,10,-500,108.3115,18.97362,-40.76266,25.51655,-22.88644,10.14413,-13.97628,0
-3.561036,-7.945337,3.465378,7.826305,10,-10,0.44,10,-500,10,-500,108.3142,19.08265,-40.67217,25.79212,-23.14319,9.79359,-13.64456,0
-2.191468,-9.458475,1.099703,10,10,-10,0.44,10,-500,10,-500,108.44,19.18653,-40.57348,25.80471,-23.13748,9.699224,-13.56849,0
-6.771565,4.568075,0.02546822,10,-10,-10,0.44,10,-500,10,-500,108.5087,19.29359,-40.66033,25.62518,-23.39617,9.950711,-13.38177,0
4.119749,7.976946,2.507466,-4.241179,-10,-10,0.44,10,-500,10,-500,108.4945,19.40636,-40.75526,25.42743,-23.18575,10.22713,-13.67084,0
0.994073,9.448129,2.0533,-10,-10,-10,0.44,10,-500,10,-500,108.3356,19.51318,-40.86552,25.37163,-23.11877,10.37428,-13.82918,0
8.055099,-1.951949,0.1426006,-10,8.883727,-10,0.44,10,-500,10,-500,108.2621,19.61784,-40.82631,25.57186,-22.87743,10.14157,-14.03804,0
-3.255956,-8.33115,0.7058195,-6.163849,10,-10,0.44,10,-500,10,-500,108.2693,19.72966,-40.70321,25.60929,-22.8692,10.00214,-13.94427,0
-0.4731337,-9.309521,2.790326,10,10,-10,0.44,10,-500,10,-500,108.4801,19.83611,-40.55262,25.84453,-23.08367,9.642121,-13.60502,0
-8.150111,-1.664368,0.8695829,10,-7.879647,-10,0.44,10,-500,10,-500,108.6166,19.93989,-40.50715,25.64043,-23.26568,9.808549,-13.38534,0
2.031146,8.518895,-0.5398455,10,-10,-10,0.44,10,-500,10,-500,108.5607,20.05928,-40.68047,25.69017,-23.35245,9.902411,-13.44217,0
0.6287924,8.342344,4.05912,-10,-10,-10,0.44,10,-500,10,-500,108.2099,20.16861,-40.95641,25.44728,-23.10416,10.37395,-13.91911,0
7.630911,4.564883,0.8919345,-10,7.899651,-10,0.44,10,-500,10,-500,107.9501,20.2735,-41.12225,25.70809,-22.95281,10.25055,-14.20788,0
0.01201206,-9.133655,-1.743868,-10,10,-10,0.44,10,-500,10,-500,108.426,20.40285,-40.54323,25.53782,-22.69486,9.941053,-13.98605,0
-1.258899,-8.050942,4.793214,9.621382,10,-10,0.44,10,-500,10,-500,114.2889,20.51114,-34.75104,23.80443,-20.96352,6.875092,-10.91804,0
-6.009102,-6.859115,0.5687342,10,0.6728817,-10,0.44,10,-500,10,-500,114.2984,20.61591,-34.84135,23.74941,-21.10743,7.004947,-10.84897,0
-2.33064,8.633491,-1.295254,10,-10,-10,0.44,10,-500,10,-500,114.9181,20.69603,-34.3102,23.45852,-21.02526,6.855729,-10.49103,0
2.164001,7.231477,4.096704,-8.485383,-10,-10,0.44,10,-500,10,-500,115.1045,20.82204,-34.09824,23.08036,-20.62039,7.058264,-10.72028,0
4.338825,8.346533,0.7415538,-10,-10,-10,0.44,10,-500,10,-500,115.1073,20.95481,-33.98492,23.02015,-20.53631,7.024572,-10.71046,0
4.624406,-7.386374,-1.386164,-10,10,-10,0.44,10,-500,10,-500,114.8147,21.0167,-34.2113,23.32175,-20.38702,6.91055,-11.04732,0
-3.087912,-7.543739,4.184164,7.952991,10,-10,0.44,10,-500,10,-500,114.6534,21.10819,-34.39644,23.69768,-20.75682,6.688024,-10.83093,0
-2.550579,-9.383498,0.6803904,10,10,-10,0.44,10,-500,10,-500,114.6407,21.21014,-34.5457,23.79834,-20.84836,6.711041,-10.86306,0
-6.902616,4.65774,-0.9006073,10,-10,-10,0.44,10,-500,10,-500,114.8223,21.31202,-34.42636,23.54369,-21.02412,6.86681,-10.58843,0
4.051893,7.826207,2.690899,-6.823546,-10,-10,0.44,10,-500,10,-500,114.8979,21.42933,-34.32825,23.23161,-20.69051,7.097591,-10.84073,0
1.314778,9.459764,1.890457,-10,-10,-10,0.44,10,-500,10,-500,114.8429,21.54837,-34.24065,23.14888,-20.58638,7.107734,-10.87228,0
7.99125,-2.818755,0.3147499,-10,9.333364,-10,0.44,10,-500,10,-500,114.7129,21.64051,-34.31734,23.39612,-20.38752,6.924051,-11.13468,0
-3.483206,-8.141535,1.338784,-2.548442,10,-10,0.44,10,-500,10,-500,114.616,21.73943,-34.42343,23.57404,-20.53994,6.834033,-11.07018,0
-0.5756976,-9.596667,2.326464,10,10,-10,0.44,10,-500,10,-500,114.6884,21.84297,-34.52172,23.83823,-20.7926,6.651284,-10.89895,0
-8.313795,-0.5311875,0.5962599,10,-8.182058,-10,0.44,10,-500,10,-500,114.7855,21.94502,-34.5276,23.64896,-20.99756,6.845425,-10.69887,0
2.793295,8.27999,-0.1796862,10,-10,-10,0.44,10,-500,10,-500,114.8875,22.05818,-34.4436,23.60962,-20.97848,6.815171,-10.64834,0
0.4895662,8.611093,3.67669,-10,-10,-10,0.44,10,-500,10,-500,114.7897,22.17575,-34.36552,23.24181,-20.58956,7.118284,-10.97257,0
8.252736,2.824198,0.8794107,-10,8.026337,-10,0.44,10,-500,10,-500,114.6926,22.27931,-34.36598,23.44724,-20.37334,6.91323,-11.18917,0
-1.235816,-9.016746,-1.317382,-10,10,-10,0.44,10,-500,10,-500,114.6249,22.37862,-34.47124,23.51437,-20.38541,6.933316,-11.26431,0
-0.6690571,-8.179134,4.540597,10,10,-10,0.44,10,-500,10,-500,114.7584,22.47993,-34.57841,23.91215,-20.77239,6.624336,-10.96614,0
-7.044564,-5.664154,0.3880329,10,-6.787971,-10,0.44,10,-500,10,-500,114.8724,22.58085,-34.61072,23.74989,-20.97419,6.813361,-10.7911,0
-0.6510175,8.801056,-1.665139,10,-10,-10,0.44,10,-500,10,-500,114.9193,22.69976,-34.51876,23.68909,-20.9637,6.797967,-10.72541,0
1.604682,7.791673,4.689813,-9.34028,-10,-10,0.44,10,-500,10,-500,114.7955,22.81984,-34.41874,23.32273,-20.57475,7.081451,-11.03147,0
5.967008,7.165395,0.7854491,-10,-3.147263,-10,0.44,10,-500,10,-500,114.6318,22.92651,-34.33332,23.35412,-20.43188,6.979291,-11.10357,0
3.127891,-8.416574,-1.462602,-10,10,-10,0.44,10,-500,10,-500,114.6624,23.02985,-34.49216,23.57362,-20.34665,6.891402,-11.32042,0
-2.635362,-7.779888,4.170262,8.426496,10,-10,0.44,10,-500,10,-500,114.8544,23.12789,-34.70185,23.98785,-20.75536,6.650918,-11.08545,0
-4.123871,-8.580504,0.3994843,10,10,-10,0.44,10,-500,10,-500,115.2347,23.19691,-35.00743,24.1629,-20.93303,6.729071,-11.16099,0
-4.853844,6.936131,-1.09716,10,-10,-10,0.44,10,-500,10,-500,115.2759,23.33142,-34.94536,23.92505,-21.12293,6.915486,-10.91965,0
3.370704,7.497444,3.579859,-8.099684,-10,-10,0.44,10,-500,10,-500,115.1563,23.47022,-34.81374,23.56804,-20.73955,7.163434,-11.19397,0
2.507518,8.927197,0.5287607,-10,-10,-10,0.44,10,-500,10,-500,112.7794,23.59649,-32.53564,22.51355,-19.62342,6.330321,-10.42249,0
6.468119,-5.454955,-0.6601501,-10,10,-10,0.44,10,-500,10,-500,113.8099,23.67966,-33.66687,23.25487,-19.89793,6.526324,-11.0853,0
-3.63952,-7.762595,3.063468,8.079965,10,-10,0.44,10,-500,10,-500,113.8622,23.81952,-33.72984,23.60038,-20.22411,6.232988,-10.8113,0
-1.286865,-9.5295,1.494905,10,10,-10,0.44,10,-500,10,-500,113.9627,23.96049,-33.72992,23.64929,-20.25202,6.184148,-10.78346,0
-7.652652,3.282155,0.08411968,10,-9.590643,-10,0.44,10,-500,10,-500,114.3233,24.0039,-34.01451,23.56198,-20.6093,6.507263,-10.66198,0
3.976362,8.094681,1.834915,0.0696407,-10,-10,0.44,10,-500,10,-500,114.6197,24.07554,-34.28836,23.51601,-20.57342,6.780142,-10.92477,0
1.021937,9.625866,2.797334,-10,-10,-10,0.44,10,-500,10,-500,114.6954,24.17299,-34.48787,23.43336,-20.48554,7.0281,-11.17797,0
8.157787,-0.8269865,0.49761,-10,8.658538,-10,0.44,10,-500,10,-500,114.5743,24.27326,-34.45901,23.63263,-20.24857,6.804921,-11.39103,0
-2.996593,-8.249313,0.525097,-8.071378,10,-10,0.44,10,-500,10,-500,114.3911,24.3864,-34.33396,23.62992,-20.19326,6.704011,-11.34272,0
-0.1449891,-9.085923,3.232283,10,10,-10,0.44,10,-500,10,-500,114.4231,24.50945,-34.24249,23.91294,-20.45412,6.34521,-11.00607,0
-8.243174,-1.621341,0.6613733,10,-8.173029,-10,0.44,10,-500,10,-500,114.5286,24.61015,-34.25744,23.72733,-20.66379,6.543203,-10.80879,0
1.891511,8.170044,-0.9825236,10,-10,-10,0.44,10,-500,10,-500,114.6885,24.69985,-34.3813,23.77012,-20.74046,6.60304,-10.83474,0
0.2891246,8.125987,3.458903,-10,-10,-10,0.44,10,-500,10,-500,114.64,24.80097,-34.48826,23.47567,-20.43649,6.986115,-11.22734,0
7.859511,3.704306,1.055628,-10,8.193033,-10,0.44,10,-500,10,-500,114.547,24.90223,-34.5032,23.68824,-20.22551,6.785919,-11.4507,0
-0.7069311,-9.067994,-1.61846,-10,10,-10,0.44,10,-500,10,-500,114.4296,25.01604,-34.4182,23.67702,-20.15313,6.726711,-11.45264,0
-1.226285,-8.339429,4.216156,10,10,-10,0.44,10,-500,10,-500,114.5144,25.13534,-34.34269,24.00152,-20.45688,6.339644,-11.08632,0
-6.741007,-5.921257,0.550749,10,-4.68427,-10,0.44,10,-500,10,-500,114.6127,25.24005,-34.32957,23.84412,-20.61457,6.486182,-10.91777,0
-0.6189862,9.061893,-1.282586,10,-10,-10,0.44,10,-500,10,-500,114.6997,25.33688,-34.4313,23.83545,-20.71669,6.579137,-10.89994,0
2.094464,8.116188,5.075821,-9.270385,-10,-10,0.44,10,-500,10,-500,114.627,25.43934,-34.53075,23.54926,-20.42073,6.947735,-11.27831,0
5.972011,7.364748,0.8719998,-10,-3.778402,-10,0.44,10,-500,10,-500,114.5018,25.53515,-34.61052,23.6377,-20.35936,6.925387,-11.40577,0
3.051348,-8.478648,-1.614702,-10,10,-10,0.44,10,-500,10,-500,114.4361,25.65099,-34.52915,23.76546,-20.15634,6.730213,-11.54138,0
-2.655879,-7.761086,4.208326,8.569376,10,-10,0.44,10,-500,10,-500,114.4905,25.77166,-34.44349,24.05979,-20.42922,6.364907,-11.19752,0
-4.025089,-8.077721,0.8214052,10,10,-10,0.44,10,-500,10,-500,114.6579,25.88428,-34.33532,24.05961,-20.40766,6.275445,-11.12944,0
-4.388151,7.324316,-1.097,10,-10,-10,0.44,10,-500,10,-500,114.6673,25.9846,-34.46402,23.89201,-20.68253,6.549686,-10.96121,0
3.698331,7.785586,4.238281,-8.266376,-10,-10,0.44,10,-500,10,-500,114.556,26.08422,-34.62019,23.64289,-20.42696,6.928215,-11.34619,0
2.94574,8.695667,0.4183885,-10,-10,-10,0.44,10,-500,10,-500,114.2861,26.16515,-34.82535,23.68487,-20.46739,7.056224,-11.47575,0
6.109045,-6.078785,-0.9695322,-10,10,-10,0.44,10,-500,10,-500,114.2703,26.29333,-34.72952,23.88024,-20.18947,6.781449,-11.67426,0
-3.378684,-7.565701,3.651008,8.286381,10,-10,0.44,10,-500,10,-500,114.3987,26.42378,-34.58241,24.15016,-20.43339,6.389635,-11.30845,0
-2.116996,-9.830066,0.9674259,10,10,-10,0.44,10,-500,10,-500,114.8229,26.53976,-34.24876,24.0819,-20.33159,6.181437,-11.13379,0
-7.02509,4.455914,0.01577204,10,-10,-10,0.44,10,-500,10,-500,114.2342,26.64706,-34.94287,24.10424,-20.82269,6.734231,-11.21783,0
3.947542,7.780744,2.214205,-4.402071,-10,-10,0.44,10,-500,10,-500,111.6407,26.62219,-37.56708,24.84668,-21.54064,8.166185,-12.67427,0
0.9519474,9.401506,1.767516,-10,-10,-10,0.44,10,-500,10,-500,112.124,26.50554,-36.98228,24.5114,-21.25242,8.016902,-12.47793,0
8.338928,-2.372556,0.7184049,-10,9.30426,-10,0.44,10,-500,10,-500,111.6209,26.43803,-37.39599,24.87959,-21.1758,7.991506,-12.89734,0
-3.667717,-8.26958,1.122731,-2.320004,10,-10,0.44,10,-500,10,-500,111.2305,26.33611,-37.73838,25.13917,-21.41693,8.015626,-12.9399,0
-0.09416197,-9.208441,2.868401,10,10,-10,0.44,10,-500,10,-500,111.1733,26.21017,-37.90375,25.40814,-21.6961,7.883682,-12.79776,0
-7.945643,0.4711089,0.8375143,10,-8.639156,-10,0.44,10,-500,10,-500,111.3382,26.11813,-37.82629,25.16739,-21.89242,8.060257,-12.53727,0
3.373781,8.312106,0.3426889,8.755011,-10,-10,0.44,10,-500,10,-500,111.5921,26.03091,-37.63205,25.05422,-21.83271,8.012478,-12.43603,0
0.5172848,8.970914,3.398946,-10,-10,-10,0.44,10,-500,10,-500,111.6091,25.92388,-37.4893,24.66529,-21.46714,8.283116,-12.68331,0
8.581234,1.433471,0.7864308,-10,8.359726,-10,0.44,10,-500,10,-500,111.5145,25.8233,-37.48551,24.85758,-21.26116,8.087693,-12.88616,0
-2.284328,-8.569849,-0.4668117,-10,10,-10,0.44,10,-500,10,-500,111.3408,25.71787,-37.60453,24.91087,-21.28692,8.133029,-12.95902,0
-0.231521,-8.415817,4.126854,10,10,-10,0.44,10,-500,10,-500,111.383,25.60184,-37.699,25.2865,-21.67488,7.835668,-12.64933,0
-7.471953,-2.857953,1.118814,10,-8.37973,-10,0.44,10,-500,10,-500,111.4821,25.50008,-37.69499,25.07585,-21.89361,8.042998,-12.42728,0
1.33888,8.778567,-1.054451,10,-10,-10,0.44,10,-500,10,-500,111.6183,25.40107,-37.58853,25.0112,-21.88603,8.019434,-12.34665,0
0.8952422,8.284033,4.473025,-10,-10,-10,0.44,10,-500,10,-500,111.5487,25.29372,-37.49447,24.61729,-21.51336,8.335401,-12.64138,0
7.064524,4.520109,0.4628174,-10,8.399733,-10,0.44,10,-500,10,-500,111.4524,25.19147,-37.48625,24.8077,-21.30534,8.138191,-12.84259,0
0.383149,-8.71496,-1.253856,-10,10,-10,0.44,10,-500,10,-500,111.3494,25.08201,-37.57522,24.851,-21.32437,8.168611,-12.89728,0
-0.998007,-7.809016,4.832789,9.704006,10,-10,0.44,10,-500,10,-500,111.4296,24.96714,-37.65734,25.21849,-21.70481,7.869162,-12.58488,0
-6.450213,-6.583834,0.4023413,10,-1.857964,-10,0.44,10,-500,10,-500,111.5346,24.86267,-37.69113,25.10297,-21.87037,8.012678,-12.44732,0
-1.411811,8.710184,-1.660903,10,-10,-10,0.44,10,-500,10,-500,111.6061,24.75995,-37.59301,24.96438,-21.93612,8.06998,-12.30028,0
1.729837,7.568228,4.337784,-9.206758,-10,-10,0.44,10,-500,10,-500,111.5258,24.65295,-37.49335,24.58067,-21.57414,8.371101,-12.57967,0
5.791107,7.324266,0.7287708,-10,-4.709482,-10,0.44,10,-500,10,-500,111.3841,24.55474,-37.40595,24.57237,-21.46643,8.306988,-12.61496,0
3.261287,-8.279811,-1.41986,-10,10,-10,0.44,10,-500,10,-500,111.3382,24.44101,-37.5003,24.7688,-21.34379,8.188733,-12.81579,0
-2.546268,-7.664839,4.430762,8.737957,10,-10,0.44,10,-500,10,-500,111.4184,24.32411,-37.60553,25.13019,-21.71712,7.914535,-12.52964,0
-4.560104,-8.201987,0.4993556,10,10,-10,0.44,10,-500,10,-500,111.6224,24.21845,-37.74502,25.21689,-21.81213,7.943407,-12.55021,0
-4.183203,7.454436,-1.542094,10,-10,-10,0.44,10,-500,10,-500,111.6089,24.1093,-37.60503,24.92089,-21.99089,8.123412,-12.25546,0
3.436321,7.593568,4.272293,-8.47308,-10,-10,0.44,10,-500,10,-500,111.4553,24.00255,-37.41918,24.50696,-21.60343,8.38336,-12.48893,0
3.48624,8.666586,0.496083,-10,-10,-10,0.44,10,-500,10,-500,111.0984,23.91912,-37.13854,24.3285,-21.45226,8.329281,-12.40756,0
5.824168,-6.496447,-0.7120297,-10,10,-10,0.44,10,-500,10,-500,111.1267,23.7887,-37.27347,24.60615,-21.29243,8.163434,-12.6792,0
-3.584959,-7.824317,3.636988,8.493082,10,-10,0.44,10,-500,10,-500,111.4238,23.6597,-37.58348,25.0668,-21.75546,7.959651,-12.47303,0
-2.52712,-9.314639,0.978222,10,10,-10,0.44,10,-500,10,-500,113.6045,23.57939,-39.66737,26.06976,-22.71643,8.683383,-13.23875,0
-6.457672,5.321932,-1.029958,10,-10,-10,0.44,10,-500,10,-500,114.1955,23.50667,-40.15875,26.07519,-23.18412,9.085096,-13.17821,0
3.902661,7.716796,3.00693,-8.513086,-10,-10,0.44,10,-500,10,-500,112.2458,23.44218,-38.19852,24.85181,-21.98956,8.684258,-12.74855,0
1.801991,9.259959,0.9688065,-10,-10,-10,0.44,10,-500,10,-500,112.1983,23.3024,-38.252,24.83682,-21.9922,8.743558,-12.79022,0
7.230542,-4.624557,-0.1984455,-10,9.968494,-10,0.44,10,-500,10,-500,111.6366,23.26097,-37.77311,24.81839,-21.55667,8.365191,-12.82895,0
-3.89762,-8.007646,2.390841,5.083275,10,-10,0.44,10,-500,10,-500,111.3138,23.16144,-37.459,24.91,-21.68059,8.013308,-12.44476,0
-1.374486,-9.758671,1.497895,10,10,-10,0.44,10,-500,10,-500,111.2506,23.04116,-37.28092,24.90122,-21.69949,7.874534,-12.2783,0
-7.675431,3.122607,0.1047028,10,-9.532188,-10,0.44,10,-500,10,-500,111.4822,22.95576,-37.43549,24.75771,-21.99987,8.14613,-12.106,0
3.783213,7.864073,1.545529,-0.2671288,-10,-10,0.44,10,-500,10,-500,111.6652,22.85419,-37.60123,24.65485,-21.91286,8.386309,-12.33034,0
1.234953,9.819678,2.745313,-10,-10,-10,0.44,10,-500,10,-500,111.6618,22.74129,-37.72715,24.53685,-21.80391,8.608643,-12.54363,0
7.794612,-2.070208,-0.06293516,-10,9.12088,-10,0.44,10,-500,10,-500,111.5272,22.64401,-37.67227,24.71316,-21.56707,8.386866,-12.735,0
-3.629341,-8.374109,0.6169378,-4.396698,10,-10,0.44,10,-500,10,-500,111.386,22.53988,-37.55478,24.75054,-21.60679,8.252137,-12.59792,0
-0.4063017,-9.260508,2.542801,10,10,-10,0.44,10,-500,10,-500,111.4322,22.42773,-37.45613,24.94593,-21.82427,7.975001,-12.2987,0
-8.414105,-0.04016525,0.2227087,10,-8.745522,-10,0.44,10,-500,10,-500,111.5346,22.32671,-37.46793,24.73874,-22.05309,8.191975,-12.07966,0
3.172332,8.033619,-0.08344783,8.809799,-10,-10,0.44,10,-500,10,-500,111.6595,22.22269,-37.56775,24.74872,-22.10037,8.264704,-12.11509,0
0.6021125,9.183876,3.323047,-10,-10,-10,0.44,10,-500,10,-500,111.584,22.11183,-37.65663,24.45602,-21.81826,8.631042,-12.47084,0
8.428851,0.812295,0.6344587,-10,8.606434,-10,0.44,10,-500,10,-500,111.487,22.00931,-37.66016,24.65435,-21.61207,8.435637,-12.67996,0
-2.900982,-8.650727,-0.5574467,-10,10,-10,0.44,10,-500,10,-500,111.3875,21.90307,-37.56741,24.61554,-21.56272,8.397596,-12.65246,0
-0.2717915,-8.71977,3.591313,10,10,-10,0.44,10,-500,10,-500,111.4911,21.79227,-37.47954,24.91466,-21.88299,8.025674,-12.25939,0
-8.298657,-2.258813,0.4074691,10,-8.626438,-10,0.44,10,-500,10,-500,111.5901,21.68911,-37.47365,24.70061,-22.10343,8.234842,-12.03406,0
2.023245,8.395813,-0.9369431,10,-10,-10,0.44,10,-500,10,-500,111.6594,21.58136,-37.56964,24.72442,-22.1677,8.290561,-12.04932,0
0.4465474,8.299584,3.740855,-10,-10,-10,0.44,10,-500,10,-500,111.5245,21.4718,-37.66753,24.41224,-21.86514,8.68386,-12.433,0
7.773004,2.930471,0.6037428,-10,8.646441,-10,0.44,10,-500,10,-500,111.4213,21.36809,-37.67857,24.61396,-21.66104,8.491284,-12.64625,0
-1.270486,-8.879283,-1.314786,-10,10,-10,0.44,10,-500,10,-500,111.3877,21.25736,-37.5687,24.57058,-21.60976,8.443621,-12.60649,0
-0.4375578,-8.162378,4.525906,10,10,-10,0.44,10,-500,10,-500,111.5667,21.14818,-37.44518,24.85814,-21.92051,8.053717,-12.1934,0
-7.131688,-4.225316,0.9759319,10,-8.666443,-10,0.44,10,-500,10,-500,111.681,21.04374,-37.42375,24.63744,-22.13635,8.256663,-11.95979,0
0.8046581,8.977509,-1.329928,10,-10,-10,0.44,10,-500,10,-500,111.6579,20.92993,-37.57258,24.67965,-22.21569,8.337766,-12.00377,0
0.9043617,7.976297,4.303227,-9.943266,-10,-10,0.44,10,-500,10,-500,111.3919,20.82309,-37.77181,24.40589,-21.94483,8.776613,-12.43971,0
7.144184,5.345214,0.9107214,-10,6.322499,-10,0.44,10,-500,10,-500,111.1993,20.72201,-37.87325,24.61519,-21.79482,8.651356,-12.67377,0
0.2114294,-9.06284,-1.796901,-10,10,-10,0.44,10,-500,10,-500,111.3375,20.59715,-37.62635,24.5466,-21.67669,8.51538,-12.58733,0
-1.303815,-7.941422,4.671817,9.683485,10,-10,0.44,10,-500,10,-500,112.076,20.49155,-36.95062,24.61133,-21.79681,7.890738,-11.9073,0
-6.531427,-6.220211,0.5682782,10,-2.206991,-10,0.44,10,-500,10,-500,114.1028,20.46345,-35.02021,23.75368,-21.21645,7.148878,-10.88815,0
-1.015671,8.820127,-1.625905,10,-10,-10,0.44,10,-500,10,-500,115.485,20.5444,-33.73755,23.25669,-20.80869,6.583063,-10.23311,0
1.858969,7.711377,4.648431,-9.443962,-10,-10,0.44,10,-500,10,-500,115.4025,20.68506,-33.76999,22.94347,-20.47607,6.923165,-10.5926,0
6.244423,6.962026,0.8245181,-10,-1.77334,-10,0.44,10,-500,10,-500,115.2428,20.79953,-33.83356,23.04968,-20.38344,6.869632,-10.73791,0
2.071034,-8.844642,-1.828977,-10,10,-10,0.44,10,-500,10,-500,114.8243,20.84605,-34.17758,23.29087,-20.37299,6.913486,-11.03341,0
-1.824574,-7.743567,4.799816,9.222073,10,-10,0.44,10,-500,10,-500,114.6307,20.93684,-34.42759,23.70857,-20.79341,6.702944,-10.82015,0
-5.556771,-7.44774,0.379762,10,5.489738,-10,0.44,10,-500,10,-500,114.6093,21.04048,-34.56875,23.7316,-20.91188,6.796877,-10.81864,0
-2.851822,8.308229,-1.800246,10,-10,-10,0.44,10,-500,10,-500,114.8351,21.1406,-34.41162,23.51698,-21.02105,6.881299,-10.57927,0
2.094057,7.203078,3.860141,-9.024142,-10,-10,0.44,10,-500,10,-500,114.9031,21.25865,-34.29843,23.16263,-20.64174,7.141868,-10.8648,0
5.202133,7.935595,0.8801039,-10,-8.973399,-10,0.44,10,-500,10,-500,114.8621,21.37733,-34.20735,23.12957,-20.56195,7.099452,-10.86912,0
3.590787,-8.131544,-1.743834,-10,10,-10,0.44,10,-500,10,-500,114.6899,21.46247,-34.33684,23.3887,-20.38951,6.947625,-11.14885,0
-2.936235,-7.883092,4.078691,8.842762,10,-10,0.44,10,-500,10,-500,114.6349,21.56396,-34.44867,23.7564,-20.74941,6.672585,-10.88161,0
-4.161817,-8.04422,0.7273846,10,10,-10,0.44,10,-500,10,-500,114.6938,21.66586,-34.55464,23.8276,-20.81233,6.689186,-10.90649,0
-3.69974,7.931125,-0.9917134,10,-10,-10,0.44,10,-500,10,-500,114.8207,21.77141,-34.46336,23.58249,-20.99561,6.858676,-10.64759,0
2.974578,7.27625,3.940302,-8.799799,-10,-10,0.44,10,-500,10,-500,114.8423,21.88772,-34.38234,23.24154,-20.63169,7.132483,-10.94437,0
3.877441,8.531055,0.5514694,-10,-10,-10,0.44,10,-500,10,-500,114.7484,22.00154,-34.299,23.19278,-20.56014,7.112193,-10.94687,0
4.902564,-7.319825,-1.347628,-10,10,-10,0.44,10,-500,10,-500,114.652,22.0966,-34.39803,23.45711,-20.3663,6.929919,-11.22276,0
-3.567948,-7.808459,3.631439,8.819803,10,-10,0.44,10,-500,10,-500,114.6587,22.20036,-34.49438,23.82226,-20.72223,6.644598,-10.94668,0
-3.200828,-8.845382,0.8096953,10,10,-10,0.44,10,-500,10,-500,114.7833,22.29824,-34.59877,23.89671,-20.78883,6.656646,-10.96657,0
-5.294348,6.77548,-1.060671,10,-10,-10,0.44,10,-500,10,-500,114.8556,22.41031,-34.51477,23.65187,-20.97163,6.831887,-10.71416,0
3.676437,7.517395,3.839001,-8.839806,-10,-10,0.44,10,-500,10,-500,114.8245,22.52835,-34.42931,23.30579,-20.6018,7.107151,-11.01318,0
3.019799,8.902376,0.749653,-10,-10,-10,0.44,10,-500,10,-500,114.6692,22.63938,-34.32647,23.24679,-20.5189,7.080936,-11.01088,0
6.357997,-5.978333,-0.6023622,-10,10,-10,0.44,10,-500,10,-500,114.6441,22.74054,-34.44594,23.52325,-20.33777,6.903465,-11.29099,0
-3.145045,-7.298462,4.122684,8.85981,10,-10,0.44,10,-500,10,-500,114.7333,22.84318,-34.58152,23.90858,-20.71687,6.630481,-11.02424,0
-2.791277,-9.493354,0.5037268,10,10,-10,0.44,10,-500,10,-500,114.9666,22.93038,-34.75455,24.01424,-20.82109,6.668186,-11.06338,0
-6.067249,5.763869,-0.767151,10,-10,-10,0.44,10,-500,10,-500,114.9793,23.05455,-34.6488,23.75828,-20.98955,6.836524,-10.8073,0
3.751802,7.565886,3.118603,-8.879812,-10,-10,0.44,10,-500,10,-500,114.8593,23.17994,-34.50753,23.38565,-20.58818,7.092107,-11.09162,0
2.238566,9.300575,0.9510697,-10,-10,-10,0.44,10,-500,10,-500,114.5195,23.29054,-34.25245,23.25976,-20.42792,7.006633,-11.04051,0
6.763825,-5.31465,-0.4295229,-10,10,-10,0.44,10,-500,10,-500,114.7663,23.40067,-34.60914,23.64155,-20.36764,6.920393,-11.39635,0
-3.873326,-7.928442,2.790106,8.899817,10,-10,0.44,10,-500,10,-500,115.655,23.47318,-35.5114,24.37829,-21.14646,6.931266,-11.36514,0
-2.042372,-9.653883,1.151422,10,10,-10,0.44,10,-500,10,-500,116.8804,23.40001,-36.6414,24.95671,-21.73855,7.289149,-11.70934,0
-7.023366,4.72206,-0.4868479,10,-10,-10,0.44,10,-500,10,-500,117.8136,23.38221,-37.48518,25.1692,-22.35687,7.775801,-11.79018,0
4.088141,7.830455,2.702176,-7.34356,-10,-10,0.44,10,-500,10,-500,118.2325,23.26912,-37.89865,25.07535,-22.25058,8.212254,-12.23906,0
1.526139,9.314169,1.234717,-10,-10,-10,0.44,10,-500,10,-500,118.2759,23.13638,-38.04935,25.08936,-22.2738,8.323112,-12.34071,0
7.429698,-4.420138,-0.1919694,-10,9.877213,-10,0.44,10,-500,10,-500,117.9356,23.07361,-37.78333,25.17153,-21.93619,8.020508,-12.45789,0
-3.943152,-7.982233,2.326128,5.512446,10,-10,0.44,10,-500,10,-500,117.7264,22.97886,-37.56958,25.32191,-22.11318,7.693029,-12.1038,0
-1.149269,-9.470639,1.701494,10,10,-10,0.44,10,-500,10,-500,117.6969,22.87001,-37.41256,25.31721,-22.13565,7.567621,-11.95121,0
-7.489588,3.77948,-0.3777509,10,-9.771355,-10,0.44,10,-500,10,-500,117.8867,22.7743,-37.53212,25.15289,-22.42209,7.831009,-11.76385,0
3.862218,7.680948,1.878146,-3.899349,-10,-10,0.44,10,-500,10,-500,117.9989,22.66284,-37.65067,24.96574,-22.24776,8.116385,-12.03641,0
1.258858,9.525287,1.789264,-10,-10,-10,0.44,10,-500,10,-500,117.9599,22.54661,-37.75032,24.89619,-22.18784,8.268504,-12.1789,0
7.798539,-3.497645,0.2063539,-10,9.678706,-10,0.44,10,-500,10,-500,117.8172,22.45358,-37.66427,25.06433,-21.93258,8.029072,-12.36286,0
-3.591709,-7.769204,2.275927,2.406658,10,-10,0.44,10,-500,10,-500,117.734,22.35069,-37.55782,25.21887,-22.10257,7.786315,-12.10466,0
-1.19345,-9.644852,1.568906,10,10,-10,0.44,10,-500,10,-500,117.8003,22.24487,-37.45913,25.2994,-22.20554,7.62401,-11.91992,0
-7.714025,3.055805,0.04436619,10,-9.600982,-10,0.44,10,-500,10,-500,117.9117,22.14273,-37.51347,25.10251,-22.46075,7.865933,-11.70974,0
4.209144,8.138831,1.991969,-1.104556,-10,-10,0.44,10,-500,10,-500,117.9671,22.03069,-37.5996,24.94328,-22.32026,8.096529,-11.9216,0
1.12742,9.379735,2.151091,-10,-10,-10,0.44,10,-500,10,-500,117.87,21.9183,-37.68464,24.81682,-22.20359,8.293452,-12.10872,0
7.7072,-3.101443,-0.09325869,-10,9.534863,-10,0.44,10,-500,10,-500,117.7763,21.81865,-37.63301,25.00117,-21.9661,8.066322,-12.30343,0
-3.829406,-8.126107,1.450245,-0.05426034,10,-10,0.44,10,-500,10,-500,117.7449,21.71339,-37.53726,25.12311,-22.09971,7.865045,-12.09048,0
-0.5583107,-9.18833,2.330459,10,10,-10,0.44,10,-500,10,-500,117.873,21.61005,-37.43665,25.2484,-22.24716,7.656394,-11.85967,0
-7.991294,2.279936,0.005703462,10,-9.483956,-10,0.44,10,-500,10,-500,117.9577,21.50506,-37.47229,25.04266,-22.49249,7.891659,-11.64387,0
3.902844,7.959487,1.321696,1.011455,-10,-10,0.44,10,-500,10,-500,117.9667,21.39033,-37.56635,24.919,-22.38982,8.09326,-11.82448,0
0.6929226,9.146372,2.01391,-10,-10,-10,0.44,10,-500,10,-500,117.8058,21.27929,-37.67376,24.76313,-22.24172,8.338121,-12.06157,0
8.039108,-2.283331,0.3602299,-10,9.443048,-10,0.44,10,-500,10,-500,117.7385,21.17613,-37.62747,24.95013,-22.00907,8.112771,-12.25588,0
-4.038386,-8.416387,0.7803412,-1.836306,10,-10,0.44,10,-500,10,-500,117.7825,21.06922,-37.48914,25.02761,-22.09971,7.920677,-12.05062,0
-0.973215,-9.661522,1.781252,10,10,-10,0.44,10,-500,10,-500,118.0228,20.97221,-37.31355,25.15561,-22.25459,7.647178,-11.75024,0
-7.738913,2.092741,0.5449575,10,-9.416021,-10,0.44,10,-500,10,-500,118.1096,20.86431,-37.32757,24.9407,-22.49135,7.873713,-11.5251,0
3.434724,7.59131,0.5053687,2.432718,-10,-10,0.44,10,-500,10,-500,118.0188,20.74003,-37.49463,24.8676,-22.43682,8.085227,-11.71805,0
1.142695,9.591614,2.866251,-10,-10,-10,0.44,10,-500,10,-500,117.6279,20.62858,-37.80058,24.7636,-22.32565,8.442739,-12.08273,0
8.286316,-1.750655,0.7296854,-10,9.399364,-10,0.44,10,-500,10,-500,117.5678,20.51869,-37.76127,24.95327,-22.09723,8.220494,-12.27858,0
-3.116238,-7.601125,1.767405,-2.88205,10,-10,0.44,10,-500,10,-500,119.3684,20.41257,-35.89351,24.32525,-21.55915,7.300907,-11.26906,0
-0.4205252,-9.185375,2.434117,10,10,-10,0.44,10,-500,10,-500,113.6018,20.51004,-41.75875,26.64816,-23.86026,9.83788,-13.82781,0
-8.151246,1.526154,0.1842966,10,-9.39467,-10,0.44,10,-500,10,-500,114.5611,20.5588,-40.89372,26.13976,-23.7305,9.629522,-13.24082,0
3.63005,7.803554,0.6576536,3.11134,-10,-10,0.44,10,-500,10,-500,115.1839,20.66624,-40.33014,25.84785,-23.39383,9.454461,-13.11052,0
0.7843477,9.273672,2.327423,-10,-10,-10,0.44,10,-500,10,-500,115.2128,20.80268,-40.19905,25.58818,-23.10475,9.6055,-13.29097,0
7.913634,-2.022571,0.2181552,-10,9.399344,-10,0.44,10,-500,10,-500,114.9546,20.8794,-40.37325,25.86138,-22.94223,9.476648,-13.59784,0
-3.722128,-8.178796,0.9050333,-3.196769,10,-10,0.44,10,-500,10,-500,114.6612,20.95746,-40.62889,26.06761,-23.14304,9.482244,-13.60885,0
-0.1182431,-9.000825,2.773183,10,10,-10,0.44,10,-500,10,-500,114.6043,21.05989,-40.81127,26.36503,-23.43968,9.335929,-13.46333,0
-7.716488,1.935483,0.768248,10,-9.414948,-10,0.44,10,-500,10,-500,114.7397,21.15942,-40.76413,26.14357,-23.63699,9.518335,-13.22696,0
3.746879,7.89191,0.7858882,3.056787,-10,-10,0.44,10,-500,10,-500,114.8954,21.27061,-40.63923,25.98894,-23.46914,9.569476,-13.29132,0
0.7741869,9.417538,2.442663,-10,-10,-10,0.44,10,-500,10,-500,114.8602,21.3899,-40.54173,25.73725,-23.19196,9.740379,-13.48771,0
8.177821,-1.861102,0.5708162,-10,9.438474,-10,0.44,10,-500,10,-500,114.7338,21.48531,-40.5935,25.9752,-22.98197,9.545319,-13.74059,0
-3.615569,-8.038228,1.155323,-2.765183,10,-10,0.44,10,-500,10,-500,114.6164,21.58263,-40.70869,26.1482,-23.1369,9.46777,-13.68111,0
-0.1451326,-9.121874,2.772437,10,10,-10,0.44,10,-500,10,-500,114.6757,21.68637,-40.81171,26.41529,-23.39664,9.286044,-13.50674,0
-8.025484,1.812269,0.2088268,10,-9.471075,-10,0.44,10,-500,10,-500,114.7819,21.78882,-40.78407,26.19927,-23.60141,9.479148,-13.27905,0
3.712059,7.797881,0.8037876,2.26629,-10,-10,0.44,10,-500,10,-500,114.8583,21.90195,-40.69875,26.04245,-23.43256,9.56528,-13.37722,0
1.121514,9.486084,2.506848,-10,-10,-10,0.44,10,-500,10,-500,114.7655,22.01716,-40.61743,25.80675,-23.17287,9.733602,-13.56952,0
7.776315,-2.470553,0.07290302,-10,9.508905,-10,0.44,10,-500,10,-500,114.6692,22.1162,-40.65832,26.04358,-22.95864,9.530655,-13.81763,0
-3.721655,-8.040929,1.288502,-1.644974,10,-10,0.44,10,-500,10,-500,114.6256,22.21825,-40.75677,26.23324,-23.12974,9.42257,-13.72811,0
-0.7388396,-9.410633,2.138797,10,10,-10,0.44,10,-500,10,-500,114.7492,22.31953,-40.85816,26.48416,-23.37349,9.255655,-13.56837,0
-8.06767,2.104887,-0.1174257,10,-9.554644,-10,0.44,10,-500,10,-500,114.838,22.42478,-40.82932,26.26606,-23.57736,9.449863,-13.3406,0
3.90633,7.851964,1.200082,0.799137,-10,-10,0.44,10,-500,10,-500,114.8527,22.5414,-40.74086,26.08089,-23.37729,9.56173,-13.46738,0
1.008399,9.423505,2.200021,-10,-10,-10,0.44,10,-500,10,-500,114.6998,22.65494,-40.64105,25.85991,-23.13087,9.700014,-13.63109,0
7.854013,-2.845598,0.1196172,-10,9.60555,-10,0.44,10,-500,10,-500,114.6383,22.75628,-40.69933,26.10639,-22.92521,9.501825,-13.88505,0
-3.859167,-8.022926,1.532892,0.1928866,10,-10,0.44,10,-500,10,-500,114.6867,22.85943,-40.83632,26.34591,-23.15147,9.375812,-13.77229,0
-0.9544072,-9.725342,1.763065,10,10,-10,0.44,10,-500,10,-500,114.9177,22.95183,-41.00626,26.59707,-23.40251,9.265466,-13.66207,0
-7.774265,2.893789,-0.04855856,10,-9.662989,-10,0.44,10,-500,10,-500,114.9851,23.06343,-40.96826,26.37334,-23.60162,9.457698,-13.43146,0
4.208958,7.974503,1.818193,-1.400019,-10,-10,0.44,10,-500,10,-500,114.9012,23.18918,-40.82606,26.12658,-23.33174,9.586634,-13.58351,0
1.203657,9.488022,2.087795,-10,-10,-10,0.44,10,-500,10,-500,114.5692,23.30358,-40.57866,25.87845,-23.04579,9.629777,-13.66448,0
7.582994,-3.613331,-0.1514547,-10,9.72377,-10,0.44,10,-500,10,-500,114.6822,23.41063,-40.79639,26.1953,-22.92049,9.49334,-13.97018,0
-4.394383,-8.355665,1.3179,2.734029,10,-10,0.44,10,-500,10,-500,115.5892,23.49318,-41.74662,26.8457,-23.62065,9.630288,-14.05738,0
-1.323947,-9.712446,1.51417,10,10,-10,0.44,10,-500,10,-500,117.0248,23.41919,-43.08652,27.64241,-24.42431,9.943796,-14.36394,0
-7.495992,3.642768,-0.3640565,10,-9.790178,-10,0.44,10,-500,10,-500,117.8398,23.36807,-43.8101,27.79897,-24.98171,10.38679,-14.40609,0
3.684789,7.343917,1.459666,-4.290372,-10,-10,0.44,10,-500,10,-500,118.2382,23.25354,-44.1883,27.73959,-24.91223,10.75955,-14.78895,0
1.716204,9.497755,1.909534,-10,-10,-10,0.44,10,-500,10,-500,118.2733,23.12065,-44.33063,27.69803,-24.87871,10.91904,-14.9404,0
7.587316,-4.127414,-0.04735824,-10,9.858213,-10,0.44,10,-500,10,-500,117.9566,23.05527,-44.08858,27.79074,-24.55379,10.62576,-15.06475,0
-4.246681,-8.103331,1.928995,5.966517,10,-10,0.44,10,-500,10,-500,117.7537,22.96284,-43.8773,27.94957,-24.7411,10.29187,-14.70238,0
-1.66988,-9.723868,1.344941,10,10,-10,0.44,10,-500,10,-500,117.7247,22.85651,-43.71863,27.93558,-24.7562,10.17439,-14.5558,0
-6.688609,4.974175,-0.1083312,10,-9.92887,-10,0.44,10,-500,10,-500,117.9235,22.75913,-43.85124,27.77669,-25.04908,10.44316,-14.37281,0
4.472319,7.997942,3.068865,-7.81654,-10,-10,0.44,10,-500,10,-500,118.0099,22.6447,-43.96265,27.52037,-24.80145,10.7918,-14.71276,0
1.964312,9.29216,1.364929,-10,-10,-10,0.44,10,-500,10,-500,117.9667,22.52771,-44.05959,27.51649,-24.8062,10.87599,-14.78832,0
7.039116,-5.159952,-0.473393,-10,9.999511,-10,0.44,10,-500,10,-500,117.8061,22.43937,-43.93656,27.67024,-24.53299,10.6203,-14.9596,0
-3.468994,-7.361443,3.291687,9.379898,10,-10,0.44,10,-500,10,-500,117.7601,22.33547,-43.83199,27.94203,-24.82887,10.26187,-14.57707,0
-2.516382,-9.868791,0.6581937,10,10,-10,0.44,10,-500,10,-500,117.8287,22.23222,-43.73081,27.90231,-24.81274,10.21775,-14.50936,0
-6.283113,5.644852,-0.6957201,10,-10,-10,0.44,10,-500,10,-500,117.9488,22.12739,-43.82409,27.71962,-25.08743,10.47774,-14.31197,0
4.156615,7.697851,3.492059,-9.3999,-10,-10,0.44,10,-500,10,-500,117.9608,22.01229,-43.90587,27.41951,-24.79672,10.8456,-14.67044,0
2.3832,9.020141,0.7913152,-10,-10,-10,0.44,10,-500,10,-500,117.86,21.90057,-43.99177,27.43496,-24.82064,10.90134,-14.7177,0
6.297973,-5.971184,-0.7205066,-10,10,-10,0.44,10,-500,10,-500,117.7716,21.80305,-43.89186,27.60259,-24.56057,10.65092,-14.89498,0
-3.581388,-7.441961,3.593553,9.419903,10,-10,0.44,10,-500,10,-500,117.789,21.69738,-43.79626,27.88265,-24.86411,10.29165,-14.51223,0
-2.90656,-9.353356,0.7672384,10,10,-10,0.44,10,-500,10,-500,117.9226,21.59858,-43.69027,27.84402,-24.84877,10.24245,-14.43974,0
-5.629314,6.441899,-1.483478,10,-10,-10,0.44,10,-500,10,-500,117.9857,21.48671,-43.78096,27.65654,-25.11971,10.50508,-14.24395,0
3.713038,7.340144,3.619336,-9.439907,-10,-10,0.44,10,-500,10,-500,117.9422,21.36974,-43.8723,27.35701,-24.82883,10.8803,-14.61052,0
3.23974,8.597999,0.5129576,-10,-10,-10,0.44,10,-500,10,-500,117.7738,21.26109,-43.98503,27.38183,-24.85915,10.94888,-14.6736,0
5.43589,-7.00287,-1.290843,-10,10,-10,0.44,10,-500,10,-500,117.7615,21.15696,-43.85747,27.54064,-24.59377,10.68437,-14.83328,0
-3.179779,-7.391756,4.069072,9.459911,10,-10,0.44,10,-500,10,-500,117.869,21.05235,-43.71218,27.80348,-24.88443,10.30114,-14.42223,0
-3.627337,-8.792939,0.6285039,10,10,-10,0.44,10,-500,10,-500,118.1286,20.96515,-43.51821,27.73083,-24.84094,10.21307,-14.30501,0
-4.235105,7.710711,-1.133684,10,-10,-10,0.44,10,-500,10,-500,118.1211,20.83946,-43.64174,27.55393,-25.12192,10.49232,-14.12638,0
2.942411,7.251347,3.74872,-9.479914,-10,-10,0.44,10,-500,10,-500,117.9625,20.71452,-43.81581,27.28509,-24.85566,10.90539,-14.53686,0
3.849819,8.016951,0.1677635,-10,-10,-10,0.44,10,-500,10,-500,117.5126,20.60928,-44.17789,27.40757,-24.96119,11.08293,-14.73136,0
3.912865,-7.991205,-1.774522,-10,10,-10,0.44,10,-500,10,-500,117.8864,20.48871,-43.69873,27.42684,-24.59015,10.66664,-14.70537,0
-2.584538,-7.461998,4.658248,9.499916,10,-10,0.44,10,-500,10,-500,121.9351,20.44476,-39.64498,26.30375,-23.38132,8.430835,-12.55531,0
-4.448756,-7.855032,0.8683733,10,10,-10,0.44,10,-500,10,-500,129.7966,20.46994,-31.88447,23.56447,-20.68942,4.739841,-8.816936,0
-3.08496,8.158182,-1.934056,10,-10,-10,0.44,10,-500,10,-500,126.1056,20.48363,-35.67773,24.60683,-22.29146,6.840541,-10.35796,0
2.423587,7.338869,4.113319,-9.571604,-10,-10,0.44,10,-500,10,-500,128.5534,20.49741,-33.21864,23.47423,-20.98959,5.935555,-9.622245,0
5.342439,7.57242,0.7825004,-10,-7.722861,-10,0.44,10,-500,10,-500,127.9287,20.61812,-33.7454,23.65545,-21.12841,6.190816,-9.919893,0
2.928235,-8.283896,-1.702494,-10,10,-10,0.44,10,-500,10,-500,127.1893,20.65912,-34.39805,24.05115,-21.17447,6.33589,-10.41462,0
-1.749522,-7.256321,5.077901,9.66416,10,-10,0.44,10,-500,10,-500,126.9022,20.77249,-34.72072,24.49858,-21.63453,6.15582,-10.22192,0
-5.928686,-7.224426,0.3795189,10,3.988806,-10,0.44,10,-500,10,-500,126.917,20.88978,-34.81175,24.48092,-21.74291,6.248915,-10.18896,0
-2.082094,8.306294,-2.532975,10,-10,-10,0.44,10,-500,10,-500,127.2406,20.96456,-34.55924,24.25126,-21.795,6.269338,-9.927643,0
2.208969,8.053257,5.069883,-9.755887,-10,-10,0.44,10,-500,10,-500,127.3461,21.06932,-34.38404,23.86367,-21.37581,6.511761,-10.20166,0
6.331315,6.330483,0.5788583,-10,-0.06682163,-10,0.44,10,-500,10,-500,127.2972,21.17425,-34.3202,23.95289,-21.2199,6.369644,-10.30468,0
0.8556693,-9.004807,-2.021858,-10,10,-10,0.44,10,-500,10,-500,127.0961,21.27324,-34.46193,24.11416,-21.15292,6.325805,-10.48909,0
-1.150476,-7.769416,4.793084,9.843507,10,-10,0.44,10,-500,10,-500,127.088,21.3871,-34.56999,24.50005,-21.53188,6.029454,-10.19967,0
-6.379679,-5.371512,1.063023,10,-4.120595,-10,0.44,10,-500,10,-500,127.1754,21.49094,-34.5899,24.36381,-21.69992,6.182194,-10.04812,0
0.11555,8.798586,-2.035758,10,-10,-10,0.44,10,-500,10,-500,127.3277,21.58898,-34.47658,24.27134,-21.71462,6.180769,-9.939525,0
1.108314,7.918479,4.434557,-9.92806,-10,-10,0.44,10,-500,10,-500,127.2832,21.69731,-34.37963,23.902,-21.31992,6.469775,-10.2539,0
7.397026,4.763191,0.9399158,-10,8.444515,-10,0.44,10,-500,10,-500,127.187,21.79922,-34.37424,24.10864,-21.09533,6.258669,-10.47402,0
-1.064528,-9.224937,-2.12385,-10,10,-10,0.44,10,-500,10,-500,127.0716,21.90656,-34.46685,24.16164,-21.10581,6.282402,-10.54028,0
-0.6667962,-8.176515,4.448185,10,10,-10,0.44,10,-500,10,-500,127.1653,22.01951,-34.55145,24.54716,-21.4822,5.966983,-10.23399,0
-7.86324,-3.903075,0.7387938,10,-9.626604,-10,0.44,10,-500,10,-500,127.2627,22.1221,-34.54877,24.33841,-21.69957,6.173522,-10.0144,0
1.694515,8.754145,-1.388749,10,-10,-10,0.44,10,-500,10,-500,127.3482,22.22696,-34.45344,24.31171,-21.65635,6.121227,-9.978628,0
0.4837666,8.243824,3.928385,-10,-10,-10,0.44,10,-500,10,-500,127.2254,22.33495,-34.35966,23.93818,-21.25751,6.417056,-10.29976,0
8.091953,2.496239,0.9174154,-10,9.646608,-10,0.44,10,-500,10,-500,127.1258,22.43819,-34.35406,24.1595,-21.02017,6.191097,-10.53247,0
-2.649522,-8.993416,-1.25214,-10,10,-10,0.44,10,-500,10,-500,127.0701,22.54968,-34.45123,24.20416,-21.04916,6.226942,-10.58399,0
-0.4439344,-8.71735,3.727218,10,10,-10,0.44,10,-500,10,-500,127.226,22.66147,-34.55456,24.59986,-21.43771,5.916858,-10.28105,0
-7.730189,-1.077915,1.105135,10,-9.666611,-10,0.44,10,-500,10,-500,127.3267,22.76577,-34.5591,24.39366,-21.65892,6.126829,-10.06361,0
2.788935,7.90689,-1.063965,10,-10,-10,0.44,10,-500,10,-500,127.3346,22.87481,-34.43051,24.35133,-21.59522,6.062605,-10.02076,0
0.7814409,8.914114,3.476141,-10,-10,-10,0.44,10,-500,10,-500,127.1141,22.97942,-34.27629,23.95047,-21.16376,6.335677,-10.32443,0
8.414681,0.1276254,0.737887,-10,9.686615,-10,0.44,10,-500,10,-500,126.9871,23.08383,-34.24214,24.16056,-20.91145,6.097296,-10.54845,0
-3.649198,-8.325934,0.07585628,-8.990466,10,-10,0.44,10,-500,10,-500,127.0453,23.20446,-34.41195,24.25486,-20.99664,6.14369,-10.60396,0
-0.5204679,-9.336349,2.672667,10,10,-10,0.44,10,-500,10,-500,127.4054,23.31466,-34.68758,24.7082,-21.45992,5.918733,-10.36906,0
-8.077584,1.222517,0.4834088,10,-9.734736,-10,0.44,10,-500,10,-500,127.5797,23.42256,-34.76522,24.53301,-21.72027,6.158266,-10.17304,0
3.992818,7.914573,0.6371518,4.308199,-10,-10,0.44,10,-500,10,-500,126.9092,23.54461,-34.0194,24.1335,-21.238,5.939794,-10.03733,0
0.836015,9.274522,2.513857,-10,-10,-10,0.44,10,-500,10,-500,118.3886,23.59597,-25.59677,19.98591,-17.08739,3.108485,-7.20905,0
7.866917,-2.712903,0.2690768,-10,9.827139,-10,0.44,10,-500,10,-500,114.1843,23.55022,-21.49226,18.20524,-14.85947,1.488204,-6.036013,0
-3.870047,-7.700108,1.8403,0.5536264,10,-10,0.44,10,-500,10,-500,114.2723,23.6165,-21.62556,18.43982,-15.09772,1.364078,-5.908213,0
-1.189999,-9.672207,1.567246,10,10,-10,0.44,10,-500,10,-500,113.9151,23.75173,-21.16823,18.42855,-15.02826,0.996402,-5.598733,0
-7.24524,3.966209,-0.1723575,10,-9.911469,-10,0.44,10,-500,10,-500,114.5486,23.8009,-21.71294,18.43657,-15.52353,1.439726,-5.554812,0
4.407175,7.667698,2.35516,-5.61431,-10,-10,0.44,10,-500,10,-500,114.9394,23.90177,-22.09411,18.33792,-15.44923,1.854215,-5.944944,0
2.006538,9.410513,1.589067,-10,-10,-10,0.44,10,-500,10,-500,115.0112,24.02632,-22.2781,18.34543,-15.45606,1.999148,-6.090559,0
6.857341,-5.367369,-0.8389585,-10,9.986563,-10,0.44,10,-500,10,-500,114.6908,24.09934,-22.02953,18.46474,-15.09045,1.673879,-6.250207,0
-3.768027,-7.373808,3.186232,9.773296,10,-10,0.44,10,-500,10,-500,114.5385,24.20349,-21.85104,18.7354,-15.32772,1.255328,-5.865051,0
-3.003173,-9.86993,0.4452794,10,10,-10,0.44,10,-500,10,-500,114.5307,24.31586,-21.71338,18.69761,-15.25988,1.179051,-5.81882,0
-5.478765,6.527087,-0.9184881,10,-10,-10,0.44,10,-500,10,-500,114.7393,24.40731,-21.86498,18.54525,-15.55949,1.457024,-5.644831,0
3.938237,7.404917,3.633475,-9.793299,-10,-10,0.44,10,-500,10,-500,114.8138,24.5181,-21.97873,18.26186,-15.27135,1.834664,-6.02722,0
3.521184,9.03119,0.9536543,-10,-10,-10,0.44,10,-500,10,-500,114.7701,24.63062,-22.08068,18.3014,-15.30476,1.879604,-6.07829,0
4.444795,-7.929446,-2.287262,-10,10,-10,0.44,10,-500,10,-500,114.6157,24.72432,-21.96293,18.48125,-15.00889,1.602186,-6.276585,0
-2.815937,-7.296374,4.603092,9.813303,10,-10,0.44,10,-500,10,-500,114.5784,24.8326,-21.86557,18.7888,-15.29096,1.213968,-5.913841,0
-4.061082,-8.114545,0.8053841,10,10,-10,0.44,10,-500,10,-500,114.653,24.93948,-21.76998,18.76945,-15.24663,1.154106,-5.87897,0
-3.430078,7.991573,-1.938465,10,-10,-10,0.44,10,-500,10,-500,114.7697,25.04096,-21.86829,18.59344,-15.51633,1.411581,-5.690727,0
3.090432,7.674366,4.689631,-9.839486,-10,-10,0.44,10,-500,10,-500,114.7726,25.15272,-21.95432,18.29505,-15.21065,1.781255,-6.067698,0
5.415994,7.286937,0.6233876,-10,-7.870008,-10,0.44,10,-500,10,-500,114.6689,25.25968,-22.03494,18.3475,-15.20803,1.795603,-6.13712,0
2.367775,-8.607695,-2.177522,-10,10,-10,0.44,10,-500,10,-500,114.5836,25.3618,-21.9372,18.51527,-14.94888,1.546841,-6.31528,0
-1.978216,-7.788395,4.566259,9.900953,10,-10,0.44,10,-500,10,-500,114.6391,25.47019,-21.84385,18.831,-15.23959,1.153777,-5.947224,0
-6.235623,-6.534444,0.5044922,10,1.287946,-10,0.44,10,-500,10,-500,114.7597,25.57139,-21.7837,18.72692,-15.31117,1.208013,-5.825803,0
-0.8263347,8.73204,-2.176795,10,-10,-10,0.44,10,-500,10,-500,114.8158,25.68136,-21.88195,18.64615,-15.47897,1.370184,-5.73941,0
1.320653,7.506549,4.364677,-9.952473,-10,-10,0.44,10,-500,10,-500,114.6982,25.79331,-21.98421,18.34499,-15.17234,1.75608,-6.130773,0
7.405584,5.572664,1.252978,-10,5.5263,-10,0.44,10,-500,10,-500,114.5819,25.89635,-22.01268,18.53008,-14.99606,1.594578,-6.330638,0
-0.794053,-9.268284,-2.303846,-10,10,-10,0.44,10,-500,10,-500,114.5729,26.00487,-21.88463,18.54086,-14.8774,1.477699,-6.3432,0
-0.9753345,-8.219039,4.282224,9.992713,10,-10,0.44,10,-500,10,-500,114.7853,26.10937,-21.73218,18.84576,-15.15165,1.046479,-5.942634,0
-7.246512,-3.416633,1.360168,10,-9.899982,-10,0.44,10,-500,10,-500,114.9098,26.21388,-21.70104,18.62517,-15.36103,1.24127,-5.707445,0
1.412217,8.422029,-1.9815,10,-10,-10,0.44,10,-500,10,-500,114.8605,26.33411,-21.86777,18.68963,-15.42769,1.314957,-5.778936,0
0.6829023,8.510212,4.054448,-10,-10,-10,0.44,10,-500,10,-500,114.5117,26.44473,-22.1317,18.43435,-15.18374,1.788933,-6.241579,0
7.910862,1.734319,0.5024793,-10,9.919987,-10,0.44,10,-500,10,-500,114.3083,26.5523,-22.23977,18.69549,-14.99163,1.617333,-6.523227,0
-2.860465,-8.673137,-0.6458213,-10,10,-10,0.44,10,-500,10,-500,114.8306,26.67628,-21.61363,18.50626,-14.71814,1.287753,-6.277918,0
0.02956016,-8.175023,5.145726,10,10,-10,0.44,10,-500,114.3518,-500,116.8962,26.64747,-19.64713,18.2393,-14.39749,-0.07470423,-4.969141,0
-5.82581,-1.179284,0.9259197,10,-9.939991,-10,0.44,10,-500,264.9481,-500,117.7114,26.57107,-18.9275,17.7414,-14.42215,-0.1730865,-4.348198,0
3.155711,13.21214,-0.03462406,8.440117,-10,-10,0.44,10,-500,500,-500,118.3726,26.46192,-18.35254,17.47396,-14.23168,-0.382053,-4.062261,0
-0.3072861,8.181906,2.823204,-10,-10,-10,0.44,10,-500,149.1794,-500,118.38,26.32415,-18.24121,17.09712,-13.88597,-0.0974566,-4.315734,0
7.398435,-3.527327,-1.121381,-10,9.967773,-10,0.44,10,-500,375.5942,-500,118.1316,26.24663,-18.40492,17.38068,-13.7153,-0.2453699,-4.62205,0
-4.222735,-5.943296,-0.8350334,0.4969075,10,-10,0.44,10,-500,473.9567,-500,117.8499,26.17253,-18.66781,17.66276,-13.98008,-0.3096285,-4.5751,0
0.7984095,-14.27509,1.908154,10,10,-10,0.44,10,-500,500,-500,117.7858,26.07465,-18.86097,17.9039,-14.21506,-0.390714,-4.500173,0
-8.352405,5.030538,2.957784,10,-9.995237,-10,0.44,10,-500,325.1518,-500,117.9808,25.9722,-18.74108,17.62626,-14.41563,-0.2124166,-4.200253,0
6.927889,10.42023,3.222452,-8.161608,-10,-10,0.44,10,-500,10.2335,-500,118.0696,25.85315,-18.63161,17.26202,-14.08097,0.06111966,-4.44422,0
2.440497,9.22701,1.096694,-10,-10,-10,0.44,10,-500,10,-500,118.0285,25.73164,-18.53895,17.176,-14.02297,0.07036714,-4.425434,0
5.671228,-4.488329,-1.624874,-10,10,-10,0.44,10,-500,136.4146,-500,117.853,25.65035,-18.67662,17.44955,-13.84359,-0.08911753,-4.718885,0
