6.033808,-0.1119246,-9.492839,-0.0098925,-0.007933972,0.00108462,0.44,342.9332,-342.9577,342.8969,-342.9631,-1.965233e-06,-2.155978e-06,-5.859605e-07,-0.2240329,-0.2240489,-0.2240092,-0.2240524,1
5.883077,-0.2512355,-14.08014,-0.01084344,-0.009036063,-2.253169e-05,0.44,343.0175,-342.912,342.8928,-342.9287,-4.02452e-06,-4.667e-06,-7.215308e-08,-0.224088,-0.224019,-0.2240065,-0.22403,1
6.227852,0.06732436,-13.62979,-0.008328836,-0.006301623,0.002519938,0.44,342.9608,-342.8717,343.0659,-342.8525,6.818334e-06,7.100437e-06,5.960543e-07,-0.2240509,-0.2239928,-0.2241196,-0.2239802,1
5.987587,-0.1545401,-13.94356,-0.01056849,-0.008493732,0.0007364108,0.44,342.8445,-343.066,342.7531,-343.0873,-3.975494e-06,-3.691068e-06,1.940148e-06,-0.223975,-0.2241197,-0.2239153,-0.2241336,1
6.215353,0.05578018,-13.64611,-0.008419157,-0.006429253,0.00240215,0.44,343.4182,-342.416,343.5187,-342.3979,1.696333e-05,1.88649e-05,1.331081e-05,-0.2243498,-0.2236951,-0.2244154,-0.2236833,1
5.730734,-0.3917376,-14.279,-0.01288956,-0.01082641,-0.001318333,0.44,342.5509,-343.4408,342.2563,-343.5029,-1.00102e-05,-7.2856e-06,6.248242e-06,-0.2237832,-0.2243645,-0.2235907,-0.2244051,1
5.993351,-0.1494297,-13.93612,-0.00965913,-0.008061185,0.0007018811,0.44,342.7197,-343.1796,342.684,-343.1675,-2.038532e-05,-2.000444e-05,-1.384993e-05,-0.2238935,-0.2241939,-0.2238702,-0.224186,1
6.192924,0.03483097,-13.67552,-0.007724956,-0.006140082,0.002422033,0.44,342.5095,-343.3256,342.6384,-343.2774,-2.269277e-05,-2.873627e-05,-3.146869e-05,-0.2237561,-0.2242893,-0.2238403,-0.2242578,1
6.104081,-0.04732964,-13.79163,-0.008222287,-0.00654452,0.001986556,0.44,343.2468,-342.5987,343.3427,-342.5626,-2.577728e-06,-1.28608e-05,-2.011425e-05,-0.2242378,-0.2238144,-0.2243005,-0.2237908,1
5.979492,-0.1622053,-13.95428,-0.01013171,-0.0079377,0.0009391602,0.44,342.9756,-342.9165,342.9262,-342.9326,1.728788e-06,-6.729374e-06,-1.472933e-05,-0.2240606,-0.224022,-0.2240284,-0.2240325,1
6.105515,-0.04568834,-13.78962,-0.00947406,-0.0071314,0.001811921,0.44,342.8331,-343.0313,342.8451,-343.0414,-1.986778e-06,-6.849711e-06,-1.617042e-05,-0.2239675,-0.224097,-0.2239754,-0.2241036,1
6.515018,0.3326784,-13.25471,-0.006420696,-0.003957105,0.004861909,0.44,343.0464,-342.7047,343.3332,-342.6665,1.193108e-05,9.995081e-06,-1.021419e-05,-0.2241069,-0.2238837,-0.2242942,-0.2238587,1
6.127512,-0.02519399,-13.76078,-0.009847949,-0.007426836,0.00193155,0.44,342.9252,-342.9473,342.9104,-342.968,2.633261e-06,2.45624e-06,-3.669123e-06,-0.2240277,-0.2240421,-0.224018,-0.2240557,1
6.11764,-0.03443534,-13.77373,-0.00943636,-0.007293946,0.001780962,0.44,343.4494,-342.4141,343.4679,-342.4196,1.875143e-05,2.204207e-05,1.159193e-05,-0.2243701,-0.2236938,-0.2243823,-0.2236973,1
6.357847,0.1877672,-13.45982,-0.00859459,-0.006016089,0.003372222,0.44,342.6092,-343.2105,342.7143,-343.2169,1.293967e-05,2.057431e-05,1.033702e-05,-0.2238212,-0.2242141,-0.2238899,-0.2242182,1
5.984127,-0.1576265,-13.948,-0.01090587,-0.008880547,0.000619356,0.44,343.1255,-342.796,343.006,-342.8234,-9.32795e-07,6.883611e-06,1.599992e-05,-0.2241586,-0.2239433,-0.2240805,-0.2239612,1
5.997675,-0.1452931,-13.93039,-0.01009376,-0.008401556,0.000645612,0.44,342.9103,-342.9959,342.8478,-342.9969,-4.573515e-06,1.51349e-06,4.470591e-06,-0.2240179,-0.2240739,-0.2239771,-0.2240745,1
6.272672,0.1087611,-13.57121,-0.007984463,-0.006130582,0.002814576,0.44,342.8446,-342.9809,342.9747,-342.9506,7.278882e-06,1.169501e-05,7.411338e-06,-0.2239751,-0.2240641,-0.2240601,-0.2240443,1
6.210162,0.05115354,-13.6528,-0.009035369,-0.006910224,0.00231458,0.44,343.1767,-342.6745,343.2274,-342.6723,1.292592e-05,1.747007e-05,2.114997e-05,-0.224192,-0.2238639,-0.2242252,-0.2238625,1
6.077736,-0.07113519,-13.82574,-0.01025509,-0.008114059,0.001164278,0.44,342.7701,-343.1259,342.7097,-343.1451,-2.700611e-06,2.312563e-06,1.146555e-05,-0.2239264,-0.2241588,-0.223887,-0.2241714,1
6.102855,-0.04813346,-13.79302,-0.009271585,-0.00749696,0.00146036,0.44,342.9129,-342.9621,342.9249,-342.951,-1.891702e-06,1.374694e-06,7.34926e-06,-0.2240196,-0.2240518,-0.2240275,-0.2240445,1
6.321211,0.1536424,-13.5078,-0.007788675,-0.005785639,0.003120943,0.44,343.0094,-342.8037,343.163,-342.7748,1.172461e-05,1.422643e-05,1.372433e-05,-0.2240827,-0.2239483,-0.2241831,-0.2239294,1
6.136523,-0.01683573,-13.74897,-0.009784957,-0.007585608,0.00167518,0.44,343.0626,-342.8127,343.0498,-342.8259,1.030135e-05,1.37356e-05,2.26442e-05,-0.2241174,-0.2239542,-0.2241091,-0.2239628,1
5.87276,-0.2605794,-14.09351,-0.0115561,-0.009624287,-0.0003896099,0.44,343.1059,-342.8408,342.9281,-342.876,3.316751e-06,7.931289e-06,2.344132e-05,-0.2241458,-0.2239726,-0.2240296,-0.2239955,1
6.449244,0.2720339,-13.34051,-0.007169629,-0.005022903,0.003853656,0.44,342.2898,-343.5003,342.4958,-343.465,-5.02069e-06,-7.387923e-07,3.907047e-07,-0.2236126,-0.2244034,-0.2237472,-0.2243803,1
5.897027,-0.2383593,-14.0619,-0.0105948,-0.009034855,4.518719e-05,0.44,343.0511,-342.8807,342.9353,-342.8839,-1.415624e-05,-1.558056e-05,4.592443e-06,-0.2241099,-0.2239986,-0.2240343,-0.2240007,1
6.149066,-0.00561232,-13.73277,-0.00836064,-0.006656367,0.001855963,0.44,342.7475,-343.1023,342.8307,-343.0704,-1.058587e-05,-1.535037e-05,-1.355467e-05,-0.2239116,-0.2241434,-0.223966,-0.2241226,1
6.220834,0.06073561,-13.63902,-0.00804236,-0.006088521,0.00260867,0.44,343.0293,-342.7971,343.1557,-342.7688,7.627422e-06,1.567502e-06,-1.052757e-06,-0.2240957,-0.223944,-0.2241783,-0.2239255,1
6.115165,-0.03666672,-13.77695,-0.009723343,-0.00737938,0.001679269,0.44,342.9854,-342.8857,342.9789,-342.9009,4.479382e-06,6.754569e-07,4.089909e-06,-0.224067,-0.2240019,-0.2240628,-0.2240118,1
6.154552,-0.0003029773,-13.7255,-0.009286501,-0.007050639,0.001907386,0.44,343.087,-342.7715,343.1163,-342.776,7.056864e-06,6.024934e-06,6.026533e-06,-0.2241334,-0.2239273,-0.2241525,-0.2239302,1
6.06978,-0.07858861,-13.8362,-0.01001323,-0.007861595,0.001256244,0.44,342.9713,-342.9147,342.9353,-342.9297,7.323425e-06,8.383304e-06,1.058946e-05,-0.2240578,-0.2240208,-0.2240343,-0.2240306,1
5.895294,-0.2398095,-14.06411,-0.01124752,-0.009286108,-9.211447e-05,0.44,342.8243,-343.1137,342.6697,-343.1432,-6.369969e-06,-4.689276e-06,5.703719e-06,-0.2239618,-0.2241508,-0.2238608,-0.2241701,1
5.767437,-0.3581385,-14.2312,-0.01143242,-0.009904325,-0.0009820492,0.44,342.8488,-343.1136,342.6581,-343.1304,-1.773351e-05,-1.858665e-05,-6.399989e-06,-0.2239778,-0.2241508,-0.2238532,-0.2241617,1
6.264255,0.1007799,-13.58233,-0.007372529,-0.005660818,0.002836867,0.44,342.6609,-343.1541,342.8306,-343.1053,-9.152776e-06,-1.324338e-05,-1.932662e-05,-0.223855,-0.2241772,-0.2239659,-0.2241453,1
5.924535,-0.213039,-14.02606,-0.01018722,-0.008415133,0.0004873194,0.44,343.206,-342.7029,343.1364,-342.7056,-1.689044e-06,-8.37891e-06,-4.879786e-06,-0.2242111,-0.2238825,-0.2241657,-0.2238842,1
6.037786,-0.1083003,-13.87809,-0.009781781,-0.007670575,0.001154296,0.44,342.6798,-343.205,342.654,-343.212,-9.724313e-06,-1.547276e-05,-1.843088e-05,-0.2238674,-0.2242105,-0.2238505,-0.2242151,1
6.115909,-0.03621719,-13.77609,-0.008818802,-0.006850098,0.001899832,0.44,343.0598,-342.7946,343.1162,-342.7802,-1.148489e-07,-5.713591e-06,-1.27297e-05,-0.2241156,-0.2239424,-0.2241525,-0.223933,1
6.099356,-0.05138312,-13.79765,-0.009430694,-0.007244876,0.001714914,0.44,342.9002,-342.9676,342.9113,-342.9717,-6.693077e-07,-5.078961e-06,-1.162803e-05,-0.2240114,-0.2240554,-0.2240186,-0.2240581,1
6.070333,-0.07820542,-13.83556,-0.00960365,-0.007479985,0.001491407,0.44,342.7565,-343.1214,342.7469,-343.1261,-9.79294e-06,-1.368368e-05,-1.880203e-05,-0.2239175,-0.2241559,-0.2239112,-0.2241589,1
5.949183,-0.1902767,-13.99387,-0.009975364,-0.008157667,0.0006878448,0.44,342.827,-343.0762,342.7716,-343.0761,-1.622072e-05,-2.191719e-05,-2.640415e-05,-0.2239635,-0.2241264,-0.2239273,-0.2241263,1
5.678926,-0.4401064,-14.34695,-0.01152689,-0.009989737,-0.001209722,0.44,342.7754,-343.194,342.5711,-343.2103,-2.624727e-05,-3.522088e-05,-3.697318e-05,-0.2239298,-0.2242033,-0.2237964,-0.224214,1
6.004939,-0.1390082,-13.92119,-0.008726008,-0.007063782,0.001339161,0.44,342.9111,-342.955,342.9582,-342.9265,-1.348021e-05,-2.431611e-05,-4.1935e-05,-0.2240185,-0.2240472,-0.2240493,-0.2240285,1
5.681747,-0.4374922,-14.34329,-0.01163974,-0.009838639,-0.0009743249,0.44,342.9738,-342.989,342.7718,-343.0163,-1.686355e-05,-2.861009e-05,-3.73628e-05,-0.2240594,-0.2240694,-0.2239275,-0.2240872,1
6.526918,0.343437,-13.23932,-0.005557035,-0.003164246,0.00523191,0.4448197,342.7813,-342.9469,343.1338,-342.8888,3.609537e-07,-8.600419e-06,-4.507185e-05,-0.2239337,-0.2240419,-0.224164,-0.2240039,1
6.259925,0.09696649,-13.58795,-0.008309308,-0.005769211,0.003368333,0.4638085,343.5329,-342.2793,343.6618,-342.2767,2.251435e-05,1.720936e-05,-9.09764e-06,-0.2244247,-0.2236058,-0.2245089,-0.2236041,1
6.294117,0.1288793,-13.54312,-0.009216887,-0.00624739,0.003196661,0.4832388,342.9237,-342.9061,342.9885,-342.9325,1.640252e-05,1.939561e-05,-4.881923e-06,-0.2240267,-0.2240152,-0.2240691,-0.2240325,1
5.807093,-0.3212013,-14.17928,-0.01231151,-0.01008219,-0.0004522598,0.5031108,343.0111,-343.1827,342.5526,-343.0045,-7.440717e-06,-1.087157e-06,-4.942944e-06,-0.2240838,-0.2241959,-0.2237843,-0.2240795,1
6.094682,-0.05597773,-13.80407,-0.009134052,-0.005881326,0.001672793,0.5234243,343.0579,-343.1696,342.7293,-342.7941,-8.007251e-06,7.81326e-06,-1.600068e-05,-0.2241144,-0.2241873,-0.2238997,-0.223942,1
5.788851,-0.3389953,-14.20416,-0.01130671,-0.005604577,-0.0004529915,0.5441794,343.1926,-343.1716,342.6077,-342.7791,-1.141296e-05,3.52291e-05,-1.130639e-05,-0.2242024,-0.2241886,-0.2238203,-0.2239322,1
5.832484,-0.2992235,-14.14789,-0.01083612,-0.001984928,-0.0001870539,0.5653761,343.2346,-343.1318,342.6703,-342.7141,-1.113526e-05,9.817528e-05,-1.426977e-05,-0.2242298,-0.2241626,-0.2238612,-0.2238898,1
6.261705,0.09691607,-13.35896,-0.007838201,0.004599155,0.003022706,0.5870144,10,-10,10,-10,1.290919e-06,0.0002064602,-1.279995e-05,0.01182535,0.01182521,0.01201297,0.01212105,1
6.407846,0.2333775,0.339214,-0.006998477,0.007182192,0.004114332,0.6089129,10,-10,10,-10,1.851664e-05,0.0003438915,5.212026e-06,0.02256612,0.02295521,0.02272433,0.02328146,1
6.162631,0.006792435,0.0189102,-0.008712519,0.005240398,0.002301555,0.6300412,10,-10,10,-10,3.586993e-05,0.0004809912,2.83985e-05,0.0275052,0.02816268,0.0278116,0.02852819,1
6.013217,-0.1312683,-0.1762544,-0.009757393,0.004039351,0.001196947,0.6502298,10,-10,10,-10,3.120897e-05,0.0005934956,2.535347e-05,0.02298589,0.02267731,0.0233982,0.02308352,1
5.945644,-0.1937048,-0.2645156,-0.01023061,0.003471115,0.0006973111,0.6694786,10,-10,10,-10,1.799131e-05,0.0006961683,1.564928e-05,0.01629051,0.01604125,0.01676876,0.01647879,1
6.224751,0.0642087,0.1000745,-0.008282291,0.005580937,0.002760373,0.6877875,10,-10,10,-10,2.404219e-05,0.000819533,1.21822e-05,0.009569375,0.009706511,0.009958263,0.01018156,1
5.859892,-0.2729363,-0.3765183,-0.01083204,0.002717963,6.31679e-05,0.7051566,10,-10,10,-10,2.36203e-05,0.0009353489,2.140574e-05,0.002711306,0.00285383,0.003273563,0.003323332,1
6.033407,-0.1125974,-0.149861,-0.009621289,0.004013284,0.001345673,0.7215858,10.0526,-10.04675,10.03739,-10.03189,3.212164e-05,0.001060528,2.333855e-05,-0.004637734,-0.004470226,-0.004128438,-0.003967899,1
5.861742,-0.2712594,-0.4703119,-0.01082098,0.002704652,7.537549e-05,0.7370752,18.46672,-18.71583,17.5506,-17.93759,2.439818e-05,0.001167786,2.211894e-05,-0.01206402,-0.01222676,-0.01146554,-0.01171835,1
6.211777,0.05175676,-0.4992699,-0.007989101,0.01196841,0.002664405,0.7516326,30.54726,-30.10097,30.07052,-29.46476,3.903385e-05,0.001345752,2.409695e-05,-0.01995605,-0.01966449,-0.0196446,-0.01924887,1
5.697923,-0.4234453,-1.660999,-0.01234598,0.01273915,-0.001169853,0.7652966,42.31421,-42.12781,41.59914,-41.7105,3.216238e-05,0.00155762,3.319267e-05,-0.02764321,-0.02752144,-0.02717607,-0.02724882,1
5.81969,-0.3113621,-1.993979,-0.0111456,0.0176749,-0.0003953156,0.7781162,53.57148,-54.23415,53.04879,-53.88342,1.646952e-05,0.001801884,1.413233e-05,-0.03499742,-0.03543033,-0.03465595,-0.0352012,1
6.327165,0.1571166,-1.796594,-0.006808042,0.02494958,0.003573903,0.7901408,64.52136,-64.39811,64.44888,-64.05176,3.315364e-05,0.002107289,1.331009e-05,-0.0421508,-0.04207028,-0.04210345,-0.04184401,1
5.548478,-0.5626608,-3.23661,-0.01309154,0.02075787,-0.002179969,0.8014178,74.50408,-74.70378,73.9266,-74.5216,1.280988e-05,0.002398111,1.346715e-05,-0.04867236,-0.04880282,-0.0482951,-0.0486838,1
6.023296,-0.1243359,-3.028827,-0.00865339,0.02679924,0.001319026,0.8119909,83.91873,-84.55738,83.75986,-84.3348,1.209858e-05,0.002727566,-1.227777e-05,-0.05482281,-0.05524002,-0.05471902,-0.05509461,1
6.378371,0.2034953,-2.943414,-0.006050048,0.03096615,0.004253302,0.8219017,93.03046,-92.60912,93.14854,-92.40051,4.176173e-05,0.003100691,2.060335e-06,-0.06077535,-0.0605001,-0.06085249,-0.06036381,1
6.214,0.05158093,-3.509673,-0.008579266,0.02989253,0.002864758,0.8311892,101.9292,-101.0073,101.8837,-100.8905,5.702225e-05,0.003474565,2.56144e-05,-0.06658878,-0.06598648,-0.06655901,-0.06591018,1
6.264212,0.09789447,-3.805497,-0.008865589,0.03041324,0.00294403,0.8398893,110.3692,-110.0278,110.3384,-109.9342,6.067421e-05,0.003846913,3.369853e-05,-0.07210249,-0.07187946,-0.07208237,-0.07181828,1
5.988949,-0.1565908,-4.517239,-0.01092089,0.02843988,0.0007985937,0.848038,118.1965,-118.7003,117.9998,-118.6471,3.981305e-05,0.004195954,2.911066e-05,-0.07721594,-0.07754504,-0.07708742,-0.07751028,1
5.685602,-0.4371979,-5.238266,-0.01198105,0.02684806,-0.00140306,0.8556711,125.6898,-126.1013,125.3929,-126.0666,1.820023e-05,0.004541626,1.215157e-05,-0.08211119,-0.08238006,-0.0819172,-0.08235737,1
6.104634,-0.05028474,-4.976843,-0.007963484,0.03080204,0.001890304,0.8628218,132.0466,-132.5586,132.1178,-132.4879,2.50021e-05,0.004914438,-5.716965e-06,-0.086264,-0.0865985,-0.08631049,-0.08655225,1
5.986347,-0.1596273,-5.384744,-0.009099008,0.02961759,0.001230206,0.8695198,138.5815,-137.9154,138.5854,-137.9056,4.485322e-05,0.00529997,1.169974e-05,-0.09053314,-0.09009796,-0.09053566,-0.09009159,1
6.387775,0.2114111,-5.107745,-0.007195453,0.03178587,0.003985082,0.8757917,144.5446,-144.1613,144.7646,-144.157,6.283368e-05,0.00568586,1.99883e-05,-0.09442878,-0.09417831,-0.09457243,-0.09417551,1
6.103031,-0.05158224,-5.735089,-0.01000385,0.02835705,0.001773933,0.8816622,150.3397,-150.5949,150.3312,-150.6466,4.895867e-05,0.006033012,2.334892e-05,-0.09821455,-0.09838128,-0.09820905,-0.0984151,1
6.035626,-0.1140074,-6.067632,-0.009706814,0.027433,0.001225011,0.8871568,156.2731,-155.9945,156.2901,-156.036,4.696042e-05,0.006382903,2.04441e-05,-0.1020908,-0.1019088,-0.1021019,-0.1019359,1
6.277273,0.1092718,-5.970992,-0.007906915,0.02850781,0.003038506,0.8923005,161.2162,-161.1024,161.4156,-161.1363,6.048624e-05,0.006740343,2.447307e-05,-0.10532,-0.1052457,-0.1054503,-0.1052678,1
5.994653,-0.1517316,-6.544932,-0.01056808,0.02493844,0.0008920709,0.8971158,165.926,-166.3,165.9082,-166.3944,4.495983e-05,0.007058896,2.423746e-05,-0.1083969,-0.1086412,-0.1083853,-0.1087028,1
5.887829,-0.2505488,-6.884386,-0.0105105,0.0234506,9.454887e-05,0.9016239,170.9438,-170.525,170.9268,-170.6139,4.393829e-05,0.007380127,2.089166e-05,-0.1116749,-0.1114013,-0.1116638,-0.1114594,1
6.148033,-0.01006255,-6.722,-0.008654424,0.02433552,0.002050969,0.9058449,175.0733,-174.5889,175.245,-174.6694,6.608262e-05,0.007714915,3.067228e-05,-0.1143727,-0.1140562,-0.1144849,-0.1141088,1
6.231926,0.06775007,-6.782887,-0.009212495,0.0230259,0.002543836,0.9097971,178.9156,-179.1598,179.07,-179.2724,6.191394e-05,0.008013123,3.705858e-05,-0.1168828,-0.1170423,-0.1169837,-0.1171158,1
6.279856,0.1120952,-6.895635,-0.008692138,0.02204947,0.002807018,0.9134981,183.3595,-182.8704,183.565,-182.9707,6.078346e-05,0.008300046,4.085587e-05,-0.1197859,-0.1194664,-0.1199202,-0.1195319,1
6.403871,0.2267897,-6.891488,-0.007849992,0.02156974,0.003664198,0.9169652,186.7643,-186.7557,187.0576,-186.8514,6.423728e-05,0.008577507,4.091637e-05,-0.1220102,-0.1220046,-0.1222018,-0.1220671,1
6.144403,-0.01281637,-7.377413,-0.0099441,0.01794795,0.001730527,0.9202147,190.3183,-190.2571,190.4353,-190.3912,5.819297e-05,0.008831047,4.818419e-05,-0.124332,-0.124292,-0.1244084,-0.1243796,1
5.681326,-0.440654,-8.123903,-0.01298697,0.01298014,-0.001797733,0.9232619,193.6572,-193.6132,193.642,-193.9337,3.497499e-05,0.00970497,4.34281e-05,-0.1265132,-0.1264845,-0.1265033,-0.1266939,1
6.282657,0.1150197,-7.469688,-0.007940458,0.01601036,0.002688249,0.9261211,196.2132,-196.7666,196.6257,-196.9903,3.703268e-05,0.009932677,2.536713e-05,-0.128183,-0.1285446,-0.1284525,-0.1286907,1
6.056199,-0.09394395,-7.874235,-0.009775314,0.01155716,0.001221743,0.9288056,199.1932,-198.7257,199.4188,-198.9619,4.287492e-05,0.01013619,3.98981e-05,-0.1301298,-0.1298244,-0.1302772,-0.1299787,1
5.762271,-0.3652554,-8.360203,-0.01221408,0.006767543,-0.001138015,0.9313272,201.5339,-201.7909,201.5223,-202.0453,2.495849e-05,0.01029401,2.945072e-05,-0.131659,-0.1318269,-0.1316514,-0.131993,1
5.616858,-0.4995967,-8.658089,-0.01239927,0.003958622,-0.002098972,0.9336963,203.6566,-204.4671,203.5882,-204.6932,4.95573e-06,0.01042495,7.886292e-06,-0.1330457,-0.1335752,-0.133001,-0.1337229,1
6.144811,-0.011765,-8.053119,-0.007773696,0.006684816,0.002057655,0.9359234,205.3837,-206.1112,205.7039,-206.2603,8.026946e-06,0.0105569,-1.215732e-05,-0.134174,-0.1346493,-0.1343832,-0.1347467,1
6.080986,-0.07055327,-8.199708,-0.008398387,0.004353728,0.001830357,0.9380179,207.5652,-206.8196,207.83,-206.9911,2.860455e-05,0.01068809,2.204861e-06,-0.1355991,-0.135112,-0.1357721,-0.1352241,1
6.224157,0.0621005,-8.077706,-0.008370733,0.003151995,0.002718792,0.9399866,208.7435,-209.3839,209.0192,-209.5616,2.452384e-05,0.01078097,-7.738441e-06,-0.1363689,-0.1367873,-0.136549,-0.1369033,1
6.145709,-0.01029246,-8.262021,-0.008617792,0.0009129283,0.002260469,0.941836,211.0145,-210.8027,211.25,-210.9635,2.859446e-05,0.01086312,-2.488199e-06,-0.1378525,-0.1377141,-0.1380063,-0.1378192,1
5.899486,-0.2376477,-8.652252,-0.01046964,-0.002689625,0.0003797171,0.943574,212.8159,-212.4195,212.8798,-212.6001,3.212698e-05,0.01092891,3.237695e-06,-0.1390293,-0.1387704,-0.1390711,-0.1388883,1
6.151915,-0.004235667,-8.393484,-0.008814007,-0.002363787,0.002177302,0.9452078,214.1614,-214.5158,214.3702,-214.6618,3.35782e-05,0.01097862,-1.879199e-06,-0.1399083,-0.1401398,-0.1400447,-0.1402352,1
6.032982,-0.1140044,-8.617843,-0.009679019,-0.004792919,0.001360063,0.9467444,215.9107,-215.8643,216.0326,-216.0136,3.028921e-05,0.01100702,1.485593e-06,-0.1410511,-0.1410208,-0.1411308,-0.1411183,1
6.121092,-0.0325228,-8.562274,-0.008860648,-0.005348952,0.00197087,0.9481911,217.3499,-217.2187,217.537,-217.3466,3.403503e-05,0.01102902,-1.184781e-06,-0.1419913,-0.1419056,-0.1421135,-0.1419891,1
5.986829,-0.1564539,-8.79254,-0.009965255,-0.007763396,0.001011743,0.9495538,218.506,-218.6783,218.5896,-218.8185,3.201794e-05,0.01103204,-7.042934e-07,-0.1427466,-0.1428591,-0.1428012,-0.1429507,1
5.619911,-0.4954429,-9.324684,-0.01239467,-0.01174018,-0.00170629,0.9508384,219.5656,-220.234,219.4111,-220.3963,8.445199e-06,0.01099939,-1.530679e-05,-0.1434388,-0.1438754,-0.1433378,-0.1439814,1
6.0731,-0.07686041,-8.778785,-0.007989594,-0.008631024,0.001822392,0.9520501,220.233,-221.1332,220.4415,-221.213,4.817186e-06,0.01097255,-4.293304e-05,-0.1438748,-0.1444629,-0.144011,-0.144515,1
6.311809,0.1437248,-8.488658,-0.006076409,-0.007589475,0.003932797,0.9531938,221.1723,-220.7598,221.5508,-220.8247,3.288921e-05,0.0109661,-3.29687e-05,-0.1444885,-0.1442189,-0.1447357,-0.1442613,1
5.886049,-0.2493673,-9.062039,-0.01032068,-0.01256058,0.0006807268,0.9542724,222.0089,-221.5983,222.0237,-221.7413,3.825914e-05,0.01093099,-1.894897e-05,-0.145035,-0.1447667,-0.1450446,-0.1448602,1
6.247956,0.08514427,-8.634548,-0.007857843,-0.01089545,0.003196052,0.9552876,222.7329,-223.2516,222.9602,-223.3381,3.759806e-05,0.01088217,-2.93769e-05,-0.1455079,-0.1458468,-0.1456564,-0.1459033,1
5.962074,-0.1789977,-9.052629,-0.009681536,-0.014006,0.001218003,0.9562433,223.8537,-223.8837,223.9001,-223.9823,3.268608e-05,0.01081551,-2.607483e-05,-0.1462402,-0.1462598,-0.1462705,-0.1463241,1
6.233753,0.07200485,-8.728065,-0.007396637,-0.01248571,0.003196136,0.9571441,224.7931,-224.3558,225.0389,-224.4121,5.069567e-05,0.01076491,-2.35721e-05,-0.1468538,-0.1465681,-0.1470144,-0.146605,1
6.410996,0.2359956,-8.526106,-0.006952138,-0.01234697,0.004486844,0.9579933,225.384,-225.2805,225.686,-225.3383,6.549155e-05,0.01070545,-1.034116e-05,-0.1472399,-0.1471723,-0.1474371,-0.14721,1
5.893572,-0.2419531,-9.240523,-0.01120211,-0.0175072,0.000507847,0.9587939,226.5497,-226.3866,226.4688,-226.4964,5.088179e-05,0.01060907,-2.644326e-06,-0.1480014,-0.1478949,-0.1479485,-0.1479666,1
6.274211,0.1096293,-8.787468,-0.007718036,-0.01481694,0.003229578,0.9595496,227.7389,-227.0263,227.959,-227.0598,7.053018e-05,0.0105413,2.072138e-06,-0.1487783,-0.1483127,-0.1489221,-0.1483347,1
6.028223,-0.1174401,-9.141496,-0.01043992,-0.01790784,0.001355876,0.9602648,228.1209,-228.3351,228.1111,-228.4171,6.461833e-05,0.01044177,1.229379e-05,-0.1490278,-0.1491678,-0.1490214,-0.1492213,1
6.08634,-0.06378374,-9.105965,-0.009741359,-0.0178922,0.001656823,0.960943,229.3882,-229.0589,229.4315,-229.1107,6.089374e-05,0.01033917,1.374815e-05,-0.1498557,-0.1496406,-0.149884,-0.1496745,1
5.947746,-0.1918719,-9.321029,-0.01059198,-0.01940338,0.0006097549,0.961588,229.7199,-230.096,229.6769,-230.1525,4.805498e-05,0.0102201,5.241124e-06,-0.1500725,-0.1503182,-0.1500444,-0.1503551,1
6.584949,0.3968047,-8.51258,-0.005571873,-0.01455595,0.005418074,0.9622035,230.219,-230.3472,230.6217,-230.3252,6.265371e-05,0.01012448,1.792318e-06,-0.1503985,-0.1504822,-0.1506616,-0.1504679,1
6.138669,-0.01541083,-9.109399,-0.009523107,-0.01884877,0.002159793,0.962792,231.2759,-230.1336,231.3412,-230.1842,7.508333e-05,0.01002346,3.180507e-05,-0.151089,-0.1503427,-0.1511316,-0.1503758,1
5.798833,-0.329288,-9.579429,-0.01258492,-0.02230016,-0.0007220602,0.9633554,231.3978,-232.0642,231.1877,-232.1489,4.539713e-05,0.009879008,1.754264e-05,-0.1511686,-0.1516039,-0.1510313,-0.1516592,1
5.957245,-0.1832158,-9.412327,-0.01007757,-0.02071152,0.0006099369,0.9638959,232.3915,-232.2242,232.3756,-232.2396,4.754616e-05,0.009759332,1.419692e-05,-0.1518177,-0.1517084,-0.1518074,-0.1517185,1
6.223404,0.06276011,-9.075377,-0.00849377,-0.01903105,0.00261187,0.964417,232.1192,-232.8034,232.2495,-232.8082,4.185998e-05,0.009628115,4.229775e-06,-0.1516398,-0.1520869,-0.151725,-0.15209,1
6.260192,0.09669053,-9.037888,-0.008070283,-0.01887791,0.002999424,0.9649208,232.9361,-232.391,233.1017,-232.3892,5.055772e-05,0.009508586,1.253065e-05,-0.1521735,-0.1518174,-0.1522817,-0.1518163,1
5.978823,-0.1632171,-9.413007,-0.01057845,-0.02158327,0.0008161997,0.9654081,232.9588,-233.0904,232.9033,-233.1296,4.198551e-05,0.009370634,1.11062e-05,-0.1521883,-0.1522743,-0.1521521,-0.1522999,1
6.182897,0.02526038,-9.16481,-0.008802857,-0.02006995,0.002336215,0.96588,233.5893,-233.2857,233.6873,-233.2855,5.148741e-05,0.009249724,1.613587e-05,-0.1526003,-0.1524019,-0.1526643,-0.1524018,1
5.761921,-0.3636346,-9.729753,-0.0123506,-0.02389733,-0.0008417704,0.9663376,234.0227,-233.7635,233.807,-233.8167,4.202278e-05,0.009107461,2.547167e-05,-0.1528834,-0.1527141,-0.1527425,-0.1527488,1
5.84287,-0.2889383,-9.645606,-0.01142947,-0.02327977,-0.0003658122,0.9667832,234.2074,-234.6594,234.0599,-234.6812,2.574563e-05,0.008956372,9.431165e-06,-0.1530041,-0.1532993,-0.1529077,-0.1533136,1
6.226759,0.06561321,-9.159179,-0.008089169,-0.02006573,0.002658341,0.9672182,234.2964,-234.6296,234.4363,-234.5964,2.862686e-05,0.008820456,1.326811e-06,-0.1530622,-0.1532799,-0.1531536,-0.1532582,1
5.76273,-0.3631539,-9.76246,-0.01163809,-0.023853,-0.0006763194,0.9676445,233.9852,-234.8991,233.7982,-234.9272,-6.369356e-08,0.008649034,-1.406538e-05,-0.1528589,-0.1534559,-0.1527367,-0.1534743,1
6.058071,-0.09059764,-9.374304,-0.008195931,-0.02079363,0.001692895,0.9680624,234.0771,-234.3281,234.1705,-234.2908,3.80474e-06,0.008508522,-3.313059e-05,-0.1529189,-0.1530829,-0.15298,-0.1530585,1
6.080918,-0.06948488,-9.326479,-0.008283457,-0.02072518,0.002102093,0.9684713,234.0843,-233.363,234.1824,-233.3472,3.266694e-05,0.008394195,-1.39217e-05,-0.1529236,-0.1524524,-0.1529877,-0.1524421,1
5.843495,-0.2885942,-9.629163,-0.01138224,-0.02348069,0.0001238016,0.9688701,234.527,-233.5628,234.376,-233.6052,4.461202e-05,0.008268483,1.148407e-05,-0.1532128,-0.1525829,-0.1531142,-0.1526106,1
6.155547,-0.0001246443,-9.24817,-0.009794543,-0.02169252,0.002123055,0.9692576,234.9743,-234.6915,234.9754,-234.6936,4.656367e-05,0.008134601,1.795297e-05,-0.1535051,-0.1533203,-0.1535058,-0.1533217,1
6.096877,-0.05431255,-9.357187,-0.01040867,-0.02248648,0.001604935,0.9696357,235.6628,-235.3136,235.609,-235.3099,4.174684e-05,0.007990629,2.886226e-05,-0.1539548,-0.1537267,-0.1539197,-0.1537243,1
5.757836,-0.3676567,-9.8234,-0.012719,-0.02513198,-0.001043359,0.9700075,235.8937,-236.2401,235.6232,-236.2572,1.578061e-05,0.007822796,1.98307e-05,-0.1541057,-0.154332,-0.153929,-0.1543431,1
6.007606,-0.1371519,-9.514084,-0.00988267,-0.02253012,0.0009010197,0.9703755,236.1886,-236.2182,236.1556,-236.1786,1.62445e-05,0.007679875,1.171737e-05,-0.1542984,-0.1543176,-0.1542768,-0.1542918,1
5.928095,-0.2106248,-9.6159,-0.01071625,-0.0231727,0.0004052802,0.9707416,236.1198,-236.0972,236.0202,-236.0848,1.448102e-05,0.00753503,1.571981e-05,-0.1542534,-0.1542386,-0.1541883,-0.1542305,1
6.320347,0.1518094,-9.104475,-0.008095669,-0.02014655,0.00324995,0.9711062,236.567,-235.8213,236.7154,-235.7748,3.171636e-05,0.007413153,2.678512e-05,-0.1545456,-0.1540584,-0.1546425,-0.154028,1
5.907939,-0.2290722,-9.651419,-0.01207974,-0.02399614,6.024494e-05,0.9714691,236.5497,-236.6221,236.3548,-236.6417,1.435646e-05,0.007257251,3.311764e-05,-0.1545342,-0.1545815,-0.1544069,-0.1545943,1
6.560934,0.3741491,-8.818631,-0.006870933,-0.01863671,0.004797058,0.9718311,236.7902,-237.1112,237.0528,-237.0345,1.276593e-05,0.007117597,2.091525e-05,-0.1546913,-0.1549011,-0.1548629,-0.1548509,1
6.02793,-0.11837,-9.522527,-0.01082313,-0.02284835,0.000994418,0.9721938,237.2689,-236.729,237.1784,-236.7159,7.159443e-06,0.006971003,3.70499e-05,-0.1550041,-0.1546514,-0.154945,-0.1546428,1
6.092607,-0.05865745,-9.441362,-0.01037113,-0.02226022,0.001265157,0.9725585,237.1865,-237.3952,237.1371,-237.3707,-3.866806e-06,0.006822323,2.713285e-05,-0.1549502,-0.1550866,-0.154918,-0.1550706,1
5.854168,-0.2790872,-9.764492,-0.01178595,-0.02393447,-0.0003901728,0.9729252,237.1897,-237.6644,237.0007,-237.6526,-2.339782e-05,0.006662786,2.016589e-05,-0.1549523,-0.1552624,-0.1548289,-0.1552548,1
6.145906,-0.009712169,-9.383099,-0.009064188,-0.02117338,0.001839816,0.9732954,237.2191,-237.3356,237.2633,-237.2795,-2.548858e-05,0.00652073,9.870559e-06,-0.1549715,-0.1550476,-0.1550004,-0.155011,1
6.167521,0.01024782,-9.345698,-0.009102571,-0.02098244,0.002118615,0.9736691,237.0234,-236.9867,237.0698,-236.9437,-2.352432e-05,0.006383498,1.231285e-05,-0.1548437,-0.1548197,-0.154874,-0.1547916,1
6.068552,-0.08117344,-9.468304,-0.01014271,-0.02186896,0.00135278,0.9740455,237.0282,-236.9868,236.9862,-236.9632,-2.87582e-05,0.006241327,1.391503e-05,-0.1548468,-0.1548198,-0.1548194,-0.1548044,1
5.803517,-0.3261246,-9.817363,-0.01196342,-0.02388401,-0.0006314378,0.9744239,237.5645,-236.7256,237.3585,-236.7215,-2.509078e-05,0.006109606,2.756574e-05,-0.1551972,-0.1546492,-0.1550626,-0.1546464,1
6.037297,-0.1100377,-9.518516,-0.01077761,-0.02232544,0.0009238304,0.9748045,236.8206,-237.9749,236.7233,-237.9514,-4.84052e-05,0.005952041,7.823991e-06,-0.1547112,-0.1554653,-0.1546476,-0.1554499,1
6.173715,0.01578154,-9.350404,-0.008924249,-0.02073291,0.00216225,0.9751878,237.8501,-236.7817,237.9069,-236.7178,-3.368959e-05,0.005830561,2.344986e-05,-0.1553838,-0.1546858,-0.1554209,-0.1546441,1
6.207583,0.04726198,-9.297412,-0.009744509,-0.02094056,0.002218853,0.9755746,237.2624,-237.3853,237.2694,-237.3536,-3.844411e-05,0.005693321,2.435886e-05,-0.1549998,-0.1550801,-0.1550044,-0.1550594,1
6.024417,-0.1220158,-9.547911,-0.01107241,-0.02238348,0.0008439347,0.9759647,237.5534,-237.7534,237.4355,-237.7296,-5.580505e-05,0.00554347,2.327731e-05,-0.1551899,-0.1553206,-0.1551129,-0.155305,1
5.946051,-0.1945952,-9.658014,-0.01106232,-0.02260703,0.0002673306,0.9763584,237.7064,-237.7274,237.5755,-237.6917,-6.790303e-05,0.005397716,1.628496e-05,-0.1552899,-0.1553036,-0.1552044,-0.1552803,1
6.25324,0.08915322,-9.254007,-0.00864195,-0.01993609,0.002614973,0.9767569,237.3752,-237.6748,237.4602,-237.6065,-6.84805e-05,0.005264319,9.169641e-06,-0.1550735,-0.1552692,-0.155129,-0.1552246,1
5.974681,-0.1682292,-9.610549,-0.01088463,-0.02212809,0.0006368872,0.97716,237.1747,-237.5915,237.0573,-237.5638,-8.727669e-05,0.005112269,4.632134e-06,-0.1549425,-0.1552148,-0.1548659,-0.1551967,1
6.036077,-0.1116899,-9.524549,-0.009779533,-0.02114737,0.001141554,0.9775671,237.2194,-237.1757,237.1872,-237.1231,-9.079542e-05,0.004976275,-3.997457e-06,-0.1549717,-0.1549432,-0.1549507,-0.1549089,1
5.706954,-0.4158406,-9.942761,-0.01216961,-0.02361072,-0.001186462,0.9779775,236.416,-237.4332,236.16,-237.4207,-0.0001158713,0.004817584,-2.107185e-05,-0.1544469,-0.1551114,-0.1542796,-0.1551032,1
5.962347,-0.1801254,-9.596971,-0.009319265,-0.02088897,0.0009107403,0.9783904,236.3375,-236.6055,236.315,-236.5415,-0.0001165372,0.004683102,-3.504147e-05,-0.1543956,-0.1545707,-0.1543809,-0.1545289,1
-0.002533271,-0.1476882,-9.526544,-0.009215295,-0.02052461,0.001350534,0.9788042,235.8102,-235.8488,235.8005,-235.7999,-0.0001104403,0.004556417,-3.517436e-05,-0.1540511,-0.1540764,-0.1540448,-0.1540444,0
0.1165306,-0.03761271,-9.351441,-0.008791441,-0.0197405,0.002245603,0.9792172,235.5467,-235.5093,235.6081,-235.4873,-0.0001047018,0.004432803,-3.27573e-05,-0.153879,-0.1538546,-0.1539191,-0.1538402,0
-0.1531734,-0.2867618,-9.697977,-0.01103762,-0.02214411,0.0002357295,0.979627,235.225,-235.6625,235.2244,-235.8144,-0.00012075,0.004286525,-3.827974e-05,-0.1536689,-0.1539547,-0.1536684,-0.1540539,0
0.2941968,0.1265703,-9.11234,-0.007157542,-0.01922496,0.003622838,0.9800326,235.2895,-235.0907,235.7779,-235.3246,-0.000106663,0.004163946,-4.010664e-05,-0.1537109,-0.1535811,-0.15403,-0.1537339,0
-0.2400541,-0.3666583,-9.799853,-0.01169136,-0.02599789,-0.0002858299,0.9804339,235.2817,-234.8029,235.4533,-235.1936,-0.000106677,0.004008461,-2.207229e-05,-0.1537059,-0.1533931,-0.153818,-0.1536483,0
-0.03888429,-0.1803832,-9.539943,-0.01034072,-0.0274328,0.0009970859,0.9808303,235.3014,-235.3252,235.6232,-235.7126,-0.0001092386,0.003825889,-2.595627e-05,-0.1537187,-0.1537343,-0.153929,-0.1539874,0
0.009668318,-0.1351138,-9.486797,-0.009981495,-0.03027598,0.001415576,0.9812214,235.4766,-235.3409,235.8287,-235.7149,-0.0001050764,0.003606217,-1.935791e-05,-0.1538332,-0.1537446,-0.1540632,-0.1539889,0
0.2652164,0.1014592,-9.154909,-0.008368935,-0.03151715,0.003236377,0.9816085,235.3879,-235.5755,235.8728,-235.9082,-0.0001025423,0.0033472,-2.220905e-05,-0.1537753,-0.1538978,-0.154092,-0.1541152,0
0.3103127,0.1435041,-9.098944,-0.008066719,-0.03409966,0.003615164,0.9819919,235.1692,-235.8038,235.6542,-236.1087,-0.0001162036,0.003058302,-3.146965e-05,-0.1536324,-0.154047,-0.1539492,-0.1542462,0
-0.01262372,-0.1546904,-9.516367,-0.009793904,-0.03891767,0.001352253,0.9823717,235.9174,-234.793,236.2148,-235.0918,-0.000103354,0.002768688,-1.33777e-05,-0.1541211,-0.1533866,-0.1543154,-0.1535818,0
-0.188683,-0.3168975,-9.739728,-0.01184188,-0.04311734,-0.0001555403,0.9827481,235.2042,-235.8434,235.3013,-236.1517,-0.0001191347,0.002428368,-2.004585e-05,-0.1536552,-0.1540729,-0.1537187,-0.1542742,0
0.03182214,-0.1130041,-9.463731,-0.009647804,-0.04324246,0.001562209,0.9831204,235.8671,-235.4782,236.1193,-235.7049,-0.0001110833,0.002079895,-1.426286e-05,-0.1540883,-0.1538343,-0.1542531,-0.1539824,0
0.1094964,-0.0409035,-9.361001,-0.009541018,-0.04470363,0.002075615,0.9834892,235.9577,-235.3528,236.2048,-235.5587,-0.0001030411,0.001723445,-1.905907e-06,-0.1541474,-0.1537523,-0.1543089,-0.1538868,0
-0.06642104,-0.2031194,-9.596117,-0.01140261,-0.04800663,0.0006311968,0.9838549,236.1487,-235.8615,236.2124,-236.067,-0.0001087731,0.001338996,8.156746e-06,-0.1542723,-0.1540847,-0.1543139,-0.1542189,0
0.1981085,0.04148613,-9.266793,-0.009520644,-0.04730022,0.002464658,0.9842179,236.1712,-236.585,236.3742,-236.7241,-0.0001209617,0.0009344054,1.25851e-06,-0.154287,-0.1545573,-0.1544196,-0.1546482,0
0.4201567,0.246735,-8.987088,-0.007661536,-0.04644284,0.004188408,0.9845795,236.8184,-236.0195,237.1637,-236.1015,-0.0001067035,0.0005401582,1.682682e-05,-0.1547098,-0.1541879,-0.1549354,-0.1542414,0
-0.03065584,-0.1695267,-9.576836,-0.01178832,-0.05122657,0.0006664382,0.9849409,236.8837,-236.5576,236.8519,-236.6863,-0.0001193439,0.0001169609,2.846132e-05,-0.1547525,-0.1545394,-0.1547316,-0.1546235,0
0.1812016,0.02625692,-9.318325,-0.01001545,-0.05002475,0.002083126,0.9853028,236.9378,-237.4434,237.0333,-237.505,-0.0001366269,-0.0003164559,1.672611e-05,-0.1547878,-0.1551181,-0.1548502,-0.1551583,0
0.1752569,0.02070663,-9.337554,-0.009587849,-0.05013318,0.002172699,0.985666,237.4135,-237.0011,237.5186,-237.0292,-0.0001376935,-0.0007399365,2.487634e-05,-0.1550986,-0.1548291,-0.1551672,-0.1548475,0
0.3836215,0.2133398,-9.062613,-0.008503233,-0.0487895,0.003607322,0.9860324,237.5773,-236.9179,237.7767,-236.9204,-0.0001281719,-0.001151175,3.743696e-05,-0.1552056,-0.1547748,-0.1553358,-0.1547764,0
0.05365866,-0.0913528,-9.502589,-0.01172493,-0.05185405,0.001005829,0.9864017,237.8276,-237.5493,237.7339,-237.5834,-0.0001418824,-0.001583861,5.060618e-05,-0.1553691,-0.1551873,-0.1553079,-0.1552095,0
0.3538273,0.185961,-9.131841,-0.009393931,-0.04927088,0.003047847,0.9867747,237.8321,-238.5139,237.9204,-238.4783,-0.0001654628,-0.002025583,3.459814e-05,-0.155372,-0.1558174,-0.1554297,-0.1557942,0
-0.1398356,-0.2703984,-9.788372,-0.01216169,-0.05231048,-0.0004243422,0.9871532,238.2731,-238.1196,238.076,-238.0979,-0.0001856983,-0.002465712,3.476446e-05,-0.1556601,-0.1555599,-0.1555313,-0.1555457,0
-0.06877835,-0.2049282,-9.687976,-0.01114467,-0.05080013,8.5429e-05,0.9875385,237.7612,-238.3162,237.6299,-238.2641,-0.0002011216,-0.002895435,1.612168e-05,-0.1553257,-0.1556883,-0.1552399,-0.1556542,0
-0.006255354,-0.1473058,-9.598017,-0.01039041,-0.04939999,0.000763537,0.9879304,237.3225,-238.0591,237.2341,-237.9861,-0.0002163098,-0.0033202,3.54756e-06,-0.1550391,-0.1555203,-0.1549814,-0.1554726,0
0.2826788,0.1195086,-9.203657,-0.008009396,-0.04610589,0.003046925,0.9883281,237.4057,-236.9898,237.5156,-236.8759,-0.0002071323,-0.003712234,5.408599e-06,-0.1550935,-0.1548217,-0.1551653,-0.1547473,0
0.02498739,-0.1185252,-9.522637,-0.01064165,-0.04767641,0.001119436,0.9887301,236.7819,-237.178,236.6537,-237.1076,-0.0002239472,-0.004112803,2.213916e-06,-0.1546859,-0.1549447,-0.1546022,-0.1548987,0
0.2476906,0.0870695,-9.229022,-0.00863238,-0.04480358,0.002801854,0.9891346,237.227,-236.6192,237.2622,-236.4963,-0.0002129179,-0.004482698,1.027143e-05,-0.1549767,-0.1545796,-0.1549997,-0.1544993,0
0.1524382,-0.0008514577,-9.349989,-0.01019673,-0.04508213,0.001999233,0.9895409,236.7913,-237.1306,236.6883,-237.0299,-0.0002261852,-0.004866611,1.191336e-05,-0.1546921,-0.1549137,-0.1546248,-0.1548479,0
-0.4284022,-0.5377606,-10.11639,-0.01390752,-0.0483494,-0.002319847,0.9899488,237.3261,-237.1069,236.8622,-237.0321,-0.0002501839,-0.005252964,1.101475e-05,-0.1550414,-0.1548982,-0.1547384,-0.1548494,0
0.06147022,-0.08541245,-9.478188,-0.009615573,-0.04287667,0.001307232,0.9903585,237.004,-237.1395,236.9062,-236.9831,-0.0002460473,-0.00559938,-6.538547e-07,-0.154831,-0.1549196,-0.1547671,-0.1548174,0
0.2455195,0.08465175,-9.229422,-0.008908149,-0.04051477,0.002807798,0.9907705,236.8131,-236.7809,236.7893,-236.6271,-0.000243563,-0.005925555,1.065995e-05,-0.1547063,-0.1546853,-0.1546907,-0.1545848,0
0.09786697,-0.0517954,-9.418556,-0.01048698,-0.04071795,0.001576741,0.9911842,237.4451,-236.3909,237.2865,-236.2578,-0.0002413087,-0.006246104,2.884646e-05,-0.1551192,-0.1544305,-0.1550156,-0.1543435,0
0.3200738,0.1535199,-9.13786,-0.009413508,-0.03806759,0.002992533,0.9915991,237.1975,-237.3194,237.1404,-237.1612,-0.0002475109,-0.006560484,2.806267e-05,-0.1549575,-0.1550371,-0.1549201,-0.1549338,0
0.1393971,-0.01353536,-9.389948,-0.01077329,-0.03828794,0.001655123,0.9920157,237.7679,-237.4059,237.5845,-237.2543,-0.0002566719,-0.00686616,4.120269e-05,-0.1553301,-0.1550936,-0.1552103,-0.1549946,0
0.2636065,0.1011061,-9.238643,-0.009907936,-0.03599139,0.002400257,0.9924355,238.084,-237.6473,237.9793,-237.4744,-0.0002613661,-0.007153028,4.579769e-05,-0.1555365,-0.1552513,-0.1554682,-0.1551384,0
0.2197569,0.06051174,-9.307673,-0.01048607,-0.03513,0.002004297,0.9928597,238.1334,-238.1221,237.9802,-237.9548,-0.0002738334,-0.00743424,4.952645e-05,-0.1555688,-0.1555615,-0.1554688,-0.1554522,0
0.1228907,-0.02915614,-9.444988,-0.01106668,-0.03444202,0.001224104,0.9932895,238.4375,-238.3145,238.2278,-238.1476,-0.0002890396,-0.007704907,5.072714e-05,-0.1557675,-0.1556871,-0.1556305,-0.1555781,0
0.02338632,-0.1212901,-9.582112,-0.01155031,-0.03367622,0.0004544569,0.9937258,238.5031,-238.4795,238.2465,-238.3186,-0.000309639,-0.007947681,4.798868e-05,-0.1558104,-0.155795,-0.1556427,-0.1556898,0
-0.16563,-0.2961351,-9.831299,-0.01266465,-0.0336039,-0.0009288159,0.9941696,238.4539,-238.5862,238.0912,-238.4415,-0.0003325939,-0.0081834,4.297304e-05,-0.1557783,-0.1558646,-0.1555413,-0.1557702,0
-0.216519,-0.3433828,-9.896481,-0.01260618,-0.03238297,-0.001262299,0.9946212,238.3452,-238.5132,237.9752,-238.3623,-0.0003487159,-0.008416383,3.42056e-05,-0.1557072,-0.1558169,-0.1554655,-0.1557184,0
0.3795044,0.2071753,-9.111067,-0.008140011,-0.02621756,0.003234672,0.9950804,237.8489,-238.338,237.877,-238.1261,-0.0003511504,-0.008622276,2.170712e-05,-0.155383,-0.1557025,-0.1554013,-0.1555641,0
0.3601234,0.1892202,-9.12326,-0.008637312,-0.02520798,0.003232197,0.9955468,238.0727,-237.4085,238.0687,-237.2226,-0.0003489112,-0.008792938,3.757932e-05,-0.1555292,-0.1550952,-0.1555266,-0.1549738,0
-0.2075215,-0.3352598,-9.856634,-0.0133549,-0.02874175,-0.001166655,0.9960191,237.9324,-237.8897,237.5105,-237.7761,-0.0003726083,-0.008991811,3.789757e-05,-0.1554375,-0.1554096,-0.1551619,-0.1553354,0
-0.1833163,-0.3131653,-9.835133,-0.01240883,-0.02692735,-0.001006724,0.9964964,237.4158,-238.7268,237.05,-238.5753,-0.0004075968,-0.009192549,7.212317e-06,-0.1551001,-0.1559565,-0.1548611,-0.1558575,0
0.1963605,0.03726024,-9.333118,-0.0084068,-0.02190674,0.002161154,0.9969791,237.5163,-237.3763,237.4882,-237.1613,-0.0004001416,-0.009341641,2.737311e-06,-0.1551657,-0.1550742,-0.1551473,-0.1549338,0
0.08082201,-0.06945279,-9.45349,-0.009998095,-0.02185325,0.001360528,0.9974672,237.1258,-236.6239,236.9791,-236.4669,-0.0003973438,-0.009462124,1.430551e-05,-0.1549106,-0.1545827,-0.1548147,-0.1544802,0
0.4404893,0.2629512,-8.973969,-0.008141859,-0.01828587,0.003876464,0.9979581,236.9429,-236.8368,236.9802,-236.6589,-0.0003924812,-0.009581656,1.899571e-05,-0.1547911,-0.1547218,-0.1548155,-0.1546056,0
-0.2100982,-0.3381694,-9.830714,-0.0132682,-0.02262713,-0.000995486,0.9984503,237.5083,-236.8402,237.0888,-236.7325,-0.0004068976,-0.009710104,3.725438e-05,-0.1551605,-0.154724,-0.1548864,-0.1546537,0
-0.2147762,-0.34265,-9.848789,-0.01294102,-0.02139804,-0.00126234,0.998944,237.2533,-237.8386,236.8501,-237.7073,-0.0004334808,-0.009840393,1.755761e-05,-0.1549939,-0.1553762,-0.1547305,-0.1552905,0
6.114709,5.961515,-4.426343,-0.009687198,-0.01718893,0.00140062,0.9994404,237.3768,-237.3069,237.256,-237.1253,-0.0004370815,-0.009915943,1.6624e-05,-0.1550746,-0.1550289,-0.1549957,-0.1549103,1
5.869675,5.735126,-4.740045,-0.0119749,-0.01822479,-0.0004054813,0.9999403,237.9588,-238.4496,237.6348,-238.2752,-0.0004592812,-0.01002313,9.801002e-06,-0.1554548,-0.1557754,-0.1552431,-0.1556615,1
6.043581,5.89556,-4.649971,-0.01008305,-0.01522494,0.000956199,1.000444,244.8717,-244.5711,244.6817,-244.1071,-0.0004557795,-0.01009213,7.549649e-06,-0.1599709,-0.1597745,-0.1598467,-0.1594714,1
5.981778,5.838474,-5.084906,-0.01200693,-0.01394249,0.0005233431,1.00096,253.8691,-254.3987,253.5417,-254.0261,-0.001363255,-0.009488199,4.389498e-06,-0.1658487,-0.1661947,-0.1656349,-0.1659513,1
6.207289,6.046664,-5.187868,-0.01138894,-0.009482887,0.002223084,1.001521,263.4038,-263.8947,263.1917,-263.3401,-0.001393933,-0.009527694,-4.507255e-06,-0.1720776,-0.1723983,-0.171939,-0.172036,1
6.294735,6.127205,-5.451181,-0.01153053,-0.005842946,0.002974849,1.002163,272.8593,-271.9128,272.712,-271.2458,-0.001403536,-0.00951055,1.33675e-05,-0.1782548,-0.1776364,-0.1781585,-0.1772007,1
5.865198,5.730393,-6.362133,-0.01732304,-0.006565575,-0.0004201022,1.002926,280.8571,-280.9608,280.3289,-280.3489,-0.001459324,-0.009490275,2.279887e-05,-0.1834796,-0.1835473,-0.1831346,-0.1831476,1
6.435306,6.256916,-5.963928,-0.01455048,0.00140621,0.003668088,1.003846,288.8576,-288.9056,288.7052,-288.227,-0.001515876,-0.009419252,2.277208e-05,-0.1887062,-0.1887376,-0.1886066,-0.1882942,1
5.925955,5.786142,-6.939346,-0.02001331,0.0005694675,-0.0001095119,1.004957,296.0437,-295.8784,295.5308,-295.2929,-0.001607236,-0.009337182,3.359665e-05,-0.1934008,-0.1932928,-0.1930656,-0.1929103,1
6.194125,6.033568,-6.868298,-0.01883378,0.006229528,0.001725473,1.006292,302.2599,-302.5329,301.9626,-301.9357,-0.001702284,-0.009212396,2.153809e-05,-0.1974617,-0.19764,-0.1972675,-0.1972499,1
5.780963,5.651529,-7.65613,-0.02271867,0.006134718,-0.001198019,1.007879,307.6318,-308.2413,307.0844,-307.7242,-0.001823015,-0.009074748,1.666317e-05,-0.2009711,-0.2013693,-0.2006135,-0.2010314,1
6.233773,6.0695,-7.278004,-0.01962337,0.01297984,0.00219385,1.009744,312.4382,-312.8943,312.2522,-312.3503,-0.001934224,-0.008889797,-1.3773e-07,-0.204111,-0.204409,-0.2039895,-0.2040536,1
6.104148,5.949528,-7.626943,-0.02140082,0.01452261,0.00143021,1.011909,316.8104,-316.3961,316.5571,-315.9173,-0.002041962,-0.008667558,1.124792e-05,-0.2069673,-0.2066966,-0.2068018,-0.2063838,1
6.279685,6.111712,-7.554979,-0.02147351,0.01779363,0.00258141,1.014394,320.2698,-320.5126,320.1018,-320.0688,-0.002166558,-0.008428664,9.320667e-06,-0.2092273,-0.2093859,-0.2091175,-0.209096,1
6.003801,5.856666,-8.068079,-0.02407354,0.01750169,0.0005541148,1.017214,323.9214,-323.7244,323.5859,-323.3346,-0.002302985,-0.008176299,1.647852e-05,-0.2116128,-0.2114841,-0.2113936,-0.2112295,1
6.130667,5.973725,-8.032008,-0.02349764,0.02029813,0.001392567,1.020385,326.2608,-327.1414,326.0296,-326.7576,-0.002455825,-0.007918772,-3.184985e-06,-0.2131411,-0.2137164,-0.2129901,-0.2134657,1
5.935806,5.793358,-8.392014,-0.02451621,0.02077259,0.0001789868,1.02392,329.0355,-328.5375,328.7546,-328.1831,-0.002589548,-0.007624219,3.97332e-06,-0.2149538,-0.2146284,-0.2147703,-0.2143969,1
5.914792,5.773962,-8.492846,-0.02545231,0.02176308,-7.14646e-05,1.027831,329.8053,-331.1901,329.4912,-330.8807,-0.002757429,-0.007346371,-2.137954e-05,-0.2154567,-0.2163613,-0.2152514,-0.2161592,1
5.676466,5.553369,-8.86861,-0.0262373,0.02173813,-0.00153366,1.032126,331.3748,-331.8167,331.0017,-331.5225,-0.002917649,-0.00705042,-3.678721e-05,-0.216482,-0.2167707,-0.2162382,-0.2165785,1
5.963019,5.817934,-8.519426,-0.0238316,0.02541936,0.0007720818,1.036812,331.6335,-332.1021,331.5061,-331.8,-0.003058797,-0.006722805,-5.398477e-05,-0.216651,-0.2169572,-0.2165678,-0.2167598,1
5.984155,5.837542,-8.498204,-0.0242681,0.02623227,0.001143176,1.041891,331.8863,-331.9109,331.764,-331.6514,-0.003197046,-0.006379894,-4.868562e-05,-0.2168162,-0.2168322,-0.2167363,-0.2166627,1
6.597064,6.40407,-7.700078,-0.02073685,0.03122763,0.005617113,1.047366,332.3378,-331.5314,332.5872,-331.2474,-0.003315835,-0.006003627,-3.162483e-05,-0.2171111,-0.2165843,-0.2172741,-0.2163988,1
5.955696,5.811908,-8.544178,-0.02704424,0.02562186,0.000673159,1.053236,332.5137,-332.0399,332.2497,-331.872,-0.003477113,-0.005662147,-9.304425e-06,-0.217226,-0.2169165,-0.2170536,-0.2168068,1
6.184478,6.023291,-8.261573,-0.02520212,0.02775202,0.002088415,1.059502,332.5859,-332.6093,332.5037,-332.3979,-0.003637352,-0.005314311,-1.50635e-05,-0.2172732,-0.2172885,-0.2172195,-0.2171504,1
6.053566,5.902359,-8.431879,-0.02608907,0.0269693,0.001182148,1.066166,332.1147,-332.2564,331.9714,-332.0636,-0.003801191,-0.004970053,-1.166156e-05,-0.2169653,-0.217058,-0.2168718,-0.216932,1
6.075236,5.922395,-8.377488,-0.025814,0.02744407,0.001291694,1.073228,331.4418,-331.3766,331.3428,-331.1899,-0.003963337,-0.004621651,-1.370531e-05,-0.2165258,-0.2164832,-0.2164611,-0.2163612,1
6.139992,5.982296,-8.260809,-0.0253728,0.02807206,0.001785752,1.080685,332.4063,-332.9581,332.364,-332.7789,-0.004131664,-0.004278737,-2.414852e-05,-0.2171558,-0.2175164,-0.2171282,-0.2173993,1
5.822537,5.688929,-8.810734,-0.02730674,0.02582916,-0.0004430198,1.088536,335.9518,-335.955,335.7426,-335.8134,-0.004299344,-0.003936119,-2.582444e-05,-0.2194721,-0.2194742,-0.2193355,-0.2193817,1
6.038054,5.888075,-8.66221,-0.02555029,0.02760919,0.001163977,1.096789,339.0438,-339.2739,339.0043,-339.1186,-0.004456891,-0.003582581,-3.471088e-05,-0.2214921,-0.2216423,-0.2214663,-0.2215409,1
6.194638,6.032921,-8.58841,-0.02471665,0.02850566,0.002424026,1.105458,342.4526,-341.9338,342.5117,-341.7852,-0.00460061,-0.003214853,-2.063781e-05,-0.2237189,-0.22338,-0.2237575,-0.223283,1
6.239832,6.07505,-8.655754,-0.02536883,0.02800087,0.002580893,1.114556,345.3647,-345.3581,345.3939,-345.2369,-0.004764078,-0.002866882,-1.59401e-05,-0.2256213,-0.2256171,-0.2256405,-0.2255379,1
5.936546,5.794922,-9.183907,-0.02746378,0.02523831,0.0002712956,1.124095,348.3591,-348.5673,348.1993,-348.4699,-0.004943136,-0.002539797,-2.055416e-05,-0.2275776,-0.2277136,-0.2274732,-0.22765,1
6.182696,6.022291,-8.978649,-0.0249642,0.02720713,0.002135999,1.134089,350.508,-351.433,350.5614,-351.2936,-0.005116887,-0.002213739,-4.293599e-05,-0.2289814,-0.2295857,-0.2290163,-0.2294946,1
6.024878,5.87644,-9.276052,-0.02556125,0.02595841,0.001234177,1.144551,352.9197,-352.8427,352.9167,-352.7234,-0.005275706,-0.001878769,-4.129296e-05,-0.2305569,-0.2305066,-0.230555,-0.2304287,1
6.015868,5.868292,-9.361436,-0.02582453,0.02543187,0.00114499,1.155488,354.6303,-354.8336,354.6138,-354.7354,-0.005437767,-0.001549086,-4.745502e-05,-0.2316745,-0.2318072,-0.2316637,-0.2317431,1
6.195566,6.034485,-9.203926,-0.02454809,0.02633789,0.002545761,1.166911,356.862,-356.1712,356.9709,-356.0616,-0.005577762,-0.001199554,-3.320353e-05,-0.2331324,-0.2326811,-0.2332036,-0.2326095,1
5.838975,5.705437,-9.743908,-0.02814018,0.02237623,-0.0002670193,1.178825,358.5624,-358.4725,358.3689,-358.4289,-0.005747585,-0.0008833872,-2.40121e-05,-0.2342432,-0.2341845,-0.2341168,-0.234156,1
5.752359,5.625457,-9.942894,-0.02832091,0.02129169,-0.0010278,1.19124,360.3043,-360.7661,360.0793,-360.7063,-0.005928744,-0.0005860215,-3.824824e-05,-0.2353812,-0.2356828,-0.2352342,-0.2356438,1
5.91752,5.777968,-9.797065,-0.0262059,0.02257289,0.0003579599,1.204163,361.4213,-362.2281,361.3651,-362.1307,-0.006100689,-0.0002894392,-5.842677e-05,-0.2361109,-0.2366379,-0.2360742,-0.2365744,1
5.777432,5.648517,-10.02184,-0.0266664,0.0213717,-0.0004348911,1.217601,362.4988,-362.7795,362.3908,-362.7009,-0.006264605,7.603477e-06,-6.655476e-05,-0.2368148,-0.2369982,-0.2367443,-0.2369468,1
5.937379,5.796402,-9.842643,-0.02534437,0.02228853,0.0008493307,1.23156,363.3271,-363.3673,363.3381,-363.2834,-0.006414711,0.0003149903,-7.163726e-05,-0.237356,-0.2373822,-0.2373632,-0.2373274,1
6.036551,5.88832,-9.743755,-0.02506901,0.02226045,0.001649506,1.246043,363.8419,-364.3909,363.8822,-364.3175,-0.006575106,0.0006072196,-7.726144e-05,-0.2376923,-0.2380509,-0.2377186,-0.238003,1
6.171135,6.012807,-9.601569,-0.0239541,0.02278052,0.00271914,1.261053,365.0124,-364.7235,365.1484,-364.6347,-0.006723274,0.0009059369,-7.334134e-05,-0.2384569,-0.2382682,-0.2385458,-0.2382102,1
6.076732,5.925858,-9.75401,-0.02502869,0.0212015,0.001981415,1.276593,365.6651,-365.6158,365.7098,-365.551,-0.006877489,0.00119341,-6.91243e-05,-0.2388833,-0.2388511,-0.2389125,-0.2388088,1
6.039988,5.892098,-9.836631,-0.02535497,0.02023281,0.001664231,1.292666,366.3001,-366.7432,366.3095,-366.6793,-0.007042472,0.001463839,-7.421285e-05,-0.2392981,-0.2395876,-0.2393043,-0.2395459,1
6.0907,5.938993,-9.80284,-0.02451077,0.0202967,0.002106364,1.309277,367.3421,-366.9499,367.4175,-366.868,-0.007189784,0.001745157,-6.83887e-05,-0.2399788,-0.2397227,-0.2400282,-0.2396691,1
5.859876,5.725966,-10.1263,-0.02652045,0.01773688,0.0003352703,1.326427,367.5837,-367.9382,367.4801,-367.8939,-0.007355445,0.002002263,-7.139633e-05,-0.2401367,-0.2403683,-0.240069,-0.2403393,1
6.046558,5.898471,-9.908736,-0.02463276,0.01894154,0.001756535,1.34412,368.1291,-368.4414,368.1797,-368.3609,-0.007512267,0.002261741,-7.973964e-05,-0.240493,-0.240697,-0.2405261,-0.2406445,1
6.188594,6.02983,-9.737921,-0.02349148,0.01961108,0.002914655,1.362357,368.4861,-368.4814,368.6363,-368.3923,-0.007658691,0.002525348,-7.766057e-05,-0.2407262,-0.2407232,-0.2408243,-0.240665,1
6.008009,5.863202,-9.98269,-0.0250765,0.01752325,0.001562332,1.381142,368.6666,-368.94,368.6739,-368.8831,-0.0078192,0.002769582,-7.940571e-05,-0.2408442,-0.2410228,-0.2408489,-0.2409856,1
6.348417,6.177785,-9.55191,-0.02224238,0.01987061,0.004107771,1.400475,369.1479,-368.9513,369.4025,-368.8491,-0.00795749,0.00303162,-7.736363e-05,-0.2411586,-0.2410301,-0.2413249,-0.2409633,1
6.111453,5.959154,-9.869854,-0.02455431,0.01712845,0.002338915,1.420356,369.4895,-369.1761,369.5462,-369.1205,-0.008104879,0.003279936,-6.201233e-05,-0.2413817,-0.241177,-0.2414187,-0.2411407,1
6.001799,5.858027,-10.03044,-0.02546571,0.01562008,0.001346272,1.440789,369.8206,-370.0029,369.7897,-369.9535,-0.008267032,0.003508788,-6.486657e-05,-0.241598,-0.2417172,-0.2415779,-0.2416849,1
6.015066,5.870273,-10.03364,-0.02476997,0.01551264,0.001481475,1.461772,370.0599,-370.3727,370.0723,-370.3014,-0.008424533,0.003734414,-7.16548e-05,-0.2417544,-0.2419587,-0.2417625,-0.2419121,1
6.255637,6.092604,-9.724404,-0.02271267,0.0171524,0.003346304,1.48331,370.1261,-370.2411,370.3162,-370.1441,-0.008567873,0.003968578,-7.304214e-05,-0.2417976,-0.2418727,-0.2419218,-0.2418094,1
6.307773,6.140993,-9.654531,-0.02263936,0.01696494,0.003753647,1.505402,370.603,-369.7517,370.8106,-369.6674,-0.008696329,0.004215253,-5.232813e-05,-0.2421092,-0.2415531,-0.2422448,-0.241498,1
6.216141,6.056742,-9.780742,-0.02427541,0.0151714,0.002826392,1.528049,370.8256,-370.4221,370.9041,-370.3707,-0.008841324,0.004444175,-3.686544e-05,-0.2422546,-0.241991,-0.2423059,-0.2419574,1
6.15939,6.0045,-9.8802,-0.02482199,0.01404007,0.002213973,1.551251,371.537,-371.0484,371.5652,-370.9918,-0.00898978,0.004665276,-2.381037e-05,-0.2427193,-0.2424001,-0.2427378,-0.2423631,1
5.74669,5.623294,-10.44378,-0.02772915,0.01030372,-0.001005222,1.57501,371.6057,-372.1584,371.3587,-372.1327,-0.009167279,0.004849277,-3.221566e-05,-0.2427642,-0.2431253,-0.2426029,-0.2431085,1
6.099434,5.948968,-9.999701,-0.02382198,0.0134531,0.001694274,1.599329,371.8158,-372.0774,371.8906,-371.9767,-0.009316333,0.005054465,-4.620673e-05,-0.2429015,-0.2430724,-0.2429503,-0.2430066,1
5.942526,5.80408,-10.1959,-0.02491547,0.01197331,0.000697786,1.624209,371.4037,-371.796,371.3762,-371.73,-0.009469508,0.00524955,-4.950999e-05,-0.2426323,-0.2428885,-0.2426143,-0.2428454,1
6.079489,5.930657,-10.00489,-0.02363176,0.01291627,0.001746769,1.649651,371.0785,-371.6156,371.1539,-371.5357,-0.009622392,0.005441347,-6.37873e-05,-0.2424198,-0.2427707,-0.242469,-0.2427185,1
6.225296,6.065398,-9.801639,-0.02221884,0.0139181,0.002997918,1.675653,371.0584,-370.7434,371.2524,-370.6494,-0.00975167,0.005652824,-5.864892e-05,-0.2424067,-0.2422009,-0.2425334,-0.2421395,1
6.243991,6.082994,-9.760592,-0.02281266,0.01327271,0.003074789,1.702214,370.6627,-370.7395,370.8132,-370.6707,-0.009891429,0.005852186,-5.32142e-05,-0.2421482,-0.2421984,-0.2422465,-0.2421534,1
6.203257,6.045522,-9.813735,-0.02321349,0.01240888,0.002706547,1.729332,370.7589,-370.8062,370.8657,-370.7375,-0.01003856,0.006040008,-5.150805e-05,-0.242211,-0.2422419,-0.2422808,-0.242197,1
6.247308,6.086277,-9.757573,-0.02262897,0.01246514,0.003009879,1.757007,370.8327,-370.6651,370.9813,-370.5813,-0.01017693,0.006231726,-4.878653e-05,-0.2422592,-0.2421497,-0.2423563,-0.242095,1
6.198365,6.041211,-9.818478,-0.02312116,0.0116184,0.002612557,1.78524,370.5999,-370.8114,370.7009,-370.7372,-0.0103215,0.006413118,-4.77755e-05,-0.2421071,-0.2422453,-0.2421731,-0.2421968,1
5.903387,5.768694,-10.20302,-0.02497737,0.00908338,0.0004163803,1.814029,370.7168,-370.7072,370.6373,-370.6541,-0.01047139,0.006584269,-4.717533e-05,-0.2421835,-0.2421773,-0.2421316,-0.2421426,1
6.045182,5.899684,-10.01431,-0.02347752,0.01014289,0.001454604,1.843375,370.6641,-370.4545,370.7085,-370.3747,-0.01060376,0.006769803,-4.697657e-05,-0.2421491,-0.2420122,-0.2421781,-0.24196,1
6.355165,6.186328,-9.602109,-0.02166617,0.01201399,0.003739899,1.873277,370.272,-370.4612,370.4857,-370.3661,-0.01073604,0.006953087,-4.335232e-05,-0.2418929,-0.2420165,-0.2420325,-0.2419544,1
6.119475,5.968737,-9.907009,-0.02362478,0.009652423,0.001948303,1.903736,370.4949,-370.2495,370.5304,-370.1848,-0.01088006,0.007120608,-3.518245e-05,-0.2420386,-0.2418782,-0.2420617,-0.241836,1
6.268929,6.106855,-9.711712,-0.02225717,0.01064767,0.002948273,1.934749,370.2054,-370.5117,370.3514,-370.4194,-0.01102207,0.007286496,-4.435537e-05,-0.2418494,-0.2420495,-0.2419448,-0.2419892,1
6.323113,6.156961,-9.636991,-0.02164579,0.01089477,0.003454289,1.966318,369.9757,-370.2789,370.1671,-370.1785,-0.01115921,0.00745243,-4.442534e-05,-0.2416994,-0.2418974,-0.2418244,-0.2418319,1
6.054625,5.908947,-9.97686,-0.02348498,0.00858124,0.001465702,1.998443,370.1521,-369.7112,370.1729,-369.6409,-0.01129419,0.007617634,-3.566932e-05,-0.2418146,-0.2415265,-0.2418282,-0.2414807,1
6.309783,6.144827,-9.636742,-0.02171675,0.01025505,0.003240238,2.031121,370.1931,-369.4872,370.3781,-369.3927,-0.01140912,0.007803391,-2.293907e-05,-0.2418414,-0.2413803,-0.2419623,-0.2413185,1
6.045891,5.901366,-9.982932,-0.02458301,0.007263392,0.001123923,2.064352,370.2004,-369.9481,370.1421,-369.9026,-0.01154771,0.007963852,-5.837632e-06,-0.2418462,-0.2416813,-0.241808,-0.2416516,1
6.090088,5.942261,-9.940654,-0.0240835,0.00731352,0.001227338,2.098137,370.5184,-370.4488,370.4933,-370.3775,-0.01169316,0.008113785,-7.634264e-06,-0.2420539,-0.2420084,-0.2420375,-0.2419619,1
6.247273,6.087466,-9.745529,-0.02249286,0.008508407,0.002393981,2.132477,370.3589,-370.6161,370.4631,-370.5139,-0.01183218,0.008264412,-1.31493e-05,-0.2419497,-0.2421177,-0.2420178,-0.2420509,1
5.87874,5.746949,-10.222,-0.02489431,0.005572903,-0.0002797364,2.167372,370.1873,-370.4935,370.0635,-370.4289,-0.01198194,0.008399285,-1.732218e-05,-0.2418376,-0.2420376,-0.2417567,-0.2419954,1
6.101084,5.952259,-9.922376,-0.02255252,0.00758049,0.001401051,2.202823,369.8823,-370.1672,369.951,-370.0643,-0.01211574,0.008547558,-2.993996e-05,-0.2416383,-0.2418245,-0.2416832,-0.2417572,1
6.056262,5.910909,-9.964022,-0.0228382,0.007082879,0.001211592,2.238828,369.4534,-369.6271,369.4914,-369.5399,-0.01224704,0.008695231,-3.013564e-05,-0.2413582,-0.2414716,-0.241383,-0.2414147,1
6.392496,6.221686,-9.507441,-0.02049246,0.009475103,0.003690082,2.275387,369.4813,-368.8806,369.7337,-368.7664,-0.01235766,0.008864126,-2.021173e-05,-0.2413764,-0.2409839,-0.2415413,-0.2409094,1
6.241671,6.082687,-9.695313,-0.02254769,0.00743762,0.002442509,2.312497,369.2528,-369.0665,369.334,-368.9939,-0.01248734,0.009013118,-7.675565e-06,-0.2412271,-0.2411054,-0.2412802,-0.2410579,1
5.930031,5.794814,-10.10894,-0.02471849,0.004673685,-2.888408e-05,2.350158,369.6455,-369.2726,369.5215,-369.2158,-0.0126254,0.009150889,-1.18562e-06,-0.2414837,-0.2412401,-0.2414027,-0.241203,1
6.171576,6.017989,-9.801631,-0.02262055,0.006480075,0.001660458,2.388369,369.0848,-369.9781,369.1322,-369.878,-0.01276966,0.009277808,-1.942743e-05,-0.2411174,-0.241701,-0.2411483,-0.2416355,1
6.283135,6.120951,-9.652912,-0.02112492,0.007566809,0.002690845,2.427132,369.3202,-369.0311,369.4872,-368.9067,-0.01289019,0.00942353,-1.424962e-05,-0.2412711,-0.2410823,-0.2413802,-0.241001,1
6.318532,6.15384,-9.588729,-0.02131026,0.007480199,0.002875785,2.466446,368.9091,-368.8235,369.0677,-368.718,-0.01301391,0.009565984,-1.147197e-05,-0.2410026,-0.2409467,-0.2411062,-0.2408777,1
6.487769,6.310358,-9.36202,-0.02032536,0.008446156,0.004077629,2.50631,369.276,-368.3444,369.5322,-368.2264,-0.01311841,0.009728869,9.794748e-06,-0.2412423,-0.2406336,-0.2414096,-0.2405566,1
6.154137,6.002471,-9.800715,-0.02381845,0.004902172,0.001331849,2.546723,369.0779,-369.2374,369.0326,-369.1752,-0.01326151,0.009851971,1.70005e-05,-0.2411128,-0.2412171,-0.2410833,-0.2411764,1
6.1159,5.967006,-9.869481,-0.02328788,0.004739369,0.0009376762,2.587685,369.6588,-369.3771,369.6383,-369.2791,-0.01339561,0.009979847,1.589801e-05,-0.2414923,-0.2413083,-0.2414789,-0.2412443,1
5.927919,5.793285,-10.11909,-0.02431317,0.003281356,-0.0004629631,2.629198,369.2287,-369.7315,369.1028,-369.6454,-0.01353754,0.01009499,6.400609e-06,-0.2412114,-0.2415398,-0.2411291,-0.2414835,1
6.198774,6.043425,-9.760454,-0.02170292,0.005685609,0.001632045,2.671262,369.1782,-369.2547,369.2735,-369.1274,-0.01365963,0.01022777,1.228019e-06,-0.2411784,-0.2412283,-0.2412406,-0.2411452,1
6.255989,6.096418,-9.671739,-0.02154933,0.005892602,0.002096688,2.713877,368.7538,-368.9474,368.865,-368.8321,-0.01378575,0.0103548,-1.891233e-07,-0.2409012,-0.2410276,-0.2409738,-0.2409523,1
5.971222,5.833332,-10.03261,-0.0234972,0.003565719,-1.078039e-05,2.757043,368.6911,-368.6669,368.6175,-368.5797,-0.01391804,0.0104736,-1.761907e-06,-0.2408601,-0.2408444,-0.2408121,-0.2407874,1
6.112421,5.963758,-9.839709,-0.02209716,0.004726726,0.001034288,2.800757,367.8743,-368.9897,367.907,-368.8761,-0.01405771,0.01058175,-2.572466e-05,-0.2403266,-0.2410553,-0.2403479,-0.240981,1
5.930372,5.79537,-10.06276,-0.02253597,0.003672402,-3.37955e-05,2.845019,367.9872,-367.7506,367.9576,-367.6398,-0.0141758,0.01070699,-2.402319e-05,-0.2404003,-0.2402457,-0.240381,-0.2401734,1
6.192051,6.037278,-9.694269,-0.02087822,0.005524046,0.001870294,2.889828,367.1214,-367.5532,367.2412,-367.4313,-0.01429341,0.01083324,-3.42423e-05,-0.2398347,-0.2401168,-0.239913,-0.2400372,1
5.979912,5.841356,-9.956078,-0.02246824,0.003634185,0.0004170151,2.93518,367.0313,-366.974,367.0008,-366.877,-0.01441374,0.0109545,-2.92496e-05,-0.2397759,-0.2397384,-0.2397559,-0.239675,1
6.315035,6.151074,-9.505132,-0.02002584,0.006092411,0.002826322,2.981075,366.7,-366.7549,366.8837,-366.6201,-0.01452512,0.01108431,-3.339415e-05,-0.2395594,-0.2395953,-0.2396794,-0.2395072,1
6.169634,6.016884,-9.685885,-0.02136686,0.004572907,0.001793305,3.027511,366.632,-366.4082,366.6955,-366.2961,-0.01463885,0.0112096,-2.258693e-05,-0.239515,-0.2393688,-0.2395564,-0.2392955,1
5.889129,5.757798,-10.04689,-0.02348366,0.002115401,-0.000420798,3.074487,366.5186,-366.6125,366.384,-366.5245,-0.01476802,0.01131778,-2.449336e-05,-0.2394409,-0.2395023,-0.239353,-0.2394448,1
5.925835,5.791611,-9.999697,-0.02258337,0.002579114,-0.0001354097,3.122002,366.2148,-366.7165,366.1391,-366.6002,-0.01489438,0.01142503,-3.719924e-05,-0.2392424,-0.2395702,-0.239193,-0.2394942,1
6.395131,6.225183,-9.375875,-0.01879409,0.006406025,0.003481176,3.170056,365.7115,-366.2335,365.9649,-366.0638,-0.01500491,0.01154519,-4.690691e-05,-0.2389137,-0.2392547,-0.2390792,-0.2391438,1
6.279415,6.118376,-9.505983,-0.01983386,0.005319008,0.002739185,3.218648,365.4094,-365.5211,365.5678,-365.38,-0.01512028,0.01165832,-4.523211e-05,-0.2387163,-0.2387893,-0.2388197,-0.2386971,1
5.981231,5.842869,-9.877829,-0.0217976,0.002982351,0.0005129497,3.267777,364.9371,-365.4265,364.9041,-365.3113,-0.01524733,0.01175803,-5.666587e-05,-0.2384078,-0.2387274,-0.2383862,-0.2386522,1
6.296714,6.134245,-9.45184,-0.01881794,0.005746272,0.002985322,3.31744,364.5622,-364.8422,364.779,-364.6761,-0.01534933,0.01188127,-6.321317e-05,-0.2381628,-0.2383457,-0.2383045,-0.2382372,1
5.895189,5.763405,-9.954821,-0.02207047,0.00229,9.832074e-05,3.367637,363.864,-364.6634,363.7815,-364.5556,-0.01547958,0.01197288,-7.028795e-05,-0.2377067,-0.2382289,-0.2376528,-0.2381585,1
6.20204,6.046719,-9.538031,-0.01883153,0.005178644,0.002459823,3.418364,363.8717,-363.6877,364.0559,-363.5185,-0.01557731,0.01209574,-7.74772e-05,-0.2377117,-0.2375915,-0.2378321,-0.2374809,1
6.408158,6.237393,-9.244131,-0.01790788,0.006391447,0.004078344,3.469621,362.8958,-363.4444,363.1698,-363.2798,-0.01567762,0.01221537,-7.762238e-05,-0.2370742,-0.2374326,-0.2372532,-0.2373251,1
5.90898,5.776283,-9.880028,-0.02168316,0.002212873,0.0003974271,3.521405,363.601,-362.4066,363.5365,-362.2963,-0.01577325,0.01234002,-5.040039e-05,-0.2375349,-0.2367546,-0.2374928,-0.2366825,1
5.754582,5.63382,-10.07866,-0.02323522,0.0005385856,-0.001070529,3.573714,362.9301,-363.4897,362.7231,-363.3933,-0.01589682,0.01243691,-6.052363e-05,-0.2370966,-0.2374621,-0.2369614,-0.2373992,1
6.203226,6.04822,-9.501979,-0.01917707,0.004310373,0.002371141,3.626549,362.6963,-363.5333,362.8275,-363.3559,-0.0160089,0.01254014,-7.458213e-05,-0.2369438,-0.2374906,-0.2370296,-0.2373748,1
6.295024,6.133015,-9.367887,-0.01820673,0.005171302,0.003225942,3.679908,362.6189,-362.4706,362.8294,-362.287,-0.01610667,0.01265393,-7.094128e-05,-0.2368933,-0.2367964,-0.2370308,-0.2366765,1
5.859089,5.730326,-9.915087,-0.02155671,0.001619597,-3.350794e-05,3.733791,362.0811,-362.3643,361.9873,-362.2385,-0.01622155,0.0127501,-7.459097e-05,-0.236542,-0.236727,-0.2364806,-0.2366447,1
6.011752,5.871284,-9.704925,-0.01983738,0.003077853,0.001148242,3.788197,361.6575,-362.2177,361.6987,-362.0552,-0.01632613,0.01285563,-8.575794e-05,-0.2362652,-0.2366312,-0.2362922,-0.2365251,1
6.414558,6.243524,-9.162914,-0.01686215,0.00620148,0.00427123,3.843123,361.5287,-361.263,361.8371,-361.0639,-0.0164068,0.01298451,-7.592125e-05,-0.2361811,-0.2360075,-0.2363825,-0.2358774,1
6.176102,6.023519,-9.457228,-0.01951228,0.003685592,0.002396471,3.898569,361.3334,-361.1163,361.4165,-360.9696,-0.01650809,0.01309318,-6.373434e-05,-0.2360535,-0.2359117,-0.2361078,-0.2358158,1
5.726342,5.607965,-10.04555,-0.02252718,8.577258e-05,-0.00107015,3.954533,361.5614,-361.2708,361.3603,-361.1504,-0.01661639,0.0131936,-5.896556e-05,-0.2362024,-0.2360126,-0.2360711,-0.2359339,1
6.149172,5.998626,-9.496835,-0.0191023,0.003468421,0.002001852,4.011014,361.0057,-361.7516,361.0995,-361.5682,-0.01671797,0.01329903,-7.080757e-05,-0.2358394,-0.2363266,-0.2359007,-0.2362069,1
6.042189,5.899805,-9.632097,-0.01973504,0.002619105,0.001358043,4.068013,361.4308,-360.8019,361.4645,-360.6302,-0.01680752,0.01341374,-5.300165e-05,-0.2361171,-0.2357063,-0.2361391,-0.2355941,1
6.177591,6.025101,-9.445541,-0.01922341,0.00335884,0.002145089,4.12553,360.8693,-361.2512,360.9537,-361.0775,-0.01691232,0.01351399,-6.036376e-05,-0.2357503,-0.2359998,-0.2358054,-0.2358863,1
6.170465,6.018489,-9.455953,-0.01890833,0.003382085,0.0021833,4.183562,360.9338,-360.9935,361.0344,-360.8061,-0.0170089,0.01361988,-5.706913e-05,-0.2357924,-0.2358314,-0.2358581,-0.235709,1
5.9653,5.828975,-9.715938,-0.02036933,0.001718268,0.0006281912,4.242112,360.5046,-361.126,360.4644,-360.9601,-0.01712182,0.01370702,-6.553679e-05,-0.2355121,-0.235918,-0.2354858,-0.2358096,1
5.91009,5.777788,-9.780909,-0.01989997,0.001727122,0.0003275195,4.301177,360.3192,-360.7193,360.2961,-360.535,-0.01722541,0.01380037,-7.695196e-05,-0.2353909,-0.2356523,-0.2353759,-0.2355319,1
6.231373,6.074612,-9.342235,-0.0172237,0.004461315,0.00284884,4.360757,360.0155,-359.8464,360.2286,-359.6295,-0.01730069,0.01392215,-7.342131e-05,-0.2351926,-0.2350821,-0.2353318,-0.2349404,1
6.120827,5.972783,-9.466843,-0.01892042,0.003018257,0.0019938,4.42085,359.6249,-359.7035,359.699,-359.5281,-0.01739319,0.01402785,-6.39964e-05,-0.2349373,-0.2349887,-0.2349858,-0.2348741,1
6.464959,6.290854,-9.015151,-0.01648662,0.005516367,0.004427583,4.481455,359.9009,-359.4364,360.1935,-359.2164,-0.01747153,0.01414873,-5.475868e-05,-0.2351177,-0.2348142,-0.2353088,-0.2346705,1
6.021889,5.881708,-9.595082,-0.02028423,0.001508031,0.001039744,4.542571,359.8954,-359.7305,359.8519,-359.5665,-0.01757047,0.01424718,-4.11296e-05,-0.235114,-0.2350064,-0.2350856,-0.2348992,1
5.832631,5.706798,-9.851522,-0.02124264,9.044669e-05,-0.000526758,4.604198,360.0969,-360.1626,359.9522,-359.9915,-0.01767419,0.01433937,-4.339028e-05,-0.2352457,-0.2352886,-0.2351512,-0.2351769,1
6.144471,5.994864,-9.451118,-0.01849244,0.00272858,0.00180283,4.666335,359.7854,-360.3454,359.8741,-360.1241,-0.01776934,0.01443721,-5.266991e-05,-0.2350422,-0.2354081,-0.2351002,-0.2352635,1
6.027869,5.887137,-9.596585,-0.0191672,0.001893234,0.001050936,4.728985,359.9314,-359.6685,359.9554,-359.4615,-0.01785774,0.01453966,-4.461389e-05,-0.2351376,-0.2349658,-0.2351533,-0.2348306,1
6.145688,5.9961,-9.432523,-0.01847562,0.002710064,0.001821859,4.792147,359.5229,-359.7947,359.61,-359.5816,-0.01794966,0.0146394,-4.962526e-05,-0.2348707,-0.2350483,-0.2349276,-0.2349091,1
5.676806,5.562875,-10.04167,-0.02166506,-0.0009533009,-0.001586316,4.85582,359.3804,-359.8083,359.1663,-359.6356,-0.0180571,0.01472047,-5.293022e-05,-0.2347776,-0.2350571,-0.2346378,-0.2349443,1
6.397795,6.228918,-9.093036,-0.01570318,0.005102103,0.003784635,4.920003,359.266,-359.2428,359.5756,-358.9741,-0.01812659,0.01483991,-5.871294e-05,-0.2347029,-0.2346877,-0.2349052,-0.2345122,1
5.962174,5.82672,-9.647279,-0.01973257,0.001120307,0.0006319627,4.984696,359.0698,-358.8966,359.0312,-358.7066,-0.01821534,0.01493896,-4.151788e-05,-0.2345747,-0.2344615,-0.2345495,-0.2343375,1
6.081599,5.937121,-9.488928,-0.01880339,0.001973099,0.001303923,5.049898,359.1209,-359.1469,359.1593,-358.9303,-0.01830592,0.01503743,-4.598592e-05,-0.2346081,-0.2346251,-0.2346332,-0.2344836,1
6.100523,5.954641,-9.468425,-0.01850343,0.00206733,0.001494182,5.115608,358.848,-359.3047,358.9032,-359.0762,-0.01839789,0.01513118,-4.88099e-05,-0.2344298,-0.2347282,-0.2344659,-0.2345789,1
6.232579,6.076664,-9.291043,-0.01732429,0.003173417,0.002501848,5.181826,359.0528,-358.7664,359.21,-358.518,-0.01847504,0.01523898,-4.187043e-05,-0.2345636,-0.2343765,-0.2346663,-0.2342142,1
5.886592,5.757147,-9.737049,-0.02020214,0.000170609,-0.0001448864,5.24855,358.8505,-358.9556,358.7512,-358.7526,-0.0185702,0.01532808,-3.879102e-05,-0.2344314,-0.2345001,-0.2343666,-0.2343675,1
6.53804,6.359052,-8.88839,-0.0151556,0.005383611,0.00462905,5.315784,358.7278,-358.9974,359.0756,-358.7093,-0.0186446,0.01543835,-4.44326e-05,-0.2343513,-0.2345274,-0.2345785,-0.2343392,1
6.084825,5.940487,-9.476913,-0.018899,0.001464082,0.001339806,5.383524,359.2938,-358.2704,359.3167,-358.0461,-0.01871782,0.01554867,-1.40207e-05,-0.234721,-0.2340525,-0.234736,-0.233906,1
6.168919,6.018414,-9.37044,-0.01888545,0.001669096,0.001581175,5.451771,358.9246,-359.4564,358.955,-359.2257,-0.01881632,0.01563586,-2.267125e-05,-0.2344799,-0.2348273,-0.2344997,-0.2346766,1
6.060246,5.917891,-9.530646,-0.01897964,0.001034092,0.0008703682,5.520526,359.0036,-359.7305,359.0008,-359.4791,-0.0189197,0.01571231,-3.227187e-05,-0.2345315,-0.2350064,-0.2345296,-0.2348421,1
5.943563,5.809875,-9.678743,-0.01889246,0.0006693546,0.0001169015,5.589789,358.5908,-359.5489,358.5684,-359.288,-0.01902461,0.01578216,-5.519078e-05,-0.2342618,-0.2348877,-0.2342471,-0.2347172,1
5.956238,5.821352,-9.642066,-0.01776022,0.001471383,0.0004886199,5.659561,358.283,-358.4893,358.3418,-358.2126,-0.01910076,0.01587902,-6.377743e-05,-0.2340607,-0.2341955,-0.2340991,-0.2340147,1
5.99685,5.85902,-9.558784,-0.0177809,0.001687207,0.0008944059,5.72984,357.3919,-358.1431,357.4511,-357.8843,-0.01918332,0.01597068,-7.20716e-05,-0.2334786,-0.2339693,-0.2335172,-0.2338002,1
5.76749,5.647124,-9.840063,-0.01924126,-7.146987e-05,-0.0006962484,5.800624,357.2918,-357.5039,357.2059,-357.2629,-0.01926967,0.01605727,-7.56334e-05,-0.2334132,-0.2335517,-0.2333571,-0.2333943,1
5.819205,5.694884,-9.755824,-0.01846709,0.0004867766,-0.0002626196,5.87191,356.7224,-357.2454,356.6894,-356.9865,-0.0193514,0.01614698,-8.89439e-05,-0.2330412,-0.2333828,-0.2330196,-0.2332137,1
6.261586,6.103692,-9.159908,-0.01514448,0.00396994,0.003179305,5.943695,356.1352,-356.7271,356.3942,-356.4214,-0.01941867,0.01625014,-9.498145e-05,-0.2326576,-0.2330442,-0.2328268,-0.2328445,1
6.311056,6.149613,-9.074963,-0.01523077,0.004030388,0.00362897,6.01598,356.1534,-355.8296,356.4116,-355.535,-0.01948095,0.01635834,-8.117194e-05,-0.2326695,-0.232458,-0.2328381,-0.2322655,1
-0.09192466,5.777495,-9.590286,-0.01864846,0.0004392623,0.000491798,6.088762,355.7114,-356.286,355.6603,-356.0385,-0.01957474,0.0164342,-8.676684e-05,-0.2323807,-0.2327561,-0.2323473,-0.2325944,0
-0.1303162,5.741837,-9.641689,-0.01789396,0.0005831268,0.0002887381,6.162039,355.6836,-356.127,355.6998,-355.8707,-0.0196549,0.01652041,-9.680067e-05,-0.2323625,-0.2326522,-0.2323731,-0.2324848,0
0.3047145,6.143843,-9.062802,-0.01452662,0.003975924,0.003640438,6.23581,355.4615,-355.4468,355.9256,-355.2906,-0.01970797,0.01663275,-9.154669e-05,-0.2322175,-0.2322079,-0.2325207,-0.2321058,0
0.3824564,6.216202,-8.951893,-0.01497352,0.002910043,0.004162436,6.310077,355.449,-355.2305,356.0429,-355.2455,-0.01977004,0.01673041,-7.489219e-05,-0.2322093,-0.2320665,-0.2325973,-0.2320764,0
0.006043748,5.86896,-9.451636,-0.01807639,-0.002732864,0.001189245,6.384836,355.6934,-355.7693,356.083,-355.8948,-0.01985576,0.01678372,-7.038032e-05,-0.2323689,-0.2324185,-0.2326235,-0.2325005,0
-0.02283421,5.842621,-9.504831,-0.01756474,-0.005679707,0.000938454,6.46009,355.6559,-356.3529,356.0966,-356.4741,-0.0199405,0.01680643,-8.155876e-05,-0.2323445,-0.2327998,-0.2326323,-0.232879,0
0.2896162,6.131709,-9.099333,-0.01474836,-0.006145536,0.003408947,6.535838,355.8519,-355.8209,356.5385,-355.8969,-0.01999717,0.01682403,-7.449229e-05,-0.2324725,-0.2324522,-0.2329211,-0.2325019,0
0.1924076,6.042589,-9.218888,-0.01617951,-0.01052563,0.002633282,6.612082,355.8836,-355.7568,356.4426,-355.8532,-0.02006447,0.01680019,-6.018834e-05,-0.2324932,-0.2324104,-0.2328584,-0.2324734,0
-0.01242624,5.853814,-9.49291,-0.01776083,-0.01534765,0.0009792162,6.688822,356.3621,-355.9562,356.757,-356.0431,-0.02013366,0.01674465,-4.680935e-05,-0.2328058,-0.2325407,-0.2330638,-0.2325974,0
0.05376805,5.915397,-9.419385,-0.01736508,-0.01782651,0.001342371,6.766057,356.197,-356.8144,356.5975,-356.8578,-0.02021316,0.01664913,-4.82319e-05,-0.2326979,-0.2331013,-0.2329596,-0.2331297,0
0.105324,5.963249,-9.363797,-0.01657487,-0.01984126,0.001781947,6.84379,356.5759,-356.7186,357.0079,-356.7103,-0.020286,0.01653118,-4.273013e-05,-0.2329455,-0.2330387,-0.2332277,-0.2330333,0
-0.3085411,5.58104,-9.904833,-0.01936452,-0.02529436,-0.00129778,6.92202,356.5948,-356.8006,356.7382,-356.8012,-0.02036958,0.01637659,-4.147096e-05,-0.2329578,-0.2330923,-0.2330515,-0.2330927,0
0.03119077,5.894972,-9.46053,-0.01629669,-0.02432138,0.001251312,7.000749,356.2039,-357.0087,356.5797,-356.926,-0.02044123,0.0162123,-5.328803e-05,-0.2327025,-0.2332282,-0.2329479,-0.2331742,0
0.1008433,5.959445,-9.361278,-0.01570117,-0.02551804,0.001966408,7.079976,356.2585,-356.2836,356.6581,-356.1707,-0.02050073,0.01604025,-4.123236e-05,-0.2327382,-0.2327545,-0.2329992,-0.2326808,0
0.03541525,5.899187,-9.435178,-0.01657925,-0.02784806,0.001395747,7.159701,356.1317,-356.2396,356.4301,-356.1179,-0.02056985,0.01584346,-3.51115e-05,-0.2326553,-0.2327258,-0.2328503,-0.2326463,0
0.2096707,6.060226,-9.208036,-0.01524203,-0.02788535,0.002670982,7.239923,356.2222,-356.1863,356.6119,-356.0104,-0.02062741,0.01564459,-2.541466e-05,-0.2327144,-0.2326909,-0.232969,-0.2325761,0
-0.04534044,5.824712,-9.542022,-0.01748386,-0.03136667,0.0007275131,7.32064,356.3252,-356.3385,356.4923,-356.169,-0.020697,0.01542113,-1.011911e-05,-0.2327817,-0.2327904,-0.2328909,-0.2326797,0
-0.1235733,5.752334,-9.652234,-0.01785444,-0.03293518,2.30787e-05,7.401855,356.4872,-356.6951,356.5875,-356.4911,-0.02077202,0.01518124,-7.640384e-06,-0.2328876,-0.2330234,-0.2329531,-0.2328901,0
-0.03226645,5.836509,-9.539653,-0.0167836,-0.03282578,0.0007279736,7.483567,356.473,-356.7431,356.636,-356.4894,-0.02083874,0.01493939,-4.959824e-06,-0.2328783,-0.2330547,-0.2329847,-0.232889,0
0.1080599,5.966052,-9.353905,-0.0157841,-0.03235193,0.001792271,7.565776,356.6573,-356.3615,356.8925,-356.0728,-0.02089141,0.01470552,1.108383e-05,-0.2329986,-0.2328054,-0.2331523,-0.2326169,0
0.1845066,6.036726,-9.253607,-0.01590888,-0.03265356,0.002217722,7.648483,356.6008,-356.6729,356.8173,-356.3697,-0.02095494,0.01445727,2.364558e-05,-0.2329617,-0.2330088,-0.2331032,-0.2328108,0
0.3813532,6.218484,-9.006964,-0.01462867,-0.0316352,0.003572681,7.731688,356.6144,-357.1319,356.924,-356.78,-0.02102679,0.01419582,2.533003e-05,-0.2329706,-0.2333087,-0.2331729,-0.2330788,0
0.1024343,5.960474,-9.378223,-0.01626884,-0.03388302,0.00154268,7.815391,357.0311,-356.8579,357.165,-356.5006,-0.02109384,0.01393413,3.753157e-05,-0.2332428,-0.2331297,-0.2333304,-0.2328963,0
0.1473894,6.001769,-9.319235,-0.0158718,-0.03357816,0.001777606,7.899593,356.7925,-357.197,356.943,-356.8116,-0.0211606,0.01367208,3.848435e-05,-0.233087,-0.2333512,-0.2331853,-0.2330995,0
0.09884375,5.956659,-9.385777,-0.01613199,-0.0339357,0.00145479,7.984294,356.8741,-357.1583,356.9804,-356.7543,-0.02122803,0.01340816,4.576836e-05,-0.2331403,-0.2333259,-0.2332097,-0.2330621,0
0.2030017,6.052623,-9.249563,-0.01526761,-0.03297284,0.00218281,8.069494,356.9883,-356.9854,357.1545,-356.5483,-0.02128879,0.0131516,5.21261e-05,-0.2332149,-0.233213,-0.2333235,-0.2329275,0
0.07058165,5.930056,-9.421968,-0.01637857,-0.03395328,0.001169839,8.155194,357.1359,-356.8893,357.192,-356.4523,-0.02134649,0.0129002,6.753112e-05,-0.2333113,-0.2331502,-0.233348,-0.2328648,0
0.08219624,5.940612,-9.411174,-0.01661715,-0.03386042,0.001106604,8.241393,356.8748,-357.5854,356.8966,-357.1317,-0.02142209,0.01263324,6.609085e-05,-0.2331407,-0.233605,-0.233155,-0.2333086,0
0.04234534,5.903365,-9.472333,-0.01631274,-0.03359053,0.0008669525,8.328091,357.1965,-357.3635,357.2169,-356.8756,-0.02149022,0.01237382,6.869064e-05,-0.2333509,-0.23346,-0.2333642,-0.2331413,0
0.186328,6.036075,-9.280161,-0.01510058,-0.03196005,0.001936348,8.41529,357.12,-357.1002,357.237,-356.5817,-0.02154405,0.01213246,7.474478e-05,-0.2333009,-0.233288,-0.2333774,-0.2329493,0
-0.01611245,5.848862,-9.540533,-0.01700266,-0.03338845,0.0003975938,8.502989,356.955,-357.3049,356.8958,-356.8055,-0.02161282,0.01188064,8.20124e-05,-0.2331931,-0.2334218,-0.2331545,-0.2330955,0
0.5899624,6.408548,-8.753079,-0.01246262,-0.02812652,0.004819661,8.591187,357.0997,-357.1866,357.4373,-356.5995,-0.02166149,0.01165461,8.55257e-05,-0.2332876,-0.2333445,-0.2335083,-0.2329609,0
-0.0256072,5.839659,-9.557792,-0.0174999,-0.03286104,0.0002499176,8.679885,357.1368,-357.3086,357.0175,-356.7889,-0.02173796,0.01140327,9.849019e-05,-0.233312,-0.2334241,-0.233234,-0.2330847,0
0.1730798,6.02278,-9.304183,-0.01539126,-0.03042348,0.001586366,8.769083,357.2713,-357.5188,357.3182,-356.9364,-0.02180035,0.01117172,9.244349e-05,-0.2333998,-0.2335615,-0.2334304,-0.233181,0
0.03036288,5.890637,-9.492505,-0.01641977,-0.03100605,0.0006248427,8.85878,357.0753,-357.5278,357.0194,-356.9505,-0.02186549,0.01094099,9.778183e-05,-0.2332717,-0.2335674,-0.2332352,-0.2331902,0
0.2148571,6.060806,-9.248833,-0.01498759,-0.02891205,0.001942823,8.948979,356.9656,-357.5353,357.0258,-356.9232,-0.02193275,0.01071364,9.179179e-05,-0.2332001,-0.2335723,-0.2332394,-0.2331724,0
0.1080913,5.961815,-9.385143,-0.01546388,-0.02899142,0.001245028,9.039678,356.8221,-357.278,356.8222,-356.6601,-0.02199931,0.01049055,8.883165e-05,-0.2331063,-0.2334041,-0.2331064,-0.2330005,0
-0.05318789,5.812451,-9.585313,-0.01631185,-0.02943551,0.0001082082,9.130876,356.7489,-356.8898,356.6595,-356.2731,-0.02205767,0.01028176,9.097506e-05,-0.2330585,-0.2331506,-0.2330001,-0.2327477,0
0.2885769,6.128039,-9.13038,-0.01401655,-0.02623466,0.002625102,9.222573,356.5947,-356.6724,356.713,-356.0162,-0.02210187,0.01009578,9.825457e-05,-0.2329577,-0.2330085,-0.2330351,-0.2325798,0
0.1089356,5.962028,-9.363382,-0.01606539,-0.02754014,0.001218228,9.314769,356.5818,-356.8476,356.5205,-356.2173,-0.02216829,0.009893605,0.0001073566,-0.2329493,-0.233123,-0.2329093,-0.2327112,0
0.1937851,6.040114,-9.259965,-0.01511964,-0.02616187,0.00174464,9.407461,356.6751,-357.0677,356.6821,-356.3985,-0.0222344,0.009696406,0.0001010411,-0.2330103,-0.2332668,-0.2330148,-0.2328296,0
0.5701605,6.3876,-8.769571,-0.01218233,-0.02248257,0.004612002,9.500652,356.6491,-356.7422,356.9164,-356.0203,-0.02227628,0.00952932,0.0001079129,-0.2329933,-0.2330541,-0.2331679,-0.2325825,0
0.03569884,5.893763,-9.462736,-0.01683312,-0.0265269,0.0005791607,9.594341,357.1397,-356.4688,357.0045,-355.8179,-0.02233005,0.009358479,0.0001360507,-0.2333138,-0.2328755,-0.2332255,-0.2324503,0
0.3648301,6.197763,-9.046034,-0.01482034,-0.02364503,0.002666895,9.688528,356.9476,-357.6596,356.9943,-356.9585,-0.02239829,0.009181222,0.0001272351,-0.2331883,-0.2336534,-0.2332188,-0.2331954,0
0.05946014,5.915293,-9.464486,-0.01658325,-0.02530435,0.0005096847,9.783214,357.3823,-357.6606,357.2534,-356.9627,-0.02246955,0.0090021,0.0001318252,-0.2334723,-0.2336541,-0.2333881,-0.2331982,0
0.3370171,6.171425,-9.103344,-0.01413802,-0.02222241,0.002500448,9.8784,357.3366,-357.6205,357.4203,-356.8754,-0.02252526,0.00884461,0.0001258881,-0.2334425,-0.2336279,-0.2334971,-0.2331411,0
0.08507759,5.938507,-9.430218,-0.01618328,-0.0237096,0.000700543,9.974086,357.2288,-357.5934,357.131,-356.8786,-0.0225889,0.008684655,0.0001313084,-0.233372,-0.2336102,-0.2333081,-0.2331432,0
0.2585757,6.098607,-9.203309,-0.01481398,-0.02170104,0.001907609,10.07027,357.2768,-357.6162,357.2982,-356.8701,-0.02264866,0.008535356,0.0001275961,-0.2334034,-0.2336251,-0.2334173,-0.2331377,0
0.193299,6.038141,-9.289605,-0.01531412,-0.02169541,0.001458215,10.16696,357.0679,-357.7167,357.0394,-356.9713,-0.02271586,0.008382511,0.0001232134,-0.2332669,-0.2336908,-0.2332483,-0.2332038,0
-0.0917165,5.774524,-9.658961,-0.01694852,-0.02314195,-0.0006055982,10.26415,357.0845,-357.55,356.8947,-356.8155,-0.02278574,0.008230709,0.0001169547,-0.2332777,-0.2335819,-0.2331537,-0.233102,0
0.2195515,0.06186921,-14.24566,-0.01425381,-0.01987589,0.00176334,10.36184,356.5745,-357.4854,356.6053,-356.6852,-0.02284444,0.008094939,0.0001017846,-0.2329446,-0.2335397,-0.2329647,-0.2330169,0
0.5505785,0.3676342,-13.79127,-0.01198006,-0.01672403,0.004386038,10.46003,355.399,-355.4093,355.606,-354.5807,-0.02288303,0.007985831,0.0001107909,-0.2321767,-0.2321834,-0.2323119,-0.2316421,0
-0.06291299,-0.1991593,-14.43412,-0.01720095,-0.02133563,-0.0002709436,10.55871,348.9851,-348.7214,348.6127,-348.076,-0.02294723,0.00785916,0.0001236049,-0.2279866,-0.2278143,-0.2277432,-0.2273927,0
0.1860238,0.03045493,-13.75981,-0.01422749,-0.01853349,0.001402109,10.65789,339.2869,-340.1786,338.9933,-339.5681,-0.02301042,0.00773479,0.0001036929,-0.2216508,-0.2222334,-0.221459,-0.2218345,0
0.2198921,0.06114534,-13.33024,-0.01155204,-0.01718791,0.001882594,10.75751,330.1323,-330.2789,329.882,-329.6647,-0.02304211,0.007629734,0.0001052175,-0.2156703,-0.2157661,-0.2155067,-0.2153648,0
0.156012,0.001699578,-13.02601,-0.01003149,-0.01691452,0.001379658,10.85756,321.2755,-321.07,320.9953,-320.4576,-0.02305048,0.007536026,0.0001082917,-0.2098843,-0.20975,-0.2097012,-0.2093499,0
0.09677602,-0.05334479,-12.74811,-0.008717692,-0.01675886,0.0008892076,10.95798,312.5635,-313.3547,312.251,-312.7308,-0.02305497,0.007433586,9.722178e-05,-0.2041928,-0.2047098,-0.2039887,-0.2043022,0
0.1044079,-0.04671108,-12.41149,-0.006359997,-0.01566144,0.001066889,11.05874,305.2721,-305.1339,305.0346,-304.472,-0.02302315,0.007355996,9.940239e-05,-0.1994295,-0.1993392,-0.1992744,-0.1989069,0
-0.08604462,-0.2227968,-12.34904,-0.006581996,-0.01663336,-0.0003838253,11.15981,297.8592,-298.2044,297.5005,-297.5589,-0.02298797,0.007273667,9.643064e-05,-0.1945868,-0.1948123,-0.1943525,-0.1943906,0
0.006809749,-0.1371696,-11.94702,-0.004410095,-0.01516006,0.0003226471,11.26116,291.0392,-291.8915,290.7759,-291.2122,-0.02294489,0.007191453,8.108269e-05,-0.1901314,-0.1906882,-0.1899594,-0.1902444,0
0.01367995,-0.1309884,-11.67305,-0.002757748,-0.01421773,0.0005466064,11.36276,284.8451,-285.3468,284.6418,-284.6464,-0.02288241,0.007120732,7.144368e-05,-0.1860849,-0.1864127,-0.185952,-0.185955,0
-0.5446823,-0.6469624,-12.146,-0.005585546,-0.01785769,-0.003474838,11.46457,279.035,-279.3363,278.504,-278.6858,-0.02281735,0.00704716,6.553008e-05,-0.1822892,-0.182486,-0.1819423,-0.1820611,0
0.08269505,-0.06730228,-11.09149,0.0001708755,-0.01218056,0.001227172,11.56658,272.9776,-274.2933,272.8982,-273.5608,-0.02273234,0.006990739,3.849365e-05,-0.178332,-0.1791916,-0.1782801,-0.178713,0
0.06962678,-0.07925094,-10.88653,0.0007870563,-0.01185422,0.001451905,11.66876,268.3853,-268.144,268.3156,-267.4193,-0.02262353,0.006954068,5.102349e-05,-0.1753319,-0.1751743,-0.1752864,-0.1747009,0
0.0987588,-0.05200128,-10.63902,0.0008470983,-0.01169703,0.001507494,11.77109,263.9075,-263.4699,263.8214,-262.7618,-0.02250828,0.006925612,6.102516e-05,-0.1724067,-0.1721208,-0.1723505,-0.1716582,0
0.413415,0.2391128,-10.05731,0.002851376,-0.009534483,0.003698515,11.87354,259.919,-259.7961,259.9957,-259.0622,-0.02238519,0.00690589,7.577678e-05,-0.169801,-0.1697208,-0.1698512,-0.1692413,0
0.1341454,-0.0185417,-10.27739,0.0004853839,-0.0121413,0.001433824,11.9761,256.718,-256.5938,256.562,-255.8927,-0.02228212,0.006863287,9.194916e-05,-0.1677099,-0.1676288,-0.1676079,-0.1671707,0
0.2146948,0.05601397,-10.048,0.001804384,-0.01125511,0.001811759,12.07876,253.6633,-253.8441,253.5889,-253.1053,-0.02217535,0.006820479,8.771258e-05,-0.1657143,-0.1658324,-0.1656657,-0.1653497,0
0.08081161,-0.06755946,-10.10208,0.001549265,-0.01196677,0.0008505036,12.18149,250.4447,-251.1239,250.3138,-250.3844,-0.02206878,0.006772113,8.251146e-05,-0.1636117,-0.1640553,-0.1635261,-0.1635722,0
0.156605,0.00258044,-9.881237,0.00293656,-0.01087559,0.001452979,12.28429,247.7786,-247.9431,247.744,-247.1833,-0.02194488,0.006738742,8.154212e-05,-0.1618699,-0.1619774,-0.1618473,-0.161481,0
0.06609777,-0.08077837,-9.881809,0.002456666,-0.01149318,0.0007731338,12.38714,244.8887,-245.3926,244.7933,-244.6499,-0.02182546,0.006698883,7.796516e-05,-0.159982,-0.1603112,-0.1599197,-0.159826,0
0.09268923,-0.05601372,-9.741332,0.0032116,-0.01103176,0.0009923772,12.49004,242.5609,-242.7854,242.5096,-242.0307,-0.02169561,0.006667544,7.630572e-05,-0.1584613,-0.1586079,-0.1584277,-0.1581149,0
0.1550212,0.001868697,-9.561049,0.003843808,-0.01053705,0.001451921,12.59297,240.0804,-240.6574,240.0688,-239.8986,-0.02156597,0.006633612,7.182169e-05,-0.1568408,-0.1572177,-0.1568332,-0.156722,0
0.02368158,-0.1192424,-9.643025,0.003296507,-0.01147487,0.0005152758,12.69593,238.1054,-238.4766,238.0219,-237.7248,-0.02143589,0.0065968,6.981356e-05,-0.1555505,-0.155793,-0.155496,-0.1553019,0
-0.08454102,-0.2190187,-9.700816,0.00304319,-0.01215942,-0.0002783069,12.79889,236.0426,-236.6598,235.9108,-235.9087,-0.02130586,0.006556379,6.035645e-05,-0.154203,-0.1546061,-0.1541169,-0.1541155,0
-0.2909842,-0.4095836,-9.891758,0.00225855,-0.01351434,-0.00170476,12.90186,233.8253,-235.1127,233.5886,-234.3685,-0.02118575,0.006500405,3.963764e-05,-0.1527544,-0.1535954,-0.1525998,-0.1531093,0
-0.006502163,-0.146648,-9.439969,0.005581992,-0.01064566,0.0006428444,13.00483,232.2334,-232.5082,232.2621,-231.7109,-0.02102868,0.006477802,3.132274e-05,-0.1517145,-0.151894,-0.1517332,-0.1513731,0
0.1418419,-0.009129345,-9.159745,0.00624853,-0.009801606,0.00183242,13.10778,229.702,-231.1071,229.7835,-230.3223,-0.0208877,0.006436492,1.611346e-05,-0.1500608,-0.1509787,-0.150114,-0.150466,0
0.3609321,0.193552,-8.802274,0.00844378,-0.007924289,0.003635426,13.21072,228.9175,-228.4728,229.1794,-227.6437,-0.02067992,0.006408744,2.715091e-05,-0.1495482,-0.1492577,-0.1497193,-0.1487161,0
-0.170044,-0.2965198,-9.428901,0.003761791,-0.01277476,-0.0004290903,13.31363,226.9129,-227.9912,226.7525,-227.2449,-0.02054624,0.006356083,2.08936e-05,-0.1482387,-0.1489431,-0.1481339,-0.1484555,0
0.2797903,0.1192381,-8.799173,0.008191526,-0.008814082,0.002973477,13.4165,226.2095,-226.4985,226.4159,-225.663,-0.02037776,0.006335896,1.540908e-05,-0.1477791,-0.1479679,-0.147914,-0.1474221,0
0.1250585,-0.0232856,-8.950302,0.006692906,-0.01043748,0.001893865,13.51933,225.1229,-225.1526,225.1967,-224.3533,-0.02021007,0.006312225,2.987767e-05,-0.1470693,-0.1470887,-0.1471175,-0.1465665,0
0.02093747,-0.1190901,-9.04689,0.005728905,-0.01161847,0.0009448284,13.62212,224.2593,-224.7121,224.2397,-223.9223,-0.02005697,0.006272705,2.895412e-05,-0.1465051,-0.146801,-0.1464923,-0.146285,0
0.1234512,-0.02412652,-8.888592,0.007033099,-0.0107784,0.001711048,13.72486,223.504,-224.1026,223.5799,-223.2784,-0.01989677,0.006235654,2.415569e-05,-0.1460117,-0.1464027,-0.1460612,-0.1458643,0
0.1055423,-0.04038379,-8.880584,0.0072041,-0.01094869,0.001634471,13.82755,222.7881,-223.2265,222.8664,-222.3981,-0.0197316,0.006199574,2.529816e-05,-0.145544,-0.1458304,-0.1455952,-0.1452892,0
0.06674885,-0.07591232,-8.900237,0.007086993,-0.01134606,0.001331872,13.93018,222.0188,-222.6435,222.0749,-221.8154,-0.01956968,0.006157282,2.132475e-05,-0.1450414,-0.1454495,-0.1450781,-0.1449085,0
0.1136328,-0.03232584,-8.812504,0.007842565,-0.01094369,0.001726431,14.03275,221.5256,-221.8224,221.6358,-220.9779,-0.01939595,0.006123949,2.254069e-05,-0.1447192,-0.1449131,-0.1447912,-0.1443614,0
0.3616424,0.1972171,-8.462254,0.009500265,-0.009277103,0.003543596,14.13527,220.8974,-221.2718,221.1559,-220.4065,-0.01921533,0.006096185,2.686305e-05,-0.1443088,-0.1445534,-0.1444777,-0.1439881,0
-0.109641,-0.2378476,-9.059594,0.00587601,-0.01336784,3.367662e-06,14.23772,220.5738,-221.0505,220.499,-220.2354,-0.01905699,0.006042301,3.104985e-05,-0.1440974,-0.1444089,-0.1440486,-0.1438763,0
0.06240154,-0.07871398,-8.824566,0.007972352,-0.01177672,0.001224224,14.34011,220.3906,-220.6732,220.4822,-219.8071,-0.01887853,0.006005691,2.610914e-05,-0.1439778,-0.1441624,-0.1440376,-0.1435965,0
0.5249752,0.3490922,-8.204978,0.01112084,-0.00845678,0.004700568,14.44243,219.7286,-220.3784,220.1061,-219.4724,-0.01868947,0.005977622,2.983578e-05,-0.1435453,-0.1439698,-0.1437919,-0.1433779,0
0.3326399,0.171824,-8.443171,0.009241447,-0.01048265,0.003227765,14.54468,220.1971,-219.5942,220.4153,-218.72,-0.01850002,0.005949003,5.58708e-05,-0.1438513,-0.1434575,-0.1439939,-0.1428864,0
0.3581978,0.1958799,-8.410226,0.008934211,-0.01085615,0.003091098,14.64687,219.909,-220.3996,220.1041,-219.5213,-0.0183269,0.005903346,5.638647e-05,-0.1436631,-0.1439836,-0.1437906,-0.1434098,0
0.01920101,-0.11711,-8.866506,0.006921792,-0.01359235,0.0005668946,14.74898,220.0051,-220.8214,219.9998,-219.9502,-0.01816604,0.005839292,5.470053e-05,-0.1437259,-0.1442592,-0.1437224,-0.14369,0
0.3923644,0.2278189,-8.381994,0.01053166,-0.01031076,0.003337251,14.85103,220.2914,-220.294,220.5959,-219.3549,-0.01797117,0.005806604,5.694165e-05,-0.1439129,-0.1439146,-0.1441119,-0.1433011,0
-0.01672762,-0.1497398,-8.909473,0.006982796,-0.01400353,0.0002722429,14.95301,219.9906,-220.5078,219.9847,-219.6313,-0.01779841,0.005749521,6.460158e-05,-0.1437164,-0.1440543,-0.1437126,-0.1434817,0
-0.2354033,-0.3516046,-9.199743,0.005983546,-0.01559009,-0.001449227,15.05492,220.1399,-220.8059,220.0246,-219.9231,-0.01763202,0.005683219,5.48856e-05,-0.143814,-0.144249,-0.1437386,-0.1436723,0
0.1776819,0.03023559,-8.662412,0.009757275,-0.01205166,0.001712975,15.15676,219.648,-220.8624,219.8515,-219.9125,-0.01745029,0.005627757,3.70714e-05,-0.1434926,-0.144286,-0.1436255,-0.1436654,0
-0.01017753,-0.1430765,-8.894551,0.008621148,-0.01348577,0.0005333397,15.25853,219.5752,-220.1311,219.6679,-219.2033,-0.0172667,0.005570258,3.811693e-05,-0.143445,-0.1438082,-0.1435056,-0.1432021,0
0.223435,0.07306318,-8.574529,0.01046476,-0.01165084,0.002244298,15.36024,219.432,-219.7504,219.688,-218.7953,-0.01706833,0.005528014,3.581626e-05,-0.1433515,-0.1435595,-0.1435188,-0.1429356,0
-0.09380057,-0.2196574,-8.982236,0.007790005,-0.01454587,-7.836771e-05,15.46187,219.0785,-220.0282,219.093,-219.1127,-0.0168909,0.005462404,3.452729e-05,-0.1431206,-0.143741,-0.1431301,-0.1431429,0
0.1253593,-0.01696723,-8.697164,0.01000905,-0.01265411,0.001555534,15.56344,219.5178,-219.595,219.7185,-218.6283,-0.01668981,0.00541917,3.648904e-05,-0.1434076,-0.143458,-0.1435387,-0.1428265,0
0.4600772,0.2927504,-8.257977,0.01185573,-0.01051565,0.004001275,15.66493,219.3551,-219.6559,219.7368,-218.6682,-0.01648236,0.005382294,4.65739e-05,-0.1433013,-0.1434978,-0.1435506,-0.1428525,0
0.4074754,0.2446214,-8.333778,0.01071485,-0.01158476,0.003480918,15.76635,220.0871,-219.6581,220.3857,-218.6851,-0.01627727,0.005343988,7.220379e-05,-0.1437795,-0.1434992,-0.1439745,-0.1428636,0
-0.09382243,-0.2181603,-9.010638,0.00655484,-0.01610195,-0.0005505026,15.8677,220.4813,-220.8599,220.4121,-219.9307,-0.01610392,0.005272329,7.811625e-05,-0.144037,-0.1442844,-0.1439918,-0.1436773,0
0.03223464,-0.1015785,-8.877976,0.008350592,-0.01483142,0.0002944394,15.96899,220.9788,-221.586,221.0533,-220.5963,-0.01591808,0.005209661,7.207045e-05,-0.144362,-0.1447587,-0.1444107,-0.1441121,0
0.1494452,0.006962003,-8.740244,0.009390386,-0.0138763,0.001217487,16.0702,220.7154,-222.1577,220.877,-221.1474,-0.01574238,0.005132099,5.817241e-05,-0.1441899,-0.1451322,-0.1442955,-0.1444722,0
0.1444097,0.002418123,-8.749957,0.01013477,-0.01346243,0.001337361,16.17135,221.1514,-221.5371,221.3666,-220.5078,-0.01554966,0.005068641,5.423231e-05,-0.1444747,-0.1447267,-0.1446154,-0.1440543,0
0.1082689,-0.03070065,-8.788865,0.009859971,-0.01371572,0.00110887,16.27244,220.5532,-221.8193,220.7433,-220.799,-0.01536421,0.004997154,3.989558e-05,-0.1440839,-0.1449111,-0.1442081,-0.1442445,0
-0.2357613,-0.3484111,-9.234362,0.007892665,-0.01615226,-0.001266126,16.37346,220.5869,-221.6172,220.584,-220.6156,-0.01518291,0.004919039,3.058974e-05,-0.144106,-0.1447791,-0.1441041,-0.1441247,0
-0.1409336,-0.2606559,-9.1027,0.009277835,-0.01501205,-0.0004524749,16.47442,220.2722,-221.4143,220.376,-220.3821,-0.01499268,0.004848035,1.159224e-05,-0.1439004,-0.1446465,-0.1439682,-0.1439722,0
0.378496,0.219541,-8.41083,0.01324773,-0.01079848,0.003621548,16.57532,220.1142,-220.6151,220.5761,-219.528,-0.01477195,0.004808004,1.242025e-05,-0.1437972,-0.1441244,-0.1440989,-0.1434142,0
-0.1066672,-0.2282422,-9.030403,0.008723234,-0.01523942,2.708114e-05,16.67615,219.7919,-220.8285,219.8604,-219.819,-0.01458958,0.004729128,1.282638e-05,-0.1435867,-0.1442638,-0.1436314,-0.1436043,0
0.16615,0.02395811,-8.678834,0.01152921,-0.01273078,0.002046072,16.77691,220.3316,-220.491,220.638,-219.4124,-0.01437711,0.004680721,1.051033e-05,-0.1439392,-0.1440433,-0.1441393,-0.1433387,0
0.2884428,0.1373906,-8.518314,0.01172843,-0.01222555,0.002982312,16.8776,219.7663,-220.9969,220.1048,-219.9207,-0.01417726,0.004619052,9.627496e-06,-0.1435699,-0.1443739,-0.1437911,-0.1436708,0
0.0983751,-0.03796036,-8.772576,0.0104189,-0.01375984,0.001592506,16.97822,220.8817,-220.3506,221.1081,-219.28,-0.01396401,0.004571569,3.157738e-05,-0.1442986,-0.1439516,-0.1444465,-0.1432522,0
0.2997518,0.1485405,-8.520088,0.01114117,-0.01266813,0.002815352,17.07878,220.7421,-221.3414,221.0551,-220.2553,-0.01376014,0.004517267,3.397392e-05,-0.1442074,-0.1445989,-0.1444118,-0.1438894,0
0.2661643,0.1178346,-8.587934,0.01065062,-0.01320013,0.002533631,17.17927,221.4175,-221.7852,221.6968,-220.6902,-0.01355995,0.004458651,4.724277e-05,-0.1446486,-0.1448888,-0.144831,-0.1441735,0
0.2282405,0.08307874,-8.658999,0.0102513,-0.01362218,0.002085642,17.27969,222.1103,-222.1845,222.3653,-221.0814,-0.01335958,0.004400502,5.722311e-05,-0.1451012,-0.1451497,-0.1452678,-0.144429,0
0.2938869,0.1440338,-8.595895,0.01050167,-0.01325833,0.002439474,17.38006,222.6459,-222.7591,222.9409,-221.6416,-0.01315366,0.004349425,6.974541e-05,-0.1454511,-0.1455251,-0.1456439,-0.144795,0
-0.05479036,-0.1777992,-9.076114,0.00750312,-0.01630133,-0.0003059378,17.48036,223.1928,-223.649,223.2352,-222.5653,-0.01296855,0.004277932,7.932181e-05,-0.1458084,-0.1461064,-0.1458361,-0.1453984,0
0.1613743,0.02209166,-8.82347,0.009445019,-0.0144013,0.001158182,17.58061,223.7561,-224.3378,223.9746,-223.2025,-0.01277667,0.004213167,7.518299e-05,-0.1461764,-0.1465564,-0.1463191,-0.1458147,0
0.03544106,-0.09404802,-9.00778,0.008567516,-0.01532071,0.0002583398,17.6808,224.0171,-224.7505,224.164,-223.6216,-0.01258942,0.004142216,7.541199e-05,-0.1463469,-0.146826,-0.1464428,-0.1460885,0
0.1934002,0.05208812,-8.813675,0.009887523,-0.01387763,0.001405093,17.78094,224.3231,-224.9755,224.5954,-223.8191,-0.01239515,0.004079359,7.181751e-05,-0.1465468,-0.146973,-0.1467247,-0.1462176,0
-0.0412457,-0.1644782,-9.129915,0.008084239,-0.01570234,-0.000304181,17.88103,224.3378,-225.4089,224.4539,-224.275,-0.01221577,0.004000918,6.534191e-05,-0.1465564,-0.1472561,-0.1466322,-0.1465154,0
0.1286162,-0.007423199,-8.916006,0.009868257,-0.01395728,0.001015009,17.98106,224.232,-225.6974,224.4993,-224.5229,-0.01203512,0.003922741,4.383381e-05,-0.1464873,-0.1474446,-0.1466619,-0.1466773,0
-0.09489982,-0.2138533,-9.205265,0.008839861,-0.01523834,-0.000386179,18.08105,224.2062,-225.2442,224.3716,-224.0796,-0.01184897,0.003847914,3.359713e-05,-0.1464704,-0.1471486,-0.1465785,-0.1463877,0
0.2586974,0.1130423,-8.730291,0.01161506,-0.01215154,0.002347467,18.18099,223.8712,-224.9308,224.2897,-223.7262,-0.01164669,0.003791711,2.146652e-05,-0.1462516,-0.1469438,-0.146525,-0.1461568,0
0.2600189,0.114599,-8.718349,0.01114698,-0.01231516,0.002501432,18.28088,224.036,-224.3648,224.4312,-223.1739,-0.01143812,0.003744436,3.351373e-05,-0.1463592,-0.1465741,-0.1466174,-0.145796,0
-0.01631269,-0.1403465,-9.078776,0.008441138,-0.01487371,0.0003084713,18.38072,223.8457,-225.1092,224.0103,-223.9521,-0.01126295,0.003665261,2.463395e-05,-0.1462349,-0.1470604,-0.1463424,-0.1463044,0
0.07225959,-0.05845621,-8.976179,0.009964712,-0.01367633,0.001069665,18.48051,224.4175,-224.8302,224.7081,-223.622,-0.01106189,0.003611465,2.298422e-05,-0.1466084,-0.146878,-0.1467983,-0.1460887,0
-0.01947087,-0.1428968,-9.095001,0.008847074,-0.01454872,0.0004100316,18.58024,223.677,-225.5739,223.8769,-224.3837,-0.01088773,0.003530175,6.180491e-06,-0.1461247,-0.1473639,-0.1462553,-0.1465864,0
0.02985968,-0.09728228,-9.032805,0.01009657,-0.01353332,0.0009816524,18.67993,224.221,-224.816,224.5216,-223.588,-0.01069173,0.003470185,1.191173e-06,-0.1464801,-0.1468688,-0.1466765,-0.1460666,0
0.3373954,0.187159,-8.619553,0.0120228,-0.01109498,0.003321883,18.77956,223.936,-224.4998,224.4305,-223.2516,-0.01047953,0.003429997,3.965858e-06,-0.1462939,-0.1466623,-0.146617,-0.1458468,0
-0.1553667,-0.2677333,-9.259855,0.007539543,-0.01540708,-0.0003507396,18.87915,224.2567,-224.6038,224.3751,-223.4236,-0.01028836,0.003372263,2.073451e-05,-0.1465034,-0.1467302,-0.1465808,-0.1459592,0
-0.1089075,-0.2245794,-9.214608,0.007863228,-0.01504124,-0.0002091292,18.97868,224.5996,-225.2768,224.7549,-224.0677,-0.01010164,0.003312686,1.679438e-05,-0.1467274,-0.1471698,-0.1468289,-0.1463799,0
-0.05720238,-0.1766051,-9.164824,0.00834027,-0.01453513,0.0002206865,19.07816,224.6446,-225.7368,224.8479,-224.505,-0.009917525,0.003249381,1.185137e-05,-0.1467568,-0.1474703,-0.1468896,-0.1466656,0
0.104197,-0.02729735,-8.960687,0.009645985,-0.01303859,0.001474776,19.17759,224.7973,-225.7009,225.1258,-224.442,-0.009728787,0.003191123,7.170943e-06,-0.1468566,-0.1474469,-0.1470712,-0.1466244,0
-0.2250879,-0.3313524,-9.391498,0.007250244,-0.0154568,-0.0008999474,19.27698,224.7336,-225.8158,224.8532,-224.5879,-0.009553233,0.003119753,2.174337e-07,-0.1468149,-0.1475219,-0.1468931,-0.1467198,0
-0.003543425,-0.126557,-9.101486,0.009364184,-0.01323114,0.0008279564,19.37632,224.4055,-225.9535,224.7116,-224.6818,-0.009371744,0.003055307,-2.012013e-05,-0.1466006,-0.1476119,-0.1468006,-0.1467811,0
-0.02366106,-0.1449958,-9.119068,0.00946733,-0.01303593,0.0009357403,19.47561,224.4767,-225.1585,224.7979,-223.8855,-0.009175657,0.003006263,-1.795488e-05,-0.1466472,-0.1470925,-0.1468569,-0.1462609,0
-0.2266384,-0.3322551,-9.370764,0.007562849,-0.01467799,-0.0005791927,19.57485,224.133,-225.2617,224.298,-224.0195,-0.008996512,0.002943255,-2.512744e-05,-0.1464226,-0.1471599,-0.1465304,-0.1463485,0
0.03261394,-0.09256297,-9.031059,0.009753233,-0.01233645,0.001437869,19.67404,224.2462,-224.9674,224.6123,-223.6792,-0.0087988,0.002901252,-2.747541e-05,-0.1464965,-0.1469677,-0.1467357,-0.1461261,0
0.1736819,0.03813076,-8.841622,0.01012094,-0.01146519,0.00252264,19.77318,224.2705,-224.7526,224.6972,-223.4641,-0.00859806,0.002865627,-1.554687e-05,-0.1465124,-0.1468274,-0.1467912,-0.1459856,0
-0.04600291,-0.1644887,-9.132839,0.007774897,-0.01354959,0.0007646151,19.87227,224.6596,-225.0286,224.9019,-223.769,-0.008412979,0.002817826,-3.495816e-06,-0.1467666,-0.1470077,-0.1469249,-0.1461848,0
-0.034673,-0.1537929,-9.135495,0.00775638,-0.01347662,0.0007097493,19.97131,224.7987,-225.807,225.0504,-224.5273,-0.008237229,0.002762109,-8.262368e-06,-0.1468575,-0.1475162,-0.1470219,-0.1466802,0
0.3902207,0.2389721,-8.595543,0.01098543,-0.009938002,0.003914982,20.0703,225.2174,-225.6855,225.7748,-224.3463,-0.008038135,0.002731377,-3.665535e-07,-0.147131,-0.1474368,-0.1474952,-0.1465619,0
-0.07514871,-0.1906488,-9.209188,0.006706444,-0.01396387,0.0003829826,20.16924,225.2929,-226.2093,225.4945,-224.9374,-0.007872579,0.002668533,5.694893e-06,-0.1471803,-0.147779,-0.147312,-0.1469481,0
0.3060227,0.1616215,-8.727355,0.009996464,-0.01053263,0.003130646,20.26814,226.0131,-226.144,226.5204,-224.8009,-0.007676214,0.002640401,1.03129e-05,-0.1476509,-0.1477363,-0.1479822,-0.1468589,0
0.1851783,0.05036388,-8.894726,0.008080574,-0.01193885,0.002181112,20.36699,225.5295,-227.148,225.896,-225.8404,-0.007513211,0.002580118,8.289424e-06,-0.1473349,-0.1483922,-0.1475743,-0.147538,0
0.02747817,-0.09530359,-9.116216,0.007547337,-0.01270531,0.001039529,20.4658,226.2023,-225.15,227.4105,-226.9123,-0.007334558,0.002536742,1.67514e-05,-0.1477745,-0.147087,-0.1485637,-0.1482383,0
-0.07852472,-0.1927481,-9.259594,0.0118906,-0.02153064,0.0001561098,20.56457,223.6324,-218.4113,229.2111,-235.12,-0.007139347,0.002445519,1.108326e-05,-0.1460955,-0.1426847,-0.14974,-0.1536003,0
0.08944815,-0.03416783,-9.034127,0.07632797,-0.1143201,0.001509582,20.66329,223.7494,-221.618,229.6202,-232.2171,-0.006435233,0.001613388,1.373964e-05,-0.146172,-0.1447796,-0.1500073,-0.1517038,0
0.08408289,-0.03505408,-9.033948,0.1134641,-0.1879158,0.001545388,20.76198,224.3516,-223.2071,229.8517,-229.9966,-0.005272467,-6.204951e-06,3.076017e-05,-0.1465654,-0.1458177,-0.1501585,-0.1502532,0
-0.0620373,-0.1658553,-9.222767,0.1277232,-0.2429418,0.0004166889,20.86062,224.8382,-224.6837,229.4607,-229.4695,-0.003919041,-0.002211536,4.299987e-05,-0.1468833,-0.1467824,-0.1499031,-0.1499089,0
0.07676499,-0.03435238,-9.053379,0.1360694,-0.2825153,0.001458115,20.95922,225.3085,-226.007,229.2751,-229.5054,-0.00248279,-0.004856268,4.337317e-05,-0.1471906,-0.1476468,-0.1497819,-0.1499323,0
-0.1840767,-0.2732698,-9.406897,0.1388341,-0.3159052,-0.0003310755,21.05778,226.2118,-226.4224,229.4052,-228.9846,-0.000997036,-0.007837011,4.967658e-05,-0.1477807,-0.1479183,-0.1498668,-0.1495921,0
0.1378589,0.02539418,-8.994583,0.1440734,-0.3379108,0.002077455,21.15631,226.3734,-227.3054,229.2575,-229.0254,0.0005259472,-0.01107219,3.758502e-05,-0.1478862,-0.148495,-0.1497704,-0.1496187,0
0.109594,-0.0002247617,-9.041482,0.145397,-0.3572876,0.0020702,21.2548,227.3116,-227.2697,229.7078,-228.2784,0.002082874,-0.01449477,5.04176e-05,-0.1484992,-0.1484718,-0.1500646,-0.1491308,0
0.2604561,0.1392174,-8.857927,0.1461885,-0.3710227,0.00302378,21.35326,227.6024,-228.5755,229.6004,-228.9249,0.003629353,-0.01808801,3.987809e-05,-0.1486891,-0.1493248,-0.1499943,-0.1495531,0
0.4707564,0.3328765,-8.614913,0.147477,-0.3796256,0.00462875,21.45168,228.8637,-229.0096,230.5966,-228.7058,0.005192669,-0.02177482,3.977681e-05,-0.1495131,-0.1496084,-0.1506451,-0.14941,0
-0.06283432,-0.1611388,-9.339338,0.1418391,-0.3906454,0.0005398912,21.55007,229.6692,-230.2493,230.6141,-229.4327,0.006722889,-0.02555823,3.195326e-05,-0.1500393,-0.1504183,-0.1506566,-0.1498848,0
-0.06038219,-0.1604842,-9.377545,0.1405084,-0.3933367,0.0004293077,21.64843,230.2663,-231.9458,230.8598,-230.5531,0.008227233,-0.02939017,-9.983061e-06,-0.1504294,-0.1515266,-0.1508171,-0.1506167,0
0.3626571,0.228331,-8.858309,0.1420587,-0.3891626,0.003775218,21.74676,231.2784,-231.9022,231.8517,-229.9297,0.009748112,-0.03318933,-3.393853e-05,-0.1510906,-0.1514981,-0.1514651,-0.1502095,0
-0.1395455,-0.2377442,-9.527676,0.1346855,-0.3902146,1.112319e-05,21.84507,231.6813,-232.7214,231.5219,-230.3513,0.01121414,-0.03698943,-6.004485e-05,-0.1513538,-0.1520333,-0.1512496,-0.1504849,0
0.2494906,0.1191763,-9.050522,0.1346174,-0.3809081,0.002796988,21.94336,231.9091,-234.0944,231.6976,-231.2088,0.0126465,-0.04073871,-0.0001230979,-0.1515026,-0.1529302,-0.1513644,-0.1510451,0
0.2424996,0.109887,-9.081842,0.1316217,-0.3720103,0.003058956,22.04163,232.5524,-233.8002,232.0815,-230.491,0.01405801,-0.04436244,-0.0001628098,-0.1519229,-0.152738,-0.1516152,-0.1505762,0
0.1097871,-0.01557438,-9.257568,0.1265166,-0.3623014,0.002077292,22.13987,232.7022,-234.1096,231.8411,-230.4392,0.015432,-0.04791745,-0.0002087213,-0.1520207,-0.1529402,-0.1514582,-0.1505423,0
-0.03850858,-0.155603,-9.465614,0.1213834,-0.3506247,0.001024847,22.2381,232.7947,-234.7973,231.5697,-230.7771,0.01675554,-0.05136038,-0.0002653355,-0.1520812,-0.1533894,-0.1512809,-0.1507631,0
0.1313498,-0.001855021,-9.256634,0.118856,-0.3343256,0.002433423,22.33631,232.8135,-234.9937,231.4884,-230.6125,0.01804279,-0.05465812,-0.0003290131,-0.1520934,-0.1535177,-0.1512278,-0.1506556,0
0.3020892,0.1526989,-9.032655,0.1159428,-0.3164887,0.003930824,22.4345,233.063,-234.2635,231.6619,-229.5837,0.01929823,-0.0577255,-0.0003710132,-0.1522564,-0.1530407,-0.1513411,-0.1499834,0
0.144854,0.004445422,-9.232255,0.109413,-0.3005808,0.002749843,22.53267,232.8451,-234.5982,231.0841,-229.696,0.02050365,-0.06068296,-0.0004142841,-0.1521141,-0.1532594,-0.1509636,-0.1500569,0
0.4886378,0.3190047,-8.795458,0.1072343,-0.2792439,0.005291741,22.63082,233.0461,-234.8728,231.329,-229.6904,0.02166928,-0.06344977,-0.0004617728,-0.1522454,-0.1534387,-0.1511236,-0.1500532,0
0.1844942,0.03496211,-9.202291,0.1001621,-0.2620803,0.00311669,22.72895,233.4929,-234.6708,231.4128,-229.3212,0.02278622,-0.06602515,-0.0004905147,-0.1525373,-0.1533068,-0.1511784,-0.1498119,0
-0.1577044,-0.2841919,-9.658617,0.09286614,-0.2443638,0.0004588125,22.82706,233.1446,-235.7046,230.6967,-230.2133,0.02382873,-0.06842765,-0.0005477075,-0.1523098,-0.1539821,-0.1507105,-0.1503948,0
-0.03889636,-0.1775691,-9.515862,0.09031443,-0.2216146,0.001581793,22.92514,233.2407,-235.3543,230.8493,-229.6702,0.02484744,-0.07060158,-0.0005976415,-0.1523725,-0.1537533,-0.1508102,-0.15004,0
0.09986428,-0.05212834,-9.320303,0.08676075,-0.1988511,0.00282053,23.02321,232.6577,-234.7615,230.2902,-228.9808,0.02580554,-0.07248864,-0.0006358605,-0.1519916,-0.1533661,-0.150445,-0.1495896,0
0.3289559,0.1570219,-9.0043,0.08361717,-0.1754462,0.004640774,23.12125,232.3363,-234.1889,230.0373,-228.3085,0.02674376,-0.07422013,-0.0006634649,-0.1517816,-0.152992,-0.1502798,-0.1491504,0
-0.06392352,-0.2083225,-9.506553,0.07598479,-0.1570196,0.001794423,23.21928,231.7926,-234.2668,229.1616,-228.3707,0.02761002,-0.07576448,-0.0006962331,-0.1514265,-0.1530428,-0.1497077,-0.1491911,0
0.1536275,-0.00972494,-9.215321,0.07414769,-0.1330796,0.003576083,23.31727,231.3508,-233.8526,228.8989,-227.8654,0.02844804,-0.07707936,-0.0007342292,-0.1511379,-0.1527722,-0.1495361,-0.1488609,0
0.1442893,-0.02040819,-9.204268,0.07006866,-0.1114342,0.003817846,23.41524,230.7844,-232.7632,228.3394,-226.7693,0.02925437,-0.07816868,-0.000745896,-0.1507679,-0.1520606,-0.1491705,-0.1481448,0
0.07101596,-0.08982117,-9.272602,0.0650583,-0.09096324,0.003341559,23.51317,230.4646,-231.978,227.9642,-226.0156,0.03001981,-0.07904221,-0.0007443615,-0.1505589,-0.1515476,-0.1489255,-0.1476524,0
-0.1294864,-0.2765618,-9.522555,0.05922644,-0.07206855,0.001833134,23.61107,229.7121,-232.2946,227.0784,-226.3865,0.03071909,-0.07973482,-0.0007564641,-0.1500673,-0.1517544,-0.1483468,-0.1478948,0
0.4084749,0.2190099,-8.813612,0.06005649,-0.0472392,0.006008931,23.70894,230.038,-230.9583,227.8662,-225.0191,0.03142618,-0.08017641,-0.0007372963,-0.1502803,-0.1508814,-0.1488615,-0.1470015,0
0.3008948,0.1188572,-8.935259,0.05396847,-0.02947535,0.005119424,23.80677,229.2625,-231.1442,226.9753,-225.3346,0.03206418,-0.08045113,-0.0007116529,-0.1497736,-0.1510029,-0.1482795,-0.1472076,0
0.4550472,0.2604363,-8.740622,0.05144737,-0.009658241,0.006137734,23.90456,230.0404,-230.7544,227.9324,-225.0005,0.03267886,-0.08052157,-0.0006730917,-0.1502818,-0.1507483,-0.1489047,-0.1469893,0
0.1611444,-0.01161045,-9.134463,0.04514993,0.005407642,0.003753607,24.00231,229.9394,-231.4018,227.6804,-225.7924,0.03323751,-0.08043302,-0.0006359812,-0.1502158,-0.1511712,-0.1487401,-0.1475067,0
0.15307,-0.01954162,-9.164205,0.04204133,0.0223613,0.003548131,24.10003,230.5644,-231.5854,228.4229,-226.0737,0.03377051,-0.08016491,-0.000592535,-0.1506241,-0.1512911,-0.1492251,-0.1476905,0
0.4360434,0.2418085,-8.810534,0.04063411,0.04033809,0.005474973,24.1977,230.3229,-232.2727,228.4557,-226.8663,0.03426253,-0.07974563,-0.0005587159,-0.1504664,-0.1517401,-0.1492466,-0.1482082,0
0.1453773,-0.02678286,-9.202796,0.03586648,0.05314736,0.003326406,24.29535,231.0239,-231.8333,229.1112,-226.5901,0.03472772,-0.07917296,-0.0005032269,-0.1509243,-0.151453,-0.1496748,-0.1480278,0
-0.01947287,-0.1788341,-9.422926,0.03188507,0.06575315,0.001895826,24.39295,230.5664,-232.623,228.6722,-227.5471,0.03514836,-0.07847703,-0.0004709982,-0.1506254,-0.151969,-0.149388,-0.1486529,0
0.3148915,0.1304384,-8.994114,0.03249088,0.08162039,0.004474975,24.49053,230.5099,-232.3888,229.0227,-227.4156,0.03555963,-0.07763588,-0.0004304358,-0.1505885,-0.151816,-0.149617,-0.1485671,0
0.1412317,-0.02930296,-9.210191,0.0288162,0.09199725,0.003247696,24.58807,230.6512,-231.503,229.1952,-226.7255,0.03595155,-0.07667027,-0.0003656274,-0.1506808,-0.1512373,-0.1497297,-0.1481162,0
0.2036095,0.02933308,-9.120658,0.02663578,0.1028409,0.003509416,24.68558,230.0385,-232.0544,228.7386,-227.4499,0.0363042,-0.07561269,-0.0003223803,-0.1502806,-0.1515975,-0.1494314,-0.1485895,0
0.07707427,-0.08660517,-9.288675,0.0242233,0.1115598,0.002658988,24.78305,230.5038,-231.3389,229.3119,-226.9023,0.0366516,-0.07444325,-0.0002540896,-0.1505846,-0.1511301,-0.1498059,-0.1482317,0
0.3436858,0.161125,-8.933273,0.02378031,0.121722,0.004443035,24.8805,230.0038,-231.6236,229.1072,-227.3484,0.03697431,-0.07319238,-0.000197351,-0.1502579,-0.1513161,-0.1496722,-0.1485232,0
-0.0833938,-0.2320493,-9.494257,0.01893447,0.1255199,0.001254662,24.97791,230.2808,-231.4651,229.2562,-227.4063,0.03726514,-0.07188279,-0.00013067,-0.1504389,-0.1512125,-0.1497695,-0.148561,0
0.1904494,0.02247313,-9.136862,0.01977262,0.1340677,0.003135699,25.07528,230.0169,-231.5993,229.3577,-227.671,0.03754957,-0.07050024,-8.10553e-05,-0.1502664,-0.1513002,-0.1498358,-0.1487339,0
0.2583646,0.08696724,-9.042715,0.01881682,0.1397039,0.003714322,25.17262,230.097,-230.9229,229.6434,-227.168,0.03783289,-0.0690502,-3.802347e-06,-0.1503188,-0.1508583,-0.1500225,-0.1484053,0
0.08575964,-0.07048741,-9.260346,0.01547852,0.1419683,0.002189358,25.26993,230.2572,-230.9085,229.7973,-227.3642,0.03809075,-0.06756632,7.448551e-05,-0.1504235,-0.1508489,-0.150123,-0.1485335,0
0.1053075,-0.0503994,-9.246128,0.0141484,0.1449316,0.002062924,25.36721,230.277,-231.6019,229.9634,-228.2189,0.03832433,-0.0660615,0.0001358983,-0.1504364,-0.1513019,-0.1502315,-0.1490919,0
0.3281097,0.1574849,-8.967436,0.01490953,0.148856,0.003630077,25.46445,230.6038,-231.4847,230.6069,-228.2322,0.03856013,-0.06452098,0.0002051329,-0.1506499,-0.1512253,-0.1506519,-0.1491006,0
0.07142185,-0.0774406,-9.304179,0.01162093,0.14777,0.001552136,25.56166,230.8354,-231.4838,230.793,-228.4334,0.03877712,-0.06297462,0.0002803811,-0.1508012,-0.1512248,-0.1507735,-0.149232,0
-0.03022558,-0.1691111,-9.445677,0.009868082,0.147181,0.0005264492,25.65885,230.9254,-232.0751,230.9532,-229.187,0.03897516,-0.06143228,0.0003391528,-0.15086,-0.151611,-0.1508781,-0.1497243,0
0.4739862,0.2990292,-8.79824,0.01289093,0.150705,0.004154493,25.756,231.2405,-231.9106,231.7571,-229.1131,0.03918938,-0.05986767,0.0004071136,-0.1510658,-0.1515036,-0.1514033,-0.149676,0
0.4415997,0.2716771,-8.842643,0.01086598,0.1485436,0.003692006,25.85313,231.797,-231.7097,232.3647,-229.0933,0.03939392,-0.05831306,0.0004963678,-0.1514294,-0.1513723,-0.1518003,-0.1496631,0
0.1803677,0.03289377,-9.201986,0.007272794,0.1437729,0.001248574,25.95023,232.294,-232.8512,232.7526,-230.4142,0.03956437,-0.0568014,0.0005649929,-0.1517541,-0.1521181,-0.1520537,-0.150526,0
0.1560545,0.01277135,-9.269384,0.006704828,0.1408585,0.0007598437,26.04731,232.8453,-233.8823,233.4277,-231.5558,0.03972375,-0.05532159,0.0006168146,-0.1521142,-0.1527917,-0.1524947,-0.1512718,0
0.02307736,-0.1077822,-9.465133,0.005573999,0.1366891,-0.0003646693,26.14437,233.0664,-234.3713,233.7062,-232.1721,0.03987171,-0.05388255,0.0006595891,-0.1522587,-0.1531111,-0.1526766,-0.1516744,0
-0.04430877,-0.1677782,-9.559053,0.005196585,0.1327022,-0.0009303346,26.24141,233.3585,-234.1256,234.1161,-232.0596,0.0399893,-0.05241939,0.0007039391,-0.1524495,-0.1529506,-0.1529444,-0.1516009,0
0.3088299,0.1609636,-9.093075,0.00713064,0.1310092,0.001566087,26.33843,233.0919,-234.1666,234.1749,-232.1859,0.04015023,-0.05103666,0.0007463929,-0.1522753,-0.1529774,-0.1529828,-0.1516834,0
-0.1957142,-0.3027357,-9.750348,0.002616365,0.1218401,-0.002286604,26.43544,233.3067,-234.2156,234.1199,-232.4012,0.0402837,-0.04972592,0.0007919777,-0.1524156,-0.1530094,-0.1529469,-0.1518241,0
0.1101298,-0.01788375,-9.355536,0.004934427,0.1192156,-0.0002353865,26.53243,233.3008,-234.4775,234.4372,-232.721,0.0403862,-0.04840926,0.0008144481,-0.1524118,-0.1531805,-0.1531542,-0.152033,0
0.2644882,0.12709,-9.151882,0.005617503,0.1147245,0.0009448091,26.62941,233.0991,-234.2902,234.4131,-232.6264,0.04048958,-0.04714467,0.0008486262,-0.15228,-0.1530582,-0.1531385,-0.1519712,0
0.2444385,0.1109147,-9.170183,0.004837502,0.108391,0.0006577991,26.72638,233.5695,-233.7928,234.9239,-232.2147,0.04063637,-0.04597458,0.0008934131,-0.1525873,-0.1527332,-0.1534722,-0.1517022,0
0.002969928,-0.1098329,-9.488436,0.002122335,0.0998357,-0.001432441,26.82332,233.3364,-234.7175,234.5478,-233.2403,0.04075281,-0.04489258,0.0009137414,-0.1524351,-0.1533373,-0.1532264,-0.1523723,0
0.3048651,0.1711499,-9.10751,0.004568984,0.09612988,0.0007358012,26.92026,233.9138,-234.5426,235.424,-233.0695,0.04089185,-0.04384777,0.0009399957,-0.1528122,-0.153223,-0.1537988,-0.1522606,0
0.1665398,0.04557175,-9.288678,0.002502549,0.08819152,-0.0004482121,27.01718,233.8749,-234.8199,235.2981,-233.44,0.04101316,-0.04288071,0.0009661714,-0.1527869,-0.1534042,-0.1537166,-0.1525027,0
0.1266571,0.01073063,-9.34986,0.001810037,0.08131415,-0.0009510001,27.11409,234.1254,-235.2957,235.5621,-233.9622,0.04112249,-0.04198628,0.0009757201,-0.1529505,-0.153715,-0.1538891,-0.1528439,0
0.2475013,0.1242394,-9.200447,0.002629863,0.07590707,-0.0001054398,27.21099,234.5789,-235.0481,236.1602,-233.7358,0.04124993,-0.04113472,0.0009962077,-0.1532467,-0.1535532,-0.1542798,-0.152696,0
0.1762554,0.06040964,-9.294856,0.0009041021,0.06837273,-0.0008387623,27.30788,234.1944,-235.9223,235.7013,-234.6779,0.04134558,-0.04037514,0.0009978502,-0.1529956,-0.1541244,-0.15398,-0.1533114,0
0.3895476,0.2591145,-9.028015,0.002594907,0.06386571,0.0007097722,27.40476,234.9036,-235.5744,236.6159,-234.335,0.04141337,-0.0396214,0.001004962,-0.1534589,-0.1538971,-0.1545775,-0.1530874,0
0.1552137,0.04432369,-9.333106,7.279425e-05,0.05537181,-0.001138812,27.50163,234.528,-236.1095,236.0735,-234.9342,0.04150159,-0.03899084,0.0009993397,-0.1532135,-0.1542466,-0.1542231,-0.1534788,0
0.0008059964,-0.09693379,-9.538625,-0.0008348262,0.04817703,-0.002285388,27.59849,234.9008,-236.0112,236.3996,-234.8519,0.04158521,-0.03840895,0.0009928965,-0.1534571,-0.1541824,-0.1544362,-0.1534251,0
0.2719215,0.1550027,-9.181684,0.0007699513,0.04422169,-0.0003011877,27.69535,234.7003,-236.0046,236.3908,-234.8658,0.04159228,-0.03780884,0.0009832663,-0.153326,-0.1541781,-0.1544304,-0.1534342,0
-0.02644096,-0.1192672,-9.567591,-0.002056604,0.0356075,-0.002510427,27.79221,234.7206,-236.0589,236.1946,-234.977,0.04163238,-0.03733122,0.0009744711,-0.1533393,-0.1542136,-0.1543022,-0.1535068,0
-0.1489486,-0.2313285,-9.72805,-0.002741928,0.02898552,-0.003465479,27.88905,234.7833,-236.1686,236.2086,-235.0737,0.0417092,-0.03694371,0.0009505647,-0.1533803,-0.1542853,-0.1543114,-0.15357,0
0.2091906,0.1006654,-9.255792,-0.0002291804,0.02635861,-0.0007070366,27.98589,234.1634,-236.3175,235.834,-235.1749,0.04178912,-0.03660748,0.0009175793,-0.1529753,-0.1543825,-0.1540667,-0.1536361,0
0.2685285,0.156515,-9.164122,-0.0001873185,0.02155963,-6.325945e-05,28.08273,234.698,-235.019,236.4072,-233.8734,0.04188992,-0.03629936,0.0009206123,-0.1533245,-0.1535342,-0.1544411,-0.1527858,0
0.2296677,0.1218142,-9.202575,-0.00220951,0.0154734,-0.0005885566,28.17956,234.4726,-235.5198,236.058,-234.4045,0.04196713,-0.03605632,0.0009104508,-0.1531773,-0.1538614,-0.154213,-0.1531328,0
0.401596,0.2816291,-8.99364,-0.001832542,0.01170267,0.0005725056,28.27637,235.0092,-235.9687,236.6673,-234.8192,0.04204072,-0.03585843,0.0009006367,-0.1535279,-0.1541547,-0.154611,-0.1534038,0
0.1909092,0.08782467,-9.286309,-0.004334483,0.005208737,-0.001117289,28.37318,235.2717,-236.7002,236.7408,-235.5641,0.04208796,-0.03572823,0.000879598,-0.1536993,-0.1546326,-0.1546591,-0.1538904,0
0.2799013,0.17061,-9.187314,-0.003739401,0.001984207,-0.0004838794,28.46999,235.7444,-236.9192,237.2886,-235.7408,0.04214188,-0.03562895,0.0008532127,-0.1540082,-0.1547756,-0.155017,-0.1540058,0
0.15887,0.05936144,-9.351504,-0.005305588,-0.00288132,-0.00134386,28.5668,235.8032,-237.1488,237.2408,-235.9773,0.04218803,-0.03557122,0.0008307046,-0.1540466,-0.1549256,-0.1549857,-0.1541603,0
0.1695524,0.06971723,-9.343496,-0.00588387,-0.006400142,-0.001289345,28.6636,235.7962,-237.619,237.2091,-236.4326,0.04221779,-0.03556011,0.0007943573,-0.154042,-0.1552328,-0.154965,-0.1544577,0
0.06416462,-0.0273803,-9.486587,-0.006739596,-0.01021172,-0.001937394,28.7604,236.2261,-237.2487,237.5801,-236.0464,0.04225493,-0.03557027,0.0007684354,-0.1543228,-0.1549909,-0.1552074,-0.1542054,0
-0.02026621,-0.1050554,-9.593051,-0.008166783,-0.01393374,-0.002554647,28.85719,235.7119,-237.8232,236.9645,-236.6235,0.04227037,-0.0356262,0.0007253201,-0.1539869,-0.1553662,-0.1548052,-0.1545825,0
0.08403091,-0.008583352,-9.457659,-0.007437195,-0.01545611,-0.001579693,28.95399,235.7207,-237.618,237.0476,-236.3755,0.04228655,-0.0357046,0.0006824356,-0.1539927,-0.1552321,-0.1548595,-0.1544204,0
0.2412865,0.1368077,-9.240065,-0.006682441,-0.01640868,-0.000210336,29.05079,235.4237,-237.1357,236.8368,-235.8637,0.04230575,-0.03579924,0.0006432188,-0.1537987,-0.1549171,-0.1547218,-0.1540861,0
0.1273747,0.0316488,-9.372406,-0.008255169,-0.01942157,-0.000882125,29.14758,235.4168,-236.5692,236.7164,-235.3031,0.04232483,-0.03590819,0.0006188093,-0.1537941,-0.1545469,-0.1546431,-0.1537198,0
0.03286743,-0.0555624,-9.487698,-0.01000452,-0.02224562,-0.001584633,29.24437,235.0954,-236.9606,236.2666,-235.6993,0.04231207,-0.03604346,0.0005817186,-0.1535842,-0.1548027,-0.1543493,-0.1539787,0
-0.05160501,-0.1337261,-9.60089,-0.01083613,-0.02427907,-0.002065086,29.34116,235.4095,-236.6939,236.5192,-235.4237,0.04226212,-0.03615987,0.0005509525,-0.1537894,-0.1546284,-0.1545143,-0.1537986,0
0.1531207,0.05535653,-9.329198,-0.009985393,-0.02404182,-0.0004752199,29.43794,235.2425,-236.6524,236.452,-235.3723,0.04217567,-0.03625287,0.0005198648,-0.1536803,-0.1546013,-0.1544704,-0.1537651,0
0.183172,0.08306792,-9.288091,-0.01065482,-0.02522194,-0.0001635095,29.53472,235.387,-236.5746,236.5616,-235.2759,0.0421688,-0.0364228,0.0004991184,-0.1537747,-0.1545505,-0.154542,-0.1537021,0
0.4362429,0.3168175,-8.961761,-0.009770306,-0.0244385,0.001675612,29.63149,235.2726,-237.0633,236.5516,-235.7253,0.04213773,-0.03660407,0.0004642468,-0.1537,-0.1548698,-0.1545355,-0.1539957,0
-0.03152347,-0.1156641,-9.580164,-0.01348962,-0.02867952,-0.001641304,29.72826,235.6767,-236.9524,236.6343,-235.6503,0.04206453,-0.03678025,0.0004377861,-0.1539639,-0.1547973,-0.1545895,-0.1539467,0
0.04426759,-0.04601203,-9.48155,-0.01301727,-0.02826052,-0.001038267,29.82503,235.6252,-237.083,236.6382,-235.7449,0.04202784,-0.03697047,0.0004029391,-0.1539303,-0.1548826,-0.1545921,-0.1540085,0
0.01024674,-0.07772014,-9.525291,-0.01397856,-0.02884785,-0.001128966,29.92179,235.3808,-237.231,236.331,-235.9204,0.0418999,-0.03711252,0.0003717623,-0.1537706,-0.1549793,-0.1543914,-0.1541231,0
0.05501394,-0.03675544,-9.465216,-0.0138512,-0.02846614,-0.0006757727,30.01855,235.2409,-237.2335,236.2069,-235.8921,0.04184622,-0.03733263,0.0003283617,-0.1536792,-0.1549809,-0.1543103,-0.1541047,0
-0.1353806,-0.2132171,-9.705001,-0.01496242,-0.02943241,-0.001802817,30.11531,235.0869,-236.6682,235.9515,-235.3177,0.04179798,-0.03754532,0.0002918977,-0.1535786,-0.1546116,-0.1541434,-0.1537294,0
-0.04430838,-0.1295231,-9.565859,-0.01464012,-0.02824562,-0.0009136554,30.21207,234.5911,-236.2711,235.5025,-234.9058,0.0417552,-0.03774399,0.0002604575,-0.1532547,-0.1543522,-0.1538501,-0.1534603,0
0.3291019,0.2151739,-9.062614,-0.01286597,-0.02506009,0.002021493,30.30882,234.3794,-235.8026,235.4829,-234.4101,0.04170536,-0.03792243,0.0002402605,-0.1531164,-0.1540461,-0.1538373,-0.1531365,0
0.434578,0.312365,-8.916418,-0.01333003,-0.02407131,0.002856984,30.40556,234.557,-235.4367,235.659,-234.0594,0.04162145,-0.03807518,0.0002305905,-0.1532324,-0.1538071,-0.1539524,-0.1529073,0
-0.01539334,-0.1037295,-9.506438,-0.01752794,-0.02728164,-0.0005316062,30.50229,235.058,-235.5525,235.8167,-234.2192,0.04156001,-0.03825546,0.0002278548,-0.1535597,-0.1538828,-0.1540554,-0.1530118,0
-0.1023572,-0.1844608,-9.635931,-0.01887754,-0.0273785,-0.001317741,30.59901,234.8941,-236.8179,235.5583,-235.4819,0.0414733,-0.03844767,0.0001984194,-0.1534527,-0.1547094,-0.1538866,-0.1538367,0
0.2243197,0.1168072,-9.228072,-0.01634013,-0.02354195,0.001276299,30.69573,235.2261,-236.7458,236.1323,-235.3538,0.04139587,-0.03861953,0.0001735215,-0.1536696,-0.1546624,-0.1542615,-0.153753,0
0.4255553,0.3022866,-8.96138,-0.01546003,-0.0208935,0.002910115,30.79244,235.2961,-236.2198,236.3179,-234.826,0.04132586,-0.03876908,0.0001621929,-0.1537153,-0.1543187,-0.1543828,-0.1534082,0
0.2571958,0.1463785,-9.175774,-0.01779266,-0.02143145,0.001666592,30.88915,235.6978,-235.9968,236.5612,-234.6499,0.0412547,-0.03890034,0.0001693332,-0.1539777,-0.1541731,-0.1545418,-0.1532931,0
0.3647528,0.2455127,-9.047626,-0.01843163,-0.02005444,0.002249413,30.98585,235.974,-236.8749,236.8349,-235.5413,0.04116704,-0.03902765,0.0001685122,-0.1541582,-0.1547467,-0.1547205,-0.1538754,0
-0.07591847,-0.1620319,-9.652949,-0.02236007,-0.02264925,-0.001123364,31.08255,236.545,-237.8409,237.0834,-236.5574,0.04104432,-0.03917607,0.0001561849,-0.1545312,-0.1553777,-0.1548829,-0.1545393,0
0.2832476,0.1691674,-9.208429,-0.01919241,-0.01806967,0.001547945,31.17924,236.8974,-238.1347,237.7332,-236.7946,0.04093992,-0.03929173,0.0001312438,-0.1547614,-0.1555697,-0.1553074,-0.1546942,0
0.1388051,0.03524272,-9.399734,-0.02071336,-0.01793927,0.0006741774,31.27594,237.0613,-237.8163,237.7985,-236.524,0.04083944,-0.03938776,0.0001330293,-0.1548685,-0.1553617,-0.1553501,-0.1545175,0
0.1395311,0.0355636,-9.400124,-0.02164213,-0.01699012,0.0005636315,31.37263,237.2312,-238.2115,237.928,-236.9538,0.04072464,-0.03947876,0.0001264071,-0.1549794,-0.1556199,-0.1554346,-0.1547982,0
0.226966,0.1159324,-9.301697,-0.0214119,-0.01519569,0.001199701,31.46933,237.6904,-238.4217,238.4387,-237.1708,0.04061063,-0.03955297,0.0001235071,-0.1552794,-0.1557572,-0.1557683,-0.15494,0
-0.430898,-0.4923305,-10.17322,-0.0266494,-0.01932159,-0.003707757,31.56603,237.4657,-239.4378,237.761,-238.2775,0.04045147,-0.03966067,9.720263e-05,-0.1551326,-0.156421,-0.1553256,-0.155663,0
0.08162783,-0.01956849,-9.513746,-0.02150785,-0.01311983,0.0003075562,31.66274,237.442,-239.1742,238.1862,-237.9351,0.0403249,-0.03972419,6.056588e-05,-0.1551171,-0.1562488,-0.1556033,-0.1554393,0
0.01919098,-0.07772562,-9.574012,-0.02215423,-0.01229912,0.0002331253,31.75945,236.8983,-238.2337,237.6049,-237.0482,0.04020222,-0.03977195,5.141029e-05,-0.154762,-0.1556343,-0.1552236,-0.1548599,0
0.0630661,-0.03756846,-9.491921,-0.02231731,-0.01091603,0.0006273848,31.85616,236.7583,-237.6579,237.4754,-236.5071,0.04007932,-0.03980341,4.397385e-05,-0.1546705,-0.1552582,-0.155139,-0.1545064,0
0.09042769,-0.01260602,-9.446811,-0.02264514,-0.009882414,0.0008908112,31.95288,236.6732,-237.4548,237.3868,-236.3511,0.03990838,-0.03977612,4.398513e-05,-0.1546149,-0.1551255,-0.1550811,-0.1544045,0
0.05509683,-0.04551732,-9.491446,-0.02350664,-0.009558064,0.0006091141,32.04959,236.468,-237.8509,237.1229,-236.7814,0.03975771,-0.03979167,3.505424e-05,-0.1544809,-0.1553843,-0.1549087,-0.1546856,0
0.05714444,-0.04406046,-9.493627,-0.02319503,-0.008511363,0.0007094428,32.14631,236.7489,-237.608,237.434,-236.5549,0.03958642,-0.03976891,2.89481e-05,-0.1546644,-0.1552256,-0.1551119,-0.1545376,0
-0.05366368,-0.1468034,-9.634056,-0.02402725,-0.008580212,-4.785004e-05,32.24303,236.3393,-237.7936,236.9536,-236.7715,0.03944178,-0.03978082,1.476841e-05,-0.1543968,-0.1553469,-0.1547981,-0.1546791,0
0.1246822,0.01755844,-9.395447,-0.02239328,-0.006151037,0.001431932,32.33974,236.281,-237.3867,237.0433,-236.3586,0.03930968,-0.03977223,6.2488e-06,-0.1543587,-0.1550811,-0.1548567,-0.1544094,0
0.1967957,0.08391704,-9.288788,-0.022203,-0.004953529,0.002072568,32.43646,235.9417,-237.1105,236.7355,-236.1127,0.03917384,-0.03975906,1.03248e-06,-0.154137,-0.1549006,-0.1546556,-0.1542487,0
-0.03233636,-0.128106,-9.578606,-0.02395261,-0.00606594,0.0004507983,32.53318,236.1439,-236.6389,236.7911,-235.6915,0.03903915,-0.03973627,5.915788e-06,-0.1542691,-0.1545925,-0.1546919,-0.1539735,0
-0.1024082,-0.1931049,-9.665499,-0.02471213,-0.006093336,-0.000112217,32.62989,235.7299,-237.0735,236.3205,-236.1773,0.0388469,-0.03967702,-4.615507e-06,-0.1539987,-0.1548765,-0.1543845,-0.1542909,0
0.2072168,0.09264089,-9.261607,-0.02214393,-0.002937984,0.002315851,32.7266,235.8931,-236.6257,236.7157,-235.7085,0.03871784,-0.03963469,-3.387046e-06,-0.1541053,-0.1545839,-0.1546427,-0.1539847,0
0.2514301,0.1333539,-9.195583,-0.02241572,-0.00244174,0.002653644,32.82331,235.7598,-236.4681,236.5764,-235.5897,0.03858245,-0.03959315,2.843104e-06,-0.1540182,-0.1544809,-0.1545517,-0.1539071,0
0.04485018,-0.05772505,-9.465454,-0.0241464,-0.003784074,0.001074862,32.92001,236.0008,-236.5247,236.6721,-235.6935,0.03844053,-0.03955265,8.932872e-06,-0.1541756,-0.1545179,-0.1546142,-0.1539749,0
0.04131705,-0.06122684,-9.475978,-0.02417599,-0.003443252,0.0009960377,33.01672,235.6952,-237.1556,236.3656,-236.3437,0.03828659,-0.03952059,-3.220816e-06,-0.153976,-0.15493,-0.154414,-0.1543996,0
-0.05669087,-0.1521539,-9.606569,-0.02425889,-0.003487029,0.0004358113,33.11342,236.0517,-236.5716,236.7079,-235.7804,0.03814688,-0.03947239,-9.62925e-08,-0.1542089,-0.1545485,-0.1546376,-0.1540316,0
0.1081383,-4.580617e-05,-9.381472,-0.0232758,-0.001929486,0.001643747,33.21011,235.7064,-236.5393,236.4634,-235.7733,0.03800113,-0.03940883,-1.467883e-06,-0.1539833,-0.1545274,-0.1544778,-0.1540271,0
0.03550327,-0.06731576,-9.472946,-0.0240505,-0.002402899,0.001153412,33.30681,235.7656,-236.4158,236.4627,-235.7038,0.0378273,-0.03932495,4.878922e-06,-0.154022,-0.1544468,-0.1544774,-0.1539816,0
0.106422,-0.001969723,-9.380184,-0.02354704,-0.001775313,0.001628872,33.4035,236.018,-236.2746,236.7639,-235.5766,0.03769329,-0.03926051,1.372108e-05,-0.1541869,-0.1543546,-0.1546742,-0.1538986,0
-0.1592369,-0.2475369,-9.730892,-0.02581694,-0.004031858,-0.0004114124,33.50018,235.9219,-236.7848,236.4688,-236.1456,0.03754068,-0.03921434,1.548831e-05,-0.1541241,-0.1546878,-0.1544814,-0.1542702,0
0.006175443,-0.09497365,-9.523674,-0.02412189,-0.002431966,0.000808712,33.59687,235.6908,-237.2591,236.3741,-236.6087,0.03738251,-0.03917554,-4.432019e-06,-0.1539731,-0.1549977,-0.1544195,-0.1545728,0
0.1428907,0.0309944,-9.340585,-0.0223004,-0.0008078508,0.002079078,33.69355,235.7563,-236.3427,236.5876,-235.6923,0.03724908,-0.03911464,-5.45763e-06,-0.1540159,-0.154399,-0.154559,-0.1539741,0
0.3414031,0.2143235,-9.059695,-0.02128469,0.0006022652,0.00359258,33.79023,235.5673,-235.7247,236.5059,-235.1062,0.03712968,-0.03903643,8.843755e-06,-0.1538925,-0.1539952,-0.1545056,-0.1535912,0
0.09659506,-0.01181438,-9.373853,-0.02404376,-0.001998607,0.001648811,33.8869,235.8893,-235.8114,236.6022,-235.2687,0.0369968,-0.03896858,3.333746e-05,-0.1541028,-0.1540519,-0.1545685,-0.1536974,0
0.1591085,0.04591213,-9.309451,-0.02399371,-0.001992689,0.00184084,33.98357,236.045,-236.8398,236.7663,-236.3101,0.0368461,-0.03891884,3.275948e-05,-0.1542045,-0.1547238,-0.1546757,-0.1543777,0
0.09393694,-0.01454173,-9.416155,-0.02393532,-0.002445027,0.001379311,34.08024,236.5749,-236.938,237.2891,-236.4194,0.03670274,-0.0388664,3.799927e-05,-0.1545507,-0.1547879,-0.1550173,-0.1544491,0
0.02563308,-0.07782897,-9.510745,-0.02430821,-0.003054286,0.0008250402,34.1769,236.4908,-237.2645,237.1685,-236.7834,0.03654692,-0.03881203,3.51881e-05,-0.1544957,-0.1550012,-0.1549385,-0.1546869,0
0.1083604,-0.001602925,-9.406618,-0.02337439,-0.002403339,0.001480725,34.27357,236.321,-237.4642,237.0715,-237.007,0.03636579,-0.03874108,2.489643e-05,-0.1543848,-0.1551317,-0.1548751,-0.154833,0
0.08945988,-0.01932419,-9.427195,-0.02291498,-0.002511411,0.001475243,34.37024,236.3391,-236.989,237.1098,-236.5487,0.036226,-0.03869659,2.123763e-05,-0.1543966,-0.1548212,-0.1549001,-0.1545336,0
-0.06223454,-0.159672,-9.61276,-0.02378759,-0.003862177,0.0004128171,34.4669,236.0335,-236.8042,236.711,-236.4061,0.03608552,-0.03865689,1.612326e-05,-0.154197,-0.1547005,-0.1546396,-0.1544404,0
0.3100175,0.1841131,-9.117176,-0.02085871,-0.001132442,0.003240062,34.56356,235.8255,-236.5167,236.7544,-236.1016,0.03596111,-0.03860378,1.423987e-05,-0.1540611,-0.1545127,-0.154668,-0.1542415,0
0.1557697,0.04155862,-9.309669,-0.02236018,-0.002945322,0.002143787,34.66022,236.0817,-235.9955,236.8768,-235.636,0.03583694,-0.03855359,3.266168e-05,-0.1542285,-0.1541722,-0.1547479,-0.1539374,0
0.08641788,-0.02254665,-9.40122,-0.02324974,-0.004148877,0.001425031,34.75689,236.1826,-236.4662,236.8972,-236.1409,0.03570338,-0.03851466,3.804007e-05,-0.1542944,-0.1544797,-0.1547612,-0.1542672,0
0.1183112,0.006803915,-9.373869,-0.02290993,-0.004319686,0.001602894,34.85354,236.2441,-237.0315,236.976,-236.7175,0.03555591,-0.03847829,3.580831e-05,-0.1543346,-0.154849,-0.1548127,-0.1546439,0
-0.1526733,-0.2438006,-9.736336,-0.02437942,-0.006591952,-0.0003721326,34.9502,236.6512,-236.8779,237.2342,-236.6287,0.03534935,-0.03838738,3.918128e-05,-0.1546005,-0.1547487,-0.1549814,-0.1545859,0
-0.1827297,-0.2717792,-9.776546,-0.02412635,-0.007079894,-0.0006356493,35.04685,236.1059,-237.4818,236.6817,-237.2427,0.03520176,-0.03838171,1.74891e-05,-0.1542443,-0.1551432,-0.1546205,-0.154987,0
0.1164402,0.004314697,-9.381855,-0.02087694,-0.004609672,0.001832342,35.14351,236.2398,-236.597,237.0727,-236.3239,0.03508766,-0.03835058,1.572827e-05,-0.1543318,-0.1545651,-0.1548759,-0.1543868,0
-0.1382391,-0.2310388,-9.694582,-0.02314133,-0.007269904,-1.80096e-05,35.24016,235.8202,-236.3658,236.4444,-236.1831,0.03491351,-0.03829311,1.715883e-05,-0.1540577,-0.1544141,-0.1544654,-0.1542947,0
0.3708648,0.239215,-9.023895,-0.01918207,-0.003672061,0.003729637,35.33681,235.8408,-236.1644,236.8027,-235.9481,0.03477606,-0.03823444,1.625756e-05,-0.1540711,-0.1542825,-0.1546995,-0.1541412,0
0.3518534,0.2216817,-9.045201,-0.01981128,-0.004801631,0.003610199,35.43347,236.1653,-235.7604,237.0663,-235.5771,0.03467413,-0.03820565,4.180915e-05,-0.1542831,-0.1540186,-0.1548717,-0.1538989,0
0.2650988,0.1415997,-9.16591,-0.02119087,-0.006577709,0.002664854,35.53011,236.4825,-236.511,237.2597,-236.3633,0.03455483,-0.03819798,5.375273e-05,-0.1544903,-0.154509,-0.154998,-0.1544125,0
-0.3498539,-0.4267575,-9.995761,-0.02534386,-0.01190149,-0.002036744,35.62676,236.7011,-237.6863,237.0738,-237.5992,0.03439569,-0.03822437,4.211635e-05,-0.1546331,-0.1552768,-0.1548766,-0.1552198,0
-0.2385475,-0.3244173,-9.867244,-0.02273221,-0.01045682,-0.001103906,35.7234,236.666,-237.8312,237.2189,-237.7103,0.03423649,-0.03822103,1.328878e-05,-0.1546102,-0.1553714,-0.1549714,-0.1552924,0
0.038874,-0.06841178,-9.490324,-0.01982666,-0.008113566,0.001277912,35.82005,236.1095,-237.0066,236.8895,-236.8718,0.03412912,-0.03822951,7.486118e-07,-0.1542466,-0.1548328,-0.1547562,-0.1547447,0
0.2606893,0.1364373,-9.171826,-0.01838377,-0.006787762,0.003066091,35.91669,235.6984,-236.1931,236.5952,-236.076,0.03402803,-0.03823527,-1.152828e-06,-0.1539781,-0.1543013,-0.154564,-0.1542248,0
-0.0666725,-0.1661234,-9.581548,-0.02094403,-0.009899474,0.0006702047,36.01334,235.6549,-235.8049,236.3046,-235.7481,0.03391942,-0.03825248,2.70376e-06,-0.1539497,-0.1540477,-0.1543741,-0.1540106,0
0.2478793,0.1243778,-9.165279,-0.01853176,-0.007797657,0.002944385,36.10998,235.5449,-235.8357,236.3955,-235.7707,0.03378289,-0.03821456,2.549396e-06,-0.1538778,-0.1540678,-0.1544335,-0.1540253,0
0.1156819,0.002214455,-9.338344,-0.01988912,-0.009572824,0.001969643,36.20662,235.3817,-236.1228,236.0963,-236.1056,0.03364104,-0.038217,3.117824e-06,-0.1537712,-0.1542553,-0.154238,-0.1542441,0
0.1444406,0.028536,-9.304979,-0.01897006,-0.009485109,0.002163457,36.30326,236.0142,-235.6566,236.7782,-235.6227,0.03354733,-0.03823376,8.958375e-06,-0.1541844,-0.1539508,-0.1546835,-0.1539286,0
-0.215843,-0.3044412,-9.775064,-0.02176884,-0.01283706,-0.0005751257,36.39989,235.41,-236.4776,235.9021,-236.5006,0.03342814,-0.0382822,-2.412152e-06,-0.1537897,-0.1544871,-0.1541112,-0.1545022,0
0.1164348,0.002230253,-9.345865,-0.01831634,-0.009955803,0.001998946,36.49651,235.4484,-236.319,236.2098,-236.2903,0.03332678,-0.03831856,-1.876622e-05,-0.1538148,-0.1543835,-0.1543122,-0.1543648,0
-0.2352653,-0.3229655,-9.792799,-0.02047846,-0.01269854,-0.0004110244,36.59314,235.3503,-235.5799,235.8914,-235.6068,0.03322721,-0.03835896,-1.915044e-05,-0.1537507,-0.1539007,-0.1541042,-0.1539183,0
0.1101988,-0.003959849,-9.324982,-0.01775405,-0.01000328,0.002140712,36.68976,234.8503,-235.5002,235.6168,-235.5057,0.03313914,-0.03838829,-3.107793e-05,-0.1534241,-0.1538486,-0.1539248,-0.1538522,0
-0.1865334,-0.2782547,-9.702533,-0.01998113,-0.0125849,9.221741e-05,36.78637,234.5301,-235.3513,235.0745,-235.4092,0.03303462,-0.03843853,-3.593884e-05,-0.1532149,-0.1537513,-0.1535705,-0.1537891,0
0.2681742,0.1416075,-9.098507,-0.0160252,-0.008766538,0.003505836,36.88298,234.7747,-234.5219,235.6506,-234.53,0.03296508,-0.03845425,-3.415545e-05,-0.1533747,-0.1532095,-0.1539468,-0.1532148,0
0.1631187,0.04460002,-9.223472,-0.01771525,-0.01024701,0.002719199,36.97958,234.3285,-234.6729,235.057,-234.7384,0.03287906,-0.03848684,-2.457296e-05,-0.1530831,-0.1533081,-0.1535591,-0.153351,0
0.133479,0.01709417,-9.266295,-0.01797415,-0.01067081,0.002384158,37.07618,234.8714,-234.6943,235.5642,-234.7683,0.03279325,-0.03851909,-1.59418e-05,-0.1534378,-0.1533221,-0.1538904,-0.1533705,0
0.3063449,0.1767151,-9.050686,-0.01682557,-0.009492632,0.003555594,37.17276,235.0565,-234.9577,235.8463,-235.026,0.03271483,-0.03854422,-7.319033e-06,-0.1535587,-0.1534942,-0.1540747,-0.1535388,0
0.6556057,0.4994099,-8.605389,-0.01482489,-0.007120907,0.006030923,37.26934,235.564,-235.0501,236.5434,-235.1094,0.0326482,-0.03855556,1.571211e-05,-0.1538903,-0.1535546,-0.1545301,-0.1535933,0
-0.09625028,-0.1952403,-9.606216,-0.021161,-0.0136437,0.000192682,37.36591,236.3308,-235.8145,236.7495,-235.9845,0.03254689,-0.0386014,3.812767e-05,-0.1543912,-0.1540539,-0.1546648,-0.154165,0
-0.0845693,-0.1847251,-9.62533,-0.02041438,-0.01326422,-1.791047e-05,37.46247,236.8437,-237.0381,237.308,-237.1868,0.03244784,-0.03864531,3.01198e-05,-0.1547263,-0.1548533,-0.1550296,-0.1549505,0
0.1874082,0.06633333,-9.294832,-0.01796957,-0.01084062,0.002062619,37.55904,236.5943,-237.7702,237.2601,-237.9118,0.03231326,-0.03865928,1.465387e-05,-0.1545634,-0.1553316,-0.1549983,-0.155424,0
0.1177143,0.001615895,-9.388391,-0.01772294,-0.01089074,0.001708186,37.65561,237.2947,-236.7969,237.9615,-236.9597,0.03222484,-0.03868161,2.251094e-05,-0.155021,-0.1546957,-0.1554565,-0.1548021,0
-0.02781565,-0.1329628,-9.570069,-0.0189866,-0.01213188,0.0005226487,37.75217,236.7319,-237.3281,237.2777,-237.5536,0.03209474,-0.03868693,1.216032e-05,-0.1546533,-0.1550427,-0.1550098,-0.1551901,0
-0.3324357,-0.4147068,-9.971468,-0.02045807,-0.01428263,-0.001625197,37.84874,236.9036,-237.3128,237.2819,-237.5743,0.03197409,-0.03870609,5.997788e-06,-0.1547654,-0.1550328,-0.1550126,-0.1552036,0
0.06870933,-0.04431393,-9.443958,-0.01687027,-0.01091115,0.001394872,37.94531,236.4048,-237.3703,237.0686,-237.5888,0.03188942,-0.03874969,-1.623739e-05,-0.1544396,-0.1550703,-0.1548732,-0.1552131,0
0.2391002,0.1129168,-9.208722,-0.01520627,-0.009416972,0.002911328,38.04189,236.5237,-236.2709,237.3134,-236.4887,0.03182911,-0.03877213,-9.133569e-06,-0.1545172,-0.1543521,-0.1550331,-0.1544944,0
0.4009552,0.2625063,-8.979596,-0.01476183,-0.008625292,0.00402243,38.13846,236.4663,-236.0129,237.3012,-236.2576,0.03177385,-0.03878677,6.223351e-06,-0.1544797,-0.1541835,-0.1550252,-0.1543434,0
-0.05928596,-0.1626855,-9.586983,-0.01883715,-0.0128761,0.0004341734,38.23503,236.8164,-236.6344,237.2824,-236.9531,0.03169269,-0.03882719,2.022843e-05,-0.1547085,-0.1545896,-0.1550129,-0.1547978,0
0.0287662,-0.0815165,-9.495234,-0.01773569,-0.01211747,0.0008979059,38.3316,237.1591,-237.431,237.6989,-237.7304,0.03160317,-0.03886203,1.235622e-05,-0.1549324,-0.15511,-0.155285,-0.1553056,0
0.1200314,0.00259323,-9.391275,-0.0165406,-0.01117285,0.001648431,38.42818,237.2571,-237.5554,237.8824,-237.8598,0.03150294,-0.03887312,8.460681e-06,-0.1549964,-0.1551912,-0.1554049,-0.1553901,0
0.135261,0.01649636,-9.371243,-0.01616282,-0.01095594,0.001792322,38.52475,237.4746,-237.2787,238.1201,-237.612,0.03140368,-0.03886646,1.274799e-05,-0.1551385,-0.1550105,-0.1555601,-0.1552282,0
-0.3057788,-0.3911227,-9.947458,-0.01935028,-0.01454826,-0.001531588,38.62133,237.2108,-237.8615,237.5469,-238.257,0.03131422,-0.03892608,1.794108e-06,-0.1549661,-0.1553912,-0.1551857,-0.1556496,0
0.08403609,-0.03129015,-9.442773,-0.01531707,-0.01092556,0.001458901,38.71791,237.17,-237.7052,237.8258,-238.0405,0.03124979,-0.03896449,-1.586259e-05,-0.1549394,-0.1552891,-0.1553679,-0.1555082,0
0.2662834,0.1369871,-9.191612,-0.01391544,-0.009466444,0.003011666,38.8145,237.2119,-236.7318,237.9834,-237.0789,0.03120836,-0.03898112,-1.845129e-06,-0.1549668,-0.1546532,-0.1554709,-0.15488,0
-0.127053,-0.2263612,-9.694006,-0.01763465,-0.01312499,-6.343165e-05,38.91109,237.0094,-237.2059,237.4458,-237.6363,0.0311345,-0.03902944,-1.739512e-07,-0.1548345,-0.1549629,-0.1551196,-0.1552441,0
-0.3139801,-0.3993407,-9.950316,-0.01813238,-0.01426215,-0.001480792,39.00768,237.0091,-237.7688,237.3588,-238.1984,0.03105309,-0.0390894,-2.152489e-05,-0.1548343,-0.1553307,-0.1550628,-0.1556113,0
-0.2479944,-0.3387368,-9.862744,-0.01638609,-0.01301755,-0.0007510919,39.10427,236.6941,-237.3672,237.1569,-237.7785,0.03099019,-0.03913597,-4.036608e-05,-0.1546286,-0.1550683,-0.1549309,-0.155337,0
0.1753223,0.05222416,-9.286927,-0.01297084,-0.009364116,0.00260296,39.20087,235.9168,-236.7726,236.664,-237.1644,0.03093879,-0.03917233,-5.728134e-05,-0.1541208,-0.1546798,-0.1546089,-0.1549358,0
-0.1946305,-0.2897301,-9.744037,-0.01551135,-0.0121182,8.052072e-05,39.29746,235.722,-235.8321,236.2182,-236.288,0.03088227,-0.0392154,-5.913943e-05,-0.1539935,-0.1540654,-0.1543176,-0.1543633,0
0.1963798,0.07140443,-9.211561,-0.01233399,-0.008792799,0.003001829,39.39406,234.9337,-235.7355,235.6901,-236.159,0.03083547,-0.03924786,-7.920434e-05,-0.1534785,-0.1540023,-0.1539727,-0.154279,0
0.1088028,-0.009605686,-9.307928,-0.01284314,-0.009386419,0.002614152,39.49065,235.0456,-234.6205,235.741,-235.072,0.03080457,-0.03926478,-6.309647e-05,-0.1535516,-0.1532739,-0.1540059,-0.1535689,0
0.1891781,0.06474423,-9.18695,-0.01295482,-0.009114874,0.003037657,39.58723,234.9036,-234.6514,235.5923,-235.1266,0.03076726,-0.03928433,-5.461221e-05,-0.1534589,-0.1532941,-0.1539087,-0.1536046,0
0.262178,0.1322181,-9.09841,-0.01272135,-0.00876254,0.003493256,39.68382,235.018,-235.011,235.7209,-235.4899,0.03072415,-0.0393091,-4.802776e-05,-0.1535336,-0.153529,-0.1539928,-0.1538419,0
-0.01686261,-0.1256842,-9.472422,-0.01464956,-0.01088978,0.001364023,39.78039,235.4619,-235.0992,235.9798,-235.6127,0.03067718,-0.03933835,-3.821772e-05,-0.1538236,-0.1535867,-0.1541619,-0.1539221,0
0.145807,0.02452117,-9.268777,-0.01329472,-0.009411738,0.002456254,39.87695,235.3242,-235.6684,235.9524,-236.1709,0.03063019,-0.03936691,-4.44464e-05,-0.1537336,-0.1539585,-0.154144,-0.1542868,0
0.1784101,0.05453026,-9.232388,-0.01280122,-0.008875618,0.002780298,39.97351,235.7789,-235.2442,236.4466,-235.7683,0.03056945,-0.0393462,-3.013519e-05,-0.1540307,-0.1536814,-0.1544669,-0.1540238,0
0.1292521,0.009149536,-9.297194,-0.01361912,-0.00942874,0.002257055,40.07007,235.7657,-235.6348,236.3631,-236.1935,0.03052615,-0.03936813,-2.421696e-05,-0.1540221,-0.1539366,-0.1544123,-0.1543015,0
-0.01655346,-0.1256596,-9.499865,-0.01446391,-0.01045236,0.001112936,40.16663,235.8303,-236.1988,236.3338,-236.7753,0.03047087,-0.03940356,-3.036776e-05,-0.1540643,-0.154305,-0.1543932,-0.1546816,0
0.02820241,-0.08453234,-9.448103,-0.01331906,-0.009541313,0.001517336,40.26318,236.0963,-235.9082,236.6795,-236.4755,0.03043426,-0.03942158,-3.082299e-05,-0.154238,-0.1541151,-0.154619,-0.1544858,0
-0.06987671,-0.1752017,-9.570544,-0.01408596,-0.01019264,0.0008064517,40.35972,235.7301,-236.0629,236.2394,-236.6803,0.03036039,-0.03941327,-3.4904e-05,-0.1539988,-0.1542162,-0.1543315,-0.1546196,0
0.1290928,0.008516379,-9.308443,-0.01222465,-0.008334269,0.00233159,40.45627,235.551,-236.0341,236.2057,-236.6365,0.03031815,-0.0394374,-4.652972e-05,-0.1538818,-0.1541974,-0.1543095,-0.1545909,0
-0.1265683,-0.227855,-9.633699,-0.01356132,-0.01000724,0.0005913613,40.55281,235.9325,-235.0887,236.449,-235.7274,0.03029446,-0.03944403,-3.272498e-05,-0.154131,-0.1535797,-0.1544685,-0.153997,0
0.2029492,0.07670081,-9.192961,-0.01171392,-0.007667503,0.002877073,40.64935,235.4394,-235.5511,236.127,-236.1882,0.03026976,-0.03944796,-3.193301e-05,-0.1538089,-0.1538818,-0.1542581,-0.1542981,0
0.08300237,-0.03407168,-9.357192,-0.01287,-0.008837795,0.00199508,40.74589,235.9599,-235.4636,236.5404,-236.132,0.03023941,-0.03945779,-1.529557e-05,-0.1541489,-0.1538247,-0.1545281,-0.1542614,0
-0.06876148,-0.1743149,-9.564827,-0.0139713,-0.01005365,0.0006805239,40.84241,236.1097,-236.001,236.5809,-236.6947,0.0301974,-0.03947989,-1.772459e-05,-0.1542468,-0.1541758,-0.1545546,-0.1546289,0
-0.1192881,-0.2211522,-9.642388,-0.01371327,-0.01007516,0.000337449,40.93895,235.8663,-236.542,236.3354,-237.2373,0.03015138,-0.039509,-3.32269e-05,-0.1540878,-0.1545292,-0.1543943,-0.1549835,0
0.07394505,-0.04281493,-9.387398,-0.01147629,-0.007953461,0.001953839,41.03547,235.869,-235.9481,236.5162,-236.6268,0.030126,-0.03951916,-3.856637e-05,-0.1540896,-0.1541412,-0.1545123,-0.1545846,0
-0.1714939,-0.2696224,-9.691792,-0.01328127,-0.009752889,0.0002172483,41.132,235.4256,-235.7301,235.8998,-236.4655,0.0300887,-0.03954182,-4.535874e-05,-0.1537999,-0.1539988,-0.1541097,-0.1544793,0
0.220105,0.09207831,-9.168791,-0.009890259,-0.006269766,0.003203447,41.22852,235.3661,-235.1566,236.1286,-235.8569,0.03007801,-0.03953626,-4.73683e-05,-0.153761,-0.1536241,-0.1542591,-0.1540817,0
-0.1245473,-0.2262625,-9.605484,-0.01292953,-0.009252025,0.0007040118,41.32504,235.235,-234.9091,235.7267,-235.6843,0.03005501,-0.03954243,-3.404982e-05,-0.1536753,-0.1534624,-0.1539966,-0.1539689,0
-0.08970403,-0.1940714,-9.559795,-0.01262793,-0.008973794,0.0008160243,41.42155,235.1467,-235.3718,235.6523,-236.1491,0.03002263,-0.03955734,-4.277307e-05,-0.1536177,-0.1537647,-0.1539479,-0.1542725,0
-0.07358018,-0.1792889,-9.543318,-0.01190569,-0.008513093,0.001052014,41.51806,234.9333,-235.3924,235.478,-236.1661,0.02999148,-0.03957467,-5.434614e-05,-0.1534783,-0.1537782,-0.1538341,-0.1542836,0
0.4219706,0.2784912,-8.88489,-0.007832622,-0.004226823,0.004868784,41.61456,235.0696,-234.3858,235.9729,-235.1241,0.02999186,-0.03954534,-4.45032e-05,-0.1535673,-0.1531206,-0.1541574,-0.1536029,0
-0.04180299,-0.149775,-9.47623,-0.01234901,-0.008484574,0.001353407,41.71106,235.0278,-234.3923,235.5464,-235.2433,0.02995471,-0.03952055,-2.236913e-05,-0.15354,-0.1531249,-0.1538788,-0.1536808,0
0.3018286,0.1677886,-9.039127,-0.009918062,-0.005971636,0.003641245,41.80755,235.1693,-235.1981,235.8982,-236.0113,0.029935,-0.03952109,-2.597528e-05,-0.1536324,-0.1536513,-0.1541086,-0.1541825,0
-0.1335467,-0.2345163,-9.623791,-0.01278911,-0.009354435,0.0004786778,41.90403,235.6933,-235.143,236.15,-236.0049,0.02991182,-0.0395293,-1.318046e-05,-0.1539747,-0.1536153,-0.1542731,-0.1541784,0
-0.000217814,-0.1113742,-9.455132,-0.01153116,-0.008115009,0.001316361,42.00051,235.3978,-235.8368,235.9548,-236.6905,0.02988395,-0.03954277,-2.830958e-05,-0.1537817,-0.1540685,-0.1541456,-0.1546262,0
-0.1805491,-0.2781323,-9.695007,-0.0121354,-0.00910107,0.0001712804,42.09698,235.4478,-235.5572,235.9278,-236.4322,0.02986034,-0.0395555,-3.249384e-05,-0.1538144,-0.1538859,-0.154128,-0.1544575,0
-0.02400569,-0.1335799,-9.479067,-0.01055189,-0.007503375,0.001387645,42.19345,235.2321,-235.1572,235.8415,-236.0304,0.02984982,-0.03955498,-3.866627e-05,-0.1536735,-0.1536245,-0.1540716,-0.154195,0
-0.03961304,-0.1479655,-9.487087,-0.01073758,-0.007617426,0.001363719,42.28992,235.1353,-234.7186,235.7261,-235.6208,0.02984586,-0.039547,-3.041231e-05,-0.1536103,-0.153338,-0.1539962,-0.1539274,0
-0.06627827,-0.1724983,-9.515432,-0.01127729,-0.008049658,0.001085949,42.38638,235.0755,-234.838,235.6181,-235.7679,0.02983395,-0.03954571,-2.629542e-05,-0.1535712,-0.153416,-0.1539256,-0.1540235,0
-0.07808214,-0.1833857,-9.535454,-0.01125191,-0.00815826,0.0009626809,42.48284,235.2703,-234.8973,235.8064,-235.8359,0.02982356,-0.03954364,-2.230908e-05,-0.1536984,-0.1534547,-0.1540487,-0.1540679,0
0.05149604,-0.06362139,-9.369599,-0.01029775,-0.007170004,0.001885183,42.57928,235.4137,-234.8994,236.0336,-235.8392,0.02982147,-0.03953318,-1.44642e-05,-0.1537921,-0.1534561,-0.1541971,-0.1540701,0
-0.1305098,-0.2316877,-9.611811,-0.01193014,-0.008822873,0.0004592816,42.67573,235.4807,-235.2556,235.9548,-236.2377,0.02980536,-0.03953722,-9.26901e-06,-0.1538359,-0.1536888,-0.1541456,-0.1543304,0
0.06142448,-0.05437547,-9.370771,-0.01020264,-0.007165193,0.001820302,42.77217,235.5555,-235.5417,236.1757,-236.5176,0.02976671,-0.03950699,-1.556874e-05,-0.1538848,-0.1538757,-0.1542899,-0.1545133,0
0.1112816,-0.008321935,-9.308067,-0.00958059,-0.00667396,0.002271846,42.8686,235.5516,-235.3841,236.2173,-236.3678,0.02975981,-0.0395053,-1.463468e-05,-0.1538822,-0.1537728,-0.1543171,-0.1544154,0
-0.005601995,-0.116298,-9.456139,-0.01035708,-0.00760206,0.001405653,42.96503,235.546,-235.2997,236.1376,-236.3278,0.02971819,-0.03946653,-1.345094e-05,-0.1538785,-0.1537176,-0.154265,-0.1543892,0
-0.3122751,-0.3996792,-9.855714,-0.01226143,-0.009963137,-0.0008681985,43.06146,235.5504,-235.3866,235.9559,-236.4604,0.02968357,-0.03945062,-1.59891e-05,-0.1538814,-0.1537744,-0.1541463,-0.1544759,0
-0.02109765,-0.1306899,-9.474617,-0.00959401,-0.007560671,0.00131917,43.15788,235.2663,-235.4715,235.8884,-236.5108,0.02968002,-0.03945205,-2.717798e-05,-0.1536958,-0.1538298,-0.1541022,-0.1545088,0
-0.0542504,-0.1612994,-9.510571,-0.009667027,-0.007865152,0.00121962,43.2543,235.2195,-234.9784,235.8218,-236.0375,0.02967975,-0.03945385,-2.482022e-05,-0.1536652,-0.1535077,-0.1540587,-0.1541997,0
0.05588692,-0.05948699,-9.356255,-0.008843423,-0.007082219,0.002016914,43.35072,235.0244,-234.8436,235.6923,-235.9079,0.02968198,-0.03945404,-2.811562e-05,-0.1535378,-0.1534196,-0.1539741,-0.154115,0
0.2240335,0.09594737,-9.131371,-0.007658088,-0.005901956,0.003312615,43.44712,235.1977,-234.4084,235.9738,-235.4837,0.02967576,-0.03940631,-1.405638e-05,-0.153651,-0.1531353,-0.154158,-0.1538378,0
0.4319118,0.2882819,-8.858669,-0.007018025,-0.004958397,0.004697681,43.54353,234.976,-234.9499,235.8198,-236.0371,0.02967836,-0.03940578,-9.246892e-06,-0.1535062,-0.1534891,-0.1540574,-0.1541994,0
0.1158141,-0.003744937,-9.284418,-0.009149068,-0.007614001,0.002309977,43.63993,235.8194,-234.7906,236.4616,-235.9097,0.02968148,-0.03940782,6.725908e-06,-0.1540572,-0.1533851,-0.1544767,-0.1541162,0
0.2388453,0.1099969,-9.134066,-0.008276351,-0.00680552,0.003029615,43.73632,235.8023,-235.4599,236.522,-236.5747,0.02968783,-0.03940692,8.187076e-06,-0.1540459,-0.1538223,-0.1545162,-0.1545506,0
0.02339343,-0.08900253,-9.429772,-0.00991912,-0.008687116,0.001420384,43.8327,236.3007,-235.6518,236.8735,-236.8026,0.02969104,-0.03941065,2.308563e-05,-0.1543716,-0.1539477,-0.1547458,-0.1546994,0
0.06262624,-0.0526992,-9.392238,-0.009657067,-0.008493735,0.001525826,43.92908,236.4029,-236.3338,236.9962,-237.4937,0.02967652,-0.0394183,1.679402e-05,-0.1544384,-0.1543932,-0.1548259,-0.155151,0
-0.03960573,-0.147246,-9.538727,-0.009779694,-0.009034999,0.0008352889,44.02547,236.5081,-236.4809,237.0737,-237.6589,0.02964969,-0.03941157,8.941453e-06,-0.154507,-0.1544893,-0.1548766,-0.1552589,0
-0.230044,-0.3233068,-9.784894,-0.01052308,-0.01024185,-0.0004868826,44.12186,236.4205,-236.3223,236.8993,-237.5235,0.02964801,-0.03942879,1.243169e-06,-0.1544499,-0.1543857,-0.1547627,-0.1551704,0
0.3158876,0.1811071,-9.063355,-0.006271389,-0.005825941,0.003635881,44.21824,236.1788,-235.9711,237.0328,-237.1295,0.02967021,-0.03942205,-1.954034e-06,-0.1542919,-0.1541563,-0.1548499,-0.154913,0
0.1298604,0.00941777,-9.29656,-0.008289885,-0.007778091,0.002306451,44.31462,236.3061,-235.5893,236.9877,-236.8076,0.02968253,-0.03942575,1.363657e-05,-0.1543751,-0.1539069,-0.1548204,-0.1547027,0
0.2213492,0.09405475,-9.179358,-0.007831164,-0.007340403,0.002793942,44.41101,236.5314,-235.8949,237.2545,-237.1151,0.02969465,-0.0394288,1.703466e-05,-0.1545223,-0.1541065,-0.1549947,-0.1549036,0
0.004170856,-0.1065316,-9.474958,-0.009497136,-0.009289908,0.001144812,44.50739,236.445,-236.5684,237.0112,-237.8241,0.02968251,-0.0394431,1.338662e-05,-0.1544658,-0.1545464,-0.1548357,-0.1553668,0
-0.1545008,-0.2532623,-9.69108,-0.009866442,-0.01020285,3.222362e-06,44.60378,236.7251,-236.5396,237.2368,-237.8106,0.02965927,-0.03943949,5.164595e-06,-0.1546489,-0.1545276,-0.1549831,-0.155358,0
-0.1291272,-0.2299048,-9.654821,-0.009060674,-0.009740476,0.0002806626,44.70016,236.2133,-236.6328,236.7737,-237.9021,0.02965922,-0.03946573,-1.42512e-05,-0.1543145,-0.1545885,-0.1546806,-0.1554178,0
-0.03070578,-0.1390631,-9.513114,-0.007694743,-0.008625636,0.001236762,44.79654,236.0923,-235.8394,236.7561,-237.1042,0.02967785,-0.03947575,-1.893806e-05,-0.1542354,-0.1540702,-0.1546691,-0.1548965,0
0.05400801,-0.06069655,-9.382221,-0.007306597,-0.008112982,0.001925546,44.89293,235.8459,-235.3033,236.5465,-236.5918,0.02969611,-0.03946982,-1.43932e-05,-0.1540745,-0.15372,-0.1545322,-0.1545617,0
-0.08171697,-0.1859522,-9.550729,-0.008718888,-0.009557392,0.0008765073,44.98931,235.6654,-235.458,236.2408,-236.7948,0.02967888,-0.03945351,-1.411571e-05,-0.1539565,-0.153821,-0.1543324,-0.1546943,0
0.06573418,-0.04970568,-9.360394,-0.007305333,-0.008434855,0.001964288,45.08569,235.7783,-235.4014,236.4659,-236.7249,0.0296773,-0.03943976,-1.63273e-05,-0.1540303,-0.1537841,-0.1544795,-0.1546487,0
-0.427479,-0.505386,-10.00266,-0.0107496,-0.0124572,-0.001649835,45.18206,236.0087,-235.187,236.3747,-236.5672,0.02969234,-0.03945842,-6.595637e-06,-0.1541808,-0.153644,-0.1544199,-0.1545457,0
-0.1027001,-0.2052603,-9.57955,-0.008270771,-0.009966694,0.0006333691,45.27844,235.5093,-235.8967,236.089,-237.2552,0.02967778,-0.03945036,-2.459015e-05,-0.1538546,-0.1541077,-0.1542332,-0.1549951,0
-0.1738953,-0.2710863,-9.674299,-0.008270386,-0.01037741,0.0003238398,45.37481,235.6826,-235.3274,236.2422,-236.6917,0.02969552,-0.0394722,-2.450108e-05,-0.1539678,-0.1537357,-0.1543333,-0.154627,0
0.006844088,-0.1040673,-9.42512,-0.00681736,-0.00891611,0.001662348,45.47118,235.1985,-235.2425,235.8775,-236.6003,0.02971447,-0.03949443,-3.788148e-05,-0.1536515,-0.1536803,-0.1540951,-0.1545673,0
-0.05837586,-0.164328,-9.499201,-0.007046122,-0.009330548,0.001348131,45.56754,235.2007,-234.6162,235.8497,-235.9903,0.02974508,-0.0395061,-3.253477e-05,-0.153653,-0.1532711,-0.1540769,-0.1541688,0
-0.02728718,-0.1354749,-9.446497,-0.007177733,-0.009314801,0.001525476,45.6639,234.815,-234.7523,235.4554,-236.1564,0.02974023,-0.03949605,-3.665812e-05,-0.153401,-0.15336,-0.1538193,-0.1542773,0
-0.03595683,-0.143473,-9.45652,-0.006983359,-0.009346571,0.00151851,45.76026,235.0355,-234.4127,235.6815,-235.8162,0.02976791,-0.03951114,-3.302255e-05,-0.153545,-0.1531381,-0.1539671,-0.154055,0
0.101603,-0.01627776,-9.272085,-0.006127957,-0.008412045,0.002502077,45.85661,234.777,-234.5092,235.5009,-235.9246,0.02976568,-0.03949011,-3.451996e-05,-0.1533762,-0.1532012,-0.1538491,-0.1541259,0
0.2793505,0.1480459,-9.039005,-0.004927736,-0.007159017,0.003843773,45.95295,235.2545,-233.9873,236.0922,-235.4018,0.02979563,-0.0394642,-1.39621e-05,-0.1536881,-0.1528603,-0.1542354,-0.1537844,0
-0.01136046,-0.120286,-9.422071,-0.008002981,-0.01017955,0.00146238,46.04928,235.3765,-234.6357,235.9524,-236.1079,0.02981759,-0.03948381,4.750532e-07,-0.1537678,-0.1532838,-0.154144,-0.1542456,0
-0.117722,-0.2185411,-9.583659,-0.008536621,-0.01105499,0.0004993167,46.14561,235.6508,-235.5561,236.1658,-237.0266,0.02982021,-0.03951214,-7.720448e-06,-0.153947,-0.1538851,-0.1542835,-0.1548458,0
0.05708319,-0.05714906,-9.370327,-0.006441886,-0.009222776,0.001880196,46.24193,235.616,-235.6835,236.3005,-237.1297,0.02982212,-0.03952,-2.086736e-05,-0.1539243,-0.1539684,-0.1543714,-0.1549132,0
-0.04075663,-0.1476037,-9.490938,-0.006751151,-0.009687443,0.00131262,46.33825,235.7368,-234.9855,236.3872,-236.4563,0.02984866,-0.03952805,-1.547439e-05,-0.1540032,-0.1535124,-0.1544281,-0.1544732,0
0.06317152,-0.05146504,-9.344304,-0.006342757,-0.009003337,0.002020001,46.43457,235.6512,-234.8878,236.3501,-236.3819,0.02986759,-0.03951258,-8.077412e-06,-0.1539472,-0.1534486,-0.1544038,-0.1544246,0
0.07959108,-0.03611732,-9.325964,-0.006737996,-0.009282026,0.002057561,46.53089,235.921,-235.0384,236.5934,-236.5489,0.02990197,-0.03952269,6.162196e-06,-0.1541235,-0.1535469,-0.1545628,-0.1545337,0
0.1023587,-0.01493589,-9.309056,-0.006944144,-0.009429237,0.002054035,46.6272,236.5336,-235.2674,237.1974,-236.7862,0.02993805,-0.03952992,2.358899e-05,-0.1545237,-0.1536966,-0.1549574,-0.1546888,0
-0.123692,-0.223648,-9.624022,-0.009046507,-0.01155492,0.0001688248,46.72351,236.4503,-236.5353,236.9285,-238.0901,0.02994247,-0.03957032,1.66269e-05,-0.1544693,-0.1545248,-0.1547817,-0.1555406,0
0.1007469,-0.01644723,-9.3517,-0.006390206,-0.009190245,0.001890169,46.81982,236.8733,-236.5514,237.5692,-238.0602,0.02996565,-0.0395947,7.042237e-06,-0.1547456,-0.1545353,-0.1552003,-0.155521,0
-0.3135643,-0.3992944,-9.889841,-0.009182703,-0.0121708,-0.001066764,46.91612,236.717,-236.3942,237.1572,-237.9657,0.02998162,-0.03962802,3.676615e-06,-0.1546436,-0.1544326,-0.1549311,-0.1554593,0
-0.2031628,-0.2973744,-9.738825,-0.007889286,-0.0108636,-0.000222747,47.01244,236.2219,-236.6186,236.7638,-238.1813,0.02999607,-0.0396624,-1.987783e-05,-0.1543201,-0.1545793,-0.1546741,-0.1556001,0
-0.06029462,-0.1654763,-9.541302,-0.006199701,-0.009230871,0.001109776,47.10875,236.0796,-235.7405,236.7583,-237.2935,0.03003005,-0.03967833,-2.56025e-05,-0.1542271,-0.1540056,-0.1546705,-0.1550201,0
0.05147758,-0.06210904,-9.371935,-0.005684824,-0.008366425,0.002011021,47.20506,235.3625,-235.5073,236.0881,-237.0799,0.03005581,-0.03970139,-3.77329e-05,-0.1537587,-0.1538532,-0.1542327,-0.1548806,0
0.2169841,0.09081674,-9.140769,-0.00426839,-0.006866574,0.003386286,47.30137,235.7585,-234.3672,236.611,-235.9317,0.03011148,-0.0396919,-2.140586e-05,-0.1540174,-0.1531084,-0.1545743,-0.1541305,0
0.1366845,0.01694687,-9.23398,-0.006126319,-0.008197364,0.002615953,47.39767,235.3181,-234.9288,236.0279,-236.5464,0.03014196,-0.03970383,-1.330535e-05,-0.1537296,-0.1534753,-0.1541934,-0.1545321,0
0.1099712,-0.007669228,-9.282686,-0.006307701,-0.008468335,0.002324973,47.49398,236.0555,-235.0111,236.7485,-236.6254,0.03017501,-0.03971213,-1.588003e-06,-0.1542114,-0.1535291,-0.1546641,-0.1545837,0
-0.02544391,-0.1326987,-9.472317,-0.007471251,-0.009614051,0.001185871,47.59028,236.1487,-235.5702,236.7419,-237.2079,0.03019887,-0.03972956,9.277412e-07,-0.1542722,-0.1538943,-0.1546598,-0.1549642,0
0.189808,0.066201,-9.203911,-0.005749993,-0.007739477,0.002742802,47.68657,236.2406,-235.9462,236.9888,-237.5639,0.03022655,-0.03974256,-2.197845e-06,-0.1543323,-0.15414,-0.1548211,-0.1551968,0
-0.1467306,-0.2447392,-9.64912,-0.00811196,-0.01020445,0.0002911279,47.78287,236.5103,-235.8457,237.0497,-237.5244,0.03021905,-0.03972929,1.962463e-06,-0.1545085,-0.1540743,-0.1548609,-0.155171,0
-0.002968825,-0.1119407,-9.462811,-0.006743401,-0.008772682,0.001298024,47.87916,236.4383,-236.0182,237.0969,-237.6843,0.03024758,-0.03974021,-5.260681e-06,-0.1544615,-0.154187,-0.1548917,-0.1552754,0
0.194136,0.07024232,-9.20513,-0.005372469,-0.00718836,0.002842278,47.97546,236.1264,-236.1105,236.9085,-237.7727,0.03027474,-0.03975295,-1.049404e-05,-0.1542577,-0.1542473,-0.1547686,-0.1553332,0
-0.1498089,-0.2475544,-9.649786,-0.00769619,-0.009710699,0.0003634616,48.07175,236.5102,-235.5692,237.0805,-237.2816,0.03029345,-0.03975776,-4.343526e-06,-0.1545085,-0.1538937,-0.154881,-0.1550124,0
-0.1699125,-0.2661187,-9.671692,-0.007705193,-0.009706037,0.0001410258,48.16804,236.0953,-235.9659,236.6624,-237.6972,0.03029479,-0.03974837,-1.665366e-05,-0.1542374,-0.1541529,-0.1546078,-0.1552839,0
-0.009060794,-0.1175096,-9.460135,-0.006179278,-0.00824688,0.001478958,48.26434,235.7852,-235.9275,236.476,-237.6425,0.03031969,-0.03976435,-2.770234e-05,-0.1540348,-0.1541278,-0.1544861,-0.1552481,0
-0.3515021,-0.4339605,-9.896149,-0.008257499,-0.01064696,-0.0009149571,48.36063,235.792,-235.301,236.2817,-237.0581,0.03034137,-0.03978591,-3.28935e-05,-0.1540393,-0.1537185,-0.1543591,-0.1548664,0
-0.1643228,-0.2610685,-9.636048,-0.00642139,-0.008788833,0.0005363025,48.45692,235.0068,-235.3116,235.6461,-237.0513,0.03036744,-0.0398032,-5.652413e-05,-0.1535263,-0.1537254,-0.1539439,-0.1548619,0
0.3252988,0.1913339,-8.977509,-0.002600501,-0.004670169,0.004453142,48.55321,234.9844,-234.0176,235.9677,-235.721,0.03043022,-0.03978201,-4.490001e-05,-0.1535116,-0.15288,-0.154154,-0.1539929,0
-0.2260649,-0.3177745,-9.675634,-0.007945112,-0.009715068,0.0002694323,48.64949,234.8005,-233.9777,235.3279,-235.7915,0.0304572,-0.03979376,-3.047781e-05,-0.1533915,-0.152854,-0.153736,-0.154039,0
0.08776886,-0.02777927,-9.273052,-0.005384794,-0.007136919,0.002426024,48.74577,234.9477,-234.3955,235.7006,-236.1715,0.03046876,-0.03976468,-3.692757e-05,-0.1534876,-0.1531269,-0.1539795,-0.1542872,0
-0.05544455,-0.1600121,-9.465719,-0.006497656,-0.008340755,0.001461383,48.84204,234.8608,-234.4538,235.5156,-236.2654,0.03047508,-0.03974466,-3.212555e-05,-0.1534309,-0.153165,-0.1538587,-0.1543485,0
0.1569144,0.03624317,-9.187404,-0.004822316,-0.006593343,0.002984197,48.9383,235.3163,-234.0343,236.1273,-235.8376,0.03049924,-0.03970382,-2.037326e-05,-0.1537285,-0.1528909,-0.1542583,-0.154069,0
-0.1257976,-0.224755,-9.559095,-0.007556121,-0.009286638,0.0007715455,49.03456,235.2656,-234.5272,235.844,-236.3843,0.03052842,-0.03971143,-1.036777e-05,-0.1536953,-0.153213,-0.1540732,-0.1544262,0
-0.05128953,-0.1558751,-9.475462,-0.006817822,-0.008680087,0.001206209,49.13081,235.285,-235.2408,235.921,-237.081,0.03054774,-0.03973045,-2.195272e-05,-0.153708,-0.1536791,-0.1541235,-0.1548813,0
0.3144094,0.1819614,-9.005143,-0.003559169,-0.005425091,0.004049443,49.22705,235.7605,-234.4958,236.6866,-236.2946,0.03060221,-0.03971498,-1.054352e-05,-0.1540187,-0.1531924,-0.1546237,-0.1543676,0
-0.03807218,-0.143451,-9.45824,-0.007184745,-0.008715274,0.001323567,49.3233,235.5639,-234.8693,236.1903,-236.7529,0.03062976,-0.03972418,5.340484e-07,-0.1538903,-0.1534365,-0.1542994,-0.154667,0
-0.1059102,-0.2061225,-9.559756,-0.007435674,-0.00912375,0.0006882756,49.41954,236.0009,-235.2742,236.6016,-237.1571,0.03065588,-0.03973364,-4.562702e-07,-0.1541757,-0.153701,-0.1545682,-0.154931,0
-0.2375043,-0.3277186,-9.742254,-0.00810587,-0.00996195,-0.0002735023,49.51577,235.5227,-235.9821,236.0521,-237.8802,0.03066362,-0.03976475,-2.134158e-05,-0.1538633,-0.1541634,-0.1542091,-0.1554035,0
-0.188586,-0.2827403,-9.675381,-0.006543883,-0.008736827,0.0003319469,49.612,235.9565,-234.8683,236.6084,-236.7482,0.03070613,-0.03976212,-2.0771e-05,-0.1541467,-0.1534358,-0.1545726,-0.1546639,0
-0.064041,-0.1675002,-9.492216,-0.006245244,-0.007910092,0.001258787,49.70824,235.2186,-234.8567,235.9153,-236.7667,0.03074396,-0.03976085,-2.23405e-05,-0.1536647,-0.1534282,-0.1541198,-0.154676,0
-0.0106442,-0.1180418,-9.416925,-0.006139762,-0.007617203,0.001683608,49.80447,235.388,-234.6154,236.1043,-236.5515,0.03074726,-0.03972149,-1.624842e-05,-0.1537753,-0.1532706,-0.1542433,-0.1545354,0
-0.09647729,-0.197253,-9.528591,-0.006885595,-0.008417717,0.0009859407,49.90069,235.3019,-234.7794,235.9542,-236.7532,0.03072827,-0.03967797,-1.983259e-05,-0.1537191,-0.1533777,-0.1541452,-0.1546672,0
-0.1008194,-0.201277,-9.535085,-0.006471231,-0.00835513,0.001002251,49.99691,235.2708,-234.7493,235.946,-236.714,0.03076058,-0.03968337,-2.372841e-05,-0.1536988,-0.1533581,-0.1541399,-0.1546416,0
-0.1068142,-0.2067683,-9.537855,-0.006399618,-0.008416047,0.00101353,50.09312,234.8833,-234.8474,235.556,-236.819,0.03078612,-0.03969827,-3.383974e-05,-0.1534456,-0.1534222,-0.1538851,-0.1547101,0
0.1807697,0.05893209,-9.154656,-0.003898642,-0.005919683,0.003267535,50.18933,235.1385,-233.9892,236.0319,-235.9326,0.0308389,-0.03968584,-2.68784e-05,-0.1536123,-0.1528615,-0.154196,-0.1541311,0
-0.1116084,-0.2109797,-9.524426,-0.006865527,-0.008695607,0.001043245,50.28554,234.9607,-234.0378,235.6067,-236.0498,0.03087531,-0.03968801,-1.478561e-05,-0.1534962,-0.1528932,-0.1539182,-0.1542076,0
-0.2235577,-0.3143364,-9.676852,-0.007734096,-0.009678974,7.885508e-05,50.38173,235.1862,-234.4734,235.7547,-236.4962,0.03090408,-0.03969672,-1.428662e-05,-0.1536435,-0.1531778,-0.1540149,-0.1544993,0
0.09380671,-0.0210632,-9.272596,-0.005255016,-0.007108142,0.002422941,50.47792,235.2601,-234.5744,236.0549,-236.5773,0.0309149,-0.03965911,-1.369158e-05,-0.1536917,-0.1532438,-0.154211,-0.1545523,0
0.3136472,0.1822205,-8.986889,-0.004076805,-0.005623496,0.004050484,50.57411,235.7139,-234.1328,236.6357,-236.1447,0.03095276,-0.03962019,9.167868e-06,-0.1539882,-0.1529553,-0.1545904,-0.1542697,0
-0.1013975,-0.2009853,-9.53604,-0.008100376,-0.009602533,0.0007199174,50.6703,235.7206,-235.1315,236.2985,-237.2151,0.03096887,-0.03963979,1.429156e-05,-0.1539926,-0.1536078,-0.1543701,-0.154969,0
-0.09497984,-0.1951618,-9.551523,-0.007223715,-0.009200347,0.0006941239,50.76647,236.1916,-235.5945,236.833,-237.6597,0.03096723,-0.03962475,6.06004e-06,-0.1543003,-0.1539102,-0.1547194,-0.1552594,0
0.1888136,0.0670419,-9.187434,-0.004832905,-0.006772736,0.002884355,50.86265,236.158,-235.4467,237.0152,-237.4919,0.03100196,-0.03961428,7.538713e-06,-0.1542784,-0.1538137,-0.1548383,-0.1551497,0
-0.2596869,-0.3472348,-9.76958,-0.008491746,-0.01053175,-0.0004466666,50.95882,236.2171,-235.5114,236.7547,-237.6383,0.03100299,-0.03961265,1.137546e-05,-0.154317,-0.153856,-0.1546681,-0.1552454,0
0.1910971,0.06923135,-9.185364,-0.004700788,-0.00677028,0.002828837,51.055,236.225,-235.6285,237.0939,-237.6974,0.03104158,-0.03961416,1.183287e-06,-0.1543221,-0.1539324,-0.1548898,-0.155284,0
-0.0514845,-0.1548003,-9.500132,-0.006714131,-0.008869948,0.001160218,51.15117,236.3825,-235.2497,237.0791,-237.368,0.03108059,-0.03961648,1.66057e-05,-0.154425,-0.153685,-0.1548801,-0.1550688,0
0.1337432,0.01648857,-9.258106,-0.005800664,-0.007692017,0.002342067,51.24734,236.1768,-235.8849,236.9638,-238.0011,0.03110586,-0.03963099,7.747573e-06,-0.1542906,-0.1540999,-0.1548047,-0.1554824,0
0.1094074,-0.006012999,-9.299438,-0.005627781,-0.007750717,0.002261295,51.34351,236.9263,-235.2654,237.7289,-237.3829,0.03115336,-0.03962395,2.550599e-05,-0.1547803,-0.1536952,-0.1553046,-0.1550786,0
0.0204008,-0.08802736,-9.416489,-0.007140189,-0.0089462,0.001390755,51.43969,236.4616,-236.2615,237.1468,-238.4219,0.03117223,-0.03964417,2.00749e-05,-0.1544767,-0.1543459,-0.1549243,-0.1557573,0
-0.1097463,-0.2083662,-9.602299,-0.007454077,-0.009664636,0.0004791421,51.53586,237.2448,-236.0256,237.8924,-238.185,0.03120353,-0.0396532,2.608062e-05,-0.1549883,-0.1541918,-0.1554114,-0.1556025,0
0.2349548,0.1102129,-9.154877,-0.005171628,-0.007021761,0.002946176,51.63203,237.3657,-235.9909,238.2367,-238.1355,0.03125384,-0.03964029,3.770058e-05,-0.1550673,-0.1541692,-0.1556363,-0.1555702,0
0.16902,0.04957554,-9.249397,-0.006776725,-0.008204062,0.002317796,51.72821,237.5352,-236.6194,238.2911,-238.8109,0.03128162,-0.03964759,5.178516e-05,-0.155178,-0.1545798,-0.1556719,-0.1560115,0
-0.1318133,-0.2283515,-9.664944,-0.008932055,-0.01063333,-9.279637e-05,51.82439,238.2259,-237.1949,238.789,-239.4152,0.03129532,-0.03966977,5.303352e-05,-0.1556292,-0.1549557,-0.1559971,-0.1564063,0
0.01983853,-0.08831827,-9.485625,-0.007272507,-0.009102936,0.0009874386,51.92057,238.1458,-237.82,238.8508,-240.017,0.03131527,-0.03968728,3.895088e-05,-0.155577,-0.1553641,-0.1560375,-0.1567993,0
-0.3565775,-0.4361881,-9.981004,-0.009640929,-0.01175625,-0.001646052,52.01677,238.1221,-237.785,238.6075,-240.0316,0.03132559,-0.039717,3.107071e-05,-0.1555615,-0.1553412,-0.1558785,-0.1568089,0
0.04753573,-0.06292953,-9.447012,-0.006049758,-0.008055075,0.001412409,52.11297,237.9377,-237.4402,238.7374,-239.6463,0.03135642,-0.03972536,1.501646e-05,-0.155441,-0.155116,-0.1559634,-0.1565572,0
0.02605347,-0.08271305,-9.460679,-0.006430916,-0.008252606,0.001440089,52.20917,237.4709,-237.0702,238.2413,-239.3105,0.03138303,-0.03973831,1.08199e-05,-0.155136,-0.1548743,-0.1556394,-0.1563379,0
0.0663574,-0.04545473,-9.394382,-0.006119219,-0.007877896,0.001781354,52.30539,237.598,-236.5123,238.3987,-238.7631,0.03141869,-0.0397403,1.3226e-05,-0.155219,-0.1545098,-0.1557422,-0.1559802,0
-0.007357065,-0.1134434,-9.483901,-0.007057079,-0.008708995,0.00120686,52.4016,237.3839,-236.6465,238.1086,-238.9266,0.03144708,-0.03974836,1.448631e-05,-0.1550792,-0.1545975,-0.1555526,-0.156087,0
-0.04321922,-0.1465295,-9.532914,-0.007359379,-0.009068221,0.0009215018,52.49783,237.4497,-236.8013,238.149,-239.1041,0.03143879,-0.03972699,1.184058e-05,-0.1551222,-0.1546986,-0.1555791,-0.156203,0
0.1175587,0.002027004,-9.325428,-0.005987186,-0.00775344,0.002134366,52.59406,237.5864,-236.62,238.4064,-238.9076,0.0314725,-0.0397305,1.253753e-05,-0.1552115,-0.1545801,-0.1557472,-0.1560746,0
-0.005331912,-0.1114208,-9.483868,-0.007171113,-0.008939998,0.001216182,52.69029,237.566,-236.6751,238.2863,-238.994,0.03150006,-0.03974055,1.68447e-05,-0.1551982,-0.1546161,-0.1556687,-0.1561311,0
-0.2694365,-0.3554249,-9.832284,-0.009044099,-0.01103817,-0.0007942144,52.78653,237.5157,-237.0905,238.0653,-239.4541,0.03147981,-0.03973182,7.5492e-06,-0.1551654,-0.1548875,-0.1555244,-0.1564316,0
-0.1234754,-0.2206924,-9.644857,-0.00719393,-0.009484733,0.0003830845,52.88277,237.0277,-237.3419,237.719,-239.6754,0.03149051,-0.03976381,-2.091806e-05,-0.1548465,-0.1550518,-0.1552981,-0.1565762,0
-0.03205477,-0.1363941,-9.510173,-0.005616669,-0.008191559,0.001393514,52.97902,236.9929,-236.0616,237.8083,-238.3837,0.03153064,-0.03976921,-2.388654e-05,-0.1548238,-0.1542154,-0.1553564,-0.1557323,0
-0.2841686,-0.3692284,-9.810269,-0.007920265,-0.01035451,-0.0004235398,53.07527,236.2994,-235.8183,236.9147,-238.2024,0.03155625,-0.0397877,-2.935372e-05,-0.1543707,-0.1540564,-0.1547727,-0.1556139,0
0.1064763,-0.008275364,-9.288369,-0.004903333,-0.007203306,0.002534764,53.17152,235.933,-235.655,236.8115,-237.9988,0.03158972,-0.03979756,-4.21598e-05,-0.1541314,-0.1539497,-0.1547053,-0.1554809,0
-0.05656948,-0.1588739,-9.488029,-0.00613685,-0.008529754,0.001496952,53.26777,236.1611,-234.6722,236.9313,-237.0489,0.03163341,-0.03979766,-2.70675e-05,-0.1542804,-0.1533077,-0.1547835,-0.1548603,0
0.01804208,-0.08975326,-9.379143,-0.006269443,-0.00832429,0.001883619,53.36402,235.7455,-235.1083,236.5183,-237.5043,0.0316566,-0.03979879,-2.934898e-05,-0.1540088,-0.1535926,-0.1545137,-0.1551579,0
-0.03748296,-0.141011,-9.45763,-0.006639799,-0.008813796,0.001510396,53.46027,235.8159,-235.2442,236.553,-237.6532,0.03166088,-0.03979423,-3.102936e-05,-0.1540549,-0.1536814,-0.1545364,-0.1552551,0
-0.03052319,-0.1346134,-9.448052,-0.006239003,-0.008587141,0.001588093,53.55652,236.1049,-234.8009,236.8743,-237.2088,0.03169169,-0.03979013,-2.5449e-05,-0.1542436,-0.1533918,-0.1547463,-0.1549648,0
-0.3047792,-0.3879181,-9.802021,-0.008566392,-0.01091586,-0.0004933918,53.65276,235.5567,-235.3981,236.1212,-237.8603,0.03168591,-0.03979826,-3.571547e-05,-0.1538855,-0.1537819,-0.1542543,-0.1553904,0
0.2832204,0.1552651,-9.035053,-0.003533671,-0.005867996,0.003976724,53.74901,235.7979,-234.7774,236.8035,-237.1615,0.03173426,-0.0397931,-3.696057e-05,-0.1540431,-0.1533764,-0.1547001,-0.1549339,0
0.057813,-0.05279325,-9.316836,-0.006025857,-0.008076472,0.002346844,53.84525,235.9716,-234.168,236.7796,-236.6185,0.03178133,-0.03978722,-9.617217e-06,-0.1541566,-0.1529783,-0.1546844,-0.1545792,0
0.08371953,-0.02862184,-9.28641,-0.006750382,-0.008419408,0.002224035,53.94149,235.8472,-235.2367,236.6093,-237.7057,0.03180224,-0.03980379,-1.106274e-05,-0.1540753,-0.1536765,-0.1545731,-0.1552895,0
-0.2965097,-0.3800092,-9.804741,-0.009001572,-0.01118717,-0.0005698057,54.03773,236.3344,-235.5048,236.8841,-238.0102,0.03178206,-0.03979332,-1.231891e-05,-0.1543936,-0.1538516,-0.1547527,-0.1554884,0
-0.1713363,-0.2644834,-9.645703,-0.007383925,-0.009722205,0.0003650283,54.13396,236.045,-235.7107,236.7281,-238.2002,0.03178492,-0.0397951,-2.987099e-05,-0.1542046,-0.1539861,-0.1546508,-0.1556125,0
-0.1108632,-0.2086752,-9.558649,-0.006516507,-0.008942613,0.001025256,54.23019,235.6908,-235.3051,236.4416,-237.7937,0.03181139,-0.03981304,-3.884683e-05,-0.1539731,-0.1537212,-0.1544636,-0.1553469,0
-0.05053513,-0.1529476,-9.461814,-0.005937095,-0.008278635,0.001587061,54.32643,235.5449,-234.5911,236.3466,-237.088,0.03184708,-0.03982107,-4.020643e-05,-0.1538778,-0.1532547,-0.1544016,-0.1548859,0
0.04969409,-0.06024444,-9.315259,-0.005520272,-0.007600775,0.002359458,54.42266,235.4215,-234.1612,236.2719,-236.6699,0.03189163,-0.03981732,-3.129945e-05,-0.1537972,-0.1529739,-0.1543528,-0.1546128,0
-0.01161715,-0.1166991,-9.390303,-0.006698026,-0.008512218,0.001818223,54.51889,235.4576,-234.3077,236.2195,-236.8475,0.03192563,-0.03982135,-1.949193e-05,-0.1538208,-0.1530696,-0.1543185,-0.1547288,0
-0.09992025,-0.1981947,-9.515059,-0.007574615,-0.00938761,0.001033942,54.61511,235.741,-234.6798,236.4296,-237.2325,0.03194997,-0.03983438,-1.537845e-05,-0.1540059,-0.1533127,-0.1544558,-0.1549803,0
0.1089037,-0.005233042,-9.253593,-0.005948802,-0.007653222,0.0025317,54.71133,236.1099,-234.6761,236.9515,-237.2076,0.03199004,-0.03983046,-5.78984e-06,-0.1542469,-0.1533103,-0.1547967,-0.154964,0
0.07084833,-0.040218,-9.3099,-0.006943487,-0.008282678,0.002145187,54.80754,235.9189,-235.3518,236.6898,-237.9158,0.03200828,-0.03984723,-4.671797e-06,-0.1541222,-0.1537517,-0.1546257,-0.1554267,0
-0.2137342,-0.3032419,-9.693939,-0.008577847,-0.01019732,2.453761e-05,54.90376,236.4622,-235.3318,237.0832,-237.9321,0.03199156,-0.03982976,-4.668295e-06,-0.1544771,-0.1537386,-0.1548828,-0.1554374,0
0.4577603,0.3171709,-8.819562,-0.003446545,-0.004651977,0.004984175,54.99997,236.0292,-235.5343,237.1155,-238.0772,0.03200986,-0.03980727,-1.553704e-05,-0.1541942,-0.1538709,-0.1549039,-0.1555322,0
-0.1486848,-0.2430687,-9.606578,-0.008226532,-0.009632074,0.0006418969,55.09618,236.6396,-234.779,237.3087,-237.4124,0.03204039,-0.03981106,1.218253e-05,-0.154593,-0.1533775,-0.1550301,-0.1550978,0
0.00656844,-0.0995168,-9.406278,-0.007467311,-0.00861484,0.001457055,55.1924,236.3344,-235.8441,237.0794,-238.4702,0.0320551,-0.03982756,-1.678458e-06,-0.1543936,-0.1540733,-0.1548803,-0.1557889,0
-0.3705186,-0.4480345,-9.914211,-0.009598169,-0.01126998,-0.001169253,55.28861,236.5797,-235.8807,237.1175,-238.5342,0.0320655,-0.03985244,-5.022887e-06,-0.1545538,-0.1540972,-0.1549052,-0.1558307,0
0.2365238,0.1127611,-9.116957,-0.004694063,-0.006055209,0.003350126,55.38482,236.0444,-235.8933,237.016,-238.4854,0.03209033,-0.03986268,-2.756684e-05,-0.1542041,-0.1541054,-0.1548388,-0.1557988,0
-0.1125679,-0.209804,-9.558828,-0.007154547,-0.008610042,0.001046914,55.48104,236.2003,-234.8081,236.9543,-237.4641,0.032113,-0.03985848,-1.540606e-05,-0.154306,-0.1533965,-0.1547986,-0.1551315,0
0.09619299,-0.0168222,-9.269506,-0.006028058,-0.007072405,0.002452323,55.57725,235.6511,-235.0875,236.5199,-237.764,0.03209142,-0.03981263,-2.5638e-05,-0.1539472,-0.153579,-0.1545148,-0.1553275,0
0.2031579,0.08205333,-9.128922,-0.005198996,-0.00632757,0.003374733,55.67346,235.8898,-234.6189,236.8315,-237.287,0.03212875,-0.03980733,-1.430436e-05,-0.1541031,-0.1532729,-0.1547183,-0.1550159,0
-0.02867894,-0.1320065,-9.427433,-0.007417458,-0.008548354,0.001538018,55.76967,236.0799,-234.6471,236.8334,-237.3588,0.03215548,-0.03981208,-2.591733e-06,-0.1542273,-0.1532913,-0.1547196,-0.1550628,0
-0.2148215,-0.3039514,-9.680373,-0.008807561,-0.01012275,2.51907e-05,55.86588,236.0785,-235.3615,236.7055,-238.0937,0.03216065,-0.03982317,-8.238281e-06,-0.1542264,-0.153758,-0.154636,-0.1555429,0
-0.1551064,-0.2488712,-9.61258,-0.007786184,-0.009326883,0.0005302831,55.96208,235.8047,-235.7462,236.5081,-238.468,0.03215031,-0.03983004,-2.832578e-05,-0.1540476,-0.1540093,-0.1545071,-0.1557874,0
0.2367228,0.1130259,-9.093299,-0.004170964,-0.005726306,0.003665135,56.05828,235.9303,-234.6495,236.9493,-237.3283,0.03219383,-0.03982294,-2.712207e-05,-0.1541296,-0.1532929,-0.1547953,-0.1550429,0
0.05410981,-0.05550293,-9.3104,-0.006400527,-0.007575418,0.0023195,56.1545,235.6826,-234.3045,236.5258,-237.0496,0.03222869,-0.03982145,-1.249521e-05,-0.1539678,-0.1530675,-0.1545186,-0.1548608,0
-0.09962072,-0.1974181,-9.51126,-0.007972977,-0.009090208,0.001018228,56.25069,235.6936,-234.8753,236.4025,-237.6476,0.03224444,-0.03983691,-1.37752e-05,-0.153975,-0.1534404,-0.1544381,-0.1552514,0
-0.2159715,-0.3049922,-9.674539,-0.00833254,-0.009776397,0.0001738134,56.34689,235.8552,-235.0263,236.5198,-237.7976,0.03226028,-0.03985442,-1.97613e-05,-0.1540805,-0.1535391,-0.1545147,-0.1553495,0
0.006278887,-0.09969521,-9.382859,-0.006378143,-0.007736303,0.001889724,56.44309,235.6153,-234.9122,236.4523,-237.6641,0.03228613,-0.03986233,-2.790338e-05,-0.1539238,-0.1534645,-0.1544706,-0.1552623,0
-0.172379,-0.2647514,-9.606829,-0.007738414,-0.009051002,0.0006758686,56.53928,235.7155,-234.3639,236.4371,-237.1543,0.03231505,-0.03986614,-1.939407e-05,-0.1539893,-0.1531063,-0.1544607,-0.1549292,0
-0.06070557,-0.1614859,-9.454292,-0.007247149,-0.008263423,0.001408945,56.63548,235.4406,-234.6207,236.2161,-237.4174,0.03233821,-0.03987293,-2.36035e-05,-0.1538097,-0.153274,-0.1543163,-0.1551011,0
-0.1297571,-0.2252697,-9.546249,-0.007718437,-0.008754198,0.0009571963,56.73166,235.2887,-234.7507,236.0188,-237.5609,0.0323512,-0.03989092,-3.09344e-05,-0.1537104,-0.153359,-0.1541874,-0.1551948,0
-0.4902154,-0.5584508,-10.01238,-0.009721958,-0.01113508,-0.001615414,56.82785,235.421,-234.3022,235.9588,-237.1452,0.03236702,-0.03990725,-3.541621e-05,-0.1537969,-0.153066,-0.1541482,-0.1549233,0
-0.04373513,-0.1459575,-9.417357,-0.006233386,-0.00731362,0.001746217,56.92403,234.6373,-234.3772,235.4865,-237.1819,0.03239326,-0.03991146,-5.324273e-05,-0.1532849,-0.153115,-0.1538396,-0.1549473,0
0.03967834,-0.0688377,-9.293582,-0.005769585,-0.006608792,0.002595226,57.02021,234.9125,-233.1938,235.8143,-236.0138,0.03243665,-0.03989679,-3.411842e-05,-0.1534647,-0.1523419,-0.1540538,-0.1541841,0
0.08380444,-0.02781993,-9.222725,-0.006510248,-0.006786698,0.002717477,57.11637,234.9083,-233.2386,235.7729,-236.0928,0.03247148,-0.03988522,-1.905726e-05,-0.1534619,-0.1523711,-0.1540268,-0.1542358,0
-0.07314977,-0.1726727,-9.439442,-0.008243139,-0.00841838,0.001394632,57.21254,234.9976,-234.0616,235.7184,-236.9432,0.03248494,-0.03989372,-1.470732e-05,-0.1535203,-0.1529088,-0.1539912,-0.1547913,0
0.1463161,0.03007683,-9.170055,-0.006333302,-0.006500239,0.00296828,57.30869,235.6991,-233.9471,236.5956,-236.797,0.03251895,-0.03988067,-1.913084e-06,-0.1539786,-0.152834,-0.1545642,-0.1546958,0
0.007889034,-0.09764911,-9.359411,-0.008099859,-0.007927954,0.001804116,57.40484,235.94,-234.3119,236.7053,-237.2083,0.03254328,-0.03987461,1.627111e-05,-0.1541359,-0.1530723,-0.1546359,-0.1549645,0
0.1329675,0.01803081,-9.214772,-0.007612606,-0.007127206,0.002512336,57.50099,236.2644,-235.1232,237.0908,-238.0188,0.03255763,-0.03987579,2.020148e-05,-0.1543479,-0.1536023,-0.1548877,-0.155494,0
-0.01471816,-0.1184302,-9.429065,-0.008602735,-0.00817756,0.001368604,57.59714,236.6079,-235.5758,237.3492,-238.4911,0.03256332,-0.03988666,2.043816e-05,-0.1545723,-0.153898,-0.1550566,-0.1558025,0
0.2590726,0.134472,-9.081577,-0.006276127,-0.005666005,0.003378916,57.69328,236.8589,-235.5414,237.818,-238.4478,0.03255301,-0.03984004,2.187419e-05,-0.1547362,-0.1538755,-0.1553628,-0.1557743,0
-0.278394,-0.3620567,-9.785949,-0.01056212,-0.01003004,-0.0006109303,57.78943,236.8615,-235.8513,237.4476,-238.8497,0.03253297,-0.03983245,2.588466e-05,-0.1547379,-0.154078,-0.1551208,-0.1560368,0
-0.1676279,-0.259845,-9.649088,-0.009058872,-0.008799156,0.0001447194,57.88557,236.9037,-236.1767,237.6091,-239.1472,0.03253852,-0.03984247,9.884428e-06,-0.1547655,-0.1542906,-0.1552263,-0.1562311,0
-0.0730651,-0.1725512,-9.524733,-0.007939417,-0.00777936,0.001028206,57.98172,236.5,-236.0387,237.2957,-239.0057,0.03254777,-0.03985196,-3.122639e-06,-0.1545018,-0.1542004,-0.1550215,-0.1561387,0
-0.01998223,-0.1235661,-9.440575,-0.007271416,-0.007104512,0.001573762,58.07788,236.4323,-235.3013,237.2847,-238.2774,0.03256809,-0.03985051,-5.999898e-06,-0.1544575,-0.1537187,-0.1550144,-0.1556629,0
-0.1761876,-0.2678515,-9.628622,-0.008593456,-0.008394016,0.0004594518,58.17403,236.0469,-235.1534,236.7832,-238.1689,0.03258128,-0.03985543,-1.053924e-05,-0.1542057,-0.1536221,-0.1546868,-0.155592,0
-0.133996,-0.2288844,-9.565482,-0.008116869,-0.007982617,0.0008290904,58.27019,235.7303,-235.1477,236.5018,-238.1633,0.0325919,-0.03986332,-2.210835e-05,-0.153999,-0.1536183,-0.1545029,-0.1555884,0
-0.4223769,-0.4954166,-9.932825,-0.009791754,-0.01001608,-0.001158763,58.36634,235.5698,-234.7427,236.1767,-237.7902,0.03259891,-0.03987736,-3.083857e-05,-0.1538941,-0.1533538,-0.1542905,-0.1553446,0
-0.08873595,-0.1872255,-9.481408,-0.006907,-0.007065208,0.001417502,58.4625,234.9766,-234.4357,235.8319,-237.4506,0.03261911,-0.03987834,-4.813652e-05,-0.1535065,-0.1531532,-0.1540653,-0.1551228,0
0.3636384,0.2308228,-8.870232,-0.003808793,-0.003555763,0.004987191,58.55865,235.024,-233.1828,236.1712,-236.1772,0.03267065,-0.03984557,-2.906716e-05,-0.1535375,-0.1523347,-0.154287,-0.1542909,0
0.08527765,-0.02600195,-9.218109,-0.007456598,-0.006714369,0.002734317,58.65479,235.0491,-233.3114,235.9048,-236.3896,0.03269407,-0.03983664,-6.071358e-06,-0.1535539,-0.1524187,-0.1541129,-0.1544296,0
0.0475103,-0.06078563,-9.284826,-0.00801374,-0.007352076,0.00219089,58.75093,235.7634,-233.8817,236.5786,-236.9585,0.03271639,-0.03982649,8.551295e-06,-0.1540205,-0.1527912,-0.1545531,-0.1548013,0
0.1282783,0.013969,-9.203444,-0.007815406,-0.007045692,0.002619614,58.84706,235.7893,-234.9441,236.6332,-238.0197,0.03272451,-0.03983142,9.716078e-06,-0.1540375,-0.1534853,-0.1545888,-0.1554946,0
0.07140422,-0.038624,-9.297814,-0.007943694,-0.00732043,0.002181155,58.94319,236.4958,-234.9385,237.3301,-238.0181,0.03273733,-0.03983292,1.758395e-05,-0.154499,-0.1534817,-0.1550441,-0.1554935,0
0.07377519,-0.03642223,-9.303075,-0.007993,-0.007229061,0.002100932,59.03931,236.6588,-235.1615,237.5018,-238.2571,0.03275423,-0.03982871,2.278565e-05,-0.1546055,-0.1536274,-0.1551563,-0.1556497,0
-0.076184,-0.1749243,-9.507834,-0.009355169,-0.008490609,0.0009277075,59.13544,236.7981,-235.5961,237.5321,-238.7267,0.03276205,-0.03983197,2.791923e-05,-0.1546965,-0.1539113,-0.155176,-0.1559564,0
-0.01701378,-0.1202678,-9.442425,-0.008840235,-0.007930205,0.00129436,59.23157,237.0537,-235.8684,237.8388,-239.0028,0.03276073,-0.03982624,2.650027e-05,-0.1548635,-0.1540892,-0.1553764,-0.1561368,0
-0.1303642,-0.2250327,-9.597843,-0.009523165,-0.008693269,0.0004646833,59.3277,237.015,-236.0929,237.7414,-239.2684,0.03271445,-0.03978749,1.95432e-05,-0.1548382,-0.1542358,-0.1553127,-0.1563103,0
-0.07350346,-0.172599,-9.523721,-0.008591549,-0.00798499,0.0009568986,59.42383,236.8549,-236.0724,237.6526,-239.2401,0.03271929,-0.03979623,7.357846e-06,-0.1547336,-0.1542225,-0.1552547,-0.1562918,0
-0.07306171,-0.1722561,-9.514659,-0.008261775,-0.007814948,0.00110059,59.51997,236.7906,-235.5617,237.612,-238.7383,0.03273523,-0.03979533,6.609185e-06,-0.1546916,-0.1538888,-0.1552282,-0.155964,0
-0.05329625,-0.1539388,-9.477328,-0.008349424,-0.00780969,0.001256854,59.61611,236.454,-235.547,237.2706,-238.7432,0.03274481,-0.03980058,1.264532e-06,-0.1544717,-0.1538792,-0.1550052,-0.1559672,0
-0.2425508,-0.3288347,-9.720028,-0.009530587,-0.009257596,-7.901213e-05,59.71225,236.3162,-235.4972,237.0164,-238.7174,0.03274578,-0.03981655,-8.396699e-06,-0.1543817,-0.1538467,-0.1548391,-0.1559504,0
0.1070096,-0.005946462,-9.25546,-0.006482405,-0.006228116,0.002617054,59.80839,236.4609,-234.7253,237.431,-237.909,0.03278022,-0.03979832,-3.463161e-06,-0.1544762,-0.1533424,-0.15511,-0.1554222,0
-0.03934637,-0.1409326,-9.434775,-0.008632634,-0.008033433,0.00149206,59.90453,236.1297,-234.9187,236.9298,-238.1634,0.03279396,-0.03979911,6.78471e-06,-0.1542598,-0.1534688,-0.1547826,-0.1555884,0
0.1212115,0.007470924,-9.232473,-0.007578698,-0.006957791,0.002556553,60.00067,236.6576,-234.9782,237.5569,-238.2075,0.03281199,-0.03979437,1.375254e-05,-0.1546047,-0.1535076,-0.1551922,-0.1556172,0
-0.09049661,-0.1880599,-9.519125,-0.00941185,-0.008887122,0.0009102926,60.09681,236.6399,-235.5021,237.3799,-238.7668,0.03281493,-0.0398063,1.464532e-05,-0.1545931,-0.1538498,-0.1550766,-0.1559826,0
0.2315663,0.1094664,-9.108036,-0.006781515,-0.006203224,0.003271545,60.19296,236.8211,-235.6181,237.7987,-238.8581,0.03280526,-0.03977705,1.229385e-05,-0.1547115,-0.1539257,-0.1553502,-0.1560423,0
-0.07666225,-0.1752795,-9.513043,-0.009244187,-0.008784872,0.001021255,60.2891,236.9701,-235.5648,237.7328,-238.8572,0.03281133,-0.03978694,1.960341e-05,-0.1548089,-0.1538908,-0.1553071,-0.1560417,0
-0.05602138,-0.1562471,-9.489377,-0.008908323,-0.008552693,0.001077586,60.38525,237.0673,-235.7966,237.8601,-239.1002,0.03279049,-0.03976296,1.510281e-05,-0.1548724,-0.1540423,-0.1553903,-0.1562004,0
0.01002607,-0.09522842,-9.407435,-0.008337479,-0.00806359,0.001613916,60.48139,236.8334,-236.0465,237.6734,-239.35,0.03279544,-0.03977548,7.864227e-06,-0.1547196,-0.1542055,-0.1552683,-0.1563636,0
-0.01028988,-0.1140591,-9.431963,-0.008194993,-0.00811241,0.001543498,60.57755,237.018,-235.646,237.8646,-238.956,0.03280704,-0.03978315,7.85059e-06,-0.1548402,-0.1539439,-0.1553932,-0.1561062,0
-0.1260201,-0.2209902,-9.576792,-0.009064254,-0.009056093,0.0006853836,60.67369,236.8299,-235.649,237.5985,-238.9855,0.03281544,-0.03979434,4.362136e-06,-0.1547173,-0.1539458,-0.1552194,-0.1561255,0
-0.06140254,-0.1613069,-9.489563,-0.008487399,-0.008518586,0.001200889,60.76986,236.6336,-235.7214,237.4502,-239.0581,0.03282356,-0.03980625,-2.831212e-06,-0.1545891,-0.1539931,-0.1551225,-0.1561729,0
-0.1067701,-0.2032608,-9.544481,-0.008655887,-0.008802807,0.0009494586,60.86601,236.5858,-235.4553,237.382,-238.805,0.03283186,-0.03981936,-6.747389e-06,-0.1545578,-0.1538193,-0.155078,-0.1560076,0
-0.01180731,-0.1155481,-9.412329,-0.00784453,-0.007973866,0.001697341,60.96217,236.463,-235.1738,237.3307,-238.5237,0.0328478,-0.03982464,-9.51477e-06,-0.1544776,-0.1536354,-0.1550444,-0.1558238,0
0.0212115,-0.08498903,-9.361416,-0.007843858,-0.007853869,0.001979442,61.05834,236.3229,-235.0303,237.1974,-238.3996,0.03285564,-0.03982,-6.635355e-06,-0.1543861,-0.1535417,-0.1549574,-0.1557427,0
-0.1100469,-0.2062225,-9.530166,-0.008998914,-0.00904849,0.0009790584,61.1545,236.3692,-235.0578,237.1442,-238.4646,0.03283661,-0.03980312,-5.223846e-06,-0.1544163,-0.1535596,-0.1549226,-0.1557852,0
-0.001890019,-0.1063119,-9.390841,-0.008030167,-0.008206182,0.001760976,61.25066,236.1895,-235.2803,237.0442,-238.6814,0.03282438,-0.03979844,-1.500953e-05,-0.1542989,-0.153705,-0.1548572,-0.1559268,0
-0.1353218,-0.2296683,-9.562533,-0.008631669,-0.00914978,0.000892278,61.34682,236.5012,-234.6768,237.2945,-238.0911,0.03284506,-0.03980155,-5.5716e-06,-0.1545025,-0.1533107,-0.1550208,-0.1555412,0
0.01282905,-0.09267494,-9.362709,-0.008037616,-0.008298096,0.001880414,61.44299,236.0462,-235.141,236.9013,-238.5616,0.03285515,-0.0398142,-1.126826e-05,-0.1542053,-0.153614,-0.154764,-0.1558486,0
-0.06109969,-0.161004,-9.463457,-0.008430064,-0.008873028,0.001403061,61.53915,236.4058,-234.8626,237.2224,-238.2958,0.03286008,-0.03981672,-6.00238e-06,-0.1544402,-0.1534321,-0.1549737,-0.1556749,0
-0.1978063,-0.2873179,-9.640444,-0.009449773,-0.009975342,0.0003305897,61.63531,236.1786,-235.1269,236.9045,-238.6018,0.03281957,-0.03979177,-1.395716e-05,-0.1542918,-0.1536047,-0.154766,-0.1558748,0
0.2982185,0.170928,-8.992357,-0.005447325,-0.005935465,0.004089335,61.73148,236.1839,-234.8097,237.2632,-238.2281,0.03284801,-0.03978841,-1.386321e-05,-0.1542953,-0.1533975,-0.1550003,-0.1556308,0
0.1277906,0.01362257,-9.207472,-0.007431216,-0.007782162,0.002840779,61.82763,236.5551,-234.2982,237.476,-237.7686,0.03287587,-0.03978479,1.273189e-05,-0.1545378,-0.1530633,-0.1551394,-0.1553306,0
0.1888813,0.070261,-9.134995,-0.007826394,-0.007904477,0.002978599,61.9238,236.7336,-235.1374,237.6375,-238.6207,0.0328883,-0.03979364,1.996197e-05,-0.1546544,-0.1536116,-0.1552449,-0.1558872,0
0.001807457,-0.1025667,-9.40402,-0.009215397,-0.009544324,0.0015029,62.01996,237.1913,-235.7832,237.9701,-239.2819,0.03289038,-0.03981489,2.46118e-05,-0.1549534,-0.1540335,-0.1554621,-0.1563192,0
0.09155682,-0.01972014,-9.303375,-0.00824009,-0.008647009,0.002095121,62.11612,237.497,-236.0747,238.3624,-239.5644,0.03288987,-0.03982086,2.300066e-05,-0.1551531,-0.1542239,-0.1557184,-0.1565037,0
-0.2521033,-0.3372982,-9.75993,-0.01066181,-0.01124334,-0.0004375013,62.21229,237.5517,-236.325,238.2015,-239.8742,0.03285792,-0.03981767,2.080075e-05,-0.1551888,-0.1543874,-0.1556133,-0.1567061,0
0.1281487,0.01392341,-9.266826,-0.007406863,-0.007950012,0.00238112,62.30846,237.4672,-236.3847,238.4029,-239.8984,0.03284964,-0.03980897,9.523411e-06,-0.1551336,-0.1544264,-0.1557449,-0.1567219,0
-0.1700738,-0.2616345,-9.65201,-0.00960438,-0.0103554,0.0003058938,62.40464,237.3307,-236.1903,238.0643,-239.7519,0.03285043,-0.03983612,7.873894e-06,-0.1550444,-0.1542994,-0.1555237,-0.1566262,0
0.05405499,-0.05465139,-9.352513,-0.007565781,-0.008350463,0.001969201,62.50082,237.4338,-235.8149,238.3441,-239.3522,0.03287055,-0.03984298,4.933861e-06,-0.1551118,-0.1540542,-0.1557065,-0.1563651,0
-0.06557953,-0.1651019,-9.502415,-0.00890806,-0.009577799,0.001120829,62.59701,236.993,-236.0447,237.7913,-239.6369,0.03283696,-0.03982457,2.198328e-06,-0.1548239,-0.1542043,-0.1553454,-0.156551,0
0.1217496,0.007921748,-9.257046,-0.007246756,-0.008024409,0.002529378,62.6932,237.4725,-235.5269,238.4166,-239.107,0.03283235,-0.03979801,9.061547e-06,-0.1551371,-0.1538661,-0.1557538,-0.1562049,0
0.1118414,-0.001097022,-9.268209,-0.007901674,-0.008611922,0.002375974,62.78939,237.1065,-235.9904,237.9983,-239.6008,0.03281999,-0.03979703,7.944507e-06,-0.154898,-0.1541688,-0.1554806,-0.1565274,0
0.08274629,-0.02802392,-9.312782,-0.007841321,-0.00889782,0.002165398,62.88559,237.7223,-235.7126,238.6138,-239.329,0.03281071,-0.0397755,1.860065e-05,-0.1553003,-0.1539874,-0.1558827,-0.1563499,0
-0.0278414,-0.13012,-9.461939,-0.009014524,-0.01014737,0.001215825,62.98179,237.5671,-236.3173,238.3558,-239.9577,0.03281634,-0.03980082,1.763261e-05,-0.1551989,-0.1543824,-0.1557142,-0.1567606,0
0.00872989,-0.09639419,-9.425486,-0.008427537,-0.009821493,0.001483324,63.078,237.6713,-236.6345,238.5018,-240.2734,0.03279151,-0.03980209,8.74432e-06,-0.155267,-0.1545896,-0.1558095,-0.1569669,0
-0.2357168,-0.3223912,-9.746728,-0.00964824,-0.0114948,-0.0002319762,63.17421,237.5442,-236.5967,238.2454,-240.2555,0.03278884,-0.03984299,-5.162553e-06,-0.1551839,-0.154565,-0.155642,-0.1569552,0
0.2381719,0.115304,-9.117831,-0.005526936,-0.007347152,0.003422082,63.27043,237.4937,-235.8397,238.5559,-239.4459,0.03282332,-0.03984641,-7.019003e-06,-0.1551509,-0.1540704,-0.1558448,-0.1564263,0
0.03303307,-0.07404083,-9.369632,-0.00804249,-0.009537737,0.001936613,63.36666,237.0149,-235.9036,237.8682,-239.5774,0.03283268,-0.03987418,-2.479756e-06,-0.1548381,-0.1541122,-0.1553956,-0.1565122,0
-0.08097383,-0.179448,-9.51945,-0.008601937,-0.01035495,0.00103117,63.46289,237.5282,-235.6893,238.3232,-239.3701,0.0328372,-0.03988838,-1.307405e-06,-0.1551735,-0.1539721,-0.1556928,-0.1563767,0
-0.1735636,-0.2650207,-9.642071,-0.009229228,-0.01109231,0.0003278904,63.55912,237.2014,-236.0513,237.9391,-239.7653,0.03280015,-0.03986706,-7.811126e-06,-0.15496,-0.1542086,-0.1554419,-0.1566349,0
0.2575966,0.1333245,-9.079101,-0.005915862,-0.007686081,0.003586064,63.65536,237.1543,-235.921,238.1838,-239.5888,0.03282239,-0.03988288,-1.05245e-05,-0.1549292,-0.1541235,-0.1556018,-0.1565196,0
0.1252554,0.0111133,-9.247475,-0.007232178,-0.008993831,0.002642411,63.7516,237.5218,-235.3773,238.4406,-239.0789,0.03284597,-0.03989793,5.812262e-06,-0.1551693,-0.1537683,-0.1557695,-0.1561866,0
-0.03678215,-0.1385227,-9.460532,-0.008865854,-0.01057398,0.00124755,63.84785,237.611,-235.8808,238.3925,-239.6128,0.0328593,-0.03992116,1.064614e-05,-0.1552275,-0.1540973,-0.1557381,-0.1565353,0
0.192839,0.07365392,-9.175459,-0.007268994,-0.008859692,0.002878157,63.9441,237.7534,-236.3895,238.6814,-240.0974,0.03287526,-0.03994115,1.207378e-05,-0.1553206,-0.1544296,-0.1559268,-0.1568519,0
-0.1202477,-0.2156262,-9.595476,-0.009674644,-0.01137703,0.0005385166,64.04035,238.2335,-236.4156,238.9493,-240.1664,0.03288155,-0.03997166,2.071729e-05,-0.1556342,-0.1544466,-0.1561019,-0.156897,0
-0.4482308,-0.5187829,-10.03286,-0.01175062,-0.01369221,-0.002006198,64.13661,237.844,-237.3611,238.3619,-241.154,0.03283289,-0.03999804,-6.249847e-06,-0.1553798,-0.1550643,-0.1557181,-0.1575422,0
-0.1347553,-0.2295046,-9.625505,-0.007941029,-0.01022075,0.0006079406,64.23288,237.4162,-237.0222,238.2402,-240.7531,0.0328368,-0.04003634,-3.698825e-05,-0.1551003,-0.1548429,-0.1556386,-0.1572802,0
0.06913099,-0.04126147,-9.329484,-0.006041426,-0.008132305,0.002479741,64.32916,237.1919,-235.3661,238.184,-239.0982,0.03287265,-0.04004209,-3.181423e-05,-0.1549538,-0.153761,-0.1556019,-0.1561991,0
-0.01835444,-0.1219032,-9.411895,-0.007761352,-0.009298507,0.001787743,64.42544,236.6448,-235.143,237.5056,-238.9458,0.03286176,-0.04002717,-2.743063e-05,-0.1545964,-0.1536153,-0.1551587,-0.1560996,0
-0.1221384,-0.2177669,-9.544497,-0.008629482,-0.01029648,0.000975274,64.52173,236.8966,-235.0912,237.6758,-238.9026,0.03287929,-0.04004489,-2.152019e-05,-0.1547609,-0.1535814,-0.1552699,-0.1560713,0
-0.030831,-0.1333659,-9.428609,-0.008094712,-0.009745685,0.001584955,64.61801,236.8438,-235.3555,237.6699,-239.1584,0.03289619,-0.04006351,-2.04583e-05,-0.1547264,-0.1537541,-0.1552661,-0.1562385,0
0.07537947,-0.03520254,-9.294757,-0.007468477,-0.008995484,0.002361355,64.7143,237.008,-235.379,237.8938,-239.1776,0.03291424,-0.04008091,-1.54414e-05,-0.1548336,-0.1537694,-0.1554123,-0.156251,0
-0.1944243,-0.2844827,-9.650909,-0.009582946,-0.01114502,0.0003100734,64.81059,237.2243,-235.4777,237.924,-239.3146,0.03292321,-0.04010699,-1.080485e-05,-0.154975,-0.1538339,-0.1554321,-0.1563405,0
-0.1061888,-0.2030162,-9.541502,-0.008769683,-0.01024663,0.0009031668,64.90689,236.8666,-236.1029,237.6337,-239.9296,0.03292392,-0.04014111,-2.786287e-05,-0.1547413,-0.1542423,-0.1552424,-0.1567423,0
-0.05271487,-0.1537688,-9.471607,-0.007769183,-0.009309509,0.001498389,65.00318,237.2051,-235.2956,238.0556,-239.1146,0.03294756,-0.04015227,-2.195389e-05,-0.1549624,-0.153715,-0.155518,-0.1562099,0
-0.02505404,-0.1281215,-9.422856,-0.008171837,-0.009225708,0.001641303,65.09949,236.699,-235.4947,237.5282,-239.3445,0.03295774,-0.04017375,-2.60085e-05,-0.1546318,-0.153845,-0.1551735,-0.15636,0
0.009693258,-0.09606176,-9.377175,-0.007796971,-0.008771217,0.001949639,65.19579,237.0177,-235.1468,237.8823,-239.0001,0.03296836,-0.04017451,-1.980919e-05,-0.15484,-0.1536178,-0.1554048,-0.156135,0
0.3029391,0.1749743,-8.991772,-0.006131807,-0.00661348,0.004051504,65.29209,237.0837,-235.0518,238.1176,-238.9049,0.0329797,-0.04015022,-7.012603e-06,-0.1548831,-0.1535557,-0.1555585,-0.1560729,0
-0.3288174,-0.408601,-9.823316,-0.01147796,-0.01203892,-0.0007591438,65.3884,237.3602,-235.6123,237.9261,-239.553,0.03297608,-0.04017888,4.677945e-06,-0.1550637,-0.1539218,-0.1554334,-0.1564962,0
-0.02834213,-0.1311117,-9.449815,-0.008659899,-0.009289274,0.001309896,65.48471,237.4207,-236.3474,238.2277,-240.2439,0.03295074,-0.04017283,-1.336605e-05,-0.1551032,-0.1544021,-0.1556304,-0.1569476,0
-0.1326526,-0.2276134,-9.591753,-0.008942043,-0.009736737,0.0007511662,65.58102,237.2145,-236.1995,237.9844,-240.1089,0.03295176,-0.04020045,-2.177875e-05,-0.1549686,-0.1543054,-0.1554715,-0.1568594,0
0.07390518,-0.03688838,-9.309213,-0.00701272,-0.007667426,0.002375309,65.67735,237.3615,-235.3539,238.3036,-239.2495,0.03297776,-0.04020099,-1.891338e-05,-0.1550646,-0.1537531,-0.15568,-0.156298,0
0.1113138,-0.002176326,-9.247561,-0.007532963,-0.007693957,0.002631122,65.77367,236.8002,-235.5874,237.7135,-239.5211,0.03297989,-0.04020321,-1.883541e-05,-0.1546979,-0.1539056,-0.1552945,-0.1564754,0
-0.05875406,-0.159333,-9.470405,-0.008718265,-0.00898615,0.00137775,65.87,237.2047,-235.3679,238.0126,-239.3406,0.03294342,-0.04016693,-1.364374e-05,-0.1549622,-0.1537622,-0.1554899,-0.1563575,0
-0.3834012,-0.4593496,-9.8957,-0.01084485,-0.0114762,-0.001081124,65.96633,236.8448,-235.8908,237.4465,-239.8926,0.03293474,-0.04020086,-2.911876e-05,-0.154727,-0.1541038,-0.1551201,-0.1567181,0
-0.1105169,-0.2074329,-9.53777,-0.007838432,-0.008728392,0.001116075,66.06267,236.715,-235.4848,237.5634,-239.4375,0.03295049,-0.04021256,-4.160632e-05,-0.1546422,-0.1538386,-0.1551965,-0.1564208,0
0.2012479,0.08066798,-9.112268,-0.005808203,-0.006282637,0.003583349,66.159,236.2373,-234.8847,237.2745,-238.8336,0.03297376,-0.04021618,-4.203145e-05,-0.1543301,-0.1534465,-0.1550077,-0.1560263,0
0.1647617,0.04705199,-9.144028,-0.006556245,-0.006781131,0.003337203,66.25534,236.5932,-234.0839,237.5802,-238.0744,0.0329797,-0.04018104,-2.171172e-05,-0.1545627,-0.1529234,-0.1552075,-0.1555303,0
-0.1643201,-0.2568295,-9.572393,-0.00975286,-0.009914031,0.0006813044,66.35168,236.383,-234.9088,237.0943,-238.9541,0.0329825,-0.04019982,-1.908306e-05,-0.1544253,-0.1534623,-0.15489,-0.156105,0
-0.1903337,-0.2809638,-9.622757,-0.009384829,-0.009915248,0.0004584726,66.44802,236.6066,-235.337,237.3357,-239.3717,0.0329605,-0.04019523,-2.705013e-05,-0.1545714,-0.153742,-0.1550477,-0.1563778,0
0.03795137,-0.07013558,-9.327979,-0.007236915,-0.007813893,0.002242976,66.54436,236.6054,-235.0226,237.5193,-239.0303,0.03297845,-0.04020292,-2.974609e-05,-0.1545706,-0.1535366,-0.1551677,-0.1561548,0
0.0832259,-0.02825302,-9.259688,-0.00718779,-0.007532282,0.002621736,66.6407,236.3959,-234.831,237.3227,-238.8611,0.03298648,-0.0402033,-2.77193e-05,-0.1544337,-0.1534115,-0.1550392,-0.1560443,0
-0.04567689,-0.1473373,-9.423574,-0.008236585,-0.008574137,0.00165478,66.73705,236.714,-234.5069,237.556,-238.5804,0.03296474,-0.04015857,-1.559231e-05,-0.1546416,-0.1531997,-0.1551917,-0.1558608,0
0.09385571,-0.01830428,-9.243567,-0.007642411,-0.007817591,0.002552156,66.83339,236.6003,-234.9882,237.5038,-239.059,0.03298087,-0.04016399,-1.192617e-05,-0.1545673,-0.1535141,-0.1551575,-0.1561735,0
-0.03750806,-0.1396362,-9.425982,-0.008713141,-0.0090406,0.00154391,66.92973,236.8299,-235.2889,237.6351,-239.3757,0.03298483,-0.04018374,-9.81929e-06,-0.1547173,-0.1537106,-0.1552433,-0.1563804,0
0.06520028,-0.04481856,-9.299341,-0.00757841,-0.008007606,0.002275153,67.02608,237.181,-235.1332,238.0845,-239.2043,0.03300395,-0.04018862,-6.604606e-06,-0.1549467,-0.1536088,-0.1555369,-0.1562684,0
-0.2670091,-0.3517201,-9.734321,-0.01030397,-0.01073954,-0.0002129483,67.12243,236.9946,-235.5397,237.6605,-239.666,0.03300636,-0.04021008,-5.727481e-06,-0.1548249,-0.1538744,-0.1552599,-0.15657,0
0.07593685,-0.0349277,-9.292257,-0.007465194,-0.007778195,0.00230593,67.21878,236.9013,-235.7907,237.8156,-239.8767,0.03301355,-0.04022634,-1.929166e-05,-0.1547639,-0.1540384,-0.1553613,-0.1567077,0
-0.2293291,-0.3170644,-9.688215,-0.009404008,-0.009918763,0.0002135736,67.31513,237.0309,-235.218,237.7664,-239.3463,0.03302168,-0.04024349,-1.664955e-05,-0.1548486,-0.1536642,-0.1553291,-0.1563612,0
-0.1333409,-0.228424,-9.551791,-0.008594211,-0.008951702,0.0008928772,67.4115,236.5255,-235.3875,237.3319,-239.5164,0.03302842,-0.04026025,-3.137002e-05,-0.1545184,-0.153775,-0.1550453,-0.1564724,0
-0.03669311,-0.1391839,-9.418214,-0.007650793,-0.007963202,0.001789063,67.50786,236.4219,-234.8849,237.3093,-239.0116,0.03304547,-0.04026656,-3.167996e-05,-0.1544508,-0.1534467,-0.1550305,-0.1561426,0
-0.05532947,-0.1563596,-9.429208,-0.008049561,-0.008162901,0.001667555,67.60421,236.1984,-234.639,237.0551,-238.7893,0.03305662,-0.04027754,-3.327417e-05,-0.1543047,-0.153286,-0.1548644,-0.1559973,0
0.04337228,-0.06516972,-9.293758,-0.007297813,-0.007314565,0.002426506,67.70058,236.052,-234.5023,236.9752,-238.6496,0.03307098,-0.04028441,-3.646653e-05,-0.1542091,-0.1531967,-0.1548122,-0.1559061,0
-0.1369892,-0.2318117,-9.522808,-0.008661446,-0.0087092,0.001145245,67.79694,236.1123,-234.2024,236.9157,-238.3805,0.03308634,-0.0402895,-2.937987e-05,-0.1542484,-0.1530008,-0.1547733,-0.1557303,0
0.03919905,-0.06896813,-9.289389,-0.007611372,-0.007395507,0.002375511,67.8933,236.0504,-234.2998,236.9566,-238.4722,0.03310434,-0.04028931,-2.667287e-05,-0.154208,-0.1530644,-0.1548001,-0.1557902,0
-0.3052435,-0.3871707,-9.742483,-0.01035823,-0.01022251,-0.0001884802,67.98966,236.1686,-234.4573,236.8318,-238.6782,0.03310605,-0.04030566,-2.245483e-05,-0.1542853,-0.1531673,-0.1547185,-0.1559247,0
-0.08657667,-0.1852143,-9.461384,-0.008375826,-0.008198519,0.001379987,68.08602,236.1519,-234.6032,236.988,-238.7948,0.03311682,-0.04031215,-3.077403e-05,-0.1542744,-0.1532626,-0.1548206,-0.1560009,0
-0.1568772,-0.2501773,-9.551124,-0.008893926,-0.008634406,0.000971166,68.18238,235.7295,-234.6956,236.518,-238.9097,0.0331169,-0.0403306,-3.971097e-05,-0.1539984,-0.153323,-0.1545135,-0.156076,0
-0.2430941,-0.3299783,-9.654905,-0.008961076,-0.008833028,0.0004467338,68.27875,235.9326,-233.9714,236.7073,-238.1943,0.03313056,-0.04033485,-4.008712e-05,-0.1541311,-0.1528499,-0.1546372,-0.1556086,0
0.01559302,-0.09091838,-9.303172,-0.007311429,-0.006771637,0.002379788,68.37511,235.2645,-234.0203,236.195,-238.239,0.03314533,-0.04033557,-4.760216e-05,-0.1536946,-0.1528818,-0.1543025,-0.1556379,0
-0.1119635,-0.2087464,-9.461118,-0.008376956,-0.007780245,0.001546465,68.47146,235.4698,-233.4547,236.3095,-237.7028,0.0331609,-0.0403344,-3.709505e-05,-0.1538288,-0.1525123,-0.1543773,-0.1552876,0
-0.1165767,-0.2129531,-9.461258,-0.008658348,-0.007896842,0.001404797,68.56781,235.3566,-233.5695,236.1783,-237.835,0.03316448,-0.04032772,-3.705064e-05,-0.1537548,-0.1525873,-0.1542916,-0.1553739,0
0.291973,0.1645821,-8.929598,-0.005809579,-0.004722574,0.004440393,68.66415,235.3764,-233.5019,236.4653,-237.7492,0.03315357,-0.0402731,-2.995716e-05,-0.1537678,-0.1525432,-0.1544791,-0.1553178,0
0.01970642,-0.08682123,-9.285922,-0.008459383,-0.007314634,0.002366578,68.7605,235.897,-233.292,236.7657,-237.5927,0.03317165,-0.04026411,-4.317579e-06,-0.1541078,-0.152406,-0.1546754,-0.1552156,0
-0.1296363,-0.2247018,-9.493963,-0.009954095,-0.008818334,0.0009677884,68.85684,236.1574,-234.1749,236.9015,-238.4966,0.03317486,-0.04026842,7.617585e-07,-0.1542779,-0.1529828,-0.154764,-0.1558062,0
-0.1280104,-0.2232323,-9.514841,-0.00969428,-0.008717107,0.0009199001,68.95318,236.2688,-234.9261,237.0317,-239.242,0.03316439,-0.04027357,-5.059188e-06,-0.1543508,-0.1534736,-0.1548491,-0.1562931,0
-0.01991323,-0.1234628,-9.383347,-0.008417702,-0.007495926,0.001785053,69.04951,236.8447,-234.4146,237.7241,-238.7252,0.03316948,-0.04024845,5.726564e-06,-0.154727,-0.1531394,-0.1553015,-0.1559555,0
-0.1963405,-0.2863544,-9.612911,-0.01032494,-0.00917138,0.0003603043,69.14584,236.0141,-235.4842,236.7295,-239.844,0.03314917,-0.04027903,-1.419706e-05,-0.1541844,-0.1538381,-0.1546517,-0.1566864,0
0.01368451,-0.0925907,-9.343513,-0.007433045,-0.006681704,0.002138531,69.24219,236.6486,-234.4749,237.6009,-238.7858,0.03316779,-0.04027227,-1.544415e-05,-0.1545988,-0.1531788,-0.155221,-0.1559951,0
-0.002082036,-0.1070479,-9.345554,-0.00815684,-0.00700331,0.002050768,69.33852,235.939,-234.4228,236.8439,-238.7825,0.03317045,-0.04026205,-1.49884e-05,-0.1541353,-0.1531448,-0.1547264,-0.1559929,0
-0.1609437,-0.2538061,-9.547575,-0.009424432,-0.008321338,0.0008796898,69.43486,236.1193,-234.302,236.9146,-238.709,0.03312629,-0.04021464,-1.254629e-05,-0.1542531,-0.1530658,-0.1547727,-0.1559449,0
-0.2292027,-0.316914,-9.637066,-0.009630512,-0.008838259,0.0003505441,69.5312,236.042,-234.3767,236.8079,-238.7918,0.03311424,-0.04020547,-1.868655e-05,-0.1542025,-0.1531147,-0.1547029,-0.1559989,0
-0.08814864,-0.186624,-9.449884,-0.00829111,-0.007692752,0.001471928,69.62754,235.6229,-234.4816,236.4949,-238.8791,0.03311815,-0.04021548,-3.123681e-05,-0.1539288,-0.1531832,-0.1544985,-0.156056,0
-0.0561659,-0.1571308,-9.398542,-0.007725663,-0.007299428,0.001865974,69.72388,235.5544,-233.8814,236.467,-238.2799,0.03312999,-0.04022008,-3.399581e-05,-0.153884,-0.1527911,-0.1544802,-0.1556646,0
0.04731708,-0.06149267,-9.248209,-0.007044177,-0.006527664,0.002676901,69.82022,235.4911,-233.3171,236.4694,-237.7218,0.03315475,-0.04021053,-2.71281e-05,-0.1538427,-0.1524224,-0.1544818,-0.1552999,0
0.3706032,0.2374073,-8.818038,-0.005478617,-0.004493705,0.005004709,69.91654,235.6569,-233.0822,236.8003,-237.4833,0.03319177,-0.04018463,-3.936691e-06,-0.153951,-0.152269,-0.154698,-0.1551441,0
0.05405786,-0.0547637,-9.240837,-0.009075446,-0.0078981,0.002410061,70.01288,236.3298,-233.5414,237.1806,-238.0086,0.03320641,-0.04017841,2.67216e-05,-0.1543906,-0.152569,-0.1549464,-0.1554873,0
0.05717058,-0.05177627,-9.268307,-0.009413044,-0.008268452,0.002066105,70.1092,236.7674,-234.9456,237.5955,-239.4073,0.03320235,-0.04019076,2.702862e-05,-0.1546765,-0.1534863,-0.1552174,-0.156401,0
-0.1580057,-0.2507037,-9.581358,-0.01042124,-0.009700377,0.0004585673,70.20552,237.3948,-235.3874,238.1256,-239.8569,0.0332005,-0.04020423,3.07192e-05,-0.1550863,-0.1537749,-0.1555637,-0.1566948,0
-0.02376662,-0.1267454,-9.418146,-0.009215537,-0.008374724,0.001391652,70.30185,237.2813,-235.889,238.1226,-240.3526,0.03319773,-0.04021876,1.996026e-05,-0.1550122,-0.1541026,-0.1555618,-0.1570186,0
-0.3300642,-0.4098764,-9.822436,-0.01104043,-0.01041218,-0.0007566686,70.39819,237.4662,-235.6714,238.1394,-240.1752,0.03319297,-0.04023642,1.725977e-05,-0.155133,-0.1539605,-0.1555727,-0.1569027,0
-0.1251163,-0.2206196,-9.549158,-0.009194735,-0.00843424,0.0007772256,70.49451,236.8774,-235.9047,237.7095,-240.3953,0.03318755,-0.04025438,-6.181302e-06,-0.1547483,-0.1541128,-0.1552919,-0.1570465,0
0.06170387,-0.04812469,-9.294048,-0.007363474,-0.006570516,0.002432114,70.59086,236.7521,-235.0407,237.7418,-239.5218,0.03320093,-0.04025421,-9.462348e-06,-0.1546665,-0.1535484,-0.155313,-0.1564759,0
-0.04142643,-0.1433558,-9.407182,-0.008499159,-0.007501958,0.001716151,70.6872,236.6869,-234.3789,237.5867,-238.9035,0.0332173,-0.04024838,1.828245e-07,-0.1546239,-0.1531161,-0.1552117,-0.1560719,0
-0.1523022,-0.2456938,-9.545479,-0.009810232,-0.008704871,0.0007893003,70.78355,236.4954,-234.7579,237.2853,-239.313,0.03321961,-0.04025449,1.749588e-07,-0.1544987,-0.1533637,-0.1550148,-0.1563395,0
-0.07534109,-0.174605,-9.45171,-0.009086798,-0.008091328,0.001357856,70.8799,236.5414,-234.9458,237.391,-239.4986,0.03319775,-0.0402386,-5.190273e-06,-0.1545288,-0.1534864,-0.1550838,-0.1564607,0
0.1752369,0.05689071,-9.124652,-0.007080004,-0.006045833,0.003274017,70.97625,236.908,-234.3345,237.9406,-238.8667,0.03322281,-0.04022291,7.42858e-06,-0.1547683,-0.1530871,-0.1554429,-0.1560479,0
-0.07992384,-0.1786677,-9.455072,-0.00988929,-0.008643437,0.001249262,71.07259,236.7793,-234.8337,237.5795,-239.4281,0.03322396,-0.0402298,1.645557e-05,-0.1546842,-0.1534132,-0.155207,-0.1564146,0
0.178397,0.06000457,-9.132404,-0.007901532,-0.006637175,0.003044569,71.16895,237.2313,-235.133,238.2107,-239.6942,0.03323345,-0.04022752,1.923722e-05,-0.1549795,-0.1536088,-0.1556193,-0.1565885,0
-0.1796922,-0.2708182,-9.611265,-0.01072274,-0.009609669,0.0003633491,71.2653,237.5006,-235.3597,238.2333,-239.9733,0.03323121,-0.04023832,2.793127e-05,-0.1551555,-0.1537568,-0.1556341,-0.1567708,0
0.008094872,-0.09735832,-9.376082,-0.009185025,-0.007997798,0.001635107,71.36166,237.6375,-235.7713,238.5107,-240.3698,0.0332256,-0.04023311,2.347974e-05,-0.1552449,-0.1540257,-0.1558153,-0.1570299,0
-0.3181489,-0.3988219,-9.810354,-0.01152931,-0.01052503,-0.0007302001,71.45802,237.624,-236.025,238.2881,-240.6876,0.03316976,-0.04020659,1.986838e-05,-0.1552361,-0.1541914,-0.1556699,-0.1572374,0
-0.05827758,-0.158863,-9.472538,-0.008957729,-0.008116604,0.001217031,71.5544,237.3831,-236.1316,238.26,-240.7564,0.03316464,-0.04022282,-1.091077e-06,-0.1550786,-0.1542611,-0.1556516,-0.1572824,0
-0.124633,-0.2202911,-9.549243,-0.008955522,-0.008357025,0.0009707587,71.65076,237.2399,-235.3953,238.1056,-240.0342,0.03317178,-0.04022975,-3.543611e-06,-0.1549851,-0.1537801,-0.1555507,-0.1568106,0
-0.1849949,-0.2760605,-9.609167,-0.009509826,-0.00886374,0.0005551304,71.74715,236.9601,-235.0752,237.7777,-239.7412,0.03317905,-0.0402353,-5.680867e-06,-0.1548024,-0.153571,-0.1553364,-0.1566192,0
-0.2191415,-0.3075954,-9.645884,-0.009831297,-0.009235952,0.000331276,71.84353,236.7715,-235.0387,237.5574,-239.7186,0.03318257,-0.04024456,-9.083449e-06,-0.1546791,-0.1535471,-0.1551925,-0.1566044,0
0.06044088,-0.04927061,-9.276405,-0.007753075,-0.007070789,0.002440277,71.93992,236.7114,-234.8017,237.682,-239.459,0.03319563,-0.04024445,-1.035627e-05,-0.1546399,-0.1533923,-0.1552739,-0.1564348,0
0.07697647,-0.03390913,-9.249063,-0.00800688,-0.007197611,0.002586244,72.0363,236.7082,-234.5869,237.6657,-239.2743,0.03318237,-0.04021905,-3.270728e-06,-0.1546378,-0.153252,-0.1552633,-0.1563142,0
-0.05735333,-0.1579706,-9.423997,-0.0092168,-0.008490795,0.001513898,72.1327,236.907,-234.6588,237.7599,-239.3701,0.03318983,-0.04022395,3.881768e-06,-0.1547677,-0.1532989,-0.1553248,-0.1563768,0
0.003486855,-0.1017223,-9.351564,-0.008877661,-0.008187487,0.00187905,72.22909,237.001,-234.9988,237.8863,-239.7073,0.03319714,-0.0402291,6.762067e-06,-0.1548291,-0.153521,-0.1554074,-0.1565971,0
-0.007832416,-0.1121519,-9.374963,-0.009081446,-0.008410513,0.0017604,72.32549,237.2206,-235.1656,238.091,-239.8837,0.03320147,-0.04023797,1.140521e-05,-0.1549725,-0.15363,-0.1555411,-0.1567123,0
-0.1481576,-0.2418239,-9.56533,-0.01008107,-0.009512939,0.0006632006,72.42189,237.3557,-235.4063,238.137,-240.1492,0.03319001,-0.04024462,9.75672e-06,-0.1550608,-0.1537873,-0.1555712,-0.1568858,0
0.3539692,0.222084,-8.914518,-0.006256334,-0.005430631,0.004386044,72.51828,237.5499,-235.2037,238.6821,-239.9066,0.03319722,-0.0402141,1.617038e-05,-0.1551877,-0.1536549,-0.1559273,-0.1567272,0
0.1650589,0.04774766,-9.162207,-0.008640556,-0.007549085,0.002920814,72.61469,237.9012,-235.2116,238.8457,-239.9741,0.03320994,-0.04021165,4.146602e-05,-0.1554171,-0.1536601,-0.1560342,-0.1567713,0
-0.003462615,-0.107856,-9.399524,-0.01036558,-0.009279858,0.001365716,72.71111,238.265,-236.2284,239.0636,-241.0164,0.03319991,-0.04023086,4.243546e-05,-0.1556548,-0.1543244,-0.1561765,-0.1574522,0
-0.1899111,-0.2802692,-9.669065,-0.01110445,-0.01047021,-4.584248e-05,72.80751,238.5856,-236.8228,239.304,-241.6126,0.03318778,-0.04025544,3.487616e-05,-0.1558643,-0.1547127,-0.1563336,-0.1578417,0
-0.01970244,-0.1231563,-9.454671,-0.009307972,-0.008703681,0.001279856,72.90395,238.4845,-236.9054,239.3568,-241.6776,0.03318536,-0.0402716,2.338983e-05,-0.1557982,-0.1547666,-0.1563681,-0.1578842,0
-0.1192531,-0.2152145,-9.579514,-0.009886894,-0.009260549,0.0006676676,73.00038,238.3403,-236.6337,239.1592,-241.4347,0.03318033,-0.04029098,1.68575e-05,-0.155704,-0.1545891,-0.156239,-0.1577255,0
-0.1173783,-0.2135844,-9.567471,-0.009585939,-0.008969161,0.000746384,73.09682,238.3008,-236.2299,239.1433,-241.0406,0.03318475,-0.04029974,1.256721e-05,-0.1556782,-0.1543253,-0.1562286,-0.1574681,0
-0.07365318,-0.1731723,-9.50095,-0.009443006,-0.008673212,0.00111651,73.19328,237.8603,-236.3029,238.7175,-241.1288,0.03318411,-0.04031279,5.324717e-06,-0.1553904,-0.154373,-0.1559504,-0.1575257,0
0.2039061,0.08326053,-9.132898,-0.007369889,-0.006448618,0.003249321,73.28975,237.9685,-235.8376,239.0121,-240.6443,0.03319632,-0.04031226,7.413608e-06,-0.1554611,-0.1540691,-0.1561429,-0.1572092,0
0.0891375,-0.02269015,-9.276201,-0.00870583,-0.007645156,0.002379436,73.38622,238.1219,-235.58,239.0583,-240.425,0.03320667,-0.04031219,2.04797e-05,-0.1555613,-0.1539007,-0.1561731,-0.1570659,0
-0.2650744,-0.3499094,-9.742927,-0.01164063,-0.01069896,-0.0003960903,73.48269,238.0149,-236.3682,238.6893,-241.2609,0.0331909,-0.04033805,1.457774e-05,-0.1554914,-0.1544156,-0.155932,-0.157612,0
-0.4607776,-0.5309493,-10.01081,-0.01213319,-0.01173811,-0.001789081,73.57918,238.0414,-236.6409,238.6455,-241.5297,0.03317328,-0.04036929,-4.34343e-06,-0.1555088,-0.1545938,-0.1559034,-0.1577876,0
-0.3103204,-0.3921646,-9.807735,-0.01011613,-0.009888338,-0.0004645669,73.67566,237.4949,-236.3043,238.2585,-241.1716,0.03316722,-0.04039184,-2.80937e-05,-0.1551517,-0.1543739,-0.1556506,-0.1575537,0
0.01103353,-0.09535597,-9.363179,-0.007423581,-0.006959712,0.002194694,73.77217,236.9436,-235.3134,237.9429,-240.1657,0.03317913,-0.04039628,-3.849955e-05,-0.1547915,-0.1537266,-0.1554444,-0.1568965,0
-0.2135749,-0.3028482,-9.626799,-0.009379889,-0.008806945,0.0006745239,73.86868,236.6002,-234.5188,237.4277,-239.4262,0.03318615,-0.04040414,-3.634729e-05,-0.1545672,-0.1532075,-0.1551079,-0.1564134,0
-0.06051088,-0.1614003,-9.409995,-0.008376351,-0.007678294,0.001793497,73.96518,236.3714,-234.273,237.2894,-239.174,0.03320052,-0.04040202,-3.664975e-05,-0.1544178,-0.1530469,-0.1550175,-0.1562487,0
-0.3032681,-0.3856176,-9.720615,-0.01049534,-0.00987085,2.236098e-05,74.06169,236.1439,-234.3711,236.8737,-239.3248,0.03316673,-0.04038364,-3.620398e-05,-0.1542691,-0.153111,-0.1547459,-0.1563472,0
-0.4142852,-0.4882952,-9.864338,-0.01079094,-0.01054694,-0.000796271,74.1582,235.8445,-234.5989,236.5254,-239.5552,0.03313845,-0.04039923,-5.774794e-05,-0.1540735,-0.1532598,-0.1545184,-0.1564977,0
-0.1593185,-0.2529388,-9.521,-0.00784192,-0.007945385,0.001351006,74.25471,235.5019,-233.8128,236.4202,-238.7238,0.03315145,-0.0404064,-7.130759e-05,-0.1538497,-0.1527463,-0.1544496,-0.1559546,0
-0.1872099,-0.2786784,-9.5283,-0.008237942,-0.008198375,0.001332732,74.35122,234.8702,-233.1043,235.754,-238.0464,0.03316462,-0.0404135,-7.240812e-05,-0.153437,-0.1522834,-0.1540144,-0.155512,0
-0.1330066,-0.2285573,-9.436811,-0.007992521,-0.007862821,0.001772681,74.44773,234.796,-232.4954,235.7028,-237.4451,0.03318348,-0.04041295,-6.747209e-05,-0.1533885,-0.1518856,-0.1539809,-0.1551192,0
-0.1955989,-0.2862883,-9.508305,-0.008834299,-0.008647023,0.001281134,74.54423,234.6936,-232.3643,235.5307,-237.3354,0.03319984,-0.04041373,-5.859423e-05,-0.1533217,-0.1518,-0.1538686,-0.1550476,0
-0.02064164,-0.1245323,-9.279473,-0.007908056,-0.007543738,0.002494266,74.64072,234.5169,-232.7026,235.4417,-237.6664,0.03320322,-0.04041473,-5.904375e-05,-0.1532063,-0.152021,-0.1538104,-0.1552638,0
0.0821447,-0.02954267,-9.148988,-0.007139701,-0.00676324,0.003280526,74.73721,234.9193,-232.3071,235.918,-237.275,0.03319604,-0.04038046,-4.579458e-05,-0.1534691,-0.1517626,-0.1541215,-0.1550081,0
0.01740044,-0.08923385,-9.233582,-0.008151367,-0.007632358,0.002668353,74.83369,235.0972,-232.4354,236.0204,-237.4294,0.03321401,-0.04037742,-2.925383e-05,-0.1535853,-0.1518464,-0.1541885,-0.1551089,0
0.141685,0.02573489,-9.083431,-0.007759357,-0.007031771,0.003407789,74.93016,235.3607,-233.0191,236.3334,-238.0108,0.033227,-0.0403776,-1.727459e-05,-0.1537575,-0.1522278,-0.1543929,-0.1554887,0
-0.06842326,-0.1683331,-9.376921,-0.009535807,-0.008882284,0.001723002,75.02664,235.9351,-233.4118,236.7565,-238.4315,0.03323017,-0.04038797,-4.140932e-06,-0.1541327,-0.1524843,-0.1546693,-0.1557636,0
0.07201957,-0.03858141,-9.211218,-0.008458134,-0.007702611,0.002604668,75.12309,236.285,-233.8734,237.2104,-238.8797,0.03323945,-0.04039094,9.249965e-07,-0.1543613,-0.1527859,-0.1549659,-0.1560564,0
0.08203173,-0.02927796,-9.212332,-0.008678087,-0.007707345,0.002621445,75.21957,236.679,-234.0909,237.6017,-239.1144,0.03325123,-0.04038966,1.667813e-05,-0.1546187,-0.152928,-0.1552215,-0.1562097,0
0.05841297,-0.05100963,-9.257633,-0.009349071,-0.00810007,0.002258872,75.31602,236.8996,-234.7909,237.7779,-239.8371,0.03324713,-0.04040235,2.032192e-05,-0.1547628,-0.1533853,-0.1553366,-0.1566819,0
0.08881456,-0.0229878,-9.236732,-0.008875529,-0.007646829,0.002429279,75.41249,237.5055,-234.8858,238.43,-239.9285,0.03325324,-0.0404041,2.845786e-05,-0.1551587,-0.1534472,-0.1557626,-0.1567416,0
-0.1913304,-0.2818092,-9.61276,-0.01117731,-0.009887189,0.0002552843,75.50896,237.4743,-235.5359,238.2015,-240.6279,0.03324191,-0.04042259,2.767245e-05,-0.1551383,-0.153872,-0.1556133,-0.1571984,0
0.2871324,0.1601721,-9.000183,-0.007300977,-0.005779005,0.003783636,75.60543,237.8108,-235.5143,238.8896,-240.5647,0.03322977,-0.04039047,2.798631e-05,-0.1553581,-0.1538578,-0.1560629,-0.1571572,0
-0.07616699,-0.1754129,-9.477691,-0.01049608,-0.008895112,0.001093143,75.7019,237.91,-235.6258,238.7154,-240.7469,0.03322245,-0.04040303,3.71632e-05,-0.1554229,-0.1539307,-0.1559491,-0.1572762,0
-0.01261325,-0.1167714,-9.402838,-0.009749832,-0.008217456,0.001436155,75.79839,238.3211,-235.8034,239.1922,-240.9144,0.03322499,-0.04040395,3.793234e-05,-0.1556915,-0.1540467,-0.1562606,-0.1573856,0
0.0925351,-0.01957281,-9.274498,-0.009249259,-0.007526117,0.002195057,75.89488,238.07,-236.3672,238.9926,-241.4853,0.03321967,-0.04041295,3.433469e-05,-0.1555274,-0.154415,-0.1561301,-0.1577586,0
-0.06299736,-0.1633462,-9.484524,-0.01018103,-0.00860475,0.001073704,75.99138,238.6807,-236.0332,239.521,-241.1848,0.03319182,-0.04038835,4.223116e-05,-0.1559264,-0.1541968,-0.1564753,-0.1575623,0
-0.09297402,-0.1910487,-9.526949,-0.01047093,-0.008879776,0.0007445824,76.08789,238.2769,-236.7169,239.0892,-241.8832,0.03317695,-0.04040748,2.73089e-05,-0.1556626,-0.1546435,-0.1561932,-0.1580185,0
-0.2952309,-0.3781079,-9.795254,-0.01119209,-0.01006516,-0.0005908337,76.1844,238.5439,-236.3665,239.274,-241.5442,0.0331719,-0.04041941,2.428964e-05,-0.155837,-0.1544146,-0.156314,-0.157797,0
-0.3257685,-0.4063941,-9.826793,-0.01122978,-0.01013701,-0.000792528,76.28093,238.0454,-236.4883,238.7647,-241.681,0.03316095,-0.04043798,7.977148e-06,-0.1555113,-0.1544942,-0.1559812,-0.1578864,0
-0.03682381,-0.1395348,-9.440928,-0.008654797,-0.007550704,0.001526973,76.37747,237.5688,-236.2238,238.504,-241.3889,0.03315599,-0.04045246,-1.198866e-05,-0.1552,-0.1543214,-0.155811,-0.1576957,0
0.1242384,0.009205502,-9.210489,-0.007212173,-0.006060729,0.002954449,76.47401,237.6161,-234.9498,238.6785,-240.1145,0.03317637,-0.0404415,-5.028344e-06,-0.1552309,-0.153489,-0.1559249,-0.1568631,0
-0.1927872,-0.2835493,-9.603529,-0.01037697,-0.00905318,0.0005421492,76.57056,237.1223,-235.1173,237.9133,-240.3534,0.03317316,-0.04045207,-3.737545e-06,-0.1549083,-0.1535984,-0.155425,-0.1570192,0
-0.1690178,-0.2616427,-9.574426,-0.009890422,-0.008814853,0.000701068,76.66711,237.2466,-235.214,238.0688,-240.4363,0.03317211,-0.04046091,-9.32932e-06,-0.1549895,-0.1536616,-0.1555266,-0.1570733,0
-0.1521691,-0.2461106,-9.551574,-0.009582698,-0.00862924,0.0008944499,76.76368,237.065,-235.128,237.9071,-240.3523,0.03317172,-0.04047128,-1.481094e-05,-0.1548709,-0.1536055,-0.155421,-0.1570184,0
-0.1539299,-0.2477814,-9.546733,-0.009432105,-0.008531532,0.0009498124,76.86024,237.0429,-234.781,237.8951,-240.0134,0.03317716,-0.04047614,-1.546416e-05,-0.1548565,-0.1533788,-0.1554132,-0.156797,0
-0.2987286,-0.3815634,-9.728136,-0.01056823,-0.009703794,-0.0001055099,76.9568,236.5609,-235.0203,237.3067,-240.2811,0.03316706,-0.04049743,-2.802723e-05,-0.1545416,-0.1535351,-0.1550288,-0.1569719,0
0.1015586,-0.01183899,-9.199041,-0.007049425,-0.006177428,0.003003382,77.05338,236.6401,-234.2973,237.6925,-239.5106,0.03318571,-0.04048988,-2.938692e-05,-0.1545933,-0.1530628,-0.1552808,-0.1564685,0
-0.3042868,-0.386704,-9.713486,-0.01064195,-0.009703664,4.009866e-05,77.14995,236.2163,-234.2438,236.9566,-239.5446,0.03315749,-0.0404816,-2.765899e-05,-0.1543164,-0.1530278,-0.1548001,-0.1564907,0
-0.07432537,-0.1743203,-9.409342,-0.008485019,-0.007677169,0.001722354,77.24652,236.1519,-234.2085,237.0718,-239.4725,0.03316149,-0.04048881,-3.922509e-05,-0.1542744,-0.1530048,-0.1548753,-0.1564437,0
-0.4864171,-0.5551234,-9.940119,-0.01127171,-0.01085121,-0.001171827,77.34309,235.9191,-233.9223,236.5775,-239.2357,0.03315765,-0.04050721,-4.12007e-05,-0.1541223,-0.1528178,-0.1545524,-0.1562889,0
-0.2365066,-0.3243092,-9.601776,-0.009012997,-0.008602824,0.0007060397,77.43966,235.4042,-233.8913,236.2515,-239.1751,0.0331585,-0.04052125,-6.071274e-05,-0.1537859,-0.1527975,-0.1543394,-0.1562494,0
0.08016805,-0.03175482,-9.173302,-0.006458312,-0.005929483,0.003296434,77.53624,235.2262,-232.915,236.2993,-238.1765,0.0331817,-0.04051359,-5.721247e-05,-0.1536696,-0.1521597,-0.1543706,-0.155597,0
-0.08433391,-0.1835901,-9.366506,-0.00840079,-0.007625587,0.002068925,77.63281,235.0515,-232.5132,235.9669,-237.8365,0.0331746,-0.04049142,-4.596135e-05,-0.1535555,-0.1518972,-0.1541535,-0.1553749,0
-0.129935,-0.2256523,-9.423517,-0.008945403,-0.008234384,0.001618732,77.72937,234.9518,-232.8704,235.8172,-238.2038,0.03317159,-0.0404934,-4.75149e-05,-0.1534904,-0.1521306,-0.1540557,-0.1556148,0
0.003305279,-0.1025596,-9.253922,-0.007743394,-0.007174997,0.002637645,77.82593,235.2268,-232.6126,236.1982,-237.9378,0.03316291,-0.04045814,-3.803972e-05,-0.15367,-0.1519622,-0.1543046,-0.155441,0
0.08277215,-0.02899091,-9.149549,-0.007714443,-0.00697143,0.003134053,77.92249,235.2242,-232.7732,236.2098,-238.1096,0.03317609,-0.04045826,-2.773867e-05,-0.1536683,-0.1520671,-0.1543122,-0.1555533,0
0.1303204,0.01503055,-9.095957,-0.007654725,-0.006878973,0.003377528,78.01904,235.7415,-232.8188,236.7418,-238.1576,0.03319319,-0.04045378,-1.111007e-05,-0.1540062,-0.1520969,-0.1546597,-0.1555847,0
-0.09193819,-0.1902106,-9.39924,-0.009764837,-0.008990338,0.001548926,78.11559,235.8818,-233.5721,236.7031,-238.9477,0.03319152,-0.04046808,-4.757237e-06,-0.1540979,-0.152589,-0.1546344,-0.1561008,0
-0.2326169,-0.3202732,-9.601636,-0.01039906,-0.009902993,0.0004305158,78.21213,236.3163,-233.9574,237.0747,-239.3368,0.03318973,-0.0404835,-4.229901e-06,-0.1543818,-0.1528407,-0.1548772,-0.156355,0
0.03503169,-0.07302634,-9.261549,-0.008240955,-0.007589446,0.002399289,78.30867,236.2751,-234.145,237.2308,-239.5103,0.0331771,-0.04046765,-7.40344e-06,-0.1543548,-0.1529633,-0.1549792,-0.1564683,0
-0.4148526,-0.4887155,-9.850281,-0.0115616,-0.01109817,-0.0008849193,78.40521,236.2322,-234.2654,236.8893,-239.7021,0.03314267,-0.04047369,-1.117028e-05,-0.1543268,-0.1530419,-0.1547561,-0.1565937,0
0.0382806,-0.07021354,-9.257381,-0.007444489,-0.007026765,0.002499006,78.50175,236.1899,-233.9967,237.2025,-239.3719,0.03315642,-0.04047487,-2.235658e-05,-0.1542992,-0.1528664,-0.1549607,-0.156378,0
0.1082622,-0.005458884,-9.154575,-0.007381742,-0.006701562,0.003162383,78.5983,236.1374,-233.3858,237.1705,-238.7868,0.0331799,-0.04046544,-4.250347e-06,-0.1542649,-0.1524673,-0.1549398,-0.1559957,0
-0.0727758,-0.1725417,-9.386772,-0.009589772,-0.008686027,0.001621052,78.69484,236.2382,-233.7985,237.0892,-239.2472,0.03317953,-0.04047738,2.975414e-06,-0.1543307,-0.1527369,-0.1548867,-0.1562965,0
-0.09351141,-0.1917442,-9.42953,-0.009459813,-0.008804364,0.001377765,78.79138,236.6277,-234.1176,237.4835,-239.5565,0.03318278,-0.04048656,4.101213e-06,-0.1545852,-0.1529454,-0.1551443,-0.1564985,0
0.05349295,-0.05591223,-9.246012,-0.008408586,-0.007653742,0.002448988,78.88792,236.4423,-234.5296,237.3944,-239.9643,0.03317693,-0.04049069,-5.304721e-07,-0.1544641,-0.1532145,-0.155086,-0.156765,0
-0.2164941,-0.3054286,-9.602072,-0.01018216,-0.009628538,0.0005053616,78.98446,236.8705,-234.2033,237.664,-239.6863,0.03314641,-0.04046735,6.419739e-06,-0.1547438,-0.1530014,-0.1552622,-0.1565834,0
0.1328112,0.01731646,-9.145853,-0.00763142,-0.006883786,0.00299967,79.08101,236.5013,-234.5996,237.5251,-240.0622,0.03312923,-0.04045136,-4.435107e-06,-0.1545026,-0.1532602,-0.1551715,-0.1568289,0
0.0521466,-0.05721466,-9.251918,-0.008181499,-0.007587636,0.002534012,79.17756,236.9186,-234.0432,237.8935,-239.5233,0.03314431,-0.04045068,1.137612e-05,-0.1547752,-0.1528968,-0.1554121,-0.1564768,0
-0.01237778,-0.1167191,-9.334936,-0.00918692,-0.008473056,0.001870656,79.2741,236.9948,-234.3876,237.8908,-239.8943,0.03315016,-0.04045763,1.788095e-05,-0.154825,-0.1531218,-0.1554103,-0.1567192,0
0.02573792,-0.0814679,-9.298819,-0.009010014,-0.008341631,0.002069766,79.37065,237.2339,-234.8471,238.1474,-240.3515,0.03315355,-0.04046733,2.126297e-05,-0.1549812,-0.153422,-0.155578,-0.1570179,0
0.04150032,-0.06689952,-9.29018,-0.00892421,-0.008270587,0.002137631,79.4672,237.6237,-234.9509,238.549,-240.46,0.03316006,-0.0404742,2.888332e-05,-0.1552358,-0.1534897,-0.1558404,-0.1570888,0
-0.2044644,-0.2941444,-9.62086,-0.01088573,-0.01029461,0.000219828,79.56376,237.5829,-235.5815,238.3337,-241.1283,0.03314704,-0.04050141,2.260948e-05,-0.1552092,-0.1539018,-0.1556997,-0.1575253,0
-0.1338245,-0.2290533,-9.538001,-0.009637089,-0.009264582,0.0007961111,79.66033,237.5942,-235.7069,238.4413,-241.234,0.03314085,-0.04052354,7.593319e-06,-0.1552166,-0.1539837,-0.15577,-0.1575944,0
0.009583741,-0.09665813,-9.344471,-0.008224647,-0.00778388,0.002023441,79.7569,237.5614,-235.0781,238.5338,-240.6017,0.03315386,-0.04052629,8.540255e-06,-0.1551952,-0.1535729,-0.1558305,-0.1571813,0
0.03018362,-0.07752977,-9.305033,-0.00864291,-0.00784448,0.002165449,79.85347,237.4226,-234.9218,238.373,-240.4768,0.03316268,-0.04053026,1.460008e-05,-0.1551045,-0.1534708,-0.1557253,-0.1570997,0
-0.09216206,-0.1905192,-9.466021,-0.009824082,-0.009001216,0.001186563,79.95006,237.681,-235.0128,238.5313,-240.5932,0.03316579,-0.04053843,2.12043e-05,-0.1552733,-0.1535302,-0.1558287,-0.1571758,0
-0.08454043,-0.1834668,-9.464245,-0.009836078,-0.009016673,0.001156972,80.04664,237.6466,-235.5065,238.496,-241.0939,0.03315303,-0.04054408,1.63339e-05,-0.1552508,-0.1538527,-0.1558057,-0.1575029,0
-0.2470913,-0.3337436,-9.683799,-0.01068772,-0.01010568,2.750719e-06,80.14323,237.6638,-235.6629,238.4272,-241.2715,0.03312779,-0.04055177,7.690243e-06,-0.1552621,-0.1539549,-0.1557608,-0.1576189,0
0.06964172,-0.04122355,-9.267738,-0.007833496,-0.007253978,0.002433609,80.23983,237.5649,-235.3323,238.5748,-240.905,0.03313651,-0.04055738,-6.101443e-07,-0.1551975,-0.1537389,-0.1558572,-0.1573794,0
-0.1785001,-0.2704692,-9.580477,-0.009886074,-0.009290282,0.0007006273,80.33643,237.6108,-234.826,238.4438,-240.4503,0.03314541,-0.04056216,1.071734e-05,-0.1552275,-0.1534082,-0.1557716,-0.1570824,0
-0.03185827,-0.1349064,-9.38506,-0.009188123,-0.008347733,0.001648312,80.43304,237.1827,-235.4635,238.0813,-241.0869,0.03313858,-0.04058113,-2.804697e-06,-0.1549478,-0.1538246,-0.1555348,-0.1574983,0
-0.08131907,-0.1807218,-9.454108,-0.009013492,-0.008464805,0.001437331,80.52966,237.7324,-234.7535,238.638,-240.3788,0.03314202,-0.04057214,6.803549e-06,-0.1553068,-0.1533608,-0.1558985,-0.1570358,0
-0.3014892,-0.384074,-9.734705,-0.0110773,-0.01042626,-0.0003016326,80.62627,237.1645,-235.3637,237.8909,-241.0424,0.03311469,-0.04058064,-3.947132e-06,-0.1549359,-0.1537594,-0.1554104,-0.1574692,0
-0.04648281,-0.1486122,-9.405369,-0.008467427,-0.008042873,0.001701049,80.7229,237.3522,-235.036,238.2954,-240.6702,0.03312259,-0.04058735,-1.007993e-05,-0.1550585,-0.1535453,-0.1556747,-0.1572261,0
-0.009346437,-0.1142596,-9.346871,-0.008428777,-0.007847228,0.002053652,80.81953,237.1811,-234.638,238.1348,-240.2958,0.03312476,-0.04058096,-4.997285e-06,-0.1549467,-0.1532853,-0.1555697,-0.1569815,0
-0.2551965,-0.3413645,-9.661855,-0.01050987,-0.009967797,0.0001809186,80.91617,236.998,-234.9081,237.766,-240.6129,0.0331016,-0.04058714,-1.060734e-05,-0.1548271,-0.1534618,-0.1553288,-0.1571887,0
-0.1238973,-0.2201794,-9.492002,-0.008902768,-0.008642518,0.001212398,81.0128,237.0471,-234.7212,237.9426,-240.3967,0.03310818,-0.04059671,-1.755657e-05,-0.1548592,-0.1533397,-0.1554442,-0.1570474,0
-0.2827666,-0.3669714,-9.691156,-0.01008807,-0.009905054,0.0001267939,81.10944,236.6667,-234.6575,237.4518,-240.364,0.03310625,-0.04061652,-2.317323e-05,-0.1546107,-0.1532981,-0.1551235,-0.1570261,0
-0.1659292,-0.2591014,-9.530346,-0.008874048,-0.00875195,0.001057807,81.20609,236.3437,-234.5386,237.2244,-240.2319,0.03310421,-0.04063753,-3.951718e-05,-0.1543997,-0.1532204,-0.154975,-0.1569398,0
0.1045022,-0.009313855,-9.163508,-0.006526948,-0.00634894,0.00325735,81.30273,236.2832,-233.5892,237.3699,-239.2606,0.03312851,-0.04063219,-3.606439e-05,-0.1543602,-0.1526002,-0.1550701,-0.1563052,0
-0.09015524,-0.1890018,-9.398767,-0.00876809,-0.008320829,0.001800029,81.39938,236.0213,-233.4307,236.9235,-239.1599,0.0331395,-0.04063773,-2.562985e-05,-0.154189,-0.1524966,-0.1547785,-0.1562394,0
-0.05241673,-0.1540761,-9.350542,-0.008680776,-0.008213974,0.00196568,81.49603,236.1598,-233.6749,237.071,-239.4021,0.03314603,-0.04064633,-2.40118e-05,-0.1542795,-0.1526562,-0.1548748,-0.1563977,0
-0.04313652,-0.1454895,-9.345209,-0.008596586,-0.008187856,0.002023663,81.59268,236.225,-233.8044,237.1428,-239.5354,0.03314421,-0.04064824,-2.244032e-05,-0.1543221,-0.1527407,-0.1549217,-0.1564848,0
-0.07767776,-0.1774115,-9.392437,-0.008816322,-0.008422306,0.00175631,81.68933,236.2363,-233.8752,237.1368,-239.6325,0.03310841,-0.0406179,-2.333264e-05,-0.1543295,-0.152787,-0.1549178,-0.1565482,0
0.09793427,-0.01517075,-9.163404,-0.007396325,-0.006997037,0.003070183,81.78597,236.3513,-233.6764,237.3794,-239.4224,0.03311272,-0.04060565,-1.857363e-05,-0.1544046,-0.1526572,-0.1550763,-0.1564109,0
0.1949076,0.07454641,-9.035422,-0.007161399,-0.006582664,0.003742712,81.88262,236.6897,-233.4322,237.7542,-239.1878,0.03313778,-0.04059523,3.155289e-06,-0.1546257,-0.1524976,-0.1553211,-0.1562577,0
-0.1625386,-0.2555234,-9.511749,-0.01064238,-0.01001759,0.0008538666,81.97928,236.7639,-234.4099,237.5294,-240.2244,0.03312794,-0.04061928,7.954824e-06,-0.1546742,-0.1531363,-0.1551743,-0.1569349,0
0.0619904,-0.04820035,-9.241858,-0.008308101,-0.007927556,0.002443069,82.07593,237.2322,-234.7552,238.1939,-240.521,0.0331317,-0.04063131,2.554594e-06,-0.1549801,-0.1533619,-0.1556084,-0.1571286,0
-0.06663349,-0.1670679,-9.416021,-0.009213183,-0.008839658,0.001554191,82.17258,237.3343,-234.6621,238.2219,-240.4657,0.03311669,-0.04061697,9.78661e-06,-0.1550468,-0.1533011,-0.1556267,-0.1570925,0
-0.5588982,-0.6219281,-10.06041,-0.01281943,-0.01267642,-0.002174913,82.26923,237.2278,-235.2071,237.7875,-241.0713,0.03309726,-0.04065336,-5.103598e-07,-0.1549772,-0.1536572,-0.1553429,-0.1574881,0
-0.1746158,-0.2671079,-9.563747,-0.008916873,-0.008972668,0.00076969,82.36589,237.0224,-235.1483,237.9083,-240.9485,0.03309932,-0.04067007,-2.234913e-05,-0.1548431,-0.1536188,-0.1554218,-0.1574079,0
-0.01155554,-0.1164849,-9.335054,-0.007636463,-0.007494873,0.002237993,82.46255,236.7338,-234.257,237.7364,-240.0641,0.03311597,-0.04067277,-1.98211e-05,-0.1546545,-0.1530364,-0.1553095,-0.1568301,0
-0.2091672,-0.298983,-9.573468,-0.009586249,-0.009264584,0.0007581275,82.55922,236.5168,-234.0276,237.3532,-239.8888,0.03311079,-0.04067827,-1.923042e-05,-0.1545128,-0.1528866,-0.1550591,-0.1567156,0
-0.1556286,-0.2495483,-9.499805,-0.009006306,-0.008781673,0.001149805,82.6559,236.4161,-234.0413,237.2979,-239.8996,0.03310457,-0.04067384,-2.432289e-05,-0.1544469,-0.1528955,-0.155023,-0.1567227,0
-0.309874,-0.392074,-9.697243,-0.01004782,-0.01002495,7.80288e-05,82.75256,236.2195,-234.0148,236.9995,-239.8931,0.03310505,-0.04069217,-2.782934e-05,-0.1543185,-0.1528783,-0.1548281,-0.1567184,0
-0.1568874,-0.2507826,-9.491905,-0.008613706,-0.008645022,0.001253692,82.84924,236.0123,-233.8748,236.91,-239.7349,0.03310955,-0.04070762,-3.861681e-05,-0.1541832,-0.1527867,-0.1547696,-0.1566151,0
0.1189725,0.004085861,-9.121315,-0.006495623,-0.006369685,0.003430617,82.94592,235.8407,-233.2976,236.9278,-239.1398,0.03312972,-0.04070745,-3.739165e-05,-0.154071,-0.1524097,-0.1547812,-0.1562263,0
-0.09645779,-0.1948514,-9.389305,-0.008602795,-0.008348655,0.001843026,83.04259,235.9066,-232.9374,236.8172,-238.8294,0.03314478,-0.04071051,-2.317375e-05,-0.1541141,-0.1521744,-0.154709,-0.1560235,0
0.05749668,-0.05250201,-9.18915,-0.007875036,-0.007407217,0.002823823,83.13927,235.9304,-233.3241,236.9152,-239.2095,0.03315707,-0.04071375,-1.936033e-05,-0.1541297,-0.152427,-0.154773,-0.1562719,0
-0.007685833,-0.1126624,-9.284747,-0.00857074,-0.00810797,0.002307115,83.23593,236.2378,-233.4862,237.1654,-239.3851,0.0331651,-0.04072159,-9.509105e-06,-0.1543305,-0.1525329,-0.1549365,-0.1563866,0
-0.1018211,-0.1996246,-9.416698,-0.009327093,-0.008872069,0.001497627,83.3326,236.7001,-233.5782,237.5671,-239.4925,0.0331759,-0.0407254,1.705018e-06,-0.1546325,-0.152593,-0.1551989,-0.1564567,0
-0.1388626,-0.2337891,-9.476575,-0.009893567,-0.009290845,0.001093197,83.42927,236.5344,-234.4152,237.3577,-240.345,0.03317073,-0.04074456,-3.041124e-06,-0.1545242,-0.1531398,-0.1550621,-0.1570136,0
-0.003324395,-0.1086565,-9.311681,-0.00846257,-0.007890197,0.00214471,83.52594,236.9055,-234.2875,237.853,-240.1978,0.03317673,-0.04075298,-2.844144e-06,-0.1547667,-0.1530564,-0.1553857,-0.1569175,0
-0.1984041,-0.2889112,-9.565615,-0.009967238,-0.009325461,0.0007011456,83.6226,236.9616,-234.1833,237.7832,-240.142,0.03315912,-0.0407389,1.66235e-06,-0.1548033,-0.1529883,-0.1553401,-0.1568811,0
-0.07340314,-0.1734155,-9.403251,-0.009097969,-0.008293686,0.001569582,83.71928,236.6579,-234.653,237.5581,-240.6073,0.03315623,-0.04075401,-8.987854e-06,-0.1546049,-0.1532952,-0.155193,-0.157185,0
-0.07212582,-0.1723157,-9.403144,-0.008726323,-0.008041509,0.00170346,83.81596,236.7076,-234.3741,237.6322,-240.3287,0.03315682,-0.04076746,-1.329558e-05,-0.1546374,-0.1531129,-0.1552414,-0.157003,0
-0.1241384,-0.2204323,-9.462099,-0.008909207,-0.008237952,0.00137071,83.91264,236.8766,-233.7759,237.7864,-239.7466,0.03317195,-0.04076505,-6.005961e-06,-0.1547478,-0.1527222,-0.1553421,-0.1566227,0
-0.2145316,-0.3038452,-9.573931,-0.01010347,-0.009210512,0.000624954,84.00932,236.3655,-234.3582,237.1771,-240.3657,0.03315952,-0.04077246,-1.229599e-05,-0.1544139,-0.1531025,-0.1549441,-0.1570272,0
-0.2906068,-0.3742425,-9.677885,-0.01013533,-0.009532291,0.0001350319,84.106,236.4226,-234.3443,237.2147,-240.3534,0.03313841,-0.04078141,-2.471693e-05,-0.1544512,-0.1530935,-0.1549687,-0.1570192,0
-0.004091464,-0.109651,-9.295753,-0.007389805,-0.006848921,0.002398859,84.20268,236.4198,-233.5449,237.4487,-239.5207,0.03315954,-0.04077433,-2.507184e-05,-0.1544494,-0.1525713,-0.1551216,-0.1564751,0
-0.06960397,-0.170021,-9.364491,-0.008638415,-0.007749329,0.001937947,84.29938,235.9251,-233.5585,236.8575,-239.5795,0.03316706,-0.04077914,-2.066525e-05,-0.1541262,-0.1525801,-0.1547353,-0.1565136,0
-0.007754877,-0.1128425,-9.282598,-0.008262381,-0.00735508,0.002350752,84.39607,236.3625,-233.2955,237.3312,-239.3136,0.03318081,-0.04077604,-1.120221e-05,-0.1544119,-0.1524083,-0.1550448,-0.1563399,0
-0.142211,-0.23698,-9.461847,-0.00962192,-0.008682963,0.001255319,84.49275,236.1941,-233.7956,237.0459,-239.8418,0.03317903,-0.04078879,-1.195787e-05,-0.1543019,-0.1527351,-0.1548584,-0.1566849,0
0.1981336,0.0774472,-9.024925,-0.006881022,-0.005857402,0.00378006,84.58944,236.4641,-233.6967,237.5633,-239.7139,0.03317006,-0.04075584,-8.714178e-06,-0.1544783,-0.1526704,-0.1551964,-0.1566013,0
0.1273352,0.0121555,-9.118333,-0.007936781,-0.006730031,0.003229676,84.68613,236.7364,-233.5393,237.7587,-239.5947,0.03317368,-0.04073761,9.934356e-06,-0.1546562,-0.1525676,-0.1553241,-0.1565235,0
-0.07764284,-0.1771226,-9.394917,-0.009907094,-0.008718621,0.001497441,84.78281,236.8858,-234.3004,237.7386,-240.3884,0.03316783,-0.04075205,1.227395e-05,-0.1547538,-0.1530648,-0.155311,-0.157042,0
-0.001349598,-0.1067145,-9.313865,-0.008886661,-0.007921231,0.002023984,84.8795,237.2615,-234.5731,238.1984,-240.6391,0.03317118,-0.04075867,1.204233e-05,-0.1549993,-0.1532429,-0.1556113,-0.1572058,0
0.1091246,-0.004626319,-9.176062,-0.008169147,-0.007043174,0.002839623,84.9762,237.479,-234.5077,238.4905,-240.5776,0.03318363,-0.04075544,2.188744e-05,-0.1551413,-0.1532002,-0.1558021,-0.1571656,0
0.2009333,0.08032341,-9.06175,-0.008095622,-0.006611787,0.003400443,85.07289,237.935,-234.5617,238.9761,-240.6486,0.03319925,-0.04074555,4.093923e-05,-0.1554392,-0.1532355,-0.1561194,-0.157212,0
-0.4701541,-0.5396219,-9.954814,-0.01358231,-0.01228247,-0.001789834,85.16959,238.1556,-235.6507,238.7132,-241.8249,0.03317438,-0.04077633,4.221241e-05,-0.1555834,-0.1539469,-0.1559476,-0.1579804,0
0.03668193,-0.07155649,-9.317296,-0.008805973,-0.007649317,0.001909742,85.2663,238.2576,-236.2226,239.224,-242.312,0.03316931,-0.04078869,2.006971e-05,-0.15565,-0.1543205,-0.1562813,-0.1582986,0
-0.1072365,-0.2046133,-9.505173,-0.009623138,-0.008487112,0.001098947,85.36301,238.1992,-235.6745,239.0923,-241.7997,0.03316799,-0.04079977,2.154813e-05,-0.1556118,-0.1539624,-0.1561953,-0.1579639,0
0.0753136,-0.03596847,-9.254211,-0.008345166,-0.006899185,0.002419751,85.45975,238.2067,-235.3195,239.2233,-241.4466,0.03317693,-0.04079695,2.120697e-05,-0.1556167,-0.1537305,-0.1562809,-0.1577333,0
0.1031523,-0.01014959,-9.21436,-0.008631415,-0.006930678,0.002629095,85.55647,238.1961,-235.3032,239.2014,-241.4537,0.03318573,-0.04079192,3.104698e-05,-0.1556098,-0.1537199,-0.1562665,-0.157738,0
-0.06642722,-0.1667428,-9.440736,-0.01031306,-0.008569475,0.001255064,85.65321,238.5798,-235.5296,239.4448,-241.7139,0.03318489,-0.04079488,4.160522e-05,-0.1558605,-0.1538678,-0.1564256,-0.1579079,0
-0.0301283,-0.1331879,-9.408068,-0.01011263,-0.008378487,0.001385361,85.74997,238.6767,-236.2006,239.5603,-242.3829,0.03317606,-0.04080609,3.655077e-05,-0.1559238,-0.1543062,-0.156501,-0.158345,0
-0.1932791,-0.2840264,-9.633307,-0.0109312,-0.009442055,0.0002233054,85.84673,239.0681,-236.151,239.8757,-242.3591,0.03314832,-0.04078657,3.975633e-05,-0.1561795,-0.1542738,-0.156707,-0.1583294,0
0.0239864,-0.08328806,-9.352317,-0.009383267,-0.007709982,0.001776717,85.9435,238.5753,-236.7463,239.5228,-242.9543,0.03310963,-0.0407748,2.187979e-05,-0.1558575,-0.1546627,-0.1564765,-0.1587183,0
-0.122271,-0.2185708,-9.543657,-0.009810627,-0.008536054,0.0008931982,86.04028,239.0158,-235.9626,239.9116,-242.1815,0.03311199,-0.0407791,2.632461e-05,-0.1561453,-0.1541507,-0.1567305,-0.1582134,0
0.07932982,-0.03225611,-9.269214,-0.008595977,-0.007088063,0.002323427,86.13707,238.6676,-235.9958,239.6825,-242.2303,0.03308346,-0.04073722,2.421192e-05,-0.1559178,-0.1541724,-0.1565809,-0.1582453,0
0.04233848,-0.0663474,-9.317388,-0.009209275,-0.007735966,0.00207326,86.23387,238.8254,-235.9752,239.7906,-242.2347,0.0330711,-0.04072213,3.304224e-05,-0.156021,-0.1541589,-0.1566515,-0.1582482,0
0.03383058,-0.07415942,-9.333895,-0.009401865,-0.008111889,0.00189715,86.33069,238.9915,-236.2587,239.9355,-242.5212,0.03306732,-0.04073302,3.242867e-05,-0.1561294,-0.1543442,-0.1567461,-0.1584353,0
-0.1025911,-0.2002533,-9.520627,-0.01015071,-0.009204853,0.0008830559,86.42752,239.3634,-236.2342,240.2346,-242.5074,0.03307102,-0.0407384,3.894519e-05,-0.1563724,-0.1543281,-0.1569415,-0.1584263,0
-0.004957842,-0.1099913,-9.398273,-0.00969616,-0.008653644,0.001516217,86.52435,239.1347,-236.8375,240.0514,-243.118,0.03305547,-0.04074158,3.295458e-05,-0.156223,-0.1547222,-0.1568218,-0.1588252,0
-0.1367607,-0.2318393,-9.578799,-0.01037305,-0.009607626,0.0005975256,86.6212,239.5376,-236.6625,240.3883,-242.9669,0.03302569,-0.04072811,3.451153e-05,-0.1564862,-0.1546079,-0.1570419,-0.1587265,0
-0.07596513,-0.1757101,-9.499714,-0.009763614,-0.00910885,0.001012414,86.71806,239.222,-236.966,240.1207,-243.2743,0.03300267,-0.04073165,2.076798e-05,-0.15628,-0.1548062,-0.1568671,-0.1589273,0
-0.3826864,-0.4592362,-9.898122,-0.01145671,-0.01132571,-0.001105897,86.81493,239.0138,-236.9052,239.739,-243.2401,0.03298759,-0.04076442,6.72112e-06,-0.156144,-0.1547665,-0.1566178,-0.158905,0
-0.2243701,-0.3131524,-9.679482,-0.009474192,-0.009611711,0.0002136047,86.91182,238.5408,-236.5476,239.4201,-242.8568,0.03298383,-0.04078865,-1.642472e-05,-0.155835,-0.1545329,-0.1564094,-0.1586545,0
0.212239,0.09019638,-9.08669,-0.006034064,-0.005993071,0.003713434,87.00873,238.101,-235.5282,239.2838,-241.8067,0.03300517,-0.04078828,-2.01586e-05,-0.1555477,-0.1538669,-0.1563204,-0.1579686,0
0.1754225,0.05635229,-9.108845,-0.007124337,-0.006792561,0.003500976,87.10564,238.2334,-234.5885,239.3379,-240.911,0.03303226,-0.04077912,3.497595e-06,-0.1556342,-0.153253,-0.1563557,-0.1573834,0
-0.07508003,-0.1748622,-9.43306,-0.009995688,-0.00956974,0.001380919,87.20256,238.1807,-235.3769,239.0418,-241.7484,0.03303061,-0.04079656,9.939426e-06,-0.1555997,-0.153768,-0.1561623,-0.1579304,0
-0.1905149,-0.2815729,-9.604536,-0.01047074,-0.0105008,0.0004432207,87.29948,238.5181,-235.9761,239.3219,-242.3404,0.03301437,-0.04081313,4.86662e-06,-0.1558201,-0.1541595,-0.1563453,-0.1583172,0
0.001755349,-0.1040309,-9.363119,-0.008564645,-0.008727405,0.001913191,87.39642,238.5005,-236.0099,239.4661,-242.3514,0.03300394,-0.040817,-2.976256e-06,-0.1558087,-0.1541816,-0.1564395,-0.1583244,0
-0.3091644,-0.3913624,-9.764685,-0.01069172,-0.01107133,-0.0002950847,87.49337,238.5074,-235.7366,239.2779,-242.121,0.03300231,-0.04084172,-2.687192e-06,-0.1558132,-0.1540031,-0.1563165,-0.1581739,0
-0.2777457,-0.3624121,-9.717745,-0.01018972,-0.0106236,-7.389701e-05,87.59033,237.8959,-236.1475,238.6988,-242.5291,0.03298998,-0.04087802,-2.719636e-05,-0.1554137,-0.1542715,-0.1559382,-0.1584404,0
-0.1415036,-0.2367291,-9.530725,-0.008330321,-0.008992294,0.001217769,87.68729,237.8926,-235.162,238.8444,-241.5208,0.03300325,-0.04089063,-3.186541e-05,-0.1554115,-0.1536277,-0.1560333,-0.1577818,0
-0.06534004,-0.1662895,-9.406609,-0.008188041,-0.00852179,0.001847696,87.78426,237.4398,-234.637,238.4143,-241.0197,0.03301876,-0.0408988,-2.946424e-05,-0.1551157,-0.1532847,-0.1557524,-0.1574544,0
0.04127087,-0.0676783,-9.256255,-0.007884301,-0.007983293,0.002620429,87.88124,237.4024,-234.4613,238.4146,-240.8608,0.03301019,-0.04087958,-2.265118e-05,-0.1550913,-0.1531699,-0.1557525,-0.1573506,0
-0.1248958,-0.2211254,-9.473526,-0.009416154,-0.009612007,0.001322736,87.97823,237.4407,-234.6681,238.3154,-241.0919,0.03301157,-0.04090015,-1.972203e-05,-0.1551163,-0.153305,-0.1556877,-0.1575016,0
-0.117432,-0.2142785,-9.469225,-0.00907752,-0.009483268,0.001344175,88.07521,237.5754,-234.7649,238.4734,-241.1867,0.03299728,-0.04089442,-2.11183e-05,-0.1552043,-0.1533683,-0.1557909,-0.1575635,0
0.1209759,0.006016999,-9.158952,-0.007369427,-0.007651135,0.00312754,88.17221,237.4983,-234.7388,238.5537,-241.1544,0.0329827,-0.04087123,-1.874855e-05,-0.1551539,-0.1533512,-0.1558434,-0.1575424,0
-0.3050919,-0.3876063,-9.714817,-0.01070276,-0.01121696,-4.12885e-05,88.26921,237.6157,-234.8072,238.3715,-241.2836,0.03296541,-0.04088667,-1.498457e-05,-0.1552306,-0.1533959,-0.1557244,-0.1576268,0
-0.03354608,-0.1368143,-9.363876,-0.008172005,-0.008849534,0.001914654,88.36621,237.4496,-235.0657,238.4164,-241.4962,0.03297009,-0.04090818,-2.96086e-05,-0.1551221,-0.1535648,-0.1557537,-0.1577657,0
-0.4183854,-0.4924605,-9.862476,-0.01070047,-0.01172533,-0.0007510555,88.46323,237.1915,-234.8834,237.9185,-241.3588,0.03296428,-0.04094397,-3.58166e-05,-0.1549535,-0.1534457,-0.1554285,-0.1576759,0
0.01260075,-0.0943817,-9.287312,-0.006968787,-0.007895572,0.002505058,88.56025,236.9939,-234.3596,238.0451,-240.7846,0.03298213,-0.04095507,-4.659938e-05,-0.1548244,-0.1531035,-0.1555112,-0.1573009,0
-0.1090928,-0.2067412,-9.429639,-0.008263322,-0.009027489,0.001752278,88.65727,236.8212,-233.7312,237.7657,-240.198,0.03300108,-0.0409642,-3.428784e-05,-0.1547116,-0.152693,-0.1553287,-0.1569176,0
-0.04544816,-0.1478221,-9.33755,-0.008312766,-0.008826781,0.002090672,88.7543,236.6147,-234.02,237.5624,-240.4994,0.03299962,-0.04097508,-3.687187e-05,-0.1545767,-0.1528816,-0.1551958,-0.1571145,0
-0.2218135,-0.3108153,-9.572421,-0.009357304,-0.01014539,0.0008259263,88.85132,236.9407,-233.8073,237.7883,-240.3031,0.0329986,-0.04097867,-3.025037e-05,-0.1547897,-0.1527427,-0.1553434,-0.1569863,0
0.1230928,0.007912201,-9.12101,-0.007003609,-0.007524566,0.003304886,88.94835,236.656,-234.0812,237.7187,-240.5484,0.03301301,-0.04099005,-3.335786e-05,-0.1546037,-0.1529216,-0.1552979,-0.1571466,0
-0.2405355,-0.3280316,-9.597831,-0.00981806,-0.01048646,0.0006665186,89.04539,236.9623,-233.8973,237.774,-240.4133,0.03301708,-0.0410128,-2.317264e-05,-0.1548038,-0.1528015,-0.155334,-0.1570583,0
-0.1294705,-0.2254543,-9.454795,-0.008831641,-0.009449452,0.001367116,89.14242,236.8743,-234.2086,237.7733,-240.7188,0.03300275,-0.04100983,-3.135121e-05,-0.1547463,-0.1530048,-0.1553336,-0.1572579,0
0.1256854,0.010292,-9.123455,-0.006893702,-0.007353182,0.003356737,89.23946,236.9343,-233.9272,238.0104,-240.4168,0.03302452,-0.04101304,-2.336994e-05,-0.1547855,-0.152821,-0.1554885,-0.1570606,0
-0.1128767,-0.2100002,-9.431659,-0.009272151,-0.009557404,0.001512643,89.3365,237.111,-233.9458,237.9881,-240.4865,0.03303151,-0.0410295,-1.119706e-05,-0.1549009,-0.1528331,-0.1554739,-0.1571061,0
-0.04602239,-0.1482251,-9.353571,-0.008783303,-0.009022236,0.001862626,89.43353,237.3653,-234.3024,238.2886,-240.8339,0.03304054,-0.04104219,-9.110076e-06,-0.1550671,-0.1530661,-0.1556703,-0.157333,0
0.06167037,-0.04868252,-9.223068,-0.008165881,-0.008221267,0.002636769,89.53059,237.3678,-234.6477,238.3531,-241.1774,0.03304794,-0.04105615,-6.395625e-06,-0.1550687,-0.1532917,-0.1557124,-0.1575574,0
0.2805149,0.1535532,-8.94395,-0.006741331,-0.006492172,0.00422233,89.62764,237.9762,-234.3073,239.1042,-240.8269,0.03307147,-0.04105119,1.207893e-05,-0.1554661,-0.1530693,-0.156203,-0.1573285,0
0.04297744,-0.06573328,-9.262624,-0.009417491,-0.008829148,0.002254022,89.7247,238.3692,-234.7763,239.2851,-241.3531,0.03308063,-0.04105674,3.332494e-05,-0.1557229,-0.1533757,-0.1563212,-0.1576723,0
-0.1172219,-0.2136908,-9.496776,-0.01089773,-0.01025838,0.0008088087,89.82176,238.6325,-236.0383,239.4226,-242.6335,0.03306657,-0.04108418,3.042435e-05,-0.1558949,-0.1542002,-0.1564111,-0.1585087,0
-0.07778489,-0.1774271,-9.47111,-0.009870728,-0.009425409,0.001111827,89.91884,239.0482,-236.3266,239.9213,-242.9098,0.0330381,-0.0410807,2.363968e-05,-0.1561665,-0.1543885,-0.1567368,-0.1586892,0
-0.01530305,-0.1197968,-9.393206,-0.009120378,-0.008553507,0.001638193,90.01591,238.9474,-236.2809,239.8879,-242.868,0.03303727,-0.04109664,1.755511e-05,-0.1561006,-0.1543586,-0.156715,-0.1586619,0
-0.2233982,-0.3121335,-9.6604,-0.01052323,-0.009949401,0.0001618601,90.11301,239.0103,-236.0451,239.8274,-242.6728,0.03302645,-0.04110017,1.823323e-05,-0.1561417,-0.1542046,-0.1566755,-0.1585343,0
0.0165867,-0.09041587,-9.343607,-0.00876997,-0.007942151,0.001917629,90.21011,238.7061,-236.2306,239.6828,-242.8501,0.03301274,-0.04109503,8.40671e-06,-0.155943,-0.1543258,-0.156581,-0.1586502,0
-0.2341982,-0.3221693,-9.668797,-0.01046681,-0.009839308,0.0001763066,90.30723,238.7839,-235.95,239.6014,-242.6026,0.03300832,-0.04111296,8.30079e-06,-0.1559938,-0.1541424,-0.1565279,-0.1584885,0
-0.2208948,-0.3099591,-9.645561,-0.01005437,-0.009503594,0.000266634,90.40436,238.5588,-235.9668,239.404,-242.6182,0.03300567,-0.04112916,-3.778823e-06,-0.1558467,-0.1541535,-0.1563989,-0.1584987,0
-0.1790756,-0.2713828,-9.58435,-0.009488097,-0.00896947,0.0007161351,90.5015,238.1931,-235.8187,239.0804,-242.4709,0.03300492,-0.04114451,-1.382339e-05,-0.1556079,-0.1540567,-0.1561875,-0.1584025,0
-0.09965286,-0.1980475,-9.468102,-0.008722076,-0.008159394,0.001422831,90.59865,238.1851,-235.1587,239.138,-241.812,0.03301547,-0.04114801,-1.328352e-05,-0.1556026,-0.1536255,-0.1562251,-0.1579721,0
-0.2100122,-0.2999529,-9.599901,-0.009836638,-0.009167894,0.0006092994,90.6958,237.7921,-235.1961,238.6474,-241.8809,0.03301422,-0.04116266,-1.83783e-05,-0.1553459,-0.15365,-0.1559046,-0.158017,0
-0.05102237,-0.153097,-9.387687,-0.008418965,-0.007767953,0.00184729,90.79298,237.5859,-235.1186,238.5588,-241.7846,0.03301635,-0.04117445,-2.84913e-05,-0.1552112,-0.1535994,-0.1558467,-0.1579541,0
-0.3356612,-0.4161461,-9.750123,-0.01025546,-0.009839752,-0.0001286476,90.89014,237.4781,-234.6896,238.2773,-241.3912,0.03301566,-0.04119072,-3.110449e-05,-0.1551407,-0.1533191,-0.1556628,-0.1576971,0
-0.3065523,-0.3893196,-9.699806,-0.009729732,-0.009362692,0.0001230405,90.98732,236.9494,-234.7039,237.7846,-241.4033,0.03301316,-0.0412089,-4.828056e-05,-0.1547954,-0.1533284,-0.155341,-0.157705,0
0.007823274,-0.09891757,-9.276009,-0.00704945,-0.006597586,0.002661387,91.08451,236.655,-234.0029,237.7225,-240.6724,0.03302907,-0.04120909,-5.326179e-05,-0.154603,-0.1528705,-0.1553004,-0.1572275,0
-0.006997302,-0.1125106,-9.274372,-0.007585639,-0.006895803,0.002635496,91.1817,236.6524,-233.177,237.684,-239.8767,0.0330513,-0.04120081,-3.846558e-05,-0.1546013,-0.1523309,-0.1552752,-0.1567077,0
-0.3851835,-0.4617892,-9.760065,-0.01097304,-0.01028621,-0.0003109377,91.27888,236.2636,-233.821,236.9956,-240.5783,0.03304101,-0.04122421,-4.416068e-05,-0.1543474,-0.1527516,-0.1548255,-0.1571661,0
-0.4671951,-0.537747,-9.873856,-0.01059369,-0.01043414,-0.0008453171,91.37608,236.2153,-233.9153,236.953,-240.6503,0.03303392,-0.04124773,-6.202387e-05,-0.1543158,-0.1528132,-0.1547977,-0.1572131,0
-0.2303081,-0.3190145,-9.552719,-0.008155161,-0.008039342,0.001129075,91.47327,235.4762,-233.523,236.4146,-240.2305,0.0330364,-0.04126459,-8.372906e-05,-0.1538329,-0.152557,-0.1544459,-0.1569389,0
-0.2972596,-0.3809607,-9.61242,-0.008248921,-0.008173064,0.0009151513,91.57047,235.2057,-232.2726,236.128,-239.0004,0.03305236,-0.0412682,-8.468436e-05,-0.1536562,-0.1517401,-0.1542588,-0.1561353,0
0.1163297,0.001283091,-9.042711,-0.005603634,-0.005026459,0.004016403,91.66766,234.6961,-231.6254,235.8677,-238.3359,0.03308436,-0.04125144,-8.029254e-05,-0.1533233,-0.1513172,-0.1540887,-0.1557011,0
-0.08440153,-0.1839376,-9.290815,-0.008017696,-0.007232619,0.002525679,91.76485,234.8607,-231.2606,235.8356,-238.0232,0.03310724,-0.04124121,-5.482142e-05,-0.1534309,-0.1510789,-0.1540677,-0.1554968,0
-0.3121642,-0.3942197,-9.593979,-0.0102055,-0.009479094,0.0005699311,91.86203,234.9241,-232.0796,235.7068,-238.8694,0.03310422,-0.04125623,-5.423671e-05,-0.1534722,-0.151614,-0.1539836,-0.1560496,0
-0.1259589,-0.2222575,-9.367672,-0.008210606,-0.007721611,0.001952551,91.95921,235.0109,-232.3749,235.9585,-239.1218,0.03311051,-0.04126456,-6.135427e-05,-0.153529,-0.1518069,-0.154148,-0.1562146,0
-0.4183968,-0.4925011,-9.747911,-0.01010058,-0.009780031,-0.0001040323,92.05638,234.6887,-232.373,235.4593,-239.1579,0.03310341,-0.04128917,-7.068395e-05,-0.1533185,-0.1518057,-0.1538219,-0.1562381,0
-0.3593309,-0.4381043,-9.660115,-0.008818327,-0.008651731,0.0004550306,92.15354,234.4238,-231.9045,235.2931,-238.674,0.03310911,-0.04130135,-8.612261e-05,-0.1531454,-0.1514996,-0.1537133,-0.155922,0
0.02508028,-0.08293732,-9.136477,-0.005859164,-0.005353378,0.00350663,92.2507,233.8354,-231.1492,234.9723,-237.8961,0.03313471,-0.04129215,-8.855175e-05,-0.152761,-0.1510061,-0.1535038,-0.1554138,0
-0.2979893,-0.3812947,-9.535116,-0.008807899,-0.008167821,0.001188935,92.34785,233.9185,-230.3608,234.8052,-237.1743,0.03315424,-0.04128644,-6.919504e-05,-0.1528153,-0.1504911,-0.1533946,-0.1549422,0
-0.4130626,-0.4875035,-9.679745,-0.009985311,-0.009324473,0.0001399688,92.44499,233.4593,-231.1064,234.2395,-237.9372,0.03315024,-0.04130314,-8.101073e-05,-0.1525153,-0.1509782,-0.153025,-0.1554406,0
-0.05511344,-0.1568738,-9.216716,-0.006617432,-0.006110403,0.002946486,92.54213,233.575,-230.635,234.6432,-237.4085,0.0331726,-0.04129533,-8.126998e-05,-0.1525909,-0.1506703,-0.1532887,-0.1550953,0
0.1268421,0.01140781,-8.965324,-0.005883495,-0.004926125,0.004332365,92.63925,233.4974,-230.0663,234.6528,-236.8585,0.03319214,-0.04126653,-6.388364e-05,-0.1525402,-0.1502987,-0.153295,-0.154736,0
0.009272726,-0.09699516,-9.115551,-0.00759862,-0.006374703,0.003294168,92.73637,234.0823,-229.9169,235.1103,-236.7478,0.03322087,-0.04124571,-3.298182e-05,-0.1529223,-0.1502012,-0.1535939,-0.1546637,0
-0.03248265,-0.1353165,-9.187846,-0.008837948,-0.007370794,0.002647751,92.83347,234.302,-231.1017,235.2408,-237.9519,0.03322839,-0.04124351,-1.937339e-05,-0.1530659,-0.1509751,-0.1536792,-0.1554502,0
0.04384912,-0.06473497,-9.119787,-0.008270219,-0.006854384,0.003061132,92.93056,235.0646,-231.6883,236.0603,-238.5213,0.03323644,-0.0412414,-6.809601e-06,-0.1535641,-0.1513584,-0.1542145,-0.1558222,0
-0.1764576,-0.2682567,-9.429079,-0.009953047,-0.00856404,0.001289981,93.02764,235.5837,-232.1254,236.4398,-238.9895,0.03323905,-0.04124473,4.437047e-06,-0.1539032,-0.1516439,-0.1544625,-0.1561281,0
-0.1078999,-0.2049105,-9.357019,-0.009427272,-0.007872459,0.001661926,93.12473,235.65,-232.8795,236.5616,-239.7425,0.03323726,-0.04125104,1.043936e-06,-0.1539465,-0.1521365,-0.154542,-0.1566201,0
-0.1822516,-0.2736613,-9.467024,-0.009717036,-0.008165359,0.00115016,93.22179,236.0069,-232.8622,236.8962,-239.7393,0.03323906,-0.04125355,5.604663e-06,-0.1541796,-0.1521252,-0.1547606,-0.1566179,0
0.01310664,-0.09314455,-9.214993,-0.008359155,-0.006488322,0.002538344,93.31886,235.9753,-233.0024,236.9976,-239.8792,0.03323749,-0.04124282,4.165564e-06,-0.154159,-0.1522169,-0.1548269,-0.1567094,0
0.2030956,0.0824591,-8.969707,-0.007202866,-0.005019554,0.003962649,93.41594,236.4269,-232.6149,237.5719,-239.4968,0.03325043,-0.04120881,2.383074e-05,-0.154454,-0.1519637,-0.155202,-0.1564595,0
-0.4055443,-0.4796997,-9.770732,-0.01255063,-0.01036243,-0.0007602069,93.513,236.3721,-233.6227,237.0524,-240.5986,0.03322823,-0.04122942,2.575189e-05,-0.1544182,-0.1526221,-0.1548626,-0.1571793,0
0.04580453,-0.06286253,-9.203095,-0.008219717,-0.006242583,0.00253048,93.61008,236.899,-233.7631,237.9521,-240.6591,0.03323565,-0.04122076,1.83872e-05,-0.1547624,-0.1527138,-0.1554504,-0.1572188,0
-0.1254778,-0.2210426,-9.429029,-0.009826989,-0.007707363,0.001354252,93.70715,236.7541,-233.7609,237.6758,-240.7061,0.03323516,-0.04122099,2.564941e-05,-0.1546678,-0.1527124,-0.1552699,-0.1572495,0
0.1688926,0.05097347,-9.046019,-0.007786144,-0.005371017,0.003435688,93.80423,237.1828,-233.6197,238.2998,-240.5468,0.03324804,-0.04120431,3.354893e-05,-0.1549479,-0.1526201,-0.1556776,-0.1571454,0
-0.02154652,-0.1248269,-9.302401,-0.009847914,-0.007271505,0.001936332,93.90131,237.1599,-234.1748,238.1075,-241.1495,0.03324123,-0.04120684,3.924028e-05,-0.1549329,-0.1529827,-0.1555519,-0.1575392,0
-0.385354,-0.4610443,-9.791466,-0.01214091,-0.009962318,-0.0008352316,93.99838,237.6691,-234.4788,238.4039,-241.4837,0.03322783,-0.04121679,3.846074e-05,-0.1552655,-0.1531813,-0.1557456,-0.1577575,0
0.03192077,-0.07557761,-9.256114,-0.008682379,-0.006380561,0.002239725,94.09547,237.3713,-234.8899,238.4122,-241.8492,0.03322594,-0.04121552,2.367087e-05,-0.155071,-0.1534499,-0.155751,-0.1579963,0
-0.1748992,-0.2666825,-9.524452,-0.01016624,-0.007916659,0.0008810705,94.19257,237.3678,-234.5659,238.2755,-241.5664,0.03321616,-0.04122411,2.245887e-05,-0.1550687,-0.1532382,-0.1556616,-0.1578116,0
0.01935676,-0.08727051,-9.262842,-0.008427517,-0.006113796,0.00231853,94.28966,237.6343,-233.9639,238.7007,-240.9542,0.03322215,-0.04119718,2.633221e-05,-0.1552428,-0.152845,-0.1559395,-0.1574116,0
-0.1555525,-0.2487055,-9.486031,-0.0104723,-0.007955674,0.0009855736,94.38676,237.1664,-234.502,238.0647,-241.5491,0.03320327,-0.04118763,2.699972e-05,-0.1549371,-0.1531965,-0.1555239,-0.1578003,0
-0.4555572,-0.525971,-9.885388,-0.01222659,-0.01021656,-0.001250946,94.48387,237.3363,-234.7991,238.0593,-241.8719,0.03316104,-0.04118956,1.280753e-05,-0.1550481,-0.1533906,-0.1555204,-0.1580112,0
-0.06065815,-0.1613091,-9.369504,-0.008259626,-0.006531028,0.001818084,94.58099,237.0403,-234.4466,238.0948,-241.4583,0.03316329,-0.04118947,-7.005925e-06,-0.1548547,-0.1531603,-0.1555437,-0.157741,0
-0.3004919,-0.3829033,-9.662067,-0.01002154,-0.008405518,0.0002863353,94.67812,236.6554,-233.7454,237.5503,-240.8076,0.03316494,-0.04119183,-6.061588e-06,-0.1546033,-0.1527022,-0.1551879,-0.1573159,0
-0.405943,-0.4803349,-9.782293,-0.01074747,-0.009255821,-0.0005019367,94.77523,236.2068,-233.7498,237.0273,-240.8315,0.03315455,-0.04120646,-2.229131e-05,-0.1543103,-0.1527051,-0.1548463,-0.1573314,0
-0.1938685,-0.2844931,-9.495217,-0.008541092,-0.007299362,0.001258805,94.87236,235.9059,-233.2008,236.9053,-240.251,0.033161,-0.04120682,-3.399048e-05,-0.1541137,-0.1523465,-0.1547665,-0.1569523,0
-0.2955603,-0.3784179,-9.606533,-0.009347769,-0.008180304,0.0006610487,94.96948,235.3807,-232.7191,236.3026,-239.7985,0.03316223,-0.04121424,-4.029549e-05,-0.1537705,-0.1520317,-0.1543728,-0.1566566,0
-0.3449462,-0.4240775,-9.653557,-0.009441407,-0.00849632,0.0003826508,95.0666,235.1867,-232.2103,236.0891,-239.2961,0.03316825,-0.04121767,-4.581556e-05,-0.1536438,-0.1516994,-0.1542334,-0.1563284,0
-0.3626132,-0.4403788,-9.661661,-0.00950601,-0.008694323,0.000334955,95.16373,234.4726,-232.2362,235.3578,-239.3298,0.03316468,-0.04123294,-6.177065e-05,-0.1531773,-0.1517163,-0.1537556,-0.1563504,0
-0.1549063,-0.248545,-9.375258,-0.007427844,-0.006804943,0.002073976,95.26085,234.4456,-231.2709,235.5037,-238.3367,0.0331839,-0.041227,-6.24919e-05,-0.1531596,-0.1510857,-0.1538509,-0.1557017,0
-0.3739692,-0.4508244,-9.639647,-0.009478272,-0.008843401,0.0004935907,95.35796,233.9306,-231.0338,234.8087,-238.148,0.03318988,-0.04123467,-6.225429e-05,-0.1528232,-0.1509308,-0.1533969,-0.1555784,0
-0.02492293,-0.1282897,-9.1745,-0.006818244,-0.006136145,0.003090854,95.45506,233.7598,-230.8366,234.8717,-237.9114,0.03320701,-0.04123081,-6.584448e-05,-0.1527117,-0.1508019,-0.153438,-0.1554238,0
-0.1141807,-0.210645,-9.282741,-0.007786312,-0.007123444,0.002503914,95.55217,233.7632,-230.4167,234.7934,-237.5172,0.03322295,-0.04122918,-5.406014e-05,-0.1527138,-0.1505276,-0.1533869,-0.1551663,0
-0.1910376,-0.2815576,-9.378704,-0.008628391,-0.007976348,0.001819714,95.64925,234.0005,-230.3551,234.9633,-237.4724,0.0332398,-0.04122503,-4.188999e-05,-0.1528689,-0.1504874,-0.1534979,-0.155137,0
-0.1149101,-0.2110813,-9.28615,-0.008484237,-0.007717253,0.002259974,95.74633,233.9058,-230.9429,234.8901,-238.061,0.03324766,-0.04122943,-3.845005e-05,-0.152807,-0.1508714,-0.15345,-0.1555215,0
-0.2515851,-0.3373405,-9.475605,-0.00941476,-0.008821848,0.001222952,95.84339,234.3965,-230.9131,235.2983,-238.0441,0.0332551,-0.04123526,-2.843949e-05,-0.1531276,-0.1508519,-0.1537167,-0.1555105,0
-0.1269699,-0.2221611,-9.319249,-0.008575641,-0.007852266,0.002035114,95.94044,234.1567,-231.4532,235.1369,-238.5777,0.03325567,-0.04124808,-3.65336e-05,-0.1529709,-0.1512047,-0.1536113,-0.1558591,0
-0.2616465,-0.3466592,-9.499196,-0.009196027,-0.008650707,0.001143579,96.0375,234.3844,-231.1658,235.3056,-238.3063,0.03325778,-0.04125133,-3.294925e-05,-0.1531197,-0.151017,-0.1537215,-0.1556818,0
0.06819217,-0.04186372,-9.063221,-0.006895131,-0.006006205,0.0035488,96.13454,234.4718,-230.8488,235.6136,-237.9729,0.03327777,-0.04123022,-2.264456e-05,-0.1531768,-0.1508099,-0.1539227,-0.155464,0
-0.04596085,-0.1471043,-9.212873,-0.008693635,-0.007479977,0.002605215,96.23157,234.4056,-231.2924,235.4071,-238.4617,0.03328103,-0.04123647,-1.185362e-05,-0.1531335,-0.1510997,-0.1537878,-0.1557833,0
-0.1522473,-0.2453101,-9.365344,-0.009326408,-0.008302344,0.001693979,96.3286,234.9601,-231.5129,235.9029,-238.6857,0.03328227,-0.0412449,-7.721749e-06,-0.1534958,-0.1512438,-0.1541117,-0.1559296,0
-0.2333056,-0.3202263,-9.481747,-0.009745188,-0.008821191,0.001046494,96.42563,234.9621,-231.8867,235.8673,-239.0687,0.03328371,-0.04125373,-8.525018e-06,-0.1534971,-0.151488,-0.1540884,-0.1561799,0
-0.162542,-0.2548532,-9.394487,-0.009146897,-0.008136075,0.001579446,96.52264,234.9767,-232.0326,235.9385,-239.2164,0.03328104,-0.04125585,-9.834399e-06,-0.1535066,-0.1515833,-0.154135,-0.1562764,0
-0.09181794,-0.1895059,-9.303665,-0.008599235,-0.007480053,0.002119043,96.61964,235.1736,-231.7923,236.191,-238.9875,0.03327094,-0.04123568,-5.406502e-06,-0.1536353,-0.1514263,-0.1542999,-0.1561268,0
-0.08125646,-0.1796817,-9.289145,-0.00876333,-0.007524046,0.002149316,96.71666,235.1799,-231.8734,236.1906,-239.083,0.03327785,-0.04123672,-7.542742e-07,-0.1536394,-0.1514793,-0.1542996,-0.1561892,0
-0.2847584,-0.3676678,-9.559328,-0.01037139,-0.009234567,0.0005927474,96.81364,235.1608,-232.2738,236.0269,-239.512,0.03327054,-0.04125261,-3.255955e-06,-0.1536269,-0.1517409,-0.1541927,-0.1564695,0
0.08771779,-0.02358071,-9.078642,-0.007237108,-0.006048924,0.003368654,96.91065,235.3739,-232.0644,236.5179,-239.2577,0.03328466,-0.04124681,-3.138238e-06,-0.1537661,-0.1516041,-0.1545135,-0.1563033,0
-0.3641476,-0.440989,-9.666215,-0.01099224,-0.009837499,3.635683e-05,97.00764,235.4594,-232.0254,236.2775,-239.2931,0.03328314,-0.04125667,8.039736e-06,-0.153822,-0.1515785,-0.1543564,-0.1563264,0
-0.06840555,-0.1677404,-9.285233,-0.008734844,-0.007437286,0.002082632,97.10463,235.3748,-232.5468,236.3945,-239.7813,0.03328337,-0.04126312,-2.652989e-06,-0.1537667,-0.1519192,-0.1544328,-0.1566454,0
-0.05287557,-0.1533952,-9.270475,-0.008522296,-0.007245882,0.002324563,97.20162,235.575,-232.2334,236.6151,-239.4746,0.03329105,-0.04126336,4.734197e-06,-0.1538975,-0.1517144,-0.1545769,-0.156445,0
-0.1768366,-0.267871,-9.429371,-0.009712243,-0.008326164,0.001321731,97.2986,235.5918,-232.36,236.5331,-239.6328,0.03328971,-0.04127134,5.88033e-06,-0.1539085,-0.1517972,-0.1545234,-0.1565484,0
-0.1681821,-0.2598949,-9.423208,-0.009500466,-0.008162452,0.001367616,97.39558,235.7444,-232.4497,236.7046,-239.7227,0.03329372,-0.04127325,7.361271e-06,-0.1540081,-0.1518558,-0.1546354,-0.1566071,0
-0.1439497,-0.2374612,-9.394533,-0.009485412,-0.008036321,0.001528508,97.49257,235.6329,-232.7068,236.5993,-239.9929,0.03328508,-0.0412742,5.182977e-06,-0.1539353,-0.1520237,-0.1545666,-0.1567836,0
-0.08601728,-0.183957,-9.322048,-0.008907748,-0.00746669,0.001977763,97.58954,235.9119,-232.476,236.9328,-239.7719,0.03326292,-0.04124284,8.533405e-06,-0.1541176,-0.1518729,-0.1547845,-0.1566393,0
-0.2662996,-0.350489,-9.557161,-0.01037028,-0.009009196,0.0006054979,97.68651,235.6506,-232.8439,236.5403,-240.1767,0.03323881,-0.04124236,1.87755e-06,-0.1539469,-0.1521133,-0.1545281,-0.1569037,0
-0.2879465,-0.3706045,-9.587383,-0.009905765,-0.008899907,0.000515234,97.78349,235.762,-232.6794,236.6782,-240.0047,0.03323058,-0.0412424,-4.176924e-06,-0.1540197,-0.1520058,-0.1546182,-0.1567913,0
-0.1156881,-0.2114497,-9.355787,-0.008541675,-0.007509776,0.001859243,97.88046,235.5587,-232.4264,236.5953,-239.7426,0.03323986,-0.0412424,-5.529407e-06,-0.1538869,-0.1518406,-0.154564,-0.1566201,0
-0.2883366,-0.3709011,-9.574156,-0.01006251,-0.009065269,0.000604875,97.97743,235.3156,-232.5045,236.2162,-239.8614,0.03321921,-0.04124434,-1.072339e-05,-0.153728,-0.1518916,-0.1543163,-0.1566977,0
-0.3872522,-0.4624082,-9.700632,-0.01016887,-0.009570241,-7.007428e-05,98.0744,235.3865,-232.2296,236.26,-239.5842,0.03321934,-0.04125661,-1.836682e-05,-0.1537743,-0.151712,-0.154345,-0.1565166,0
0.02525206,-0.08126844,-9.152195,-0.007050889,-0.00627445,0.00307219,98.17137,235.012,-231.9434,236.1651,-239.2635,0.03323811,-0.04125002,-2.050697e-05,-0.1535297,-0.151525,-0.154283,-0.1563071,0
-0.3501998,-0.4280325,-9.632442,-0.01036877,-0.009625351,0.0003386617,98.26833,235.0052,-231.7673,235.8675,-239.1533,0.03323629,-0.04126467,-1.271979e-05,-0.1535252,-0.15141,-0.1540886,-0.1562351,0
0.01917457,-0.08676685,-9.150486,-0.007416628,-0.006643672,0.002974091,98.36529,235.0727,-231.7908,236.1956,-239.1345,0.03323777,-0.0412515,-1.840735e-05,-0.1535694,-0.1514253,-0.1543029,-0.1562228,0
-0.1674466,-0.2591096,-9.393544,-0.009064674,-0.008361182,0.001674302,98.46224,235.0787,-231.6721,236.0593,-239.0518,0.03324677,-0.04125573,-7.081221e-06,-0.1535732,-0.1513478,-0.1542138,-0.1561688,0
0.1209626,0.007459551,-9.017962,-0.007254034,-0.006311833,0.00367516,98.55919,235.4189,-231.668,236.5736,-239.027,0.03326599,-0.04124709,4.135105e-06,-0.1537955,-0.1513451,-0.1545499,-0.1561526,0
-0.2230673,-0.3102436,-9.477973,-0.01043389,-0.009508706,0.001008807,98.65614,235.4512,-232.3825,236.3306,-239.7967,0.03325612,-0.04126863,8.327715e-06,-0.1538166,-0.1518119,-0.1543911,-0.1566554,0
-0.1287937,-0.2232593,-9.370675,-0.009101579,-0.008429412,0.001641387,98.75307,236.1167,-232.3441,237.1081,-239.7286,0.03326597,-0.04127044,1.224316e-05,-0.1542514,-0.1517868,-0.154899,-0.156611,0
-0.2232438,-0.3104451,-9.500202,-0.01017734,-0.009337795,0.0008967622,98.85001,235.5037,-233.2174,236.4045,-240.6331,0.03325095,-0.04129831,-4.915139e-07,-0.1538509,-0.1523573,-0.1544394,-0.1572019,0
-0.1024585,-0.1990274,-9.347548,-0.008449716,-0.007817427,0.00192478,98.94696,236.1792,-232.4203,237.2244,-239.8096,0.03326295,-0.0412994,3.522274e-06,-0.1542922,-0.1518365,-0.154975,-0.1566639,0
-0.1752716,-0.2662057,-9.433601,-0.009503791,-0.008566114,0.001342298,99.04388,235.8398,-232.5,236.807,-239.9298,0.03326927,-0.04130388,7.639455e-06,-0.1540705,-0.1518886,-0.1547023,-0.1567424,0
-0.2371435,-0.3233241,-9.516891,-0.01016126,-0.009166283,0.000834522,99.14082,235.7128,-233.0063,236.6215,-240.4512,0.03325879,-0.04132462,-3.287007e-07,-0.1539875,-0.1522194,-0.1545812,-0.157083,0
-0.1900851,-0.2799696,-9.460361,-0.009194197,-0.008421123,0.001266095,99.23776,235.9384,-232.6636,236.9211,-240.093,0.03326049,-0.04133487,-5.187378e-06,-0.1541349,-0.1519955,-0.1547769,-0.156849,0
-0.2551582,-0.3401083,-9.53694,-0.009648261,-0.0088235,0.0008420549,99.33469,235.4101,-232.7504,236.3499,-240.2014,0.03325459,-0.04135337,-1.714086e-05,-0.1537898,-0.1520522,-0.1544037,-0.1569199,0
-0.145264,-0.2386597,-9.384539,-0.008428034,-0.007641377,0.001793148,99.43163,235.445,-232.1565,236.4875,-239.5968,0.03326428,-0.04135579,-1.867104e-05,-0.1538126,-0.1516642,-0.1544936,-0.1565249,0
0.09253646,-0.01884447,-9.060981,-0.007100075,-0.005943775,0.003578511,99.52856,235.5371,-231.5377,236.7167,-238.9844,0.03327854,-0.04132231,-1.335904e-06,-0.1538727,-0.15126,-0.1546433,-0.1561248,0
0.02117006,-0.08449935,-9.153046,-0.008827126,-0.007295115,0.002863418,99.62549,235.5351,-232.1107,236.5833,-239.5988,0.03328154,-0.04132527,1.150974e-05,-0.1538714,-0.1516343,-0.1545562,-0.1565261,0
-0.2112282,-0.2992037,-9.476391,-0.01047295,-0.009267991,0.0009902772,99.72241,236.1764,-232.5849,237.0728,-240.0854,0.03327571,-0.04133835,1.687148e-05,-0.1542904,-0.1519441,-0.154876,-0.156844,0
-0.1989277,-0.2878977,-9.476946,-0.01004907,-0.008995236,0.0010065,99.81933,236.1548,-233.1976,237.0837,-240.691,0.03326373,-0.04134735,8.549321e-06,-0.1542763,-0.1523444,-0.1548831,-0.1572397,0
-0.2415785,-0.3273882,-9.539142,-0.0100041,-0.009038001,0.0007802912,99.91626,236.3178,-233.0675,237.2483,-240.5706,0.03325617,-0.04134951,8.356481e-06,-0.1543828,-0.1522593,-0.1549906,-0.157161,0
-0.3314532,-0.4104541,-9.653969,-0.01059972,-0.009619142,0.0001119492,100.0132,235.9166,-233.3621,236.789,-240.8856,0.03324048,-0.0413758,-8.299646e-06,-0.1541207,-0.1524518,-0.1546906,-0.1573668,0
-0.2131813,-0.3013586,-9.494404,-0.008902961,-0.008118609,0.001171929,100.1101,235.8943,-232.741,236.9029,-240.243,0.0332449,-0.0413832,-1.766521e-05,-0.1541061,-0.1520461,-0.154765,-0.156947,0
-0.03136919,-0.1333363,-9.238062,-0.007764812,-0.006675825,0.002632688,100.207,235.4923,-232.2219,236.6108,-239.7309,0.03325928,-0.04137882,-1.572861e-05,-0.1538434,-0.1517069,-0.1545742,-0.1566125,0
-0.2652133,-0.3492813,-9.531715,-0.009988968,-0.008829192,0.0008938534,100.3039,235.4401,-232.1332,236.3661,-239.6897,0.03325816,-0.04138868,-1.109583e-05,-0.1538093,-0.151649,-0.1544143,-0.1565855,0
-0.1393893,-0.2330382,-9.368443,-0.008887437,-0.00780431,0.001769219,100.4009,235.539,-232.1503,236.5596,-239.6933,0.03325161,-0.04137678,-1.327081e-05,-0.1538739,-0.1516602,-0.1545407,-0.1565879,0
-0.2845365,-0.3671094,-9.558208,-0.0100338,-0.009060632,0.0007294265,100.4978,235.3797,-232.2841,236.2975,-239.8589,0.03323054,-0.04136625,-1.374778e-05,-0.1537699,-0.1517476,-0.1543695,-0.1566961,0
-0.002769398,-0.1067836,-9.189779,-0.007778814,-0.006781023,0.00281784,100.5947,235.4223,-232.1546,236.5388,-239.701,0.03323194,-0.04135893,-1.610151e-05,-0.1537977,-0.151663,-0.1545271,-0.156593,0
0.04765375,-0.06011178,-9.120801,-0.007673563,-0.006604788,0.003227943,100.6916,235.728,-231.6668,236.8638,-239.2242,0.03325267,-0.04134788,2.563478e-06,-0.1539975,-0.1513443,-0.1547394,-0.1562814,0
-0.2067375,-0.294964,-9.455219,-0.01035759,-0.009175831,0.001137569,100.7885,235.6852,-232.4235,236.5944,-240.0307,0.03324646,-0.04136259,7.233221e-06,-0.1539695,-0.1518386,-0.1545634,-0.1568083,0
-0.2052755,-0.293683,-9.471887,-0.009888979,-0.0090096,0.001083746,100.8854,236.0968,-232.7791,237.0379,-240.3699,0.03323793,-0.04136907,4.313717e-06,-0.1542384,-0.152071,-0.1548531,-0.1570299,0
-0.193087,-0.2824634,-9.463242,-0.009575356,-0.008756151,0.001202457,100.9823,236.1709,-232.7722,237.1418,-240.3768,0.03321517,-0.04134584,5.379517e-06,-0.1542868,-0.1520664,-0.1549211,-0.1570345,0
-0.01844721,-0.1210627,-9.235367,-0.008447965,-0.007456138,0.002478219,101.0792,235.9724,-232.9877,237.0484,-240.5906,0.03320705,-0.04134763,2.122005e-07,-0.1541571,-0.1522072,-0.15486,-0.1571741,0
-0.07375223,-0.1721815,-9.308381,-0.008700011,-0.007858961,0.002127417,101.1761,236.3647,-232.5383,237.4167,-240.1509,0.0332165,-0.04134992,9.49519e-06,-0.1544134,-0.1519137,-0.1551007,-0.1568868,0
0.004436605,-0.09983997,-9.204943,-0.008541695,-0.007504681,0.002595468,101.273,236.4674,-232.6497,237.5477,-240.2726,0.03323041,-0.04134537,2.0697e-05,-0.1544805,-0.1519864,-0.1551862,-0.1569664,0
-0.4220422,-0.49377,-9.772497,-0.01216444,-0.01125783,-0.0006887264,101.3699,236.4793,-233.5222,237.2387,-241.203,0.03321122,-0.04137487,1.911362e-05,-0.1544882,-0.1525564,-0.1549843,-0.1575742,0
-0.2096513,-0.2977229,-9.511438,-0.009654153,-0.009063864,0.0008761247,101.4668,236.6402,-233.7474,237.6024,-241.3779,0.03320273,-0.04139642,2.194142e-07,-0.1545933,-0.1527036,-0.1552219,-0.1576884,0
-0.2122124,-0.3002042,-9.510139,-0.009205465,-0.008690622,0.001071837,101.5638,236.4072,-233.2323,237.4032,-240.8717,0.03320638,-0.04140786,-4.48712e-06,-0.1544411,-0.152367,-0.1550918,-0.1573577,0
-0.1520844,-0.2446364,-9.415305,-0.008909494,-0.008165129,0.001570737,101.6607,236.0997,-232.951,237.1272,-240.6063,0.03321023,-0.04141714,-8.540915e-06,-0.1542403,-0.1521832,-0.1549115,-0.1571843,0
-0.3712813,-0.4471662,-9.693283,-0.01051163,-0.009888759,-1.513399e-09,101.7576,235.8194,-232.9571,236.696,-240.6443,0.0332,-0.04144132,-1.854317e-05,-0.1540571,-0.1521873,-0.1546299,-0.1572092,0
-0.08247225,-0.1804374,-9.308445,-0.007794011,-0.007249145,0.002247361,101.8545,235.7891,-232.3793,236.8978,-240.0277,0.033214,-0.04144139,-2.35906e-05,-0.1540373,-0.1518098,-0.1547617,-0.1568063,0
-0.2195514,-0.3069856,-9.472761,-0.009275957,-0.008586235,0.001308163,101.9514,235.526,-232.0875,236.5113,-239.7782,0.03322226,-0.04144647,-1.599167e-05,-0.1538654,-0.1516191,-0.1545091,-0.1566434,0
-0.3514326,-0.4287885,-9.640936,-0.01040542,-0.009777395,0.0002495754,102.0483,235.3245,-232.4665,236.2037,-240.1757,0.0332117,-0.04147053,-2.65898e-05,-0.1537338,-0.1518667,-0.1543082,-0.156903,0
-0.1994883,-0.2885341,-9.443645,-0.008555705,-0.008185029,0.001495311,102.1452,235.3027,-232.1271,236.3299,-239.8038,0.03321743,-0.04148062,-3.552405e-05,-0.1537196,-0.151645,-0.1543906,-0.1566601,0
-0.2382334,-0.3243236,-9.480312,-0.008874065,-0.008438047,0.001325754,102.2421,234.9227,-231.779,235.9216,-239.4767,0.03322358,-0.04149064,-3.757819e-05,-0.1534714,-0.1514176,-0.1541239,-0.1564464,0
0.07715051,-0.03287772,-9.056578,-0.006694645,-0.005984263,0.003692254,102.339,234.9172,-231.3071,236.1182,-238.9861,0.0332394,-0.04147855,-3.204685e-05,-0.1534678,-0.1511093,-0.1542523,-0.1561259,0
-0.1528625,-0.245235,-9.351104,-0.009048217,-0.008233462,0.001947812,102.4359,235.1651,-231.1007,236.1713,-238.8311,0.03324766,-0.04147,-1.195841e-05,-0.1536297,-0.1509745,-0.154287,-0.1560246,0
-0.1728608,-0.2635863,-9.385406,-0.009631148,-0.008759339,0.001571678,102.5328,235.2867,-231.8344,236.248,-239.5712,0.03324911,-0.04147904,-8.595915e-06,-0.1537091,-0.1514538,-0.1543371,-0.1565081,0
-0.215054,-0.3025733,-9.458454,-0.009784266,-0.009085547,0.001221249,102.6297,235.3689,-232.4102,236.3099,-240.1451,0.03323621,-0.04149546,-1.471117e-05,-0.1537628,-0.15183,-0.1543776,-0.1568831,0
-0.2934525,-0.3751439,-9.567281,-0.009726994,-0.009271934,0.0007082813,102.7266,235.6439,-232.1139,236.5809,-239.8511,0.03323302,-0.04150169,-1.647174e-05,-0.1539425,-0.1516364,-0.1545546,-0.156691,0
-0.3505145,-0.4278903,-9.635896,-0.01007538,-0.009562033,0.0003092948,102.8235,234.9726,-232.4875,235.8742,-240.2426,0.0332221,-0.04152802,-3.453658e-05,-0.153504,-0.1518804,-0.154093,-0.1569468,0
0.1385919,0.02389807,-8.989109,-0.005866162,-0.005228975,0.004136689,102.9203,235.2863,-231.3456,236.5618,-239.0463,0.03325226,-0.04151175,-2.662473e-05,-0.1537089,-0.1511345,-0.1545421,-0.1561652,0
-0.1590342,-0.250831,-9.360689,-0.009281874,-0.008225686,0.001869504,103.0172,235.0808,-231.2716,236.0783,-239.0551,0.03326137,-0.0415134,-8.528407e-06,-0.1535746,-0.1510862,-0.1542263,-0.156171,0
-0.1244615,-0.2188032,-9.323654,-0.009280105,-0.008195317,0.001915814,103.1141,235.4457,-231.7893,236.4479,-239.5671,0.03326517,-0.04151796,-4.071409e-06,-0.153813,-0.1514244,-0.1544678,-0.1565055,0
-0.2092237,-0.2970908,-9.450597,-0.009900201,-0.008937781,0.001239176,103.2109,235.4546,-232.3826,236.3984,-240.1675,0.03325789,-0.04153578,-7.333778e-06,-0.1538188,-0.1518119,-0.1544354,-0.1568977,0
0.03265094,-0.07368663,-9.142517,-0.007721209,-0.006725361,0.003059386,103.3078,235.7993,-232.1159,236.9375,-239.8736,0.03326429,-0.04152903,-4.401365e-06,-0.154044,-0.1516377,-0.1547876,-0.1567056,0
-0.07901704,-0.1767665,-9.286917,-0.00900685,-0.007774722,0.002206237,103.4047,236.0302,-231.9359,237.0729,-239.7355,0.0332717,-0.04151643,1.353633e-05,-0.1541949,-0.1515201,-0.154876,-0.1566155,0
-0.2640937,-0.347639,-9.536657,-0.01093595,-0.009578685,0.0006285534,103.5015,236.0807,-232.7819,236.962,-240.6167,0.03326212,-0.04153197,1.476159e-05,-0.1542279,-0.1520728,-0.1548036,-0.1571911,0
-0.03158231,-0.1328805,-9.252012,-0.00879955,-0.007513813,0.002319845,103.5984,236.4548,-232.9979,237.5218,-240.7949,0.03326365,-0.0415372,1.266683e-05,-0.1544723,-0.1522139,-0.1551693,-0.1573076,0
0.006245319,-0.09790278,-9.2076,-0.008662919,-0.007197387,0.002620507,103.6952,236.5886,-232.9121,237.678,-240.7234,0.03326898,-0.04153832,1.989996e-05,-0.1545597,-0.1521578,-0.1552714,-0.1572608,0
-0.2100627,-0.2977144,-9.493314,-0.01052593,-0.008982047,0.0009318033,103.7921,236.6857,-233.2507,237.6165,-241.1017,0.03326098,-0.04155133,2.121161e-05,-0.1546231,-0.1523791,-0.1552312,-0.157508,0
-0.1413647,-0.2343053,-9.412807,-0.009722234,-0.008216409,0.001410643,103.889,236.7839,-233.4944,237.7844,-241.3416,0.03324132,-0.04154234,1.549381e-05,-0.1546872,-0.1525382,-0.1553408,-0.1576647,0
-0.09776141,-0.1940438,-9.358315,-0.009287033,-0.007752021,0.001792749,103.9858,236.873,-233.3294,237.9146,-241.1841,0.03323642,-0.04153617,1.805156e-05,-0.1547454,-0.1524305,-0.1554259,-0.1575618,0
-0.3591624,-0.4355476,-9.698391,-0.01132625,-0.009863043,-0.0001742787,104.0827,236.838,-233.5023,237.6991,-241.4049,0.03320913,-0.04153299,1.547694e-05,-0.1547226,-0.1525435,-0.1552851,-0.1577061,0
-0.1189593,-0.2136917,-9.38752,-0.009128401,-0.007747063,0.001618356,104.1796,236.5928,-233.7182,237.639,-241.5912,0.033194,-0.04153459,-5.889342e-07,-0.1545624,-0.1526845,-0.1552458,-0.1578278,0
-0.4393742,-0.5098314,-9.799986,-0.01105031,-0.010057,-0.0005639378,104.2764,236.5495,-233.2325,237.4096,-241.1417,0.03318699,-0.04155101,-3.852309e-06,-0.1545341,-0.1523672,-0.155096,-0.1575342,0
-0.009729914,-0.1129071,-9.225482,-0.007652953,-0.0064815,0.002643785,104.3733,236.0998,-233.034,237.2591,-240.9026,0.03319457,-0.04155195,-1.711097e-05,-0.1542403,-0.1522375,-0.1549977,-0.1573779,0
-0.0352041,-0.1363705,-9.246202,-0.008110045,-0.006865829,0.002623096,104.4702,236.0761,-232.3797,237.1995,-240.2733,0.03320619,-0.0415491,-6.504572e-06,-0.1542249,-0.15181,-0.1549588,-0.1569668,0
-0.02912754,-0.1306338,-9.229557,-0.008550443,-0.007166016,0.002550343,104.5671,236.4149,-232.1133,237.5122,-240.0244,0.03322303,-0.04153799,1.009828e-05,-0.1544462,-0.151636,-0.155163,-0.1568042,0
-0.07634827,-0.174066,-9.299939,-0.009654487,-0.008131462,0.002013635,104.6639,236.3598,-232.9813,237.3708,-240.9135,0.03322038,-0.04154555,1.513393e-05,-0.1544102,-0.1522031,-0.1550706,-0.1573851,0
-0.2878882,-0.3695469,-9.595724,-0.01095713,-0.009789798,0.0003831444,104.7608,236.9061,-233.3216,237.7925,-241.2639,0.03321092,-0.04156228,1.684153e-05,-0.154767,-0.1524254,-0.1553462,-0.1576139,0
0.04253987,-0.06430872,-9.174917,-0.008203103,-0.006951301,0.002791668,104.8577,236.9464,-233.4743,238.0804,-241.3854,0.03320271,-0.04154748,1.240322e-05,-0.1547934,-0.1525252,-0.1555342,-0.1576933,0
-0.1328505,-0.226305,-9.405243,-0.009773828,-0.008453542,0.001547594,104.9546,237.0805,-233.3827,238.0839,-241.3344,0.03320375,-0.04155376,2.229142e-05,-0.154881,-0.1524653,-0.1555365,-0.15766,0
-0.3557084,-0.4322121,-9.700184,-0.01145176,-0.01023585,-0.0002254949,105.0515,237.0613,-233.8988,237.9122,-241.8794,0.03318726,-0.04157755,1.31036e-05,-0.1548685,-0.1528025,-0.1554243,-0.158016,0
-0.1150838,-0.2100333,-9.392776,-0.008974719,-0.007904207,0.001644789,105.1484,237.124,-233.7343,238.1848,-241.6767,0.03319082,-0.04158241,5.677371e-06,-0.1549094,-0.152695,-0.1556025,-0.1578836,0
0.04725253,-0.05998258,-9.1726,-0.008088714,-0.006704927,0.002932632,105.2452,237.002,-233.3676,238.1544,-241.3199,0.03320101,-0.04157946,1.250169e-05,-0.1548297,-0.1524554,-0.1555826,-0.1576506,0
-0.4407541,-0.5107996,-9.806166,-0.01207579,-0.01079988,-0.0007534719,105.3421,237.1,-233.5644,237.8997,-241.5873,0.03318656,-0.04160072,1.436431e-05,-0.1548938,-0.152584,-0.1554162,-0.1578253,0
-0.1671914,-0.2581582,-9.455833,-0.009465287,-0.008318648,0.001230068,105.439,236.8661,-233.9822,237.8841,-241.959,0.03317951,-0.04161546,-5.529204e-06,-0.1547409,-0.1528569,-0.155406,-0.158068,0
-0.2533544,-0.3378499,-9.564103,-0.009730947,-0.008739187,0.000825663,105.5359,236.715,-233.4816,237.7006,-241.474,0.03317732,-0.04162804,-8.725941e-06,-0.1546422,-0.1525299,-0.1552861,-0.1577512,0
-0.2833845,-0.3656346,-9.588181,-0.009835633,-0.008819623,0.0006396623,105.6329,236.3534,-233.2623,237.3243,-241.2695,0.03317074,-0.04164484,-2.141865e-05,-0.154406,-0.1523866,-0.1550403,-0.1576176,0
-0.2358047,-0.3217543,-9.514015,-0.009086268,-0.008186923,0.00114207,105.7298,236.1735,-232.7111,237.2023,-240.7143,0.03317761,-0.04164845,-2.538571e-05,-0.1542885,-0.1520265,-0.1549606,-0.1572549,0
-0.08131687,-0.1789404,-9.296381,-0.008245823,-0.007122195,0.002342324,105.8267,235.7594,-232.487,236.8679,-240.4939,0.0331847,-0.04165085,-2.697459e-05,-0.1540179,-0.1518801,-0.1547421,-0.1571109,0
-0.3964573,-0.4700792,-9.700001,-0.0106527,-0.009736647,4.380895e-05,105.9236,235.7336,-232.3414,236.6208,-240.3892,0.03317754,-0.04166873,-2.832498e-05,-0.1540011,-0.151785,-0.1545807,-0.1570425,0
0.007332005,-0.0970557,-9.168173,-0.007285697,-0.006346876,0.003045731,106.0205,235.6843,-232.0379,236.8668,-240.035,0.03319446,-0.04166195,-3.126445e-05,-0.1539689,-0.1515867,-0.1547414,-0.1568111,0
-0.176719,-0.2669582,-9.400316,-0.009259677,-0.008186026,0.001741805,106.1174,235.748,-231.7229,236.7691,-239.7682,0.03320771,-0.04165789,-1.1631e-05,-0.1540105,-0.151381,-0.1546776,-0.1566369,0
-0.1450478,-0.2375524,-9.362182,-0.009573088,-0.008326193,0.001753962,106.2143,235.7662,-232.3753,236.7677,-240.4281,0.03320321,-0.04166993,-1.302351e-05,-0.1540224,-0.1518072,-0.1546766,-0.157068,0
-0.01415988,-0.1166513,-9.205504,-0.008298924,-0.007185153,0.002738407,106.3112,236.22,-232.2672,237.3338,-240.3021,0.03320168,-0.04165397,-5.381022e-06,-0.1543188,-0.1517366,-0.1550465,-0.1569856,0
-0.3950045,-0.4684592,-9.705904,-0.01143186,-0.01038231,-0.0001592697,106.4081,235.9419,-232.9048,236.7782,-240.9967,0.03318438,-0.0416812,-1.095702e-05,-0.1541372,-0.1521531,-0.1546835,-0.1574394,0
-0.2794659,-0.3618971,-9.562166,-0.0096577,-0.008909449,0.0007486777,106.5051,236.227,-232.6848,237.2054,-240.742,0.03318631,-0.04169012,-1.847387e-05,-0.1543234,-0.1520093,-0.1549626,-0.157273,0
-0.1503551,-0.2425874,-9.385977,-0.008794794,-0.007826417,0.001797651,106.602,235.8677,-232.4641,236.9295,-240.5282,0.03319363,-0.04169328,-1.867772e-05,-0.1540887,-0.1518652,-0.1547824,-0.1571333,0
-0.2897417,-0.3713221,-9.560081,-0.01005653,-0.00901577,0.0007784456,106.6989,235.646,-232.5273,236.5957,-240.6231,0.03318409,-0.04171322,-2.525167e-05,-0.1539439,-0.1519064,-0.1545643,-0.1571953,0
-0.3079022,-0.3882259,-9.580256,-0.009563162,-0.008783631,0.0007204557,106.7958,235.6309,-232.196,236.6097,-240.2833,0.0331842,-0.04172475,-3.398225e-05,-0.153934,-0.15169,-0.1545735,-0.1569733,0
-0.2077185,-0.295678,-9.436828,-0.00871313,-0.007861939,0.001573068,106.8927,235.0899,-232.0192,236.1413,-240.1069,0.03318792,-0.04173295,-4.212332e-05,-0.1535805,-0.1515745,-0.1542674,-0.1568581,0
-0.3571432,-0.4337453,-9.618689,-0.009736247,-0.008977095,0.000578139,106.9896,235.1223,-231.428,236.079,-239.541,0.03319348,-0.04173917,-3.822544e-05,-0.1536017,-0.1511883,-0.1542268,-0.1564884,0
-0.1620264,-0.2534168,-9.353693,-0.008425303,-0.007511339,0.001987203,107.0865,234.7932,-231.409,235.8682,-239.5107,0.03320088,-0.04174251,-4.316434e-05,-0.1533867,-0.1511759,-0.154089,-0.1564686,0
-0.06561471,-0.164273,-9.222647,-0.007861076,-0.006875535,0.002775856,107.1834,234.8297,-231.0715,235.9586,-239.1732,0.03321457,-0.04173949,-3.487788e-05,-0.1534106,-0.1509554,-0.1541481,-0.1562481,0
-0.08334385,-0.18053,-9.241873,-0.008441327,-0.007312222,0.002565128,107.2803,234.9412,-231.0478,236.0286,-239.1679,0.03322443,-0.04173893,-2.475551e-05,-0.1534834,-0.1509399,-0.1541938,-0.1562447,0
-0.3357104,-0.4136361,-9.577641,-0.01048581,-0.00948854,0.0005928595,107.3772,235.0913,-231.4412,235.9976,-239.5919,0.0332216,-0.04175116,-2.066817e-05,-0.1535815,-0.1511969,-0.1541735,-0.1565216,0
5.716805,5.634844,-4.518937,-0.009788184,-0.008910381,0.0009346918,107.474,235.0256,-231.996,235.9851,-240.1296,0.03321425,-0.04176935,-3.254427e-05,-0.1535386,-0.1515594,-0.1541654,-0.1568729,1
5.801137,5.712688,-4.43189,-0.008651759,-0.007851775,0.001702372,107.5709,237.3108,-233.6913,238.3553,-241.731,0.03322249,-0.04177308,-3.23082e-05,-0.1550314,-0.1526669,-0.1557138,-0.1579191,1
5.833982,5.743332,-4.586253,-0.008955691,-0.007310271,0.001966592,107.6678,245.2817,-241.6731,246.2946,-249.4699,0.03323146,-0.04177033,-2.704476e-05,-0.1602387,-0.1578813,-0.1609005,-0.1629748,1
5.778735,5.692833,-5.057607,-0.01116278,-0.006293043,0.001531114,107.7647,255.6224,-252.2787,256.5182,-259.92,0.03322047,-0.04176256,-2.361477e-05,-0.1669942,-0.1648098,-0.1675794,-0.1698017,1
5.767026,5.682467,-5.500975,-0.01377864,-0.003238738,0.001435633,107.8616,266.0246,-262.512,266.8607,-270.1466,0.03318653,-0.04172627,-2.022935e-05,-0.1737897,-0.171495,-0.1743359,-0.1764826,1
5.856179,5.765227,-5.794039,-0.0160524,0.001391512,0.002093461,107.9586,275.5257,-272.3361,276.3787,-280.0479,0.03312086,-0.04165588,-2.183782e-05,-0.1799966,-0.177913,-0.1805539,-0.1829509,1
5.921814,5.826124,-6.090032,-0.01814735,0.006229195,0.002646231,108.0558,284.943,-280.7483,285.8387,-288.5745,0.03304417,-0.04152638,-4.246218e-06,-0.1861488,-0.1834085,-0.186734,-0.1885212,1
5.918861,5.823793,-6.447858,-0.02130646,0.00997832,0.002485099,108.1531,293.1954,-289.4675,294.0432,-297.4505,0.03293016,-0.04136516,9.064226e-06,-0.19154,-0.1891046,-0.1920938,-0.1943198,1
5.752527,5.670319,-7.007447,-0.0246552,0.01255592,0.00116952,108.2507,301.467,-297.3817,302.218,-305.5144,0.03279011,-0.04116797,2.540199e-05,-0.1969437,-0.1942748,-0.1974343,-0.1995878,1
5.755129,5.672886,-7.322063,-0.02638127,0.01629759,0.001073148,108.3484,308.4616,-305.2541,309.2383,-313.5182,0.03261869,-0.04094722,2.175596e-05,-0.2015132,-0.1994177,-0.2020206,-0.2048166,1
5.791315,5.706319,-7.564641,-0.02697152,0.0204129,0.001467773,108.4465,315.4264,-311.4228,316.307,-319.8024,0.03244866,-0.04067612,3.162795e-05,-0.2060632,-0.2034477,-0.2066385,-0.2089219,1
5.907655,5.81405,-7.666721,-0.02771072,0.02432957,0.002315438,108.5449,321.2502,-317.5291,322.2244,-326.0438,0.03226366,-0.04037368,3.99618e-05,-0.2098678,-0.2074368,-0.2105042,-0.2129993,1
5.95615,5.859103,-7.84325,-0.02864108,0.02733571,0.002688282,108.6436,327.3141,-322.7666,328.349,-331.407,0.03207676,-0.04003174,6.469066e-05,-0.2138292,-0.2108584,-0.2145053,-0.216503,1
5.778224,5.695104,-8.301577,-0.03154635,0.0278875,0.001202521,108.7427,332.5333,-328.5203,333.4412,-337.3116,0.0318606,-0.03968342,8.006279e-05,-0.2172388,-0.2146172,-0.2178319,-0.2203604,1
5.983801,5.885266,-8.25329,-0.03067979,0.03160425,0.002653325,108.8421,337.8478,-333.4344,338.9429,-342.3012,0.03164894,-0.03930034,9.779895e-05,-0.2207107,-0.2178275,-0.2214261,-0.2236201,1
5.52422,5.460999,-9.052235,-0.03511445,0.02951999,-0.00082964,108.942,342.1564,-338.5619,342.9548,-347.5914,0.03139835,-0.03893256,0.0001043501,-0.2235255,-0.2211773,-0.224047,-0.2270761,1
5.813486,5.728302,-8.858833,-0.03263336,0.0339208,0.001335579,109.0422,346.4377,-342.5643,347.5295,-351.6307,0.03116194,-0.03852956,0.0001011261,-0.2263224,-0.2237919,-0.2270356,-0.2297149,1
5.79871,5.714955,-9.030535,-0.03329438,0.03520069,0.001390446,109.143,349.9011,-345.9,351.0189,-355.0747,0.03092431,-0.03810946,0.0001129364,-0.2285849,-0.2259711,-0.2293152,-0.2319648,1
5.843323,5.75657,-9.108049,-0.03370898,0.0365597,0.001706779,109.2441,353.5401,-348.9043,354.7058,-358.1724,0.03068811,-0.03766856,0.000132938,-0.2309622,-0.2279337,-0.2317238,-0.2339884,1
5.933637,5.840549,-9.124514,-0.03411777,0.03777875,0.002266608,109.3458,356.7501,-352.2565,357.9633,-361.6084,0.03044381,-0.03721934,0.000153331,-0.2330593,-0.2301237,-0.2338519,-0.2362331,1
5.326228,5.279784,-10.05148,-0.03925605,0.0334859,-0.002341888,109.448,359.6796,-355.9415,360.4916,-365.4279,0.03015761,-0.0368021,0.0001572016,-0.2349731,-0.232531,-0.2355036,-0.2387284,1
5.916225,5.824972,-9.405271,-0.03413992,0.03950335,0.002070203,109.5506,362.2195,-358.6279,363.5262,-368.0786,0.02989463,-0.03635293,0.0001425305,-0.2366324,-0.234286,-0.237486,-0.24046,1
5.886263,5.797667,-9.533146,-0.0347905,0.0399756,0.002144287,109.6538,364.643,-359.8758,365.9591,-369.4128,0.0296458,-0.03587998,0.0001680337,-0.2382156,-0.2351013,-0.2390754,-0.2413316,1
5.710459,5.63586,-9.839376,-0.0374281,0.03864567,0.0006648367,109.7575,366.6956,-362.2447,367.8525,-371.8868,0.02937301,-0.03541687,0.0001829674,-0.2395565,-0.2366488,-0.2403123,-0.2429478,1
5.830467,5.747159,-9.776564,-0.03699327,0.03997516,0.001482855,109.8617,368.7464,-364.6516,369.995,-374.3207,0.02909319,-0.03495144,0.0001880615,-0.2408963,-0.2382212,-0.2417119,-0.2445379,1
5.745329,5.668861,-9.969733,-0.0379543,0.03983054,0.0008978061,109.9665,370.7062,-366.3561,371.9212,-376.0766,0.02880881,-0.03448289,0.0001984882,-0.2421766,-0.2393348,-0.2429703,-0.245685,1
5.604434,5.539037,-10.22184,-0.03939655,0.03931727,-0.0001678585,110.0718,372.2072,-368.1345,373.3461,-377.9119,0.02851214,-0.03401714,0.0001996343,-0.2431572,-0.2404965,-0.2439012,-0.246884,1
5.779799,5.701345,-10.0532,-0.03829829,0.04150738,0.001208997,110.1777,373.6346,-369.3456,374.9253,-379.137,0.0282239,-0.03353208,0.0002043084,-0.2440897,-0.2412878,-0.2449329,-0.2476843,1
5.724132,5.650362,-10.17341,-0.03958565,0.0415595,0.0008432717,110.2841,374.5977,-370.6654,375.8364,-380.5139,0.02791757,-0.03305363,0.0002071532,-0.2447189,-0.2421499,-0.2455281,-0.2485838,1
5.543964,5.484153,-10.45316,-0.04114038,0.04106062,-0.0004309803,110.3912,375.8911,-371.4812,377.0417,-381.3727,0.02760711,-0.03256725,0.0002105368,-0.2455638,-0.2426829,-0.2463155,-0.2491449,1
5.929591,5.840785,-9.984611,-0.03889947,0.04497465,0.002471109,110.4988,376.628,-372.2733,378.0462,-382.1575,0.02730852,-0.03205341,0.0002159003,-0.2460452,-0.2432003,-0.2469717,-0.2496575,1
5.860942,5.777904,-10.10448,-0.04083044,0.04488566,0.002002459,110.607,377.6916,-372.8473,379.0206,-382.7926,0.02699807,-0.03153432,0.000240695,-0.24674,-0.2435753,-0.2476083,-0.2500724,1
5.877204,5.793419,-10.12064,-0.04200961,0.04560624,0.00191929,110.7157,378.9196,-373.8461,380.2259,-383.8235,0.0266766,-0.0310066,0.0002605166,-0.2475423,-0.2442278,-0.2483957,-0.2507459,1
5.970587,5.880157,-10.04404,-0.04259158,0.04707525,0.002459426,110.8251,379.9427,-375.0927,381.2825,-385.0879,0.02634606,-0.03046819,0.0002803698,-0.2482107,-0.2450422,-0.2490859,-0.2515719,1
5.782766,5.707035,-10.33401,-0.04524593,0.04651701,0.0009139886,110.935,381.1764,-376.1747,382.3669,-386.2166,0.02599737,-0.02992694,0.0003031478,-0.2490166,-0.2457491,-0.2497943,-0.2523093,1
5.517612,5.462317,-10.72474,-0.04811839,0.04576624,-0.001250439,111.0456,381.8535,-377.7509,382.8642,-387.8339,0.02561619,-0.02939699,0.0003008865,-0.249459,-0.2467788,-0.2501192,-0.2533658,1
5.680303,5.612609,-10.54815,-0.04692589,0.04921381,3.269978e-05,111.1567,382.1588,-378.5574,383.3401,-388.6168,0.02523087,-0.02885016,0.0002834023,-0.2496584,-0.2473056,-0.2504301,-0.2538773,1
5.730453,5.658967,-10.48922,-0.0468851,0.05190936,0.000674202,111.2685,382.64,-377.8325,383.9104,-387.9089,0.02486287,-0.02826012,0.0002919678,-0.2499728,-0.2468321,-0.2508027,-0.2534148,1
5.62553,5.562412,-10.61784,-0.04937569,0.05270229,-0.000125023,111.3808,382.3573,-378.1787,383.5135,-388.3211,0.02446835,-0.02766484,0.0002939395,-0.249788,-0.2470583,-0.2505434,-0.2536842,1
6.001226,5.909765,-10.13313,-0.04768622,0.05765332,0.002700174,111.4938,382.707,-378.0883,384.1138,-388.2099,0.02407766,-0.02703375,0.0003008289,-0.2500165,-0.2469992,-0.2509356,-0.2536115,1
5.905018,5.821276,-10.26061,-0.05014385,0.05861702,0.001989028,111.6074,383.382,-377.6577,384.6907,-387.8322,0.0236848,-0.02637073,0.0003349974,-0.2504575,-0.2467179,-0.2513124,-0.2533647,1
5.564148,5.506847,-10.71744,-0.05490423,0.05744365,-0.0008577114,111.7216,383.3017,-379.1454,384.3045,-389.3951,0.02323671,-0.02572724,0.0003391161,-0.250405,-0.2476898,-0.2510602,-0.2543857,1
5.6251,5.563127,-10.66646,-0.05474658,0.06073211,-0.0004004244,111.8364,383.8007,-379.5851,384.9039,-389.8059,0.02278265,-0.02505775,0.000332251,-0.250731,-0.247977,-0.2514517,-0.2546541,1
5.713812,5.645143,-10.55191,-0.0548919,0.06436098,0.0004004812,111.9518,383.8413,-379.092,385.0443,-389.321,0.02233498,-0.02434576,0.0003382131,-0.2507576,-0.2476549,-0.2515434,-0.2543374,1
5.720288,5.651444,-10.53071,-0.05668141,0.06693941,0.0004521402,112.0678,383.191,-379.3742,384.3636,-389.6481,0.02185462,-0.02362556,0.0003322482,-0.2503327,-0.2478393,-0.2510988,-0.2545511,1
5.524123,5.470243,-10.77948,-0.05892718,0.06857082,-0.0008584315,112.1845,383.5424,-378.5491,384.6292,-388.8528,0.02137301,-0.02286569,0.0003403649,-0.2505623,-0.2473003,-0.2512723,-0.2540314,1
5.781286,5.708129,-10.42657,-0.05874284,0.07346149,0.001022582,112.3017,382.8003,-378.5941,384.0417,-388.9064,0.02087828,-0.02207372,0.000337526,-0.2500775,-0.2473296,-0.2508885,-0.2540665,1
5.618858,5.558337,-10.62635,-0.06160219,0.07512341,-6.241072e-05,112.4196,382.8441,-378.0261,383.9681,-388.3853,0.02036598,-0.02125441,0.0003517314,-0.2501061,-0.2469586,-0.2508404,-0.2537261,1
5.830649,5.754319,-10.33736,-0.06181068,0.07985282,0.001411997,112.538,382.5477,-377.9217,383.7984,-388.2846,0.0198388,-0.02040174,0.0003540601,-0.2499124,-0.2468904,-0.2507295,-0.2536603,1
5.752649,5.682557,-10.42994,-0.0641664,0.0824181,0.000889363,112.6571,382.5828,-377.4478,383.7751,-387.8449,0.01930115,-0.01951062,0.0003728569,-0.2499354,-0.2465808,-0.2507143,-0.2533731,1
5.804216,5.730618,-10.3531,-0.0660365,0.08593115,0.001127213,112.7768,382.2513,-377.6979,383.4389,-388.1207,0.01873379,-0.01859674,0.0003797541,-0.2497188,-0.2467441,-0.2504947,-0.2535532,1
5.516658,5.465158,-10.72726,-0.0697405,0.08730178,-0.00100655,112.8971,382.4234,-377.4717,383.4317,-387.9307,0.0181443,-0.0176534,0.0003904926,-0.2498313,-0.2465964,-0.25049,-0.2534291,1
5.838715,5.762961,-10.29828,-0.06911583,0.09373036,0.001315519,113.018,381.8883,-377.5413,383.1165,-387.9743,0.01754179,-0.01666705,0.0003863376,-0.2494817,-0.2466419,-0.250284,-0.2534576,1
5.860474,5.783381,-10.25588,-0.07100555,0.09787308,0.001601253,113.1395,381.9656,-376.6445,383.205,-387.0923,0.016933,-0.01562822,0.0004082683,-0.2495322,-0.246056,-0.2503418,-0.2528814,1
5.638634,5.578905,-10.5289,-0.07543203,0.09992664,-0.0002239348,113.2616,381.6999,-376.7117,382.7377,-387.2053,0.01628515,-0.01456402,0.0004211354,-0.2493586,-0.2460999,-0.2500366,-0.2529552,1
5.64707,5.586986,-10.51616,-0.07747222,0.1044557,-0.0002506948,113.3844,381.2064,-377.2093,382.2392,-387.6783,0.01560012,-0.01347264,0.0004116218,-0.2490362,-0.246425,-0.2497109,-0.2532642,1
5.670234,5.608479,-10.47537,-0.07885839,0.1099355,9.270792e-05,113.5077,381.1749,-376.2762,382.2653,-386.6971,0.01491206,-0.01231677,0.0004157392,-0.2490156,-0.2458154,-0.249728,-0.2526232,1
5.778545,5.708942,-10.30479,-0.08094408,0.1159543,0.0009110637,113.6316,380.7634,-375.4941,381.889,-385.8776,0.01421188,-0.01109402,0.0004315081,-0.2487468,-0.2453045,-0.2494822,-0.2520878,1
5.692119,5.629666,-10.39782,-0.08533699,0.1204552,0.0001529607,113.7561,380.1772,-375.7375,381.1411,-386.0718,0.01345823,-0.009839037,0.0004382454,-0.2483638,-0.2454635,-0.2489935,-0.2522147,1
5.953732,5.87165,-10.0494,-0.08638837,0.1289894,0.00205912,113.8813,380.4,-375.1956,381.4908,-385.3355,0.01269047,-0.008505045,0.0004493583,-0.2485094,-0.2451094,-0.249222,-0.2517337,1
5.763607,5.696436,-10.28264,-0.09210536,0.1345679,0.0005770662,114.007,380.1013,-375.1785,380.9131,-385.0543,0.01187722,-0.007108959,0.0004649792,-0.2483143,-0.2450983,-0.2488446,-0.25155,1
5.705597,5.643125,-10.35022,-0.0974011,0.1430717,3.797133e-06,114.1333,379.9887,-375.2331,380.7095,-385.1418,0.01101278,-0.005632669,0.0004723884,-0.2482407,-0.245134,-0.2487116,-0.2516071,1
5.517282,5.469273,-10.59109,-0.1040591,0.1522866,-0.001442956,114.2602,379.5553,-374.5656,380.4754,-385.787,0.01008392,-0.004062236,0.000472782,-0.2479576,-0.2446979,-0.2485587,-0.2520286,1
5.765094,5.698546,-10.25272,-0.1028322,0.1593591,0.0004252756,114.3877,378.7964,-374.0119,380.1768,-385.7978,0.009138435,-0.002424554,0.0004608235,-0.2474618,-0.2443362,-0.2483636,-0.2520357,1
5.813206,5.743668,-10.16176,-0.1014134,0.1613026,0.000970775,114.5159,378.5099,-372.4908,380.2039,-384.6981,0.008220537,-0.0007435075,0.000473875,-0.2472746,-0.2433425,-0.2483812,-0.2513173,1
5.467896,5.42588,-10.57995,-0.103305,0.1571024,-0.001691639,114.6446,377.3436,-372.5994,378.9687,-385.21,0.007277577,0.0008958325,0.0004638047,-0.2465127,-0.2434134,-0.2475743,-0.2516517,1
5.742342,5.680513,-10.20352,-0.09864361,0.156895,0.0004778524,114.7739,377.1903,-371.5042,379.247,-384.3459,0.006379258,0.002538072,0.0004568801,-0.2464126,-0.2426979,-0.2477562,-0.2510872,1
5.509293,5.466767,-10.47272,-0.09885157,0.1505777,-0.001142013,114.9037,376.0306,-370.9945,378.0604,-384.1393,0.005480695,0.004120978,0.0004472672,-0.245655,-0.2423649,-0.246981,-0.2509522,1
5.961533,5.886107,-9.849833,-0.09315117,0.1489437,0.002313029,115.0342,375.6977,-369.751,378.1887,-383.0661,0.004629955,0.005682133,0.0004430143,-0.2454375,-0.2415526,-0.2470648,-0.2502511,1
5.362988,5.334933,-10.59613,-0.09613287,0.1374257,-0.002066476,115.1653,374.9092,-369.2361,377.0662,-382.8431,0.003771757,0.007153226,0.0004441075,-0.2449223,-0.2412162,-0.2463315,-0.2501054,1
5.423395,5.39227,-10.49341,-0.09295855,0.1310725,-0.001668974,115.2969,373.985,-369.2903,376.3047,-383.0445,0.002923241,0.008542882,0.0004090534,-0.2443186,-0.2412516,-0.2458341,-0.250237,1
5.468301,5.435122,-10.40405,-0.08927213,0.1244477,-0.0009644673,115.4291,373.1347,-367.9885,375.6386,-381.8743,0.002114752,0.009870298,0.0003842306,-0.2437631,-0.2404011,-0.2453989,-0.2494725,1
5.981316,5.910704,-9.678474,-0.08313854,0.120641,0.003075254,115.5619,372.387,-366.0355,375.3134,-380.0244,0.00136774,0.01115973,0.0003823737,-0.2432746,-0.2391253,-0.2451864,-0.248264,1
5.656239,5.612319,-10.05375,-0.0847217,0.1087925,0.000647716,115.6953,371.5715,-365.3995,374.2321,-379.5931,0.0006168388,0.01234317,0.0003912179,-0.2427419,-0.2387098,-0.24448,-0.2479823,1
5.603803,5.565409,-10.10311,-0.08297674,0.09947245,8.184303e-05,115.8292,371.2999,-365.3853,373.9463,-379.6743,-0.0001240342,0.01342961,0.0003798378,-0.2425644,-0.2387005,-0.2442933,-0.2480353,1
5.666868,5.624959,-10.00761,-0.07987209,0.09134592,0.0005993945,115.9637,370.8047,-365.052,373.5431,-379.4067,-0.0008372825,0.01443149,0.0003662539,-0.2422409,-0.2384828,-0.2440299,-0.2478605,1
5.73991,5.693656,-9.886873,-0.0770181,0.08326107,0.001211412,116.0987,370.2464,-364.4218,373.0568,-378.8482,-0.001525573,0.01534807,0.0003546688,-0.2418762,-0.238071,-0.2437122,-0.2474956,1
5.559098,5.527677,-10.09514,-0.07607868,0.0732175,-8.158188e-05,116.2343,369.94,-363.6125,372.6454,-378.1263,-0.002189342,0.01618073,0.0003500825,-0.241676,-0.2375424,-0.2434435,-0.247024,1
5.673564,5.634432,-9.920263,-0.07320486,0.06548295,0.0007197823,116.3705,369.0744,-363.5509,371.8419,-378.1097,-0.002839162,0.016921,0.000330574,-0.2411105,-0.2375022,-0.2429185,-0.2470132,1
5.569911,5.539392,-10.03365,-0.07149663,0.05643811,8.430053e-05,116.5072,368.7318,-362.796,371.4425,-377.4008,-0.003465743,0.01757697,0.0003188157,-0.2408867,-0.237009,-0.2426576,-0.2465501,1
5.566106,5.53647,-10.00943,-0.06920068,0.04839683,9.348587e-05,116.6445,368.2753,-362.0003,370.9852,-376.6375,-0.004061593,0.01816105,0.0003086335,-0.2405885,-0.2364892,-0.2423589,-0.2460514,1
5.67767,5.640131,-9.836219,-0.066604,0.04119835,0.0009402841,116.7823,367.2696,-361.916,370.0063,-376.5753,-0.004648893,0.01865378,0.0002883683,-0.2399315,-0.2364341,-0.2417193,-0.2460108,1
5.757013,5.713705,-9.708683,-0.06364048,0.03437717,0.001668654,116.9207,367.425,-360.5557,370.2153,-375.2141,-0.005191032,0.01909424,0.0002916495,-0.240033,-0.2355455,-0.2418559,-0.2451216,1
5.913344,5.858588,-9.477093,-0.06143039,0.0277629,0.002691426,117.0596,366.6865,-360.472,369.485,-375.1496,-0.005721865,0.01945561,0.000289018,-0.2395506,-0.2354907,-0.2413788,-0.2450794,1
5.647965,5.613538,-9.813802,-0.06178131,0.01836843,0.0006652126,117.1991,366.8991,-360.1802,369.4609,-374.8873,-0.006240401,0.01973991,0.0002969985,-0.2396895,-0.2353001,-0.241363,-0.244908,1
5.790512,5.745178,-9.623766,-0.05902132,0.01270101,0.001523236,117.3391,366.5786,-360.5335,369.1791,-375.2156,-0.006747084,0.01995111,0.0002857591,-0.2394801,-0.2355309,-0.241179,-0.2451225,1
5.780098,5.735252,-9.634375,-0.05711526,0.006434221,0.001482817,117.4797,366.6478,-360.1589,369.2104,-374.8273,-0.007227838,0.02010539,0.0002864747,-0.2395253,-0.2352862,-0.2411994,-0.2448689,1
5.714005,5.673823,-9.710094,-0.05606974,-5.432015e-05,0.0008910859,117.6208,366.4981,-360.037,368.9564,-374.7086,-0.007694493,0.02019794,0.0002851143,-0.2394275,-0.2352066,-0.2410335,-0.2447913,1
5.822168,5.773241,-9.563622,-0.05368967,-0.004765402,0.001613976,117.7625,366.2236,-360.1627,368.6942,-374.8078,-0.008147898,0.02023161,0.0002769985,-0.2392482,-0.2352886,-0.2408621,-0.2448561,1
5.629011,5.594049,-9.810154,-0.05329906,-0.0113259,0.0001938425,117.9046,366.2214,-359.8762,368.5222,-374.5195,-0.008587381,0.0202094,0.0002735466,-0.2392468,-0.2351015,-0.2407498,-0.2446678,1
5.533282,5.504718,-9.925423,-0.05213798,-0.01664906,-0.0005589131,118.0474,366.0291,-359.697,368.2314,-374.3234,-0.009007964,0.02014208,0.000265744,-0.2391211,-0.2349845,-0.2405598,-0.2445397,1
5.812791,5.762055,-9.550185,-0.04854334,-0.01880607,0.001520707,118.1907,365.4238,-359.7405,367.7519,-374.3159,-0.009413267,0.02002991,0.0002508478,-0.2387257,-0.2350129,-0.2402466,-0.2445347,1
5.770773,5.722183,-9.59208,-0.04721274,-0.02308482,0.001315502,118.3345,365.4993,-358.9223,367.7527,-373.4781,-0.009795794,0.01988309,0.0002521919,-0.238775,-0.2344784,-0.2402471,-0.2439874,1
5.623481,5.585017,-9.768433,-0.04699728,-0.02802723,0.0001432194,118.4788,365.0762,-358.8795,367.1609,-373.4301,-0.01017242,0.01969066,0.0002444473,-0.2384986,-0.2344504,-0.2398605,-0.2439561,1
5.689658,5.644905,-9.673828,-0.04485827,-0.03077063,0.000661009,118.6237,364.7695,-358.7796,366.8523,-373.2844,-0.01053171,0.01946649,0.0002352061,-0.2382982,-0.2343851,-0.2396589,-0.2438609,1
5.591664,5.553048,-9.790604,-0.04405724,-0.03451633,-1.024173e-05,118.7691,364.5225,-358.4273,366.4883,-372.9102,-0.01088056,0.01920622,0.0002281148,-0.2381369,-0.234155,-0.2394211,-0.2436164,1
5.502021,5.468774,-9.894016,-0.04302283,-0.03774285,-0.0006411094,118.9151,364.1341,-358.1512,366.0024,-372.6042,-0.0112176,0.0189151,0.0002142598,-0.2378832,-0.2339746,-0.2391037,-0.2434165,1
5.623501,5.579495,-9.718753,-0.04042859,-0.03895998,0.000376727,119.0616,363.6102,-357.6992,365.5261,-372.1004,-0.01153222,0.01860734,0.0002014854,-0.2375409,-0.2336793,-0.2387925,-0.2430874,1
5.507061,5.47043,-9.849512,-0.03995128,-0.04197629,-0.0003679496,119.2086,362.8959,-357.3833,364.6741,-371.7681,-0.01184692,0.01826272,0.0001850909,-0.2370742,-0.233473,-0.238236,-0.2428703,1
5.532382,5.492124,-9.794672,-0.03778182,-0.04322127,-1.720258e-05,119.3561,362.8361,-356.2225,364.6266,-370.5544,-0.01212459,0.01792239,0.0001808219,-0.2370352,-0.2327146,-0.2382049,-0.2420774,1
5.650006,5.599389,-9.614445,-0.03618108,-0.04418699,0.0008821413,119.5042,361.8284,-356.131,363.6039,-370.4352,-0.01239879,0.01755744,0.0001709243,-0.2363769,-0.2326548,-0.2375368,-0.2419995,1
5.478297,5.439146,-9.82312,-0.03612002,-0.04694822,-0.0002875916,119.6528,361.7305,-355.544,363.3407,-369.8239,-0.01266565,0.01717177,0.0001679656,-0.236313,-0.2322713,-0.2373648,-0.2416002,1
5.577556,5.529183,-9.677545,-0.03392808,-0.04719355,0.0004650124,119.8019,361.1832,-355.244,362.8217,-369.4682,-0.01291767,0.01677595,0.0001540284,-0.2359554,-0.2320753,-0.2370258,-0.2413678,1
5.504506,5.46002,-9.75456,-0.0331122,-0.04860732,8.25476e-05,119.9516,360.719,-354.6837,362.2702,-368.878,-0.01315453,0.01637232,0.0001492107,-0.2356521,-0.2317094,-0.2366655,-0.2409823,1
5.758185,5.692791,-9.402735,-0.0301794,-0.04736645,0.002009786,120.1017,360.3759,-354.0485,362.0426,-368.1841,-0.01336908,0.01597302,0.0001480337,-0.2354279,-0.2312943,-0.2365168,-0.240529,1
5.769357,5.701618,-9.372125,-0.02950528,-0.04817402,0.002105871,120.2524,360.1506,-353.6157,361.7419,-367.7294,-0.01357486,0.01556624,0.0001560509,-0.2352808,-0.2310116,-0.2363204,-0.2402319,1
5.609084,5.551978,-9.573952,-0.02992594,-0.05009676,0.0008226905,120.4036,360.1915,-353.4975,361.6081,-367.5949,-0.01377544,0.0151506,0.0001644635,-0.2353075,-0.2309344,-0.2362329,-0.240144,1
5.642415,5.581162,-9.531622,-0.02877366,-0.050218,0.0009632676,120.5553,359.9809,-353.8172,361.3631,-367.8714,-0.01397186,0.01472608,0.0001630501,-0.2351699,-0.2311433,-0.2360729,-0.2403246,1
5.802372,5.727283,-9.324638,-0.02650679,-0.04900644,0.002156729,120.7076,360.1061,-353.5352,361.5594,-367.534,-0.01414817,0.01430997,0.0001690448,-0.2352517,-0.230959,-0.2362011,-0.2401042,1
5.521483,5.466181,-9.688266,-0.02789094,-0.05132215,3.736699e-06,120.8603,360.0754,-353.5291,361.2822,-367.5357,-0.01432692,0.01388201,0.0001753365,-0.2352316,-0.230955,-0.2360201,-0.2401054,1
5.64855,5.581893,-9.524199,-0.02583279,-0.05002715,0.0008583639,121.0135,359.7607,-353.8959,361.0215,-367.8485,-0.01450014,0.01345166,0.0001641406,-0.2350261,-0.2311947,-0.2358497,-0.2403097,1
5.913316,5.82483,-9.176227,-0.02267475,-0.04743045,0.002942722,121.1673,359.9405,-353.1413,361.3653,-367.0332,-0.01463851,0.01304936,0.0001735793,-0.2351435,-0.2307017,-0.2360743,-0.2397771,1
5.741412,5.664621,-9.390566,-0.02388278,-0.04884396,0.001555021,121.3216,359.9471,-352.9995,361.1684,-366.9106,-0.01477764,0.01264377,0.0001906145,-0.2351478,-0.2306091,-0.2359457,-0.239697,1
5.60253,5.534815,-9.579347,-0.02436431,-0.04975091,0.0003129558,121.4764,359.8734,-353.7578,360.9388,-367.6534,-0.01492978,0.01222166,0.0001877675,-0.2350997,-0.2311045,-0.2357957,-0.2401822,1
5.489384,5.428535,-9.739767,-0.02364444,-0.04974923,-0.0005053007,121.6317,360.1008,-353.7443,361.1046,-367.5995,-0.01506721,0.01180813,0.0001845844,-0.2352483,-0.2310956,-0.235904,-0.240147,1
5.846711,5.757106,-9.270505,-0.02001513,-0.04611217,0.002160048,121.7875,359.5758,-353.7975,360.7966,-367.5908,-0.0151907,0.01140564,0.0001719157,-0.2349053,-0.2311304,-0.2357028,-0.2401414,1
5.413085,5.35492,-9.827688,-0.02219583,-0.04868982,-0.0009037538,121.9438,359.7976,-353.0217,360.7175,-366.8413,-0.01530553,0.01100915,0.0001806457,-0.2350502,-0.2306236,-0.2356511,-0.2396517,1
5.298977,5.248004,-9.966549,-0.02212001,-0.04876496,-0.001864605,122.1006,358.9335,-353.6479,359.7485,-367.4521,-0.01543451,0.01059753,0.0001544293,-0.2344857,-0.2310326,-0.2350181,-0.2400507,1
5.793535,5.703293,-9.313755,-0.01665724,-0.04347486,0.002094764,122.258,358.7173,-352.7335,359.9039,-366.4366,-0.01552072,0.01022571,0.0001422748,-0.2343444,-0.2304353,-0.2351196,-0.2393873,1
5.79402,5.702545,-9.284847,-0.01639527,-0.04288993,0.002243729,122.4158,358.5761,-351.509,359.7087,-365.2213,-0.0155871,0.009875449,0.0001587685,-0.2342522,-0.2296354,-0.2349921,-0.2385934,1
5.788134,5.696091,-9.277849,-0.01669222,-0.04278982,0.001999676,122.5742,358.3959,-351.6871,359.428,-365.3997,-0.01565911,0.009524179,0.0001686787,-0.2341344,-0.2297517,-0.2348088,-0.23871,1
5.47911,5.409386,-9.691436,-0.01845098,-0.04475685,-0.0004129291,122.7331,358.405,-352.343,359.1823,-366.0544,-0.01574834,0.009154446,0.0001672945,-0.2341404,-0.2301802,-0.2346482,-0.2391377,1
5.561485,5.484054,-9.594378,-0.01630185,-0.04286616,0.0001967479,122.8925,358.5311,-352.3155,359.3942,-365.9641,-0.01581911,0.008801218,0.0001575671,-0.2342228,-0.2301622,-0.2347866,-0.2390786,1
5.630604,5.546673,-9.49879,-0.01487975,-0.04126041,0.0008127471,123.0523,358.2495,-351.9859,359.1551,-365.6085,-0.01587361,0.00846475,0.000155181,-0.2340388,-0.2299469,-0.2346304,-0.2388463,1
5.752748,5.658455,-9.328728,-0.01353223,-0.03949269,0.001733783,123.2127,357.9728,-351.7948,358.9238,-365.396,-0.0159231,0.008136192,0.0001527146,-0.233858,-0.2298221,-0.2344793,-0.2387075,1
5.776835,5.679651,-9.291513,-0.01274919,-0.03847561,0.001930267,123.3736,358.2854,-351.1824,359.2339,-364.7639,-0.01595158,0.00783205,0.0001658284,-0.2340623,-0.229422,-0.234682,-0.2382946,1
5.654865,5.566109,-9.448999,-0.01371787,-0.03904089,0.0008586337,123.535,358.042,-351.713,358.8397,-365.3038,-0.01599239,0.007519324,0.0001697111,-0.2339033,-0.2297686,-0.2344244,-0.2386473,1
5.755192,5.657766,-9.329905,-0.01220025,-0.03739525,0.001534056,123.6969,358.3258,-351.8994,359.1806,-365.4452,-0.01602472,0.007216635,0.0001703722,-0.2340887,-0.2298904,-0.2346471,-0.2387397,1
5.531163,5.449781,-9.62896,-0.01312649,-0.03825895,-0.0001505448,123.8593,358.2658,-352.1075,358.9611,-365.6551,-0.01606201,0.006909094,0.0001658533,-0.2340495,-0.2300263,-0.2345037,-0.2388768,1
5.562162,5.47734,-9.589724,-0.01171668,-0.03676806,0.0001098098,124.0223,358.2028,-352.0146,358.945,-365.5264,-0.01608416,0.006618399,0.0001565641,-0.2340083,-0.2299657,-0.2344932,-0.2387927,1
5.847996,5.74056,-9.209723,-0.008991912,-0.03355602,0.002314543,124.1857,358.1235,-351.512,359.0503,-364.9835,-0.01608058,0.006357401,0.0001611672,-0.2339565,-0.2296373,-0.2345619,-0.238438,1
5.575117,5.487811,-9.559338,-0.01115267,-0.03530181,0.0002238044,124.3496,357.8239,-351.8205,358.5018,-365.3267,-0.01610112,0.006075142,0.000159584,-0.2337608,-0.2298389,-0.2342036,-0.2386623,1
5.758118,5.655946,-9.325159,-0.008577674,-0.03270758,0.00157056,124.514,358.3303,-351.352,359.1662,-364.7962,-0.01608936,0.0058279,0.000161734,-0.2340916,-0.2295328,-0.2346377,-0.2383157,1
5.739119,5.637835,-9.347339,-0.008813016,-0.03243272,0.001383536,124.679,357.8002,-351.811,358.5667,-365.262,-0.01608682,0.005574204,0.0001614053,-0.2337453,-0.2298326,-0.234246,-0.23862,1
5.462931,5.3819,-9.713578,-0.01008069,-0.03376145,-0.0006801885,124.8444,358.1241,-351.8316,358.7085,-365.2829,-0.01608955,0.005316212,0.0001585589,-0.2339569,-0.2298461,-0.2343387,-0.2386336,1
5.713062,5.612207,-9.389377,-0.007148589,-0.03067235,0.001175364,125.0104,357.8508,-351.8656,358.6296,-365.258,-0.01607526,0.005076219,0.0001428818,-0.2337784,-0.2298684,-0.2342871,-0.2386173,1
5.549242,5.46022,-9.595159,-0.007711516,-0.03108862,0.000130376,125.1768,357.7159,-351.4058,358.3888,-364.8057,-0.01605217,0.004846416,0.0001440255,-0.2336903,-0.229568,-0.2341298,-0.2383219,1
5.74504,5.640611,-9.329586,-0.005892016,-0.02884839,0.001541204,125.3438,357.544,-351.2471,358.3307,-364.6158,-0.01602013,0.004629661,0.0001397701,-0.2335779,-0.2294643,-0.2340919,-0.2381978,1
5.703349,5.601652,-9.381025,-0.005908228,-0.02864026,0.001262598,125.5112,357.5154,-351.1044,358.2521,-364.4669,-0.01598525,0.004417618,0.000142444,-0.2335593,-0.2293711,-0.2340405,-0.2381005,1
5.556148,5.465192,-9.572412,-0.006545019,-0.02919668,0.0001186823,125.6792,357.4144,-351.2984,358.0403,-364.6574,-0.0159561,0.004201096,0.0001365382,-0.2334933,-0.2294978,-0.2339022,-0.238225,1
5.825921,5.713932,-9.221605,-0.003734524,-0.02621873,0.002158811,125.8476,357.5264,-350.9966,358.3525,-364.2988,-0.01590133,0.00401214,0.0001363391,-0.2335664,-0.2293006,-0.2341061,-0.2379908,1
5.485282,5.398943,-9.662498,-0.006270183,-0.02856242,-0.0003786788,126.0166,357.3732,-351.1379,357.9331,-364.4772,-0.01586168,0.003809582,0.000139465,-0.2334663,-0.2293929,-0.2338321,-0.2381073,1
5.593048,5.498053,-9.526066,-0.004645631,-0.02690066,0.0003528089,126.1861,357.1172,-351.5826,357.7631,-364.8757,-0.01582566,0.00360361,0.0001177159,-0.2332991,-0.2296834,-0.2337211,-0.2383676,1
5.595507,5.499805,-9.520128,-0.003363688,-0.02576718,0.000608249,126.356,357.198,-350.7701,357.9023,-364.0309,-0.01576139,0.003424975,0.0001148681,-0.2333519,-0.2291526,-0.233812,-0.2378158,1
5.810889,5.69866,-9.220913,-0.001775432,-0.0236234,0.002215721,126.5265,356.7643,-350.5008,357.5833,-363.745,-0.01568775,0.003260023,0.0001146016,-0.2330686,-0.2289767,-0.2336036,-0.2376289,1
5.770545,5.66131,-9.268295,-0.002174993,-0.02373757,0.001902001,126.6974,356.9146,-350.322,357.6678,-363.5666,-0.01561488,0.003097279,0.0001239631,-0.2331668,-0.2288599,-0.2336589,-0.2375124,1
5.470205,5.38366,-9.664905,-0.00413785,-0.0257744,-0.0004532711,126.8689,357.0401,-350.6683,357.5768,-363.9238,-0.01555317,0.002924167,0.00012372,-0.2332487,-0.2290862,-0.2335994,-0.2377458,1
5.487846,5.399658,-9.651142,-0.003138864,-0.02489696,-0.0003462969,127.0409,356.615,-351.3488,357.1863,-364.5645,-0.0154979,0.002742807,0.0001006019,-0.232971,-0.2295307,-0.2333442,-0.2381643,1
5.914865,5.793856,-9.090998,0.001220807,-0.02045459,0.003064472,127.2133,356.8761,-350.2504,357.7951,-363.3892,-0.01539723,0.002607067,0.0001019559,-0.2331416,-0.2288131,-0.233742,-0.2373965,1
5.628382,5.529334,-9.446774,-0.001499079,-0.02270581,0.0009148017,127.3863,356.6165,-350.0453,357.2817,-363.2392,-0.01530925,0.002462524,0.0001134495,-0.232972,-0.2286791,-0.2334066,-0.2372985,1
-0.2891001,5.605566,-9.342082,-0.0007347824,-0.0217823,0.001364119,127.5598,356.7327,-350.4536,357.4372,-363.6177,-0.0152225,0.002319928,0.0001114703,-0.2330479,-0.2289459,-0.2335081,-0.2375458,0
-0.4047244,5.49868,-9.503603,-0.001158851,-0.02229958,0.0005094301,127.7337,356.5509,-350.8904,357.2274,-364.0909,-0.01514636,0.002164603,0.0001020621,-0.2329292,-0.2292312,-0.2333711,-0.2378549,0
0.04919657,5.917957,-8.913165,0.003087108,-0.01815907,0.003954123,127.9082,357.0411,-349.9594,358.226,-363.2374,-0.01502469,0.002055266,0.0001112372,-0.2332494,-0.2286231,-0.2340234,-0.2372974,0
-0.5394387,5.374614,-9.676857,-0.002121883,-0.02437677,-0.0005195498,128.0832,356.6177,-350.5682,357.4604,-364.0588,-0.01494143,0.001899667,0.0001185862,-0.2329728,-0.2290207,-0.2335233,-0.2378339,0
-0.2136176,5.675839,-9.266689,0.001194293,-0.02353898,0.001784272,128.2586,357.0496,-350.8216,358.2101,-364.2813,-0.01484059,0.001741552,0.0001101723,-0.2332549,-0.2291863,-0.2340131,-0.2379793,0
-0.1842716,5.703377,-9.234961,0.001583994,-0.02592163,0.002096955,128.4346,357.0139,-350.7602,358.2058,-364.2156,-0.01473317,0.001561196,0.0001153436,-0.2332317,-0.2291462,-0.2340103,-0.2379364,0
-0.5277829,5.386368,-9.684036,-0.0008547032,-0.0313842,-0.0005066092,128.611,357.3789,-350.7667,358.3255,-364.2291,-0.01463152,0.00134719,0.0001233527,-0.2334701,-0.2291504,-0.2340885,-0.2379452,0
-0.2067289,5.68325,-9.273452,0.001734424,-0.03141972,0.001768553,128.788,357.0577,-351.4924,358.1909,-364.8648,-0.01453038,0.001104876,0.0001098055,-0.2332602,-0.2296245,-0.2340005,-0.2383605,0
-0.2526872,5.640889,-9.33882,0.001830244,-0.03398095,0.001594586,128.9655,357.4832,-350.9673,358.575,-364.285,-0.01441585,0.0008485942,0.0001194566,-0.2335382,-0.2292815,-0.2342515,-0.2379817,0
-0.3133501,5.58498,-9.414412,0.001212325,-0.03666422,0.00103546,129.1434,357.4588,-351.1183,358.455,-364.3948,-0.01430518,0.0005674388,0.000122235,-0.2335223,-0.2293801,-0.2341731,-0.2380534,0
-0.2947243,5.602167,-9.396614,0.001412308,-0.03835577,0.001144576,129.3219,357.3924,-351.5421,358.3571,-364.7526,-0.01419921,0.0002618951,0.0001196773,-0.2334789,-0.229657,-0.2341091,-0.2382872,0
-0.3471855,5.553501,-9.470629,0.001378516,-0.04011096,0.0007921003,129.5009,357.7487,-351.3078,358.6606,-364.4551,-0.01408444,-5.191597e-05,0.0001257145,-0.2337116,-0.2295039,-0.2343074,-0.2380929,0
-0.004335244,5.870145,-9.023865,0.003680174,-0.03872557,0.003259292,129.6804,357.5828,-351.5154,358.6668,-364.5757,-0.01396419,-0.0003720516,0.0001261547,-0.2336033,-0.2296396,-0.2343115,-0.2381717,0
-0.1634279,5.72297,-9.236214,0.002215402,-0.04113308,0.002083609,129.8603,358.1922,-351.1974,359.1168,-364.2261,-0.0138386,-0.0006959094,0.0001494123,-0.2340014,-0.2294318,-0.2346054,-0.2379432,0
-0.4410736,5.466222,-9.609316,-0.0003542719,-0.04438512,-0.000248034,130.0408,358.2597,-352.1453,358.9248,-365.1532,-0.01373787,-0.001050952,0.0001526951,-0.2340455,-0.230051,-0.23448,-0.2385489,0
-0.2483649,5.643715,-9.38034,0.001586347,-0.04307982,0.001129834,130.2218,358.4376,-352.7195,359.2298,-365.6264,-0.01363313,-0.001409149,0.0001446399,-0.2341617,-0.2304262,-0.2346792,-0.238858,0
-0.4364271,5.469393,-9.633274,0.0005885842,-0.04451646,-0.0001692823,130.4033,358.3855,-352.72,359.0481,-365.5897,-0.01353477,-0.001779931,0.0001373324,-0.2341277,-0.2304265,-0.2345605,-0.2388341,0
-0.3074861,5.587881,-9.459877,0.002149382,-0.04305171,0.0008658636,130.5853,358.2365,-352.387,359.002,-365.1835,-0.01342192,-0.002137202,0.0001265759,-0.2340303,-0.2302089,-0.2345304,-0.2385687,0
-0.4283473,5.475733,-9.605589,0.001260181,-0.04378957,0.0001011396,130.7678,357.9102,-352.0548,358.572,-364.8258,-0.01330848,-0.002492592,0.0001254674,-0.2338171,-0.2299919,-0.2342495,-0.238335,0
-0.08671373,5.79094,-9.149527,0.003624673,-0.0408769,0.002638507,130.9508,357.8483,-351.6917,358.7047,-364.3842,-0.01318242,-0.002830571,0.0001271162,-0.2337767,-0.2297547,-0.2343362,-0.2380465,0
-0.5700667,5.343989,-9.776825,-0.0004139247,-0.0446534,-0.0009544585,131.1343,357.7352,-351.834,358.211,-364.5435,-0.01308262,-0.00319228,0.0001299602,-0.2337029,-0.2298477,-0.2340137,-0.2381506,0
-0.5857668,5.328791,-9.800606,0.0001545473,-0.04392802,-0.001112305,131.3183,357.405,-352.2639,357.8896,-364.9005,-0.01298882,-0.003557612,0.0001053369,-0.2334871,-0.2301286,-0.2338037,-0.2383838,0
-0.05078971,5.822405,-9.095094,0.004844459,-0.03858276,0.003134538,131.5029,357.1697,-351.3481,358.0483,-363.8708,-0.01285714,-0.003880564,9.935354e-05,-0.2333334,-0.2295303,-0.2339074,-0.2377111,0
-0.1996247,5.684677,-9.265191,0.002835859,-0.03949416,0.002110652,131.6879,357.1259,-350.4927,357.835,-363.0291,-0.01272748,-0.004195522,0.0001192301,-0.2333048,-0.2289714,-0.233768,-0.2371612,0
-0.1393556,5.74012,-9.182249,0.002437337,-0.03881688,0.002315272,131.8734,357.2043,-350.8381,357.8815,-363.339,-0.01260727,-0.004508144,0.0001279761,-0.233356,-0.2291971,-0.2337984,-0.2373637,0
-0.2893513,5.601157,-9.393482,0.0009765447,-0.03954446,0.001093199,132.0594,357.4907,-351.332,358.0301,-363.8031,-0.0124973,-0.004823217,0.0001374602,-0.2335431,-0.2295197,-0.2338955,-0.2376669,0
-0.5753567,5.336387,-9.782951,-0.001035134,-0.04092842,-0.001150199,132.246,357.5885,-351.9945,357.9313,-364.4441,-0.01240678,-0.005151164,0.0001301554,-0.233607,-0.2299526,-0.233831,-0.2380856,0
-0.2120936,5.671351,-9.318697,0.002384269,-0.03661187,0.001603795,132.433,357.5774,-351.8923,358.2094,-364.2446,-0.01229475,-0.005449489,0.000118194,-0.2335998,-0.2298858,-0.2340126,-0.2379553,0
-0.3287146,5.563237,-9.462695,0.001283645,-0.03654685,0.0008725129,132.6205,357.2988,-351.5572,357.8366,-363.9072,-0.01218726,-0.00574245,0.0001185591,-0.2334177,-0.2296668,-0.2337691,-0.2377349,0
-0.5174241,5.388475,-9.700937,-8.107591e-05,-0.03694027,-0.0005419888,132.8086,357.2245,-351.4312,357.6363,-363.7692,-0.0120866,-0.006030921,0.0001121461,-0.2333692,-0.2295845,-0.2336382,-0.2376448,0
-0.2801755,5.607275,-9.386806,0.001858488,-0.03389416,0.001273446,132.9971,356.803,-351.4073,357.3829,-363.6822,-0.01197916,-0.006302262,9.937692e-05,-0.2330939,-0.2295689,-0.2334727,-0.2375879,0
-0.5500258,5.357642,-9.729282,-0.0001235933,-0.03496325,-0.0005800013,133.1862,356.7615,-350.8683,357.1628,-363.146,-0.01187487,-0.006567047,0.0001007306,-0.2330667,-0.2292168,-0.2333289,-0.2372376,0
-0.07975456,5.791902,-9.104788,0.003216185,-0.0302343,0.002866453,133.3757,356.2458,-350.8747,356.9502,-363.0746,-0.01176458,-0.006813839,8.608407e-05,-0.2327299,-0.229221,-0.23319,-0.237191,0
-0.3636394,5.529433,-9.467144,0.0009527551,-0.03156488,0.0009343633,133.5657,356.5819,-350.0027,357.0931,-362.2125,-0.01164665,-0.007042236,0.000103714,-0.2329494,-0.2286513,-0.2332834,-0.2366278,0
-0.3431515,5.548327,-9.434029,0.0003855451,-0.03080622,0.0008608474,133.7563,356.3173,-350.5068,356.7954,-362.6993,-0.01154262,-0.007270835,0.0001023676,-0.2327765,-0.2289807,-0.2330889,-0.2369458,0
-0.1569466,5.720211,-9.201882,0.00161489,-0.02848784,0.00223624,133.9473,356.3094,-350.8221,356.9021,-362.9597,-0.01144238,-0.007493829,9.848506e-05,-0.2327714,-0.2291866,-0.2331586,-0.2371159,0
-0.157838,5.719212,-9.206362,0.001618254,-0.02746705,0.002257873,134.1388,356.8071,-350.2572,357.4126,-362.3683,-0.0113287,-0.00769281,0.0001102799,-0.2330966,-0.2288176,-0.2334921,-0.2367296,0
-0.1643471,5.713236,-9.215196,0.000808406,-0.0269182,0.002049019,134.3309,356.7871,-350.5991,357.3493,-362.7057,-0.01122056,-0.007883621,0.0001197882,-0.2330835,-0.2290409,-0.2334507,-0.23695,0
-0.4232348,5.47401,-9.567398,-0.001572656,-0.02830985,-3.362768e-06,134.5234,356.8926,-351.3847,357.2556,-363.4971,-0.01113837,-0.008090172,0.0001188673,-0.2331524,-0.2295541,-0.2333895,-0.237467,0
0.03950702,5.901307,-8.97923,0.002288004,-0.02340143,0.003397505,134.7164,357.3407,-351.2275,358.0573,-363.2483,-0.01103054,-0.008260966,0.0001172914,-0.2334451,-0.2294515,-0.2339133,-0.2373045,0
-0.2734327,5.612257,-9.389503,-0.0007127747,-0.02524407,0.001077638,134.91,357.4433,-351.2142,357.9229,-363.2742,-0.01093327,-0.008431259,0.0001314456,-0.2335121,-0.2294428,-0.2338254,-0.2373214,0
-0.466612,5.433746,-9.650773,-0.002406105,-0.02597965,-0.0005528909,135.104,357.3655,-352.1128,357.7068,-364.1716,-0.01086117,-0.008616116,0.0001189513,-0.2334613,-0.2300298,-0.2336843,-0.2379076,0
-0.3630548,5.529165,-9.528965,-0.0008403616,-0.02376948,0.0003276597,135.2985,357.4203,-352.0844,357.8982,-364.0868,-0.01077784,-0.008783093,0.0001037296,-0.2334971,-0.2300112,-0.2338093,-0.2378523,0
-0.2397926,5.643024,-9.359191,0.0001990129,-0.02168599,0.001392799,135.4935,357.2318,-351.5052,357.8205,-363.4853,-0.01068134,-0.008927461,9.95817e-05,-0.233374,-0.2296329,-0.2337586,-0.2374593,0
-0.231232,5.651122,-9.334941,-0.0002507337,-0.02097385,0.001481031,135.6891,357.0148,-351.2825,357.5907,-363.265,-0.01058902,-0.009064668,9.931801e-05,-0.2332322,-0.2294874,-0.2336085,-0.2373154,0
-0.1937217,5.685952,-9.282721,-0.0003101225,-0.0200826,0.001735901,135.8851,357.1149,-351.1605,357.7079,-363.1272,-0.01049584,-0.009190753,0.0001022764,-0.2332976,-0.2294076,-0.233685,-0.2372254,0
-0.06134813,5.808488,-9.112057,0.0001715405,-0.01859273,0.00265269,136.0816,357.2257,-351.227,357.8891,-363.1708,-0.01040123,-0.009305649,0.000108322,-0.23337,-0.2294511,-0.2338034,-0.2372538,0
-0.0992835,5.773704,-9.169245,-0.0007126922,-0.01855944,0.002271681,136.2787,357.7917,-351.1945,358.4094,-363.1357,-0.01030375,-0.009407452,0.0001273567,-0.2337397,-0.2294299,-0.2341432,-0.2372309,0
-0.2158997,5.666269,-9.337731,-0.002428912,-0.01933817,0.00114828,136.4762,357.8148,-352.306,358.3088,-364.2546,-0.01023482,-0.009529363,0.0001266234,-0.2337548,-0.230156,-0.2340776,-0.2379619,0
-0.2229583,5.659727,-9.37141,-0.002064673,-0.0185146,0.001065345,136.6743,358.3675,-352.585,358.9032,-364.496,-0.01016157,-0.009641519,0.0001234317,-0.2341159,-0.2303383,-0.2344659,-0.2381196,0
-0.2961608,-0.407816,-14.47553,-0.00254017,-0.01829639,0.0005248025,136.8728,358.2998,-352.6859,358.8123,-364.5939,-0.01008868,-0.009747421,0.0001186613,-0.2340717,-0.2304042,-0.2344065,-0.2381835,0
-0.4598513,-0.5589345,-14.66933,-0.003705876,-0.01883513,-0.0006655667,137.0719,356.0118,-350.8192,356.3969,-362.7716,-0.0100279,-0.009858934,0.0001058077,-0.2325769,-0.2291847,-0.2328286,-0.2369931,0
-0.4568371,-0.5561819,-14.46424,-0.002865887,-0.0178552,-0.0005331566,137.2714,348.2016,-343.0712,348.5243,-355.108,-0.009965212,-0.009965846,8.43798e-05,-0.2274747,-0.2241231,-0.2276855,-0.2319865,0
-0.3187163,-0.428686,-13.89658,3.162608e-05,-0.01603427,0.000697541,137.4715,338.3016,-332.826,338.6921,-344.8787,-0.00987706,-0.01005462,6.965841e-05,-0.2210072,-0.2174301,-0.2212623,-0.2253039,0
-0.1615463,-0.2834338,-13.27785,0.00339923,-0.01474909,0.001992965,137.672,328.4117,-322.9159,328.9007,-334.9086,-0.009762539,-0.01013646,6.179145e-05,-0.2145462,-0.2109559,-0.2148657,-0.2187906,0
-0.2529242,-0.3677111,-13.00645,0.005105799,-0.01573037,0.001372705,137.8729,319.7061,-313.3886,320.1512,-325.298,-0.009614238,-0.01020916,7.107662e-05,-0.208859,-0.2047319,-0.2091498,-0.2125121,0
-0.3027158,-0.4133494,-12.7158,0.006525093,-0.01674361,0.0008556665,138.0742,311.048,-305.769,311.4433,-317.5779,-0.00946106,-0.01030235,6.431754e-05,-0.2032028,-0.1997541,-0.2034611,-0.2074687,0
-0.03606134,-0.1666997,-12.04962,0.01084834,-0.01474939,0.002869222,138.2758,303.76,-297.9026,304.3786,-309.5487,-0.009268478,-0.01038015,6.653119e-05,-0.1984417,-0.1946151,-0.1988458,-0.2022233,0
-0.2388225,-0.3534759,-12.01259,0.01062445,-0.0167863,0.001310445,138.4777,296.6534,-290.9914,297.1262,-302.5586,-0.009069864,-0.01047181,7.1517e-05,-0.193799,-0.1901002,-0.1941079,-0.1976568,0
-0.3742717,-0.478139,-11.9175,0.01122805,-0.0178771,0.000212831,138.6799,290.3748,-284.7137,290.785,-296.1725,-0.008856557,-0.0105644,7.147756e-05,-0.1896973,-0.185999,-0.1899653,-0.1934849,0
-0.1031391,-0.2270314,-11.31373,0.01443765,-0.01570709,0.002181935,138.8824,284.1628,-279.0583,284.767,-290.3771,-0.008626943,-0.01065346,6.531709e-05,-0.1856391,-0.1823044,-0.1860338,-0.1896988,0
-0.2779603,-0.3878925,-11.30773,0.01413096,-0.01695896,0.0009305863,139.085,278.9539,-273.2094,279.4557,-284.4457,-0.008386407,-0.01074152,7.351617e-05,-0.1822362,-0.1784834,-0.182564,-0.185824,0
-0.1811143,-0.297681,-10.9639,0.01552646,-0.0160056,0.001513874,139.2879,273.4884,-268.6458,274.0535,-279.7732,-0.0081469,-0.01083677,6.101462e-05,-0.1786657,-0.1755021,-0.1790349,-0.1827715,0
-0.3470173,-0.4503195,-10.98272,0.0154408,-0.0166968,0.0004044072,139.4909,269.0651,-263.4922,269.5916,-274.6183,-0.007888842,-0.01091836,6.530359e-05,-0.175776,-0.1721354,-0.17612,-0.1794038,0
-0.3178334,-0.4225364,-10.75423,0.01565396,-0.01556735,0.000536359,139.6941,263.8948,-258.7461,264.9368,-271.5724,-0.007644477,-0.01100457,5.004558e-05,-0.1723984,-0.1690348,-0.1730791,-0.177414,0
-0.139768,-0.257041,-10.34844,0.02325408,-0.02096752,0.002023052,139.8974,260.1119,-253.5687,261.6981,-266.9945,-0.007330049,-0.01111117,5.604605e-05,-0.169927,-0.1656525,-0.1709633,-0.1744233,0
-0.5523746,-0.6367747,-10.71761,0.02786331,-0.03694767,-0.001086007,140.1008,255.5999,-250.369,257.1484,-263.9933,-0.006972333,-0.011367,4.721674e-05,-0.1669794,-0.1635622,-0.167991,-0.1724627,0
-0.1390677,-0.2535828,-10.03347,0.03997193,-0.04771802,0.002098719,140.3043,252.1845,-246.6702,254.2444,-260.1683,-0.006507575,-0.01173994,3.405511e-05,-0.1647482,-0.1611458,-0.1660939,-0.1699639,0
-0.1410321,-0.2538207,-9.888174,0.04716678,-0.06314472,0.002291468,140.5079,248.9384,-242.7574,251.0802,-256.1497,-0.005953497,-0.01225041,4.892018e-05,-0.1626276,-0.1585897,-0.1640268,-0.1673386,0
-0.1695777,-0.2786613,-9.79186,0.05282841,-0.07933524,0.001960952,140.7115,245.8945,-240.202,247.9922,-253.4516,-0.005346352,-0.01292717,5.658067e-05,-0.160639,-0.1569202,-0.1620094,-0.165576,0
-0.01830126,-0.137769,-9.491241,0.05997271,-0.09353476,0.003045309,140.9152,243.8838,-237.4499,246.0724,-250.4737,-0.004659841,-0.01373772,7.773931e-05,-0.1593255,-0.1551223,-0.1607553,-0.1636305,0
-0.3019751,-0.3989147,-9.76997,0.06263579,-0.1110922,0.0007531426,141.119,241.2758,-236.1899,243.1756,-249.0304,-0.003952033,-0.01473262,8.232028e-05,-0.1576218,-0.1542992,-0.1588629,-0.1626877,0
-0.2841515,-0.3821878,-9.674479,0.06875426,-0.1245844,0.0008720406,141.3228,239.6026,-234.2429,241.5117,-246.7934,-0.003182653,-0.01586255,7.924269e-05,-0.1565287,-0.1530272,-0.1577758,-0.1612263,0
-0.1214202,-0.2317614,-9.380816,0.07493748,-0.1363035,0.002151494,141.5266,237.4078,-232.2393,239.3716,-244.5022,-0.002352869,-0.01711492,7.92956e-05,-0.1550948,-0.1517183,-0.1563778,-0.1597295,0
-0.3331297,-0.4275212,-9.57631,0.07750055,-0.1503899,0.0006186457,141.7304,235.6901,-230.2987,237.4133,-242.312,-0.001483452,-0.01849586,8.866056e-05,-0.1539727,-0.1504506,-0.1550984,-0.1582986,0
-0.3142304,-0.410557,-9.484503,0.08155517,-0.1617113,0.0006609448,141.9342,233.7365,-229.2253,235.3649,-240.9294,-0.0005621039,-0.0200146,7.632823e-05,-0.1526964,-0.1497493,-0.1537602,-0.1573955,0
-0.4735208,-0.5586669,-9.632863,0.08465961,-0.1730505,-0.0003719419,142.138,232.2327,-227.5159,233.6879,-238.9099,0.0003766698,-0.0216293,6.741745e-05,-0.151714,-0.1486326,-0.1526647,-0.1560762,0
-0.1506273,-0.2614358,-9.143692,0.09054859,-0.1797335,0.002102077,142.3418,230.307,-225.9875,231.8732,-237.0302,0.001359638,-0.02332995,5.114763e-05,-0.150456,-0.1476341,-0.1514792,-0.1548481,0
-0.2892876,-0.3908293,-9.259815,0.09241335,-0.1893136,0.001238419,142.5456,229.0686,-224.0289,230.4139,-234.7715,0.002378576,-0.02511125,5.512773e-05,-0.149647,-0.1463546,-0.1505258,-0.1533726,0
-0.1267707,-0.242113,-8.991354,0.09582168,-0.1957799,0.002334216,142.7494,227.6896,-223.0032,228.9799,-233.4072,0.003423953,-0.02696779,4.907421e-05,-0.1487461,-0.1456845,-0.149589,-0.1524813,0
-0.2289793,-0.3382377,-9.086503,0.09714747,-0.2033409,0.001567843,142.9531,226.8787,-221.9732,227.9454,-232.0525,0.004492855,-0.02889171,5.238293e-05,-0.1482163,-0.1450117,-0.1489132,-0.1515963,0
-0.07575519,-0.1985458,-8.856451,0.09996483,-0.2079064,0.002546504,143.1568,225.8772,-221.6015,226.8772,-231.3255,0.005575553,-0.03087992,4.045444e-05,-0.1475621,-0.1447688,-0.1482154,-0.1511213,0
-0.05460943,-0.181145,-8.807493,0.1019452,-0.2122623,0.002701052,143.3605,225.7686,-220.3947,226.6511,-229.7687,0.006696578,-0.03289446,4.918839e-05,-0.1474911,-0.1439804,-0.1480676,-0.1501043,0
0.09754236,-0.04263545,-8.589192,0.1034689,-0.2152183,0.003550868,143.5641,224.9566,-220.5569,225.7245,-229.598,0.007819357,-0.03495701,4.500088e-05,-0.1469607,-0.1440864,-0.1474623,-0.1499928,0
-0.2527275,-0.3686647,-9.047956,0.1018973,-0.2207798,0.000804398,143.7677,224.9646,-220.585,225.3395,-229.3148,0.008936829,-0.03706654,3.738126e-05,-0.1469659,-0.1441047,-0.1472108,-0.1498078,0
-0.3514713,-0.4625708,-9.179003,0.1026816,-0.2228597,-7.988446e-05,143.9712,224.4724,-220.831,224.674,-229.2095,0.01005981,-0.0392017,4.123106e-06,-0.1466443,-0.1442655,-0.146776,-0.149739,0
-0.1245955,-0.2556915,-8.87484,0.105747,-0.2212498,0.001725282,144.1747,223.8812,-220.2716,224.1417,-228.2794,0.01120965,-0.04132818,-2.518961e-05,-0.1462581,-0.1439,-0.1464283,-0.1491314,0
-0.1133102,-0.2478522,-8.838032,0.1061258,-0.2209299,0.001875579,144.3781,223.4739,-219.3799,223.5952,-227.0775,0.01237112,-0.0434468,-4.113521e-05,-0.145992,-0.1433175,-0.1460713,-0.1483462,0
-0.1928365,-0.32389,-8.927147,0.1053886,-0.2207407,0.001173322,144.5815,222.8461,-219.4346,222.7462,-226.8314,0.01352019,-0.04557173,-7.196264e-05,-0.1455819,-0.1433532,-0.1455167,-0.1481854,0
0.03893273,-0.1124451,-8.620918,0.1074982,-0.2169168,0.00292432,144.7848,222.6383,-219.0251,222.5823,-226.0689,0.01468606,-0.04766509,-0.0001006754,-0.1454462,-0.1430857,-0.1454096,-0.1476873,0
-0.2405209,-0.3732018,-8.976671,0.1050563,-0.2166902,0.0008609915,144.9881,222.421,-218.6849,222.0348,-225.4621,0.01584519,-0.04974036,-0.0001206011,-0.1453042,-0.1428635,-0.1450519,-0.1472909,0
-0.03851157,-0.1891051,-8.711867,0.1061281,-0.2118687,0.002230184,145.1913,222.0596,-218.9596,221.6746,-225.4125,0.01700018,-0.05178525,-0.0001576221,-0.145068,-0.1430429,-0.1448165,-0.1472585,0
-0.2487056,-0.3858526,-8.990124,0.1042763,-0.2094882,0.000745883,145.3944,222.0583,-218.704,221.4273,-224.8827,0.01814957,-0.05379514,-0.0001856991,-0.1450672,-0.142876,-0.144655,-0.1469124,0
-0.04969168,-0.2044107,-8.728643,0.1051881,-0.2032071,0.002167699,145.5975,221.7267,-218.7437,221.1227,-224.6173,0.01929873,-0.05575451,-0.0002246727,-0.1448506,-0.1429019,-0.144456,-0.146739,0
0.09272233,-0.07510203,-8.542547,0.1053211,-0.1969203,0.003300329,145.8005,221.5904,-218.4757,220.9694,-224.0692,0.020447,-0.0576563,-0.0002525847,-0.1447615,-0.1427268,-0.1443558,-0.146381,0
0.072957,-0.09547219,-8.568024,0.1038478,-0.1915365,0.003100668,146.0035,221.6422,-218.3834,220.8852,-223.7296,0.02158358,-0.05950334,-0.0002775172,-0.1447954,-0.1426665,-0.1443009,-0.1461591,0
-0.3378218,-0.4770721,-9.113572,0.09966536,-0.1886241,-2.804762e-05,146.2064,221.7086,-218.7937,220.5807,-223.93,0.02269469,-0.06130488,-0.0003092486,-0.1448388,-0.1429345,-0.1441019,-0.14629,0
-0.2119032,-0.3627667,-8.962922,0.09990221,-0.1806208,0.0008862637,146.4092,221.3334,-219.429,220.2353,-224.2915,0.02379201,-0.06304518,-0.0003627717,-0.1445937,-0.1433496,-0.1438763,-0.1465261,0
-0.07996326,-0.2427337,-8.79328,0.1002511,-0.1719493,0.00211631,146.6119,221.065,-218.9659,220.0241,-223.5756,0.02488684,-0.06470814,-0.0004084717,-0.1444183,-0.143047,-0.1437383,-0.1460584,0
0.09044661,-0.08684088,-8.555064,0.1002958,-0.1627943,0.003556348,146.8147,221.0244,-217.9004,220.0507,-222.2865,0.02599307,-0.06626938,-0.0004332355,-0.1443918,-0.1423509,-0.1437557,-0.1452163,0
-0.2626311,-0.4142289,-9.004295,0.09533522,-0.1581798,0.0009035156,147.0173,220.4867,-218.2921,219.1585,-222.5406,0.02705749,-0.06777798,-0.0004625496,-0.1440405,-0.1426069,-0.1431728,-0.1453823,0
-0.05870005,-0.2270449,-8.747831,0.09564291,-0.1482565,0.002423108,147.2198,220.5727,-218.4594,219.3515,-222.4713,0.02811233,-0.06920061,-0.0005010288,-0.1440967,-0.1427161,-0.1432989,-0.145337,0
0.1603284,-0.02562271,-8.464916,0.09568194,-0.1380492,0.004189712,147.4224,220.7038,-217.8932,219.5968,-221.703,0.0291707,-0.07051983,-0.0005182805,-0.1441824,-0.1423462,-0.1434591,-0.1448351,0
0.1201768,-0.06327459,-8.516033,0.09276471,-0.1302195,0.003817523,147.6248,220.6019,-218.1965,219.3766,-221.869,0.03019802,-0.07176493,-0.0005342858,-0.1441158,-0.1425444,-0.1433153,-0.1449436,0
-0.1647064,-0.3270351,-8.90469,0.08878587,-0.1237823,0.001635594,147.8271,220.9684,-218.6873,219.5228,-222.2256,0.0311945,-0.07293598,-0.0005549922,-0.1443552,-0.142865,-0.1434108,-0.1451766,0
0.1209161,-0.06354167,-8.549409,0.08936173,-0.1123751,0.003745438,148.0294,221.0718,-218.9997,219.8258,-222.3487,0.03218626,-0.07400472,-0.0005797939,-0.1444228,-0.1430691,-0.1436088,-0.145257,0
-0.1969603,-0.3573168,-8.973177,0.08493544,-0.1058743,0.001481334,148.2316,221.3413,-218.9458,219.8704,-222.2072,0.0331524,-0.07498974,-0.0005870647,-0.1445988,-0.1430339,-0.1436379,-0.1451645,0
-0.03245401,-0.2051949,-8.768365,0.08410205,-0.09542505,0.002597478,148.4338,220.9693,-219.82,219.5997,-222.9428,0.03408499,-0.07589843,-0.0006230546,-0.1443558,-0.143605,-0.143461,-0.1456451,0
-0.02404521,-0.1972156,-8.766712,0.08294617,-0.08567422,0.002932747,148.6359,221.243,-219.2222,219.9451,-222.22,0.03501577,-0.0766995,-0.0006374184,-0.1445346,-0.1432145,-0.1436867,-0.1451729,0
0.09359026,-0.08784135,-8.602695,0.081523,-0.07555486,0.003863136,148.8379,221.0484,-218.9245,219.8358,-221.8338,0.03593481,-0.07739747,-0.0006426973,-0.1444075,-0.1430199,-0.1436153,-0.1449206,0
0.05041571,-0.1267509,-8.659281,0.07851468,-0.06707919,0.003537492,149.0398,220.9787,-219.226,219.7205,-222.0737,0.03681953,-0.0780157,-0.0006453122,-0.144362,-0.143217,-0.14354,-0.1450773,0
-0.01473583,-0.1858976,-8.755594,0.07600538,-0.05850201,0.003045112,149.2417,221.4202,-219.2667,220.1575,-222.0409,0.03768465,-0.07854158,-0.0006438652,-0.1446504,-0.1432435,-0.1438255,-0.1450559,0
0.1091239,-0.07014071,-8.603587,0.07466352,-0.04858045,0.003938777,149.4435,221.3524,-219.6808,220.2052,-222.3827,0.03852862,-0.07897717,-0.0006452815,-0.1446061,-0.1435141,-0.1438566,-0.1452792,0
-0.02896211,-0.1962037,-8.793441,0.07144743,-0.04079225,0.00296804,149.6452,221.6414,-219.7584,220.449,-222.427,0.03934734,-0.07932754,-0.0006362443,-0.1447949,-0.1435648,-0.1440159,-0.1453081,0
0.2365003,0.05081992,-8.45516,0.07116301,-0.02993071,0.004889497,149.8469,221.8282,-219.9016,220.866,-222.5047,0.04015354,-0.07957949,-0.0006267642,-0.1449169,-0.1436583,-0.1442883,-0.1453588,0
-0.03567229,-0.1986336,-8.819799,0.06660719,-0.02369195,0.002875581,150.0485,222.1591,-220.0743,221.0559,-222.6901,0.04092837,-0.07975402,-0.0006037725,-0.1451331,-0.1437711,-0.1444124,-0.14548,0
0.09675632,-0.07411714,-8.661091,0.06527589,-0.01429298,0.00371886,150.25,222.2195,-220.8324,221.2637,-223.4132,0.04167441,-0.07985073,-0.0005971511,-0.1451726,-0.1442664,-0.1445481,-0.1459523,0
-0.02433176,-0.183718,-8.834265,0.06253126,-0.006837151,0.002918029,150.4515,222.7651,-220.653,221.8308,-223.2304,0.04240739,-0.07985684,-0.0005710989,-0.145529,-0.1441492,-0.1449186,-0.145833,0
0.3542651,0.1687301,-8.344784,0.06270836,0.003987972,0.005618672,150.6529,222.8716,-220.8871,222.2473,-223.4412,0.04312847,-0.07976937,-0.0005429108,-0.1455985,-0.1443021,-0.1451907,-0.1459706,0
-0.04159278,-0.1941567,-8.875294,0.0569195,0.008178985,0.002610664,150.8542,223.3107,-221.3782,222.4639,-224.0031,0.04380363,-0.07962741,-0.0005055314,-0.1458854,-0.1446229,-0.1453322,-0.1463377,0
0.2911521,0.116134,-8.462396,0.05736295,0.01837923,0.004892504,151.0555,223.7483,-221.9885,223.2281,-224.5831,0.04446654,-0.07939985,-0.0004818618,-0.1461713,-0.1450216,-0.1458315,-0.1467166,0
-0.100796,-0.2429226,-8.990929,0.05222104,0.02244539,0.002022151,151.2567,224.0704,-222.3064,223.3832,-224.9768,0.0450957,-0.07911316,-0.0004442387,-0.1463817,-0.1452293,-0.1459328,-0.1469738,0
-0.02444681,-0.1692054,-8.9031,0.05087886,0.03018458,0.002466187,151.4579,224.1955,-222.8772,223.678,-225.5673,0.04570148,-0.07875837,-0.0004230817,-0.1464634,-0.1456022,-0.1461254,-0.1473596,0
-0.002266215,-0.1453763,-8.882892,0.04928394,0.03727034,0.002738487,151.659,224.3036,-222.8058,223.9338,-225.5334,0.04629237,-0.07833145,-0.0003913365,-0.1465341,-0.1455556,-0.1462924,-0.1473375,0
-0.1349133,-0.2643676,-9.052355,0.04623653,0.04266611,0.001773106,151.8601,224.0722,-222.9539,223.7245,-225.7542,0.04685093,-0.07785261,-0.000365369,-0.1463829,-0.1456523,-0.1461557,-0.1474817,0
-0.3290811,-0.4401757,-9.301954,0.04339116,0.04758915,0.0004432241,152.0611,224.04,-222.7038,223.7201,-225.5696,0.04739196,-0.07731109,-0.0003373447,-0.1463618,-0.1454889,-0.1461528,-0.1473611,0
0.05903286,-0.07773616,-8.781894,0.04446873,0.05661169,0.003423011,152.262,223.5949,-222.3606,223.6677,-225.2507,0.04792937,-0.07669421,-0.0003053905,-0.146071,-0.1452647,-0.1461186,-0.1471528,0
-0.1590706,-0.2751475,-9.05029,0.04047448,0.06008139,0.001913073,152.4629,223.4015,-221.96,223.4204,-224.9623,0.04843294,-0.07603662,-0.0002599661,-0.1459447,-0.145003,-0.1459571,-0.1469644,0
-0.06244572,-0.1817773,-8.914091,0.03937225,0.06598556,0.002578899,152.6638,223.242,-221.8812,223.4549,-224.9406,0.04891833,-0.07532609,-0.0002252496,-0.1458405,-0.1449515,-0.1459796,-0.1469502,0
0.04009964,-0.08280739,-8.770868,0.0382627,0.0715588,0.003439481,152.8645,223.202,-221.3779,223.6156,-224.5064,0.04939853,-0.07455282,-0.0001712441,-0.1458144,-0.1446227,-0.1460846,-0.1466666,0
-0.1687192,-0.2713048,-9.032734,0.0341625,0.07391238,0.001793215,153.0652,223.1438,-221.4635,223.5013,-224.7158,0.04984303,-0.0737499,-0.0001155281,-0.1457763,-0.1446786,-0.1460099,-0.1468033,0
-0.2366261,-0.3297009,-9.125427,0.0318572,0.07740942,0.001168059,153.2659,223.106,-221.9106,223.5478,-225.2451,0.05025684,-0.07291868,-7.66228e-05,-0.1457517,-0.1449708,-0.1460403,-0.1471491,0
-0.1962982,-0.2881244,-9.072605,0.03090392,0.08181179,0.001548348,153.4665,223.1353,-221.5656,223.7767,-224.9704,0.05066553,-0.07203783,-3.00763e-05,-0.1457708,-0.1447453,-0.1461898,-0.1469697,0
0.1958736,0.07879913,-8.54597,0.0316555,0.08823664,0.00445812,153.6671,222.8467,-221.2153,223.8634,-224.6896,0.05106788,-0.07110799,2.539691e-05,-0.1455823,-0.1445165,-0.1462465,-0.1467862,0
-0.2588823,-0.3366931,-9.130106,0.02583292,0.0873195,0.001017426,153.8676,223.0457,-221.0779,223.847,-224.7182,0.05143052,-0.07016726,9.105242e-05,-0.1457123,-0.1444267,-0.1462358,-0.1468049,0
-0.190526,-0.2690091,-9.043617,0.02469831,0.09064811,0.001306771,154.068,223.1431,-221.4678,224.1318,-225.1859,0.05177768,-0.06919485,0.000139103,-0.1457759,-0.1446815,-0.1464218,-0.1471104,0
-0.06027442,-0.1440615,-8.876575,0.02384183,0.09405901,0.002270167,154.2683,223.1184,-221.4965,224.3237,-225.3036,0.05211216,-0.06819278,0.0001970932,-0.1457598,-0.1447002,-0.1465472,-0.1471873,0
0.02796279,-0.05785507,-8.758255,0.02233498,0.09665637,0.002806264,154.4687,223.2255,-221.487,224.5938,-225.4015,0.05242317,-0.06717402,0.0002549908,-0.1458297,-0.144694,-0.1467236,-0.1472513,0
0.06285281,-0.02099237,-8.713512,0.02071172,0.09864327,0.002941985,154.6689,223.7761,-221.1625,225.2947,-225.1827,0.05273013,-0.06612119,0.0003267739,-0.1461894,-0.144482,-0.1471815,-0.1471083,0
-0.06445095,-0.1338641,-8.883737,0.01715289,0.09857692,0.001716061,154.8691,223.8491,-221.9096,225.3538,-226.0717,0.05300287,-0.06506699,0.0003930647,-0.1462371,-0.1449701,-0.1472201,-0.1476891,0
0.2026744,0.1175427,-8.554656,0.01714279,0.1016417,0.003448273,155.0693,224.5317,-222.3622,226.3262,-226.6001,0.05326289,-0.06399428,0.0004583141,-0.1466831,-0.1452658,-0.1478554,-0.1480343,0
-0.09510201,-0.1530077,-8.961554,0.01282751,0.09988338,0.001010018,155.2694,225.1196,-222.841,226.8167,-227.2295,0.05349203,-0.06292631,0.0005249422,-0.1470671,-0.1455786,-0.1481758,-0.1484455,0
-0.1827355,-0.2295618,-9.094845,0.01058831,0.09984271,8.225552e-05,155.4694,225.4443,-223.708,227.2152,-228.2082,0.05369802,-0.06185754,0.0005733313,-0.1472792,-0.146145,-0.1484362,-0.1490849,0
-0.02795498,-0.08220679,-8.908325,0.01032557,0.1015834,0.00114769,155.6694,225.5544,-224.1344,227.5684,-228.7241,0.05389021,-0.06078305,0.0006178105,-0.1473512,-0.1464235,-0.1486669,-0.1494219,0
-0.09657842,-0.1412947,-9.000058,0.00831505,0.1012672,0.0005976692,155.8694,225.9352,-223.8396,228.0355,-228.5546,0.05407092,-0.05970251,0.0006720095,-0.1475999,-0.1462309,-0.148972,-0.1493112,0
-0.05842262,-0.1017153,-8.947783,0.006761409,0.1013176,0.0007089649,156.0693,225.8716,-224.1216,228.0995,-228.956,0.05423276,-0.05862422,0.0007175494,-0.1475584,-0.1464151,-0.1490138,-0.1495734,0
0.02974209,-0.01601052,-8.835338,0.005707449,0.1015082,0.001276218,156.2691,226.2085,-224.0701,228.6028,-229.0112,0.05438647,-0.05754061,0.0007729926,-0.1477785,-0.1463815,-0.1493426,-0.1496094,0
-0.06358993,-0.09800372,-8.960765,0.0029177,0.09975649,0.0003705514,156.469,226.4586,-224.4219,228.8647,-229.498,0.05451348,-0.05647293,0.0008250918,-0.1479419,-0.1466113,-0.1495137,-0.1499274,0
0.09910141,0.05638579,-8.760354,0.002440155,0.1000118,0.001367492,156.6688,227.1488,-224.5327,229.7663,-229.6994,0.05463845,-0.05539829,0.0008828183,-0.1483928,-0.1466838,-0.1501027,-0.150059,0
-0.1657686,-0.1842515,-9.120021,-0.001818767,0.09628431,-0.000874816,156.8685,227.3575,-225.4744,229.8495,-230.7961,0.05472316,-0.05435859,0.0009311818,-0.1485291,-0.1472989,-0.1501571,-0.1507755,0
0.001885146,-0.02557699,-8.924018,-0.001833439,0.09637886,0.0001465778,157.0682,227.9709,-226.0303,230.693,-231.4255,0.05479775,-0.05332672,0.0009678639,-0.1489298,-0.1476621,-0.1507082,-0.1511867,0
-0.171378,-0.1819671,-9.163382,-0.004554792,0.09353209,-0.001229531,157.2679,228.0591,-226.4897,230.7652,-232.0136,0.05484715,-0.05232186,0.0009990933,-0.1489874,-0.1479622,-0.1507553,-0.1515709,0
-0.2200654,-0.2234719,-9.231344,-0.005893458,0.09179847,-0.001651803,157.4675,228.2641,-226.5492,231.0646,-232.1754,0.05488707,-0.05132871,0.001024816,-0.1491214,-0.1480011,-0.1509509,-0.1516766,0
0.1532999,0.1249687,-8.740279,-0.004542569,0.09299779,0.001095304,157.6671,228.2166,-226.361,231.3595,-232.0595,0.05492997,-0.05033494,0.001056099,-0.1490903,-0.1478781,-0.1511436,-0.1516009,0
-0.2955894,-0.2863204,-9.320645,-0.009832764,0.08710077,-0.002309637,157.8667,228.4054,-226.3906,231.2944,-232.261,0.05493756,-0.04938171,0.001093227,-0.1492137,-0.1478975,-0.1511011,-0.1517325,0
0.04134487,0.02817936,-8.885803,-0.008560563,0.08766866,-2.014218e-05,158.0663,228.7569,-226.5674,231.9642,-232.4894,0.05494885,-0.04842962,0.001119404,-0.1494433,-0.148013,-0.1515386,-0.1518817,0
0.05145751,0.04075818,-8.878221,-0.01051179,0.08502153,-2.210395e-05,158.2658,228.6823,-227.0311,231.9263,-233.0689,0.05493354,-0.04751336,0.001148673,-0.1493946,-0.1483159,-0.1515138,-0.1522603,0
-0.05239695,-0.05225072,-9.022423,-0.01264442,0.08172265,-0.0009421193,158.4653,229.5503,-226.8982,232.8,-233.0385,0.05491005,-0.04661468,0.001183576,-0.1499616,-0.148229,-0.1520846,-0.1522405,0
0.04372115,0.03945022,-8.907697,-0.01373385,0.07965586,-0.000473266,158.6647,229.7076,-227.5791,233.0613,-233.8121,0.05487188,-0.04574008,0.001209156,-0.1500644,-0.1486739,-0.1522553,-0.1527458,0
-0.1487944,-0.1357026,-9.176567,-0.01682673,0.07523218,-0.002053405,158.8642,230.0629,-228.3439,233.3272,-234.6926,0.05480167,-0.04491064,0.001228074,-0.1502965,-0.1491735,-0.152429,-0.1533211,0
-0.2832885,-0.2575852,-9.369682,-0.01861141,0.07172348,-0.00316761,159.0636,230.5142,-228.7121,233.7827,-235.1467,0.05471663,-0.04411148,0.001233261,-0.1505913,-0.1494141,-0.1527266,-0.1536177,0
0.0774478,0.07797545,-8.903654,-0.01686623,0.07208094,-0.0004807956,159.263,230.4345,-228.7629,234.0261,-235.2435,0.05463732,-0.04332143,0.00123718,-0.1505392,-0.1494473,-0.1528856,-0.1536809,0
-0.03774799,-0.02619974,-9.04859,-0.01939466,0.06813747,-0.001302275,159.4623,230.6129,-228.5273,234.1527,-235.1278,0.05454145,-0.04256288,0.001255792,-0.1506559,-0.1492933,-0.1529683,-0.1536054,0
-0.2916471,-0.2587311,-9.381378,-0.02269877,0.06308082,-0.003353756,159.6617,230.7955,-228.9478,234.1969,-235.6605,0.05441785,-0.0418473,0.001258072,-0.1507751,-0.149568,-0.1529972,-0.1539533,0
0.1181111,0.1216916,-8.854698,-0.0205697,0.06352081,-0.0003382837,159.861,230.9499,-229.0463,234.6887,-235.7824,0.0543033,-0.04113942,0.001259458,-0.150876,-0.1496324,-0.1533185,-0.1540329,0
-0.3669791,-0.3246968,-9.48806,-0.02581767,0.05639642,-0.003929264,160.0603,231.048,-229.2312,234.4676,-236.1148,0.05415274,-0.04048659,0.001266044,-0.1509401,-0.1497532,-0.153174,-0.1542501,0
-0.4462219,-0.3964793,-9.597619,-0.02700483,0.05306183,-0.004628373,160.2596,231.0634,-229.7488,234.4968,-236.6929,0.05398399,-0.03987062,0.001242917,-0.1509501,-0.1500913,-0.1531931,-0.1546278,0
0.06528543,0.07740681,-8.92832,-0.02369833,0.05453318,-0.0006252982,160.4589,230.7056,-229.4234,234.5532,-236.3734,0.05382947,-0.03926111,0.001224765,-0.1507164,-0.1498787,-0.15323,-0.154419,0
-0.1861582,-0.1536124,-9.235935,-0.0270155,0.04940716,-0.002315852,160.6582,231.0171,-228.3353,234.7045,-235.4073,0.05367037,-0.03867436,0.001239428,-0.1509199,-0.1491679,-0.1533288,-0.1537879,0
0.08398288,0.097264,-8.874128,-0.02702816,0.04798022,-0.0005609858,160.8574,230.7657,-228.96,234.5902,-236.0883,0.05349012,-0.03812267,0.00123071,-0.1507556,-0.149576,-0.1532541,-0.1542328,0
-0.2577832,-0.2174946,-9.333017,-0.03078852,0.04201268,-0.003073348,161.0566,231.3359,-229.1178,234.9375,-236.34,0.05328931,-0.03761242,0.00123293,-0.1511282,-0.1496791,-0.153481,-0.1543972,0
-0.3478302,-0.2999292,-9.460834,-0.03238815,0.03833864,-0.003887006,161.2559,231.3277,-229.8625,234.8884,-237.1435,0.05306537,-0.03714475,0.001207727,-0.1511228,-0.1501656,-0.153449,-0.1549222,0
-0.4597044,-0.4028077,-9.61489,-0.03350699,0.03494836,-0.004558188,161.455,231.0213,-230.1798,234.5623,-237.5116,0.05282415,-0.03671736,0.001169485,-0.1509227,-0.1503729,-0.1532359,-0.1551626,0
-0.2266901,-0.1872458,-9.297523,-0.03183644,0.03459623,-0.00254165,161.6542,230.9868,-229.1216,234.7578,-236.4727,0.05260423,-0.03628885,0.001145254,-0.1509001,-0.1496816,-0.1533636,-0.1544839,0
-0.1453147,-0.1116273,-9.163399,-0.03279173,0.03219402,-0.001797019,161.8534,230.3913,-228.6522,234.181,-236.0802,0.05237341,-0.0358875,0.001128902,-0.1505111,-0.1493749,-0.1529868,-0.1542275,0
-0.432224,-0.3764445,-9.524561,-0.03620232,0.02688662,-0.003881988,162.0525,230.3988,-228.5348,233.9691,-236.0506,0.05211768,-0.03552835,0.001110789,-0.1505159,-0.1492982,-0.1528484,-0.1542082,0
-0.1225024,-0.09022577,-9.117344,-0.03465907,0.02665194,-0.001560468,162.2517,230.1462,-228.6552,233.923,-236.1746,0.0518424,-0.03519392,0.001078281,-0.150351,-0.1493769,-0.1528183,-0.1542892,0
-0.1645684,-0.1291376,-9.164674,-0.0359131,0.02361887,-0.001668712,162.4508,230.3763,-227.9475,234.1164,-235.5231,0.05157467,-0.03487368,0.001071058,-0.1505013,-0.1489146,-0.1529446,-0.1538636,0
-0.1585229,-0.1236105,-9.148828,-0.03747734,0.0206496,-0.001727865,162.6499,230.2732,-228.2536,233.9593,-235.8886,0.05129837,-0.03458548,0.001053289,-0.1504339,-0.1491145,-0.152842,-0.1541024,0
-0.05883844,-0.03176928,-9.027563,-0.03779362,0.01874413,-0.0009880812,162.8489,230.7194,-228.3223,234.4502,-235.9836,0.05101915,-0.03431576,0.001041183,-0.1507254,-0.1491594,-0.1531627,-0.1541644,0
-0.2009139,-0.1633866,-9.221859,-0.04020317,0.01486589,-0.002108857,163.048,230.8083,-228.8896,234.3966,-236.6153,0.05071406,-0.03408726,0.00102,-0.1507835,-0.14953,-0.1531277,-0.1545771,0
-0.2330187,-0.1936823,-9.276915,-0.04102074,0.0124132,-0.002331835,163.247,231.2929,-229.0094,234.8654,-236.7651,0.05040669,-0.03387592,0.0009982083,-0.1511001,-0.1496083,-0.1534339,-0.1546749,0
-0.1220311,-0.09180824,-9.138427,-0.04123528,0.01097284,-0.001491047,163.446,231.3581,-229.2371,234.9768,-237.0275,0.05009395,-0.03368297,0.0009766272,-0.1511426,-0.1497571,-0.1535067,-0.1548464,0
-0.4624453,-0.4071243,-9.589859,-0.04480036,0.005984761,-0.003993049,163.6451,231.3147,-229.8177,234.666,-237.6885,0.04974549,-0.03354006,0.0009419485,-0.1511143,-0.1501364,-0.1533036,-0.1552782,0
-0.4152944,-0.3647122,-9.534864,-0.04425224,0.004892313,-0.003500388,163.844,231.2293,-229.8747,234.6448,-237.7514,0.04936914,-0.03342437,0.0008902183,-0.1510585,-0.1501736,-0.1532898,-0.1553193,0
-0.1868391,-0.1548331,-9.222696,-0.04268032,0.0052281,-0.001455455,164.043,230.8883,-229.0277,234.4762,-236.9139,0.04903683,-0.03329428,0.0008558265,-0.1508357,-0.1496202,-0.1531796,-0.1547721,0
-0.3135025,-0.272941,-9.362927,-0.04484935,0.002136616,-0.002221734,164.242,230.5055,-228.5677,233.9449,-236.5278,0.04868792,-0.03319082,0.0008290927,-0.1505857,-0.1493198,-0.1528326,-0.15452,0
-0.04910991,-0.02985348,-9.007351,-0.0437508,0.002304199,-0.0001975626,164.4409,230.5312,-228.2655,234.1038,-236.2293,0.04834123,-0.03309415,0.0008018396,-0.1506024,-0.1491223,-0.1529363,-0.1543249,0
-0.2346212,-0.2024674,-9.245131,-0.04628158,-0.001237047,-0.001483762,164.6398,230.8018,-227.9871,234.1883,-236.0125,0.04798791,-0.03301381,0.0007921564,-0.1507792,-0.1489404,-0.1529916,-0.1541833,0
-0.1207053,-0.09847555,-9.101714,-0.04679561,-0.002441691,-0.0007719421,164.8387,230.9281,-228.6072,234.3104,-236.6578,0.04761858,-0.03295621,0.0007704656,-0.1508618,-0.1493455,-0.1530713,-0.1546049,0
-0.1912487,-0.1650782,-9.212244,-0.04819164,-0.004770447,-0.00128775,165.0376,231.2607,-229.1199,234.5443,-237.2031,0.04723034,-0.03292765,0.0007446307,-0.151079,-0.1496805,-0.1532242,-0.1549611,0
-0.3809298,-0.3419964,-9.472943,-0.04987074,-0.007512157,-0.002645932,165.2365,231.509,-229.3771,234.6553,-237.4975,0.0468311,-0.0329199,0.0007101098,-0.1512413,-0.1498485,-0.1532967,-0.1551534,0
-0.2084411,-0.1843893,-9.251104,-0.04881245,-0.007178102,-0.001224014,165.4354,231.3011,-229.4765,234.5501,-237.6028,0.04642154,-0.03292307,0.0006706573,-0.1511054,-0.1499135,-0.153228,-0.1552222,0
-0.5225296,-0.4763839,-9.655057,-0.05157721,-0.01076553,-0.003327022,165.6342,231.0464,-229.3683,234.0418,-237.5663,0.04595916,-0.03296882,0.0006317404,-0.150939,-0.1498427,-0.1528959,-0.1551984,0
-0.1915344,-0.1725338,-9.212331,-0.04894009,-0.008806052,-0.0006758009,165.8331,230.8887,-228.7878,234.1117,-236.9636,0.04554948,-0.03298888,0.000590198,-0.150836,-0.1494635,-0.1529415,-0.1548046,0
0.2069013,0.1938234,-8.672686,-0.04691051,-0.006892714,0.002533407,166.0319,230.7875,-227.8233,234.2138,-236.007,0.04517037,-0.03298736,0.0005811286,-0.1507699,-0.1488334,-0.1530082,-0.1541797,0
-0.2143019,-0.1969633,-9.212467,-0.05197146,-0.01214477,-0.0006824456,166.2307,231.2666,-227.8176,234.2752,-236.1103,0.04476375,-0.03301417,0.0005862386,-0.1510828,-0.1488297,-0.1530484,-0.1542472,0
-0.409501,-0.3791574,-9.491174,-0.05436342,-0.01510142,-0.002418248,166.4294,231.4738,-229.3641,234.2717,-237.6904,0.04432057,-0.03308083,0.0005528418,-0.1512183,-0.14984,-0.1530461,-0.1552794,0
-0.3940049,-0.367025,-9.501154,-0.05374604,-0.01536528,-0.002155117,166.6282,231.7975,-229.7902,234.6234,-238.1045,0.04386884,-0.03316123,0.000513821,-0.1514297,-0.1501184,-0.1532758,-0.15555,0
-0.1100478,-0.1068497,-9.130994,-0.05163237,-0.0134646,0.0001706691,166.827,231.5589,-229.5174,234.5622,-237.83,0.04342829,-0.03323646,0.0004761101,-0.1512738,-0.1499401,-0.1532358,-0.1553707,0
-0.3071264,-0.2910914,-9.375291,-0.05346351,-0.01555621,-0.001056166,167.0257,231.6761,-228.7626,234.5119,-237.1387,0.04299717,-0.03330705,0.0004585724,-0.1513504,-0.149447,-0.153203,-0.154919,0
-0.1734043,-0.1696185,-9.191198,-0.05326881,-0.01531434,-6.903324e-05,167.2244,231.2256,-229.1262,234.0753,-237.5279,0.0425529,-0.0333905,0.0004251081,-0.1510561,-0.1496846,-0.1529178,-0.1551733,0
-0.224704,-0.2192089,-9.259716,-0.05384307,-0.01624681,-0.0002562357,167.4231,231.5722,-228.6993,234.3531,-237.1274,0.0421123,-0.03347338,0.0004080106,-0.1512825,-0.1494057,-0.1530992,-0.1549117,0
-0.2843105,-0.2764391,-9.334425,-0.05487694,-0.01738274,-0.0006905845,167.6218,231.358,-228.9633,234.0334,-237.4317,0.04165696,-0.03357235,0.0003791465,-0.1511426,-0.1495782,-0.1528904,-0.1551104,0
-0.2398501,-0.2376394,-9.279046,-0.05457215,-0.01733636,-0.0002157047,167.8205,231.6255,-228.6881,234.3057,-237.1689,0.04121117,-0.0336634,0.000360227,-0.1513173,-0.1493984,-0.1530683,-0.1549388,0
-0.2945985,-0.2904046,-9.34845,-0.05563465,-0.01836855,-0.0005772898,168.0191,231.514,-228.8419,234.0867,-237.3678,0.04075428,-0.03376584,0.0003402251,-0.1512445,-0.1494989,-0.1529252,-0.1550687,0
-0.4471789,-0.433668,-9.552328,-0.05695077,-0.01990558,-0.001649373,168.2178,231.5705,-229.0758,233.9971,-237.6392,0.04028377,-0.0338835,0.0003122937,-0.1512814,-0.1496516,-0.1528667,-0.155246,0
-0.1646221,-0.1749753,-9.185266,-0.05465938,-0.01767453,0.000589798,168.4164,231.5229,-228.8753,234.1174,-237.4249,0.03981464,-0.03399893,0.0002840368,-0.1512503,-0.1495207,-0.1529453,-0.1551059,0
-0.3709774,-0.367913,-9.446427,-0.05655728,-0.01958686,-0.0007599274,168.615,231.4603,-228.5357,233.8614,-237.1485,0.03935134,-0.03411122,0.0002691695,-0.1512094,-0.1492988,-0.152778,-0.1549254,0
-0.2194525,-0.2302066,-9.244002,-0.05571584,-0.01861335,0.0003775675,168.8136,231.4591,-228.5267,233.9089,-237.1519,0.03888972,-0.03421991,0.0002487492,-0.1512086,-0.149293,-0.152809,-0.1549277,0
-0.1943192,-0.2092378,-9.212454,-0.05592265,-0.01872838,0.0006588066,169.0122,231.5553,-228.4483,233.9604,-237.1044,0.03842715,-0.03432929,0.0002372029,-0.1512714,-0.1492417,-0.1528427,-0.1548966,0
-0.1982228,-0.2151011,-9.220232,-0.0563843,-0.01906478,0.0006243404,169.2108,231.7255,-228.5768,234.063,-237.2665,0.03795861,-0.03444348,0.0002242202,-0.1513827,-0.1493257,-0.1529097,-0.1550025,0
-0.13559,-0.1595234,-9.146382,-0.05616035,-0.01874386,0.001101368,169.4094,231.872,-228.803,234.1981,-237.514,0.037488,-0.0345591,0.0002092666,-0.1514784,-0.1494735,-0.1529979,-0.1551642,0
-0.1614129,-0.1856912,-9.187303,-0.05652979,-0.0190447,0.0009534725,169.6079,232.0943,-228.8914,234.3545,-237.6359,0.03701573,-0.03467584,0.0001976142,-0.1516236,-0.1495312,-0.1531001,-0.1552438,0
-0.1165926,-0.146587,-9.135201,-0.05638801,-0.01875844,0.001292907,169.8064,232.5554,-228.7787,234.7996,-237.5515,0.03655298,-0.03478069,0.0001957516,-0.1519248,-0.1494576,-0.1533909,-0.1551887,0
-0.09587121,-0.1296303,-9.11812,-0.05697778,-0.01900116,0.001348374,170.0049,232.7227,-229.3485,234.8928,-238.1656,0.03607899,-0.03489398,0.0001907733,-0.1520341,-0.1498298,-0.1534518,-0.1555899,0
-0.2994089,-0.3199971,-9.403864,-0.05861794,-0.02071379,-0.0002207393,170.2034,233.1664,-229.9395,235.1497,-238.8048,0.03558955,-0.03502287,0.0001781135,-0.152324,-0.1502159,-0.1536196,-0.1560075,0
-0.2730111,-0.298051,-9.386396,-0.05791457,-0.02015347,-4.206173e-06,170.4019,233.2931,-230.3387,235.2859,-239.2173,0.0351019,-0.03515116,0.0001534579,-0.1524068,-0.1504767,-0.1537086,-0.1562769,0
-0.3288197,-0.3520414,-9.462963,-0.05786848,-0.02019868,-0.0002420533,170.6004,233.3083,-230.1705,235.2494,-239.0863,0.03460755,-0.03527939,0.0001361363,-0.1524167,-0.1503668,-0.1536848,-0.1561913,0
-0.4218205,-0.4403239,-9.578922,-0.05836246,-0.0207027,-0.0008313784,170.7988,233.0061,-230.2271,234.848,-239.1904,0.03411448,-0.03541144,0.0001107741,-0.1522193,-0.1504038,-0.1534226,-0.1562594,0
-0.3282801,-0.3563075,-9.450687,-0.05698258,-0.01949957,5.734002e-05,170.9973,232.8051,-229.8648,234.703,-238.8391,0.03363476,-0.03553464,8.475537e-05,-0.1520879,-0.1501671,-0.1533278,-0.1560299,0
-0.225022,-0.2632011,-9.30005,-0.05589026,-0.01842113,0.001041421,171.1958,232.4588,-229.2795,234.3943,-238.279,0.03316577,-0.03564807,6.74946e-05,-0.1518617,-0.1497847,-0.1531262,-0.1556639,0
-0.3453273,-0.3765585,-9.440462,-0.05675228,-0.01935196,0.0002819037,171.3942,232.2276,-228.9059,234.0269,-237.9576,0.03269091,-0.03576636,5.520366e-05,-0.1517107,-0.1495406,-0.1528861,-0.155454,0
-0.265292,-0.3048148,-9.327122,-0.05591983,-0.01863287,0.0009468016,171.5926,232.1351,-228.6756,233.9427,-237.7438,0.03221757,-0.03588459,4.273836e-05,-0.1516502,-0.1493902,-0.1528311,-0.1553143,0
-0.02455691,-0.08450152,-9.007062,-0.05416309,-0.01678976,0.002811113,171.791,232.188,-228.3251,234.0991,-237.4021,0.03176542,-0.0359827,4.26065e-05,-0.1516848,-0.1491612,-0.1529333,-0.1550911,0
-0.06472984,-0.1236126,-9.058492,-0.05498404,-0.01748151,0.002462064,171.9894,232.5195,-228.282,234.3152,-237.4099,0.03131211,-0.03608013,5.308438e-05,-0.1519014,-0.1491331,-0.1530745,-0.1550962,0
-0.482641,-0.5118024,-9.618093,-0.05824615,-0.0210222,-0.0008097831,172.1878,232.7397,-229.1793,234.1863,-238.3798,0.03083233,-0.03620531,4.597192e-05,-0.1520452,-0.1497192,-0.1529903,-0.1557298,0
-0.299054,-0.3444678,-9.399415,-0.05586198,-0.01902954,0.0005585075,172.3862,232.6948,-229.8315,234.2733,-239.011,0.03035705,-0.03633012,1.707138e-05,-0.1520159,-0.1501454,-0.1530471,-0.1561421,0
-0.1368509,-0.1968423,-9.187859,-0.05372886,-0.01710056,0.002039456,172.5845,232.9478,-228.8988,234.6479,-238.0872,0.02991309,-0.03642645,1.511816e-05,-0.1521812,-0.149536,-0.1532918,-0.1555386,0
-0.2727554,-0.3243613,-9.350536,-0.05512197,-0.01830372,0.00101588,172.7829,232.7459,-228.8188,234.2746,-238.0833,0.02946143,-0.03652879,1.523907e-05,-0.1520493,-0.1494837,-0.153048,-0.1555361,0
-0.3622086,-0.4090357,-9.471187,-0.05557506,-0.01898362,0.0003067591,172.9812,232.6702,-229.3308,234.0891,-238.6309,0.02899739,-0.03664502,5.160655e-07,-0.1519998,-0.1498182,-0.1529268,-0.1558938,0
-0.335076,-0.3861118,-9.441601,-0.05439273,-0.0182846,0.0006325621,173.1796,232.7881,-229.1204,234.2299,-238.4284,0.02854655,-0.03675242,-1.243454e-05,-0.1520769,-0.1496808,-0.1530187,-0.1557616,0
-0.08978546,-0.1614705,-9.113405,-0.05216999,-0.01609838,0.00256095,173.3779,232.6724,-228.6853,234.2476,-238.0041,0.02811506,-0.03684184,-1.560758e-05,-0.1520013,-0.1493965,-0.1530303,-0.1554844,0
-0.3818322,-0.4331549,-9.487595,-0.05446311,-0.01857066,0.0004136259,173.5762,232.6194,-228.7279,233.9275,-238.1249,0.0276694,-0.03694706,-1.55026e-05,-0.1519666,-0.1494244,-0.1528212,-0.1555633,0
-0.5374075,-0.5789035,-9.695155,-0.054845,-0.01951442,-0.0007743842,173.7744,232.5081,-229.1614,233.6952,-238.5858,0.02721546,-0.03706482,-3.68459e-05,-0.1518939,-0.1497076,-0.1526694,-0.1558644,0
-0.4710261,-0.519649,-9.607964,-0.05300155,-0.01829427,-6.586243e-05,173.9727,232.2343,-228.8671,233.4904,-238.2907,0.02677836,-0.03717198,-5.822698e-05,-0.1517151,-0.1495153,-0.1525356,-0.1556716,0
-0.3984412,-0.4544962,-9.494104,-0.05169724,-0.01728011,0.0007033224,174.171,231.8102,-228.1532,233.1007,-237.6019,0.02635509,-0.03726907,-7.036029e-05,-0.151438,-0.149049,-0.1522811,-0.1552216,0
-0.1375761,-0.2152276,-9.131801,-0.04945098,-0.01509748,0.002764594,174.3692,231.4968,-227.4878,232.9155,-236.9473,0.02594702,-0.03735252,-7.453328e-05,-0.1512332,-0.1486143,-0.1521601,-0.154794,0
-0.1364596,-0.2158289,-9.115755,-0.04948009,-0.01529343,0.002821,174.5674,231.6272,-226.9229,232.979,-236.4234,0.02554893,-0.03742719,-6.068314e-05,-0.1513185,-0.1482452,-0.1522015,-0.1544517,0
-0.1897012,-0.2665845,-9.184832,-0.0501526,-0.01613968,0.002261406,174.7657,231.7915,-227.2791,233.0224,-236.8213,0.02514505,-0.03750873,-4.994062e-05,-0.1514258,-0.1484779,-0.1522299,-0.1547117,0
-0.1966742,-0.2746741,-9.211018,-0.04999336,-0.01636532,0.002072832,174.9639,232.1003,-227.9198,233.2738,-237.4811,0.02473566,-0.03759977,-4.754817e-05,-0.1516275,-0.1488965,-0.1523941,-0.1551427,0
-0.1441635,-0.2278828,-9.159864,-0.04895137,-0.01576492,0.002416968,175.162,232.6108,-228.0385,233.8033,-237.6103,0.02433866,-0.03768278,-4.190754e-05,-0.151961,-0.148974,-0.1527401,-0.1552271,0
-0.08808494,-0.1776873,-9.096825,-0.04832301,-0.0153108,0.002752294,175.3602,232.7737,-228.3764,233.9594,-237.9785,0.02394536,-0.03776467,-3.679724e-05,-0.1520675,-0.1491947,-0.152842,-0.1554677,0
-0.2471643,-0.3262907,-9.317196,-0.04914699,-0.01652211,0.001502082,175.5583,233.0407,-228.8089,234.0822,-238.4584,0.02354551,-0.03785679,-3.553124e-05,-0.1522419,-0.1494773,-0.1529223,-0.1557811,0
-0.06755914,-0.1620262,-9.095411,-0.04701787,-0.01478631,0.002794693,175.7565,233.6163,-228.676,234.7759,-238.3259,0.02317132,-0.03792587,-2.686556e-05,-0.1526179,-0.1493904,-0.1533755,-0.1556946,0
-0.2043654,-0.2898835,-9.282439,-0.04818081,-0.01613465,0.00167159,175.9546,233.637,-229.278,234.634,-238.9924,0.02278547,-0.03800949,-1.9843e-05,-0.1526314,-0.1497837,-0.1532827,-0.15613,0
-0.3658568,-0.4407097,-9.511438,-0.04864224,-0.01725338,0.0003736569,176.1527,233.9934,-229.8682,234.866,-239.6159,0.02239207,-0.03810633,-2.70718e-05,-0.1528642,-0.1501693,-0.1534343,-0.1565373,0
-0.2381121,-0.324369,-9.3571,-0.04641532,-0.01571055,0.001379188,176.3508,234.2127,-229.786,235.1971,-239.5292,0.02203218,-0.03818671,-3.301747e-05,-0.1530075,-0.1501156,-0.1536506,-0.1564807,0
0.1680056,0.04943884,-8.824114,-0.04316018,-0.01250532,0.004439972,176.5489,234.2393,-229.4978,235.4531,-239.2463,0.02168629,-0.03824481,-2.315658e-05,-0.1530249,-0.1499273,-0.1538179,-0.1562959,0
-0.2371585,-0.3261881,-9.355679,-0.04647214,-0.01622626,0.001323794,176.747,234.6938,-229.6938,235.552,-239.5399,0.02132298,-0.03832371,-5.162384e-06,-0.1533218,-0.1500554,-0.1538825,-0.1564877,0
5.588766,5.51148,-4.603449,-0.04697676,-0.01759452,-0.0001991559,176.945,234.7154,-231.0782,235.4354,-240.9465,0.02094009,-0.03843009,-2.730306e-05,-0.1533359,-0.1509598,-0.1538063,-0.1574066,1
5.932288,5.827224,-4.197282,-0.04252602,-0.01409815,0.002576397,177.1431,237.498,-233.0874,238.5009,-242.818,0.02060088,-0.03850217,-3.462937e-05,-0.1551537,-0.1522724,-0.1558089,-0.1586292,1
5.805538,5.709025,-4.574333,-0.04358052,-0.01488972,0.001730431,177.3412,245.6106,-241.2019,246.439,-250.7447,0.0202605,-0.0385768,-2.914216e-05,-0.1604536,-0.1575735,-0.1609948,-0.1638076,1
5.765462,5.671002,-5.026584,-0.04482011,-0.01367881,0.001374804,177.5393,256.2659,-251.364,256.9893,-260.7983,0.01991941,-0.0386322,-2.110695e-05,-0.1674145,-0.1642122,-0.1678871,-0.1703755,1
5.718745,5.626884,-5.51368,-0.0472887,-0.01148442,0.0009439704,177.7374,266.2017,-262.0235,266.8034,-271.5247,0.01954927,-0.03867517,-2.244756e-05,-0.1739054,-0.1711759,-0.1742985,-0.1773829,1
5.723719,5.630324,-5.920337,-0.04882877,-0.008002821,0.001004305,177.9356,276.038,-271.3881,276.6274,-281.3133,0.01833974,-0.03802934,-2.264863e-05,-0.1803313,-0.1772936,-0.1807164,-0.1837776,1
5.879381,5.772964,-6.095798,-0.04799439,-0.004350573,0.002173094,178.134,284.8295,-280.1815,285.5421,-290.1904,0.01795003,-0.03800754,-2.409526e-05,-0.1860747,-0.1830382,-0.1865402,-0.1895769,1
5.767131,5.668147,-6.59023,-0.04898122,-0.003328393,0.001385837,178.3325,293.1091,-288.2297,293.7679,-298.38,0.01755842,-0.03796734,-1.793569e-05,-0.1914836,-0.188296,-0.191914,-0.194927,1
6.017831,5.898772,-6.587286,-0.04746743,0.0002683526,0.003193113,178.5313,300.8048,-295.7866,301.6424,-306.0775,0.01717339,-0.03789946,-1.223692e-05,-0.1965111,-0.1932328,-0.1970583,-0.1999557,1
5.939806,5.825806,-6.993578,-0.04853462,0.0006206137,0.002583561,178.7303,308.0184,-302.906,308.7958,-313.3957,0.01677908,-0.03782585,-4.515062e-07,-0.2012236,-0.1978838,-0.2017315,-0.2047365,1
5.909986,5.797316,-7.319553,-0.04860133,0.001068875,0.002252826,178.9295,315.0089,-309.4966,315.7917,-320.1648,0.01638923,-0.03773938,1.112646e-05,-0.2057904,-0.2021893,-0.2063018,-0.2091587,1
5.738901,5.638375,-7.812271,-0.04958906,-0.0002076217,0.0008812101,179.1291,321.0578,-316.1552,321.7419,-327.0168,0.01598909,-0.03766422,1.332424e-05,-0.2097421,-0.2065392,-0.210189,-0.213635,1
5.714613,5.614943,-8.094926,-0.04860094,-0.0004332748,0.0006991916,179.329,326.9306,-321.8496,327.6601,-332.8637,0.01559844,-0.03758907,1.1755e-05,-0.2135787,-0.2102593,-0.2140553,-0.2174547,1
5.685428,5.587077,-8.355859,-0.04761914,-0.001227145,0.0005277296,179.5292,331.7186,-327.2493,332.4733,-338.4197,0.01520758,-0.03753182,-2.71642e-06,-0.2167066,-0.2137869,-0.2171996,-0.2210843,1
5.618732,5.524482,-8.639679,-0.04622038,-0.00244785,0.0002312242,179.7299,336.421,-331.4074,337.2116,-342.7159,0.01483861,-0.03747635,-1.163178e-05,-0.2197786,-0.2165033,-0.2202951,-0.223891,1
5.815289,5.705332,-8.551665,-0.04337148,-0.002337629,0.00182039,179.9309,340.3811,-335.2307,341.3374,-346.6578,0.01449531,-0.03742158,-1.571271e-05,-0.2223657,-0.219001,-0.2229904,-0.2264661,1
5.921175,5.802597,-8.569622,-0.04167035,-0.00374492,0.002686709,180.1324,344.3727,-338.7144,345.3899,-350.2665,0.01417013,-0.0373788,-4.646934e-06,-0.2249734,-0.2212769,-0.2256379,-0.2288236,1
5.665472,5.565792,-9.057442,-0.04264874,-0.008482721,0.0006950887,180.3343,348.0394,-342.7018,348.8599,-354.3954,0.01383707,-0.03738026,-2.927049e-06,-0.2273687,-0.2238817,-0.2279048,-0.231521,1
5.54485,5.453493,-9.36791,-0.04149786,-0.01178405,-0.0002011615,180.5367,351.2486,-346.5847,352.0274,-358.3583,0.01350877,-0.03742028,-2.242065e-05,-0.2294652,-0.2264184,-0.229974,-0.2341099,1
5.732348,5.625778,-9.252743,-0.03764223,-0.01245833,0.001429433,180.7395,354.2798,-349.0281,355.2528,-360.8418,0.01322084,-0.03746449,-3.182537e-05,-0.2314455,-0.2280146,-0.2320811,-0.2357323,1
5.707184,5.601878,-9.386972,-0.03652778,-0.01557206,0.001376349,180.9428,356.5781,-351.5193,357.515,-363.4237,0.01294173,-0.03754338,-3.838744e-05,-0.2329469,-0.2296421,-0.233559,-0.2374191,1
5.941042,5.817199,-9.179512,-0.03318744,-0.01662775,0.003197808,181.1466,359.416,-353.3226,360.5097,-365.2578,0.01269954,-0.0376277,-3.100584e-05,-0.2348009,-0.2308202,-0.2355154,-0.2386173,1
5.729948,5.621608,-9.548572,-0.0340781,-0.02185116,0.00156721,181.3509,361.6701,-355.8871,362.5527,-367.9115,0.01245655,-0.03775604,-2.046263e-05,-0.2362734,-0.2324955,-0.23685,-0.2403508,1
5.843053,5.725294,-9.503576,-0.03192853,-0.02416078,0.002279376,181.5557,364.1616,-358.4694,365.0889,-370.5047,0.01222615,-0.03791581,-1.883665e-05,-0.2379011,-0.2341825,-0.2385069,-0.242045,1
5.653916,5.549611,-9.848564,-0.03188528,-0.02865957,0.0008575828,181.761,366.4077,-360.7195,367.1867,-372.7916,0.01200288,-0.03811407,-1.71171e-05,-0.2393684,-0.2356524,-0.2398773,-0.243539,1
5.786267,5.670831,-9.761322,-0.02933244,-0.03029729,0.001801443,181.9669,368.1935,-362.8694,369.0471,-374.9321,0.01179462,-0.03834026,-2.734391e-05,-0.2405351,-0.2370569,-0.2410927,-0.2449373,1
6.104831,5.964093,-9.41852,-0.02561128,-0.03035939,0.004263228,182.1733,370.1921,-363.9853,371.2376,-376.022,0.01162412,-0.03856741,-1.699029e-05,-0.2418407,-0.237786,-0.2425238,-0.2456493,1
5.74827,5.63378,-9.947333,-0.02797884,-0.03623809,0.001491819,182.3802,371.8195,-365.8497,372.5275,-377.9501,0.01144124,-0.03884261,-5.593333e-06,-0.2429039,-0.2390039,-0.2433664,-0.2469089,1
5.578522,5.475656,-10.24538,-0.02785945,-0.0398516,7.04276e-05,182.5878,373.3828,-368.0971,373.9472,-380.1832,0.01125486,-0.03915776,-1.932738e-05,-0.2439252,-0.2404721,-0.2442939,-0.2483678,1
5.814916,5.692572,-10.00342,-0.02423741,-0.03957943,0.001945207,182.7959,374.7248,-369.2555,375.4581,-381.2752,0.01109955,-0.03947645,-3.013745e-05,-0.2448019,-0.2412289,-0.2452809,-0.2490811,1
5.652503,5.541215,-10.25715,-0.02454259,-0.04263506,0.0008445994,183.0045,375.6761,-370.1809,376.2479,-382.2084,0.01094751,-0.03982113,-3.457708e-05,-0.2454234,-0.2418334,-0.2457969,-0.2496908,1
5.736913,5.617779,-10.18544,-0.02281392,-0.04334818,0.001487334,183.2137,376.8664,-370.8606,377.46,-382.8463,0.01081738,-0.04016748,-3.659498e-05,-0.2462009,-0.2422774,-0.2465887,-0.2501076,1
5.676033,5.560218,-10.30147,-0.0228212,-0.04532488,0.001031534,183.4236,377.5522,-372.0065,378.0246,-383.9761,0.01068663,-0.04053556,-3.898198e-05,-0.246649,-0.243026,-0.2469576,-0.2508456,1
5.736857,5.614935,-10.26126,-0.02159109,-0.04583388,0.001473738,183.6339,378.4224,-372.9883,378.8789,-384.9065,0.01055889,-0.04091944,-4.812704e-05,-0.2472174,-0.2436675,-0.2475157,-0.2514534,1
5.588129,5.475923,-10.48876,-0.02167964,-0.04748325,0.0004467265,183.8449,379.2412,-373.5243,379.5654,-385.4076,0.01044025,-0.04131012,-5.450301e-05,-0.2477524,-0.2440176,-0.2479642,-0.2517808,1
5.815507,5.684453,-10.21495,-0.0193416,-0.04593526,0.002168048,184.0565,379.7501,-374.0272,380.1768,-385.8429,0.01034074,-0.04169064,-5.918691e-05,-0.2480848,-0.2443462,-0.2483636,-0.2520652,1
5.750476,5.622952,-10.3213,-0.01979298,-0.0467604,0.001713817,184.2686,380.3212,-374.5623,380.6153,-386.3539,0.01023813,-0.04207962,-5.580385e-05,-0.2484579,-0.2446957,-0.24865,-0.252399,1
5.687261,5.562986,-10.42952,-0.01990104,-0.04706687,0.0011715,184.4814,380.8861,-375.3337,381.0735,-387.0806,0.01013007,-0.04247704,-6.437246e-05,-0.248827,-0.2451997,-0.2489494,-0.2528737,1
5.631627,5.509891,-10.52606,-0.01953794,-0.04669088,0.000826879,184.6948,381.2504,-375.8326,381.372,-387.524,0.01002809,-0.04286898,-7.597131e-05,-0.2490649,-0.2455256,-0.2491444,-0.2531634,1
5.727586,5.596928,-10.41256,-0.01832264,-0.04484499,0.001643369,184.9087,381.5536,-375.8808,381.7025,-387.5133,0.009940196,-0.04324134,-8.044308e-05,-0.249263,-0.2455571,-0.2493603,-0.2531564,1
5.56045,5.441035,-10.63767,-0.01958814,-0.0450847,0.000436788,185.1233,381.64,-376.2204,381.6061,-387.8349,0.009841296,-0.04361579,-8.713288e-05,-0.2493194,-0.2457789,-0.2492973,-0.2533665,1
5.39218,5.283935,-10.86711,-0.02022839,-0.04468764,-0.0007537347,185.3384,381.6604,-376.5818,381.4885,-388.1541,0.009735542,-0.04398707,-0.0001074165,-0.2493328,-0.246015,-0.2492205,-0.2535751,1
5.498839,5.380825,-10.72818,-0.01854675,-0.0415712,0.0002548304,185.5542,381.5469,-376.2375,381.4514,-387.7388,0.009648468,-0.04432574,-0.0001237874,-0.2492587,-0.2457901,-0.2491963,-0.2533037,1
5.928794,5.77678,-10.15208,-0.01553883,-0.03616562,0.003620528,185.7705,381.4812,-375.4304,381.6185,-386.8636,0.009587106,-0.04461651,-0.0001176775,-0.2492158,-0.2452628,-0.2493054,-0.2527319,1
5.525521,5.403199,-10.66938,-0.0196929,-0.03782359,0.0005700293,185.9875,381.5889,-375.5122,381.335,-386.9846,0.009498127,-0.04491039,-0.0001040775,-0.2492861,-0.2453163,-0.2491202,-0.252811,1
5.675231,5.540234,-10.48732,-0.018642,-0.03430351,0.001505926,186.2051,381.4852,-376.4529,381.2836,-387.855,0.009395647,-0.0451946,-0.000123112,-0.2492184,-0.2459308,-0.2490867,-0.2533796,1
5.709516,5.570537,-10.45218,-0.0178091,-0.03099481,0.001982338,186.4232,381.6611,-376.0335,381.4948,-387.3804,0.009308123,-0.04544,-0.0001262414,-0.2493333,-0.2456568,-0.2492246,-0.2530696,1
5.69992,5.560624,-10.45301,-0.01821638,-0.02819497,0.001954185,186.642,381.538,-375.6628,381.327,-386.9977,0.009222917,-0.04565176,-0.0001236243,-0.2492528,-0.2454146,-0.249115,-0.2528196,1
5.574227,5.443578,-10.61179,-0.01967093,-0.02631938,0.001004382,186.8614,381.3879,-375.7836,381.0434,-387.1176,0.009124982,-0.04584309,-0.0001240371,-0.2491548,-0.2454936,-0.2489297,-0.2528979,1
5.763776,5.617781,-10.36472,-0.01843055,-0.02159152,0.002421216,187.0813,381.4906,-375.5908,381.2565,-386.8798,0.009035133,-0.04599176,-0.0001221238,-0.2492219,-0.2453676,-0.2490689,-0.2527426,1
5.705431,5.563191,-10.43767,-0.01955208,-0.01896035,0.001986094,187.3019,381.3803,-375.579,381.0613,-386.8729,0.00893526,-0.04611437,-0.0001163987,-0.2491498,-0.2453599,-0.2489414,-0.252738,1
5.736539,5.591267,-10.39713,-0.01975421,-0.01534258,0.002166316,187.5231,381.4867,-375.5655,381.1675,-386.8464,0.008832628,-0.04620166,-0.0001123488,-0.2492194,-0.2453511,-0.2490108,-0.2527208,1
5.741938,5.595722,-10.39093,-0.02024245,-0.01185918,0.002180517,187.7448,381.4332,-375.629,381.0966,-386.9086,0.008724364,-0.04625569,-0.0001081415,-0.2491844,-0.2453925,-0.2489644,-0.2527614,1
5.69144,5.548628,-10.45678,-0.02109563,-0.008677535,0.001782073,187.9672,381.6058,-375.4828,381.2265,-386.7708,0.008614235,-0.04627082,-9.867123e-05,-0.2492971,-0.2452971,-0.2490493,-0.2526714,1
5.854361,5.698907,-10.24424,-0.02065384,-0.003877128,0.002901426,188.1902,381.4662,-375.6921,381.1714,-386.9768,0.008497437,-0.04625068,-9.503753e-05,-0.249206,-0.2454338,-0.2490134,-0.2528059,1
5.678838,5.536558,-10.47557,-0.02251929,-0.001605176,0.001591559,188.4138,381.799,-375.4679,381.3849,-386.7856,0.008375714,-0.0461932,-8.016649e-05,-0.2494233,-0.2452874,-0.2491528,-0.2526811,1
5.882813,5.725011,-10.2105,-0.021818,0.003614763,0.002953165,188.6379,381.7606,-375.7183,381.4695,-387.0374,0.008251641,-0.04609374,-7.302893e-05,-0.2493982,-0.2454509,-0.2492081,-0.2528455,1
5.721901,5.576472,-10.4262,-0.023865,0.005905914,0.001713892,188.8627,381.9624,-375.8352,381.5521,-387.2015,0.008113448,-0.04596519,-5.879938e-05,-0.2495301,-0.2455273,-0.2492621,-0.2529528,1
5.529833,5.399154,-10.68293,-0.02577063,0.008204486,0.0001563362,189.0881,381.7274,-376.4825,381.2007,-387.8903,0.007947896,-0.04582306,-6.956351e-05,-0.2493766,-0.2459502,-0.2490325,-0.2534027,1
6.055641,5.885056,-9.996792,-0.0215524,0.01675734,0.004203338,189.314,381.9335,-375.6262,381.8429,-386.9899,0.007820346,-0.04559931,-6.436145e-05,-0.2495112,-0.2453907,-0.249452,-0.2528145,1
5.705492,5.56233,-10.43459,-0.025764,0.01726304,0.001604262,189.5406,381.7004,-375.3193,381.3324,-386.8046,0.007670026,-0.04535174,-4.026626e-05,-0.249359,-0.2451903,-0.2491185,-0.2526934,1
5.825133,5.673567,-10.27861,-0.02584557,0.02169141,0.002243009,189.7678,381.6845,-375.8976,381.3916,-387.4131,0.007500923,-0.04507782,-4.034131e-05,-0.2493486,-0.2455681,-0.2491572,-0.2530909,1
5.789505,5.641307,-10.33293,-0.02638943,0.02522367,0.002023382,189.9955,382.0735,-375.5368,381.8104,-387.0917,0.007339519,-0.0447543,-2.462632e-05,-0.2496027,-0.2453323,-0.2494308,-0.252881,1
5.758629,5.613779,-10.36874,-0.02771658,0.02838294,0.00165428,190.2239,381.8071,-375.895,381.5236,-387.5217,0.007160129,-0.04440509,-1.821528e-05,-0.2494287,-0.2455664,-0.2492435,-0.2531619,1
5.634584,5.50013,-10.53418,-0.02911448,0.03105713,0.0007051654,190.4529,381.8723,-376.0137,381.5496,-387.7038,0.00696701,-0.04402854,-1.620063e-05,-0.2494712,-0.2456439,-0.2492604,-0.2532809,1
5.795369,5.649735,-10.32037,-0.02819238,0.03612174,0.001914334,190.6825,381.8961,-375.6104,381.7484,-387.3389,0.00678422,-0.0435999,-1.079316e-05,-0.2494867,-0.2453804,-0.2493903,-0.2530425,1
5.784401,5.641026,-10.32275,-0.0293638,0.0392926,0.001821669,190.9127,381.4435,-375.6581,381.2999,-387.4749,0.006584289,-0.04314664,-6.187586e-06,-0.2491911,-0.2454116,-0.2490973,-0.2531313,1
6.169946,5.998699,-9.811893,-0.02721797,0.04570334,0.004667227,191.1434,381.5637,-375.1911,381.7205,-387.0403,0.006393408,-0.04264233,4.038586e-06,-0.2492696,-0.2451065,-0.249372,-0.2528474,1
5.771814,5.632578,-10.3226,-0.03139059,0.04547264,0.001659109,191.3748,381.6562,-375.0003,381.5587,-386.9885,0.006182765,-0.04211737,2.557506e-05,-0.24933,-0.2449819,-0.2492664,-0.2528135,1
5.628936,5.502223,-10.50991,-0.03315093,0.04743963,0.0003941876,191.6068,381.4924,-375.6832,381.3433,-387.7581,0.005950532,-0.04157545,2.319318e-05,-0.2492231,-0.245428,-0.2491256,-0.2533164,1
5.623302,5.498621,-10.52111,-0.03321203,0.05082287,0.000427419,191.8394,381.3067,-375.7095,381.2466,-387.8478,0.005712767,-0.04100489,1.610612e-05,-0.2491017,-0.2454452,-0.2490625,-0.253375,1
5.983845,5.833569,-10.03484,-0.03080569,0.05702186,0.003227326,192.0726,381.2386,-374.7311,381.5084,-386.9191,0.005496683,-0.0403753,2.320556e-05,-0.2490572,-0.244806,-0.2492335,-0.2527682,1
5.884721,5.744293,-10.14052,-0.03306855,0.05870058,0.002470195,192.3064,380.9797,-374.3209,381.1873,-386.6482,0.005267317,-0.03971981,4.363735e-05,-0.2488881,-0.244538,-0.2490237,-0.2525913,1
5.96927,5.824714,-10.0237,-0.03370948,0.06172212,0.002904999,192.5407,381.0707,-374.5179,381.3531,-386.9409,0.005024998,-0.03903989,5.785322e-05,-0.2489475,-0.2446668,-0.2491321,-0.2527825,1
5.859323,5.725418,-10.17266,-0.03544245,0.06323583,0.001971955,192.7757,381.2781,-374.7458,381.5304,-387.2771,0.004768171,-0.03834172,7.166586e-05,-0.2490831,-0.2448156,-0.2492479,-0.2530021,1
5.611507,5.498707,-10.50055,-0.03782435,0.06383222,1.826767e-05,193.0113,381.243,-375.1796,381.3987,-387.829,0.004490159,-0.03763451,7.128606e-05,-0.2490601,-0.245099,-0.2491619,-0.2533627,1
5.648605,5.535182,-10.45121,-0.03751536,0.06701172,0.0003355887,193.2475,380.8569,-375.3044,381.1473,-388.0344,0.004205727,-0.03690559,5.643364e-05,-0.2488079,-0.2451805,-0.2489976,-0.2534968,1
5.820664,5.69652,-10.20784,-0.03627625,0.07122064,0.001827662,193.4843,380.6653,-374.2566,381.1862,-387.0724,0.00393913,-0.03612892,5.836489e-05,-0.2486827,-0.244496,-0.249023,-0.2528684,1
5.688887,5.577551,-10.3491,-0.03839993,0.07224097,0.00088117,193.7216,380.0452,-373.8489,380.5147,-386.8185,0.003654908,-0.03533882,6.17628e-05,-0.2482776,-0.2442297,-0.2485843,-0.2527025,1
5.552228,5.453982,-10.50915,-0.03993135,0.07331678,-0.0001235519,193.9596,379.5342,-373.8264,379.9839,-386.9204,0.003349843,-0.03454287,5.035144e-05,-0.2479438,-0.244215,-0.2482376,-0.2527691,1
5.74347,5.633311,-10.23964,-0.03839751,0.07725665,0.001470775,194.1982,379.1273,-373.0337,379.8257,-386.2071,0.003057244,-0.03371004,4.200482e-05,-0.247678,-0.2436971,-0.2481342,-0.2523031,1
5.736846,5.630167,-10.21443,-0.03918112,0.07906297,0.001573676,194.4374,378.5266,-372.1763,379.287,-385.4872,0.002762598,-0.03285367,4.573068e-05,-0.2472855,-0.243137,-0.2477823,-0.2518328,1
5.810477,5.70129,-10.08925,-0.03955916,0.08118442,0.002124678,194.6771,378.2793,-371.5194,379.1425,-384.9578,0.002466431,-0.0319727,5.541497e-05,-0.247124,-0.2427078,-0.2476879,-0.251487,1
5.497873,5.415617,-10.47972,-0.0428489,0.07997034,-0.0002524644,194.9175,377.9349,-371.5413,378.6336,-385.1451,0.002144706,-0.03109551,5.984519e-05,-0.246899,-0.2427222,-0.2473554,-0.2516093,1
5.290596,5.227031,-10.74072,-0.04439618,0.08001679,-0.001797875,195.1584,377.2614,-371.9204,377.924,-385.6481,0.00179671,-0.03022852,3.546337e-05,-0.246459,-0.2429698,-0.2468919,-0.2519379,1
5.645947,5.558158,-10.25481,-0.04093173,0.08504248,0.001158061,195.4,376.6938,-370.7725,377.7645,-384.5593,0.001475558,-0.02931948,1.637056e-05,-0.2460882,-0.2422199,-0.2467877,-0.2512266,1
5.698735,5.610255,-10.13624,-0.04118583,0.08679167,0.001827807,195.6421,375.6206,-369.5338,376.7988,-383.4745,0.001152793,-0.028394,1.158688e-05,-0.2453871,-0.2414107,-0.2461568,-0.250518,1
5.74767,5.658871,-10.02724,-0.04152179,0.08819309,0.00229816,195.8848,375.0521,-368.4811,376.3288,-382.5661,0.0008286086,-0.02745136,1.256043e-05,-0.2450157,-0.240723,-0.2458498,-0.2499245,1
5.562484,5.491218,-10.23586,-0.04358993,0.08743872,0.0009685815,196.1281,374.6267,-367.8165,375.8431,-382.0647,0.0004975089,-0.02650027,1.994819e-05,-0.2447378,-0.2402888,-0.2455324,-0.2495969,1
5.964685,5.866306,-9.687525,-0.04140856,0.09109685,0.003898942,196.3719,374.1803,-367.5344,375.7197,-381.8798,0.0001699343,-0.02553145,2.413445e-05,-0.2444462,-0.2401045,-0.2454518,-0.2494761,1
5.653809,5.582603,-10.07755,-0.04462291,0.08884066,0.001594904,196.6163,374.2604,-367.0717,375.6386,-381.5974,-0.000173676,-0.02456836,4.272782e-05,-0.2444985,-0.2398022,-0.2453988,-0.2492917,1
6.115034,6.012168,-9.465482,-0.04187506,0.0927635,0.004813562,196.8613,374.0784,-367.1756,375.8275,-381.7853,-0.0005119827,-0.02358888,4.568095e-05,-0.2443796,-0.2398701,-0.2455222,-0.2494144,1
5.514087,5.460384,-10.24487,-0.04707363,0.08805893,0.0003669005,197.1069,374.0919,-367.204,375.4944,-382.0215,-0.0008784877,-0.02263169,5.977201e-05,-0.2443884,-0.2398887,-0.2453046,-0.2495687,1
5.544168,5.491332,-10.20102,-0.04667551,0.08886409,0.0004353947,197.3531,373.8445,-367.5439,375.3811,-382.469,-0.001252562,-0.02167656,4.353498e-05,-0.2442268,-0.2401107,-0.2452306,-0.249861,1
5.412256,5.372592,-10.36136,-0.04723969,0.08848149,-0.0003301689,197.5998,373.2975,-367.1547,374.8765,-382.2142,-0.001628033,-0.02072118,2.992405e-05,-0.2438694,-0.2398564,-0.244901,-0.2496946,1
5.322019,5.292416,-10.4472,-0.04760961,0.08836078,-0.0008193181,197.8471,372.4051,-366.5565,374.0435,-381.7592,-0.002011552,-0.01977168,5.184315e-06,-0.2432865,-0.2394657,-0.2443568,-0.2493973,1
5.603364,5.555573,-10.03891,-0.04504205,0.09116803,0.001573844,198.095,371.6185,-365.1774,373.5799,-380.4839,-0.002372102,-0.01879655,-1.073601e-05,-0.2427726,-0.2385647,-0.2440539,-0.2485642,1
5.54602,5.506135,-10.06227,-0.04606231,0.09046636,0.001367072,198.3434,370.731,-363.9755,372.7128,-379.458,-0.002734127,-0.01781965,-1.076923e-05,-0.2421928,-0.2377795,-0.2434874,-0.247894,1
5.654668,5.610052,-9.881095,-0.0458593,0.09076476,0.002194189,198.5924,370.1006,-363.3489,372.2047,-378.9742,-0.003101829,-0.01684678,-1.432709e-05,-0.241781,-0.2373702,-0.2431555,-0.2475779,1
5.48301,5.454878,-10.07874,-0.04737295,0.08878635,0.0009885902,198.8419,369.8329,-362.6836,371.8943,-378.4676,-0.003472548,-0.0158798,-1.02136e-05,-0.2416061,-0.2369356,-0.2429528,-0.247247,1
5.71693,5.674406,-9.750107,-0.04597554,0.08985495,0.002684039,199.0921,369.1451,-362.6094,371.4228,-378.5089,-0.003847793,-0.01492156,-1.924279e-05,-0.2411567,-0.236887,-0.2426447,-0.247274,1
5.556936,5.529875,-9.939165,-0.04715754,0.08785033,0.001622771,199.3427,369.1394,-361.7723,371.3959,-377.8247,-0.004219241,-0.01396648,-1.118179e-05,-0.241153,-0.2363402,-0.2426272,-0.246827,1
5.25368,5.252961,-10.31255,-0.04959394,0.08450416,-0.0007066914,199.594,368.3663,-362.0123,370.4825,-378.2367,-0.004617035,-0.0130462,-2.682355e-05,-0.2406479,-0.236497,-0.2420305,-0.2470961,1
5.494084,5.478043,-9.980917,-0.04689012,0.08599957,0.001259858,199.8457,367.7731,-361.5001,370.1865,-377.8063,-0.005001337,-0.01212426,-4.95796e-05,-0.2402605,-0.2361624,-0.2418371,-0.246815,1
5.483017,5.470946,-9.957816,-0.04663081,0.08514173,0.001459366,200.0981,367.0833,-360.2538,369.5891,-376.7051,-0.005375754,-0.0112043,-5.71375e-05,-0.2398098,-0.2353483,-0.2414468,-0.2460956,1
5.689117,5.664598,-9.645399,-0.04526038,0.08555304,0.003083781,200.351,366.5899,-359.0977,369.2992,-375.6815,-0.005733153,-0.01027584,-5.384061e-05,-0.2394875,-0.2345929,-0.2412574,-0.2454269,1
5.689415,5.668234,-9.613741,-0.04609479,0.08362026,0.003058358,200.6044,366.1156,-358.7261,368.8347,-375.4731,-0.006098961,-0.009366588,-4.342676e-05,-0.2391776,-0.2343502,-0.240954,-0.2452908,1
5.37941,5.384911,-10.00563,-0.04859632,0.07931422,0.0006451773,200.8584,366.0005,-358.8362,368.5541,-375.7467,-0.006486152,-0.008495,-4.317589e-05,-0.2391025,-0.2344221,-0.2407707,-0.2454695,1
5.385403,5.393204,-9.991271,-0.04776283,0.07801469,0.0006804884,201.1129,365.8345,-358.6915,368.501,-375.703,-0.006864349,-0.007633961,-5.248316e-05,-0.238994,-0.2343276,-0.240736,-0.2454409,1
5.452123,5.457659,-9.88596,-0.04692127,0.0769564,0.001280834,201.3679,365.1477,-358.4645,367.9346,-375.5955,-0.007242187,-0.006792889,-6.384098e-05,-0.2385453,-0.2341793,-0.2403659,-0.2453707,1
5.587045,5.585053,-9.684995,-0.04549801,0.07640407,0.002409226,201.6235,365.1274,-357.36,368.0886,-374.6036,-0.007598839,-0.00594953,-5.903145e-05,-0.238532,-0.2334577,-0.2404665,-0.2447227,1
5.472216,5.481833,-9.808849,-0.04675723,0.07322158,0.001499856,201.8797,364.6171,-357.1713,367.5204,-374.5747,-0.007964958,-0.005134684,-5.570356e-05,-0.2381987,-0.2333344,-0.2400953,-0.2447038,1
5.512319,5.52151,-9.744516,-0.04628661,0.07138085,0.001747073,202.1363,364.2799,-357.287,367.2574,-374.8022,-0.008338276,-0.004349754,-6.354372e-05,-0.2379784,-0.23341,-0.2399236,-0.2448525,1
5.104816,5.147372,-10.26517,-0.04844486,0.06629281,-0.001183213,202.3935,363.9112,-357.1174,366.7047,-374.7765,-0.008724101,-0.00360553,-7.923696e-05,-0.2377375,-0.2332993,-0.2395625,-0.2448357,1
5.880279,5.86606,-9.228981,-0.04151552,0.07083305,0.00472354,202.6513,363.4363,-356.1024,366.8652,-373.7763,-0.009061242,-0.002837167,-9.270517e-05,-0.2374273,-0.2326361,-0.2396673,-0.2441822,1
5.351395,5.380019,-9.883233,-0.0459615,0.06388404,0.0009761529,202.9095,362.9149,-355.3134,365.9845,-373.2027,-0.009416496,-0.002112576,-7.876314e-05,-0.2370867,-0.2321208,-0.239092,-0.2438075,1
5.206477,5.248315,-10.05282,-0.04648733,0.06034481,-0.0002728462,203.1684,362.4797,-355.5659,365.5036,-373.5693,-0.009787216,-0.001430479,-9.91195e-05,-0.2368023,-0.2322856,-0.2387778,-0.244047,1
5.608912,5.622081,-9.514303,-0.04216116,0.06149294,0.002936248,203.4277,361.9358,-354.933,365.3342,-372.9748,-0.01012713,-0.0007500094,-0.0001144463,-0.236447,-0.2318722,-0.2386671,-0.2436586,1
5.626186,5.6402,-9.457516,-0.04182736,0.05893436,0.003247211,203.6876,361.6958,-353.6656,365.1379,-371.8351,-0.01044988,-8.192307e-05,-0.0001018069,-0.2362902,-0.2310443,-0.2385389,-0.2429141,1
5.305659,5.346178,-9.850725,-0.04436465,0.05324063,0.0007252456,203.9479,360.9891,-353.9929,364.2048,-372.3184,-0.01080343,0.0005244345,-0.0001114687,-0.2358285,-0.231258,-0.2379293,-0.2432298,1
5.552369,5.575726,-9.520107,-0.04102506,0.05282509,0.002657481,204.2089,360.8839,-353.4732,364.365,-371.8351,-0.01112905,0.001123102,-0.0001226187,-0.2357598,-0.2309186,-0.238034,-0.2429141,1
5.144341,5.200461,-10.02837,-0.04337992,0.0467299,-0.0002235392,204.4703,360.3311,-352.9411,363.58,-371.4497,-0.01145852,0.001681,-0.0001240313,-0.2353987,-0.230571,-0.2375211,-0.2426623,1
5.531408,5.559621,-9.499957,-0.03956413,0.04701107,0.002653963,204.7322,359.8484,-352.5135,363.4091,-371.0638,-0.01176836,0.002223771,-0.0001362487,-0.2350834,-0.2302916,-0.2374095,-0.2424102,1
5.374238,5.41597,-9.682715,-0.0401526,0.04259141,0.00164586,204.9947,359.564,-351.7324,363.0436,-370.3973,-0.01207072,0.002735686,-0.0001291864,-0.2348976,-0.2297813,-0.2371707,-0.2419748,1
5.296479,5.345535,-9.763161,-0.04011734,0.0386977,0.0009924298,205.2577,358.9953,-351.7679,362.4376,-370.5262,-0.01238074,0.003201401,-0.0001397699,-0.234526,-0.2298045,-0.2367748,-0.242059,1
5.349405,5.395553,-9.680593,-0.03833298,0.03615798,0.001517641,205.5212,358.902,-351.0546,362.4472,-369.8663,-0.01266472,0.003651701,-0.0001397957,-0.2344651,-0.2293385,-0.2367811,-0.2416279,1
5.600974,5.629226,-9.329784,-0.03603863,0.03461273,0.003390513,205.7852,358.5021,-350.5629,362.2143,-369.4373,-0.01293206,0.004079263,-0.0001323374,-0.2342038,-0.2290173,-0.2366289,-0.2413476,1
5.514357,5.55036,-9.429928,-0.03646464,0.03007244,0.002675304,206.0498,358.5873,-350.2867,362.2178,-369.2532,-0.01319813,0.004467442,-0.0001155352,-0.2342595,-0.2288369,-0.2366313,-0.2412274,1
5.412385,5.457034,-9.562571,-0.0365963,0.02551531,0.001730396,206.3148,358.5602,-350.6663,362.1165,-369.6996,-0.01346817,0.004808495,-0.0001115444,-0.2342418,-0.2290848,-0.2365651,-0.241519,1
5.477653,5.517933,-9.481958,-0.03493255,0.02259885,0.002173595,206.5804,358.5091,-350.8393,362.1366,-369.9013,-0.01372725,0.005114846,-0.000111922,-0.2342084,-0.2291979,-0.2365782,-0.2416508,1
5.208057,5.26929,-9.830442,-0.03573374,0.0171026,0.0001964586,206.8464,358.4964,-350.656,361.9703,-369.7866,-0.01398183,0.005379614,-0.0001092595,-0.2342001,-0.2290781,-0.2364696,-0.2415758,1
5.262542,5.319896,-9.751268,-0.0340068,0.01429045,0.0005794768,207.113,357.9607,-350.8019,361.4978,-369.9577,-0.01423183,0.005603504,-0.0001245646,-0.2338502,-0.2291734,-0.2361609,-0.2416876,1
5.227189,5.287325,-9.783687,-0.03262544,0.01094974,0.0005201395,207.3801,357.4839,-350.2755,361.0421,-369.4601,-0.01446838,0.005793272,-0.0001368471,-0.2335386,-0.2288295,-0.2358631,-0.2413626,1
5.410946,5.457145,-9.516624,-0.02981702,0.009265179,0.002051714,207.6477,357.0541,-349.2526,360.7676,-368.4518,-0.01467502,0.005968231,-0.0001403753,-0.2332579,-0.2281613,-0.2356839,-0.2407039,1
5.33592,5.387969,-9.585605,-0.02970698,0.004953971,0.001574763,207.9158,356.4413,-348.7321,360.0756,-367.9903,-0.01487672,0.006103891,-0.0001369649,-0.2328575,-0.2278213,-0.2352318,-0.2404023,1
5.545232,5.581307,-9.294775,-0.02720865,0.002895447,0.003117807,208.1844,356.2084,-348.3178,359.9648,-367.5791,-0.0150625,0.006210334,-0.0001334321,-0.2327054,-0.2275506,-0.2351594,-0.2401337,1
5.139765,5.206491,-9.81284,-0.02921111,-0.004113627,0.0001191851,208.4536,356.1797,-347.9837,359.6462,-367.3075,-0.01524652,0.006270357,-0.0001210163,-0.2326866,-0.2273324,-0.2349513,-0.2399563,1
5.453924,5.496339,-9.396555,-0.02565968,-0.005277002,0.002332008,208.7232,355.5575,-348.4103,359.2194,-367.6996,-0.01542331,0.006289694,-0.0001334591,-0.2322802,-0.227611,-0.2346724,-0.2402124,1
5.423323,5.467468,-9.429831,-0.02429841,-0.008952683,0.002300964,208.9933,355.9247,-347.2983,359.5837,-366.5854,-0.01556479,0.006294802,-0.0001132235,-0.2325201,-0.2268846,-0.2349105,-0.2394845,1
5.139277,5.20452,-9.785725,-0.02587078,-0.01520131,8.054754e-06,209.2639,355.1333,-347.9102,358.5324,-367.2452,-0.01573036,0.006228368,-0.0001186573,-0.232003,-0.2272843,-0.2342236,-0.2399156,1
5.394651,5.439432,-9.452719,-0.02178963,-0.01627509,0.002008531,209.535,355.3089,-347.3293,358.9228,-366.5926,-0.01585642,0.006151844,-0.0001181599,-0.2321177,-0.2269048,-0.2344787,-0.2394893,1
5.332198,5.3809,-9.518192,-0.02133343,-0.02048409,0.001598751,209.8066,354.6851,-347.0888,358.2104,-366.3622,-0.01597853,0.006030538,-0.0001136459,-0.2317103,-0.2267477,-0.2340132,-0.2393387,1
5.491199,5.526744,-9.298879,-0.01882434,-0.0227244,0.002778532,210.0787,354.6961,-346.5655,358.3063,-365.7988,-0.01607773,0.005885436,-0.0001052333,-0.2317174,-0.2264058,-0.234076,-0.2389707,1
5.392716,5.43467,-9.418514,-0.01861356,-0.02725945,0.002012976,210.3513,354.4022,-346.4871,357.8923,-365.7137,-0.01617174,0.005697818,-9.502484e-05,-0.2315255,-0.2263546,-0.2338055,-0.2389151,1
5.436421,5.473737,-9.35848,-0.01699856,-0.03045793,0.002276434,210.6245,354.3175,-346.4693,357.8014,-365.6514,-0.01625375,0.00547456,-8.851678e-05,-0.2314701,-0.226343,-0.2337461,-0.2388744,1
5.530641,5.559353,-9.233847,-0.01499585,-0.03318657,0.002960045,210.898,354.3504,-346.181,357.8626,-365.3098,-0.01631431,0.005225333,-7.498053e-05,-0.2314916,-0.2261546,-0.2337861,-0.2386512,1
5.365252,5.405049,-9.447384,-0.01524733,-0.03810223,0.001642275,211.1721,354.4818,-346.0659,357.8246,-365.173,-0.0163645,0.004940832,-5.436597e-05,-0.2315774,-0.2260795,-0.2337612,-0.2385618,1
5.702741,5.715244,-9.012707,-0.01186598,-0.03903688,0.003954528,211.4467,354.4599,-346.426,357.9569,-365.4451,-0.01639944,0.004627457,-4.155147e-05,-0.2315632,-0.2263147,-0.2338477,-0.2387396,1
5.133887,5.187855,-9.76709,-0.01499976,-0.04700532,-0.0003390563,211.7218,354.9088,-346.5445,357.9651,-365.5626,-0.01643991,0.004261634,-1.852158e-05,-0.2318564,-0.2263921,-0.233853,-0.2388164,1
5.584543,5.602137,-9.191278,-0.01012607,-0.04642327,0.002774605,211.9974,354.6667,-347.2426,357.9895,-366.1252,-0.01646268,0.00386963,-2.547907e-05,-0.2316982,-0.2268482,-0.233869,-0.2391839,1
3.382635,5.505248,-9.332117,-0.009456659,-0.05013968,0.002165075,212.2734,355.0405,-346.6158,358.2623,-365.4374,-0.01645891,0.00345976,-8.480088e-07,-0.2319424,-0.2264387,-0.2340472,-0.2387345,0.6501083
5.605878,5.617635,-9.168207,-0.007929556,-0.05236916,0.002849208,212.55,354.8364,-346.9653,358.0854,-365.7545,-0.01645359,0.003012712,8.424193e-06,-0.2318091,-0.226667,-0.2339317,-0.2389417,1
5.460279,5.480806,-9.370445,-0.007751945,-0.05658773,0.001725124,212.827,355.1433,-347.0126,358.2826,-365.7671,-0.01643688,0.002534861,2.483545e-05,-0.2320096,-0.2266979,-0.2340604,-0.23895,1
5.712527,5.711521,-9.049381,-0.004810872,-0.05797656,0.003456239,213.1046,355.2394,-347.1996,358.4479,-365.8027,-0.01640007,0.002033895,3.762155e-05,-0.2320724,-0.2268201,-0.2341684,-0.2389732,1
5.541964,5.5515,-9.282215,-0.005298691,-0.06262098,0.002105739,213.3826,355.6704,-347.2216,358.6472,-365.7245,-0.0163541,0.001500098,6.440861e-05,-0.232354,-0.2268345,-0.2342986,-0.2389221,1
5.527962,5.535918,-9.315936,-0.004616372,-0.06560256,0.001737905,213.6612,355.8875,-347.8877,358.7462,-366.2734,-0.01630674,0.0009306472,7.768952e-05,-0.2324958,-0.2272696,-0.2343633,-0.2392807,1
5.464885,5.47475,-9.420193,-0.003852078,-0.06840646,0.001165154,213.9402,356.1821,-348.3319,358.9277,-366.5962,-0.01625095,0.0003335084,8.919086e-05,-0.2326882,-0.2275598,-0.2344819,-0.2394916,1
5.341773,5.357982,-9.595716,-0.003453531,-0.0713089,0.000167183,214.2198,356.3032,-348.6359,358.9063,-366.7891,-0.01618888,-0.0002907061,9.479283e-05,-0.2327673,-0.2277584,-0.2344679,-0.2396176,1
5.244033,5.264544,-9.732516,-0.002686925,-0.07365808,-0.0005737519,214.4998,355.9794,-349.0293,358.4679,-367.0657,-0.01612655,-0.0009468223,8.529332e-05,-0.2325558,-0.2280154,-0.2341815,-0.2397983,1
5.582308,5.57386,-9.28978,0.001656056,-0.0721163,0.002091164,214.7803,356.0139,-348.2262,358.7139,-366.0962,-0.01602147,-0.001588518,8.846838e-05,-0.2325783,-0.2274907,-0.2343422,-0.239165,1
5.38553,5.389166,-9.532663,0.0006501747,-0.07549976,0.0006551649,215.0614,355.3166,-348.2479,357.7697,-366.0526,-0.01592817,-0.002268143,9.03047e-05,-0.2321228,-0.2275049,-0.2337253,-0.2391364,1
5.694099,5.671102,-9.126378,0.004403649,-0.0742891,0.002966159,215.3429,355.5844,-347.5606,358.2026,-365.2006,-0.0157986,-0.002935415,9.893384e-05,-0.2322978,-0.2270559,-0.2340081,-0.2385798,1
5.384167,5.381839,-9.525829,0.002532226,-0.07853685,0.0006271787,215.6249,355.2786,-347.6336,357.5744,-365.2078,-0.01567471,-0.003632545,0.0001138718,-0.232098,-0.2271037,-0.2335978,-0.2385846,1
5.524608,5.508461,-9.349392,0.004669408,-0.07878666,0.001533639,215.9075,355.3136,-347.9182,357.6305,-365.3411,-0.01554176,-0.004343932,0.0001157913,-0.2321208,-0.2272895,-0.2336344,-0.2386716,1
5.574439,5.551354,-9.292939,0.006212797,-0.07959346,0.001925809,216.1905,355.4645,-347.6727,357.7525,-364.9568,-0.01538886,-0.005059444,0.0001282615,-0.2322195,-0.2271292,-0.2337141,-0.2384206,1
5.486011,5.466582,-9.411118,0.006285119,-0.08160134,0.001166957,216.474,355.4481,-347.7958,357.5853,-364.9678,-0.01523164,-0.005791612,0.0001394918,-0.2322087,-0.2272096,-0.2336049,-0.2384278,1
5.638389,5.604232,-9.222343,0.008339752,-0.0815177,0.002197957,216.7581,355.7092,-347.8265,357.8724,-364.8464,-0.01505467,-0.006523311,0.0001542023,-0.2323793,-0.2272297,-0.2337925,-0.2383485,1
5.389547,5.371253,-9.559551,0.007054721,-0.08474346,0.0002178812,217.0426,355.7247,-348.3472,357.6168,-365.266,-0.01488806,-0.007285465,0.0001643339,-0.2323894,-0.2275698,-0.2336255,-0.2386226,1
5.440807,5.415302,-9.509859,0.008871956,-0.08495203,0.0005029326,217.3276,355.8696,-348.6707,357.7518,-365.4238,-0.01471028,-0.008056493,0.0001613777,-0.2324841,-0.2277811,-0.2337137,-0.2387257,1
5.432343,5.404235,-9.528754,0.01015718,-0.08548724,0.0005036081,217.6131,355.6723,-348.6514,357.5026,-365.2581,-0.01451943,-0.008833794,0.0001593657,-0.2323551,-0.2277685,-0.2335509,-0.2386174,1
5.456347,5.423248,-9.495203,0.0115091,-0.08571199,0.0007323237,217.8991,356.0582,-347.8646,357.8582,-364.3295,-0.01429459,-0.00959081,0.0001785094,-0.2326072,-0.2272545,-0.2337832,-0.2380108,1
5.425797,5.392169,-9.536085,0.01124311,-0.08705951,0.0003017174,218.1856,355.4851,-348.7209,357.1226,-365.0741,-0.01408968,-0.01038091,0.000179521,-0.2322329,-0.2278139,-0.2333026,-0.2384972,1
5.351442,5.320251,-9.650689,0.01218426,-0.08788729,-0.0002437056,218.4726,355.8057,-348.7854,357.3556,-364.9757,-0.01387762,-0.01118106,0.0001760957,-0.2324423,-0.2278561,-0.2334548,-0.2384329,1
5.730227,5.667096,-9.159445,0.01636773,-0.08493708,0.002613008,218.7601,355.7702,-348.2977,357.5402,-364.2935,-0.01362666,-0.01195565,0.0001793405,-0.2324191,-0.2275375,-0.2335754,-0.2379873,1
5.462844,5.417289,-9.50413,0.01453265,-0.08774624,0.0006154056,219.0481,355.5913,-348.3372,357.0647,-364.245,-0.01338248,-0.01274741,0.0001943594,-0.2323023,-0.2275632,-0.2332648,-0.2379556,1
5.38953,5.346591,-9.610729,0.01489857,-0.08860569,-9.914826e-05,219.3366,355.7586,-348.7402,357.1124,-364.4978,-0.0131396,-0.01355157,0.000192931,-0.2324116,-0.2278266,-0.233296,-0.2381208,1
5.61699,5.553761,-9.327313,0.01786621,-0.08675346,0.001603468,219.6256,355.844,-348.6636,357.3114,-364.2324,-0.01287044,-0.01434113,0.000195132,-0.2324673,-0.2277765,-0.233426,-0.2379474,1
5.70065,5.628347,-9.22111,0.01891312,-0.08637816,0.00219918,219.9151,355.8528,-348.5904,357.2841,-364.0167,-0.01259118,-0.01512885,0.0002073388,-0.2324731,-0.2277286,-0.2334081,-0.2378065,1
5.408064,5.355305,-9.613321,0.01726348,-0.08892415,-0.0001128063,220.2051,356.0559,-348.9561,357.2032,-364.2676,-0.01232097,-0.0159339,0.0002139984,-0.2326058,-0.2279676,-0.2333553,-0.2379704,1
5.459024,5.399527,-9.564338,0.01889545,-0.0882398,0.0001732841,220.4956,356.1125,-349.3804,357.257,-364.5134,-0.01203931,-0.01673651,0.0002077436,-0.2326427,-0.2282448,-0.2333904,-0.2381309,1
5.455853,5.39387,-9.578239,0.01996015,-0.08791719,0.0002132819,220.7866,355.9443,-349.4729,357.042,-364.4477,-0.01174957,-0.0175398,0.000202559,-0.2325328,-0.2283052,-0.23325,-0.238088,1
5.567045,5.49398,-9.434384,0.02184369,-0.0865677,0.00108379,221.078,356.1058,-348.991,357.2394,-363.7995,-0.01143676,-0.01832515,0.0002057676,-0.2326384,-0.2279904,-0.2333789,-0.2376646,1
5.688318,5.60368,-9.27556,0.0230552,-0.08552825,0.00192742,221.37,356.0724,-348.9059,357.2004,-363.5669,-0.01111085,-0.01909963,0.0002162731,-0.2326166,-0.2279348,-0.2333535,-0.2375126,1
5.786269,5.691938,-9.157868,0.02385329,-0.08484841,0.002505411,221.6625,356.593,-348.9506,357.6865,-363.4624,-0.01077229,-0.01986202,0.0002395342,-0.2329566,-0.227964,-0.233671,-0.2374444,1
5.705532,5.61516,-9.28775,0.02309667,-0.08572572,0.001600248,221.9554,356.8673,-350.0199,357.7851,-364.3967,-0.01045092,-0.02064424,0.0002494816,-0.2331358,-0.2286626,-0.2337354,-0.2380547,1
5.642365,5.55434,-9.406145,0.02364593,-0.08568318,0.0009729288,222.2489,357.7233,-350.5064,358.5652,-364.7087,-0.01011694,-0.02141768,0.0002586336,-0.2336951,-0.2289804,-0.2342451,-0.2382585,1
5.892837,5.783492,-9.105606,0.02599104,-0.08320595,0.002668571,222.5429,357.9451,-351.1603,358.8914,-365.1792,-0.009769852,-0.02217868,0.0002638805,-0.23384,-0.2294076,-0.2344581,-0.2385659,1
5.697536,5.600901,-9.385446,0.02483004,-0.08426985,0.001111164,222.8374,358.6237,-351.5046,359.3672,-365.3948,-0.009422768,-0.0229386,0.0002797114,-0.2342833,-0.2296325,-0.234769,-0.2387068,1
5.679763,5.582322,-9.436449,0.02516393,-0.08371459,0.000729717,223.1324,358.9959,-352.3839,359.6674,-366.1144,-0.009077704,-0.02369855,0.0002785645,-0.2345264,-0.2302069,-0.2349651,-0.2391768,1
5.573548,5.482019,-9.604099,0.02523274,-0.08351975,-0.000106869,223.4278,359.2758,-353.0173,359.8457,-366.5894,-0.008730581,-0.02445553,0.0002736119,-0.2347093,-0.2306207,-0.2350816,-0.2394871,1
5.475167,5.389033,-9.750972,0.02549285,-0.08299634,-0.0008432207,223.7238,359.4163,-353.3243,359.9037,-366.7403,-0.008379208,-0.02520588,0.0002624614,-0.2348011,-0.2308213,-0.2351194,-0.2395857,1
5.366836,5.286979,-9.901887,0.02574579,-0.08237874,-0.001579205,224.0203,359.2899,-353.4464,359.6959,-366.7115,-0.00802276,-0.02594763,0.0002456835,-0.2347185,-0.230901,-0.2349837,-0.2395669,1
5.45571,5.36731,-9.786157,0.02742903,-0.08011343,-0.0007884749,224.3174,358.4556,-353.7802,358.9053,-366.878,-0.00767268,-0.02669312,0.0002079882,-0.2341734,-0.2311191,-0.2344673,-0.2396757,1
5.577203,5.477843,-9.615296,0.03004489,-0.07710135,0.000499245,224.6149,358.9869,-351.8238,359.5736,-364.7447,-0.007263348,-0.02737165,0.0002129362,-0.2345206,-0.229841,-0.2349039,-0.2382821,1
5.689435,5.580647,-9.444104,0.02988709,-0.07571891,0.001215192,224.9129,357.9915,-352.17,358.5169,-364.9916,-0.006868209,-0.02805172,0.0002111031,-0.2338703,-0.2300672,-0.2342135,-0.2384433,1
5.52731,5.429723,-9.666168,0.02892224,-0.07608472,-2.33716e-05,225.2115,358.4994,-352.2868,358.859,-364.9762,-0.006480753,-0.0287319,0.0002133865,-0.2342021,-0.2301435,-0.234437,-0.2384333,1
5.861987,5.737801,-9.244262,0.03205362,-0.07218515,0.00235538,225.5105,358.8148,-352.3118,359.3794,-364.8078,-0.00606849,-0.02937998,0.000212664,-0.2344081,-0.2301598,-0.2347769,-0.2383233,1
5.839046,5.715805,-9.28609,0.03164064,-0.07154705,0.00212803,225.8101,358.8859,-352.7387,359.3598,-365.1129,-0.00565926,-0.0300222,0.0002217436,-0.2344545,-0.2304387,-0.2347642,-0.2385226,1
5.716128,5.601386,-9.467991,0.03089923,-0.07144877,0.001035837,226.1101,359.6463,-353.1063,359.9954,-365.3489,-0.005249708,-0.03065428,0.0002314632,-0.2349513,-0.2306788,-0.2351794,-0.2386767,1
5.680983,5.56811,-9.542055,0.03091882,-0.07052788,0.0005787106,226.4107,359.9801,-353.9729,360.2726,-366.0706,-0.004841772,-0.03127918,0.0002302027,-0.2351694,-0.231245,-0.2353605,-0.2391482,1
5.633833,3.524451,-11.29739,0.03109389,-0.06944921,0.0001601542,226.7118,360.4352,-354.3549,360.6852,-366.3081,-0.004426837,-0.03188762,0.0002322306,-0.2354667,-0.2314945,-0.2356301,-0.2393034,1
5.594441,5.486793,-9.681482,0.03110783,-0.0683183,-0.0002440927,227.0134,358.6495,-353.4295,358.8153,-365.2801,-0.004024248,-0.03249937,0.0002172229,-0.2343002,-0.23089,-0.2344084,-0.2386318,1
6.077969,5.932919,-8.949338,0.03583662,-0.06261521,0.003415744,227.3155,356.5424,-350.4688,357.036,-362.1555,-0.003584065,-0.03306358,0.000213572,-0.2329236,-0.2289558,-0.2332461,-0.2365906,1
5.413918,5.319203,-9.766507,0.03131256,-0.06677468,-0.001535545,227.6181,356.3065,-350.3798,356.3503,-362.0077,-0.003159377,-0.03363758,0.0002208839,-0.2327695,-0.2288976,-0.2327981,-0.236494,1
5.773347,5.651048,-9.317571,0.03503327,-0.06244601,0.0009398148,227.9212,356.3735,-351.5704,356.695,-362.9885,-0.00272671,-0.03419875,0.0001946857,-0.2328133,-0.2296755,-0.2330233,-0.2371347,1
5.651271,5.538243,-9.50335,0.03513636,-0.06180706,0.0002640967,228.2248,357.1694,-351.3275,357.4563,-362.6133,-0.00227267,-0.03473311,0.000197491,-0.2333332,-0.2295168,-0.2335207,-0.2368896,1
5.78085,5.658329,-9.347289,0.03602659,-0.0596233,0.001102461,228.5289,357.2797,-352.0187,357.6273,-363.1796,-0.001819969,-0.03525751,0.0001869555,-0.2334053,-0.2299683,-0.2336323,-0.2372596,1
6.024546,5.883919,-9.054258,0.0379986,-0.05648303,0.00294455,228.8335,357.9849,-352.2451,358.4893,-363.2562,-0.001349669,-0.03575265,0.0001913616,-0.233866,-0.2301163,-0.2341955,-0.2373097,1
5.927258,5.794709,-9.205496,0.0368052,-0.0564194,0.002087552,229.1386,358.4683,-353.0677,358.8564,-363.9827,-0.0008931257,-0.03625035,0.0001938614,-0.2341818,-0.2306536,-0.2344353,-0.2377843,1
5.77633,5.655777,-9.437882,0.03607717,-0.05629975,0.0008503429,229.4443,359.575,-353.6187,359.8766,-364.4105,-0.0004275739,-0.03672779,0.0002002997,-0.2349047,-0.2310136,-0.2351018,-0.2380637,1
5.863335,5.736878,-9.359201,0.03661271,-0.0544885,0.001323283,229.7504,360.0008,-354.8058,360.3419,-365.4655,3.631134e-05,-0.03719505,0.000198452,-0.2351829,-0.2317891,-0.2354057,-0.2387529,1
5.851853,5.72702,-9.412268,0.03661903,-0.05328706,0.00116469,230.057,360.8393,-355.5768,361.1706,-366.1089,0.0004977494,-0.03765348,0.0001990146,-0.2357307,-0.2322928,-0.2359471,-0.2391733,1
5.797601,5.677695,-9.516697,0.03649044,-0.0522023,0.0006585266,230.3642,361.5228,-356.2871,361.8336,-366.6949,0.0009601678,-0.03809908,0.000193881,-0.2361772,-0.2327568,-0.2363802,-0.2395561,1
5.598109,5.494274,-9.806091,0.03535311,-0.05213063,-0.0008526482,230.6718,361.723,-357.2814,361.9214,-367.5822,0.001412014,-0.03854365,0.0001773785,-0.236308,-0.2334064,-0.2364376,-0.2401357,1
5.705808,5.594702,-9.688039,0.03698345,-0.04922386,4.330057e-05,230.98,362.0283,-357.5701,362.3592,-367.7219,0.001875357,-0.03896417,0.0001580246,-0.2365074,-0.233595,-0.2367236,-0.240227,1
5.919544,5.79344,-9.416878,0.03884631,-0.04568094,0.00176514,231.2887,362.1205,-357.4336,362.6244,-367.4528,0.002352797,-0.0393554,0.0001472327,-0.2365677,-0.2335058,-0.2368969,-0.2400512,1
5.899286,5.776268,-9.44656,0.03845046,-0.04430296,0.001661151,231.5979,362.5598,-357.2192,363.0518,-367.1459,0.002839117,-0.03971912,0.0001536474,-0.2368547,-0.2333658,-0.2371761,-0.2398507,1
5.920778,5.797848,-9.432553,0.03794566,-0.04291617,0.001660436,231.9077,362.683,-358.1199,363.1578,-367.9496,0.003310799,-0.04007945,0.0001493016,-0.2369352,-0.2339541,-0.2372453,-0.2403757,1
5.64993,5.549177,-9.814425,0.03618623,-0.04336941,-0.0003754908,232.2179,363.3412,-358.7029,363.6682,-368.4366,0.003774182,-0.04043376,0.0001439546,-0.2373651,-0.2343351,-0.2375788,-0.2406939,1
5.52308,5.433578,-10.00217,0.03583603,-0.04233488,-0.001335704,232.5287,363.5984,-359.2604,363.9045,-368.8812,0.004239436,-0.04077156,0.0001278928,-0.2375332,-0.2346992,-0.2377331,-0.2409843,1
5.99684,5.873159,-9.396578,0.03960301,-0.03659125,0.002277438,232.84,363.4263,-359.5757,364.0947,-369.0384,0.004718055,-0.04107922,0.0001090198,-0.2374207,-0.2349052,-0.2378574,-0.241087,1
5.661211,5.565191,-9.838102,0.03706095,-0.03742675,-4.93587e-05,233.1519,363.6627,-359.3418,364.136,-368.7523,0.005185569,-0.04138139,0.0001040616,-0.2375752,-0.2347524,-0.2378844,-0.2409001,1
5.907517,5.79492,-9.518858,0.03918362,-0.03341694,0.00175856,233.4643,363.7679,-359.351,364.4662,-368.6317,0.005670782,-0.04164601,9.142545e-05,-0.2376439,-0.2347584,-0.2381001,-0.2408213,1
6.005349,5.887842,-9.394996,0.03939387,-0.03110051,0.002571622,233.7772,363.6097,-359.6128,364.3793,-368.8077,0.006152415,-0.04189488,8.940695e-05,-0.2375406,-0.2349295,-0.2380433,-0.2409363,1
5.82534,5.724079,-9.63927,0.0378365,-0.03086873,0.001203885,234.0906,364.0112,-359.8321,364.6871,-368.9575,0.00662081,-0.04213888,8.490064e-05,-0.2378029,-0.2350727,-0.2382444,-0.2410342,1
5.847,5.746617,-9.624393,0.03834754,-0.02868734,0.001356433,234.4046,364.1071,-360.1929,364.8684,-369.2125,0.007093309,-0.04236178,7.039816e-05,-0.2378655,-0.2353084,-0.2383628,-0.2412008,1
5.633721,5.552279,-9.909184,0.03699102,-0.02838384,-0.0001009029,234.7191,364.2791,-360.1647,364.969,-369.1183,0.007570248,-0.04256199,6.836178e-05,-0.2379779,-0.23529,-0.2384286,-0.2411392,1
5.736555,5.650228,-9.77891,0.03757448,-0.02578396,0.0006328426,235.0341,364.1552,-360.575,364.9566,-369.4395,0.008041313,-0.04274875,5.561117e-05,-0.2378969,-0.235558,-0.2384205,-0.2413491,1
5.571126,5.500371,-10.00251,0.03657957,-0.02512478,-0.000483785,235.3496,364.2776,-360.5971,365.0419,-369.3931,0.008507399,-0.04292381,4.463365e-05,-0.2379769,-0.2355725,-0.2384762,-0.2413187,1
6.058549,5.953876,-9.365314,0.04037082,-0.01924402,0.003208451,235.6657,364.2313,-360.3385,365.4012,-369.0042,0.00899841,-0.04305407,3.644588e-05,-0.2379466,-0.2354036,-0.2387109,-0.2410647,1
6.038465,5.938915,-9.387204,0.03931338,-0.01807475,0.003129202,235.9823,364.238,-360.2588,365.4027,-368.8858,0.009481641,-0.04317138,4.662527e-05,-0.237951,-0.2353514,-0.2387119,-0.2409874,1
5.975472,5.884265,-9.477748,0.03829508,-0.01715513,0.00251022,236.2995,364.9545,-360.3837,366.114,-368.954,0.009964304,-0.04326776,6.030079e-05,-0.2384191,-0.235433,-0.2391765,-0.2410319,1
5.678252,5.613249,-9.887586,0.03555442,-0.01816384,0.0001180612,236.6172,364.9097,-361.7414,365.9016,-370.2754,0.01041585,-0.04337848,5.197558e-05,-0.2383898,-0.23632,-0.2390378,-0.2418952,1
5.563793,5.510829,-10.0622,0.03559127,-0.01684197,-0.0006656499,236.9354,365.2566,-362.1836,366.306,-370.6259,0.01086791,-0.04347481,3.361938e-05,-0.2386164,-0.2366089,-0.239302,-0.2421241,1
6.12394,6.032012,-9.333095,0.04020828,-0.01020458,0.00366599,237.2541,364.8729,-361.9829,366.4116,-370.296,0.01134226,-0.04353215,1.38183e-05,-0.2383658,-0.2364778,-0.239371,-0.2419087,1
5.918218,5.846006,-9.586802,0.03829668,-0.01013829,0.002370257,237.5734,365.3217,-360.8158,366.7938,-369.1201,0.01183077,-0.04355377,3.62632e-05,-0.2386589,-0.2357154,-0.2396207,-0.2411404,1
5.680085,5.630282,-9.892536,0.03532978,-0.01096627,0.0003325571,237.8932,364.8975,-361.9559,366.2124,-370.2583,0.01228167,-0.04359158,2.88101e-05,-0.2383818,-0.2364602,-0.2392409,-0.241884,1
5.68573,5.639426,-9.906176,0.03595817,-0.009003267,0.0004480604,238.2136,365.2227,-362.3126,366.666,-370.5266,0.01273406,-0.04361327,1.61711e-05,-0.2385943,-0.2366932,-0.2395372,-0.2420593,1
5.842793,5.788707,-9.702381,0.03742399,-0.005844912,0.001752772,238.5345,365.2059,-361.956,366.8712,-370.0968,0.01320141,-0.04360406,1.074261e-05,-0.2385833,-0.2364602,-0.2396713,-0.2417785,1
5.765574,5.721848,-9.794012,0.0363963,-0.004970245,0.001250299,238.8559,365.2639,-361.6429,366.9498,-369.7635,0.01367157,-0.04357225,1.988907e-05,-0.2386212,-0.2362557,-0.2397226,-0.2415608,1
5.887432,5.839068,-9.635279,0.0365113,-0.002835472,0.002048171,239.1779,364.9873,-362.3174,366.7968,-370.3955,0.01412359,-0.04354,1.347684e-05,-0.2384405,-0.2366963,-0.2396226,-0.2419736,1
5.946709,5.898354,-9.567554,0.03702735,-0.0007882994,0.002569434,239.5004,365.5029,-362.0423,367.4606,-370.0613,0.01458547,-0.04348194,1.96552e-05,-0.2387773,-0.2365166,-0.2400563,-0.2417553,1
5.881495,5.842854,-9.653394,0.03599543,-4.859435e-05,0.00202647,239.8234,365.6046,-362.189,367.5908,-370.1884,0.01504534,-0.04340789,2.880413e-05,-0.2388438,-0.2366124,-0.2401414,-0.2418383,1
5.839331,5.808704,-9.717737,0.03508406,0.0007646289,0.001619593,240.147,365.7127,-362.8264,367.7371,-370.799,0.01549184,-0.04332989,3.206105e-05,-0.2389144,-0.2370289,-0.2402369,-0.2422372,1
6.183424,6.131413,-9.283031,0.03738837,0.004820976,0.004137066,240.4711,366.2361,-362.8515,368.5876,-370.7473,0.01595213,-0.04322117,4.209331e-05,-0.2392564,-0.2370452,-0.2407925,-0.2422034,1
5.686107,5.676914,-9.942123,0.03288952,0.001861214,0.0003614367,240.7957,366.7288,-363.1577,368.8103,-371.0911,0.01639383,-0.04311433,6.227277e-05,-0.2395782,-0.2372453,-0.240938,-0.242428,1
5.80576,5.792316,-9.805637,0.03343453,0.004040168,0.001016777,241.121,366.5563,-364.5872,368.8043,-372.4661,0.01681492,-0.04301267,4.531185e-05,-0.2394655,-0.2381791,-0.2409341,-0.2433263,1
5.802911,5.794435,-9.827197,0.03401105,0.005814116,0.001212554,241.4467,366.8627,-364.4312,369.2672,-372.2572,0.01724363,-0.04289198,3.904456e-05,-0.2396657,-0.2380773,-0.2412365,-0.2431898,1
5.463723,5.486028,-10.26116,0.03163068,0.004792669,-0.001196735,241.773,366.7548,-364.1251,369.067,-371.9649,0.0176689,-0.04275983,3.363557e-05,-0.2395952,-0.2378773,-0.2411057,-0.2429989,1
5.881066,5.87677,-9.705147,0.03458612,0.00957571,0.001981813,242.0998,366.1172,-364.2337,368.8224,-372.0104,0.01810152,-0.04260323,1.815023e-05,-0.2391787,-0.2379482,-0.2409459,-0.2430286,1
5.590537,5.613676,-10.07161,0.03210104,0.008499213,6.14008e-05,242.4272,366.1621,-363.5439,368.7763,-371.3459,0.01852648,-0.04243975,2.509993e-05,-0.239208,-0.2374976,-0.2409158,-0.2425945,1
5.981192,5.980003,-9.54783,0.034595,0.01274349,0.002908299,242.7551,365.9547,-363.372,368.9312,-371.1222,0.01896197,-0.04224841,2.239487e-05,-0.2390725,-0.2373853,-0.241017,-0.2424483,1
5.996268,5.99954,-9.521498,0.03378049,0.01356146,0.003106388,243.0836,365.9375,-363.2074,368.9913,-370.9637,0.01939376,-0.0420452,3.952076e-05,-0.2390613,-0.2372778,-0.2410563,-0.2423448,1
5.329829,5.389304,-10.39286,0.02816939,0.009005634,-0.001972207,243.4126,366.2269,-363.6802,368.9163,-371.5002,0.01979158,-0.04186251,4.697787e-05,-0.2392503,-0.2375866,-0.2410073,-0.2426953,1
5.739362,5.77293,-9.871039,0.03160606,0.01359873,0.001007511,243.7421,365.9606,-364.3625,369.0776,-372.0958,0.02019712,-0.04166079,2.680395e-05,-0.2390763,-0.2380324,-0.2411127,-0.2430844,1
5.628935,5.676382,-10.0111,0.03081832,0.01392367,0.0004881183,244.0722,365.845,-363.788,369.0248,-371.5266,0.02060391,-0.04144816,2.937728e-05,-0.2390009,-0.237657,-0.2410782,-0.2427125,1
5.854442,5.890353,-9.6981,0.03210613,0.01671535,0.002183548,244.4028,365.5708,-363.4163,369.0127,-371.1375,0.0210145,-0.04121739,2.636259e-05,-0.2388217,-0.2374142,-0.2410702,-0.2424583,1
5.792195,5.838587,-9.766466,0.03104654,0.0169418,0.00182792,244.734,365.277,-363.2396,368.7728,-370.9792,0.02141789,-0.04098118,3.116672e-05,-0.2386298,-0.2372988,-0.2409135,-0.242355,1
5.684262,5.744566,-9.898005,0.0298465,0.01681987,0.001041325,245.0657,365.3809,-363.0154,368.9156,-370.7686,0.02181869,-0.04073497,4.003398e-05,-0.2386976,-0.2371523,-0.2410068,-0.2422173,1
5.89319,5.943366,-9.62149,0.03077812,0.01901109,0.002550342,245.398,365.2802,-363.1228,369.0509,-370.8602,0.02222009,-0.04047595,4.730145e-05,-0.2386318,-0.2372224,-0.2410952,-0.2422772,1
5.78517,5.849361,-9.762747,0.02923457,0.01853374,0.001738855,245.7308,365.4283,-363.2031,369.2148,-370.9637,0.02260944,-0.04021858,6.051762e-05,-0.2387286,-0.2372749,-0.2412023,-0.2423448,1
6.011438,6.064132,-9.471013,0.03038702,0.02080788,0.003322585,246.0641,365.6822,-363.3031,369.7267,-371.0425,0.02300405,-0.0399447,7.213828e-05,-0.2388945,-0.2373403,-0.2415367,-0.2423963,1
5.782156,5.858075,-9.775883,0.02781461,0.01921073,0.001562397,246.398,366.0012,-363.5233,369.9774,-371.3042,0.02338742,-0.03967162,9.416688e-05,-0.2391029,-0.2374841,-0.2417005,-0.2425672,1
6.153037,6.206448,-9.303555,0.0297037,0.0223555,0.00410683,246.7324,366.2576,-364.1431,370.5663,-371.8932,0.02376926,-0.03938844,0.000105514,-0.2392704,-0.237889,-0.2420852,-0.242952,1
5.675242,5.77065,-9.944119,0.02542846,0.01876903,0.0005070447,247.0674,366.7413,-364.6008,370.823,-372.4124,0.02412564,-0.03912348,0.0001222373,-0.2395864,-0.2381881,-0.2422529,-0.2432913,1
5.625724,5.730267,-10.02342,0.02511095,0.01909507,-4.527043e-06,247.4029,366.9893,-365.2054,371.186,-373.0083,0.0244795,-0.03885249,0.0001191776,-0.2397484,-0.238583,-0.2424901,-0.2436805,1
5.481269,5.602224,-10.21948,0.02395583,0.01862501,-0.0009765946,247.739,366.5686,-365.7458,370.8039,-373.5656,0.02481671,-0.03859242,0.0001070067,-0.2394736,-0.238936,-0.2422404,-0.2440446,1
5.869382,5.966178,-9.705271,0.02710629,0.02266223,0.002095404,248.0756,366.338,-365.2248,370.996,-373.0026,0.02516684,-0.03831231,9.312855e-05,-0.2393229,-0.2385956,-0.2423659,-0.2436768,1
5.872099,5.974307,-9.676636,0.02666578,0.02320593,0.002354431,248.4127,366.2059,-364.071,370.9877,-371.8831,0.02553017,-0.03800935,0.0001064337,-0.2392366,-0.2378419,-0.2423604,-0.2429455,1
5.710052,5.830358,-9.865312,0.02414691,0.02179173,0.001078151,248.7504,365.8076,-364.2061,370.5375,-372.0818,0.02587274,-0.03771505,0.0001155179,-0.2389764,-0.2379302,-0.2420664,-0.2430753,1
6.009212,6.112329,-9.475016,0.02566165,0.02418454,0.003254357,249.0887,365.9321,-364.3067,370.9566,-372.1639,0.02621575,-0.03741143,0.0001235048,-0.2390577,-0.2379959,-0.2423402,-0.2431289,1
5.836103,5.957946,-9.702178,0.02351581,0.02269629,0.001955552,249.4275,366.0651,-364.3695,371.058,-372.2704,0.02654225,-0.03711855,0.000135536,-0.2391446,-0.2380369,-0.2424064,-0.2431984,1
5.806213,5.935677,-9.74344,0.02287957,0.02261392,0.001658811,249.7668,366.0851,-364.689,371.1736,-372.603,0.02686107,-0.03682701,0.0001359152,-0.2391577,-0.2382456,-0.2424819,-0.2434158,1
5.446864,5.608912,-10.21351,0.02001273,0.0200296,-0.0009338349,250.1068,366.04,-364.8127,371.0189,-372.7759,0.02716719,-0.03654367,0.0001371891,-0.2391282,-0.2383265,-0.2423809,-0.2435287,1
5.923671,6.054654,-9.585129,0.02330999,0.02411164,0.002639724,250.4472,365.9902,-364.507,371.4203,-372.4333,0.02749224,-0.03623376,0.0001392657,-0.2390957,-0.2381267,-0.2426431,-0.2433048,1
5.66962,5.825353,-9.906276,0.02020289,0.02174455,0.0008152176,250.7881,365.8851,-364.3516,371.2076,-372.3543,0.02779601,-0.03593896,0.0001543817,-0.2390271,-0.2380252,-0.2425042,-0.2432533,1
5.654154,5.816198,-9.924185,0.01951976,0.02155947,0.0005863192,251.1297,365.6351,-364.8988,371.0461,-372.9197,0.0280786,-0.03566001,0.0001426943,-0.2388637,-0.2383827,-0.2423987,-0.2436226,1
5.685134,5.849755,-9.881605,0.01994008,0.02216304,0.001017918,251.4718,365.7809,-364.2677,371.3723,-372.2897,0.02837897,-0.03536006,0.0001481554,-0.238959,-0.2379704,-0.2426117,-0.2432111,1
5.649596,5.822076,-9.910211,0.01861935,0.02156164,0.0007632201,251.8144,365.2657,-364.2971,370.9044,-372.3704,0.02866302,-0.03507027,0.0001505901,-0.2386224,-0.2379897,-0.2423061,-0.2432638,1
5.779344,5.946925,-9.733809,0.01898844,0.02240733,0.001760707,252.1576,365.2827,-364.092,371.108,-372.1758,0.02894359,-0.03477912,0.0001530706,-0.2386335,-0.2378556,-0.2424391,-0.2431366,1
5.659833,5.841415,-9.881243,0.01744482,0.02118894,0.0009165054,252.5013,365.3091,-363.7763,371.1523,-371.9036,0.0292208,-0.03448736,0.0001634654,-0.2386507,-0.2376494,-0.242468,-0.2429588,1
5.788104,5.964787,-9.706656,0.01744242,0.02172769,0.001807451,252.8456,364.963,-364.118,370.9647,-372.2664,0.02948548,-0.03420334,0.000163591,-0.2384246,-0.2378726,-0.2423454,-0.2431958,1
5.677107,5.866913,-9.850301,0.01605908,0.02051522,0.001048842,253.1904,365.3593,-363.7079,371.3896,-371.8923,0.02975009,-0.03391647,0.0001792173,-0.2386835,-0.2376047,-0.242623,-0.2429515,1
5.673852,5.868546,-9.850844,0.01501886,0.01989298,0.0008994935,253.5357,365.06,-364.1965,371.1541,-372.4173,0.02999522,-0.03364541,0.0001783142,-0.238488,-0.2379239,-0.2424692,-0.2432944,1
5.793946,5.983908,-9.696503,0.01547465,0.02053216,0.001852081,253.8816,365.2084,-364.0736,371.4896,-372.2998,0.03024254,-0.03337028,0.0001831385,-0.238585,-0.2378436,-0.2426884,-0.2432177,1
5.498626,5.715414,-10.0764,0.01250086,0.01768478,-0.0003325345,254.2281,365.2172,-364.0083,371.3839,-372.3014,0.03047455,-0.03310843,0.0001905203,-0.2385907,-0.2378009,-0.2426193,-0.2432187,1
5.829955,6.025732,-9.641053,0.01430013,0.01986068,0.002076068,254.5751,365.0531,-364.173,371.5303,-372.4558,0.03070834,-0.0328412,0.0001884456,-0.2384835,-0.2379086,-0.242715,-0.2433196,1
5.649177,5.862874,-9.873482,0.01203144,0.0177547,0.0008169732,254.9226,365.2281,-363.8711,371.6554,-372.2122,0.03093252,-0.03258215,0.000203199,-0.2385978,-0.2377113,-0.2427967,-0.2431605,1
5.550243,5.775437,-9.99979,0.01039522,0.01628576,-4.641525e-05,255.2707,365.1327,-364.2634,371.5609,-372.6462,0.03113744,-0.03233977,0.0002011404,-0.2385355,-0.2379676,-0.2427349,-0.243444,1
5.162916,5.421254,-10.50863,0.007327719,0.0128769,-0.002847929,255.6193,365.047,-364.4752,371.328,-372.9107,0.03132498,-0.03211613,0.0001931762,-0.2384795,-0.238106,-0.2425828,-0.2436168,1
5.684839,5.907012,-9.819114,0.01108622,0.01683166,0.001135492,255.9685,364.397,-364.4116,371.1428,-372.8065,0.03151953,-0.03188552,0.0001700805,-0.2380549,-0.2380644,-0.2424618,-0.2435487,1
5.53316,5.770477,-9.994193,0.009417804,0.01518271,0.0003331176,256.3182,364.1624,-363.2874,370.8962,-371.7414,0.03171187,-0.03165833,0.0001723915,-0.2379016,-0.23733,-0.2423007,-0.2428529,1
5.887441,6.10137,-9.502468,0.01103392,0.01723916,0.002965923,256.6685,363.7331,-362.7211,370.7607,-371.185,0.0319109,-0.03142005,0.000172337,-0.2376212,-0.2369601,-0.2422122,-0.2424894,1
5.591035,5.831065,-9.87358,0.007404234,0.01367211,0.0008248865,257.0193,363.7761,-362.3564,370.6301,-370.9051,0.03209519,-0.03119464,0.0001935665,-0.2376492,-0.2367218,-0.2421269,-0.2423065,1
5.534133,5.781749,-9.946939,0.005756241,0.01201493,0.0001862511,257.3706,363.8419,-362.8845,370.6882,-371.4702,0.0322574,-0.03098969,0.0001968642,-0.2376922,-0.2370668,-0.2421649,-0.2426757,1
5.497814,5.751127,-10.00544,0.004923257,0.01086051,-9.709815e-05,257.7225,363.6128,-363.5041,370.5029,-372.1056,0.03239721,-0.03081132,0.0001829739,-0.2375425,-0.2374716,-0.2420438,-0.2430908,1
5.683416,5.925248,-9.760446,0.006333242,0.01195047,0.001455811,258.075,363.6801,-362.8498,370.8118,-371.4408,0.03255209,-0.03062138,0.0001776575,-0.2375865,-0.2370441,-0.2422456,-0.2426565,1
5.74887,5.988494,-9.654871,0.0056922,0.01148006,0.002028791,258.4279,363.3792,-362.3157,370.5951,-370.9521,0.03270702,-0.03043054,0.0001858008,-0.23739,-0.2366952,-0.242104,-0.2423372,1
5.552893,5.810076,-9.89969,0.002805571,0.008602674,0.0005071526,258.7814,363.4039,-362.346,370.5001,-371.0505,0.03284058,-0.03025971,0.0001954139,-0.2374061,-0.236715,-0.2420419,-0.2424015,1
5.76739,6.010595,-9.623796,0.003420325,0.009138653,0.001988674,259.1355,363.5067,-362.5999,370.7836,-371.3043,0.03296811,-0.0300954,0.0001963104,-0.2374733,-0.2368809,-0.2422272,-0.2425673,1
1.833577,6.259388,-9.279604,0.004208209,0.009974457,0.00395932,259.4901,363.7611,-362.4631,371.2414,-371.1735,0.03309824,-0.02992978,0.0002102648,-0.2376395,-0.2367915,-0.2425262,-0.2424819,0.2998833
-0.162992,6.079193,-9.541292,0.001088609,0.00684453,0.002340626,259.8452,364.2095,-362.6169,371.5665,-371.4108,0.03320972,-0.02978255,0.0002315272,-0.2379324,-0.2368919,-0.2427386,-0.2426369,0
-0.4423232,5.822787,-9.921175,-0.002200006,0.003175647,1.187668e-05,260.2009,364.2053,-363.4886,371.5093,-372.4543,0.03328838,-0.0296698,0.0002302649,-0.2379297,-0.2374615,-0.2427013,-0.2433186,0
-0.5425249,5.731475,-10.06425,-0.003118583,0.0008521688,-0.0007412317,260.5571,363.8926,-363.8331,371.3652,-372.9576,0.03335045,-0.02958466,0.0002102673,-0.2377254,-0.2376865,-0.2426071,-0.2436474,0
-0.1955657,6.053194,-9.599966,-0.0006174312,0.001068898,0.002029099,260.9138,363.5552,-362.8821,371.4391,-372.06,0.03343203,-0.02950095,0.0001988139,-0.237505,-0.2370652,-0.2426554,-0.243061,0
-0.1790402,6.069685,-9.547218,-0.001953264,-0.002901378,0.002262767,261.2711,363.0096,-362.0186,370.933,-371.2758,0.03350683,-0.02945019,0.000202674,-0.2371486,-0.2365011,-0.2423248,-0.2425487,0
-0.3636726,5.899874,-9.768194,-0.00486676,-0.008999149,0.0008102502,261.629,362.8052,-361.824,370.5862,-371.1324,0.03355952,-0.02945101,0.0002028628,-0.237015,-0.236374,-0.2420982,-0.242455,0
-0.3307952,5.930392,-9.720743,-0.005705021,-0.01325061,0.0009840706,261.9874,362.5124,-362.0044,370.3008,-371.2968,0.03359602,-0.02950135,0.0001899273,-0.2368237,-0.2364918,-0.2419118,-0.2425624,0
-0.384267,5.880535,-9.785263,-0.006933985,-0.01790994,0.0006565735,262.3463,362.3725,-361.6976,370.1157,-370.9691,0.03362343,-0.02959523,0.0001789536,-0.2367323,-0.2362914,-0.2417908,-0.2423483,0
-0.3973886,5.867445,-9.790133,-0.008042531,-0.02211904,0.0005872019,262.7057,362.0596,-361.3975,369.7635,-370.6439,0.03364115,-0.02972994,0.0001645022,-0.2365279,-0.2360954,-0.2415607,-0.2421359,0
-0.1779005,6.068804,-9.49096,-0.007641334,-0.02441374,0.002264651,263.0658,361.969,-360.8145,369.7704,-370.0105,0.03366393,-0.02988688,0.0001610677,-0.2364687,-0.2357145,-0.2415653,-0.2417221,0
-0.3341316,5.922661,-9.685518,-0.01078221,-0.02998907,0.001026169,263.4263,361.9735,-360.6967,369.5607,-369.8954,0.03366448,-0.03009062,0.0001646414,-0.2364716,-0.2356375,-0.2414282,-0.2416469,0
-0.3724636,5.884777,-9.74221,-0.01265213,-0.03428088,0.0005509609,263.7874,362.0559,-361.1932,369.5232,-370.3528,0.03364034,-0.03034264,0.0001525851,-0.2365255,-0.2359619,-0.2414037,-0.2419457,0
-0.2567534,5.988594,-9.603385,-0.0129109,-0.03685597,0.001381464,264.149,361.933,-361.5533,369.4084,-370.6431,0.03360006,-0.03063555,0.0001296055,-0.2364452,-0.2361971,-0.2413287,-0.2421354,0
-0.3784501,5.872531,-9.763387,-0.01473351,-0.04090589,0.0005755194,264.5111,362.1642,-361.0127,369.5054,-370.0613,0.03355736,-0.03095283,0.0001188355,-0.2365963,-0.235844,-0.2413921,-0.2417553,0
-0.3539242,5.891234,-9.725282,-0.01614668,-0.04396228,0.0006988827,264.8738,361.731,-361.2188,368.981,-370.2266,0.03349451,-0.03130728,9.638985e-05,-0.2363132,-0.2359786,-0.2410495,-0.2418633,0
-0.1221694,6.10092,-9.423039,-0.01578486,-0.0451302,0.00248291,265.237,361.873,-360.808,369.1832,-369.7393,0.03343153,-0.03167774,8.479913e-05,-0.236406,-0.2357103,-0.2411817,-0.2415449,0
-0.3794583,5.858434,-9.75679,-0.01960792,-0.05036592,0.0005212416,265.6008,361.8825,-360.7884,368.8812,-369.7107,0.03334081,-0.03209028,7.453752e-05,-0.2364122,-0.2356974,-0.2409843,-0.2415262,0
-0.243202,5.978961,-9.586322,-0.02002881,-0.05208223,0.001435499,265.965,362.1708,-360.8228,369.1517,-369.6683,0.03324744,-0.03251685,6.275594e-05,-0.2366006,-0.2357199,-0.241161,-0.2414985,0
-0.08867261,6.116106,-9.39464,-0.02101563,-0.05391996,0.002503297,266.3298,362.0654,-361.2661,368.9838,-370.053,0.03313056,-0.03297795,4.928422e-05,-0.2365317,-0.2360095,-0.2410514,-0.2417499,0
-0.2963196,5.91804,-9.680531,-0.02416579,-0.05820794,0.0009016467,266.6952,362.582,-361.3302,369.2274,-370.0778,0.03299002,-0.03347372,3.642095e-05,-0.2368692,-0.2360514,-0.2412105,-0.2417661,0
-0.3015625,5.90647,-9.70076,-0.02555553,-0.06054532,0.0007779722,267.0611,362.604,-361.6914,369.1259,-370.3706,0.03283566,-0.03399215,1.132495e-05,-0.2368835,-0.2362874,-0.2411442,-0.2419573,0
-0.3066612,5.894679,-9.716599,-0.02708627,-0.06279572,0.0008009486,267.4275,362.6758,-361.684,369.062,-370.3026,0.03267017,-0.034529,-6.377379e-06,-0.2369305,-0.2362825,-0.2411025,-0.2419129,0
-0.3464751,5.850477,-9.774075,-0.02916473,-0.06535529,0.0004780093,267.7944,362.5237,-361.929,368.721,-370.4974,0.03247496,-0.03510155,-3.533279e-05,-0.2368311,-0.2364426,-0.2408797,-0.2420402,0
-0.8879205,5.342223,-10.48704,-0.03406635,-0.07128505,-0.003425384,268.1619,362.1936,-362.1444,367.9173,-370.6899,0.03224082,-0.03572203,-8.333845e-05,-0.2366154,-0.2365833,-0.2403546,-0.2421659,0
-0.3266854,5.852304,-9.744839,-0.03007418,-0.06779186,0.001042829,268.53,361.3855,-361.466,367.4232,-369.8591,0.03202492,-0.03633012,-0.0001408685,-0.2360875,-0.2361401,-0.2400319,-0.2416232,0
0.07428767,6.214528,-9.185444,-0.02889975,-0.06635177,0.004471136,268.8985,360.9135,-359.5054,367.053,-367.8301,0.03182593,-0.03692198,-0.0001505578,-0.2357792,-0.2348593,-0.23979,-0.2402977,0
-0.07303441,6.07013,-9.345795,-0.03322416,-0.07018855,0.003290992,269.2676,360.9561,-358.7003,366.7249,-367.0366,0.03160017,-0.03753493,-0.0001432427,-0.235807,-0.2343333,-0.2395757,-0.2397793,0
-0.3659119,5.790654,-9.738033,-0.03804994,-0.07506358,0.0008212876,269.6372,360.8535,-359.8503,366.1734,-368.1639,0.03132118,-0.0381998,-0.0001633845,-0.23574,-0.2350846,-0.2392154,-0.2405158,0
-0.1128111,6.014857,-9.436045,-0.03726155,-0.07459384,0.002696415,270.0074,361.4174,-359.9333,366.7632,-368.1214,0.0310445,-0.03886466,-0.0001816428,-0.2361084,-0.2351388,-0.2396007,-0.240488,0
-0.356871,5.779579,-9.765217,-0.04107505,-0.07831475,0.0008854404,270.378,361.5743,-359.9055,366.5525,-368.0687,0.03074361,-0.03955366,-0.0001912721,-0.2362109,-0.2351207,-0.239463,-0.2404535,0
-0.2945759,5.826911,-9.696043,-0.04246613,-0.07938766,0.00123014,270.7492,361.5834,-360.3551,366.4016,-368.4486,0.03041918,-0.04026293,-0.000216949,-0.2362168,-0.2354144,-0.2393645,-0.2407017,0
-0.3281747,5.785273,-9.75331,-0.04426265,-0.0809561,0.001059846,271.121,361.6909,-360.2788,366.3027,-368.3093,0.0300797,-0.04098519,-0.0002378201,-0.236287,-0.2353645,-0.2392999,-0.2406107,0
-0.3111737,5.79011,-9.734551,-0.04590573,-0.08209734,0.001210782,271.4932,361.6119,-360.1636,366.0327,-368.137,0.02972292,-0.04172011,-0.0002606434,-0.2362354,-0.2352893,-0.2391234,-0.2404981,0
-0.1255559,5.950475,-9.494598,-0.04642672,-0.08189739,0.00263714,271.866,361.6766,-359.8076,366.0084,-367.7094,0.02935966,-0.04245462,-0.0002748012,-0.2362777,-0.2350567,-0.2391076,-0.2402188,0
0.002152576,6.057166,-9.330619,-0.04799863,-0.08246886,0.003541701,272.2393,361.7779,-359.6861,365.9348,-367.539,0.02897784,-0.04319878,-0.0002806982,-0.2363438,-0.2349773,-0.2390595,-0.2401075,0
-0.1561543,5.899214,-9.550625,-0.05162556,-0.08527084,0.002234763,272.6131,361.9458,-360.135,365.7312,-367.9594,0.02855812,-0.04397293,-0.000294372,-0.2364535,-0.2352706,-0.2389265,-0.2403822,0
-0.1778487,5.866926,-9.599462,-0.05337645,-0.0863966,0.002024356,272.9875,362.5065,-360.1069,366.0724,-367.8633,0.0281311,-0.04474616,-0.0003047689,-0.2368199,-0.2352522,-0.2391494,-0.2403194,0
-0.1907151,5.842639,-9.630492,-0.05576404,-0.0876968,0.001849897,273.3624,362.2079,-360.776,365.503,-368.4906,0.02766884,-0.04554572,-0.0003278748,-0.2366248,-0.2356894,-0.2387774,-0.2407292,0
-0.3226968,5.707806,-9.818119,-0.05819182,-0.08935908,0.0009453256,273.7378,362.6398,-360.4932,365.6411,-368.1566,0.02719094,-0.04635216,-0.0003459885,-0.2369069,-0.2355046,-0.2388676,-0.240511,0
-0.3102761,5.706204,-9.805417,-0.05986211,-0.08988634,0.001057653,274.1137,362.2704,-360.5435,365.0483,-368.1578,0.02669266,-0.04716823,-0.0003747043,-0.2366656,-0.2355374,-0.2384804,-0.2405118,0
-0.2378241,5.759837,-9.7099,-0.06105028,-0.08983214,0.001750526,274.4902,361.9524,-360.2471,364.5448,-367.8084,0.02617698,-0.04799017,-0.0004009077,-0.2364579,-0.2353438,-0.2381514,-0.2402835,0
-0.2281277,5.755296,-9.689312,-0.06278242,-0.09023935,0.001960804,274.8672,361.7752,-359.564,364.1322,-367.0862,0.02564659,-0.04881378,-0.0004208964,-0.2363421,-0.2348975,-0.2378819,-0.2398117,0
-0.235735,5.734594,-9.689083,-0.06487405,-0.09086789,0.001980957,275.2448,361.5605,-359.015,363.6523,-366.5072,0.02510199,-0.04963628,-0.0004347603,-0.2362018,-0.2345389,-0.2375684,-0.2394334,0
-0.349525,5.615579,-9.832673,-0.06798685,-0.09246565,0.001153873,275.6228,361.1267,-359.0658,362.8564,-366.5424,0.02452284,-0.05047856,-0.0004554783,-0.2359184,-0.2345721,-0.2370484,-0.2394564,0
0.04899208,5.969537,-9.312748,-0.06675003,-0.08961289,0.004198608,276.0014,361.1523,-358.4283,362.9005,-365.8192,0.02394404,-0.05130493,-0.0004702279,-0.2359352,-0.2341556,-0.2370773,-0.238984,0
-0.1147723,5.803981,-9.519628,-0.07050867,-0.09160864,0.003034668,276.3805,361.1783,-357.816,362.5134,-365.2166,0.02334387,-0.0521351,-0.0004657577,-0.2359521,-0.2337556,-0.2368244,-0.2385903,0
-0.252138,5.662466,-9.702604,-0.07405993,-0.0933754,0.001838846,276.7601,361.0235,-358.311,361.9531,-365.706,0.02270384,-0.05298688,-0.0004787861,-0.235851,-0.234079,-0.2364584,-0.23891,0
-0.3203425,5.584365,-9.807377,-0.07612647,-0.0939882,0.001363869,277.1402,361.1409,-358.315,361.7744,-365.6714,0.02204395,-0.05384325,-0.0004949251,-0.2359277,-0.2340816,-0.2363416,-0.2388874,0
-0.2060998,5.67469,-9.660376,-0.07698847,-0.09302828,0.002285,277.5209,360.8663,-358.0197,361.3153,-365.3379,0.02136948,-0.05469728,-0.0005133627,-0.2357484,-0.2338887,-0.2360417,-0.2386696,0
0.03805758,5.884985,-9.334622,-0.0772261,-0.0911104,0.004207898,277.9021,360.7982,-357.2087,361.1286,-364.4931,0.02069174,-0.05553359,-0.0005160702,-0.2357039,-0.2333589,-0.2359197,-0.2381177,0
-0.1611875,5.685561,-9.587634,-0.08146022,-0.09311233,0.002680399,278.2838,360.9209,-356.7751,360.7849,-364.0935,0.01998791,-0.05637251,-0.0005048671,-0.235784,-0.2330756,-0.2356951,-0.2378566,0
-0.06644815,5.757402,-9.473869,-0.08339891,-0.09274539,0.003161477,278.666,360.9988,-357.2205,360.5917,-364.5254,0.01925487,-0.05721749,-0.0005056368,-0.2358349,-0.2333666,-0.2355689,-0.2381388,0
-0.2493367,5.572359,-9.733222,-0.08688685,-0.0942467,0.001737643,279.0486,360.8856,-357.8353,360.0459,-365.1456,0.0184763,-0.05809015,-0.000521725,-0.235761,-0.2337682,-0.2352124,-0.238544,0
0.2185343,5.988201,-9.13249,-0.08458196,-0.08978507,0.005308678,279.4319,361.5373,-356.6726,360.7818,-363.9071,0.01772576,-0.05891166,-0.0005167329,-0.2361867,-0.2330087,-0.2356931,-0.2377349,0
-0.02801569,5.744381,-9.447431,-0.08986336,-0.09218983,0.003373768,279.8156,361.1679,-356.8102,359.8561,-364.1253,0.01693165,-0.05974969,-0.0005016884,-0.2359454,-0.2330986,-0.2350884,-0.2378774,0
-0.4831866,5.307147,-10.05967,-0.09546801,-0.09564457,-0.0002293473,280.1999,361.6107,-357.4245,359.6732,-364.7852,0.01608856,-0.06061264,-0.0005060118,-0.2362346,-0.2334999,-0.2349689,-0.2383085,0
-0.4239927,5.344692,-10.00455,-0.09608547,-0.09420201,0.0002016051,280.5847,361.5938,-357.5708,359.4544,-364.8998,0.0152356,-0.0614644,-0.0005256961,-0.2362236,-0.2335954,-0.2348259,-0.2383834,0
-0.07469028,5.650455,-9.545624,-0.09526236,-0.09059912,0.002979268,280.9699,360.9547,-357.134,358.7588,-364.446,0.01437201,-0.06230261,-0.0005414387,-0.2358061,-0.23331,-0.2343715,-0.2380869,0
-0.1515508,5.562527,-9.629106,-0.09791047,-0.09046963,0.002576688,281.3557,360.8505,-355.9935,358.2922,-363.3529,0.01349043,-0.0631312,-0.0005403102,-0.235738,-0.232565,-0.2340667,-0.2373728,0
0.03090059,5.714116,-9.374441,-0.0988711,-0.08840569,0.003900744,281.742,360.5956,-355.3411,357.8309,-362.7237,0.01259998,-0.0639377,-0.000536342,-0.2355715,-0.2321388,-0.2337654,-0.2369617,0
0.1199373,5.779364,-9.252198,-0.1010747,-0.08744919,0.004513578,282.1288,360.3597,-355.2175,357.2817,-362.6468,0.01168108,-0.06474197,-0.0005250188,-0.2354174,-0.2320581,-0.2334066,-0.2369115,0
-0.05602624,5.599431,-9.488346,-0.1047758,-0.08832745,0.003083086,282.5161,360.8616,-354.9402,357.3235,-362.429,0.01073527,-0.06554343,-0.0005083282,-0.2357453,-0.2318769,-0.2334338,-0.2367692,0
0.2380893,5.853609,-9.116364,-0.1049606,-0.08534376,0.005067102,282.9039,361.0718,-355.0171,357.3916,-362.5188,0.009780343,-0.06632262,-0.0004944129,-0.2358826,-0.2319271,-0.2334784,-0.2368279,0
-0.01949295,5.597991,-9.467722,-0.1096804,-0.08692303,0.00301534,283.2923,361.3321,-355.3457,357.1067,-362.9406,0.008785159,-0.06711106,-0.0004740522,-0.2360526,-0.2321418,-0.2332922,-0.2371035,0
0.02192469,5.618217,-9.435369,-0.1114283,-0.08558793,0.003094627,283.6811,361.753,-355.7078,357.2309,-363.3416,0.00776542,-0.06789341,-0.0004688486,-0.2363276,-0.2323784,-0.2333734,-0.2373654,0
-0.322402,5.281905,-9.902105,-0.1157461,-0.08700723,0.0005120107,284.0704,361.8014,-355.896,356.7429,-363.6186,0.006714382,-0.06867784,-0.0004673218,-0.2363592,-0.2325013,-0.2330546,-0.2375464,0
0.283288,5.823307,-9.115502,-0.1129374,-0.08062402,0.005002884,284.4603,361.8068,-355.4046,356.8577,-363.1236,0.005673191,-0.0694177,-0.0004639023,-0.2363627,-0.2321803,-0.2331296,-0.237223,0
-0.2026058,5.356464,-9.744473,-0.1193616,-0.08352666,0.001419881,284.8506,361.7068,-355.0892,356.0535,-362.9691,0.004584919,-0.07016992,-0.0004455142,-0.2362974,-0.2319743,-0.2326042,-0.2371221,0
-0.06039287,5.469514,-9.562072,-0.1200868,-0.08081319,0.002299629,285.2415,361.9657,-354.9127,356.0981,-362.8457,0.003487192,-0.07089546,-0.0004410424,-0.2364665,-0.2318589,-0.2326333,-0.2370414,0
-0.05081213,5.460146,-9.552922,-0.1223243,-0.0793975,0.002378128,285.6328,361.8082,-354.7542,355.6006,-362.7853,0.002369885,-0.07160439,-0.0004255972,-0.2363637,-0.2317554,-0.2323084,-0.237002,0
0.2529572,5.722567,-9.157919,-0.1226314,-0.07569777,0.004505194,286.0247,361.7431,-354.7401,355.3698,-362.8475,0.001226164,-0.07230268,-0.0004172597,-0.2363212,-0.2317462,-0.2321576,-0.2370426,0
0.0159019,5.485148,-9.472548,-0.1264338,-0.07595496,0.002726199,286.4171,362.4016,-353.9637,355.5429,-362.201,6.927635e-05,-0.07297595,-0.0003887629,-0.2367513,-0.2312389,-0.2322707,-0.2366203,0
0.07708991,5.523323,-9.395716,-0.1286485,-0.07409219,0.002914695,286.8099,361.9493,-354.7068,354.754,-363.0623,-0.001124357,-0.07364763,-0.0003839152,-0.2364558,-0.2317244,-0.2317553,-0.2371829,0
0.06503103,5.493553,-9.425152,-0.1305154,-0.07227304,0.002848748,287.2033,362.448,-354.3205,354.9297,-362.7834,-0.002332596,-0.07429578,-0.000365984,-0.2367816,-0.231472,-0.2318701,-0.2370007,0
0.0762786,5.48546,-9.411891,-0.1326348,-0.07034004,0.002804482,287.5972,362.5391,-354.066,354.6864,-362.662,-0.003559994,-0.0749232,-0.0003503494,-0.2368411,-0.2313058,-0.2317111,-0.2369215,0
0.2120361,5.592421,-9.237654,-0.1339674,-0.06743678,0.003713135,287.9915,362.4105,-354.1472,354.2941,-362.8718,-0.004810643,-0.07553303,-0.0003383458,-0.2367571,-0.2313589,-0.2314548,-0.2370585,0
0.1354877,5.503182,-9.341398,-0.1366556,-0.06603842,0.003100269,288.3864,362.6566,-353.8267,354.1498,-362.7055,-0.006083895,-0.07612429,-0.0003199873,-0.2369179,-0.2311495,-0.2313606,-0.2369499,0
0.3809021,5.711451,-9.022403,-0.1370296,-0.06202276,0.004794629,288.7817,362.8182,-353.5292,354.1342,-362.5382,-0.007366111,-0.07668103,-0.0003006777,-0.2370235,-0.2309551,-0.2313504,-0.2368406,0
0.1564342,5.485681,-9.318698,-0.1412994,-0.06194374,0.003007637,289.1776,363.1553,-353.3791,353.9521,-362.5893,-0.008676428,-0.07722102,-0.0002689026,-0.2372437,-0.230857,-0.2312314,-0.2368739,0
0.004785183,5.326996,-9.529264,-0.144746,-0.0610892,0.001606898,289.574,363.2796,-354.0227,353.6178,-363.4162,-0.01002642,-0.07775868,-0.0002579431,-0.2373249,-0.2312775,-0.231013,-0.2374141,0
0.1816614,5.47168,-9.314483,-0.1448983,-0.0570222,0.002885522,289.9709,363.6147,-353.8358,353.777,-363.3668,-0.01138198,-0.07825978,-0.0002462082,-0.2375438,-0.2311554,-0.231117,-0.2373818,0
0.183148,5.454696,-9.31117,-0.1470782,-0.05458171,0.002862682,290.3682,363.6643,-353.4559,353.4879,-363.1868,-0.01275533,-0.07873307,-0.000225778,-0.2375762,-0.2309073,-0.2309281,-0.2372643,0
0.1127869,5.371394,-9.402131,-0.1498928,-0.05273473,0.00220458,290.7661,363.5217,-353.6384,352.9451,-363.582,-0.01416429,-0.07919716,-0.000217498,-0.2374831,-0.2310265,-0.2305735,-0.2375225,0
0.08103138,5.32365,-9.446012,-0.1515814,-0.05005464,0.001979241,291.1645,363.746,-353.1613,352.8556,-363.2991,-0.01558387,-0.07962702,-0.0002065893,-0.2376296,-0.2307148,-0.2305151,-0.2373377,0
0.2857924,5.494778,-9.169758,-0.152085,-0.04569106,0.003472968,291.5633,363.4041,-352.8754,352.32,-363.215,-0.01701836,-0.08002505,-0.0001979799,-0.2374063,-0.230528,-0.2301652,-0.2372827,0
0.4325944,5.612542,-8.968735,-0.1531681,-0.04184825,0.004566326,291.9627,363.723,-352.0213,352.4013,-362.5824,-0.01845957,-0.08037923,-0.0001700229,-0.2376146,-0.2299701,-0.2302183,-0.2368694,0
0.07616301,5.26549,-9.429352,-0.1584522,-0.04228563,0.001702708,292.3625,363.8172,-352.1632,351.8849,-363.0162,-0.01994233,-0.08072624,-0.0001470505,-0.2376761,-0.2300628,-0.2298809,-0.2371528,0
0.2145256,5.375298,-9.259797,-0.15911,-0.03823236,0.002551334,292.7629,364.1124,-352.377,351.9659,-363.4407,-0.02143809,-0.081039,-0.000135391,-0.237869,-0.2302024,-0.2299339,-0.2374302,0
0.07861821,5.231942,-9.443497,-0.1619989,-0.0363503,0.001504592,293.1638,364.4669,-352.1016,351.915,-363.4339,-0.02295116,-0.08132035,-0.0001120885,-0.2381005,-0.2300225,-0.2299006,-0.2374257,0
0.2951097,5.41437,-9.163042,-0.1625544,-0.03171834,0.002916535,293.5651,364.5549,-352.2343,351.8136,-363.8136,-0.02448366,-0.08157154,-9.974168e-05,-0.238158,-0.2301092,-0.2298343,-0.2376737,0
0.1248437,5.239544,-9.391193,-0.1657324,-0.02999899,0.001595231,293.9669,364.5832,-352.3886,351.4072,-364.2607,-0.02605073,-0.08181024,-9.27131e-05,-0.2381766,-0.23021,-0.2295689,-0.2379659,0
0.1722607,5.265893,-9.328579,-0.1665259,-0.02598409,0.001944313,294.3693,364.7267,-351.9771,351.3199,-364.1111,-0.02762439,-0.08200741,-9.090365e-05,-0.2382703,-0.2299411,-0.2295118,-0.2378681,0
-0.09377164,5.003081,-9.66338,-0.1700298,-0.02458503,3.461691e-05,294.7721,364.4362,-351.6204,350.5638,-364.0811,-0.02922107,-0.08217813,-8.75934e-05,-0.2380805,-0.2297081,-0.2290179,-0.2378485,0
-0.01268145,5.061189,-9.54228,-0.1707383,-0.02026501,0.0006683248,295.1754,364.3909,-350.9798,350.3024,-363.7307,-0.0308236,-0.08230333,-8.502263e-05,-0.2380509,-0.2292897,-0.2288471,-0.2376196,0
0.08785141,5.137679,-9.393735,-0.1717989,-0.01607126,0.001446658,295.5792,363.8013,-350.7578,349.4706,-363.8235,-0.03245216,-0.08240542,-9.067585e-05,-0.2376657,-0.2291446,-0.2283037,-0.2376802,0
-0.2949084,4.767738,-9.875448,-0.1756114,-0.01523098,-0.001253331,295.9835,363.6853,-350.0201,348.8479,-363.4401,-0.03410392,-0.08248299,-9.672419e-05,-0.23759,-0.2286627,-0.2278969,-0.2374298,0
0.2308319,5.237568,-9.162023,-0.1725831,-0.007002858,0.002763744,296.3883,363.0066,-349.2185,348.2826,-362.9075,-0.03574371,-0.08249858,-0.0001119945,-0.2371466,-0.228139,-0.2275276,-0.2370819,0
-0.09297317,4.923153,-9.54988,-0.1767052,-0.006031125,0.0006001588,296.7936,362.5397,-348.1825,347.3034,-362.2762,-0.03741119,-0.08248993,-0.0001067083,-0.2368415,-0.2274622,-0.2268879,-0.2366694,0
0.1794732,5.159717,-9.16491,-0.1758915,-5.886279e-05,0.002588396,297.1994,362.4041,-347.3384,347.092,-361.7551,-0.03907835,-0.08242942,-0.0001115155,-0.236753,-0.2269108,-0.2267498,-0.236329,0
-0.1287683,0.4594073,-13.21173,-0.1797143,0.001047584,0.0003900605,297.6056,361.9858,-346.9283,346.1867,-361.7546,-0.04077186,-0.08234545,-0.0001103313,-0.2364797,-0.2266429,-0.2261584,-0.2363287,0
0.1409379,-0.9053138,-14.16998,-0.1787463,0.007062581,0.002380375,298.0123,361.2452,-345.7184,345.3708,-360.8959,-0.04246632,-0.08221245,-0.0001167293,-0.2359959,-0.2258524,-0.2256254,-0.2357677,0
0.06504969,-0.988879,-14.14914,-0.1805973,0.01013358,0.001889496,298.4195,355.8413,-339.8513,339.5599,-355.5301,-0.04417704,-0.08204659,-0.0001165915,-0.2324656,-0.2220196,-0.2218292,-0.2322623,0
-0.1382214,-1.188283,-14.07873,-0.1821165,0.01240153,0.0003626203,298.8272,347.1808,-330.4049,330.4413,-346.6111,-0.04589175,-0.08184182,-0.0001173345,-0.2268078,-0.2158484,-0.2158721,-0.2264357,0
-0.05610755,-1.123101,-13.58071,-0.1800387,0.01681602,0.000937312,299.2353,337.2676,-321.8195,320.3489,-338.4524,-0.04761493,-0.08162397,-0.0001474934,-0.2203317,-0.2102397,-0.209279,-0.2211057,0
-0.1469035,-1.217091,-13.31475,-0.1770811,0.02046951,0.000580619,299.6438,328.8106,-311.8496,311.76,-328.8636,-0.04929642,-0.0813526,-0.0001630649,-0.2148069,-0.2037265,-0.2036679,-0.2148415,0
0.2387414,-0.8695291,-12.42689,-0.1714015,0.02716449,0.003552776,300.0526,319.972,-302.9492,303.0649,-320.3272,-0.05093332,-0.08102782,-0.0001828069,-0.2090328,-0.197912,-0.1979876,-0.2092648,0
0.01785094,-1.081498,-12.3617,-0.1705348,0.02837877,0.002069799,300.4618,312.2394,-294.7832,295.0522,-312.5954,-0.05255269,-0.08067963,-0.0001881094,-0.2039811,-0.1925773,-0.192753,-0.2042137,0
0.1514664,-0.9654708,-11.86971,-0.1664419,0.03233606,0.003019501,300.8713,305.2435,-287.5692,288.0566,-305.7494,-0.05413963,-0.0803006,-0.0002069334,-0.1994108,-0.1878645,-0.1881829,-0.1997413,0
-0.1060733,-1.210195,-11.91646,-0.1649961,0.03297615,0.001224397,301.281,298.9999,-280.6479,281.5776,-299.2368,-0.05569129,-0.07989037,-0.0002135332,-0.195332,-0.1833429,-0.1839503,-0.1954867,0
0.2533817,-0.8841289,-11.1788,-0.1593442,0.03801823,0.003825557,301.691,292.67,-275.049,275.396,-293.9852,-0.05721364,-0.07946061,-0.0002395582,-0.1911968,-0.1796852,-0.1799119,-0.1920559,0
0.157929,-0.9778314,-11.06086,-0.1564943,0.03941766,0.003285246,302.1011,287.9106,-268.686,270.5288,-288.0048,-0.05868978,-0.07899442,-0.0002400468,-0.1880875,-0.1755284,-0.1767323,-0.188149,0
0.3703485,-0.7863072,-10.55493,-0.15211,0.04257871,0.004693775,302.5115,282.6588,-264.1054,265.3201,-283.7874,-0.06013873,-0.07851651,-0.000258968,-0.1846566,-0.1725359,-0.1733295,-0.1853939,0
-0.2068837,-1.324149,-11.1123,-0.1526664,0.03961273,0.0004749333,302.922,278.5334,-259.6319,260.7698,-279.7259,-0.0615703,-0.07804155,-0.000271322,-0.1819616,-0.1696135,-0.1703569,-0.1827406,0
-0.0993055,-1.228823,-10.78862,-0.1474428,0.04235163,0.001235906,303.3326,274.0775,-255.89,256.3911,-276.2968,-0.06296525,-0.07755795,-0.0003154287,-0.1790505,-0.167169,-0.1674963,-0.1805004,0
-0.06325552,-1.198756,-10.56175,-0.1424731,0.04455263,0.001846251,303.7433,270.2722,-251.1179,252.6421,-271.8487,-0.06430023,-0.07703909,-0.0003405235,-0.1765647,-0.1640514,-0.1650471,-0.1775945,0
0.0357434,-1.109472,-10.24887,-0.1380605,0.04652066,0.002678925,304.1542,266.2054,-247.258,248.5993,-268.3299,-0.06560064,-0.07651196,-0.0003712272,-0.1739079,-0.1615298,-0.162406,-0.1752957,0
-0.1252515,-1.260032,-10.29818,-0.1349624,0.04646631,0.001652226,304.5651,262.8782,-243.6089,245.1598,-265.0138,-0.06686479,-0.07597864,-0.0004001629,-0.1717343,-0.1591459,-0.1601591,-0.1731294,0
0.05386176,-1.095783,-9.914669,-0.1290981,0.04912529,0.003115215,304.9761,259.7402,-240.1719,242.1564,-261.8578,-0.06807297,-0.07542086,-0.0004306135,-0.1696842,-0.1569006,-0.158197,-0.1710677,0
0.01896251,-1.128548,-9.820751,-0.1252942,0.04969112,0.003002317,305.3872,256.9385,-237.0379,239.3156,-259.035,-0.0692381,-0.07485098,-0.0004497846,-0.1678539,-0.1548532,-0.1563412,-0.1692235,0
0.3484676,-0.8241638,-9.2683,-0.1188532,0.05299866,0.005438941,305.7983,254.5409,-234.419,237.1186,-256.6725,-0.07035375,-0.07426414,-0.0004713894,-0.1662876,-0.1531423,-0.1549059,-0.1676801,0
-0.1698856,-1.302751,-9.841173,-0.1185481,0.04955275,0.001625285,306.2094,252.8248,-232.0416,235.0514,-254.6296,-0.07143721,-0.07367858,-0.0004789162,-0.1651665,-0.1515892,-0.1535554,-0.1663456,0
0.04249439,-1.105891,-9.476709,-0.1125234,0.0521055,0.003039154,306.6205,250.3544,-231.1918,232.7319,-254.0078,-0.07249112,-0.07310455,-0.0005256212,-0.1635527,-0.151034,-0.1520401,-0.1659394,0
-0.04644097,-1.186941,-9.513783,-0.1076641,0.05295275,0.002699921,307.0317,249.1268,-228.5349,231.541,-251.5895,-0.07347912,-0.07250074,-0.0005478169,-0.1627506,-0.1492983,-0.1512622,-0.1643595,0
-0.3633278,-1.477532,-9.833761,-0.1054524,0.05160029,0.0003673674,307.4428,246.8768,-227.1689,229.1086,-250.5129,-0.0744423,-0.07191072,-0.000589598,-0.1612808,-0.1484059,-0.1496731,-0.1636562,0
-0.2465455,-1.367071,-9.601581,-0.09886555,0.05433074,0.001482409,307.8539,245.1665,-225.3418,227.5872,-248.8795,-0.07534391,-0.07129714,-0.0006362476,-0.1601635,-0.1472123,-0.1486792,-0.1625891,0
-0.1601251,-1.283587,-9.400359,-0.09307232,0.0566045,0.002422658,308.2651,243.2413,-223.3297,225.7963,-247.0851,-0.07619232,-0.07066685,-0.0006781179,-0.1589057,-0.1458978,-0.1475092,-0.1614169,0
-0.1966495,-1.312905,-9.360662,-0.08818524,0.05793107,0.002390642,308.6762,241.5499,-221.4794,224.1595,-245.4533,-0.07699274,-0.07002474,-0.0007205819,-0.1578008,-0.1446891,-0.1464399,-0.1603508,0
0.3597628,-0.7936537,-8.553766,-0.07887314,0.06402582,0.006744682,309.0873,240.1465,-219.4597,223.2531,-243.5573,-0.07756175,-0.06930211,-0.0007542907,-0.156884,-0.1433696,-0.1458477,-0.1591122,0
-0.1669327,-1.274262,-9.168351,-0.07869005,0.0609307,0.002962036,309.4983,239.1244,-218.098,221.9138,-242.4722,-0.07820107,-0.06860234,-0.0007674455,-0.1562162,-0.14248,-0.1449729,-0.1584033,0
-0.1419897,-1.245105,-9.089537,-0.07365109,0.06274743,0.003008283,309.9093,238.2136,-217.8645,221.0982,-242.413,-0.07885383,-0.06790954,-0.0008097442,-0.1556212,-0.1423275,-0.14444,-0.1583646,0
0.1552006,-0.9638509,-8.666223,-0.06599163,0.06721628,0.005411719,310.3203,237.3843,-217.024,220.5985,-241.7046,-0.079443,-0.06718668,-0.0008486051,-0.1550794,-0.1417784,-0.1441136,-0.1579018,0
-0.1471907,-1.235541,-9.013832,-0.06312589,0.06696159,0.003325457,310.7312,237.0674,-215.7053,220.2035,-240.5991,-0.07997844,-0.06643808,-0.0008692499,-0.1548725,-0.1409169,-0.1438555,-0.1571796,0
-0.07389842,-1.159464,-8.879787,-0.05768564,0.06966328,0.003781122,311.1421,236.1227,-215.7799,219.4183,-240.8338,-0.08047196,-0.06567822,-0.0009123296,-0.1542553,-0.1409656,-0.1433426,-0.157333,0
-0.1038774,-1.178256,-8.894028,-0.05231031,0.07204485,0.003733477,311.5529,235.8176,-215.2182,219.2613,-240.4197,-0.0809102,-0.06489249,-0.0009488825,-0.154056,-0.1405987,-0.14324,-0.1570625,0
-0.417284,-1.457988,-9.272122,-0.04902005,0.07242391,0.001497851,311.9636,235.4293,-214.7344,218.8444,-240.1165,-0.08130112,-0.06408834,-0.0009899542,-0.1538023,-0.1402827,-0.1429677,-0.1568643,0
-0.3340895,-1.370466,-9.134467,-0.04252904,0.07627407,0.002237902,312.3743,234.3177,-214.9275,217.9887,-240.4333,-0.08164668,-0.0632702,-0.001056781,-0.1530761,-0.1404088,-0.1424086,-0.1570713,0
-0.3231144,-1.348669,-9.084951,-0.03588142,0.08014509,0.002748757,312.7849,233.6886,-213.858,217.6272,-239.4834,-0.08192547,-0.06241325,-0.001117053,-0.1526651,-0.1397101,-0.1421724,-0.1564508,0
-0.2447476,-1.263239,-8.929617,-0.02916329,0.08451799,0.003664616,313.1956,232.672,-212.7773,216.9052,-238.5309,-0.08213814,-0.06151503,-0.001179268,-0.152001,-0.1390041,-0.1417008,-0.1558286,0
-0.2800413,-1.281747,-8.92325,-0.02344403,0.08793553,0.003746695,313.606,231.9119,-211.7142,216.3634,-237.6031,-0.08228438,-0.06057146,-0.001231207,-0.1515044,-0.1383096,-0.1413468,-0.1552224,0
-0.08719368,-1.088497,-8.626915,-0.01637189,0.09301247,0.005370645,314.0165,231.3117,-211.0486,216.1208,-237.0449,-0.08236551,-0.05958291,-0.001280637,-0.1511123,-0.1378748,-0.1411884,-0.1548577,0
-0.4142212,-1.374776,-9.023414,-0.01311407,0.09403668,0.003098754,314.4269,230.9619,-210.8738,215.7927,-237.0232,-0.08240505,-0.05857503,-0.001329718,-0.1508838,-0.1377606,-0.140974,-0.1548435,0
-0.4238321,-1.367075,-9.015736,-0.006624745,0.09827736,0.003159948,314.8372,230.4703,-211.044,215.6066,-237.2817,-0.0823876,-0.05753527,-0.001399944,-0.1505627,-0.1378718,-0.1408524,-0.1550124,0
-0.3131663,-1.247076,-8.846308,0.00100421,0.1038888,0.004352327,315.2474,230.0915,-210.4266,215.6512,-236.7465,-0.08229186,-0.05643731,-0.001462884,-0.1503152,-0.1374684,-0.1408816,-0.1546628,0
-0.261144,-1.179854,-8.742491,0.00746729,0.1088132,0.004999788,315.6576,229.4078,-210.1147,215.3136,-236.5474,-0.08213937,-0.0553005,-0.001528565,-0.1498685,-0.1372647,-0.140661,-0.1545327,0
-0.5618547,-1.437586,-9.105558,0.0119428,0.1113436,0.003058696,316.0677,229.0853,-209.7749,215.1556,-236.3328,-0.08193105,-0.0541266,-0.001596659,-0.1496578,-0.1370427,-0.1405578,-0.1543925,0
-0.05774081,-0.9505417,-8.417244,0.02258411,0.1205474,0.007084627,316.4777,228.2342,-209.6443,215.0338,-236.2345,-0.0816431,-0.05289167,-0.001680522,-0.1491019,-0.1369573,-0.1404782,-0.1543283,0
-0.04589636,-0.9169051,-8.366076,0.02920485,0.1257506,0.007640396,316.8876,228.4509,-208.2442,215.6528,-234.9416,-0.08126536,-0.05157624,-0.001724142,-0.1492434,-0.1360427,-0.1408826,-0.1534837,0
-0.2982726,-1.126194,-8.665251,0.0328043,0.1282618,0.005726066,317.2975,228.1192,-208.7934,215.4823,-235.6395,-0.08084852,-0.05023389,-0.001781092,-0.1490267,-0.1364015,-0.1407712,-0.1539396,0
-0.4724672,-1.262758,-8.894123,0.0384541,0.1322101,0.004540889,317.7072,228.4606,-209.4216,216.1521,-236.3518,-0.08036979,-0.04884543,-0.0018462,-0.1492498,-0.1368119,-0.1412088,-0.1544049,0
-0.6463863,-1.397866,-9.120382,0.04432981,0.1365613,0.003442058,318.1169,228.0754,-210.3273,216.1245,-237.3515,-0.07984249,-0.04742794,-0.001933471,-0.1489981,-0.1374035,-0.1411908,-0.155058,0
-0.3759657,-1.121104,-8.754567,0.05439567,0.1452186,0.005894505,318.5266,227.9393,-209.9695,216.7272,-237.0309,-0.07922353,-0.04593431,-0.002023585,-0.1489092,-0.1371698,-0.1415845,-0.1548486,0
-0.4537239,-1.164225,-8.820547,0.06102469,0.1507604,0.005790679,318.9361,227.3305,-209.49,216.5833,-236.6657,-0.07853214,-0.04437967,-0.002105233,-0.1485115,-0.1368566,-0.1414905,-0.15461,0
-0.1211933,-0.826907,-8.350487,0.07066071,0.1594757,0.008608082,319.3456,227.1359,-208.9501,217.1422,-236.1847,-0.07774939,-0.04274186,-0.002180101,-0.1483843,-0.1365038,-0.1418556,-0.1542958,0
-0.3785147,-1.033243,-8.660021,0.07533887,0.1630512,0.006964145,319.755,227.0686,-209.0142,217.408,-236.3819,-0.07690779,-0.04105501,-0.002243638,-0.1483404,-0.1365457,-0.1420292,-0.1544246,0
-0.2727343,-0.9031359,-8.512419,0.08336831,0.1698612,0.007862912,320.1644,227.2641,-209.5852,218.2409,-237.0158,-0.07599328,-0.03930789,-0.002318982,-0.1484681,-0.1369187,-0.1425734,-0.1548388,0
-0.7089733,-1.27261,-9.080072,0.08768867,0.1726102,0.004891077,320.5736,227.1471,-210.5154,218.4351,-238.0685,-0.07503018,-0.03752925,-0.002403101,-0.1483917,-0.1375264,-0.1427003,-0.1555264,0
-0.3278586,-0.8856378,-8.575186,0.09913041,0.1826349,0.008077445,320.9828,227.4565,-210.3782,219.7031,-237.9459,-0.07395781,-0.03565475,-0.002489292,-0.1485938,-0.1374368,-0.1435286,-0.1554464,0
-0.5521841,-1.056207,-8.84609,0.1047216,0.1871101,0.006803057,321.3919,227.0141,-210.7425,219.7366,-238.4451,-0.07282542,-0.03373281,-0.002567555,-0.1483047,-0.1376748,-0.1435505,-0.1557725,0
-0.7266161,-1.179544,-9.058093,0.1117158,0.1924522,0.005811202,321.801,227.1899,-211.0135,220.5065,-238.8026,-0.0716188,-0.0317517,-0.00265425,-0.1484196,-0.1378519,-0.1440534,-0.156006,0
-0.3061981,-0.7517877,-8.492842,0.1232175,0.2025566,0.009328233,322.21,226.7658,-211.3305,221.0985,-239.1469,-0.07031783,-0.02969274,-0.002747585,-0.1481425,-0.1380589,-0.1444402,-0.1562309,0
-0.7793885,-1.148072,-9.086004,0.1278918,0.2053863,0.006327529,322.6189,226.6998,-211.2975,221.4551,-239.252,-0.06895126,-0.02758515,-0.002825202,-0.1480994,-0.1380374,-0.1446732,-0.1562996,0
-0.8784863,-1.197448,-9.19219,0.13617,0.2115731,0.00592279,323.0278,226.4992,-211.6207,221.9996,-239.6399,-0.0675001,-0.0254127,-0.002920153,-0.1479684,-0.1382485,-0.1450289,-0.156553,0
-0.4878341,-0.7927108,-8.65712,0.1479604,0.2215125,0.009367896,323.4366,225.8238,-211.8066,222.4051,-239.8493,-0.06595211,-0.02316413,-0.003013966,-0.1475272,-0.13837,-0.1452938,-0.1566898,0
-0.4666434,-0.7276642,-8.594904,0.1567249,0.2282571,0.01008981,323.8453,225.9783,-211.076,223.3982,-239.1961,-0.06430644,-0.02083649,-0.003080105,-0.1476281,-0.1378927,-0.1459426,-0.1562631,0
-0.6002312,-0.8041576,-8.73893,0.1639927,0.2333705,0.009355839,324.254,225.6637,-211.638,223.8083,-239.8488,-0.06258873,-0.01845859,-0.003154213,-0.1474226,-0.1382598,-0.1462105,-0.1566895,0
-0.7700515,-0.9129325,-8.946937,0.1719396,0.2385413,0.008483028,324.6627,225.4279,-212.4961,224.3514,-240.7659,-0.0607964,-0.01603374,-0.00323656,-0.1472685,-0.1388204,-0.1465653,-0.1572886,0
-0.85396,-0.9409032,-9.038321,0.1812976,0.2448367,0.008384604,325.0712,225.275,-212.6647,225.1095,-240.9739,-0.05891034,-0.01354549,-0.003320225,-0.1471687,-0.1389306,-0.1470605,-0.1574245,0
-0.7705377,-0.8125846,-8.896,0.1917923,0.2523757,0.009581675,325.4797,224.9024,-212.4171,225.7757,-240.7607,-0.05691694,-0.01097887,-0.003395585,-0.1469252,-0.1387688,-0.1474957,-0.1572852,0
-0.6050672,-0.6067535,-8.639741,0.2022738,0.2600121,0.01132846,325.8882,224.5046,-212.2593,226.4474,-240.6412,-0.0548216,-0.008338512,-0.003456358,-0.1466653,-0.1386657,-0.1479346,-0.1572071,0
-0.9106519,-0.8346885,-9.006393,0.2092136,0.2635765,0.009463636,326.2966,224.2842,-212.6405,226.9909,-241.0981,-0.05265132,-0.005656187,-0.00351237,-0.1465214,-0.1389147,-0.1482896,-0.1575056,0
-1.043758,-0.9020177,-9.158291,0.2185051,0.2689383,0.00887147,326.705,223.9407,-213.3289,227.6146,-241.8029,-0.05039421,-0.002925888,-0.003582634,-0.146297,-0.1393645,-0.148697,-0.1579661,0
-1.279118,-1.062334,-9.436817,0.2276537,0.2737884,0.00775788,327.1132,223.3906,-213.4938,228.0256,-241.9877,-0.04803972,-0.0001404154,-0.003650565,-0.1459376,-0.1394722,-0.1489656,-0.1580868,0
-0.8558587,-0.6124648,-8.83833,0.2415859,0.2837545,0.0115519,327.5215,222.4747,-213.2354,228.5227,-241.6833,-0.0455688,0.00271987,-0.00371789,-0.1453392,-0.1393034,-0.1492903,-0.157888,0
-0.8430685,-0.5401193,-8.764839,0.2519981,0.2899519,0.0123768,327.9297,222.1668,-212.1511,229.338,-240.5537,-0.04284145,0.005525137,-0.003746743,-0.1451381,-0.138595,-0.149823,-0.15715,0
-0.9083469,-0.5383537,-8.796848,0.2608887,0.295003,0.01223359,328.3378,221.7411,-212.201,229.953,-240.6315,-0.04015378,0.00852285,-0.003765386,-0.14486,-0.1386276,-0.1502247,-0.1572008,0
-0.9633589,-0.5257795,-8.840975,0.2702274,0.299989,0.01212015,328.7459,221.5909,-212.9569,230.8904,-241.3763,-0.03737726,0.01156681,-0.003779099,-0.1447618,-0.1391214,-0.1508371,-0.1576874,0
-1.036354,-0.5285202,-8.919193,0.2801191,0.3050471,0.0118923,329.1539,221.6442,-213.6527,232.086,-242.0354,-0.03450659,0.01465634,-0.003790854,-0.1447967,-0.139576,-0.1516182,-0.1581179,0
-1.176877,-0.5922889,-9.081936,0.2899652,0.3097869,0.01122622,329.562,221.2554,-214.4682,232.8445,-242.8092,-0.03154448,0.01778514,-0.003808878,-0.1445427,-0.1401088,-0.1521137,-0.1586235,0
-1.102742,-0.4563381,-8.953986,0.3019682,0.3165084,0.01231365,329.9698,221.2267,-214.2337,234.1739,-242.4941,-0.02845193,0.02099263,-0.003806093,-0.144524,-0.1399555,-0.1529822,-0.1584176,0
-1.263526,-0.5358171,-9.120915,0.3110961,0.320551,0.01151274,330.3777,220.5901,-214.6625,234.6762,-242.8897,-0.02526617,0.02424153,-0.003793035,-0.1441081,-0.1402357,-0.1533103,-0.1586761,0
-0.908627,-0.1374945,-8.623885,0.3245513,0.3287183,0.01449664,330.7856,220.8448,-214.5093,236.4731,-242.6073,-0.02194819,0.02757007,-0.003757476,-0.1442745,-0.1401356,-0.1544842,-0.1584916,0
-1.390051,-0.5103657,-9.221871,0.3308277,0.3294905,0.01113585,331.1934,220.6676,-215.3844,237.2299,-243.4575,-0.01855215,0.03092072,-0.003707824,-0.1441587,-0.1407073,-0.1549786,-0.159047,0
-1.412953,-0.4584907,-9.237086,0.3417383,0.3344803,0.01109128,331.6011,220.6852,-216.6227,238.5906,-244.5583,-0.01505894,0.03431052,-0.003670897,-0.1441702,-0.1415162,-0.1558675,-0.1597662,0
-1.321377,-0.2995107,-9.099127,0.3537732,0.3405865,0.01215871,332.0089,220.6265,-217.0551,239.9984,-244.8373,-0.01144642,0.03775809,-0.003616431,-0.1441319,-0.1417987,-0.1567872,-0.1599484,0
-1.129016,-0.04605056,-8.813424,0.3658257,0.3471023,0.01388037,332.4165,220.5929,-217.1948,241.476,-244.8244,-0.007714088,0.04126722,-0.003538818,-0.1441099,-0.14189,-0.1577525,-0.15994,0
-1.214902,-0.04830594,-8.894567,0.3752586,0.3509201,0.01339144,332.8241,220.5702,-217.909,242.7594,-245.4035,-0.003885199,0.04481468,-0.003445355,-0.144095,-0.1423566,-0.1585909,-0.1603183,0
-1.37891,-0.1215577,-9.089929,0.3845721,0.3542753,0.01225321,333.2317,220.7976,-218.9064,244.2939,-246.2318,4.116609e-05,0.04839972,-0.00334412,-0.1442436,-0.1430081,-0.1595934,-0.1608594,0
-1.377378,-0.04067564,-9.072669,0.3952975,0.359121,0.01236984,333.6393,220.8795,-219.947,245.8318,-247.0645,0.004071867,0.05202859,-0.003235377,-0.1442972,-0.1436879,-0.1605981,-0.1614034,0
-1.783492,-0.3353073,-9.583632,0.4030264,0.3608576,0.009516115,334.0468,220.8387,-220.9803,246.9985,-247.918,0.008188924,0.05568248,-0.003119608,-0.1442705,-0.144363,-0.1613603,-0.161961,0
-1.214015,0.2725064,-8.814181,0.4183262,0.3707134,0.01391692,334.4543,220.8111,-221.3964,248.8319,-247.9675,0.01244165,0.05918746,-0.002992532,-0.1442524,-0.1446348,-0.162558,-0.1619933,0
-1.52272,0.07018565,-9.179769,0.4257043,0.3732633,0.01185598,334.8617,221.0821,-221.4388,250.3198,-247.773,0.01678925,0.06274062,-0.002815372,-0.1444295,-0.1446626,-0.16353,-0.1618663,0
-1.945592,-0.2365204,-9.70596,0.4319733,0.3751509,0.008490727,335.2691,220.7701,-223.3913,251.2044,-249.5122,0.02120136,0.06653327,-0.002660472,-0.1442257,-0.1459381,-0.1641079,-0.1630024,0
-1.674931,0.09863064,-9.343495,0.4450644,0.3837164,0.01064797,335.6765,221.2095,-223.9791,253.4491,-249.7327,0.02574251,0.07040719,-0.002486977,-0.1445127,-0.1463221,-0.1655743,-0.1631465,0
-1.509918,0.337291,-9.093883,0.4554711,0.3908161,0.0119865,336.0838,221.0718,-224.4189,254.8979,-249.8192,0.03035109,0.07415491,-0.002279936,-0.1444227,-0.1466094,-0.1665208,-0.163203,0
-1.542074,0.3948571,-9.104285,0.4637233,0.3963995,0.01163717,336.4912,221.211,-225.434,256.5054,-250.4923,0.03506476,0.07807964,-0.002058252,-0.1445137,-0.1472725,-0.167571,-0.1636427,0
-1.572476,0.4550982,-9.125852,0.4723381,0.4029429,0.01128605,336.8985,221.6002,-226.5224,258.3705,-251.146,0.03981019,0.08186842,-0.001822037,-0.144768,-0.1479836,-0.1687895,-0.1640698,0
-1.838387,0.2986998,-9.454906,0.4788306,0.4085413,0.009202681,337.3058,221.7178,-227.8947,259.892,-252.124,0.04469787,0.08597253,-0.001573012,-0.1448448,-0.1488801,-0.1697834,-0.1647087,0
-1.766538,0.4553389,-9.342175,0.4876126,0.4177508,0.009645605,337.713,222.3064,-228.663,262.1321,-252.3951,0.04968467,0.09017272,-0.001296509,-0.1452293,-0.149382,-0.1712469,-0.1648857,0
-1.943713,0.3829948,-9.550268,0.4928697,0.4253221,0.00814884,338.1202,222.3012,-230.1966,263.5209,-253.401,0.05472484,0.09443975,-0.001005988,-0.1452259,-0.1503838,-0.1721541,-0.1655429,0
-1.831491,0.5789571,-9.386121,0.5001081,0.4369429,0.008830634,338.5274,223.0853,-231.1419,265.9052,-253.6026,0.05984551,0.09881952,-0.0006868338,-0.1457382,-0.1510014,-0.1737117,-0.1656746,0
-2.106214,0.4183827,-9.722853,0.502362,0.4471851,0.006579521,338.9346,223.4441,-232.8979,267.4081,-254.2076,0.06500471,0.1033015,-0.0003433305,-0.1459725,-0.1521486,-0.1746936,-0.1660699,0
-1.883346,0.7184733,-9.415911,0.5061359,0.465697,0.007992753,339.3417,223.9598,-233.236,270.0854,-255.7468,0.07020673,0.1079466,2.949863e-05,-0.1463095,-0.1523694,-0.1764426,-0.1670754,0
-1.896879,0.8014725,-9.416869,0.5109246,0.4777069,0.007561967,339.7488,224.2812,-234.3859,272.2495,-257.2146,0.07543914,0.1127172,0.0004311775,-0.1465194,-0.1531206,-0.1778563,-0.1680343,0
-1.892508,0.9021002,-9.39716,0.5190715,0.4861476,0.00714452,340.1559,225.2501,-235.2548,275.1552,-258.1318,0.08076201,0.1175846,0.0008663904,-0.1471524,-0.1536883,-0.1797546,-0.1686335,0
-2.413273,0.5186335,-10.06416,0.5232829,0.4880078,0.002701497,340.563,225.4781,-237.243,276.924,-260.1795,0.08613685,0.1224826,0.001307584,-0.1473013,-0.1549872,-0.1809101,-0.1699713,0
-1.872281,1.116927,-9.349717,0.536509,0.4972392,0.006224293,340.9701,226.3405,-238.2227,280.1082,-261.0439,0.09163224,0.1274581,0.001774242,-0.1478647,-0.1556272,-0.1829903,-0.1705359,0
-2.572775,0.5686634,-10.24309,0.5392123,0.4943316,0.0005468827,341.3772,226.7775,-239.4757,281.9413,-262.3485,0.09718613,0.1324294,0.002271679,-0.1481502,-0.1564457,-0.1841878,-0.1713882,0
-2.328625,0.8934529,-9.908081,0.5500109,0.4980536,0.001639593,341.7842,227.3096,-240.9395,284.5722,-263.693,0.1028334,0.1374271,0.002766202,-0.1484978,-0.1574021,-0.1859066,-0.1722665,0
-2.305279,1.014527,-9.857755,0.5585886,0.4982982,0.00136943,342.1912,227.4115,-242.1231,286.5846,-264.7906,0.1085655,0.1424178,0.003287549,-0.1485644,-0.1581753,-0.1872213,-0.1729836,0
-2.216677,1.19558,-9.712618,0.5676352,0.4977091,0.001439812,342.5981,228.1644,-242.6178,289.2964,-265.1675,0.1143976,0.1474056,0.003838236,-0.1490562,-0.1584984,-0.1889928,-0.1732298,0
-2.592534,0.947455,-10.17582,0.5725984,0.491624,-0.002074985,343.0051,228.5692,-243.8282,291.3051,-266.2974,0.1203021,0.1523526,0.004405799,-0.1493207,-0.1592891,-0.1903051,-0.173968,0
-2.472044,1.157794,-10.00088,0.5814338,0.4882082,-0.001988644,343.4121,228.889,-245.4339,293.5699,-267.7233,0.1262832,0.1572544,0.004973626,-0.1495297,-0.1603381,-0.1917847,-0.1748995,0
-2.415732,1.308362,-9.911143,0.5897166,0.4829898,-0.002241722,343.819,229.7003,-246.1804,296.2831,-268.276,0.1323583,0.1621067,0.005570215,-0.1500596,-0.1608258,-0.1935572,-0.1752605,0
-2.589067,1.24591,-10.11617,0.5955353,0.474287,-0.004407025,344.2259,230.2263,-247.4375,298.5056,-269.3528,0.1385022,0.1668805,0.00617402,-0.1504032,-0.1616471,-0.1950091,-0.175964,0
-2.476531,1.446968,-9.957359,0.6034752,0.4665655,-0.00447109,344.6328,231.0917,-248.6149,301.2601,-270.2747,0.1447352,0.1715832,0.006794003,-0.1509686,-0.1624163,-0.1968085,-0.1765663,0
-2.576344,1.451052,-10.08048,0.6088881,0.4553958,-0.00620607,345.0396,231.5985,-250.4385,303.4415,-271.8545,0.1510173,0.1761684,0.00741051,-0.1512997,-0.1636076,-0.1982336,-0.1775983,0
-2.871835,1.273193,-10.46778,0.613642,0.4419691,-0.00936156,345.4464,232.668,-251.8461,306.1058,-272.9732,0.1573601,0.1806355,0.008022329,-0.1519984,-0.1645271,-0.1999741,-0.1783291,0
-2.666432,1.556564,-10.1961,0.621793,0.4313483,-0.008774602,345.8532,232.9353,-253.49,308.2763,-274.251,0.1637706,0.1849864,0.008619308,-0.152173,-0.1656011,-0.2013921,-0.1791639,0
-2.616761,1.69433,-10.12129,0.6280966,0.4180161,-0.009167231,346.26,233.7251,-254.2506,310.8145,-274.6445,0.1702577,0.1892099,0.009234315,-0.152689,-0.166098,-0.2030503,-0.179421,0
-2.590786,1.808536,-10.07619,0.6331908,0.4027508,-0.009994487,346.6667,234.0486,-255.8052,312.784,-275.8101,0.176781,0.1932722,0.009825626,-0.1529003,-0.1671135,-0.2043369,-0.1801824,0
-2.75634,1.744166,-10.29172,0.6373273,0.3850776,-0.01208663,347.0734,235.1747,-256.6641,315.4544,-276.2323,0.1833717,0.1971837,0.01042161,-0.1536359,-0.1676746,-0.2060815,-0.1804582,0
-2.7107,1.872994,-10.23066,0.6417653,0.3673797,-0.01278855,347.48,235.3363,-258.6171,317.2,-277.7119,0.18999,0.2009121,0.01098376,-0.1537415,-0.1689505,-0.2072218,-0.1814249,0
-2.922564,1.762034,-10.51605,0.6446205,0.3468075,-0.01519904,347.8867,236.2629,-259.8796,319.5468,-278.4642,0.1966437,0.2044479,0.01152801,-0.1543469,-0.1697753,-0.208755,-0.1819163,0
-2.842319,1.918391,-10.41556,0.6492888,0.3275439,-0.0154878,348.2932,236.7813,-261.171,321.6457,-279.1776,0.2033382,0.2077966,0.01204062,-0.1546855,-0.170619,-0.2101261,-0.1823824,0
-2.998627,1.853727,-10.62217,0.6513472,0.3050288,-0.01738335,348.6998,236.9439,-262.7048,323.1518,-280.1315,0.2100475,0.2109259,0.01251761,-0.1547917,-0.1716209,-0.2111101,-0.1830055,0
-2.632081,2.269503,-10.14647,0.657191,0.28577,-0.01533908,349.1063,237.3514,-263.6928,325.228,-280.4271,0.2167924,0.2138513,0.01295955,-0.155058,-0.1722664,-0.2124664,-0.1831986,0
-2.810477,2.178903,-10.37796,0.6579669,0.2607706,-0.01720965,349.5127,238.1745,-264.1001,327.2741,-280.1779,0.2235739,0.2165572,0.01339398,-0.1555957,-0.1725325,-0.2138031,-0.1830359,0
-2.927069,2.142974,-10.53559,0.6579388,0.23468,-0.01891058,349.9191,238.2968,-266.041,328.5474,-281.4167,0.2303377,0.2190106,0.0137632,-0.1556756,-0.1738005,-0.2146349,-0.1838452,0
-2.772728,2.355258,-10.35931,0.6603751,0.210231,-0.01833452,350.3254,239.0244,-267.4535,330.6163,-282.0175,0.2371084,0.2212201,0.01408433,-0.1561509,-0.1747232,-0.2159865,-0.1842377,0
-2.941735,2.265426,-10.60087,0.6597567,0.182375,-0.02006828,350.7316,239.7575,-268.5688,332.4151,-282.328,0.2438789,0.2231735,0.01436002,-0.1566298,-0.1754518,-0.2171616,-0.1844405,0
-2.83725,2.425234,-10.48728,0.6603949,0.1557486,-0.0197911,351.1378,239.8039,-270.5162,333.6297,-283.3997,0.2506226,0.2248584,0.01455621,-0.1566602,-0.176724,-0.2179551,-0.1851406,0
-2.719542,2.594167,-10.36164,0.6611025,0.1287271,-0.01908147,351.5439,240.6301,-271.3716,335.6112,-283.3202,0.2573716,0.2262861,0.01471072,-0.1571999,-0.1772829,-0.2192496,-0.1850887,0
-2.895177,2.488561,-10.6148,0.6582693,0.09821553,-0.02063299,351.95,241.0342,-272.8019,336.8564,-283.8271,0.2640868,0.2274302,0.01479606,-0.1574639,-0.1782172,-0.2200631,-0.1854198,0
-2.716107,2.707881,-10.41729,0.6578131,0.06994794,-0.0194491,352.356,241.5712,-274.4088,338.4266,-284.4062,0.2707752,0.2282991,0.01480775,-0.1578147,-0.179267,-0.2210888,-0.1857982,0
-2.899687,2.588943,-10.69895,0.6539841,0.03813995,-0.02076776,352.7619,242.1298,-276.0317,339.7015,-285.0015,0.2774151,0.2288691,0.01474336,-0.1581796,-0.1803272,-0.2219217,-0.1861871,0
-2.967713,2.573264,-10.83396,0.6509727,0.007087218,-0.02114456,353.1678,242.7696,-277.624,341.1063,-285.4917,0.2840113,0.229151,0.01459325,-0.1585976,-0.1813674,-0.2228395,-0.1865073,0
-2.759644,2.809224,-10.61023,0.6492038,-0.02230307,-0.01925019,353.5735,242.7941,-279.5545,341.9928,-286.2568,0.2905506,0.2291369,0.01434744,-0.1586136,-0.1826286,-0.2234186,-0.1870071,0
-2.779617,2.830631,-10.68341,0.6454453,-0.05371276,-0.01874314,353.9792,243.67,-280.3994,343.5333,-285.9111,0.2970546,0.2288337,0.01403914,-0.1591858,-0.1831805,-0.224425,-0.1867813,0
-2.854172,2.797973,-10.82766,0.6399308,-0.08632028,-0.01871964,354.3848,243.6697,-282.4085,344.0335,-286.7099,0.303474,0.2282197,0.01362118,-0.1591856,-0.1844931,-0.2247517,-0.1873031,0
-2.826972,2.856138,-10.85171,0.6354232,-0.1179848,-0.01758377,354.7903,244.4136,-283.734,345.3334,-286.7378,0.3098403,0.2273129,0.01312343,-0.1596716,-0.185359,-0.2256009,-0.1873213,0
-2.797513,2.912627,-10.87187,0.6296918,-0.1501279,-0.01636217,355.1957,244.3193,-285.8402,345.6754,-287.5263,0.316109,0.2260897,0.01250957,-0.15961,-0.186735,-0.2258244,-0.1878365,0
-2.908917,2.835217,-11.08187,0.6233415,-0.1829384,-0.0158085,355.6011,244.9602,-287.0799,346.6568,-287.3895,0.3223069,0.2245663,0.01180555,-0.1600287,-0.1875448,-0.2264655,-0.1877471,0
-2.656247,3.09,-10.811,0.6185609,-0.2131237,-0.01243268,356.0063,245.3549,-288.251,347.5336,-287.1234,0.3284484,0.2227615,0.01102178,-0.1602865,-0.1883099,-0.2270382,-0.1875732,0
-2.623859,3.138083,-10.83521,0.6103178,-0.2458485,-0.01060021,356.4115,245.6369,-290.1715,347.9884,-287.6148,0.334485,0.220641,0.01014072,-0.1604708,-0.1895645,-0.2273354,-0.1878943,0
-2.843086,2.950766,-11.20749,0.6005065,-0.28007,-0.01052767,356.8165,246.3011,-292.3779,348.6397,-288.3393,0.340398,0.2182014,0.009137035,-0.1609046,-0.191006,-0.2277609,-0.1883676,0
-2.895963,2.913251,-11.36822,0.5925049,-0.3120189,-0.008871057,357.2215,246.7592,-294.376,349.2065,-288.772,0.3462147,0.2154693,0.008022652,-0.161204,-0.1923112,-0.2281312,-0.1886502,0
-2.850652,2.962023,-11.39247,0.5842727,-0.3430055,-0.006149859,357.6263,246.6868,-296.3818,349.2087,-289.1872,0.3519234,0.2124393,0.006800245,-0.1611567,-0.1936216,-0.2281326,-0.1889215,0
-2.219284,3.548118,-10.64854,0.5796354,-0.3690995,0.001181786,358.0311,247.5518,-297.0663,350.4641,-288.1846,0.3575752,0.2091502,0.005518512,-0.1617218,-0.1940688,-0.2289527,-0.1882665,0
-2.475796,3.310417,-11.06642,0.5658811,-0.4030962,0.001854402,358.4358,248.0811,-298.9682,350.5836,-288.5085,0.3630933,0.2055504,0.004144957,-0.1620675,-0.1953112,-0.2290308,-0.1884781,0
-2.515224,3.271028,-11.23116,0.5542082,-0.4345049,0.00412531,358.8404,248.6746,-302.056,350.9051,-289.9012,0.3684581,0.201652,0.00263572,-0.1624553,-0.1973285,-0.2292408,-0.1893879,0
-2.567983,3.215837,-11.42595,0.5433291,-0.464632,0.006821061,359.2449,249.5831,-304.3221,351.5643,-290.4065,0.3737061,0.1974744,0.001028648,-0.1630487,-0.1988089,-0.2296715,-0.189718,0
-2.365052,3.392073,-11.27433,0.5334511,-0.4920939,0.011599,359.6493,249.9586,-306.5631,351.7721,-290.8535,0.3788336,0.1930286,-0.0006791453,-0.163294,-0.2002729,-0.2298072,-0.19001,0
-2.111846,3.610795,-11.05588,0.5230376,-0.5187027,0.01703242,360.0536,250.6814,-308.3166,352.2688,-290.7878,0.38385,0.1883235,-0.002462759,-0.1637663,-0.2014184,-0.2301317,-0.1899672,0
-2.315449,3.403782,-11.437,0.5080923,-0.5486411,0.0191334,360.4578,251.2163,-310.7033,352.1597,-291.3877,0.3887137,0.1833412,-0.004346511,-0.1641157,-0.2029776,-0.2300604,-0.1903591,0
-1.854652,3.807332,-10.96287,0.4981791,-0.5722575,0.02636084,360.8619,251.9797,-312.9325,352.7012,-291.7013,0.3934584,0.1781214,-0.006314896,-0.1646144,-0.2044339,-0.2304142,-0.1905639,0
-2.154658,3.50414,-11.48279,0.4814728,-0.6015135,0.02820066,361.266,253.1481,-314.8463,353.0354,-291.7779,0.3980676,0.1726427,-0.008343227,-0.1653777,-0.2056842,-0.2306326,-0.190614,0
-1.941472,3.671862,-11.3438,0.467811,-0.6259683,0.03368483,361.67,253.6599,-318.1625,352.9712,-293.1711,0.4025085,0.1669185,-0.01048623,-0.1657121,-0.2078506,-0.2305906,-0.1915241,0
-2.297119,3.31074,-11.96134,0.4505892,-0.6534952,0.0354748,362.0739,255.0033,-320.4819,353.3741,-293.573,0.4068031,0.1609507,-0.01269705,-0.1665897,-0.2093658,-0.2308538,-0.1917866,0
-1.917638,3.624268,-11.60974,0.4380564,-0.6742107,0.04270933,362.4776,255.7348,-323.0199,353.583,-294.1089,0.410965,0.1547772,-0.01498292,-0.1670676,-0.2110238,-0.2309903,-0.1921368,0
-1.749267,3.739297,-11.53595,0.4224887,-0.696247,0.04866954,362.8813,256.481,-325.5453,353.5337,-294.6654,0.4149705,0.1483769,-0.0173287,-0.1675551,-0.2126737,-0.2309581,-0.1925003,0
-1.602095,3.831036,-11.49478,0.4064114,-0.7173931,0.05448927,363.285,257.6792,-327.9194,353.8732,-295.0454,0.4188179,0.1417667,-0.01973866,-0.1683378,-0.2142247,-0.2311799,-0.1927486,0
-1.736221,3.659304,-11.8264,0.3877975,-0.7397729,0.05837762,363.6886,258.9221,-330.3824,354.0171,-295.5269,0.4225098,0.1349551,-0.02219786,-0.1691498,-0.2158337,-0.2312739,-0.1930632,0
-1.440443,3.88139,-11.6027,0.3713618,-0.7579855,0.06547499,364.0921,259.601,-333.6797,353.7873,-296.7943,0.4260241,0.1279478,-0.02472813,-0.1695933,-0.2179877,-0.2311237,-0.1938911,0
-1.506198,3.765923,-11.85859,0.3523341,-0.7777513,0.07019637,364.4955,260.9893,-336.1391,354.0049,-297.2365,0.4293652,0.1207453,-0.02730391,-0.1705002,-0.2195944,-0.2312659,-0.19418,0
-1.164271,4.022792,-11.575,0.3358186,-0.7930973,0.07797014,364.8989,262.0689,-338.5303,354.1345,-297.566,0.432552,0.1133835,-0.0299182,-0.1712056,-0.2211566,-0.2313506,-0.1943952,0
-1.265362,3.866723,-11.86891,0.3145765,-0.8114334,0.08261889,365.3023,263.387,-340.8465,354.0889,-297.8919,0.4355684,0.1058492,-0.0325462,-0.1720666,-0.2226697,-0.2313208,-0.1946081,0
-1.294882,3.773674,-12.0811,0.2929356,-0.8283711,0.08762005,365.7055,264.3953,-344.2833,353.6908,-299.3293,0.4383703,0.0981401,-0.0352371,-0.1727253,-0.2249149,-0.2310607,-0.1955472,0
-1.213699,3.779515,-12.16093,0.2729666,-0.8426574,0.09378242,366.1088,266.0388,-346.7104,354.0394,-299.705,0.440999,0.09028748,-0.03794651,-0.173799,-0.2265005,-0.2312884,-0.1957926,0
-0.8865848,4.00817,-11.90486,0.2534181,-0.854264,0.101804,366.512,266.8046,-349.4613,353.5594,-300.4213,0.4434389,0.0822964,-0.04068011,-0.1742993,-0.2282977,-0.2309749,-0.1962606,0
-0.9352052,3.885956,-12.13923,0.2303688,-0.8678597,0.1071892,366.9151,268.4061,-351.4654,353.5984,-300.4435,0.44569,0.07416861,-0.04340672,-0.1753455,-0.2296069,-0.2310003,-0.1962751,0
-0.8704496,3.864971,-12.22832,0.2070633,-0.8797369,0.1132432,367.3182,269.2816,-354.5309,352.8908,-301.5385,0.4477176,0.0659083,-0.04616737,-0.1759175,-0.2316095,-0.230538,-0.1969904,0
-0.7877475,3.85708,-12.30117,0.1841809,-0.8899855,0.1197273,367.7213,270.395,-357.0299,352.4299,-302.0534,0.4495338,0.05752787,-0.04893637,-0.1766448,-0.2332421,-0.230237,-0.1973268,0
-0.6998177,3.84954,-12.35238,0.1607846,-0.899004,0.1263589,368.1244,271.3906,-358.885,351.8019,-301.9536,0.4511455,0.04904366,-0.05169605,-0.1772952,-0.234454,-0.2298267,-0.1972616,0
-0.7185972,3.739395,-12.53276,0.1353724,-0.9080663,0.1322198,368.5274,272.1889,-360.7136,350.8069,-301.8844,0.4525378,0.04045863,-0.05444144,-0.1778168,-0.2356486,-0.2291767,-0.1972164,0
-0.4056653,3.932196,-12.27993,0.1113939,-0.9136394,0.1405262,368.9304,272.9955,-362.4707,349.9564,-301.7433,0.4537079,0.03178805,-0.05716585,-0.1783437,-0.2367965,-0.2286211,-0.1971242,0
-0.3473853,3.886184,-12.35957,0.08452795,-0.9204246,0.1469587,369.3334,273.9336,-364.0792,348.9832,-301.5218,0.4546372,0.02302636,-0.05986297,-0.1789566,-0.2378473,-0.2279852,-0.1969795,0
-0.1675874,3.948803,-12.28156,0.05801538,-0.9251283,0.1542229,369.7364,274.8601,-365.7695,348.0291,-301.3975,0.4553236,0.01419192,-0.06253307,-0.1795618,-0.2389515,-0.227362,-0.1968983,0
-0.2341514,3.780215,-12.52561,0.02900415,-0.9307844,0.1597034,370.1394,275.7953,-367.3839,346.8586,-301.2635,0.4557542,0.005283596,-0.06516609,-0.1801728,-0.2400062,-0.2265973,-0.1968107,0
-0.08182585,3.810162,-12.48281,0.001046984,-0.9335829,0.1667475,370.5424,276.586,-369.0494,345.6358,-301.1964,0.4559225,-0.00368327,-0.06776658,-0.1806893,-0.2410942,-0.2257985,-0.1967669,0
-0.1842804,3.600951,-12.76909,-0.02922697,-0.937251,0.171993,370.9453,277.0358,-370.6498,343.8523,-301.1365,0.4558064,-0.01271512,-0.07033958,-0.1809832,-0.2421398,-0.2246334,-0.1967278,0
0.4360984,4.055383,-12.09752,-0.05420702,-0.9337054,0.1827193,371.3482,277.9144,-370.7458,342.9701,-299.5355,0.4554597,-0.02175665,-0.07282688,-0.1815571,-0.2422025,-0.224057,-0.1956819,0
0.252224,3.763037,-12.45782,-0.08794021,-0.936629,0.1872779,371.7512,278.4861,-371.225,341.0428,-298.531,0.4548216,-0.03084749,-0.07523273,-0.1819306,-0.2425155,-0.222798,-0.1950257,0
0.5653644,3.926991,-12.18856,-0.1186198,-0.9345599,0.1951647,372.1541,279.2542,-372.632,339.5871,-298.4376,0.4538773,-0.03996297,-0.07759172,-0.1824324,-0.2434347,-0.221847,-0.1949646,0
0.4239689,3.667694,-12.52427,-0.1523814,-0.9347748,0.1998486,372.557,280.4722,-373.3228,338.2792,-297.709,0.4526291,-0.04910363,-0.07986961,-0.1832281,-0.243886,-0.2209925,-0.1944887,0
0.7034704,3.793318,-12.29953,-0.183679,-0.9305855,0.2074569,372.9599,281.1295,-374.3213,336.6329,-297.3127,0.4510744,-0.05824518,-0.08207865,-0.1836575,-0.2445383,-0.219917,-0.1942297,0
0.8951936,3.834342,-12.18671,-0.2163437,-0.9261703,0.2144837,373.3628,282.4587,-374.3019,335.5383,-295.9836,0.4492207,-0.06737924,-0.08416945,-0.1845259,-0.2445256,-0.219202,-0.1933615,0
0.8014729,3.60821,-12.44395,-0.2527395,-0.9235488,0.2189841,373.7657,282.8764,-375.788,333.2085,-296.2914,0.4470019,-0.07652976,-0.08620979,-0.1847988,-0.2454965,-0.2176799,-0.1935626,0
0.9533415,3.605391,-12.39109,-0.2858013,-0.9169077,0.2255411,374.1686,284.5443,-375.4945,332.3824,-294.803,0.4444768,-0.08564271,-0.08812939,-0.1858884,-0.2453047,-0.2171403,-0.1925903,0
1.245348,3.72831,-12.13027,-0.3200385,-0.9090105,0.2328598,374.5715,284.9371,-375.8667,330.2061,-294.1078,0.4416097,-0.09472772,-0.0899452,-0.1861449,-0.2455479,-0.2157185,-0.1921361,0
1.097544,3.44161,-12.45013,-0.3580348,-0.9036092,0.236802,374.9745,286.2476,-375.8525,328.6003,-293.1488,0.4383787,-0.103791,-0.09164848,-0.1870011,-0.2455386,-0.2146695,-0.1915095,0
1.132166,3.319962,-12.53372,-0.3946964,-0.8955165,0.2418666,375.3773,287.3179,-375.9869,326.8567,-292.3882,0.434787,-0.1128054,-0.09324934,-0.1877003,-0.2456264,-0.2135304,-0.1910126,0
1.215845,3.240165,-12.54679,-0.4314581,-0.8860927,0.2473046,375.7803,287.8812,-376.0943,324.5824,-291.6885,0.4308216,-0.1217711,-0.09474058,-0.1880683,-0.2456966,-0.2120446,-0.1905555,0
1.092869,2.965802,-12.81635,-0.4698561,-0.8770816,0.2511618,376.1832,288.8157,-375.2205,322.5146,-290.1202,0.4264804,-0.1306773,-0.09610368,-0.1886788,-0.2451257,-0.2106937,-0.189531,0
1.659281,3.324992,-12.16931,-0.5040622,-0.8617378,0.2599072,376.5862,289.3372,-374.0141,320.4168,-288.2642,0.4217767,-0.139488,-0.09732522,-0.1890195,-0.2443376,-0.2093233,-0.1883185,0
1.520449,3.029547,-12.43367,-0.545065,-0.8516276,0.2632203,376.9891,290.1801,-372.5725,318.0444,-286.3882,0.4166704,-0.1482293,-0.09839016,-0.1895701,-0.2433959,-0.2077734,-0.1870929,0
1.981909,3.285686,-11.92311,-0.5821618,-0.8358048,0.2704769,377.392,290.8721,-371.9519,315.8658,-285.3647,0.4111559,-0.1568727,-0.09933428,-0.1900222,-0.2429904,-0.2063502,-0.1864243,0
2.054674,3.179615,-11.92566,-0.6220065,-0.8220088,0.2748848,377.795,292.5306,-370.0513,314.384,-283.1956,0.405244,-0.1654076,-0.1000951,-0.1911057,-0.2417488,-0.2053822,-0.1850073,0
2.033589,2.983826,-12.04497,-0.664016,-0.8086187,0.2779459,378.198,293.5803,-369.5656,312.1082,-282.5912,0.3988949,-0.1738409,-0.1007249,-0.1917914,-0.2414315,-0.2038954,-0.1846124,0
1.816623,2.603987,-12.44264,-0.7066765,-0.7954233,0.2794605,378.601,295.1407,-369.0381,310.2368,-282.0344,0.3921035,-0.1821663,-0.1012207,-0.1928108,-0.2410868,-0.2026729,-0.1842487,0
2.155503,2.734507,-12.10419,-0.7447402,-0.7765521,0.2849807,379.0039,296.5843,-367.6428,308.6272,-280.6509,0.384899,-0.190342,-0.1015594,-0.1937539,-0.2401753,-0.2016214,-0.1833449,0
2.059794,2.460732,-12.31126,-0.7872249,-0.7607156,0.2870517,379.4069,297.5714,-366.1917,306.1614,-279.4196,0.3772462,-0.1983889,-0.1017424,-0.1943987,-0.2392273,-0.2000105,-0.1825405,0
2.360164,2.550089,-11.99653,-0.8267735,-0.7405828,0.2917273,379.81,299.0282,-364.2017,304.411,-277.7236,0.3691614,-0.2062687,-0.1017599,-0.1953505,-0.2379273,-0.198867,-0.1814325,0
2.379613,2.377429,-12.04098,-0.8693706,-0.7222091,0.2939964,380.213,300.3135,-362.2388,302.2116,-276.2396,0.3606222,-0.2139882,-0.101607,-0.1961901,-0.236645,-0.1974301,-0.180463,0
2.395575,2.198987,-12.09258,-0.9122399,-0.7029936,0.29579,380.6161,301.8796,-360.5198,300.2508,-275.1259,0.35162,-0.2215357,-0.1012966,-0.1972132,-0.235522,-0.1961492,-0.1797355,0
2.681709,2.267712,-11.79592,-0.9531018,-0.6807392,0.2992841,381.0192,303.6259,-358.566,298.6268,-273.8743,0.3421639,-0.2288874,-0.1008168,-0.1983541,-0.2342456,-0.1950883,-0.1789178,0
2.514031,1.914911,-12.08746,-0.9978506,-0.661505,0.2990174,381.4222,305.5113,-356.7136,296.7772,-272.9217,0.3322305,-0.236053,-0.1001718,-0.1995858,-0.2330354,-0.1938799,-0.1782955,0
2.710815,1.896541,-11.90858,-1.039696,-0.6383727,0.3010056,381.8253,307.75,-354.8677,295.5167,-272.0608,0.3218364,-0.2429976,-0.09936244,-0.2010483,-0.2318296,-0.1930565,-0.1777331,0
2.69771,1.682284,-12.00555,-1.083675,-0.6164644,0.3010588,382.2285,309.2296,-352.6052,293.7242,-273.2528,0.3109491,-0.2497432,-0.09841461,-0.2020148,-0.2303515,-0.1918855,-0.1785118,0
2.861939,1.629754,-11.86977,-1.118918,-0.5992069,0.3022131,382.6317,311.9849,-349.0072,293.4814,-272.7346,0.2996541,-0.2562787,-0.09729612,-0.2038149,-0.228001,-0.1917269,-0.1781733,0
2.953019,1.508542,-11.81948,-1.147941,-0.5940437,0.3021306,383.0349,313.4238,-348.1502,291.6785,-273.7822,0.2880054,-0.2627497,-0.09610351,-0.2047549,-0.2274411,-0.190549,-0.1788576,0
3.126964,1.462031,-11.68962,-1.173809,-0.5915777,0.3025042,383.4382,316.9769,-346.3193,291.985,-273.4883,0.2760708,-0.26917,-0.09480172,-0.2070761,-0.226245,-0.1907493,-0.1786657,0
2.874597,1.020259,-12.11866,-1.205072,-0.5943822,0.2990324,383.8415,320.2269,-345.7348,291.4695,-274.5128,0.2638175,-0.2755789,-0.09342533,-0.2091992,-0.2258632,-0.1904125,-0.1793349,0
3.045669,0.9673685,-12.02395,-1.234008,-0.5939326,0.2982775,384.2448,323.8664,-346.1118,291.5269,-276.4817,0.2512399,-0.2819718,-0.09199222,-0.2115769,-0.2261095,-0.19045,-0.1806212,0
2.885899,0.6065294,-12.37368,-1.265635,-0.5956932,0.294891,384.6483,328.0185,-346.0977,291.8241,-278.1423,0.2383253,-0.2883541,-0.09048815,-0.2142894,-0.2261002,-0.1906442,-0.181706,0
2.984717,0.4826286,-12.38,-1.295642,-0.5946586,0.2930536,385.0518,331.7875,-346.4175,291.8622,-280.168,0.2250777,-0.2947097,-0.08893267,-0.2167516,-0.2263092,-0.190669,-0.1830294,0
2.969892,0.2520216,-12.52738,-1.326721,-0.593594,0.2902863,385.4553,335.4615,-346.3625,291.6866,-281.8988,0.211489,-0.3010334,-0.08730807,-0.2191518,-0.2262732,-0.1905543,-0.1841601,0
3.627803,0.6417208,-11.7807,-1.353389,-0.5861706,0.2922098,385.8589,339.3737,-345.5128,292.1432,-282.8452,0.1975816,-0.3072797,-0.08559334,-0.2217076,-0.2257182,-0.1908526,-0.1847783,0
3.430254,0.2401092,-12.14349,-1.387997,-0.5850455,0.2873548,386.2627,343.4516,-345.0984,292.066,-284.4316,0.1833072,-0.3134783,-0.08378697,-0.2243716,-0.2254474,-0.1908022,-0.1858147,0
3.380955,-0.02638854,-12.33377,-1.421158,-0.5810702,0.2830646,386.6665,347.9309,-345.6816,292.4956,-287.0365,0.1686739,-0.3196044,-0.08192316,-0.2272978,-0.2258284,-0.1910829,-0.1875165,0
3.29091,-0.3319038,-12.59061,-1.454181,-0.5757197,0.2783907,387.0705,352.2391,-346.4631,292.7335,-289.8978,0.1536777,-0.3256492,-0.07999697,-0.2301123,-0.226339,-0.1912383,-0.1893857,0
3.483854,-0.37642,-12.46728,-1.484711,-0.5661706,0.2756839,387.4745,356.5027,-346.7455,293.1252,-292.2974,0.1383303,-0.331584,-0.07800721,-0.2328977,-0.2265234,-0.1914941,-0.1909533,0
3.233776,-0.829958,-12.90272,-1.518386,-0.5581431,0.2695991,387.8787,361.1371,-346.0627,293.5952,-293.8669,0.1226339,-0.3373799,-0.07592218,-0.2359253,-0.2260774,-0.1918012,-0.1919786,0
3.413053,-0.8861876,-12.7673,-1.549705,-0.5450844,0.2662231,388.2829,364.7323,-346.8086,293.2436,-296.9205,0.1065762,-0.3430346,-0.07379197,-0.2382739,-0.2265646,-0.1915714,-0.1939735,0
3.553096,-0.9784381,-12.68962,-1.580243,-0.5297163,0.2626781,388.6873,369.5081,-346.1128,294.1158,-298.5908,0.09017524,-0.3485007,-0.07156763,-0.2413939,-0.2261101,-0.1921413,-0.1950647,0
3.521209,-1.227835,-12.81945,-1.61266,-0.5138142,0.2574107,389.0919,373.5988,-346.2679,294.1429,-301.2399,0.07341584,-0.3537791,-0.06928722,-0.2440663,-0.2262114,-0.192159,-0.1967953,0
3.935014,-1.064405,-12.3747,-1.640859,-0.4916116,0.2554092,389.4965,378.2806,-346.0386,295.1257,-303.5143,0.05632955,-0.3588103,-0.06693279,-0.2471248,-0.2260616,-0.1928011,-0.1982812,0
3.709853,-1.489114,-12.75915,-1.674224,-0.4724538,0.2484156,389.9012,382.9629,-346.2761,295.6535,-306.4312,0.03888496,-0.3636072,-0.06451334,-0.2501837,-0.2262168,-0.1931458,-0.2001867,0
3.609737,-1.796821,-12.99343,-1.705273,-0.4491909,0.2421315,390.3062,387.9442,-347.0327,296.6623,-309.8924,0.02110563,-0.3681356,-0.06206307,-0.2534379,-0.2267111,-0.1938048,-0.2024479,0
3.609183,-2.009903,-13.09636,-1.734462,-0.4221393,0.2367217,390.7112,392.4027,-347.8403,297.294,-313.4576,0.003003038,-0.3723702,-0.05958869,-0.2563506,-0.2272386,-0.1942175,-0.204777,0
3.633607,-2.195932,-13.14566,-1.76232,-0.3916629,0.2316485,391.1163,397.1326,-347.564,298.3073,-316.0085,-0.01539854,-0.3762619,-0.05707816,-0.2594405,-0.2270582,-0.1948795,-0.2064435,0
3.257415,-2.747313,-13.69588,-1.792799,-0.3614714,0.2235208,391.5216,401.5691,-347.397,298.8019,-318.8021,-0.0341017,-0.3797952,-0.05454798,-0.2623388,-0.2269491,-0.1952026,-0.2082685,0
3.642779,-2.590754,-13.24884,-1.816721,-0.3219731,0.2210241,391.927,405.339,-347.9088,299.2163,-322.2468,-0.05308003,-0.382938,-0.05204152,-0.2648017,-0.2272834,-0.1954734,-0.2105188,0
4.057603,-2.401708,-12.7511,-1.839166,-0.2787198,0.2191298,392.3325,410.5325,-346.1291,301.2001,-323.4596,-0.07228911,-0.3855982,-0.04949798,-0.2681945,-0.2261207,-0.1967693,-0.2113111,0
3.88021,-2.753411,-13.01191,-1.867586,-0.238121,0.2122633,392.7381,414.8643,-346.6074,301.8463,-327.1104,-0.09177328,-0.3878185,-0.04698549,-0.2710244,-0.2264332,-0.1971915,-0.2136961,0
3.959553,-2.86517,-12.98094,-1.89173,-0.1913334,0.2074142,393.1439,420.0972,-347.7999,303.7559,-331.4064,-0.1114932,-0.3895551,-0.04453967,-0.274443,-0.2272123,-0.198439,-0.2165027,0
3.601996,-3.375258,-13.52515,-1.917652,-0.1441028,0.1996295,393.5497,425.4554,-348.7458,305.6335,-335.5027,-0.131433,-0.3907776,-0.04216953,-0.2779434,-0.2278302,-0.1996656,-0.2191787,0
4.019483,-3.16249,-13.04486,-1.937145,-0.08670413,0.1977398,393.9557,430.2665,-349.9539,307.5688,-339.757,-0.1515478,-0.3914323,-0.039921,-0.2810864,-0.2286195,-0.2009299,-0.221958,0
3.662779,-3.65771,-13.5635,-1.962156,-0.03121389,0.1905204,394.3618,435.3339,-350.7838,309.2949,-343.6364,-0.1718546,-0.3915007,-0.03778743,-0.2843968,-0.2291616,-0.2020575,-0.2244923,0
3.496314,-3.970015,-13.82577,-1.985217,0.03131207,0.1847615,394.7679,440.0609,-352.428,310.8542,-347.9833,-0.1923229,-0.3909445,-0.03584306,-0.287485,-0.2302357,-0.2030762,-0.227332,0
3.37497,-4.233134,-14.02272,-2.008228,0.1014983,0.1798956,395.1741,444.6103,-354.8557,311.9044,-351.2119,-0.212939,-0.3896991,-0.03411132,-0.290457,-0.2318217,-0.2037623,-0.2294413,0
3.636273,-4.13375,-13.6965,-2.034077,0.1888852,0.1780409,395.5805,448.4238,-353.4673,313.9885,-356.6912,-0.2336999,-0.3876328,-0.03263763,-0.2929483,-0.2309146,-0.2051238,-0.2330208,0
3.352916,-4.527727,-14.0592,-2.056496,0.2679694,0.1729745,395.9869,451.4793,-353.3325,315.0372,-362.4272,-0.2546096,-0.3847594,-0.03146874,-0.2949444,-0.2308266,-0.2058089,-0.2367681,0
3.561415,-4.458477,-13.77373,-2.062087,0.3421227,0.1728255,396.3934,455.3593,-352.6377,317.656,-366.7589,-0.2754785,-0.3811287,-0.03059658,-0.2974792,-0.2303727,-0.2075197,-0.2395979,0
3.540867,-4.590384,-13.77782,-2.065643,0.4078729,0.17167,396.7999,458.3181,-353.3815,319.219,-372.3621,-0.2962912,-0.3768606,-0.03002231,-0.2994121,-0.2308586,-0.2085408,-0.2432584,0
3.220896,-4.991229,-14.18975,-2.066896,0.4677187,0.1690241,397.2065,462.6071,-353.8588,322.0947,-377.6049,-0.3169976,-0.3719908,-0.02974797,-0.302214,-0.2311705,-0.2104195,-0.2466834,0
3.167498,-5.137243,-14.25987,-2.063313,0.5262392,0.1689056,397.6133,466.4461,-355.1481,324.81,-383.5966,-0.3375526,-0.3665556,-0.02979684,-0.304722,-0.2320127,-0.2121933,-0.2505977,0
3.139296,-5.251594,-14.30449,-2.057169,0.581591,0.1696604,398.0199,469.9989,-357.2291,327.3439,-390.3626,-0.3579556,-0.360618,-0.03016722,-0.307043,-0.2333722,-0.2138487,-0.2550178,0
3.173001,-5.300883,-14.27448,-2.046967,0.6349385,0.1715728,398.4267,474.5132,-358.4539,331.0746,-396.2175,-0.3781509,-0.3541769,-0.0308542,-0.3099921,-0.2341723,-0.2162859,-0.2588427,0
3.109028,-5.431441,-14.36773,-2.035712,0.6840273,0.1731961,398.8335,478.6022,-360.3911,334.3859,-402.7957,-0.3981235,-0.3472721,-0.03185843,-0.3126634,-0.2354379,-0.2184491,-0.2631401,0
2.980693,-5.614168,-14.55914,-2.022693,0.7292385,0.1747811,399.2403,482.4276,-363.5682,337.4797,-410.5779,-0.4178831,-0.3399779,-0.03318486,-0.3151625,-0.2375134,-0.2204702,-0.2682242,0
3.020161,-5.635366,-14.54727,-2.004682,0.7734032,0.1782647,399.6471,486.9982,-366.166,341.6369,-417.6823,-0.4373766,-0.3322962,-0.03482919,-0.3181484,-0.2392106,-0.2231861,-0.2728654,0
2.565158,-6.104956,-15.17521,-1.988292,0.810413,0.1785654,400.054,491.0034,-369.3323,344.9859,-425.3835,-0.4566086,-0.3242809,-0.03677958,-0.3207649,-0.2412791,-0.2253739,-0.2778965,0
2.340075,-6.354726,-15.50496,-1.967178,0.8465093,0.1810806,400.4608,494.808,-372.8277,348.4365,-433.3094,-0.4755507,-0.3159626,-0.03904085,-0.3232504,-0.2435625,-0.2276282,-0.2830743,0
2.280163,-6.444214,-15.61679,-1.942211,0.8810208,0.1854348,400.8677,498.3528,-376.1721,351.8588,-441.0037,-0.4941843,-0.3073688,-0.04159689,-0.3255661,-0.2457473,-0.2298639,-0.2881009,0
2.675416,-6.104746,-15.11955,-1.911502,0.9161531,0.1936844,401.2745,500,-378.6706,355.9767,-447.7423,-0.5124582,-0.2984847,-0.04443303,-0.3280631,-0.2473796,-0.232554,-0.2925031,0
2.070703,-6.676965,-15.88519,-1.893493,0.9341152,0.195067,401.6814,500,-382.2409,358.5422,-455.7674,-0.5304716,-0.2894315,-0.04749912,-0.3303025,-0.249712,-0.2342301,-0.2977457,0
1.808658,-6.923975,-16.22219,-1.884309,0.9389546,0.2001036,402.0883,500,-386.1244,361.5683,-464.2546,-0.5483459,-0.2803422,-0.05074297,-0.3333331,-0.252249,-0.2362069,-0.3032903,0
1.826173,-6.905218,-16.19899,-1.881007,0.9307749,0.2086714,402.4951,500,-390.1403,364.9331,-472.9087,-0.5661821,-0.2713214,-0.05406392,-0.3369502,-0.2548726,-0.2384051,-0.3089439,0
1.9703,-6.762762,-16.01889,-1.886639,0.9054766,0.21952,402.9019,500,-393.6727,369.681,-481.1388,-0.5840863,-0.2624718,-0.05733955,-0.3420063,-0.2571802,-0.2415068,-0.3143205,0
1.680717,-7.015169,-16.42683,-1.909418,0.8538984,0.2283097,403.3086,500,-399.0997,373.9575,-491.4641,-0.6022599,-0.2540135,-0.06043389,-0.3479701,-0.2607256,-0.2443006,-0.3210658,0
1.515632,-7.14661,-16.67067,-1.943725,0.7795826,0.2395318,403.7153,500,-401.6097,376.8436,-498.8055,-0.6208449,-0.2460963,-0.06319358,-0.3542602,-0.2623653,-0.2461861,-0.3258618,0
1.471328,-7.157326,-16.66568,-1.982545,0.6866417,0.2528237,404.1219,500,-403.4885,378.3192,-500,-0.6399577,-0.2388815,-0.06546715,-0.3603855,-0.2635928,-0.24715,-0.3299724,0
1.378272,-7.204714,-16.61889,-2.03818,0.5969036,0.2651865,404.5285,500,-399.526,375.8182,-500,-0.6597114,-0.2323578,-0.06720011,-0.3646101,-0.2610041,-0.2455162,-0.3309129,0
1.264732,-7.271251,-16.54185,-2.08056,0.5160649,0.2765056,404.935,500,-395.7939,372.9082,-500,-0.6800823,-0.2264513,-0.06844983,-0.3681002,-0.258566,-0.2436152,-0.331762,0
1.136968,-7.358445,-16.50927,-2.093393,0.4445452,0.2870331,405.3412,500,-392.3681,371.1369,-500,-0.7007586,-0.2210709,-0.06925754,-0.3712546,-0.256328,-0.242458,-0.3320028,0
1.165421,-7.305099,-16.29791,-2.082907,0.3794469,0.2979759,405.7474,500,-388.976,370.4973,-500,-0.7214695,-0.2161306,-0.06965584,-0.3743023,-0.254112,-0.2420401,-0.331589,0
1.236956,-7.212568,-16.04936,-2.056239,0.3151252,0.3084684,406.1533,500,-386.0325,370.2373,-500,-0.7420385,-0.2116004,-0.06964229,-0.3770985,-0.252189,-0.2418703,-0.3308854,0
1.292089,-7.134172,-15.837,-2.017734,0.2487489,0.318054,406.5589,500,-383.6296,370.0632,-500,-0.762354,-0.2075008,-0.06919117,-0.3796543,-0.2506192,-0.2417565,-0.3300132,0
0.7866997,-7.572686,-16.37387,-1.973519,0.177359,0.3226996,406.9642,500,-381.1589,370.2797,-500,-0.7823219,-0.2038273,-0.06827489,-0.3824316,-0.2490052,-0.241898,-0.3287085,0
0.6055545,-7.709663,-16.49802,-1.919352,0.1059252,0.3289715,407.3692,500,-379.7542,369.9861,-500,-0.8018714,-0.2006133,-0.06688673,-0.3845815,-0.2480875,-0.2417062,-0.3276681,0
0.9679739,-7.343565,-15.92601,-1.854957,0.04129501,0.3384775,407.7738,500,-377.1799,371.4466,-498.3817,-0.8208917,-0.1977741,-0.0650198,-0.3873922,-0.2464058,-0.2426603,-0.325585,0
0.6125724,-7.63595,-16.27227,-1.796428,-0.03258121,0.3416809,408.178,500,-375.0887,372.1713,-495.5188,-0.839408,-0.1953439,-0.06262498,-0.3901553,-0.2450396,-0.2431337,-0.3237147,0
1.050793,-7.19227,-15.59317,-1.74183,-0.09509567,0.3491223,408.5818,500,-372.0681,373.6771,-492.1807,-0.8574432,-0.193254,-0.05975399,-0.3933256,-0.2430663,-0.2441175,-0.321534,0
0.9419637,-7.250287,-15.62194,-1.699405,-0.1591057,0.3509659,408.9851,500,-369.2354,374.3989,-489.496,-0.8751083,-0.1914778,-0.05639912,-0.3964585,-0.2412157,-0.244589,-0.3197801,0
0.8417372,-7.298427,-15.65532,-1.661939,-0.2234389,0.3513826,409.3879,500,-366.912,374.3832,-487.4335,-0.8925,-0.1900741,-0.05256191,-0.399334,-0.2396979,-0.2445787,-0.3184327,0
0.7756613,-7.315179,-15.65146,-1.620426,-0.2835197,0.3509265,409.7903,500,-363.549,375.6506,-484.1646,-0.9095466,-0.1889587,-0.04827413,-0.4028385,-0.2375009,-0.2454067,-0.3162972,0
0.6654941,-7.370793,-15.70536,-1.581205,-0.3443835,0.3488474,410.192,500,-361.3077,375.7058,-482.0031,-0.9262794,-0.1881582,-0.04352982,-0.4056787,-0.2360367,-0.2454427,-0.3148851,0
0.3941868,-7.575141,-15.9777,-1.54186,-0.4049186,0.344418,410.5931,500,-358.3455,376.5207,-479.0139,-0.9427012,-0.1876551,-0.0383221,-0.4090344,-0.2341015,-0.2459751,-0.3129323,0
0.5441005,-7.389909,-15.70792,-1.499656,-0.461918,0.3419051,410.9937,500,-355.3773,377.5253,-475.8871,-0.958779,-0.1874291,-0.03267722,-0.4123598,-0.2321625,-0.2466314,-0.3108896,0
0.5444034,-7.341874,-15.62942,-1.459351,-0.5199456,0.337115,411.3935,500,-352.6337,378.2402,-472.9409,-0.974537,-0.1874762,-0.02657473,-0.4156098,-0.2303701,-0.2470984,-0.308965,0
0.4409584,-7.38948,-15.69469,-1.421242,-0.5796123,0.3303449,411.7927,500,-349.4648,379.301,-469.5127,-0.989993,-0.1877981,-0.02000618,-0.4192266,-0.2282999,-0.2477914,-0.3067253,0
0.4839799,-7.301457,-15.57158,-1.383352,-0.6389848,0.3234576,412.1912,500,-346.6946,379.9843,-466.3893,-1.005161,-0.1884063,-0.01296862,-0.4226304,-0.2264902,-0.2482378,-0.3046849,0
0.2833763,-7.438709,-15.76733,-1.347314,-0.700042,0.3136289,412.589,500,-343.6094,380.9163,-462.8785,-1.020054,-0.1892895,-0.005446418,-0.4263305,-0.2244747,-0.2488467,-0.3023914,0
0.1066367,-7.554138,-15.93814,-1.312842,-0.7620249,0.3027672,412.986,500,-340.9055,381.4119,-459.6831,-1.034701,-0.1904761,0.002569659,-0.4298607,-0.2227082,-0.2491705,-0.3003038,0
0.3125784,-7.316863,-15.61104,-1.274925,-0.8200561,0.2936379,413.3822,500,-337.7108,382.6052,-455.8474,-1.04908,-0.1919347,0.01106707,-0.433674,-0.2206212,-0.24995,-0.297798,0
0.4256994,-7.165322,-15.40321,-1.239864,-0.8797903,0.2826394,413.7776,500,-334.2725,383.9186,-451.7552,-1.063205,-0.1936503,0.02005845,-0.4377356,-0.218375,-0.2508081,-0.2951247,0
0.197117,-7.329357,-15.64404,-1.211052,-0.9447916,0.2678465,414.1723,500,-331.2332,384.528,-448.0865,-1.07715,-0.1956644,0.02958217,-0.4417197,-0.2163895,-0.2512061,-0.2927279,0
0.3138694,-7.175327,-15.43851,-1.180264,-1.007614,0.2544329,414.566,500,-327.4788,385.977,-443.5612,-1.090898,-0.1979503,0.03962708,-0.4461822,-0.2139368,-0.2521527,-0.2897716,0
0.4625571,-6.991487,-15.18582,-1.152352,-1.072395,0.2399954,414.959,500,-324.3429,386.6696,-439.6257,-1.104503,-0.200532,0.05022784,-0.4503492,-0.2118882,-0.2526052,-0.2872006,0
0.4173829,-6.987604,-15.19065,-1.127352,-1.139903,0.2228859,415.351,500,-320.4768,387.95,-434.9042,-1.117996,-0.2034063,0.06140819,-0.455123,-0.2093625,-0.2534417,-0.2841161,0
0.3424788,-7.011585,-15.2363,-1.105011,-1.209725,0.2042544,415.7421,500,-316.936,388.7692,-430.4554,-1.131406,-0.2065906,0.07318201,-0.4598072,-0.2070494,-0.2539769,-0.2812098,0
0.5991352,-6.729657,-14.84636,-1.081574,-1.277899,0.1868105,416.1323,500,-313.0188,390.0225,-425.5226,-1.144742,-0.2100669,0.08555819,-0.46477,-0.2044903,-0.2547956,-0.2779873,0
0.3315658,-6.932012,-15.13965,-1.06508,-1.352668,0.1641259,416.5215,500,-309.2686,390.7357,-420.7841,-1.158083,-0.2138636,0.0985917,-0.4698496,-0.2020404,-0.2552616,-0.2748917,0
0.3792402,-6.844016,-15.02913,-1.047661,-1.42646,0.142416,416.9098,500,-305.2462,391.7549,-415.6499,-1.171442,-0.2179889,0.1122843,-0.4751657,-0.1994126,-0.2559274,-0.2715376,0
0.5009784,-6.687625,-14.81455,-1.03045,-1.500272,0.1199281,417.2971,500,-300.947,393.0192,-410.1581,-1.18482,-0.2224123,0.1266455,-0.4807361,-0.196604,-0.2567533,-0.2679499,0
0.1327918,-6.983353,-15.23942,-1.020635,-1.58102,0.09232734,417.6833,500,-296.8106,393.7038,-404.8759,-1.198308,-0.2271659,0.1417361,-0.4864419,-0.1939018,-0.2572006,-0.2644991,0
0.6930584,-6.421549,-14.45794,-1.005488,-1.656224,0.07012726,418.0686,500,-292.1196,395.1891,-398.8538,-1.211894,-0.2322387,0.157543,-0.4924702,-0.1908372,-0.2581709,-0.260565,0
0.157203,-6.871229,-15.09464,-1.000164,-1.741801,0.0383286,418.4527,500,-287.3959,396.1467,-392.8744,-1.225653,-0.2376184,0.1741352,-0.4988368,-0.1877512,-0.2587965,-0.2566587,0
0.827804,-6.205685,-14.16841,-0.9900858,-1.821981,0.01376416,418.8358,500,-282.8518,397.1223,-386.912,-1.239622,-0.2433487,0.1915227,-0.5050632,-0.1847827,-0.2594338,-0.2527636,0
0.4592668,-6.499004,-14.58298,-0.9864402,-1.910141,-0.01998317,419.2178,500,-277.1743,398.8322,-379.8136,-1.253821,-0.2493585,0.2097489,-0.5122925,-0.1810737,-0.2605508,-0.2481263,0
0.4164481,-6.489482,-14.58356,-0.9866641,-2.001837,-0.05323663,419.5988,500,-272.6899,399.0715,-373.8984,-1.268361,-0.2557377,0.2288771,-0.51893,-0.1781441,-0.2607072,-0.244262,0
0.6816632,-6.194355,-14.17355,-0.9816868,-2.089976,-0.08580462,419.9785,500,-266.9824,400.7224,-366.5526,-1.283214,-0.2624182,0.248909,-0.5263789,-0.1744155,-0.2617857,-0.2394631,0
0.7934957,-6.038167,-13.96063,-0.9811793,-2.182933,-0.1214177,420.3571,500,-260.8279,402.4941,-358.7804,-1.298418,-0.2693814,0.2698802,-0.5343198,-0.1703948,-0.2629431,-0.2343856,0
0.7248313,-6.045055,-13.97951,-0.9862781,-2.282097,-0.1604262,420.7346,500,-255.1961,403.3454,-351.5482,-1.314084,-0.276658,0.2918741,-0.5421674,-0.1667157,-0.2634993,-0.229661,0
0.9780174,-5.751593,-13.57739,-0.9892324,-2.380979,-0.1990784,421.1108,500,-248.8215,404.9343,-343.4272,-1.330236,-0.2842243,0.314924,-0.5505992,-0.1625512,-0.2645372,-0.2243556,0
0.575201,-6.060012,-14.02499,-0.9982229,-2.488054,-0.2447494,421.4859,500,-242.3073,406.2119,-335.1774,-1.346938,-0.2920659,0.3390988,-0.5594096,-0.1582956,-0.2653719,-0.2189662,0
0.9173042,-5.675714,-13.50131,-1.003455,-2.592837,-0.2872306,421.8597,500,-235.3786,407.9589,-326.3754,-1.364209,-0.3001676,0.3644209,-0.568545,-0.1537692,-0.2665132,-0.2132159,0
0.9642534,-5.557945,-13.34697,-1.012026,-2.703046,-0.3342923,422.2323,500,-228.3548,409.4648,-317.4696,-1.382128,-0.3084994,0.3909746,-0.5779678,-0.1491806,-0.267497,-0.2073979,0
1.085761,-5.365407,-13.09909,-1.021885,-2.817036,-0.3834224,422.6036,500,-220.7801,411.279,-307.9592,-1.400758,-0.3170547,0.4188268,-0.5879439,-0.1442322,-0.2686822,-0.201185,0
1.016384,-5.342218,-13.09105,-1.032943,-2.935486,-0.4366463,422.9736,500,-213.4487,412.5909,-298.6368,-1.420163,-0.325816,0.4480523,-0.5979666,-0.1394427,-0.2695392,-0.1950948,0
0.6173977,-5.616411,-13.50869,-1.044991,-3.05862,-0.495101,423.3423,500,-205.3087,414.4473,-288.4591,-1.440377,-0.334736,0.4787081,-0.6087204,-0.134125,-0.270752,-0.1884459,0
1.197643,-4.977471,-12.64401,-1.050134,-3.177588,-0.5493388,423.7097,500,-197.0749,416.9991,-277.7588,-1.461404,-0.3437796,0.5108246,-0.6194229,-0.128746,-0.2724191,-0.1814555,0
1.240759,-4.824381,-12.46293,-1.061373,-3.303975,-0.6107612,424.0758,500,-188.3555,419.5231,-266.7217,-1.483347,-0.3528856,0.5445064,-0.6306805,-0.1230497,-0.2740679,-0.1742451,0
1.109553,-4.821493,-12.51151,-1.077273,-3.437026,-0.6770297,424.4405,500,-178.7614,422.423,-254.964,-1.506285,-0.3620156,0.5798257,-0.6427349,-0.116782,-0.2759624,-0.166564,0
0.9649808,-4.818274,-12.55989,-1.093885,-3.57508,-0.7471001,424.8038,500,-169.6757,424.4956,-243.7536,-1.530303,-0.3711285,0.6168846,-0.65464,-0.1108465,-0.2773163,-0.1592404,0
1.117988,-4.52745,-12.20961,-1.1061,-3.714571,-0.8188395,425.1656,500,-159.741,427.3453,-231.6257,-1.555446,-0.380153,0.655771,-0.6671915,-0.1043563,-0.2791781,-0.1513174,0
1.1205,-4.362097,-12.04476,-1.116977,-3.859669,-0.8958632,425.5262,500,-149.203,430.5502,-218.8784,-1.581744,-0.3890113,0.6965681,-0.6803097,-0.09747197,-0.2812718,-0.1429899,0
1.026739,-4.271019,-11.99015,-1.126168,-4.010527,-0.9781157,425.8852,500,-136.8532,432.252,-204.3199,-1.609223,-0.3976218,0.7393621,-0.6927683,-0.08940405,-0.2823835,-0.133479,0
0.8904123,-4.187953,-11.64392,-1.127835,-4.164497,-1.065764,426.2429,500,-109.7604,419.671,-174.8466,-1.637892,-0.4058946,0.7842427,-0.6959518,-0.07170475,-0.2741645,-0.1142245,0
1.001858,-3.842011,-10.54393,-1.041463,-4.28552,-1.159322,426.599,500,-82.1609,407.4178,-141.671,-1.667085,-0.4137787,0.8310285,-0.6957626,-0.05367444,-0.2661597,-0.09255143,0
1.119792,-3.611234,-11.05633,-0.8201275,-4.378589,-1.246989,426.9537,500,-111.0317,454.2144,-158.3439,-1.695369,-0.421241,0.8793647,-0.7293333,-0.07253528,-0.2967312,-0.1034436,0
0.6922889,-3.814317,-11.67889,-0.8999146,-4.532119,-1.350363,427.307,500,-96.21771,456.9926,-145.4153,-1.724632,-0.4281811,0.9297016,-0.745642,-0.06285754,-0.2985462,-0.09499758,0
0.7966456,-3.462377,-11.23059,-1.001969,-4.70141,-1.458864,427.6587,500,-81.55347,457.8928,-133.8578,-1.756287,-0.4345245,0.9823323,-0.7621842,-0.05327762,-0.2991342,-0.08744724,0
0.6241577,-3.328906,-10.96131,-1.032993,-4.902914,-1.576467,428.009,500,-61.36563,452.1199,-112.5475,-1.789857,-0.4400527,1.037639,-0.7729523,-0.04008921,-0.2953629,-0.0735255,0
0.6111861,-2.127605,-10.07372,-0.9355907,-5.134282,-1.67501,428.3577,500,-36.53506,445.5336,-79.37465,-1.824438,-0.4445104,1.095945,-0.7796412,-0.02386779,-0.2910602,-0.05185422,0
0.4318147,-1.927491,-9.288792,-0.6983054,-5.268048,-1.553796,428.705,500,-10.34168,477.4085,-15.58902,-1.857781,-0.446734,1.156306,-0.8041864,0.01410375,-0.3118835,-0.006154688,0
0.2752722,-1.488437,-10.02244,-0.9338602,-5.080872,-1.656068,429.0509,500,-10,488.8506,-10,-1.891941,-0.4470493,1.215147,-0.8240852,0.05523392,-0.3193585,0.01882245,0
0.2151937,-1.395532,-9.934664,-1.159524,-5.060643,-1.814459,429.3954,500,-10,468.7703,-10,-1.928403,-0.4470592,1.274093,-0.8271,0.07643262,-0.3062404,0.02750678,0
0.2062452,-1.269781,-9.76825,-1.27722,-4.96152,-1.973392,429.7384,500,-10,450.0709,-10,-1.966258,-0.4468674,1.332844,-0.8257474,0.09589243,-0.2940243,0.03600243,0
0.140983,-1.25651,-10.21432,-1.289,-4.786539,-2.132746,430.08,500,-10,500,-10.20027,-2.004105,-0.4467254,1.39067,-0.8735334,0.06456216,-0.3359253,-0.004441316,0
0.1159027,-1.143371,-10.29696,-1.490108,-4.777311,-2.292938,430.4202,500,-10,495.087,-10,-2.043417,-0.446299,1.448613,-0.8773746,0.08371594,-0.3237517,0.002573445,0
0.3558538,-0.7611675,-9.786755,-1.683173,-4.761952,-2.452884,430.7589,500,-10,475.439,-10,-2.085029,-0.4452467,1.507228,-0.8800801,0.103172,-0.3105969,0.009524055,0
0.4681954,-0.5077137,-9.401733,-1.773533,-4.669943,-2.613863,431.0961,500,-10,458.9698,-10,-2.127807,-0.4437087,1.565927,-0.880082,0.1229215,-0.2998378,0.01817222,0
0.2498904,-0.5765153,-9.46624,-1.76395,-4.504714,-2.77624,431.4317,500,-10,445.4538,-10,-2.170382,-0.4420601,1.624035,-0.8769546,0.1421371,-0.291008,0.02787735,0
-0.1932775,-0.8680712,-9.842957,-1.669023,-4.278201,-2.9383,431.7658,500,-10,433.5309,-10,-2.209417,-0.4403097,1.681081,-0.8701732,0.1600134,-0.283219,0.03798832,0
0.468525,-0.1525478,-8.792561,-1.491685,-3.989965,-3.089449,432.0983,500,-10,424.6382,-10,-2.248426,-0.4398975,1.73666,-0.861356,0.17772,-0.2774095,0.04938682,0
0.1716262,-0.3381952,-9.022025,-1.260849,-3.667482,-3.244459,432.4293,500,-10,416.8948,-10,-2.284542,-0.4407189,1.790582,-0.8505261,0.1947584,-0.2723509,0.0615293,0
0.04835892,-0.3803307,-9.039665,-0.9793655,-3.310636,-3.394725,432.7587,500,-10,410.5819,-10,-2.317267,-0.4432637,1.842765,-0.8379696,0.210639,-0.2682268,0.07396924,0
0.2302292,-0.06981497,-9.718761,-0.6527959,-2.924181,-3.539335,433.0865,500,-10,500,-15.37642,-2.346211,-0.447967,1.89317,-0.9205098,0.1285956,-0.3612526,-0.01004517,0
-0.04342923,-0.4113215,-9.983351,-0.6643426,-2.913604,-3.72023,433.4127,500,-10,500,-10,-2.374723,-0.4532379,1.944265,-0.9139078,0.1423639,-0.3452223,-0.001111006,0
-0.1278063,-0.3866968,-10.04247,-0.770727,-2.877721,-3.874696,433.7372,500,-10,500,-10,-2.405146,-0.458566,1.996782,-0.910194,0.1604832,-0.3291205,0.008021051,0
0.09969379,-0.06995867,-9.606754,-0.8671854,-2.829225,-4.027204,434.0601,500,-10,480.1231,-10,-2.437361,-0.463777,2.050533,-0.9067461,0.1801868,-0.3136569,0.01841476,0
0.05072023,-0.01718359,-9.398061,-0.888764,-2.716329,-4.180265,434.3812,500,-10,460.7945,-10,-2.470741,-0.4690861,2.10525,-0.9023297,0.2010239,-0.3010299,0.03076051,0
-0.3680293,-0.3452984,-9.747828,-0.8028495,-2.516508,-4.333151,434.7007,500,-10,445.2477,-10,-2.503968,-0.4751203,2.160406,-0.8948804,0.2210557,-0.2908734,0.04396533,0
-0.2130385,-0.1853502,-9.425644,-0.6238269,-2.244791,-4.479011,435.0184,500,-10,433.4925,-10,-2.535962,-0.482464,2.215624,-0.8851773,0.2405892,-0.2831939,0.05839856,0
-0.4566064,-0.4309164,-9.678696,-0.3804844,-1.93174,-4.625346,435.3345,500,-10,425.1032,-10,-2.565989,-0.4915716,2.270724,-0.8745819,0.2603888,-0.2777133,0.07468904,0
-0.07225254,-0.1230469,-9.131861,-0.08387005,-1.588232,-4.764784,435.6489,500,-10,488.0635,-23.64787,-2.593585,-0.50284,2.325717,-0.9565586,0.186032,-0.3671654,-0.001760329,0
0.09511935,-0.1359695,-10.01265,0.08222958,-1.371341,-4.927242,435.9615,500,-10,500,-18.01568,-2.619552,-0.5159458,2.381136,-0.9741057,0.1792211,-0.3847656,-0.01176936,0
-0.1787939,-0.3032085,-10.09739,-0.006659041,-1.332366,-5.080627,436.2724,500,-10,500,-10,-2.647788,-0.5288655,2.438722,-0.970818,0.2016581,-0.3686,0.002328812,0
-0.0570092,-0.1903912,-9.922922,-0.07595459,-1.296703,-5.239727,436.5815,500,-10,500,-10,-2.678626,-0.5415322,2.498523,-0.966369,0.2247818,-0.3516013,0.01729162,0
-0.02889086,-0.130292,-9.825766,-0.1395768,-1.262442,-5.396176,436.8888,500,-10,500,-10,-2.711997,-0.553555,2.560721,-0.9645389,0.2506199,-0.3372007,0.03456136,0
-0.3266347,-0.3555849,-10.14787,-0.2047071,-1.222778,-5.554486,437.1944,500,-10,494.0989,-10,-2.747904,-0.5647599,2.625322,-0.9630806,0.2769742,-0.3231079,0.05150227,0
-0.08760675,-0.06338479,-9.611855,-0.2505282,-1.15649,-5.70737,437.4981,500,-10,476.1998,-10,-2.786224,-0.5750543,2.692278,-0.9625252,0.3049614,-0.3110939,0.06945223,0
-0.1757769,-0.08164667,-9.521169,-0.2154734,-1.015915,-5.857609,437.8001,500,-10,463.6138,-10,-2.826146,-0.5847851,2.761339,-0.9613453,0.3341529,-0.3028717,0.08914924,0
-0.4278782,-0.2703656,-9.748687,-0.1065794,-0.8133264,-6.004529,438.1003,500,-10,456.3856,-10,-2.866725,-0.5944403,2.832271,-0.9597011,0.3641154,-0.2981496,0.1103819,0
-0.1284838,0.007254612,-9.778728,0.05611444,-0.5731648,-6.144677,438.3987,500,-10,500,-10,-2.907385,-0.6043014,2.905027,-1.076831,0.2758612,-0.414939,0.01386589,0
-0.2628437,-0.06844994,-10.05579,0.03385075,-0.5008661,-6.300273,438.6953,500,-10,500,-10,-2.949671,-0.6131521,2.980107,-1.094551,0.2939819,-0.4223063,0.02083255,0
-0.2524309,-0.01929679,-10.08124,0.01035875,-0.4438043,-6.45647,438.9902,500,-10,500,-10,-2.99424,-0.6202065,3.057785,-1.097555,0.3278136,-0.4147879,0.04298732,0
-0.1721212,0.07038318,-10.02349,0.002915986,-0.3939695,-6.613044,439.2832,500,-10,500,-10,-3.04079,-0.6251147,3.137955,-1.09964,0.3636147,-0.4070708,0.06699323,0
0.01920985,0.2317672,-9.829082,0.01102914,-0.3551977,-6.770092,439.5744,500,-10,500,-10,-3.088939,-0.627506,3.220447,-1.102789,0.4004259,-0.4011629,0.09197323,0
-0.1234004,0.04991868,-10.08289,0.02799781,-0.3335638,-6.931484,439.8638,500,-10,500,-10,-3.138284,-0.6269745,3.305037,-1.106368,0.4374695,-0.3961968,0.1170769,0
0.1848919,0.251741,-9.7628,0.05332434,-0.3236903,-7.091892,440.1513,500,-10,500,-10,-3.188336,-0.6231667,3.391398,-1.110391,0.4749075,-0.3924185,0.1423753,0
0.04847459,0.01824599,-10.03646,0.07343432,-0.3310044,-7.257852,440.4371,500,-10,500,-10,-3.238616,-0.6157376,3.479105,-1.114874,0.5126964,-0.3893718,0.1675418,0
0.3563584,0.1863946,-9.731782,0.08739419,-0.345084,-7.421789,440.7209,500,-10,500,-10,-3.288661,-0.6044298,3.567722,-1.228977,0.4411433,-0.4966379,0.08242797,0
-0.04590981,-0.2904325,-10.33721,0.0819271,-0.3697842,-7.590302,441.003,500,-10,500,-10,-3.338037,-0.5890365,3.656732,-1.248558,0.4644551,-0.5093094,0.0913689,0
0.2230086,-0.1160242,-10.02465,0.0649379,-0.3889264,-7.750917,441.2831,500,-10,500,-10,-3.386297,-0.5695024,3.745653,-1.257991,0.4984743,-0.5126119,0.1100478,0
0.09705847,-0.2639967,-10.16927,0.03119982,-0.4060899,-7.910058,441.5615,500,-10,500,-10,-3.432991,-0.5458702,3.833962,-1.260682,0.5405205,-0.5097024,0.135805,0
0.02213385,-0.3265796,-10.1913,-0.01133607,-0.4150532,-8.064875,441.8379,500,-10,500,-10,-3.477733,-0.5182434,3.921293,-1.263085,0.582522,-0.507434,0.1608072,0
0.04048763,-0.2848912,-10.06592,-0.05775653,-0.414846,-8.217437,442.1126,500,-10,500,-10,-3.520162,-0.486781,4.007361,-1.264956,0.6241239,-0.5057279,0.1849491,0
0.05926732,-0.2498713,-9.96315,-0.1065844,-0.4072846,-8.371213,442.3853,500,-10,500,-10,-3.55997,-0.4516804,4.092006,-1.26624,0.6651431,-0.5045004,0.2082319,0
-0.007479505,-0.3147629,-10.03634,-0.1583465,-0.3953985,-8.527925,442.6563,500,-10,500,-10,-3.59693,-0.4131303,4.175185,-1.266497,0.704929,-0.5031848,0.2301277,0
-0.1784841,-0.4899351,-10.31667,-0.2122805,-0.3825911,-8.686303,442.9254,500,-10,500,-10,-3.630861,-0.3713108,4.256923,-1.372963,0.6364765,-0.6091837,0.1436271,0
0.0519743,-0.2857803,-10.10895,-0.2607073,-0.368419,-8.840092,443.1926,500,-10,500,-10,-3.661582,-0.3263985,4.337296,-1.386655,0.6592253,-0.6232838,0.1486706,0
0.2646427,-0.068606,-9.905083,-0.2997657,-0.3585989,-8.991245,443.458,500,-10,500,-10,-3.688877,-0.2785693,4.416394,-1.394989,0.6861649,-0.6331005,0.1585271,0
-0.1042888,-0.3546063,-10.39793,-0.3273974,-0.3578808,-9.14571,443.7215,500,-10,500,-10,-3.712512,-0.2279933,4.494379,-1.390289,0.7244474,-0.6308999,0.180577,0
0.01864594,-0.1667116,-10.17736,-0.3347247,-0.3559198,-9.299743,443.9832,500,-10,500,-10,-3.732196,-0.1749194,4.571529,-1.384359,0.7620053,-0.6289988,0.2028869,0
0.2380734,0.1038996,-9.789308,-0.3295524,-0.3517243,-9.460594,444.243,500,-10,500,-10,-3.74772,-0.1195904,4.64821,-1.377089,0.7976886,-0.6270203,0.2240723,0
0.2562059,0.1594577,-9.672612,-0.3239335,-0.3427976,-9.632076,444.501,500,-10,500,-10,-3.758948,-0.06227458,4.724913,-1.368902,0.8316962,-0.6250048,0.2439134,0
0.04916396,-0.02853684,-9.903054,-0.3282474,-0.3257327,-9.811438,444.7571,500,-10,500,-10,-3.765808,-0.003273777,4.802213,-1.359864,0.864082,-0.6227072,0.2620822,0
-0.2728717,-0.3422529,-10.35164,-0.346289,-0.2991845,-9.988247,445.0114,500,-10,500,-10,-3.768205,0.05701615,4.88069,-1.45284,0.7951458,-0.723125,0.1787761,0
-0.1718489,-0.2512994,-10.28983,-0.3698639,-0.2618053,-10,445.2638,500,-10,500,-10,-3.765993,0.1177988,4.960444,-1.471648,0.8250175,-0.7509435,0.1955302,0
-0.01951252,-0.0664753,-10.15003,-0.390357,-0.2201985,-10,445.5143,500,-10,500,-10,-3.759056,0.1779337,5.041104,-1.497551,0.8670006,-0.7895533,0.2283868,0
-0.2425276,-0.1705603,-10.44212,-0.3993786,-0.1790745,-10,445.7631,500,-10,500,-10,-3.747189,0.2371174,5.123322,-1.508522,0.9212442,-0.814065,0.2749344,0
0.05529302,0.2461873,-9.983114,-0.38489,-0.1297692,-10,446.0099,500,-10,500,-10,-3.729985,0.2948525,5.207705,-1.518976,0.9753734,-0.8393373,0.3230063,0
-0.1766884,0.1739515,-10.17199,-0.3548963,-0.07813426,-10,446.2549,500,-10,500,-10,-3.707018,0.3506239,5.294886,-1.53125,1.030249,-0.8672625,0.3734468,0
-0.3318263,0.1320116,-10.26192,-0.3091699,-0.0204464,-10,446.498,500,-10,500,-10,-3.677845,0.4038638,5.385532,-1.544905,1.085001,-0.8974445,0.4254505,0
0.04632185,0.5135736,-9.6957,-0.2485782,0.04093582,-10,446.7393,500,-10,500,-10,-3.642071,0.45396,5.480234,-1.560126,1.139747,-0.9299158,0.4792989,0
-0.1776423,0.2605588,-9.971661,-0.1843362,0.08813301,-10,446.9787,500,-10,500,-10,-3.599418,0.5003228,5.579458,-1.675375,1.097472,-1.06245,0.4383102,0
0.05252229,0.3603415,-9.696724,-0.1133588,0.1213443,-10,447.2162,500,-10,500,-10,-3.549697,0.5423526,5.68355,-1.710012,1.139014,-1.114191,0.4831453,0
-0.1024058,0.06582352,-9.933024,-0.04911759,0.1321464,-10,447.4519,500,-10,500,-10,-3.493048,0.5795262,5.792632,-1.746377,1.18222,-1.166724,0.5316716,0
0.3459013,0.3283956,-9.353947,0.004615706,0.1344465,-10,447.6858,500,-10,500,-10,-3.429787,0.6111839,5.906671,-1.770838,1.241129,-1.206414,0.5975347,0
-0.07910458,-0.1811984,-9.874273,0.02810097,0.1285657,-10,447.9178,500,-10,500,-10,-3.360703,0.636685,6.025346,-1.797509,1.302197,-1.246474,0.6664855,0
0.2328322,0.0422366,-9.410398,0.03001578,0.1376508,-10,448.148,500,-10,500,-10,-3.286851,0.6552688,6.148044,-1.827015,1.364043,-1.288071,0.736861,0
-0.04212976,-0.2327496,-9.735094,0.007069691,0.1557271,-10,448.3764,500,-10,500,-10,-3.209696,0.6662902,6.273739,-1.858957,1.426574,-1.330271,0.8084514,0
-0.6000457,-0.7519111,-10.49166,-0.02835606,0.1823476,-10,448.6029,500,-10,500,-10,-3.130985,0.6693234,6.401041,-1.893061,1.488776,-1.372945,0.8804516,0
-0.1508209,-0.3513907,-10.00609,-0.05922591,0.2213919,-10,448.8275,500,-10,500,-10,-3.052495,0.6641088,6.528335,-2.018501,1.459652,-1.505616,0.8624222,0
-0.4331891,-0.6518227,-10.52218,-0.09527466,0.2543441,-10,449.0503,500,-10,500,-10,-2.976119,0.650796,6.653966,-2.06792,1.505881,-1.560288,0.920284,0
0.1876589,-0.1357923,-9.850748,-0.1261027,0.2912672,-10,449.2712,500,-10,500,-10,-2.903478,0.6296825,6.776446,-2.116862,1.550511,-1.612832,0.9771408,0
-0.03582258,-0.3968552,-10.22278,-0.1636374,0.3176132,-10,449.4903,500,-10,500,-10,-2.83596,0.6013541,6.894628,-2.153091,1.605369,-1.650288,1.044451,0
6.149319,5.74351,-4.98058,-0.196161,0.3430912,-10,449.7074,500,-10,500,-10,-2.774509,0.5665174,7.007775,-2.184444,1.661684,-1.681182,1.113392,1
5.885338,5.497909,-5.267671,-0.2280656,0.3639574,-10,449.9227,500,-10,500,-10,-2.719653,0.5259166,7.115545,-2.217391,1.71288,-1.711863,1.17716,1
6.455867,6.037451,-4.461002,-0.2543712,0.3967598,-10,450.1361,500,-10,500,-10,-2.669743,0.4803226,7.217867,-2.25403,1.756408,-1.745326,1.233097,1
6.179339,5.784666,-4.804005,-0.2934322,0.4347486,-10,450.3478,500,-10,500,-10,-2.628684,0.4301145,7.314942,-2.290994,1.796831,-1.777072,1.284836,1
5.975599,5.577818,-5.102204,-0.3387633,0.4835228,-10,450.5575,500,-10,500,-10,-2.594487,0.3761138,7.407194,-2.386545,1.775823,-1.865781,1.27446,1
6.353347,5.895593,-4.665395,-0.375526,0.5356689,-10,450.7654,500,-10,500,-10,-2.566901,0.3189833,7.495194,-2.426738,1.807101,-1.898505,1.316098,1
6.219255,5.738316,-4.91035,-0.3981298,0.5699443,-10,450.9715,500,-10,500,-10,-2.543697,0.2596885,7.579586,-2.465826,1.836589,-1.929343,1.356536,1
6.133048,5.605618,-5.140601,-0.4036237,0.5877748,-10,451.1756,500,-10,500,-10,-2.527894,0.1981787,7.661131,-2.504238,1.864722,-1.958499,1.395971,1
6.120242,5.481917,-5.351949,-0.4086992,0.5952896,-10,451.3779,500,-10,500,-10,-2.51743,0.1354472,7.740618,-2.542331,1.892127,-1.986267,1.434427,1
6.074048,5.269687,-5.621898,-0.4276669,0.5933924,-10,451.5783,500,-10,500,-10,-2.512233,0.07200532,7.818765,-2.580602,1.919384,-2.012747,1.471922,1
6.883977,5.865091,-4.673542,-0.4521517,0.5849236,-10,451.7769,500,-10,500,-10,-2.512262,0.008320178,7.896271,-2.619136,1.946703,-2.038435,1.508825,1
6.477949,5.440503,-5.175546,-0.4897168,0.558356,-10,451.9734,500,-10,500,-10,-2.517571,-0.05507775,7.973875,-2.65042,1.982477,-2.055362,1.553444,1
6.685433,5.712942,-4.799792,-0.5235942,0.5425791,-10,452.1682,500,-10,500,-10,-2.528183,-0.1178087,8.0522,-2.681088,2.020029,-2.071429,1.598953,1
6.702531,5.892967,-4.681685,-0.5489208,0.5382902,-10,452.361,500,-10,500,-10,-2.544128,-0.1795405,8.131823,-2.712029,2.058795,-2.087752,1.644871,1
6.884611,6.230235,-4.420768,-0.5450138,0.5374168,-10,452.5519,500,-10,500,-10,-2.565309,-0.2398968,8.213335,-2.743348,2.098458,-2.105025,1.691699,1
6.650932,6.143762,-4.792464,-0.5064844,0.5207598,-10,452.741,500,-10,500,-10,-2.591601,-0.2983401,8.29742,-2.821091,2.093533,-2.168867,1.694382,1
6.632504,6.233058,-4.921552,-0.4359501,0.4904219,-10,452.9282,500,-10,500,-10,-2.622926,-0.3542865,8.38474,-2.863897,2.12568,-2.198415,1.734587,1
6.556987,6.282004,-5.083784,-0.3464935,0.4507182,-10,453.1136,500,-10,500,-10,-2.659316,-0.40717,8.475883,-2.908167,2.159613,-2.229664,1.776175,1
6.727411,6.582887,-4.837435,-0.2398006,0.4087376,-10,453.297,500,-10,500,-10,-2.700818,-0.4564422,8.57134,-2.953998,2.195708,-2.262927,1.819174,1
6.398602,6.435264,-5.16044,-0.119703,0.3587679,-10,453.4786,500,-10,500,-10,-2.747432,-0.5015101,8.671501,-3.00161,2.234195,-2.298308,1.86368,1
6.59621,6.768503,-4.743757,0.01982315,0.3080811,-10,453.6583,500,-10,500,-10,-2.798985,-0.54179,8.7766,-3.045519,2.280513,-2.330864,1.915063,1
6.473751,6.785842,-4.725827,0.1659105,0.25214,-10,453.8361,500,-10,500,-10,-2.855244,-0.5766458,8.886686,-3.082775,2.338038,-2.357309,1.976268,1
6.298634,6.724618,-4.784316,0.3097252,0.197364,-10,454.012,500,-10,500,-10,-2.91576,-0.6055438,9.00152,-3.121541,2.398623,-2.38587,2.038659,1
5.808483,6.336777,-5.284511,0.4392557,0.1458334,-10,454.1861,500,-10,500,-10,-2.979947,-0.6280007,9.120582,-3.161771,2.462168,-2.416371,2.101688,1
6.133728,6.667964,-4.766484,0.5570009,0.1071245,-10,454.3583,500,-10,500,-10,-3.046938,-0.6436824,9.24305,-3.263828,2.467549,-2.509669,2.103905,1
5.699067,6.274447,-5.289925,0.6541203,0.0649257,-10,454.5286,500,-10,500,-10,-3.11568,-0.6522714,9.367869,-3.319667,2.521809,-2.557254,2.153069,1
5.829289,6.403039,-5.102426,0.7489614,0.02153344,-10,454.697,500,-10,500,-10,-3.18482,-0.6535414,9.493781,-3.375201,2.577224,-2.606049,2.201982,1
5.827887,6.435974,-5.07036,0.8479635,-0.03590949,-10,454.8636,500,-10,500,-10,-3.252754,-0.6473873,9.619408,-3.42979,2.632829,-2.655552,2.25047,1
5.272003,5.999552,-5.69522,0.9545661,-0.1121425,-10,455.0283,500,-10,500,-10,-3.31784,-0.6338186,9.74336,-3.476205,2.694347,-2.698709,2.30479,1
5.216875,6.05505,-5.573761,1.069817,-0.189829,-10,455.1911,500,-10,500,-10,-3.378534,-0.6131856,9.864413,-3.510567,2.764405,-2.732134,2.367556,1
5.386277,6.281335,-5.120804,1.171008,-0.2544722,-10,455.352,500,-10,500,-10,-3.433797,-0.5861187,9.981667,-3.54249,2.833287,-2.764941,2.428254,1
5.125124,5.999665,-5.287134,1.232182,-0.3020794,-10,455.5109,500,-10,500,-10,-3.483219,-0.5533996,10.0946,-3.57244,2.900943,-2.796649,2.486086,1
5.685473,6.374568,-4.440578,1.251701,-0.3252834,-10,455.668,500,-10,500,-10,-3.526784,-0.5159124,10.20307,-3.670997,2.896775,-2.897964,2.470143,1
5.381402,5.925219,-4.735076,1.214906,-0.336985,-10,455.8231,500,-10,500,-10,-3.56485,-0.474414,10.30719,-3.712982,2.946652,-2.942253,2.50654,1
5.615759,5.987011,-4.372026,1.140325,-0.3272186,-10,455.9764,500,-10,500,-10,-3.597867,-0.4296353,10.40727,-3.753077,2.995533,-2.985079,2.540579,1
5.063802,5.313671,-5.130646,1.035455,-0.3158299,-10,456.1277,500,-10,500,-10,-3.626258,-0.3821356,10.50367,-3.791627,3.043206,-3.026405,2.572781,1
5.414378,5.453666,-4.779841,0.9198626,-0.2969573,-10,456.2772,500,-10,500,-10,-3.650332,-0.3323925,10.59682,-3.823622,3.09443,-3.06187,2.60846,1
5.396147,5.244857,-4.938114,0.7841291,-0.2804126,-10,456.4247,500,-10,500,-10,-3.670426,-0.2808103,10.68716,-3.843354,3.155668,-3.085088,2.653984,1
5.569774,5.215432,-4.863015,0.6342689,-0.2620351,-10,456.5703,500,-10,500,-10,-3.686871,-0.2277467,10.77514,-3.862006,3.215965,-3.107419,2.698507,1
5.473153,4.941063,-5.164054,0.473083,-0.2486107,-10,456.7141,500,-10,500,-10,-3.699932,-0.173499,10.8612,-3.880233,3.274989,-3.129362,2.741937,1
5.380303,4.677938,-5.484915,0.3078985,-0.2412941,-10,456.8558,500,-10,500,-10,-3.709778,-0.1183136,10.94576,-3.965497,3.265281,-3.218848,2.717021,1
5.854916,4.952635,-5.084251,0.1455769,-0.2368917,-10,456.9957,500,-10,500,-10,-3.716503,-0.06241512,11.02922,-3.997856,3.307175,-3.255641,2.744278,1
5.963809,4.909619,-5.17287,-0.01866544,-0.2420813,-10,457.1337,500,-10,500,-10,-3.720189,-0.005981633,11.11196,-4.029876,3.348464,-3.292175,2.771544,1
6.293521,5.097309,-4.97549,-0.1784782,-0.2513717,-10,457.2697,500,-10,500,-10,-3.720806,0.05075497,11.19439,-4.061584,3.389266,-3.328775,2.799049,1
6.368702,5.082026,-5.104033,-0.3337577,-0.2677676,-10,457.4039,500,-10,500,-10,-3.718314,0.1076061,11.27693,-4.093192,3.429702,-3.365555,2.827001,1
6.555801,5.207133,-5.071582,-0.4776242,-0.2881146,-10,457.5361,500,-10,500,-10,-3.71255,0.1643392,11.35999,-4.116889,3.477702,-3.394982,2.863528,1
6.831973,5.455971,-4.900352,-0.6056218,-0.3122874,-10,457.6664,500,-10,500,-10,-3.700312,0.2211209,11.4441,-4.134154,3.531712,-3.419075,2.907547,1
6.621661,5.301414,-5.334216,-0.717509,-0.343893,-10,457.7947,500,-10,500,-10,-3.687184,0.2766595,11.52974,-4.152703,3.585042,-3.444646,2.952003,1
6.766998,5.525528,-5.264159,-0.8042855,-0.3742604,-10,457.9212,500,-10,500,-10,-3.669867,0.3312833,11.6173,-4.215279,3.594447,-3.515525,2.954244,1
6.420732,5.344658,-5.787656,-0.870492,-0.4060535,-10,458.0457,500,-10,500,-10,-3.6479,0.3846134,11.70733,-4.252975,3.629667,-3.562396,2.98366,1
6.915342,5.981731,-5.157438,-0.9066002,-0.4245856,-10,458.1683,500,-10,500,-10,-3.620743,0.4361582,11.80044,-4.286201,3.670313,-3.606317,3.020161,1
6.822311,6.10323,-5.238489,-0.9222903,-0.4379882,-10,458.289,500,-10,500,-10,-3.58787,0.4853648,11.89723,-4.320459,3.711645,-3.652259,3.059029,1
6.885637,6.382617,-5.062835,-0.9119741,-0.4396664,-10,458.4077,500,-10,500,-10,-3.54874,0.5315839,11.99829,-4.355847,3.753811,-3.700612,3.100605,1
6.434826,6.186703,-5.512569,-0.8810519,-0.4350364,-10,458.5245,500,-10,500,-10,-3.502905,0.5741136,12.10414,-4.392763,3.796976,-3.751401,3.145144,1
6.936857,6.856171,-4.679654,-0.8228216,-0.4125642,-10,458.6393,500,-10,500,-10,-3.449973,0.6121018,12.21517,-4.43118,3.841238,-3.804982,3.192881,1
6.577539,6.696393,-4.947067,-0.7582529,-0.3839132,-10,458.7523,500,-10,500,-10,-3.389978,0.644727,12.3315,-4.466369,3.892159,-3.855505,3.249033,1
6.552539,6.798897,-4.77947,-0.6921551,-0.3348469,-10,458.8633,500,-10,500,-10,-3.3233,0.6710324,12.45296,-4.50044,3.947708,-3.905026,3.311166,1
6.601862,6.995611,-4.519364,-0.6363527,-0.2604083,-10,458.9723,500,-10,500,-10,-3.250878,0.6900327,12.57891,-4.556933,3.984267,-3.976441,3.355423,1
6.040807,6.840398,-5.009087,-0.5650443,-0.1665853,-10,459.0795,500,-10,500,-10,-3.174066,0.700883,12.70818,-4.605066,4.031066,-4.039602,3.411559,1
5.770309,6.622987,-5.058765,-0.4265462,-0.1040048,-10,459.1847,500,-10,500,-10,-3.093996,0.7032462,12.83913,-4.651585,4.07837,-4.101583,3.472754,1
5.813027,6.831511,-4.893569,-0.3019569,-0.009394517,-10,459.2881,500,-10,500,-10,-3.01282,0.696727,12.96984,-4.698606,4.125497,-4.162865,3.53393,1
5.038826,6.008081,-5.68137,-0.1697946,0.07440194,-10,459.3895,500,-10,500,-10,-2.93264,0.6812634,13.09831,-4.745523,4.170909,-4.222397,3.594967,1
4.912709,5.907325,-5.688618,-0.0766298,0.1891274,-10,459.489,500,-10,500,-10,-2.855738,0.6569741,13.22266,-4.791977,4.215248,-4.278981,3.653667,1
5.099458,5.930896,-5.342138,0.04362889,0.2765083,-10,459.5866,500,-10,500,-10,-2.783632,0.6245254,13.34149,-4.836929,4.256291,-4.33249,3.711084,1
5.463628,6.270656,-4.54553,0.1464403,0.3679558,-10,459.6823,500,-10,500,-10,-2.717474,0.5846277,13.45387,-4.880391,4.294886,-4.382148,3.76561,1
5.000972,5.691642,-5.086225,0.2417044,0.425802,-10,459.7761,500,-10,500,-10,-2.657846,0.5383193,13.55954,-4.922446,4.330427,-4.427647,3.817623,1
4.984211,5.54904,-5.073357,0.3309937,0.4693807,-10,459.868,500,-10,500,-10,-2.604928,0.4864975,13.65862,-4.962838,4.363219,-4.469348,3.866925,1
5.307572,5.678722,-4.749926,0.381294,0.5155599,-10,459.958,500,-10,500,-10,-2.558803,0.429985,13.75151,-5.002046,4.394232,-4.507112,3.912882,1
5.570176,5.45719,-4.857925,0.3582056,0.5796383,-10,460.0461,500,-10,500,-10,-2.51988,0.3693696,13.83871,-5.040749,4.4245,-4.540542,3.954983,1
5.52281,5.126408,-4.816905,0.3171961,0.6073327,-10,460.1322,500,-10,500,-10,-2.487909,0.3055634,13.9211,-5.07884,4.452725,-4.570835,3.994906,1
5.991605,5.242908,-4.443297,0.2110867,0.6805342,-10,460.2165,500,-10,500,-10,-2.463183,0.2389339,13.99927,-5.116349,4.4811,-4.598097,4.031302,1
5.979955,4.880117,-4.829863,0.09692316,0.7146877,-10,460.2987,500,-10,500,-10,-2.445346,0.1702532,14.0742,-5.153668,4.508071,-4.622867,4.066421,1
5.83185,4.678966,-5.163385,-0.009338704,0.7175071,-10,460.3791,500,-10,500,-10,-2.434021,0.1003191,14.14695,-5.190805,4.533926,-4.646014,4.10085,1
6.257664,4.877822,-5.031615,-0.1179187,0.7161368,-10,460.4575,500,-10,500,-10,-2.428932,0.02971396,14.21844,-5.227955,4.559544,-4.668097,4.134466,1
6.558879,5.05592,-4.863323,-0.2098119,0.6921824,-10,460.534,500,-10,500,-10,-2.429907,-0.04103709,14.28953,-5.26532,4.584786,-4.689638,4.168129,1
6.923192,5.129592,-4.769431,-0.2638592,0.6175877,-10,460.6086,500,-10,500,-10,-2.436552,-0.1111635,14.3613,-5.303229,4.609457,-4.711195,4.202924,1
7.003444,5.343712,-4.941506,-0.3194663,0.5335082,-10,460.6812,500,-10,500,-10,-2.448919,-0.1800271,14.43469,-5.342242,4.635139,-4.732992,4.238052,1
6.707144,5.415787,-5.19916,-0.3372528,0.4450806,-10,460.752,500,-10,500,-10,-2.467017,-0.2472312,14.51042,-5.381899,4.661554,-4.756082,4.274383,1
7.240876,5.806079,-4.806155,-0.3764656,0.3991348,-10,460.8207,500,-10,500,-10,-2.49108,-0.3125309,14.58905,-5.422909,4.690517,-4.780224,4.310573,1
6.99425,5.853483,-5.188963,-0.3759651,0.3134359,-10,460.8876,500,-10,500,-10,-2.521361,-0.3752457,14.67148,-5.465621,4.72057,-4.80581,4.348817,1
7.151026,5.995616,-4.913321,-0.3503271,0.2341104,-10,460.9525,500,-10,500,-10,-2.557914,-0.4348063,14.75844,-5.509825,4.752706,-4.833667,4.388743,1
7.013667,6.339563,-4.915792,-0.284324,0.1478314,-10,461.0155,500,-10,500,-10,-2.600929,-0.4905402,14.85069,-5.555739,4.786992,-4.864185,4.430889,1
6.847377,6.48093,-4.916874,-0.2066668,0.07150517,-10,461.0767,500,-10,500,-10,-2.650517,-0.5418572,14.94875,-5.60383,4.824406,-4.897346,4.474726,1
7.03473,7.127172,-4.671256,-0.08091408,-0.01460612,-10,461.1359,500,-10,500,-10,-2.706558,-0.5879898,15.05311,-5.653812,4.864378,-4.933837,4.521227,1
6.676724,7.082959,-4.822969,0.05262814,-0.09092861,-10,461.1931,500,-10,500,-10,-2.768787,-0.6281685,15.16399,-5.706137,4.907966,-4.973388,4.569515,1
6.339376,7.137971,-4.837882,0.1882215,-0.1412134,-10,461.2485,500,-10,500,-10,-2.836905,-0.6619065,15.28114,-5.760521,4.955378,-5.016072,4.619172,1
5.890203,6.625532,-5.103625,0.3242643,-0.1996807,-10,461.3019,500,-10,500,-10,-2.910131,-0.6884581,15.4041,-5.814353,5.00877,-5.058734,4.673042,1
5.345567,6.68566,-5.46733,0.4782866,-0.2537825,-10,461.3535,500,-10,500,-10,-2.987402,-0.7073011,15.53187,-5.859441,5.07475,-5.094348,4.73811,1
5.705307,6.956987,-4.629085,0.6303818,-0.2732825,-10,461.4031,500,-10,500,-10,-3.066911,-0.7181331,15.66307,-5.932796,5.115725,-5.160264,4.775292,1
5.288891,6.416613,-4.981435,0.7295746,-0.2978854,-10,461.4508,500,-10,500,-10,-3.147302,-0.7207474,15.79602,-5.991827,5.174168,-5.211392,4.827008,1
5.178123,6.399566,-4.689394,0.7655582,-0.2835696,-10,461.4966,500,-10,500,-10,-3.227208,-0.7153687,15.92889,-6.050606,5.234714,-5.262708,4.876556,1
4.913533,6.194254,-5.168136,0.7637582,-0.2253469,-10,461.5405,500,-10,500,-10,-3.305233,-0.7025799,16.06002,-6.107925,5.296124,-5.314042,4.923799,1
4.531474,5.482193,-5.34977,0.7604003,-0.1689436,-10,461.5825,500,-10,500,-10,-3.379693,-0.682702,16.18799,-6.163043,5.356511,-5.364959,4.969447,1
4.451355,5.11731,-5.572357,0.6977879,-0.115822,-10,461.6225,500,-10,500,-10,-3.44996,-0.6562714,16.31172,-6.216544,5.416274,-5.413973,5.0122,1
5.170811,5.351492,-4.951712,0.6436362,-0.06486291,-10,461.6607,500,-10,500,-10,-3.514963,-0.6237102,16.43039,-6.26287,5.477889,-5.45784,5.057059,1
5.282404,5.141647,-4.958309,0.5191581,-0.02115459,-10,461.6969,500,-10,500,-10,-3.574624,-0.5856023,16.54359,-6.297212,5.548503,-5.488801,5.108736,1
5.478635,4.973717,-5.031527,0.3836506,0.008200034,-10,461.7311,500,-10,500,-10,-3.628805,-0.5424093,16.65112,-6.361217,5.584277,-5.550528,5.125424,1
5.607535,4.926995,-5.092444,0.2397441,0.02980226,-10,461.7635,500,-10,500,-10,-3.677534,-0.494708,16.75309,-6.404266,5.635955,-5.591967,5.158235,1
5.91523,4.751276,-4.979207,0.04748579,0.06149395,-10,461.7939,500,-10,500,-10,-3.7213,-0.4431781,16.84987,-6.445284,5.686294,-5.631141,5.188087,1
6.092847,4.482316,-5.189492,-0.1412554,0.06374795,-10,461.8225,500,-10,500,-10,-3.760438,-0.3881474,16.94178,-6.484024,5.734097,-5.668552,5.216436,1
6.522618,4.945992,-4.985308,-0.3190762,0.05224444,-10,461.8492,500,-10,500,-10,-3.79503,-0.329919,17.02917,-6.520379,5.779558,-5.704609,5.243386,1
6.859182,5.39106,-4.667006,-0.4036224,-0.0219559,-10,461.8738,500,-10,500,-10,-3.824499,-0.2685263,17.11224,-6.553563,5.820783,-5.740258,5.270994,1
6.903944,5.233706,-5.100891,-0.5197623,-0.07319378,-10,461.8967,500,-10,500,-10,-3.849136,-0.2045049,17.19164,-6.580517,5.865673,-5.769993,5.300995,1
6.924282,5.409541,-5.133744,-0.5782558,-0.1694906,-10,461.9176,500,-10,500,-10,-3.868904,-0.1380464,17.26777,-6.596166,5.916617,-5.790211,5.340353,1
7.228954,5.859349,-5.016392,-0.6529178,-0.2340873,-10,461.9366,500,-10,500,-10,-3.884064,-0.06968419,17.34139,-6.641912,5.935227,-5.841779,5.34642,1
7.146776,6.311241,-4.950936,-0.6878772,-0.2900646,-10,461.9536,500,-10,500,-10,-3.894555,0.0001501509,17.41317,-6.667744,5.970506,-5.875428,5.370622,1
6.88207,6.033101,-5.195711,-0.7292169,-0.2906063,-10,461.9688,500,-10,500,-10,-3.900424,0.07072057,17.48415,-6.692432,6.005946,-5.909554,5.393996,1
6.985209,6.538393,-5.110162,-0.6727285,-0.3266582,-10,461.982,500,-10,500,-10,-3.900942,0.1418397,17.55486,-6.715418,6.038923,-5.945155,5.419607,1
6.800679,6.8778,-4.985451,-0.5864801,-0.3413484,-10,461.9933,500,-10,500,-10,-3.89566,0.2130087,17.62616,-6.737589,6.071541,-5.982061,5.446065,1
6.992654,7.634841,-4.313008,-0.4454604,-0.3443797,-10,462.0027,500,-10,500,-10,-3.883737,0.2837631,17.6989,-6.75896,6.103545,-6.020963,5.474334,1
5.832537,6.875109,-5.330724,-0.2848698,-0.338353,-10,462.0103,500,-10,500,-10,-3.864567,0.3535064,17.7741,-6.780587,6.135852,-6.061642,5.504333,1
5.798503,7.022838,-5.043518,-0.08643288,-0.3255094,-10,462.0158,500,-10,500,-10,-3.837338,0.4216302,17.85278,-6.800144,6.170928,-6.10236,5.539377,1
5.515949,7.001293,-4.716037,0.07465275,-0.2780222,-10,462.0195,500,-10,500,-10,-3.801429,0.4872805,17.93621,-6.825692,6.204053,-6.149381,5.571948,1
5.108239,6.546141,-5.150364,0.1728349,-0.1960386,-10,462.0213,500,-10,500,-10,-3.756664,0.5494202,18.02575,-6.853239,6.241494,-6.197504,5.607204,1
4.902526,6.54104,-5.070977,0.2892851,-0.1169058,-10,462.0212,500,-10,500,-10,-3.702145,0.6071626,18.12244,-6.882509,6.281437,-6.248356,5.647384,1
5.022853,6.360143,-4.865983,0.3593011,0.001149981,-10,462.0192,500,-10,500,-10,-3.637534,0.6591888,18.22748,-6.915434,6.325062,-6.302459,5.690788,1
5.000874,6.012233,-4.813003,0.442759,0.07516508,-10,462.0152,500,-10,500,-10,-3.562429,0.7045683,18.3413,-6.952178,6.370514,-6.360035,5.739655,1
4.983235,5.577424,-4.809744,0.4510913,0.1482976,-10,462.0093,500,-10,500,-10,-3.477355,0.7422979,18.46395,-6.993881,6.419748,-6.419953,5.792043,1
5.113101,5.546743,-4.682214,0.4265816,0.2258538,-10,462.0016,500,-10,500,-10,-3.383642,0.7710435,18.59491,-7.039744,6.471876,-6.482601,5.848425,1
5.456193,5.067372,-4.697585,0.331242,0.3071186,-10,461.992,500,-10,500,-10,-3.283407,0.7897196,18.73267,-7.090006,6.526954,-6.546482,5.90749,1
5.632583,4.829341,-4.801806,0.2195621,0.3582291,-10,461.9804,500,-10,500,-10,-3.179709,0.7977757,18.8747,-7.1433,6.582775,-6.610876,5.969357,1
5.865039,4.672578,-4.738227,0.05907073,0.4105746,-10,461.967,500,-10,500,-10,-3.07612,0.7949445,19.01794,-7.198776,6.639165,-6.674084,6.031652,1
5.844214,4.448335,-5.338053,-0.09840028,0.4321758,-10,461.9516,500,-10,500,-10,-2.976003,0.781601,19.15919,-7.254833,6.693605,-6.735065,6.094249,1
6.277912,4.623795,-5.21218,-0.2556859,0.4464182,-10,461.9344,500,-10,500,-10,-2.882486,0.7583135,19.29565,-7.310054,6.745792,-6.792914,6.155133,1
6.973638,5.284135,-4.740692,-0.3393677,0.4025806,-10,461.9153,500,-10,500,-10,-2.797036,0.7265171,19.42549,-7.363069,6.793194,-6.847482,6.215313,1
7.155149,5.390763,-4.801981,-0.4296553,0.3502326,-10,461.8942,500,-10,500,-10,-2.720599,0.6874521,19.54777,-7.41425,6.83749,-6.897624,6.272341,1
7.24224,5.458588,-4.757044,-0.4888932,0.2660511,-10,461.8712,500,-10,500,-10,-2.653547,0.6423419,19.66235,-7.463082,6.877815,-6.943729,6.326953,1
7.430484,5.90313,-4.94684,-0.5309299,0.1842299,-10,461.8464,500,-10,500,-10,-2.595482,0.592261,19.76957,-7.509453,6.914983,-6.986202,6.37863,1
7.418465,6.403379,-4.823728,-0.5241403,0.1088888,-10,461.8196,500,-10,500,-10,-2.545744,0.5380613,19.87005,-7.552933,6.948768,-7.02598,6.428101,1
7.08539,6.241175,-4.925877,-0.4130864,-0.01386738,-10,461.791,500,-10,500,-10,-2.502639,0.4808016,19.9648,-7.593432,6.978011,-7.063992,6.477369,1
6.801385,6.545926,-5.229239,-0.3660566,-0.07514501,-10,461.7605,500,-10,500,-10,-2.46599,0.4208505,20.05446,-7.632817,7.007073,-7.098897,6.522598,1
7.113013,7.2743,-4.460624,-0.1905895,-0.17494,-10,461.7281,500,-10,500,-10,-2.434682,0.3587254,20.13982,-7.669169,7.031849,-7.13327,6.568547,1
6.409538,7.22331,-4.858473,-0.03363489,-0.2257579,-10,461.6938,500,-10,500,-10,-2.407825,0.2948025,20.22157,-7.704219,7.056084,-7.165957,6.612048,1
5.888941,6.94246,-5.193199,0.1221597,-0.2608991,-10,461.6577,500,-10,500,-10,-2.385312,0.2291407,20.30012,-7.73835,7.079262,-7.196911,6.653956,1
5.816194,7.213193,-4.769323,0.3398632,-0.3219306,-10,461.6197,500,-10,500,-10,-2.366229,0.1623228,20.37635,-7.770997,7.100181,-7.227431,6.696204,1
5.134,6.648802,-5.304316,0.4627823,-0.3133786,-10,461.5798,500,-10,500,-10,-2.35108,0.09417125,20.45044,-7.803953,7.122698,-7.255864,6.735075,1
4.831738,6.348574,-5.24261,0.5826429,-0.3059283,-10,461.538,500,-10,500,-10,-2.339821,0.02497416,20.52297,-7.836688,7.144721,-7.283229,6.773153,1
4.862003,6.330656,-5.038956,0.6611523,-0.260692,-10,461.4943,500,-10,500,-10,-2.332734,-0.04522111,20.59431,-7.869578,7.167506,-7.309446,6.809474,1
4.605358,5.798772,-5.22001,0.7025799,-0.2185229,-10,461.4488,500,-10,500,-10,-2.330142,-0.1161686,20.66502,-7.90325,7.1908,-7.334363,6.84477,1
4.811424,5.502715,-4.839202,0.7127569,-0.2052613,-10,461.4013,500,-10,500,-10,-2.332324,-0.1873294,20.73601,-7.938248,7.214643,-7.358186,6.879747,1
4.779453,5.383222,-4.98568,0.6014544,-0.1381357,-10,461.352,500,-10,500,-10,-2.340562,-0.2585993,20.80774,-7.975434,7.24178,-7.380437,6.912047,1
5.015908,4.955797,-5.151167,0.5154102,-0.1034572,-10,461.3009,500,-10,500,-10,-2.355124,-0.329518,20.8811,-8.013631,7.269162,-7.403024,6.945449,1
5.36928,4.794596,-5.083241,0.3259205,-0.04525502,-10,461.2479,500,-10,500,-10,-2.377106,-0.3996153,20.95701,-8.054811,7.300098,-7.424747,6.977417,1
5.542786,4.678659,-4.95337,0.1807715,-0.04568146,-10,461.193,500,-10,500,-10,-2.407135,-0.4680597,21.03682,-8.097915,7.331806,-7.447773,7.011838,1
6.337202,4.864032,-4.725348,-0.0264234,-0.02824438,-10,461.1364,500,-10,500,-10,-2.446265,-0.5341992,21.12167,-8.144377,7.367551,-7.471615,7.046397,1
6.329976,4.678822,-5.082389,-0.2516762,-0.02904326,-10,461.0778,500,-10,500,-10,-2.495817,-0.597198,21.21285,-8.19451,7.406987,-7.497035,7.082514,1
7.009681,5.151138,-4.743901,-0.4292888,-0.04239671,-10,461.0174,500,-10,500,-10,-2.556437,-0.6559882,21.31178,-8.247494,7.449535,-7.526015,7.121931,1
7.142704,5.313306,-4.994697,-0.5852059,-0.07672624,-10,460.9551,500,-10,500,-10,-2.628909,-0.7092625,21.41978,-8.30442,7.496392,-7.558588,7.164571,1
7.200609,5.513936,-4.914921,-0.7069932,-0.1242452,-10,460.891,500,-10,500,-10,-2.713557,-0.7555659,21.53788,-8.365283,7.547993,-7.595575,7.210823,1
6.858247,5.531597,-5.593647,-0.7817771,-0.1434915,-10,460.825,500,-10,500,-10,-2.810017,-0.7937505,21.66613,-8.429295,7.604698,-7.63783,7.260383,1
1.315697,6.46504,-4.81092,-0.7340785,-0.2009083,-10,460.7571,500,-10,500,-10,-2.916528,-0.8221741,21.80399,-8.495428,7.664281,-7.685925,7.315029,0
0.9340895,6.373121,-5.170173,-0.6502636,-0.2849518,-10,460.6874,500,-10,500,-10,-3.030291,-0.8392189,21.94958,-8.563926,7.72752,-7.738059,7.372421,0
0.8452946,6.990885,-4.970409,-0.5686413,-0.2977818,-10,460.6159,500,-10,500,-10,-3.147907,-0.8445888,22.09943,-8.63265,7.79454,-7.793499,7.429567,0
0.347807,6.896872,-5.065529,-0.4626118,-0.2781444,-10,460.5425,500,-10,500,-10,-3.264827,-0.8381862,22.24959,-8.699586,7.862669,-7.850991,7.485865,0
0.4446898,7.343446,-4.76369,-0.3534507,-0.2234099,-10,460.4673,500,-10,500,-10,-3.37726,-0.8208209,22.39627,-8.763488,7.930183,-7.908621,7.539883,0
-0.2460883,7.108904,-4.985043,-0.1449059,-0.1983459,-10,460.3903,500,-10,500,-10,-3.48106,-0.793044,22.53629,-8.821869,7.993162,-7.966258,7.592923,0
-0.6031698,6.963891,-4.9002,0.01290877,-0.1189262,-10,460.3115,500,-10,500,-10,-3.57402,-0.7562275,22.66769,-8.87552,8.054043,-8.021486,7.640921,0
-1.05347,6.587109,-5.112534,0.1931075,-0.06952287,-10,460.2308,500,-10,500,-10,-3.655169,-0.7117348,22.78964,-8.923879,8.110108,-8.074175,7.685903,0
-1.123631,6.571861,-5.000961,0.3540039,0.01188157,-10,460.1482,500,-10,500,-10,-3.724414,-0.6609716,22.9023,-8.967151,8.162719,-8.124252,7.726642,0
-1.049692,6.128965,-4.861994,0.444056,0.09526511,-10,460.0639,500,-10,500,-10,-3.783078,-0.6053835,23.00659,-9.007138,8.212765,-8.170677,7.763008,0
-1.044249,5.56893,-4.836646,0.4701077,0.1679443,-10,459.9777,500,-10,500,-10,-3.83209,-0.5456967,23.10329,-9.044312,8.260318,-8.213624,7.795578,0
-1.008539,5.414027,-4.926434,0.3736696,0.3096803,-10,459.8897,500,-10,500,-10,-3.873843,-0.4832584,23.19397,-9.079671,8.307971,-8.2534,7.823059,0
-0.3043352,5.441403,-4.418063,0.3272357,0.3885487,-10,459.7999,500,-10,500,-10,-3.90892,-0.4184965,23.27949,-9.112028,8.351713,-8.291904,7.850179,0
-0.3627636,4.845705,-4.886138,0.2263536,0.431978,-10,459.7083,500,-10,500,-10,-3.938013,-0.3515877,23.36045,-9.143433,8.393898,-8.327581,7.875075,0
-0.03789652,4.952681,-4.689827,0.1624287,0.409794,-10,459.6149,500,-10,500,-10,-3.961303,-0.2825454,23.43722,-9.17274,8.432775,-8.361894,7.899817,0
0.4747258,4.898462,-4.688881,0.02250819,0.407597,-10,459.5196,500,-10,500,-10,-3.979812,-0.2118925,23.51074,-9.201378,8.471642,-8.394172,7.921866,0
0.6163494,4.873535,-5.055628,-0.1145195,0.3816968,-10,459.4226,500,-10,500,-10,-3.994328,-0.1399346,23.5817,-9.228852,8.508986,-8.425487,7.943312,0
1.068569,5.179033,-4.982046,-0.2197748,0.3163065,-10,459.3238,500,-10,500,-10,-4.004498,-0.06661136,23.65035,-9.254942,8.544238,-8.456284,7.964946,0
1.463341,5.382459,-4.667426,-0.3382888,0.2268316,-10,459.2231,500,-10,500,-10,-4.010703,0.007840419,23.7173,-9.280524,8.578604,-8.486177,7.986057,0
1.016435,5.398619,-5.267757,-0.3969065,0.1168368,-10,459.1207,500,-10,500,-10,-4.012669,0.08333897,23.78298,-9.304484,8.61104,-8.516641,8.008043,0
1.276895,6.209615,-4.887805,-0.431334,0.04821412,-10,459.0164,500,-10,500,-10,-4.010217,0.1593654,23.84836,-9.327156,8.643216,-8.548139,8.030038,0
1.571264,6.765935,-4.542444,-0.3335867,-0.0799334,-10,458.9104,500,-10,500,-10,-4.002159,0.2358477,23.91389,-9.347789,8.67224,-8.581807,8.055313,0
1.217156,6.951248,-4.475585,-0.2524526,-0.1851369,-10,458.8026,500,-10,500,-10,-3.987972,0.3125235,23.98033,-9.368563,8.701967,-8.61608,8.080634,0
1.038259,7.410015,-4.419528,-0.1265416,-0.2663558,-10,458.6931,500,-10,500,-10,-3.967157,0.3887164,24.04895,-9.388864,8.731738,-8.652638,8.107721,0
-0.0171255,6.730138,-5.287117,-0.02754596,-0.2901642,-10,458.5818,500,-10,500,-10,-3.938947,0.4636562,24.12121,-9.410142,8.763664,-8.691234,8.13567,0
-0.0467501,7.069716,-4.865285,0.1279478,-0.3342124,-10,458.4687,500,-10,500,-10,-3.902209,0.5368437,24.19829,-9.432312,8.795851,-8.732931,8.16735,0
-0.5206544,6.822726,-5.048164,0.2651637,-0.3496958,-10,458.3538,500,-10,500,-10,-3.855775,0.6075016,24.28172,-9.456714,8.83064,-8.777657,8.201689,0
-0.6087123,6.936402,-4.85007,0.3738005,-0.3247884,-10,458.2371,500,-10,500,-10,-3.798562,0.6744508,24.37346,-9.48422,8.869017,-8.826167,8.239327,0
-0.8181658,6.911839,-4.635741,0.4885775,-0.2656054,-10,458.1186,500,-10,500,-10,-3.728924,0.7363857,24.47543,-9.515088,8.91094,-8.879789,8.281895,0
-0.9884133,6.385146,-4.59919,0.5416441,-0.1970607,-10,457.9984,500,-10,500,-10,-3.64581,0.7918657,24.58932,-9.551452,8.957682,-8.937797,8.329525,0
-1.133377,5.676561,-4.885544,0.5646185,-0.1522438,-10,457.8765,500,-10,500,-10,-3.548631,0.8394863,24.71618,-9.593649,9.008893,-9.000712,8.383426,0
-1.271584,5.225781,-5.052379,0.4605814,-0.05587483,-10,457.7527,500,-10,500,-10,-3.438236,0.8773243,24.85641,-9.64285,9.067024,-9.067702,8.441487,0
-0.5478452,5.391094,-4.520193,0.3621924,0.0258815,-10,457.6273,500,-10,500,-10,-3.316478,0.9035103,25.00873,-9.697243,9.128483,-9.139518,8.506236,0
-0.2151489,5.073542,-4.481575,0.2085697,0.09455042,-10,457.5001,500,-10,500,-10,-3.187031,0.9169217,25.16967,-9.756698,9.192989,-9.213419,8.575086,0
-0.4158289,4.534355,-5.129617,0.05457927,0.1095464,-10,457.3712,500,-10,500,-10,-3.055289,0.917054,25.33421,-9.81901,9.257302,-9.287444,8.647111,0
0.3149166,4.927728,-4.842558,-0.1299954,0.1632447,-10,457.2406,500,-10,500,-10,-2.927413,0.9036345,25.49658,-9.881656,9.32088,-9.35934,8.718074,0
0.7754427,5.097423,-4.70425,-0.2766906,0.1589011,-10,457.1082,500,-10,500,-10,-2.808512,0.8777954,25.65159,-9.942645,9.379656,-9.426789,8.787738,0
0.9503196,5.015197,-5.07198,-0.438264,0.1608455,-10,456.974,500,-10,500,-10,-2.702349,0.8409665,25.79568,-10.00082,9.434078,-9.488008,8.852708,0
0.9373223,5.020026,-5.239566,-0.590854,0.1281602,-10,456.8381,500,-10,500,-10,-2.610597,0.7950275,25.92737,-10.05574,9.482779,-9.5422,8.913122,0
1.678779,5.975702,-4.560096,-0.6552275,0.08647648,-10,456.7005,500,-10,500,-10,-2.532757,0.7417541,26.04675,-10.10543,9.524984,-9.591434,8.969833,0
1.268416,6.228877,-4.919643,-0.6782932,0.05180456,-10,456.5612,500,-10,500,-10,-2.467596,0.6826277,26.15481,-10.15084,9.562085,-9.635555,9.022268,0
1.368561,6.65088,-4.768544,-0.5720143,-0.0324154,-10,456.4202,500,-10,500,-10,-2.412696,0.6190713,26.25317,-10.19157,9.592581,-9.676325,9.073269,0
1.13918,6.988084,-4.541528,-0.4798674,-0.0756217,-10,456.2775,500,-10,500,-10,-2.366528,0.552007,26.34329,-10.22949,9.620524,-9.713079,9.119999,0
0.7006311,7.205095,-4.797304,-0.3190227,-0.1209588,-10,456.1331,500,-10,500,-10,-2.327672,0.4820323,26.42641,-10.26406,9.644497,-9.747376,9.1649,0
0.02506419,6.864491,-5.1731,-0.1538713,-0.1292769,-10,455.987,500,-10,500,-10,-2.295062,0.4095057,26.50349,-10.29626,9.666399,-9.779041,9.206861,0
-0.2628338,6.936469,-5.101952,0.0329325,-0.1504458,-10,455.8392,500,-10,500,-10,-2.267492,0.3350472,26.57578,-10.32676,9.685878,-9.808447,9.247289,0
-0.5647702,6.881629,-4.894376,0.1909407,-0.1179416,-10,455.6896,500,-10,500,-10,-2.244754,0.2586859,26.6438,-10.35586,9.704742,-9.835703,9.284784,0
-0.6771335,7.114874,-4.708331,0.3821923,-0.1071022,-10,455.5383,500,-10,500,-10,-2.22592,0.1808659,26.70853,-10.38369,9.721477,-9.861511,9.321681,0
-0.8704738,6.648099,-4.594386,0.5446132,-0.07542993,-10,455.3854,500,-10,500,-10,-2.210758,0.1017654,26.77059,-10.41104,9.737879,-9.88558,9.356702,0
-1.250498,6.034157,-4.989158,0.6073238,-0.017899,-10,455.2308,500,-10,500,-10,-2.199815,0.02148706,26.83049,-10.43945,9.755483,-9.906804,9.388729,0
-1.345826,-0.6597654,-9.909721,0.6129107,0.02413624,-10,455.0746,500,-10,500,-10,-2.193446,-0.0596322,26.88904,-10.46875,9.77341,-9.926015,9.419317,0
-1.141483,-0.8770112,-10.11218,0.5088494,0.1198597,-10,454.9166,500,-10,500,-10,-2.192591,-0.1415314,26.94669,-10.49939,9.793628,-9.94315,9.446867,0
-0.73684,-1.103626,-9.847489,0.418373,0.1585393,-10,454.757,500,-10,500,-10,-2.197351,-0.2236958,27.00455,-10.53093,9.813301,-9.959545,9.475134,0
-0.2315115,-1.243965,-9.767579,0.2718904,0.1828626,-10,454.5958,500,-10,500,-10,-2.208506,-0.3057014,27.06364,-10.56452,9.834595,-9.974918,9.502804,0
0.2052491,-1.011982,-9.520831,0.09642939,0.2018418,-10,454.4329,500,-10,500,-10,-2.226697,-0.387013,27.1252,-10.60011,9.857738,-9.990343,9.530672,0
0.4911258,-1.173481,-9.958666,-0.06548239,0.1913825,-10,454.2683,500,-10,500,-10,-2.252735,-0.4671862,27.19042,-10.63774,9.882304,-10.00675,9.560144,0
0.7767544,-1.03194,-9.871376,-0.2337917,0.1640896,-10,454.102,500,-10,500,-10,-2.287553,-0.5454342,27.26099,-10.67832,9.909586,-10.02465,9.591338,0
1.223744,-0.976254,-9.928781,-0.4115901,0.1287359,-10,453.9341,500,-10,500,-10,-2.33264,-0.6211143,27.33848,-10.72248,9.940509,-10.04469,9.624618,0
1.16889,-0.6088204,-10.17714,-0.5331813,0.07308921,-10,453.7645,500,-10,500,-10,-2.389279,-0.6932394,27.4249,-10.77009,9.974801,-10.06869,9.661937,0
1.663623,0.2906945,-9.522695,-0.5810266,0.01044256,-10,453.5933,500,-10,500,-10,-2.458595,-0.7605982,27.5225,-10.82172,10.01352,-10.09793,9.704086,0
1.667632,0.7522826,-9.540478,-0.5364491,-0.06785022,-10,453.4205,500,-10,500,-10,-2.541816,-0.8218688,27.63337,-10.87784,10.05704,-10.13367,9.752428,0
1.00962,0.7020929,-9.836354,-0.4437801,-0.1594906,-10,453.2461,500,-10,500,-10,-2.640003,-0.8752158,27.75959,-10.94001,10.10734,-10.17608,9.806709,0
0.9196673,1.256463,-9.691582,-0.3140452,-0.2157864,-10,453.0701,500,-10,500,-10,-2.753728,-0.9191672,27.90183,-11.00809,10.1656,-10.22587,9.866312,0
0.1945231,1.025496,-9.995569,-0.1820234,-0.2227208,-10,452.8925,500,-10,500,-10,-2.881987,-0.9520714,28.05945,-11.08205,10.23239,-10.28251,9.930125,0
-0.2667032,0.8954798,-10.2652,-0.001999083,-0.2569824,-10,452.7131,500,-10,500,-10,-3.021698,-0.9720674,28.2298,-11.16055,10.30496,-10.34515,9.998699,0
-0.4529847,1.032598,-9.784218,0.1533269,-0.2348156,-10,452.5322,500,-10,500,-10,-3.167484,-0.9780679,28.40751,-11.24126,10.38309,-10.4117,10.06783,0
-0.9515306,0.804729,-10.19729,0.3122942,-0.2129553,-10,452.3495,500,-10,500,-10,-3.3122,-0.9697332,28.58554,-11.32093,10.46237,-10.47955,10.13606,0
-1.277743,0.4787928,-10.0989,0.4635384,-0.1529053,-10,452.1654,500,-10,500,-10,-3.448696,-0.9477839,28.75688,-11.39589,10.54021,-10.54655,10.20019,0
-1.372116,0.08501595,-9.982905,0.5424604,-0.08311834,-10,451.9797,500,-10,500,-10,-3.572096,-0.9136983,28.91629,-11.46543,10.61462,-10.6091,10.25787,0
-0.991334,-0.2363662,-9.452168,0.5605828,-0.01700854,-10,451.7924,500,-10,500,-10,-3.679996,-0.8691943,29.06099,-11.5282,10.68387,-10.66622,10.30851,0
-0.8821965,-0.5213239,-9.666471,0.4507152,0.1062099,-10,451.6035,500,-10,500,-10,-3.773201,-0.8165293,29.19085,-11.58482,10.7496,-10.7172,10.35037,0
-0.8502806,-1.171172,-9.937893,0.3539323,0.1691024,-10,451.4131,500,-10,500,-10,-3.852568,-0.7571107,29.30666,-11.63472,10.80836,-10.76327,10.38758,0
-0.4081234,-1.406876,-9.980427,0.2158121,0.2073024,-10,451.221,500,-10,500,-10,-3.919685,-0.6921132,29.40982,-11.67917,10.86202,-10.80429,10.4194,0
-0.09706624,-1.338441,-9.907487,0.06833825,0.2164332,-10,451.0273,500,-10,500,-10,-3.975977,-0.6223781,29.50176,-11.71843,10.91061,-10.84121,10.44699,0
0.4740627,-1.243117,-9.903753,-0.1261287,0.2395031,-10,450.832,500,-10,500,-10,-4.023685,-0.5490456,29.58453,-11.75374,10.95614,-10.87448,10.47004,0
0.8510014,-1.030648,-9.921332,-0.269053,0.2030957,-10,450.6352,500,-10,500,-10,-4.063772,-0.4725256,29.65928,-11.78481,10.99662,-10.90535,10.4915,0
1.224172,-1.135266,-10.12545,-0.4067736,0.1282953,-10,450.4368,500,-10,500,-10,-4.097114,-0.3932341,29.72715,-11.81259,11.03357,-10.93381,10.51079,0
1.591948,-0.2861554,-9.702122,-0.5056149,0.0321673,-10,450.2368,500,-10,500,-10,-4.124501,-0.3115099,29.78912,-11.83706,11.06706,-10.96069,10.52864,0
1.51552,0.06232601,-9.919409,-0.5950334,-0.0195484,-10,450.0354,500,-10,500,-10,-4.14668,-0.2279616,29.84656,-11.85854,11.09887,-10.9868,10.54443,0
1.757243,0.7727607,-9.501248,-0.5125851,-0.1412556,-10,449.8324,500,-10,500,-10,-4.163007,-0.1427461,29.90012,-11.87579,11.12518,-11.01393,10.5625,0
0.9649546,0.7419362,-10.05345,-0.4239739,-0.2530328,-10,449.6278,500,-10,500,-10,-4.173445,-0.05610813,29.95056,-11.89107,11.14999,-11.04044,10.57948,0
0.6587157,1.113929,-10.12656,-0.2951363,-0.322576,-10,449.4218,500,-10,500,-10,-4.178337,0.03134282,29.99927,-11.90408,11.17366,-11.06779,10.59617,0
0.3719966,1.237984,-9.899148,-0.191747,-0.3106595,-10,449.2141,500,-10,500,-10,-4.177854,0.1190107,30.04763,-11.91612,11.19829,-11.09582,10.61161,0
-0.1936149,1.313591,-9.93307,-0.006574096,-0.3148838,-10,449.0049,500,-10,500,-10,-4.171518,0.2065474,30.09664,-11.92688,11.22133,-11.12567,10.62918,0
-0.7961422,1.03941,-10.02447,0.1673797,-0.2857708,-10,448.7941,500,-10,500,-10,-4.158581,0.2936839,30.14719,-11.93774,11.24524,-11.15669,10.64716,0
-1.353769,0.6392098,-10.19762,0.3055784,-0.2138554,-10,448.5818,500,-10,500,-10,-4.139071,0.3797084,30.20096,-11.94963,11.27113,-11.18936,10.66582,0
-1.495736,0.5236993,-10.11343,0.4379291,-0.1027849,-10,448.3681,500,-10,500,-10,-4.112062,0.4641043,30.25933,-11.96282,11.29912,-11.22453,10.6862,0
-1.421168,-0.005914902,-9.94258,0.5299284,-0.01475342,-10,448.1529,500,-10,500,-10,-4.076878,0.5462952,30.32381,-11.97919,11.32955,-11.26159,10.70919,0
-1.467523,-0.7020905,-9.953831,0.4912409,0.1141328,-10,447.9362,500,-10,500,-10,-4.032852,0.6256841,30.39597,-12.00019,11.36528,-11.30039,10.73325,0
-0.9327993,-0.6475194,-9.71804,0.4204094,0.2511619,-10,447.718,500,-10,500,-10,-3.979023,0.7012435,30.47808,-12.02547,11.40509,-11.34314,10.76147,0
-0.9153164,-1.312039,-9.954209,0.3119178,0.3405454,-10,447.4984,500,-10,500,-10,-3.913647,0.7723251,30.57179,-12.05636,11.44904,-11.38989,10.79518,0
-0.6496812,-1.784847,-10.11172,0.1664156,0.3961934,-10,447.2771,500,-10,500,-10,-3.83523,0.8378755,30.67924,-12.09356,11.49801,-11.44173,10.83523,0
-0.1123898,-1.981477,-10.22042,0.01155755,0.3912133,-10,447.0543,500,-10,500,-10,-3.741881,0.8969702,30.80217,-12.13752,11.55184,-11.49963,10.88327,0
0.7758879,-1.577493,-9.836228,-0.2160069,0.3959733,-10,446.83,500,-10,500,-10,-3.632369,0.9478512,30.94274,-12.18941,11.61311,-11.56421,10.93847,0
1.121308,-1.090827,-9.81078,-0.368553,0.3381733,-10,446.6044,500,-10,500,-10,-3.505594,0.9890651,31.10152,-12.2477,11.67842,-11.63749,11.00473,0
1.686339,-0.6982618,-9.522593,-0.4544081,0.2332827,-10,446.3773,500,-10,500,-10,-3.361978,1.018853,31.27755,-12.31206,11.74781,-11.71898,11.08118,0
1.76449,-0.2025173,-9.891805,-0.5514066,0.1239603,-10,446.1488,500,-10,500,-10,-3.205209,1.035438,31.46715,-12.38209,11.82144,-11.80605,11.16466,0
1.399293,0.02664133,-10.23233,-0.5511843,-0.00414484,-10,445.9189,500,-10,500,-10,-3.041659,1.03736,31.66351,-12.45377,11.89456,-11.89707,11.25424,0
1.575649,0.5903322,-9.946159,-0.4931504,-0.120734,-10,445.6875,500,-10,500,-10,-2.879671,1.024197,31.8576,-12.52427,11.96471,-11.98739,11.34491,0
1.288844,1.158321,-9.804844,-0.397416,-0.2071787,-10,445.4548,500,-10,500,-10,-2.728222,0.9962759,32.0405,-12.59067,12.02915,-12.07254,11.43202,0
0.1453978,1.054011,-10.42044,-0.1919692,-0.3270323,-10,445.2204,500,-10,500,-10,-2.592281,0.9555351,32.20625,-12.6503,12.08384,-12.15026,11.51467,0
0.3129202,1.764082,-9.75896,0.0335221,-0.37685,-10,444.9845,500,-10,500,-10,-2.474337,0.9037106,32.3521,-12.7025,12.1306,-12.21891,11.58876,0
-0.8239526,1.174591,-10.22641,0.2486799,-0.3999089,-10,444.7473,500,-10,500,-10,-2.374415,0.8427641,32.47816,-12.74825,12.1697,-12.27761,11.65411,0
-0.9840786,1.15841,-9.767207,0.3856821,-0.3324905,-10,444.5086,500,-10,500,-10,-2.291532,0.7742303,32.58584,-12.7886,12.20364,-12.32648,11.7094,0
-1.171007,0.8834739,-9.482084,0.5305018,-0.2641037,-10,444.2687,500,-10,500,-10,-2.223432,0.6996995,32.67766,-12.82359,12.23113,-12.36757,11.75798,0
-1.488537,0.4462261,-9.836338,0.600354,-0.1364655,-10,444.0273,500,-10,500,-10,-2.168226,0.6203004,32.75599,-12.85489,12.25522,-12.40117,11.79879,0
-1.365218,-0.1763048,-9.629247,0.6243188,-0.01493296,-10,443.7846,500,-10,500,-10,-2.123812,0.5371506,32.82339,-12.88357,12.27572,-12.42833,11.83414,0
-1.60618,-0.8365647,-9.957272,0.5771546,0.08016906,-10,443.5406,500,-10,500,-10,-2.088632,0.4512377,32.88232,-12.91114,12.29386,-12.4496,11.86484,0
-0.7076614,-1.008314,-9.218226,0.4499528,0.1911506,-10,443.2951,500,-10,500,-10,-2.061898,0.363115,32.93445,-12.93784,12.31095,-12.46609,11.89094,0
-0.0617498,-1.31895,-9.057442,0.2721004,0.2606646,-10,443.048,500,-10,500,-10,-2.042762,0.2734866,32.98168,-12.96449,12.32666,-12.47857,11.91437,0
-0.1741728,-1.924448,-10.0382,0.03167252,0.3016195,-10,442.7994,500,-10,500,-10,-2.028719,0.1826901,33.02562,-12.99164,12.34187,-12.48783,11.93556,0
0.6823152,-1.81749,-9.795013,-0.2028522,0.3136039,-10,442.5496,500,-10,500,-10,-2.023338,0.09146448,33.06736,-13.01872,12.35612,-12.49534,11.95589,0
1.160638,-1.464766,-9.735826,-0.4004998,0.2560989,-10,442.2985,500,-10,500,-10,-2.024056,0.00025232,33.10864,-13.04635,12.36905,-12.50192,11.97717,0
1.451849,-1.099917,-9.795564,-0.568663,0.2016731,-10,442.046,500,-10,500,-10,-2.030196,-0.0906054,33.15057,-13.07394,12.382,-12.50907,11.99897,0
1.84754,-0.71085,-9.854614,-0.6582249,0.08147461,-10,441.7922,500,-10,500,-10,-2.041478,-0.1806929,33.19437,-13.102,12.39391,-12.5173,12.02335,0
2.280483,0.4223272,-9.392832,-0.6769248,-0.05698208,-10,441.5372,500,-10,500,-10,-2.057676,-0.2696254,33.24115,-13.13053,12.4059,-12.52752,12.05011,0
1.992784,0.7865196,-9.489291,-0.6585657,-0.1758975,-10,441.2808,500,-10,500,-10,-2.07887,-0.3571513,33.29176,-13.16003,12.41938,-12.53996,12.07857,0
1.622772,1.436573,-9.547916,-0.5519581,-0.2764054,-10,441.0229,500,-10,500,-10,-2.105089,-0.4430315,33.34705,-13.18997,12.4338,-12.55583,12.10997,0
1.102807,1.767174,-9.45941,-0.3498164,-0.3735987,-10,440.7635,500,-10,500,-10,-2.136407,-0.5269856,33.40802,-13.2208,12.4493,-12.57553,12.14498,0
0.2338983,1.829279,-9.888993,-0.1351042,-0.4298528,-10,440.5027,500,-10,500,-10,-2.173594,-0.6087575,33.47571,-13.25396,12.4682,-12.59845,12.18217,0
-0.1472769,1.928757,-9.503087,0.05511851,-0.3973622,-10,440.2407,500,-10,500,-10,-2.217685,-0.6882328,33.55103,-13.29008,12.49219,-12.62474,12.22059,0
-1.01924,1.350228,-9.973549,0.2833731,-0.3577774,-10,439.9775,500,-10,500,-10,-2.270234,-0.7650707,33.63551,-13.32959,12.51983,-12.65523,12.26295,0
-1.331957,1.04282,-9.808201,0.4806726,-0.288987,-10,439.7129,500,-10,500,-10,-2.333457,-0.8386677,33.73132,-13.37445,12.5537,-12.68976,12.30847,0
-1.585383,0.5878392,-9.663089,0.6064802,-0.1852845,-10,439.4471,500,-10,500,-10,-2.410595,-0.9082839,33.84109,-13.42653,12.59583,-12.72863,12.35729,0
-1.808216,-0.1166788,-9.689241,0.6272587,-0.02567174,-10,439.18,500,-10,500,-10,-2.505588,-0.9729539,33.96798,-13.48767,12.64862,-12.77263,12.40964,0
-1.613069,-0.7866321,-9.7269,0.5793552,0.1305595,-10,438.9117,500,-10,500,-10,-2.623346,-1.030882,34.11626,-13.55991,12.71292,-12.82326,12.4682,0
-0.8098231,-1.084038,-9.1312,0.440217,0.2834359,-10,438.6417,500,-10,500,-10,-2.768722,-1.079616,34.29008,-13.64554,12.79126,-12.88165,12.53389,0
-0.6169308,-1.629178,-9.704079,0.284779,0.3728849,-10,438.3703,500,-10,500,-10,-2.944337,-1.115435,34.49194,-13.74499,12.88318,-12.94946,12.60923,0
-0.08504517,-1.961489,-9.814404,0.0936423,0.4247316,-10,438.0977,500,-10,500,-10,-3.146458,-1.134327,34.71801,-13.85629,12.98795,-13.02548,12.69178,0
0.6665558,-1.690982,-9.384793,-0.09585059,0.3953497,-10,437.8238,500,-10,500,-10,-3.361597,-1.132608,34.95489,-13.97264,13.09865,-13.1054,12.77735,0
1.340343,-1.727708,-9.516789,-0.3647975,0.3600707,-10,437.5487,500,-10,500,-10,-3.569535,-1.109301,35.1818,-14.08437,13.20827,-13.18169,12.85575,0
1.589693,-1.491628,-10.14285,-0.5783194,0.2731579,-10,437.2723,500,-10,500,-10,-3.752011,-1.066263,35.3807,-14.18122,13.30515,-13.24965,12.92367,0
2.106576,-0.7559888,-9.779195,-0.7015789,0.1475471,-10,436.9947,500,-10,500,-10,-3.900349,-1.007288,35.54382,-14.25872,13.38491,-13.30731,12.97908,0
2.479659,0.3745959,-9.268123,-0.7357612,0.008698448,-10,436.7159,500,-10,500,-10,-4.015729,-0.9366477,35.67304,-14.31772,13.44822,-13.35538,13.02284,0
2.298221,1.247972,-9.381072,-0.674143,-0.1605641,-10,436.4359,500,-10,500,-10,-4.103019,-0.8577551,35.77431,-14.36134,13.49716,-13.39567,13.05781,0
1.513686,1.232466,-9.897223,-0.5342664,-0.3124191,-10,436.1541,500,-10,500,-10,-4.168087,-0.7732301,35.85437,-14.39272,13.53542,-13.43062,13.08589,0
0.8593566,1.625179,-9.862582,-0.3554867,-0.4071291,-10,435.871,500,-10,500,-10,-4.216401,-0.6850632,35.91931,-14.41514,13.56677,-13.46202,13.10835,0
-0.07881957,1.81712,-10.09658,-0.109197,-0.4691371,-10,435.5868,500,-10,500,-10,-4.251477,-0.5945536,35.97368,-14.4306,13.59242,-13.4916,13.12774,0
-0.6155751,1.700487,-9.901175,0.1472848,-0.4800476,-10,435.3013,500,-10,500,-10,-4.276121,-0.502605,36.0209,-14.44156,13.61506,-13.51977,13.14423,0
-0.6821118,2.187881,-9.087068,0.3699976,-0.4062155,-10,435.0146,500,-10,500,-10,-4.292656,-0.4099852,36.06379,-14.44958,13.63709,-13.54728,13.15773,0
-1.723775,1.055324,-9.861985,0.5505052,-0.2867103,-10,434.7267,500,-10,500,-10,-4.302861,-0.317261,36.10447,-14.45662,13.65914,-13.57396,13.16939,0
-2.233367,0.4048782,-9.845401,0.6264026,-0.09334063,-10,434.4377,500,-10,500,-10,-4.308281,-0.2248913,36.14464,-14.4641,13.68334,-13.59976,13.17848,0
-1.93134,-0.114512,-9.66083,0.689826,0.07030164,-10,434.1476,500,-10,500,-10,-4.309464,-0.1330462,36.18512,-14.47204,13.70732,-13.62536,13.18804,0
-2.142451,-1.255858,-10.10217,0.6496277,0.2291033,-10,433.8558,500,-10,500,-10,-4.30723,-0.04182148,36.22648,-14.482,13.73319,-13.64967,13.19643,0
-1.597603,-1.931452,-9.829855,0.5179687,0.3902506,-10,433.5626,500,-10,500,-10,-4.302368,0.04865793,36.26931,-14.49399,13.76113,-13.67317,13.20399,0
-1.036461,-2.328867,-9.890363,0.3326169,0.4941547,-10,433.2681,500,-10,500,-10,-4.295309,0.1384176,36.31386,-14.50817,13.78993,-13.6959,13.2121,0
-0.04647607,-2.345014,-9.883007,0.08475346,0.551554,-10,432.9725,500,-10,500,-10,-4.286283,0.2275672,36.36018,-14.52459,13.81994,-13.71786,13.22047,0
0.9756263,-2.194481,-9.334512,-0.171926,0.5342523,-10,432.6758,500,-10,500,-10,-4.275418,0.3162834,36.40822,-14.54264,13.84993,-13.73962,13.23029,0
1.675902,-1.524796,-9.368078,-0.393637,0.4593958,-10,432.3778,500,-10,500,-10,-4.262197,0.404715,36.45808,-14.56121,13.87934,-13.76237,13.24219,0
1.779086,-1.683039,-10.02829,-0.6023769,0.3361663,-10,432.0787,500,-10,500,-10,-4.246132,0.4929597,36.51003,-14.58089,13.90884,-13.78573,13.25573,0
2.653827,-0.2084814,-9.218864,-0.7200784,0.1927333,-10,431.7784,500,-10,500,-10,-4.22615,0.5810296,36.56463,-14.60011,13.93756,-13.81175,13.27226,0
2.642617,0.2028038,-9.557613,-0.7106442,-0.0364936,-10,431.477,500,-10,500,-10,-4.200463,0.6690674,36.62234,-14.61908,13.96424,-13.8406,13.2934,0
2.120386,1.114951,-9.772542,-0.6822855,-0.2041977,-10,431.1738,500,-10,500,-10,-4.167306,0.7566565,36.68513,-14.63871,13.99311,-13.87299,13.31655,0
1.641331,1.780348,-9.580401,-0.5499143,-0.3524723,-10,430.8693,500,-10,500,-10,-4.12359,0.8432866,36.75558,-14.65898,14.02317,-13.9111,13.34487,0
1.117974,2.414243,-9.522956,-0.3012825,-0.477575,-10,430.5638,500,-10,500,-10,-4.064864,0.9282075,36.83745,-14.68097,14.05555,-13.95694,13.38032,0
0.1096215,2.247867,-9.758168,-0.04664921,-0.5241984,-10,430.257,500,-10,500,-10,-3.985017,1.009961,36.93692,-14.70825,14.09501,-14.01209,13.42329,0
-0.4140606,2.485173,-9.368742,0.2260344,-0.509354,-10,429.949,500,-10,500,-10,-3.87549,1.086359,37.06282,-14.74404,14.14434,-14.08062,13.47828,0
-1.31853,1.806703,-9.557481,0.4934002,-0.4428642,-10,429.6399,500,-10,500,-10,-3.724565,1.1542,37.22675,-14.79305,14.208,-14.16743,13.55044,0
-1.925101,1.241529,-9.58905,0.6661801,-0.2957185,-10,429.3296,500,-10,500,-10,-3.519467,1.208,37.44257,-14.86146,14.29262,-14.27785,13.64465,0
-2.686318,0.2114521,-9.989084,0.7691363,-0.09151525,-10,429.0182,500,-10,500,-10,-3.25525,1.240185,37.71611,-14.95119,14.39934,-14.41477,13.76457,0
-2.876289,-0.7927475,-10.03395,0.8451679,0.0699003,-10,428.7054,500,-10,500,-10,-2.953732,1.243708,38.02562,-15.055,14.5171,-14.56742,13.90328,0
-2.061441,-1.354166,-9.672061,0.7794159,0.2583663,-10,428.391,500,-10,500,-10,-2.667917,1.21579,38.31934,-15.15654,14.62862,-14.70925,14.03514,0
-1.17916,-1.513651,-9.230433,0.6354609,0.3955126,-10,428.0755,500,-10,500,-10,-2.442049,1.161744,38.55392,-15.24109,14.71625,-14.81907,14.14187,0
-1.225118,-2.909807,-10.36129,0.3889581,0.4907532,-10,427.7588,500,-10,500,-10,-2.281811,1.090614,38.72472,-15.30732,14.77998,-14.89437,14.21967,0
-0.2667626,-3.034547,-10.22043,0.10245,0.5259564,-10,427.4409,500,-10,500,-10,-2.17185,1.009588,38.84783,-15.35958,14.82538,-14.94411,14.27627,0
0.9380865,-2.443226,-9.777289,-0.1915801,0.4855344,-10,427.1218,500,-10,500,-10,-2.095898,0.9231743,38.94006,-15.40295,14.85842,-14.97716,14.31965,0
1.455927,-2.107195,-9.880637,-0.4734128,0.391322,-10,426.8015,500,-10,500,-10,-2.042632,0.8338296,39.01296,-15.44062,14.88349,-14.9999,14.35499,0
2.313489,-1.303068,-9.727195,-0.7014729,0.2607566,-10,426.4802,500,-10,500,-10,-2.004837,0.742929,39.07384,-15.47422,14.90281,-15.01674,14.3861,0
2.473071,-0.6988587,-9.951196,-0.8426313,0.1005111,-10,426.1577,500,-10,500,-10,-1.977748,0.6512407,39.12713,-15.50429,14.91761,-15.03083,14.41547,0
2.636177,0.5931233,-9.642966,-0.8514159,-0.1135223,-10,425.8335,500,-10,500,-10,-1.957333,0.559379,39.17612,-15.53146,14.92802,-15.04425,14.44565,0
2.538441,1.372707,-9.304664,-0.7588091,-0.3083922,-10,425.508,500,-10,500,-10,-1.941556,0.4675155,39.22231,-15.55591,14.93592,-15.05807,14.47602,0
1.888822,2.180266,-9.412161,-0.5805897,-0.4745896,-10,425.1812,500,-10,500,-10,-1.928734,0.3756965,39.26657,-15.57805,14.94196,-15.0726,14.50666,0
0.8729811,2.650239,-9.627294,-0.3430358,-0.5665542,-10,424.8534,500,-10,500,-10,-1.918113,0.283763,39.30899,-15.59782,14.94708,-15.08798,14.53669,0
-0.1736774,2.380115,-9.695734,-0.05977185,-0.5943289,-10,424.5243,500,-10,500,-10,-1.908877,0.1915825,39.34966,-15.61557,14.95139,-15.10394,14.56608,0
-0.961831,2.336486,-9.764764,0.2660563,-0.5818456,-10,424.1941,500,-10,500,-10,-1.900446,0.09903373,39.38863,-15.63161,14.95465,-15.12018,14.5951,0
-1.574588,1.921859,-9.503104,0.5235389,-0.4696388,-10,423.8626,500,-10,500,-10,-1.892905,0.005911015,39.42562,-15.64707,14.95932,-15.13537,14.62108,0
-2.028552,1.30114,-9.262834,0.7189255,-0.2850189,-10,423.5301,500,-10,500,-10,-1.886599,-0.08799785,39.46025,-15.66215,14.96485,-15.14899,14.64425,0
-2.516745,0.3018249,-9.572521,0.8096233,-0.04238699,-10,423.1962,500,-10,500,-10,-1.882167,-0.1828293,39.49231,-15.6775,14.97169,-15.1602,14.66397,0
-2.549309,-0.7225727,-9.657063,0.840253,0.1727222,-10,422.8606,500,-10,500,-10,-1.879766,-0.2784448,39.52238,-15.69364,14.97841,-15.16898,14.68217,0
-2.142779,-1.753024,-9.696576,0.7631491,0.3696879,-10,422.5238,500,-10,500,-10,-1.880292,-0.3747291,39.55102,-15.71153,14.98623,-15.17482,14.69807,0
-1.433173,-2.243955,-9.321027,0.5748568,0.523132,-10,422.1859,500,-10,500,-10,-1.884792,-0.4714943,39.57907,-15.7319,14.99535,-15.1777,14.7122,0
-0.7718421,-2.949153,-9.764116,0.3154843,0.6221927,-10,421.8468,500,-10,500,-10,-1.89456,-0.5684654,39.60786,-15.75476,15.00558,-15.17869,14.72583,0
0.4315681,-2.805814,-9.410916,-0.008841405,0.6743291,-10,421.5064,500,-10,500,-10,-1.911179,-0.6653225,39.63909,-15.78067,15.01771,-15.17865,14.73957,0
1.111492,-2.441846,-9.558531,-0.3039747,0.6331586,-10,421.1648,500,-10,500,-10,-1.936402,-0.7616321,39.67517,-15.80962,15.03072,-15.17961,14.75646,0
2.123848,-1.849228,-9.346257,-0.5937558,0.5302063,-10,420.822,500,-10,500,-10,-1.97296,-0.8568137,39.71949,-15.84671,15.04969,-15.17924,14.77421,0
2.730146,-1.147203,-9.589931,-0.7713252,0.3239724,-10,420.4781,500,-10,500,-10,-2.024826,-0.949919,39.77732,-15.88579,15.06966,-15.18806,14.80215,0
2.57981,-0.4502276,-9.893243,-0.9050986,0.1066003,-10,420.1326,500,-10,500,-10,-2.098152,-1.039823,39.85542,-15.93333,15.09827,-15.20524,14.83826,0
2.929248,0.917237,-9.484509,-0.8864313,-0.1306341,-10,419.7856,500,-10,500,-10,-2.202174,-1.124703,39.96423,-15.99231,15.13847,-15.23642,14.88821,0
2.334682,1.439925,-9.514276,-0.7873914,-0.3418754,-10,419.4373,500,-10,500,-10,-2.35173,-1.201607,40.1195,-16.07057,15.1993,-15.28682,14.95605,0
1.194822,1.876655,-10.19418,-0.5642353,-0.5226245,-10,419.0879,500,-10,500,-10,-2.568167,-1.265521,40.34349,-16.17754,15.29026,-15.36544,15.05067,0
0.6300689,2.556394,-9.794092,-0.2694305,-0.64952,-10,418.7371,500,-10,500,-10,-2.872074,-1.308322,40.6573,-16.32393,15.4223,-15.47908,15.17866,0
-0.1377113,2.667977,-9.680829,0.07326244,-0.7212446,-10,418.3851,500,-10,500,-10,-3.249176,-1.319112,41.04726,-16.50428,15.59025,-15.62184,15.33383,0
-1.090949,2.667311,-9.378158,0.3925673,-0.6893329,-10,418.0319,500,-10,500,-10,-3.613238,-1.292285,41.42699,-16.67847,15.75782,-15.76229,15.4809,0
-2.364726,1.692347,-10.22855,0.6469249,-0.5772619,-10,417.6774,500,-10,500,-10,-3.882623,-1.235412,41.71438,-16.8075,15.88817,-15.87138,15.58867,0
-2.224842,1.275716,-9.225059,0.888097,-0.4251386,-10,417.3216,500,-10,500,-10,-4.057371,-1.161257,41.90949,-16.89068,15.97873,-15.94987,15.65978,0
-2.931101,0.09731796,-9.463918,0.9951538,-0.2237115,-10,416.9641,500,-10,500,-10,-4.170803,-1.078528,42.04501,-16.94603,16.04562,-16.0068,15.70518,0
-3.11627,-1.189932,-9.946986,0.9526176,0.01566307,-10,416.6053,500,-10,500,-10,-4.248903,-0.9915747,42.14589,-16.9863,16.09998,-16.05012,15.73441,0
-2.065005,-1.579631,-9.308364,0.8127514,0.2398771,-10,416.2452,500,-10,500,-10,-4.30607,-0.9022531,42.22571,-17.01794,16.14638,-16.08462,15.75414,0
-1.319855,-2.424647,-9.318512,0.576739,0.431958,-10,415.8837,500,-10,500,-10,-4.350492,-0.8114135,42.29181,-17.04479,16.18794,-16.11254,15.76735,0
-0.9196854,-3.188867,-9.735487,0.2692538,0.5357687,-10,415.5209,500,-10,500,-10,-4.386623,-0.719318,42.34776,-17.06889,16.22528,-16.13481,15.77637,0
0.2021153,-3.175627,-9.670657,-0.0884114,0.5970741,-10,415.1569,500,-10,500,-10,-4.417413,-0.6261466,42.39588,-17.09052,16.25963,-16.15305,15.7819,0
1.435853,-2.662246,-9.488412,-0.4427243,0.5729784,-10,414.7914,500,-10,500,-10,-4.444392,-0.5319089,42.43726,-17.10981,16.2901,-16.16805,15.78572,0
2.262074,-2.23891,-9.602541,-0.7488487,0.4795338,-10,414.4247,500,-10,500,-10,-4.468255,-0.4366116,42.47259,-17.12615,16.31643,-16.18097,15.78865,0
2.593926,-1.458243,-9.837348,-0.9705915,0.3084137,-10,414.0565,500,-10,500,-10,-4.489405,-0.3402793,42.5023,-17.13923,16.33811,-16.19251,15.79159,0
3.116756,-0.2385421,-9.543819,-1.079652,0.09557575,-10,413.6866,500,-10,500,-10,-4.507553,-0.2429634,42.52672,-17.1483,16.35517,-16.20368,15.79478,0
3.237043,0.992295,-9.134169,-1.078958,-0.1177771,-10,413.3154,500,-10,500,-10,-4.522679,-0.1448244,42.54658,-17.15325,16.36839,-16.21519,15.798,0
2.1894,1.432706,-9.85458,-0.9629859,-0.3156785,-10,412.9428,500,-10,500,-10,-4.534495,-0.04603653,42.56266,-17.15419,16.3782,-16.22757,15.80151,0
1.874019,2.626532,-9.351149,-0.7326483,-0.4498318,-10,412.5688,500,-10,500,-10,-4.542637,0.05317136,42.57613,-17.15104,16.38557,-16.24188,15.8053,0
0.9967784,2.841184,-9.543743,-0.4281552,-0.5327792,-10,412.1934,500,-10,500,-10,-4.546698,0.1526456,42.58791,-17.14501,16.39139,-16.25767,15.80925,0
-0.2083865,2.875293,-9.632076,-0.05055057,-0.5787441,-10,411.8166,500,-10,500,-10,-4.546126,0.2522328,42.59906,-17.13673,16.39591,-16.27519,15.81397,0
-1.112882,2.773122,-9.398134,0.2830513,-0.4842728,-10,411.4384,500,-10,500,-10,-4.54069,0.3517112,42.61121,-17.12774,16.40293,-16.29425,15.81702,0
-2.215577,1.731335,-9.867422,0.6212309,-0.3647231,-10,411.0588,500,-10,500,-10,-4.529859,0.4508995,42.62577,-17.11911,16.41088,-16.31495,15.82113,0
-2.668323,1.12097,-9.556813,0.8759091,-0.1871946,-10,410.6775,500,-10,500,-10,-4.513102,0.5496231,42.64412,-17.11255,16.42216,-16.3367,15.82505,0
-2.936325,-0.09044116,-9.454025,1.034888,0.02556485,-10,410.2946,500,-10,500,-10,-4.48989,0.6476129,42.66809,-17.10933,16.43744,-16.35979,15.82964,0
-2.763767,-1.051551,-9.500772,1.037302,0.2678214,-10,409.9103,500,-10,500,-10,-4.45951,0.7445309,42.69989,-17.11149,16.45854,-16.38398,15.83488,0
-2.413194,-2.10036,-9.688498,0.9243779,0.4838015,-10,409.5245,500,-10,500,-10,-4.420611,0.8400067,42.7419,-17.11998,16.48507,-16.4103,15.84316,0
-1.264948,-2.286789,-9.012727,0.7200418,0.6487911,-10,409.1373,500,-10,500,-10,-4.370809,0.9336155,42.79708,-17.13585,16.51746,-16.44016,15.8565,0
-0.3987042,-2.881657,-9.348738,0.4228377,0.7399338,-10,408.7485,500,-10,500,-10,-4.30638,1.024812,42.86965,-17.16101,16.55701,-16.47512,15.87708,0
0.2819925,-3.234902,-9.688674,0.06964511,0.7467865,-10,408.3583,500,-10,500,-10,-4.220986,1.112816,42.96614,-17.19749,16.60543,-16.51859,15.90862,0
1.00925,-3.321421,-9.946312,-0.2642637,0.6598939,-10,407.9666,500,-10,500,-10,-4.103175,1.19627,43.09795,-17.24842,16.66559,-16.57688,15.95767,0
2.574205,-2.019125,-9.324461,-0.567149,0.5257908,-10,407.5732,500,-10,500,-10,-3.93192,1.272535,43.2857,-17.32073,16.74564,-16.66013,16.03318,0
3.106097,-1.136748,-9.24907,-0.817591,0.3347633,-10,407.1783,500,-10,500,-10,-3.671506,1.336408,43.56453,-17.42678,16.85863,-16.78511,16.15121,0
3.053938,-0.4096173,-9.686428,-0.9317976,0.07083435,-10,406.7816,500,-10,500,-10,-3.27655,1.377596,43.97863,-17.57981,17.0202,-16.97521,16.33277,0
2.996233,0.8318821,-9.586428,-0.9348574,-0.1943352,-10,406.3834,500,-10,500,-10,-2.768516,1.379837,44.50549,-17.76813,17.2218,-17.22344,16.56773,0
2.560127,1.824396,-9.47854,-0.8123581,-0.4489568,-10,405.9837,500,-10,500,-10,-2.333036,1.336107,44.95835,-17.92619,17.3883,-17.44061,16.77646,0
1.820406,2.283379,-9.666474,-0.5989677,-0.6548336,-10,405.5824,500,-10,500,-10,-2.072582,1.262794,45.23376,-18.02227,17.48221,-17.57274,16.91076,0
0.7275399,2.748947,-9.63159,-0.2965087,-0.8011909,-10,405.1795,500,-10,500,-10,-1.925222,1.17658,45.39334,-18.07805,17.52985,-17.64919,16.99535,0
0.02440934,3.180034,-9.250273,0.03769778,-0.8656827,-10,404.7751,500,-10,500,-10,-1.83409,1.084656,45.49336,-18.11287,17.55479,-17.69724,17.05328,0
-1.486352,2.499423,-9.944933,0.3474441,-0.8324741,-10,404.369,500,-10,500,-10,-1.772757,0.9897033,45.5603,-18.13617,17.56848,-17.7294,17.09505,0
-1.935715,2.39934,-9.298547,0.6747601,-0.7438879,-10,403.9612,500,-10,500,-10,-1.728437,0.8929122,45.60676,-18.1518,17.57453,-17.75226,17.12749,0
-2.79555,1.064764,-9.77587,0.8886089,-0.5669762,-10,403.5516,500,-10,500,-10,-1.69522,0.7948841,45.63903,-18.16368,17.57798,-17.76713,17.15079,0
-3.198339,0.3167132,-9.507792,0.992747,-0.3333291,-10,403.1404,500,-10,500,-10,-1.670099,0.6960055,45.66085,-18.17335,17.57984,-17.77554,17.167,0
-2.869025,-0.3720508,-9.36894,0.9814814,-0.07076954,-10,402.7275,500,-10,500,-10,-1.651519,0.5965401,45.67455,-18.182,17.58084,-17.77823,17.17735,0
-2.682205,-1.578766,-9.478198,0.8621588,0.1663915,-10,402.313,500,-10,500,-10,-1.638264,0.4967102,45.68227,-18.19088,17.58108,-17.77575,17.18352,0
-1.621955,-2.274755,-9.426742,0.638866,0.3815529,-10,401.8967,500,-10,500,-10,-1.629514,0.3966692,45.68579,-18.20051,17.58125,-17.76905,17.18627,0
-1.055658,-3.29059,-9.945948,0.3233965,0.5225392,-10,401.4788,500,-10,500,-10,-1.624952,0.2965176,45.68668,-18.21183,17.5812,-17.75845,17.18705,0
0.1879337,-3.104739,-9.460711,-0.01354987,0.5996137,-10,401.0591,500,-10,500,-10,-1.624325,0.1963092,45.68613,-18.22397,17.58032,-17.74586,17.18746,0
1.057409,-2.919073,-9.581055,-0.3800772,0.599726,-10,400.6377,500,-10,500,-10,-1.627325,0.09609072,45.68542,-18.23771,17.57917,-17.73154,17.18804,0
2.036002,-2.327999,-9.657449,-0.7280163,0.5386238,-10,400.2145,500,-10,500,-10,-1.63368,-0.004100536,45.68562,-18.25241,17.57751,-17.717,17.18986,0
2.678223,-1.654525,-9.702244,-0.9925515,0.3995436,-10,399.7895,500,-10,500,-10,-1.642953,-0.1042088,45.68772,-18.26753,17.57447,-17.70362,17.19464,0
3.041953,-0.610447,-9.474187,-1.149204,0.2103862,-10,399.3627,500,-10,500,-10,-1.654702,-0.2041599,45.69261,-18.28264,17.5703,-17.69256,17.20285,0
3.238206,0.5719131,-9.498852,-1.178749,-0.02445428,-10,398.9342,500,-10,500,-10,-1.668398,-0.3038495,45.70112,-18.29765,17.56507,-17.6846,17.21514,0
2.806711,1.264146,-9.574622,-1.103099,-0.2565345,-10,398.5039,500,-10,500,-10,-1.683727,-0.4031768,45.71381,-18.31256,17.55991,-17.68021,17.23082,0
2.180288,2.13264,-9.491302,-0.924186,-0.4343593,-10,398.0718,500,-10,500,-10,-1.700469,-0.5020791,45.73084,-18.32687,17.55551,-17.68001,17.24933,0
1.265195,2.431704,-9.825847,-0.6664013,-0.5737328,-10,397.6379,500,-10,500,-10,-1.718598,-0.6005038,45.75241,-18.34124,17.55219,-17.68352,17.27053,0
0.5752383,2.932648,-9.455657,-0.3085582,-0.6512514,-10,397.2022,500,-10,500,-10,-1.737983,-0.6984253,45.77881,-18.35514,17.54995,-17.69149,17.29463,0
-0.6858596,2.562554,-10.0395,0.02199888,-0.6341178,-10,396.7646,500,-10,500,-10,-1.759161,-0.7958958,45.81,-18.37036,17.55134,-17.70211,17.31909,0
-1.690964,2.104049,-9.879653,0.3665102,-0.550536,-10,396.3252,500,-10,500,-10,-1.782851,-0.8929666,45.84643,-18.38676,17.55556,-17.71589,17.34505,0
-2.462198,1.592727,-9.556142,0.6490187,-0.3684136,-10,395.8839,500,-10,500,-10,-1.810542,-0.9897416,45.88869,-18.40558,17.56459,-17.73209,17.37104,0
-2.861573,0.6771305,-9.607694,0.8788285,-0.1573226,-10,395.4407,500,-10,500,-10,-1.844846,-1.086235,45.93886,-18.42838,17.57848,-17.75085,17.39872,0
-2.873552,0.001275159,-9.396512,0.9818321,0.07936323,-10,394.9956,500,-10,500,-10,-1.891491,-1.182308,46.0018,-18.45866,17.6008,-17.77274,17.42856,0
-2.568032,-0.9842575,-9.254922,1.008344,0.3108274,-10,394.5488,500,-10,500,-10,-1.961942,-1.277587,46.08808,-18.50057,17.63533,-17.80231,17.46551,0
-2.668873,-2.225028,-9.93892,0.9180111,0.4952185,-10,394.1,500,-10,500,-10,-2.085561,-1.370871,46.2262,-18.56787,17.69561,-17.84947,17.51968,0
-1.556852,-2.659127,-9.827474,0.7165481,0.6501359,-10,393.6493,500,-10,500,-10,-2.355723,-1.458446,46.50854,-18.70138,17.82395,-17.9499,17.62529,0
-0.2544063,-2.550083,-8.986924,0.4572563,0.7496567,-10,393.1967,500,-10,500,-10,-3.206873,-1.523522,47.36841,-19.10208,18.20955,-18.26167,17.95216,0
0.3471379,-3.107086,-9.665339,0.1230897,0.7593562,-10,392.7421,500,-10,500,-10,-4.801319,-1.480653,48.96683,-19.88791,18.92963,-18.80027,18.55652,0
1.354123,-2.61964,-9.460238,-0.1808562,0.6753256,-10,392.2857,500,-10,500,-10,-4.789104,-1.380379,48.95353,-19.88083,18.93402,-18.79633,18.5411,0
1.69405,-2.303574,-9.726374,-0.4425713,0.5109062,-10,391.8272,500,-10,500,-10,-4.784025,-1.280205,48.94452,-19.87624,18.93898,-18.79347,18.52868,0
3.104171,-1.215281,-8.986499,-0.6858071,0.3220629,-10,391.3669,500,-10,500,-10,-4.780194,-1.180153,48.93399,-19.87094,18.94283,-18.79002,18.5161,0
2.550632,-0.9028672,-9.91193,-0.833299,0.05339861,-10,390.9046,500,-10,500,-10,-4.776092,-1.080251,48.92079,-19.8637,18.94309,-18.78635,18.50491,0
2.947725,0.3829145,-9.612016,-0.9089005,-0.1813577,-10,390.4404,500,-10,500,-10,-4.771993,-0.9804822,48.90584,-19.85402,18.94184,-18.78363,18.49376,0
2.526676,1.26583,-9.803359,-0.8746205,-0.4105052,-10,389.9742,500,-10,500,-10,-4.76775,-0.8808174,48.88983,-19.84189,18.9384,-18.78249,18.48394,0
2.302436,2.177887,-9.246993,-0.7277097,-0.6118926,-10,389.506,500,-10,500,-10,-4.762763,-0.7812277,48.87315,-19.82716,18.93309,-18.78341,18.47543,0
1.412191,2.517548,-9.535373,-0.5237492,-0.7381431,-10,389.0359,500,-10,500,-10,-4.757335,-0.6816556,48.85681,-19.81069,18.92781,-18.78633,18.46717,0
0.3751636,2.722045,-9.800496,-0.2145808,-0.8428635,-10,388.5638,500,-10,500,-10,-4.750574,-0.5820649,48.84113,-19.79237,18.92123,-18.79167,18.46076,0
-0.4777834,2.626299,-9.62938,0.05235523,-0.8374622,-10,388.0897,500,-10,500,-10,-4.743258,-0.4823968,48.82712,-19.77418,18.9173,-18.79824,18.45308,0
-1.235139,2.431297,-9.529649,0.3406651,-0.7617052,-10,387.6136,500,-10,500,-10,-4.735219,-0.3826281,48.81527,-19.75571,18.91467,-18.80689,18.44589,0
-1.819424,2.079689,-9.255596,0.5871048,-0.6182904,-10,387.1355,500,-10,500,-10,-4.726613,-0.2827496,48.80616,-19.73835,18.91465,-18.8167,18.43837,0
-2.436103,0.9931891,-9.43722,0.7664459,-0.4089215,-10,386.6554,500,-10,500,-10,-4.717707,-0.1827781,48.80022,-19.72273,18.91779,-18.82741,18.4303,0
-2.689364,0.2542234,-9.448059,0.8513198,-0.1773916,-10,386.1733,500,-10,500,-10,-4.7088,-0.08275273,48.79755,-19.70988,18.92415,-18.83804,18.42173,0
-2.347013,-0.6014485,-9.373504,0.8533806,0.05759479,-10,385.6892,500,-10,500,-10,-4.700134,0.01727842,48.79818,-19.69985,18.93333,-18.84859,18.41307,0
-2.494445,-1.807321,-9.867502,0.7369617,0.2967371,-10,385.2031,500,-10,500,-10,-4.692104,0.1172663,48.80206,-19.69324,18.94595,-18.85842,18.40367,0
-1.716254,-2.415563,-9.831383,0.5858517,0.4755486,-10,384.715,500,-10,500,-10,-4.684727,0.2171786,48.80871,-19.68915,18.95966,-18.86802,18.39547,0
-1.329741,-3.018409,-10.144,0.3335872,0.6256405,-10,384.2248,500,-10,500,-10,-4.67842,0.3169947,48.81788,-19.68825,18.97587,-18.87652,18.38685,0
0.09418962,-2.672411,-9.544235,0.07294007,0.7057831,-10,383.7326,500,-10,500,-10,-4.67326,0.4167206,48.82903,-19.6892,18.99234,-18.88481,18.37962,0
0.5930257,-3.043489,-10.01217,-0.2440293,0.7135378,-10,383.2384,500,-10,500,-10,-4.669541,0.5163851,48.84145,-19.69254,19.0096,-18.89176,18.37266,0
1.873595,-1.985039,-9.195473,-0.5091597,0.6601385,-10,382.7422,500,-10,500,-10,-4.667194,0.6160309,48.85442,-19.69596,19.02564,-18.89909,18.36737,0
2.316316,-1.730642,-9.335089,-0.7364615,0.5550027,-10,382.244,500,-10,500,-10,-4.666108,0.7156945,48.86742,-19.69935,19.04059,-18.90647,18.36318,0
2.287543,-1.080038,-9.863155,-0.9052848,0.4014471,-10,381.7438,500,-10,500,-10,-4.666437,0.8154157,48.87973,-19.70201,19.0539,-18.914,18.36007,0
2.973513,-0.1473391,-9.586215,-0.9771505,0.1935655,-10,381.2416,500,-10,500,-10,-4.668033,0.9152319,48.8903,-19.70285,19.06439,-18.92193,18.35835,0
2.751462,0.5941257,-9.598392,-0.9811289,-0.0006796895,-10,380.7373,500,-10,500,-10,-4.67109,1.015149,48.89856,-19.70134,19.0731,-18.93028,18.35648,0
2.455261,1.338473,-9.449239,-0.8969907,-0.1741247,-10,380.231,500,-10,500,-10,-4.675555,1.115152,48.90404,-19.69684,19.07959,-18.93932,18.35452,0
1.884797,1.868966,-9.645535,-0.7286398,-0.3141593,-10,379.7227,500,-10,500,-10,-4.681407,1.215217,48.90614,-19.689,19.08382,-18.9489,18.35203,0
0.8619767,2.001905,-9.956959,-0.5439916,-0.3936981,-10,379.2124,500,-10,500,-10,-4.689618,1.315316,48.90361,-19.67815,19.08682,-18.95765,18.34694,0
0.121335,2.114031,-9.795161,-0.2408252,-0.4503085,-10,378.7002,500,-10,500,-10,-4.702885,1.415416,48.89318,-19.66165,19.08526,-18.96552,18.33986,0
-0.3574816,2.144677,-9.587806,0.03135874,-0.4385916,-10,378.1859,500,-10,500,-10,-4.735375,1.515465,48.86076,-19.63589,19.07739,-18.96441,18.32086,0
-1.055738,2.230091,-9.517284,0.3340683,-0.3901743,-10,377.6696,500,-10,500,-10,-5.738992,1.61483,47.85445,-19.22988,18.75218,-18.5366,17.81226,0
-1.753704,1.490242,-9.677114,0.6127498,-0.289073,-10,377.1514,500,-10,500,-10,-4.697005,1.689029,48.89191,-19.62178,19.0933,-19.00432,18.33076,0
-1.995207,0.9268265,-9.504644,0.8167202,-0.1573373,-10,376.6312,500,-10,500,-10,-4.688904,1.789078,48.89225,-19.60825,19.09893,-19.01814,18.32542,0
-2.190171,0.09772097,-9.746708,0.9560763,-0.003036914,-10,376.1089,500,-10,500,-10,-4.68771,1.889092,48.88385,-19.5919,19.1029,-19.02752,18.31449,0
-2.490078,-0.5940287,-9.704936,0.9789267,0.1800866,-10,375.5847,500,-10,500,-10,-4.688547,1.989062,48.87247,-19.57588,19.10818,-19.03412,18.29977,0
-2.084767,-1.148527,-9.621848,0.9560921,0.3164423,-10,375.0585,500,-10,500,-10,-4.689832,2.089001,48.8602,-19.56071,19.11348,-19.03913,18.28432,0
-1.664396,-1.867658,-9.620116,0.8291991,0.4537243,-10,374.5304,500,-10,500,-10,-4.691748,2.188917,48.84769,-19.54713,19.12058,-19.04234,18.26685,0
-1.081117,-2.027065,-9.60875,0.6179945,0.5695184,-10,374.0004,500,-10,500,-10,-4.694748,2.288824,48.83534,-19.53529,19.1291,-19.04395,18.2481,0
-0.2259304,-1.911979,-9.231788,0.4091111,0.6408328,-10,373.4684,500,-10,500,-10,-4.698754,2.38874,48.82353,-19.52413,19.13743,-19.04531,18.22998,0
0.0446815,-2.591662,-9.941978,0.1687239,0.6308041,-10,372.9344,500,-10,500,-10,-4.703103,2.488686,48.81327,-19.51507,19.1461,-19.04588,18.2128,0
0.8849983,-2.225053,-9.75463,-0.0480211,0.5510125,-10,372.3986,500,-10,500,-10,-4.707763,2.58867,48.80508,-19.50727,19.15451,-19.04688,18.19761,0
1.563014,-1.708372,-9.424223,-0.3145967,0.472906,-10,371.8608,500,-10,500,-10,-4.713332,2.688687,48.79888,-19.5012,19.16471,-19.04783,18.18228,0
1.717612,-1.347251,-9.871578,-0.5592052,0.3760657,-10,371.3211,500,-10,500,-10,-4.720035,2.788731,48.79467,-19.49584,19.17523,-19.04969,18.16825,0
2.308629,-0.8145908,-9.614429,-0.6973072,0.2238225,-10,370.7795,500,-10,500,-10,-4.727156,2.888786,48.79283,-19.49034,19.18437,-19.05367,18.1576,0
1.673509,-0.6658104,-10.62529,-0.7324632,-0.0003374796,-10,370.2361,500,-10,500,-10,-4.734136,2.988816,48.79387,-19.48513,19.19212,-19.05974,18.15071,0
2.069385,0.4444516,-9.890882,-0.7674024,-0.1549007,-10,369.6907,500,-10,500,-10,-4.741223,3.088797,48.79732,-19.48018,19.20167,-19.06755,18.14403,0
2.190647,1.391057,-9.423562,-0.6464334,-0.3673001,-10,369.1435,500,-10,500,-10,-4.747732,3.188689,48.80346,-19.47437,19.20898,-19.07845,18.1418,0
1.357446,1.51661,-9.956574,-0.5125431,-0.5317358,-10,368.5944,500,-10,500,-10,-4.753758,3.288477,48.812,-19.46881,19.21758,-19.09109,18.14027,0
0.9039832,2.090914,-9.735909,-0.3344035,-0.6240761,-10,368.0435,500,-10,500,-10,-4.759324,3.388167,48.82234,-19.46243,19.22697,-19.10603,18.13945,0
0.09593341,1.766939,-10.16286,-0.1372826,-0.6804867,-10,367.4908,500,-10,500,-10,-4.764357,3.487774,48.83405,-19.45588,19.23699,-19.12229,18.13913,0
-0.3313657,2.011307,-9.689214,0.08897793,-0.709015,-10,366.9361,500,-10,500,-10,-4.768652,3.587295,48.84727,-19.44912,19.24743,-19.14001,18.13965,0
-0.6808805,2.074932,-9.62264,0.2917453,-0.6700857,-10,366.3797,500,-10,500,-10,-4.772495,3.686784,48.86117,-19.44224,19.25932,-19.1584,18.13928,0
-1.491619,1.513802,-9.986967,0.4975565,-0.5853513,-10,365.8214,500,-10,500,-10,-4.775681,3.786273,48.87542,-19.43487,19.27181,-19.17758,18.13859,0
-1.682916,1.006409,-9.558908,0.6859031,-0.4912326,-10,365.2614,500,-10,500,-10,-4.778176,3.88578,48.89004,-19.42777,19.28486,-19.19678,18.13765,0
-2.218879,0.5322544,-10.0086,0.7796563,-0.3372186,-10,364.6996,500,-10,500,-10,-4.7805,3.985353,48.90433,-19.42142,19.30013,-19.21498,18.13423,0
-2.136892,-0.03673602,-9.594653,0.7929234,-0.1373419,-10,364.136,500,-10,500,-10,-4.782666,4.085026,48.91779,-19.41548,19.317,-19.23207,18.12852,0
-1.974871,-0.5801454,-9.601215,0.8257931,-0.0003947028,-10,363.5707,500,-10,500,-10,-4.78499,4.184796,48.93064,-19.4096,19.33263,-19.2486,18.12353,0
-1.694909,-1.147997,-9.592175,0.7146468,0.1803797,-10,363.0037,500,-10,500,-10,-4.788149,4.284667,48.94287,-19.40539,19.35107,-19.26294,18.11522,0
-1.585753,-1.869642,-10.02493,0.5542964,0.3271659,-10,362.4349,500,-10,500,-10,-4.793139,4.384635,48.95493,-19.40239,19.37004,-19.27593,18.10624,0
-0.7713809,-2.112541,-9.627506,0.3739611,0.4224792,-10,361.8643,500,-10,500,-10,-4.80246,4.484661,48.9693,-19.40158,19.38998,-19.28865,18.09822,0
-0.4154237,-2.423447,-9.902859,0.1092449,0.5095195,-10,361.2921,500,-10,500,-10,-4.822989,4.584716,48.99215,-19.40681,19.41526,-19.30235,18.09186,0
0.3067861,-2.361862,-9.957235,-0.1522783,0.5605827,-10,360.7181,500,-10,500,-10,-4.896247,4.684692,49.06483,-19.43835,19.46286,-19.33103,18.10448,0
0.9179207,-2.067889,-9.640007,-0.3999371,0.5550335,-10,360.1424,500,-10,500,-10,-4.319228,4.781539,48.48453,-19.13473,19.2202,-19.15383,17.86632,0
1.424902,-1.854014,-9.705392,-0.6045952,0.4798194,-10,359.5651,500,-10,500,-10,-4.693983,4.876375,48.85493,-19.31921,19.39474,-19.27625,17.99869,0
1.804713,-1.291719,-9.875142,-0.8073155,0.4041508,-10,358.9861,500,-10,500,-10,-4.729241,4.976368,48.88311,-19.3283,19.42011,-19.29051,17.99667,0
2.577147,-0.6452198,-9.302834,-0.9200965,0.2823949,-10,358.4054,500,-10,500,-10,-4.742075,5.076445,48.88727,-19.32405,19.43287,-19.29822,17.98735,0
2.054188,-0.3983559,-10.05712,-0.972214,0.1084359,-10,357.8231,500,-10,500,-10,-4.748145,5.17648,48.88339,-19.31522,19.44053,-19.30383,17.97647,0
2.368654,0.3998204,-9.669039,-1.000821,-0.03252052,-10,357.2391,500,-10,500,-10,-4.751249,5.27645,48.87575,-19.30368,19.44657,-19.30903,17.9641,0
2.336178,1.191331,-9.405169,-0.9074571,-0.2052111,-10,356.6535,500,-10,500,-10,-4.752616,5.376348,48.86606,-19.28936,19.44932,-19.31533,17.95333,0
1.507529,1.219924,-10.03343,-0.7760714,-0.3595967,-10,356.0663,500,-10,500,-10,-4.751971,5.476177,48.85481,-19.27331,19.45095,-19.32206,17.94237,0
1.218566,1.926458,-9.825394,-0.6120452,-0.4565787,-10,355.4774,500,-10,500,-10,-4.750231,5.575967,48.84323,-19.25581,19.45253,-19.32997,17.9312,0
1.174115,2.573365,-9.147241,-0.3867368,-0.5040986,-10,354.8868,500,-10,500,-10,-4.747554,5.67575,48.83215,-19.23683,19.45381,-19.33976,17.92074,0
0.4792957,2.432466,-9.374038,-0.09331166,-0.5809395,-10,354.2947,500,-10,500,-10,-4.743347,5.775539,48.82149,-19.2171,19.45372,-19.35066,17.91199,0
-0.1483287,2.372983,-9.195536,0.1213962,-0.5399715,-10,353.701,500,-10,500,-10,-4.738165,5.875369,48.81199,-19.19781,19.45675,-19.36208,17.9011,0
-0.7224654,2.312211,-9.273149,0.3674616,-0.4871572,-10,353.1056,500,-10,500,-10,-4.731937,5.975251,48.80395,-19.17842,19.45993,-19.37481,17.89126,0
-1.741333,1.369958,-9.959053,0.6100608,-0.4028966,-10,352.5087,500,-10,500,-10,-4.724631,6.075196,48.7978,-19.1595,19.46424,-19.38863,17.88185,0
-1.663273,1.116848,-9.409215,0.7856261,-0.2848063,-10,351.9101,500,-10,500,-10,-4.716233,6.175193,48.79362,-19.14213,19.47081,-19.40253,17.87181,0
-2.203697,0.369751,-9.797891,0.9166927,-0.1329608,-10,351.31,500,-10,500,-10,-4.707023,6.275224,48.79179,-19.12613,19.47943,-19.41702,17.86167,0
-2.691051,-0.5401778,-10.15994,0.9491842,0.04483263,-10,350.7083,500,-10,500,-10,-4.697546,6.375253,48.79268,-19.11271,19.4911,-19.43118,17.85075,0
-2.557667,-1.256566,-10.18151,0.9358797,0.2245398,-10,350.1049,500,-10,500,-10,-4.687502,6.475238,48.79633,-19.10124,19.50463,-19.44567,17.84024,0
-2.05845,-1.469354,-9.892491,0.8406637,0.4121795,-10,349.4998,500,-10,500,-10,-4.677345,6.57513,48.80302,-19.09245,19.52086,-19.46001,17.82956,0
-1.645974,-2.011948,-9.812204,0.7138458,0.5555351,-10,348.8933,500,-10,500,-10,-4.666706,6.674896,48.8125,-19.08591,19.5382,-19.4744,17.82006,0
-0.7937927,-2.117429,-9.548627,0.4997533,0.678415,-10,348.2851,500,-10,500,-10,-4.65595,6.774498,48.82488,-19.08241,19.55796,-19.48817,17.81057,0
-0.5876855,-2.383322,-9.924509,0.3353579,0.7009605,-10,347.6753,500,-10,500,-10,-4.644714,6.873942,48.83974,-19.08027,19.57672,-19.50261,17.80413,0
0.07254259,-2.525635,-9.978707,0.09577902,0.7219846,-10,347.064,500,-10,500,-10,-4.632915,6.973217,48.85725,-19.08061,19.59777,-19.51678,17.79758,0
0.98059,-2.045559,-9.532434,-0.1010999,0.6610284,-10,346.451,500,-10,500,-10,-4.620244,7.072348,48.87722,-19.08222,19.61813,-19.53172,17.79376,0
1.546249,-1.994759,-9.586409,-0.3475543,0.5691805,-10,345.8363,500,-10,500,-10,-4.606593,7.171354,48.89985,-19.08617,19.64004,-19.54651,17.79061,0
2.480911,-1.030211,-9.092189,-0.6113743,0.4828069,-10,345.2201,500,-10,500,-10,-4.591268,7.270232,48.92606,-19.09192,19.66367,-19.56248,17.7887,0
2.427045,-0.8772101,-9.600802,-0.7674717,0.3404748,-10,344.6022,500,-10,500,-10,-4.572317,7.368998,48.95697,-19.09843,19.68654,-19.58158,17.79143,0
2.09765,-0.5266063,-9.985289,-0.8615979,0.1473342,-10,343.9826,500,-10,500,-10,-4.547153,7.467668,48.99448,-19.10718,19.71012,-19.60391,17.79893,0
2.466832,0.1993217,-9.767888,-0.8906748,-0.04337033,-10,343.3614,500,-10,500,-10,-4.509602,7.566183,49.04391,-19.11969,19.73673,-19.63237,17.81329,0
2.245813,0.8805066,-9.712564,-0.8420869,-0.2425223,-10,342.7385,500,-10,500,-10,-4.443773,7.664262,49.12094,-19.14238,19.77145,-19.67349,17.84239,0
1.732878,1.112471,-10.12807,-0.7343323,-0.4376201,-10,342.1139,500,-10,500,-10,-4.291113,7.761013,49.28313,-19.19932,19.8351,-19.75095,17.91313,0
1.601322,1.961616,-9.766955,-0.5793753,-0.594332,-10,341.4877,500,-10,500,-10,-3.269436,7.849978,50.31233,-19.58936,20.22285,-20.21369,18.37816,0
1.076555,2.26971,-9.537579,-0.3681028,-0.7056915,-10,340.8598,500,-10,500,-10,7.498337,7.840702,61.08467,-23.36084,24.08025,-25.36806,23.44661,0
0.3804648,2.071343,-9.785943,-0.1896142,-0.7489237,-10,340.2301,500,-10,500,-10,7.857812,7.883275,61.44717,-23.49379,24.196,-25.53547,23.63122,0
-0.2102775,2.165546,-9.543299,0.04495727,-0.77627,-10,339.5988,500,-10,500,-10,7.952549,7.983357,61.54185,-23.51278,24.22962,-25.59493,23.67605,0
-0.6706561,2.139352,-9.639124,0.2465119,-0.7289883,-10,338.9658,500,-10,500,-10,7.939895,8.083633,61.52705,-23.48688,24.22734,-25.60856,23.66606,0
-1.62956,1.660799,-9.970765,0.4858347,-0.6538621,-10,338.331,500,-10,500,-10,7.937005,8.183869,61.51954,-23.46623,24.22372,-25.623,23.66347,0
-1.560118,1.596509,-9.204597,0.7440858,-0.575617,-10,337.6944,500,-10,500,-10,7.937417,8.284048,61.51257,-23.44526,24.21984,-25.63819,23.66156,0
-2.045629,0.9665542,-9.668025,0.8783364,-0.4524527,-10,337.0561,500,-10,500,-10,7.938671,8.384132,61.50438,-23.42525,24.21809,-25.65141,23.65653,0
-2.046537,0.3559664,-9.453387,0.9687486,-0.2896604,-10,336.4159,500,-10,500,-10,7.939955,8.484082,61.49446,-23.40471,24.21687,-25.66373,23.64953,0
-2.121354,-0.09071086,-9.542914,0.9682984,-0.09877375,-10,335.774,500,-10,500,-10,7.940283,8.583863,61.48256,-23.38451,24.21682,-25.67407,23.63972,0
-1.957889,-0.7396605,-9.494729,0.9666653,0.03995102,-10,335.1303,500,-10,500,-10,7.940897,8.683517,61.46982,-23.36449,24.21588,-25.68354,23.63011,0
-1.714275,-1.269159,-9.642459,0.8276968,0.2209939,-10,334.4848,500,-10,500,-10,7.940403,8.783011,61.45582,-23.34579,24.21735,-25.69064,23.61704,0
-1.304641,-1.634844,-9.594204,0.6616734,0.3632345,-10,333.8375,500,-10,500,-10,7.939103,8.882385,61.44116,-23.32771,24.21866,-25.69657,23.60358,0
-0.9638789,-2.186513,-9.804465,0.4800957,0.4520835,-10,333.1883,500,-10,500,-10,7.937284,8.981695,61.42644,-23.31049,24.21967,-25.7016,23.59037,0
-0.5322655,-2.432621,-9.930672,0.2169747,0.545899,-10,332.5372,500,-10,500,-10,7.934162,9.080951,61.4116,-23.29461,24.22219,-25.70518,23.57556,0
0.1735351,-2.413125,-9.842987,-0.05771183,0.5933589,-10,331.8843,500,-10,500,-10,7.929821,9.180205,61.39707,-23.27964,24.22457,-25.70811,23.56113,0
1.02448,-2.02893,-9.399767,-0.3095284,0.5829153,-10,331.2295,500,-10,500,-10,7.924485,9.279522,61.38341,-23.26538,24.22634,-25.71105,23.54805,0
1.227813,-1.979373,-9.619718,-0.5509756,0.5313383,-10,330.5728,500,-10,500,-10,7.918119,9.378937,61.3709,-23.252,24.22799,-25.71407,23.53602,0
1.956451,-1.026871,-9.361563,-0.7458377,0.4873513,-10,329.9142,500,-10,500,-10,7.910913,9.478464,61.35964,-23.23836,24.22949,-25.71838,23.5252,0
1.419808,-1.472234,-10.20957,-0.878206,0.3839533,-10,329.2536,500,-10,500,-10,7.903257,9.578117,61.34996,-23.22507,24.2299,-25.72364,23.51677,0
2.057876,-0.9673652,-9.92815,-1.007958,0.2668248,-10,328.5912,500,-10,500,-10,7.895017,9.677897,61.34209,-23.21278,24.23085,-25.72941,23.5093,0
2.428362,0.05006764,-9.609201,-1.038333,0.1053299,-10,327.9268,500,-10,500,-10,7.8862,9.777793,61.33639,-23.20034,24.23047,-25.73712,23.50496,0
2.059787,0.07444606,-10.03631,-1.052178,-0.04359034,-10,327.2605,500,-10,500,-10,7.877028,9.877784,61.33325,-23.1887,24.23094,-25.74616,23.50188,0
2.022154,0.68862,-9.824905,-1.030899,-0.168952,-10,326.5923,500,-10,500,-10,7.867052,9.977822,61.33234,-23.17729,24.23196,-25.75682,23.50011,0
1.99164,1.244139,-9.645142,-0.9716799,-0.2666802,-10,325.922,500,-10,500,-10,7.856374,10.07787,61.33393,-23.16615,24.23363,-25.76928,23.49976,0
1.745055,1.557138,-9.42225,-0.8289289,-0.3721394,-10,325.2498,500,-10,500,-10,7.844989,10.17791,61.33834,-23.15506,24.23486,-25.78402,23.50218,0
0.8565609,1.31298,-10.2715,-0.6887569,-0.4523056,-10,324.5756,500,-10,500,-10,7.832425,10.27788,61.346,-23.14534,24.23769,-25.80009,23.50569,0
0.5393724,1.671883,-9.722844,-0.4995653,-0.4858075,-10,323.8994,500,-10,500,-10,7.818296,10.37776,61.35734,-23.13611,24.24167,-25.81872,23.51112,0
0.2817791,1.640214,-9.715285,-0.3510159,-0.4499389,-10,323.2213,500,-10,500,-10,7.801898,10.47754,61.37253,-23.12877,24.24866,-25.83865,23.51671,0
-0.5442188,1.20111,-10.32492,-0.1692204,-0.4226201,-10,322.5411,500,-10,500,-10,7.781312,10.57718,61.39352,-23.12398,24.25739,-25.86083,23.52538,0
-1.002757,1.046028,-10.1225,0.02081152,-0.3515865,-10,321.859,500,-10,500,-10,7.75324,10.67661,61.42371,-23.1234,24.27034,-25.88642,23.53743,0
-1.032951,1.108601,-10.01945,0.2409716,-0.298423,-10,321.175,500,-10,500,-10,7.708243,10.7757,61.47272,-23.13249,24.29065,-25.91794,23.55774,0
-1.351955,0.9301549,-9.786866,0.4490202,-0.2201878,-10,320.489,500,-10,500,-10,7.614856,10.874,61.572,-23.16835,24.33345,-25.96434,23.5972,0
-1.805877,0.0388335,-10.41863,0.5967334,-0.1375529,-10,319.801,500,-10,500,-10,7.25825,10.96924,61.93577,-23.34676,24.49865,-26.08734,23.73342,0
-1.258959,0.2899585,-9.676242,0.6570039,-0.01583513,-10,319.111,500,-10,500,-10,9.783348,11.0124,59.41727,-22.10761,23.4293,-25.23969,22.71596,0
-1.656695,-0.3108723,-9.92339,0.6740052,0.1214111,-10,318.419,500,-10,500,-10,3.140739,11.03572,66.06715,-25.21083,26.54633,-27.64649,25.10895,0
-1.656237,-0.6617543,-9.855662,0.6880207,0.2459385,-10,317.7251,500,-10,500,-10,1.41713,11.08019,67.79905,-26.05526,27.26676,-28.23709,25.82355,0
-0.9060747,-0.5009989,-9.348974,0.6771063,0.3568906,-10,317.0292,500,-10,500,-10,1.513025,11.17985,67.70969,-25.99752,27.23508,-28.22079,25.78119,0
-0.9973922,-1.172163,-9.837865,0.5950738,0.4500016,-10,316.3314,500,-10,500,-10,1.524786,11.27997,67.70413,-25.98575,27.24073,-28.22796,25.77094,0
-0.6322829,-1.111392,-9.399064,0.501297,0.5288664,-10,315.6316,500,-10,500,-10,1.528188,11.38014,67.70618,-25.97843,27.2497,-28.23697,25.76365,0
-0.3995844,-1.267765,-9.569674,0.4094834,0.5820366,-10,314.9299,500,-10,500,-10,1.52917,11.48032,67.70994,-25.97234,27.25912,-28.24618,25.75735,0
-0.04208341,-1.298382,-9.441414,0.2812238,0.6258377,-10,314.2263,500,-10,500,-10,1.528841,11.58053,67.71404,-25.96723,27.26923,-28.25469,25.75065,0
0.1828822,-1.224644,-9.314328,0.132085,0.6773319,-10,313.5208,500,-10,500,-10,1.527131,11.68076,67.71832,-25.96256,27.2799,-28.2629,25.74352,0
0.2273823,-1.414639,-9.791836,0.01244382,0.6976786,-10,312.8134,500,-10,500,-10,1.523236,11.76923,67.72224,-25.95859,27.28883,-28.27011,25.73783,0
0.1700247,-1.814286,-10.44029,-0.07698613,0.649434,-10,312.104,500,-10,500,-10,1.520945,11.86947,67.72486,-25.95332,27.29675,-28.27756,25.73209,0
0.6496035,-1.507943,-9.991819,-0.1786761,0.5787545,-10,311.3929,500,-10,500,-10,1.518765,11.96968,67.7261,-25.94787,27.30408,-28.28403,25.72578,0
1.015998,-1.191799,-9.80504,-0.3145041,0.5301681,-10,310.6797,500,-10,500,-10,1.515938,12.06986,67.72631,-25.94233,27.31188,-28.28976,25.71816,0
1.145184,-1.191361,-10.14948,-0.4473297,0.4660188,-10,309.9648,500,-10,500,-10,1.512222,12.17001,67.72556,-25.93649,27.31911,-28.29497,25.7103,0
1.488194,-0.776309,-9.813481,-0.5526264,0.3763834,-10,309.248,500,-10,500,-10,1.507762,12.27011,67.7235,-25.92992,27.32513,-28.29983,25.70258,0
1.428979,-0.4702328,-9.755229,-0.6128503,0.2761099,-10,308.5293,500,-10,500,-10,1.502753,12.37014,67.72001,-25.92207,27.32975,-28.3048,25.69507,0
1.133576,-0.4642609,-10.19354,-0.6183804,0.1598393,-10,307.8088,500,-10,500,-10,1.497489,12.47007,67.71497,-25.91275,27.33268,-28.30993,25.68796,0
1.805081,0.2448123,-9.497408,-0.6051459,0.0384579,-10,307.0865,500,-10,500,-10,1.491962,12.56988,67.70823,-25.9026,27.33481,-28.3145,25.68025,0
1.747308,0.2952298,-9.719376,-0.6200833,-0.08306263,-10,306.3625,500,-10,500,-10,1.485644,12.66955,67.69975,-25.8922,27.33686,-28.31786,25.67117,0
1.352869,0.2640462,-10.17994,-0.6298519,-0.198745,-10,305.6366,500,-10,500,-10,1.47809,12.76907,67.68935,-25.88085,27.33826,-28.32061,25.66116,0
1.687634,1.098459,-9.320011,-0.5864745,-0.2996625,-10,304.909,500,-10,500,-10,1.469351,12.8684,67.67691,-25.86754,27.33824,-28.32361,25.65087,0
1.193153,1.043117,-9.559544,-0.508357,-0.395136,-10,304.1796,500,-10,500,-10,1.459367,12.96752,67.66212,-25.85257,27.33692,-28.32632,25.63994,0
1.168822,1.258703,-9.555603,-0.4156609,-0.4817784,-10,303.4483,500,-10,500,-10,1.447829,13.06639,67.64467,-25.8361,27.33458,-28.32834,25.62782,0
0.6638905,1.168641,-10.01984,-0.314091,-0.5618554,-10,302.7154,500,-10,500,-10,1.434154,13.16496,67.62402,-25.81803,27.33113,-28.32929,25.61415,0
0.7590503,1.636901,-9.414716,-0.1752756,-0.6284674,-10,301.9807,500,-10,500,-10,1.417754,13.26316,67.59941,-25.79749,27.32594,-28.32944,25.59896,0
0.1252555,1.230154,-10.00269,-0.02767604,-0.701794,-10,301.2443,500,-10,500,-10,1.397506,13.3609,67.5696,-25.77467,27.31888,-28.32757,25.58131,0
0.1137934,1.443041,-9.853532,0.09306872,-0.7415591,-10,300.5061,500,-10,500,-10,1.371507,13.45804,67.533,-25.74907,27.31055,-28.32283,25.55932,0
-0.7437398,1.022038,-10.45717,0.1841067,-0.7304658,-10,299.7661,500,-10,500,-10,1.337092,13.55444,67.48748,-25.71971,27.30059,-28.31448,25.53156,0
-0.9539655,1.07025,-10.15532,0.3007943,-0.6866806,-10,299.0245,500,-10,500,-10,1.290354,13.64984,67.4291,-25.68423,27.28667,-28.30158,25.49711,0
-1.21968,0.8637393,-10.31428,0.4584464,-0.6697176,-10,298.2811,500,-10,500,-10,1.22334,13.74361,67.34946,-25.63957,27.26527,-28.28025,25.45252,0
-0.8367246,1.360852,-9.616659,0.6309308,-0.6591196,-10,297.5359,500,-10,500,-10,1.119583,13.83447,67.23181,-25.57911,27.23192,-28.24323,25.38838,0
-1.031522,1.352693,-9.403953,0.7876062,-0.6276432,-10,296.789,500,-10,500,-10,0.9426979,13.91976,67.03996,-25.48863,27.17622,-28.17475,25.28513,0
-1.256514,1.051293,-9.425326,0.9310391,-0.5907063,-10,296.0403,500,-10,500,-10,0.6026499,13.99238,66.68409,-25.34071,27.07518,-28.0278,25.09129,0
-1.559631,0.5103271,-9.868521,1.038728,-0.564025,-10,295.2899,500,-10,500,-10,-0.08562656,14.03112,65.97959,-25.09561,26.86451,-27.68916,24.71823,0
-1.36413,0.4674399,-9.712075,1.098432,-0.5294194,-10,294.5378,500,-10,500,-10,-0.9048693,13.99626,65.14442,-24.84049,26.58961,-27.25226,24.30111,0
-1.634048,0.03774291,-10.12978,1.104875,-0.479254,-10,293.7837,500,-10,500,-10,-1.210513,13.90972,64.82372,-24.75531,26.46458,-27.07173,24.16042,0
-1.614556,-0.1359484,-10.13414,1.072464,-0.4055091,-10,293.0279,500,-10,500,-10,-1.312731,13.81376,64.70702,-24.72866,26.4134,-27.00167,24.11488,0
-1.385185,-0.09392581,-9.760674,1.028375,-0.3257931,-10,292.2702,500,-10,500,-10,-1.360583,13.71589,64.64502,-24.71725,26.38265,-26.96171,24.09427,0
-1.783256,-0.5957382,-10.23058,0.9915267,-0.262627,-10,291.5107,500,-10,500,-10,-1.387333,13.61737,64.60419,-24.71248,26.36021,-26.93265,24.08288,0
-1.353314,-0.4157906,-9.907264,0.958478,-0.2026061,-10,290.7493,500,-10,500,-10,-1.403673,13.51856,64.57365,-24.71087,26.34185,-26.90896,24.07593,0
-1.25351,-0.671955,-10.23733,0.8981801,-0.1560754,-10,289.986,500,-10,500,-10,-1.414203,13.41961,64.54893,-24.71167,26.32618,-26.88767,24.07112,0
-0.7043775,-0.528062,-9.925067,0.8175803,-0.1282983,-10,289.2208,500,-10,500,-10,-1.421191,13.32058,64.52792,-24.7142,26.31216,-26.86773,24.06774,0
-0.5646141,-0.6697544,-9.974823,0.7227424,-0.1289722,-10,288.4536,500,-10,500,-10,-1.425801,13.22147,64.50966,-24.71818,26.29919,-26.84862,24.06557,0
-0.5413687,-0.8001476,-10.04465,0.6227032,-0.1471788,-10,287.6845,500,-10,500,-10,-1.428754,13.12228,64.49348,-24.72313,26.28697,-26.83027,24.06439,0
-0.3222416,-0.63976,-9.799651,0.5224323,-0.1675377,-10,286.9136,500,-10,500,-10,-1.43058,13.02303,64.47889,-24.72864,26.27539,-26.81267,24.06387,0
-0.2176394,-0.5180464,-9.755507,0.4225358,-0.1822218,-10,286.1407,500,-10,500,-10,-1.43166,12.92373,64.46537,-24.73444,26.26431,-26.79567,24.06375,0
-0.01580091,-0.3258905,-9.741752,0.3292028,-0.191466,-10,285.3659,500,-10,500,-10,-1.43221,12.82441,64.45259,-24.74032,26.25348,-26.7792,24.064,0
0.1962912,-0.1864507,-9.820362,0.2469335,-0.2100144,-10,284.5891,500,-10,500,-10,-1.43227,12.72507,64.44038,-24.74631,26.24258,-26.76309,24.06478,0
-0.1427985,-0.5623421,-10.54567,0.1740942,-0.2530056,-10,283.8105,500,-10,500,-10,-1.431809,12.62567,64.42874,-24.75261,26.23147,-26.74715,24.06625,0
0.7512437,0.2743502,-9.474881,0.1232523,-0.3040942,-10,283.03,500,-10,500,-10,-1.430747,12.52621,64.41763,-24.7588,26.22009,-26.73176,24.06842,0
-0.1324073,-0.4400569,-10.57919,0.07401962,-0.376381,-10,282.2477,500,-10,500,-10,-1.429097,12.42668,64.40704,-24.76536,26.20864,-26.71641,24.07109,0
0.2863675,0.09695475,-9.953107,0.04917474,-0.4387097,-10,281.4634,500,-10,500,-10,-1.426756,12.32707,64.39678,-24.77149,26.19698,-26.70179,24.07425,0
0.1393818,0.1074176,-10.12893,0.03574729,-0.5048819,-10,280.6773,500,-10,500,-10,-1.423641,12.2274,64.38672,-24.7775,26.18513,-26.68744,24.07776,0
0.8369158,0.880448,-9.279314,0.04163511,-0.5664825,-10,279.8893,500,-10,500,-10,-1.41957,12.12766,64.37665,-24.78308,26.17294,-26.67351,24.08161,0
0.3613597,0.5763299,-9.986932,0.04974928,-0.6389018,-10,279.0994,500,-10,500,-10,-1.41442,12.02786,64.36639,-24.78863,26.16042,-26.65947,24.08563,0
0.5093505,0.885819,-9.827209,0.07085654,-0.7036495,-10,278.3076,500,-10,500,-10,-1.407945,11.928,64.35568,-24.79363,26.14747,-26.64559,24.08971,0
0.3487115,0.9524536,-9.966305,0.09975475,-0.7625687,-10,277.5139,500,-10,500,-10,-1.399766,11.82812,64.34405,-24.79801,26.13391,-26.63157,24.09363,0
-0.1003449,0.7690318,-10.38235,0.140298,-0.8142088,-10,276.7182,500,-10,500,-10,-1.389268,11.72822,64.33089,-24.80144,26.11937,-26.61724,24.09726,0
-0.3277948,0.766791,-10.4646,0.1987255,-0.8586583,-10,275.9206,500,-10,500,-10,-1.375382,11.62836,64.31519,-24.80338,26.1032,-26.60229,24.10042,0
0.06510997,1.281604,-9.770101,0.2754493,-0.8991348,-10,275.121,500,-10,500,-10,-1.356461,11.52858,64.29539,-24.80323,26.08454,-26.58604,24.10269,0
-0.2899289,1.044504,-10.14334,0.351642,-0.9492589,-10,274.3195,500,-10,500,-10,-1.32978,11.42895,64.26881,-24.80034,26.06209,-26.5669,24.10311,0
-0.1866661,1.206298,-9.995097,0.4230998,-0.995271,-10,273.516,500,-10,500,-10,-1.28983,11.32962,64.22987,-24.79235,26.03313,-26.54263,24.09981,0
-0.1506993,1.340017,-9.918679,0.4804932,-1.032129,-10,272.7106,500,-10,500,-10,-1.223176,11.23099,64.16498,-24.77378,25.99064,-26.50743,24.08852,0
-0.3915784,1.282788,-10.09079,0.5328299,-1.058108,-10,271.9032,500,-10,500,-10,-1.087902,11.13414,64.0322,-24.72711,25.91231,-26.44407,24.05683,0
-0.4358607,1.447253,-9.882624,0.6047411,-1.078494,-10,271.0938,500,-10,500,-10,-0.6652411,11.04373,63.61307,-24.55353,25.6811,-26.27036,23.94075,0
-0.7105205,1.386557,-9.93856,0.7064645,-1.110357,-10,270.2826,500,-10,500,-10,3.118134,11.0016,59.83544,-22.65586,23.96616,-25.03794,22.5256,0
-0.8232538,1.444205,-9.861199,0.8267158,-1.149607,-10,269.4694,500,-10,500,-10,-1.177378,10.99828,64.13898,-24.64261,25.94059,-26.61705,24.11702,0
-1.202553,1.29331,-10.19921,0.9239841,-1.167871,-10,268.6542,500,-10,500,-10,-55.10044,11.0753,118.0715,-50.10945,51.28358,-45.83807,43.4619,0
-1.377746,1.42241,-10.16544,0.9964128,-1.13599,-10,267.8373,500,-10,500,-10,-54.90789,11.17439,117.8881,-50.0328,51.24553,-45.7628,43.34803,0
-1.17806,1.851187,-9.617476,1.117913,-1.104869,-10,267.0185,500,-10,500,-10,-54.88107,11.27496,117.8719,-50.04435,51.27477,-45.73784,43.30539,0
-1.428108,1.79756,-9.859353,1.317804,-1.137651,-10,266.1979,500,-10,500,-10,-54.86507,11.37561,117.8686,-50.06204,51.30701,-45.71737,43.27035,0
-1.228184,2.303802,-9.227027,1.527167,-1.163487,-10,265.3756,500,-10,500,-10,-54.85072,11.4763,117.8691,-50.08147,51.34062,-45.69841,43.23722,0
-1.688369,1.854093,-9.620544,1.733602,-1.199859,-10,264.5516,500,-10,500,-10,-54.83626,11.57701,117.872,-50.10119,51.37394,-45.68105,43.20626,0
-1.623172,2.02907,-9.325196,1.895897,-1.220344,-10,263.726,500,-10,500,-10,-54.82132,11.67773,117.8765,-50.09353,51.37997,-45.69249,43.20401,0
-2.249893,1.904361,-9.741179,2.091436,-1.264426,-10,262.8986,500,-10,500,-10,-54.80508,11.77846,117.8823,-50.08516,51.38458,-45.70559,43.20413,0
-2.274643,2.10781,-9.208348,2.277858,-1.252339,-10,262.0697,500,-10,500,-10,-54.78772,11.87912,117.8897,-50.07711,51.39049,-45.71981,43.20439,0
-2.420393,2.132734,-8.951266,2.469213,-1.254409,-10,261.2391,500,-10,500,-10,-54.76899,11.97966,117.8988,-50.06989,51.39663,-45.73459,43.20581,0
-2.852136,1.973868,-9.286222,2.636063,-1.215763,-10,260.407,500,-10,500,-10,-54.74872,12.07999,117.9099,-50.0635,51.40419,-45.75013,43.2074,0
-3.464261,1.735374,-9.77421,2.879188,-1.211982,-10,259.5733,500,-10,500,-10,-54.72629,12.18006,117.9229,-50.05707,51.41059,-45.76735,43.21178,0
-3.622501,2.00988,-9.271698,3.112434,-1.180618,-10,258.7379,500,-10,500,-10,-54.70097,12.27977,117.938,-50.0514,51.418,-45.78556,43.21692,0
-3.707184,1.973891,-9.018104,3.322675,-1.138659,-10,257.9009,500,-10,500,-10,-54.67273,12.37897,117.9558,-50.04714,51.4266,-45.80452,43.22302,0
-3.852136,2.185968,-8.646594,3.55726,-1.096228,-10,257.0622,500,-10,500,-10,-54.64095,12.47751,117.9765,-50.04374,51.43555,-45.82506,43.2312,0
-4.203673,2.004781,-8.806983,3.830203,-1.072729,-10,256.2218,500,-10,500,-10,-54.60466,12.57523,118.0004,-50.04126,51.44445,-45.84736,43.24213,0
-4.667746,1.729068,-8.862983,4.088905,-1.03527,-10,255.3797,500,-10,500,-10,-54.56323,12.67187,118.0282,-50.04055,51.45472,-45.87113,43.25492,0
-4.745148,1.996078,-8.457025,4.335551,-0.9627281,-10,254.5357,500,-10,500,-10,-54.51607,12.76695,118.061,-50.04184,51.46688,-45.89703,43.26995,0
-5.468111,1.579268,-8.868201,4.605831,-0.9155469,-10,253.6898,500,-10,500,-10,-54.46194,12.86005,118.0997,-50.04555,51.47986,-45.92535,43.289,0
-4.863622,2.103091,-7.787021,4.879066,-0.8445369,-10,252.842,500,-10,500,-10,-54.39941,12.95061,118.1453,-50.05196,51.49483,-45.95671,43.31179,0
-5.606709,1.565187,-8.179834,5.151442,-0.7697502,-10,251.9923,500,-10,500,-10,-54.32695,13.03775,118.1994,-50.06208,51.5121,-45.99146,43.3394,0
-6.06743,1.436338,-8.002476,5.452759,-0.6951759,-10,251.1406,500,-10,500,-10,-54.24251,13.12042,118.2638,-50.07615,51.53157,-46.03075,43.3733,0
-6.407274,1.641808,-7.937119,5.744483,-0.6211857,-10,250.2869,500,-10,500,-10,-54.14397,13.19728,118.3404,-50.09562,51.55445,-46.07474,43.41386,0
-6.617371,1.828931,-7.299705,6.052652,-0.5130776,-10,249.4314,500,-10,500,-10,-54.02904,13.26637,118.4314,-50.1207,51.58144,-46.12508,43.4623,0
-6.753446,1.66914,-6.935266,6.406226,-0.4288756,-10,248.574,500,-10,500,-10,-53.89551,13.32556,118.5384,-50.15512,51.61503,-46.17928,43.51732,0
-7.193249,1.44105,-6.581296,6.720417,-0.3352113,-10,247.7148,500,-10,500,-10,-53.74276,13.3723,118.6618,-50.19488,51.65974,-46.24179,43.57488,0
-7.767929,1.277735,-6.855593,7.052009,-0.2532851,-10,246.854,500,-10,500,-10,-53.57222,13.40377,118.8001,-50.24001,51.71135,-46.31127,43.63789,0
-8.136744,1.442584,-6.163802,7.395039,-0.1155357,-10,245.9917,500,-10,500,-10,-53.38802,13.41716,118.9488,-50.29025,51.76666,-46.3842,43.70575,0
-8.110487,1.623055,-5.286803,7.775073,0.01099533,-10,245.1281,500,-10,500,-10,-53.19749,13.41065,119.0999,-50.34271,51.82101,-46.45692,43.77658,0
-8.437306,1.292614,-4.952499,8.095737,0.169335,-10,244.2635,500,-10,500,-10,-53.00991,13.38398,119.2439,-50.39446,51.8724,-46.52453,43.84454,0
-9.185598,0.6213322,-5.006381,8.432356,0.2963019,-10,243.3978,500,-10,500,-10,-52.83305,13.33875,119.3729,-50.44126,51.9154,-46.58458,43.9084,0
-9.356151,0.4081458,-4.227955,8.80282,0.3810745,-10,242.5313,500,-10,500,-10,-52.67035,13.27807,119.4824,-50.48074,51.94784,-46.63585,43.96671,0
-9.508174,0.05688079,-3.718958,9.120793,0.4607001,-10,241.6642,500,-10,500,-10,-52.52264,13.20499,119.5714,-50.51323,51.97136,-46.6771,44.01692,0
-9.84656,-0.4920765,-3.613021,9.374192,0.5379589,-10,240.7965,500,-10,500,-10,-52.38891,13.12237,119.6408,-50.53911,51.98681,-46.70876,44.05901,0
-9.693474,-0.5739227,-2.878451,9.584862,0.6115396,-10,239.9284,500,-10,500,-10,-52.2668,13.03272,119.6927,-50.55869,51.99484,-46.73219,44.09399,0
-10.00752,-1.122637,-2.798467,9.749656,0.6727583,-10,239.0597,500,-10,500,-10,-52.15366,12.93812,119.7293,-50.57288,51.99648,-46.74833,44.12268,0
-9.787673,-1.257797,-2.163137,9.867711,0.7295288,-10,238.1907,500,-10,500,-10,-52.04702,12.84027,119.7525,-50.58225,51.99271,-46.75816,44.14566,0
-10.22095,-2.087926,-2.594877,9.921342,0.771556,-10,237.3212,500,-10,500,-10,-51.94479,12.74058,119.7637,-50.58769,51.98441,-46.76204,44.16328,0
-9.571059,-2.000491,-1.855604,9.914905,0.8114988,-10,236.4512,500,-10,500,-10,-51.84518,12.64026,119.7641,-50.58927,51.97211,-46.76073,44.17585,0
-9.661157,-2.669239,-2.323723,9.827842,0.8379709,-10,235.5807,500,-10,500,-10,-51.7468,12.54041,119.7541,-50.58763,51.95636,-46.75414,44.18337,0
-9.122804,-2.820903,-2.174513,9.660166,0.869646,-10,234.7094,500,-10,500,-10,-51.64838,12.44205,119.7341,-50.5825,51.93745,-46.74271,44.18572,0
-9.339067,-3.71625,-3.134435,9.395252,0.9067973,-10,233.8373,500,-10,500,-10,-51.54891,12.34621,119.7039,-50.57391,51.91558,-46.72625,44.18254,0
-8.94968,-4.0608,-3.339098,9.053574,0.9617145,-10,232.9643,500,-10,500,-10,-51.44728,12.25398,119.6629,-50.56096,51.89028,-46.70521,44.17385,0
-8.106706,-3.969968,-3.028698,8.673225,1.012055,-10,232.0901,500,-10,500,-10,-51.34205,12.16652,119.6105,-50.54275,51.86032,-46.67996,44.16035,0
-8.311763,-4.868485,-4.360086,8.262503,1.030524,-10,231.2146,500,-10,500,-10,-51.23181,12.08494,119.5461,-50.51903,51.825,-46.65035,44.14234,0
-7.736088,-4.96378,-4.775,7.772952,1.087011,-10,230.3377,500,-10,500,-10,-51.11539,12.01067,119.4688,-50.48916,51.78546,-46.61616,44.11781,0
-7.273375,-4.891287,-5.205813,7.270901,1.161396,-10,229.4591,500,-10,500,-10,-50.99179,11.94545,119.3775,-50.45158,51.73994,-46.57814,44.08774,0
-7.098407,-5.280842,-6.202283,6.791681,1.21627,-10,228.579,500,-10,500,-10,-50.86,11.89073,119.2725,-50.40604,51.68758,-46.53664,44.05306,0
-6.388204,-5.135416,-6.432987,6.297972,1.28092,-10,227.697,500,-10,500,-10,-50.72057,11.84838,119.1542,-50.35306,51.62981,-46.49161,44.01281,0
-5.721521,-5.017568,-6.688155,5.791789,1.355223,-10,226.8133,500,-10,500,-10,-50.57534,11.81994,119.0248,-50.29368,51.56792,-46.44376,43.96748,0
-5.01805,-4.909026,-7.092687,5.311726,1.420259,-10,225.9278,500,-10,500,-10,-50.42754,11.8065,118.888,-50.22949,51.50322,-46.39461,43.91884,0
-4.442297,-4.543852,-7.273505,4.845726,1.469921,-10,225.0404,500,-10,500,-10,-50.28173,11.80845,118.7486,-50.16343,51.43856,-46.34521,43.86803,0
-3.948432,-4.26944,-7.584938,4.406459,1.511015,-10,224.1513,500,-10,500,-10,-50.14269,11.82532,118.6119,-50.09803,51.37657,-46.29726,43.81668,0
-3.941831,-4.533481,-8.173821,3.961292,1.563562,-10,223.2604,500,-10,500,-10,-50.01483,11.85606,118.4821,-50.03772,51.32253,-46.25001,43.76316,0
-2.923273,-4.031431,-7.941283,3.584785,1.603377,-10,222.3678,500,-10,500,-10,-49.90059,11.899,118.3621,-49.97763,51.28312,-46.21073,43.70321,0
-2.912453,-4.032903,-8.482079,3.205117,1.642139,-10,221.4736,500,-10,500,-10,-49.80123,11.95217,118.2534,-49.92228,51.25,-46.17596,43.64619,0
-2.741322,-4.149152,-8.940882,2.861528,1.665193,-10,220.5777,500,-10,500,-10,-49.71644,12.01354,118.1556,-49.87159,51.2218,-46.14566,43.59341,0
-1.873015,-3.626904,-8.536681,2.545985,1.699554,-10,219.6803,500,-10,500,-10,-49.64532,12.08155,118.068,-49.8252,51.1983,-46.11948,43.54434,0
-2.254969,-3.849408,-9.405407,2.2435,1.71883,-10,218.7812,500,-10,500,-10,-49.58649,12.15469,117.9892,-49.78316,51.17868,-46.09623,43.49867,0
-1.980453,-3.636786,-9.302705,1.962515,1.749431,-10,217.8806,500,-10,500,-10,-49.53866,12.23187,117.9178,-49.74444,51.16238,-46.07578,43.4558,0
-1.566648,-3.48712,-9.125645,1.692841,1.793491,-10,216.9784,500,-10,500,-10,-49.5006,12.31223,117.8524,-49.70856,51.14894,-46.05749,43.41506,0
-1.288031,-3.253036,-9.185254,1.427019,1.847109,-10,216.0746,500,-10,500,-10,-49.47148,12.39512,117.7919,-49.67516,51.13793,-46.04071,43.3759,0
-1.163193,-3.135867,-9.287625,1.14731,1.953784,-10,215.1692,500,-10,500,-10,-49.45077,12.48026,117.7353,-49.64363,51.12975,-46.02537,43.3372,0
-0.6390442,-2.832807,-8.925919,0.9553803,2.019895,-10,214.2623,500,-10,500,-10,-49.43719,12.56697,117.6814,-49.61266,51.12108,-46.0117,43.30123,0
-0.8390447,-3.294375,-9.445469,0.7896208,2.045723,-10,213.3537,500,-10,500,-10,-49.42995,12.65454,117.6289,-49.58267,51.1124,-45.99819,43.26642,0
-0.6996202,-3.352767,-9.277992,0.6025352,2.084875,-10,212.4434,500,-10,500,-10,-49.42903,12.74265,117.5769,-49.55344,51.10478,-45.98431,43.23093,0
-0.7694806,-3.484007,-9.434675,0.3890573,2.162229,-10,211.5315,500,-10,500,-10,-49.43482,12.83115,117.5246,-49.52445,51.09834,-45.96995,43.19402,0
-0.1342277,-3.204155,-8.892795,0.1705107,2.264958,-10,210.6178,500,-10,500,-10,-49.44756,12.91992,117.4712,-49.49511,51.09229,-45.95501,43.15579,0
-0.2170564,-3.785679,-9.238645,-0.1067815,2.390125,-10,209.7024,500,-10,500,-10,-49.46826,13.00879,117.4156,-49.46597,51.08722,-45.93815,43.11486,0
-0.0934485,-3.862355,-9.258295,-0.330291,2.49768,-10,208.7852,500,-10,500,-10,-49.49741,13.09715,117.3564,-49.43484,51.08017,-45.92019,43.07283,0
0.0154022,-3.953981,-9.054753,-0.6410434,2.671154,-10,207.8661,500,-10,500,-10,-49.53669,13.185,117.2922,-49.40275,51.07413,-45.89912,43.0257,0
0.0005428903,-4.361422,-9.151949,-0.9410362,2.847817,-10,206.9452,500,-10,500,-10,-49.58784,13.27177,117.221,-49.36785,51.06602,-45.875,42.97479,0
0.1885555,-4.939919,-9.119745,-1.269219,3.049965,-10,206.0223,500,-10,500,-10,-49.65356,13.35686,117.1399,-49.32949,51.05582,-45.8462,42.91782,0
0.2666218,-5.389644,-8.942875,-1.632962,3.274954,-10,205.0975,500,-10,500,-10,-49.7376,13.43929,117.0453,-49.28643,51.04234,-45.81079,42.85284,0
0.688035,-5.668638,-8.459345,-2.031278,3.535606,-10,204.1708,500,-10,500,-10,-49.84523,13.51769,116.9318,-49.23746,51.02303,-45.76574,42.77812,0
0.9794989,-6.095585,-8.103943,-2.436743,3.797367,-10,203.2421,500,-10,500,-10,-49.98341,13.58989,116.7926,-49.1882,50.99031,-45.6997,42.69555,0
1.095982,-6.548266,-7.731047,-2.914374,4.10673,-10,202.3114,500,-10,500,-10,-50.16078,13.65257,116.6193,-49.13513,50.95344,-45.60915,42.58881,0
1.559676,-7.052422,-7.157009,-3.432354,4.464227,-10,201.3788,500,-10,500,-10,-50.38546,13.70112,116.4041,-49.07196,50.90546,-45.49404,42.4585,0
2.265919,-7.295001,-6.093062,-3.977883,4.849309,-10,200.4444,500,-10,500,-10,-50.65853,13.72906,116.1463,-48.99901,50.84531,-45.35333,42.305,0
2.240132,-8.188465,-5.704696,-4.608679,5.319082,-10,199.5082,500,-10,500,-10,-50.96423,13.73,115.862,-48.92125,50.77827,-45.1955,42.13645,0
2.292999,-8.70686,-4.721817,-5.252424,5.845199,-10,198.5704,500,-10,500,-10,-51.26838,13.70047,115.5855,-48.84696,50.71148,-45.04071,41.97416,0
2.33972,-9.058074,-3.635287,-5.920896,6.48423,-10,197.6312,500,-10,500,-10,-51.53925,13.6426,115.3487,-48.78297,50.65334,-44.90849,41.83607,0
2.089866,-9.815498,-2.761654,-6.595554,7.240355,-10,196.6909,500,-10,500,-10,-51.76642,13.56191,115.1618,-48.73336,50.59682,-44.80325,41.73775,0
1.483421,-10.43972,-2.011649,-7.207817,8.079636,-10,195.7497,500,-10,500,-10,-51.95497,13.46352,115.0192,-48.70297,50.55123,-44.71546,41.66516,0
1.191031,-10.2815,-0.8030586,-7.756974,9.08883,-10,194.808,500,-10,500,-10,-52.11524,13.35075,114.9094,-48.68103,50.51907,-44.64645,41.60635,0
0.4552816,-10.25444,0.0766452,-8.217175,10,-10,193.8658,500,-10,500,-10,-52.25474,13.2254,114.8243,-48.66716,50.49394,-44.58984,41.56102,0
-0.5929297,-10.32629,0.6824002,-8.524239,10,-10,192.9234,500,-10,500,-10,-52.37305,13.09219,114.7672,-48.66991,50.4677,-44.53973,41.53991,0
-0.9666477,-9.688707,2.03043,-8.625694,10,-10,191.9809,500,-10,500,-10,-52.4759,12.95457,114.7323,-48.67614,50.44765,-44.50458,41.53102,0
-1.967834,-9.654335,2.276373,-8.504864,10,-10,191.0382,500,-10,500,-10,-52.56781,12.81457,114.7143,-48.68381,50.43139,-44.48202,41.53239,0
-3.057304,-9.808253,2.123435,-8.142338,10,-10,190.0953,500,-10,500,-10,-52.65139,12.67361,114.71,-48.69154,50.41723,-44.47073,41.543,0
-3.536788,-9.563343,2.537851,-7.523667,10,-10,189.1521,500,-10,500,-10,-52.72796,12.53278,114.7174,-48.6984,50.4041,-44.46998,41.56224,0
-3.287963,-8.858939,3.712014,-6.644514,10,-10,188.2084,500,-10,500,-10,-52.79813,12.3929,114.7353,-48.7039,50.39149,-44.47935,41.58972,0
-3.324514,-8.680387,4.310054,-5.516107,10,-10,187.2641,500,-10,500,-10,-52.86219,12.25456,114.7634,-48.70807,50.37944,-44.49846,41.62504,0
-3.292366,-8.74136,4.729277,-4.150404,10,-10,186.3193,500,-10,500,-10,-52.92035,12.1182,114.8018,-48.71112,50.36827,-44.52719,41.668,0
-2.447209,-8.363675,5.841502,-2.568366,10,-10,185.3739,500,-10,500,-10,-52.97306,11.9841,114.8512,-48.71373,50.35875,-44.56555,41.71849,0
-0.9849176,-7.682038,7.287662,-0.8074479,10,-10,184.4282,500,-10,500,-10,-53.02149,11.85243,114.9133,-48.71714,50.35231,-44.61357,41.77636,0
0.2440951,-7.392557,7.881509,1.080106,10,-10,183.4823,500,-10,500,-10,-53.06815,11.72332,114.9909,-48.72343,50.35134,-44.67157,41.84162,0
1.70137,-6.967229,8.286105,3.038684,10,-10,182.5362,500,-10,500,-10,-53.11815,11.59703,115.0892,-48.73584,50.35941,-44.74065,41.91504,0
2.854483,-6.789992,8.112919,4.995504,10,-10,181.59,500,-10,500,-10,-53.18173,11.47422,115.2184,-48.75996,50.38287,-44.82352,41.99857,0
3.725386,-6.764807,7.805734,6.871958,10,-10,180.6435,500,-10,500,-10,-53.28065,11.35661,115.3993,-48.81334,50.42613,-44.92004,42.10522,0
3.590735,-7.543085,6.696543,8.573611,10,-10,179.6966,500,-10,500,-10,-53.46537,11.24885,115.681,-48.90737,50.50428,-45.05946,42.26051,0
3.463069,-8.162879,6.133785,9.959368,10,-10,178.7493,500,-10,500,-10,-53.85911,11.16444,116.1843,-49.09002,50.67449,-45.29385,42.50733,0
2.815776,-8.977127,5.213076,10,10,-10,177.8014,500,-10,500,-10,-54.62489,11.14229,117.0611,-49.46255,51.03714,-45.6478,42.87116,0
1.68636,-9.756205,3.525504,10,10,-10,176.8532,500,-10,500,-10,-55.23069,11.2231,117.776,-49.84184,51.31886,-45.86087,43.18181,0
0.7387484,-10.08212,1.350699,10,10,-10,175.9047,500,-10,500,-10,-55.38422,11.34819,118.038,-49.97124,51.42396,-45.94858,43.29382,0
-0.5163505,-10.33833,-1.120572,10,9.968977,-10,174.956,500,-10,500,-10,-55.40973,11.47984,118.1736,-50.03004,51.48039,-46.00211,43.34971,0
-1.705766,-9.038803,-3.521793,10,8.683614,-10,174.0069,500,-10,500,-10,-55.38297,11.60862,118.2579,-50.07472,51.50251,-46.02727,43.39743,0
-2.882683,-7.400673,-5.554238,10,6.963526,-10,173.0571,500,-10,500,-10,-55.32267,11.72917,118.3077,-50.10607,51.50559,-46.03719,43.43562,0
-4.463223,-5.871586,-7.388887,10,5.421567,-10,172.1063,500,-10,500,-10,-55.24619,11.84248,118.3404,-50.12673,51.50341,-46.04367,43.46495,0
-5.503917,-3.191798,-7.71837,10,4.042627,-10,171.154,500,-10,500,-10,-55.16085,11.9502,118.3636,-50.14081,51.49886,-46.04878,43.48869,0
-6.51851,-0.7541636,-7.259339,10,2.762281,-10,170.2,500,-10,500,-10,-55.07019,12.0539,118.3808,-50.15089,51.49276,-46.05296,43.50904,0
-7.741168,0.8856595,-6.584151,10,1.549709,-10,169.244,500,-10,500,-10,-54.97607,12.15503,118.3939,-50.15791,51.48589,-46.05676,43.52673,0
-8.417923,2.779635,-4.934127,10,0.3451101,-10,168.2863,500,-10,500,-10,-54.87954,12.25492,118.4037,-50.16271,51.47828,-46.06008,43.54247,0
-8.827991,4.205103,-3.398808,10,-0.9022999,-10,167.3271,500,-10,500,-10,-54.78125,12.35497,118.4105,-50.16665,51.46888,-46.06182,43.55755,0
-8.394127,5.715922,-1.230764,10,-2.298951,-10,166.3667,500,-10,500,-10,-54.68164,12.45686,118.4139,-50.17061,51.45639,-46.06062,43.5728,0
-7.830266,6.658357,0.01736197,10,-3.84381,-10,165.4057,500,-10,500,-10,-54.58137,12.56265,118.4131,-50.17421,51.44079,-46.05638,43.58775,0
-6.819401,7.762959,1.653861,10,-5.593924,-10,164.4444,500,-10,500,-10,-54.4813,12.6749,118.4075,-50.17767,51.42137,-46.0483,43.60256,0
-6.564449,7.901925,1.907412,10,-7.549586,-10,163.4829,500,-10,500,-10,-54.3826,12.79659,118.3966,-50.18063,51.39822,-46.03633,43.6167,0
-6.070982,8.199474,2.09285,10,-9.58941,-10,162.5214,500,-10,500,-10,-54.2865,12.93051,118.3808,-50.18172,51.3731,-46.02211,43.62868,0
-5.50921,8.626054,2.061826,10,-10,-10,161.5599,500,-10,500,-10,-54.19001,13.07109,118.3707,-50.16633,51.36918,-46.02913,43.62423,0
-4.491428,9.475555,2.238747,10,-10,-10,160.5981,500,-10,500,-10,-54.08687,13.21192,118.376,-50.1523,51.37589,-46.04752,43.62188,0
-3.785336,9.772965,1.428843,10,-10,-10,159.6358,500,-10,500,-10,-53.97065,13.35147,118.401,-50.14582,51.38997,-46.07476,43.62857,0
-2.367974,10.08298,0.7821546,10,-10,-10,158.673,500,-10,500,-10,-53.83125,13.48763,118.4542,-50.14994,51.41415,-46.11475,43.64849,0
-0.2701984,10.21159,0.4736521,10,-10,-10,157.7094,500,-10,500,-10,-53.65133,13.61693,118.5515,-50.17052,51.45378,-46.17476,43.68946,0
1.874795,9.759051,0.7998021,10,-10,-10,156.7449,500,-10,500,-10,-53.39969,13.73285,118.7227,-50.22404,51.52437,-46.26307,43.76069,0
3.814224,8.809934,2.652784,10,-10,-10,155.7795,500,-10,500,-10,-53.02501,13.82214,119.0177,-50.33694,51.65043,-46.39466,43.87913,0
4.579065,7.136333,5.630242,9.883714,-10,-10,154.8135,500,-10,500,-10,-52.49171,13.86004,119.4717,-50.52462,51.84369,-46.58312,44.06201,0
3.964843,4.800536,8.568901,7.080106,-10,-10,153.8473,500,-10,500,-10,-51.9497,13.82194,119.9533,-50.77103,52.08449,-46.73572,44.22022,0
2.362744,2.239365,10.2078,3.28089,-10,-10,152.8811,500,-10,500,-10,-51.61658,13.7241,120.2605,-50.94662,52.25504,-46.81467,44.30422,0
0.7446454,0.3495967,10.81761,-0.993404,-10,-10,151.9147,500,-10,500,-10,-51.46687,13.60166,120.4246,-51.07515,52.39106,-46.82216,44.3042,0
-1.11478,-0.9203582,10.11875,-5.515544,-10,-10,150.9479,500,-10,500,-10,-51.42457,13.47167,120.5265,-51.1931,52.50669,-46.78864,44.273,0
-2.023163,0.002512395,10.19492,-9.773645,-10,-10,149.9803,500,-10,500,-10,-51.45097,13.34042,120.6066,-51.30313,52.61099,-46.74498,44.23508,0
-2.957041,2.461957,9.653007,-10,-10,-10,149.012,500,-10,500,-10,-51.49978,13.21105,120.6825,-51.3442,52.64607,-46.76682,44.26291,0
-3.151885,6.241835,8.24992,-10,-10,-10,148.0432,500,-10,500,-10,-51.55598,13.0847,120.7589,-51.38168,52.67823,-46.79261,44.29403,0
-2.456399,9.056296,4.588824,-10,-10,-10,147.0744,500,-10,500,-10,-51.61917,12.96217,120.8377,-51.42006,52.71233,-46.81956,44.32524,0
-0.2249055,10.16751,0.4897548,-10,-10,-10,146.1055,500,-10,500,-10,-51.6896,12.84443,120.9207,-51.45984,52.74927,-46.84851,44.35705,0
3.472733,9.328272,-2.208736,-10,-10,-10,145.1361,500,-10,500,-10,-51.76787,12.7326,121.0092,-51.5015,52.78982,-46.8802,44.38983,0
6.985121,6.951018,-3.058537,-10,-9.847589,-10,144.1657,500,-10,500,-10,-51.85478,12.62801,121.1038,-51.54352,52.83607,-46.9166,44.422,0
9.32621,3.608209,-2.071524,-10,-6.803677,-10,143.1938,500,-10,500,-10,-51.95168,12.53102,121.1838,-51.54835,52.90851,-46.97805,44.41586,0
10.36202,0.5129021,0.5727298,-10,-3.496395,-10,142.2208,500,-10,500,-10,-52.05488,12.43775,121.2405,-51.54272,52.97274,-47.03059,44.39853,0
9.820092,-2.503607,2.917481,-10,-0.05555248,-10,141.247,500,-10,500,-10,-52.15983,12.34266,121.274,-51.52827,53.02693,-47.07288,44.37218,0
8.597304,-4.281991,5.238184,-10,3.674093,-10,140.273,500,-10,500,-10,-52.26192,12.23911,121.2831,-51.5029,53.0714,-47.10579,44.33525,0
6.733904,-6.088015,5.479026,-10,7.666486,-10,139.299,500,-10,500,-10,-52.35575,12.11999,121.266,-51.46653,53.10419,-47.12794,44.28825,0
5.843281,-7.204076,5.271137,-10,10,-10,138.325,500,-10,500,-10,-52.43929,11.98419,121.2301,-51.4433,53.10715,-47.12144,44.25555,0
5.311258,-8.318621,4.164893,-10,10,-10,137.3509,500,-10,500,-10,-52.52373,11.84494,121.2029,-51.44951,53.08795,-47.09268,44.25219,0
5.097471,-8.930854,3.160511,-10,10,-10,136.3763,500,-10,500,-10,-52.61436,11.70431,121.1889,-51.46052,53.07566,-47.07012,44.25293,0
3.117414,-9.922888,1.297978,-10,10,-10,135.4012,500,-10,500,-10,-52.71852,11.56334,121.194,-51.4785,53.07364,-47.05629,44.2591,0
0.004945487,-10.2506,0.4784755,-10,10,-10,134.4253,500,-10,500,-10,-52.85076,11.42357,121.231,-51.50846,53.08936,-47.05703,44.27409,0
-3.344461,-9.573367,1.668862,-10,10,-10,133.4485,500,-10,500,-10,-53.0461,11.288,121.3338,-51.56349,53.14162,-47.08715,44.30698,0
-5.37885,-7.605195,4.735457,-10,10,-10,132.471,500,-10,500,-10,-53.41277,11.16485,121.609,-51.69489,53.27942,-47.18382,44.39724,0
-4.751126,-4.169076,8.501935,-9.053119,10,-10,131.4933,500,-10,500,-10,-54.33871,11.08673,122.448,-52.04446,53.61749,-47.52941,44.75434,0
-2.455737,-0.4794113,10.12559,-3.548,10,-10,130.5155,500,-10,500,-10,-55.56702,11.15179,123.6317,-52.48373,54.02828,-48.07096,45.32438,0
-0.04260903,2.303032,10.20277,2.552676,10,-10,129.5374,500,-10,500,-10,-55.67746,11.29113,123.7541,-52.43725,53.98103,-48.21888,45.47306,0
1.404971,2.896122,9.869553,8.681847,10,-10,128.5585,500,-10,500,-10,-55.64146,11.43164,123.7924,-52.33984,53.89739,-48.34798,45.58839,0
2.360991,0.7558868,9.571301,10,10,-10,127.5785,500,-10,500,-10,-55.57825,11.57139,123.8341,-52.32462,53.8951,-48.39772,45.62521,0
3.969202,-3.15425,9.297381,10,10,-10,126.5976,500,-10,500,-10,-55.51741,11.70969,123.8822,-52.33545,53.9173,-48.42682,45.64293,0
3.683886,-8.112926,5.90103,10,10,-10,125.6165,500,-10,500,-10,-55.45587,11.84605,123.9352,-52.34882,53.94081,-48.4573,45.66327,0
0.7595232,-10.67492,0.7119491,10,10,-10,124.6353,500,-10,500,-10,-55.39194,11.97991,123.9926,-52.36456,53.9654,-48.48914,45.68625,0
-3.64348,-9.149642,-1.451966,10,10,-10,123.6536,500,-10,500,-10,-55.32436,12.11062,124.0548,-52.3828,53.99109,-48.52248,45.71216,0
-8.047384,-5.362587,-1.196495,10,9.678562,-10,122.6709,500,-10,500,-10,-55.25138,12.23693,124.1211,-52.4067,54.01379,-48.55346,45.74432,0
-9.96753,-1.185629,1.383184,10,4.322876,-10,121.687,500,-10,500,-10,-55.16076,12.34821,124.1521,-52.46957,53.96638,-48.51632,45.81746,0
-9.040305,2.845,4.510897,10,-1.221645,-10,120.7023,500,-10,500,-10,-55.05822,12.44776,124.138,-52.51192,53.90074,-48.4623,45.87143,0
-6.615644,5.664471,5.944251,10,-7.129387,-10,119.7176,500,-10,500,-10,-54.9526,12.54516,124.0766,-52.53435,53.81544,-48.38897,45.90583,0
-4.364541,7.835172,6.231678,10,-10,-10,118.7328,500,-10,500,-10,-54.85269,12.65005,123.9833,-52.50614,53.75501,-48.33986,45.88894,0
-3.505748,8.98343,4.902764,10,-10,-10,117.748,500,-10,500,-10,-54.76168,12.76363,123.8993,-52.45022,53.73106,-48.32621,45.84334,0
-2.699052,9.853202,3.000676,10,-10,-10,116.7628,500,-10,500,-10,-54.67819,12.88418,123.8244,-52.39886,53.7109,-48.31552,45.80143,0
-0.3755909,10.57454,1.38653,10,-10,-10,115.7767,500,-10,500,-10,-54.60073,13.0103,123.7575,-52.35154,53.694,-48.3074,45.7629,0
2.762364,10.0055,0.6151404,10,-10,-10,114.7898,500,-10,500,-10,-54.52777,13.14084,123.6978,-52.30788,53.67992,-48.30158,45.7275,0
5.136239,7.703522,2.758955,10,-10,-10,113.802,500,-10,500,-10,-54.4577,13.27488,123.6448,-52.26759,53.66836,-48.29796,45.69514,0
5.233026,4.396411,7.66921,9.70785,-10,-10,112.8136,500,-10,500,-10,-54.39007,13.41161,123.5986,-52.23568,53.66425,-48.29157,45.66096,0
2.397429,0.4415924,10.54262,3.580358,-10,-10,111.8253,500,-10,500,-10,-54.36715,13.55019,123.5582,-52.30848,53.76398,-48.18531,45.52775,0
-1.214601,-3.347437,9.692246,-4.101996,-10,-10,110.8367,500,-10,500,-10,-54.4235,13.68715,123.5095,-52.40818,53.8918,-48.0452,45.35954,0
-2.686016,-4.281654,9.283125,-10,-10,-10,109.847,500,-10,500,-10,-54.54101,13.81212,123.4265,-52.46507,53.98029,-47.91959,45.20233,0
-4.034855,-2.378712,9.445947,-10,-10,-10,108.8561,500,-10,500,-10,-54.83462,13.94125,123.225,-52.38424,53.92741,-47.83345,45.08824,0
-5.111222,2.878674,8.767443,-10,-10,-10,107.8641,500,-10,500,-10,-55.5532,14.04086,122.5986,-52.18465,53.74249,-47.51402,44.75414,0
-4.039621,8.405444,4.337158,-10,-10,-10,106.8716,500,-10,500,-10,-57.09233,14.02195,121.154,-51.7528,53.26188,-46.7489,44.03777,0
1.029902,10.06699,-0.7678074,-10,-10,-10,105.8791,500,-10,500,-10,-57.36563,13.88338,120.9796,-51.72196,53.17918,-46.63522,43.97596,0
7.50059,6.564653,-2.222755,-10,-9.695215,-10,104.8858,500,-10,500,-10,-57.44658,13.74359,120.9996,-51.73978,53.18707,-46.63394,43.98462,0
9.992679,0.166702,0.2328027,-10,-3.469128,-10,103.8915,500,-10,500,-10,-57.58501,13.63148,120.957,-51.67207,53.23517,-46.66636,43.90121,0
8.307003,-5.063535,3.834484,-10,4.053419,-10,102.8963,500,-10,500,-10,-57.79749,13.55193,120.8265,-51.56343,53.25979,-46.6669,43.7685,0
4.930983,-8.158724,5.175048,-10,10,-10,101.9009,500,-10,500,-10,-58.00165,13.46514,120.6305,-51.45156,53.23238,-46.61636,43.6335,0
2.094145,-9.812118,3.678458,-10,10,-10,100.9055,500,-10,500,-10,-58.22836,13.37128,120.4661,-51.41813,53.15525,-46.51353,43.57437,0
0.5943465,-10.5685,1.479296,-10,10,-10,99.91003,500,-10,500,-10,-58.41018,13.25712,120.3499,-51.39883,53.09887,-46.43655,43.53446,0
-0.6341098,-10.42292,-0.05891812,-10,10,-10,98.91377,500,-10,500,-10,-58.55852,13.13042,120.2715,-51.3907,53.05888,-46.37975,43.50953,0
-3.185668,-9.67022,-0.535183,-10,10,-10,97.91623,500,-10,500,-10,-58.68422,12.99623,120.2213,-51.39001,53.03221,-46.33884,43.4946,0
-6.125871,-8.002041,2.184351,-10,10,-10,96.91756,500,-10,500,-10,-58.7956,12.85777,120.1925,-51.39457,53.01637,-46.31037,43.48653,0
-5.60755,-4.660582,7.728251,-9.46429,10,-10,95.9182,500,-10,500,-10,-58.89614,12.71723,120.1807,-51.39664,52.99773,-46.29858,43.49545,0
-0.3859615,-0.009510934,10.37673,-0.8376197,10,-10,94.91875,500,-10,500,-10,-58.92661,12.57619,120.1818,-51.26235,52.84266,-46.43374,43.65138,0
3.788344,4.020672,8.603961,8.101555,10,-10,93.9191,500,-10,500,-10,-58.86714,12.43516,120.1839,-51.1181,52.67764,-46.57977,43.81818,0
5.345431,5.596237,7.134433,10,10,-10,92.91818,500,-10,500,-10,-58.76527,12.29442,120.1753,-51.08681,52.62562,-46.60392,43.86307,0
6.947701,3.499346,7.840476,10,10,-10,91.9155,500,-10,500,-10,-58.65755,12.15531,120.1512,-51.08097,52.59929,-46.58979,43.86943,0
7.273286,-3.345609,7.206355,10,10,-10,90.91144,500,-10,500,-10,-58.53886,12.01956,120.1089,-51.06671,52.56503,-46.56899,43.86863,0
2.825427,-9.862328,2.559941,10,10,-10,89.9069,500,-10,500,-10,-58.34394,11.87866,120.043,-51.03876,52.51633,-46.54237,43.86277,0
-4.61158,-8.44131,-1.570814,10,9.732728,-10,88.90211,500,-10,500,-10,-58.17524,11.76234,119.9392,-50.99775,52.45216,-46.49732,43.84087,0
-10.13245,-1.334001,-1.155491,10,2.674531,-10,87.89645,500,-10,500,-10,-58.02346,11.66038,119.8684,-51.04682,52.32726,-46.38962,43.90714,0
-8.312342,5.561258,1.786079,10,-6.623186,-10,86.88979,500,-10,500,-10,-57.96672,11.55538,119.9216,-51.17808,52.23368,-46.30247,44.04482,0
-1.714394,10.1132,2.760059,10,-10,-10,85.88274,500,-10,500,-10,-58.00998,11.44209,120.0879,-51.29579,52.25866,-46.32255,44.15764,0
0.9068989,10.17507,-1.254928,10,-10,-10,84.87563,500,-10,500,-10,-58.11392,11.3337,120.3112,-51.39815,52.3531,-46.40521,44.24822,0
1.512286,9.5229,-3.581537,10,-10,-10,83.86819,500,-10,500,-10,-58.33708,11.23787,120.6508,-51.52769,52.53022,-46.55704,44.35247,0
3.568885,9.332619,-3.36538,10,-10,-10,82.85994,500,-10,500,-10,-58.79356,11.17371,121.2214,-51.74182,52.84061,-46.8157,44.51487,0
5.976173,8.050143,-1.616304,10,-10,-10,81.85,500,-10,500,-10,-59.47795,11.18097,122.0181,-52.07967,53.2162,-47.13798,44.7994,0
7.271713,6.218975,4.512452,9.671613,-10,-10,80.83863,500,-10,500,-10,-59.90666,11.27102,122.5561,-52.28614,53.43594,-47.37732,45.02547,0
2.548011,2.822758,10.03145,1.946061,-10,-10,79.82673,500,-10,500,-10,-60.09111,11.39299,122.7955,-52.50084,53.66861,-47.361,44.99119,0
-5.268582,-2.409036,8.741661,-7.97681,-10,-10,78.81487,500,-10,500,-10,-60.25391,11.52532,122.913,-52.70983,53.8971,-47.24938,44.86007,0
-7.06241,-5.840561,5.145264,-10,-10,-10,77.80237,500,-10,500,-10,-60.39647,11.66367,122.963,-52.75953,53.96717,-47.24106,44.83137,0
-7.708551,-5.941235,3.884465,-10,-10,-10,76.78786,500,-10,500,-10,-60.50605,11.80434,122.9752,-52.75958,53.98795,-47.25111,44.8207,0
-8.999022,-0.5162328,4.962629,-10,-10,-10,75.77119,500,-10,500,-10,-60.60002,11.94505,122.9658,-52.75119,54.00029,-47.25171,44.80056,0
-5.012492,8.337093,3.601125,-10,-10,-10,74.75332,500,-10,500,-10,-60.68696,12.08452,122.9418,-52.73742,54.00706,-47.24562,44.77393,0
4.279317,9.218817,-1.476791,-10,-9.303806,-10,73.73515,500,-10,500,-10,-60.77296,12.22011,122.9096,-52.71321,54.01851,-47.24317,44.73584,0
9.984735,0.3543943,-2.071243,-10,1.383893,-10,72.71638,500,-10,500,-10,-60.88296,12.31662,122.944,-52.60404,54.16423,-47.3808,44.61857,0
5.794947,-8.278718,1.421363,-10,10,-10,71.69658,500,-10,500,-10,-61.00924,12.38314,123.059,-52.5549,54.31891,-47.52524,44.5592,0
-2.230853,-9.965222,-1.557835,-10,10,-10,70.67631,500,-10,500,-10,-61.12919,12.45887,123.1796,-52.60607,54.38124,-47.57398,44.59678,0
-3.206348,-7.364412,-6.946383,-10,10,-10,69.65567,500,-10,500,-10,-61.23875,12.54801,123.2892,-52.65115,54.43945,-47.61977,44.62944,0
-2.701075,-5.995616,-7.992425,-10,10,-10,68.63427,500,-10,500,-10,-61.3383,12.64831,123.3884,-52.69084,54.49317,-47.66222,44.65785,0
-5.174486,-6.31357,-5.567036,-10,10,-10,67.61169,500,-10,500,-10,-61.42875,12.75777,123.4778,-52.73165,54.53673,-47.69553,44.6884,0
-7.577973,-6.823932,0.2214876,-9.641707,10,-10,66.58723,500,-10,500,-10,-61.50945,12.87465,123.5587,-52.76238,54.56995,-47.7318,44.72219,0
-4.599529,-5.923881,7.414093,-1.397755,10,-10,65.56139,500,-10,500,-10,-61.52502,12.99684,123.6335,-52.65197,54.46342,-47.90416,44.89066,0
4.993808,-2.74494,9.420612,8.859783,10,-10,64.5354,500,-10,500,-10,-61.42454,13.11804,123.7141,-52.50396,54.31767,-48.11898,45.10324,0
10.01847,2.138934,3.113904,10,10,-10,63.50928,500,-10,500,-10,-61.26752,13.22964,123.8172,-52.52032,54.33015,-48.18808,45.1762,0
9.407168,5.254792,-0.1227314,10,10,-10,62.48176,500,-10,500,-10,-61.08212,13.32569,123.9509,-52.57148,54.36877,-48.24771,45.24837,0
10.03337,2.428684,0.3716028,10,10,-10,61.45159,500,-10,500,-10,-60.86342,13.40009,124.1192,-52.6401,54.41483,-48.31856,45.34178,0
7.881504,-6.167128,2.36371,10,10,-10,60.41927,500,-10,500,-10,-60.61233,13.44563,124.3204,-52.72524,54.46793,-48.4001,45.45538,0
-2.355498,-9.756532,-0.8443058,10,5.764314,-10,59.38625,500,-10,500,-10,-60.36087,13.47268,124.516,-52.85453,54.47216,-48.43283,45.61316,0
-8.902008,-0.4399171,-4.073957,10,-6.383952,-10,58.35286,500,-10,500,-10,-60.17842,13.56001,124.6194,-53.01771,54.37401,-48.35535,45.79701,0
-2.946784,9.909427,0.05904955,10,-10,-10,57.31841,500,-10,500,-10,-59.99842,13.69262,124.7122,-53.07689,54.3713,-48.37303,45.87658,0
7.184527,6.888196,-1.744347,10,-10,-10,56.28325,500,-10,500,-10,-59.72956,13.81315,124.8957,-53.12947,54.44164,-48.47258,45.95838,0
7.300062,0.2433126,-6.704318,10,-10,-10,55.24745,500,-10,500,-10,-59.28055,13.90584,125.2601,-53.2693,54.59512,-48.63464,46.10678,0
5.754246,-0.7578921,-7.967939,10,-10,-10,54.21023,500,-10,500,-10,-58.56816,13.93444,125.887,-53.53268,54.86271,-48.89071,46.35863,0
8.695742,3.546669,-4.242576,9.186389,-10,-10,53.17129,500,-10,500,-10,-57.91727,13.8654,126.4544,-53.76267,55.08414,-49.13084,46.60733,0
7.176363,7.563695,4.223863,-2.2144,-10,-10,52.13063,500,-10,500,-10,-57.68615,13.74227,126.689,-54.03577,55.3674,-49.05218,46.51851,0
-0.1879711,8.580391,6.017528,-10,-10,-10,51.08907,500,-10,500,-10,-57.66138,13.60745,126.8029,-54.21326,55.54654,-48.96908,46.43375,0
-5.890967,7.936463,2.180124,-10,-10,-10,50.04744,500,-10,500,-10,-57.58627,13.44846,126.8812,-54.24554,55.57059,-49.00163,46.47455,0
-6.659895,5.165343,-5.061382,-10,-10,-10,49.00515,500,-10,500,-10,-57.64486,13.31237,126.9366,-54.27643,55.59224,-49.01665,46.49879,0
-5.498491,3.008485,-7.325354,-10,-10,-10,47.96109,500,-10,500,-10,-57.70642,13.1787,126.9956,-54.30841,55.61612,-49.03355,46.5238,0
-6.773501,5.881589,-3.738612,-10,-9.665854,-10,46.91454,500,-10,500,-10,-57.70754,13.03284,127.0565,-54.33469,55.64042,-49.05772,46.54995,0
-0.01214385,10.08639,0.1840797,-10,0.6056486,-10,45.86608,500,-10,500,-10,-57.76263,12.9175,127.043,-54.22658,55.74364,-49.1547,46.4356,0
7.616071,4.177177,-5.121504,-10,10,-10,44.81716,500,-10,500,-10,-57.90099,12.84864,126.9252,-54.09686,55.79142,-49.1868,46.2902,0
3.522561,-8.245576,-4.881939,-10,10,-10,43.76741,500,-10,500,-10,-58.03243,12.76866,126.805,-54.07238,55.73116,-49.11164,46.25082,0
-4.32004,-7.03271,5.755795,-10,10,-10,42.71658,500,-10,500,-10,-58.15164,12.67446,126.6983,-54.05225,55.67643,-49.0434,46.21719,0
-7.489322,4.483076,4.988412,-10,10,-10,41.6655,500,-10,500,-10,-58.25951,12.56872,126.6047,-54.03616,55.62718,-48.98194,46.18887,0
-6.680697,7.469518,0.02641291,-7.689587,10,-10,40.61349,500,-10,500,-10,-58.34505,12.45379,126.523,-53.98219,55.54446,-48.96818,46.20385,0
-10.05221,1.514226,-0.01235017,5.804331,10,-10,39.55972,500,-10,500,-10,-58.30912,12.33406,126.4476,-53.72804,55.27269,-49.15984,46.41316,0
-4.720769,-8.115229,3.94256,10,10,-10,38.50462,500,-10,500,-10,-58.18668,12.21954,126.3624,-53.62283,55.15061,-49.19447,46.46465,0
-0.4128337,-9.838249,-1.813311,10,10,-10,37.44912,500,-10,500,-10,-58.04863,12.11629,126.2592,-53.57987,55.09244,-49.15195,46.43734,0
-7.355622,-7.553042,-1.41593,10,10,-10,36.39307,500,-10,500,-10,-57.89206,12.02774,126.136,-53.52645,55.02597,-49.10323,46.40166,0
-4.05698,-5.76994,7.833484,10,10,-10,35.33635,500,-10,500,-10,-57.71535,11.95799,125.9916,-53.45658,54.94583,-49.0535,46.36221,0
1.542263,-7.292802,7.528019,10,3.793045,-10,34.27929,500,-10,500,-10,-57.5421,11.89455,125.8656,-53.45996,54.80009,-48.94567,46.4035,0
-1.365301,-8.482826,6.119281,10,-10,-10,33.22121,500,-10,500,-10,-57.44306,11.7715,125.8664,-53.61912,54.63052,-48.78722,46.57378,0
-8.128031,-5.7182,2.98798,10,-10,-10,32.16184,500,-10,500,-10,-57.35543,11.63109,125.8837,-53.63294,54.62366,-48.78773,46.59496,0
-7.35286,1.947853,-5.850772,10,-10,-10,31.10203,500,-10,500,-10,-57.25321,11.4902,125.8816,-53.63647,54.60644,-48.78242,46.61042,0
0.08470468,9.697369,-2.195956,10,-10,-10,30.04144,500,-10,500,-10,-57.11866,11.35029,125.8436,-53.62057,54.56992,-48.76686,46.61547,0
-4.997518,4.569419,7.182985,8.353024,-10,-10,28.97998,500,-10,500,-10,-56.91031,11.21448,125.7209,-53.58649,54.51583,-48.69925,46.56787,0
-3.77568,-7.102371,5.921601,-3.483004,-10,-10,27.91798,500,-10,500,-10,-56.52276,11.09145,125.3227,-53.57951,54.49074,-48.37634,46.26308,0
0.7034938,-8.559713,5.34429,-10,-10,-10,26.85452,500,-10,500,-10,-54.67919,11.02791,123.381,-52.68803,53.7599,-47.65887,45.38497,0
5.096346,0.6475152,8.570601,-10,-10,-10,25.78957,500,-10,500,-10,-53.97414,11.10839,122.5779,-52.30165,53.4275,-47.37984,45.05194,0
0.4149706,10.32054,0.3323839,-10,-10,-10,24.72435,500,-10,500,-10,-54.23324,11.24736,122.7379,-52.35995,53.50627,-47.4541,45.10573,0
1.662612,0.7234798,-9.570597,-10,-9.348749,-10,23.65894,500,-10,500,-10,-54.31352,11.38602,122.7173,-52.33995,53.52137,-47.45707,45.07362,0
4.211113,-8.964675,-1.31111,-10,2.148797,-10,22.59222,500,-10,500,-10,-54.52012,11.4762,122.8348,-52.25578,53.70939,-47.63862,44.98298,0
-2.525378,-9.540095,-2.170197,-10,10,-10,21.52467,500,-10,500,-10,-54.8461,11.53616,123.0914,-52.28152,53.92075,-47.82549,44.98421,0
0.167999,-9.919787,-4.209712,-10,10,-10,20.45654,500,-10,500,-10,-55.11389,11.62968,123.2893,-52.37178,54.0248,-47.89919,45.04413,0
0.2057279,-10.43328,1.664282,-10,10,-10,19.38769,500,-10,500,-10,-55.31578,11.74644,123.418,-52.42844,54.09767,-47.94918,45.07791,0
4.792341,-8.787748,3.067462,-10,10,-10,18.31819,500,-10,500,-10,-55.4721,11.87603,123.4969,-52.46695,54.14227,-47.97607,45.09871,0
3.337678,-9.421254,-3.205467,-6.453462,10,-10,17.24817,500,-10,500,-10,-55.5803,12.01239,123.5423,-52.4259,54.11243,-48.0547,45.16613,0
0.6111016,-9.877936,0.2460899,5.467481,10,-10,16.17754,500,-10,500,-10,-55.56928,12.15129,123.5706,-52.22676,53.92797,-48.27731,45.37406,0
6.927858,-6.988548,-1.116412,10,10,-10,15.10628,500,-10,500,-10,-55.4808,12.2891,123.6027,-52.15107,53.86594,-48.3796,45.4627,0
8.833166,1.910349,-3.932522,10,10,-10,14.03371,500,-10,500,-10,-55.39081,12.42373,123.6459,-52.15843,53.88416,-48.40803,45.48026,0
9.525562,1.324368,0.918758,10,10,-10,12.95877,500,-10,500,-10,-55.29636,12.55399,123.7002,-52.17168,53.90523,-48.4398,45.50421,0
4.115066,-7.942321,5.207849,10,8.557195,-10,11.88192,500,-10,500,-10,-55.19534,12.67673,123.7593,-52.20387,53.91051,-48.45653,45.54784,0
-1.418077,-6.925766,-7.446304,10,-5.307708,-10,10.80473,500,-10,500,-10,-55.10148,12.77236,123.7204,-52.32772,53.7438,-48.30046,45.68233,0
-0.4432239,7.445658,-5.727957,10,-10,-10,9.726683,500,-10,500,-10,-55.02649,12.86149,123.6083,-52.31219,53.65798,-48.22313,45.6753,0
4.007495,5.415118,7.529047,10,-10,-10,8.647535,500,-10,500,-10,-54.96001,12.95833,123.5005,-52.2463,53.62698,-48.19966,45.61694,0
8.076108,-5.425263,1.92722,10,-10,-10,7.568133,500,-10,500,-10,-54.90228,13.06155,123.3955,-52.18308,53.59664,-48.17587,45.56027,0
8.822135,-2.720462,-3.773354,3.552203,-10,-10,6.48753,500,-10,500,-10,-54.8905,13.16976,123.2912,-52.24099,53.67051,-48.03157,45.40001,0
5.366801,8.172318,-0.9364764,-9.127367,-10,-10,5.405358,500,-10,500,-10,-55.02134,13.27581,123.1762,-52.40876,53.8539,-47.76849,45.1213,0
-2.486125,8.710357,-3.753995,-10,-10,-10,4.3226,500,-10,500,-10,-55.21893,13.36627,123.0308,-52.3679,53.82637,-47.68885,45.02834,0
6.576833,3.133528,-6.485546,-10,-10,-10,3.239219,500,-10,500,-10,-55.45171,13.4327,122.8492,-52.30339,53.77164,-47.60287,44.93258,0
7.561527,0.498671,6.341887,-10,-10,-10,2.154783,500,-10,500,-10,-55.71564,13.46758,122.6361,-52.24332,53.71671,-47.48643,44.811,0
-2.145715,3.816034,9.399561,-10,-4.035252,-10,1.070134,500,-10,500,-10,-55.96751,13.4911,122.4429,-52.12383,53.735,-47.44578,44.63256,0
-0.08327296,7.512849,6.534663,-10,10,-10,0.44,500,-10,500,-10,-56.13818,13.60396,122.3557,-51.93796,53.88181,-47.55939,44.4135,0
7.14078,6.78582,2.524249,-10,10,-10,0.44,500,-10,500,-10,-56.3466,13.73224,122.2326,-51.89914,53.86189,-47.49627,44.33147,0
5.655658,0.4006733,-7.714674,-10,10,-10,0.44,500,-10,500,-10,-56.66923,13.84347,121.9939,-51.82884,53.80798,-47.36877,44.1876,0
-2.082615,-9.199083,-4.157863,-9.483996,10,-10,0.44,500,-10,500,-10,-57.20197,13.91575,121.5425,-51.67122,53.66017,-47.15233,43.96133,0
8.317428,-4.910429,2.709346,-0.1381285,10,-10,0.44,500,-10,500,-10,-57.85845,13.91034,120.901,-51.32364,53.23244,-46.96836,43.85753,0
6.011051,7.421786,4.006071,10,10,-10,0.44,500,-10,500,-10,-58.23572,13.82631,120.4319,-51.03265,52.8324,-46.8707,43.86892,0
-0.05630723,5.594415,7.424643,10,10,-10,0.44,500,-10,500,-10,-58.3732,13.71191,120.1802,-50.96223,52.70985,-46.73258,43.78292,0
-3.373295,-7.62467,5.348114,10,10,-10,0.44,500,-10,500,-10,-58.41595,13.58912,120.0212,-50.90779,52.63733,-46.65522,43.72364,0
4.175068,-4.787101,-7.089643,10,8.044299,-10,0.44,500,-10,500,-10,-58.40329,13.46731,119.9173,-50.89503,52.56258,-46.58189,43.7123,0
-0.03286006,9.079979,-3.59237,10,-5.957354,-10,0.44,500,-10,500,-10,-58.24563,13.3753,119.9933,-51.08205,52.42075,-46.45792,43.91719,0
7.465522,6.006504,2.10728,10,-10,-10,0.44,500,-10,500,-10,-58.03848,13.28287,120.1439,-51.18502,52.41907,-46.47972,44.04364,0
5.624098,3.209823,-7.566813,10,-10,-10,0.44,500,-10,500,-10,-57.86697,13.17133,120.2555,-51.22915,52.44799,-46.52808,44.1072,0
1.52979,9.392649,-3.360963,9.794428,-10,-10,0.44,500,-10,500,-10,-57.72431,13.04721,120.335,-51.25953,52.47429,-46.56355,44.14675,0
-5.364959,8.405763,1.127292,2.316958,-10,-10,0.44,500,-10,500,-10,-57.64922,12.91536,120.3902,-51.40993,52.61569,-46.4589,44.0511,0
-3.273576,4.995,-7.79423,-8.540512,-10,-10,0.44,500,-10,500,-10,-57.69462,12.78139,120.4363,-51.62186,52.81672,-46.28517,43.88828,0
8.12755,5.124856,-3.505363,-10,-10,-10,0.44,500,-10,500,-10,-57.78522,12.6505,120.4894,-51.67829,52.86422,-46.27272,43.88475,0
4.026591,8.677876,4.408177,-10,-10,-10,0.44,500,-10,500,-10,-57.88207,12.52497,120.5535,-51.71318,52.8934,-46.29093,43.90866,0
0.0163053,9.823418,-1.914966,-10,-9.655307,-10,0.44,500,-10,500,-10,-57.98747,12.40661,120.6281,-51.74728,52.93304,-46.31862,43.93083,0
-3.408106,8.977946,-2.159177,-10,0.5394373,-10,0.44,500,-10,500,-10,-58.08986,12.3025,120.6479,-51.65232,53.05606,-46.43004,43.82426,0
1.117327,10.14314,-1.21246,-10,10,-10,0.44,500,-10,500,-10,-58.16408,12.20291,120.5586,-51.52996,53.11282,-46.47839,43.69348,0
-2.643131,1.865528,-8.985326,-10,10,-10,0.44,500,-10,500,-10,-58.22592,12.09705,120.4578,-51.51011,53.05618,-46.41474,43.66662,0
-1.613242,-9.762377,-1.638518,-9.991307,10,-10,0.44,500,-10,500,-10,-58.27893,11.98582,120.3591,-51.49032,52.9999,-46.35275,43.64112,0
7.372517,-0.954775,5.693035,-4.246946,10,-10,0.44,500,-10,500,-10,-58.28917,11.87051,120.26,-51.36866,52.84502,-46.39227,43.71386,0
-1.069214,6.558954,6.581739,6.293459,10,-10,0.44,500,-10,500,-10,-58.17815,11.75677,120.1484,-51.14509,52.60469,-46.52333,43.86169,0
-8.584861,-1.847255,4.542037,10,10,-10,0.44,500,-10,500,-10,-57.96835,11.65603,120.0011,-51.0165,52.46127,-46.52987,43.88306,0
3.060312,-9.297651,-1.013582,10,10,-10,0.44,500,-10,500,-10,-57.70877,11.57948,119.8027,-50.92493,52.35841,-46.45712,43.8216,0
4.60832,4.100181,-7.241758,10,8.252372,-10,0.44,500,-10,500,-10,-57.41154,11.53207,119.5686,-50.82205,52.2092,-46.36596,43.77676,0
1.142258,10.2637,1.149708,10,-4.657125,-10,0.44,500,-10,500,-10,-57.20651,11.44841,119.4473,-50.90199,51.98611,-46.18552,43.89936,0
5.140705,8.312338,-2.760513,10,-10,-10,0.44,500,-10,500,-10,-57.05148,11.30953,119.3877,-50.93401,51.87735,-46.10414,43.95875,0
0.5397297,10.53522,0.3584954,10,-10,-10,0.44,500,-10,500,-10,-56.71652,11.16668,119.2019,-50.83307,51.75537,-46.05113,43.92678,0
-5.323931,6.374917,6.0528,9.893695,-10,-10,0.44,500,-10,500,-10,-55.86154,11.06742,118.4401,-50.43076,51.35532,-45.82223,43.69562,0
-8.375051,1.558892,-4.636431,3.035353,-10,-10,0.44,500,-10,500,-10,-54.11477,11.10982,116.7474,-49.6465,50.77256,-45.20393,42.87582,0
4.162404,2.178218,-8.35202,-7.71519,-10,-10,0.44,500,-10,500,-10,-54.22701,11.2505,116.8086,-49.85083,50.99762,-45.05028,42.70146,0
7.194754,6.915259,1.394842,-10,-10,-10,0.44,500,-10,500,-10,-54.30397,11.39122,116.7843,-49.87368,51.04118,-45.00735,42.6378,0
-0.4071663,9.78991,-1.152781,-10,-10,-10,0.44,500,-10,500,-10,-54.36644,11.53106,116.7429,-49.84973,51.03784,-44.99693,42.60678,0
-6.145908,6.901707,-3.151002,-10,-8.86479,-10,0.44,500,-10,500,-10,-54.43228,11.6666,116.7026,-49.81403,51.04767,-44.99929,42.56361,0
-2.919773,8.98221,2.023388,-10,3.871203,-10,0.44,500,-10,500,-10,-54.59813,11.75144,116.7894,-49.70973,51.24266,-45.1755,42.44052,0
-2.63808,6.729264,-6.212951,-10,10,-10,0.44,500,-10,500,-10,-54.82168,11.81696,116.9616,-49.7199,51.4005,-45.30801,42.42537,0
-5.285982,-7.52107,-4.110275,-10,10,-10,0.44,500,-10,500,-10,-55.01952,11.90587,117.1082,-49.78551,51.47878,-45.36386,42.46854,0
5.829787,-5.493449,5.068943,-8.206839,10,-10,0.44,500,-10,500,-10,-55.17674,12.01381,117.2209,-49.80981,51.5046,-45.43291,42.53608,0
-1.625774,3.631857,8.402128,1.514591,10,-10,0.44,500,-10,500,-10,-55.23047,12.13309,117.3079,-49.6837,51.37795,-45.63112,42.73483,0
-8.386567,-2.760456,3.772785,10,10,-10,0.44,500,-10,500,-10,-55.17805,12.2542,117.3865,-49.56842,51.26359,-45.81156,42.91435,0
3.761014,-9.02641,-0.7107369,10,10,-10,0.44,500,-10,500,-10,-55.10089,12.3705,117.4696,-49.59904,51.29306,-45.84978,42.95372,0
5.12467,3.715986,-7.18527,10,9.176355,-10,0.44,500,-10,500,-10,-55.01521,12.47993,117.5555,-49.64058,51.31297,-45.8794,43.00497,0
0.1375325,10.23712,0.1449208,10,-1.788253,-10,0.44,500,-10,500,-10,-54.91673,12.58122,117.5664,-49.75693,51.19451,-45.77211,43.13248,0
2.803607,9.814047,-0.6845781,10,-10,-10,0.44,500,-10,500,-10,-54.82,12.68867,117.489,-49.79561,51.08074,-45.6693,43.18211,0
-1.257837,9.318101,3.644903,10,-10,-10,0.44,500,-10,500,-10,-54.73176,12.80485,117.4083,-49.74005,51.05946,-45.65801,43.13656,0
-7.993563,2.665693,5.348897,9.888847,-10,-10,0.44,500,-10,500,-10,-54.65108,12.92749,117.3363,-49.69101,51.04348,-45.64739,43.09287,0
-6.798971,-1.065709,-6.037927,3.232834,-10,-10,0.44,500,-10,500,-10,-54.61724,13.05502,117.2714,-49.75948,51.14395,-45.52511,42.9386,0
6.275917,1.26011,-6.974014,-7.229376,-10,-10,0.44,500,-10,500,-10,-54.69837,13.18287,117.2029,-49.89756,51.31448,-45.33028,42.71131,0
7.149328,7.302406,2.169859,-10,-10,-10,0.44,500,-10,500,-10,-54.85358,13.30369,117.1119,-49.89965,51.34889,-45.25278,42.60149,0
-1.283216,9.553331,-1.402923,-10,-10,-10,0.44,500,-10,500,-10,-55.04153,13.41114,116.9854,-49.84998,51.31505,-45.19764,42.53052,0
-5.818624,8.169153,0.3053262,-10,-5.965857,-10,0.44,500,-10,500,-10,-55.24428,13.50294,116.8502,-49.75327,51.32272,-45.18233,42.41085,0
-0.5188915,10.12114,0.9605997,-10,5.405246,-10,0.44,500,-10,500,-10,-55.34764,13.60768,116.8451,-49.62128,51.46222,-45.31012,42.26714,0
-5.50172,3.23167,-6.858249,-10,10,-10,0.44,500,-10,500,-10,-55.34677,13.73626,116.9598,-49.60754,51.57088,-45.41888,42.2535,0
-2.120549,-9.423119,-1.422074,-9.896856,10,-10,0.44,500,-10,500,-10,-55.29411,13.86492,117.1228,-49.66252,51.64144,-45.49892,42.31795,0
4.65127,-3.323696,7.697559,-4.4617,10,-10,0.44,500,-10,500,-10,-55.06999,13.9884,117.4207,-49.70152,51.63887,-45.70678,42.56738,0
-5.643867,-0.1502936,7.804049,5.257714,10,-10,0.44,500,-10,500,-10,-54.07307,14.07962,118.3959,-49.96158,51.76337,-46.25475,43.25092,0
-3.690814,-9.143243,1.26649,10,10,-10,0.44,500,-10,500,-10,-52.43835,14.00941,119.9352,-50.50256,52.29401,-46.98926,43.99577,0
8.051263,-3.195617,-4.072897,10,10,-10,0.44,500,-10,500,-10,-52.48729,13.87009,119.7844,-50.45309,52.22402,-46.91373,43.94076,0
0.7240529,8.457617,-4.820803,10,3.767905,-10,0.44,500,-10,500,-10,-52.37026,13.75113,119.803,-50.5331,52.14617,-46.84914,44.03403,0
1.555113,10.11,0.8636299,10,-7.198345,-10,0.44,500,-10,500,-10,-52.07175,13.68005,120.0193,-50.7345,52.09014,-46.82694,44.26926,0
-0.3961297,10.30275,1.679168,10,-10,-10,0.44,500,-10,500,-10,-51.75155,13.5964,120.2663,-50.85498,52.13812,-46.9112,44.42603,0
-5.676333,5.63113,6.563498,10,-10,-10,0.44,500,-10,500,-10,-51.5192,13.48319,120.4226,-50.89981,52.19642,-46.99583,44.49718,0
-9.037358,-0.6829912,-2.110274,6.652503,-10,-10,0.44,500,-10,500,-10,-51.36678,13.35468,120.5141,-50.98571,52.283,-46.98572,44.48639,0
0.8215764,-1.342852,-9.310192,-3.445877,-10,-10,0.44,500,-10,500,-10,-51.33643,13.21992,120.571,-51.1832,52.47298,-46.83537,44.34354,0
8.957687,3.486425,-1.912896,-10,-10,-10,0.44,500,-10,500,-10,-51.39767,13.08506,120.6212,-51.32351,52.60439,-46.73671,44.2538,0
3.02317,9.404472,1.659925,-10,-10,-10,0.44,500,-10,500,-10,-51.47155,12.95325,120.6776,-51.35457,52.62838,-46.75233,44.27648,0
-2.973614,9.730652,-0.2707855,-10,-8.540998,-10,0.44,500,-10,500,-10,-51.55181,12.82781,120.7335,-51.36895,52.66943,-46.78429,44.28178,0
-1.36323,9.967653,1.224986,-10,2.561903,-10,0.44,500,-10,500,-10,-51.65683,12.72986,120.7082,-51.24966,52.77965,-46.88261,44.15058,0
-3.092379,6.242748,-6.66371,-10,10,-10,0.44,500,-10,500,-10,-51.77081,12.64332,120.6076,-51.14859,52.81031,-46.90035,44.03658,0
-5.355985,-6.87298,-4.407307,-9.996162,10,-10,0.44,500,-10,500,-10,-51.87649,12.54723,120.5042,-51.13042,52.75468,-46.83287,44.00658,0
4.017666,-7.660903,4.643339,-5.397914,10,-10,0.44,500,-10,500,-10,-51.9458,12.44118,120.4112,-51.03561,52.62368,-46.85057,44.06046,0
-1.659204,-2.09261,9.785854,3.559307,10,-10,0.44,500,-10,500,-10,-51.9198,12.33088,120.3222,-50.86246,52.4152,-46.94995,44.19518,0
-4.647788,-8.700063,2.580305,10,10,-10,0.44,500,-10,500,-10,-51.80471,12.22529,120.2253,-50.71825,52.24688,-47.01394,44.28327,0
6.65377,-6.1266,-3.962395,10,10,-10,0.44,500,-10,500,-10,-51.66386,12.13209,120.112,-50.6702,52.1851,-46.96812,44.25119,0
2.004774,6.512213,-6.873284,10,4.62818,-10,0.44,500,-10,500,-10,-51.52118,12.04732,120.0141,-50.68826,52.06969,-46.86888,44.2854,0
-0.3341956,10.17531,0.1259322,10,-6.103414,-10,0.44,500,-10,500,-10,-51.42101,11.94058,120.0125,-50.81065,51.9347,-46.74524,44.41914,0
-0.4419127,10.31438,1.477945,10,-10,-10,0.44,500,-10,500,-10,-51.35814,11.80822,120.0737,-50.88605,51.90287,-46.72053,44.50167,0
-6.038695,6.758521,4.636943,10,-10,-10,0.44,500,-10,500,-10,-51.29842,11.67312,120.1308,-50.91627,51.91318,-46.73761,44.53866,0
-9.822269,0.2920324,-2.064907,6.869325,-10,-10,0.44,500,-10,500,-10,-51.25886,11.53591,120.1845,-50.99966,51.97635,-46.69869,44.51996,0
-1.141327,-1.242955,-9.324219,-2.516359,-10,-10,0.44,500,-10,500,-10,-51.31401,11.39808,120.246,-51.19818,52.15458,-46.55114,44.39271,0
8.465818,2.453313,-4.510244,-10,-10,-10,0.44,500,-10,500,-10,-51.51102,11.26356,120.3651,-51.38895,52.33955,-46.45903,44.3064,0
5.261184,8.144078,1.429241,-10,-10,-10,0.44,500,-10,500,-10,-51.93006,11.14335,120.6923,-51.52074,52.5264,-46.5984,44.3907,0
-0.465747,10.14952,-0.1398514,-10,-8.810708,-10,0.44,500,-10,500,-10,-53.00888,11.07513,121.6782,-51.91366,53.0614,-47.02238,44.67261,0
-0.5117788,9.956877,-0.1392218,-10,1.633295,-10,0.44,500,-10,500,-10,-54.44534,11.07994,123.0187,-52.3586,53.73798,-47.68813,45.1067,0
-1.442984,6.478372,-7.007646,-10,9.933333,-10,0.44,500,-10,500,-10,-55.55521,11.16294,124.0328,-52.8063,54.25637,-48.08075,45.42864,0
-4.915729,-5.111816,-5.819227,-10,10,-10,0.44,500,-10,500,-10,-55.76542,11.30222,124.1447,-52.86642,54.31274,-48.1133,45.46494,0
2.364759,-9.209908,3.089192,-5.799857,10,-10,0.44,500,-10,500,-10,-55.83142,11.44316,124.1341,-52.78279,54.25211,-48.18818,45.51682,0
0.1921953,-4.613004,9.204356,2.73615,10,-10,0.44,500,-10,500,-10,-55.80698,11.58388,124.1126,-52.61449,54.10924,-48.33867,45.64188,0
-3.178003,-8.376354,4.330396,10,10,-10,0.44,500,-10,500,-10,-55.71558,11.72483,124.1059,-52.47182,53.98866,-48.47573,45.75685,0
5.43233,-7.28777,-3.630013,10,10,-10,0.44,500,-10,500,-10,-55.62499,11.8655,124.1195,-52.46367,53.99783,-48.49516,45.75896,0
2.376124,3.965859,-8.488752,10,5.631084,-10,0.44,500,-10,500,-10,-55.52706,11.99079,124.1221,-52.49963,53.95295,-48.46138,45.80602,0
-2.034934,9.834969,-1.814857,10,-4.746915,-10,0.44,500,-10,500,-10,-55.38528,12.06833,124.0418,-52.56041,53.8096,-48.33409,45.88286,0
-1.499738,10.03492,1.184787,10,-10,-10,0.44,500,-10,500,-10,-55.20949,12.12568,123.9015,-52.53101,53.70282,-48.24723,45.87338,0
-5.559103,7.8792,3.621968,10,-10,-10,0.44,500,-10,500,-10,-55.01343,12.19721,123.7756,-52.4479,53.65938,-48.22601,45.81248,0
-9.603446,2.395239,-1.318066,8.051319,-10,-10,0.44,500,-10,500,-10,-54.88814,12.29704,123.6699,-52.41081,53.66107,-48.17556,45.72326,0
-3.108014,0.4441048,-8.94235,-0.7294436,-10,-10,0.44,500,-10,500,-10,-54.85094,12.40695,123.579,-52.50229,53.78894,-48.00872,45.52003,0
6.957142,2.872781,-6.421935,-9.123626,-10,-10,0.44,500,-10,500,-10,-54.91156,12.51789,123.4913,-52.59464,53.91653,-47.84368,45.31975,0
7.048095,7.685303,0.4702295,-10,-10,-10,0.44,500,-10,500,-10,-55.00965,12.622,123.3963,-52.56229,53.91112,-47.79732,45.24645,0
1.686274,10.22938,0.2672285,-10,-9.4219,-10,0.44,500,-10,500,-10,-55.11781,12.7164,123.2939,-52.51252,53.88827,-47.76222,45.18443,0
0.527909,9.909977,-0.4854939,-10,-1.090886,-10,0.44,500,-10,500,-10,-55.22608,12.81016,123.2415,-52.39626,53.97342,-47.83509,45.05589,0
0.993343,7.881199,-5.756042,-10,7.717175,-10,0.44,500,-10,500,-10,-55.31788,12.92233,123.2698,-52.30574,54.09777,-47.94904,44.95497,0
-4.005664,-2.595221,-8.611768,-10,10,-10,0.44,500,-10,500,-10,-55.3944,13.05091,123.3323,-52.30081,54.16319,-48.00579,44.94138,0
-0.4287341,-10.13258,-0.7995469,-8.304914,10,-10,0.44,500,-10,500,-10,-55.45775,13.18348,123.3877,-52.28871,54.17062,-48.06375,44.9798,0
1.131262,-7.236963,7.125883,-0.3371835,10,-10,0.44,500,-10,500,-10,-55.45018,13.31828,123.4399,-52.16614,54.06441,-48.22964,45.12933,0
-2.79687,-8.222597,5.487232,7.991666,10,-10,0.44,500,-10,500,-10,-55.34377,13.45166,123.505,-52.04264,53.94625,-48.40707,45.30143,0
2.496482,-9.551301,-2.219918,10,10,-10,0.44,500,-10,500,-10,-55.16079,13.57792,123.6088,-52.04349,53.94226,-48.49219,45.39137,0
3.521122,-0.8584043,-8.635974,10,9.236814,-10,0.44,500,-10,500,-10,-54.91975,13.68948,123.7718,-52.11676,53.97678,-48.55402,45.49197,0
-3.351727,6.889341,-6.204433,10,0.1755436,-10,0.44,500,-10,500,-10,-54.74017,13.78778,123.8596,-52.24826,53.89769,-48.49529,45.64381,0
-3.685053,9.427114,-0.0864429,10,-8.863754,-10,0.44,500,-10,500,-10,-54.77206,13.90149,123.7213,-52.27003,53.76488,-48.35886,45.66196,0
-5.488241,8.072594,1.945541,10,-10,-10,0.44,500,-10,500,-10,-55.09335,14.01484,123.2913,-52.08051,53.63453,-48.1921,45.43605,0
-8.633841,4.851162,1.144834,9.973705,-10,-10,0.44,500,-10,500,-10,-56.31053,14.07601,121.9681,-51.658,53.2132,-47.51825,44.76101,0
-7.137437,2.271466,-6.450174,4.94445,-10,-10,0.44,500,-10,500,-10,-57.29739,13.97429,120.9091,-51.42194,52.9043,-46.87683,44.19243,0
1.848986,3.457001,-8.657001,-3.854979,-10,-10,0.44,500,-10,500,-10,-57.33957,13.83342,120.8828,-51.57659,53.03214,-46.70033,44.04275,0
6.624743,6.95361,-3.242987,-10,-10,-10,0.44,500,-10,500,-10,-57.42188,13.69255,120.8907,-51.69856,53.13526,-46.58493,43.94619,0
3.041215,9.810076,-0.06225719,-10,-10,-10,0.44,500,-10,500,-10,-57.49453,13.55238,120.9217,-51.72224,53.14554,-46.58698,43.96163,0
0.449029,10.31988,0.1372331,-10,-8.510324,-10,0.44,500,-10,500,-10,-57.56877,13.41789,120.953,-51.72894,53.1732,-46.60624,43.95992,0
1.900857,9.387026,-2.967411,-10,0.8964495,-10,0.44,500,-10,500,-10,-57.70856,13.32312,120.898,-51.62161,53.25078,-46.66797,43.83676,0
-0.02690035,3.307179,-8.974762,-10,9.040051,-10,0.44,500,-10,500,-10,-57.90171,13.25416,120.7593,-51.50497,53.27438,-46.66968,43.69823,0
-1.544787,-6.890671,-6.458652,-10,10,-10,0.44,500,-10,500,-10,-58.09261,13.17237,120.6131,-51.46788,53.21191,-46.58557,43.63951,0
0.5013477,-9.978126,2.35964,-7.779391,10,-10,0.44,500,-10,500,-10,-58.24474,13.07098,120.4958,-51.41146,53.1128,-46.54482,43.64143,0
-1.564693,-7.886085,6.609699,0.4565199,10,-10,0.44,500,-10,500,-10,-58.30492,12.95751,120.4014,-51.25488,52.91761,-46.62319,43.75843,0
-1.398276,-9.875412,2.511471,8.533616,10,-10,0.44,500,-10,500,-10,-58.26825,12.84117,120.3161,-51.09812,52.72455,-46.70925,43.88078,0
3.037753,-8.184395,-4.767874,10,10,-10,0.44,500,-10,500,-10,-58.18946,12.72916,120.2277,-51.04388,52.64672,-46.69027,43.88538,0
-0.5568514,-0.5686682,-9.666631,10,9.382958,-10,0.44,500,-10,500,-10,-58.10184,12.62441,120.1354,-51.01534,52.58886,-46.64234,43.86678,0
-6.311773,5.863917,-4.868355,10,1.287977,-10,0.44,500,-10,500,-10,-58.00379,12.52509,120.0949,-51.09148,52.46809,-46.53268,43.95403,0
-6.193047,7.911973,1.5157,10,-7.727269,-10,0.44,500,-10,500,-10,-57.90703,12.41753,120.1358,-51.21235,52.3701,-46.44566,44.08587,0
-7.510273,6.133917,2.882026,10,-10,-10,0.44,500,-10,500,-10,-57.81989,12.2972,120.2103,-51.27273,52.36158,-46.44701,44.15612,0
-9.346128,3.912594,-0.2464597,10,-10,-10,0.44,500,-10,500,-10,-57.73897,12.17104,120.276,-51.30457,52.37502,-46.46962,44.19713,0
-6.130709,3.931195,-6.378904,7.801592,-10,-10,0.44,500,-10,500,-10,-57.67495,12.04031,120.3338,-51.36802,52.42707,-46.45408,44.19299,0
0.9833738,6.221778,-7.680515,-1.006275,-10,-10,0.44,500,-10,500,-10,-57.69161,11.90721,120.3886,-51.54549,52.59675,-46.32203,44.06873,0
3.524106,9.344698,-2.526705,-9.14554,-10,-10,0.44,500,-10,500,-10,-57.80817,11.77622,120.4564,-51.72081,52.76783,-46.20281,43.95375,0
-0.332706,9.984423,-0.01350145,-10,-10,-10,0.44,500,-10,500,-10,-57.98316,11.6535,120.5582,-51.78473,52.83723,-46.2233,43.96876,0
-1.082498,10.02691,0.7363086,-10,-9.771886,-10,0.44,500,-10,500,-10,-58.20665,11.54569,120.7107,-51.84771,52.92588,-46.28662,44.00641,0
1.735427,9.763884,-2.621071,-10,-3.202431,-10,0.44,500,-10,500,-10,-58.42381,11.45286,120.8468,-51.83285,53.07817,-46.41431,43.96695,0
1.118253,2.85798,-9.321838,-10,6.104356,-10,0.44,500,-10,500,-10,-58.51464,11.34497,120.8375,-51.73854,53.17509,-46.50093,43.86234,0
0.6292701,-6.767527,-6.791357,-10,10,-10,0.44,500,-10,500,-10,-58.44634,11.21535,120.6607,-51.6487,53.11061,-46.4442,43.78025,0
-0.02635854,-10.17506,1.317987,-9.930601,10,-10,0.44,500,-10,500,-10,-58.15816,11.09196,120.2665,-51.51459,52.88314,-46.25175,43.68115,0
-2.91937,-8.953409,4.667034,-4.63628,10,-10,0.44,500,-10,500,-10,-55.99565,11.01952,118.0332,-50.30235,51.69702,-45.61347,43.01676,0
-1.527788,-9.797892,2.509122,4.26152,10,-10,0.44,500,-10,500,-10,-52.23759,10.97882,114.296,-48.36492,49.92206,-44.4543,41.69512,0
2.414756,-9.261884,-3.187329,10,10,-10,0.44,500,-10,500,-10,-46.06267,10.87352,108.2205,-45.46256,46.90483,-42.32257,39.67826,0
-0.8970121,-4.374287,-8.230233,10,10,-10,0.44,500,-10,500,-10,-46.16235,10.72775,108.4584,-45.54858,47.0272,-42.43364,39.75298,0
-8.061364,0.509051,-5.482646,10,9.109931,-10,0.44,500,-10,500,-10,-46.13383,10.59135,108.5332,-45.58914,47.04536,-42.45504,39.79678,0
-9.807432,2.68507,1.309923,10,-0.005393803,-10,0.44,500,-10,500,-10,-45.96662,10.49256,108.4587,-45.6674,46.88644,-42.31507,39.89397,0
-8.860913,2.813433,4.427425,10,-8.967588,-10,0.44,500,-10,500,-10,-45.69502,10.42057,108.2607,-45.70014,46.65888,-42.11828,39.9575,0
-9.818841,2.256519,1.592063,10,-10,-10,0.44,500,-10,500,-10,-45.43752,10.32844,108.071,-45.6487,46.52398,-42.01255,39.93523,0
-7.587409,4.033363,-4.080495,10,-10,-10,0.44,500,-10,500,-10,-45.23917,10.21344,107.9437,-45.60862,46.43611,-41.94717,39.91763,0
-1.767174,7.251678,-6.247974,7.598594,-10,-10,0.44,500,-10,500,-10,-45.09663,10.08534,107.8629,-45.62691,46.41645,-41.86191,39.87033,0
0.742773,10.07263,-1.344639,-1.652498,-10,-10,0.44,500,-10,500,-10,-45.05836,9.95108,107.8098,-45.7762,46.53376,-41.66862,39.70902,0
-2.513964,9.382403,2.4347,-9.824358,-10,-10,0.44,500,-10,500,-10,-45.07322,9.806253,107.7637,-45.91286,46.63877,-41.49375,39.5658,0
-3.529689,8.684674,3.300899,-10,-10,-10,0.44,500,-10,500,-10,-45.15722,9.672623,107.7162,-45.91277,46.61497,-41.45446,39.55021,0
-0.07835804,10.18217,0.4684091,-10,-9.826506,-10,0.44,500,-10,500,-10,-45.24531,9.543533,107.6598,-45.90197,46.58906,-41.41856,39.52942,0
2.165489,6.419835,-7.125281,-10,-3.055751,-10,0.44,500,-10,500,-10,-45.34209,9.431062,107.6347,-45.82911,46.65211,-41.47064,39.4456,0
3.389525,-3.543093,-8.488271,-10,6.939198,-10,0.44,500,-10,500,-10,-45.44027,9.340149,107.6976,-45.75479,46.78961,-41.59702,39.36016,0
1.84979,-9.72347,-1.914567,-10,10,-10,0.44,500,-10,500,-10,-45.52882,9.249512,107.8062,-45.76923,46.87524,-41.67262,39.36457,0
-2.428816,-9.94987,1.91542,-10,10,-10,0.44,500,-10,500,-10,-45.60876,9.149885,107.9081,-45.81107,46.92685,-41.71516,39.39734,0
-2.516746,-9.843091,1.701745,-6.424196,10,-10,0.44,500,-10,500,-10,-45.65968,9.042914,108.0043,-45.78895,46.91278,-41.81706,39.49119,0
0.8653585,-10.49933,-0.3821845,3.052537,10,-10,0.44,500,-10,500,-10,-45.61417,8.933285,108.1012,-45.66109,46.79312,-42.02517,39.69109,0
0.6602379,-8.782732,-5.192393,10,10,-10,0.44,500,-10,500,-10,-45.47145,8.830414,108.2123,-45.57429,46.71928,-42.20401,39.85698,0
-5.17732,-6.891463,-5.707642,10,10,-10,0.44,500,-10,500,-10,-45.29213,8.743679,108.3486,-45.60987,46.77632,-42.28137,39.91288,0
-8.262583,-5.511875,-0.17867,10,10,-10,0.44,500,-10,500,-10,-45.08659,8.678978,108.5121,-45.65077,46.8476,-42.37594,39.97707,0
-8.137418,-5.386612,3.064531,10,3.60386,-10,0.44,500,-10,500,-10,-44.88803,8.621182,108.6556,-45.7645,46.83029,-42.38113,40.1133,0
-8.83134,-4.303852,2.085722,10,-6.874813,-10,0.44,500,-10,500,-10,-44.75354,8.515935,108.7029,-45.90221,46.71654,-42.28262,40.26626,0
-9.168398,-0.834038,-3.061588,10,-10,-10,0.44,500,-10,500,-10,-44.64407,8.375197,108.714,-45.94616,46.66937,-42.24786,40.32262,0
-5.14539,5.176178,-6.86177,10,-10,-10,0.44,500,-10,500,-10,-44.49956,8.236183,108.7637,-45.9688,46.67154,-42.2664,40.36163,0
-0.3588982,10.01204,-1.770596,9.133265,-10,-10,0.44,500,-10,500,-10,-44.27575,8.102711,108.8992,-46.03685,46.71992,-42.31064,40.42553,0
-1.126686,9.147243,5.168727,-0.03034925,-10,-10,0.44,500,-10,500,-10,-43.88112,7.985154,109.2774,-46.33049,46.99624,-42.33036,40.46256,0
-1.857109,7.041208,7.745829,-9.279828,-10,-10,0.44,500,-10,500,-10,-42.75363,7.92247,110.4832,-46.86371,47.49671,-42.79626,40.96122,0
-0.8174617,9.210036,4.46616,-10,-10,-10,0.44,500,-10,500,-10,-41.73069,8.016752,111.609,-47.35734,47.84451,-43.23547,41.54625,0
1.187176,9.596955,-3.192304,-10,-10,-10,0.44,500,-10,500,-10,-41.75463,8.156944,111.6866,-47.38982,47.87902,-43.26727,41.57602,0
4.970645,1.732013,-8.016267,-10,-4.319784,-10,0.44,500,-10,500,-10,-41.86678,8.27735,111.6728,-47.31607,47.95406,-43.32959,41.48956,0
6.622431,-6.602352,-3.688206,-10,6.530153,-10,0.44,500,-10,500,-10,-42.13628,8.34994,111.4846,-47.103,48.04176,-43.38675,41.24594,0
2.47783,-10.1632,0.2658125,-10,10,-10,0.44,500,-10,500,-10,-42.44373,8.428556,111.2468,-46.94702,48.03555,-43.34569,41.05512,0
0.3239006,-10.59988,0.2979428,-10,10,-10,0.44,500,-10,500,-10,-42.67558,8.537184,111.0876,-46.86604,48.01082,-43.2947,40.94788,0
1.670636,-10.26386,0.1150931,-9.395248,10,-10,0.44,500,-10,500,-10,-42.84746,8.662607,110.989,-46.80316,47.99094,-43.27592,40.8861,0
1.754639,-10.12927,-2.006952,-0.8295329,10,-10,0.44,500,-10,500,-10,-42.92204,8.79644,110.9292,-46.61959,47.84182,-43.40995,40.98568,0
-0.7623476,-10.29194,-2.883519,9.030037,10,-10,0.44,500,-10,500,-10,-42.87994,8.932135,110.8827,-46.4147,47.66774,-43.5763,41.12122,0
-0.904007,-10.00577,-0.4007972,10,10,-10,0.44,500,-10,500,-10,-42.80236,9.06539,110.8313,-46.36137,47.63663,-43.58699,41.1097,0
-0.9460773,-10.94602,-0.6526831,10,10,-10,0.44,500,-10,500,-10,-42.72111,9.19462,110.7717,-46.32256,47.61686,-43.57644,41.08009,0
-2.019399,-9.936648,0.1036827,10,7.220795,-10,0.44,500,-10,500,-10,-42.63198,9.314893,110.7185,-46.31791,47.56734,-43.53701,41.08554,0
-5.807595,-6.868679,-3.189972,10,-4.379614,-10,0.44,500,-10,500,-10,-42.52985,9.411172,110.7532,-46.45002,47.45241,-43.43365,41.22923,0
-5.700949,1.221252,-7.750115,10,-10,-10,0.44,500,-10,500,-10,-42.43057,9.50222,110.8559,-46.54385,47.43241,-43.4249,41.3343,0
-1.82168,8.763441,-3.61501,10,-10,-10,0.44,500,-10,500,-10,-42.34035,9.602612,110.9553,-46.58074,47.46766,-43.47038,41.38142,0
1.545646,8.695334,5.032112,9.230878,-10,-10,0.44,500,-10,500,-10,-42.26246,9.711314,111.0469,-46.63044,47.51121,-43.49657,41.41376,0
3.375574,5.741132,7.468174,-0.353092,-10,-10,0.44,500,-10,500,-10,-42.26458,9.825569,111.1337,-46.83204,47.7081,-43.36695,41.28886,0
1.861987,8.167491,5.281915,-10,-10,-10,0.44,500,-10,500,-10,-42.38424,9.936975,111.2287,-47.04617,47.91462,-43.23152,41.16102,0
0.07453168,10.04204,-1.353171,-10,-10,-10,0.44,500,-10,500,-10,-42.54444,10.03575,111.3457,-47.11145,47.96446,-43.2632,41.20814,0
5.132135,5.358387,-6.417017,-10,-10,-10,0.44,500,-10,500,-10,-42.72924,10.11654,111.4888,-47.19357,48.02182,-43.29963,41.26933,0
9.979556,-0.8955855,-1.497104,-10,-4.296615,-10,0.44,500,-10,500,-10,-42.91256,10.18791,111.6175,-47.20401,48.13885,-43.39588,41.25899,0
7.828255,-5.208589,3.848165,-10,7.377739,-10,0.44,500,-10,500,-10,-43.0234,10.29838,111.6339,-47.07938,48.28956,-43.53403,41.1218,0
6.508798,-6.63573,4.489438,-10,10,-10,0.44,500,-10,500,-10,-43.09621,10.43776,111.5991,-47.02489,48.32352,-43.55973,41.05907,0
6.50428,-8.145985,0.9353189,-10,10,-10,0.44,500,-10,500,-10,-43.17767,10.57834,111.5775,-47.0074,48.33231,-43.5593,41.03235,0
3.043906,-9.674605,-1.997588,-9.552107,10,-10,0.44,500,-10,500,-10,-43.27978,10.71933,111.5819,-46.99754,48.34216,-43.57281,41.02615,0
0.4780153,-10.32873,1.035632,-0.5952766,10,-10,0.44,500,-10,500,-10,-43.38843,10.85939,111.6562,-46.88097,48.22766,-43.75093,41.20218,0
3.822274,-8.561842,4.036845,10,10,-10,0.44,500,-10,500,-10,-44.02011,10.99626,112.3671,-47.04883,48.3964,-44.17214,41.62252,0
6.474029,-7.279429,3.512759,10,10,-10,0.44,500,-10,500,-10,-40.40682,11.00451,108.8529,-45.4173,46.76609,-42.8918,40.34097,0
3.061141,-9.336246,2.341002,10,10,-10,0.44,500,-10,500,-10,-24.35162,10.99725,92.89705,-37.84969,39.19741,-37.23858,34.68883,0
-3.329317,-8.21559,-4.351182,10,3.832532,-10,0.44,500,-10,500,-10,-23.935,11.11554,92.57988,-37.71685,39.02024,-37.10863,34.6032,0
-5.813814,1.982486,-7.530322,10,-8.119158,-10,0.44,500,-10,500,-10,-23.31577,11.20578,92.05547,-37.52919,38.70321,-36.86176,34.48571,0
-1.212051,9.816701,-0.6049011,10,-10,-10,0.44,500,-10,500,-10,-22.96243,11.33301,91.79579,-37.40913,38.56807,-36.76666,34.40569,0
5.796224,8.223822,2.987939,10,-10,-10,0.44,500,-10,500,-10,-22.80899,11.4724,91.73914,-37.3667,38.54617,-36.76215,34.38064,0
6.407637,7.044204,2.652287,5.746385,-10,-10,0.44,500,-10,500,-10,-22.73153,11.61328,91.73746,-37.42364,38.62386,-36.70382,34.30156,0
1.966627,9.549242,2.484417,-6.757591,-10,-10,0.44,500,-10,500,-10,-22.772,11.75153,91.74789,-37.6329,38.8535,-36.5032,34.08056,0
0.3663878,9.76461,-2.28284,-10,-10,-10,0.44,500,-10,500,-10,-22.85261,11.88377,91.74652,-37.68235,38.92242,-36.45261,34.01049,0
5.559829,8.109337,-1.967844,-10,-10,-10,0.44,500,-10,500,-10,-22.94279,12.02402,91.72984,-37.67022,38.93095,-36.45092,33.98815,0
7.542103,6.670725,3.54634,-10,-8.945407,-10,0.44,500,-10,500,-10,-23.03069,12.15983,91.70528,-37.64315,38.94764,-36.45765,33.95111,0
7.260512,4.643917,4.886938,-10,3.683476,-10,0.44,500,-10,500,-10,-23.14895,12.24883,91.75774,-37.52283,39.12482,-36.62142,33.8174,0
10.10284,1.080318,2.024643,-10,10,-10,0.44,500,-10,500,-10,-23.28871,12.3063,91.89037,-37.51035,39.26304,-36.7438,33.78907,0
7.158009,-5.741561,-4.006946,-10,10,-10,0.44,500,-10,500,-10,-23.41864,12.37975,92.01432,-37.56393,39.32689,-36.79293,33.82793,0
0.7170685,-10.17209,-0.2458241,-9.781729,10,-10,0.44,500,-10,500,-10,-23.53609,12.46787,92.12591,-37.61594,39.37323,-36.83339,33.87406,0
1.595394,-6.63446,7.811543,-0.8527571,10,-10,0.44,500,-10,500,-10,-23.58549,12.56742,92.2261,-37.51389,39.25993,-37.01847,34.07037,0
3.088024,-3.164032,9.307064,10,10,-10,0.44,500,-10,500,-10,-23.50389,12.66834,92.32471,-37.37102,39.10579,-37.24303,34.30622,0
1.976104,-7.804493,6.175233,10,10,-10,0.44,500,-10,500,-10,-23.38995,12.75942,92.43322,-37.41739,39.13642,-37.28657,34.36549,0
-1.344346,-9.408693,-3.115082,10,10,-10,0.44,500,-10,500,-10,-23.26414,12.83732,92.55347,-37.47053,39.16866,-37.33306,34.4329,0
-7.102154,0.2529342,-6.164057,10,1.16204,-10,0.44,500,-10,500,-10,-23.14182,12.91838,92.63437,-37.60155,39.0908,-37.26907,34.57779,0
-4.553994,8.937563,0.04313572,10,-10,-10,0.44,500,-10,500,-10,-23.05329,13.04295,92.60458,-37.69703,38.96061,-37.14891,34.68329,0
1.516344,10.12859,0.09619455,10,-10,-10,0.44,500,-10,500,-10,-22.97262,13.17937,92.56421,-37.66059,38.95446,-37.15191,34.65599,0
2.073689,9.791465,-0.3788933,10,-10,-10,0.44,500,-10,500,-10,-22.86871,13.30485,92.53456,-37.62949,38.94921,-37.15843,34.63667,0
0.870513,10.57047,1.143248,4.331603,-10,-10,0.44,500,-10,500,-10,-22.81064,13.44543,92.52124,-37.7053,39.04877,-37.07159,34.52608,0
-0.3608522,10.10966,0.2547573,-8.848663,-10,-10,0.44,500,-10,500,-10,-22.87672,13.58626,92.51201,-37.9182,39.28439,-36.85104,34.2828,0
-1.000989,10.16699,0.5135805,-10,-10,-10,0.44,500,-10,500,-10,-23.00969,13.72595,92.47451,-37.91469,39.3111,-36.82349,34.22503,0
-1.569299,10.13867,-0.4442923,-10,-10,-10,0.44,500,-10,500,-10,-23.21003,13.86144,92.36718,-37.85738,39.30217,-36.79185,34.14503,0
1.493769,10.07152,0.04538879,-10,-5.799603,-10,0.44,500,-10,500,-10,-23.47985,13.98061,92.19166,-37.72079,39.32391,-36.78301,33.97786,0
7.323791,5.602258,-3.522362,-10,8.39337,-10,0.44,500,-10,500,-10,-22.98059,14.07225,92.79446,-37.83571,39.65187,-37.16756,34.14936,0
4.858353,-5.627175,-6.10399,-10,10,-10,0.44,500,-10,500,-10,-20.99127,14.04726,94.88683,-38.68102,40.47804,-38.05597,35.0569,0
-0.7497737,-9.215837,3.590952,-10,10,-10,0.44,500,-10,500,-10,-21.27578,13.90847,94.70209,-38.63082,40.4074,-37.95309,34.97447,0
-4.322352,-3.071819,8.506767,-4.424543,10,-10,0.44,500,-10,500,-10,-21.2993,13.76793,94.74789,-38.56658,40.32246,-38.05529,35.09737,0
-4.352851,-4.6541,7.697861,9.333673,10,-10,0.44,500,-10,500,-10,-21.20882,13.62736,94.7776,-38.34993,40.0851,-38.29655,35.35934,0
-0.2486078,-10.15775,1.735019,10,10,-10,0.44,500,-10,500,-10,-21.11235,13.48641,94.77292,-38.34157,40.05597,-38.30104,35.3846,0
-4.844558,-6.502885,-5.791027,10,10,-10,0.44,500,-10,500,-10,-21.03092,13.34628,94.74841,-38.33712,40.03088,-38.28517,35.38937,0
-9.462439,1.641734,1.021608,10,3.217534,-10,0.44,500,-10,500,-10,-20.9271,13.22879,94.75546,-38.41917,39.9429,-38.20896,35.48319,0
-5.218941,6.274891,5.937828,10,-10,-10,0.44,500,-10,500,-10,-20.74416,13.17071,94.89362,-38.61916,39.83667,-38.12347,35.7039,0
-4.427697,7.828223,4.724194,10,-10,-10,0.44,500,-10,500,-10,-20.56187,13.10178,95.04121,-38.67505,39.88242,-38.18987,35.78045,0
-4.276497,9.155218,0.2572562,10,-10,-10,0.44,500,-10,500,-10,-20.40003,13.01226,95.16612,-38.72339,39.91923,-38.24501,35.84714,0
-0.107047,10.19497,0.9519434,5.405468,-10,-10,0.44,500,-10,500,-10,-20.2839,12.90699,95.26871,-38.83492,40.03596,-38.21849,35.81541,0
-4.002797,7.734736,4.840702,-9.202064,-10,-10,0.44,500,-10,500,-10,-20.31618,12.79432,95.35777,-39.119,40.32661,-38.00821,35.59856,0
-7.880036,5.243483,3.352578,-10,-10,-10,0.44,500,-10,500,-10,-20.39793,12.68632,95.45017,-39.17118,40.38743,-38.03259,35.6143,0
-4.754035,8.368692,2.715947,-10,-10,-10,0.44,500,-10,500,-10,-20.48868,12.58629,95.5499,-39.21156,40.43995,-38.07483,35.6444,0
3.355706,7.494481,-4.509038,-10,-1.534089,-10,0.44,500,-10,500,-10,-20.58761,12.48983,95.6087,-39.14544,40.56601,-38.18968,35.56707,0
5.162419,-5.273502,-5.988403,-10,10,-10,0.44,500,-10,500,-10,-20.6808,12.3757,95.54844,-39.0128,40.65927,-38.27238,35.42387,0
-2.975299,-8.772699,2.92331,-10,10,-10,0.44,500,-10,500,-10,-20.76577,12.25199,95.47906,-39.00773,40.6165,-38.21999,35.40918,0
-8.955376,-3.778325,2.53784,-9.064219,10,-10,0.44,500,-10,500,-10,-20.84066,12.12306,95.41835,-38.98889,40.56166,-38.18851,35.4137,0
-6.00299,-7.427322,3.490596,4.434788,10,-10,0.44,500,-10,500,-10,-20.81281,11.99096,95.36266,-38.75193,40.28978,-38.37933,35.63944,0
0.06842977,-10.21985,-0.1780782,10,10,-10,0.44,500,-10,500,-10,-20.67175,11.86251,95.29171,-38.63892,40.13854,-38.43354,35.73188,0
-5.412275,-7.753612,-1.912838,10,10,-10,0.44,500,-10,500,-10,-20.50208,11.74403,95.18857,-38.60707,40.06572,-38.37994,35.71925,0
-6.567533,-5.427986,5.421484,10,8.185241,-10,0.44,500,-10,500,-10,-20.30351,11.64018,95.05722,-38.56994,39.9715,-38.30823,35.70463,0
-5.752405,-3.341064,7.625058,10,-8.029945,-10,0.44,500,-10,500,-10,-20.24157,11.53374,95.10246,-38.77559,39.79633,-38.14007,35.91729,0
-9.790223,0.9591618,1.580525,10,-10,-10,0.44,500,-10,500,-10,-20.28742,11.41834,95.26959,-38.86943,39.84616,-38.18471,36.00594,0
-3.985814,8.186556,-3.124379,10,-10,-10,0.44,500,-10,500,-10,-20.40047,11.30802,95.50035,-38.94834,39.97128,-38.29701,36.07203,0
-0.9251039,8.194262,5.654919,5.329804,-10,-10,0.44,500,-10,500,-10,-20.68118,11.21153,95.86951,-39.15568,40.2606,-38.39554,36.08858,0
-4.720362,0.6538061,8.645637,-10,-10,-10,0.44,500,-10,500,-10,-21.39885,11.16018,96.53269,-39.71576,40.84924,-38.38498,36.04946,0
-3.715613,3.73023,8.112576,-10,-10,-10,0.44,500,-10,500,-10,-22.22241,11.21492,97.26663,-40.01306,41.1546,-38.69582,36.35223,0
0.5106279,9.368942,-1.544451,-10,-9.783812,-10,0.44,500,-10,500,-10,-22.57884,11.33986,97.53032,-40.10366,41.26847,-38.8237,36.45684,0
6.486777,-1.679663,-6.427631,-10,2.756956,-10,0.44,500,-10,500,-10,-22.85543,11.41872,97.7209,-40.04829,41.50712,-39.03699,36.37611,0
0.4120823,-9.975268,0.3121328,-10,10,-10,0.44,500,-10,500,-10,-23.25821,11.44444,98.05331,-40.12538,41.75111,-39.23533,36.40756,0
-5.03225,-8.159139,-2.408386,-10,10,-10,0.44,500,-10,500,-10,-23.59414,11.52055,98.31696,-40.24944,41.88357,-39.32973,36.49355,0
-3.276047,-9.713335,0.01740995,-8.070445,10,-10,0.44,500,-10,500,-10,-23.83087,11.6295,98.48818,-40.30999,41.92602,-39.41103,36.59297,0
0.2394643,-10.44399,-0.1139764,7.715571,10,-10,0.44,500,-10,500,-10,-23.87705,11.75389,98.59646,-40.09462,41.69893,-39.71612,36.90977,0
-1.267001,-10.32822,-0.8890907,10,10,-10,0.44,500,-10,500,-10,-23.84093,11.87929,98.68755,-40.09508,41.6921,-39.79115,36.99208,0
-0.5591245,-10.1158,0.09791442,10,10,-10,0.44,500,-10,500,-10,-23.79415,12.00206,98.77525,-40.13221,41.72234,-39.82669,37.03451,0
-2.069817,-9.768315,0.8838577,10,2.08024,-10,0.44,500,-10,500,-10,-23.71422,12.11227,98.81186,-40.2292,41.64661,-39.76002,37.14057,0
-7.399114,-4.49452,-2.392878,10,-10,-10,0.44,500,-10,500,-10,-23.571,12.20262,98.70826,-40.29309,41.48066,-39.61029,37.22069,0
-3.220374,7.253037,-4.964414,10,-10,-10,0.44,500,-10,500,-10,-23.43647,12.30505,98.60569,-40.22116,41.45236,-39.59724,37.164,0
0.6366359,6.298746,7.64442,8.671839,-10,-10,0.44,500,-10,500,-10,-23.32306,12.41923,98.52084,-40.18212,41.45345,-39.56597,37.0926,0
2.0208,-1.385722,9.915347,-5.983931,-10,-10,0.44,500,-10,500,-10,-23.33277,12.54053,98.44852,-40.38349,41.69218,-39.30467,36.79394,0
2.126034,6.424396,7.549839,-10,-10,-10,0.44,500,-10,500,-10,-23.4333,12.65859,98.37159,-40.40688,41.75316,-39.21754,36.66922,0
1.495803,7.801847,-5.094642,-10,-10,-10,0.44,500,-10,500,-10,-23.54422,12.76812,98.28228,-40.36413,41.73448,-39.18629,36.6139,0
8.264188,-4.036085,-2.612777,-10,-0.9889722,-10,0.44,500,-10,500,-10,-23.65364,12.86949,98.23373,-40.24129,41.82949,-39.2689,36.47866,0
2.312042,-9.464703,2.882005,-10,10,-10,0.44,500,-10,500,-10,-23.72747,12.97892,98.31348,-40.14707,41.99815,-39.4292,36.37608,0
1.107779,-9.849693,2.202473,-10,10,-10,0.44,500,-10,500,-10,-23.78991,13.09525,98.4017,-40.18706,42.03833,-39.46231,36.409,0
3.028141,-9.891447,0.4101909,-9.16291,10,-10,0.44,500,-10,500,-10,-23.84044,13.21619,98.48731,-40.21412,42.05945,-39.5062,36.45882,0
0.9052563,-10.18864,0.2055591,4.855621,10,-10,0.44,500,-10,500,-10,-23.78145,13.33953,98.57556,-40.01212,41.85066,-39.78132,36.74073,0
5.021547,-8.705236,0.793987,10,10,-10,0.44,500,-10,500,-10,-23.59724,13.45524,98.69181,-39.97037,41.79272,-39.91938,36.89499,0
6.843567,-6.934951,-1.254383,10,10,-10,0.44,500,-10,500,-10,-23.36461,13.55306,98.85848,-40.04284,41.832,-39.98502,36.99381,0
-0.07060617,-9.915343,-0.910388,10,2.597412,-10,0.44,500,-10,500,-10,-23.13863,13.63825,99.0083,-40.1902,41.78316,-39.96179,37.1668,0
-4.649476,0.1059246,-7.478495,10,-10,-10,0.44,500,-10,500,-10,-23.1027,13.76389,98.93692,-40.28154,41.62861,-39.81131,37.2622,0
1.033919,9.044753,2.713528,10,-10,-10,0.44,500,-10,500,-10,-23.13298,13.89741,98.79865,-40.19683,41.60218,-39.78146,37.17406,0
6.952711,-0.4319222,6.581292,7.60705,-10,-10,0.44,500,-10,500,-10,-23.31314,14.02828,98.52492,-40.08611,41.58797,-39.66536,36.96146,0
6.772773,4.294164,5.645365,-9.924545,-10,-10,0.44,500,-10,500,-10,-26.29475,14.12908,95.60049,-39.328,40.89884,-38.00033,35.22745,0
-0.07195663,9.145369,-2.423103,-10,-10,-10,0.44,500,-10,500,-10,-32.35167,14.04368,89.64351,-37.27777,38.82407,-35.11466,32.36632,0
9.074929,2.096418,-2.547862,-10,-9.491577,-10,0.44,500,-10,500,-10,-32.30283,13.90536,89.79302,-37.33543,38.88477,-35.18089,32.42952,0
5.021787,-4.367359,7.638793,-10,4.983757,-10,0.44,500,-10,500,-10,-32.61127,13.82128,89.57584,-37.11779,38.95739,-35.21856,32.17692,0
3.609008,-5.457693,7.621363,-10,10,-10,0.44,500,-10,500,-10,-33.06425,13.75013,89.20311,-36.99046,38.82722,-35.03706,31.99826,0
6.947299,-7.37788,0.419014,-10,10,-10,0.44,500,-10,500,-10,-33.35492,13.63625,88.99553,-36.95867,38.71996,-34.89686,31.93353,0
0.9656475,-10.34538,-0.05828488,-4.107368,10,-10,0.44,500,-10,500,-10,-33.50856,13.50476,88.89485,-36.84745,38.56456,-34.92465,32.0055,0
7.796303,-4.682413,4.077652,10,10,-10,0.44,500,-10,500,-10,-33.47784,13.36851,88.83559,-36.59107,38.28811,-35.13194,32.23286,0
8.657044,-2.803865,3.492891,10,10,-10,0.44,500,-10,500,-10,-33.41858,13.23403,88.7765,-36.57314,38.25036,-35.10091,32.22164,0
0.9539199,-9.415184,0.1579862,10,7.621165,-10,0.44,500,-10,500,-10,-33.34865,13.1067,88.72669,-36.5847,38.1896,-35.04807,32.24113,0
-4.19639,2.622543,-7.284213,10,-10,-10,0.44,500,-10,500,-10,-33.19891,13.02961,88.82891,-36.82264,38.01938,-34.89482,32.49604,0
4.390128,7.903747,2.982049,10,-10,-10,0.44,500,-10,500,-10,-33.04386,12.9482,88.95619,-36.86644,38.06348,-34.95648,32.55741,0
9.590079,1.809574,0.2164812,8.16093,-10,-10,0.44,500,-10,500,-10,-32.91467,12.85044,89.0645,-36.92754,38.14009,-34.98513,32.57054,0
4.020853,8.751492,2.114237,-8.710364,-10,-10,0.44,500,-10,500,-10,-32.93424,12.74291,89.1588,-37.24949,38.47284,-34.74133,32.31593,0
1.587217,8.430977,-4.390545,-10,-10,-10,0.44,500,-10,500,-10,-33.01984,12.63982,89.256,-37.31023,38.54624,-34.76111,32.32306,0
8.181715,4.719129,3.54858,-10,-9.860017,-10,0.44,500,-10,500,-10,-33.11482,12.5455,89.36019,-37.34917,38.60441,-34.80851,32.35123,0
3.120863,3.274637,8.163408,-10,5.025755,-10,0.44,500,-10,500,-10,-33.21378,12.44525,89.38131,-37.20044,38.78184,-34.97473,32.19129,0
8.773905,0.5570615,3.64726,-10,10,-10,0.44,500,-10,500,-10,-33.30308,12.32379,89.30885,-37.13921,38.79315,-34.97593,32.11994,0
4.245079,-7.690997,-4.127721,-10,10,-10,0.44,500,-10,500,-10,-33.3862,12.19651,89.24577,-37.1366,38.75292,-34.92628,32.10791,0
3.992451,-6.543667,6.200113,0.214179,10,-10,0.44,500,-10,500,-10,-33.40403,12.06492,89.19064,-36.95884,38.53928,-35.05834,32.27586,0
6.121622,1.209425,6.907831,10,10,-10,0.44,500,-10,500,-10,-33.27756,11.93477,89.12749,-36.77789,38.32043,-35.18696,32.44238,0
2.155403,-7.165574,5.640221,10,10,-10,0.44,500,-10,500,-10,-33.12127,11.81314,89.03687,-36.75365,38.2519,-35.13614,32.43584,0
-3.005127,-3.482495,-7.539134,10,1.789371,-10,0.44,500,-10,500,-10,-32.98222,11.7062,88.97949,-36.8306,38.11164,-35.01163,32.52855,0
-0.5240344,9.276693,-0.3987885,10,-10,-10,0.44,500,-10,500,-10,-32.99084,11.60551,89.11955,-37.00944,38.04984,-34.94885,32.70641,0
7.157424,5.961389,-3.030374,10,-10,-10,0.44,500,-10,500,-10,-33.04343,11.50697,89.30272,-37.06883,38.14817,-35.04122,32.75984,0
3.125285,9.147333,-0.3449452,3.387427,-10,-10,0.44,500,-10,500,-10,-33.18419,11.41534,89.53233,-37.25778,38.39053,-35.04252,32.70774,0
-0.6260276,9.211421,-3.156582,-10,-10,-10,0.44,500,-10,500,-10,-33.55629,11.34688,89.8484,-37.62357,38.78455,-34.93863,32.57561,0
5.308681,8.543414,0.1787913,-10,-10,-10,0.44,500,-10,500,-10,-34.04379,11.3328,90.25985,-37.82269,38.9816,-35.08044,32.71949,0
2.866466,9.165264,3.35375,-10,-6.960876,-10,0.44,500,-10,500,-10,-34.49805,11.37061,90.63623,-37.9534,39.18631,-35.26159,32.82663,0
6.994251,7.194471,1.487257,-10,10,-10,0.44,500,-10,500,-10,-34.87662,11.30541,90.93406,-37.87843,39.48367,-35.58334,32.77606,0
5.15889,-4.249044,-6.39897,-10,10,-10,0.44,500,-10,500,-10,-35.41324,11.259,91.38998,-38.06715,39.66556,-35.77239,32.97194,0
2.207517,-7.347183,5.529535,-7.59936,10,-10,0.44,500,-10,500,-10,-35.9963,11.2901,91.90298,-38.26956,39.87255,-35.99504,33.19001,0
2.109684,2.262244,9.18292,10,10,-10,0.44,500,-10,500,-10,-36.25747,11.38502,92.24057,-38.14059,39.7117,-36.40373,33.63058,0
-0.3896689,-6.552754,6.739723,10,10,-10,0.44,500,-10,500,-10,-36.34589,11.49927,92.44666,-38.25308,39.78001,-36.46201,33.73304,0
-1.969707,-4.146054,-7.669544,10,7.561137,-10,0.44,500,-10,500,-10,-36.35567,11.61618,92.5733,-38.34387,39.79526,-36.47616,33.82273,0
-2.231795,9.631517,-0.09619384,10,-10,-10,0.44,500,-10,500,-10,-36.155,11.70525,92.44621,-38.45218,39.5589,-36.26254,33.95378,0
3.125944,9.138094,-2.326946,10,-10,-10,0.44,500,-10,500,-10,-35.94732,11.80777,92.30193,-38.35167,39.51632,-36.24349,33.8768,0
-0.6126314,10.15858,0.6826671,8.314431,-10,-10,0.44,500,-10,500,-10,-35.78836,11.92724,92.20167,-38.30637,39.51793,-36.20573,33.79213,0
-1.158104,8.912436,-3.576881,-8.167687,-10,-10,0.44,500,-10,500,-10,-35.78481,12.0554,92.13013,-38.53741,39.7883,-35.91541,33.46248,0
1.737023,9.505635,-1.003599,-10,-10,-10,0.44,500,-10,500,-10,-35.85279,12.18199,92.06033,-38.52698,39.81098,-35.86801,33.38197,0
-0.6044552,9.625593,-1.457247,-10,-8.822334,-10,0.44,500,-10,500,-10,-35.92854,12.30275,91.99106,-38.48042,39.80873,-35.85717,33.32681,0
3.864361,8.734274,-1.321638,-10,7.801116,-10,0.44,500,-10,500,-10,-36.03748,12.39828,92.03699,-38.31151,40.02804,-36.06414,33.14557,0
5.022434,-2.291944,-5.885173,-10,10,-10,0.44,500,-10,500,-10,-36.1531,12.49196,92.14349,-38.34028,40.10062,-36.12362,33.16123,0.2665444
6.734541,-0.5397903,11.55701,-8.525974,10,-10,0.44,500,-10,500,-10,-36.25051,12.59693,92.23777,-38.36597,40.1139,-36.17603,33.22607,1
3.201229,7.423665,13.91589,7.569663,10,-10,0.44,500,-10,500,-10,-36.21495,12.7086,92.32414,-38.13059,39.86888,-36.48299,33.54265,1
4.535493,-2.543817,8.633479,10,10,-10,0.44,500,-10,500,-10,-36.09856,12.81418,92.41897,-38.12859,39.85353,-36.56356,33.63657,1
2.630354,4.486969,-2.393725,10,8.164398,-10,0.44,500,-10,500,-10,-35.97186,12.90913,92.51885,-38.19172,39.85881,-36.5832,33.71407,1
2.313426,15.06991,6.44461,10,-9.452725,-10,0.44,500,-10,500,-10,-35.88446,13.01801,92.48766,-38.35971,39.65506,-36.38936,33.89196,1
5.273251,15.51502,6.640939,10,-10,-10,0.44,500,-10,500,-10,-35.82087,13.14019,92.40839,-38.30869,39.6332,-36.37469,33.84814,1
1.734809,14.97523,6.178703,8.962487,-10,-10,0.44,500,-10,500,-10,-35.76902,13.2665,92.33234,-38.27134,39.63697,-36.34902,33.78135,1
5.919172,15.62428,2.209414,-6.672879,-10,-10,0.44,500,-10,500,-10,-35.83996,13.39477,92.25358,-38.48782,39.89554,-36.06728,33.45753,1
3.427475,15.52318,4.317073,-10,-10,-10,0.44,500,-10,500,-10,-36.02452,13.5157,92.14249,-38.48381,39.94169,-35.97926,33.31933,1
1.762002,14.50753,3.379818,-10,-8.820423,-10,0.44,500,-10,500,-10,-36.25551,13.62064,91.98449,-38.39912,39.92163,-35.93302,33.20847,1
9.313637,13.52251,1.068599,-10,7.701168,-10,0.44,500,-10,500,-10,-36.32937,13.72688,92.01215,-38.22162,40.13043,-36.13345,33.02259,1
7.713009,-1.591834,0.8193823,-10,10,-10,0.44,500,-10,500,-10,-36.22688,13.84315,92.23001,-38.29562,40.22532,-36.23996,33.10822,1
2.63517,3.450267,13.34725,-7.854825,10,-10,0.44,500,-10,500,-10,-35.96037,13.9477,92.59836,-38.44347,40.27945,-36.39731,33.3593,1
0.3949773,3.792808,12.23633,9.897421,10,-10,0.44,500,-10,500,-10,-35.15643,14.00967,93.35711,-38.43633,40.22781,-37.03316,34.03963,1
6.663323,-2.751027,2.594671,10,10,-10,0.44,500,-10,500,-10,-34.16165,13.95033,94.25932,-38.82307,40.60582,-37.39396,34.40918,1
-1.697193,8.366402,2.04125,10,7.02152,-10,0.44,500,-10,500,-10,-33.82696,13.82788,94.49923,-38.95696,40.6546,-37.45887,34.55919,1
3.233297,13.80526,10.51967,10,-10,-10,0.44,500,-10,500,-10,-33.37161,13.79541,94.8737,-39.28035,40.5899,-37.44576,34.93417,1
1.339909,12.95626,9.802769,10,-10,-10,0.44,500,-10,500,-10,-32.94305,13.72619,95.22362,-39.40157,40.71004,-37.61448,35.10396,1
1.750972,14.11975,2.046829,7.413379,-10,-10,0.44,500,-10,500,-10,-32.66863,13.6153,95.42957,-39.49446,40.84476,-37.69223,35.13989,1
3.936671,15.60019,5.754641,-10,-10,-10,0.44,500,-10,500,-10,-32.63173,13.48794,95.54527,-39.82846,41.19524,-37.4541,34.88528,1
-1.651745,11.60219,4.16413,-10,-10,-10,0.44,500,-10,500,-10,-32.65871,13.35997,95.63933,-39.86405,41.24065,-37.49645,34.91781,1
4.489522,15.4338,5.577118,-10,-6.415992,-10,0.44,500,-10,500,-10,-32.71254,13.23904,95.70448,-39.85281,41.31198,-37.56168,34.90046,1
9.276682,4.29417,-2.872809,-10,10,-10,0.44,500,-10,500,-10,-32.8848,13.15772,95.58437,-39.65242,41.43238,-37.66255,34.68055,1
2.926756,-1.145045,10.04147,-10,10,-10,0.44,500,-10,500,-10,-33.0523,13.06383,95.45956,-39.63638,41.36397,-37.57516,34.64553,1
-2.409575,4.352512,9.303502,0.0161314,10,-10,0.44,500,-10,500,-10,-33.13889,12.95458,95.35947,-39.45275,41.13351,-37.67587,34.79307,1
4.976812,-3.656284,5.807323,10,10,-10,0.44,500,-10,500,-10,-33.07292,12.84194,95.26877,-39.26351,40.90024,-37.78995,34.95118,1
-0.3652496,2.498344,-0.09971416,10,10,-10,0.44,500,-10,500,-10,-32.99606,12.73546,95.17336,-39.2361,40.83987,-37.7383,34.93248,1
0.4459092,9.124049,12.37073,10,-3.27203,-10,0.44,500,-10,500,-10,-32.90096,12.63369,95.15269,-39.37908,40.669,-37.5782,35.08624,1
0.597456,9.209646,11.95454,10,-10,-10,0.44,500,-10,500,-10,-32.79704,12.52322,95.24023,-39.48948,40.61936,-37.54034,35.20842,1
-0.06736499,12.87424,2.760931,10,-10,-10,0.44,500,-10,500,-10,-32.70214,12.40445,95.31624,-39.51328,40.64778,-37.57951,35.24297,1
4.057293,15.33176,7.083476,-4.534523,-10,-10,0.44,500,-10,500,-10,-32.70465,12.27967,95.38303,-39.7878,40.92368,-37.36033,35.02241,1
-2.55995,9.137053,7.354728,-10,-10,-10,0.44,500,-10,500,-10,-32.82838,12.15814,95.45808,-39.9166,41.05714,-37.29372,34.95113,1
3.230916,14.64657,7.745454,-10,-8.538881,-10,0.44,500,-10,500,-10,-32.9649,12.04695,95.54494,-39.93884,41.12235,-37.34345,34.9579,1
9.598117,5.44596,-2.731827,-10,9.313181,-10,0.44,500,-10,500,-10,-33.03717,11.94465,95.49507,-39.73676,41.29131,-37.50422,34.74763,1
2.127019,-2.00257,8.15976,-10,10,-10,0.44,500,-10,500,-10,-33.06644,11.83897,95.37778,-39.70815,41.22606,-37.43565,34.71569,1
-2.793386,2.116579,6.137234,-5.561145,10,-10,0.44,500,-10,500,-10,-33.05792,11.73095,95.25311,-39.60654,41.07227,-37.43394,34.76617,1
5.480202,-3.947278,4.909562,10,10,-10,0.44,500,-10,500,-10,-32.86569,11.62804,95.10468,-39.28183,40.72247,-37.63567,34.99298,1
-0.4741457,0.5029746,1.360468,10,10,-10,0.44,500,-10,500,-10,-32.59921,11.54817,94.90208,-39.18868,40.61755,-37.56095,34.93003,1
0.5695318,4.1262,12.98168,10,0.15133,-10,0.44,500,-10,500,-10,-32.36072,11.47268,94.74009,-39.22451,40.42048,-37.3909,34.99288,1
-0.939832,5.838415,11.52937,10,-10,-10,0.44,500,-10,500,-10,-32.30215,11.33316,94.78629,-39.36491,40.31173,-37.28879,35.13992,1
0.68536,12.72831,1.084301,10,-10,-10,0.44,500,-10,500,-10,-32.23808,11.1927,94.8243,-39.38737,40.3135,-37.29781,35.16964,1
2.135892,13.20237,9.046878,-3.748063,-10,-10,0.44,500,-10,500,-10,-32.24018,11.0518,94.84222,-39.63929,40.54467,-37.06073,34.95331,1
-1.152025,7.107493,10.62501,-10,-10,-10,0.44,500,-10,500,-10,-33.11555,10.92333,95.61698,-40.05169,41.08627,-37.2903,35.05368,1
5.343432,14.82559,5.579851,-10,-8.366756,-10,0.44,500,-10,500,-10,-32.349,10.82064,94.74849,-39.71168,40.61979,-36.91068,34.80053,1
10.30171,1.438105,-0.8497072,-10,10,-10,0.44,500,-10,500,-10,-32.90218,10.754,95.21163,-39.72621,41.05171,-37.27991,34.75237,1
-0.557209,-1.432123,5.610444,-10,10,-10,0.44,500,-10,500,-10,-33.35836,10.65072,95.5798,-39.86543,41.26925,-37.44576,34.8399,1
-0.0005963445,-2.138065,4.482217,-4.192233,10,-10,0.44,500,-10,500,-10,-33.55258,10.51854,95.71467,-39.82191,41.24881,-37.60102,34.97208,1
6.877634,-3.349146,2.66898,10,10,-10,0.44,500,-10,500,-10,-33.52297,10.38086,95.77769,-39.60499,41.03144,-37.87016,35.24166,1
-0.5438234,-0.8800582,5.368656,10,10,-10,0.44,500,-10,500,-10,-33.47034,10.24453,95.83752,-39.62751,41.05254,-37.89722,35.27015,1
1.420216,-0.5014749,10.91363,10,-2.073105,-10,0.44,500,-10,500,-10,-33.35279,10.14136,95.81003,-39.75708,40.88686,-37.74486,35.41304,1
-3.218904,4.149236,4.854114,10,-10,-10,0.44,500,-10,500,-10,-33.14659,10.07693,95.64616,-39.79697,40.68783,-37.5692,35.47629,1
3.93669,14.8188,2.686048,9.247634,-10,-10,0.44,500,-10,500,-10,-32.96952,9.988907,95.50996,-39.77124,40.60626,-37.48208,35.44501,1
1.271085,8.179094,12.46721,-7.392467,-10,-10,0.44,500,-10,500,-10,-32.93211,9.88491,95.39908,-40.03141,40.81644,-37.13002,35.14295,1
3.289049,9.989174,12.67397,-10,-10,-10,0.44,500,-10,500,-10,-32.98814,9.780888,95.29422,-40.05927,40.79682,-37.01528,35.0757,1
8.475459,12.30286,-0.2999205,-10,-6.309457,-10,0.44,500,-10,500,-10,-33.05861,9.681559,95.2064,-40.00233,40.78896,-36.99944,35.01077,1
8.319969,-3.059454,4.12711,-10,10,-10,0.44,500,-10,500,-10,-33.17281,9.573638,95.27193,-39.85361,41.00493,-37.20247,34.84911,1
0.8957684,-2.1552,3.154632,-10,10,-10,0.44,500,-10,500,-10,-33.28218,9.454841,95.34843,-39.88828,41.04604,-37.23119,34.87138,1
6.440748,-3.844665,5.669068,1.375396,10,-10,0.44,500,-10,500,-10,-33.31401,9.328938,95.412,-39.72191,40.88143,-37.45022,35.08866,1
3.863825,-3.228373,1.287608,10,10,-10,0.44,500,-10,500,-10,-33.20518,9.204016,95.47794,-39.59483,40.75722,-37.63195,35.26751,1
2.433074,-3.019824,7.154159,10,9.584468,-10,0.44,500,-10,500,-10,-33.0852,9.087399,95.55725,-39.62132,40.78286,-37.67118,35.3076,1
0.6129625,-1.74371,6.999582,10,-8.141565,-10,0.44,500,-10,500,-10,-32.9984,8.986422,95.52641,-39.81536,40.55342,-37.45158,35.51147,1
-0.3511457,8.897759,-0.4238104,10,-10,-10,0.44,500,-10,500,-10,-32.94764,8.886242,95.41556,-39.81229,40.45889,-37.3628,35.51416,1
4.644062,12.98854,10.02133,6.573431,-10,-10,0.44,500,-10,500,-10,-32.92421,8.781387,95.30399,-39.84806,40.44466,-37.23458,35.43594,1
4.859416,6.186811,14.16392,-10,-10,-10,0.44,500,-10,500,-10,-33.07164,8.678082,95.18156,-40.10825,40.66395,-36.87295,35.11521,1
5.839357,14.64098,5.684048,-10,-10,-10,0.44,500,-10,500,-10,-33.28033,8.592501,95.02576,-40.06183,40.60492,-36.79028,35.04514,1
12.01635,2.666168,-0.3204941,-10,2.437016,-10,0.44,500,-10,500,-10,-33.44313,8.502579,94.94039,-39.90228,40.71219,-36.8791,34.86715,1
4.671662,-4.004055,4.936684,-10,10,-10,0.44,500,-10,500,-10,-33.48103,8.368515,95.01653,-39.86069,40.82116,-36.98377,34.82126,1
5.788202,-4.197163,5.207083,-8.912674,10,-10,0.44,500,-10,500,-10,-33.50018,8.232992,95.10162,-39.8885,40.82901,-37.02647,34.88392,1
7.229182,-3.714861,2.627874,8.52482,10,-10,0.44,500,-10,500,-10,-33.3528,8.097809,95.22382,-39.64037,40.56807,-37.37584,35.24611,1
4.522072,-4.018077,4.066679,10,10,-10,0.44,500,-10,500,-10,-32.90777,7.974962,95.57544,-39.69144,40.70769,-37.61612,35.39783,1
4.831309,-3.901437,4.721181,10,5.786262,-10,0.44,500,-10,500,-10,-31.60099,7.897452,96.78728,-40.10623,41.11455,-38.20545,35.99509,1
-0.8768804,2.425223,0.928227,10,-10,-10,0.44,500,-10,500,-10,-25.77324,7.825776,102.5161,-42.41994,42.87427,-40.63858,38.98222,1
4.9399,14.91117,5.128182,10,-10,-10,0.44,500,-10,500,-10,-20.40978,7.872016,107.7788,-44.16426,44.81335,-43.25488,41.40374,1
7.344443,6.573371,14.29105,-3.711901,-10,-10,0.44,500,-10,500,-10,-6.320048,7.864463,121.8546,-49.43203,50.08,-49.65018,47.80016,1
7.242939,13.30704,10.20006,-10,-10,-10,0.44,500,-10,500,-10,7.186532,7.838948,135.4617,-54.41079,55.055,-55.94611,54.09985,1
10.69861,8.845392,-1.45673,-10,-7.217146,-10,0.44,500,-10,500,-10,6.714458,7.812229,135.089,-54.24862,54.95156,-55.79947,53.89449,1
9.835818,-2.97801,7.122438,-10,10,-10,0.44,500,-10,500,-10,2.640243,7.857295,131.1134,-52.71926,53.66641,-54.03471,51.88552,1
7.223307,-3.886171,6.932428,-10,10,-10,0.44,500,-10,500,-10,1.098476,7.899241,129.6716,-52.15078,53.16814,-53.40847,51.18906,1
8.565598,-3.717252,3.802328,-2.094462,10,-10,0.44,500,-10,500,-10,0.6035197,7.998493,129.2338,-51.79924,52.91733,-53.3973,51.07717,1
6.739729,-4.275284,4.213339,10,10,-10,0.44,500,-10,500,-10,0.8128313,8.138036,129.3495,-51.61836,52.757,-53.67405,51.33337,1
8.482881,-3.607746,3.055659,10,9.914171,-10,0.44,500,-10,500,-10,0.8954594,8.278607,129.3308,-51.59563,52.75305,-53.68126,51.3218,1
1.625881,-1.024394,2.536577,10,-7.684381,-10,0.44,500,-10,500,-10,1.134005,8.353348,129.487,-51.83849,52.61063,-53.56779,51.59361,1
3.762259,14.03956,2.495569,10,-10,-10,0.44,500,-10,500,-10,1.46096,8.412715,129.7468,-51.95058,52.67453,-53.67098,51.74499,1
10.1238,8.214658,12.87026,5.411502,-10,-10,0.44,500,-10,500,-10,1.696176,8.508195,129.9355,-52.10867,52.79975,-53.66924,51.77612,1
9.31593,12.10757,11.06198,-10,-10,-10,0.44,500,-10,500,-10,1.717462,8.620818,130.0704,-52.43779,53.10186,-53.4519,51.58579,1
9.323009,12.0148,-0.2821112,-10,-10,-10,0.44,500,-10,500,-10,1.699955,8.734014,130.1882,-52.49701,53.13949,-53.49035,51.64583,1
12.82722,0.07893646,8.196259,-10,6.543873,-10,0.44,500,-10,500,-10,1.59121,8.834314,130.1699,-52.29742,53.33343,-53.67473,51.43668,1
9.086819,-2.544414,9.411677,-10,10,-10,0.44,500,-10,500,-10,1.429089,8.936315,130.0546,-52.19212,53.35897,-53.68451,51.31562,1
9.485892,-3.282033,4.713849,-7.106044,10,-10,0.44,500,-10,500,-10,1.303481,9.052237,129.965,-52.08832,53.3018,-53.71407,51.29854,1
8.717443,-3.524799,6.53851,10,10,-10,0.44,500,-10,500,-10,1.342919,9.17496,129.8911,-51.74199,52.99778,-53.99918,51.54136,1
12.2177,-1.496136,4.756647,10,10,-10,0.44,500,-10,500,-10,1.426147,9.293296,129.8125,-51.68212,52.98069,-53.99393,51.49332,1
2.967146,-2.046278,2.215953,10,-2.583877,-10,0.44,500,-10,500,-10,1.522973,9.397412,129.8018,-51.80308,52.83738,-53.86409,51.62775,1
3.523621,13.82892,2.879733,10,-10,-10,0.44,500,-10,500,-10,1.623698,9.495176,129.9033,-51.93035,52.78017,-53.82091,51.76905,1
13.10138,8.986427,10.86076,6.814011,-10,-10,0.44,500,-10,500,-10,1.699249,9.602437,129.9951,-52.0238,52.85999,-53.80354,51.76532,1
9.958144,13.36909,9.863684,-10,-10,-10,0.44,500,-10,500,-10,1.613627,9.713258,130.0841,-52.35659,53.18025,-53.54449,51.51878,1
9.985264,12.91555,0.7356591,-10,-10,-10,0.44,500,-10,500,-10,1.481428,9.814258,130.1874,-52.41496,53.21983,-53.57173,51.56483,1
13.22535,4.095506,11.13035,-10,3.85716,-10,0.44,500,-10,500,-10,1.372385,9.914744,130.215,-52.27223,53.39526,-53.73731,51.41223,1
11.5526,0.1283718,10.64192,-10,10,-10,0.44,500,-10,500,-10,1.315765,10.03352,130.1274,-52.14534,53.45355,-53.79158,51.28133,1
9.066902,-3.454466,4.342143,-7.434427,10,-10,0.44,500,-10,500,-10,1.280172,10.15628,130.0408,-52.04308,53.39841,-53.82208,51.26471,1
10.89245,-1.04788,9.024729,10,10,-10,0.44,500,-10,500,-10,1.406828,10.27919,129.9448,-51.67324,53.07856,-54.11243,51.50506,1
12.21018,-0.8008801,6.776002,10,10,-10,0.44,500,-10,500,-10,1.61421,10.38976,129.8067,-51.57472,53.03659,-54.09647,51.43255,1
1.608328,0.6007711,0.8416927,10,-3.455028,-10,0.44,500,-10,500,-10,1.747698,10.49199,129.7644,-51.68917,52.86928,-53.94702,51.56487,1
6.187553,14.89458,5.652211,10,-10,-10,0.44,500,-10,500,-10,1.687808,10.607,129.9442,-51.85355,52.85786,-53.93163,51.72529,1
14.60742,10.22663,7.808969,5.814616,-10,-10,0.44,500,-10,500,-10,1.52445,10.71534,130.2032,-52.07479,53.00948,-53.925,51.78827,1
7.181769,15.33242,6.930258,-10,-10,-10,0.44,500,-10,500,-10,1.005873,10.79829,130.6574,-52.59359,53.46162,-53.78248,51.7124,1
12.4311,12.91844,3.89311,-10,-10,-10,0.44,500,-10,500,-10,0.1946482,10.80243,131.3814,-52.94788,53.81652,-54.02815,51.95746,1
11.97732,7.485854,12.82175,-10,7.51746,-10,0.44,500,-10,500,-10,-0.4836437,10.81691,131.9712,-53.0912,54.35644,-54.37349,51.9062,1
13.61363,0.8364955,6.593514,-10,10,-10,0.44,500,-10,500,-10,-1.382058,10.82915,132.7809,-53.45654,54.79125,-54.67904,52.14229,1
7.168021,-3.337374,7.328361,-5.044034,10,-10,0.44,500,-10,500,-10,-1.993552,10.73154,133.3256,-53.58358,55.01875,-55.00339,52.36618,1
12.1593,3.225719,11.20111,10,10,-10,0.44,500,-10,500,-10,-2.061978,10.59826,133.4884,-53.38313,54.85273,-55.3387,52.66705,1
7.9505,-2.772002,6.390525,10,9.3302,-10,0.44,500,-10,500,-10,-2.045799,10.46472,133.5806,-53.42487,54.88866,-55.37334,52.70752,1
-0.2122451,8.908758,0.7958101,10,-10,-10,0.44,500,-10,500,-10,-1.828558,10.3881,133.4401,-53.60143,54.57416,-55.08041,52.90563,1
11.65676,13.7732,5.408856,10,-10,-10,0.44,500,-10,500,-10,-1.567048,10.30885,133.2415,-53.54468,54.43949,-54.9726,52.87576,1
10.62069,13.64468,6.387456,-0.9252138,-10,-10,0.44,500,-10,500,-10,-1.422781,10.20385,133.0975,-53.69584,54.52709,-54.70213,52.66884,1
6.556095,15.39961,3.484457,-10,-10,-10,0.44,500,-10,500,-10,-1.444354,10.09063,132.9825,-53.83223,54.60918,-54.47045,52.49146,1
11.10776,13.49926,7.837241,-10,-6.715656,-10,0.44,500,-10,500,-10,-1.490446,9.98117,132.8937,-53.77691,54.59852,-54.45214,52.42849,1
13.93502,8.223431,8.729076,-10,10,-10,0.44,500,-10,500,-10,-1.631645,9.883106,132.9769,-53.63372,54.8292,-54.66433,52.2668,1
9.74185,-2.548042,4.081144,-10,10,-10,0.44,500,-10,500,-10,-1.773092,9.774009,133.0753,-53.67553,54.88757,-54.704,52.28992,1
8.251779,3.102074,13.80872,5.853368,10,-10,0.44,500,-10,500,-10,-1.7972,9.654464,133.1541,-53.43656,54.65774,-55.00832,52.5851,1
9.135752,0.5670933,11.18966,10,10,-10,0.44,500,-10,500,-10,-1.7124,9.536274,133.2326,-53.39034,54.62099,-55.11956,52.68687,1
0.5662671,1.770868,0.4069915,10,3.198593,-10,0.44,500,-10,500,-10,-1.618414,9.427662,133.2847,-53.4835,54.563,-55.06953,52.78799,1
5.27172,15.50198,5.723604,10,-10,-10,0.44,500,-10,500,-10,-1.520179,9.329939,133.1831,-53.60995,54.34386,-54.85894,52.92299,1
10.23029,14.72153,4.687357,8.141576,-10,-10,0.44,500,-10,500,-10,-1.440277,9.222938,133.0908,-53.62325,54.3107,-54.7691,52.87961,1
6.088578,16.01521,6.149577,-10,-10,-10,0.44,500,-10,500,-10,-1.512155,9.111299,133.0023,-53.9234,54.56544,-54.39569,52.55161,1
7.230268,15.87837,4.792388,-10,-10,-10,0.44,500,-10,500,-10,-1.646597,9.008815,132.8998,-53.90859,54.51302,-54.3255,52.51904,1
11.3654,13.41365,6.615448,-10,4.550297,-10,0.44,500,-10,500,-10,-1.753183,8.907318,132.8793,-53.75116,54.66829,-54.46601,52.34685,1
12.64118,0.5593238,2.733786,-10,10,-10,0.44,500,-10,500,-10,-1.805778,8.789846,132.9708,-53.73398,54.76995,-54.55894,52.32094,1
4.49756,1.138077,12.5208,-4.410825,10,-10,0.44,500,-10,500,-10,-1.821336,8.668585,133.0624,-53.6727,54.7215,-54.69617,52.44532,1
6.208718,2.445357,13.09678,10,10,-10,0.44,500,-10,500,-10,-1.650686,8.550045,133.1708,-53.4543,54.52256,-55.00436,52.73406,1
2.643247,-1.62284,1.396969,10,7.910778,-10,0.44,500,-10,500,-10,-1.44226,8.446512,133.3091,-53.50851,54.56192,-55.06475,52.8093,1
0.7233681,13.41295,6.722113,10,-10,-10,0.44,500,-10,500,-10,-1.407057,8.337173,133.2341,-53.69895,54.3077,-54.81214,53.00135,1
7.113424,15.84112,5.343914,10,-10,-10,0.44,500,-10,500,-10,-1.479087,8.223469,133.0426,-53.66554,54.19299,-54.68688,52.95739,1
6.202793,15.85118,6.869058,-4.52929,-10,-10,0.44,500,-10,500,-10,-1.73994,8.118917,132.7569,-53.83757,54.31089,-54.27811,52.60274,1
3.283328,15.29509,4.805003,-10,-10,-10,0.44,500,-10,500,-10,-2.341535,8.053823,132.2404,-53.75707,54.2208,-53.93071,52.26493,1
8.167372,15.30322,4.397872,-10,-3.768961,-10,0.44,500,-10,500,-10,-3.08711,8.047077,131.582,-53.40657,54.00963,-53.73563,51.93053,1
13.38215,2.621451,2.182665,-10,10,-10,0.44,500,-10,500,-10,-3.872538,7.95953,130.888,-52.98703,53.88725,-53.58015,51.47788,1
2.043648,0.2745714,10.97517,-7.027064,10,-10,0.44,500,-10,500,-10,-5.146636,7.994912,129.6929,-52.40678,53.52435,-53.17015,50.85055,1
3.899856,2.419817,13.18497,10,10,-10,0.44,500,-10,500,-10,-5.32876,8.130219,129.4438,-52.01662,53.15412,-53.35386,51.01432,1
3.547133,-1.859361,2.929392,10,10,-10,0.44,500,-10,500,-10,-5.304278,8.269231,129.3642,-51.9735,53.13148,-53.33107,50.97105,1
-0.9191501,10.69363,9.018023,10,-10,-10,0.44,500,-10,500,-10,-5.048055,8.340126,129.5396,-52.25162,52.96966,-53.19828,51.2782,1
4.269064,15.28186,7.223511,10,-10,-10,0.44,500,-10,500,-10,-4.727322,8.411917,129.7908,-52.33623,53.05682,-53.32179,51.39915,1
5.767659,15.64265,7.4308,-0.7836237,-10,-10,0.44,500,-10,500,-10,-4.54672,8.516026,129.9636,-52.59969,53.28318,-53.20151,51.31598,1
0.4589075,13.45154,6.52604,-10,-10,-10,0.44,500,-10,500,-10,-4.548039,8.631164,130.0916,-52.82314,53.47973,-53.08416,51.22552,1
6.681279,14.61481,3.640063,-10,-3.958238,-10,0.44,500,-10,500,-10,-4.593987,8.74132,130.1669,-52.79366,53.57677,-53.17599,51.19084,1
12.11175,1.006604,2.464473,-10,10,-10,0.44,500,-10,500,-10,-4.774858,8.834157,130.0355,-52.56269,53.71937,-53.29809,50.93938,1
-0.4343393,1.739423,10.06787,-6.990809,10,-10,0.44,500,-10,500,-10,-4.916251,8.943731,129.9305,-52.44974,53.65891,-53.32406,50.91284,1
3.156001,-0.5582249,10.57679,10,10,-10,0.44,500,-10,500,-10,-4.889157,9.062044,129.8451,-52.10024,53.35611,-53.60275,51.14484,1
2.059997,-1.275264,3.690856,10,9.991652,-10,0.44,500,-10,500,-10,-4.817357,9.17655,129.7579,-52.0423,53.33375,-53.58852,51.09502,1
0.1249249,8.63077,12.07863,10,-10,-10,0.44,500,-10,500,-10,-4.711138,9.275979,129.798,-52.27285,53.12434,-53.39114,51.33762,1
0.7415596,15.01744,7.570749,10,-10,-10,0.44,500,-10,500,-10,-4.598767,9.378873,129.895,-52.31422,53.15061,-53.43015,51.39172,0.6834472
-1.034936,13.70503,9.776146,-4.359823,-10,-10,0.44,500,-10,500,-10,-4.587406,9.490938,129.9805,-52.59962,53.42361,-53.21558,51.18955,0
-6.496146,11.71101,7.91643,-10,-10,-10,0.44,500,-10,500,-10,-4.696021,9.600183,130.0699,-52.74606,53.55556,-53.14322,51.13169,0
4.448801,12.9085,2.915236,-10,-0.8491342,-10,0.44,500,-10,500,-10,-4.803975,9.701889,130.1191,-52.67041,53.68423,-53.25966,51.0438,0
1.241299,-2.685276,5.240521,-10,10,-10,0.44,500,-10,500,-10,-4.87653,9.812221,130.027,-52.48985,53.79674,-53.36394,50.85501,0
-7.36464,1.536717,8.192216,-3.635607,10,-10,0.44,500,-10,500,-10,-4.909503,9.92848,129.9397,-52.32331,53.67799,-53.45812,50.90141,0
-0.07825021,-3.445595,7.475679,10,10,-10,0.44,500,-10,500,-10,-4.760457,10.04305,129.8442,-52.01829,53.42282,-53.68404,51.07746,0
-5.691829,-0.4358313,7.280519,10,5.470927,-10,0.44,500,-10,500,-10,-4.604624,10.14568,129.7498,-52.00641,53.33881,-53.61769,51.08324,0
-6.833431,8.032513,10.70473,10,-10,-10,0.44,500,-10,500,-10,-4.567935,10.25514,129.8422,-52.21534,53.20222,-53.48525,51.29633,0
-0.8645936,15.29897,7.058726,8.344742,-10,-10,0.44,500,-10,500,-10,-4.573177,10.3686,129.9705,-52.31044,53.27039,-53.49648,51.33449,0
-3.539614,8.970098,12.56163,-10,-10,-10,0.44,500,-10,500,-10,-4.752337,10.47882,130.127,-52.71678,53.63855,-53.21983,51.09602,0
-2.090056,14.42489,6.664146,-10,-10,-10,0.44,500,-10,500,-10,-5.057963,10.56687,130.3599,-52.86227,53.72066,-53.26731,51.20688,0
7.495316,3.150652,3.496194,-10,10,-10,0.44,500,-10,500,-10,-5.176858,10.67848,130.3824,-52.65087,53.96422,-53.49739,50.982,0
-4.864791,-1.797974,5.572218,-10,10,-10,0.44,500,-10,500,-10,-5.115631,10.81205,130.2147,-52.53903,53.93016,-53.47027,50.87711,0
-2.532823,-2.291224,9.053877,9.057175,10,-10,0.44,500,-10,500,-10,-4.610466,10.93878,129.7306,-51.91848,53.44354,-53.68966,50.96256,0
-0.3110722,-3.620598,4.915061,10,10,-10,0.44,500,-10,500,-10,-11.40671,10.99712,136.6253,-55.28013,56.69603,-56.04093,53.42298,0
-6.530603,0.5915403,8.740694,10,-6.200125,-10,0.44,500,-10,500,-10,-42.32619,11.00555,167.6455,-69.9834,71.17966,-67.04061,64.6423,0
-5.301727,12.90377,5.259792,10,-10,-10,0.44,500,-10,500,-10,-52.46693,11.04342,177.8876,-74.84662,75.96288,-70.66387,68.34554,0
1.098527,9.452415,12.88288,-2.11262,-10,-10,0.44,500,-10,500,-10,-55.1816,11.06215,180.6297,-76.33601,77.31133,-71.44656,69.26918,0
-3.005244,11.94216,10.34646,-10,-10,-10,0.44,500,-10,500,-10,-54.27863,11.16428,179.6244,-75.92323,77.05731,-71.02635,68.69022,0
7.209414,8.733521,3.153459,-10,0.05920267,-10,0.44,500,-10,500,-10,-54.49735,11.26999,179.7473,-75.86551,77.24167,-71.18594,68.60771,0
0.09722924,-3.392684,6.725971,-10,10,-10,0.44,500,-10,500,-10,-55.02631,11.33034,180.1939,-75.98425,77.55296,-71.43729,68.66651,0
-3.35949,-2.816359,7.692639,-3.204925,10,-10,0.44,500,-10,500,-10,-55.31966,11.44252,180.437,-76.02057,77.51998,-71.60239,68.90091,0
2.671808,-3.307948,6.540702,10,10,-10,0.44,500,-10,500,-10,-55.33495,11.57048,180.567,-75.8641,77.33637,-71.86658,69.19225,0
-3.541906,-2.701794,5.391722,10,3.508919,-10,0.44,500,-10,500,-10,-55.2821,11.68789,180.622,-75.95795,77.28208,-71.81828,69.29208,0
-6.644142,10.76181,5.383836,10,-10,-10,0.44,500,-10,500,-10,-55.04146,11.76099,180.4373,-75.98219,77.07754,-71.641,69.3436,0
4.115912,10.33709,11.49811,3.495583,-10,-10,0.44,500,-10,500,-10,-54.87365,11.85967,180.2956,-75.99231,77.15244,-71.51349,69.1513,0
-0.9980119,11.50567,11.67395,-10,-10,-10,0.44,500,-10,500,-10,-54.90172,11.96895,180.1811,-76.14797,77.36446,-71.26289,68.84436,0
6.198049,11.01775,3.900781,-10,-3.482247,-10,0.44,500,-10,500,-10,-54.96044,12.07397,180.1082,-76.02747,77.43124,-71.32302,68.71719,0
2.918266,-2.521693,8.563993,-10,10,-10,0.44,500,-10,500,-10,-55.1099,12.17595,180.2173,-75.94099,77.62502,-71.49986,68.61378,0
-2.447111,-3.592414,6.992238,-4.07844,10,-10,0.44,500,-10,500,-10,-55.21149,12.29091,180.3046,-75.88934,77.55894,-71.62386,68.7522,0
3.790988,-1.813405,8.353164,10,10,-10,0.44,500,-10,500,-10,-55.13637,12.40997,180.3825,-75.68311,77.34197,-71.89468,69.03375,0
-1.087471,-3.072026,4.269304,10,3.580825,-10,0.44,500,-10,500,-10,-55.04495,12.51988,180.4363,-75.77419,77.28506,-71.84813,69.13521,0
-6.387315,10.85544,5.116508,10,-10,-10,0.44,500,-10,500,-10,-54.94228,12.61582,180.3342,-75.85386,77.10921,-71.68392,69.2265,0
6.051102,10.43491,10.12434,3.693829,-10,-10,0.44,500,-10,500,-10,-54.88051,12.72153,180.2408,-75.8947,77.19863,-71.56564,69.05966,0
-0.05980313,12.93252,10.7047,-10,-10,-10,0.44,500,-10,500,-10,-54.99515,12.8282,180.1472,-76.0713,77.42361,-71.31146,68.7571,0
6.397797,11.56841,5.423273,-10,-3.428905,-10,0.44,500,-10,500,-10,-55.11447,12.92723,180.073,-75.95464,77.49236,-71.3667,68.62691,0
4.431133,-0.9749946,9.75836,-10,10,-10,0.44,500,-10,500,-10,-55.18059,13.04127,180.1627,-75.85052,77.67828,-71.54512,68.51531,0
-1.699251,-2.996241,8.113599,-3.415569,10,-10,0.44,500,-10,500,-10,-55.20605,13.16041,180.249,-75.78237,77.59666,-71.68476,68.66841,0
4.983973,-0.06919214,9.330288,10,10,-10,0.44,500,-10,500,-10,-55.04869,13.27731,180.3462,-75.59442,77.39064,-71.95329,68.95501,0
-3.005281,-2.23136,3.814298,10,3.402233,-10,0.44,500,-10,500,-10,-54.89349,13.38241,180.4305,-75.70247,77.33485,-71.91508,69.08064,0
-3.14918,13.77689,6.182178,10,-10,-10,0.44,500,-10,500,-10,-54.89504,13.49054,180.2943,-75.76468,77.15993,-71.73998,69.14268,0
6.328631,10.49539,9.1056,3.388899,-10,-10,0.44,500,-10,500,-10,-54.95639,13.59799,180.1366,-75.77949,77.24646,-71.59451,68.92548,0
-1.093217,14.87533,7.860457,-10,-10,-10,0.44,500,-10,500,-10,-55.24152,13.69313,179.9245,-75.91588,77.42249,-71.28242,68.57376,0
6.852551,10.97362,8.004225,-10,-1.294158,-10,0.44,500,-10,500,-10,-55.52087,13.77561,179.7265,-75.74558,77.46038,-71.28865,68.3718,0
4.143885,-1.861118,7.857371,-10,10,-10,0.44,500,-10,500,-10,-55.52142,13.91273,179.8315,-75.65184,77.64117,-71.46939,68.278,0
-1.32312,-0.08586639,11.52563,1.097675,10,-10,0.44,500,-10,500,-10,-55.34711,14.04908,180.0425,-75.53744,77.53288,-71.75865,68.56116,0
4.799791,-0.53219,8.64793,10,10,-10,0.44,500,-10,500,-10,-55.74154,14.15352,179.5494,-75.32243,77.1351,-71.56502,68.55029,0
-7.082664,3.171045,4.69383,10,-5.914991,-10,0.44,500,-10,500,-10,-62.83091,14.14505,172.3589,-72.8533,74.39615,-68.07618,65.33128,0
2.580385,14.7386,6.176461,10,-10,-10,0.44,500,-10,500,-10,-66.97699,14.25724,168.1118,-71.40547,72.79398,-66.00492,63.41435,0
3.031338,10.65847,8.491972,-9.42363,-10,-10,0.44,500,-10,500,-10,-66.84026,14.39595,168.2786,-71.79268,73.1907,-65.7559,63.15583,0
-0.08444071,9.250458,0.172149,-10,-10,-10,0.44,500,-10,500,-10,-66.89777,14.53628,168.3231,-71.81387,73.23256,-65.77163,63.15089,0
7.681692,1.204154,3.74057,-10,10,-10,0.44,500,-10,500,-10,-67.17345,14.60232,168.1277,-71.51508,73.40067,-65.90849,62.82085,0
-0.6324561,-8.601604,2.696668,-9.210257,10,-10,0.44,500,-10,500,-10,-67.50632,14.67026,167.8611,-71.36826,73.33743,-65.83443,62.66319,0
1.300784,-3.429805,8.04845,10,10,-10,0.44,500,-10,500,-10,-67.62384,14.7711,167.6741,-70.92902,72.98111,-66.11876,62.86459,0
-1.296767,-8.465256,-0.4802297,10,5.794707,-10,0.44,500,-10,500,-10,-67.61701,14.87726,167.5575,-70.89882,72.91391,-66.05233,62.83518,0
-4.797706,6.584082,2.815209,10,-10,-10,0.44,500,-10,500,-10,-67.43711,14.97622,167.669,-71.12524,72.75942,-65.91823,63.08199,0
4.829162,8.177805,2.806097,3.288881,-10,-10,0.44,500,-10,500,-10,-67.29945,15.08993,167.7782,-71.28831,72.89969,-65.84563,63.0322,0
-2.68379,7.896015,3.351353,-10,-10,-10,0.44,500,-10,500,-10,-67.35049,15.21014,167.8666,-71.56125,73.15824,-65.646,62.84695,0
4.761466,7.573081,0.8010797,-10,-3.275546,-10,0.44,500,-10,500,-10,-67.42419,15.32144,167.9203,-71.51336,73.25894,-65.73835,62.79071,0
4.009169,-7.406673,1.788059,-10,10,-10,0.44,500,-10,500,-10,-67.56543,15.41269,167.8053,-71.29635,73.39664,-65.86005,62.5577,0
-3.267139,-3.814804,7.202786,2.661131,10,-10,0.44,500,-10,500,-10,-67.61337,15.51714,167.7069,-71.01692,73.16899,-66.05799,62.70387,0
2.005148,-8.204285,2.584095,10,10,-10,0.44,500,-10,500,-10,-67.52867,15.62184,167.6111,-70.82223,73.0249,-66.17333,62.7686,0
-7.274091,0.7155912,3.032737,10,-10,-10,0.44,500,-10,500,-10,-67.42931,15.72562,167.6404,-71.05136,72.80876,-65.96845,63.009,0
2.135576,9.459063,2.31694,10,-10,-10,0.44,500,-10,500,-10,-67.33274,15.83844,167.7249,-71.0878,72.83139,-66.00203,63.05638,0
-0.8399797,6.725614,5.987071,-10,-10,-10,0.44,500,-10,500,-10,-67.37868,15.95748,167.8013,-71.46757,73.20103,-65.68559,62.75008,0
0.2351156,8.789989,-0.5772596,-10,-5.159228,-10,0.44,500,-10,500,-10,-67.49462,16.06837,167.8642,-71.44886,73.28497,-65.75641,62.71824,0
6.26092,-4.703403,1.80047,-10,10,-10,0.44,500,-10,500,-10,-67.55992,16.16643,167.7735,-71.22012,73.44591,-65.90994,62.48209,0
-5.026893,-5.467122,4.896636,-3.215536,10,-10,0.44,500,-10,500,-10,-67.57529,16.26925,167.6644,-71.03247,73.31393,-66.00719,62.52367,0
1.926337,-7.724665,3.944877,10,10,-10,0.44,500,-10,500,-10,-67.40797,16.36822,167.5437,-70.71963,73.05794,-66.22005,62.67968,0
-7.031732,-3.629663,2.127226,10,-2.934058,-10,0.44,500,-10,500,-10,-67.28051,16.4667,167.4975,-70.82614,72.89873,-66.07528,62.80064,0
-0.7258096,8.914463,2.554041,10,-10,-10,0.44,500,-10,500,-10,-67.24969,16.58975,167.5953,-70.94888,72.85353,-66.03357,62.92686,0
0.4532304,5.681277,6.695857,-10,-10,-10,0.44,500,-10,500,-10,-67.37173,16.71343,167.7063,-71.35321,73.23588,-65.72123,62.63651,0
-1.20839,8.372164,0.07807413,-10,-7.962261,-10,0.44,500,-10,500,-10,-67.60021,16.82414,167.856,-71.42461,73.31439,-65.77385,62.68202,0
6.956062,-3.567209,2.533448,-10,10,-10,0.44,500,-10,500,-10,-67.58958,16.93041,167.7364,-71.1421,73.4966,-65.95728,62.40072,0
-4.909704,-6.428691,3.760269,-3.168861,10,-10,0.44,500,-10,500,-10,-67.35334,17.03072,167.4184,-70.8336,73.28226,-66.00224,62.35154,0
2.333502,-7.452938,4.41125,10,10,-10,0.44,500,-10,500,-10,-66.70593,17.09174,166.8571,-70.33574,72.79339,-66.03505,62.37535,0
-6.400767,-4.895092,1.81205,10,-1.074644,-10,0.44,500,-10,500,-10,-65.99567,17.12117,166.2366,-70.20206,72.41464,-65.65457,62.23993,0
-1.340916,8.445957,2.500334,10,-10,-10,0.44,500,-10,500,-10,-64.96349,17.20008,165.2976,-69.90427,71.89844,-65.17436,61.97814,0
0.898252,5.007642,7.308777,-10,-10,-10,0.44,500,-10,500,-10,-63.76378,17.12812,164.0598,-69.76073,71.56123,-64.29226,61.2897,0
-0.3427261,8.321448,0.008984536,-10,-6.753189,-10,0.44,500,-10,500,-10,-63.80114,16.99824,163.9972,-69.7099,71.56438,-64.29117,61.23463,0
5.89689,-5.116638,2.723897,-10,10,-10,0.44,500,-10,500,-10,-64.24295,16.93842,164.3553,-69.69307,71.92803,-64.60477,61.16774,0
-4.266556,-6.769586,4.009843,-3.122187,10,-10,0.44,500,-10,500,-10,-64.588,16.84487,164.6534,-69.68179,71.99129,-64.86305,61.3515,0
2.456673,-8.331132,2.527339,10,10,-10,0.44,500,-10,500,-10,-64.64416,16.72685,164.828,-69.51002,71.86736,-65.17947,61.62008,0
-6.907961,-3.832829,1.9086,10,-7.175897,-10,0.44,500,-10,500,-10,-64.49924,16.63115,164.7714,-69.68924,71.62485,-64.95338,61.81572,0
0.9507581,8.751129,2.825752,10,-10,-10,0.44,500,-10,500,-10,-64.26871,16.53505,164.6056,-69.67732,71.47325,-64.82791,61.82993,0
-0.3229954,4.921958,6.881337,-10,-10,-10,0.44,500,-10,500,-10,-64.21889,16.42019,164.4883,-69.99657,71.73203,-64.41148,61.47396,0
2.885035,7.746293,-0.1444828,-10,-3.088848,-10,0.44,500,-10,500,-10,-64.27757,16.30967,164.4263,-69.9158,71.76802,-64.44083,61.38655,0
3.522655,-7.514463,3.160097,-10,10,-10,0.44,500,-10,500,-10,-64.44807,16.21818,164.5545,-69.81409,71.99525,-64.64874,61.26553,0
-3.08479,-6.872561,4.938233,2.47193,10,-10,0.44,500,-10,500,-10,-64.51934,16.11094,164.658,-69.63702,71.84159,-64.91158,61.50496,0
2.081755,-8.728493,0.4726841,10,10,-10,0.44,500,-10,500,-10,-64.45404,16.00142,164.7535,-69.5347,71.75942,-65.09309,61.66631,0
-7.334413,0.8188767,2.291744,10,-10,-10,0.44,500,-10,500,-10,-64.34652,15.90022,164.7156,-69.75249,71.49805,-64.84389,61.89629,0
4.044283,7.217907,4.002534,3.05551,-10,-10,0.44,500,-10,500,-10,-64.26574,15.79214,164.624,-69.85323,71.54864,-64.66722,61.76976,0
-2.015946,6.801812,4.511213,-10,-10,-10,0.44,500,-10,500,-10,-64.36104,15.68155,164.5365,-70.06903,71.71561,-64.37896,61.53032,0
6.907509,3.765406,1.497788,-10,3.661133,-10,0.44,500,-10,500,-10,-64.45939,15.57897,164.5247,-69.92543,71.8605,-64.5127,61.37558,0
-0.3892717,-8.801683,2.710179,-10,10,-10,0.44,500,-10,500,-10,-64.54527,15.47147,164.6171,-69.8875,71.98473,-64.6272,61.32792,0
0.9023405,-6.056917,6.144756,10,10,-10,0.44,500,-10,500,-10,-64.48749,15.35814,164.7041,-69.57153,71.68542,-65.0153,61.69934,0
-2.155454,-7.601236,-0.1677449,10,3.02217,-10,0.44,500,-10,500,-10,-64.36595,15.2523,164.7672,-69.66501,71.63043,-64.97408,61.80659,0
-3.221423,7.081603,2.377682,10,-10,-10,0.44,500,-10,500,-10,-64.3149,15.14744,164.6609,-69.79234,71.40924,-64.75867,61.9397,0
3.012042,5.60342,6.075962,-6.778196,-10,-10,0.44,500,-10,500,-10,-64.38536,15.03931,164.5521,-70.06524,71.62538,-64.39565,61.63345,0
0.01136339,8.800559,0.5903313,-10,-8.037416,-10,0.44,500,-10,500,-10,-64.56163,14.9409,164.4325,-70.08791,71.63326,-64.27387,61.52647,0
6.14124,-4.076855,3.487197,-10,10,-10,0.44,500,-10,500,-10,-64.62436,14.83043,164.4824,-69.90768,71.86191,-64.49542,61.33914,0
-2.895746,-6.885979,4.692748,-2.988832,10,-10,0.44,500,-10,500,-10,-64.59329,14.7108,164.6042,-69.82267,71.80563,-64.68134,61.49632,0
2.873687,-7.97244,2.161392,10,10,-10,0.44,500,-10,500,-10,-64.35073,14.59864,164.77,-69.63313,71.66289,-65.00826,61.77645,0
-6.897336,-0.0727911,2.196818,10,-10,-10,0.44,500,-10,500,-10,-64.31934,14.49017,164.697,-69.84801,71.38397,-64.7329,61.99487,0
3.41291,7.75626,3.114145,3.556,-10,-10,0.44,500,-10,500,-10,-64.53667,14.38579,164.3962,-69.90329,71.32349,-64.42841,61.80616,0
-2.111294,7.087619,3.886595,-10,-10,-10,0.44,500,-10,500,-10,-65.16583,14.31676,163.8481,-69.95955,71.34589,-63.91804,61.32964,0
6.638076,3.976202,1.251238,-10,4.544074,-10,0.44,500,-10,500,-10,-65.82246,14.25519,163.2832,-69.59118,71.29597,-63.8183,60.91146,0
-0.8007918,-8.767045,2.619659,-9.114462,10,-10,0.44,500,-10,500,-10,-67.541,14.16784,161.6562,-68.83877,70.72833,-63.22261,60.13099,0
1.199154,-6.250202,5.583002,10,10,-10,0.44,500,-10,500,-10,-67.65552,14.23657,161.4973,-68.44088,70.35477,-63.48882,60.37288,0
-4.403679,-6.234051,-0.02601892,10,2.93549,-10,0.44,500,-10,500,-10,-68.00538,14.33788,161.0468,-68.28792,70.17414,-63.26855,60.18027,0
-0.4876554,8.423119,2.784077,10,-10,-10,0.44,500,-10,500,-10,-67.34296,14.40502,161.6215,-68.70096,70.16218,-63.33165,60.66838,0
0.5403532,6.064478,5.874482,-10,-10,-10,0.44,500,-10,500,-10,-67.14822,14.5279,161.8614,-69.15162,70.56908,-63.07976,60.46025,0
2.29246,7.632176,-0.5129991,-10,-2.915486,-10,0.44,500,-10,500,-10,-67.19022,14.64471,161.9224,-69.0909,70.6851,-63.19103,60.39478,0
3.133606,-7.521463,2.614596,-10,10,-10,0.44,500,-10,500,-10,-67.50299,14.71396,161.6772,-68.83623,70.77205,-63.24254,60.10466,0
-1.426927,-5.633671,6.184262,9.84646,10,-10,0.44,500,-10,500,-10,-67.6136,14.81437,161.5017,-68.3909,70.40888,-63.54247,60.32242,0
-0.8887103,-8.548985,-0.4503337,10,4.080918,-10,0.44,500,-10,500,-10,-67.59145,14.91909,161.4017,-68.38517,70.32398,-63.4653,60.32442,0
-4.491372,6.086159,3.197178,10,-10,-10,0.44,500,-10,500,-10,-67.40647,15.01961,161.5243,-68.60017,70.18967,-63.35194,60.56039,0
2.119323,6.229574,4.844661,-3.656476,-10,-10,0.44,500,-10,500,-10,-67.32955,15.13499,161.6269,-68.8819,70.44908,-63.15517,60.38593,0
-0.662347,8.458528,0.3580965,-10,-7.492982,-10,0.44,500,-10,500,-10,-67.38932,15.25076,161.7033,-69.00266,70.61441,-63.09777,60.28397,0
5.829144,-4.393452,2.854549,-10,10,-10,0.44,500,-10,500,-10,-67.51992,15.34446,161.6267,-68.75961,70.80872,-63.27729,60.02612,0
-3.096023,-6.954721,4.653838,-1.222922,10,-10,0.44,500,-10,500,-10,-67.60645,15.4452,161.522,-68.54398,70.64868,-63.40623,60.09948,0
1.415752,-8.585201,0.763967,10,10,-10,0.44,500,-10,500,-10,-67.52899,15.54942,161.4243,-68.28127,70.43954,-63.58794,60.22761,0
-6.122205,3.16875,3.089789,10,-10,-10,0.44,500,-10,500,-10,-67.42722,15.65312,161.4557,-68.51194,70.22336,-63.38329,60.46981,0
2.998382,7.176383,4.701338,2.84214,-10,-10,0.44,500,-10,500,-10,-67.36037,15.76624,161.5397,-68.67259,70.36846,-63.29229,60.39436,0
-1.907117,8.252304,1.362468,-10,-10,-10,0.44,500,-10,500,-10,-67.46783,15.88055,161.6225,-68.93893,70.62,-63.09447,60.21134,0
6.782218,-2.251662,2.626857,-10,10,-10,0.44,500,-10,500,-10,-67.55676,15.98147,161.5802,-68.68541,70.84856,-63.31294,59.94775,0
-3.033989,-7.336454,4.065149,-2.822137,10,-10,0.44,500,-10,500,-10,-67.59126,16.08448,161.4793,-68.496,70.71397,-63.41881,59.99878,0
2.310357,-8.113111,1.833662,10,10,-10,0.44,500,-10,500,-10,-67.44897,16.18564,161.3726,-68.19708,70.47179,-63.62925,60.15249,0
-6.677336,1.47226,2.579152,10,-10,-10,0.44,500,-10,500,-10,-67.36436,16.29283,161.3998,-68.42593,70.25596,-63.423,60.39092,0
2.928531,7.403124,4.327035,2.802134,-10,-10,0.44,500,-10,500,-10,-67.35543,16.40994,161.4958,-68.59756,70.40791,-63.33094,60.31853,0
-1.832304,8.257932,1.95085,-10,-10,-10,0.44,500,-10,500,-10,-67.53104,16.52325,161.6085,-68.88551,70.66901,-63.13632,60.15075,0
7.001877,-1.413198,2.52095,-10,10,-10,0.44,500,-10,500,-10,-67.5868,16.62801,161.5527,-68.6216,70.89304,-63.35403,59.88053,0
-2.928401,-7.725619,3.777817,-2.78213,10,-10,0.44,500,-10,500,-10,-67.5173,16.73158,161.3884,-68.38686,70.73802,-63.4526,59.89938,0
2.089907,-8.318277,1.561072,10,10,-10,0.44,500,-10,500,-10,-67.22784,16.82143,161.1704,-68.02926,70.44709,-63.62961,60.00973,0
-6.256036,1.861429,3.090901,10,-10,-10,0.44,500,-10,500,-10,-67.12759,16.9342,161.1683,-68.23956,70.22363,-63.4175,60.23138,0
2.75676,7.351926,4.289685,2.762127,-10,-10,0.44,500,-10,500,-10,-67.22893,17.06531,161.3417,-68.44791,70.41685,-63.35285,60.18185,0
-1.864245,8.2068,1.383707,-10,-10,-10,0.44,500,-10,500,-10,-67.78985,17.18287,161.8091,-68.9512,70.79883,-63.23681,60.18713,0
6.837773,-2.071165,2.779711,-10,10,-10,0.44,500,-10,500,-10,-71.09454,17.30553,165.0151,-70.28159,72.5586,-64.56293,61.08387,0
-2.226401,-7.224144,4.615797,-2.742124,10,-10,0.44,500,-10,500,-10,-75.12083,17.32707,168.9751,-72.02844,74.33556,-66.09727,62.5881,0
1.749166,-8.528674,1.03866,10,10,-10,0.44,500,-10,500,-10,-74.54741,17.42917,168.5025,-71.54294,73.83817,-66.19124,62.69396,0
-6.5846,2.372119,2.13646,10,-10,-10,0.44,500,-10,500,-10,-74.00075,17.49168,168.0471,-71.52734,73.41447,-65.82949,62.74031,0
2.514964,7.165489,4.702281,2.72212,-10,-10,0.44,500,-10,500,-10,-73.50508,17.58795,167.6041,-71.35614,73.41012,-65.63355,62.37752,0
-1.142143,8.268395,0.492361,-10,-8.965239,-10,0.44,500,-10,500,-10,-73.44406,17.71376,167.4339,-71.4646,73.58681,-65.38406,62.0598,0
6.140206,-3.735316,2.979992,-10,10,-10,0.44,500,-10,500,-10,-73.68895,17.79466,167.5978,-71.33834,73.8767,-65.6462,61.90578,0
-1.638971,-6.882973,5.316589,0.8851328,10,-10,0.44,500,-10,500,-10,-73.90312,17.88718,167.8057,-71.2853,73.75569,-65.87148,62.19904,0
0.3358935,-8.497691,-0.06279767,10,6.080668,-10,0.44,500,-10,500,-10,-73.9034,17.99326,167.929,-71.24203,73.59088,-66.01694,62.46603,0
-5.047316,5.178948,3.015866,10,-10,-10,0.44,500,-10,500,-10,-73.72441,18.09221,167.8211,-71.33971,73.38351,-65.82985,62.58399,0
1.732432,6.965412,5.203541,-5.908067,-10,-10,0.44,500,-10,500,-10,-73.65235,18.20471,167.7071,-71.52837,73.63375,-65.5467,62.23927,0
0.813844,8.02533,-0.6797467,-10,-2.675446,-10,0.44,500,-10,500,-10,-73.7168,18.31457,167.6494,-71.47599,73.78495,-65.5513,62.04027,0
4.574254,-6.171044,3.152764,-10,10,-10,0.44,500,-10,500,-10,-73.87684,18.40732,167.7713,-71.41019,73.96983,-65.71804,61.95635,0
-0.7600032,-7.003718,5.16932,10,10,-10,0.44,500,-10,500,-10,-73.88102,18.51376,167.8725,-71.12439,73.65911,-66.08769,62.35092,0
-1.944803,-7.443377,-0.3901902,10,2.655442,-10,0.44,500,-10,500,-10,-73.80197,18.61744,167.9353,-71.23363,73.59297,-66.03052,62.46912,0
-2.63881,7.449514,3.019896,10,-10,-10,0.44,500,-10,500,-10,-73.68196,18.7228,167.8397,-71.30318,73.43065,-65.88179,62.55227,0
0.08328557,6.981126,5.251573,-10,-10,-10,0.44,500,-10,500,-10,-73.71048,18.83691,167.7566,-71.58599,73.76305,-65.53011,62.15099,0
3.963546,6.280281,-0.6137809,-10,-2.635439,-10,0.44,500,-10,500,-10,-73.80921,18.94431,167.7036,-71.46844,73.84785,-65.60373,62.02225,0
1.532676,-8.028082,3.108373,-10,10,-10,0.44,500,-10,500,-10,-73.89751,19.04473,167.8033,-71.3852,74.02373,-65.76959,61.92901,0
1.286411,-7.149509,4.81897,10,10,-10,0.44,500,-10,500,-10,-73.83971,19.15164,167.8977,-71.09177,73.70793,-66.1412,62.32298,0
-5.331727,-4.861128,-0.02766848,10,-0.4521372,-10,0.44,500,-10,500,-10,-73.72801,19.25357,167.9397,-71.22161,73.60028,-66.0462,62.46549,0
0.6626137,8.963876,3.549494,5.978382,-10,-10,0.44,500,-10,500,-10,-73.68798,19.36432,167.8437,-71.32844,73.54629,-65.85984,62.43994,0
-1.666581,7.774212,3.613442,-10,-10,-10,0.44,500,-10,500,-10,-73.81201,19.47517,167.742,-71.53692,73.81149,-65.56705,62.09042,0
6.6712,2.155312,0.6843562,-10,10,-10,0.44,500,-10,500,-10,-73.88069,19.5793,167.7892,-71.33723,74.05813,-65.8059,61.88296,0
-1.234049,-8.531587,3.37811,-2.588766,10,-10,0.44,500,-10,500,-10,-73.85522,19.68486,167.9181,-71.28125,73.96567,-65.96863,62.08215,0
2.044093,-8.154582,2.01563,10,10,-10,0.44,500,-10,500,-10,-73.63583,19.78222,168.0747,-71.13814,73.78517,-66.24155,62.39246,0
-6.56236,0.7594464,2.070308,10,-10,-10,0.44,500,-10,500,-10,-73.55936,19.89303,168.0485,-71.33869,73.5542,-66.01924,62.60168,0
1.751013,7.833949,3.991156,2.568762,-10,-10,0.44,500,-10,500,-10,-73.62645,20.01546,167.9007,-71.37115,73.65985,-65.86432,62.37356,0
-0.8790232,8.646634,0.9174562,-10,-9.755479,-10,0.44,500,-10,500,-10,-73.94464,20.12705,167.6668,-71.44838,73.85275,-65.59329,61.98685,0
6.284165,-3.602208,2.499744,-10,10,-10,0.44,500,-10,500,-10,-73.93036,20.23901,167.7827,-71.2883,74.10729,-65.84943,61.82838,0
-1.594237,-7.839757,4.249552,2.932144,10,-10,0.44,500,-10,500,-10,-73.24066,20.3372,168.4988,-71.37344,74.09706,-66.3576,62.43193,0
-0.6784118,-8.341378,-0.6322511,10,2.695864,-10,0.44,500,-10,500,-10,-71.33018,20.34432,170.314,-72.04705,74.63364,-67.18811,63.39947,0
-4.42953,5.974636,2.633942,10,-10,-10,0.44,500,-10,500,-10,-69.9134,20.27955,171.6342,-72.56855,75.04543,-67.76045,64.08151,0
0.314214,7.303675,4.873671,-10,-10,-10,0.44,500,-10,500,-10,-69.94757,20.13868,171.6373,-72.92258,75.37871,-67.40899,63.7508,0
3.516341,6.913574,-0.5539132,-10,-2.522087,-10,0.44,500,-10,500,-10,-70.091,20.02131,171.5896,-72.8354,75.44263,-67.45667,63.64738,0
2.111337,-8.09429,2.828572,-10,10,-10,0.44,500,-10,500,-10,-70.50195,19.98007,171.2513,-72.58334,75.46097,-67.42844,63.34875,0
1.071259,-7.590525,4.243426,10,10,-10,0.44,500,-10,500,-10,-70.68791,19.89259,171.0021,-72.19292,74.98514,-67.61239,63.61812,0
-5.411474,-4.528289,-0.1176852,10,-1.371392,-10,0.44,500,-10,500,-10,-70.64536,19.79256,170.9371,-72.31222,74.80711,-67.43918,63.74224,0
0.1041429,8.543497,2.998535,4.328677,-10,-10,0.44,500,-10,500,-10,-70.45645,19.68361,171.084,-72.53439,74.87837,-67.33879,63.79274,0
-1.694343,8.030277,2.883593,-10,-10,-10,0.44,500,-10,500,-10,-70.46453,19.56339,171.1904,-72.81229,75.17731,-67.14902,63.58194,0
6.905015,0.7333577,0.9533824,-10,10,-10,0.44,500,-10,500,-10,-70.60638,19.47093,171.1201,-72.58516,75.36229,-67.31792,63.33873,0
-1.027594,-8.25888,3.811151,-2.475412,10,-10,0.44,500,-10,500,-10,-70.73919,19.37465,170.9955,-72.44539,75.15768,-67.35443,63.44007,0
1.453462,-8.582179,0.9229643,10,10,-10,0.44,500,-10,500,-10,-70.6908,19.27055,170.8871,-72.21535,74.86773,-67.49464,63.64021,0
-6.14105,2.992796,2.220962,10,-10,-10,0.44,500,-10,500,-10,-70.57877,19.16799,170.9245,-72.44975,74.65161,-67.29124,63.88731,0
1.20377,7.749698,4.482216,-1.887854,-10,-10,0.44,500,-10,500,-10,-70.52552,19.05575,171.0135,-72.6762,74.89754,-67.1385,63.7151,0
0.8596826,8.089237,-0.5844915,-10,-2.506749,-10,0.44,500,-10,500,-10,-70.61478,18.94635,171.062,-72.75343,75.14676,-67.10144,63.50606,0
4.816494,-6.160316,2.864357,-10,10,-10,0.44,500,-10,500,-10,-70.72256,18.85076,170.9585,-72.60422,75.22243,-67.1649,63.34464,0
0.2811257,-7.689824,4.585663,10,10,-10,0.44,500,-10,500,-10,-70.68227,18.74659,170.8633,-72.24946,74.81294,-67.44083,63.67529,0
-4.087173,-6.696188,-1.162035,10,2.428738,-10,0.44,500,-10,500,-10,-70.57561,18.64624,170.798,-72.32253,74.67369,-67.31367,63.76045,0
-1.832989,8.011074,2.6187,9.429077,-10,-10,0.44,500,-10,500,-10,-70.49818,18.53415,170.8858,-72.49471,74.58488,-67.2142,63.92196,0
-1.008744,8.092448,3.958569,-10,-10,-10,0.44,500,-10,500,-10,-70.56926,18.41759,170.97,-72.85585,74.96301,-66.92285,63.61363,0
6.431088,3.194687,0.05899501,-10,6.524473,-10,0.44,500,-10,500,-10,-70.65672,18.31597,170.9474,-72.67774,75.13229,-67.08223,63.42561,0
0.0007381439,-8.621027,3.475725,-2.402067,10,-10,0.44,500,-10,500,-10,-70.65547,18.21787,170.8279,-72.49167,74.96053,-67.16925,63.49834,0
1.690122,-8.443248,1.475531,10,10,-10,0.44,500,-10,500,-10,-70.4729,18.12566,170.6933,-72.24559,74.65219,-67.3038,63.69514,0
-6.911913,0.9191931,1.460557,10,-10,-10,0.44,500,-10,500,-10,-70.38708,18.01523,170.7112,-72.48122,74.42169,-67.08303,63.9405,0
1.179047,8.160844,4.11953,2.382064,-10,-10,0.44,500,-10,500,-10,-70.40106,17.88995,170.8111,-72.64226,74.60434,-67.00476,63.84061,0
0.1223586,8.340132,-0.2268154,-10,-5.681532,-10,0.44,500,-10,500,-10,-70.57656,17.77235,170.9026,-72.84228,74.92152,-66.88053,63.59924,0
5.485621,-5.18657,2.216876,-10,10,-10,0.44,500,-10,500,-10,-70.50586,17.68088,170.7124,-72.62366,74.97457,-66.94159,63.38863,0
-0.06723201,-7.904121,4.315236,10,10,-10,0.44,500,-10,500,-10,-70.16588,17.60796,170.3877,-72.14409,74.46565,-67.15207,63.62845,0
-3.047227,-6.852269,-0.9702957,10,2.355392,-10,0.44,500,-10,500,-10,-69.72131,17.55746,170.0247,-72.05831,74.20028,-66.93707,63.59304,0
-2.600214,7.683883,2.5211,10,-10,-10,0.44,500,-10,500,-10,-69.47691,17.42059,169.8768,-72.13239,73.97598,-66.74046,63.69482,0
-1.064005,7.855403,3.778158,-10,-10,-10,0.44,500,-10,500,-10,-68.56421,17.30197,168.9223,-71.98206,73.80818,-66.09994,63.07177,0
6.255913,3.701355,-0.1323932,-10,4.102108,-10,0.44,500,-10,500,-10,-69.1692,17.32632,169.426,-72.08553,74.23279,-66.41382,63.0645,0
0.1926305,-8.802766,2.894488,-2.328721,10,-10,0.44,500,-10,500,-10,-68.37325,17.42934,168.5675,-71.42988,73.72512,-66.35814,62.86084,0
1.47111,-8.606854,1.367559,10,10,-10,0.44,500,-10,500,-10,-68.25446,17.57019,168.5491,-71.19527,73.51127,-66.57745,63.0594,0
-6.881789,0.8208137,1.286375,10,-10,-10,0.44,500,-10,500,-10,-67.89069,17.62995,168.2697,-71.27968,73.15411,-66.26151,63.18504,0
1.158179,8.467775,4.351538,2.308718,-10,-10,0.44,500,-10,500,-10,-67.51715,17.70326,167.9361,-71.2186,73.15828,-66.04619,62.90445,0
0.3758852,8.418813,-0.1626001,-10,-5.629325,-10,0.44,500,-10,500,-10,-67.46034,17.80617,167.7635,-71.26071,73.38574,-65.86105,62.53397,0
5.575788,-5.109614,2.32199,-10,10,-10,0.44,500,-10,500,-10,-67.68178,17.90524,167.907,-71.17944,73.61104,-66.06126,62.42761,0
0.2898605,-7.898338,4.388114,10,10,-10,0.44,500,-10,500,-10,-67.74918,18.02072,168.0404,-70.91649,73.31128,-66.43472,62.83788,0
-3.272668,-6.663227,-0.9608722,10,2.282047,-10,0.44,500,-10,500,-10,-67.69489,18.13134,168.1011,-71.02246,73.24946,-66.37906,62.94999,0
-2.236831,8.013231,2.891495,10,-10,-10,0.44,500,-10,500,-10,-67.50322,18.22065,167.959,-71.06354,73.06898,-66.2203,63.01279,0
-1.104741,8.146731,3.559958,-10,-10,-10,0.44,500,-10,500,-10,-67.47777,18.32677,167.8464,-71.32463,73.3925,-65.86584,62.59591,0
6.158234,2.834642,-0.5259917,-10,6.144688,-10,0.44,500,-10,500,-10,-67.58112,18.42812,167.8586,-71.14899,73.58994,-66.05157,62.40857,0
0.1683573,-8.85461,3.063444,-2.255375,10,-10,0.44,500,-10,500,-10,-67.68103,18.53498,167.9582,-71.03385,73.53534,-66.2493,62.54575,0
1.79754,-8.360391,1.433917,10,10,-10,0.44,500,-10,500,-10,-67.60629,18.64604,168.0488,-70.86805,73.35055,-66.49019,62.80563,0
-6.872375,1.42536,1.27335,10,-10,-10,0.44,500,-10,500,-10,-67.50124,18.74683,168.0063,-71.0549,73.11657,-66.2681,63.00438,0
0.5758872,8.14263,3.778763,0.9213858,-10,-10,0.44,500,-10,500,-10,-67.44338,18.85336,167.9138,-71.14091,73.25641,-66.10544,62.78788,0
0.7341384,8.067286,-0.6995593,-10,-3.329079,-10,0.44,500,-10,500,-10,-67.54342,18.95993,167.8556,-71.21334,73.51884,-65.98475,62.47719,0
4.899457,-6.138123,2.163307,-10,10,-10,0.44,500,-10,500,-10,-67.63113,19.06223,167.9451,-71.11681,73.69949,-66.15546,62.37072,0
0.7106478,-8.102211,4.254689,10,10,-10,0.44,500,-10,500,-10,-67.56995,19.17054,168.0381,-70.82209,73.38348,-66.52724,62.76379,0
-4.62219,-6.47311,-1.545927,10,2.208701,-10,0.44,500,-10,500,-10,-67.44973,19.27291,168.1027,-70.92706,73.31844,-66.47582,62.88238,0
-2.141442,7.944094,2.16206,7.727894,-10,-10,0.44,500,-10,500,-10,-67.40327,19.38317,168.0052,-71.04175,73.19504,-66.28033,62.92498,0
-1.353201,8.463203,2.957985,-10,-10,-10,0.44,500,-10,500,-10,-67.51445,19.49477,167.9033,-71.27824,73.49026,-65.95943,62.54536,0
6.826106,1.774176,0.1318836,-10,10,-10,0.44,500,-10,500,-10,-67.57901,19.59828,167.9561,-71.08222,73.73726,-66.19913,62.34204,0
0.2186816,-8.613836,3.715969,-2.18203,10,-10,0.44,500,-10,500,-10,-67.54613,19.70197,168.0901,-71.01533,73.64536,-66.37711,62.54501,0
1.410315,-8.484122,0.9462987,10,10,-10,0.44,500,-10,500,-10,-67.31952,19.79647,168.254,-70.85605,73.50001,-66.67213,62.82613,0
-6.368154,2.958656,1.72808,10,-10,-10,0.44,500,-10,500,-10,-67.24097,19.90823,168.2304,-71.05878,73.26883,-66.44985,63.03776,0
0.1738818,8.085316,3.853816,-4.003685,-10,-10,0.44,500,-10,500,-10,-67.36017,20.0324,168.0847,-71.23276,73.46436,-66.15515,62.7215,0
1.996415,7.606243,-1.016082,-10,-2.155359,-10,0.44,500,-10,500,-10,-67.57255,20.14476,167.9625,-71.18235,73.64178,-66.10438,62.44289,0
4.14178,-6.978188,2.360359,-10,10,-10,0.44,500,-10,500,-10,-67.25783,20.24106,168.39,-71.21662,73.92607,-66.42432,62.51283,0
1.307365,-8.073824,4.027756,10,10,-10,0.44,500,-10,500,-10,-66.40695,20.28624,169.2119,-71.19209,73.9082,-67.12984,63.21168,0
-5.211753,-5.059654,-0.8176723,10,1.130685,-10,0.44,500,-10,500,-10,-65.46329,20.25535,170.064,-71.64844,74.16027,-67.37957,63.66568,0
-1.170002,8.38895,2.710129,4.19178,-10,-10,0.44,500,-10,500,-10,-64.53311,20.26158,170.9334,-72.12823,74.49316,-67.62015,64.05315,0
-1.292624,8.615618,2.14959,-10,-10,-10,0.44,500,-10,500,-10,-64.06628,20.1612,171.4926,-72.52775,74.98719,-67.68394,64.02244,0
7.048368,0.02811742,0.5453465,-10,10,-10,0.44,500,-10,500,-10,-64.36129,20.07876,171.2867,-72.24065,75.13708,-67.8004,63.70191,0
-0.3050352,-8.686844,3.553833,-2.108685,10,-10,0.44,500,-10,500,-10,-64.67007,19.97421,171.0215,-72.05655,74.86787,-67.76483,63.75145,0
0.1443481,-8.577158,-0.3368722,10,7.254347,-10,0.44,500,-10,500,-10,-64.68163,19.85469,170.8969,-71.86608,74.54413,-67.85201,63.9719,0
-5.892807,4.345687,1.654628,10,-10,-10,0.44,500,-10,500,-10,-64.46284,19.76929,171.0411,-72.08305,74.42189,-67.75456,64.21367,0
0.01752341,8.152218,4.096316,-9.690722,-10,-10,0.44,500,-10,500,-10,-64.37258,19.67142,171.2037,-72.45803,74.84172,-67.51428,63.92854,0
3.615944,7.025512,-0.8792252,-10,-2.082014,-10,0.44,500,-10,500,-10,-64.40998,19.56958,171.2882,-72.41698,74.96758,-67.62539,63.87273,0
3.141692,-7.734677,2.619408,-10,10,-10,0.44,500,-10,500,-10,-64.58871,19.46454,171.1658,-72.25331,75.05006,-67.68761,63.6888,0
1.506233,-8.222482,3.176776,10,10,-10,0.44,500,-10,500,-10,-64.60025,19.34641,171.0732,-71.90377,74.64337,-67.96046,64.01881,0
-6.298037,-3.485544,-0.6154618,10,-5.309382,-10,0.44,500,-10,500,-10,-64.49375,19.24612,171.0927,-72.08156,74.46964,-67.7988,64.20866,0
-0.4028333,8.653275,3.045496,2.055342,-10,-10,0.44,500,-10,500,-10,-64.39206,19.15178,171.2051,-72.29723,74.606,-67.67624,64.16541,0
-1.475978,8.387903,0.7355843,-10,-10,-10,0.44,500,-10,500,-10,-64.46376,19.05245,171.3091,-72.55589,74.85201,-67.50371,64.00555,0
7.192174,-1.472054,1.280701,-10,10,-10,0.44,500,-10,500,-10,-64.56677,18.94722,171.2782,-72.3315,75.06249,-67.70253,63.76949,0
-0.08785397,-8.383495,4.047359,-0.703783,10,-10,0.44,500,-10,500,-10,-64.62149,18.83035,171.1991,-72.15379,74.86437,-67.81468,63.90204,0
-0.9127986,-8.17266,-0.9192088,10,3.04924,-10,0.44,500,-10,500,-10,-64.52113,18.71784,171.155,-72.04147,74.56445,-67.8905,64.16547,0
-4.775874,6.022228,2.344203,10,-10,-10,0.44,500,-10,500,-10,-64.43679,18.62685,171.2572,-72.22379,74.45721,-67.79283,64.35735,0
-0.6608071,8.19864,3.849709,-10,-10,-10,0.44,500,-10,500,-10,-64.50258,18.53037,171.3632,-72.61897,74.83817,-67.48547,64.06422,0
4.637679,5.831814,-1.11218,-10,-2.008668,-10,0.44,500,-10,500,-10,-64.62659,18.43631,171.4398,-72.5747,74.95999,-67.59325,64.00591,0
4.576742,-5.951656,4.720626,-7.280885,10,-10,0.44,500,-10,500,-10,-64.6786,18.31548,171.3593,-72.3717,75.00961,-67.72955,63.88957,0.3999
7.849238,-2.462011,7.556244,10,10,-10,0.44,500,-10,500,-10,-64.57316,18.19325,171.2758,-72.04601,74.66591,-67.98608,64.16411,1
-0.7372182,4.478482,5.19695,10,-10,-10,0.44,500,-10,500,-10,-64.5218,18.09685,171.3489,-72.30564,74.46098,-67.78696,64.42957,1
5.869165,14.62686,8.066637,1.981997,-10,-10,0.44,500,-10,500,-10,-64.5701,18.00942,171.5038,-72.51547,74.65794,-67.70549,64.36098,1
5.301786,14.64972,5.093402,-10,-10,-10,0.44,500,-10,500,-10,-64.80888,17.93424,171.6864,-72.81416,74.94554,-67.55814,64.2247,1
12.2159,2.397607,6.006124,-10,10,-10,0.44,500,-10,500,-10,-64.91755,17.82178,171.6992,-72.60871,75.1739,-67.77419,64.00694,1
5.767722,-2.8156,8.602492,4.771197,10,-10,0.44,500,-10,500,-10,-64.85291,17.68583,171.6214,-72.33139,74.87655,-67.98701,64.23978,1
3.913957,-1.55576,3.818437,10,1.955326,-10,0.44,500,-10,500,-10,-64.73605,17.56625,171.6009,-72.32666,74.67304,-67.97475,64.42631,1
1.817158,12.7873,7.179223,10,-10,-10,0.44,500,-10,500,-10,-65.10775,17.51517,172.0906,-72.68897,74.75862,-68.01822,64.74651,1
4.928105,14.26457,8.32939,-10,-10,-10,0.44,500,-10,500,-10,-65.72815,17.5228,172.6869,-73.24988,75.32066,-67.95143,64.6786,1
11.57304,10.60947,4.013337,-10,-0.3026643,-10,0.44,500,-10,500,-10,-66.2635,17.55698,173.137,-73.33456,75.62874,-68.23969,64.74345,1
7.354022,-2.59341,7.783897,-3.793868,10,-10,0.44,500,-10,500,-10,-66.82352,17.50834,173.645,-73.35871,75.87772,-68.63647,64.91541,1
7.479274,-2.803408,6.600337,10,10,-10,0.44,500,-10,500,-10,-67.31377,17.53572,174.2375,-73.47299,75.84036,-69.01315,65.44373,1
-0.8688096,6.182461,5.759042,10,-10,-10,0.44,500,-10,500,-10,-67.17173,17.6356,174.1921,-73.65775,75.60187,-68.79074,65.64457,1
6.178749,14.5712,8.476065,1.908651,-10,-10,0.44,500,-10,500,-10,-66.99057,17.7677,174.0616,-73.69265,75.71373,-68.64768,65.42455,1
5.979205,14.23902,4.193452,-10,-7.149539,-10,0.44,500,-10,500,-10,-67.05087,17.89762,174.0167,-73.82857,75.95283,-68.47454,65.14822,1
11.94093,1.383537,6.58529,-10,10,-10,0.44,500,-10,500,-10,-67.28128,17.964,174.1805,-73.7476,76.19568,-68.69128,65.04115,1
6.405318,-2.278527,8.996599,9.47777,10,-10,0.44,500,-10,500,-10,-67.38548,18.03977,174.3645,-73.52705,75.91737,-69.06425,65.47186,1
2.667379,-0.9851308,3.640862,10,1.88198,-10,0.44,500,-10,500,-10,-67.3632,18.12921,174.4717,-73.64874,75.86427,-69.03145,65.61385,1
2.911493,13.52147,7.44684,10,-10,-10,0.44,500,-10,500,-10,-67.20064,18.24857,174.3745,-73.72423,75.68979,-68.87539,65.70778,1
4.394767,13.94678,7.56918,-10,-10,-10,0.44,500,-10,500,-10,-67.20399,18.37703,174.3056,-74.01742,76.02077,-68.52514,65.31973,1
12.40125,9.470169,4.470947,-10,4.552851,-10,0.44,500,-10,500,-10,-67.31386,18.4757,174.3343,-73.86855,76.20586,-68.69778,65.1584,1
6.619366,-3.037729,7.616528,-1.855309,10,-10,0.44,500,-10,500,-10,-67.41657,18.55463,174.4589,-73.72548,76.1865,-68.94405,65.28098,1
7.343224,-2.780793,5.907321,10,10,-10,0.44,500,-10,500,-10,-67.34789,18.6393,174.576,-73.5621,76.03559,-69.20451,65.52896,1
-1.074781,7.095214,5.759838,10,-10,-10,0.44,500,-10,500,-10,-67.17974,18.73071,174.5606,-73.76463,75.80121,-68.98917,65.75054,1
6.350262,14.53281,8.814624,1.835306,-10,-10,0.44,500,-10,500,-10,-67.11548,18.86096,174.5067,-73.86805,75.92381,-68.84112,65.5833,1
6.699793,14.01043,3.935437,-10,-4.27615,-10,0.44,500,-10,500,-10,-67.21496,18.98217,174.4815,-73.99132,76.19384,-68.69696,65.29238,1
11.62117,0.578683,6.938951,-10,10,-10,0.44,500,-10,500,-10,-67.29794,19.05339,174.5913,-73.87553,76.41003,-68.90375,65.1672,1
6.70679,-2.35937,8.852373,10,10,-10,0.44,500,-10,500,-10,-67.22955,19.12592,174.7154,-73.57727,76.12244,-69.30477,65.55753,1
1.981166,-0.2888517,3.724866,10,1.808635,-10,0.44,500,-10,500,-10,-67.10336,19.20263,174.8094,-73.69566,76.06768,-69.26431,65.69023,1
3.38294,13.86122,7.245892,9.041947,-10,-10,0.44,500,-10,500,-10,-67.02577,19.33637,174.7616,-73.81086,75.93666,-69.10947,65.7816,1
4.695243,14.51558,7.788297,-10,-10,-10,0.44,500,-10,500,-10,-67.09512,19.47229,174.7186,-74.11108,76.25691,-68.77362,65.42574,1
12.82807,8.442366,4.722633,-10,8.027582,-10,0.44,500,-10,500,-10,-67.14207,19.55548,174.8022,-73.93927,76.50331,-69.01469,65.2486,1
6.662649,-2.708151,8.187333,-1.781964,10,-10,0.44,500,-10,500,-10,-67.08636,19.60824,174.9761,-73.84221,76.45844,-69.2559,65.43762,1
7.296293,-2.697807,5.789854,10,10,-10,0.44,500,-10,500,-10,-66.85466,19.64625,175.1649,-73.70392,76.32574,-69.55055,65.72667,1
-0.8829848,7.953808,5.994494,10,-10,-10,0.44,500,-10,500,-10,-66.71334,19.75183,175.2224,-73.93719,76.12419,-69.36502,65.97595,1
6.35245,14.58414,8.846605,-0.7669332,-10,-10,0.44,500,-10,500,-10,-66.66132,19.89235,175.2402,-74.11452,76.32223,-69.20241,65.79264,1
7.365048,13.92812,4.034869,-10,-2.315174,-10,0.44,500,-10,500,-10,-66.6817,20.00482,175.3284,-74.21456,76.61189,-69.17543,65.57605,1
11.20307,0.06933439,7.152526,-10,10,-10,0.44,500,-10,500,-10,-66.47247,19.99007,175.6666,-74.245,76.91749,-69.42522,65.55067,1
6.848413,-2.483158,8.761056,10,10,-10,0.44,500,-10,500,-10,-66.15071,19.9416,175.9763,-74.06007,76.72542,-69.86681,65.99941,1
1.300975,0.008669138,3.651461,10,1.735289,-10,0.44,500,-10,500,-10,-65.8446,19.89375,176.2105,-74.23633,76.7085,-69.88458,66.21036,1
4.104259,14.36598,7.713599,7.660754,-10,-10,0.44,500,-10,500,-10,-65.54218,19.97053,176.4545,-74.48658,76.7058,-69.83652,66.41525,1
4.382292,14.40818,7.188787,-10,-10,-10,0.44,500,-10,500,-10,-65.31157,20.01012,176.773,-74.90316,77.12822,-69.68385,66.25674,1
13.31879,7.990451,5.352202,-10,9.97073,-10,0.44,500,-10,500,-10,-65.3025,19.91763,176.8924,-74.73406,77.3952,-69.95187,66.08867,1
6.218707,-2.975967,8.00673,-1.708618,10,-10,0.44,500,-10,500,-10,-65.32958,19.7779,176.9292,-74.61966,77.26088,-70.09673,66.25346,1
6.943613,-2.892692,5.381689,10,10,-10,0.44,500,-10,500,-10,-65.20877,19.63787,176.9552,-74.4346,77.05519,-70.30333,66.48068,1
-0.442714,8.675599,6.558404,10,-10,-10,0.44,500,-10,500,-10,-65.01442,19.59187,177.0935,-74.69136,76.891,-70.16116,66.75947,1
6.128706,14.46345,8.658727,-2.0623,-10,-10,0.44,500,-10,500,-10,-64.86376,19.56015,177.2784,-74.92516,77.20396,-70.08057,66.59969,1
7.795744,13.88316,4.066554,-10,-1.681947,-10,0.44,500,-10,500,-10,-64.88144,19.49627,177.4049,-74.9961,77.51012,-70.1145,66.39842,1
10.83979,-0.4400358,7.007318,-10,10,-10,0.44,500,-10,500,-10,-65.00853,19.36049,177.3585,-74.87328,77.60887,-70.19884,66.2612,1
6.718235,-2.706884,8.450355,10,10,-10,0.44,500,-10,500,-10,-64.97906,19.22149,177.3318,-74.53667,77.23913,-70.51329,66.60878,1
1.278744,0.2208816,3.87166,10,1.661944,-10,0.44,500,-10,500,-10,-64.88007,19.10423,177.3355,-74.63449,77.13318,-70.41856,66.71782,1
4.329977,14.56722,7.87373,7.254103,-10,-10,0.44,500,-10,500,-10,-64.76056,19.05655,177.472,-74.83736,77.12338,-70.32883,66.84076,1
4.458092,14.51288,7.208595,-10,-10,-10,0.44,500,-10,500,-10,-64.79654,18.99749,177.6024,-75.18611,77.47413,-70.08812,66.59805,1
12.98335,7.489756,4.944339,-10,10,-10,0.44,500,-10,500,-10,-64.89447,18.88716,177.606,-74.9761,77.69824,-70.30114,66.37694,1
6.302199,-2.872036,8.196342,-1.635273,10,-10,0.44,500,-10,500,-10,-64.95302,18.75112,177.5691,-74.83173,77.53383,-70.41486,66.5107,1
7.204118,-2.63342,5.734293,10,10,-10,0.44,500,-10,500,-10,-64.8477,18.61482,177.5327,-74.62269,77.30471,-70.59376,66.70969,1
-0.4883006,8.794863,6.656836,10,-10,-10,0.44,500,-10,500,-10,-64.77158,18.53827,177.6162,-74.8838,77.10416,-70.40184,66.97942,1
6.10376,14.42406,8.611638,-1.976462,-10,-10,0.44,500,-10,500,-10,-64.78757,18.47972,177.7515,-75.14894,77.36069,-70.24884,66.83504,1
7.850108,13.97905,4.198191,-10,-1.608601,-10,0.44,500,-10,500,-10,-64.9248,18.40911,177.8535,-75.24623,77.63654,-70.23601,66.64364,1
11.17304,-0.1436974,7.321745,-10,10,-10,0.44,500,-10,500,-10,-65.00788,18.27214,177.8159,-75.11477,77.74631,-70.33636,66.50276,1
7.30248,-2.13447,9.27079,10,10,-10,0.44,500,-10,500,-10,-64.94815,18.13334,177.7854,-74.76855,77.37964,-70.6573,66.84416,1
1.374676,0.2033491,3.84449,10,1.588598,-10,0.44,500,-10,500,-10,-64.85305,18.01536,177.7892,-74.86813,77.27243,-70.56088,66.95453,1
3.674625,13.99416,7.120391,7.77972,-10,-10,0.44,500,-10,500,-10,-64.91472,17.97008,177.9906,-75.12669,77.26335,-70.46922,67.13049,1
4.584838,14.578,7.470458,-10,-10,-10,0.44,500,-10,500,-10,-65.14087,17.93769,178.208,-75.53455,77.66644,-70.24142,66.90747,1
13.02482,7.896631,5.017106,-10,9.330219,-10,0.44,500,-10,500,-10,-65.30565,17.83736,178.2897,-75.36749,77.91989,-70.4762,66.72173,1
6.640961,-2.623001,8.464732,-1.561927,10,-10,0.44,500,-10,500,-10,-65.40218,17.69808,178.334,-75.25041,77.79737,-70.62999,66.88097,1
7.085135,-2.834791,5.552887,10,10,-10,0.44,500,-10,500,-10,-65.37492,17.5601,178.4127,-75.09484,77.62148,-70.85079,67.12209,1
-0.6646566,8.346443,6.306682,10,-10,-10,0.44,500,-10,500,-10,-65.68598,17.54451,178.8371,-75.47411,77.54808,-70.8232,67.54718,1
6.548289,14.73308,9.08671,-0.660897,-10,-10,0.44,500,-10,500,-10,-66.05408,17.62196,179.2604,-75.80503,77.89041,-70.84302,67.55557,1
7.154326,13.76468,3.785386,-10,-2.785282,-10,0.44,500,-10,500,-10,-66.39627,17.70219,179.5201,-76.00383,78.26349,-70.85939,67.39767,1
11.21211,-0.02854443,6.899994,-10,10,-10,0.44,500,-10,500,-10,-66.79684,17.67356,179.8484,-76.02068,78.56403,-71.11453,67.36912,1
6.820733,-2.411244,8.846527,10,10,-10,0.44,500,-10,500,-10,-67.08624,17.69156,180.2082,-75.85672,78.37805,-71.57661,67.85323,1
1.749327,-0.135963,3.815722,10,1.515253,-10,0.44,500,-10,500,-10,-67.19286,17.75646,180.4339,-76.09314,78.34073,-71.52722,68.07757,1
3.669741,14.02308,7.498571,9.232076,-10,-10,0.44,500,-10,500,-10,-67.00132,17.88717,180.3255,-76.1453,78.20323,-71.38528,68.12529,1
4.674937,14.46762,7.742956,-10,-10,-10,0.44,500,-10,500,-10,-67.0063,18.02449,180.2724,-76.42851,78.53128,-71.05806,67.75323,1
12.90665,8.640651,4.752838,-10,6.926585,-10,0.44,500,-10,500,-10,-67.167,18.10651,180.3603,-76.29782,78.75303,-71.26158,67.60432,1
6.715161,-2.710206,8.092514,-1.488581,10,-10,0.44,500,-10,500,-10,-67.33691,18.16968,180.529,-76.23248,78.68764,-71.46669,67.80948,1
7.15877,-2.915427,5.590608,10,10,-10,0.44,500,-10,500,-10,-67.32845,18.24695,180.6786,-76.11815,78.53384,-71.70496,68.0872,1
-0.8883312,7.545693,6.007127,10,-10,-10,0.44,500,-10,500,-10,-67.21973,18.3552,180.6592,-76.32106,78.30255,-71.48599,68.30244,1
5.95319,14.16823,8.305244,1.468578,-10,-10,0.44,500,-10,500,-10,-67.1329,18.48355,180.5943,-76.41505,78.43535,-71.33819,68.11584,1
6.926404,14.30318,4.209833,-10,-5.00968,-10,0.44,500,-10,500,-10,-67.22083,18.60539,180.5616,-76.52919,78.69456,-71.19701,67.82959,1
11.74867,0.6731743,6.911893,-10,10,-10,0.44,500,-10,500,-10,-67.34331,18.68037,180.6659,-76.42224,78.90178,-71.39035,67.70876,1
6.531684,-2.356256,8.875281,10,10,-10,0.44,500,-10,500,-10,-67.31804,18.75953,180.784,-76.12346,78.61465,-71.78696,68.0937,1
2.41265,-0.6243219,3.849148,10,1.441907,-10,0.44,500,-10,500,-10,-67.22507,18.84444,180.8646,-76.2417,78.55269,-71.73553,68.22248,1
3.052379,13.70815,7.374078,10,-10,-10,0.44,500,-10,500,-10,-67.12621,18.97204,180.8048,-76.33077,78.40291,-71.59695,68.32275,1
4.767044,14.33291,8.018913,-10,-10,-10,0.44,500,-10,500,-10,-67.17683,19.10384,180.7543,-76.64343,78.73498,-71.24242,67.94882,1
12.56781,9.932285,4.689993,-10,3.318207,-10,0.44,500,-10,500,-10,-67.26843,19.20558,180.7757,-76.50002,78.90646,-71.40352,67.79502,1
6.838715,-2.920238,7.651957,-2.151028,10,-10,0.44,500,-10,500,-10,-67.28143,19.2764,180.9067,-76.34098,78.90833,-71.67111,67.90171,1
7.773065,-2.448089,6.872927,10,10,-10,0.44,500,-10,500,-10,-67.12669,19.34258,181.0445,-76.17763,78.75473,-71.9487,68.16955,1
-0.9464681,6.400934,5.857272,10,-10,-10,0.44,500,-10,500,-10,-67.0248,19.45459,181.0512,-76.39154,78.53477,-71.7403,68.39502,1
6.318287,14.67657,8.654365,1.395233,-10,-10,0.44,500,-10,500,-10,-66.9927,19.59133,181.0089,-76.50861,78.67198,-71.58822,68.22279,1
6.338753,14.70124,4.680793,-10,-8.110941,-10,0.44,500,-10,500,-10,-67.11979,19.72325,180.9699,-76.66263,78.88796,-71.40186,67.97447,1
12.14667,1.56363,6.577028,-10,10,-10,0.44,500,-10,500,-10,-67.10062,19.79364,181.1203,-76.51472,79.15826,-71.67434,67.82874,1
6.241406,-2.434464,9.091653,6.961151,10,-10,0.44,500,-10,500,-10,-66.89378,19.83634,181.3532,-76.30764,78.95747,-72.0744,68.22252,1
3.416624,-1.338293,3.863933,10,1.368561,-10,0.44,500,-10,500,-10,-66.62103,19.87825,181.5595,-76.42004,78.88168,-72.13295,68.46926,1
2.237754,13.23135,7.419909,10,-10,-10,0.44,500,-10,500,-10,-66.47481,20.0169,181.6116,-76.55116,78.77721,-72.04506,68.61695,1
5.062441,14.4825,8.515715,-10,-10,-10,0.44,500,-10,500,-10,-66.40157,20.15079,181.7361,-76.93175,79.17754,-71.76759,68.31976,1
11.57407,10.79676,4.069905,-10,-1.348558,-10,0.44,500,-10,500,-10,-66.1823,20.24119,182.0628,-76.99837,79.45229,-71.97169,68.31572,1
7.618416,-2.535802,7.747109,-5.43189,10,-10,0.44,500,-10,500,-10,-65.71652,20.15067,182.616,-77.03349,79.72963,-72.39489,68.4967,1
7.838955,-2.611055,7.226521,10,10,-10,0.44,500,-10,500,-10,-65.43336,20.02463,182.8347,-76.85468,79.53225,-72.75494,68.87531,1
-1.223097,4.700078,5.045213,10,-10,-10,0.44,500,-10,500,-10,-65.08536,19.9987,183.1064,-77.17462,79.39799,-72.66013,69.23469,1
6.04348,14.80371,8.275113,1.321887,-10,-10,0.44,500,-10,500,-10,-64.72713,19.96974,183.4373,-77.41385,79.68777,-72.69507,69.21909,1
5.540923,14.88251,5.334729,-10,-10,-10,0.44,500,-10,500,-10,-64.5815,19.90168,183.7122,-77.65308,80.04527,-72.68362,69.08939,1
12.64819,2.855985,6.230098,-10,10,-10,0.44,500,-10,500,-10,-64.71297,19.79626,183.673,-77.43484,80.24594,-72.86942,68.85626,1
5.781157,-2.748456,8.68051,2.099283,10,-10,0.44,500,-10,500,-10,-64.81717,19.66833,183.5753,-77.22729,79.97249,-72.99603,69.04879,1
4.72875,-1.811043,4.217367,10,1.872146,-10,0.44,500,-10,500,-10,-64.73659,19.55222,183.5511,-77.18427,79.71732,-73.01895,69.28384,1
1.142246,11.99512,6.956428,10,-10,-10,0.44,500,-10,500,-10,-64.53827,19.48277,183.7057,-77.33897,79.66829,-72.99241,69.46104,1
5.310764,14.29196,8.834292,-10,-10,-10,0.44,500,-10,500,-10,-64.50459,19.39451,183.84,-77.72452,80.07102,-72.71811,69.16955,1
10.72458,12.14496,4.224473,-10,-1.275213,-10,0.44,500,-10,500,-10,-64.56353,19.30044,183.9184,-77.66901,80.19813,-72.83853,69.10736,1
8.456039,-2.106848,7.570159,-9.495449,10,-10,0.44,500,-10,500,-10,-64.69645,19.1831,183.8326,-77.51414,80.27988,-72.92239,68.9546,1
7.680859,-2.370344,7.829831,10,10,-10,0.44,500,-10,500,-10,-64.66982,19.05812,183.7642,-77.16454,79.90604,-73.21525,69.27168,1
-0.663708,2.934271,4.460136,10,-6.13446,-10,0.44,500,-10,500,-10,-64.56606,18.96101,183.7979,-77.35865,79.72807,-73.04903,69.47757,1
5.807736,14.88865,8.285372,1.248541,-10,-10,0.44,500,-10,500,-10,-64.49934,18.87533,183.9101,-77.60006,79.87009,-72.90069,69.4286,1
4.950349,14.69793,6.102136,-10,-10,-10,0.44,500,-10,500,-10,-64.59914,18.78807,184.0208,-77.84944,80.10661,-72.74298,69.28375,1
13.03292,4.631016,5.603099,-10,10,-10,0.44,500,-10,500,-10,-64.69528,18.67834,184.0005,-77.62939,80.32077,-72.94624,69.05281,1
5.814946,-2.648123,8.67096,-1.228538,10,-10,0.44,500,-10,500,-10,-64.73853,18.55249,183.9356,-77.46493,80.13776,-73.05693,69.18204,1
5.534793,-2.647156,4.266568,10,6.829255,-10,0.44,500,-10,500,-10,-64.62231,18.43103,183.8837,-77.29036,79.8739,-73.18851,69.4029,1
0.4608676,11.00107,6.993966,10,-10,-10,0.44,500,-10,500,-10,-64.56303,18.34428,183.976,-77.52109,79.71288,-73.03419,69.64035,1
5.955134,14.30303,8.990196,-8.188366,-10,-10,0.44,500,-10,500,-10,-64.65747,18.26245,184.1087,-77.89706,80.0768,-72.76823,69.38644,1
9.206715,13.05023,3.863381,-10,-1.201867,-10,0.44,500,-10,500,-10,-64.81355,18.17945,184.2096,-77.88559,80.25121,-72.86328,69.29559,1
9.769559,-1.286399,7.447075,-10,10,-10,0.44,500,-10,500,-10,-64.87195,18.0473,184.1451,-77.74576,80.34416,-72.94961,69.14915,1
7.369731,-2.389253,8.583124,10,10,-10,0.44,500,-10,500,-10,-64.77802,17.91352,184.0782,-77.38216,79.96086,-73.25781,69.47705,1
0.3859646,1.214307,4.260963,10,0.6036024,-10,0.44,500,-10,500,-10,-64.6375,17.7913,184.0607,-77.48173,79.83084,-73.14371,69.59254,1
4.617835,14.39587,7.502967,5.090465,-10,-10,0.44,500,-10,500,-10,-64.75356,17.70884,184.3185,-77.80415,79.90233,-73.03493,69.73469,1
5.000648,15.09884,7.572376,-10,-10,-10,0.44,500,-10,500,-10,-65.12791,17.66004,184.6452,-78.22116,80.31215,-72.8886,69.59555,1
13.1462,6.799156,5.299404,-10,10,-10,0.44,500,-10,500,-10,-65.34798,17.55245,184.7743,-78.06985,80.59537,-73.14688,69.41931,1
6.217071,-2.797109,8.538034,-1.155193,10,-10,0.44,500,-10,500,-10,-65.53851,17.41477,184.9123,-77.99187,80.4971,-73.33926,69.63197,1
6.713303,-2.905586,5.237513,10,10,-10,0.44,500,-10,500,-10,-66.331,17.28712,185.8077,-78.16092,80.64699,-73.91212,70.224,1
-0.5363213,8.824785,6.409285,10,-10,-10,0.44,500,-10,500,-10,-67.06626,17.3448,186.6433,-78.81908,80.74545,-73.94629,70.81786,1
6.219115,14.38792,8.740312,-1.741632,-10,-10,0.44,500,-10,500,-10,-66.68907,17.46772,186.2969,-78.78592,80.84858,-73.69243,70.42772,1
7.658111,14.01097,4.188888,-10,-2.333189,-10,0.44,500,-10,500,-10,-66.91059,17.58259,186.4229,-78.90131,81.14383,-73.68144,70.23686,1
10.9965,-0.2528496,6.890149,-10,10,-10,0.44,500,-10,500,-10,-67.40802,17.62617,186.8403,-79.03857,81.40881,-73.89006,70.31777,1
6.608995,-2.55007,8.657915,10,10,-10,0.44,500,-10,500,-10,-67.63724,17.71988,187.1334,-78.84865,81.18668,-74.32281,70.78271,1
2.245751,0.1782854,4.375224,10,1.108518,-10,0.44,500,-10,500,-10,-67.6362,17.82373,187.2415,-78.98587,81.13898,-74.27522,70.92005,1
3.699399,14.04049,7.672654,10,-10,-10,0.44,500,-10,500,-10,-67.37589,17.92106,187.0522,-79.01057,80.92789,-74.09363,70.97427,1
4.692852,14.31874,7.878015,-10,-10,-10,0.44,500,-10,500,-10,-67.32179,18.03856,186.9267,-79.28374,81.22544,-73.71646,70.5727,1
12.55159,9.134742,4.665132,-10,4.625544,-10,0.44,500,-10,500,-10,-67.43373,18.13885,186.9471,-79.12796,81.41086,-73.88919,70.40424,1
7.180748,-2.396136,8.469136,-1.405829,10,-10,0.44,500,-10,500,-10,-67.57781,18.23234,187.0837,-78.98112,81.39465,-74.14922,70.53363,1
7.4211,-2.734484,6.365488,10,10,-10,0.44,500,-10,500,-10,-67.54463,18.33497,187.2004,-78.82586,81.25452,-74.40114,70.77043,1
-1.430446,6.189501,5.265865,10,-10,-10,0.44,500,-10,500,-10,-67.42525,18.43767,187.1544,-79.01765,81.01106,-74.17122,70.97574,1
6.374004,14.59883,8.685834,1.061844,-10,-10,0.44,500,-10,500,-10,-67.33601,18.55158,187.0649,-79.11929,81.12949,-73.99547,70.78323,1
6.305497,14.73735,4.713655,-10,-8.649542,-10,0.44,500,-10,500,-10,-67.41592,18.66746,186.9901,-79.25735,81.31502,-73.79538,70.53564,1
12.39375,1.805858,6.818521,-10,10,-10,0.44,500,-10,500,-10,-67.52374,18.76357,187.0535,-79.07269,81.56448,-74.03261,70.33876,1
6.073208,-2.550641,8.997197,5.948358,10,-10,0.44,500,-10,500,-10,-67.52178,18.86283,187.1539,-78.8354,81.34181,-74.3531,70.64462,1
3.491209,-1.579628,3.778685,10,1.035173,-10,0.44,500,-10,500,-10,-67.42141,18.96247,187.2136,-78.8791,81.19831,-74.35889,70.83762,1
2.057896,12.97828,7.308424,10,-10,-10,0.44,500,-10,500,-10,-67.33289,19.07578,187.129,-78.95492,81.04234,-74.21295,70.92348,1
5.070964,14.3764,8.604292,-10,-10,-10,0.44,500,-10,500,-10,-67.39775,19.19425,187.0501,-79.25758,81.36246,-73.84486,70.53793,1
11.61221,11.57254,4.552252,-10,-1.015169,-10,0.44,500,-10,500,-10,-67.51169,19.30283,187.0054,-79.13637,81.45955,-73.92905,70.40381,1
7.899076,-2.486855,7.569614,-7.400727,10,-10,0.44,500,-10,500,-10,-67.54626,19.40084,187.1196,-79.01017,81.59584,-74.1499,70.36218,1
4.994896,-2.65342,7.310104,10,10,-10,0.44,500,-10,500,-10,-67.41913,19.49893,187.2406,-78.74966,81.3498,-74.51065,70.70847,0.5500917
-0.7858324,4.174461,5.10725,10,-8.759382,-10,0.44,500,-10,500,-10,-67.33628,19.60646,187.2164,-78.93827,81.1318,-74.30203,70.90645,1
5.787424,14.68731,8.172003,0.9884982,-10,-10,0.44,500,-10,500,-10,-67.35716,19.72536,187.1091,-79.05357,81.23668,-74.09776,70.7126,1
4.804517,14.50608,5.414845,-10,-10,-10,0.44,500,-10,500,-10,-67.56595,19.83786,186.9713,-79.18709,81.38678,-73.85013,70.44839,1
12.97315,3.991613,5.948229,-10,10,-10,0.44,500,-10,500,-10,-67.59276,19.94429,187.0546,-78.99007,81.65579,-74.1161,70.24832,1
5.612948,-2.739958,8.6369,-0.9684949,10,-10,0.44,500,-10,500,-10,-67.44543,20.04697,187.2787,-78.91331,81.59416,-74.37863,70.49571,1
5.307068,-2.456912,4.200631,10,5.565736,-10,0.44,500,-10,500,-10,-67.08746,20.13396,187.5537,-78.86375,81.45758,-74.65601,70.86012,1
0.3571252,11.09461,6.640076,10,-10,-10,0.44,500,-10,500,-10,-67.06479,20.25764,187.4746,-78.99586,81.25739,-74.45837,70.9948,1
5.808855,14.21382,8.935523,-9.238252,-10,-10,0.44,500,-10,500,-10,-67.62169,20.38855,186.953,-79.09428,81.44478,-73.92773,70.37519,1
9.524731,12.95708,4.004491,-10,-0.941824,-10,0.44,500,-10,500,-10,-4.691998,20.43155,249.9819,-101.5638,104.151,-103.6832,99.89397,1
9.467255,-1.531402,7.395085,-10,10,-10,0.44,500,-10,500,-10,-14.59848,20.44034,240.1751,-97.97237,100.8465,-99.14887,95.07268,1
7.404831,-2.398636,8.503112,10,10,-10,0.44,500,-10,500,-10,-15.76325,20.32878,238.9659,-97.25607,99.97844,-98.86331,94.93889,1
0.06448746,1.180209,4.000666,10,0.04439688,-10,0.44,500,-10,500,-10,-14.74631,20.2589,239.8882,-97.68901,100.2281,-99.19456,95.45341,1
4.704447,14.44671,7.534963,4.920594,-10,-10,0.44,500,-10,500,-10,-13.93731,20.20543,240.6326,-98.07457,100.5405,-99.42575,95.75774,1
4.597651,14.73439,7.015942,-10,-10,-10,0.44,500,-10,500,-10,-13.72429,20.08274,240.9296,-98.44855,100.8964,-99.29786,95.6479,1
12.92396,6.556561,4.897013,-10,10,-10,0.44,500,-10,500,-10,-14.01178,20.00496,240.7265,-98.16124,101.048,-99.41689,95.32803,1
6.005562,-2.964462,8.303181,-0.8951492,10,-10,0.44,500,-10,500,-10,-14.28843,19.90943,240.4818,-97.9276,100.8003,-99.44777,95.37299,1
6.62413,-3.008798,5.143849,10,10,-10,0.44,500,-10,500,-10,-14.32602,19.79456,240.3213,-97.69106,100.5373,-99.55137,95.50308,1
-0.7739502,8.573516,6.07971,10,-10,-10,0.44,500,-10,500,-10,-14.14061,19.68269,240.4148,-97.94789,100.3369,-99.37196,95.78094,1
6.233969,14.31853,8.69476,-1.038468,-10,-10,0.44,500,-10,500,-10,-14.004,19.57853,240.5522,-98.19266,100.5663,-99.24106,95.66539,1
7.60191,14.18625,4.339905,-10,-3.156121,-10,0.44,500,-10,500,-10,-14.0568,19.47056,240.6224,-98.30818,100.82,-99.18375,95.46987,1
11.1698,-0.03233457,6.788468,-10,10,-10,0.44,500,-10,500,-10,-14.21746,19.37332,240.514,-98.13139,100.9251,-99.27068,95.27487,1
6.920009,-2.099599,9.271027,10,10,-10,0.44,500,-10,500,-10,-14.22027,19.26431,240.4121,-97.75694,100.5346,-99.56071,95.58096,1
2.009049,-0.481275,3.794317,10,0.8484745,-10,0.44,500,-10,500,-10,-14.14206,19.1594,240.3603,-97.84182,100.398,-99.43292,95.6747,1
3.144313,13.63682,7.309919,10,-10,-10,0.44,500,-10,500,-10,-14.01337,19.05672,240.4608,-98.00587,100.3026,-99.35214,95.85335,1
4.965539,14.48934,8.345589,-10,-10,-10,0.44,500,-10,500,-10,-14.0436,18.94466,240.5477,-98.39227,100.6725,-99.03773,95.55545,1
12.26759,9.710042,4.57726,-10,2.561795,-10,0.44,500,-10,500,-10,-14.14015,18.84104,240.5633,-98.2704,100.8182,-99.17254,95.42264,1
6.753265,-2.951343,7.561557,-2.999944,10,-10,0.44,500,-10,500,-10,-14.20204,18.73834,240.4666,-98.03852,100.7387,-99.32431,95.42204,1
7.622019,-2.704144,6.785515,10,10,-10,0.44,500,-10,500,-10,-14.10134,18.63412,240.3707,-97.77946,100.4643,-99.50388,95.61697,1
-1.021437,5.790436,5.593969,10,-10,-10,0.44,500,-10,500,-10,-14.01336,18.52874,240.4117,-98.02443,100.2434,-99.29292,95.87189,1
6.368761,14.78114,8.674405,0.8018007,-10,-10,0.44,500,-10,500,-10,-13.98968,18.41571,240.5013,-98.2251,100.4274,-99.16647,95.76212,1
5.596218,14.65127,4.779011,-10,-10,-10,0.44,500,-10,500,-10,-14.1336,18.30528,240.5991,-98.46577,100.6518,-99.00684,95.61874,1
12.70382,2.674258,6.674955,-10,10,-10,0.44,500,-10,500,-10,-14.20211,18.20108,240.5454,-98.22987,100.8509,-99.19821,95.37509,1
6.061736,-2.457315,9.131685,3.13089,10,-10,0.44,500,-10,500,-10,-14.14516,18.09489,240.4263,-97.96161,100.567,-99.36777,95.56029,1
4.476964,-1.811325,4.179123,10,1.187791,-10,0.44,500,-10,500,-10,-13.98963,17.99291,240.3448,-97.91155,100.2981,-99.35036,95.7617,1
1.576836,12.48741,7.254478,10,-10,-10,0.44,500,-10,500,-10,-13.98889,17.87952,240.4732,-98.09631,100.2196,-99.27193,95.94655,1
5.39812,14.36017,9.006092,-10,-10,-10,0.44,500,-10,500,-10,-14.17074,17.76848,240.6342,-98.52196,100.6289,-98.97975,95.67073,1
10.54708,11.88659,3.92793,-10,-0.7551265,-10,0.44,500,-10,500,-10,-14.39029,17.66801,240.77,-98.49396,100.7943,-99.12025,95.61786,1
8.236404,-2.327921,7.357313,-10,10,-10,0.44,500,-10,500,-10,-14.29023,17.54766,240.5566,-98.28764,100.8124,-99.14975,95.42288,1
7.363591,-2.578472,7.651889,10,10,-10,0.44,500,-10,500,-10,-13.85388,17.44084,240.156,-97.8119,100.2259,-99.29351,95.67743,1
-0.08371544,3.052371,5.036952,10,-4.65357,-10,0.44,500,-10,500,-10,-13.46435,17.34029,239.8626,-97.89922,99.85136,-98.96309,95.80888,1
5.442082,14.58123,7.872342,1.374167,-10,-10,0.44,500,-10,500,-10,-13.50926,17.20299,239.9645,-98.11569,100.0181,-98.83108,95.72663,1
4.796755,14.67119,6.377558,-10,-10,-10,0.44,500,-10,500,-10,-13.3706,17.06639,239.7298,-98.2597,100.0511,-98.49261,95.49915,1
13.233,5.311967,5.689505,-10,10,-10,0.44,500,-10,500,-10,-13.86577,17.01301,240.1377,-98.1821,100.5228,-98.90819,95.36543,1
5.761446,-2.735925,8.572735,-0.7084513,10,-10,0.44,500,-10,500,-10,-14.30497,16.92876,240.5388,-98.16853,100.6022,-99.2541,95.61841,1
5.844729,-2.997888,4.584309,10,9.60419,-10,0.44,500,-10,500,-10,-14.39967,16.81165,240.7481,-98.09142,100.4989,-99.50464,95.89511,1
-0.2137012,9.861771,6.351073,10,-10,-10,0.44,500,-10,500,-10,-14.17977,16.72414,240.6096,-98.24876,100.2019,-99.23255,96.07738,1
6.236648,14.50409,9.205191,-4.825256,-10,-10,0.44,500,-10,500,-10,-14.02667,16.6232,240.4295,-98.42526,100.3635,-98.90683,95.76653,1
8.203754,13.51478,3.814623,-10,-0.6817808,-10,0.44,500,-10,500,-10,-14.06934,16.51803,240.3589,-98.3925,100.5188,-98.88111,95.55277,1
10.5463,-0.6870808,7.261091,-10,10,-10,0.44,500,-10,500,-10,-14.27104,16.41976,240.5021,-98.34703,100.7057,-99.04515,95.48444,1
7.025751,-5.249441,6.503755,10,10,-10,0.44,500,-10,500,-10,-14.29214,16.30574,240.6093,-98.06062,100.4025,-99.42041,95.8765,1
1.504475,0.5736756,4.454128,10,0.6617775,-10,0.44,500,-10,500,-10,-14.21991,16.19806,240.6564,-98.18912,100.3048,-99.33093,96.01317,1
4.295056,14.47937,7.772252,9.10954,-10,-10,0.44,500,-10,500,-10,-14.07168,16.10258,240.5404,-98.2749,100.1365,-99.14906,96.08545,1
4.698555,14.5113,7.783697,-10,-10,-10,0.44,500,-10,500,-10,-14.08805,15.99549,240.4421,-98.56828,100.4141,-98.77426,95.72642,1
12.70887,8.394249,4.701187,-10,6.279007,-10,0.44,500,-10,500,-10,-14.18936,15.89371,240.4565,-98.40417,100.6015,-98.95026,95.55083,1
6.64996,-2.607524,8.185877,-0.6351066,10,-10,0.44,500,-10,500,-10,-14.25734,15.78599,240.5487,-98.25285,100.5181,-99.17796,95.71062,1
7.300072,-2.74935,6.092379,10,10,-10,0.44,500,-10,500,-10,-14.16144,15.67687,240.6381,-98.11148,100.3607,-99.39343,95.94215,1
-1.113862,6.982008,5.804436,10,-10,-10,0.44,500,-10,500,-10,-14.06636,15.57435,240.5914,-98.31948,100.1032,-99.14673,96.16093,1
6.551416,14.64597,8.964713,0.6151028,-10,-10,0.44,500,-10,500,-10,-14.02748,15.46559,240.5006,-98.44743,100.2151,-98.94357,95.9738,1
6.273517,14.51096,4.366358,-10,-8.350618,-10,0.44,500,-10,500,-10,-14.15018,15.35824,240.4147,-98.58881,100.3779,-98.73102,95.73991,1
12.36365,1.683434,6.990599,-10,10,-10,0.44,500,-10,500,-10,-14.2273,15.25403,240.4718,-98.41786,100.6048,-98.94921,95.56023,1
6.177633,-2.415179,9.174815,6.102169,10,-10,0.44,500,-10,500,-10,-14.16983,15.14555,240.5736,-98.19069,100.3616,-99.26073,95.88774,1
3.289318,-1.640739,3.730144,10,0.5884314,-10,0.44,500,-10,500,-10,-14.03711,15.04212,240.6361,-98.2563,100.2001,-99.24691,96.10108,1
2.112872,13.01781,7.340675,10,-10,-10,0.44,500,-10,500,-10,-14.01005,14.932,240.5215,-98.33466,100.0238,-99.07366,96.1825,1
5.335732,14.62287,9.015112,-10,-10,-10,0.44,500,-10,500,-10,-14.14894,14.82197,240.3943,-98.63835,100.3112,-98.66456,95.7896,1
11.21166,11.12435,4.034409,-10,-0.568428,-10,0.44,500,-10,500,-10,-14.32026,14.7205,240.3016,-98.51988,100.3723,-98.70618,95.6517,1
7.855774,-2.438371,7.598228,-8.139071,10,-10,0.44,500,-10,500,-10,-14.28051,14.60445,240.4548,-98.43004,100.5213,-98.92302,95.62972,1
7.569209,-2.69742,7.268912,10,10,-10,0.44,500,-10,500,-10,-14.02982,14.49546,240.6674,-98.20319,100.2784,-99.32602,96.0488,1
-0.767705,3.833368,4.998838,10,-7.494832,-10,0.44,500,-10,500,-10,-13.97108,14.38757,240.626,-98.3876,100.0529,-99.10725,96.23987,1
5.797265,14.69559,8.158549,0.5417562,-10,-10,0.44,500,-10,500,-10,-14.32828,14.27761,240.2063,-98.46735,99.98793,-98.67978,95.95714,1
4.79593,14.47128,5.623383,-10,-10,-10,0.44,500,-10,500,-10,-15.52787,14.23046,239.0995,-98.32181,99.69545,-97.9082,95.3325,1
13.22767,4.608844,6.212619,-10,10,-10,0.44,500,-10,500,-10,-17.15474,14.20764,237.5669,-97.45911,99.32515,-97.50102,94.43292,1
5.862918,-2.517783,8.886602,-0.5217533,10,-10,0.44,500,-10,500,-10,-18.05474,14.31308,236.7175,-96.90575,98.95405,-97.35059,94.10022,1
5.566068,-2.667434,4.445133,10,7.405343,-10,0.44,500,-10,500,-10,-17.93635,14.44561,236.7365,-96.74724,98.75665,-97.5248,94.31334,1
0.5018599,11.01111,6.975732,10,-10,-10,0.44,500,-10,500,-10,-17.5269,14.50035,237.0639,-97.12422,98.6046,-97.41915,94.73671,1
5.963213,14.25446,9.037409,-7.033092,-10,-10,0.44,500,-10,500,-10,-17.26072,14.58257,237.3709,-97.5537,98.97919,-97.24406,94.6165,1
8.98147,13.27178,3.871359,-10,-0.4950829,-10,0.44,500,-10,500,-10,-17.25427,14.68246,237.4875,-97.53775,99.19202,-97.3566,94.50028,1
10.08357,-1.046201,7.54816,-10,10,-10,0.44,500,-10,500,-10,-17.50391,14.78618,237.3104,-97.35271,99.25858,-97.39488,94.28696,1
6.97486,-2.702433,8.370745,10,10,-10,0.44,500,-10,500,-10,-17.54554,14.90766,237.1959,-96.95529,98.88499,-97.69743,94.56567,1
0.7992007,0.8721259,4.319029,10,0.47508,-10,0.44,500,-10,500,-10,-17.47446,15.01843,237.158,-97.0276,98.77325,-97.59375,94.64604,1
4.459786,14.35872,7.478504,7.394198,-10,-10,0.44,500,-10,500,-10,-17.29772,15.1027,237.3019,-97.24332,98.74544,-97.49725,94.79308,1
4.25215,14.34704,7.020312,-10,-10,-10,0.44,500,-10,500,-10,-17.29388,15.20196,237.4217,-97.58148,99.09824,-97.25833,94.53953,1
12.97607,7.706977,4.994688,-10,8.355678,-10,0.44,500,-10,500,-10,-17.40551,15.30483,237.3914,-97.36104,99.30629,-97.45374,94.30643,1
6.58975,-2.576209,8.556908,-0.4484081,10,-10,0.44,500,-10,500,-10,-17.49036,15.41938,237.3031,-97.1397,99.13885,-97.60184,94.40063,1
7.074562,-2.835866,5.587807,10,10,-10,0.44,500,-10,500,-10,-17.4108,15.53652,237.2219,-96.91506,98.93147,-97.75917,94.54071,1
-0.9827392,7.600436,6.00185,10,-10,-10,0.44,500,-10,500,-10,-17.30465,15.63315,237.2802,-97.15129,98.73157,-97.5713,94.78897,1
6.476556,14.50195,8.985668,0.4284048,-10,-10,0.44,500,-10,500,-10,-17.24718,15.73322,237.3795,-97.34474,98.93974,-97.46015,94.66309,1
6.788774,14.40464,4.328742,-10,-6.693874,-10,0.44,500,-10,500,-10,-17.35072,15.83455,237.4619,-97.51754,99.20192,-97.35558,94.46914,1
11.73955,0.8028995,6.512845,-10,10,-10,0.44,500,-10,500,-10,-17.44067,15.94198,237.4055,-97.30339,99.37952,-97.52299,94.2448,1
6.323081,-2.292694,9.222427,7.71535,10,-10,0.44,500,-10,500,-10,-17.3925,16.05683,237.3206,-96.95551,99.04857,-97.80057,94.50546,1
2.968215,-1.260324,3.900119,10,0.4017334,-10,0.44,500,-10,500,-10,-17.27798,16.16386,237.2751,-96.99147,98.88416,-97.72691,94.63217,1
2.52744,13.36434,7.414041,10,-10,-10,0.44,500,-10,500,-10,-17.22882,16.26523,237.3857,-97.14412,98.8175,-97.66582,94.79039,1
4.875278,14.33443,8.41355,-10,-10,-10,0.44,500,-10,500,-10,-17.34015,16.36874,237.5004,-97.53076,99.21939,-97.37425,94.48355,1
11.46203,10.69175,4.117553,-10,-0.3817296,-10,0.44,500,-10,500,-10,-17.48779,16.467,237.5788,-97.45607,99.37576,-97.51389,94.39214,1
7.788873,-2.307735,7.945337,-6.790446,10,-10,0.44,500,-10,500,-10,-17.4954,16.58601,237.4711,-97.23162,99.40263,-97.64915,94.27609,1
7.783099,-2.662774,7.25435,10,10,-10,0.44,500,-10,500,-10,-17.32737,16.70258,237.3416,-96.87405,99.06223,-97.89939,94.50916,1
-0.9226184,4.317209,5.255867,10,-9.082063,-10,0.44,500,-10,500,-10,-17.30414,16.80545,237.4289,-97.11617,98.88982,-97.7296,94.75391,1
6.021687,14.7975,8.390036,0.3550587,-10,-10,0.44,500,-10,500,-10,-17.47033,16.90032,237.6708,-97.39332,99.16026,-97.65288,94.68388,1
4.793134,14.40105,5.17721,-10,-10,-10,0.44,500,-10,500,-10,-17.90141,16.96712,238.0239,-97.73538,99.51216,-97.60341,94.62457,1
13.09549,3.981245,6.226953,-10,10,-10,0.44,500,-10,500,-10,-18.10202,17.08203,238.1298,-97.55698,99.80106,-97.86958,94.42345,1
5.678857,-2.632488,8.814434,-0.3350554,10,-10,0.44,500,-10,500,-10,-18.24207,17.22254,238.2189,-97.42696,99.69174,-98.07341,94.60657,1
5.389469,-2.296563,4.501489,10,6.048706,-10,0.44,500,-10,500,-10,-18.44344,17.32892,238.5203,-97.46611,99.65759,-98.284,94.89047,1
0.4216157,11.03783,6.707125,10,-10,-10,0.44,500,-10,500,-10,-16.4705,17.37772,236.6452,-96.60637,98.65578,-97.59004,94.33858,1
6.075894,14.41895,9.311266,-8.31486,-10,-10,0.44,500,-10,500,-10,-16.52935,17.51859,236.6722,-96.92229,98.99243,-97.29654,94.02434,1
9.424401,12.99072,4.013377,-10,-0.3083849,-10,0.44,500,-10,500,-10,-16.70787,17.62866,236.756,-96.88475,99.17702,-97.40352,93.90919,1
9.419491,-1.640111,7.165434,-10,10,-10,0.44,500,-10,500,-10,-17.16055,17.67454,237.1324,-97.02518,99.39968,-97.57489,93.99834,1
7.248618,-2.556428,8.447017,10,10,-10,0.44,500,-10,500,-10,-17.34903,17.7689,237.3914,-96.81737,99.16263,-97.99734,94.45001,1
0.5554273,1.211307,4.397323,10,0.2883816,-10,0.44,500,-10,500,-10,-17.33434,17.87144,237.4867,-96.95781,99.09949,-97.93585,94.59212,1
4.830745,14.52592,7.69348,6.263896,-10,-10,0.44,500,-10,500,-10,-17.11299,17.9719,237.3158,-97.04652,98.97131,-97.70558,94.57873,1
4.555072,14.72911,7.235545,-10,-10,-10,0.44,500,-10,500,-10,-17.09035,18.08815,237.1948,-97.25761,99.21104,-97.3942,94.23872,1
13.40724,7.567937,5.505747,-10,9.636677,-10,0.44,500,-10,500,-10,-17.24067,18.18125,237.2734,-97.07651,99.47434,-97.64047,94.04057,1
6.110615,-2.911865,8.279868,-0.2617097,10,-10,0.44,500,-10,500,-10,-17.36646,18.28181,237.397,-96.95757,99.37839,-97.86179,94.2389,1
7.192077,-2.670997,5.646363,10,10,-10,0.44,500,-10,500,-10,-17.32113,18.38919,237.5037,-96.81665,99.2533,-98.09116,94.45245,1
-0.9314364,8.07968,6.081658,10,-10,-10,0.44,500,-10,500,-10,-17.20059,18.49015,237.4497,-97.00519,99.00633,-97.85786,94.65466,1
6.332689,14.34389,8.832678,0.2417068,-10,-10,0.44,500,-10,500,-10,-17.11873,18.60051,237.3571,-97.12014,99.13754,-97.66615,94.44669,1
6.952613,14.19287,4.005551,-10,-5.568718,-10,0.44,500,-10,500,-10,-17.2036,18.71121,237.2928,-97.21461,99.34811,-97.51843,94.18288,1
11.56933,0.6375544,6.700252,-10,10,-10,0.44,500,-10,500,-10,-17.31117,18.80898,237.3697,-97.07006,99.56854,-97.72668,94.02614,1
6.680927,-2.045411,9.487931,8.73038,10,-10,0.44,500,-10,500,-10,-17.27601,18.9126,237.4654,-96.78127,99.29501,-98.09478,94.37897,1
2.74551,-0.8477158,4.060432,10,0.2150354,-10,0.44,500,-10,500,-10,-17.17331,19.01368,237.5193,-96.87888,99.18718,-98.04179,94.53144,1
2.61096,13.33123,7.154222,10,-10,-10,0.44,500,-10,500,-10,-17.08959,19.12542,237.4318,-96.94469,99.03942,-97.90352,94.60674,1
4.893945,14.43538,8.412241,-10,-10,-10,0.44,500,-10,500,-10,-17.1636,19.24191,237.3486,-97.24625,99.35814,-97.533,94.21906,1
11.66239,10.5026,4.301601,-10,-0.1950321,-10,0.44,500,-10,500,-10,-17.27945,19.34899,237.3038,-97.11597,99.46442,-97.62615,94.07564,1
7.518895,-2.457633,7.834771,-5.941759,10,-10,0.44,500,-10,500,-10,-17.30236,19.45021,237.4173,-96.97298,99.56593,-97.86322,94.06821,1
7.570803,-2.919253,6.846339,10,10,-10,0.44,500,-10,500,-10,-17.15956,19.54985,237.5406,-96.73728,99.34491,-98.20108,94.3914,1
-0.8921223,4.751161,5.467005,10,-9.962696,-10,0.44,500,-10,500,-10,-17.09253,19.65942,237.4941,-96.9309,99.10513,-97.9689,94.59262,1
6.013408,14.70606,8.272846,0.1683617,-10,-10,0.44,500,-10,500,-10,-17.12925,19.77645,237.3762,-97.04329,99.23392,-97.75883,94.36615,1
5.088908,14.61654,5.283237,-10,-10,-10,0.44,500,-10,500,-10,-17.35667,19.88528,237.2207,-97.15297,99.36736,-97.52034,94.10389,1
12.8897,3.506351,6.291442,-10,10,-10,0.44,500,-10,500,-10,-17.3786,19.99433,237.3074,-96.96075,99.63386,-97.78436,93.9092,1
5.394331,-2.882057,8.50044,-0.1483583,10,-10,0.44,500,-10,500,-10,-17.20879,20.10152,237.5464,-96.87456,99.56346,-98.06857,94.17761,1
5.10077,-2.3493,4.201705,10,5.313756,-10,0.44,500,-10,500,-10,-16.80784,20.19081,237.8611,-96.8557,99.45221,-98.34825,94.54968,1
0.6638706,11.33914,6.855837,10,-10,-10,0.44,500,-10,500,-10,-16.81209,20.31552,237.7557,-96.97548,99.24553,-98.14108,94.66897,1
5.671059,14.11649,8.865283,-8.913062,-10,-10,0.44,500,-10,500,-10,-22.57254,20.44137,232.0322,-95.28358,97.57217,-95.09056,91.59992,1
9.458259,12.65611,3.738491,-10,-0.1216869,-10,0.44,500,-10,500,-10,-29.78473,20.51461,224.9172,-92.58945,95.14464,-91.8893,88.13205,1
9.42069,-1.576706,7.375418,-10,10,-10,0.44,500,-10,500,-10,-30.57719,20.62473,224.2216,-92.13472,95.11282,-91.76767,87.58751,1
7.435403,-2.440535,8.548724,10,10,-10,0.44,500,-10,500,-10,-30.55465,20.76558,224.1939,-91.77116,94.77002,-92.10828,87.90738,1
0.4727676,1.442453,4.575507,10,0.1016831,-10,0.44,500,-10,500,-10,-30.40526,20.876,224.2495,-91.90001,94.67023,-92.02543,88.05315,1
4.860012,14.51124,7.620429,5.847207,-10,-10,0.44,500,-10,500,-10,-30.06038,20.92044,224.5461,-92.25528,94.66306,-91.91597,88.30612,1
4.553151,14.7595,7.134604,-10,-10,-10,0.44,500,-10,500,-10,-29.92932,21.00191,224.7783,-92.63208,95.00325,-91.73152,88.1583,1
12.7882,6.815582,4.803989,-10,9.974113,-10,0.44,500,-10,500,-10,-30.07784,21.10644,224.7166,-92.38235,95.2187,-91.93015,87.89174,1
6.110237,-2.872133,8.373678,-0.07501221,10,-10,0.44,500,-10,500,-10,-30.20719,21.2298,224.6125,-92.16183,95.02973,-92.06439,87.99443,1
7.250188,-2.576055,5.729474,10,10,-10,0.44,500,-10,500,-10,-30.15969,21.3579,224.5332,-91.92339,94.85416,-92.23718,88.10435,1
-0.9279286,8.192408,6.065556,10,-10,-10,0.44,500,-10,500,-10,-30.01025,21.44199,224.6236,-92.19315,94.64236,-92.04231,88.39104,1
6.404891,14.41483,8.947559,0.05500889,-10,-10,0.44,500,-10,500,-10,-29.89494,21.52899,224.7519,-92.40923,94.85803,-91.9325,88.28165,1
7.372709,14.48465,4.419432,-10,-5.393406,-10,0.44,500,-10,500,-10,-29.95503,21.62466,224.8435,-92.56285,95.12949,-91.85485,88.08616,1
11.67133,0.6721303,6.861998,-10,10,-10,0.44,500,-10,500,-10,-30.07428,21.735,224.7824,-92.36285,95.29239,-92.00423,87.87263,1
6.151313,-2.567527,8.755293,8.775467,10,-10,0.44,500,-10,500,-10,-30.05345,21.85556,224.7073,-92.00208,94.94937,-92.30275,88.1534,1
2.736959,-0.7523133,4.158963,10,0.02833796,-10,0.44,500,-10,500,-10,-29.95917,21.96526,224.6767,-92.06741,94.80632,-92.21207,88.2711,1
2.79703,13.49678,7.346081,10,-10,-10,0.44,500,-10,500,-10,-29.8584,22.05609,224.7844,-92.21255,94.73901,-92.15617,88.42766,1
4.813581,14.39418,8.316866,-10,-10,-10,0.44,500,-10,500,-10,-29.91735,22.15461,224.8857,-92.591,95.13197,-91.8616,88.11856,1
11.60255,10.40444,4.209745,-10,-0.008334637,-10,0.44,500,-10,500,-10,-30.02653,22.25195,224.9462,-92.50259,95.2829,-92.00015,88.01779,1
7.26281,-2.682438,7.512588,-6.073837,10,-10,0.44,500,-10,500,-10,-30.08394,22.36979,224.8653,-92.28415,95.30719,-92.1516,87.9265,1
7.648901,-2.861691,6.920756,10,10,-10,0.44,500,-10,500,-10,-29.9814,22.48919,224.7834,-91.96202,95.00266,-92.40588,88.16319,1
-1.233254,4.440653,5.03301,10,-9.663727,-10,0.44,500,-10,500,-10,-29.91787,22.5861,224.8518,-92.20099,94.8131,-92.22353,88.40936,1
5.694225,14.42793,7.885368,-0.01833725,-10,-10,0.44,500,-10,500,-10,-29.94298,22.67939,224.9815,-92.42361,95.0419,-92.10842,88.28809,1
5.192948,14.70364,5.412591,-10,-10,-10,0.44,500,-10,500,-10,-30.14034,22.76381,225.1303,-92.66013,95.29083,-91.99519,88.16243,1
13.20468,3.8051,6.518175,-10,10,-10,0.44,500,-10,500,-10,-30.22224,22.87846,225.1076,-92.42174,95.51971,-92.21479,87.91476,1
5.772004,-2.551335,8.960055,0.03833961,10,-10,0.44,500,-10,500,-10,-30.20016,23.00852,225.0173,-92.20261,95.31975,-92.35905,88.03986,1
5.034744,-2.456966,4.181963,10,5.818569,-10,0.44,500,-10,500,-10,-30.02627,23.12935,224.9314,-92.02577,95.06656,-92.46471,88.22186,1
0.7275035,11.36626,6.898583,10,-10,-10,0.44,500,-10,500,-10,-30.13872,23.21462,225.1617,-92.29938,94.99651,-92.3819,88.48273,1
5.736309,14.15827,8.926991,-8.342796,-10,-10,0.44,500,-10,500,-10,-30.54903,23.2709,225.5597,-92.79561,95.50103,-92.2155,88.30802,1
9.23585,12.67641,3.565656,-10,0.06501102,-10,0.44,500,-10,500,-10,-31.04282,23.30842,225.9704,-92.93329,95.87088,-92.41811,88.27846,1
9.691639,-1.377005,7.555409,-10,10,-10,0.44,500,-10,500,-10,-31.46825,23.43156,226.3029,-93.02191,96.20135,-92.60496,88.22345,1
7.11936,-2.733427,8.219462,10,10,-10,0.44,500,-10,500,-10,-32.67401,23.49834,227.5651,-93.22083,96.51701,-93.45193,88.95369,1
0.6201601,1.469651,4.58954,10,-0.08501434,-10,0.44,500,-10,500,-10,-33.44276,23.44049,228.4343,-93.68967,96.85548,-93.70329,89.33543,1
4.70174,14.39641,7.503303,6.59229,-10,-10,0.44,500,-10,500,-10,-32.52628,23.36505,227.5943,-93.52089,96.34038,-93.17604,89.1545,1
4.367849,14.57388,6.984663,-10,-10,-10,0.44,500,-10,500,-10,-32.41582,23.22968,227.4125,-93.77878,96.48422,-92.76755,88.86005,1
13.10575,7.400422,5.280974,-10,9.012999,-10,0.44,500,-10,500,-10,-32.72945,23.1602,227.6426,-93.62245,96.86671,-93.1145,88.66818,1
6.158811,-2.900545,8.225527,0.1116848,10,-10,0.44,500,-10,500,-10,-33.03514,23.07814,227.9228,-93.5361,96.87564,-93.43301,88.89143,1
7.060562,-2.77294,5.533826,10,10,-10,0.44,500,-10,500,-10,-33.10139,22.97158,228.1133,-93.45833,96.78215,-93.66866,89.14277,1
-1.027685,7.848878,5.985072,10,-10,-10,0.44,500,-10,500,-10,-32.92548,22.87558,228.0177,-93.64101,96.50032,-93.40675,89.34538,1
6.027637,14.09638,8.460902,-0.1316881,-10,-10,0.44,500,-10,500,-10,-32.77433,22.76514,227.8838,-93.75758,96.60062,-93.17927,89.13417,1
6.923015,14.3508,4.215037,-10,-6.566589,-10,0.44,500,-10,500,-10,-32.81725,22.65018,227.8009,-93.86345,96.76688,-93.00471,88.89923,1
11.72967,0.7292846,6.665572,-10,10,-10,0.44,500,-10,500,-10,-32.97418,22.55838,227.8992,-93.73326,96.99622,-93.21629,88.75127,1
6.006936,-2.663489,8.735417,7.638845,10,-10,0.44,500,-10,500,-10,-33.00688,22.4575,228.0143,-93.49002,96.73813,-93.55495,89.1048,1
2.562722,-1.492365,3.604184,10,-0.1583595,-10,0.44,500,-10,500,-10,-32.93242,22.35581,228.0689,-93.59011,96.59448,-93.50012,89.2937,1
2.492103,13.31548,7.238582,10,-10,-10,0.44,500,-10,500,-10,-32.80023,22.24753,227.9734,-93.66183,96.42862,-93.34924,89.3804,1
5.033833,14.55982,8.657673,-10,-10,-10,0.44,500,-10,500,-10,-32.83285,22.13048,227.8928,-93.97934,96.7289,-92.96496,89.01335,1
11.72646,10.92093,4.411337,-10,0.1783638,-10,0.44,500,-10,500,-10,-32.92631,22.02274,227.8574,-93.8633,96.82618,-93.05166,88.88672,1
7.343676,-2.73597,7.278771,-7.440253,10,-10,0.44,500,-10,500,-10,-33.01451,21.92626,227.9603,-93.76385,96.93369,-93.23633,88.86443,1
7.662978,-2.766553,7.094267,10,10,-10,0.44,500,-10,500,-10,-32.94214,21.82433,228.0582,-93.51099,96.6658,-93.57034,89.21347,1
-1.056194,4.096381,4.955655,10,-8.068527,-10,0.44,500,-10,500,-10,-32.84895,21.71982,228.0335,-93.70663,96.43917,-93.35426,89.41967,1
5.752908,14.57942,8.055279,-0.2050343,-10,-10,0.44,500,-10,500,-10,-32.82515,21.60554,227.9472,-93.8734,96.54561,-93.116,89.24173,1
5.093478,14.6794,5.674863,-10,-10,-10,0.44,500,-10,500,-10,-32.96318,21.49375,227.8535,-94.01735,96.6731,-92.89439,89.03659,1
13.07126,4.211378,6.03587,-10,10,-10,0.44,500,-10,500,-10,-33.03064,21.3908,227.9139,-93.82857,96.91953,-93.13318,88.84016,1
5.856682,-2.520572,8.914604,0.2250376,10,-10,0.44,500,-10,500,-10,-33.01139,21.28568,228.0301,-93.7093,96.78477,-93.34871,89.07118,1
5.663833,-2.451955,4.667095,10,7.657595,-10,0.44,500,-10,500,-10,-32.83109,21.18666,228.1504,-93.61623,96.62437,-93.54149,89.3313,1
0.272259,10.79376,6.502723,10,-10,-10,0.44,500,-10,500,-10,-32.78165,21.07496,228.084,-93.79295,96.38701,-93.30975,89.51363,1
5.81989,14.19724,8.938731,-6.674213,-10,-10,0.44,500,-10,500,-10,-32.90881,20.95817,227.9485,-94.03643,96.61328,-92.95396,89.17506,1
9.026002,13.20602,3.930566,-10,0.251708,-10,0.44,500,-10,500,-10,-33.08289,20.85123,227.861,-93.95911,96.75107,-92.9588,88.96479,1
10.13179,-1.135986,7.382308,-10,10,-10,0.44,500,-10,500,-10,-32.96469,20.74434,228.098,-93.94872,96.94444,-93.16557,88.96779,1
7.153819,-2.603796,8.56148,10,10,-10,0.44,500,-10,500,-10,-32.55437,20.65519,228.473,-93.74696,96.72955,-93.67803,89.49339,1
0.8124803,0.8118012,4.399185,10,-0.2717123,-10,0.44,500,-10,500,-10,-32.00029,20.58778,228.9387,-94.02914,96.7705,-93.78177,89.83836,1
4.58452,14.45933,7.618453,8.602464,-10,-10,0.44,500,-10,500,-10,-31.51595,20.45288,229.332,-94.254,96.75641,-93.88281,90.17834,1
4.395558,14.40574,7.217472,-10,-10,-10,0.44,500,-10,500,-10,5.789531,20.36387,266.6954,-107.9561,110.4454,-111.1395,107.4482,1
13.01009,8.102284,5.081655,-10,6.78407,-10,0.44,500,-10,500,-10,4.325362,20.27614,265.3284,-107.3751,110.1334,-110.5879,106.6276,1
6.226909,-2.900836,7.821146,0.2983837,10,-10,0.44,500,-10,500,-10,4.016485,20.14259,265.0653,-107.138,109.833,-110.607,106.71,1
6.961854,-3.040268,5.587549,10,10,-10,0.44,500,-10,500,-10,4.073159,20.00228,265.0194,-106.9591,109.6334,-110.7479,106.8716,1
-1.137015,7.123262,5.757733,10,-10,-10,0.44,500,-10,500,-10,4.366141,19.92516,265.2403,-107.227,109.5113,-110.663,107.1767,1
6.621669,14.70977,9.078198,-0.3183861,-10,-10,0.44,500,-10,500,-10,4.632051,19.85479,265.4891,-107.4304,109.831,-110.6658,107.0631,1
6.832025,14.92592,4.911592,-10,-9.228887,-10,0.44,500,-10,500,-10,4.68547,19.76113,265.6732,-107.6575,110.0754,-110.5912,106.9713,1
12.03721,1.329487,6.512666,-10,10,-10,0.44,500,-10,500,-10,4.530009,19.6575,265.599,-107.4245,110.2601,-110.7628,106.7251,1
6.210466,-2.455221,9.176986,5.319332,10,-10,0.44,500,-10,500,-10,4.457896,19.53869,265.492,-107.1324,109.9458,-110.9662,106.9507,1
3.636496,-1.526024,4.137261,10,-0.3450575,-10,0.44,500,-10,500,-10,4.536342,19.42897,265.4611,-107.1642,109.716,-110.9088,107.1549,1
1.719079,12.66151,6.851022,10,-10,-10,0.44,500,-10,500,-10,4.706594,19.34305,265.5927,-107.3133,109.6522,-110.8688,107.3278,1
4.78854,14.10485,8.362898,-10,-10,-10,0.44,500,-10,500,-10,4.704898,19.24239,265.7034,-107.7048,110.0289,-110.5689,107.0428,1
10.97907,11.42094,4.064086,-10,0.3650608,-10,0.44,500,-10,500,-10,4.626916,19.14195,265.758,-107.6202,110.1629,-110.6987,106.954,1
7.957744,-2.490989,7.400932,-10,10,-10,0.44,500,-10,500,-10,4.502978,19.03108,265.6677,-107.4874,110.2307,-110.7569,106.8115,1
7.503957,-2.627392,7.52176,10,10,-10,0.44,500,-10,500,-10,4.543322,18.9124,265.5906,-107.1192,109.8451,-111.061,107.1331,1
-0.5666949,3.321716,4.92595,10,-5.051515,-10,0.44,500,-10,500,-10,4.641588,18.81114,265.6057,-107.2946,109.6666,-110.8981,107.3241,1
5.627656,14.59803,7.953601,0.8399384,-10,-10,0.44,500,-10,500,-10,4.689672,18.71591,265.7097,-107.5514,109.798,-110.7276,107.279,1
4.809109,14.71027,6.136299,-10,-10,-10,0.44,500,-10,500,-10,4.578601,18.62085,265.8151,-107.7906,110.0231,-110.5757,107.1411,1
13.34439,5.195004,5.935697,-10,10,-10,0.44,500,-10,500,-10,4.489931,18.51127,265.7784,-107.5612,110.2279,-110.7748,106.9059,1
6.028467,-2.508624,8.949626,0.4117355,10,-10,0.44,500,-10,500,-10,4.469946,18.39044,265.7005,-107.3595,110.0085,-110.9118,107.0608,1
6.026047,-2.943,4.683104,10,10,-10,0.44,500,-10,500,-10,4.611355,18.27214,265.6135,-107.1588,109.7904,-111.0404,107.2068,1
-0.2340335,9.77243,6.364072,10,-10,-10,0.44,500,-10,500,-10,4.666793,18.17367,265.6881,-107.4168,109.5835,-110.8443,107.4756,1
5.985996,14.26525,8.765572,-3.587533,-10,-10,0.44,500,-10,500,-10,4.593887,18.07872,265.8245,-107.7134,109.8661,-110.6606,107.3059,1
8.073827,13.76634,3.879112,-10,-0.879473,-10,0.44,500,-10,500,-10,4.425127,17.98493,265.9232,-107.7751,110.1193,-110.6808,107.1345,1
10.59048,-0.6258403,6.808974,-10,10,-10,0.44,500,-10,500,-10,4.401176,17.86189,265.8261,-107.6207,110.1918,-110.7547,106.9816,1
6.60794,-2.68981,8.469,10,10,-10,0.44,500,-10,500,-10,4.564238,17.73799,265.6965,-107.2243,109.7772,-111.0437,107.2888,1
1.374441,-0.1065366,3.902892,10,-0.4584103,-10,0.44,500,-10,500,-10,4.732149,17.61894,265.6165,-107.3059,109.6057,-110.8958,107.3939,1
3.421356,13.75673,7.109871,10,-10,-10,0.44,500,-10,500,-10,4.504634,17.51367,265.9576,-107.5731,109.6425,-110.9113,107.6398,1
4.758417,14.4951,8.040512,-10,-10,-10,0.44,500,-10,500,-10,3.868808,17.45256,266.5545,-108.1955,110.2559,-110.7835,107.521,1
12.66787,9.618332,4.971317,-10,2.809195,-10,0.44,500,-10,500,-10,3.123595,17.41438,267.2092,-108.2877,110.631,-111.2337,107.6884,1
7.064131,-2.518325,8.146126,-3.085967,10,-10,0.44,500,-10,500,-10,1.867994,17.34504,268.4054,-108.7144,111.0982,-111.7981,108.2123,1
7.530433,-2.911528,6.575676,10,10,-10,0.44,500,-10,500,-10,0.8398981,17.43896,269.52,-109.054,111.3507,-112.3821,108.8834,1
-1.117488,5.922899,5.677543,10,-10,-10,0.44,500,-10,500,-10,1.451474,17.49466,268.9986,-109.0235,110.878,-111.9807,108.9241,1
6.256435,14.75376,8.52229,-0.505084,-10,-10,0.44,500,-10,500,-10,1.904526,17.59547,268.5824,-108.9777,110.8825,-111.6816,108.5747,1
5.679453,14.79067,5.051498,-10,-10,-10,0.44,500,-10,500,-10,1.969115,17.72377,268.4076,-109.001,111.0272,-111.5134,108.2851,1
12.4115,2.563456,6.207914,-10,10,-10,0.44,500,-10,500,-10,1.714244,17.8009,268.5836,-108.9077,111.2923,-111.7526,108.166,1
5.77317,-2.588525,8.967052,1.337847,10,-10,0.44,500,-10,500,-10,1.498654,17.89308,268.7898,-108.8215,111.185,-112.0097,108.444,1
4.526729,-2.194816,4.037817,10,3.704622,-10,0.44,500,-10,500,-10,1.513602,17.99783,268.8941,-108.7783,111.0155,-112.1393,108.7,1
0.7590322,11.57878,6.542971,10,-10,-10,0.44,500,-10,500,-10,1.701165,18.09807,268.7746,-108.8637,110.8071,-111.9548,108.8093,1
5.517709,14.17949,8.864511,-9.751198,-10,-10,0.44,500,-10,500,-10,1.725029,18.21172,268.6631,-109.1421,111.1033,-111.5841,108.4208,1
9.905233,12.49427,3.818871,-10,0.5517588,-10,0.44,500,-10,500,-10,1.65136,18.31847,268.6219,-108.9984,111.2269,-111.6936,108.2631,1
8.987788,-1.856208,7.178928,-10,10,-10,0.44,500,-10,500,-10,1.493519,18.41431,268.7402,-108.9491,111.3894,-111.841,108.1986,1
7.496537,-2.525608,8.393251,10,10,-10,0.44,500,-10,500,-10,1.507245,18.52251,268.8389,-108.6395,111.0958,-112.2323,108.5739,1
0.1369441,1.642296,4.570961,10,-0.5717621,-10,0.44,500,-10,500,-10,1.590563,18.61688,268.8839,-108.7642,110.9963,-112.1448,108.7106,1
4.94678,14.53542,7.581031,5.906607,-10,-10,0.44,500,-10,500,-10,1.689758,18.71321,268.7875,-108.8861,110.9201,-111.9432,108.7071,1
4.583939,14.85755,7.103207,-10,-10,-10,0.44,500,-10,500,-10,1.628131,18.82364,268.6994,-109.1143,111.1645,-111.6419,108.3896,1
12.99052,6.893919,5.063447,-10,9.313076,-10,0.44,500,-10,500,-10,1.530455,18.9244,268.7482,-108.9138,111.4138,-111.8828,108.1807,1
6.122201,-2.886917,8.292761,0.5984325,10,-10,0.44,500,-10,500,-10,1.492737,19.0305,268.8415,-108.7574,111.2885,-112.1166,108.3834,1
6.739812,-3.021949,5.129727,10,10,-10,0.44,500,-10,500,-10,1.613088,19.13517,268.9381,-108.6216,111.1681,-112.3324,108.5838,1
-0.9236003,8.155967,6.217567,10,-10,-10,0.44,500,-10,500,-10,1.69609,19.24112,268.8893,-108.8127,110.9244,-112.1009,108.7871,1
6.519459,14.57215,9.130349,-0.6184368,-10,-10,0.44,500,-10,500,-10,1.705686,19.35413,268.7971,-108.9449,111.0734,-111.8922,108.5617,1
6.988901,14.53455,4.326282,-10,-7.27189,-10,0.44,500,-10,500,-10,1.5618,19.46292,268.7099,-109.0365,111.2424,-111.7283,108.3204,1
11.82777,0.9447944,6.746557,-10,10,-10,0.44,500,-10,500,-10,1.510474,19.56656,268.7887,-108.8687,111.4788,-111.9615,108.1493,1
6.317565,-2.409663,9.194311,6.821711,10,-10,0.44,500,-10,500,-10,1.617128,19.67116,268.9175,-108.6207,111.2462,-112.3162,108.4887,1
2.915013,-1.398611,3.855164,10,-0.6451073,-10,0.44,500,-10,500,-10,1.776696,19.77132,268.9995,-108.7026,111.1032,-112.3022,108.6997,1
2.110969,13.11268,7.015144,10,-10,-10,0.44,500,-10,500,-10,1.768703,19.88952,268.8667,-108.7432,110.9505,-112.1516,108.7422,1
4.91688,14.41453,8.568188,-10,-10,-10,0.44,500,-10,500,-10,1.564414,20.00418,268.6949,-109.0142,111.2384,-111.7382,108.312,1
11.56448,11.20232,4.48506,-10,0.6651106,-10,0.44,500,-10,500,-10,1.343011,20.10777,268.5614,-108.8212,111.3434,-111.8207,108.0964,1
7.456295,-8.794356,2.143399,-9.465797,10,-10,0.44,500,-10,500,-10,1.524291,20.22501,268.8511,-108.8282,111.5353,-112.0537,108.1446,1
7.515896,-8.729631,2.285455,10,10,-10,0.44,500,-10,500,-10,2.248985,20.31537,269.5286,-108.7285,111.4489,-112.7148,108.7923,1
-1.028258,-2.636474,-0.4669381,10,-5.775995,-10,0.44,500,-10,500,-10,3.389393,20.39202,270.5729,-109.3474,111.7239,-112.9611,109.3827,1
5.406312,8.290043,2.541311,0.1961613,-10,-10,0.44,500,-10,500,-10,37.9808,20.4441,305.1136,-121.9018,124.1908,-129.0268,125.5358,1
4.541727,8.437157,0.6024868,-10,-10,-10,0.44,500,-10,500,-10,33.53553,20.50066,300.7638,-120.4191,122.7164,-126.9053,123.4059,1
13.45286,-0.9347105,1.038311,-10,10,-10,0.44,500,-10,500,-10,32.85018,20.53725,300.1737,-119.9404,122.7451,-126.8951,122.8883,1
5.645601,-8.835922,3.48704,0.7117853,10,-10,0.44,500,-10,500,-10,32.32494,20.65899,299.6916,-119.4824,122.4605,-126.9536,122.7734,1
5.993761,-8.907993,-0.3162559,10,10,-10,0.44,500,-10,500,-10,32.35973,20.79888,299.6236,-119.2626,122.2664,-127.117,122.9112,1
-0.2077186,3.747561,1.352823,10,-10,-10,0.44,500,-10,500,-10,32.684,20.85741,299.8688,-119.5999,122.058,-126.9829,123.3228,1
6.563237,8.779863,4.495197,-3.439117,-10,-10,0.44,500,-10,500,-10,32.94472,20.93295,300.1393,-119.9593,122.3203,-126.8477,123.2846,1
8.241909,7.887455,-1.08138,-10,-1.304576,-10,0.44,500,-10,500,-10,32.95069,21.03013,300.2602,-120.0145,122.5856,-126.8926,123.1195,1
10.60162,-6.605531,1.673203,-10,10,-10,0.44,500,-10,500,-10,32.74071,21.13843,300.1235,-119.8345,122.6761,-126.9594,122.9156,1
6.594557,-8.623504,3.575068,10,10,-10,0.44,500,-10,500,-10,32.71889,21.26092,300.0204,-119.4347,122.3121,-127.2738,123.1943,1
1.596386,-6.222275,-0.9290889,10,-0.7584591,-10,0.44,500,-10,500,-10,32.79839,21.37036,299.9928,-119.5234,122.1916,-127.1622,123.2919,1
3.694675,8.004238,2.594485,10,-10,-10,0.44,500,-10,500,-10,32.9759,21.4551,300.1292,-119.6849,122.1229,-127.1136,123.4736,1
4.595626,8.386408,2.941397,-10,-10,-10,0.44,500,-10,500,-10,32.97782,21.5553,300.2429,-120.065,122.5177,-126.8278,123.173,1
12.58544,3.855516,-0.05384457,-10,1.705487,-10,0.44,500,-10,500,-10,32.89731,21.65599,300.2856,-119.9481,122.6792,-126.9801,123.047,1
6.945046,-8.803432,2.675577,-4.486458,10,-10,0.44,500,-10,500,-10,32.7971,21.7673,300.1948,-119.7207,122.655,-127.1323,122.9959,1
7.535647,-9.05577,1.523765,10,10,-10,0.44,500,-10,500,-10,32.85909,21.88353,300.1133,-119.4283,122.3797,-127.3572,123.2037,1
-1.003491,-0.4899156,0.8358426,10,-10,-10,0.44,500,-10,500,-10,32.96218,21.97971,300.1771,-119.667,122.1822,-127.1713,123.4541,1
6.147263,8.738823,3.366972,-0.8051348,-10,-10,0.44,500,-10,500,-10,33.00716,22.07976,300.2764,-119.8821,122.412,-127.0384,123.3064,1
5.486674,8.844364,0.3252848,-10,-10,-10,0.44,500,-10,500,-10,32.8955,22.17905,300.377,-120.0793,122.6239,-126.9246,123.178,1
12.72273,-2.852445,1.112228,-10,10,-10,0.44,500,-10,500,-10,32.80677,22.28711,300.3339,-119.8333,122.8442,-127.1349,122.922,1
5.999955,-8.365643,4.255763,0.8251381,10,-10,0.44,500,-10,500,-10,32.787,22.40478,300.2519,-119.6075,122.6357,-127.2927,123.0625,1
5.064694,-8.424271,-0.6392481,10,6.400217,-10,0.44,500,-10,500,-10,32.91656,22.51795,300.1818,-119.4472,122.411,-127.395,123.2291,1
0.6826508,5.419351,1.754571,10,-10,-10,0.44,500,-10,500,-10,32.96911,22.61569,300.2699,-119.6582,122.2671,-127.257,123.4461,1
6.011624,8.466213,4.331695,-7.398356,-10,-10,0.44,500,-10,500,-10,32.86556,22.71265,300.3985,-120.0063,122.6295,-127.0154,123.1902,1
9.490376,7.232749,-0.884138,-10,0.8518085,-10,0.44,500,-10,500,-10,32.71155,22.80839,300.4811,-119.9643,122.8459,-127.1259,123.0422,1
9.758963,-7.467784,2.142993,-10,10,-10,0.44,500,-10,500,-10,32.68846,22.93214,300.3785,-119.811,122.9169,-127.1942,122.8862,1
7.680665,-8.211342,4.110733,10,10,-10,0.44,500,-10,500,-10,32.84484,23.05521,300.2555,-119.4017,122.5257,-127.5016,123.1755,1
0.3454267,-5.362175,-1.040222,10,-0.8718119,-10,0.44,500,-10,500,-10,33.00446,23.16486,300.1858,-119.4781,122.3734,-127.3674,123.27,1
4.538728,8.417334,2.562537,9.35198,-10,-10,0.44,500,-10,500,-10,32.83916,23.26322,300.4669,-119.7105,122.4148,-127.368,123.4616,1
4.900255,8.862826,2.893248,-10,-10,-10,0.44,500,-10,500,-10,32.35473,23.3357,300.9108,-120.2459,122.9608,-127.2003,123.2833,1
13.07906,2.23857,0.08706671,-10,5.824694,-10,0.44,500,-10,500,-10,31.94184,23.42239,301.2314,-120.2176,123.3016,-127.4943,123.2082,1
6.346675,-8.772871,2.902552,-0.1904473,10,-10,0.44,500,-10,500,-10,31.14453,23.55311,301.98,-120.4134,123.6107,-127.9187,123.5193,1
7.401588,-8.796879,1.227487,10,10,-10,0.44,500,-10,500,-10,33.73486,23.55772,299.4854,-118.9469,122.2414,-127.3182,122.8216,1
-1.113871,0.9193273,0.8431967,10,-10,-10,0.44,500,-10,500,-10,32.44888,23.55082,300.8723,-119.8792,122.6782,-127.5351,123.534,1
6.305995,8.50166,3.561851,-0.9184856,-10,-10,0.44,500,-10,500,-10,33.85276,23.61537,299.5139,-119.3492,122.2211,-126.9395,122.8655,1
6.168766,8.782843,-0.3546652,-10,-10,-10,0.44,500,-10,500,-10,33.80844,23.71667,299.46,-119.4283,122.4115,-126.8157,122.6305,1
12.21287,-4.069125,1.265561,-10,10,-10,0.44,500,-10,500,-10,33.12388,23.76609,300.0545,-119.5631,122.847,-127.1736,122.6877,1
5.868926,-8.600346,3.964499,3.01878,10,-10,0.44,500,-10,500,-10,32.66621,23.86538,300.5003,-119.5724,122.8158,-127.5337,123.0883,1
4.147999,-7.989236,-0.9021202,10,2.007999,-10,0.44,500,-10,500,-10,32.67814,23.97812,300.5912,-119.5722,122.6522,-127.6092,123.3271,1
1.477619,6.453081,2.181962,10,-10,-10,0.44,500,-10,500,-10,33.00878,24.05742,300.3371,-119.5775,122.3988,-127.3933,123.3699,1
5.0562,7.909982,3.450932,-10,-10,-10,0.44,500,-10,500,-10,33.1168,24.16343,300.1498,-119.8264,122.6633,-126.9892,122.9502,1
10.32641,6.127117,-1.136549,-10,0.9651613,-10,0.44,500,-10,500,-10,33.06755,24.26808,300.0905,-119.6701,122.7762,-127.0965,122.7883,1
8.846323,-7.838759,2.300838,-10,10,-10,0.44,500,-10,500,-10,32.85299,24.36535,300.2437,-119.6402,122.9572,-127.2532,122.7341,1
7.658766,-8.458084,3.430795,10,10,-10,0.44,500,-10,500,-10,32.83181,24.4792,300.3565,-119.3394,122.6732,-127.6476,123.1117,1
0.08852112,-4.121792,-0.341378,10,-0.9851646,-10,0.44,500,-10,500,-10,32.90626,24.58566,300.3957,-119.4673,122.5694,-127.5522,123.248,1
5.156554,8.672189,2.714383,5.781128,-10,-10,0.44,500,-10,500,-10,33.04523,24.68157,300.2766,-119.5763,122.4895,-127.3445,123.2292,1
4.502545,8.823189,1.940719,-10,-10,-10,0.44,500,-10,500,-10,33.01522,24.78725,300.1741,-119.7964,122.7252,-127.0395,122.9086,1
7.305509,1.029079,0.4738531,-10,9.065908,-10,0.44,500,-10,500,-10,32.90287,24.88902,300.2205,-119.5998,122.9729,-127.2745,122.6993,0
0.01189855,-8.96109,3.153383,1.011835,10,-10,0.44,500,-10,500,-10,32.83851,24.99966,300.3101,-119.4344,122.8449,-127.514,122.9015,0
1.128128,-8.698179,0.6612249,10,10,-10,0.44,500,-10,500,-10,32.92984,25.11134,300.3966,-119.3039,122.7308,-127.7163,123.0873,0
-7.057675,1.83579,0.9190425,10,-10,-10,0.44,500,-10,500,-10,33.02753,25.21176,300.3386,-119.4921,122.4834,-127.48,123.2866,0
0.4166412,8.461603,3.928622,-1.031838,-10,-10,0.44,500,-10,500,-10,33.0629,25.31788,300.2454,-119.6314,122.6384,-127.2634,123.0544,0
0.8409854,8.550621,-0.7266344,-10,-8.628528,-10,0.44,500,-10,500,-10,32.94415,25.42244,300.1558,-119.7305,122.7838,-127.0901,122.8348,0
6.055676,-4.865812,1.791532,-10,10,-10,0.44,500,-10,500,-10,32.86376,25.52837,300.2128,-119.5412,123.0295,-127.3267,122.6363,0
0.2770361,-8.413799,4.250244,5.693568,10,-10,0.44,500,-10,500,-10,32.9099,25.63997,300.3076,-119.3025,122.8073,-127.6439,122.937,0
-2.620818,-7.547511,-0.8346471,10,-1.05851,-10,0.44,500,-10,500,-10,33.03063,25.74552,300.3527,-119.3578,122.6291,-127.626,123.1526,0
-3.981831,7.040908,2.105284,10,-10,-10,0.44,500,-10,500,-10,33.06103,25.8506,300.2356,-119.4005,122.4859,-127.4863,123.1988,0
-0.9139364,8.37492,3.7848,-10,-10,-10,0.44,500,-10,500,-10,32.91869,25.95554,300.1075,-119.6881,122.7891,-127.0924,122.7895,0
5.208951,5.666802,-0.7368211,-10,1.078512,-10,0.44,500,-10,500,-10,32.75926,26.05483,300.0254,-119.5207,122.9066,-127.1919,122.6039,0
2.343956,-8.199247,2.65224,-10,10,-10,0.44,500,-10,500,-10,32.76406,26.17475,300.154,-119.4749,123.0584,-127.3443,122.5587,0
1.316977,-8.821367,2.49411,10,10,-10,0.44,500,-10,500,-10,32.96669,26.29142,300.321,-119.1835,122.7843,-127.774,122.9712,0
-6.295764,-3.068639,0.03769851,10,-3.491893,-10,0.44,500,-10,500,-10,33.10542,26.39643,300.365,-119.3381,122.6505,-127.6559,123.1414,0
-0.4611858,8.642913,2.822206,2.824476,-10,-10,0.44,500,-10,500,-10,32.84103,26.50337,300.0235,-119.3759,122.6039,-127.3351,122.905,0
-1.193885,9.013969,1.703786,-10,-10,-10,0.44,500,-10,500,-10,32.05393,26.56749,299.31,-119.2556,122.6588,-126.8642,122.259,0
7.441047,-0.1011331,0.8114511,-10,10,-10,0.44,500,-10,500,-10,31.1799,26.66898,298.5313,-118.782,122.6505,-126.6926,121.622,0
-0.02629852,-8.758753,3.630974,1.125188,10,-10,0.44,500,-10,500,-10,27.51486,26.68396,294.9098,-117.3483,121.219,-125.1256,120.0528,0
0.4305187,-9.044712,-0.2091779,10,10,-10,0.44,500,-10,500,-10,29.08789,26.62402,296.3813,-117.8282,121.478,-125.8649,121.0131,0
-6.666293,2.972675,1.414447,10,-10,-10,0.44,500,-10,500,-10,30.11297,26.55617,297.3116,-118.2797,121.6812,-126.1843,121.5807,0
0.3693022,8.359575,3.999038,-1.145191,-10,-10,0.44,500,-10,500,-10,30.48619,26.42774,297.6442,-118.5955,121.9781,-126.1441,121.5594,0
1.405649,8.21553,-1.019172,-10,-5.558972,-10,0.44,500,-10,500,-10,30.4064,26.30113,297.6644,-118.7184,122.1823,-126.0379,121.3719,0
5.26956,-5.761353,1.464567,-10,10,-10,0.44,500,-10,500,-10,30.05822,26.24361,297.392,-118.4544,122.2602,-126.0762,121.0684,0
0.3390213,-8.456664,4.068496,7.869987,10,-10,0.44,500,-10,500,-10,29.87137,26.15987,297.1459,-118.065,121.8585,-126.2617,121.2661,0
-3.582476,-7.319171,-1.17146,10,-1.171862,-10,0.44,500,-10,500,-10,29.89217,26.06194,297.0548,-118.1228,121.6503,-126.1284,121.3988,0
-3.50395,7.378334,2.141284,10,-10,-10,0.44,500,-10,500,-10,30.1054,25.9525,297.1982,-118.2776,121.5902,-126.0924,121.5778,0
-1.414438,8.213493,3.187198,-10,-10,-10,0.44,500,-10,500,-10,30.11876,25.82926,297.2955,-118.6666,121.9611,-125.784,121.2875,0
5.656255,4.831174,-0.6048291,-10,1.191865,-10,0.44,500,-10,500,-10,30.03606,25.72021,297.3187,-118.563,122.0933,-125.9069,121.1744,0
1.471121,-8.634426,2.384304,-9.514767,10,-10,0.44,500,-10,500,-10,29.86624,25.63592,297.1848,-118.4159,122.1322,-125.943,121.0246,0
1.68986,-8.632086,2.436077,10,10,-10,0.44,500,-10,500,-10,29.87202,25.53704,297.0714,-118.0437,121.7454,-126.2212,121.3174,0
-6.755555,-2.228436,0.1275013,10,-5.689847,-10,0.44,500,-10,500,-10,29.97038,25.43492,297.0726,-118.2228,121.5562,-126.0432,121.5077,0
-0.2141537,8.554552,2.924517,0.3742094,-10,-10,0.44,500,-10,500,-10,30.04586,25.3207,297.1583,-118.4748,121.6943,-125.8621,121.4406,0
-1.001064,8.933662,1.247311,-10,-10,-10,0.44,500,-10,500,-10,29.96465,25.20434,297.2388,-118.6979,121.9003,-125.7057,121.3013,0
7.156847,-0.9681718,0.8411094,-10,10,-10,0.44,500,-10,500,-10,29.86389,25.10791,297.1736,-118.4585,122.0971,-125.8911,121.0505,0
-0.2184911,-8.697254,3.711447,1.238539,10,-10,0.44,500,-10,500,-10,29.82487,25.00738,297.0746,-118.2358,121.8596,-126.0318,121.206,0
0.3175253,-8.713308,0.08397079,10,10,-10,0.44,500,-10,500,-10,29.94051,24.90821,296.9732,-118.0454,121.6545,-126.1381,121.327,0
-6.376045,3.521418,1.300533,10,-10,-10,0.44,500,-10,500,-10,30.02744,24.79976,297.0183,-118.2924,121.4352,-125.9286,121.5838,0
0.04126307,8.111879,3.660466,-2.429074,-10,-10,0.44,500,-10,500,-10,30.0285,24.68227,297.1016,-118.547,121.6725,-125.7429,121.4154,0
2.107431,8.158122,-0.9264721,-10,-3.161426,-10,0.44,500,-10,500,-10,29.90474,24.57157,297.1564,-118.6368,121.8999,-125.6986,121.2334,0
5.046937,-6.173751,1.7877,-10,10,-10,0.44,500,-10,500,-10,29.86356,24.47484,297.0514,-118.4545,121.9998,-125.7938,121.0465,0
0.6375917,-8.337557,4.088976,9.511291,10,-10,0.44,500,-10,500,-10,29.99874,24.37889,296.918,-118.0739,121.5904,-126.0639,121.3454,0
-3.779353,-6.49773,-0.7381942,10,-1.285214,-10,0.44,500,-10,500,-10,30.15798,24.28466,296.8311,-118.1779,121.3797,-125.8879,121.484,0
-2.975298,7.545155,2.195728,10,-10,-10,0.44,500,-10,500,-10,30.1821,24.15849,296.9298,-118.298,121.3386,-125.8496,121.6069,0
-1.254654,8.523603,3.349817,-10,-10,-10,0.44,500,-10,500,-10,30.0235,24.03296,297.0504,-118.7028,121.7326,-125.5447,121.3129,0
5.800462,4.153238,-0.717551,-10,1.305218,-10,0.44,500,-10,500,-10,29.87292,23.92209,297.1092,-118.6165,121.8846,-125.6797,121.2095,0
1.07695,-8.800468,2.337688,-7.601383,10,-10,0.44,500,-10,500,-10,30.09392,23.82954,296.7822,-118.3838,121.7398,-125.6416,121.0835,0
1.741361,-8.783363,2.04566,10,10,-10,0.44,500,-10,500,-10,30.66702,23.77272,296.2593,-117.8982,121.1279,-125.6938,121.262,0
-6.830269,-1.449463,0.4701101,10,-7.35074,-10,0.44,500,-10,500,-10,31.14571,23.68677,295.8731,-117.9128,120.7391,-125.3593,121.3309,0
-0.2896847,8.413127,2.763477,-1.331888,-10,-10,0.44,500,-10,500,-10,32.583,23.58216,294.4757,-117.4355,120.189,-124.6787,120.7232,0
-1.050985,8.706368,0.6733346,-10,-10,-10,0.44,500,-10,500,-10,39.5848,23.65372,287.3722,-114.1437,117.0258,-122.0846,118.0004,0
7.362221,-1.324455,1.244189,-10,10,-10,0.44,500,-10,500,-10,38.98647,23.71139,287.8752,-114.2167,117.4374,-122.4283,118.0056,0
-0.1201945,-8.468904,3.972732,1.351892,10,-10,0.44,500,-10,500,-10,38.62675,23.84058,288.1954,-114.167,117.4067,-122.7434,118.3016,0
-0.2996558,-8.954166,-0.5312909,10,10,-10,0.44,500,-10,500,-10,38.66233,23.98011,288.2634,-114.0357,117.2959,-122.931,118.4687,0
-5.851689,4.313017,1.686762,10,-10,-10,0.44,500,-10,500,-10,38.96867,24.03856,288.0338,-114.1441,116.9626,-122.6324,118.6118,0
-0.09984463,8.109369,3.696625,-3.822251,-10,-10,0.44,500,-10,500,-10,39.20506,24.11359,287.7826,-114.2563,117.0859,-122.312,118.2803,0
2.22917,7.760521,-1.226074,-10,-1.242451,-10,0.44,500,-10,500,-10,39.20502,24.20951,287.6658,-114.2075,117.2483,-122.2641,118.0211,0
4.575456,-6.764921,1.655359,-10,10,-10,0.44,500,-10,500,-10,39.00848,24.31977,287.7895,-114.1351,117.4454,-122.4389,117.9266,0
0.8930308,-8.304831,4.060527,10,10,-10,0.44,500,-10,500,-10,38.99718,24.44308,287.8863,-113.8264,117.1548,-122.8279,118.2973,0
-4.415231,-6.29061,-0.8990939,10,-1.398567,-10,0.44,500,-10,500,-10,39.08084,24.55191,287.9084,-113.9511,117.0389,-122.7215,118.4316,0
-2.535409,7.827131,2.332587,10,-10,-10,0.44,500,-10,500,-10,39.25204,24.63639,287.7754,-113.9769,116.8835,-122.5854,118.4768,0
-1.187154,8.662945,3.368556,-10,-10,-10,0.44,500,-10,500,-10,39.24619,24.73562,287.663,-114.2638,117.185,-122.2054,118.0822,0
6.165776,3.834981,-0.3957754,-10,1.418571,-10,0.44,500,-10,500,-10,39.16714,24.83548,287.6121,-114.1113,117.3043,-122.3158,117.9207,0
1.240331,-8.532677,2.864239,-6.156174,10,-10,0.44,500,-10,500,-10,39.06256,24.94784,287.7005,-113.9835,117.3863,-122.5168,117.9119,0
1.888203,-8.771683,1.979951,10,10,-10,0.44,500,-10,500,-10,39.1222,25.06563,287.7791,-113.729,117.1492,-122.8364,118.2142,0
-7.069232,-1.035318,0.5513788,10,-8.524074,-10,0.44,500,-10,500,-10,39.22226,25.16222,287.7273,-113.9033,116.9206,-122.6191,118.3998,0
-0.01122725,8.652227,3.178734,-1.445241,-10,-10,0.44,500,-10,500,-10,39.2599,25.25986,287.6255,-114.0633,117.0617,-122.3749,118.1744,0
-0.6616459,8.939715,0.785571,-10,-10,-10,0.44,500,-10,500,-10,39.14392,25.35595,287.5213,-114.1641,117.1789,-122.1877,117.9709,0
7.44387,-1.68778,1.671055,-10,10,-10,0.44,500,-10,500,-10,39.05648,25.46581,287.5641,-113.9546,117.4338,-122.4327,117.7515,0
-0.3835826,-8.676117,3.685956,1.465244,10,-10,0.44,500,-10,500,-10,39.04174,25.58599,287.6431,-113.7842,117.281,-122.6685,117.9697,0
-0.48484,-8.826954,-0.5062391,10,10,-10,0.44,500,-10,500,-10,39.18342,25.70319,287.7316,-113.6589,117.173,-122.8672,118.151,0
-5.962042,4.563512,1.389797,10,-10,-10,0.44,500,-10,500,-10,39.23713,25.80188,287.6528,-113.8411,116.9194,-122.6196,118.3393,0
0.006317079,8.309118,4.027419,-4.727943,-10,-10,0.44,500,-10,500,-10,39.15585,25.89796,287.5185,-114.0314,117.1285,-122.3181,118.019,0
2.732358,7.856936,-0.9903153,-10,0.04542732,-10,0.44,500,-10,500,-10,38.99303,25.993,287.4275,-113.9513,117.3311,-122.3228,117.741,0
4.653151,-6.735102,2.197746,-10,10,-10,0.44,500,-10,500,-10,38.97081,26.11556,287.5272,-113.8956,117.4719,-122.4611,117.6827,0
0.7545058,-8.589908,3.630083,10,10,-10,0.44,500,-10,500,-10,39.14088,26.23841,287.6592,-113.5919,117.1849,-122.8742,118.0792,0
-4.731464,-6.17789,-0.9629472,10,-1.511918,-10,0.44,500,-10,500,-10,39.30333,26.34782,287.7307,-113.7339,117.0837,-122.7914,118.2395,0
-2.455376,7.814732,2.077275,10,-10,-10,0.44,500,-10,500,-10,39.1065,26.44704,287.4171,-113.6727,116.9073,-122.5927,118.1561,0
-1.58595,8.322396,2.793864,-10,-10,-10,0.44,500,-10,500,-10,38.53111,26.51524,286.8851,-113.7449,117.1404,-122.0798,117.4822,0
6.309719,3.569828,-0.2916711,-10,1.771346,-10,0.44,500,-10,500,-10,37.80206,26.5523,286.2451,-113.3858,117.0518,-121.9086,117.0405,0
0.8803035,-8.794366,2.646001,-5.192722,10,-10,0.44,500,-10,500,-10,36.74358,26.64095,285.2565,-112.9198,116.7842,-121.5554,116.489,0
1.660453,-9.038307,1.555528,10,10,-10,0.44,500,-10,500,-10,35.33834,26.57353,283.7732,-112.2543,115.8966,-120.9919,116.1475,0
-7.20681,-0.8342441,0.4834337,10,-9.280449,-10,0.44,500,-10,500,-10,36.07016,26.51586,284.413,-112.6149,115.9832,-121.1614,116.5911,0
0.3370299,8.890512,3.584892,-1.558594,-10,-10,0.44,500,-10,500,-10,36.53988,26.40887,284.849,-112.9599,116.3398,-121.1777,116.5958,0
-0.6704502,8.820531,0.451512,-10,-10,-10,0.44,500,-10,500,-10,36.5877,26.27662,285.0049,-113.1752,116.5355,-121.0915,116.5291,0
7.030319,-2.32308,1.179132,-10,10,-10,0.44,500,-10,500,-10,36.30571,26.20579,284.8007,-112.8866,116.6869,-121.2109,116.2086,0
-0.2459827,-8.551467,3.899543,1.578597,10,-10,0.44,500,-10,500,-10,36.072,26.11664,284.5806,-112.6182,116.4053,-121.297,116.3078,0
-0.7994164,-8.846166,-0.6944793,10,9.269442,-10,0.44,500,-10,500,-10,36.04464,26.01052,284.4249,-112.4279,116.183,-121.3583,116.4011,0
-5.761513,4.790673,1.475356,10,-10,-10,0.44,500,-10,500,-10,36.21483,25.91256,284.5204,-112.682,115.9887,-121.1833,116.6746,0
0.06472337,8.421211,4.22624,-5.353575,-10,-10,0.44,500,-10,500,-10,36.29379,25.80142,284.6393,-112.9963,116.2867,-120.9675,116.4751,0
2.894351,7.649451,-1.093202,-10,0.9847317,-10,0.44,500,-10,500,-10,36.21924,25.69473,284.6774,-112.9796,116.5016,-121.0158,116.2917,0
4.210913,-7.133175,1.898288,-10,10,-10,0.44,500,-10,500,-10,36.05803,25.5996,284.5584,-112.845,116.5559,-121.0519,116.1389,0
1.130204,-8.356411,3.948385,10,10,-10,0.44,500,-10,500,-10,36.07312,25.49218,284.4574,-112.4697,116.1649,-121.3434,116.4462,0
-4.895628,-5.903337,-0.9005052,10,-1.625271,-10,0.44,500,-10,500,-10,36.15731,25.38888,284.4165,-112.5865,116.0047,-121.1927,116.5725,0
-2.367948,7.916577,2.036612,10,-10,-10,0.44,500,-10,500,-10,36.27959,25.28313,284.5121,-112.7213,115.9353,-121.1372,116.7211,0
-1.348815,8.575231,3.037772,-10,-10,-10,0.44,500,-10,500,-10,36.23164,25.16939,284.596,-113.1076,116.3048,-120.8204,116.4211,0
6.571558,3.449212,-0.1841178,-10,2.390483,-10,0.44,500,-10,500,-10,36.1345,25.0646,284.6205,-112.9914,116.4522,-120.9568,116.294,0
0.5578017,-8.985487,2.439401,-4.53973,10,-10,0.44,500,-10,500,-10,36.07079,24.96292,284.5223,-112.7832,116.4004,-121.0837,116.2644,0
1.776247,-8.940703,1.655816,10,10,-10,0.44,500,-10,500,-10,36.1679,24.85907,284.425,-112.4975,116.0994,-121.2887,116.4847,0
-7.217243,-0.5270615,0.5723799,10,-9.759953,-10,0.44,500,-10,500,-10,36.25084,24.75333,284.4763,-112.7444,115.8857,-121.0844,116.741,0
0.5241305,9.002489,3.780885,-1.671945,-10,-10,0.44,500,-10,500,-10,36.25627,24.64053,284.5684,-112.9919,116.1112,-120.9131,116.5918,0
-0.6592445,8.763557,0.2454233,-10,-10,-10,0.44,500,-10,500,-10,36.10447,24.532,284.6719,-113.1932,116.2965,-120.7977,116.4923,0
7.065272,-2.563079,1.279783,-10,10,-10,0.44,500,-10,500,-10,36.04643,24.42663,284.604,-112.9509,116.4891,-120.9837,116.2435,0
-0.3636723,-8.641462,3.807055,1.691948,10,-10,0.44,500,-10,500,-10,36.0864,24.31829,284.4823,-112.7072,116.2294,-121.1266,116.4023,0
-0.5460589,-8.425833,-0.2446043,10,8.744034,-10,0.44,500,-10,500,-10,36.29165,24.21871,284.3414,-112.5281,115.9856,-121.1889,116.5293,0
-5.527527,5.079778,1.690627,10,-10,-10,0.44,500,-10,500,-10,36.32815,24.10602,284.418,-112.7663,115.8068,-121.0142,116.7716,0
0.02778852,8.409369,4.256754,-5.721664,-10,-10,0.44,500,-10,500,-10,36.17841,23.99,284.5819,-113.1188,116.1423,-120.7975,116.5719,0
3.015283,7.567869,-1.108645,-10,1.541103,-10,0.44,500,-10,500,-10,35.98753,23.88337,284.683,-113.1222,116.3899,-120.8778,116.4081,0
4.534943,-6.822397,2.501657,-10,10,-10,0.44,500,-10,500,-10,36.18753,23.77394,284.3701,-112.9104,116.3197,-120.8304,116.219,0
1.266942,-8.293884,4.030286,10,10,-10,0.44,500,-10,500,-10,36.87794,23.69551,283.7279,-112.3603,115.5786,-120.8483,116.4279,0
-5.26359,-5.982969,-1.184824,10,-1.738624,-10,0.44,500,-10,500,-10,37.93507,23.66846,282.7627,-112.0063,114.9564,-120.4025,116.2505,0
-2.205492,8.054287,2.175984,10,-10,-10,0.44,500,-10,500,-10,39.57053,23.63952,281.2221,-111.2551,114.1393,-119.8773,115.791,0
-1.533664,8.421229,2.780414,-10,-10,-10,0.44,500,-10,500,-10,39.9814,23.76361,280.7515,-111.3243,114.3144,-119.4181,115.226,0
6.260485,2.999413,-0.5733919,-10,2.698438,-10,0.44,500,-10,500,-10,39.74302,23.86176,280.8961,-111.264,114.5215,-119.5983,115.1386,0
0.6104545,-8.863091,2.630713,-4.260149,10,-10,0.44,500,-10,500,-10,39.27987,23.92181,281.3074,-111.3629,114.6205,-119.8402,115.3805,0
1.3155,-9.376683,1.021618,10,10,-10,0.44,500,-10,500,-10,39.12086,24.02567,281.5638,-111.2307,114.4977,-120.1848,115.7158,0
-7.270499,-0.4649014,0.5205824,10,-9.915493,-10,0.44,500,-10,500,-10,39.33947,24.11897,281.4274,-111.3792,114.2115,-119.9233,115.889,0
0.2396427,8.705206,3.382166,-1.785297,-10,-10,0.44,500,-10,500,-10,39.51117,24.23075,281.2716,-111.4983,114.3451,-119.6752,115.6263,0
-0.5681159,8.824171,0.2744664,-10,-10,-10,0.44,500,-10,500,-10,39.49802,24.35147,281.1582,-111.5588,114.4717,-119.5206,115.4057,0
6.877227,-2.835446,1.083418,-10,10,-10,0.44,500,-10,500,-10,39.32924,24.43977,281.2614,-111.4018,114.7333,-119.7631,115.2296,0
-0.11129,-8.394048,4.168148,1.805301,10,-10,0.44,500,-10,500,-10,39.20829,24.53835,281.3899,-111.2554,114.598,-120.016,115.4714,0
-0.8846514,-8.691815,-0.6554006,10,8.674274,-10,0.44,500,-10,500,-10,39.25224,24.64321,281.494,-111.1638,114.4919,-120.1939,115.6637,0
-5.603825,5.011218,1.516879,10,-10,-10,0.44,500,-10,500,-10,39.38124,24.74546,281.4256,-111.3309,114.2535,-119.9701,115.8454,0
0.03088206,8.414169,4.27983,-5.79008,-10,-10,0.44,500,-10,500,-10,39.40601,24.85755,281.3343,-111.5522,114.4913,-119.6732,115.532,0
3.07733,7.562872,-1.101901,-10,1.633163,-10,0.44,500,-10,500,-10,39.31633,24.96372,281.3033,-111.4773,114.694,-119.7224,115.3036,0
3.934358,-7.369528,1.758316,-10,10,-10,0.44,500,-10,500,-10,39.20148,25.06202,281.4048,-111.4244,114.8441,-119.8594,115.2377,0
1.409614,-8.167609,4.20842,10,10,-10,0.44,500,-10,500,-10,39.25678,25.16831,281.4977,-111.1115,114.5468,-120.2492,115.6119,0
-4.938623,-5.640515,-0.6888378,10,-1.851976,-10,0.44,500,-10,500,-10,39.35703,25.27055,281.5395,-111.249,114.4325,-120.1463,115.7608,0
-2.075753,8.164881,2.313739,10,-10,-10,0.44,500,-10,500,-10,39.44278,25.38074,281.4504,-111.2909,114.3071,-120.0307,115.8124,0
-1.0855,8.852314,3.384128,-10,-10,-10,0.44,500,-10,500,-10,39.36017,25.49554,281.3654,-111.5923,114.6255,-119.6588,115.4236,0
6.567206,3.287011,-0.2035957,-10,2.68203,-10,0.44,500,-10,500,-10,39.25316,25.60046,281.3402,-111.4374,114.7716,-119.7928,115.2566,0
0.894486,-8.599361,3.000504,-4.385161,10,-10,0.44,500,-10,500,-10,39.23304,25.70336,281.4498,-111.2984,114.8125,-120.0226,115.3064,0
1.92127,-8.834291,1.78831,10,10,-10,0.44,500,-10,500,-10,39.37918,25.80401,281.5693,-111.0874,114.6163,-120.3327,115.6017,0
-7.074555,-0.2854993,0.8462337,10,-9.753422,-10,0.44,500,-10,500,-10,39.4408,25.91352,281.5124,-111.2747,114.3749,-120.0982,115.7959,0
0.1789327,8.643524,3.296019,-1.89865,-10,-10,0.44,500,-10,500,-10,39.397,26.02939,281.3958,-111.4256,114.5374,-119.8507,115.5368,0
-0.575009,8.843756,0.3116754,-10,-10,-10,0.44,500,-10,500,-10,39.17458,26.13631,281.243,-111.5015,114.6359,-119.6482,115.3117,0
6.946528,-2.743817,1.116532,-10,10,-10,0.44,500,-10,500,-10,39.16099,26.24612,281.3414,-111.3132,114.9073,-119.918,115.1219,0
-0.03804743,-8.319035,4.261923,1.918653,10,-10,0.44,500,-10,500,-10,39.31956,26.35456,281.5599,-111.1839,114.794,-120.2284,115.4163,0
-0.8075022,-8.694789,-0.5972404,10,9.033165,-10,0.44,500,-10,500,-10,39.74355,26.43974,281.9012,-111.1683,114.7691,-120.5268,115.7239,0
-5.719635,4.911529,1.395619,10,-10,-10,0.44,500,-10,500,-10,39.8133,26.56334,281.8712,-111.3571,114.5476,-120.3131,115.9206,0
0.01124251,8.380007,4.225868,-5.610784,-10,-10,0.44,500,-10,500,-10,39.24651,26.69802,281.3077,-111.378,114.6555,-119.8253,115.3458,0
3.309343,7.852984,-0.7435656,-10,1.31849,-10,0.44,500,-10,500,-10,42.08596,26.71881,284.2479,-112.4307,116.0298,-121.2088,116.4077,0
4.039231,-7.295687,1.808572,-10,10,-10,0.44,500,-10,500,-10,38.77752,26.67422,281.0398,-111.1167,114.8973,-119.8646,114.882,0
1.174119,-8.343557,3.965945,10,10,-10,0.44,500,-10,500,-10,55.36861,26.73646,297.572,-116.7181,120.5966,-127.9616,122.8811,0
-5.015035,-5.886858,-0.7989857,10,-1.965327,-10,0.44,500,-10,500,-10,59.98249,26.66768,302.0866,-118.4815,121.9535,-129.939,125.265,0
-2.197586,8.050578,2.166905,10,-10,-10,0.44,500,-10,500,-10,60.39706,26.75058,302.4006,-118.6676,122.0126,-130.013,125.466,0
-1.407605,8.5746,3.008014,-10,-10,-10,0.44,500,-10,500,-10,58.09351,26.69032,300.1555,-118.2144,121.6131,-128.606,124.0053,0
6.48569,3.362318,-0.2552795,-10,2.416808,-10,0.44,500,-10,500,-10,54.78401,26.58909,296.944,-116.9778,120.5636,-127.1815,122.3937,0
0.6389319,-8.888763,2.563704,-4.845051,10,-10,0.44,500,-10,500,-10,54.26574,26.46471,296.4971,-116.714,120.3403,-127.075,122.2467,0
1.786914,-8.972246,1.604486,10,10,-10,0.44,500,-10,500,-10,54.30491,26.32405,296.4574,-116.4531,120.0586,-127.3031,122.4955,0
-7.186296,-0.5016944,0.7579517,10,-9.349909,-10,0.44,500,-10,500,-10,54.63432,26.26839,296.7078,-116.7285,119.9533,-127.2351,122.8083,0
0.2315784,8.730982,3.39077,-2.012003,-10,-10,0.44,500,-10,500,-10,54.92413,26.19668,296.9849,-116.9716,120.3159,-127.2217,122.6753,0
-0.6542579,8.840645,0.3559473,-10,-10,-10,0.44,500,-10,500,-10,54.99972,26.09988,297.1883,-117.1926,120.5269,-127.1693,122.6329,0
6.865357,-2.593399,1.052839,-10,10,-10,0.44,500,-10,500,-10,54.82477,25.99882,297.0932,-116.9453,120.7151,-127.3377,122.3658,0
-0.09219037,-8.371359,4.160574,2.032006,10,-10,0.44,500,-10,500,-10,54.69832,25.8811,296.9771,-116.7083,120.4607,-127.4786,122.5241,0
-1.130999,-9.165058,-1.157246,10,9.773525,-10,0.44,500,-10,500,-10,54.73903,25.75844,296.8867,-116.5599,120.2582,-127.5519,122.6516,0
-5.464052,5.150647,1.801879,10,-10,-10,0.44,500,-10,500,-10,54.89116,25.67127,296.982,-116.8044,120.0755,-127.3865,122.9132,0
0.1112146,8.443245,4.278769,-5.207899,-10,-10,0.44,500,-10,500,-10,54.95096,25.5772,297.1026,-117.1167,120.374,-127.174,122.7147,0
2.793681,7.633859,-1.235394,-10,0.5892053,-10,0.44,500,-10,500,-10,54.87622,25.47789,297.1592,-117.1141,120.5952,-127.2236,122.5404,0
4.129485,-7.259052,1.638358,-10,10,-10,0.44,500,-10,500,-10,54.74979,25.3659,297.0746,-116.9885,120.665,-127.2791,122.4005,0
0.9035931,-8.519432,3.737456,10,10,-10,0.44,500,-10,500,-10,54.79496,25.24606,296.9987,-116.6229,120.2817,-127.5818,122.7208,0
-5.044636,-6.178908,-1.164865,10,-2.07868,-10,0.44,500,-10,500,-10,54.89033,25.13863,296.9757,-116.7519,120.1229,-127.4338,122.8607,0
-2.1427,8.087606,2.346979,10,-10,-10,0.44,500,-10,500,-10,54.98891,25.04503,297.0811,-116.886,120.0649,-127.3869,123.006,0
-1.712358,8.303485,2.681089,-10,-10,-10,0.44,500,-10,500,-10,54.91722,24.94467,297.1807,-117.2792,120.4433,-127.0763,122.7101,0
6.52826,3.550239,-0.1816365,-10,2.098683,-10,0.44,500,-10,500,-10,54.80922,24.84543,297.2296,-117.1766,120.5986,-127.2194,122.5954,0
0.6578342,-8.965759,2.36637,-5.729339,10,-10,0.44,500,-10,500,-10,54.7563,24.72864,297.1464,-116.9921,120.5748,-127.335,122.5502,0
2.112824,-8.66526,2.067199,10,10,-10,0.44,500,-10,500,-10,54.86707,24.6108,297.0609,-116.6914,120.2567,-127.5649,122.7975,0
-7.27892,-0.9067714,0.4509687,10,-8.65468,-10,0.44,500,-10,500,-10,54.93248,24.51253,297.1235,-116.9308,120.0616,-127.3772,123.0444,0
0.1073157,8.66683,3.235613,-2.125354,-10,-10,0.44,500,-10,500,-10,54.89451,24.41643,297.2525,-117.2151,120.3014,-127.1999,122.9116,0
-0.9939559,8.634625,0.1507779,-10,-10,-10,0.44,500,-10,500,-10,54.69244,24.33051,297.4036,-117.4295,120.5031,-127.1107,122.835,0
7.003872,-2.364628,1.076592,-10,10,-10,0.44,500,-10,500,-10,54.62424,24.21342,297.3627,-117.1999,120.7066,-127.3065,122.5976,0
-0.117584,-8.417862,4.069467,2.145357,10,-10,0.44,500,-10,500,-10,54.66656,24.0848,297.2626,-116.9587,120.4465,-127.4646,122.7747,0
-0.4729759,-8.807928,-0.5363181,10,10,-10,0.44,500,-10,500,-10,54.90129,23.96302,297.1107,-116.7577,120.2276,-127.5397,122.8678,0
-6.061598,4.402882,1.095969,10,-10,-10,0.44,500,-10,500,-10,54.81197,23.8644,297.3119,-117.0786,120.0836,-127.3856,123.1785,0
0.07849643,8.3191,4.072499,-4.512631,-10,-10,0.44,500,-10,500,-10,54.4007,23.79151,297.7494,-117.5356,120.5298,-127.2911,123.0948,0
2.976039,8.151495,-0.6895644,-10,-0.6970673,-10,0.44,500,-10,500,-10,53.79663,23.74559,298.2663,-117.7572,120.9541,-127.4978,123.0988,0
4.654725,-6.764479,1.938005,-10,10,-10,0.44,500,-10,500,-10,53.17229,23.63202,298.7959,-117.8371,121.2583,-127.8567,123.2336,0
0.8910313,-8.390277,3.973129,10,10,-10,0.44,500,-10,500,-10,50.70222,23.62165,301.33,-118.843,122.0505,-128.9505,124.541,0
-4.574836,-6.27809,-0.8999959,10,-2.192032,-10,0.44,500,-10,500,-10,51.21161,23.67409,300.9161,-118.7264,121.667,-128.7242,124.5815,0
-2.6378,7.729453,2.013735,10,-10,-10,0.44,500,-10,500,-10,52.29462,23.73361,299.9268,-118.2835,121.1675,-128.3474,124.2614,0
-1.258771,8.722845,3.359654,-10,-10,-10,0.44,500,-10,500,-10,52.4339,23.86889,299.7232,-118.4709,121.4765,-127.9913,123.7836,0
6.436046,3.957424,-0.3276449,-10,2.212036,-10,0.44,500,-10,500,-10,52.29078,23.9739,299.7721,-118.3668,121.6373,-128.1359,123.6633,0
1.120408,-8.608531,2.73593,-7.257034,10,-10,0.44,500,-10,500,-10,51.92229,24.03273,300.0814,-118.4586,121.7501,-128.3004,123.8068,0
1.752683,-8.90662,1.807861,10,10,-10,0.44,500,-10,500,-10,51.7984,24.12819,300.3013,-118.2677,121.5498,-128.6734,124.1893,0
-7.300249,-1.477923,0.08978373,10,-7.505345,-10,0.44,500,-10,500,-10,51.93706,24.22852,300.2523,-118.4293,121.3319,-128.4713,124.3666,0
0.4238555,8.961831,3.543274,-1.983624,-10,-10,0.44,500,-10,500,-10,52.07766,24.34229,300.1223,-118.5911,121.4544,-128.2017,124.1364,0
-0.6208904,9.15979,1.061644,-10,-10,-10,0.44,500,-10,500,-10,52.04823,24.4627,300.021,-118.6557,121.5822,-128.0533,123.9247,0
7.42674,-1.486016,1.279054,-10,10,-10,0.44,500,-10,500,-10,51.89267,24.55181,300.1167,-118.4937,121.8411,-128.2946,123.7451,0
-0.3303219,-8.628819,3.796985,2.25871,10,-10,0.44,500,-10,500,-10,51.79087,24.65026,300.2356,-118.3343,121.6932,-128.5525,123.9915,0
-0.2364888,-8.919701,-0.4595003,10,10,-10,0.44,500,-10,500,-10,51.84395,24.75348,300.3427,-118.2363,121.6104,-128.7393,124.163,0
-5.963126,4.270557,1.772598,10,-10,-10,0.44,500,-10,500,-10,51.96307,24.85716,300.2824,-118.4221,121.3612,-128.5035,124.3623,0
0.2913224,8.356009,4.126058,-3.306973,-10,-10,0.44,500,-10,500,-10,52.00964,24.97115,300.197,-118.6021,121.558,-128.2526,124.0947,0
2.145912,7.882404,-1.348242,-10,-2.992887,-10,0.44,500,-10,500,-10,51.91769,25.08106,300.1479,-118.6139,121.7438,-128.2001,123.8682,0
5.024599,-6.234234,1.895936,-10,10,-10,0.44,500,-10,500,-10,51.81594,25.1772,300.2363,-118.503,121.9396,-128.3844,123.7457,0
0.4878257,-8.551949,3.882264,9.063793,10,-10,0.44,500,-10,500,-10,51.87228,25.27891,300.3344,-118.2084,121.66,-128.7602,124.1065,0
-4.290424,-6.792371,-1.109344,10,-2.305384,-10,0.44,500,-10,500,-10,51.97775,25.37931,300.3795,-118.3364,121.5257,-128.6696,124.2783,0
-2.977712,7.588017,2.077937,10,-10,-10,0.44,500,-10,500,-10,52.055,25.49395,300.2944,-118.3749,121.4078,-128.5605,124.3256,0
-1.364787,8.504263,3.335154,-10,-10,-10,0.44,500,-10,500,-10,51.96166,25.61212,300.2112,-118.6775,121.7278,-128.1891,123.9367,0
6.196312,4.568163,-0.2735451,-10,2.325387,-10,0.44,500,-10,500,-10,51.84931,25.71897,300.1802,-118.5244,121.868,-128.3165,123.7709,0
1.222839,-8.713003,2.355962,-9.732675,10,-10,0.44,500,-10,500,-10,51.82063,25.81853,300.3023,-118.4783,122.0094,-128.4638,123.7306,0
1.663914,-8.812462,2.186066,10,10,-10,0.44,500,-10,500,-10,51.97024,25.91741,300.4352,-118.1817,121.7273,-128.8705,124.1228,0
-6.887426,-2.051742,0.2757056,10,-5.751188,-10,0.44,500,-10,500,-10,52.0785,26.02067,300.4492,-118.3511,121.5573,-128.7127,124.3044,0
-0.1089939,8.520941,2.872769,0.5714314,-10,-10,0.44,500,-10,500,-10,52.03686,26.1418,300.3301,-118.5035,121.6319,-128.4616,124.1312,0
-1.504252,8.676449,0.6660472,-10,-10,-10,0.44,500,-10,500,-10,51.80254,26.2552,300.1643,-118.6197,121.7647,-128.208,123.8609,0
7.513752,-0.8144362,1.010239,-10,10,-10,0.44,500,-10,500,-10,51.84227,26.3615,300.3151,-118.4469,122.058,-128.5057,123.6926,0
-0.2201218,-8.705187,3.740301,2.372062,10,-10,0.44,500,-10,500,-10,52.12791,26.45607,300.6554,-118.3541,121.9792,-128.8805,124.0534,0
0.2554573,-8.980606,-0.347592,10,10,-10,0.44,500,-10,500,-10,52.79086,26.50322,301.233,-118.4255,122.0575,-129.2877,124.4537,0
-6.264525,3.757466,1.862581,10,-10,-10,0.44,500,-10,500,-10,53.28499,26.61075,301.6332,-118.8416,122.039,-129.2032,124.8037,0
0.4427314,8.381218,4.179373,-2.392065,-10,-10,0.44,500,-10,500,-10,56.43763,26.68561,304.7506,-120.084,123.3784,-130.5438,126.0474,0
1.537213,8.239376,-1.197514,-10,-6.32813,-10,0.44,500,-10,500,-10,52.34536,26.70651,300.7578,-118.7255,122.1512,-128.594,123.9662,0
5.524441,-5.723435,1.775511,-10,10,-10,0.44,500,-10,500,-10,52.42554,26.74908,300.9367,-118.6637,122.3318,-128.804,123.9338,0
0.4753069,-8.364647,4.331091,7.166645,10,-10,0.44,500,-10,500,-10,50.75302,26.80967,299.2386,-117.6313,121.5206,-128.4293,123.338,0
-3.708073,-7.4843,-1.318316,10,-2.418736,-10,0.44,500,-10,500,-10,51.33683,26.90182,299.7273,-117.9044,121.4899,-128.5612,123.7737,0
-3.597839,7.332948,1.918722,10,-10,-10,0.44,500,-10,500,-10,52.0158,26.96468,300.3185,-118.2788,121.5284,-128.6767,124.2251,0
-1.040122,8.478741,3.764799,-10,-10,-10,0.44,500,-10,500,-10,52.20275,27.08537,300.5778,-118.7072,121.9745,-128.4631,123.9937,0
5.280117,5.01854,-0.970605,-10,2.43874,-10,0.44,500,-10,500,-10,52.11901,27.19125,300.592,-118.5699,122.133,-128.6121,123.847,0
2.219726,-8.18515,2.768361,-10,10,-10,0.44,500,-10,500,-10,51.80667,27.26905,300.3498,-118.3964,122.1412,-128.5849,123.6381,0
1.440979,-8.926563,2.475352,10,10,-10,0.44,500,-10,500,-10,51.72948,27.37485,300.1819,-117.983,121.7434,-128.8592,123.8968,0
-6.693153,-3.181816,-0.07247514,10,-3.451951,-10,0.44,500,-10,500,-10,51.8064,27.47724,300.1552,-118.1115,121.584,-128.7086,124.034,0
-0.5075005,8.55117,2.617028,4.062486,-10,-10,0.44,500,-10,500,-10,51.9721,27.57912,300.2911,-118.3257,121.6658,-128.607,124.0649,0
-1.656466,8.87018,1.337603,-10,-10,-10,0.44,500,-10,500,-10,51.95859,27.69188,300.3989,-118.6022,121.9589,-128.4198,123.8611,0
7.25202,-0.05264044,0.4300944,-10,9.575518,-10,0.44,500,-10,500,-10,51.82051,27.78781,300.3231,-118.3512,122.1628,-128.6081,123.5944,0
-0.0004124045,-8.724833,3.583432,2.485415,10,-10,0.44,500,-10,500,-10,51.73604,27.8929,300.2181,-118.0874,121.9241,-128.7849,123.7461,0
0.7312567,-9.045923,0.01420093,10,10,-10,0.44,500,-10,500,-10,51.80283,28.0009,300.1214,-117.9077,121.7603,-128.8844,123.8298,0
-7.010538,2.382522,1.127952,10,-10,-10,0.44,500,-10,500,-10,51.91679,28.10224,300.1855,-118.1455,121.5627,-128.6998,124.0806,0
0.4947791,8.429947,3.971671,-2.505418,-10,-10,0.44,500,-10,500,-10,51.96744,28.21244,300.2743,-118.3842,121.8176,-128.5346,123.8992,0
1.307558,9.099104,-0.1996707,-10,-10,-10,0.44,500,-10,500,-10,51.87022,28.32249,300.3624,-118.5456,121.9952,-128.4462,123.7945,0
5.996755,-5.012064,1.617823,-10,10,-10,0.44,500,-10,500,-10,51.77689,28.42392,300.2988,-118.2919,122.2068,-128.6472,123.5302,0
0.1793971,-8.39006,4.324477,4.841598,10,-10,0.44,500,-10,500,-10,51.7869,28.53076,300.2052,-117.9921,121.9227,-128.8695,123.7368,0
-2.470734,-7.857921,-0.9355881,10,0.501267,-10,0.44,500,-10,500,-10,51.89964,28.63422,300.1533,-117.9757,121.7077,-128.8428,123.9088,0
-4.302583,6.810362,1.882534,10,-10,-10,0.44,500,-10,500,-10,51.96607,28.74162,300.2419,-118.119,121.6303,-128.773,124.0596,0
-0.7572618,8.224877,3.922045,-10,-10,-10,0.44,500,-10,500,-10,51.85596,28.85213,300.3415,-118.4988,122.0264,-128.4757,123.746,0
4.925679,6.326839,-0.7979748,-10,2.552092,-10,0.44,500,-10,500,-10,51.73265,28.9557,300.3869,-118.3756,122.2011,-128.6365,123.6089,0
2.771354,-7.905896,2.329664,-10,10,-10,0.44,500,-10,500,-10,51.70798,29.0661,300.2711,-118.2371,122.2466,-128.6791,123.4676,0
1.51211,-8.806968,3.083741,10,10,-10,0.44,500,-10,500,-10,51.86681,29.17547,300.1403,-117.8254,121.851,-128.9824,123.7547,0
-6.160094,-4.229468,-0.2902181,10,-2.572096,-10,0.44,500,-10,500,-10,52.02208,29.27789,300.0685,-117.9123,121.687,-128.836,123.8592,0
-1.090881,8.398621,2.24683,8.338964,-10,-10,0.44,500,-10,500,-10,51.97929,29.39406,300.2253,-118.0916,121.699,-128.7866,123.9771,0
-1.605884,8.710972,2.020097,-10,-10,-10,0.44,500,-10,500,-10,51.70872,29.50237,300.4471,-118.503,122.1264,-128.559,123.7336,0
7.212448,1.46482,0.1830391,-10,6.680266,-10,0.44,500,-10,500,-10,51.62661,29.60912,300.4304,-118.305,122.3198,-128.7431,123.5263,0
0.1008566,-8.708936,3.053389,0.6615529,10,-10,0.44,500,-10,500,-10,52.00067,29.72285,300.0012,-117.8329,122.031,-128.8596,123.4595,0
1.119344,-9.20676,0.6858342,10,10,-10,0.44,500,-10,500,-10,53.44084,29.76933,298.6496,-117.0112,121.3365,-128.5613,123.034,0
-7.318875,0.9869925,0.9462219,10,-10,-10,0.44,500,-10,500,-10,55.43962,29.76801,296.7464,-116.4408,120.1817,-127.5548,122.6119,0
0.4916021,8.570808,3.681303,-2.61877,-10,-10,0.44,500,-10,500,-10,55.78175,29.6407,296.4413,-116.5584,120.2022,-127.1845,122.3386,0
0.1298172,8.899738,-0.3177081,-10,-10,-10,0.44,500,-10,500,-10,55.68023,29.49989,296.4425,-116.7007,120.3237,-127.0432,122.2181,0
6.72533,-3.651081,1.691217,-10,10,-10,0.44,500,-10,500,-10,55.29852,29.4525,296.7452,-116.5906,120.7278,-127.4041,122.0648,0
-0.5072235,-8.712048,3.871953,2.638773,10,-10,0.44,500,-10,500,-10,54.98762,29.37729,297.0436,-116.4516,120.719,-127.7903,122.3208,0
-1.786041,-8.559883,-1.166701,10,5.897051,-10,0.44,500,-10,500,-10,54.93826,29.27697,297.2121,-116.4525,120.6128,-127.9291,122.5667,0
-5.114277,5.851906,1.586124,10,-10,-10,0.44,500,-10,500,-10,55.14456,29.17525,297.0828,-116.5737,120.361,-127.7007,122.7113,0
-0.1677878,8.383785,4.347394,-7.352612,-10,-10,0.44,500,-10,500,-10,55.21075,29.05783,296.9613,-116.8258,120.5914,-127.3479,122.3802,0
3.332739,6.71819,-1.605321,-10,2.665444,-10,0.44,500,-10,500,-10,55.12862,28.95145,296.9397,-116.7376,120.7612,-127.4182,122.1925,0
3.753483,-7.447913,2.140102,-10,10,-10,0.44,500,-10,500,-10,54.94429,28.86236,297.0775,-116.7211,120.9128,-127.5489,122.1552,0
1.502292,-8.333561,3.949864,10,10,-10,0.44,500,-10,500,-10,54.94778,28.7582,297.19,-116.4348,120.611,-127.9284,122.5501,0
-5.398443,-5.345884,-0.6264707,10,-2.685448,-10,0.44,500,-10,500,-10,55.02755,28.65618,297.2301,-116.5972,120.4728,-127.7992,122.7215,0
-1.840289,8.236547,2.168064,10,-10,-10,0.44,500,-10,500,-10,55.16165,28.54827,297.1335,-116.6399,120.3349,-127.6765,122.7794,0
-1.561083,8.568816,2.781481,-10,-10,-10,0.44,500,-10,500,-10,55.11808,28.4319,297.0515,-116.9574,120.6352,-127.291,122.4111,0
6.961964,3.136478,0.2016195,-10,3.260834,-10,0.44,500,-10,500,-10,55.02304,28.32687,297.0346,-116.8142,120.7752,-127.4202,122.2572,0
0.6096215,-8.767822,2.773837,-4.730327,10,-10,0.44,500,-10,500,-10,54.94633,28.22879,297.1359,-116.7022,120.8005,-127.6162,122.3159,0
1.728501,-9.118203,1.35574,10,10,-10,0.44,500,-10,500,-10,55.03229,28.1272,297.2341,-116.4947,120.578,-127.905,122.6196,0
-7.323653,-0.479408,0.7223588,10,-9.000469,-10,0.44,500,-10,500,-10,55.12324,28.02142,297.1918,-116.6938,120.3337,-127.6709,122.829,0
0.2295805,8.657134,3.259349,-2.732122,-10,-10,0.44,500,-10,500,-10,55.13628,27.90647,297.1069,-116.8943,120.4948,-127.4001,122.5976,0
-0.9885103,8.654545,-0.02219892,-10,-10,-10,0.44,500,-10,500,-10,54.99995,27.79491,297.0136,-116.9953,120.5793,-127.2217,122.4357,0
7.305714,-2.341977,1.38145,-10,10,-10,0.44,500,-10,500,-10,54.93771,27.69265,297.0876,-116.8118,120.8311,-127.4665,122.2451,0
-0.4395825,-8.638116,3.774521,2.752125,10,-10,0.44,500,-10,500,-10,54.96718,27.58782,297.2026,-116.6485,120.6524,-127.7252,122.5193,0
-0.6127175,-8.980484,-0.7447002,10,10,-10,0.44,500,-10,500,-10,55.15654,27.49147,297.3387,-116.5779,120.5675,-127.9085,122.7168,0
-5.759992,4.774843,1.721178,10,-10,-10,0.44,500,-10,500,-10,55.20929,27.37783,297.2756,-116.7823,120.3048,-127.6518,122.9272,0
0.4413351,8.519007,4.433405,-4.06519,-10,-10,0.44,500,-10,500,-10,55.12841,27.25797,297.1516,-116.9837,120.4886,-127.3476,122.6407,0
2.96385,8.368605,-0.6671396,-10,-2.399367,-10,0.44,500,-10,500,-10,54.94494,27.14916,297.0534,-116.9769,120.6369,-127.2731,122.411,0
4.963477,-6.329298,2.00286,-10,10,-10,0.44,500,-10,500,-10,55.03656,27.04721,297.2623,-116.9261,120.8504,-127.4969,122.3707,0
0.7476701,-8.355118,4.188798,9.103403,10,-10,0.44,500,-10,500,-10,55.43074,26.96201,297.6227,-116.7342,120.6459,-127.9875,122.8737,0
-4.394633,-6.747409,-0.9394435,10,-2.7988,-10,0.44,500,-10,500,-10,55.89806,26.88803,298.0018,-116.9991,120.6117,-128.0367,123.2221,0
-2.648192,7.930786,2.439793,10,-10,-10,0.44,500,-10,500,-10,56.22344,26.75002,298.2287,-117.1505,120.5806,-128.0733,123.4412,0
-1.53308,8.36914,3.175699,-10,-10,-10,0.44,500,-10,500,-10,56.9612,26.69284,299.0305,-117.7518,121.1189,-128.1364,123.5673,0
5.954203,4.493235,-0.6554765,-10,2.818803,-10,0.44,500,-10,500,-10,66.60458,26.61511,308.7744,-121.2589,124.7456,-132.703,128.0143,0
1.478597,-8.524639,2.616272,-10,10,-10,0.44,500,-10,500,-10,66.72287,26.47959,308.9928,-121.2718,124.9002,-132.8711,128.0405,0
1.781658,-8.725496,2.472381,10,10,-10,0.44,500,-10,500,-10,66.8025,26.33864,309.0085,-120.9437,124.5514,-133.2122,128.4024,0
-7.125987,-2.41855,-0.03524917,10,-5.062792,-10,0.44,500,-10,500,-10,67.04306,26.25617,309.1625,-121.1693,124.4262,-133.1142,128.6552,0
-0.2530385,8.438534,2.651758,2.05365,-10,-10,0.44,500,-10,500,-10,67.36755,26.20393,309.4567,-121.3813,124.6917,-133.1459,128.6335,0
-1.574692,8.8917,1.026488,-10,-10,-10,0.44,500,-10,500,-10,67.47846,26.11906,309.6838,-121.6609,124.998,-133.0545,128.5153,0
7.795928,-0.2130785,1.306911,-10,10,-10,0.44,500,-10,500,-10,67.30684,26.01316,309.5943,-121.4162,125.1881,-133.2251,128.2511,0
-0.440773,-8.955885,3.343674,2.865478,10,-10,0.44,500,-10,500,-10,67.19355,25.88949,309.4916,-121.1782,124.9157,-133.3779,128.4383,0
0.5133103,-9.081585,-0.2616452,10,10,-10,0.44,500,-10,500,-10,67.24025,25.76206,309.4107,-121.0589,124.7199,-133.4302,128.5672,0
-6.62144,3.126215,1.580855,10,-10,-10,0.44,500,-10,500,-10,67.39908,25.68101,309.5169,-121.2933,124.5555,-133.2838,128.8196,0
0.5994379,8.467511,4.210115,-2.885481,-10,-10,0.44,500,-10,500,-10,67.49845,25.59186,309.6431,-121.5606,124.8201,-133.121,128.6595,0
0.9907056,8.497601,-1.075878,-10,-9.861671,-10,0.44,500,-10,500,-10,67.44689,25.4977,309.7581,-121.7377,124.9864,-133.0393,128.5885,0
5.751666,-5.377231,1.645279,-10,10,-10,0.44,500,-10,500,-10,67.3307,25.389,309.7042,-121.5063,125.1863,-133.226,128.344,0
-0.04385558,-8.620294,4.020426,5.384962,10,-10,0.44,500,-10,500,-10,67.31308,25.26881,309.6284,-121.2229,124.8851,-133.4466,128.5823,0
-2.93119,-8.007504,-1.236853,10,-0.1206369,-10,0.44,500,-10,500,-10,67.40805,25.1589,309.601,-121.2497,124.6678,-133.3972,128.777,0
-4.23752,6.85878,1.693814,10,-10,-10,0.44,500,-10,500,-10,67.50844,25.06921,309.7032,-121.4042,124.5866,-133.3274,128.9428,0
-0.8421109,8.189044,3.879087,-10,-10,-10,0.44,500,-10,500,-10,67.43469,24.97374,309.8073,-121.7989,124.9673,-133.0188,128.6484,0
5.021107,6.235093,-0.8403385,-10,2.932155,-10,0.44,500,-10,500,-10,67.32798,24.87639,309.8567,-121.687,125.1323,-133.1717,128.5244,0
2.440589,-8.206181,1.978138,-10,10,-10,0.44,500,-10,500,-10,67.24936,24.7559,309.7803,-121.5891,125.1758,-133.2063,128.4176,0
1.617645,-8.742966,3.190742,10,10,-10,0.44,500,-10,500,-10,67.3437,24.63226,309.7064,-121.2218,124.7903,-133.5123,128.7418,0
-6.401954,-4.405835,-0.3942024,10,-2.952158,-10,0.44,500,-10,500,-10,67.45026,24.52404,309.688,-121.362,124.6228,-133.3569,128.894,0
-1.23632,8.27256,2.007722,9.055519,-10,-10,0.44,500,-10,500,-10,67.46698,24.4331,309.8215,-121.5184,124.6072,-133.3111,129.0203,0
-1.418216,8.891376,2.375229,-10,-10,-10,0.44,500,-10,500,-10,67.30274,24.34449,309.9677,-121.9192,124.9949,-133.0314,128.7537,0
7.195421,1.573135,0.2358887,-10,6.256269,-10,0.44,500,-10,500,-10,67.18797,24.24153,309.9906,-121.7598,125.1864,-133.2099,128.5812,0
-0.07621288,-8.83742,2.833857,-0.2182436,10,-10,0.44,500,-10,500,-10,67.21307,24.11269,309.8951,-121.5196,125.0115,-133.3709,128.6769,0
1.39996,-9.151381,0.9567629,10,10,-10,0.44,500,-10,500,-10,67.42451,23.98896,309.7576,-121.2858,124.7595,-133.4907,128.815,0
-7.047275,1.045925,1.3464,10,-10,-10,0.44,500,-10,500,-10,67.33052,23.89478,309.9663,-121.6097,124.6192,-133.3398,129.1282,0
0.6351833,8.722731,3.786714,-2.998834,-10,-10,0.44,500,-10,500,-10,66.98434,23.82566,310.3669,-122.0217,125.0209,-133.2597,129.0584,0
-0.07465404,8.937843,-0.1645544,-10,-10,-10,0.44,500,-10,500,-10,66.35652,23.81498,310.9123,-122.3652,125.3629,-133.3681,129.1684,0
6.882869,-3.402804,1.532319,-10,10,-10,0.44,500,-10,500,-10,65.87742,23.72332,311.3018,-122.2916,125.7262,-133.7644,129.1278,0
-0.251388,-8.423062,4.239275,3.018837,10,-10,0.44,500,-10,500,-10,64.91541,23.65937,312.237,-122.5395,125.9191,-134.2915,129.7098,0
-1.091188,-8.482562,-0.6453435,10,8.354689,-10,0.44,500,-10,500,-10,64.02165,23.72799,313.236,-122.9819,126.168,-134.6768,130.2887,0
-5.073353,5.736441,1.829625,10,-10,-10,0.44,500,-10,500,-10,64.56843,23.80606,312.7803,-122.9631,125.7473,-134.3181,130.3318,0
-0.1386536,8.262779,4.17761,-6.141716,-10,-10,0.44,500,-10,500,-10,64.82198,23.92704,312.5078,-123.0431,125.9624,-134.0123,129.891,0
3.296314,7.627513,-1.129399,-10,1.486149,-10,0.44,500,-10,500,-10,64.73457,24.03499,312.4973,-122.9681,126.1698,-134.0785,129.6748,0
3.956352,-7.421115,1.714884,-10,10,-10,0.44,500,-10,500,-10,64.41509,24.10872,312.7458,-123.0504,126.3296,-134.2021,129.7209,0
1.208406,-8.270899,4.133217,10,10,-10,0.44,500,-10,500,-10,64.32833,24.21068,312.9265,-122.7822,126.0765,-134.62,130.1237,0
-5.152794,-6.109543,-0.9030538,10,-3.065511,-10,0.44,500,-10,500,-10,64.38789,24.31263,312.9748,-122.9385,125.9535,-134.5038,130.2867,0
-2.02279,8.259535,2.413179,10,-10,-10,0.44,500,-10,500,-10,64.58607,24.41603,312.8381,-122.9411,125.8152,-134.3879,130.3118,0
-1.63152,8.510023,2.992763,-10,-10,-10,0.44,500,-10,500,-10,64.58526,24.5332,312.7366,-123.2309,126.1223,-134.014,129.9206,0
6.456888,3.710048,-0.4237488,-10,3.085514,-10,0.44,500,-10,500,-10,64.50014,24.63886,312.7146,-123.0715,126.2731,-134.1552,129.7516,0
0.8844977,-8.782181,2.534067,-8.342748,10,-10,0.44,500,-10,500,-10,64.35464,24.73284,312.8325,-123.0156,126.3868,-134.3088,129.7356,0
1.675482,-9.00585,1.764373,10,10,-10,0.44,500,-10,500,-10,64.38755,24.83751,312.9341,-122.7359,126.1225,-134.6727,130.0841,0
-7.060114,-1.465372,0.4883856,10,-6.705775,-10,0.44,500,-10,500,-10,64.48999,24.93967,312.9174,-122.9037,125.9292,-134.491,130.2635,0
0.2376951,8.642092,3.061471,-0.4391191,-10,-10,0.44,500,-10,500,-10,64.55273,25.0505,312.8292,-123.0702,126.0378,-134.2514,130.0818,0
-1.026684,9.153366,1.068023,-10,-10,-10,0.44,500,-10,500,-10,64.46419,25.16255,312.7436,-123.1943,126.1784,-134.0564,129.8703,0
7.438737,-1.147853,1.056372,-10,10,-10,0.44,500,-10,500,-10,64.36988,25.26196,312.8128,-122.9958,126.4449,-134.3123,129.6611,0
-0.2865171,-8.636506,3.851805,3.132189,10,-10,0.44,500,-10,500,-10,64.35014,25.36723,312.9078,-122.805,126.2696,-134.5818,129.9151,0
0.3505374,-8.903517,-0.2621036,10,10,-10,0.44,500,-10,500,-10,64.47651,25.46932,313.0084,-122.7151,126.1948,-134.7551,130.0734,0
-6.724028,3.386011,1.289829,10,-10,-10,0.44,500,-10,500,-10,64.55372,25.57734,312.9488,-122.9032,125.9484,-134.5175,130.2702,0
0.4241763,8.283692,4.131488,-3.152191,-10,-10,0.44,500,-10,500,-10,64.54651,25.6924,312.8573,-123.0811,126.1433,-134.2638,129.9996,0
1.553702,8.548695,-0.9903139,-10,-8.199438,-10,0.44,500,-10,500,-10,64.39388,25.80184,312.7622,-123.1386,126.2574,-134.1275,129.8067,0
5.774316,-5.430991,2.019511,-10,10,-10,0.44,500,-10,500,-10,64.35297,25.90548,312.852,-122.9656,126.5095,-134.3749,129.629,0
0.2653987,-8.443959,4.29041,6.233617,10,-10,0.44,500,-10,500,-10,64.46245,26.0091,312.9895,-122.7324,126.2916,-134.7221,129.9609,0
-3.199252,-7.76846,-1.190567,10,-1.576295,-10,0.44,500,-10,500,-10,64.62556,26.10881,313.0723,-122.8163,126.1295,-134.7067,130.1915,0
-3.95618,7.138266,1.800733,10,-10,-10,0.44,500,-10,500,-10,64.61288,26.22746,312.9389,-122.8479,125.9889,-134.5647,130.2217,0
-0.8409854,8.326062,3.98233,-10,-10,-10,0.44,500,-10,500,-10,64.37405,26.34223,312.7477,-123.1142,126.2721,-134.1399,129.78,0
5.009871,5.760285,-1.002048,-10,3.198867,-10,0.44,500,-10,500,-10,64.15954,26.44707,312.6242,-122.9047,126.4036,-134.2471,129.5462,0
2.060488,-8.521402,1.772454,-10,10,-10,0.44,500,-10,500,-10,64.41517,26.56449,312.9886,-122.9701,126.6111,-134.4836,129.6406,0
1.546581,-8.886223,2.947618,10,10,-10,0.44,500,-10,500,-10,65.61916,26.63926,314.1325,-123.0838,126.7358,-135.3178,130.4637,0
-6.596773,-4.263768,-0.4169222,10,-3.21887,-10,0.44,500,-10,500,-10,67.32567,26.59078,315.7437,-123.7646,127.252,-135.972,131.2825,0
-0.6086664,8.769346,2.654932,8.742657,-10,-10,0.44,500,-10,500,-10,68.14005,26.49267,316.4693,-124.0881,127.4802,-136.2497,131.6555,0
-1.601104,8.780796,2.091402,-10,-10,-10,0.44,500,-10,500,-10,68.17158,26.35381,316.5728,-124.4584,127.8302,-135.9651,131.3914,0
7.045899,1.239091,-0.0005456805,-10,6.47004,-10,0.44,500,-10,500,-10,67.91095,26.27507,316.3982,-124.2212,127.9522,-136.0577,131.1246,0
-0.1615636,-8.852753,2.833418,-0.06367373,10,-10,0.44,500,-10,500,-10,67.60288,26.20596,316.1132,-123.9168,127.7171,-136.1259,131.1236,0
1.371174,-9.220603,0.8567804,10,10,-10,0.44,500,-10,500,-10,67.515,26.10913,315.9062,-123.6719,127.4579,-136.1994,131.2113,0
-7.243713,0.9305352,1.112043,10,-10,-10,0.44,500,-10,500,-10,67.70102,26.00821,316.0138,-123.9385,127.2593,-136.0218,131.499,0
0.5711399,8.623381,3.655101,-3.265544,-10,-10,0.44,500,-10,500,-10,67.8224,25.89022,316.1301,-124.2143,127.5177,-135.8424,131.337,0
-0.001759231,9.067326,-0.002144694,-10,-10,-10,0.44,500,-10,500,-10,67.78386,25.76738,316.2227,-124.3785,127.6639,-135.7549,131.2676,0
6.741067,-3.566348,1.313299,-10,10,-10,0.44,500,-10,500,-10,67.62683,25.68141,316.1202,-124.1261,127.8492,-135.9224,130.9973,0
-0.4762436,-8.59445,3.978893,3.285547,10,-10,0.44,500,-10,500,-10,67.53303,25.58571,316.0005,-123.8628,127.5717,-136.0866,131.1756,0
-1.116862,-8.641212,-0.7630978,10,9.261666,-10,0.44,500,-10,500,-10,67.58936,25.48579,315.8949,-123.7172,127.3948,-136.1447,131.265,0
-5.225671,5.712279,1.887473,10,-10,-10,0.44,500,-10,500,-10,67.70818,25.37965,315.9579,-123.9613,127.1895,-135.9528,131.5226,0
0.08506602,8.383053,4.378397,-5.786269,-10,-10,0.44,500,-10,500,-10,67.7225,25.26336,316.0395,-124.2715,127.4826,-135.7102,131.2971,0
3.307513,7.859149,-1.074536,-10,0.4408586,-10,0.44,500,-10,500,-10,67.62797,25.15529,316.071,-124.252,127.6823,-135.7557,131.1234,0
4.404966,-7.039917,2.009863,-10,10,-10,0.44,500,-10,500,-10,67.52826,25.06043,315.973,-124.1165,127.748,-135.8101,130.9765,0
0.9895124,-8.349641,4.100208,10,10,-10,0.44,500,-10,500,-10,67.60478,24.95985,315.8737,-123.7379,127.3547,-136.1063,131.2875,0
-0.8134678,-2.305481,2.540963,10,-3.332222,-10,0.44,500,-10,500,-10,67.71095,24.86001,315.8309,-123.8723,127.1729,-135.9366,131.4339,0.6666111
3.743094,14.09414,7.241875,10,-10,-10,0.44,500,-10,500,-10,67.78671,24.74337,315.9138,-123.9854,127.1199,-135.8921,131.5556,1
4.370334,14.45693,8.090645,-10,-10,-10,0.44,500,-10,500,-10,67.68671,24.62363,315.9952,-124.374,127.4909,-135.5709,131.252,1
12.53708,10.19689,4.7868,-10,3.352225,-10,0.44,500,-10,500,-10,67.57758,24.51672,316.0186,-124.2474,127.6492,-135.7169,131.1131,1
7.151377,-2.672619,7.53731,-10,10,-10,0.44,500,-10,500,-10,67.55362,24.41936,315.8912,-124.1284,127.6655,-135.7304,130.9913,1
7.719226,-2.905916,7.136167,10,10,-10,0.44,500,-10,500,-10,67.71494,24.32343,315.7513,-123.7502,127.2286,-135.9927,131.3122,1
-1.056873,4.046373,5.414544,10,-5.662132,-10,0.44,500,-10,500,-10,67.83362,24.22141,315.7237,-123.9265,127.0159,-135.7934,131.5021,1
6.26589,14.76215,8.159264,1.617742,-10,-10,0.44,500,-10,500,-10,67.80042,24.09696,315.8367,-124.1448,127.1804,-135.6689,131.4312,1
4.516723,15.03768,6.051703,-10,-10,-10,0.44,500,-10,500,-10,67.57196,23.97888,315.997,-124.4288,127.4506,-135.5177,131.2938,1
13.66101,5.463262,6.082045,-10,10,-10,0.44,500,-10,500,-10,67.65466,23.87772,315.8016,-124.1409,127.5672,-135.6436,131.0153,1
5.352405,-3.066716,8.188058,3.3989,10,-10,0.44,500,-10,500,-10,68.00709,23.79622,315.3993,-123.8194,127.0593,-135.6318,131.1899,1
6.532895,-3.150104,4.656157,10,10,-10,0.44,500,-10,500,-10,68.71101,23.77424,314.7805,-123.4158,126.6457,-135.5227,131.0907,1
-0.7614572,9.075272,6.572791,10,-10,-10,0.44,500,-10,500,-10,69.28041,23.68008,314.3028,-123.41,126.1757,-135.1326,131.1649,1
6.234315,14.04543,8.614664,-3.418903,-10,-10,0.44,500,-10,500,-10,70.72131,23.63635,312.8891,-122.8684,125.6918,-134.5029,130.4775,1
7.052117,14.7323,4.135614,-10,-10,-10,0.44,500,-10,500,-10,71.36484,23.75143,312.1433,-122.5525,125.5408,-134.2009,130.0105,1
11.89869,0.7016413,6.624799,-10,10,-10,0.44,500,-10,500,-10,70.76927,23.80419,312.6508,-122.6467,125.9346,-134.5271,130.0372,1
5.893998,-2.514069,9.185044,4.897165,10,-10,0.44,500,-10,500,-10,70.40177,23.90676,313.0199,-122.5861,125.8356,-134.8936,130.4421,1
3.470012,-1.971941,4.081244,10,1.721158,-10,0.44,500,-10,500,-10,70.41978,24.01834,313.106,-122.6188,125.6983,-134.9321,130.6506,1
1.653593,12.73956,6.702602,10,-10,-10,0.44,500,-10,500,-10,70.72087,24.10141,312.8796,-122.6339,125.4617,-134.7296,130.6998,1
5.631776,14.4495,9.461658,-9.140688,-10,-10,0.44,500,-10,500,-10,70.81277,24.20804,312.707,-122.8751,125.7186,-134.3453,130.2998,1
10.59803,12.55873,3.985094,-10,3.465577,-10,0.44,500,-10,500,-10,70.74461,24.31111,312.6702,-122.7118,125.8884,-134.4781,130.0995,1
8.892511,-2.040335,6.978884,-10,10,-10,0.44,500,-10,500,-10,70.54156,24.41033,312.8136,-122.7092,126.0328,-134.5996,130.0739,1
7.548467,-2.638782,8.441195,10,10,-10,0.44,500,-10,500,-10,70.53983,24.52439,312.9217,-122.4052,125.7457,-134.9931,130.4506,1
0.1155643,1.380377,4.87622,10,-3.48558,-10,0.44,500,-10,500,-10,70.62362,24.62904,312.9461,-122.5547,125.6069,-134.8638,130.6096,1
4.72997,14.45946,7.276752,10,-10,-10,0.44,500,-10,500,-10,70.77697,24.72667,312.8316,-122.5648,125.4846,-134.7589,130.637,1
4.615785,14.89057,7.925704,-10,-10,-10,0.44,500,-10,500,-10,70.74528,24.83537,312.735,-122.8589,125.7948,-134.3847,130.2467,1
13.27886,8.568455,5.351561,-10,4.552427,-10,0.44,500,-10,500,-10,70.65144,24.938,312.7217,-122.6873,125.9661,-134.5452,130.0645,1
6.186679,-2.835019,7.701674,-3.772602,10,-10,0.44,500,-10,500,-10,70.56656,25.04412,312.8159,-122.556,125.973,-134.7546,130.1356,1
8.053741,-2.920572,6.552208,10,10,-10,0.44,500,-10,500,-10,70.64397,25.154,312.9045,-122.3458,125.779,-135.0382,130.403,1
-1.685324,5.591557,5.477264,10,-9.236948,-10,0.44,500,-10,500,-10,70.73961,25.25496,312.8472,-122.5258,125.5407,-134.8107,130.5938,1
6.717991,14.92447,8.714924,-3.532256,-10,-10,0.44,500,-10,500,-10,70.75853,25.36219,312.7548,-122.7175,125.731,-134.5425,130.327,1
5.132513,14.80293,4.94247,-10,-10,-10,0.44,500,-10,500,-10,70.63341,25.46624,312.6566,-122.779,125.8224,-134.3996,130.1541,1
13.44987,3.614295,6.631953,-10,10,-10,0.44,500,-10,500,-10,70.55782,25.57307,312.7209,-122.5842,126.0792,-134.6477,129.9508,1
5.87787,-2.209391,9.406658,3.552259,10,-10,0.44,500,-10,500,-10,70.56815,25.68622,312.8153,-122.3837,125.8953,-134.9264,130.2128,1
5.503004,-2.975965,4.245975,10,10,-10,0.44,500,-10,500,-10,70.72869,25.79366,312.9247,-122.3023,125.8297,-135.0985,130.369,1
0.003619194,10.66731,6.6292,10,-10,-10,0.44,500,-10,500,-10,70.77583,25.89999,312.8438,-122.4835,125.5762,-134.8503,130.5556,1
6.492431,14.38779,9.44041,-3.888185,-10,-10,0.44,500,-10,500,-10,70.71161,26.0087,312.7155,-122.6623,125.7711,-134.5651,130.2544,1
8.882256,14.65518,4.320539,-10,-4.346694,-10,0.44,500,-10,500,-10,70.5202,26.10893,312.598,-122.6315,125.9342,-134.4985,129.9938,1
10.93849,-0.4443595,6.728514,-10,10,-10,0.44,500,-10,500,-10,70.52182,26.22238,312.7172,-122.5366,126.1278,-134.6923,129.899,1
6.674036,-2.287235,9.457754,7.987814,10,-10,0.44,500,-10,500,-10,70.73784,26.33401,312.9162,-122.2927,125.8997,-135.101,130.292,1
1.805498,-1.236578,3.842655,10,-3.598933,-10,0.44,500,-10,500,-10,70.95183,26.43803,313.0393,-122.4428,125.7589,-135.053,130.5348,1
2.774177,13.63526,6.908984,10,-10,-10,0.44,500,-10,500,-10,70.72652,26.55761,312.7051,-122.3723,125.578,-134.8466,130.4388,1
4.81264,14.39645,8.705061,-10,-10,-10,0.44,500,-10,500,-10,69.61849,26.64088,311.6589,-122.2379,125.6519,-134.114,129.498,1
12.04794,11.39901,4.581759,-10,3.618937,-10,0.44,500,-10,500,-10,67.66194,26.60447,309.7977,-121.5086,125.2239,-133.3012,128.3838,1
7.713343,-2.593346,7.211205,-10,10,-10,0.44,500,-10,500,-10,66.85405,26.49802,309.086,-121.3016,124.9328,-132.9185,128.0853,1
7.810021,-2.782672,7.884739,10,10,-10,0.44,500,-10,500,-10,66.86819,26.3576,309.0305,-120.9477,124.5582,-133.2264,128.4138,1
-0.6812716,2.729415,5.196015,10,-3.63894,-10,0.44,500,-10,500,-10,67.04235,26.25793,309.1132,-121.133,124.4217,-133.1096,128.6189,1
5.625068,14.71046,7.606124,6.454024,-10,-10,0.44,500,-10,500,-10,67.39012,26.20572,309.4084,-121.3098,124.5708,-133.1774,128.7143,1
4.291797,14.88438,6.605653,-10,-10,-10,0.44,500,-10,500,-10,67.50735,26.11792,309.6313,-121.6376,124.9745,-133.0343,128.4953,1
13.39828,6.648378,5.380008,-10,7.791787,-10,0.44,500,-10,500,-10,67.37402,26.01541,309.5881,-121.4345,125.157,-133.2016,128.2771,1
5.658976,-2.904112,7.962248,2.254354,10,-10,0.44,500,-10,500,-10,67.24818,25.89636,309.473,-121.1888,124.9044,-133.352,128.4343,1
7.264982,-3.072877,5.705801,10,10,-10,0.44,500,-10,500,-10,67.2849,25.77218,309.3829,-121.0621,124.6886,-133.404,128.5754,1
-1.150499,7.812474,6.438607,10,-10,-10,0.44,500,-10,500,-10,67.4453,25.68825,309.49,-121.287,124.5343,-133.2678,128.8185,1
7.034146,14.85491,9.272408,-3.685614,-10,-10,0.44,500,-10,500,-10,67.53909,25.59419,309.6118,-121.5588,124.8186,-133.0969,128.6351,1
6.181748,14.88752,4.457835,-10,-10,-10,0.44,500,-10,500,-10,67.48618,25.49595,309.7233,-121.7228,124.9681,-133.0254,128.578,1
12.41115,1.771764,6.33205,-10,10,-10,0.44,500,-10,500,-10,67.36727,25.38907,309.6613,-121.4865,125.1664,-133.2103,128.3283,1
5.465991,-2.60348,9.040688,3.705617,10,-10,0.44,500,-10,500,-10,67.31786,25.27081,309.5824,-121.232,124.8945,-133.3994,128.5348,1
4.339279,-2.689789,3.846239,10,7.655842,-10,0.44,500,-10,500,-10,67.41057,25.15471,309.5163,-121.1319,124.7151,-133.4447,128.6595,1
1.131647,12.10427,6.931972,10,-10,-10,0.44,500,-10,500,-10,67.50921,25.06178,309.6003,-121.362,124.5434,-133.2842,128.9008,1
5.652542,14.10643,9.058744,-6.647962,-10,-10,0.44,500,-10,500,-10,67.48439,24.96456,309.7029,-121.6965,124.8635,-133.0347,128.6656,1
9.512786,13.48537,3.714269,-10,2.09492,-10,0.44,500,-10,500,-10,67.37718,24.86562,309.7516,-121.6509,125.0757,-133.1207,128.4938,1
9.875425,-1.502296,6.833998,-10,10,-10,0.44,500,-10,500,-10,67.30026,24.74939,309.6727,-121.5421,125.1278,-133.1641,128.3763,1
6.799024,-2.680328,8.579298,10,10,-10,0.44,500,-10,500,-10,67.40196,24.62957,309.5913,-121.171,124.7391,-133.4678,128.6976,1
0.9042848,0.03167379,4.268635,10,-3.752293,-10,0.44,500,-10,500,-10,67.51004,24.52285,309.5701,-121.3191,124.5612,-133.3021,128.858,1
3.977183,14.24203,7.213882,10,-10,-10,0.44,500,-10,500,-10,67.53523,24.42555,309.6968,-121.4474,124.5351,-133.2788,128.9891,1
4.392706,14.59873,8.148832,-10,-10,-10,0.44,500,-10,500,-10,67.37338,24.32964,309.8358,-121.8616,124.9352,-132.9797,128.7041,1
12.74826,9.947317,4.902092,-10,3.772296,-10,0.44,500,-10,500,-10,67.21945,24.23334,309.9119,-121.7539,125.1234,-133.1505,128.579,1
6.931754,-2.74228,7.579282,-9.663824,10,-10,0.44,500,-10,500,-10,67.20423,24.10647,309.8083,-121.6454,125.1364,-133.1732,128.4801,1
7.75851,-2.966588,6.96311,10,10,-10,0.44,500,-10,500,-10,67.39095,23.98132,309.6746,-121.2539,124.7265,-133.4539,128.7793,1
-1.48037,4.080687,5.063656,10,-6.184881,-10,0.44,500,-10,500,-10,67.42866,23.87891,309.7397,-121.4685,124.5615,-133.2932,128.9981,1
6.355422,14.70987,8.133625,0.9639442,-10,-10,0.44,500,-10,500,-10,67.09946,23.79795,310.1408,-121.8561,124.8513,-133.238,129.0408,1
4.615195,15.14336,6.028552,-10,-10,-10,0.44,500,-10,500,-10,66.41068,23.77237,310.7555,-122.3328,125.3242,-133.2706,129.0771,1
13.73602,5.186925,6.181314,-10,10,-10,0.44,500,-10,500,-10,65.85764,23.67301,311.2164,-122.2696,125.6968,-133.7157,129.0865,1
5.589943,-2.748775,8.659884,3.81897,10,-10,0.44,500,-10,500,-10,64.24702,23.62431,312.8013,-122.8506,126.124,-134.4479,129.9725,1
6.512955,-3.14396,4.589463,10,10,-10,0.44,500,-10,500,-10,63.67502,23.74385,313.4749,-123.0808,126.3063,-134.7758,130.3483,1
-0.6399911,9.345847,6.764369,10,-10,-10,0.44,500,-10,500,-10,64.31638,23.79239,312.922,-123.0371,125.8193,-134.3615,130.3772,1
6.415994,14.1611,8.862907,-3.838973,-10,-10,0.44,500,-10,500,-10,64.7173,23.89563,312.5406,-123.0309,125.9352,-134.0517,129.9453,1
7.099449,14.71561,4.037908,-10,-10,-10,0.44,500,-10,500,-10,64.77994,24.02274,312.3668,-122.9992,126.0256,-133.9394,129.7109,1
11.56516,0.2920078,6.277153,-10,10,-10,0.44,500,-10,500,-10,64.50217,24.09729,312.5692,-122.931,126.2928,-134.1752,129.6113,1
5.917277,-2.472441,9.265083,5.101699,10,-10,0.44,500,-10,500,-10,64.32597,24.19334,312.7642,-122.7998,126.0915,-134.468,129.9743,1
3.071306,-2.340901,3.568833,10,1.878183,-10,0.44,500,-10,500,-10,64.3558,24.29755,312.851,-122.8344,125.9586,-134.5052,130.179,1
1.585164,12.74064,6.555093,10,-10,-10,0.44,500,-10,500,-10,64.54619,24.39852,312.7259,-122.8982,125.7697,-134.3379,130.2643,1
5.528334,14.36335,9.376171,-8.982776,-10,-10,0.44,500,-10,500,-10,64.5639,24.51291,312.6176,-123.1442,126.0781,-134.0021,129.8661,1
10.84889,12.7653,4.155513,-10,3.885647,-10,0.44,500,-10,500,-10,64.47823,24.61752,312.5973,-122.986,126.2638,-134.1435,129.6636,1
8.985903,-1.999979,7.014876,-10,10,-10,0.44,500,-10,500,-10,64.32278,24.71383,312.7141,-122.9979,126.3663,-134.2283,129.6579,1
7.713661,-2.470809,8.685436,10,10,-10,0.44,500,-10,500,-10,64.35471,24.82148,312.8127,-122.6887,126.0729,-134.6194,130.0331,1
-0.07007241,1.032226,4.597118,10,-3.90565,-10,0.44,500,-10,500,-10,64.44392,24.92432,312.842,-122.8447,125.9309,-134.4875,130.1993,1
4.626165,14.42027,7.128378,10,-10,-10,0.44,500,-10,500,-10,64.56129,25.03109,312.7485,-122.8601,125.8248,-134.3947,130.228,1
4.154441,14.53986,7.44561,-10,-10,-10,0.44,500,-10,500,-10,64.49778,25.14488,312.6651,-123.1555,126.1483,-134.0302,129.8353,1
13.42615,8.838873,5.586027,-10,4.373856,-10,0.44,500,-10,500,-10,64.3999,25.24894,312.6497,-122.9819,126.3202,-134.191,129.6506,1
6.284075,-2.813295,7.740588,-4.780075,10,-10,0.44,500,-10,500,-10,64.33966,25.35138,312.7476,-122.875,126.3373,-134.379,129.7146,1
8.16769,-2.85134,6.672945,10,10,-10,0.44,500,-10,500,-10,64.44482,25.45548,312.8457,-122.6505,126.1281,-134.6848,130.0052,1
-1.601317,5.539596,5.720516,10,-8.652327,-10,0.44,500,-10,500,-10,64.52831,25.56055,312.8022,-122.83,125.9031,-134.4693,130.1942,1
6.183559,14.42833,7.914289,-3.952326,-10,-10,0.44,500,-10,500,-10,64.51744,25.67352,312.7083,-123.0361,126.0954,-134.1854,129.924,1
5.253614,15.08558,5.359741,-10,-10,-10,0.44,500,-10,500,-10,64.3587,25.78072,312.5998,-123.0673,126.1982,-134.0643,129.7313,1
13.37944,3.74245,6.411415,-10,10,-10,0.44,500,-10,500,-10,64.3119,25.88708,312.6823,-122.8955,126.4437,-134.3045,129.5542,1
5.368114,-2.674092,8.800547,3.972329,10,-10,0.44,500,-10,500,-10,64.37086,25.99606,312.8087,-122.7021,126.2594,-134.6025,129.8432,1
5.47813,-3.213865,3.96336,10,10,-10,0.44,500,-10,500,-10,64.59697,26.09368,312.9703,-122.6465,126.2181,-134.7921,130.0184,1
-0.2462001,10.28943,6.497182,10,-10,-10,0.44,500,-10,500,-10,64.62146,26.209,312.8816,-122.825,125.9633,-134.54,130.1997,1
6.440372,14.27359,9.31728,-3.992332,-10,-10,0.44,500,-10,500,-10,64.49774,26.32744,312.7096,-122.9903,126.146,-134.2323,129.8746,1
8.151507,14.48993,3.945927,-10,-6.509502,-10,0.44,500,-10,500,-10,64.17779,26.43026,312.4754,-122.8898,126.2932,-134.1387,129.5333,1
11.36693,-0.003891826,6.887496,-10,10,-10,0.44,500,-10,500,-10,64.31691,26.5466,312.7204,-122.8554,126.5147,-134.3761,129.5148,1
6.113982,-2.698309,8.96367,7.168824,10,-10,0.44,500,-10,500,-10,65.23595,26.63933,313.623,-122.8887,126.5407,-135.0907,130.2366,1
2.242191,-1.550977,3.782002,10,-3.203876,-10,0.44,500,-10,500,-10,67.43161,26.62699,315.7227,-123.7428,127.2444,-135.9764,131.2728,1
2.14384,13.21624,6.407454,10,-10,-10,0.44,500,-10,500,-10,68.33382,26.51844,316.5272,-124.0778,127.4737,-136.308,131.71,1
5.107777,14.43042,9.066492,-10,-10,-10,0.44,500,-10,500,-10,68.26566,26.37756,316.5292,-124.4333,127.8085,-135.9541,131.3769,1
11.44917,11.62579,4.106916,-10,4.039006,-10,0.44,500,-10,500,-10,68.07114,26.28056,316.4253,-124.2504,127.9274,-136.051,131.1719,1
7.945513,-2.546527,6.928618,-10,10,-10,0.44,500,-10,500,-10,67.687,26.23108,316.1125,-124.0791,127.8831,-135.9631,130.9571,1
8.178696,-2.438691,8.576408,10,10,-10,0.44,500,-10,500,-10,67.55447,26.14147,315.8824,-123.6574,127.4482,-136.1941,131.2013,1
-0.8867143,1.923597,4.562898,10,-4.05901,-10,0.44,500,-10,500,-10,67.60159,26.04291,315.8219,-123.8009,127.2492,-136.0005,131.3502,1
5.305299,14.62071,7.303837,9.448767,-10,-10,0.44,500,-10,500,-10,67.80643,25.93267,315.9603,-123.9254,127.235,-135.9907,131.479,1
4.287038,14.78285,7.057273,-10,-10,-10,0.44,500,-10,500,-10,67.80219,25.80986,316.0568,-124.3056,127.5972,-135.6904,131.1967,1
13.43454,7.375412,5.19899,-10,6.39104,-10,0.44,500,-10,500,-10,67.68081,25.71297,316.0175,-124.1188,127.7653,-135.8446,130.9962,1
5.921462,-2.699564,8.044867,-0.8386385,10,-10,0.44,500,-10,500,-10,67.55871,25.62277,315.8898,-123.8829,127.5973,-135.9747,131.0583,1
7.593412,-3.273921,5.850017,10,10,-10,0.44,500,-10,500,-10,67.59758,25.52484,315.7761,-123.6708,127.3419,-136.0927,131.2196,1
-1.652268,6.709677,5.878779,10,-10,-10,0.44,500,-10,500,-10,67.71954,25.41815,315.8413,-123.9096,127.1432,-135.9078,131.4722,1
6.567912,14.59145,8.500762,-4.105684,-10,-10,0.44,500,-10,500,-10,67.7695,25.3,315.9206,-124.1883,127.4048,-135.6949,131.2764,1
5.546779,14.94597,4.724092,-10,-10,-10,0.44,500,-10,500,-10,67.67996,25.18202,315.9984,-124.3346,127.5337,-135.613,131.2119,1
13.08866,2.692299,6.528975,-10,10,-10,0.44,500,-10,500,-10,67.57961,25.08872,315.9174,-124.0884,127.7242,-135.7921,130.9543,1
5.636301,-2.375661,9.217386,4.125689,10,-10,0.44,500,-10,500,-10,67.55704,24.98989,315.8166,-123.8178,127.4329,-135.9791,131.162,1
5.192091,-2.814747,4.244574,10,10,-10,0.44,500,-10,500,-10,67.67494,24.89414,315.7116,-123.7128,127.2376,-135.9971,131.2704,1
0.5360244,11.49834,6.875227,10,-10,-10,0.44,500,-10,500,-10,67.75888,24.78269,315.7677,-123.9422,127.0452,-135.8143,131.5093,1
6.379201,14.39339,9.506428,-5.001427,-10,-10,0.44,500,-10,500,-10,67.74411,24.66285,315.8476,-124.2217,127.3443,-135.601,131.2764,1
8.717478,14.06134,3.585495,-10,-2.780897,-10,0.44,500,-10,500,-10,67.62091,24.5519,315.8989,-124.2619,127.5307,-135.6033,131.1324,1
10.61902,-0.8470494,6.738632,-10,10,-10,0.44,500,-10,500,-10,67.58533,24.45699,315.7869,-124.0942,127.6096,-135.6781,130.9608,1
6.732717,-2.360104,9.339442,8.577106,10,-10,0.44,500,-10,500,-10,67.72107,24.36353,315.6486,-123.7742,127.1673,-135.8836,131.2885,1
1.401547,-1.110622,3.79807,10,-4.172362,-10,0.44,500,-10,500,-10,67.87021,24.26719,315.577,-123.9065,126.9103,-135.692,131.4861,1
3.04286,13.81692,6.881461,10,-10,-10,0.44,500,-10,500,-10,67.89359,24.14021,315.6754,-123.9825,126.9131,-135.6975,131.5648,1
4.869743,14.60389,8.863158,-10,-10,-10,0.44,500,-10,500,-10,67.71722,24.01438,315.7984,-124.3441,127.3543,-135.4378,131.2256,1
11.83412,10.67797,4.053769,-10,4.192366,-10,0.44,500,-10,500,-10,67.59583,23.90471,315.825,-124.211,127.5231,-135.5929,131.0787,1
7.61851,-2.578911,7.354366,-10,10,-10,0.44,500,-10,500,-10,67.83018,23.81531,315.4731,-124.0825,127.3335,-135.4298,130.9768,1
8.102408,-2.627436,8.084696,10,10,-10,0.44,500,-10,500,-10,68.44756,23.76477,314.9116,-123.4857,126.7143,-135.5614,131.1308,1
-0.7689617,2.972066,5.259625,10,-4.212369,-10,0.44,500,-10,500,-10,69.11507,23.7366,314.3322,-123.37,126.2743,-135.1971,131.0907,1
5.91666,14.88807,7.818611,6.561662,-10,-10,0.44,500,-10,500,-10,70.00838,23.65775,313.5138,-123.0282,125.7906,-134.8607,130.8963,1
4.35108,15.0073,6.685248,-10,-10,-10,0.44,500,-10,500,-10,71.10461,23.71341,312.3338,-122.6686,125.6121,-134.2426,130.0971,1
13.48509,6.478164,5.484502,-10,7.778361,-10,0.44,500,-10,500,-10,70.69836,23.79425,312.6468,-122.6733,125.9128,-134.4973,130.0557,1
5.725794,-2.748929,8.172215,2.068559,10,-10,0.44,500,-10,500,-10,70.31889,23.90357,312.9973,-122.6298,125.8788,-134.8311,130.3801,1
7.315905,-3.184337,5.640103,10,10,-10,0.44,500,-10,500,-10,70.27219,24.03355,313.1501,-122.5512,125.8193,-135.0364,130.5662,1
-1.471399,7.617342,6.141586,10,-10,-10,0.44,500,-10,500,-10,70.55451,24.10425,312.9419,-122.6689,125.4971,-134.7461,130.7159,1
6.790707,14.60645,8.885131,-4.259043,-10,-10,0.44,500,-10,500,-10,70.7502,24.19771,312.7449,-122.812,125.654,-134.4398,130.3958,1
5.847849,14.76432,4.238359,-10,-10,-10,0.44,500,-10,500,-10,70.76858,24.30452,312.5948,-122.805,125.73,-134.3224,130.1954,1
12.61331,1.953869,6.388669,-10,10,-10,0.44,500,-10,500,-10,70.59371,24.40212,312.701,-122.6573,125.9855,-134.5581,130.028,1
5.987855,-2.093443,9.732488,4.279046,10,-10,0.44,500,-10,500,-10,70.49274,24.51462,312.8124,-122.4607,125.7997,-134.847,130.306,1
4.9045,-2.415534,4.440123,10,9.63441,-10,0.44,500,-10,500,-10,70.54083,24.63069,312.9063,-122.3951,125.7429,-134.9904,130.4405,1
0.3052869,11.43875,6.19095,10,-10,-10,0.44,500,-10,500,-10,70.68182,24.72337,312.8142,-122.5632,125.4826,-134.7461,130.6246,1
5.953945,14.22182,9.274576,-6.121727,-10,-10,0.44,500,-10,500,-10,70.71796,24.82534,312.7093,-122.7846,125.719,-134.4377,130.3013,1
9.28697,13.72698,3.544154,-10,0.02116108,-10,0.44,500,-10,500,-10,70.63389,24.92744,312.6587,-122.7072,125.896,-134.4731,130.0824,1
10.19823,-1.389602,6.675675,-10,10,-10,0.44,500,-10,500,-10,70.51927,25.03499,312.7425,-122.635,126.0506,-134.6149,129.9971,1
7.294685,-2.056818,9.629739,9.566244,10,-10,0.44,500,-10,500,-10,70.57772,25.1496,312.825,-122.3243,125.7569,-134.9938,130.3592,1
1.104518,-0.3934729,4.085968,10,-4.325722,-10,0.44,500,-10,500,-10,70.67592,25.25442,312.8445,-122.4731,125.5985,-134.8613,130.5339,1
-0.770926,14.05086,7.063392,10,-10,-10,0.44,500,-10,500,-10,70.7618,25.3556,312.7454,-122.4836,125.4961,-134.7686,130.5541,0.2833806
-1.427341,14.61685,8.496135,-10,-10,-10,0.44,500,-10,500,-10,70.66628,25.46136,312.6492,-122.7706,125.8211,-134.4019,130.1494,0
6.479661,10.49331,4.710226,-10,4.345724,-10,0.44,500,-10,500,-10,70.55677,25.56343,312.6145,-122.5807,125.9946,-134.563,129.9472,0
0.7578954,-3.137906,6.843675,-10,10,-10,0.44,500,-10,500,-10,70.49817,25.6767,312.7083,-122.5747,126.0849,-134.6467,129.9345,0
1.84463,-2.920593,7.433028,10,10,-10,0.44,500,-10,500,-10,70.62311,25.79163,312.8057,-122.2591,125.7862,-135.0431,130.3139,0
-7.098016,3.570941,5.241699,10,-4.948957,-10,0.44,500,-10,500,-10,70.73162,25.89619,312.8229,-122.4207,125.6266,-134.8957,130.4878,0
-0.2390203,14.43983,7.422031,4.426856,-10,-10,0.44,500,-10,500,-10,70.7086,26.00089,312.6886,-122.5099,125.6185,-134.6953,130.3846,0
-1.670841,15.0841,6.279367,-10,-10,-10,0.44,500,-10,500,-10,70.49887,26.09852,312.5261,-122.6338,125.8748,-134.4367,129.9937,0
7.652317,5.971593,5.823455,-10,8.733356,-10,0.44,500,-10,500,-10,70.44473,26.20958,312.5789,-122.4616,126.0969,-134.6526,129.8153,0
-0.6512026,-3.067071,7.953391,4.198991,10,-10,0.44,500,-10,500,-10,70.56472,26.32981,312.7452,-122.2965,125.9029,-134.9556,130.1472,0
1.051277,-3.147111,5.295982,10,10,-10,0.44,500,-10,500,-10,70.93432,26.4332,313.0313,-122.2877,125.9093,-135.2014,130.3777,0
-7.238547,8.29514,6.300143,10,-10,-10,0.44,500,-10,500,-10,70.82882,26.5522,312.8212,-122.423,125.6118,-134.892,130.5011,0
0.9207246,14.61234,9.103584,-4.412402,-10,-10,0.44,500,-10,500,-10,69.96005,26.65349,311.9187,-122.2333,125.6429,-134.334,129.7223,0
0.6085927,15.0731,4.474627,-10,-10,-10,0.44,500,-10,500,-10,68.28888,26.60812,310.3462,-121.8534,125.2626,-133.4109,128.7996,0
6.564082,1.625913,6.695238,-10,10,-10,0.44,500,-10,500,-10,67.33221,26.57112,309.4835,-121.3881,125.1214,-133.1613,128.226,0
-0.4394164,-2.493466,9.231789,4.432405,10,-10,0.44,500,-10,500,-10,66.91827,26.44551,309.0937,-121.0594,124.6828,-133.1671,128.3416,0
-1.727199,-2.583704,3.876087,10,7.734673,-10,0.44,500,-10,500,-10,66.96736,26.31276,309.0408,-120.9752,124.5281,-133.2075,128.4525,0
-5.112554,12.03085,6.465816,10,-10,-10,0.44,500,-10,500,-10,67.32973,26.25858,309.3271,-121.2474,124.4519,-133.1724,128.7658,0
0.02446461,14.45295,9.600588,-6.850037,-10,-10,0.44,500,-10,500,-10,67.53975,26.17415,309.5788,-121.5594,124.8984,-133.0691,128.528,0
4.069729,13.82095,4.068874,-10,1.863894,-10,0.44,500,-10,500,-10,67.51151,26.07518,309.6605,-121.519,125.1168,-133.177,128.3772,0
3.973321,-1.521413,6.930263,-10,10,-10,0.44,500,-10,500,-10,67.30014,25.96695,309.5202,-121.3968,125.1468,-133.1831,128.231,0
1.150986,-2.341655,9.139656,10,10,-10,0.44,500,-10,500,-10,67.29832,25.84528,309.4172,-121.0614,124.7162,-133.4331,128.5762,0
-5.3927,-0.2750117,3.920366,10,-4.47908,-10,0.44,500,-10,500,-10,67.39074,25.74054,309.4099,-121.227,124.534,-133.2614,128.7523,0
-2.118095,14.21703,7.075861,10,-10,-10,0.44,500,-10,500,-10,67.56401,25.65203,309.5414,-121.2946,124.5558,-133.3028,128.8396,0
-1.421068,14.78093,8.497306,-10,-10,-10,0.44,500,-10,500,-10,67.54389,25.54982,309.6517,-121.6859,124.9391,-133.003,128.5477,0
6.834439,10.20427,4.840155,-10,4.499084,-10,0.44,500,-10,500,-10,67.4589,25.44863,309.6841,-121.5483,125.1131,-133.1674,128.4005,0
1.125749,-2.656047,7.625975,-10,10,-10,0.44,500,-10,500,-10,67.33279,25.33771,309.5932,-121.464,125.1364,-133.1764,128.3019,0
1.664272,-3.131017,7.002999,10,10,-10,0.44,500,-10,500,-10,67.39186,25.21962,309.5149,-121.1046,124.7434,-133.4709,128.6301,0
-7.028564,4.005661,5.559793,10,-5.513975,-10,0.44,500,-10,500,-10,67.48963,25.11683,309.5187,-121.2807,124.5594,-133.2979,128.8172,0
-0.04732776,14.49173,7.570132,3.462337,-10,-10,0.44,500,-10,500,-10,67.5532,25.01987,309.621,-121.4825,124.6577,-133.1809,128.8036,0
-2.116907,14.69843,5.518051,-10,-10,-10,0.44,500,-10,500,-10,67.45417,24.921,309.7224,-121.7665,124.9272,-132.9809,128.6182,0
7.881202,5.830233,5.977479,-10,9.102725,-10,0.44,500,-10,500,-10,67.36659,24.81337,309.6767,-121.5454,125.1204,-133.1641,128.3871,0
-0.3962417,-2.790403,8.428484,4.545757,10,-10,0.44,500,-10,500,-10,67.36761,24.69591,309.5936,-121.2619,124.8397,-133.3788,128.5989,0
1.007478,-3.107081,5.198932,10,10,-10,0.44,500,-10,500,-10,67.51052,24.58292,309.4992,-121.145,124.6765,-133.4174,128.6839,0
-7.305481,8.423387,6.1729,10,-10,-10,0.44,500,-10,500,-10,67.56045,24.48221,309.5886,-121.397,124.493,-133.2396,128.9415,0
0.7364758,14.4102,8.877197,-4.565762,-10,-10,0.44,500,-10,500,-10,67.50988,24.37996,309.7131,-121.7069,124.7878,-133.0328,128.7498,0
0.3615201,14.7345,3.916818,-10,-10,-10,0.44,500,-10,500,-10,67.30396,24.28874,309.8637,-121.8802,124.9477,-132.9843,128.7148,0
6.225392,1.208406,6.293059,-10,10,-10,0.44,500,-10,500,-10,67.25955,24.17096,309.7929,-121.6368,125.1374,-133.169,128.4664,0
-0.1367732,-2.22308,9.629226,4.585764,10,-10,0.44,500,-10,500,-10,67.33617,24.04697,309.6693,-121.3421,124.8244,-133.3612,128.6769,0
-1.551684,-2.335555,4.175045,10,7.522966,-10,0.44,500,-10,500,-10,67.58194,23.93448,309.5071,-121.2204,124.5996,-133.3487,128.7673,0
-4.999764,12.16767,6.545377,10,-10,-10,0.44,500,-10,500,-10,67.46295,23.83076,309.7386,-121.5126,124.5126,-133.2482,129.0461,0
-0.1898665,14.26886,9.345855,-6.953659,-10,-10,0.44,500,-10,500,-10,66.98018,23.74952,310.2189,-122.0335,125.0216,-133.1253,128.9352,0
3.874415,13.57885,3.735951,-10,1.898251,-10,0.44,500,-10,500,-10,66.28686,23.69442,310.8221,-122.2412,125.4891,-133.4173,128.9674,0
4.091313,-1.442876,7.086003,-10,10,-10,0.44,500,-10,500,-10,65.15165,23.58754,311.8612,-122.5745,125.9891,-133.9451,129.3284,0
1.221488,-2.280446,9.247245,10,10,-10,0.44,500,-10,500,-10,59.34602,23.55108,317.7414,-125.0238,128.433,-136.3681,131.7568,0
-5.317014,-0.1506859,4.11046,10,-4.632439,-10,0.44,500,-10,500,-10,62.15964,23.47258,315.0269,-124.076,126.932,-135.0666,131.0086,0
-2.176981,14.19523,7.026473,10,-10,-10,0.44,500,-10,500,-10,62.19033,23.33683,315.0981,-124.1742,126.8894,-135.0274,131.1103,0
-1.656299,14.54844,8.211559,-10,-10,-10,0.44,500,-10,500,-10,62.05114,23.19691,315.166,-124.561,127.2555,-134.6969,130.8004,0
6.859508,10.29963,4.952049,-10,4.652442,-10,0.44,500,-10,500,-10,61.84382,23.10434,315.2852,-124.464,127.4748,-134.8928,130.6799,0
0.6627696,-3.131831,6.944086,-10,10,-10,0.44,500,-10,500,-10,61.47688,23.06292,315.5837,-124.5355,127.6922,-135.0686,130.7098,0
1.962173,-7.279762,3.777107,10,10,-10,0.44,500,-10,500,-10,61.3478,22.9817,315.8167,-124.2238,127.5307,-135.5733,131.0644,0
-7.186229,-2.211571,0.3432853,10,-5.323222,-10,0.44,500,-10,500,-10,61.40829,22.88402,315.862,-124.4097,127.3755,-135.425,131.257,0
0.4900816,9.051162,3.275081,4.287705,-10,-10,0.44,500,-10,500,-10,61.57177,22.76666,315.7418,-124.5425,127.319,-135.1925,131.214,0
-1.970356,8.84548,0.8459951,-10,-10,-10,0.44,500,-10,500,-10,61.54723,22.64114,315.6544,-124.797,127.4813,-134.8656,130.9793,0
7.745266,-0.1053737,0.9034981,-10,8.720952,-10,0.44,500,-10,500,-10,61.39699,22.55491,315.7431,-124.6002,127.7685,-135.1358,130.7655,0
-0.7314613,-9.100888,2.890824,4.073711,10,-10,0.44,500,-10,500,-10,61.30195,22.46471,315.8696,-124.378,127.6272,-135.4628,131.0116,0
1.047184,-9.237839,0.2470377,10,10,-10,0.44,500,-10,500,-10,61.35062,22.37,315.9857,-124.3295,127.5647,-135.6076,131.1703,0
-7.365715,2.232944,1.308577,10,-10,-10,0.44,500,-10,500,-10,61.47152,22.26089,315.9217,-124.5293,127.2981,-135.3547,131.3839,0
0.5384028,8.249836,3.554877,-4.71912,-10,-10,0.44,500,-10,500,-10,61.51606,22.14016,315.847,-124.7553,127.5063,-135.0668,131.1138,0
0.2031468,8.853926,-0.841575,-10,-10,-10,0.44,500,-10,500,-10,61.42463,22.01998,315.7729,-124.8479,127.5424,-134.9128,131.0163,0
6.396856,-4.484205,1.327997,-10,10,-10,0.44,500,-10,500,-10,61.3257,21.92954,315.8594,-124.6514,127.8218,-135.181,130.8087,0
-0.6099665,-8.611654,4.04297,4.739123,10,-10,0.44,500,-10,500,-10,61.30816,21.83374,315.9633,-124.4517,127.6079,-135.4669,131.1086,0
-1.800713,-8.866619,-1.324183,10,9.347983,-10,0.44,500,-10,500,-10,61.42739,21.74125,316.0686,-124.4131,127.541,-135.5927,131.2627,0
-5.30457,5.885154,1.53471,10,-10,-10,0.44,500,-10,500,-10,61.51083,21.62742,316.0121,-124.6112,127.2867,-135.3477,131.4702,0
-0.004625291,8.268293,4.391035,-6.413198,-10,-10,0.44,500,-10,500,-10,61.4762,21.50548,315.9355,-124.8698,127.5273,-135.0257,131.1662,0
3.576269,7.900287,-1.276038,-10,-0.0643115,-10,0.44,500,-10,500,-10,61.36134,21.39562,315.9014,-124.8195,127.6845,-135.0478,130.9807,0
4.191054,-7.455554,1.699716,-10,10,-10,0.44,500,-10,500,-10,61.33298,21.30399,316.0243,-124.7654,127.8436,-135.2036,130.9234,0
1.059576,-8.270673,4.395682,9.362598,10,-10,0.44,500,-10,500,-10,61.48886,21.21458,316.1683,-124.4932,127.5582,-135.5951,131.3281,0
-4.920531,-6.502574,-0.7683496,10,-4.785797,-10,0.44,500,-10,500,-10,61.64103,21.12012,316.2435,-124.6784,127.3965,-135.4723,131.5522,0
-2.53509,8.135057,2.007467,10,-10,-10,0.44,500,-10,500,-10,61.67261,20.98992,316.156,-124.7086,127.2902,-135.3696,131.586,0
-1.222639,8.729445,3.820422,-10,-10,-10,0.44,500,-10,500,-10,61.50454,20.86033,316.0469,-125.0229,127.5854,-134.9649,131.2004,0
6.417632,4.674789,-0.3482708,-10,4.805801,-10,0.44,500,-10,500,-10,61.40944,20.75052,316.049,-124.8706,127.7503,-135.119,131.0373,0
1.040777,-9.012847,1.911263,-10,10,-10,0.44,500,-10,500,-10,61.68217,20.6732,316.4401,-124.9643,127.9496,-135.3492,131.1619,0
1.628343,-9.199839,2.240825,10,10,-10,0.44,500,-10,500,-10,62.31306,20.64187,317.0129,-124.8278,127.8085,-135.9604,131.7778,0
-7.06769,-2.810688,0.2373056,10,-4.825804,-10,0.44,500,-10,500,-10,62.92295,20.62678,317.5362,-125.0965,127.741,-136.1253,132.2787,0
0.1699735,9.030676,2.957321,6.705228,-10,-10,0.44,500,-10,500,-10,63.67497,20.55652,318.2152,-125.4547,127.9724,-136.3297,132.61,0
-1.866322,8.880203,1.415349,-10,-10,-10,0.44,500,-10,500,-10,64.521,20.5962,319.15,-126.1713,128.5032,-136.3877,132.8537,0
7.385542,0.1292139,0.1697272,-10,7.760032,-10,0.44,500,-10,500,-10,64.26817,20.68954,318.992,-125.9167,128.6555,-136.5114,132.5706,0
-0.3862156,-8.752808,3.155465,1.56298,10,-10,0.44,500,-10,500,-10,63.97865,20.80894,318.7341,-125.5078,128.49,-136.7066,132.5224,0
1.19087,-9.52486,0.2630566,10,10,-10,0.44,500,-10,500,-10,63.96347,20.94142,318.6141,-125.294,128.3188,-136.8209,132.5941,0
-7.33252,1.682562,1.438375,10,-10,-10,0.44,500,-10,500,-10,64.23517,21.00839,318.8155,-125.6285,128.1204,-136.6534,132.9594,0
0.6491368,8.45499,3.571615,-4.872478,-10,-10,0.44,500,-10,500,-10,64.41737,21.0977,319.0058,-126.0022,128.39,-136.4373,132.8475,0
-0.2981511,8.941856,-0.6043679,-10,-10,-10,0.44,500,-10,500,-10,64.43253,21.19971,319.1567,-126.1449,128.5452,-136.4197,132.8173,0
7.189335,-3.498287,2.030693,-10,10,-10,0.44,500,-10,500,-10,64.26478,21.30105,319.057,-125.8804,128.746,-136.6015,132.5339,0
-0.4479381,-8.378492,4.265019,4.892482,10,-10,0.44,500,-10,500,-10,64.1766,21.41712,318.9555,-125.5774,128.468,-136.8204,132.7278,0
-1.240652,-9.086426,-1.257579,10,10,-10,0.44,500,-10,500,-10,64.23085,21.5359,318.8666,-125.407,128.3847,-136.9171,132.7375,0
-5.76295,5.460305,1.499196,10,-10,-10,0.44,500,-10,500,-10,64.36951,21.62596,318.9619,-125.6917,128.1633,-136.7115,133.0379,0
0.3543967,8.304062,4.527812,-5.460896,-10,-10,0.44,500,-10,500,-10,64.41978,21.72568,319.0676,-125.9927,128.4705,-136.498,132.8182,0
3.154997,8.365418,-1.206665,-10,-3.51525,-10,0.44,500,-10,500,-10,64.3374,21.8265,319.1371,-126.023,128.6616,-136.5253,132.6846,0
4.505106,-7.019913,1.627384,-10,10,-10,0.44,500,-10,500,-10,64.22762,21.93482,319.061,-125.8375,128.7965,-136.6477,132.4867,0
0.6912062,-8.366079,4.433198,8.27342,10,-10,0.44,500,-10,500,-10,64.26611,22.05075,318.9806,-125.4824,128.4585,-136.9362,132.7581,0
-3.952946,-6.712133,-0.5994462,10,-4.939157,-10,0.44,500,-10,500,-10,64.36456,22.15583,318.967,-125.5988,128.261,-136.8086,132.9444,0
-3.253599,7.739332,1.514985,10,-10,-10,0.44,500,-10,500,-10,64.44559,22.2541,319.0699,-125.6901,128.2457,-136.8025,133.0449,0
-0.8746762,8.658745,4.256343,-10,-10,-10,0.44,500,-10,500,-10,64.34195,22.35646,319.171,-126.0707,128.6414,-136.5056,132.7329,0
5.93817,5.271592,-0.8027517,-10,4.95916,-10,0.44,500,-10,500,-10,64.23048,22.45746,319.2075,-125.9163,128.8388,-136.6903,132.5659,0
1.588747,-8.789417,1.80024,-10,10,-10,0.44,500,-10,500,-10,64.1731,22.57422,319.1176,-125.817,128.8701,-136.7152,132.46,0
2.003818,-8.756441,3.119599,10,10,-10,0.44,500,-10,500,-10,64.30261,22.69232,319.0232,-125.4214,128.4919,-137.0325,132.7599,0
-7.121991,-3.857201,-0.3253103,10,-4.979163,-10,0.44,500,-10,500,-10,64.41485,22.79837,319.001,-125.5653,128.317,-136.8703,132.9165,0
-0.05235481,9.150263,2.859622,10,-10,-10,0.44,500,-10,500,-10,64.40697,22.89955,319.1471,-125.6767,128.3274,-136.8799,133.0271,0
-1.848469,8.799099,2.076906,-10,-10,-10,0.44,500,-10,500,-10,64.19194,22.9954,319.3211,-126.0944,128.7592,-136.6064,132.7395,0
7.654365,1.555449,0.46086,-10,6.385977,-10,0.44,500,-10,500,-10,64.05744,23.09761,319.3635,-125.9275,128.9764,-136.8084,132.5574,0
-0.2620574,-8.834482,2.832317,-2.270588,10,-10,0.44,500,-10,500,-10,64.12836,23.2251,319.218,-125.6816,128.8306,-136.9337,132.5827,0
2.308103,-8.84956,1.484017,10,10,-10,0.44,500,-10,500,-10,64.46794,23.3429,318.9549,-125.3185,128.5195,-137.0788,132.6759,0
-7.902164,0.465474,0.8773493,10,-9.44307,-10,0.44,500,-10,500,-10,64.21393,23.44887,319.3138,-125.71,128.4542,-136.9847,133.0385,0
0.7691998,8.715839,3.50381,-5.025837,-10,-10,0.44,500,-10,500,-10,62.7391,23.49628,320.8193,-126.7371,129.4757,-137.205,133.2644,0
-0.6099463,9.18341,0.04344833,-10,-10,-10,0.44,500,-10,500,-10,61.96645,23.37856,321.4932,-127.1737,129.895,-137.3268,133.4035,0
7.539526,-2.772654,1.690434,-10,10,-10,0.44,500,-10,500,-10,61.30617,23.33042,322.0652,-127.1467,130.4708,-137.8278,133.3017,0
-0.8263479,-8.666695,3.857547,5.045841,10,-10,0.44,500,-10,500,-10,60.92855,23.22365,322.4292,-127.0443,130.4053,-138.2318,133.6688,0
-0.3267975,-8.982498,-0.7799379,10,10,-10,0.44,500,-10,500,-10,60.87359,23.09554,322.5954,-127.0414,130.3835,-138.3724,133.8282,0
-6.031604,4.793927,1.806635,10,-10,-10,0.44,500,-10,500,-10,61.16214,23.02341,322.3809,-127.1667,130.0478,-138.0694,133.9862,0
0.6525837,8.334032,4.592659,-5.065844,-10,-10,0.44,500,-10,500,-10,61.35015,22.92666,322.1885,-127.3399,130.2068,-137.7368,133.6679,0
2.221591,8.729726,-1.141176,-10,-8.541038,-10,0.44,500,-10,500,-10,61.35668,22.81843,322.0539,-127.3824,130.22,-137.5827,133.5431,0
5.36266,-6.201641,1.820918,-10,10,-10,0.44,500,-10,500,-10,61.1736,22.72178,322.171,-127.2165,130.5036,-137.8456,133.3565,0
0.2569126,-8.360222,4.513219,6.81277,10,-10,0.44,500,-10,500,-10,61.11022,22.61073,322.2851,-126.9894,130.2601,-138.1673,133.6945,0
-3.087713,-7.502877,-0.7256444,10,-0.5972178,-10,0.44,500,-10,500,-10,61.1857,22.50433,322.3256,-127.0749,130.0912,-138.1154,133.897,0
-3.733371,7.633473,1.851677,10,-10,-10,0.44,500,-10,500,-10,61.33662,22.40729,322.2174,-127.1345,129.9248,-137.9661,133.9738,0
-0.7972083,8.271858,4.235459,-9.474711,-10,-10,0.44,500,-10,500,-10,61.30939,22.29994,322.1186,-127.4345,130.209,-137.5843,133.6077,0
5.373395,6.456205,-0.7755271,-10,5.112519,-10,0.44,500,-10,500,-10,61.21852,22.19727,322.0959,-127.2817,130.3711,-137.7182,133.4268,0
2.807625,-8.145369,2.205837,-10,10,-10,0.44,500,-10,500,-10,61.10157,22.09037,322.1893,-127.2747,130.4688,-137.8026,133.4065,0
1.71672,-8.57776,3.522257,10,10,-10,0.44,500,-10,500,-10,61.1715,21.97674,322.2731,-126.9734,130.1507,-138.1733,133.794,0
-6.421576,-4.799087,-0.4618479,10,-5.132523,-10,0.44,500,-10,500,-10,61.26958,21.87257,322.2906,-127.1532,129.9743,-138.0081,133.9849,0
-0.9394796,8.817036,2.388876,10,-10,-10,0.44,500,-10,500,-10,61.356,21.76958,322.1934,-127.1704,129.8668,-137.9103,134.0119,0
-1.896586,8.720715,2.671508,-10,-10,-10,0.44,500,-10,500,-10,61.25699,21.66224,322.0991,-127.4906,130.1606,-137.512,133.64,0
7.408577,2.824901,0.3964717,-10,5.152526,-10,0.44,500,-10,500,-10,61.1496,21.55951,322.0704,-127.3306,130.309,-137.6483,133.4678,0
0.1814901,-8.997678,2.437241,-7.476832,10,-10,0.44,500,-10,500,-10,61.10468,21.44776,322.1664,-127.2695,130.3688,-137.7889,133.4875,0
1.936815,-9.121593,1.483861,10,10,-10,0.44,500,-10,500,-10,61.24019,21.33584,322.2686,-127.0149,130.0977,-138.1281,133.8432,0
-7.316458,-0.5820416,1.002725,10,-7.548753,-10,0.44,500,-10,500,-10,61.31755,21.23302,322.2355,-127.202,129.8745,-137.9137,134.0391,0
0.8092433,8.814337,3.292255,-0.6539719,-10,-10,0.44,500,-10,500,-10,61.27124,21.12727,322.1036,-127.3713,129.9638,-137.635,133.8405,0
-1.374892,9.257613,0.6213231,-10,-10,-10,0.44,500,-10,500,-10,61.05056,21.03149,321.9394,-127.548,129.9942,-137.3222,133.674,0
7.902284,-1.46615,1.414554,-10,10,-10,0.44,500,-10,500,-10,61.03231,20.91473,322.0357,-127.33,130.2941,-137.6201,133.4539,0
-0.6583174,-8.761389,3.692203,5.1992,10,-10,0.44,500,-10,500,-10,61.16012,20.79547,322.2053,-127.1147,130.118,-137.9759,133.7706,0
0.7387289,-9.036875,-0.3009356,10,10,-10,0.44,500,-10,500,-10,61.53423,20.69413,322.496,-127.1397,130.1281,-138.1917,134.0014,0
-6.938988,3.521892,1.616104,10,-10,-10,0.44,500,-10,500,-10,61.42909,20.57366,322.2859,-127.2927,129.8129,-137.8647,134.1424,0
0.7431322,8.281491,4.050865,-5.219203,-10,-10,0.44,500,-10,500,-10,60.60136,20.46912,321.4286,-127.3488,129.6583,-137.0982,133.5867,0
0.9143347,8.794605,-1.266293,-10,-10,-10,0.44,500,-10,500,-10,58.96177,20.51174,319.8876,-126.8083,129.1073,-136.3618,132.8608,0
6.613614,-4.984041,2.24548,-10,10,-10,0.44,500,-10,500,-10,57.86412,20.54055,318.8842,-126.1504,129.0582,-136.1883,132.0786,0
-0.2834152,-8.355636,4.494588,5.239206,10,-10,0.44,500,-10,500,-10,57.46054,20.6681,318.5015,-125.7169,128.7015,-136.3047,132.1181,0
-2.041811,-8.337122,-1.00641,10,6.148087,-10,0.44,500,-10,500,-10,57.54036,20.79652,318.481,-125.6568,128.5735,-136.3478,132.2291,0
-4.622001,6.723052,1.821808,10,-10,-10,0.44,500,-10,500,-10,57.92788,20.84872,318.7921,-125.9797,128.4645,-136.2827,132.5959,0
-0.2925249,8.230397,4.415177,-7.553608,-10,-10,0.44,500,-10,500,-10,58.13418,20.9356,319.048,-126.4345,128.796,-136.04,132.4765,0
4.471657,7.63363,-0.9611461,-10,2.844496,-10,0.44,500,-10,500,-10,58.09729,21.03505,319.1188,-126.3556,129.0209,-136.1775,132.3102,0
3.743516,-7.829008,1.944426,-10,10,-10,0.44,500,-10,500,-10,57.87965,21.14254,318.9723,-126.2182,129.0616,-136.1935,132.1481,0
0.8458755,-8.679413,3.697498,10,10,-10,0.44,500,-10,500,-10,57.87897,21.26382,318.8666,-125.785,128.7265,-136.5392,132.3957,0
-5.663721,-6.276421,-1.039588,10,-5.285881,-10,0.44,500,-10,500,-10,57.974,21.36755,318.8635,-125.9413,128.5569,-136.3803,132.5627,0
-2.040862,8.333989,2.023845,10,-10,-10,0.44,500,-10,500,-10,58.14925,21.457,318.9955,-126.0737,128.514,-136.3573,132.715,0
-1.531096,8.665447,3.474814,-10,-10,-10,0.44,500,-10,500,-10,58.12645,21.56001,319.1057,-126.4545,128.9079,-136.0678,132.4124,0
6.930525,4.471524,-0.0946832,-10,5.305883,-10,0.44,500,-10,500,-10,58.03994,21.66142,319.1331,-126.291,129.104,-136.254,132.239,0
0.879895,-8.984009,2.19134,-10,10,-10,0.44,500,-10,500,-10,57.91232,21.77187,319.0413,-126.1992,129.1342,-136.2697,132.1328,0
2.094163,-8.878265,2.613202,10,10,-10,0.44,500,-10,500,-10,57.97415,21.88948,318.962,-125.8108,128.769,-136.5924,132.4322,0
-7.774589,-2.935647,-0.1086088,10,-5.325888,-10,0.44,500,-10,500,-10,58.07059,21.99413,318.9511,-125.9633,128.5966,-136.4309,132.5956,0
0.06791663,8.751875,2.617253,6.235373,-10,-10,0.44,500,-10,500,-10,58.14937,22.09171,319.0529,-126.1158,128.6475,-136.3627,132.629,0
-2.090848,8.76105,1.051329,-10,-10,-10,0.44,500,-10,500,-10,58.0544,22.19282,319.1518,-126.4311,128.9777,-136.1294,132.3808,0
7.773013,0.1543441,0.6116192,-10,8.007913,-10,0.44,500,-10,500,-10,57.96198,22.29758,319.1264,-126.2153,129.1829,-136.3241,132.1545,0
-0.7318972,-8.970508,2.89289,1.769459,10,-10,0.44,500,-10,500,-10,57.94875,22.41345,319.0413,-125.9495,128.979,-136.5194,132.2879,0
1.713202,-9.136655,0.7990477,10,10,-10,0.44,500,-10,500,-10,58.0848,22.52623,318.9471,-125.7445,128.8103,-136.6463,132.3785,0
-7.461071,1.790882,1.469714,10,-10,-10,0.44,500,-10,500,-10,58.13399,22.62647,319.0405,-126.0081,128.6186,-136.4602,132.6476,0
1.025509,8.727608,3.967179,-5.372562,-10,-10,0.44,500,-10,500,-10,58.0817,22.72862,319.1636,-126.3162,128.9417,-136.2541,132.4265,0
-0.06267247,9.273939,-0.2723067,-10,-10,-10,0.44,500,-10,500,-10,57.87878,22.81956,319.3123,-126.4614,129.1003,-136.2321,132.3912,0
6.803577,-4.048311,1.278477,-10,10,-10,0.44,500,-10,500,-10,57.83706,22.93794,319.2368,-126.1985,129.3053,-136.4324,132.1236,0
-0.2208301,-8.077683,4.686313,5.392566,10,-10,0.44,500,-10,500,-10,57.91462,23.06182,319.1156,-125.8728,128.9978,-136.6577,132.3307,0
-1.256591,-9.269141,-1.53382,10,10,-10,0.44,500,-10,500,-10,58.18238,23.17478,318.9282,-125.6711,128.857,-136.7041,132.3161,0
-5.658666,5.646575,1.872051,10,-10,-10,0.44,500,-10,500,-10,58.08218,23.28137,319.1407,-126.0043,128.7113,-136.547,132.638,0
0.3712415,8.166483,4.462182,-5.412569,-10,-10,0.44,500,-10,500,-10,57.68123,23.37045,319.5786,-126.4642,129.1843,-136.4499,132.5278,0
2.535928,8.306321,-1.478228,-10,-5.599745,-10,0.44,500,-10,500,-10,56.90734,23.40894,320.2634,-126.8274,129.6523,-136.6542,132.6273,0
4.906942,-6.767202,1.743242,-10,10,-10,0.44,500,-10,500,-10,56.06768,23.51143,321.0084,-127.0721,130.2633,-137.0267,132.6335,0
0.8117265,-8.081441,4.916033,7.750284,10,-10,0.44,500,-10,500,-10,54.2738,23.47964,322.8321,-127.5234,130.9221,-138.0865,133.4858,0
-4.222879,-7.501009,-1.310315,10,-3.336328,-10,0.44,500,-10,500,-10,54.58853,23.3819,322.6141,-127.5344,130.6183,-137.895,133.609,0
-3.374528,7.859403,1.754429,10,-10,-10,0.44,500,-10,500,-10,55.26202,23.30342,322.0303,-127.379,130.2136,-137.5665,133.5299,0
-1.201443,8.100675,3.853867,-10,-10,-10,0.44,500,-10,500,-10,55.39768,23.17679,321.8087,-127.6915,130.383,-137.0705,133.1769,0
5.475761,5.688972,-1.08975,-10,5.459243,-10,0.44,500,-10,500,-10,55.27127,23.07695,321.8412,-127.5446,130.5712,-137.2443,133.0157,0
2.197512,-8.452303,2.099309,-10,10,-10,0.44,500,-10,500,-10,54.95609,23.00026,322.0863,-127.5241,130.8305,-137.468,132.9595,0
1.796942,-8.736867,3.244501,10,10,-10,0.44,500,-10,500,-10,54.89061,22.8958,322.2579,-127.2553,130.568,-137.8788,133.3641,0
-6.487488,-4.255361,0.1536739,10,-5.479246,-10,0.44,500,-10,500,-10,54.96729,22.79452,322.2845,-127.4438,130.3929,-137.7125,133.5613,0
-0.536096,8.995904,2.55127,10,-10,-10,0.44,500,-10,500,-10,55.16185,22.69078,322.1507,-127.4358,130.2679,-137.6095,133.5754,0
-2.028133,8.687332,2.416451,-10,-10,-10,0.44,500,-10,500,-10,55.14723,22.57407,322.0497,-127.7704,130.5321,-137.1912,133.2275,0
7.553426,2.364477,0.3741694,-10,5.499249,-10,0.44,500,-10,500,-10,55.05526,22.47049,322.0402,-127.609,130.6962,-137.3448,133.0556,0
0.1578206,-8.815171,2.759828,-6.438985,10,-10,0.44,500,-10,500,-10,54.92219,22.37448,322.1552,-127.5292,130.7651,-137.5199,133.082,0
1.835956,-9.301143,1.120903,10,10,-10,0.44,500,-10,500,-10,54.96984,22.26973,322.2561,-127.2962,130.5166,-137.8365,133.414,0
-7.833195,-0.4947963,0.8350188,10,-7.983905,-10,0.44,500,-10,500,-10,55.07594,22.1674,322.2249,-127.4873,130.2877,-137.6196,133.6171,0
1.14859,9.036555,3.63514,-1.522128,-10,-10,0.44,500,-10,500,-10,55.13154,22.05567,322.1381,-127.6752,130.4138,-137.3597,133.4191,0
-1.132056,9.459668,0.7365794,-10,-10,-10,0.44,500,-10,500,-10,55.04022,21.94339,322.0529,-127.8219,130.4954,-137.1423,133.2669,0
7.788511,-1.803538,1.440006,-10,10,-10,0.44,500,-10,500,-10,54.94743,21.84506,322.1343,-127.6199,130.7754,-137.4119,133.0543,0
-0.5903667,-8.597414,3.954366,5.545925,10,-10,0.44,500,-10,500,-10,54.94145,21.74004,322.2298,-127.4017,130.5442,-137.7092,133.3647,0
0.7318525,-9.017426,-0.3433883,10,10,-10,0.44,500,-10,500,-10,55.06999,21.63957,322.3327,-127.3687,130.4963,-137.8275,133.4978,0
-7.281919,3.339466,1.219658,10,-10,-10,0.44,500,-10,500,-10,55.14276,21.52995,322.2618,-127.5685,130.2295,-137.569,133.7059,0
1.071957,8.522793,4.475035,-5.565928,-10,-10,0.44,500,-10,500,-10,55.12255,21.41379,322.1714,-127.8056,130.4496,-137.2569,133.4109,0
0.8881751,8.730278,-1.449236,-10,-10,-10,0.44,500,-10,500,-10,54.96108,21.30395,322.064,-127.8726,130.4629,-137.1009,133.3085,0
6.317803,-5.347948,1.912156,-10,10,-10,0.44,500,-10,500,-10,54.92783,21.19992,322.1639,-127.6796,130.7425,-137.3767,133.1118,0
-0.2782241,-8.304154,4.580514,5.585932,10,-10,0.44,500,-10,500,-10,55.00649,21.09493,322.3019,-127.4747,130.5221,-137.6959,133.4465,0
-2.670229,-8.961088,-1.914545,10,6.620506,-10,0.44,500,-10,500,-10,55.22544,21.00121,322.4514,-127.4941,130.4516,-137.8004,133.6409,0
-4.468296,6.914652,1.994767,10,-10,-10,0.44,500,-10,500,-10,55.23477,20.88213,322.3459,-127.6458,130.2114,-137.5613,133.7936,0
-0.3003736,8.160507,4.388502,-7.54831,-10,-10,0.44,500,-10,500,-10,55.04962,20.76223,322.1667,-127.8896,130.4376,-137.1691,133.419,0
4.273557,7.647822,-1.068271,-10,2.237844,-10,0.44,500,-10,500,-10,54.84491,20.65559,322.0547,-127.7881,130.5529,-137.1777,133.2109,0
3.555256,-8.084625,1.602019,-10,10,-10,0.44,500,-10,500,-10,55.18155,20.54922,322.5001,-127.8524,130.8194,-137.4824,133.3134,0
1.010666,-8.474678,4.057992,9.776021,10,-10,0.44,500,-10,500,-10,56.50002,20.50421,323.7522,-127.8994,130.8598,-138.4729,134.3105,0
-5.331145,-6.146781,-0.7044795,10,-5.632606,-10,0.44,500,-10,500,-10,57.672,20.55658,324.8302,-128.4301,131.0462,-138.8354,135.0173,0
-2.418458,8.096824,1.629566,10,-10,-10,0.44,500,-10,500,-10,58.5294,20.63223,325.5953,-128.8482,131.1649,-139.0513,135.5325,0
-1.440504,8.649265,3.646477,-10,-10,-10,0.44,500,-10,500,-10,58.64463,20.76526,325.794,-129.2546,131.5909,-138.8095,135.2712,0
6.734141,4.417547,-0.4056861,-10,5.652609,-10,0.44,500,-10,500,-10,58.48825,20.86265,325.7299,-129.0535,131.7567,-138.9575,135.0523,0
1.091415,-8.915732,2.197198,-10,10,-10,0.44,500,-10,500,-10,58.13865,20.93131,325.452,-128.9042,131.7154,-138.8766,134.8634,0
2.208787,-8.817895,2.837864,10,10,-10,0.44,500,-10,500,-10,58.05062,21.03236,325.2587,-128.4797,131.3087,-139.1409,135.1098,0
-7.323899,-2.982113,0.215445,10,-5.672612,-10,0.44,500,-10,500,-10,58.12363,21.13291,325.2285,-128.6255,131.1297,-138.9701,135.2639,0
-0.1673459,8.667254,2.230821,8.02791,-10,-10,0.44,500,-10,500,-10,58.31723,21.23827,325.3676,-128.7548,131.1608,-138.956,135.348,0
-1.893494,8.941967,1.646979,-10,-10,-10,0.44,500,-10,500,-10,58.30469,21.35604,325.4711,-129.0966,131.5199,-138.7,135.0746,0
7.823992,0.7587844,0.6105808,-10,7.527102,-10,0.44,500,-10,500,-10,58.18193,21.4531,325.4276,-128.881,131.7133,-138.8795,134.8452,0
-0.7361195,-8.985203,2.790737,-0.1737977,10,-10,0.44,500,-10,500,-10,58.07343,21.55082,325.3108,-128.6365,131.5389,-139.0273,134.9229,0
1.91894,-9.210329,0.8221081,10,10,-10,0.44,500,-10,500,-10,58.1235,21.65438,325.2061,-128.3914,131.3453,-139.1857,135.0297,0
-8.018345,1.049088,0.8572435,10,-9.946382,-10,0.44,500,-10,500,-10,58.24592,21.75802,325.2827,-128.6512,131.1351,-138.9893,135.3034,0
1.127207,8.872665,3.913322,-5.719286,-10,-10,0.44,500,-10,500,-10,58.28481,21.87223,325.367,-128.9437,131.4431,-138.7666,135.0652,0
-0.523333,9.1682,-0.326848,-10,-10,-10,0.44,500,-10,500,-10,58.19223,21.98533,325.4514,-129.0484,131.5645,-138.7318,135.0137,0
7.285461,-3.314575,1.657321,-10,10,-10,0.44,500,-10,500,-10,58.09504,22.08276,325.3684,-128.7872,131.768,-138.9243,134.7415,0
-1.084857,-8.798322,3.698948,5.739289,10,-10,0.44,500,-10,500,-10,58.08483,22.18733,325.2731,-128.4727,131.4689,-139.1599,134.9617,0
-0.3320246,-8.871262,-0.720295,10,10,-10,0.44,500,-10,500,-10,58.20757,22.28776,325.1717,-128.3088,131.3898,-139.2397,134.9567,0
-6.345526,4.773542,1.3588,10,-10,-10,0.44,500,-10,500,-10,58.28408,22.39717,325.2424,-128.5818,131.1667,-139.0253,135.2384,0
0.6798382,8.284802,4.653648,-5.759293,-10,-10,0.44,500,-10,500,-10,58.26849,22.51341,325.3303,-128.8829,131.4767,-138.797,135.0012,0
2.146508,8.611325,-1.438492,-10,-9.300241,-10,0.44,500,-10,500,-10,58.11672,22.62358,325.4289,-128.9885,131.6144,-138.7731,134.9453,0
5.285949,-6.41408,1.777855,-10,10,-10,0.44,500,-10,500,-10,58.07879,22.72638,325.3294,-128.7246,131.8002,-138.9546,134.677,0
0.01345819,-8.476587,4.392024,6.965092,10,-10,0.44,500,-10,500,-10,58.17767,22.82964,325.1964,-128.3426,131.4832,-139.2265,134.8837,0
-3.735887,-8.24485,-1.656181,10,0.5669155,-10,0.44,500,-10,500,-10,58.34927,22.92652,325.1007,-128.2967,131.327,-139.193,134.9607,0
-3.918522,7.499677,1.5883,10,-10,-10,0.44,500,-10,500,-10,58.35384,23.04532,325.2164,-128.5073,131.2118,-139.0783,135.1718,0
-0.9059198,8.080937,4.135463,-9.05757,-10,-10,0.44,500,-10,500,-10,58.14835,23.16268,325.3846,-128.9205,131.61,-138.8044,134.9129,0
5.420001,7.026725,-0.575298,-10,5.805968,-10,0.44,500,-10,500,-10,57.99898,23.27018,325.4402,-128.7822,131.8434,-138.9888,134.7256,0
2.565608,-8.554193,1.555959,-10,10,-10,0.44,500,-10,500,-10,58.24813,23.37699,325.0789,-128.4836,131.8145,-138.9881,134.4552,0
1.533516,-8.51818,3.687866,10,10,-10,0.44,500,-10,500,-10,59.10067,23.44254,324.2959,-127.7393,131.1325,-139.0836,134.4884,0
-6.091063,-5.123974,-0.4186692,10,-5.825972,-10,0.44,500,-10,500,-10,60.21205,23.45737,323.2769,-127.5013,130.5403,-138.4772,134.2361,0
-1.218054,8.745472,2.143674,10,-10,-10,0.44,500,-10,500,-10,61.66105,23.44552,321.922,-127.0012,129.7766,-137.8546,133.8773,0
-1.822795,8.785214,3.083857,-10,-10,-10,0.44,500,-10,500,-10,61.89458,23.31334,321.6069,-127.2297,129.9414,-137.3651,133.4514,0
7.431955,3.574237,0.2785079,-10,5.845975,-10,0.44,500,-10,500,-10,61.6848,23.21993,321.7243,-127.1187,130.1734,-137.5734,133.3166,0
-0.04417789,-9.42806,1.829078,-10,10,-10,0.44,500,-10,500,-10,61.24917,23.1553,322.082,-127.158,130.4799,-137.8304,133.3065,0
1.639898,-9.432868,1.490589,10,10,-10,0.44,500,-10,500,-10,61.12314,23.05027,322.3079,-126.9115,130.247,-138.2641,133.7266,0
-7.676934,-1.770614,0.391675,10,-6.624419,-10,0.44,500,-10,500,-10,61.23215,22.95089,322.2946,-127.0943,130.0407,-138.0702,133.9218,0
0.488456,8.710368,2.849287,3.598048,-10,-10,0.44,500,-10,500,-10,61.43118,22.84799,322.1324,-127.1704,130.0257,-137.8598,133.8025,0
-1.636295,9.307982,1.153006,-10,-10,-10,0.44,500,-10,500,-10,61.43137,22.73224,322.0132,-127.4062,130.154,-137.5252,133.5754,0
8.086706,-0.500923,1.108847,-10,8.888388,-10,0.44,500,-10,500,-10,61.27699,22.63883,322.0984,-127.2057,130.4426,-137.7963,133.3574,0
-0.6269358,-8.759935,3.402666,4.154221,10,-10,0.44,500,-10,500,-10,61.17812,22.5362,322.2174,-127.0083,130.268,-138.0923,133.6306,0
1.070771,-9.531666,-0.02575076,10,10,-10,0.44,500,-10,500,-10,61.22371,22.4292,322.3233,-126.9579,130.2019,-138.2304,133.7844,0
-7.47843,2.414188,1.496904,10,-10,-10,0.44,500,-10,500,-10,61.35734,22.32862,322.2371,-127.1473,129.926,-137.9697,133.9889,0
0.7622953,8.289257,3.630289,-5.912652,-10,-10,0.44,500,-10,500,-10,61.40554,22.21672,322.1472,-127.3864,130.1487,-137.6561,133.6918,0
-0.2874839,8.86509,-1.090527,-10,-10,-10,0.44,500,-10,500,-10,61.32261,22.10519,322.0594,-127.4557,130.1551,-137.5139,133.6125,0
6.779878,-4.282526,1.562173,-10,10,-10,0.44,500,-10,500,-10,61.2164,22.00682,322.1422,-127.2555,130.4359,-137.7828,133.4003,0
-0.8242726,-8.570646,4.032739,5.932655,10,-10,0.44,500,-10,500,-10,61.19695,21.90012,322.2344,-127.0309,130.1969,-138.0839,133.7159,0
-1.391908,-9.210963,-1.569253,10,10,-10,0.44,500,-10,500,-10,61.30864,21.79655,322.3308,-127.0028,130.1536,-138.1917,133.839,0
-5.624129,5.876811,1.712627,10,-10,-10,0.44,500,-10,500,-10,61.39146,21.68993,322.2568,-127.2005,129.8852,-137.9328,134.0461,0
0.3046494,8.077058,4.462427,-5.98109,-10,-10,0.44,500,-10,500,-10,61.38272,21.57633,322.1687,-127.4449,130.1128,-137.6153,133.7454,0
2.874996,8.503386,-1.320264,-10,-5.544906,-10,0.44,500,-10,500,-10,61.25122,21.46899,322.0937,-127.4541,130.1933,-137.544,133.6029,0
4.692349,-7.09045,1.57774,-10,10,-10,0.44,500,-10,500,-10,61.20272,21.36602,322.191,-127.3231,130.4104,-137.7557,133.4663,0
0.3391549,-8.492501,4.369309,7.919207,10,-10,0.44,500,-10,500,-10,61.30338,21.26143,322.3102,-127.0694,130.1413,-138.108,133.8341,0
-4.31808,-7.593059,-1.304408,10,-3.049551,-10,0.44,500,-10,500,-10,61.44116,21.16073,322.3679,-127.2044,129.9677,-138.0208,134.0556,0
-3.370946,7.943845,1.706753,10,-10,-10,0.44,500,-10,500,-10,61.453,21.04471,322.2515,-127.2424,129.832,-137.8865,134.0948,0
-1.221924,8.04828,3.906484,-9.859499,-10,-10,0.44,500,-10,500,-10,61.25278,20.931,322.1024,-127.5458,130.1037,-137.4595,133.6995,0
5.687585,5.994224,-0.8967879,-10,5.999332,-10,0.44,500,-10,500,-10,61.11053,20.82541,322.0519,-127.3802,130.2484,-137.5833,133.513,0
2.343232,-8.437642,2.114321,-10,10,-10,0.44,500,-10,500,-10,61.23083,20.71365,322.2886,-127.41,130.4012,-137.7496,133.5564,0
1.845859,-8.580362,3.495627,10,10,-10,0.44,500,-10,500,-10,61.7051,20.62093,322.6966,-127.2185,130.1961,-138.2791,134.0996,0
-6.672912,-4.603233,-0.3343793,10,-6.019336,-10,0.44,500,-10,500,-10,62.23997,20.53733,323.1397,-127.5583,130.1628,-138.3065,134.5,0
-0.8344021,8.879663,2.224036,10,-10,-10,0.44,500,-10,500,-10,63.15831,20.40288,323.9591,-127.8351,130.3301,-138.7086,135.0116,0
-1.671195,9.08351,3.153461,-10,-10,-10,0.44,500,-10,500,-10,61.95774,20.33971,322.8389,-127.8694,130.3154,-137.7462,134.0982,0
7.462174,2.800659,0.1337733,-10,6.039339,-10,0.44,500,-10,500,-10,61.6268,20.26074,322.6035,-127.5959,130.4312,-137.8246,133.7872,0
0.3227106,-8.808586,2.734306,-9.079935,10,-10,0.44,500,-10,500,-10,60.89781,20.17931,321.9607,-127.386,130.1599,-137.5019,133.526,0
2.071934,-9.102246,1.685557,10,10,-10,0.44,500,-10,500,-10,60.78539,20.0485,321.7598,-127.0307,129.7119,-137.6907,133.8076,0
-7.744868,-1.084408,0.6599737,10,-7.375567,-10,0.44,500,-10,500,-10,61.00544,19.96227,321.8922,-127.258,129.5693,-137.5731,134.0598,0
0.4311366,8.439465,2.649607,1.487168,-10,-10,0.44,500,-10,500,-10,61.28565,19.88087,322.1423,-127.4417,129.8509,-137.5966,133.9855,0
-1.713861,9.238344,0.6323598,-10,-10,-10,0.44,500,-10,500,-10,61.34509,19.77656,322.32,-127.7107,130.1135,-137.4749,133.8701,0
7.524158,-1.608771,0.5511705,-10,9.460716,-10,0.44,500,-10,500,-10,61.15906,19.6786,322.2087,-127.4632,130.2898,-137.6302,133.6016,0
-0.5695314,-8.610747,3.770938,6.086014,10,-10,0.44,500,-10,500,-10,61.05298,19.56495,322.0887,-127.158,129.96,-137.8359,133.832,0
1.068898,-9.274987,0.03033417,10,10,-10,0.44,500,-10,500,-10,61.08964,19.44718,321.9883,-127.1012,129.7962,-137.8096,133.9125,0
-7.60886,2.742149,1.306757,10,-10,-10,0.44,500,-10,500,-10,61.24822,19.35777,322.0977,-127.3198,129.6503,-137.6816,134.1491,0
0.9020408,8.317979,3.867023,-6.106018,-10,-10,0.44,500,-10,500,-10,61.31878,19.25529,322.2069,-127.6374,129.9634,-137.4545,133.9264,0
0.1064861,8.940347,-1.080738,-10,-10,-10,0.44,500,-10,500,-10,61.25653,19.15112,322.3091,-127.7573,130.0679,-137.4193,133.9066,0
6.808095,-4.553576,1.840026,-10,10,-10,0.44,500,-10,500,-10,61.136,19.04742,322.2298,-127.5137,130.2595,-137.5972,133.6494,0
-0.5507898,-8.339689,4.410887,6.126021,10,-10,0.44,500,-10,500,-10,61.10229,18.93337,322.1457,-127.2147,129.9436,-137.8265,133.8955,0
-1.229916,-8.786127,-1.043944,10,10,-10,0.44,500,-10,500,-10,61.19796,18.82087,322.0605,-127.1385,129.8065,-137.8321,133.9621,0
-5.629714,5.979404,1.500362,10,-10,-10,0.44,500,-10,500,-10,61.29253,18.72285,322.1447,-127.3786,129.6254,-137.6617,134.2129,0
0.3466479,8.210334,4.654618,-6.450831,-10,-10,0.44,500,-10,500,-10,61.28962,18.61798,322.24,-127.7056,129.9377,-137.4137,133.9795,0
3.50861,8.637505,-0.9975818,-10,-4.28836,-10,0.44,500,-10,500,-10,61.17178,18.51696,322.3133,-127.7462,130.0921,-137.4338,133.886,0
4.611727,-7.186306,1.770638,-10,10,-10,0.44,500,-10,500,-10,61.101,18.40735,322.2321,-127.5638,130.2152,-137.549,133.6955,0
0.3846881,-8.56078,4.270642,8.25199,10,-10,0.44,500,-10,500,-10,61.17871,18.29331,322.1389,-127.2185,129.8531,-137.8171,133.9804,0
-4.273867,-7.101386,-0.934168,10,-4.185857,-10,0.44,500,-10,500,-10,61.2916,18.18841,322.1115,-127.3416,129.635,-137.6712,134.1758,0
-2.706372,8.489909,2.297481,10,-10,-10,0.44,500,-10,500,-10,61.31516,18.08473,322.2322,-127.4602,129.6138,-137.6526,134.2971,0
-0.9680742,8.36509,4.30219,-10,-10,-10,0.44,500,-10,500,-10,61.13503,17.98322,322.3714,-127.876,130.0146,-137.3522,134.0116,0
5.753219,5.737565,-1.034564,-10,6.192699,-10,0.44,500,-10,500,-10,60.99365,17.88224,322.4274,-127.7323,130.2207,-137.5423,133.8519,0
1.720045,-8.921798,1.561352,-10,10,-10,0.44,500,-10,500,-10,61.00192,17.7595,322.2986,-127.6446,130.2007,-137.5232,133.7652,0
2.026386,-8.511052,3.57307,10,10,-10,0.44,500,-10,500,-10,61.24362,17.64116,322.1208,-127.2303,129.7595,-137.7902,134.0591,0
-6.585058,-4.197878,0.1514244,10,-6.212702,-10,0.44,500,-10,500,-10,61.39839,17.53334,322.0605,-127.4071,129.5152,-137.5635,134.2534,0
-0.9805461,8.684832,1.899942,10,-10,-10,0.44,500,-10,500,-10,61.08945,17.42594,322.4799,-127.6241,129.6806,-137.694,134.4354,0
-1.92067,8.902573,2.821855,-10,-10,-10,0.44,500,-10,500,-10,59.96183,17.37222,323.5341,-128.4079,130.4565,-137.7837,134.5331,0
7.618799,2.78208,0.3503863,-10,6.232705,-10,0.44,500,-10,500,-10,58.71473,17.39918,324.6882,-128.7516,131.1697,-138.3963,134.7761,0
-0.05121064,-9.09152,2.352715,-8.835675,10,-10,0.44,500,-10,500,-10,57.70233,17.46204,325.6135,-129.2315,131.5316,-138.6831,135.181,0
2.099757,-9.116394,1.631566,10,10,-10,0.44,500,-10,500,-10,57.56957,17.59557,325.8335,-128.9997,131.3195,-139.0971,135.5753,0
-8.076822,-1.187448,0.3831365,10,-7.54116,-10,0.44,500,-10,500,-10,57.8316,17.67742,325.6595,-129.1043,131.0411,-138.8484,135.7096,0
0.4758946,8.431819,2.644377,1.331764,-10,-10,0.44,500,-10,500,-10,58.15196,17.75633,325.3717,-129.1363,131.0294,-138.5779,135.4828,0
-1.8888,9.098259,0.3668299,-10,-10,-10,0.44,500,-10,500,-10,58.23127,17.8619,325.1772,-129.1994,131.1819,-138.3537,135.1691,0
8.237513,-1.03951,1.46314,-10,9.478661,-10,0.44,500,-10,500,-10,58.02909,17.95803,325.3031,-129.0718,131.4368,-138.5856,135.0186,0
-0.7758844,-8.764027,3.56038,6.197666,10,-10,0.44,500,-10,500,-10,57.91085,18.07099,325.4332,-128.8443,131.2341,-138.9209,135.3291,0
0.8077356,-9.558456,-0.3544242,10,10,-10,0.44,500,-10,500,-10,57.93902,18.18898,325.5389,-128.813,131.2202,-139.0397,135.4305,0
-7.422086,2.97187,1.597324,10,-10,-10,0.44,500,-10,500,-10,58.10736,18.27756,325.4227,-128.9741,130.9439,-138.7825,135.6106,0
0.8891714,8.280503,3.820175,-6.299383,-10,-10,0.44,500,-10,500,-10,58.18494,18.3803,325.3098,-129.1928,131.1777,-138.4702,135.2832,0
0.2476613,9.136271,-0.8638276,-10,-10,-10,0.44,500,-10,500,-10,58.1294,18.48537,325.2058,-129.1852,131.2314,-138.3916,135.1433,0
6.375241,-4.990525,1.218964,-10,10,-10,0.44,500,-10,500,-10,58.00274,18.58799,325.2892,-129.0166,131.4834,-138.6292,134.9604,0
-0.6017632,-8.341146,4.401532,6.319387,10,-10,0.44,500,-10,500,-10,57.96429,18.70148,325.3752,-128.7687,131.2514,-138.9484,135.2637,0
-1.27275,-8.901599,-1.225382,10,10,-10,0.44,500,-10,500,-10,58.0544,18.81379,325.4612,-128.7283,131.2275,-139.0601,135.3588,0
-5.49863,6.150174,1.750241,10,-10,-10,0.44,500,-10,500,-10,58.15447,18.91162,325.3762,-128.9054,130.9687,-138.8125,135.5473,0
0.4001665,8.19807,4.690501,-6.475565,-10,-10,0.44,500,-10,500,-10,58.16104,19.01712,325.2824,-129.1388,131.2176,-138.5014,135.2206,0
2.870267,8.282364,-1.642723,-10,-5.108842,-10,0.44,500,-10,500,-10,58.04728,19.11898,325.2073,-129.0905,131.3367,-138.4876,135.0393,0
4.362124,-7.483378,1.299418,-10,10,-10,0.44,500,-10,500,-10,57.97157,19.22738,325.2882,-128.9712,131.5315,-138.6738,134.9115,0
0.6978676,-8.195148,4.813949,8.139544,10,-10,0.44,500,-10,500,-10,58.03857,19.34069,325.3797,-128.6883,131.2651,-139.0326,135.2537,0
-4.538944,-7.671016,-1.481542,10,-3.236217,-10,0.44,500,-10,500,-10,58.15247,19.44534,325.4118,-128.8048,131.099,-138.9427,135.4465,0
-2.977918,8.350707,2.124287,10,-10,-10,0.44,500,-10,500,-10,58.18684,19.5495,325.299,-128.8246,130.9818,-138.8294,135.4702,0
-0.8474025,8.409484,4.465203,-9.800621,-10,-10,0.44,500,-10,500,-10,58.02498,19.65279,325.1706,-129.0722,131.3202,-138.4754,135.0254,0
5.841592,6.195329,-0.7238237,-10,6.386065,-10,0.44,500,-10,500,-10,57.89376,19.75473,325.1251,-128.8507,131.5257,-138.6592,134.7822,0
2.37467,-8.456491,2.133007,-10,10,-10,0.44,500,-10,500,-10,57.8949,19.87458,325.2508,-128.9079,131.5725,-138.7061,134.8396,0
1.834943,-8.552899,3.552267,10,10,-10,0.44,500,-10,500,-10,58.12003,19.99044,325.4148,-128.6187,131.2912,-139.1312,135.2567,0
-6.924858,-4.977132,-0.6158795,10,-6.406067,-10,0.44,500,-10,500,-10,58.2668,20.09707,325.468,-128.8093,131.1281,-138.9847,135.4639,0
-0.8962315,8.877423,2.100681,10,-10,-10,0.44,500,-10,500,-10,58.07202,20.20726,325.16,-128.6775,131.0268,-138.8614,135.31,0
-1.799273,8.992033,3.120873,-10,-10,-10,0.44,500,-10,500,-10,57.36673,20.28628,324.5262,-128.731,131.2089,-138.2827,134.6028,0
7.714232,3.101195,0.4562498,-10,6.426071,-10,0.44,500,-10,500,-10,56.38954,20.33441,323.6413,-128.2595,131.1143,-138.021,133.9641,0
0.3978645,-8.801514,2.786697,-10,10,-10,0.44,500,-10,500,-10,54.00196,20.36579,321.3499,-127.5434,130.3091,-136.8384,132.8707,0
2.290184,-8.952714,2.083187,10,10,-10,0.44,500,-10,500,-10,54.30549,20.24352,321.5714,-127.3055,130.0153,-137.2599,133.348,0
-7.530297,-1.125693,0.9520507,10,-7.186244,-10,0.44,500,-10,500,-10,54.66283,20.16199,321.8362,-127.5938,129.9059,-137.191,133.6768,0
0.4804251,8.5628,2.647933,3.361159,-10,-10,0.44,500,-10,500,-10,55.13686,20.08173,322.2587,-127.7872,130.2349,-137.3477,133.6979,0
-1.775074,9.254886,0.9376085,-10,-10,-10,0.44,500,-10,500,-10,55.2529,19.96433,322.4785,-128.1077,130.5382,-137.2092,133.5768,0
8.124335,-0.6843169,1.059071,-10,8.962231,-10,0.44,500,-10,500,-10,55.01653,19.87732,322.3232,-127.8497,130.6944,-137.3386,133.292,0
-0.9550772,-8.94217,3.151093,3.964746,10,-10,0.44,500,-10,500,-10,54.83406,19.77481,322.143,-127.5435,130.3965,-137.4955,133.4405,0
1.261314,-9.543946,0.0146293,10,10,-10,0.44,500,-10,500,-10,54.82651,19.6612,322.0086,-127.4412,130.1829,-137.4865,133.5427,0
-7.729811,2.321733,1.473748,10,-10,-10,0.44,500,-10,500,-10,55.01725,19.56975,322.1376,-127.6709,130.0384,-137.3636,133.7941,0
0.825091,8.29131,3.577461,-6.492748,-10,-10,0.44,500,-10,500,-10,55.11054,19.46179,322.2554,-128.0007,130.3571,-137.1314,133.573,0
-0.2253603,9.141366,-0.8479215,-10,-10,-10,0.44,500,-10,500,-10,55.06758,19.35037,322.359,-128.1139,130.4539,-137.104,133.562,0
7.156482,-4.078788,1.755839,-10,10,-10,0.44,500,-10,500,-10,54.92368,19.25416,322.2612,-127.8634,130.6396,-137.2734,133.2952,0
-0.4807917,-8.107476,4.690879,6.512752,10,-10,0.44,500,-10,500,-10,54.87028,19.14576,322.1641,-127.5532,130.3134,-137.5033,133.541,0
-0.9263211,-9.035912,-1.189409,10,10,-10,0.44,500,-10,500,-10,54.94578,19.03729,322.0706,-127.4774,130.1845,-137.5016,133.5925,0
-5.936973,5.65918,1.773431,10,-10,-10,0.44,500,-10,500,-10,55.05848,18.93661,322.154,-127.7195,129.9986,-137.3285,133.8474,0
0.6724895,8.222672,4.781196,-6.532755,-10,-10,0.44,500,-10,500,-10,55.08138,18.82655,322.2421,-128.0443,130.3072,-137.0768,133.6119,0
2.365979,8.529908,-1.701377,-10,-8.84825,-10,0.44,500,-10,500,-10,54.97709,18.71939,322.3277,-128.1396,130.4126,-137.0524,133.5774,0
5.080374,-6.809029,1.667983,-10,10,-10,0.44,500,-10,500,-10,54.89077,18.61642,322.2455,-127.9058,130.5881,-137.2181,133.3338,0
0.4248659,-8.06624,5.026891,7.50628,10,-10,0.44,500,-10,500,-10,54.92509,18.50738,322.1528,-127.5755,130.2417,-137.4716,133.6034,0
-3.700063,-8.043777,-1.414595,10,0.6936893,-10,0.44,500,-10,500,-10,55.04342,18.40434,322.0985,-127.6227,130.0512,-137.3794,133.7489,0
-3.819474,7.699505,1.582069,10,-10,-10,0.44,500,-10,500,-10,55.10056,18.2968,322.1924,-127.7802,129.965,-137.2997,133.9129,0
-0.8387203,8.119091,4.319069,-9.026071,-10,-10,0.44,500,-10,500,-10,54.98804,18.18696,322.2982,-128.1624,130.331,-137.0052,133.6345,0
5.263448,6.754185,-1.178159,-10,6.57943,-10,0.44,500,-10,500,-10,54.87549,18.08281,322.3219,-128.0161,130.5428,-137.1711,133.4424,0
2.891283,-8.354966,1.935278,-10,10,-10,0.44,500,-10,500,-10,54.86547,17.97282,322.1957,-127.934,130.5215,-137.1486,133.3592,0
1.541395,-8.374752,3.998215,10,10,-10,0.44,500,-10,500,-10,55.0666,17.86625,322.0459,-127.561,130.0667,-137.3975,133.6898,0
-5.907655,-5.35184,-0.2900766,10,-6.599434,-10,0.44,500,-10,500,-10,55.21161,17.76315,321.9903,-127.7512,129.814,-137.1613,133.8964,0
-1.075032,8.953188,2.326488,10,-10,-10,0.44,500,-10,500,-10,55.15771,17.64357,322.1617,-127.815,129.8984,-137.2395,133.9541,0
-2.022177,8.482776,3.007582,-10,-10,-10,0.44,500,-10,500,-10,54.81852,17.53353,322.4325,-128.2923,130.3647,-136.9865,133.7121,0
7.025277,3.781349,-0.4145449,-10,6.619436,-10,0.44,500,-10,500,-10,54.54298,17.4296,322.6146,-128.2039,130.6352,-137.2258,133.5925,0
0.4651351,-9.208699,2.144399,-10,10,-10,0.44,500,-10,500,-10,55.00437,17.30018,322.0501,-127.9719,130.3472,-136.99,133.4128,0
2.236027,-9.005193,2.488139,10,10,-10,0.44,500,-10,500,-10,60.77409,17.18999,316.3629,-124.8999,127.3721,-135.3496,131.6755,0
-7.875134,-2.634939,0.2199421,10,-6.639441,-10,0.44,500,-10,500,-10,61.0556,17.10364,316.1783,-125.0012,127.086,-135.0954,131.8087,0
0.3018584,8.843981,2.458575,7.96635,-10,-10,0.44,500,-10,500,-10,61.66214,17.00798,315.6525,-124.9158,126.7362,-134.7452,131.7228,0
-2.030574,8.981964,1.546867,-10,-10,-10,0.44,500,-10,500,-10,61.73737,16.87582,315.4847,-125.1764,126.9397,-134.3456,131.3802,0
7.979255,0.3242922,0.6406261,-10,7.932517,-10,0.44,500,-10,500,-10,61.51021,16.79251,315.6267,-125.0374,127.2221,-134.6023,131.2155,0
-0.6298426,-8.741301,3.188133,-0.8325253,10,-10,0.44,500,-10,500,-10,61.24819,16.71082,315.8638,-124.9007,127.2049,-134.9354,131.4292,0
1.854359,-9.458026,0.4617125,10,10,-10,0.44,500,-10,500,-10,61.1973,16.60788,316.0369,-124.7961,127.0766,-135.1834,131.7009,0
-7.868152,1.323656,1.396719,10,-9.546434,-10,0.44,500,-10,500,-10,61.38036,16.50861,315.9275,-124.9679,126.7937,-134.9209,131.8931,0
1.044633,8.626784,3.464542,-6.399229,-10,-10,0.44,500,-10,500,-10,61.47832,16.39368,315.8135,-125.2081,127.0067,-134.5864,131.5857,0
-0.6687002,9.487603,0.05171704,-10,-10,-10,0.44,500,-10,500,-10,61.43748,16.27532,315.7169,-125.2405,127.0218,-134.4739,131.4906,0
7.571387,-3.202374,1.461755,-10,10,-10,0.44,500,-10,500,-10,61.28052,16.1869,315.8286,-125.0768,127.296,-134.7301,131.3089,0
-1.222741,-8.815812,3.768001,6.706118,10,-10,0.44,500,-10,500,-10,61.21626,16.08513,315.9372,-124.8485,127.0532,-135.0485,131.6417,0
0.08018887,-9.273866,-1.093639,10,10,-10,0.44,500,-10,500,-10,61.28121,15.98226,316.04,-124.8387,127.0288,-135.1434,131.7512,0
-6.361494,4.777283,2.213094,10,-10,-10,0.44,500,-10,500,-10,61.40018,15.87738,315.9599,-125.0318,126.7563,-134.8839,131.9574,0
0.7804292,8.112333,4.281915,-6.72612,-10,-10,0.44,500,-10,500,-10,61.42839,15.76223,315.8779,-125.2896,126.9972,-134.5582,131.6485,0
1.430951,8.897815,-1.53613,-10,-10,-10,0.44,500,-10,500,-10,61.33035,15.64908,315.7939,-125.3246,127.0156,-134.4535,131.5605,0
6.386785,-5.652187,2.381406,-10,10,-10,0.44,500,-10,500,-10,61.23865,15.55194,315.882,-125.1479,127.2758,-134.7032,131.3733,0
-0.3316921,-8.268223,4.697929,6.746124,10,-10,0.44,500,-10,500,-10,61.2398,15.4477,315.9786,-124.9101,127.0235,-135.0211,131.7056,0
-2.65354,-8.735415,-1.700576,10,7.187644,-10,0.44,500,-10,500,-10,61.3651,15.34804,316.0686,-124.9235,126.9598,-135.0823,131.844,0
-4.67861,6.95828,1.642344,10,-10,-10,0.44,500,-10,500,-10,61.4347,15.23731,315.9896,-125.0888,126.7217,-134.8515,132.0165,0
0.02584201,8.329448,4.84861,-7.921279,-10,-10,0.44,500,-10,500,-10,61.37122,15.12164,315.8977,-125.3683,126.9841,-134.4959,131.6781,0
4.218237,7.695112,-1.610977,-10,0.7851053,-10,0.44,500,-10,500,-10,61.24677,15.01595,315.8523,-125.2785,127.1217,-134.5481,131.5029,0
3.851314,-8.012657,1.78673,-10,10,-10,0.44,500,-10,500,-10,61.22734,14.91373,315.9744,-125.2332,127.2701,-134.6945,131.4556,0
1.022142,-8.340662,4.456985,9.29726,10,-10,0.44,500,-10,500,-10,61.3964,14.81363,316.1203,-124.9621,126.9856,-135.0866,131.861,0
-5.348274,-6.842514,-1.183733,10,-6.792799,-10,0.44,500,-10,500,-10,61.53838,14.71237,316.1756,-125.1611,126.7923,-134.9333,132.1001,0
-2.069117,8.757875,2.19834,10,-10,-10,0.44,500,-10,500,-10,61.52523,14.58905,316.0432,-125.153,126.6933,-134.8317,132.0894,0
-1.338593,8.381186,3.969063,-10,-10,-10,0.44,500,-10,500,-10,61.26862,14.47065,315.8544,-125.4398,126.9614,-134.3885,131.6649,0
6.466802,5.160507,-0.8158783,-10,6.812803,-10,0.44,500,-10,500,-10,61.11391,14.36244,315.7946,-125.243,127.1268,-134.5358,131.4499,0
1.409829,-8.864785,2.024678,-10,10,-10,0.44,500,-10,500,-10,61.492,14.25514,316.2816,-125.3917,127.3359,-134.7906,131.6444,0
2.097984,-8.792564,3.105189,10,10,-10,0.44,500,-10,500,-10,62.9638,14.21779,317.6754,-125.5433,127.4796,-135.7938,132.6555,0
-6.965718,-3.664969,0.3196262,10,-6.832806,-10,0.44,500,-10,500,-10,64.03588,14.27886,318.6533,-126.0767,127.6321,-136.0707,133.3133,0
-0.337516,8.928062,2.096189,10,-10,-10,0.44,500,-10,500,-10,64.82949,14.36238,319.3546,-126.3575,127.8459,-136.3711,133.6806,0
-1.709967,9.251129,3.032379,-10,-10,-10,0.44,500,-10,500,-10,64.92159,14.49591,319.5365,-126.7596,128.2662,-136.1196,133.411,0
7.726844,1.978383,0.3475542,-10,6.852809,-10,0.44,500,-10,500,-10,64.75569,14.59058,319.4618,-126.5407,128.4412,-136.2767,133.1741,0
-0.1869172,-8.933397,2.645677,-7.716487,10,-10,0.44,500,-10,500,-10,64.42638,14.66094,319.1923,-126.3657,128.35,-136.2283,133.042,0
1.783797,-9.541762,0.9065369,10,10,-10,0.44,500,-10,500,-10,64.34972,14.76109,319.0011,-125.9799,127.9814,-136.4557,133.2522,0
-8.283323,-0.7588643,0.6669034,10,-8.098003,-10,0.44,500,-10,500,-10,64.48006,14.86118,319.0415,-126.1858,127.7941,-136.2833,133.473,0
0.9848109,8.713385,3.072636,0.6499849,-10,-10,0.44,500,-10,500,-10,64.62584,14.97287,319.1674,-126.403,127.9834,-136.1704,133.388,0
-1.819015,9.228606,0.3213014,-10,-10,-10,0.44,500,-10,500,-10,64.59694,15.09205,319.2664,-126.6189,128.2158,-136.0365,133.2376,0
8.062016,-1.527435,1.133641,-10,9.563625,-10,0.44,500,-10,500,-10,64.44121,15.18096,319.1647,-126.3575,128.4096,-136.2137,132.9595,0
-1.172645,-8.983588,3.277549,6.443207,10,-10,0.44,500,-10,500,-10,64.36865,15.28102,319.0513,-126.021,128.0996,-136.4562,133.1756,0
1.043824,-9.486131,-0.2057633,10,10,-10,0.44,500,-10,500,-10,64.42719,15.38301,318.9455,-125.9045,128,-136.485,133.1875,0
-7.347102,3.157686,1.8122,10,-10,-10,0.44,500,-10,500,-10,64.55057,15.48829,319.0271,-126.1492,127.8089,-136.308,133.4462,0
1.269113,8.530037,4.200299,-6.919487,-10,-10,0.44,500,-10,500,-10,64.58177,15.60422,319.1086,-126.4612,128.1371,-136.0636,133.1856,0
-0.01816285,9.105909,-1.11439,-10,-10,-10,0.44,500,-10,500,-10,64.48779,15.71844,319.1914,-126.5453,128.2372,-136.048,133.1541,0
6.933441,-4.555279,1.788963,-10,10,-10,0.44,500,-10,500,-10,64.39181,15.81414,319.1012,-126.2798,128.438,-136.2387,132.8785,0
-0.744735,-8.31076,4.431388,6.939489,10,-10,0.44,500,-10,500,-10,64.38918,15.91739,319.0043,-125.9426,128.118,-136.4957,133.1182,0
-1.486843,-9.289354,-1.732894,10,10,-10,0.44,500,-10,500,-10,64.51375,16.01566,318.9003,-125.8317,128.0239,-136.5204,133.1262,0
-5.652258,6.078263,1.85234,10,-10,-10,0.44,500,-10,500,-10,64.58854,16.12694,318.9749,-126.0757,127.833,-136.3382,133.3789,0
0.3482609,7.932424,4.48902,-6.959494,-10,-10,0.44,500,-10,500,-10,64.56681,16.24485,319.0606,-126.3929,128.1665,-136.092,133.1164,0
2.867287,8.741796,-1.479667,-10,-8.081001,-10,0.44,500,-10,500,-10,64.41852,16.35579,319.1509,-126.4613,128.2932,-136.0985,133.0645,0
4.986619,-6.992876,1.733815,-10,10,-10,0.44,500,-10,500,-10,64.389,16.45632,319.0392,-126.2041,128.4605,-136.263,132.8046,0
0.01374717,-8.48133,4.469597,7.893886,10,-10,0.44,500,-10,500,-10,64.50136,16.55664,318.9003,-125.8266,128.1008,-136.5255,133.0492,0
-3.891639,-7.951862,-1.37769,10,0.2045363,-10,0.44,500,-10,500,-10,64.67722,16.65096,318.7999,-125.8413,127.9112,-136.4276,133.1557,0
-3.846199,7.766115,1.416737,10,-10,-10,0.44,500,-10,500,-10,64.68541,16.77309,318.9108,-125.9933,127.8496,-136.3675,133.3091,0
-0.9442682,8.048853,4.275703,-9.147237,-10,-10,0.44,500,-10,500,-10,64.48737,16.89425,319.0695,-126.3886,128.2598,-136.1038,133.0305,0
5.312051,6.662954,-1.237877,-10,7.006167,-10,0.44,500,-10,500,-10,64.37011,17.00282,319.0907,-126.2189,128.489,-136.2909,132.8188,0
2.404818,-8.812483,1.409529,-10,10,-10,0.44,500,-10,500,-10,64.6791,17.0998,318.6689,-125.9818,128.3426,-136.1786,132.6158,0
1.41662,-8.482444,3.876637,10,10,-10,0.44,500,-10,500,-10,65.58634,17.14351,317.8365,-125.2406,127.62,-136.2301,132.6486,0
-6.403682,-5.805109,-0.8473541,10,-7.026171,-10,0.44,500,-10,500,-10,66.5232,17.14444,316.9908,-125.0361,127.0314,-135.7338,132.5365,0
-1.253192,8.831856,2.061065,10,-10,-10,0.44,500,-10,500,-10,67.68153,17.13803,315.9243,-124.5768,126.4847,-135.3094,132.1995,0
-1.878125,8.583244,3.271091,-10,-10,-10,0.44,500,-10,500,-10,68.03187,17.01757,315.4833,-124.728,126.6082,-134.7929,131.7106,0
7.203745,3.962059,-0.1648608,-10,7.046174,-10,0.44,500,-10,500,-10,67.8557,16.92412,315.5663,-124.5869,126.8388,-135.0027,131.5488,0
0.5489981,-9.228818,2.132046,-10,10,-10,0.44,500,-10,500,-10,67.45396,16.84678,315.8897,-124.7131,127.0276,-135.1445,131.6279,0
2.443467,-8.870053,2.774926,10,10,-10,0.44,500,-10,500,-10,67.36271,16.73558,316.0865,-124.4652,126.7682,-135.5555,132.0504,0
-7.661632,-2.692606,0.4402476,10,-7.066177,-10,0.44,500,-10,500,-10,67.45882,16.63543,316.0877,-124.6598,126.5639,-135.3618,132.2556,0
0.5496861,9.12995,2.632153,9.602494,-10,-10,0.44,500,-10,500,-10,67.68691,16.53813,315.9229,-124.6278,126.4476,-135.2572,132.2354,0
-2.074141,9.00023,1.822436,-10,-10,-10,0.44,500,-10,500,-10,67.68775,16.4246,315.8026,-124.9215,126.7217,-134.8638,131.8616,0
8.49778,1.123811,1.327933,-10,7.830815,-10,0.44,500,-10,500,-10,67.57205,16.32537,315.8309,-124.7461,126.9341,-135.0627,131.6727,0
-0.7478974,-8.918016,2.877039,-2.735862,10,-10,0.44,500,-10,500,-10,67.44215,16.22397,315.949,-124.6603,126.8856,-135.2464,131.8191,0
2.254153,-9.182792,0.9484662,10,10,-10,0.44,500,-10,500,-10,67.48634,16.11507,316.0506,-124.4896,126.7019,-135.5013,132.0869,0
-8.10323,0.7160022,1.320774,10,-9.160637,-10,0.44,500,-10,500,-10,67.60871,16.0154,315.9875,-124.6806,126.4453,-135.2581,132.2912,0
0.8237653,8.382931,2.90452,-4.236434,-10,-10,0.44,500,-10,500,-10,67.66357,15.90631,315.8947,-124.9001,126.6278,-134.9615,132.0319,0
-1.195494,9.441236,0.02925211,-10,-10,-10,0.44,500,-10,500,-10,67.58117,15.7969,315.8045,-124.9749,126.6842,-134.8121,131.9008,0
7.780373,-2.799335,1.415999,-10,10,-10,0.44,500,-10,500,-10,67.47647,15.69691,315.8909,-124.7975,126.9453,-135.061,131.7112,0
-0.8428184,-8.51653,4.170841,7.132856,10,-10,0.44,500,-10,500,-10,67.46548,15.58816,315.9807,-124.5502,126.6851,-135.3827,132.0459,0
0.3060848,-9.512126,-1.07614,10,10,-10,0.44,500,-10,500,-10,67.57977,15.48325,316.076,-124.5405,126.663,-135.4714,132.1468,0
-7.096433,3.947663,1.696839,10,-10,-10,0.44,500,-10,500,-10,67.65877,15.3776,315.9939,-124.7364,126.391,-135.2075,132.3509,0
1.279233,8.428522,4.495884,-7.152859,-10,-10,0.44,500,-10,500,-10,67.64129,15.26538,315.9029,-125.0013,126.6372,-134.8671,132.0293,0
0.6852012,8.857277,-1.560397,-10,-10,-10,0.44,500,-10,500,-10,67.4938,15.15954,315.7986,-125.0244,126.6418,-134.7576,131.9382,0
6.166924,-5.709739,1.581774,-10,10,-10,0.44,500,-10,500,-10,67.44598,15.05307,315.8929,-124.8472,126.9027,-135.013,131.7555,0
-0.7161306,-8.391392,4.434806,7.172863,10,-10,0.44,500,-10,500,-10,67.5037,14.94306,316.0068,-124.6049,126.6481,-135.3497,132.1045,0
-2.101187,-9.158134,-1.750706,10,10,-10,0.44,500,-10,500,-10,67.70566,14.84394,316.1495,-124.6089,126.6423,-135.4639,132.2285,0
-5.366151,6.545447,1.650122,10,-10,-10,0.44,500,-10,500,-10,67.72054,14.72955,316.041,-124.7989,126.3621,-135.1841,132.4189,0
0.1293308,7.990884,4.574405,-7.476593,-10,-10,0.44,500,-10,500,-10,67.59525,14.61439,315.8882,-125.0515,126.5932,-134.8048,132.0611,0
3.503173,8.404822,-1.519671,-10,-4.171232,-10,0.44,500,-10,500,-10,67.34924,14.51348,315.7254,-124.9857,126.6385,-134.7357,131.8809,0
4.385114,-7.658293,1.717688,-10,10,-10,0.44,500,-10,500,-10,67.4515,14.39826,315.9398,-124.9137,126.8762,-134.9853,131.8208,0
0.8652166,-8.073226,5.032601,8.593105,10,-10,0.44,500,-10,500,-10,67.91187,14.29749,316.3757,-124.75,126.7114,-135.5103,132.3469,0
-4.546715,-7.450026,-1.359046,10,-3.486019,-10,0.44,500,-10,500,-10,68.61147,14.21929,316.9821,-125.0824,126.7411,-135.6802,132.8196,0
-3.189775,8.24838,1.655364,10,-10,-10,0.44,500,-10,500,-10,73.84195,14.0968,322.1134,-127.0001,128.4893,-138.0144,135.3232,0
-0.9173409,8.340954,4.529807,-9.702458,-10,-10,0.44,500,-10,500,-10,74.54333,13.95795,322.8904,-127.6295,129.0975,-138.0288,135.3587,0
5.857608,6.187748,-1.161308,-10,7.23954,-10,0.44,500,-10,500,-10,74.24441,13.87184,322.6842,-127.383,129.2213,-138.1044,135.064,0
2.417885,-8.550658,2.114555,-10,10,-10,0.44,500,-10,500,-10,73.71821,13.80321,322.2412,-127.2134,129.0895,-137.907,134.8288,0
1.900907,-8.357374,3.896707,10,10,-10,0.44,500,-10,500,-10,73.58225,13.68934,322.0038,-126.7958,128.6462,-138.1279,135.0754,0
-6.573601,-4.789438,-0.2285745,10,-7.259542,-10,0.44,500,-10,500,-10,73.69019,13.59044,322.0162,-126.9964,128.4439,-137.9375,135.2879,0
-1.020465,8.863415,1.845571,10,-10,-10,0.44,500,-10,500,-10,73.95647,13.49754,322.2128,-127.0967,128.4761,-138.0002,135.4187,0
-2.385431,8.391952,2.598277,-10,-10,-10,0.44,500,-10,500,-10,73.97763,13.3847,322.3496,-127.498,128.8658,-137.7121,135.1423,0
7.401345,3.217963,-0.2833963,-10,7.279547,-10,0.44,500,-10,500,-10,73.8823,13.28347,322.352,-127.3175,129.0594,-137.8947,134.9507,0
0.3017744,-9.139187,2.40432,-10,10,-10,0.44,500,-10,500,-10,73.69875,13.1843,322.2217,-127.2538,129.0372,-137.8504,134.8649,0
2.456008,-8.945013,2.50498,10,10,-10,0.44,500,-10,500,-10,73.72765,13.07262,322.118,-126.8796,128.6421,-138.1386,135.1741,0
-7.879527,-2.215054,0.6303267,10,-7.299549,-10,0.44,500,-10,500,-10,73.82178,12.97041,322.111,-127.0741,128.4315,-137.9383,135.3789,0
0.7076663,9.052431,2.733022,7.853138,-10,-10,0.44,500,-10,500,-10,73.94978,12.86753,322.2146,-127.1824,128.4676,-137.9159,135.4287,0
-2.263454,8.888607,1.291817,-10,-10,-10,0.44,500,-10,500,-10,73.88612,12.75722,322.3058,-127.534,128.8063,-137.6398,135.1655,0
8.440034,0.4331967,1.192169,-10,8.284015,-10,0.44,500,-10,500,-10,73.78381,12.65617,322.2797,-127.3315,128.9992,-137.8206,134.951,0
-0.8789961,-8.863149,3.057611,-1.174138,10,-10,0.44,500,-10,500,-10,73.72195,12.54941,322.1873,-127.1376,128.824,-137.9381,135.0497,0
1.888175,-9.527164,0.3516263,10,10,-10,0.44,500,-10,500,-10,73.81976,12.44148,322.0964,-126.9145,128.5807,-138.0859,135.2176,0
-7.717115,1.422325,1.734348,10,-9.452414,-10,0.44,500,-10,500,-10,73.9091,12.33919,322.1613,-127.1618,128.3773,-137.8923,135.4748,0
1.187023,8.654069,3.418662,-5.57707,-10,-10,0.44,500,-10,500,-10,73.90839,12.22964,322.2529,-127.4775,128.668,-137.6525,135.2601,0
-0.9967161,9.501944,-0.04839057,-10,-10,-10,0.44,500,-10,500,-10,73.77362,12.12497,322.3539,-127.6079,128.7868,-137.6058,135.2249,0
8.133856,-2.618087,2.187653,-10,10,-10,0.44,500,-10,500,-10,73.71454,12.01811,322.2649,-127.3596,128.9689,-137.7804,134.9691,0
-0.9240068,-8.502536,4.231125,7.366228,10,-10,0.44,500,-10,500,-10,73.75745,11.9065,322.162,-127.0299,128.6179,-138.0248,135.2348,0
0.4838789,-9.247144,-0.8467246,10,10,-10,0.44,500,-10,500,-10,73.93729,11.80396,322.0368,-126.9335,128.5005,-138.0175,135.2485,0
-6.762353,4.437286,2.140108,10,-10,-10,0.44,500,-10,500,-10,73.96153,11.69317,322.1426,-127.2075,128.312,-137.8312,135.5246,0
1.112763,8.23601,4.335616,-7.386231,-10,-10,0.44,500,-10,500,-10,73.86692,11.58079,322.28,-127.5712,128.665,-137.5813,135.2855,0
0.9062738,8.943197,-1.514629,-10,-10,-10,0.44,500,-10,500,-10,73.60387,11.48317,322.4719,-127.7127,128.8003,-137.5988,135.3091,0
6.498859,-5.578665,2.060516,-10,10,-10,0.44,500,-10,500,-10,73.63367,11.36485,322.3281,-127.439,128.9529,-137.7534,135.0374,0
-0.561739,-8.225614,4.68548,7.406235,10,-10,0.44,500,-10,500,-10,73.85423,11.24965,322.0807,-127.0422,128.5276,-137.9452,135.2578,0
-2.290551,-9.281269,-1.954407,10,10,-10,0.44,500,-10,500,-10,74.44884,11.16659,321.5737,-126.7681,128.2193,-137.7991,135.1459,0
-5.566011,6.416178,1.348756,10,-10,-10,0.44,500,-10,500,-10,74.47147,11.03137,321.6515,-127.0339,128.0173,-137.5978,135.4123,0
0.2708694,8.098411,4.7899,-7.669545,-10,-10,0.44,500,-10,500,-10,74.74254,10.89791,321.3835,-127.2193,128.1737,-137.1904,135.0339,0
3.270433,8.202373,-1.886369,-10,-4.394335,-10,0.44,500,-10,500,-10,74.47337,10.77984,321.5552,-127.2911,128.3593,-137.2608,134.9906,0
4.451715,-7.657049,1.804094,-10,10,-10,0.44,500,-10,500,-10,73.82372,10.7313,322.119,-127.3945,128.8045,-137.6246,135.0126,0
0.6073774,-8.271047,4.773861,8.648533,10,-10,0.44,500,-10,500,-10,73.55383,10.62269,322.436,-127.2239,128.6332,-138.0579,135.4465,0
-4.429009,-7.400815,-1.298308,10,-3.027575,-10,0.44,500,-10,500,-10,73.62642,10.51838,322.4633,-127.3618,128.4638,-137.9426,135.6385,0
-3.106855,8.406493,1.827262,10,-10,-10,0.44,500,-10,500,-10,73.92484,10.4306,322.238,-127.3427,128.2639,-137.775,135.6518,0
-1.172043,8.063419,4.220587,-9.623182,-10,-10,0.44,500,-10,500,-10,73.98177,10.31944,322.0823,-127.621,128.5181,-137.3676,135.2685,0
5.937899,6.50297,-0.9283243,-10,7.472912,-10,0.44,500,-10,500,-10,73.88538,10.21875,322.0815,-127.4434,128.7192,-137.5446,135.0668,0
2.610013,-8.482497,2.193971,-10,10,-10,0.44,500,-10,500,-10,73.6879,10.11953,322.221,-127.4879,128.8133,-137.6158,135.0883,0
1.682536,-8.471121,3.788508,10,10,-10,0.44,500,-10,500,-10,73.70876,10.00676,322.3289,-127.1964,128.511,-137.9966,135.48,0
-6.581312,-5.1138,-0.4907456,10,-7.492916,-10,0.44,500,-10,500,-10,73.80396,9.904793,322.3329,-127.397,128.3032,-137.7993,135.6911,0
-0.9314182,9.005208,2.018996,10,-10,-10,0.44,500,-10,500,-10,73.95229,9.803405,322.224,-127.3822,128.2117,-137.7239,135.6924,0
-2.082987,8.581159,3.045681,-10,-10,-10,0.44,500,-10,500,-10,73.89665,9.692688,322.1311,-127.6979,128.5065,-137.3312,135.3206,0
7.755546,4.023076,0.262068,-10,7.512918,-10,0.44,500,-10,500,-10,73.80133,9.590153,322.1231,-127.5105,128.6983,-137.512,135.1221,0
0.7222052,-8.931314,2.695224,-10,10,-10,0.44,500,-10,500,-10,73.68797,9.484853,322.2178,-127.5333,128.7671,-137.5676,135.1318,0
2.40409,-9.013078,2.539732,10,10,-10,0.44,500,-10,500,-10,73.77309,9.373502,322.3044,-127.2296,128.452,-137.9431,135.5186,0
-7.969572,-2.65054,0.2006769,10,-7.532922,-10,0.44,500,-10,500,-10,73.87131,9.270353,322.3137,-127.4326,128.2459,-137.7478,135.7324,0
0.4132087,8.894939,2.259768,9.697615,-10,-10,0.44,500,-10,500,-10,73.95322,9.16409,322.2196,-127.4325,128.1699,-137.6699,135.7305,0
-2.333207,8.85127,1.549966,-10,-10,-10,0.44,500,-10,500,-10,73.83883,9.054592,322.127,-127.7465,128.4631,-137.2792,135.3606,0
8.25456,0.8348556,0.9407933,-10,8.112845,-10,0.44,500,-10,500,-10,73.74496,8.951639,322.1374,-127.5594,128.6697,-137.4749,135.1626,0
-0.8981547,-9.003848,2.774873,-3.270245,10,-10,0.44,500,-10,500,-10,73.72745,8.842561,322.2393,-127.4719,128.6147,-137.6469,135.302,0
2.200949,-9.297995,0.8132926,10,10,-10,0.44,500,-10,500,-10,73.88524,8.736454,322.3527,-127.2882,128.4221,-137.9245,135.5886,0
-8.068193,0.7162405,1.428232,10,-9.134553,-10,0.44,500,-10,500,-10,73.94539,8.630952,322.2937,-127.4854,128.17,-137.6784,135.7917,0
1.308562,8.748522,3.343885,-3.262856,-10,-10,0.44,500,-10,500,-10,73.88604,8.51967,322.1664,-127.6837,128.3256,-137.3747,135.5308,0
-1.56418,9.318487,-0.202745,-10,-10,-10,0.44,500,-10,500,-10,73.65544,8.419296,322.0004,-127.7548,128.3726,-137.166,135.3462,0
7.799752,-2.678461,1.164312,-10,10,-10,0.44,500,-10,500,-10,73.67405,8.304352,322.1375,-127.5899,128.6494,-137.4445,135.1829,0
-1.168852,-8.765442,3.777468,7.5996,10,-10,0.44,500,-10,500,-10,73.85329,8.191833,322.3469,-127.3685,128.4238,-137.8394,135.582,0
0.7064763,-9.458619,-0.6520545,10,10,-10,0.44,500,-10,500,-10,74.29989,8.105418,322.7105,-127.4461,128.5084,-138.0631,135.7987,0
-7.460373,3.550605,1.661501,10,-10,-10,0.44,500,-10,500,-10,74.24532,7.974121,322.5526,-127.6245,128.2095,-137.7538,135.9669,0
1.461754,8.527088,4.505384,-7.619602,-10,-10,0.44,500,-10,500,-10,73.3194,7.847494,321.6122,-127.623,128.1353,-136.9762,135.2619,0
0.2478054,9.056816,-1.431409,-10,-10,-10,0.44,500,-10,500,-10,79.33492,7.88218,327.7286,-129.8544,130.3666,-139.8128,138.0984,0
6.638296,-5.360618,1.696894,-10,10,-10,0.44,500,-10,500,-10,78.97213,7.762683,327.4657,-129.5532,130.4837,-139.8961,137.7636,0
-0.6844897,-8.172492,4.673915,7.639607,10,-10,0.44,500,-10,500,-10,79.25157,7.63074,327.7593,-129.3683,130.2908,-140.3243,138.1998,0
-1.627511,-9.210531,-1.763934,10,10,-10,0.44,500,-10,500,-10,79.37833,7.48997,327.7864,-129.3425,130.2453,-140.3725,138.2677,0
-5.491848,6.454916,1.898589,10,-10,-10,0.44,500,-10,500,-10,79.80899,7.459326,328.1414,-129.6861,130.1541,-140.3232,138.6531,0
0.6100335,8.114565,4.923071,-7.659611,-10,-10,0.44,500,-10,500,-10,80.08968,7.381785,328.4345,-130.0895,130.5644,-140.1625,138.4856,0
2.921911,8.712738,-1.64617,-10,-8.534261,-10,0.44,500,-10,500,-10,80.16063,7.281672,328.6285,-130.19,130.6952,-140.2229,138.5156,0
4.928475,-7.243958,1.719926,-10,10,-10,0.44,500,-10,500,-10,79.93262,7.18085,328.4732,-129.9431,130.8409,-140.341,138.2412,0
-0.05706005,-8.439395,4.581992,8.260509,10,-10,0.44,500,-10,500,-10,79.85619,7.061886,328.3557,-129.6009,130.4733,-140.5859,138.5114,0
-3.996347,-8.247864,-1.727553,10,1.345119,-10,0.44,500,-10,500,-10,79.92551,6.950703,328.3125,-129.6568,130.3148,-140.4942,138.6341,0
-3.669325,8.089414,1.72007,10,-10,-10,0.44,500,-10,500,-10,80.10576,6.864196,328.4456,-129.8318,130.2301,-140.4295,138.8292,0
-0.9080599,7.952012,4.314722,-9.107601,-10,-10,0.44,500,-10,500,-10,80.11737,6.763255,328.5616,-130.208,130.5987,-140.1493,138.5565,0
5.520785,7.185863,-0.9862596,-10,5.819245,-10,0.44,500,-10,500,-10,80.03068,6.662165,328.5865,-130.0672,130.8006,-140.3108,138.3754,0
2.615183,-8.88083,1.475359,-10,10,-10,0.44,500,-10,500,-10,79.89886,6.5516,328.4947,-130.0014,130.8062,-140.3005,138.2937,0
1.396837,-8.328598,4.287663,9.942648,10,-10,0.44,500,-10,500,-10,79.96625,6.433923,328.4146,-129.6368,130.4185,-140.5988,138.6151,0
-6.108039,-5.982482,-0.8990096,10,-7.726288,-10,0.44,500,-10,500,-10,80.06366,6.330931,328.4155,-129.8381,130.2052,-140.3981,138.8291,0
-1.498071,8.958428,2.114191,10,-10,-10,0.44,500,-10,500,-10,80.16642,6.233016,328.5169,-129.9039,130.2118,-140.4163,138.9064,0
-1.581342,8.512707,3.799736,-10,-10,-10,0.44,500,-10,500,-10,80.07032,6.129573,328.6129,-130.294,130.5927,-140.1058,138.6051,0
7.656403,5.028186,0.1368968,-10,7.746292,-10,0.44,500,-10,500,-10,79.96954,6.027478,328.631,-130.1146,130.7987,-140.3002,138.4141,0
0.9659775,-9.126578,2.05306,-10,10,-10,0.44,500,-10,500,-10,79.89339,5.912859,328.5453,-130.0701,130.7818,-140.2737,138.36,0
2.322022,-8.848606,2.985271,10,10,-10,0.44,500,-10,500,-10,80.01584,5.795866,328.4598,-129.6994,130.3876,-140.5736,138.6834,0
-7.768326,-3.471867,0.1150935,10,-7.766294,-10,0.44,500,-10,500,-10,80.11532,5.691459,328.4557,-129.9003,130.1723,-140.3693,138.8953,0
0.3539705,9.364059,2.527351,10,-10,-10,0.44,500,-10,500,-10,80.14605,5.590131,328.5759,-129.977,130.1918,-140.3922,138.9754,0
-2.318308,8.88262,2.329912,-10,-10,-10,0.44,500,-10,500,-10,79.96962,5.490579,328.7086,-130.3848,130.5938,-140.0943,138.6833,0
8.398686,2.258509,1.023475,-10,7.786297,-10,0.44,500,-10,500,-10,79.84099,5.389062,328.7507,-130.2154,130.8125,-140.2987,138.4995,0
-0.5287309,-9.113457,2.466941,-8.404156,10,-10,0.44,500,-10,500,-10,79.84044,5.265913,328.6362,-130.1299,130.7505,-140.2892,138.4666,0
2.432084,-9.107299,1.582229,10,10,-10,0.44,500,-10,500,-10,80.06208,5.146597,328.4848,-129.7562,130.3481,-140.5375,138.7436,0
-8.473015,-0.7778723,0.5105357,10,-8.481009,-10,0.44,500,-10,500,-10,80.10376,5.042807,328.5464,-129.9931,130.1577,-140.3517,138.985,0
1.094222,8.73215,2.965569,1.998255,-10,-10,0.44,500,-10,500,-10,79.82796,4.948514,328.8984,-130.3004,130.4415,-140.336,138.9929,0
-1.74107,9.4587,0.7127019,-10,-10,-10,0.44,500,-10,500,-10,79.14035,4.900114,329.5062,-130.7716,130.9386,-140.3684,138.9995,0
8.249189,-1.234661,1.196216,-10,9.370449,-10,0.44,500,-10,500,-10,78.64651,4.797908,329.9056,-130.7389,131.3377,-140.7321,138.9313,0
-1.17302,-8.8274,3.405078,4.444048,10,-10,0.44,500,-10,500,-10,75.57552,4.723386,332.9517,-131.9881,132.4588,-142.0069,140.3341,0
1.57598,-9.521431,0.004266679,10,10,-10,0.44,500,-10,500,-10,82.44029,4.790073,326.1834,-128.6729,129.1623,-139.7139,138.0225,0
-7.842272,2.684282,1.891806,10,-10,-10,0.44,500,-10,500,-10,83.90185,4.855068,324.8177,-128.1946,128.3317,-139.0605,137.7215,0
1.372646,8.601581,3.980922,-7.852975,-10,-10,0.44,500,-10,500,-10,83.99364,4.994698,324.7362,-128.4474,128.6107,-138.7403,137.375,0
-0.6154295,9.163229,-1.104547,-10,-10,-10,0.44,500,-10,500,-10,83.9184,5.135349,324.71,-128.4664,128.6523,-138.6995,137.3117,0
7.416308,-4.057117,1.897232,-10,10,-10,0.44,500,-10,500,-10,83.54079,5.172013,325.0161,-128.3925,129.0139,-139.027,137.2036,0
-1.399495,-8.697589,3.970743,7.872978,10,-10,0.44,500,-10,500,-10,83.30284,5.249756,325.2717,-128.2097,128.8235,-139.4217,137.6058,0
-0.2400162,-9.195591,-1.241238,10,10,-10,0.44,500,-10,500,-10,83.23923,5.346547,325.4651,-128.2574,128.8706,-139.5342,137.719,0
-6.545922,5.289934,1.896929,10,-10,-10,0.44,500,-10,500,-10,83.44745,5.450052,325.3278,-128.4008,128.5893,-139.2771,137.8866,0
0.8826419,8.06234,4.566271,-7.892982,-10,-10,0.44,500,-10,500,-10,83.53383,5.57077,325.2231,-128.6442,128.8585,-138.9468,137.5305,0
1.95801,9.128916,-1.518052,-10,-10,-10,0.44,500,-10,500,-10,83.48967,5.693743,325.1343,-128.6338,128.8728,-138.8838,137.4427,0
5.535027,-6.796506,1.482461,-10,10,-10,0.44,500,-10,500,-10,83.32211,5.775064,325.2606,-128.4687,129.16,-139.1535,137.2601,0
-0.3433936,-8.159959,4.910807,7.912985,10,-10,0.44,500,-10,500,-10,83.25764,5.871954,325.3764,-128.2127,128.9089,-139.5054,137.6072,0
-2.856516,-8.818028,-1.766527,10,8.265839,-10,0.44,500,-10,500,-10,83.31985,5.970325,325.4767,-128.2317,128.8951,-139.5695,137.7041,0
-4.541435,7.383611,1.832644,10,-10,-10,0.44,500,-10,500,-10,83.44298,6.079228,325.3939,-128.3845,128.6589,-139.3481,137.8717,0
-0.2917494,7.851005,4.443891,-8.466168,-10,-10,0.44,500,-10,500,-10,83.44121,6.197607,325.3161,-128.6549,128.9526,-139.0133,137.5136,0
4.269025,8.1109,-1.572138,-10,-1.193714,-10,0.44,500,-10,500,-10,83.34473,6.306609,325.2779,-128.562,129.0767,-139.0745,137.3578,0
3.581882,-8.50838,1.33113,-10,10,-10,0.44,500,-10,500,-10,83.24963,6.400311,325.3789,-128.4804,129.2524,-139.2397,137.2657,0
1.105777,-8.071095,5.01375,9.198282,10,-10,0.44,500,-10,500,-10,83.31467,6.500074,325.4796,-128.1888,128.9669,-139.6149,137.6347,0
-5.291342,-7.17555,-1.448979,10,-5.902191,-10,0.44,500,-10,500,-10,83.42002,6.600631,325.5099,-128.3548,128.7868,-139.4739,137.84,0
-3.01494,8.263548,1.252565,10,-10,-10,0.44,500,-10,500,-10,83.49214,6.717154,325.4271,-128.3503,128.7134,-139.4099,137.8447,0
-1.216691,8.216019,4.333794,-9.924325,-10,-10,0.44,500,-10,500,-10,83.36784,6.835884,325.3422,-128.6489,129.036,-139.0409,137.4517,0
6.49659,6.003715,-0.8464174,-10,7.979664,-10,0.44,500,-10,500,-10,83.27056,6.940413,325.3421,-128.4456,129.2525,-139.2441,137.2351,0
1.844726,-8.960167,1.847481,-10,10,-10,0.44,500,-10,500,-10,83.25233,7.039156,325.4719,-128.4763,129.3321,-139.321,137.2632,0
1.942596,-8.449771,3.735592,10,10,-10,0.44,500,-10,500,-10,83.44559,7.134651,325.6181,-128.1856,129.0432,-139.7328,137.6732,0
-7.315355,-5.013162,-0.6886374,10,-7.999667,-10,0.44,500,-10,500,-10,83.58427,7.234889,325.6708,-128.3976,128.86,-139.5645,137.9,0
-0.797103,9.0169,1.790243,10,-10,-10,0.44,500,-10,500,-10,83.59283,7.362045,325.5607,-128.3591,128.8037,-139.5117,137.8652,0
-2.26199,8.603941,2.882346,-10,-10,-10,0.44,500,-10,500,-10,83.36718,7.486288,325.4098,-128.6334,129.1085,-139.1124,137.4353,0
7.949277,3.481117,0.1717897,-10,8.01967,-10,0.44,500,-10,500,-10,83.27368,7.594943,325.4139,-128.4297,129.326,-139.3195,137.2212,0
0.1198772,-9.278361,2.330984,-10,10,-10,0.44,500,-10,500,-10,83.63584,7.685049,325.8888,-128.6016,129.5178,-139.541,137.4229,0
2.278227,-9.244114,2.150857,10,10,-10,0.44,500,-10,500,-10,84.60147,7.711463,326.7744,-128.6145,129.4982,-140.2621,138.1763,0
-8.032334,-2.1613,0.6351225,10,-8.039673,-10,0.44,500,-10,500,-10,85.45191,7.700718,327.5344,-129.0994,129.594,-140.4068,138.7102,0
0.5016109,8.828434,2.175948,9.359414,-10,-10,0.44,500,-10,500,-10,86.45525,7.687473,328.4507,-129.433,129.9521,-140.8324,139.1113,0
-2.325369,8.962997,1.570615,-10,-10,-10,0.44,500,-10,500,-10,86.79057,7.572769,328.884,-129.9099,130.4489,-140.7146,138.9736,0
8.314442,0.5893083,0.9530681,-10,8.521857,-10,0.44,500,-10,500,-10,86.5554,7.484535,328.7397,-129.6693,130.6006,-140.8357,138.7023,0
-0.8503736,-8.827456,3.081992,-3.102862,10,-10,0.44,500,-10,500,-10,86.2323,7.391572,328.4616,-129.4592,130.3859,-140.8152,138.6866,0
2.212744,-9.358488,0.6931962,10,10,-10,0.44,500,-10,500,-10,86.17608,7.27535,328.2911,-129.185,130.0791,-140.9483,138.8521,0
-8.390972,0.6410513,1.151011,10,-9.290048,-10,0.44,500,-10,500,-10,86.37463,7.184841,328.412,-129.4427,129.8998,-140.7906,139.1315,0
1.30327,8.631363,3.194846,-3.251287,-10,-10,0.44,500,-10,500,-10,86.52375,7.081346,328.5615,-129.7306,130.1698,-140.6267,138.9855,0
-1.506396,9.47275,-0.1123778,-10,-10,-10,0.44,500,-10,500,-10,86.50955,6.969441,328.6811,-129.8981,130.3313,-140.5582,138.923,0
7.963634,-2.634866,1.390754,-10,10,-10,0.44,500,-10,500,-10,86.3346,6.875779,328.5586,-129.6456,130.5042,-140.7093,138.6487,0
-1.413644,-8.905993,3.580397,8.10635,10,-10,0.44,500,-10,500,-10,86.26842,6.766445,328.4531,-129.3109,130.1434,-140.9565,138.922,0
0.697156,-9.64242,-0.8038093,10,10,-10,0.44,500,-10,500,-10,86.32575,6.655969,328.3554,-129.2479,130.0548,-140.9387,138.9297,0
-7.301949,3.902281,2.184378,10,-10,-10,0.44,500,-10,500,-10,86.45931,6.558616,328.4545,-129.5096,129.8606,-140.7591,139.206,0
1.356447,8.348761,4.263146,-8.126354,-10,-10,0.44,500,-10,500,-10,86.49161,6.449497,328.5465,-129.8583,130.2014,-140.4866,138.9414,0
0.1657802,9.177414,-1.435997,-10,-10,-10,0.44,500,-10,500,-10,86.40424,6.342196,328.6388,-129.9369,130.2723,-140.4844,138.947,0
7.052419,-5.054812,2.023991,-10,10,-10,0.44,500,-10,500,-10,86.30176,6.240195,328.5502,-129.6932,130.4554,-140.6546,138.6905,0
-0.49805,-7.889807,5.074734,8.146358,10,-10,0.44,500,-10,500,-10,86.29859,6.129357,328.4628,-129.3611,130.0983,-140.9143,138.9751,0
-1.426349,-9.230703,-1.665024,10,10,-10,0.44,500,-10,500,-10,86.41591,6.022977,328.3687,-129.2964,130.0087,-140.901,138.9868,0
-5.686499,6.435418,1.996196,10,-10,-10,0.44,500,-10,500,-10,86.49027,5.918618,328.4583,-129.5586,129.8131,-140.7132,139.2567,0
0.725868,8.075735,4.935657,-8.166361,-10,-10,0.44,500,-10,500,-10,86.46349,5.808042,328.5529,-129.9124,130.1591,-140.4378,138.9889,0
2.590895,8.84411,-1.629702,-10,-10,-10,0.44,500,-10,500,-10,86.31058,5.704895,328.6625,-129.9998,130.2414,-140.4411,138.9975,0
4.805918,-7.544835,1.281606,-10,10,-10,0.44,500,-10,500,-10,86.267,5.595901,328.5643,-129.75,130.4162,-140.6095,138.7413,0
-0.4189773,-8.557762,4.443701,8.419978,10,-10,0.44,500,-10,500,-10,86.34557,5.483965,328.4504,-129.3991,130.0374,-140.8662,139.0258,0
-3.503528,-8.349338,-1.617179,10,3.799438,-10,0.44,500,-10,500,-10,86.51865,5.382371,328.3503,-129.403,129.8768,-140.7792,139.1035,0
-4.216762,7.762708,1.495648,10,-10,-10,0.44,500,-10,500,-10,86.51058,5.271,328.485,-129.6171,129.7763,-140.6769,139.3156,0
-0.7183363,7.904973,4.365072,-9.047283,-10,-10,0.44,500,-10,500,-10,86.31783,5.162899,328.6644,-130.0255,130.186,-140.4171,139.0546,0
5.027481,7.371615,-1.616249,-10,3.140301,-10,0.44,500,-10,500,-10,86.11652,5.063664,328.7773,-129.9532,130.4055,-140.5829,138.9285,0
3.484525,-8.470919,2.047572,-10,10,-10,0.44,500,-10,500,-10,86.22657,4.942173,328.5563,-129.7995,130.3667,-140.5535,138.7842,0
1.522495,-8.022863,4.927501,9.662925,10,-10,0.44,500,-10,500,-10,86.77192,4.836271,328.0742,-129.2619,129.767,-140.6916,138.9845,0
-5.629951,-6.411913,-0.7592175,10,-8.23304,-10,0.44,500,-10,500,-10,87.59608,4.743374,327.3453,-129.1254,129.1562,-140.2241,138.9913,0
-2.095158,8.769926,1.671336,10,-10,-10,0.44,500,-10,500,-10,87.27365,4.681397,327.7688,-129.3376,129.3547,-140.3628,139.1437,0
-1.708491,8.085745,3.753187,-10,-10,-10,0.44,500,-10,500,-10,87.13866,4.547533,327.8127,-129.7206,129.7097,-140.0162,138.8251,0
7.182638,5.612914,-0.4255904,-10,8.253042,-10,0.44,500,-10,500,-10,86.79406,4.465689,328.0647,-129.6397,130.0489,-140.3059,138.6947,0
1.274211,-9.09206,2.011289,-10,10,-10,0.44,500,-10,500,-10,86.24301,4.394011,328.5312,-129.831,130.3145,-140.5011,138.8156,0
2.365004,-8.480026,3.582579,10,10,-10,0.44,500,-10,500,-10,86.11433,4.276959,328.765,-129.5905,130.0803,-140.9354,139.2436,0
-7.694607,-4.448279,-0.4285216,10,-8.273046,-10,0.44,500,-10,500,-10,86.23874,4.179823,328.7344,-129.7856,129.8466,-140.715,139.4518,0
-0.4030078,9.15531,1.899537,10,-10,-10,0.44,500,-10,500,-10,86.51277,4.088567,328.5304,-129.7231,129.7113,-140.6083,139.4181,0
-1.976777,9.141212,3.187374,-10,-10,-10,0.44,500,-10,500,-10,86.53408,3.976676,328.3887,-130.019,129.9763,-140.195,139.0357,0
7.824968,2.616118,0.03005008,-10,8.293049,-10,0.44,500,-10,500,-10,86.43447,3.876253,328.3922,-129.8275,130.1824,-140.3895,138.8325,0
-0.2740747,-9.25725,2.393421,-10,10,-10,0.44,500,-10,500,-10,86.24924,3.77561,328.5225,-129.8737,130.2659,-140.4513,138.8569,0
2.441438,-9.183441,1.999913,10,10,-10,0.44,500,-10,500,-10,86.2823,3.662762,328.6255,-129.5767,129.9633,-140.8336,139.2449,0
-8.221272,-1.549005,0.6782627,10,-8.313053,-10,0.44,500,-10,500,-10,86.37969,3.561069,328.6254,-129.7849,129.7444,-140.6254,139.4637,0
1.224816,9.2065,3.001812,7.150039,-10,-10,0.44,500,-10,500,-10,86.50626,3.458943,328.5203,-129.815,129.7109,-140.5081,139.4102,0
-2.356136,8.986196,1.110773,-10,-10,-10,0.44,500,-10,500,-10,86.43983,3.349675,328.4273,-130.085,129.9554,-140.1611,139.0887,0
8.878682,0.1619919,1.51311,-10,8.939702,-10,0.44,500,-10,500,-10,86.33611,3.248567,328.4577,-129.8961,130.1817,-140.3751,138.8876,0
-0.9722407,-8.746986,3.310735,-1.124029,10,-10,0.44,500,-10,500,-10,86.27307,3.140484,328.5486,-129.7773,130.0809,-140.5693,139.0637,0
2.157986,-9.417701,0.4619925,10,10,-10,0.44,500,-10,500,-10,86.3717,3.031252,328.6378,-129.6222,129.9196,-140.7983,139.2989,0
-8.163099,1.440669,1.693118,10,-9.562843,-10,0.44,500,-10,500,-10,86.46208,2.930029,328.5726,-129.8213,129.6567,-140.5452,139.5077,0
1.609514,8.817032,3.620697,-4.998626,-10,-10,0.44,500,-10,500,-10,86.46542,2.821648,328.4799,-130.0556,129.8557,-140.234,139.2319,0
-1.293822,9.545633,-0.2480204,-10,-10,-10,0.44,500,-10,500,-10,86.33231,2.717812,328.3785,-130.1192,129.8935,-140.0864,139.1101,0
8.417656,-2.642461,2.101677,-10,10,-10,0.44,500,-10,500,-10,86.27317,2.610372,328.4713,-129.9385,130.1578,-140.344,138.9227,0
-1.00698,-8.445127,4.310529,8.37973,10,-10,0.44,500,-10,500,-10,86.31851,2.498051,328.572,-129.6674,129.8815,-140.6985,139.2825,0
0.736809,-9.457738,-0.7434605,10,10,-10,0.44,500,-10,500,-10,86.49522,2.394905,328.6948,-129.6815,129.894,-140.7862,139.3717,0
-7.336527,4.052259,1.958933,10,-10,-10,0.44,500,-10,500,-10,86.51637,2.284779,328.5824,-129.8729,129.6071,-140.5017,139.5655,0
1.170354,8.112211,4.05005,-8.399733,-10,-10,0.44,500,-10,500,-10,86.41884,2.173341,328.4459,-130.1506,129.8537,-140.1109,139.2058,0
0.6496397,9.492898,-1.091227,-10,-10,-10,0.44,500,-10,500,-10,86.16015,2.077083,328.257,-130.1315,129.8,-139.9734,139.1029,0
7.024956,-5.289304,2.112732,-10,10,-10,0.44,500,-10,500,-10,86.1907,1.957735,328.4033,-129.9659,130.0834,-140.2603,138.9407,0
-1.060476,-8.362878,4.417662,8.419737,10,-10,0.44,500,-10,500,-10,86.39935,1.841497,328.6342,-129.7318,129.8581,-140.6857,139.3574,0
-1.561388,-9.25207,-1.770591,10,10,-10,0.44,500,-10,500,-10,86.94883,1.754931,329.0968,-129.8416,130.0021,-140.9592,139.5967,0
-5.958953,6.255636,1.56021,10,-10,-10,0.44,500,-10,500,-10,86.86391,1.619799,328.9101,-130.0173,129.6903,-140.6287,139.7538,0
0.8237867,8.149084,5.09941,-8.439739,-10,-10,0.44,500,-10,500,-10,88.30533,1.501067,330.3436,-130.7775,130.4731,-141.0563,140.1587,0
2.762909,8.996614,-1.498917,-10,-10,-10,0.44,500,-10,500,-10,87.23155,1.416047,329.3664,-130.5087,130.1913,-140.5155,139.6309,0
5.100352,-7.349956,1.682346,-10,10,-10,0.44,500,-10,500,-10,86.31009,1.383867,328.5347,-130.0479,130.0964,-140.2871,139.0366,0
-0.1450485,-8.25633,4.888494,8.632347,10,-10,0.44,500,-10,500,-10,85.9551,1.265937,328.1685,-129.6287,129.6185,-140.403,139.2111,0
-3.714051,-8.594895,-1.958092,10,4.261217,-10,0.44,500,-10,500,-10,85.98687,1.145368,328.0971,-129.6515,129.4863,-140.321,139.2841,0
-3.953797,8.09751,1.920591,10,-10,-10,0.44,500,-10,500,-10,86.34167,1.079044,328.3786,-129.8978,129.4331,-140.308,139.5706,0
-0.4308355,8.101597,4.716556,-9.136547,-10,-10,0.44,500,-10,500,-10,86.48194,0.9790513,328.5804,-130.295,129.8387,-140.078,139.3322,0
5.310472,7.746763,-1.263465,-10,2.366535,-10,0.44,500,-10,500,-10,86.42721,0.8764317,328.6337,-130.2001,130.0132,-140.2169,139.2018,0
3.253169,-8.80463,1.598228,-10,10,-10,0.44,500,-10,500,-10,86.21873,0.7742642,328.4897,-130.0823,130.0354,-140.2155,139.0603,0
1.187187,-8.262712,4.654935,9.629255,10,-10,0.44,500,-10,500,-10,86.2132,0.6576738,328.3815,-129.7187,129.6418,-140.4894,139.3643,0
-5.962719,-6.972912,-1.399904,10,-8.506416,-10,0.44,500,-10,500,-10,86.316,0.55682,328.3909,-129.9259,129.4181,-140.2901,139.5958,0
-2.172444,8.807593,1.643603,10,-10,-10,0.44,500,-10,500,-10,86.4772,0.4605421,328.5104,-129.9832,129.4415,-140.3317,139.6714,0
-1.646473,8.039005,3.897864,-10,-10,-10,0.44,500,-10,500,-10,86.42706,0.3535165,328.6115,-130.3705,129.8245,-140.0282,139.3722,0
6.823106,5.456609,-0.7867378,-10,8.526421,-10,0.44,500,-10,500,-10,86.33184,0.25168,328.6183,-130.1774,130.0341,-140.2269,139.1682,0
1.373985,-9.183889,1.864254,-10,10,-10,0.44,500,-10,500,-10,86.21111,0.1429127,328.5262,-130.1432,130.0057,-140.1849,139.1203,0
1.811425,-8.811659,3.162671,10,10,-10,0.44,500,-10,500,-10,86.29472,0.02799901,328.4439,-129.7775,129.6128,-140.4824,139.445,0
-7.502569,-4.64451,-0.289907,10,-8.546425,-10,0.44,500,-10,500,-10,86.39217,-0.07483856,328.4442,-129.9887,129.3908,-140.2714,139.6673,0
-0.5320082,9.176005,1.789333,10,-10,-10,0.44,500,-10,500,-10,86.48277,-0.1769571,328.5419,-130.0424,129.4077,-140.2986,139.7312,0
-1.776012,9.219249,3.565329,-10,-10,-10,0.44,500,-10,500,-10,86.37067,-0.2830533,328.6366,-130.431,129.7913,-139.9886,139.4262,0
7.825902,2.871587,-0.09525292,-10,8.566427,-10,0.44,500,-10,500,-10,86.26926,-0.3858901,328.6492,-130.2401,130.0041,-140.1899,139.2238,0
-0.3360983,-9.589916,1.99575,-10,10,-10,0.44,500,-10,500,-10,86.20624,-0.4988715,328.557,-130.2036,129.9713,-140.1499,139.1802,0
2.514639,-9.141688,2.28007,10,10,-10,0.44,500,-10,500,-10,86.34783,-0.6130144,328.4611,-129.8302,129.5683,-140.4439,139.5037,0
-8.534815,-2.243662,0.3557858,10,-8.58643,-10,0.44,500,-10,500,-10,86.44898,-0.7173702,328.4552,-130.04,129.3422,-140.2292,139.725,0
0.6564598,8.904813,2.173305,9.818232,-10,-10,0.44,500,-10,500,-10,86.46254,-0.8231613,328.5818,-130.1114,129.3803,-140.2627,139.7918,0
-2.192698,9.191189,1.869131,-10,-10,-10,0.44,500,-10,500,-10,86.25861,-0.9252632,328.7292,-130.5206,129.791,-139.9756,139.5032,0
8.547908,0.5950744,0.9347317,-10,8.869872,-10,0.44,500,-10,500,-10,86.15338,-1.030055,328.7378,-130.3255,130.0052,-140.1778,139.2961,0
-1.219018,-9.144112,2.645349,-4.047019,10,-10,0.44,500,-10,500,-10,86.21491,-1.150503,328.5869,-130.1642,129.8318,-140.2141,139.3444,0
2.299356,-9.365601,0.7443886,10,10,-10,0.44,500,-10,500,-10,86.52583,-1.260674,328.3542,-129.8345,129.4554,-140.3511,139.5282,0
-8.679552,0.5435772,1.119223,10,-9.368568,-10,0.44,500,-10,500,-10,86.50876,-1.369302,328.4751,-130.1051,129.2868,-140.1806,139.7968,0
1.375752,8.62347,3.0739,-1.799352,-10,-10,0.44,500,-10,500,-10,85.97821,-1.472116,329.055,-130.5571,129.7765,-140.2091,139.7876,0
-1.915144,9.287463,-0.3262596,-10,-10,-10,0.44,500,-10,500,-10,84.31698,-1.474085,330.6243,-131.3573,130.6137,-140.7092,140.2507,0
8.26733,-2.291525,1.504269,-10,9.850527,-10,0.44,500,-10,500,-10,82.89125,-1.447667,331.956,-131.8193,131.3844,-141.3506,140.5834,0
-1.412121,-8.858838,3.564845,7.65582,10,-10,0.44,500,-10,500,-10,82.58999,-1.314497,332.2481,-131.6637,131.2163,-141.7482,140.9936,0
1.306156,-9.54579,-0.3395287,10,10,-10,0.44,500,-10,500,-10,82.62878,-1.174615,332.3119,-131.6439,131.2081,-141.8209,141.0546,0
-7.579827,3.497855,2.088172,10,-10,-10,0.44,500,-10,500,-10,83.03055,-1.133748,331.9836,-131.6878,130.8421,-141.5049,141.1486,0
1.668133,8.638363,4.409013,-8.673113,-10,-10,0.44,500,-10,500,-10,83.26529,-1.04819,331.7299,-131.8661,131.0628,-141.1165,140.7178,0
-0.3261257,9.218278,-1.433492,-10,-10,-10,0.44,500,-10,500,-10,83.32351,-0.9451829,331.5446,-131.7899,131.024,-141.0392,140.603,0
7.388729,-4.634562,2.152344,-10,10,-10,0.44,500,-10,500,-10,83.1001,-0.8464545,331.6998,-131.645,131.3229,-141.3127,140.4328,0
-1.266808,-8.44072,4.355522,8.693115,10,-10,0.44,500,-10,500,-10,83.01041,-0.7287824,331.8135,-131.3783,131.0576,-141.6736,140.7923,0
-0.5615975,-9.33128,-1.571294,10,10,-10,0.44,500,-10,500,-10,83.04874,-0.6084974,331.9099,-131.3917,131.0751,-141.74,140.8545,0
-6.428552,5.759291,1.932148,10,-10,-10,0.44,500,-10,500,-10,83.22021,-0.5242673,331.7808,-131.5399,130.8005,-141.4848,141.0222,0
1.005831,8.06366,4.757149,-8.71312,-10,-10,0.44,500,-10,500,-10,83.28073,-0.4235535,331.6685,-131.7944,131.0832,-141.1373,140.6465,0
1.976598,9.038337,-1.858383,-10,-10,-10,0.44,500,-10,500,-10,83.22178,-0.3221137,331.5623,-131.7617,131.0784,-141.082,140.5633,0
5.806588,-6.768332,1.960371,-10,10,-10,0.44,500,-10,500,-10,83.09565,-0.2161578,331.6528,-131.5797,131.3497,-141.3391,140.367,0
-0.5248672,-8.227118,4.843222,8.733122,10,-10,0.44,500,-10,500,-10,83.07422,-0.09951194,331.7335,-131.2925,131.0684,-141.693,140.7151,0
-2.665784,-8.773573,-1.614954,10,9.623981,-10,0.44,500,-10,500,-10,83.16878,0.01439282,331.8147,-131.3007,131.0736,-141.7521,140.7772,0
-4.878414,7.308669,1.51651,10,-10,-10,0.44,500,-10,500,-10,83.26491,0.1091662,331.7157,-131.4621,130.8193,-141.5087,140.9494,0
0.129466,8.061412,4.947134,-8.962518,-10,-10,0.44,500,-10,500,-10,83.24142,0.2118494,331.6182,-131.732,131.1168,-141.158,140.5712,0
3.616,7.816504,-2.489575,-10,-3.17435,-10,0.44,500,-10,500,-10,83.1255,0.3102092,331.5469,-131.638,131.2002,-141.193,140.4287,0
4.318691,-8.074018,2.095228,-10,10,-10,0.44,500,-10,500,-10,83.0538,0.4232731,331.6319,-131.5263,131.3904,-141.375,140.3089,0
0.6200449,-8.302186,4.795273,9.352201,10,-10,0.44,500,-10,500,-10,83.13325,0.54048,331.7192,-131.2258,131.0955,-141.7479,140.6762,0
-5.351989,-7.739108,-1.954937,10,-3.29241,-10,0.44,500,-10,500,-10,83.24677,0.6456116,331.7474,-131.3639,130.9459,-141.6332,140.8492,0
-2.877929,8.844486,1.863909,10,-10,-10,0.44,500,-10,500,-10,83.26952,0.7458508,331.6229,-131.3707,130.8333,-141.5232,140.8586,0
-0.680176,8.518892,5.075942,-9.735327,-10,-10,0.44,500,-10,500,-10,83.09907,0.8441299,331.4819,-131.6409,131.1374,-141.1362,140.4376,0
5.911344,6.403987,-1.306092,-10,8.799799,-10,0.44,500,-10,500,-10,82.97105,0.946367,331.4425,-131.4142,131.3551,-141.3303,140.1873,0
2.144182,-9.103918,1.633634,-10,10,-10,0.44,500,-10,500,-10,82.97155,1.070169,331.5638,-131.4495,131.4201,-141.3954,140.2227,0
1.623672,-8.389844,4.072026,10,10,-10,0.44,500,-10,500,-10,83.21391,1.18987,331.7295,-131.166,131.1326,-141.8162,140.6476,0
-7.097177,-5.808742,-1.054468,10,-8.819803,-10,0.44,500,-10,500,-10,83.32372,1.297949,331.7423,-131.3695,130.9273,-141.6233,140.8635,0
-1.070392,9.16622,1.939925,10,-10,-10,0.44,500,-10,500,-10,83.02636,1.399194,331.3326,-131.194,130.7971,-141.4594,140.6543,0
-1.834187,8.540493,3.628329,-10,-10,-10,0.44,500,-10,500,-10,82.0716,1.44888,330.4623,-131.2079,130.8885,-140.7243,139.8417,0
7.695521,4.436081,-0.171747,-10,8.839806,-10,0.44,500,-10,500,-10,81.04338,1.455859,329.5258,-130.7112,130.8208,-140.445,139.1334,0
0.5227027,-9.465806,1.896292,-10,10,-10,0.44,500,-10,500,-10,79.76138,1.431677,328.3367,-130.3555,130.3671,-139.8155,138.6018,0
2.850899,-8.53152,3.425606,10,10,-10,0.44,500,-10,500,-10,79.55059,1.30021,328.0276,-129.9287,129.8809,-139.9862,138.832,0
-7.564382,-2.996741,0.9052391,10,-8.85981,-10,0.44,500,-10,500,-10,79.77251,1.21283,328.1583,-130.1802,129.7125,-139.843,139.1086,0
0.0760127,9.100249,1.848744,10,-10,-10,0.44,500,-10,500,-10,80.17695,1.138415,328.4848,-130.2879,129.8295,-140.0058,139.2621,0
-2.414267,8.994057,2.458643,-10,-10,-10,0.44,500,-10,500,-10,80.26476,1.029567,328.6878,-130.7008,130.2558,-139.7612,139.0041,0
8.359277,1.794197,0.566272,-10,8.879812,-10,0.44,500,-10,500,-10,80.15817,0.9309448,328.6766,-130.497,130.4623,-139.9556,138.7883,0
-0.8155591,-9.351511,2.254073,-10,10,-10,0.44,500,-10,500,-10,79.93214,0.8299053,328.5169,-130.4492,130.4035,-139.8711,138.7148,0
2.680319,-9.085502,1.847144,10,10,-10,0.44,500,-10,500,-10,79.94393,0.7138489,328.4016,-130.0768,129.9981,-140.148,139.0246,0
-8.528614,-0.8504713,0.8011839,10,-9.041758,-10,0.44,500,-10,500,-10,80.0586,0.6149771,328.4283,-130.3009,129.783,-139.9459,139.2618,0
1.105336,8.795497,2.649003,5.10429,-10,-10,0.44,500,-10,500,-10,80.20175,0.515905,328.5489,-130.4355,129.8989,-139.9113,139.2459,0
-2.320134,9.115064,0.7552717,-10,-10,-10,0.44,500,-10,500,-10,80.15411,0.408184,328.6519,-130.7385,130.2008,-139.6937,139.0293,0
8.717487,-0.695924,1.407418,-10,9.417497,-10,0.44,500,-10,500,-10,80.03871,0.3075109,328.6068,-130.5183,130.3968,-139.8765,138.796,0
-1.585888,-9.100608,2.916414,0.4706632,10,-10,0.44,500,-10,500,-10,79.96542,0.1977423,328.5147,-130.3142,130.1764,-140.0043,138.94,0
2.0767,-9.525318,0.1826719,10,10,-10,0.44,500,-10,500,-10,80.04861,0.08606761,328.4273,-130.1257,129.9586,-140.1203,139.0854,0
-8.39308,1.735237,1.624712,10,-9.780926,-10,0.44,500,-10,500,-10,80.15285,-0.01207792,328.5044,-130.3764,129.76,-139.9336,139.3479,0
1.739399,8.814953,3.72659,-6.142988,-10,-10,0.44,500,-10,500,-10,80.16883,-0.1184989,328.5969,-130.6925,130.0683,-139.6941,139.1162,0
-1.419119,9.430754,-0.6705883,-10,-10,-10,0.44,500,-10,500,-10,80.05543,-0.2215013,328.6941,-130.8057,130.1797,-139.6614,139.0853,0
7.988232,-3.351213,1.657175,-10,10,-10,0.44,500,-10,500,-10,79.97757,-0.3287159,328.6048,-130.5626,130.3577,-139.8306,138.8334,0
-1.337386,-8.631635,4.094329,8.966496,10,-10,0.44,500,-10,500,-10,80.00348,-0.4425326,328.5159,-130.2168,129.9813,-140.1028,139.1362,0
0.7893433,-9.458597,-0.7801694,10,10,-10,0.44,500,-10,500,-10,80.15066,-0.5493475,328.4126,-130.164,129.8966,-140.0699,139.1353,0
-7.160785,4.492709,2.356148,10,-10,-10,0.44,500,-10,500,-10,80.19275,-0.6545524,328.5189,-130.4314,129.7125,-139.8905,139.4074,0
1.263339,8.106727,4.098979,-8.986498,-10,-10,0.44,500,-10,500,-10,80.12492,-0.7630836,328.6347,-130.8065,130.0874,-139.6114,139.1285,0
0.2423898,9.227155,-1.668263,-10,-10,-10,0.44,500,-10,500,-10,79.92128,-0.8595394,328.7805,-130.8929,130.1794,-139.6458,139.1573,0
7.175155,-5.318281,2.209083,-10,10,-10,0.44,500,-10,500,-10,79.91243,-0.9764272,328.6635,-130.6374,130.3389,-139.8044,138.9008,0
-0.9250998,-8.112616,4.79095,9.006502,10,-10,0.44,500,-10,500,-10,80.03147,-1.093789,328.5169,-130.2666,129.9277,-140.0537,139.1905,0
-1.524791,-9.47014,-1.995918,10,10,-10,0.44,500,-10,500,-10,80.33701,-1.19452,328.2892,-130.1631,129.7741,-139.9685,139.1555,0
-6.00831,6.441955,1.870335,10,-10,-10,0.44,500,-10,500,-10,80.23476,-1.312674,328.504,-130.4769,129.6499,-139.8327,139.4577,0
1.01128,8.175665,5.171396,-9.026505,-10,-10,0.44,500,-10,500,-10,79.83581,-1.418975,328.9185,-130.9736,130.1895,-139.6794,139.2615,0
2.174327,8.794586,-2.162693,-10,-10,-10,0.44,500,-10,500,-10,78.73587,-1.457817,329.9271,-131.4185,130.6746,-140.0703,139.6122,0
5.40937,-7.322358,1.693899,-10,10,-10,0.44,500,-10,500,-10,77.20454,-1.5493,331.3625,-131.8667,131.4922,-140.8114,139.9839,0
-0.3557073,-8.22066,4.940737,9.046509,10,-10,0.44,500,-10,500,-10,75.22941,-1.539572,333.3318,-132.5868,132.068,-141.7231,141.0398,0
-3.285204,-8.717926,-1.919546,10,7.225167,-10,0.44,500,-10,500,-10,76.65139,-1.458414,332.0107,-131.8973,131.378,-141.3179,140.6352,0
-4.772108,7.538004,1.24628,10,-10,-10,0.44,500,-10,500,-10,77.50636,-1.367967,331.25,-131.6657,130.8824,-140.9193,140.5005,0
-0.418319,7.760203,4.493903,-9.317155,-10,-10,0.44,500,-10,500,-10,77.60381,-1.229891,331.1275,-131.9201,131.173,-140.5633,140.1083,0
4.639397,8.146378,-1.693147,-10,-1.114497,-10,0.44,500,-10,500,-10,77.47771,-1.116081,331.1568,-131.8449,131.3101,-140.6628,139.9956,0
3.238962,-9.074329,1.090707,-10,10,-10,0.44,500,-10,500,-10,77.12112,-1.063676,331.4439,-131.876,131.5573,-140.8696,139.9863,0
1.282248,-7.867478,5.384907,9.591579,10,-10,0.44,500,-10,500,-10,76.98436,-0.9744796,331.6609,-131.6507,131.3109,-141.2747,140.4125,0
-5.136534,-7.007444,-1.216704,10,-5.032151,-10,0.44,500,-10,500,-10,77.04342,-0.8755217,331.709,-131.8267,131.1542,-141.1386,140.6091,0
-2.076591,9.447227,2.514926,10,-10,-10,0.44,500,-10,500,-10,77.2404,-0.7639388,331.5804,-131.8006,131.0513,-141.058,140.6053,0
-1.067755,8.273233,4.7036,-9.858463,-10,-10,0.44,500,-10,500,-10,77.22273,-0.6408669,331.4877,-132.0856,131.3676,-140.6963,140.2123,0
6.159168,6.177398,-1.386388,-10,9.113186,-10,0.44,500,-10,500,-10,77.11313,-0.5415296,331.5096,-131.8829,131.6058,-140.9172,139.9923,0
1.74727,-9.392064,1.394828,-10,10,-10,0.44,500,-10,500,-10,76.95043,-0.4522477,331.6354,-131.9378,131.6735,-140.9665,140.0288,0
1.827904,-8.302556,4.145683,10,10,-10,0.44,500,-10,500,-10,77.00139,-0.3514746,331.7439,-131.6409,131.3736,-141.3532,140.4185,0
-7.254084,-5.646222,-0.9167089,10,-9.133188,-10,0.44,500,-10,500,-10,77.09575,-0.2501647,331.7546,-131.8493,131.1634,-141.1537,140.6376,0
-0.9505105,9.202613,1.834051,10,-10,-10,0.44,500,-10,500,-10,77.21474,-0.1358734,331.67,-131.8027,131.1265,-141.1302,140.6045,0
-1.602041,8.838843,3.981121,-10,-10,-10,0.44,500,-10,500,-10,77.12682,-0.01621194,331.5952,-132.1027,131.4552,-140.7682,140.2137,0
8.015782,4.535524,0.1165774,-10,9.153193,-10,0.44,500,-10,500,-10,77.02972,0.08597919,331.6047,-131.89,131.6869,-140.9888,139.9899,0
0.278163,-9.659785,1.726931,-10,10,-10,0.44,500,-10,500,-10,76.94093,0.1821395,331.7085,-131.9298,131.7431,-141.035,140.0197,0
2.60191,-8.813293,3.023728,10,10,-10,0.44,500,-10,500,-10,77.05801,0.2821991,331.8101,-131.6257,131.4373,-141.4234,140.4097,0
-7.973249,-3.284522,0.4430132,10,-9.173195,-10,0.44,500,-10,500,-10,77.16108,0.384287,331.8269,-131.8367,131.2285,-141.2262,140.6324,0
0.5327857,9.506642,2.337575,10,-10,-10,0.44,500,-10,500,-10,77.22787,0.5027431,331.7435,-131.7926,131.196,-141.2013,140.5958,0
-2.14148,9.298653,2.893857,-10,-10,-10,0.44,500,-10,500,-10,77.08782,0.6224304,331.6571,-132.0895,131.5242,-140.8328,140.196,0
8.291347,1.777412,0.4896918,-10,9.193199,-10,0.44,500,-10,500,-10,76.99525,0.7265438,331.665,-131.8748,131.756,-141.054,139.9708,0
-1.009868,-9.517487,2.069067,-10,10,-10,0.44,500,-10,500,-10,76.99031,0.8241739,331.8044,-131.9275,131.8192,-141.1167,140.023,0
2.917596,-8.931785,2.140278,10,10,-10,0.44,500,-10,500,-10,77.20762,0.9166889,331.9655,-131.6472,131.5276,-141.5306,140.4481,0
-8.719158,-0.996411,0.7592681,10,-9.273269,-10,0.44,500,-10,500,-10,77.34073,1.018633,332.0083,-131.8701,131.3251,-141.3431,140.6861,0
1.329444,9.01725,2.816168,6.105563,-10,-10,0.44,500,-10,500,-10,77.32339,1.148029,331.8953,-131.8804,131.3557,-141.2392,140.5619,0
-2.395343,9.108131,0.927301,-10,-10,-10,0.44,500,-10,500,-10,77.06469,1.272626,331.7207,-132.0736,131.5955,-140.9014,140.1774,0
8.442858,-0.7726989,1.026379,-10,9.529979,-10,0.44,500,-10,500,-10,77.13368,1.372988,331.8945,-131.9278,131.8775,-141.1912,140.0395,0
-1.513629,-9.034239,2.995773,-0.8120034,10,-10,0.44,500,-10,500,-10,77.78027,1.440768,332.606,-132.0558,131.9666,-141.6526,140.5399,0
2.286619,-9.41785,0.4049034,10,10,-10,0.44,500,-10,500,-10,78.85063,1.398938,333.5864,-132.279,132.1836,-142.2419,141.1352,0
-8.646725,1.542897,1.533611,10,-9.774179,-10,0.44,500,-10,500,-10,79.66425,1.406296,334.3104,-132.7527,132.2498,-142.368,141.6689,0
1.727669,8.7462,3.484336,-4.578388,-10,-10,0.44,500,-10,500,-10,80.3497,1.332698,334.9786,-133.1929,132.782,-142.4816,141.6904,0
-1.65814,9.433441,-0.614734,-10,-10,-10,0.44,500,-10,500,-10,80.49935,1.208679,335.2363,-133.3717,132.9843,-142.5162,141.7016,0
8.249816,-2.970249,1.733196,-10,10,-10,0.44,500,-10,500,-10,80.09839,1.139624,334.9126,-133.0647,133.0685,-142.555,141.3492,0
-1.359146,-8.635904,4.02112,9.279881,10,-10,0.44,500,-10,500,-10,79.91033,1.031385,334.7074,-132.6866,132.6415,-142.7631,141.6061,0
1.028785,-9.633825,-0.7092892,10,10,-10,0.44,500,-10,500,-10,79.89011,0.9130019,334.5645,-132.6365,132.551,-142.6948,141.5782,0
-7.813357,3.789632,1.884969,10,-10,-10,0.44,500,-10,500,-10,80.12718,0.8294182,334.7402,-132.9124,132.3939,-142.5645,141.881,0
1.16068,8.024652,3.758138,-9.299885,-10,-10,0.44,500,-10,500,-10,80.22687,0.7230033,334.8733,-133.2867,132.7755,-142.3004,141.6096,0
-0.2572095,9.180071,-1.754841,-10,-10,-10,0.44,500,-10,500,-10,80.20002,0.6126354,334.9876,-133.3459,132.8379,-142.336,141.6419,0
7.026925,-5.274137,1.908237,-10,10,-10,0.44,500,-10,500,-10,80.0329,0.5170931,334.8668,-133.0969,133.0057,-142.4848,141.374,0
-1.73341,-8.74052,3.948905,9.319887,10,-10,0.44,500,-10,500,-10,79.98284,0.4063354,334.7679,-132.7463,132.6223,-142.7535,141.6754,0
-0.5057871,-9.218348,-1.50607,10,10,-10,0.44,500,-10,500,-10,80.04828,0.2958325,334.6735,-132.7081,132.5518,-142.7135,141.6678,0
-6.114048,6.329961,2.387777,10,-10,-10,0.44,500,-10,500,-10,80.17596,0.1985433,334.7761,-132.9672,132.3633,-142.5394,141.9413,0
0.7742511,7.744828,4.427907,-9.33989,-10,-10,0.44,500,-10,500,-10,80.195,0.0895884,334.8668,-133.3333,132.7285,-142.2484,141.6512,0
1.897081,8.99001,-2.069165,-10,-10,-10,0.44,500,-10,500,-10,80.1007,-0.01632021,334.96,-133.3886,132.7836,-142.2704,141.6733,0
6.03513,-6.752191,2.304686,-10,10,-10,0.44,500,-10,500,-10,80.00467,-0.1198083,334.8672,-133.1461,132.9601,-142.436,141.4199,0
-0.113881,-7.713479,5.563275,9.359894,10,-10,0.44,500,-10,500,-10,80.01421,-0.2317137,334.7804,-132.796,132.5781,-142.7141,141.73,0
-2.636767,-9.011095,-1.918155,10,10,-10,0.44,500,-10,500,-10,80.13912,-0.3380407,334.6846,-132.7548,132.5039,-142.6759,141.7248,0
-4.788839,7.608036,1.913471,10,-10,-10,0.44,500,-10,500,-10,80.20431,-0.4425818,334.7825,-133.0167,132.3158,-142.4952,141.9941,0
0.6388885,8.34233,5.548079,-9.425647,-10,-10,0.44,500,-10,500,-10,80.1553,-0.5524275,334.8817,-133.3913,132.6902,-142.2027,141.7018,0
3.493588,8.150736,-2.478853,-10,-5.397192,-10,0.44,500,-10,500,-10,80.00638,-0.6537215,334.9719,-133.3954,132.7974,-142.2735,141.6694,0
4.400674,-8.262011,1.801546,-10,10,-10,0.44,500,-10,500,-10,79.97569,-0.7642475,334.862,-133.1963,132.9088,-142.3814,141.4669,0
0.6383181,-8.014806,5.287869,9.604757,10,-10,0.44,500,-10,500,-10,80.09482,-0.8757172,334.7387,-132.8244,132.4977,-142.6512,141.7759,0
-4.84475,-8.091939,-1.972727,10,-0.4926759,-10,0.44,500,-10,500,-10,80.2566,-0.9766914,334.6586,-132.9086,132.3153,-142.5006,141.8919,0
-3.044019,9.002817,1.960636,10,-10,-10,0.44,500,-10,500,-10,80.22552,-1.089552,334.814,-133.0775,132.2788,-142.4605,142.0573,0
-0.7174741,8.235409,4.910809,-9.775238,-10,-10,0.44,500,-10,500,-10,79.9766,-1.196021,335.0258,-133.5062,132.7269,-142.2073,141.7846,0
5.782085,6.821479,-1.523444,-10,6.37477,-10,0.44,500,-10,500,-10,79.77541,-1.296888,335.1353,-133.3813,132.973,-142.4229,141.6292,0
2.458575,-9.280376,1.587701,-10,10,-10,0.44,500,-10,500,-10,79.94286,-1.422067,334.86,-133.2505,132.8567,-142.3256,141.5174,0
1.430032,-8.328231,4.438534,9.934381,10,-10,0.44,500,-10,500,-10,80.92232,-1.52215,333.9607,-132.5486,132.0238,-142.2824,141.6051,0
-6.552236,-6.491717,-1.300635,10,-9.446575,-10,0.44,500,-10,500,-10,83.87986,-1.519549,331.0999,-131.234,130.4676,-141.2266,140.791,0
-1.510664,9.27817,1.881545,10,-10,-10,0.44,500,-10,500,-10,84.12316,-1.381274,330.957,-131.1517,130.4038,-141.1905,140.7363,0
-1.518298,8.392187,4.226336,-10,-10,-10,0.44,500,-10,500,-10,83.99029,-1.24061,330.9932,-131.5047,130.7768,-140.8675,140.3934,0
7.415009,5.244328,-0.6383307,-10,9.466578,-10,0.44,500,-10,500,-10,83.73884,-1.161976,331.158,-131.3726,131.0739,-141.1361,140.2328,0
1.263946,-9.167272,2.253343,-10,10,-10,0.44,500,-10,500,-10,83.34895,-1.106794,331.4752,-131.5428,131.2107,-141.2287,140.3588,0
1.961786,-8.86899,3.052473,10,10,-10,0.44,500,-10,500,-10,83.24572,-1.013622,331.7023,-131.3163,130.9562,-141.6434,140.8014,0
-8.111516,-4.707676,-0.6359749,10,-9.486582,-10,0.44,500,-10,500,-10,83.33649,-0.9150515,331.7105,-131.5282,130.7409,-141.4383,141.0236,0
-0.2052173,9.423839,1.818089,10,-10,-10,0.44,500,-10,500,-10,83.54116,-0.8024278,331.5762,-131.447,130.6875,-141.4082,140.9656,0
-2.12983,9.013105,3.242479,-10,-10,-10,0.44,500,-10,500,-10,83.50935,-0.6786894,331.482,-131.7332,131.0078,-141.044,140.5674,0
8.474221,3.321632,0.4314099,-10,9.506584,-10,0.44,500,-10,500,-10,83.39703,-0.5800341,331.5072,-131.5257,131.2488,-141.2723,140.3472,0
-0.2782913,-9.580074,2.180182,-10,10,-10,0.44,500,-10,500,-10,83.22867,-0.4906648,331.6358,-131.5884,131.3118,-141.3162,140.3908,0
2.519672,-9.288692,2.155026,10,10,-10,0.44,500,-10,500,-10,83.27721,-0.3893892,331.7457,-131.2937,131.0112,-141.7019,140.7825,0
-8.250899,-2.076885,0.8074885,10,-9.526588,-10,0.44,500,-10,500,-10,83.37219,-0.2880579,331.7536,-131.5052,130.7954,-141.497,141.0047,0
1.314252,9.534804,2.717548,10,-10,-10,0.44,500,-10,500,-10,83.49469,-0.1742467,331.6677,-131.4523,130.7633,-141.4787,140.9657,0
-2.175524,9.398412,2.349556,-10,-10,-10,0.44,500,-10,500,-10,83.40776,-0.05484464,331.592,-131.7509,131.0927,-141.1174,140.5736,0
8.575739,0.61793,0.7608064,-10,9.556797,-10,0.44,500,-10,500,-10,83.31007,0.0466477,331.6054,-131.5358,131.33,-141.3436,140.3474,0
-1.489296,-9.507458,2.128236,-7.145285,10,-10,0.44,500,-10,500,-10,83.23148,0.1432065,331.7084,-131.5319,131.3309,-141.4329,140.4318,0
2.94922,-8.947768,1.614796,10,10,-10,0.44,500,-10,500,-10,83.34695,0.2425142,331.81,-131.2778,131.0725,-141.7711,140.7745,0
-8.767073,0.07357374,1.219222,10,-9.703183,-10,0.44,500,-10,500,-10,83.44098,0.3473,331.7926,-131.4781,130.8471,-141.5564,140.9854,0
1.526723,8.79371,2.970216,2.062826,-10,-10,0.44,500,-10,500,-10,83.47124,0.4655653,331.7101,-131.5645,130.9591,-141.4016,140.8051,0
-1.917018,9.547908,0.5868983,-10,-10,-10,0.44,500,-10,500,-10,83.32948,0.5821057,331.6201,-131.7237,131.152,-141.1678,140.5375,0
9.069236,-1.248635,1.96828,-10,9.836413,-10,0.44,500,-10,500,-10,83.27516,0.6796189,331.6985,-131.536,131.4109,-141.4205,140.3436,0
-1.68046,-8.9748,3.23165,2.997215,10,-10,0.44,500,-10,500,-10,83.32627,0.7777962,331.8315,-131.37,131.2387,-141.6967,140.6259,0
1.799167,-9.75627,-0.3238386,10,10,-10,0.44,500,-10,500,-10,83.5407,0.8645284,331.9912,-131.3128,131.1657,-141.8863,140.8314,0
-8.292469,2.552793,1.919437,10,-9.958389,-10,0.44,500,-10,500,-10,83.5737,0.9861142,331.9055,-131.4836,130.9201,-141.6445,141.0059,0
1.453172,8.430445,3.371169,-8.104993,-10,-10,0.44,500,-10,500,-10,83.48181,1.112489,331.7863,-131.7277,131.2039,-141.3016,140.6233,0
-1.055643,9.670523,-0.6742938,-10,-10,-10,0.44,500,-10,500,-10,83.20193,1.227415,331.5888,-131.6667,131.1975,-141.1989,140.466,0
7.997608,-3.804326,1.812226,-10,10,-10,0.44,500,-10,500,-10,83.39999,1.328701,331.9022,-131.5814,131.5201,-141.5439,140.4032,0
-1.484521,-8.636489,4.162212,9.633272,10,-10,0.44,500,-10,500,-10,83.93926,1.402234,332.4564,-131.4675,131.3637,-142.117,141.0188,0
0.3521182,-9.802464,-1.421849,10,10,-10,0.44,500,-10,500,-10,84.856,1.38446,333.2841,-131.8007,131.6947,-142.4697,141.3737,0
-7.470611,4.603849,2.075616,10,-10,-10,0.44,500,-10,500,-10,85.69061,1.459467,334.0279,-132.3149,131.7702,-142.5717,141.9144,0
1.270833,8.028887,4.076189,-9.653275,-10,-10,0.44,500,-10,500,-10,86.74985,1.404822,335.0922,-132.9504,132.566,-142.8181,142.0004,0
0.3949404,9.390665,-1.659156,-10,-10,-10,0.44,500,-10,500,-10,86.91412,1.273405,335.3613,-133.0449,132.6877,-142.9466,142.1017,0
7.337063,-5.404985,2.43825,-10,10,-10,0.44,500,-10,500,-10,86.41319,1.218076,334.9407,-132.7131,132.7278,-142.9299,141.7132,0
-1.679831,-8.70077,3.997126,9.673279,10,-10,0.44,500,-10,500,-10,86.17821,1.111426,334.69,-132.3188,132.2713,-143.1165,141.9619,0
-0.9480619,-9.133996,-1.545657,10,10,-10,0.44,500,-10,500,-10,86.13828,0.9914507,334.5313,-132.2732,132.1788,-143.0306,141.923,0
-5.941348,6.713832,2.196728,10,-10,-10,0.44,500,-10,500,-10,86.40649,0.9112591,334.7344,-132.5537,132.0362,-142.9184,142.2338,0
0.938164,7.966262,4.89601,-9.693281,-10,-10,0.44,500,-10,500,-10,86.52134,0.8047656,334.8803,-132.9362,132.4319,-142.6567,141.959,0
2.167166,8.935108,-2.24094,-10,-10,-10,0.44,500,-10,500,-10,86.506,0.6931472,335.0012,-132.9887,132.4917,-142.7043,141.9993,0
5.547719,-7.323668,1.802361,-10,10,-10,0.44,500,-10,500,-10,86.32323,0.5997126,334.8682,-132.738,132.653,-142.8449,141.7279,0
-0.5153914,-8.159413,4.996867,9.713285,10,-10,0.44,500,-10,500,-10,86.26508,0.4893453,334.7637,-132.3806,132.2593,-143.1157,142.035,0
-2.817786,-8.837791,-1.808858,10,10,-10,0.44,500,-10,500,-10,86.32195,0.3785642,334.6661,-132.3497,132.1932,-143.0658,142.0203,0
-4.738043,7.7282,1.728529,10,-10,-10,0.44,500,-10,500,-10,86.45983,0.2821458,334.7744,-132.6086,132.0084,-142.8966,142.2948,0
0.4674312,8.254974,5.434438,-9.761162,-10,-10,0.44,500,-10,500,-10,86.47433,0.1733947,334.867,-132.9816,132.3832,-142.6004,141.9967,0
3.812223,8.220088,-2.360638,-10,-4.915483,-10,0.44,500,-10,500,-10,86.38495,0.06861398,334.9358,-132.9631,132.477,-142.6759,141.9599,0
4.295218,-8.447267,1.79628,-10,10,-10,0.44,500,-10,500,-10,86.28077,-0.0348858,334.8409,-132.7787,132.5945,-142.7815,141.7638,0
0.5249868,-8.152586,5.120306,9.838756,10,-10,0.44,500,-10,500,-10,86.3197,-0.1461166,334.7539,-132.4198,132.2015,-143.0684,142.0847,0
-4.718884,-7.875616,-1.748449,10,-0.4914732,-10,0.44,500,-10,500,-10,86.42602,-0.2496804,334.7108,-132.5236,132.0445,-142.9289,142.206,0
-3.326198,8.821278,1.5406,10,-10,-10,0.44,500,-10,500,-10,86.49984,-0.354657,334.808,-132.6654,131.9749,-142.8677,142.3562,0
-0.6520036,8.282811,5.01624,-9.907151,-10,-10,0.44,500,-10,500,-10,86.40592,-0.463537,334.9046,-133.0485,132.3601,-142.5645,142.0509,0
5.385142,6.50042,-2.146605,-10,5.884534,-10,0.44,500,-10,500,-10,86.29613,-0.5659608,334.9294,-132.8933,132.5515,-142.7403,141.8801,0
2.834842,-9.08403,1.997705,-10,10,-10,0.44,500,-10,500,-10,86.25532,-0.6761624,334.8234,-132.8245,132.5371,-142.7213,141.8067,0
1.462048,-8.262109,4.607192,9.965658,10,-10,0.44,500,-10,500,-10,86.41323,-0.7860239,334.7073,-132.4479,132.1199,-143.0017,142.1276,0
-6.229395,-6.341351,-0.9105152,10,-9.799967,-10,0.44,500,-10,500,-10,86.51743,-0.890655,334.6986,-132.6701,131.8775,-142.7723,142.3629,0
-2.223462,8.764423,1.000621,10,-10,-10,0.44,500,-10,500,-10,86.50432,-1.002035,334.8412,-132.727,131.9403,-142.8336,142.4182,0
-1.221207,8.569753,4.702666,-10,-10,-10,0.44,500,-10,500,-10,86.24799,-1.106884,335.0244,-133.1481,132.3808,-142.5642,142.1295,0
7.305264,5.427944,-0.6754881,-10,9.819969,-10,0.44,500,-10,500,-10,86.10513,-1.211768,335.0739,-132.9571,132.629,-142.7962,141.9223,0
1.143571,-9.520035,1.760788,-10,10,-10,0.44,500,-10,500,-10,86.21133,-1.33462,334.8562,-132.8901,132.5036,-142.6828,141.8673,0
2.398978,-8.263668,3.986851,10,10,-10,0.44,500,-10,500,-10,86.76188,-1.441201,334.3957,-132.3818,131.8872,-142.8096,142.1022,0
-7.721193,-4.605561,-0.3887573,10,-9.839973,-10,0.44,500,-10,500,-10,87.45421,-1.539453,333.7989,-132.3401,131.3559,-142.3568,142.139,0
-0.2528541,9.539644,1.873639,10,-10,-10,0.44,500,-10,500,-10,86.63509,-1.647724,334.719,-132.7335,131.8171,-142.7259,142.4402,0
-2.273286,8.654994,3.157408,-10,-10,-10,0.44,500,-10,500,-10,87.06423,-1.777437,334.1886,-132.886,131.8579,-142.1338,141.9599,0
8.257651,3.481416,-0.1168423,-10,9.859978,-10,0.44,500,-10,500,-10,86.7578,-1.8571,334.4038,-132.7631,132.1939,-142.435,141.8022,0
-0.1162404,-9.777404,1.880403,-10,10,-10,0.44,500,-10,500,-10,86.27311,-1.931156,334.8064,-132.9228,132.4226,-142.6089,141.907,0
2.478447,-9.217827,2.39511,10,10,-10,0.44,500,-10,500,-10,86.16798,-2.045149,335.0273,-132.667,132.1926,-143.0477,142.3202,0
-8.008913,-2.331993,0.9767025,10,-9.87998,-10,0.44,500,-10,500,-10,86.29662,-2.141449,334.9915,-132.8804,131.935,-142.8047,142.5481,0
0.5442928,9.231764,1.897803,10,-10,-10,0.44,500,-10,500,-10,86.54891,-2.23825,334.8084,-132.8185,131.8166,-142.7149,142.5148,0
-2.754366,8.903691,2.081507,-10,-10,-10,0.44,500,-10,500,-10,86.54836,-2.352546,334.6795,-133.1285,132.0807,-142.2981,142.1438,0
9.121928,1.864573,1.266967,-10,9.899982,-10,0.44,500,-10,500,-10,86.43972,-2.45193,334.696,-132.9245,132.3107,-142.5158,141.9276,0
-1.420602,-9.735067,1.850845,-10,10,-10,0.44,500,-10,500,-10,86.26141,-2.551907,334.8224,-132.9816,132.3785,-142.5634,141.9645,0
2.799854,-9.185548,1.751994,10,10,-10,0.44,500,-10,500,-10,86.30673,-2.663279,334.9248,-132.68,132.0789,-142.9498,142.3489,0
-8.868999,-0.8479601,0.9172736,10,-9.924721,-10,0.44,500,-10,500,-10,86.41009,-2.764046,334.912,-132.9032,131.8334,-142.716,142.5838,0
1.410652,9.008822,2.664785,6.731854,-10,-10,0.44,500,-10,500,-10,86.52865,-2.868951,334.8118,-132.931,131.8204,-142.6052,142.5137,0
-2.61739,9.033954,0.8416268,-10,-10,-10,0.44,500,-10,500,-10,86.45057,-2.97978,334.722,-133.202,132.0534,-142.2598,142.2064,0
9.115445,-0.2114619,1.606184,-10,9.959025,-10,0.44,500,-10,500,-10,86.34748,-3.080322,334.7567,-133.0029,132.2929,-142.4876,141.9956,0
-1.54971,-9.017044,3.038535,-2.174674,10,-10,0.44,500,-10,500,-10,86.28329,-3.187286,334.8487,-132.911,132.202,-142.6558,142.1628,0
2.421186,-9.429774,0.4570851,10,10,-10,0.44,500,-10,500,-10,86.39013,-3.295323,334.9396,-132.7355,132.0263,-142.9066,142.4138,0
-8.664084,1.527169,1.63016,10,-9.983,-10,0.44,500,-10,500,-10,86.47945,-3.397534,334.8838,-132.9473,131.7581,-142.6486,142.6357,0
1.536373,8.470361,2.912415,-2.449674,-10,-10,0.44,500,-10,500,-10,86.49174,-3.507388,334.7919,-133.14,131.9117,-142.3797,142.4061,0
-1.908951,9.459107,-0.4457344,-10,-10,-10,0.44,500,-10,500,-10,86.35319,-3.613549,334.6915,-133.2551,131.9862,-142.1815,142.2483,0
8.584327,-2.571413,1.745442,-10,9.996649,-10,0.44,500,-10,500,-10,86.29536,-3.718466,334.7791,-133.07,132.2504,-142.4392,142.0567,0
-1.480958,-8.644934,3.892484,7.057277,10,-10,0.44,500,-10,500,-10,86.34146,-3.828716,334.8861,-132.8201,132.003,-142.7776,142.3927,0
1.35353,-9.904375,-0.7932639,10,10,-10,0.44,500,-10,500,-10,86.52731,-3.929441,335.0167,-132.8093,132.0007,-142.8966,142.5032,0
-8.258228,3.263241,1.844711,10,-10,-10,0.44,500,-10,500,-10,86.53743,-4.042116,334.893,-133.0059,131.7006,-142.5976,142.7009,0
