0.03380774,-0.1119246,-9.492839,-0.0098925,-0.007933972,0.00108462,0.44,342.9332,-342.9577,342.8969,-342.9631,-1.965233e-06,-2.155978e-06,-5.859605e-07,-0.2240329,-0.2240489,-0.2240092,-0.2240524,0
-0.116923,-0.2512355,-14.08014,-0.01084344,-0.009036063,-2.253169e-05,0.44,343.0175,-342.912,342.8928,-342.9287,-4.02452e-06,-4.667e-06,-7.215308e-08,-0.224088,-0.224019,-0.2240065,-0.22403,0
0.2278519,0.06732436,-13.62979,-0.008328836,-0.006301623,0.002519938,0.44,342.9608,-342.8717,343.0659,-342.8525,6.818334e-06,7.100437e-06,5.960543e-07,-0.2240509,-0.2239928,-0.2241196,-0.2239802,0
-0.01241245,-0.1545401,-13.94356,-0.01056849,-0.008493732,0.0007364108,0.44,342.8445,-343.066,342.7531,-343.0873,-3.975494e-06,-3.691068e-06,1.940148e-06,-0.223975,-0.2241197,-0.2239153,-0.2241336,0
0.2153529,0.05578018,-13.64611,-0.008419157,-0.006429253,0.00240215,0.44,343.4182,-342.416,343.5187,-342.3979,1.696333e-05,1.88649e-05,1.331081e-05,-0.2243498,-0.2236951,-0.2244154,-0.2236833,0
-0.2692656,-0.3917376,-14.279,-0.01288956,-0.01082641,-0.001318333,0.44,342.5509,-343.4408,342.2563,-343.5029,-1.00102e-05,-7.2856e-06,6.248242e-06,-0.2237832,-0.2243645,-0.2235907,-0.2244051,0
-0.006649694,-0.1494297,-13.93612,-0.00965913,-0.008061185,0.0007018811,0.44,342.7197,-343.1796,342.684,-343.1675,-2.038532e-05,-2.000444e-05,-1.384993e-05,-0.2238935,-0.2241939,-0.2238702,-0.224186,0
0.1929231,0.03483097,-13.67552,-0.007724956,-0.006140082,0.002422033,0.44,342.5095,-343.3256,342.6384,-343.2774,-2.269277e-05,-2.873627e-05,-3.146869e-05,-0.2237561,-0.2242893,-0.2238403,-0.2242578,0
0.1040813,-0.04732964,-13.79163,-0.008222287,-0.00654452,0.001986556,0.44,343.2468,-342.5987,343.3427,-342.5626,-2.577728e-06,-1.28608e-05,-2.011425e-05,-0.2242378,-0.2238144,-0.2243005,-0.2237908,0
-0.02050801,-0.1622053,-13.95428,-0.01013171,-0.0079377,0.0009391602,0.44,342.9756,-342.9165,342.9262,-342.9326,1.728788e-06,-6.729374e-06,-1.472933e-05,-0.2240606,-0.224022,-0.2240284,-0.2240325,0
0.1055145,-0.04568834,-13.78962,-0.00947406,-0.0071314,0.001811921,0.44,342.8331,-343.0313,342.8451,-343.0414,-1.986778e-06,-6.849711e-06,-1.617042e-05,-0.2239675,-0.224097,-0.2239754,-0.2241036,0
0.5150179,0.3326784,-13.25471,-0.006420696,-0.003957105,0.004861909,0.44,343.0464,-342.7047,343.3332,-342.6665,1.193108e-05,9.995081e-06,-1.021419e-05,-0.2241069,-0.2238837,-0.2242942,-0.2238587,0
0.1275127,-0.02519399,-13.76078,-0.009847949,-0.007426836,0.00193155,0.44,342.9252,-342.9473,342.9104,-342.968,2.633261e-06,2.45624e-06,-3.669123e-06,-0.2240277,-0.2240421,-0.224018,-0.2240557,0
0.1176398,-0.03443534,-13.77373,-0.00943636,-0.007293946,0.001780962,0.44,343.4494,-342.4141,343.4679,-342.4196,1.875143e-05,2.204207e-05,1.159193e-05,-0.2243701,-0.2236938,-0.2243823,-0.2236973,0
0.3578473,0.1877672,-13.45982,-0.00859459,-0.006016089,0.003372222,0.44,342.6092,-343.2105,342.7143,-343.2169,1.293967e-05,2.057431e-05,1.033702e-05,-0.2238212,-0.2242141,-0.2238899,-0.2242182,0
-0.01587293,-0.1576265,-13.948,-0.01090587,-0.008880547,0.000619356,0.44,343.1255,-342.796,343.006,-342.8234,-9.32795e-07,6.883611e-06,1.599992e-05,-0.2241586,-0.2239433,-0.2240805,-0.2239612,0
-0.002324264,-0.1452931,-13.93039,-0.01009376,-0.008401556,0.000645612,0.44,342.9103,-342.9959,342.8478,-342.9969,-4.573515e-06,1.51349e-06,4.470591e-06,-0.2240179,-0.2240739,-0.2239771,-0.2240745,0
0.272672,0.1087611,-13.57121,-0.007984463,-0.006130582,0.002814576,0.44,342.8446,-342.9809,342.9747,-342.9506,7.278882e-06,1.169501e-05,7.411338e-06,-0.2239751,-0.2240641,-0.2240601,-0.2240443,0
0.2101619,0.05115354,-13.6528,-0.009035369,-0.006910224,0.00231458,0.44,343.1767,-342.6745,343.2274,-342.6723,1.292592e-05,1.747007e-05,2.114997e-05,-0.224192,-0.2238639,-0.2242252,-0.2238625,0
0.07773572,-0.07113519,-13.82574,-0.01025509,-0.008114059,0.001164278,0.44,342.7701,-343.1259,342.7097,-343.1451,-2.700611e-06,2.312563e-06,1.146555e-05,-0.2239264,-0.2241588,-0.223887,-0.2241714,0
0.102855,-0.04813346,-13.79302,-0.009271585,-0.00749696,0.00146036,0.44,342.9129,-342.9621,342.9249,-342.951,-1.891702e-06,1.374694e-06,7.34926e-06,-0.2240196,-0.2240518,-0.2240275,-0.2240445,0
0.321211,0.1536424,-13.5078,-0.007788675,-0.005785639,0.003120943,0.44,343.0094,-342.8037,343.163,-342.7748,1.172461e-05,1.422643e-05,1.372433e-05,-0.2240827,-0.2239483,-0.2241831,-0.2239294,0
0.1365228,-0.01683573,-13.74897,-0.009784957,-0.007585608,0.00167518,0.44,343.0626,-342.8127,343.0498,-342.8259,1.030135e-05,1.37356e-05,2.26442e-05,-0.2241174,-0.2239542,-0.2241091,-0.2239628,0
-0.12724,-0.2605794,-14.09351,-0.0115561,-0.009624287,-0.0003896099,0.44,343.1059,-342.8408,342.9281,-342.876,3.316751e-06,7.931289e-06,2.344132e-05,-0.2241458,-0.2239726,-0.2240296,-0.2239955,0
0.4492437,0.2720339,-13.34051,-0.007169629,-0.005022903,0.003853656,0.44,342.2898,-343.5003,342.4958,-343.465,-5.02069e-06,-7.387923e-07,3.907047e-07,-0.2236126,-0.2244034,-0.2237472,-0.2243803,0
-0.1029737,-0.2383593,-14.0619,-0.0105948,-0.009034855,4.518719e-05,0.44,343.0511,-342.8807,342.9353,-342.8839,-1.415624e-05,-1.558056e-05,4.592443e-06,-0.2241099,-0.2239986,-0.2240343,-0.2240007,0
0.1490667,-0.00561232,-13.73277,-0.00836064,-0.006656367,0.001855963,0.44,342.7475,-343.1023,342.8307,-343.0704,-1.058587e-05,-1.535037e-05,-1.355467e-05,-0.2239116,-0.2241434,-0.223966,-0.2241226,0
0.2208339,0.06073561,-13.63902,-0.00804236,-0.006088521,0.00260867,0.44,343.0293,-342.7971,343.1557,-342.7688,7.627422e-06,1.567502e-06,-1.052757e-06,-0.2240957,-0.223944,-0.2241783,-0.2239255,0
0.1151646,-0.03666672,-13.77695,-0.009723343,-0.00737938,0.001679269,0.44,342.9854,-342.8857,342.9789,-342.9009,4.479382e-06,6.754569e-07,4.089909e-06,-0.224067,-0.2240019,-0.2240628,-0.2240118,0
0.1545523,-0.0003029773,-13.7255,-0.009286501,-0.007050639,0.001907386,0.44,343.087,-342.7715,343.1163,-342.776,7.056864e-06,6.024934e-06,6.026533e-06,-0.2241334,-0.2239273,-0.2241525,-0.2239302,0
0.06978012,-0.07858861,-13.8362,-0.01001323,-0.007861595,0.001256244,0.44,342.9713,-342.9147,342.9353,-342.9297,7.323425e-06,8.383304e-06,1.058946e-05,-0.2240578,-0.2240208,-0.2240343,-0.2240306,0
-0.104707,-0.2398095,-14.06411,-0.01124752,-0.009286108,-9.211447e-05,0.44,342.8243,-343.1137,342.6697,-343.1432,-6.369969e-06,-4.689276e-06,5.703719e-06,-0.2239618,-0.2241508,-0.2238608,-0.2241701,0
-0.2325629,-0.3581385,-14.2312,-0.01143242,-0.009904325,-0.0009820492,0.44,342.8488,-343.1136,342.6581,-343.1304,-1.773351e-05,-1.858665e-05,-6.399989e-06,-0.2239778,-0.2241508,-0.2238532,-0.2241617,0
0.2642552,0.1007799,-13.58233,-0.007372529,-0.005660818,0.002836867,0.44,342.6609,-343.1541,342.8306,-343.1053,-9.152776e-06,-1.324338e-05,-1.932662e-05,-0.223855,-0.2241772,-0.2239659,-0.2241453,0
-0.07546508,-0.213039,-14.02606,-0.01018722,-0.008415133,0.0004873194,0.44,343.206,-342.7029,343.1364,-342.7056,-1.689044e-06,-8.37891e-06,-4.879786e-06,-0.2242111,-0.2238825,-0.2241657,-0.2238842,0
0.03778587,-0.1083003,-13.87809,-0.009781781,-0.007670575,0.001154296,0.44,342.6798,-343.205,342.654,-343.212,-9.724313e-06,-1.547276e-05,-1.843088e-05,-0.2238674,-0.2242105,-0.2238505,-0.2242151,0
0.1159092,-0.03621719,-13.77609,-0.008818802,-0.006850098,0.001899832,0.44,343.0598,-342.7946,343.1162,-342.7802,-1.148489e-07,-5.713591e-06,-1.27297e-05,-0.2241156,-0.2239424,-0.2241525,-0.223933,0
0.09935553,-0.05138312,-13.79765,-0.009430694,-0.007244876,0.001714914,0.44,342.9002,-342.9676,342.9113,-342.9717,-6.693077e-07,-5.078961e-06,-1.162803e-05,-0.2240114,-0.2240554,-0.2240186,-0.2240581,0
0.07033215,-0.07820542,-13.83556,-0.00960365,-0.007479985,0.001491407,0.44,342.7565,-343.1214,342.7469,-343.1261,-9.79294e-06,-1.368368e-05,-1.880203e-05,-0.2239175,-0.2241559,-0.2239112,-0.2241589,0
-0.05081655,-0.1902767,-13.99387,-0.009975364,-0.008157667,0.0006878448,0.44,342.827,-343.0762,342.7716,-343.0761,-1.622072e-05,-2.191719e-05,-2.640415e-05,-0.2239635,-0.2241264,-0.2239273,-0.2241263,0
-0.3210736,-0.4401064,-14.34695,-0.01152689,-0.009989737,-0.001209722,0.44,342.7754,-343.194,342.5711,-343.2103,-2.624727e-05,-3.522088e-05,-3.697318e-05,-0.2239298,-0.2242033,-0.2237964,-0.224214,0
0.004939277,-0.1390082,-13.92119,-0.008726008,-0.007063782,0.001339161,0.44,342.9111,-342.955,342.9582,-342.9265,-1.348021e-05,-2.431611e-05,-4.1935e-05,-0.2240185,-0.2240472,-0.2240493,-0.2240285,0
-0.318253,-0.4374922,-14.34329,-0.01163974,-0.009838639,-0.0009743249,0.44,342.9738,-342.989,342.7718,-343.0163,-1.686355e-05,-2.861009e-05,-3.73628e-05,-0.2240594,-0.2240694,-0.2239275,-0.2240872,0
0.5269185,0.343437,-13.23932,-0.005557035,-0.003164246,0.00523191,0.4448197,342.7813,-342.9469,343.1338,-342.8888,3.609537e-07,-8.600419e-06,-4.507185e-05,-0.2239337,-0.2240419,-0.224164,-0.2240039,0
0.2599255,0.09696649,-13.58795,-0.008309308,-0.005769211,0.003368333,0.4638085,343.5329,-342.2793,343.6618,-342.2767,2.251435e-05,1.720936e-05,-9.09764e-06,-0.2244247,-0.2236058,-0.2245089,-0.2236041,0
0.2941171,0.1288793,-13.54312,-0.009216887,-0.00624739,0.003196661,0.4832388,342.9228,-342.9052,342.9894,-342.9334,1.640252e-05,1.939561e-05,-4.881923e-06,-0.2240261,-0.2240147,-0.2240697,-0.2240331,0
-0.1929084,-0.3212013,-14.17928,-0.01231151,-0.01008945,-0.0004522597,0.5031108,342.8993,-343.0709,342.6644,-343.1163,-7.440727e-06,-1.123199e-06,-4.942944e-06,-0.2240108,-0.2241229,-0.2238573,-0.2241525,0
0.09444332,-0.05597772,-13.80407,-0.009134117,-0.007261955,0.001672794,0.5234243,342.8804,-342.992,342.9068,-342.9716,-8.008238e-06,-1.501929e-06,-1.600057e-05,-0.2239985,-0.2240713,-0.2240157,-0.224058,0
-0.2118336,-0.3389954,-14.20416,-0.01130631,-0.00957698,-0.000452981,0.5441794,342.9854,-342.9644,342.8149,-342.9862,-1.141224e-05,-6.616478e-06,-1.130607e-05,-0.224067,-0.2240533,-0.2239556,-0.2240676,0
-0.1687335,-0.2992235,-14.14789,-0.01083579,-0.009086603,-0.0001870466,0.5653761,343.0181,-342.9153,342.8868,-342.9306,-1.113109e-05,-6.285722e-06,-1.426886e-05,-0.2240884,-0.2240212,-0.2240026,-0.2240313,0
0.2599635,0.09691601,-13.35896,-0.0078378,-0.00577606,0.003022715,0.5870144,10,-10,10,-10,1.297894e-06,7.035049e-06,-1.279808e-05,0.01196598,0.01196583,0.01187306,0.01198116,0
0.407505,0.2333775,0.3392138,-0.006998198,-0.004762169,0.004114345,0.6089129,10,-10,10,-10,1.852222e-05,2.564842e-05,5.213597e-06,0.02271848,0.02310757,0.02257057,0.0231277,0
0.1622969,0.006792427,0.01891006,-0.008712227,-0.006656867,0.002301573,0.6300412,10,-10,10,-10,3.587024e-05,4.440064e-05,2.839725e-05,0.02768059,0.02833807,0.02763073,0.02834733,0
0.01288897,-0.1312683,-0.1762545,-0.009757088,-0.0078117,0.00119697,0.6502298,10,-10,10,-10,3.121404e-05,3.901889e-05,2.534838e-05,0.0231785,0.0228699,0.02319367,0.022879,0
-0.05467925,-0.1937048,-0.2645157,-0.0102303,-0.008334489,0.0006973381,0.6694786,10,-10,10,-10,1.800526e-05,2.425903e-05,1.564133e-05,0.01649595,0.01624668,0.0165434,0.01625343,0
0.2244322,0.06420869,0.1000744,-0.008281958,-0.006179875,0.002760405,0.6877875,10,-10,10,-10,2.406155e-05,3.063777e-05,1.217246e-05,0.009784247,0.009921371,0.009714299,0.009937605,0
-0.1404227,-0.2729363,-0.3765184,-0.0108317,-0.008998612,6.320363e-05,0.7051566,10,-10,10,-10,2.363574e-05,2.990862e-05,2.139316e-05,0.002932352,0.003074862,0.003012168,0.003061947,0
0.03309454,-0.1125974,-0.1498611,-0.009620928,-0.007659514,0.001345713,0.7215858,10.04605,-10.0402,10.04571,-10.04021,3.213873e-05,3.897929e-05,2.332307e-05,-0.004413285,-0.004245793,-0.004406548,-0.004246001,0
-0.138606,-0.2712594,-0.4722392,-0.01082061,-0.008985868,7.542011e-05,0.7370752,18.12261,-18.37175,18.00031,-18.38729,2.442049e-05,3.025698e-05,2.210022e-05,-0.01183922,-0.01200198,-0.01175932,-0.01201213,0
0.2109971,0.05175671,-0.5016969,-0.007988896,-0.006033141,0.002664418,0.7516328,30.30787,-29.8616,30.43936,-29.8336,3.905589e-05,4.507893e-05,2.407413e-05,-0.01979966,-0.01950812,-0.01988556,-0.01948982,0
-0.3033197,-0.4234453,-1.663898,-0.01234591,-0.01042473,-0.001169615,0.7652971,42.15662,-41.9702,41.90851,-42.01986,3.217364e-05,3.861106e-05,3.316145e-05,-0.02754026,-0.02741848,-0.02737818,-0.02745092,0
-0.1819888,-0.3113621,-1.997338,-0.01114557,-0.009330173,-0.0003951836,0.7781172,53.47372,-54.13633,53.32093,-54.15549,1.651127e-05,2.337198e-05,1.409662e-05,-0.03493355,-0.03536642,-0.03483373,-0.03537894,0
0.3250924,0.1571166,-1.800427,-0.006807996,-0.004973457,0.003573855,0.7901428,64.47018,-64.34699,64.6976,-64.30052,3.319676e-05,3.818145e-05,1.326962e-05,-0.04211736,-0.04203689,-0.04226594,-0.04200653,0
-0.4539376,-0.5626608,-3.24096,-0.01309149,-0.01141654,-0.002179748,0.8014211,74.49387,-74.69362,74.16269,-74.75771,1.285422e-05,1.450206e-05,1.341688e-05,-0.04866569,-0.04879618,-0.04844933,-0.04883805,0
0.02057159,-0.124336,-3.033815,-0.008653309,-0.007117797,0.00131902,0.811996,83.9464,-84.58505,83.99045,-84.56537,1.220636e-05,1.095003e-05,-1.23294e-05,-0.05484088,-0.0552581,-0.05486965,-0.05524524,0
0.3753782,0.2034952,-2.949085,-0.006050129,-0.004282911,0.004253349,0.821909,93.09361,-92.67238,93.37782,-92.62988,4.182886e-05,3.685951e-05,2.001882e-06,-0.06081661,-0.06054142,-0.06100228,-0.06051366,0
0.2107767,0.05158093,-3.516121,-0.008579308,-0.006343945,0.002865207,0.8311992,102.0298,-101.1078,102.118,-101.1248,5.70146e-05,5.288163e-05,2.554107e-05,-0.06665447,-0.06605213,-0.06671209,-0.06606326,0
0.2607789,0.09789449,-3.812909,-0.008865392,-0.006509876,0.002944615,0.8399027,110.5095,-110.168,110.5835,-110.1791,6.063941e-05,5.983028e-05,3.360959e-05,-0.07219414,-0.07197105,-0.07224245,-0.07197829,0
-0.01466535,-0.1565907,-4.525755,-0.01092075,-0.008901072,0.0007991528,0.8480556,118.378,-118.8817,118.2595,-118.9067,3.979834e-05,3.866848e-05,2.900748e-05,-0.07733451,-0.07766356,-0.07725712,-0.07767991,0
-0.318159,-0.437198,-5.247968,-0.01198073,-0.01066784,-0.001402768,0.8556937,125.9127,-126.3243,125.6696,-126.3434,1.826029e-05,1.181203e-05,1.203981e-05,-0.08225679,-0.08252566,-0.08209802,-0.08253817,0
0.1007647,-0.05028494,-4.987752,-0.007963185,-0.006669117,0.001890396,0.8628502,132.3099,-132.8221,132.4125,-132.7827,2.514786e-05,1.200709e-05,-5.833144e-06,-0.08643602,-0.08677059,-0.08650303,-0.08674484,0
-0.01759829,-0.1596275,-5.396865,-0.009099056,-0.00760988,0.001230452,0.8695553,138.8857,-138.2197,138.9002,-138.2205,4.49122e-05,2.686096e-05,1.157198e-05,-0.09073188,-0.09029679,-0.09074132,-0.09029733,0
0.3837755,0.2114111,-5.12121,-0.007195464,-0.005016873,0.003985571,0.8758354,144.8931,-144.5097,145.1043,-144.4967,6.284735e-05,4.585475e-05,1.984673e-05,-0.09465642,-0.09440596,-0.09479437,-0.09439745,0
0.09899477,-0.05158218,-5.750054,-0.01000365,-0.007855185,0.001774587,0.8817153,150.7345,-150.9897,150.6996,-151.0149,4.895576e-05,3.157676e-05,2.319211e-05,-0.09847253,-0.09863925,-0.09844968,-0.0986557,0
0.03157481,-0.1140074,-6.084174,-0.009706589,-0.008037456,0.001225514,0.8872209,156.7146,-156.436,156.6888,-156.4347,4.697671e-05,2.704186e-05,2.027603e-05,-0.1023792,-0.1021972,-0.1023623,-0.1021963,0
0.2732316,0.1092717,-5.989104,-0.007906644,-0.006085065,0.003038992,0.8923773,161.7033,-161.5897,161.8451,-161.5657,6.047954e-05,3.844879e-05,2.429247e-05,-0.1056383,-0.105564,-0.1057309,-0.1055484,0
-0.009358089,-0.1517316,-6.564663,-0.01056792,-0.008656353,0.0008926832,0.897207,166.4602,-166.8343,166.3711,-166.8573,4.495704e-05,2.059885e-05,2.404355e-05,-0.1087459,-0.1089902,-0.1086876,-0.1090053,0
-0.1161362,-0.2505489,-6.905791,-0.01051036,-0.009038653,9.504378e-05,0.9017315,171.5244,-171.1056,171.4239,-171.111,4.39595e-05,1.615264e-05,2.068825e-05,-0.1120542,-0.1117806,-0.1119886,-0.1117842,0
0.1441322,-0.01006268,-6.745028,-0.00865414,-0.006953945,0.00205148,0.9059709,175.6987,-175.2144,175.7759,-175.2003,6.603307e-05,3.696091e-05,3.045706e-05,-0.1147812,-0.1144649,-0.1148317,-0.1144556,0
0.2281026,0.06775019,-6.807583,-0.009212326,-0.006982304,0.002544543,0.9099439,179.5873,-179.8316,179.6375,-179.8399,6.181822e-05,3.372699e-05,3.683021e-05,-0.1173216,-0.1174812,-0.1173544,-0.1174866,0
0.2761183,0.1120952,-6.922076,-0.008691903,-0.00660776,0.002807702,0.9136682,184.0772,-183.5881,184.1699,-183.5756,6.065887e-05,3.246727e-05,4.061732e-05,-0.1202548,-0.1199353,-0.1203153,-0.1199271,0
0.4002328,0.2267898,-6.919601,-0.00784992,-0.005677202,0.003664889,0.9171611,187.5257,-187.5171,187.6988,-187.4926,6.411311e-05,3.561928e-05,4.06684e-05,-0.1225076,-0.122502,-0.1226207,-0.122486,0
0.1408736,-0.01281621,-7.407166,-0.00994393,-0.007840916,0.001731262,0.9204394,191.1225,-191.0614,191.1129,-191.069,5.800814e-05,2.923078e-05,4.79266e-05,-0.1248574,-0.1248174,-0.1248511,-0.1248224,0
-0.3220875,-0.4406539,-8.15527,-0.01298667,-0.01131275,-0.001797021,0.9235182,194.5679,-194.5246,194.2751,-194.5662,3.882692e-05,8.829644e-06,4.316394e-05,-0.1271082,-0.1270799,-0.1269169,-0.1271071,0
0.2794457,0.11502,-7.50245,-0.007943618,-0.006151846,0.002688853,0.9264122,197.1602,-197.7142,197.3092,-197.6734,4.104559e-05,9.563658e-06,2.510342e-05,-0.1288017,-0.1291636,-0.1288991,-0.129137,0
0.05326235,-0.09394278,-7.908699,-0.009784318,-0.007972321,0.001222394,0.9291348,200.1654,-199.6983,200.1573,-199.7003,4.666595e-05,1.26525e-05,3.963153e-05,-0.1307649,-0.1304598,-0.1307597,-0.1304611,0
-0.240427,-0.3652537,-8.396354,-0.01222609,-0.01042114,-0.001137285,0.9316981,202.5382,-202.7954,202.3127,-202.8356,2.874264e-05,-6.00288e-06,2.918442e-05,-0.1323151,-0.1324831,-0.1321677,-0.1325093,0
-0.3856288,-0.499595,-8.695917,-0.01241271,-0.01110009,-0.002098289,0.9341123,204.6918,-205.5025,204.4233,-205.5283,8.830956e-06,-2.989101e-05,7.624821e-06,-0.1337219,-0.1342516,-0.1335466,-0.1342684,0
0.1425206,-0.01176355,-8.092367,-0.007787837,-0.006394676,0.002058296,0.9363884,206.4446,-207.1722,206.575,-207.1314,1.197264e-05,-3.276433e-05,-1.241131e-05,-0.134867,-0.1353424,-0.1349522,-0.1353157,0
0.07887928,-0.07055166,-8.240099,-0.008413184,-0.006862652,0.001831024,0.9385358,208.6476,-207.902,208.7312,-207.8923,3.225078e-05,-1.760032e-05,1.954793e-06,-0.1363063,-0.1358192,-0.1363609,-0.1358128,0
0.2222208,0.06210242,-8.119171,-0.008385497,-0.006299014,0.002719545,0.9405616,209.8489,-210.4894,209.951,-210.4934,2.812867e-05,-2.296585e-05,-7.983224e-06,-0.137091,-0.1375095,-0.1371578,-0.137512,0
0.14393,-0.01029065,-8.304555,-0.008632379,-0.006858782,0.002261205,0.9424722,212.1393,-211.9276,212.2085,-211.922,3.199639e-05,-2.217444e-05,-2.727883e-06,-0.1385873,-0.138449,-0.1386325,-0.1384453,0
-0.1021435,-0.2376459,-8.695626,-0.01048411,-0.008862265,0.0003804744,0.9442757,213.9566,-213.5602,213.8611,-213.5814,3.532089e-05,-2.165007e-05,3.002971e-06,-0.1397745,-0.1395156,-0.1397121,-0.1395294,0
0.1504243,-0.004233783,-8.437614,-0.008828392,-0.007014635,0.002178057,0.9459794,215.3154,-215.6699,215.3718,-215.6634,3.668282e-05,-2.188915e-05,-2.107537e-06,-0.1406622,-0.1408938,-0.140699,-0.1408895,0
0.03162125,-0.1140026,-8.662575,-0.0096931,-0.007996744,0.001360817,0.9475904,217.0731,-217.0268,217.0495,-217.0304,3.321568e-05,-2.888128e-05,1.263408e-06,-0.1418105,-0.1417802,-0.1417951,-0.1417826,0
0.1198509,-0.03252098,-8.607409,-0.00887484,-0.007179368,0.001971617,0.9491159,218.5167,-218.3856,218.5652,-218.3748,3.684867e-05,-2.84336e-05,-1.399948e-06,-0.1427536,-0.1426679,-0.1427853,-0.1426608,0
-0.01430013,-0.156452,-8.837905,-0.009979456,-0.008292256,0.001012481,0.9505621,219.673,-219.8453,219.6249,-219.8538,3.46839e-05,-3.386123e-05,-9.123938e-07,-0.143509,-0.1436215,-0.1434775,-0.1436271,0
-0.3811166,-0.4954411,-9.370138,-0.01240858,-0.01103886,-0.001705566,0.9519348,220.7295,-221.3978,220.4502,-221.4353,1.11331e-05,-6.255826e-05,-1.550667e-05,-0.1441991,-0.1446357,-0.1440167,-0.1446603,0
0.07216647,-0.07685908,-8.824134,-0.00800288,-0.006769122,0.001823048,0.9532392,221.3867,-222.2869,221.4774,-222.2489,7.676314e-06,-7.372637e-05,-4.312423e-05,-0.1446285,-0.1452166,-0.1446878,-0.1451917,0
0.3109612,0.1437262,-8.53355,-0.00609022,-0.004635332,0.003933413,0.9544803,222.3086,-221.896,222.576,-221.8499,3.550182e-05,-5.349549e-05,-3.315384e-05,-0.1452307,-0.1449612,-0.1454054,-0.1449311,0
-0.1147223,-0.2493655,-9.106336,-0.01033426,-0.008580688,0.0006813568,0.9556606,223.1288,-222.7182,223.0392,-222.7569,4.057998e-05,-5.155809e-05,-1.912735e-05,-0.1457666,-0.1454984,-0.1457081,-0.1455236,0
0.2472514,0.08514607,-8.678352,-0.007871052,-0.005954752,0.003196679,0.9567823,223.8367,-224.3555,223.9663,-224.3442,3.990023e-05,-5.363384e-05,-2.954677e-05,-0.146229,-0.1465679,-0.1463137,-0.1465606,0
-0.03857213,-0.1789959,-9.095792,-0.009694539,-0.008167074,0.001218605,0.9578489,224.9355,-224.9655,224.8907,-224.9729,3.482202e-05,-6.445989e-05,-2.623683e-05,-0.1469469,-0.1469664,-0.1469176,-0.1469713,0
0.2331585,0.07200645,-8.770376,-0.00740914,-0.005809202,0.0031967,0.9588649,225.8498,-225.4124,226.0109,-225.3841,5.267793e-05,-5.075627e-05,-2.372597e-05,-0.1475441,-0.1472584,-0.1476494,-0.1472399,0
0.4104448,0.2359974,-8.567451,-0.006964312,-0.004892323,0.004487385,0.9598336,226.4134,-226.3099,226.6369,-226.2893,6.720852e-05,-3.802517e-05,-1.048653e-05,-0.1479124,-0.1478447,-0.1480583,-0.1478313,0
-0.106944,-0.2419511,-9.280879,-0.01121367,-0.009330342,0.0005083702,0.9607582,227.5518,-227.3887,227.3985,-227.4261,5.239801e-05,-5.491425e-05,-2.779913e-06,-0.1486561,-0.1485495,-0.1485559,-0.148574,0
0.2737237,0.1096309,-8.82677,-0.00772877,-0.00597229,0.003230086,0.9616418,228.7105,-227.9978,228.8641,-227.965,7.18872e-05,-3.641353e-05,1.946345e-06,-0.149413,-0.1489474,-0.1495134,-0.148926,0
0.02775761,-0.1174382,-9.179565,-0.01044991,-0.008447609,0.001356382,0.962489,229.059,-229.2731,228.9885,-229.2945,6.576529e-05,-4.342788e-05,1.217894e-05,-0.1496407,-0.1497806,-0.1495946,-0.1497945,0
0.08589049,-0.06378201,-9.142789,-0.009750784,-0.007866277,0.001657322,0.9633031,230.2921,-229.9627,230.2804,-229.9596,6.192985e-05,-4.777006e-05,1.364448e-05,-0.1504462,-0.1502311,-0.1504386,-0.1502291,0
-0.05269352,-0.1918703,-9.356458,-0.01060092,-0.00885893,0.0006102489,0.9640877,230.5853,-230.9613,230.4926,-230.9682,4.908826e-05,-6.331178e-05,5.148791e-06,-0.1506378,-0.1508834,-0.1505773,-0.150888,0
0.5845142,0.3968062,-8.546463,-0.005580177,-0.003538153,0.005418543,0.9648466,231.0425,-231.1705,231.4008,-231.1042,6.363849e-05,-5.058639e-05,1.709946e-06,-0.1509365,-0.1510201,-0.1511705,-0.1509768,0
0.1382323,-0.01540921,-9.141587,-0.009530966,-0.007400834,0.002160239,0.965582,232.0554,-230.9129,232.0813,-230.9242,7.568254e-05,-3.888993e-05,3.17335e-05,-0.1515982,-0.1508518,-0.1516151,-0.1508592,0
-0.2016094,-0.3292863,-9.609968,-0.01259229,-0.01046286,-0.0007216152,0.9662955,232.1364,-232.8027,231.8917,-232.8529,4.606428e-05,-6.664398e-05,1.748416e-05,-0.1516511,-0.1520864,-0.1514912,-0.1521191,0
-0.04320845,-0.1832144,-9.441231,-0.01008422,-0.008522635,0.0006103411,0.9669892,233.0851,-232.9201,233.0383,-232.8998,6.190805e-05,-8.086319e-05,1.41487e-05,-0.1522709,-0.1521631,-0.1522403,-0.1521498,0
0.2229372,0.0627632,-9.102381,-0.008512028,-0.006512363,0.002612239,0.9676667,232.7638,-233.4498,232.8676,-233.4243,5.658175e-05,-8.892088e-05,4.191028e-06,-0.152061,-0.1525091,-0.1521287,-0.1524925,0
0.2597099,0.0966965,-9.062957,-0.008108492,-0.006052203,0.002999755,0.9683295,233.5311,-232.9885,233.6733,-232.9583,7.468837e-05,-9.230243e-05,1.250061e-05,-0.1525622,-0.1522078,-0.1526552,-0.152188,0
-0.02167683,-0.1632073,-9.436073,-0.01064224,-0.008470034,0.0008165126,0.9689785,233.5039,-233.6367,233.429,-233.6539,6.554845e-05,-0.0001006302,1.10856e-05,-0.1525445,-0.1526312,-0.1524955,-0.1526425,0
0.1823755,0.02527209,-9.185912,-0.008880035,-0.006707937,0.002336501,0.9696144,234.0844,-233.7813,234.167,-233.7644,7.425596e-05,-8.934935e-05,1.612432e-05,-0.1529237,-0.1527257,-0.1529776,-0.1527146,0
-0.2386271,-0.3636219,-9.74884,-0.01243362,-0.01032128,-0.0008414949,0.9702385,234.467,-234.2081,234.2398,-234.249,6.388426e-05,-9.72085e-05,2.54696e-05,-0.1531736,-0.1530045,-0.1530252,-0.1530313,0
-0.1577082,-0.2889253,-9.662707,-0.01151473,-0.009520931,-0.0003655532,0.9708523,234.6014,-235.0536,234.4463,-235.0671,4.690446e-05,-0.0001120037,9.437455e-06,-0.1532615,-0.1535569,-0.1531601,-0.1535657,0
0.2261475,0.06562637,-9.174217,-0.008175714,-0.006151765,0.002658545,0.9714575,234.6367,-234.97,234.7724,-234.9322,4.899455e-05,-0.0001100158,1.339162e-06,-0.1532845,-0.1535023,-0.1533732,-0.1534775,0
-0.2379163,-0.3631406,-9.775312,-0.01172497,-0.009808598,-0.0006761522,0.9720556,234.2706,-235.1847,234.0828,-235.2115,1.957061e-05,-0.0001421777,-1.404851e-05,-0.1530454,-0.1536425,-0.1529227,-0.15366,0
0.05738687,-0.09058442,-9.384962,-0.00828257,-0.006641624,0.001692991,0.9726465,234.3066,-234.5577,234.4025,-234.5225,2.273791e-05,-0.0001423052,-3.311183e-05,-0.1530689,-0.1532329,-0.1531315,-0.1532099,0
0.08019496,-0.06947163,-9.334829,-0.008369405,-0.006486771,0.002102131,0.9732296,234.2567,-233.5354,234.36,-233.5247,5.057166e-05,-0.0001153399,-1.390031e-05,-0.1530362,-0.152565,-0.1531038,-0.152558,0
-0.1572684,-0.288581,-9.635305,-0.01146743,-0.009174173,0.0001238454,0.9738036,234.6474,-233.6832,234.5045,-233.7335,6.144623e-05,-9.90369e-05,1.151143e-05,-0.1532915,-0.1526616,-0.1531981,-0.1526945,0
0.1547387,-0.0001114004,-9.252321,-0.009878455,-0.007335105,0.002123114,0.9743671,235.0463,-234.7634,235.058,-234.7761,6.249928e-05,-9.035696e-05,1.798749e-05,-0.1535521,-0.1533673,-0.1535597,-0.1533756,0
0.09602384,-0.05429948,-9.359391,-0.01049074,-0.008093488,0.001604998,0.9749215,235.6856,-235.3365,235.6451,-235.3457,5.67661e-05,-9.137471e-05,2.890365e-05,-0.1539698,-0.1537416,-0.1539433,-0.1537477,0
-0.2430631,-0.3676438,-9.82363,-0.01279926,-0.01071754,-0.0010433,0.9754699,235.8677,-236.214,235.6125,-236.2464,3.006465e-05,-0.0001160075,1.987795e-05,-0.1540887,-0.1543149,-0.153922,-0.1543361,0
0.006659258,-0.1371392,-9.512316,-0.00996101,-0.008106918,0.0009010233,0.9760148,236.112,-236.1414,236.0966,-236.1196,2.980326e-05,-0.0001156084,1.176771e-05,-0.1542483,-0.1542675,-0.1542383,-0.1542532,0
-0.0728983,-0.2106123,-9.612055,-0.01079284,-0.008752801,0.0004052614,0.9765576,235.9919,-235.9695,235.912,-235.9762,2.888597e-05,-0.0001188289,1.577259e-05,-0.1541698,-0.1541552,-0.1541177,-0.1541596,0
0.3193058,0.1518219,-9.098601,-0.008171844,-0.005739097,0.003249927,0.9770985,236.39,-235.6444,236.56,-235.6191,4.527676e-05,-9.749594e-05,2.684051e-05,-0.1544299,-0.1539428,-0.154541,-0.1539263,0
-0.09315011,-0.2290595,-9.643587,-0.0121562,-0.009609297,6.025077e-05,0.9776374,236.3253,-236.3978,236.1539,-236.4406,2.71034e-05,-0.0001103689,3.317678e-05,-0.1543876,-0.154435,-0.1542757,-0.1544629,0
0.5597954,0.3741618,-8.808935,-0.006946467,-0.004279904,0.004797049,0.9781745,236.5198,-236.8408,236.8076,-236.7892,2.48433e-05,-0.0001072684,2.097583e-05,-0.1545147,-0.1547244,-0.1547027,-0.1546907,0
0.02674322,-0.1183575,-9.51093,-0.01089664,-0.008529332,0.0009944024,0.9787114,236.9511,-236.4112,236.8875,-236.4249,1.837872e-05,-0.0001114672,3.711168e-05,-0.1547965,-0.1544438,-0.1547549,-0.1544527,0
0.09137228,-0.05864525,-9.427895,-0.01044217,-0.007985548,0.001265142,0.9792492,236.8242,-237.0329,236.8033,-237.0368,6.703425e-06,-0.0001181743,2.719523e-05,-0.1547136,-0.1548499,-0.1546999,-0.1548524,0
-0.1471162,-0.2790753,-9.749227,-0.01185445,-0.00971085,-0.0003902149,0.9797879,236.7826,-237.2572,236.6236,-237.2754,-1.347176e-05,-0.0001362305,2.022684e-05,-0.1546864,-0.1549964,-0.1545825,-0.1550083,0
0.1445738,-0.00970036,-9.366014,-0.009130197,-0.007006257,0.001839733,0.9803284,236.7673,-236.8838,236.8429,-236.859,-1.616002e-05,-0.0001373547,9.927585e-06,-0.1546764,-0.1547525,-0.1547258,-0.1547363,0
0.1661409,0.01025944,-9.326801,-0.009166502,-0.00687699,0.002118524,0.9808707,236.5274,-236.4906,236.6064,-236.4804,-1.488193e-05,-0.0001342225,1.236533e-05,-0.1545196,-0.1544956,-0.1545713,-0.154489,0
0.06712563,-0.08116212,-9.447656,-0.01020406,-0.007829484,0.001352703,0.9814141,236.4904,-236.4485,236.4824,-236.4599,-2.323757e-05,-0.00013369,1.396316e-05,-0.1544955,-0.1544681,-0.1544903,-0.1544756,0
-0.1979571,-0.3261138,-9.795059,-0.0120198,-0.009917513,-0.0006315304,0.9819574,236.9867,-236.1474,236.816,-236.1793,-2.02379e-05,-0.0001264289,2.760991e-05,-0.1548197,-0.1542714,-0.1547082,-0.1542923,0
0.03577465,-0.1100278,-9.494625,-0.0108278,-0.008436612,0.0009237766,0.9825007,236.2048,-237.3588,236.144,-237.3723,-4.394751e-05,-0.0001457768,7.863124e-06,-0.1543089,-0.1550628,-0.1542692,-0.1550716,0
0.172145,0.01579114,-9.324988,-0.008970129,-0.006923128,0.002162148,0.9830443,237.1962,-236.1276,237.2905,-236.1016,-2.979515e-05,-0.000129822,2.348221e-05,-0.1549566,-0.1542585,-0.1550182,-0.1542415,0
0.2059688,0.04727104,-9.270453,-0.009787076,-0.007211408,0.00221882,0.9835889,236.5725,-236.6951,236.6179,-236.7022,-3.498976e-05,-0.0001304251,2.438561e-05,-0.1545491,-0.1546292,-0.1545788,-0.1546339,0
0.02275631,-0.122007,-9.519552,-0.01111209,-0.008735982,0.0008439237,0.9841342,236.8296,-237.0294,236.7511,-237.0453,-5.271303e-05,-0.0001444779,2.329796e-05,-0.1547171,-0.1548476,-0.1546658,-0.154858,0
-0.05565584,-0.1945867,-9.628284,-0.01109883,-0.009042846,0.0002673102,0.9846802,236.949,-236.97,236.8585,-236.9747,-6.441862e-05,-0.0001558231,1.629773e-05,-0.1547951,-0.1548089,-0.154736,-0.1548119,0
0.2514898,0.08916178,-9.222921,-0.008676907,-0.006455224,0.002614947,0.9852281,236.5849,-236.8844,236.7111,-236.8575,-6.531125e-05,-0.0001550426,9.172863e-06,-0.1545572,-0.1547529,-0.1546397,-0.1547353,0
-0.02711034,-0.1682208,-9.578146,-0.01091751,-0.008732074,0.0006368789,0.9857776,236.3526,-236.7693,236.2773,-236.7838,-8.441832e-05,-0.0001737568,4.625188e-06,-0.1544055,-0.1546777,-0.1543563,-0.1546872,0
0.03424445,-0.1116816,-9.490887,-0.009810124,-0.007837474,0.001141503,0.9863278,236.3669,-236.3231,236.3776,-236.3137,-8.820336e-05,-0.0001772666,-4.016229e-06,-0.1544148,-0.1543862,-0.1544218,-0.1543801,0
-0.2949189,-0.4158324,-9.907869,-0.01219784,-0.01038846,-0.001186499,0.986878,235.5339,-236.5509,235.3215,-236.5824,-0.0001134809,-0.0002043407,-2.110368e-05,-0.1538706,-0.154535,-0.1537319,-0.1545556,0
-0.03956606,-0.1801172,-9.560898,-0.009344859,-0.007755373,0.000910651,0.9874272,235.4266,-235.6945,235.4485,-235.6753,-0.0001143386,-0.0002080848,-3.508891e-05,-0.1538005,-0.1539756,-0.1538149,-0.153963,0
-0.004483768,-0.1476801,-9.489305,-0.009237974,-0.007480484,0.001350456,0.9879737,234.8714,-234.91,234.9067,-234.9064,-0.0001084766,-0.000204919,-3.523751e-05,-0.1534378,-0.1534631,-0.1534609,-0.1534607,0
0.1145433,-0.03760502,-9.313087,-0.00881116,-0.006786324,0.002245574,0.9885157,234.5899,-234.5525,234.6719,-234.5514,-0.000102703,-0.0001998292,-3.283514e-05,-0.1532539,-0.1532295,-0.1533075,-0.1532288,0
-0.1551811,-0.2867543,-9.657945,-0.01105496,-0.009163344,0.0002357527,0.9890506,234.2859,-234.7253,234.1622,-234.7506,-0.0001083847,-0.0002280328,-3.837169e-05,-0.1530553,-0.1533424,-0.1529745,-0.1533589,0
0.2922993,0.1265798,-9.06975,-0.007186037,-0.005312798,0.003622845,0.9895775,234.3621,-234.1646,234.5765,-234.1223,-9.453466e-05,-0.0002155394,-4.021434e-05,-0.1531051,-0.1529761,-0.1532452,-0.1529485,0
-0.2416562,-0.3666473,-9.754653,-0.01173057,-0.009879745,-0.0002857762,0.9900959,234.3307,-233.8524,234.1518,-233.8918,-9.499906e-05,-0.0002169641,-2.219558e-05,-0.1530846,-0.1527721,-0.1529677,-0.1527979,0
-0.04008929,-0.1803715,-9.492295,-0.01038308,-0.008399219,0.0009971929,0.9906047,234.3071,-234.3311,234.2517,-234.3411,-9.796345e-05,-0.0002178971,-2.60979e-05,-0.1530692,-0.1530849,-0.153033,-0.1530914,0
0.008895982,-0.1351019,-9.436891,-0.01002366,-0.008084795,0.001415716,0.9911037,234.4282,-234.292,234.4054,-234.2923,-9.789964e-05,-0.0002174724,-1.952124e-05,-0.1531483,-0.1530593,-0.1531334,-0.1530595,0
0.2648741,0.1014706,-9.102908,-0.008406348,-0.006198981,0.003236558,0.9915935,234.282,-234.4683,234.4105,-234.4476,-0.0001013683,-0.0002202943,-2.239726e-05,-0.1530528,-0.1531745,-0.1531367,-0.153161,0
0.3103742,0.1435136,-9.045044,-0.008090288,-0.005844734,0.003615384,0.9920746,234.0072,-234.6411,234.1606,-234.6162,-0.0001152739,-0.0002355549,-3.168681e-05,-0.1528732,-0.1532874,-0.1529735,-0.1532711,0
-0.01219191,-0.1546821,-9.460773,-0.009805445,-0.007969003,0.001352487,0.9925467,234.7018,-233.5771,234.6965,-233.5742,-0.0001026224,-0.0002241436,-1.362542e-05,-0.153327,-0.1525923,-0.1533235,-0.1525904,0
-0.1879182,-0.3168902,-9.682609,-0.01184686,-0.00974687,-0.0001552522,0.9930099,233.9391,-234.5782,233.7642,-234.6152,-0.0001186619,-0.0002383345,-2.032544e-05,-0.1528288,-0.1532463,-0.1527145,-0.1532704,0
0.0328808,-0.1129971,-9.405311,-0.009647938,-0.007738086,0.001562592,0.9934632,234.5565,-234.167,234.5686,-234.1555,-0.0001144167,-0.0002329461,-1.457905e-05,-0.1532321,-0.1529776,-0.1532401,-0.1529701,0
0.1108074,-0.04089796,-9.301448,-0.009530563,-0.007366215,0.002076059,0.9939072,234.6064,-234.0012,234.6443,-233.9991,-0.0001063222,-0.0002227238,-2.257357e-06,-0.1532647,-0.1528693,-0.1532895,-0.1528679,0
-0.06489545,-0.203115,-9.535621,-0.01138473,-0.009117268,0.0006317266,0.9943421,234.7617,-234.4744,234.6463,-234.5015,-0.0001119106,-0.0002243877,7.771328e-06,-0.1533662,-0.1531785,-0.1532908,-0.1531962,0
0.199813,0.0414901,-9.205521,-0.009498202,-0.007129399,0.002465328,0.9947684,234.7531,-235.167,234.8058,-235.1564,-0.0001235325,-0.0002331439,8.333659e-07,-0.1533605,-0.1536309,-0.153395,-0.153624,0
0.4220049,0.2467389,-8.925217,-0.007635505,-0.005248883,0.004189223,0.9951869,235.3738,-234.5757,235.5966,-234.5341,-0.0001049556,-0.0002238699,1.636056e-05,-0.153766,-0.1532447,-0.1539116,-0.1532175,0
-0.0286959,-0.1695224,-9.514519,-0.01176797,-0.009245335,0.0006673392,0.9955993,235.417,-235.0912,235.2889,-235.1236,-0.0001173903,-0.000231675,2.795899e-05,-0.1537943,-0.1535814,-0.1537106,-0.1536026,0
0.1832437,0.02626167,-9.25571,-0.009995455,-0.007490314,0.002084226,0.9960057,235.4532,-235.959,235.4776,-235.9497,-0.000134471,-0.0002436336,1.618009e-05,-0.1538179,-0.1541484,-0.1538339,-0.1541423,0
0.1773518,0.02071159,-9.274803,-0.009566385,-0.007262427,0.002173966,0.9964073,235.9157,-235.504,235.9732,-235.4836,-0.0001313722,-0.0002456797,2.42839e-05,-0.1541201,-0.1538511,-0.1541576,-0.1538377,0
0.3857421,0.213345,-8.999881,-0.008483171,-0.005779797,0.003608707,0.9968055,236.0706,-235.4118,236.2448,-235.3883,-0.0001216302,-0.0002297343,3.679992e-05,-0.1542213,-0.1537909,-0.154335,-0.1537755,0
0.05578274,-0.09134732,-9.440009,-0.01170851,-0.008888374,0.001007327,0.9972005,236.3154,-236.0376,236.2173,-236.0671,-0.0001351565,-0.0002352208,4.992812e-05,-0.1543812,-0.1541997,-0.1543171,-0.1542189,0
0.3559337,0.1859669,-9.069511,-0.009378274,-0.006522235,0.003049575,0.9975929,236.318,-237,236.4215,-236.9797,-0.000158603,-0.0002514787,3.387031e-05,-0.1543829,-0.1548284,-0.1544505,-0.1548152,0
-0.1377683,-0.2703923,-9.726451,-0.01214449,-0.009937275,-0.0004224121,0.9979844,236.7613,-236.6081,236.5976,-236.6199,-0.0001786707,-0.0002694901,3.398355e-05,-0.1546725,-0.1545724,-0.1545655,-0.1545801,0
-0.06677021,-0.2049219,-9.626594,-0.0111259,-0.00894624,8.75344e-05,0.9983766,236.2556,-236.8107,236.1745,-236.8091,-0.0001939521,-0.0002819083,1.528176e-05,-0.1543421,-0.1547047,-0.1542891,-0.1547037,0
-0.004322385,-0.1472994,-9.537296,-0.01036945,-0.008195722,0.0007657779,0.9987692,235.8268,-236.5636,235.8044,-236.5567,-0.0002089719,-0.000295508,2.644327e-06,-0.154062,-0.1545433,-0.1540473,-0.1545388,0
0.2845217,0.119515,-9.143744,-0.007986343,-0.005668768,0.003049273,0.9991615,235.9241,-235.5084,236.1143,-235.475,-0.0001995611,-0.0002837164,4.441375e-06,-0.1541255,-0.153854,-0.1542498,-0.1538321,0
0.02672813,-0.1185193,-9.463644,-0.0106165,-0.00811171,0.001121859,0.999552,235.3172,-235.7139,235.2814,-235.7355,-0.000214159,-0.0002951699,1.186685e-06,-0.1537291,-0.1539883,-0.1537056,-0.1540023,0
0.2493205,0.08707568,-9.171023,-0.008606585,-0.006199017,0.002804439,0.999939,235.7816,-235.1753,235.9211,-235.1545,-0.0001973512,-0.0002839189,9.184035e-06,-0.1540325,-0.1536364,-0.1541236,-0.1536227,0
0.1539496,-0.0008445126,-9.29307,-0.01017761,-0.007510634,0.002001942,1.000322,235.3673,-235.7077,235.3794,-235.7207,-0.000210397,-0.0002918501,1.077031e-05,-0.1537618,-0.1539842,-0.1537697,-0.1539927,0
-0.4270166,-0.5377523,-10.0606,-0.01389532,-0.01188352,-0.002316948,1.000701,235.9253,-235.7068,235.5861,-235.7562,-0.0002340256,-0.0003132492,9.816289e-06,-0.1541263,-0.1539836,-0.1539048,-0.1540159,0
0.06272222,-0.08540341,-9.423617,-0.009604967,-0.007582769,0.00131032,1.001076,235.63,-235.7668,235.6656,-235.7422,-0.000226089,-0.0003095113,-1.909993e-06,-0.1539334,-0.1540228,-0.1539567,-0.1540067,0
0.246633,0.08466163,-9.176189,-0.008903758,-0.006442129,0.002811023,1.001448,235.4696,-235.4384,235.5853,-235.4229,-0.000221965,-0.0003017243,9.351347e-06,-0.1538286,-0.1538082,-0.1539042,-0.1537981,0
0.09883897,-0.05178491,-9.366714,-0.01048702,-0.007906379,0.001580114,1.001816,236.1316,-235.0782,236.1196,-235.0909,-0.0002195954,-0.0002930597,2.749155e-05,-0.1542611,-0.1535729,-0.1542532,-0.1535812,0
0.3209023,0.1535307,-9.087399,-0.009415857,-0.006550956,0.00299609,1.00218,235.9145,-236.037,236.0103,-236.0314,-0.0002258216,-0.0002909973,2.666488e-05,-0.1541193,-0.1541993,-0.1541818,-0.1541956,0
0.1400795,-0.01352438,-9.340895,-0.01077564,-0.008100187,0.001658874,1.002541,236.5172,-236.1557,236.4919,-236.162,-0.0002349244,-0.0002933588,3.97655e-05,-0.154513,-0.1542768,-0.1544965,-0.154281,0
0.2641407,0.1011171,-9.191053,-0.009909408,-0.007157576,0.002404191,1.0029,236.8668,-236.4306,236.9248,-236.4202,-0.0002396051,-0.0002903093,4.432392e-05,-0.1547414,-0.1544565,-0.1547793,-0.1544496,0
0.2201424,0.06052267,-9.261576,-0.01048618,-0.007667278,0.002008416,1.003259,236.951,-236.9402,236.964,-236.9391,-0.0002520516,-0.000295191,4.801935e-05,-0.1547964,-0.1547893,-0.1548049,-0.1547886,0
0.1231275,-0.02914525,-9.400413,-0.01106503,-0.008360983,0.001228396,1.003618,237.291,-237.1683,237.2504,-237.1705,-0.0002672361,-0.0003032353,4.918892e-05,-0.1550185,-0.1549383,-0.154992,-0.1549398,0
0.02347553,-0.1212793,-9.539102,-0.01154691,-0.008981196,0.0004589005,1.00398,237.3954,-237.373,237.3076,-237.3791,-0.0002823527,-0.0003118123,4.642135e-05,-0.1550867,-0.1550721,-0.1550294,-0.1550761,0
-0.1656845,-0.2961236,-9.789911,-0.01266407,-0.01027927,-0.0009242323,1.004345,237.3856,-237.519,237.1918,-237.5415,-0.0003040639,-0.0003208952,4.137685e-05,-0.1550803,-0.1551674,-0.1549537,-0.1551822,0
-0.2167104,-0.3433695,-9.856729,-0.01261529,-0.01039365,-0.001257598,1.004713,237.316,-237.4844,237.1169,-237.5041,-0.0003213317,-0.0003303628,3.258192e-05,-0.1550349,-0.1551448,-0.1549048,-0.1551577,0
0.3791766,0.2071887,-9.072987,-0.008148835,-0.005570188,0.003239474,1.005085,236.8605,-237.3499,237.0606,-237.3101,-0.0003239596,-0.0003277358,2.005773e-05,-0.1547373,-0.155057,-0.154868,-0.155031,0
0.3596624,0.1892334,-9.08691,-0.008644027,-0.005895576,0.003237097,1.00546,237.1276,-236.4643,237.2938,-236.4473,-0.0003180224,-0.0003163033,3.590963e-05,-0.1549118,-0.1544784,-0.1550204,-0.1544674,0
-0.2081107,-0.3352465,-9.821991,-0.01336259,-0.01073912,-0.001161637,1.005838,237.0264,-236.9844,236.7748,-237.0402,-0.0003417851,-0.0003330554,3.621288e-05,-0.1548457,-0.1548182,-0.1546813,-0.1548547,0
-0.1840292,-0.3131512,-9.802061,-0.01241946,-0.01020771,-0.001001614,1.006217,236.5486,-237.86,236.3529,-237.8781,-0.0003771419,-0.0003644574,5.513781e-06,-0.1545335,-0.1553902,-0.1544057,-0.1554021,0
0.1955278,0.03727488,-9.301726,-0.008417727,-0.006455021,0.002166306,1.006598,236.6926,-236.5529,236.834,-236.5072,-0.0003698365,-0.0003568581,1.02678e-06,-0.1546276,-0.1545363,-0.15472,-0.1545065,0
0.07987495,-0.06943846,-9.423922,-0.0100072,-0.007649522,0.001365752,1.006981,236.3469,-235.846,236.3661,-235.8535,-0.0003632772,-0.0003471448,1.258948e-05,-0.1544018,-0.1540745,-0.1544143,-0.1540794,0
0.4394336,0.2629658,-8.946076,-0.008152468,-0.005293688,0.003881786,1.007365,236.2034,-236.0979,236.4053,-236.0837,-0.0003584666,-0.0003346008,1.727997e-05,-0.154308,-0.1542391,-0.1544399,-0.1542298,0
-0.2112573,-0.3381542,-9.804388,-0.01328253,-0.01081065,-0.0009900775,1.007747,236.8068,-236.139,236.5506,-236.1943,-0.0003728507,-0.0003427117,3.554412e-05,-0.1547022,-0.154266,-0.1545348,-0.154302,0
-0.2160351,-0.3426345,-9.823955,-0.0129557,-0.0107351,-0.001256887,1.008127,236.588,-237.1734,236.3463,-237.2036,-0.0003997674,-0.0003641843,1.58572e-05,-0.1545593,-0.1549417,-0.1544013,-0.1549614,0
3.113355,5.961531,-4.403012,-0.009700082,-0.007653842,0.001406076,1.008508,236.753,-236.6833,236.7879,-236.6571,-0.0004035658,-0.000359918,1.493631e-05,-0.1546671,-0.1546215,-0.1546898,-0.1546044,1
2.868234,5.735142,-4.718244,-0.01198529,-0.009772707,-0.0003999839,1.00889,237.3555,-237.8463,237.1982,-237.8386,-0.0004259409,-0.0003804709,8.129441e-06,-0.1550606,-0.1553813,-0.1549579,-0.1553762,1
3.042039,5.895576,-4.628158,-0.0100914,-0.007873994,0.0009616715,1.009274,244.201,-243.9003,244.2481,-243.6736,-0.0004225496,-0.0003735946,5.89876e-06,-0.1595327,-0.1593363,-0.1595635,-0.1591881,1
2.980056,5.83849,-5.06096,-0.01201265,-0.008115066,0.0005288859,1.009668,253.1042,-253.7882,253.0907,-253.4205,-0.0004399401,-0.0003766158,2.763367e-06,-0.165349,-0.1657959,-0.1653402,-0.1655557,1
3.205384,6.046802,-5.161808,-0.01220037,-0.005131953,0.002228665,1.010104,262.5841,-263.1896,262.7019,-262.7355,-0.0004750418,-0.0003703074,-6.134291e-06,-0.1715421,-0.1719377,-0.1716191,-0.1716411,1
3.292666,6.127542,-5.42326,-0.01362121,-0.002823663,0.002980452,1.010619,272.0053,-271.1109,272.1704,-270.6518,-0.0005027073,-0.0003195458,1.179508e-05,-0.1776969,-0.1771125,-0.1778047,-0.1768126,1
2.862901,5.730825,-6.332482,-0.01999219,-0.005273816,-0.0004143954,1.011252,279.9642,-280.0938,279.7421,-279.7356,-0.0005840256,-0.0002819825,2.129186e-05,-0.1828963,-0.1829809,-0.1827512,-0.1827469,1
3.43275,6.257392,-5.932549,-0.01744836,0.0007996794,0.00367377,1.01204,287.9272,-287.9919,288.0767,-287.5809,-0.0006691541,-0.0002122189,2.138471e-05,-0.1880983,-0.1881407,-0.188196,-0.1878721,1
2.923134,5.786641,-6.906474,-0.02301464,-0.001963485,-0.0001038662,1.013015,295.0834,-294.9313,294.8656,-294.6134,-0.0007902593,-0.0001505561,3.234873e-05,-0.1927734,-0.1926741,-0.1926311,-0.1924664,1
3.191045,6.034082,-6.834117,-0.02189196,0.001820096,0.001730941,1.014211,301.2751,-301.559,301.2629,-301.2235,-0.0009159236,-6.496426e-05,2.047992e-05,-0.1968183,-0.1970038,-0.1968103,-0.1967846,1
2.777639,5.652053,-7.620872,-0.02580841,-5.916327e-05,-0.001192804,1.015656,306.6305,-307.249,306.3561,-306.9849,-0.001067578,1.550214e-05,1.582061e-05,-0.2003169,-0.200721,-0.2001377,-0.2005485,1
3.230223,6.070032,-7.241917,-0.02272595,0.005114437,0.002198664,1.017376,311.4261,-311.8896,311.5002,-311.5886,-0.001209992,0.0001263837,-7.086901e-07,-0.2034498,-0.2037526,-0.2034983,-0.203556,1
3.100396,5.950064,-7.590293,-0.02450067,0.005106002,0.001434608,1.019392,315.7944,-315.3861,315.7882,-315.1395,-0.001348691,0.0002588131,1.099379e-05,-0.2063036,-0.2060369,-0.2062995,-0.2058758,1
3.275751,6.112249,-7.517961,-0.02455796,0.006948919,0.002585322,1.021724,319.2524,-319.4999,319.3185,-319.2774,-0.001504241,0.000393409,9.417487e-06,-0.2085626,-0.2087243,-0.2086058,-0.208579,1
2.999707,5.857203,-8.030804,-0.02713167,0.00535,0.0005573779,1.024387,322.9071,-322.7137,322.793,-322.5343,-0.001671307,0.0005281842,1.695848e-05,-0.2109502,-0.2108238,-0.2108757,-0.2107067,1
3.126432,5.974261,-7.994697,-0.02652097,0.006955568,0.001395039,1.027398,325.254,-326.1372,325.2321,-325.9531,-0.00185469,0.0006560155,-2.290956e-06,-0.2124834,-0.2130603,-0.2124691,-0.2129401,1
2.931453,5.793891,-8.354884,-0.0274971,0.006350494,0.0001805212,1.03077,328.0428,-327.5466,327.9596,-327.3816,-0.002018317,0.0008098574,5.329144e-06,-0.2143053,-0.2139811,-0.2142509,-0.2138733,1
2.910343,5.774489,-8.456164,-0.02838523,0.006365901,-7.084972e-05,1.034514,328.8304,-330.216,328.7028,-330.0862,-0.002215909,0.0009370685,-1.954279e-05,-0.2148198,-0.215725,-0.2147364,-0.2156401,1
2.67194,5.553891,-8.832514,-0.02911662,0.005464357,-0.001534196,1.038638,330.4233,-330.8652,330.2262,-330.7411,-0.00240523,0.001073422,-3.442942e-05,-0.2158605,-0.2161491,-0.2157317,-0.2160681,1
2.958438,5.81845,-8.484222,-0.02665285,0.00836037,0.0007703471,1.043148,330.7112,-331.179,330.7498,-331.038,-0.002574922,0.001233415,-5.106095e-05,-0.2160485,-0.2163541,-0.2160737,-0.216262,1
2.979535,5.83805,-8.464076,-0.02702761,0.008472239,0.001140229,1.04805,330.9966,-331.0198,331.031,-330.9128,-0.002740921,0.001401523,-4.516361e-05,-0.2162349,-0.2162501,-0.2162574,-0.2161802,1
3.59242,6.40457,-7.667138,-0.02343226,0.01284488,0.005612859,1.053343,331.4823,-330.6739,331.8796,-330.5341,-0.002886736,0.0015966,-2.74652e-05,-0.2165522,-0.2160241,-0.2168118,-0.2159328,1
2.951039,5.812399,-8.512507,-0.02967375,0.006688735,0.0006675379,1.059028,331.6941,-331.2177,331.5695,-331.1862,-0.003074347,0.001751244,-4.501545e-06,-0.2166906,-0.2163794,-0.2166092,-0.2163588,1
3.179818,6.023774,-8.231212,-0.02776353,0.008335661,0.002081112,1.065107,331.8035,-331.8237,331.8528,-331.7413,-0.003260454,0.00190729,-9.586836e-06,-0.2167621,-0.2167752,-0.2167942,-0.2167215,1
3.048916,5.902833,-8.403005,-0.02858069,0.007132793,0.001173105,1.071579,331.3749,-331.513,331.3557,-331.4423,-0.003449397,0.002055425,-5.489015e-06,-0.2164821,-0.2165723,-0.2164695,-0.2165261,1
3.07061,5.92286,-8.350286,-0.02823514,0.007244034,0.001280826,1.078446,330.7478,-330.6785,330.7658,-330.6072,-0.003635982,0.002203957,-6.811462e-06,-0.2160724,-0.2160271,-0.2160841,-0.2159806,1
3.135399,5.982753,-8.235369,-0.02772273,0.007561053,0.001773006,1.085707,331.7446,-332.2918,331.8126,-332.2219,-0.003828093,0.002343785,-1.651219e-05,-0.2167236,-0.2170811,-0.216768,-0.2170354,1
2.817959,5.68938,-8.78592,-0.02958492,0.005056469,-0.0004577314,1.093359,335.3087,-335.3069,335.2036,-335.2687,-0.00401878,0.002480591,-1.742449e-05,-0.219052,-0.2190508,-0.2189833,-0.2190259,1
3.033498,5.88852,-8.638028,-0.0277557,0.006622453,0.001147219,1.10141,338.4189,-338.6435,338.4774,-338.5861,-0.004198653,0.002626078,-2.55238e-05,-0.2210838,-0.2212305,-0.221122,-0.221193,1
3.190112,6.03336,-8.564868,-0.02684845,0.007348681,0.002405205,1.109875,341.8466,-341.3221,341.9983,-341.2661,-0.004363819,0.00278395,-1.064451e-05,-0.2233231,-0.2229804,-0.2234222,-0.2229439,1
3.235344,6.075481,-8.632895,-0.02742679,0.006712301,0.002559965,1.118766,344.7778,-344.7652,344.8946,-344.7316,-0.004548055,0.002920666,-5.131253e-06,-0.225238,-0.2252297,-0.2253143,-0.2252078,1
2.932101,5.795348,-9.161732,-0.02944771,0.003853518,0.0002480764,1.128096,347.7925,-347.9944,347.7153,-347.98,-0.004747193,0.003035457,-8.919015e-06,-0.2272075,-0.2273393,-0.227157,-0.2273299,1
3.178302,6.022711,-8.957258,-0.02687515,0.005758636,0.002110387,1.137879,349.964,-350.8823,350.0955,-350.8216,-0.004940388,0.003148511,-3.045836e-05,-0.228626,-0.2292259,-0.2287119,-0.2291863,1
3.020544,5.876853,-9.255555,-0.02739828,0.004475357,0.001206159,1.148127,352.4009,-352.3171,352.4718,-352.2724,-0.005117779,0.00327006,-2.796041e-05,-0.2302181,-0.2301633,-0.2302644,-0.2301341,1
3.011601,5.868699,-9.341919,-0.02758892,0.003939684,0.001114591,1.158849,354.1375,-354.3336,354.1909,-354.3061,-0.005297722,0.003386172,-3.325942e-05,-0.2313526,-0.2314806,-0.2313874,-0.2314627,1
3.19137,6.034886,-9.185403,-0.0262395,0.004859971,0.002512894,1.170054,356.3959,-355.6978,356.5709,-355.655,-0.005454767,0.003522214,-1.813579e-05,-0.2328279,-0.2323718,-0.2329422,-0.2323439,1
2.834853,5.705832,-9.72642,-0.02975957,0.0009325721,-0.0003023393,1.181749,358.1233,-358.0258,357.9922,-358.0456,-0.005640943,0.003625183,-8.073494e-06,-0.2339564,-0.2338927,-0.2338707,-0.2339056,1
2.748314,5.625846,-9.926439,-0.02986904,-9.851219e-05,-0.001065744,1.193943,359.8927,-360.3466,359.7267,-360.3469,-0.005837845,0.003709839,-2.14331e-05,-0.2351123,-0.2354088,-0.2350038,-0.235409,1
2.913556,5.778352,-9.78172,-0.02768334,0.00125323,0.0003173334,1.206642,361.0394,-361.8383,361.0389,-361.7979,-0.006024845,0.003794372,-4.072848e-05,-0.2358614,-0.2363833,-0.2358611,-0.2363569,1
2.773556,5.648895,-10.00769,-0.02807368,0.0001369124,-0.0004781489,1.219856,362.1484,-362.4212,362.093,-362.3963,-0.006203062,0.003880173,-4.797069e-05,-0.2365859,-0.2367641,-0.2365497,-0.2367479,1
2.933593,5.796775,-9.829746,-0.02668169,0.001152294,0.000803425,1.233589,363.0088,-363.0407,363.0694,-363.0075,-0.006366754,0.003977265,-5.216622e-05,-0.237148,-0.2371688,-0.2371875,-0.2371472,1
3.032858,5.888688,-9.732125,-0.02633739,0.001234108,0.001600947,1.247845,363.5558,-364.0965,363.6429,-364.0711,-0.00654004,0.004060263,-5.690607e-05,-0.2375054,-0.2378586,-0.2375623,-0.237842,1
3.167536,6.013171,-9.591213,-0.02515408,0.001874472,0.002667882,1.262626,364.759,-364.4617,364.9389,-364.418,-0.006700381,0.00415092,-5.210402e-05,-0.2382913,-0.2380972,-0.2384089,-0.2380686,1
3.073227,5.926217,-9.744956,-0.02616146,0.0004248881,0.00192745,1.277937,365.4446,-365.3869,365.5307,-365.3646,-0.006866091,0.004231596,-4.701102e-05,-0.2387393,-0.2387016,-0.2387955,-0.238687,1
3.036578,5.892453,-9.828879,-0.02642122,-0.0004055863,0.001607516,1.29378,366.1126,-366.5472,366.1608,-366.5232,-0.00704193,0.00429658,-5.122853e-05,-0.2391756,-0.2394596,-0.2392072,-0.2394439,1
3.087388,5.939342,-9.796405,-0.02551177,-0.0001957396,0.002046858,1.310158,367.1883,-366.7877,367.2999,-366.7429,-0.007199411,0.004373885,-4.453927e-05,-0.2398784,-0.2396167,-0.2399513,-0.2395874,1
2.856662,5.726315,-10.12122,-0.02745658,-0.002602579,0.0002730147,1.327076,367.464,-367.8099,367.3941,-367.8003,-0.007374613,0.004428482,-4.669002e-05,-0.2400585,-0.2402845,-0.2400128,-0.2402782,1
3.043443,5.898815,-9.905002,-0.02550526,-0.001239024,0.001691461,1.344537,368.0434,-368.3473,368.1255,-368.299,-0.007540348,0.004487014,-5.418286e-05,-0.240437,-0.2406355,-0.2404907,-0.240604,1
3.18558,6.030172,-9.73556,-0.02430117,-0.0004039437,0.002846831,1.362541,368.435,-368.422,368.6143,-368.3627,-0.007695029,0.004551305,-5.126317e-05,-0.2406929,-0.2406843,-0.24081,-0.2406456,1
3.005096,5.86354,-9.981714,-0.0258238,-0.002321767,0.001491775,1.381092,368.6503,-368.9153,368.6844,-368.8859,-0.007863178,0.004597901,-5.217808e-05,-0.2408335,-0.2410066,-0.2408558,-0.2409874,1
3.345605,6.178122,-9.552316,-0.02292911,0.0002001793,0.004034447,1.400192,369.1661,-368.9612,369.4453,-368.8841,-0.008008488,0.004664025,-4.931711e-05,-0.2411705,-0.2410366,-0.2413529,-0.2409862,1
3.108742,5.959489,-9.871643,-0.02518162,-0.002362838,0.002262878,1.41984,369.5425,-369.2209,369.6215,-369.1881,-0.008162281,0.004718196,-3.316145e-05,-0.2414163,-0.2412062,-0.241468,-0.2411849,1
2.999189,5.85836,-10.03361,-0.02603405,-0.003687557,0.0012675,1.440038,369.908,-370.0822,369.8974,-370.0534,-0.008330273,0.004754716,-3.522297e-05,-0.2416551,-0.241769,-0.2416482,-0.2417501,1
3.012556,5.870605,-10.0382,-0.02527976,-0.003607755,0.001399967,1.460789,370.1819,-370.4867,370.2126,-370.4337,-0.00849303,0.004789862,-4.123041e-05,-0.2418341,-0.2420332,-0.2418541,-0.2419986,1
3.25323,6.092935,-9.730347,-0.02316601,-0.00177695,0.003262092,1.482093,370.2827,-370.39,370.4891,-370.3091,-0.00864105,0.004835436,-4.185144e-05,-0.2419,-0.24197,-0.2420348,-0.2419172,1
3.305467,6.141324,-9.661855,-0.02303716,-0.001770755,0.003666797,1.503953,370.7941,-369.9351,371.0159,-369.8647,-0.008773609,0.004895439,-2.038996e-05,-0.242234,-0.2416729,-0.2423789,-0.2416269,1
3.213937,6.057074,-9.789445,-0.02461778,-0.00336761,0.002736951,1.526368,371.051,-370.64,371.1417,-370.6003,-0.008922158,0.004939638,-4.197117e-06,-0.2424018,-0.2421333,-0.2424611,-0.2421074,1
3.157284,6.004831,-9.890274,-0.02511018,-0.004299381,0.002121917,1.54934,371.7964,-371.3006,371.835,-371.2534,-0.009073625,0.004977988,9.571691e-06,-0.2428888,-0.2425649,-0.242914,-0.2425341,1
2.744683,5.623626,-10.45523,-0.02796432,-0.007832451,-0.001099863,1.572869,371.8994,-372.4452,371.6609,-372.4268,-0.00925361,0.004981252,1.867202e-06,-0.2429561,-0.2433126,-0.2428003,-0.2433007,1
3.097527,5.949302,-10.01252,-0.02400522,-0.004477935,0.001597078,1.596959,372.1434,-372.3982,372.2248,-372.3028,-0.009404626,0.005007733,-1.143832e-05,-0.2431155,-0.243282,-0.2431687,-0.2432196,1
2.940719,5.804414,-10.21008,-0.02504794,-0.005751059,0.000598133,1.621612,371.7649,-372.1506,371.7422,-372.0878,-0.009559249,0.005026162,-1.407319e-05,-0.2428682,-0.2431202,-0.2428534,-0.2430792,1
3.077782,5.930994,-10.02041,-0.02371447,-0.004598906,0.001644674,1.646827,371.473,-372.0038,371.5515,-371.925,-0.009713078,0.005043375,-2.769854e-05,-0.2426775,-0.2430243,-0.2427288,-0.2429728,1
3.223688,6.065737,-9.818487,-0.02225288,-0.003386611,0.002893439,1.672605,371.4856,-371.1646,371.681,-371.0698,-0.009842819,0.005082359,-2.192939e-05,-0.2426858,-0.2424761,-0.2428134,-0.2424141,1
3.242482,6.083337,-9.778756,-0.02279904,-0.003819811,0.00296801,1.698943,371.1225,-371.1937,371.2727,-371.1219,-0.00998256,0.005111331,-1.588417e-05,-0.2424486,-0.242495,-0.2425467,-0.2424482,1
3.201844,6.045866,-9.833215,-0.02315382,-0.004470201,0.002597499,1.72584,371.2513,-371.2932,371.356,-371.2196,-0.01012921,0.005130882,-1.358624e-05,-0.2425327,-0.24256,-0.2426011,-0.242512,1
3.245991,6.086625,-9.778353,-0.02252383,-0.004199043,0.002898599,1.753296,371.3572,-371.1845,371.5022,-371.0938,-0.01026664,0.005156461,-1.029331e-05,-0.2426019,-0.2424891,-0.2426966,-0.2424298,1
3.197144,6.041562,-9.840548,-0.02297144,-0.004830111,0.00249911,1.78131,371.1563,-371.3629,371.2521,-371.28,-0.01040982,0.005173854,-8.730752e-06,-0.2424706,-0.2426056,-0.2425332,-0.2425514,1
2.90226,5.769049,-10.22637,-0.02478424,-0.007147992,0.0003008037,1.809885,371.3048,-371.2907,371.2187,-371.227,-0.01055788,0.00518316,-7.598706e-06,-0.2425677,-0.2425585,-0.2425114,-0.2425168,1
3.044147,5.900044,-10.03892,-0.02324253,-0.005870955,0.001336951,1.839018,371.2832,-371.0693,371.3194,-370.9771,-0.01068799,0.005209009,-6.889729e-06,-0.2425535,-0.2424138,-0.2425772,-0.2423536,1
3.354223,6.186693,-9.627967,-0.02139,-0.003782374,0.003620234,1.86871,370.9217,-371.1071,371.1257,-370.9977,-0.01081761,0.00523477,-2.776869e-06,-0.2423174,-0.2424385,-0.2424507,-0.242367,1
3.118625,5.969106,-9.934107,-0.02330812,-0.00592552,0.00182668,1.89896,371.1752,-370.9262,371.1996,-370.8456,-0.01095857,0.005246937,5.860435e-06,-0.242483,-0.2423203,-0.242499,-0.2422676,1
3.268168,6.107231,-9.74004,-0.02190133,-0.004711502,0.00282472,1.929769,370.9158,-371.2191,371.0496,-371.109,-0.01109709,0.005259642,-2.865331e-06,-0.2423135,-0.2425117,-0.2424009,-0.2424397,1
3.322442,6.157342,-9.666526,-0.02125224,-0.004246115,0.003328907,1.961135,370.7156,-371.016,370.8934,-370.8963,-0.01123039,0.005274564,-2.509688e-06,-0.2421827,-0.242379,-0.2422989,-0.2423008,1
3.054041,5.909334,-10.00758,-0.02305399,-0.006341203,0.00133855,1.99306,370.9211,-370.4778,370.9271,-370.3865,-0.01136116,0.005290927,6.649303e-06,-0.242317,-0.2420274,-0.2423209,-0.2419678,1
3.309286,6.14522,-9.668629,-0.02124943,-0.004449831,0.003111372,2.025542,370.991,-370.2832,371.1601,-370.1659,-0.01147153,0.005330008,1.975833e-05,-0.2423626,-0.2419003,-0.2424731,-0.2418236,1
3.045478,5.901767,-10.016,-0.0240806,-0.007224554,0.0009934126,2.058581,371.0276,-370.7737,370.9521,-370.7039,-0.01160522,0.00534595,3.721609e-05,-0.2423866,-0.2422207,-0.2423372,-0.2421751,1
3.089758,5.942669,-9.974915,-0.02354687,-0.006958554,0.001095216,2.092175,371.3748,-371.304,371.3317,-371.2071,-0.01174537,0.005353509,3.575615e-05,-0.2426134,-0.2425671,-0.2425852,-0.2425038,1
3.247025,6.087881,-9.78096,-0.02192302,-0.005548479,0.002260338,2.126329,371.2434,-371.5,371.3286,-371.3705,-0.01187875,0.005363903,3.05577e-05,-0.2425275,-0.2426952,-0.2425832,-0.2426106,1
2.878573,5.747372,-10.25856,-0.02429162,-0.0082703,-0.0004148259,2.161041,371.0994,-371.4052,370.9555,-371.312,-0.01202254,0.005360671,2.668127e-05,-0.2424335,-0.2426333,-0.2423394,-0.2425724,1
3.100996,5.95269,-9.960038,-0.02191898,-0.006050521,0.001264586,2.196312,370.821,-371.106,370.8687,-370.9731,-0.01215004,0.005372949,1.434041e-05,-0.2422516,-0.2424378,-0.2422828,-0.2423509,1
3.056252,5.911348,-10.00275,-0.02217433,-0.006336778,0.001073825,2.232142,370.4178,-370.592,370.434,-370.4736,-0.01227476,0.005386732,1.440035e-05,-0.2419882,-0.242102,-0.2419988,-0.2420246,1
3.392561,6.222134,-9.54721,-0.0197995,-0.003735563,0.003551072,2.268529,370.4713,-369.8716,370.7011,-369.7248,-0.01237854,0.005423821,2.455772e-05,-0.2420231,-0.2416313,-0.2421733,-0.2415355,1
3.241811,6.083145,-9.73613,-0.02182659,-0.005566074,0.00230233,2.305472,370.2689,-370.084,370.3268,-369.9775,-0.01250111,0.005443065,3.730545e-05,-0.2418909,-0.2417701,-0.2419287,-0.2417005,1
2.930243,5.795282,-10.15084,-0.02397066,-0.00812595,-0.0001701998,2.342969,370.6882,-370.3171,370.54,-370.2252,-0.01263177,0.005453124,4.398691e-05,-0.2421648,-0.2419224,-0.2420681,-0.2418624,1
3.171859,6.018466,-9.8446,-0.02184565,-0.006116325,0.001518095,2.381021,370.1532,-371.0489,370.1759,-370.9124,-0.01276826,0.005454353,2.591951e-05,-0.2418153,-0.2424005,-0.2418302,-0.2423113,1
3.283488,6.121437,-9.696906,-0.02032449,-0.004828955,0.002547517,2.419628,370.4127,-370.1263,370.5543,-369.9645,-0.01288086,0.005476384,3.125252e-05,-0.2419848,-0.2417977,-0.2420774,-0.2416921,1
3.318952,6.154338,-9.633691,-0.02048448,-0.004717557,0.002731566,2.458791,370.0254,-369.9431,370.1584,-369.7991,-0.01299638,0.005497124,3.416586e-05,-0.2417319,-0.2416781,-0.2418187,-0.241584,1
3.488255,6.310865,-9.407969,-0.01947561,-0.003556719,0.003932552,2.498509,370.4165,-369.4885,370.6463,-369.3311,-0.01309252,0.005540237,5.554839e-05,-0.2419873,-0.2413811,-0.2421375,-0.2412782,1
3.154686,6.002991,-9.847668,-0.02294643,-0.006908038,0.001185974,2.53878,370.2436,-370.4072,370.1714,-370.3044,-0.01322697,0.005545486,6.284979e-05,-0.2418744,-0.2419812,-0.2418272,-0.2419141,1
3.116511,5.967536,-9.917479,-0.02239262,-0.00688114,0.0007910674,2.579606,370.8492,-370.5722,370.8017,-370.4328,-0.01335216,0.005557403,6.182709e-05,-0.24227,-0.2420891,-0.242239,-0.2419979,1
2.92859,5.793828,-10.16807,-0.02339612,-0.008152405,-0.0006102131,2.620986,370.4426,-370.9504,370.2893,-370.8218,-0.01348491,0.005558447,5.23931e-05,-0.2420044,-0.2423361,-0.2419042,-0.2422521,1
3.199503,6.043978,-9.810377,-0.02076572,-0.005564475,0.001484195,2.662924,370.4142,-370.4964,370.4819,-370.3258,-0.01359764,0.005578962,4.726959e-05,-0.2419859,-0.2420395,-0.2420301,-0.2419281,1
3.256774,6.096983,-9.722555,-0.02059236,-0.005177142,0.001948319,2.705417,370.0114,-370.211,370.0946,-370.0515,-0.01371422,0.005595529,4.5885e-05,-0.2417227,-0.2418531,-0.241777,-0.2417489,1
2.972062,5.833909,-10.08432,-0.02252147,-0.007327189,-0.0001596132,2.748466,369.9702,-369.9526,369.8686,-369.8204,-0.01383678,0.005605637,4.432886e-05,-0.2416958,-0.2416843,-0.2416294,-0.241598,1
3.113313,5.964348,-9.892301,-0.02110388,-0.005992242,0.0008850574,2.792068,369.1747,-370.297,369.179,-370.1377,-0.01396643,0.005606828,2.03696e-05,-0.2411761,-0.2419093,-0.2411789,-0.2418052,1
2.931314,5.795972,-10.11619,-0.02152594,-0.006875886,-0.0001833717,2.836223,369.3069,-369.0776,369.2488,-368.9205,-0.01407444,0.005626806,2.206115e-05,-0.2412624,-0.2411126,-0.2412245,-0.24101,1
3.193043,6.037894,-9.748476,-0.01985207,-0.004856931,0.001720426,2.88093,368.4604,-368.9,368.5517,-368.7311,-0.01418177,0.005649474,1.181902e-05,-0.2407094,-0.2409966,-0.2407691,-0.2408863,1
2.980949,5.841985,-10.0111,-0.02142639,-0.006583692,0.0002669076,2.926188,368.3897,-368.3406,368.3305,-368.1959,-0.01429173,0.005668774,1.677369e-05,-0.2406633,-0.2406312,-0.2406246,-0.2405367,1
3.316117,6.151715,-9.560954,-0.01896893,-0.003964932,0.002676015,2.971992,368.0779,-368.1415,368.2329,-367.9583,-0.01439254,0.005698228,1.258004e-05,-0.2404595,-0.2405011,-0.2405608,-0.2403815,1
3.170758,6.017539,-9.742507,-0.02029546,-0.005327355,0.001642845,3.018343,368.0292,-367.8145,368.064,-367.6534,-0.01449563,0.005724737,2.332383e-05,-0.2404278,-0.2402875,-0.2404505,-0.2401823,1
2.890294,5.758467,-10.10433,-0.02239866,-0.007631368,-0.0005713718,3.065241,367.9359,-368.0394,367.7728,-367.9019,-0.01461396,0.005735666,2.134012e-05,-0.2403668,-0.2404344,-0.2402602,-0.2403446,1
2.927039,5.792293,-10.05796,-0.02148605,-0.00701785,-0.0002860346,3.112682,367.6513,-368.1631,367.5471,-367.9968,-0.01472929,0.005747163,8.547192e-06,-0.2401809,-0.2405152,-0.2401128,-0.2404066,1
3.396372,6.225879,-9.434904,-0.01768497,-0.003044493,0.003330567,3.160669,367.1656,-367.6981,367.3906,-367.4778,-0.01482869,0.005773033,-1.254821e-06,-0.2398635,-0.2402114,-0.2400105,-0.2400675,1
3.280691,6.119087,-9.565722,-0.01871307,-0.003988402,0.00258864,3.2092,366.8803,-367.0029,367.0105,-366.8108,-0.01493287,0.005793303,3.136429e-07,-0.2396772,-0.2397573,-0.2397622,-0.2396318,1
2.98254,5.843594,-9.938279,-0.02066637,-0.006185334,0.0003624943,3.258274,366.4254,-366.9261,366.3644,-366.7595,-0.01504854,0.005801553,-1.123743e-05,-0.23938,-0.2397071,-0.2393402,-0.2395983,1
3.298054,6.134984,-9.512998,-0.01767686,-0.003284996,0.002835002,3.307888,366.0668,-366.3586,366.2559,-366.1407,-0.0151391,0.005834692,-1.790585e-05,-0.2391458,-0.2393364,-0.2392693,-0.239194,1
2.896559,5.764159,-10.01664,-0.02092034,-0.006608163,-5.181596e-05,3.358042,365.3846,-366.1963,365.2746,-366.0361,-0.01525782,0.005837539,-2.511691e-05,-0.2387001,-0.2392303,-0.2386282,-0.2391257,1
3.203437,6.047488,-9.600529,-0.01767292,-0.003589799,0.002309915,3.408733,365.4081,-365.2367,365.5649,-365.0148,-0.01534392,0.005872931,-3.24424e-05,-0.2387154,-0.2386034,-0.2388179,-0.2384585,1
3.40958,6.238176,-9.307244,-0.01674168,-0.002250479,0.003928679,3.459959,364.4469,-365.0086,364.6939,-364.791,-0.01543257,0.005906356,-3.273264e-05,-0.2380875,-0.2384544,-0.2382489,-0.2383123,1
2.910425,5.777082,-9.943789,-0.02050971,-0.00630569,0.0002480438,3.511719,365.1684,-363.9873,365.0771,-363.8238,-0.01551663,0.005946026,-5.664684e-06,-0.2385588,-0.2377873,-0.2384992,-0.2376804,1
2.75605,5.634634,-10.14313,-0.02205429,-0.007859788,-0.001219628,3.564011,364.5156,-365.0891,364.2824,-364.9391,-0.01562833,0.005959145,-1.595349e-05,-0.2381324,-0.238507,-0.23798,-0.238409,1
3.204714,6.049049,-9.567217,-0.01798961,-0.003970857,0.002222379,3.616834,364.2984,-365.1497,364.4037,-364.9185,-0.01572845,0.005979777,-3.017985e-05,-0.2379905,-0.2385466,-0.2380593,-0.2383956,1
3.29653,6.133859,-9.43375,-0.01701337,-0.00299619,0.003077568,3.670189,364.235,-364.1014,364.4199,-363.8636,-0.0158143,0.006012114,-2.671012e-05,-0.237949,-0.2378618,-0.2380699,-0.2377065,1
2.860612,5.731186,-9.981539,-0.02035849,-0.006437486,-0.0001814766,3.724074,363.712,-364.0103,363.593,-363.8301,-0.01591716,0.006027927,-3.054089e-05,-0.2376074,-0.2378023,-0.2375297,-0.2376845,1
3.013291,5.872159,-9.772013,-0.01863472,-0.004871308,0.001000733,3.778489,363.3032,-363.8788,363.3198,-363.6619,-0.01600964,0.006054184,-4.188927e-05,-0.2373403,-0.2377164,-0.2373512,-0.2375747,1
3.41611,6.244415,-9.230587,-0.01565566,-0.001642947,0.004124179,3.833431,363.1877,-362.9379,363.472,-362.6841,-0.01607831,0.006104832,-3.223174e-05,-0.2372649,-0.2371017,-0.2374506,-0.2369359,1
3.177665,6.024427,-9.525478,-0.01830247,-0.004057117,0.002249857,3.8889,363.0072,-362.8064,363.0667,-362.6049,-0.01616758,0.006136289,-2.023553e-05,-0.237147,-0.2370158,-0.2371859,-0.2368842,1
2.727915,5.608889,-10.11446,-0.02131438,-0.007557801,-0.001216278,3.944894,363.2516,-362.9778,363.0274,-362.8023,-0.01626377,0.006160493,-1.566349e-05,-0.2373066,-0.2371277,-0.2371602,-0.2370131,1
3.150754,5.999566,-9.566429,-0.01788722,-0.004078783,0.001856258,4.001411,362.7116,-363.4744,362.7828,-363.236,-0.0163531,0.00619067,-2.7701e-05,-0.2369538,-0.2374521,-0.2370004,-0.2372964,1
3.043778,5.900762,-9.70231,-0.0185179,-0.004834522,0.001212987,4.058454,363.1505,-362.5389,363.1621,-362.3121,-0.01643059,0.006231066,-1.009171e-05,-0.2372405,-0.236841,-0.2372482,-0.2366928,1
3.179186,6.026074,-9.516352,-0.0180043,-0.004004149,0.002000558,4.11602,362.604,-363.0038,362.6671,-362.7748,-0.01652313,0.006257905,-1.765602e-05,-0.2368836,-0.2371447,-0.2369247,-0.2369951,1
3.172063,6.019478,-9.527404,-0.01768773,-0.003893049,0.00203935,4.174112,362.6828,-362.7607,362.7627,-362.518,-0.01660752,0.006291263,-1.456339e-05,-0.236935,-0.236986,-0.2369872,-0.2368274,1
2.9669,5.829981,-9.787974,-0.01914853,-0.005472009,0.0004848179,4.232726,362.2676,-362.9076,362.2073,-362.6864,-0.01670815,0.006306735,-2.324037e-05,-0.2366638,-0.2370819,-0.2366244,-0.2369374,1
2.911691,5.778811,-9.853525,-0.01867935,-0.005380449,0.0001847775,4.291863,362.0951,-362.5142,362.0526,-362.2745,-0.01679943,0.006329242,-3.486195e-05,-0.2365511,-0.2368249,-0.2365233,-0.2366683,1
3.232973,6.075651,-9.41535,-0.01600404,-0.002566294,0.002706736,4.351523,361.8026,-361.6528,361.9969,-361.3805,-0.01686252,0.006380962,-3.152661e-05,-0.2363601,-0.2362622,-0.236487,-0.2360843,1
3.122424,5.973839,-9.540449,-0.01770182,-0.00393141,0.001852309,4.411704,361.4247,-361.5229,361.4806,-361.2922,-0.01694289,0.00641739,-2.230525e-05,-0.2361131,-0.2361773,-0.2361496,-0.2360266,1
3.466552,6.291927,-9.089345,-0.01526873,-0.001357757,0.004286713,4.472403,361.715,-361.2705,361.9901,-360.9951,-0.0170091,0.006469754,-1.326404e-05,-0.2363028,-0.2360124,-0.2364825,-0.2358325,1
3.023476,5.882798,-9.66987,-0.01906768,-0.00529269,0.0008994666,4.533621,361.7238,-361.5794,361.6636,-361.36,-0.01709596,0.006500415,1.573111e-07,-0.2363085,-0.2362142,-0.2362692,-0.2360709,1
2.834213,5.707905,-9.926964,-0.02002793,-0.006639252,-0.0006663832,4.595357,361.9412,-362.0276,361.7805,-361.8012,-0.01718749,0.006525543,-2.311911e-06,-0.2364505,-0.236507,-0.2363455,-0.2363591,1
3.146045,5.995988,-9.527184,-0.0172799,-0.003932113,0.001663864,4.657612,361.6433,-362.2244,361.7167,-361.9478,-0.01727041,0.006557017,-1.179448e-05,-0.236256,-0.2366356,-0.2363039,-0.2364549,1
3.029434,5.888278,-9.673193,-0.01795751,-0.004700109,0.0009126359,4.720387,361.8012,-361.5597,361.8108,-361.2977,-0.01734675,0.006593758,-3.93916e-06,-0.2363591,-0.2362013,-0.2363654,-0.2360302,1
3.147243,5.997258,-9.509649,-0.0172695,-0.003818411,0.001684205,4.783682,361.4056,-361.6992,361.4789,-361.4312,-0.01742655,0.006628443,-9.1498e-06,-0.2361006,-0.2362925,-0.2361486,-0.2361173,1
2.678348,5.56405,-10.11935,-0.0204619,-0.007419541,-0.001723328,4.847496,361.2757,-361.7257,361.0487,-361.4982,-0.0175219,0.006645088,-1.266208e-05,-0.2360158,-0.2363097,-0.2358675,-0.2361612,1
3.399324,6.230108,-9.171228,-0.01450422,-0.001303545,0.003648302,4.911828,361.1728,-361.172,361.4703,-360.8486,-0.01757933,0.006700712,-1.862846e-05,-0.2359486,-0.2359481,-0.2361429,-0.2357368,1
2.963688,5.827929,-9.725928,-0.01853764,-0.005227005,0.0004962496,4.976678,360.9875,-360.8371,360.9377,-360.5927,-0.01765624,0.00673652,-1.628896e-06,-0.2358276,-0.2357293,-0.235795,-0.2355696,1
3.083097,5.938346,-9.568129,-0.01761322,-0.004317013,0.001168842,5.042044,361.0528,-361.1018,361.0807,-360.8309,-0.01773486,0.006772324,-6.288573e-06,-0.2358702,-0.2359022,-0.2358884,-0.2357252,1
3.102005,5.955884,-9.548191,-0.0173185,-0.004167024,0.001359759,5.107926,360.7922,-361.2723,360.8376,-360.9895,-0.01781492,0.006803968,-9.304194e-06,-0.2356999,-0.2360135,-0.2357296,-0.2358288,1
3.234042,6.077924,-9.37132,-0.0161437,-0.003006784,0.002368096,5.174324,361.0087,-360.746,361.1571,-360.4436,-0.0178803,0.006850201,-2.546222e-06,-0.2358414,-0.2356697,-0.2359383,-0.2354722,1
2.888037,5.758423,-9.817825,-0.01902656,-0.005956963,-0.0002780042,5.241239,360.8188,-360.9478,360.7115,-360.6912,-0.01796369,0.006878258,3.433768e-07,-0.2357173,-0.2358016,-0.2356472,-0.2356339,1
3.539463,6.360345,-8.969724,-0.01398579,-0.0006932002,0.004496587,5.308669,360.7089,-361.0027,361.0495,-360.6611,-0.01802631,0.006928009,-5.470695e-06,-0.2356455,-0.2358374,-0.235868,-0.2356143,1
3.086226,5.941798,-9.558743,-0.01773548,-0.004563661,0.001207948,5.376614,361.2862,-360.2874,361.3029,-360.0099,-0.01808812,0.006978272,2.476723e-05,-0.2360227,-0.2353702,-0.2360335,-0.2351889,1
3.170298,6.019743,-9.452839,-0.01772844,-0.004311204,0.001449925,5.445075,360.9325,-361.4893,360.9576,-361.2055,-0.01817495,0.007005907,1.593489e-05,-0.2357916,-0.2361553,-0.235808,-0.2359699,1
3.061602,5.919236,-9.613693,-0.01782931,-0.004899858,0.0007397631,5.514051,361.0247,-361.7767,361.0175,-361.4726,-0.01826671,0.007023259,6.149916e-06,-0.2358518,-0.2363431,-0.2358471,-0.2361444,1
2.944893,5.811236,-9.762282,-0.01774899,-0.005219392,-1.307207e-05,5.583545,360.622,-361.6055,360.5961,-361.2923,-0.01835995,0.007034477,-1.695179e-05,-0.2355888,-0.2362313,-0.2355718,-0.2360266,1
2.957542,5.82273,-9.725975,-0.01662388,-0.004374064,0.0003592981,5.653556,360.3215,-360.5536,360.3777,-360.2247,-0.01842463,0.00707313,-2.57007e-05,-0.2353924,-0.2355441,-0.2354292,-0.2353292,1
2.998126,5.860415,-9.642994,-0.01665254,-0.004115682,0.0007657065,5.724083,359.4381,-360.2153,359.4957,-359.9047,-0.01849579,0.00710701,-3.415707e-05,-0.2348153,-0.235323,-0.2348529,-0.2351201,1
2.768739,5.648535,-9.924644,-0.01812013,-0.00583316,-0.0008243283,5.795123,359.3466,-359.585,359.2601,-359.2925,-0.01857086,0.007136228,-3.788143e-05,-0.2347555,-0.2349113,-0.234699,-0.2347202,1
2.820424,5.696311,-9.840775,-0.01735463,-0.005234164,-0.0003900965,5.866673,358.7856,-359.3352,358.7529,-359.0251,-0.01864132,0.007168978,-5.134745e-05,-0.2343891,-0.2347481,-0.2343677,-0.2345455,1
3.262774,6.105135,-9.245213,-0.01403995,-0.00171139,0.003052425,5.938733,358.2061,-358.8248,358.4662,-358.4683,-0.01869745,0.007215575,-5.752793e-05,-0.2340105,-0.2344146,-0.2341804,-0.2341817,1
3.312212,6.151072,-9.160598,-0.01413491,-0.001612182,0.003502669,6.011299,358.2322,-357.9356,358.4926,-357.5904,-0.01874886,0.007267576,-4.385696e-05,-0.2340275,-0.2338338,-0.2341976,-0.2336083,1
2.909199,5.77897,-9.676324,-0.01756157,-0.005165346,0.0003660547,6.084373,357.8009,-358.403,357.7526,-358.105,-0.01883169,0.007287638,-4.960906e-05,-0.2337458,-0.2341391,-0.2337142,-0.2339444,1
2.870775,5.743329,-9.728033,-0.01681569,-0.004983265,0.0001635742,6.157948,357.7749,-358.246,357.7662,-357.911,-0.01890094,0.007318428,-5.978817e-05,-0.2337288,-0.2340365,-0.2337231,-0.2338177,1
3.305795,6.14535,-9.146771,-0.01345803,-0.001416075,0.003515849,6.232028,357.5133,-357.5266,357.8076,-357.1462,-0.01894333,0.007376493,-5.467308e-05,-0.2335579,-0.2335666,-0.2337501,-0.233318,1
3.383682,6.217723,-9.029895,-0.01391423,-0.001394402,0.004038561,6.306612,357.4211,-357.2308,357.6971,-356.8731,-0.01899493,0.007427795,-3.831046e-05,-0.2334976,-0.2333733,-0.233678,-0.2331397,1
3.007619,5.870496,-9.523267,-0.01702701,-0.00469891,0.001066378,6.381696,357.5484,-357.6535,357.5457,-357.3312,-0.01907016,0.007455113,-3.449895e-05,-0.2335808,-0.2336494,-0.233579,-0.2334389,1
2.97919,5.844172,-9.570155,-0.016525,-0.00461554,0.0008169618,6.457282,357.3723,-358.0998,357.3945,-357.7466,-0.01914437,0.007480602,-4.693499e-05,-0.2334658,-0.233941,-0.2334802,-0.2337102,1
3.292099,6.133272,-9.158484,-0.01371825,-0.001817937,0.003289232,6.53337,357.4196,-357.4211,357.6887,-357.0231,-0.01919077,0.00753301,-4.173098e-05,-0.2334966,-0.2334976,-0.2336725,-0.2332376,1
3.195313,6.044167,-9.272109,-0.01515956,-0.002955586,0.002515793,6.60996,357.3032,-357.2115,357.4606,-356.8493,-0.01924798,0.007576366,-2.992778e-05,-0.2334206,-0.2333607,-0.2335234,-0.2331241,1
2.990845,5.855405,-9.540616,-0.01675095,-0.00469099,0.0008647087,6.687051,357.6392,-357.2715,357.6565,-356.9233,-0.01930718,0.007619124,-1.965349e-05,-0.2336401,-0.2333999,-0.2336514,-0.2331724,1
3.057336,5.917002,-9.461927,-0.01636522,-0.004307719,0.001231741,6.764643,357.3372,-357.9964,357.388,-357.6322,-0.01937666,0.007650951,-2.474681e-05,-0.2334428,-0.2338735,-0.233476,-0.2336355,1
3.109117,5.964869,-9.401478,-0.01558502,-0.003714545,0.001676197,6.842735,357.584,-357.7723,357.696,-357.3857,-0.01943964,0.007686891,-2.341704e-05,-0.2336041,-0.2337271,-0.2336773,-0.2334745,1
2.695405,5.582674,-9.937862,-0.0183848,-0.006821974,-0.001397587,6.921331,357.4763,-357.7318,357.3301,-357.3838,-0.01951343,0.007710153,-2.678415e-05,-0.2335337,-0.2337006,-0.2334382,-0.2334733,1
3.035222,5.896619,-9.489182,-0.01532766,-0.003762133,0.001158618,7.000429,356.9655,-357.8239,357.0816,-357.4222,-0.01957529,0.007745098,-4.360268e-05,-0.2332,-0.2337608,-0.2332758,-0.2334984,1
3.104894,5.961105,-9.385762,-0.01474259,-0.003121676,0.001881899,7.080027,356.9046,-356.9873,357.0739,-356.5844,-0.0196253,0.007791136,-3.686445e-05,-0.2331602,-0.2332143,-0.2332708,-0.232951,1
3.039425,5.900859,-9.455725,-0.01563044,-0.003850925,0.001320541,7.160126,356.6703,-356.8396,356.7671,-356.4561,-0.01968499,0.007828916,-3.633267e-05,-0.2330072,-0.2331177,-0.2330704,-0.2328672,1
3.213588,6.061912,-9.224953,-0.01430312,-0.002508999,0.002606234,7.240725,356.6599,-356.6893,356.8756,-356.2787,-0.01973324,0.007878867,-3.2425e-05,-0.2330004,-0.2330195,-0.2331413,-0.2327514,1
2.958434,5.82641,-9.555529,-0.01655535,-0.004818873,0.0006742369,7.321821,356.6682,-356.7503,356.6879,-356.3723,-0.01979367,0.007916367,-2.308617e-05,-0.2330058,-0.2330594,-0.2330187,-0.2328124,1
2.880015,5.754045,-9.662585,-0.01693688,-0.005408521,-1.766402e-05,7.403416,356.7422,-357.022,356.7205,-356.6346,-0.01985955,0.00794765,-2.667904e-05,-0.2330541,-0.2332369,-0.2330399,-0.2329838,1
2.971095,5.838233,-9.547031,-0.01587614,-0.004498356,0.0007007044,7.485509,356.6438,-356.9889,356.7093,-356.5759,-0.01991722,0.007985354,-3.012889e-05,-0.2329899,-0.2332153,-0.2330326,-0.2329454,1
3.111156,5.967788,-9.358452,-0.0148865,-0.003387382,0.001779267,7.5681,356.7487,-356.5307,356.9098,-356.1055,-0.01996103,0.00803777,-2.02223e-05,-0.2330584,-0.2329159,-0.2331636,-0.2326382,1
3.187307,6.038473,-9.255516,-0.01502083,-0.003202112,0.002219668,7.651191,356.6188,-356.771,356.7836,-356.3532,-0.02001578,0.008081002,-1.378515e-05,-0.2329735,-0.233073,-0.2330812,-0.2328,1
3.38383,6.220245,-9.006451,-0.01375083,-0.001834569,0.003590268,7.734778,356.5642,-357.1638,356.8432,-356.7181,-0.02007888,0.008114859,-1.818078e-05,-0.2329378,-0.2333296,-0.2331201,-0.2330384,1
3.104563,5.962248,-9.375433,-0.01540123,-0.003858184,0.001576453,7.818864,356.9158,-356.8265,357.0395,-356.3952,-0.02013733,0.008150987,-1.197113e-05,-0.2331676,-0.2331092,-0.2332484,-0.2328275,1
3.149147,6.003555,-9.31428,-0.01501447,-0.00344334,0.001827973,7.90345,356.6168,-357.1065,356.7762,-356.6659,-0.02019553,0.008188155,-1.689392e-05,-0.2329722,-0.2332921,-0.2330763,-0.2330043,1
3.100213,5.958457,-9.378817,-0.015285,-0.003794034,0.001522074,7.988533,356.6417,-357.0121,356.775,-356.5708,-0.02025454,0.008223755,-1.534615e-05,-0.2329884,-0.2332305,-0.2330756,-0.2329422,1
3.203966,6.054432,-9.240719,-0.01443041,-0.002917394,0.00226723,8.074116,356.7029,-356.787,356.9135,-356.3295,-0.02030696,0.008266098,-1.455406e-05,-0.2330284,-0.2330834,-0.233166,-0.2327845,1
3.071129,5.931877,-9.411374,-0.01555159,-0.004066207,0.001271486,8.160197,356.8011,-356.6422,356.9181,-356.2006,-0.02035647,0.008312107,-4.524717e-06,-0.2330926,-0.2329888,-0.233169,-0.2327003,1
3.082318,5.942445,-9.398959,-0.01579997,-0.004215478,0.001225542,8.246777,356.4948,-357.2932,356.593,-356.8501,-0.02042391,0.008340361,-1.115661e-05,-0.2328925,-0.2334141,-0.2329566,-0.2331246,1
3.042032,5.90521,-9.458626,-0.01550558,-0.004253294,0.001003163,8.333854,356.774,-357.0287,356.8853,-356.5656,-0.02048397,0.008373252,-1.353001e-05,-0.2330749,-0.2332413,-0.2331476,-0.2329387,1
3.185575,6.03793,-9.265033,-0.01430413,-0.002988056,0.002089667,8.42143,356.6574,-356.7251,356.8793,-356.2447,-0.02052986,0.008420709,-1.22058e-05,-0.2329987,-0.2330429,-0.2331437,-0.2327291,1
2.98269,5.850729,-9.524084,-0.01621664,-0.004831789,0.0005677653,8.509505,356.4557,-356.8925,356.5144,-356.444,-0.0205908,0.008453705,-9.442278e-06,-0.232867,-0.2331523,-0.2329053,-0.2328593,1
3.58832,6.410427,-8.735428,-0.01168704,-2.879975e-05,0.005006419,8.598078,356.5669,-356.74,357.0347,-356.2155,-0.02063173,0.00850803,-1.016696e-05,-0.2329396,-0.2330527,-0.2332452,-0.2327101,1
2.972305,5.841547,-9.539021,-0.0167349,-0.005259331,0.0004528952,8.687149,356.5725,-356.8294,356.5948,-356.3836,-0.02070058,0.008532208,-1.215977e-06,-0.2329433,-0.2331111,-0.2329578,-0.2328199,1
3.170547,6.02468,-9.284388,-0.01463707,-0.003349181,0.001805184,8.776718,356.6787,-357.0102,356.878,-356.5121,-0.02075541,0.008571039,-1.100781e-05,-0.2330126,-0.2332292,-0.2331429,-0.2329038,1
3.027388,5.892548,-9.471757,-0.01567607,-0.004484944,0.0008590045,8.866786,356.4558,-356.9909,356.5624,-356.5078,-0.02081311,0.008605234,-9.160989e-06,-0.232867,-0.2332166,-0.2329367,-0.232901,1
3.211445,6.062727,-9.227195,-0.01425378,-0.002964671,0.002191802,8.957352,356.3216,-356.9725,356.5539,-356.4638,-0.02087301,0.008637178,-1.838792e-05,-0.2327794,-0.2332046,-0.2329311,-0.2328723,1
3.104246,5.963747,-9.362684,-0.01474069,-0.003633322,0.001508267,9.048415,356.1552,-356.6907,356.3363,-356.1848,-0.02093232,0.008667567,-2.43298e-05,-0.2326706,-0.2330205,-0.232789,-0.23269,1
2.942541,5.814392,-9.562097,-0.01559944,-0.00467905,0.0003851026,9.139977,356.0609,-356.28,356.161,-355.7833,-0.02098355,0.008706295,-2.490329e-05,-0.2326091,-0.2327522,-0.2326744,-0.2324277,1
3.283886,6.12999,-9.10647,-0.01331445,-0.002089211,0.002915047,9.232036,355.8879,-356.0419,356.2036,-355.5132,-0.02102073,0.008761784,-2.006902e-05,-0.2324961,-0.2325967,-0.2327023,-0.2322512,1
3.103833,5.963988,-9.338844,-0.01537426,-0.004009816,0.00152057,9.324589,355.858,-356.1982,356.0013,-355.7024,-0.02108022,0.008794979,-1.318528e-05,-0.2324765,-0.2326988,-0.2325701,-0.2323748,1
3.188278,6.042085,-9.234864,-0.01443973,-0.003248601,0.002058695,9.417637,355.9359,-356.4011,356.1542,-355.8728,-0.0211395,0.008827038,-2.147879e-05,-0.2325274,-0.2328313,-0.23267,-0.2324862,1
3.564257,6.389581,-8.743952,-0.01151309,-0.0001852899,0.004937077,9.511182,355.8957,-356.0594,356.3807,-355.4845,-0.02117467,0.008883075,-1.632235e-05,-0.2325011,-0.2326081,-0.232818,-0.2322325,1
3.02941,5.895751,-9.436646,-0.01617436,-0.004842519,0.0009145934,9.605222,356.3735,-355.7712,356.462,-355.2729,-0.02122185,0.008929235,1.032469e-05,-0.2328133,-0.2324198,-0.2328711,-0.2320942,1
3.358164,6.199762,-9.019519,-0.01417158,-0.00256767,0.003011964,9.699756,356.1702,-356.9488,356.446,-356.4055,-0.02128358,0.008962977,2.268135e-07,-0.2326804,-0.2331891,-0.2328606,-0.2328341,1
3.052425,5.917301,-9.437592,-0.01594485,-0.004826012,0.0008636662,9.794787,356.5942,-356.9372,356.6996,-356.4019,-0.02134843,0.008988867,3.739239e-06,-0.2329574,-0.2331815,-0.2330263,-0.2328318,1
3.329625,6.173441,-9.076093,-0.01351039,-0.002333444,0.002862605,9.890316,356.5391,-356.8858,356.8618,-356.3076,-0.02139784,0.009030524,-3.053466e-06,-0.2329215,-0.2331479,-0.2331323,-0.2327702,1
3.077339,5.940533,-9.402645,-0.01556588,-0.004398472,0.001070216,9.986342,356.4226,-356.848,356.5684,-356.3044,-0.02145527,0.009063932,1.700315e-06,-0.2328454,-0.2331232,-0.2329406,-0.2327681,1
3.250501,6.10064,-9.175447,-0.01420707,-0.002956005,0.002284096,10.08287,356.4631,-356.8613,356.7321,-356.2902,-0.02150893,0.009102356,-2.48514e-06,-0.2328718,-0.233132,-0.2330475,-0.2327588,1
3.184898,6.040183,-9.261483,-0.01471756,-0.003502628,0.001840823,10.17989,356.2472,-356.953,356.4702,-356.3861,-0.02157013,0.009131712,-7.172263e-06,-0.2327307,-0.2331918,-0.2328764,-0.2328215,1
2.899568,5.776574,-9.630609,-0.01636336,-0.005487377,-0.0002175674,10.27741,356.2576,-356.7784,356.3228,-356.2256,-0.02163413,0.009156734,-1.357147e-05,-0.2327376,-0.2330777,-0.2327801,-0.2327166,1
3.210533,0.06392711,-14.21709,-0.01367874,-0.002744249,0.002156108,10.37543,355.7361,-356.7012,356.0375,-356.0966,-0.02168706,0.009192563,-2.871125e-05,-0.2323968,-0.2330274,-0.2325938,-0.2326323,1
3.54126,0.3696998,-13.76249,-0.01142012,-0.0001514294,0.004782938,10.47394,354.5455,-354.6091,355.0422,-353.993,-0.02171998,0.009249664,-1.949146e-05,-0.231619,-0.2316606,-0.2319436,-0.2312581,1
2.92748,-0.1970901,-14.40496,-0.01666876,-0.005441702,0.0001294953,10.57295,348.1144,-347.9026,348.0417,-347.4788,-0.02177877,0.009282715,-6.310652e-06,-0.2274177,-0.2272794,-0.2273702,-0.2270025,1
3.176164,0.03251993,-13.73002,-0.01372746,-0.003371662,0.001805269,10.67244,338.3994,-339.3411,338.4096,-338.9565,-0.02183688,0.009310929,-2.56759e-05,-0.2210711,-0.2216863,-0.2210777,-0.221435,1
3.209803,0.06320379,-13.29982,-0.01108402,-0.002768395,0.002287711,10.77239,329.2305,-329.425,329.2846,-329.038,-0.0218638,0.009351064,-2.340507e-05,-0.2150811,-0.2152082,-0.2151165,-0.2149554,1
3.145716,0.003750063,-12.99499,-0.009594397,-0.003220377,0.001786164,10.87274,320.3612,-320.2014,320.3842,-319.8156,-0.0218677,0.009395279,-1.939847e-05,-0.209287,-0.2091826,-0.209302,-0.2089305,1
3.086292,-0.05130223,-12.71653,-0.00830986,-0.003759054,0.001296526,10.97348,311.6379,-312.4728,311.6262,-312.0737,-0.02186804,0.0094238,-2.938341e-05,-0.2035882,-0.2041336,-0.2035805,-0.2038729,1
3.093754,-0.04467637,-12.37938,-0.005978889,-0.003315448,0.001474343,11.07455,304.3368,-304.2402,304.397,-303.8006,-0.02183232,0.009470556,-2.59375e-05,-0.1988185,-0.1987554,-0.1988578,-0.1984682,1
2.903151,-0.2207705,-12.31645,-0.00622652,-0.004897214,2.33538e-05,11.17592,296.9151,-297.3,296.8506,-296.8737,-0.02179351,0.00950641,-2.751098e-05,-0.19397,-0.1942214,-0.1939279,-0.193943,1
2.995871,-0.1351512,-11.91398,-0.004079369,-0.003988707,0.0007289493,11.27757,290.0872,-290.9772,290.1144,-290.5141,-0.02174709,0.009536669,-4.133695e-05,-0.1895094,-0.1900909,-0.1895272,-0.1897884,1
3.002625,-0.1289781,-11.63959,-0.00245066,-0.00356627,0.0009514705,11.37947,283.8864,-284.4239,283.9697,-283.9364,-0.02168148,0.009573136,-4.933122e-05,-0.1854586,-0.1858097,-0.185513,-0.1854912,1
2.444163,-0.6449609,-12.11217,-0.005300067,-0.007682738,-0.003071864,11.48158,278.0702,-278.4054,277.8221,-277.9647,-0.0216135,0.009601908,-5.350717e-05,-0.1816589,-0.1818779,-0.1814969,-0.18159,1
3.071453,-0.06530917,-11.05732,0.0004352343,-0.002441614,0.001627738,11.58388,272.0076,-273.3554,272.2074,-272.8295,-0.02152585,0.009643424,-7.870432e-05,-0.1776983,-0.1785789,-0.1778289,-0.1782353,1
3.058311,-0.07726654,-10.85206,0.001031762,-0.002512335,0.001849669,11.68634,267.4109,-267.2003,267.617,-266.6791,-0.02141448,0.009700601,-6.424051e-05,-0.1746954,-0.1745578,-0.17483,-0.1742173,1
3.087382,-0.05002588,-10.60428,0.001072765,-0.002714922,0.001902145,11.78895,262.9289,-262.5202,263.115,-262.0125,-0.02129688,0.00976233,-5.223501e-05,-0.1717674,-0.1715004,-0.1718889,-0.1711687,1
3.40198,0.2410804,-10.02228,0.003058635,-0.0008774434,0.004089649,11.89169,258.936,-258.8405,259.2814,-258.3039,-0.02117162,0.009829473,-3.54207e-05,-0.1691589,-0.1690964,-0.1693845,-0.1687459,1
3.122658,-0.01658138,-10.24208,0.0006757296,-0.003775084,0.001821075,11.99453,255.7301,-255.632,255.8395,-255.1255,-0.02106653,0.009870757,-1.717684e-05,-0.1670645,-0.1670004,-0.167136,-0.1666695,1
3.203161,0.05796772,-10.0124,0.001978811,-0.003148496,0.002194613,12.09745,252.6709,-252.8764,252.8587,-252.3293,-0.02095796,0.009909205,-1.931901e-05,-0.1650659,-0.1652002,-0.1651887,-0.1648428,1
3.069239,-0.06561251,-10.06622,0.001708072,-0.004089872,0.001228643,12.20045,249.4484,-250.1512,249.5768,-249.601,-0.02084976,0.009939738,-2.242009e-05,-0.1629607,-0.1634199,-0.1630446,-0.1630605,1
3.145005,0.00452005,-9.845158,0.003080956,-0.003201322,0.001826112,12.30352,246.779,-246.9661,247.0011,-246.3932,-0.02072436,0.009983181,-2.126715e-05,-0.1612169,-0.1613391,-0.161362,-0.1609649,1
3.054476,-0.07884639,-9.845533,0.002586675,-0.003997103,0.001141119,12.40664,243.8861,-244.4118,244.0448,-243.8537,-0.02060359,0.01001831,-2.273312e-05,-0.159327,-0.1596704,-0.1594307,-0.1593058,1
3.081051,-0.05408901,-9.704871,0.003327466,-0.003691431,0.001354938,12.5098,241.5556,-241.801,241.7559,-241.2289,-0.02047253,0.01006035,-2.228146e-05,-0.1578045,-0.1579649,-0.1579354,-0.1575911,1
3.143371,0.003785966,-9.52442,0.003946481,-0.003331657,0.00180892,12.61298,239.0728,-239.6699,239.3103,-239.0916,-0.02034183,0.01009841,-2.467461e-05,-0.1561825,-0.1565726,-0.1563377,-0.1561948,1
3.012023,-0.1173323,-9.606241,0.003386043,-0.00438524,0.0008665276,12.71619,237.0954,-237.4861,237.2589,-236.9131,-0.02021081,0.01013239,-2.461798e-05,-0.1548907,-0.155146,-0.1549976,-0.1547716,1
2.903796,-0.2171159,-9.66389,0.003120683,-0.005167804,6.706434e-05,12.8194,235.0305,-235.6667,235.1437,-235.0926,-0.02007999,0.01016175,-3.204314e-05,-0.1535418,-0.1539574,-0.1536157,-0.1535823,1
2.697352,-0.407688,-9.854705,0.002324414,-0.0066045,-0.001365406,12.92262,232.8114,-234.1175,232.8178,-233.5486,-0.01995924,0.01017472,-5.078286e-05,-0.1520921,-0.1529453,-0.1520962,-0.1525736,1
2.981837,-0.1447598,-9.402822,0.005635798,-0.003803169,0.000976011,13.02582,231.2189,-231.512,231.4887,-230.8885,-0.01980161,0.01022034,-5.711519e-05,-0.1510517,-0.1512432,-0.151228,-0.1508358,1
3.130192,-0.007249446,-9.122535,0.006291177,-0.003013723,0.00215963,13.12901,228.687,-230.11,229.0078,-229.4976,-0.01966022,0.01024668,-7.040472e-05,-0.1493976,-0.1503273,-0.1496073,-0.1499272,1
3.349291,0.1954244,-8.765001,0.008475507,-0.001179315,0.003956495,13.23218,227.9025,-227.4699,228.4009,-226.8218,-0.01948441,0.01030545,-5.744739e-05,-0.1488852,-0.1486025,-0.1492108,-0.1481792,1
2.818324,-0.2946598,-9.391567,0.003814475,-0.006082373,-0.0001139267,13.33531,225.8963,-226.988,225.9717,-226.4193,-0.01935033,0.01031951,-6.187853e-05,-0.1475745,-0.1482878,-0.1476238,-0.1479162,1
3.26816,0.1210859,-8.761744,0.008279748,-0.002175907,0.003282385,13.43841,225.191,-225.4956,225.6331,-224.8333,-0.01918104,0.01036547,-6.553758e-05,-0.1471138,-0.1473127,-0.1474026,-0.1468801,1
3.113439,-0.02144704,-8.912824,0.00679193,-0.003834703,0.002196787,13.54147,224.1038,-224.1498,224.4122,-223.5212,-0.0190123,0.01040753,-4.929005e-05,-0.1464035,-0.1464336,-0.146605,-0.1460229,1
3.009327,-0.1172585,-9.009335,0.005826904,-0.005037242,0.001241797,13.64447,223.2385,-223.708,223.4521,-223.087,-0.0188582,0.0104335,-4.849796e-05,-0.1458382,-0.1461449,-0.1459778,-0.1457393,1
3.111849,-0.02230032,-8.850951,0.00712589,-0.004207144,0.002001985,13.74742,222.4433,-223.0631,222.8311,-222.4777,-0.01867198,0.01079704,-5.162546e-05,-0.1453188,-0.1457236,-0.1455721,-0.1453412,1
3.093905,-0.03856006,-8.842942,0.007266792,-0.004720148,0.001919298,13.85032,221.7012,-222.1632,222.1384,-221.6162,-0.01848628,0.01107362,-4.882384e-05,-0.144834,-0.1451357,-0.1451195,-0.1447784,1
3.054996,-0.07408562,-8.862408,0.007074196,-0.006115717,0.001610334,13.95316,220.9448,-221.5897,221.3241,-221.0144,-0.0183243,0.01108573,-5.103077e-05,-0.1443398,-0.1447611,-0.1445876,-0.1443852,1
3.10181,-0.03050114,-8.774473,0.007785921,-0.006459243,0.001998705,14.05594,220.4592,-220.7744,220.8678,-220.1616,-0.01815103,0.01109869,-4.794328e-05,-0.1440225,-0.1442285,-0.1442895,-0.1438282,1
3.349788,0.1990363,-8.424029,0.009421131,-0.005327119,0.003809932,14.15865,219.8346,-220.2266,220.3752,-219.5779,-0.01797111,0.01111144,-4.16902e-05,-0.1436145,-0.1438706,-0.1439677,-0.1434468,1
2.878497,-0.236035,-9.021173,0.005781744,-0.009809615,0.0002638737,14.2613,219.5122,-220.006,219.7076,-219.3963,-0.01781364,0.01109386,-3.558134e-05,-0.1434039,-0.1437265,-0.1435316,-0.1433282,1
3.050548,-0.07690771,-8.785954,0.00786589,-0.00850971,0.001478711,14.36388,219.3296,-219.6288,219.6821,-218.9592,-0.01763622,0.01109043,-3.857617e-05,-0.1432846,-0.14348,-0.1435149,-0.1430427,1
3.513146,0.3508912,-8.166219,0.01100418,-0.005405314,0.004949192,14.46638,218.6684,-219.3345,219.2992,-218.6179,-0.01744825,0.01109321,-3.290587e-05,-0.1428527,-0.1432878,-0.1432648,-0.1428196,1
3.320845,0.1736156,-8.404289,0.009114926,-0.007588324,0.003470601,14.56882,219.1373,-218.5502,219.6022,-217.8592,-0.01725989,0.01109372,-4.949863e-06,-0.143159,-0.1427754,-0.1434627,-0.142324,1
3.346442,0.1976645,-8.371202,0.008798664,-0.008070262,0.003328116,14.67118,218.8483,-219.3543,219.2843,-218.6537,-0.01708809,0.01107603,-2.567182e-06,-0.1429702,-0.1433008,-0.143255,-0.1428431,1
3.007487,-0.1153316,-8.827326,0.006777897,-0.01087346,0.0007979309,14.77347,218.944,-219.7755,219.1742,-219.0771,-0.01692864,0.01103917,-2.45038e-06,-0.1430327,-0.1435759,-0.1431831,-0.1431196,1
3.380701,0.2295905,-8.342722,0.01037997,-0.007623067,0.003562219,14.87569,219.2312,-219.2488,219.7664,-218.478,-0.01673523,0.01103329,1.583868e-06,-0.1432203,-0.1432318,-0.14357,-0.1427283,1
2.971668,-0.1479761,-8.870164,0.006823928,-0.01131612,0.0004914649,14.97784,218.9315,-219.4636,219.1519,-218.7514,-0.01656399,0.01100292,1.095383e-05,-0.1430246,-0.1433722,-0.1431685,-0.1429069,1
2.753052,-0.3498479,-9.160377,0.005818179,-0.01287603,-0.001235897,15.07991,219.0815,-219.7624,219.1884,-219.0401,-0.01639928,0.01096355,2.879624e-06,-0.1431226,-0.1435673,-0.1431924,-0.1430955,1
3.1662,0.03198502,-8.623022,0.009586144,-0.009286663,0.001920407,15.18191,218.592,-219.8214,219.0138,-219.0284,-0.01621932,0.01093548,-1.334172e-05,-0.1428027,-0.1436059,-0.1430783,-0.1430878,1
2.978411,-0.1413353,-8.855219,0.008444295,-0.01064879,0.0007350906,15.28384,218.5226,-219.0936,218.8302,-218.3197,-0.01603747,0.01090601,-1.076918e-05,-0.1427574,-0.1431305,-0.1429584,-0.1426248,1
3.212096,0.07479596,-8.535275,0.01028247,-0.008724546,0.002440478,15.3857,218.3829,-218.7163,218.8504,-217.912,-0.01584091,0.01089264,-1.158851e-05,-0.1426661,-0.142884,-0.1429715,-0.1423585,1
2.894932,-0.2179329,-8.943055,0.007602732,-0.01151423,0.0001124469,15.48748,218.0323,-218.9972,218.2553,-218.2298,-0.01566533,0.01085692,-1.149014e-05,-0.1424371,-0.1430675,-0.1425828,-0.1425662,1
3.114161,-0.0152503,-8.658048,0.009817089,-0.009503036,0.001740912,15.58918,218.4746,-218.5673,218.881,-217.7462,-0.01546613,0.01084472,-8.179538e-06,-0.1427261,-0.1427866,-0.1429915,-0.1422502,1
3.448951,0.2944591,-8.21895,0.01165954,-0.00723288,0.004181541,15.69082,218.3154,-218.6318,218.9001,-217.7874,-0.01526057,0.01084014,3.195485e-06,-0.142622,-0.1428288,-0.143004,-0.1422771,1
3.396417,0.2463224,-8.294824,0.01051415,-0.008159975,0.003656255,15.79237,219.0495,-218.6363,219.5488,-217.8046,-0.01505732,0.0108355,3.004974e-05,-0.1431016,-0.1428317,-0.1434278,-0.1422883,1
2.895183,-0.2164664,-8.971708,0.006349697,-0.01252597,-0.000379985,15.89385,219.4446,-219.8392,219.5737,-219.0494,-0.01488597,0.01079902,3.708086e-05,-0.1433597,-0.1436175,-0.1434441,-0.1431016,1
3.0213,-0.09989104,-8.839041,0.008142252,-0.01109602,0.0004600277,15.99526,219.9433,-220.5669,220.2142,-219.7149,-0.01470223,0.0107731,3.209871e-05,-0.1436855,-0.1440929,-0.1438625,-0.1435363,1
3.138575,0.00864213,-8.701366,0.009179023,-0.009974813,0.001378442,16.0966,219.6826,-221.1417,220.0389,-220.2677,-0.01452871,0.01073393,1.91801e-05,-0.1435152,-0.1444685,-0.143748,-0.1438975,1
3.133606,0.004090428,-8.711189,0.009920451,-0.009390595,0.001493786,16.19787,220.1225,-220.5255,220.5309,-219.6312,-0.01433813,0.01071053,1.617368e-05,-0.1438026,-0.1440659,-0.1440694,-0.1434817,1
3.097534,-0.02903697,-8.750258,0.009642938,-0.009471348,0.001261076,16.29908,219.5286,-220.8123,219.9104,-219.9259,-0.01415492,0.01068083,2.699558e-06,-0.1434146,-0.1442533,-0.143664,-0.1436742,1
2.753571,-0.3467558,-9.19591,0.007672903,-0.01173405,-0.001118038,16.40021,219.5667,-220.6151,219.7542,-219.7463,-0.01397586,0.01064621,-5.809568e-06,-0.1434395,-0.1441244,-0.143562,-0.1435569,1
2.848464,-0.2590089,-9.064429,0.009055542,-0.01041915,-0.0003083536,16.50128,219.252,-220.4133,219.5552,-219.5218,-0.01378324,0.01066294,-2.405865e-05,-0.1432339,-0.1439926,-0.143432,-0.1434102,1
3.367954,0.2211798,-8.372808,0.01301898,-0.006070124,0.003761918,16.60228,219.0717,-219.5965,219.7883,-218.6971,-0.01353872,0.01090421,-2.249491e-05,-0.1431161,-0.1434589,-0.1435843,-0.1428714,1
2.88279,-0.2266058,-8.992537,0.008440952,-0.01083559,0.0001637567,16.7032,218.7612,-219.8197,219.0657,-218.9843,-0.01335903,0.0108699,-2.139892e-05,-0.1429133,-0.1436048,-0.1431122,-0.143059,1
3.155618,0.02559017,-8.641046,0.01121431,-0.008547416,0.002179013,16.80406,219.3092,-219.4894,219.8383,-218.5749,-0.01314966,0.01086356,-2.298282e-05,-0.1432713,-0.143389,-0.143617,-0.1427916,1
3.27794,0.1390149,-8.480625,0.01139824,-0.008160503,0.003112001,16.90484,218.7503,-220.0015,219.303,-219.0821,-0.01295308,0.01084254,-2.315822e-05,-0.1429062,-0.1437235,-0.1432673,-0.1431229,1
3.087911,-0.03634448,-8.734964,0.01008077,-0.009747218,0.001719046,17.00555,219.8702,-219.3595,220.3048,-218.4406,-0.01274305,0.01083502,-4.97205e-07,-0.1436378,-0.1433042,-0.1439217,-0.1427038,1
3.289331,0.1501475,-8.482533,0.0107978,-0.008664563,0.002938994,17.1062,219.7334,-220.3532,220.2501,-219.4146,-0.01254259,0.01082051,2.581735e-06,-0.1435484,-0.1439533,-0.1438859,-0.1433402,1
3.255788,0.1194335,-8.550388,0.01030282,-0.009174719,0.002654443,17.20677,220.4111,-220.7992,220.8903,-219.8485,-0.01234578,0.01080182,1.650565e-05,-0.1439911,-0.1442447,-0.1443042,-0.1436236,1
3.217913,0.0846692,-8.621479,0.009900127,-0.009551737,0.002203703,17.30727,221.1058,-221.2005,221.5575,-220.239,-0.01214885,0.010784,2.711691e-05,-0.144445,-0.1445069,-0.1447401,-0.1438787,1
3.28361,0.1456157,-8.558397,0.01014808,-0.009124735,0.002554901,17.40771,221.6433,-221.7771,222.1323,-220.7987,-0.01194638,0.01077383,4.025282e-05,-0.1447961,-0.1448835,-0.1451156,-0.1442444,1
2.934984,-0.1762259,-9.038634,0.007148007,-0.01209011,-0.0001929959,17.50808,222.1914,-222.6682,222.4252,-221.7214,-0.01176476,0.01074399,5.039203e-05,-0.1451542,-0.1454657,-0.1453069,-0.1448472,1
3.1512,0.02365685,-8.785991,0.009088418,-0.01010006,0.001268593,17.60839,222.7561,-223.3585,223.1638,-222.3583,-0.01157647,0.01072175,4.679632e-05,-0.1455231,-0.1459166,-0.1457894,-0.1452632,1
3.025321,-0.0924916,-8.97035,0.008210247,-0.0109196,0.0003663738,17.70864,223.0198,-223.774,223.3538,-222.7785,-0.01139279,0.01069429,4.75332e-05,-0.1456954,-0.1461881,-0.1459136,-0.1455378,1
3.183337,0.05363548,-8.776326,0.009530041,-0.009368842,0.001510828,17.80884,223.3288,-224.0021,223.7863,-222.9776,-0.01120212,0.01067598,4.442918e-05,-0.1458972,-0.1463371,-0.1461961,-0.1456678,1
2.948749,-0.1629401,-9.092667,0.007727295,-0.01107947,-0.0002006012,17.90898,223.3469,-224.4388,223.6464,-223.4356,-0.01102635,0.01064321,3.839883e-05,-0.145909,-0.1466224,-0.1461047,-0.145967,1
3.118669,-0.005894281,-8.878868,0.009511741,-0.009215443,0.001116427,18.00907,223.2451,-224.7314,223.694,-223.6861,-0.01084941,0.01061189,1.730941e-05,-0.1458425,-0.1468135,-0.1461358,-0.1461307,1
2.895213,-0.212334,-9.1683,0.008484317,-0.01037322,-0.0002868148,18.1091,223.2248,-224.2839,223.5704,-223.2474,-0.01066689,0.01058513,7.470087e-06,-0.1458293,-0.1465212,-0.1460551,-0.1458441,1
3.248873,0.1145516,-8.693544,0.01126065,-0.007160936,0.002444899,18.20909,222.8956,-223.9763,223.4929,-222.8989,-0.01046823,0.01057823,-4.265107e-06,-0.1456142,-0.1463203,-0.1460044,-0.1456164,1
3.250256,0.1160983,-8.68182,0.01079396,-0.007198155,0.002597132,18.30902,223.0661,-223.416,223.6387,-222.3513,-0.01026312,0.01058148,8.167625e-06,-0.1457256,-0.1459542,-0.1460997,-0.1452586,1
2.973981,-0.1388569,-9.042415,0.008089515,-0.009629142,0.0004025476,18.40889,222.8792,-224.1639,223.2201,-223.1322,-0.01009153,0.01055413,-3.845961e-07,-0.1456035,-0.1464428,-0.1458262,-0.1457688,1
3.062607,-0.05697528,-8.939932,0.009614697,-0.008303849,0.001161956,18.50871,223.4549,-223.8888,223.9207,-222.8053,-0.009893986,0.01055341,-1.696771e-06,-0.1459796,-0.1462631,-0.1462839,-0.1455552,1
2.970932,-0.1414255,-9.058927,0.008499197,-0.009048115,0.0005008012,18.60847,222.7188,-224.6369,223.0929,-223.5708,-0.009723439,0.01052649,-1.821506e-05,-0.1454987,-0.1467518,-0.1457431,-0.1460553,1
3.020317,-0.09581996,-8.996882,0.009751126,-0.007906033,0.001070801,18.70818,223.2675,-223.8839,223.7416,-222.7795,-0.009530928,0.01052212,-2.291138e-05,-0.1458572,-0.1462599,-0.1461669,-0.1455384,1
3.327909,0.1886116,-8.58386,0.01167964,-0.005342514,0.003409638,18.80784,222.9547,-223.542,223.6898,-222.4808,-0.009310248,0.01083109,-1.983643e-05,-0.1456529,-0.1460365,-0.1461331,-0.1453432,1
2.835157,-0.2662888,-9.224331,0.007187213,-0.009839883,-0.0002644733,18.90744,223.2821,-223.6522,223.6305,-222.6498,-0.009122434,0.01082968,-2.784083e-06,-0.1458668,-0.1461085,-0.1460943,-0.1454537,1
2.881603,-0.2231413,-9.179092,0.007496582,-0.009835096,-0.0001245826,19.00698,223.6321,-224.3315,224.0019,-223.2866,-0.008939386,0.01082266,-6.414734e-06,-0.1460954,-0.1465523,-0.1463369,-0.1458697,1
2.933315,-0.1751748,-9.129295,0.007968664,-0.009563391,0.0003036896,19.10648,223.6771,-224.7914,224.0957,-223.7252,-0.008757382,0.01085679,-1.103632e-05,-0.1461248,-0.1468527,-0.1463982,-0.1461562,1
3.094733,-0.02587555,-8.925217,0.009272272,-0.008260112,0.001556351,19.20591,223.8062,-224.7331,224.3989,-223.6865,-0.008563942,0.01109223,-1.537879e-05,-0.1462091,-0.1468146,-0.1465963,-0.1461309,1
2.765413,-0.3299377,-9.356023,0.006860853,-0.01129957,-0.0008200972,19.3053,223.7533,-224.8581,224.1152,-223.8225,-0.008392301,0.01106369,-2.197183e-05,-0.1461746,-0.1468963,-0.146411,-0.1462197,1
2.986951,-0.1251505,-9.066009,0.008966745,-0.0095467,0.000906177,19.40464,223.4334,-225.0033,223.9658,-223.9094,-0.008214937,0.01103696,-4.190829e-05,-0.1459655,-0.1469912,-0.1463134,-0.1462765,1
2.966854,-0.1435987,-9.083641,0.009067805,-0.009688991,0.001012555,19.50392,223.5123,-224.2156,224.0486,-223.11,-0.008022825,0.01102195,-3.93013e-05,-0.1460171,-0.1464766,-0.1463675,-0.1457543,1
2.763915,-0.330868,-9.335417,0.007163717,-0.01157787,-0.0005035826,19.60315,223.1739,-224.3238,223.5457,-223.2411,-0.007847732,0.01099033,-4.603382e-05,-0.145796,-0.1465473,-0.1460389,-0.1458399,1
3.023214,-0.09118529,-8.995746,0.009355281,-0.009418336,0.001512199,19.70233,223.2918,-224.034,223.8578,-222.8987,-0.007654025,0.01097775,-4.790849e-05,-0.145873,-0.1463579,-0.1462428,-0.1456162,1
3.164339,0.03949861,-8.806381,0.009725058,-0.008679693,0.002595844,19.80146,223.3209,-223.8235,223.9413,-222.6823,-0.007457154,0.0109701,-3.549409e-05,-0.145892,-0.1462204,-0.1462974,-0.1454749,1
2.944716,-0.1631303,-9.097626,0.007381354,-0.0108563,0.0008367103,19.90053,223.7125,-224.1017,224.1432,-222.9844,-0.007275918,0.01094926,-2.296899e-05,-0.1461479,-0.1464021,-0.1464293,-0.1456722,1
2.95611,-0.1524432,-9.100248,0.007365541,-0.0108415,0.000780625,19.99955,223.8478,-224.8762,224.2941,-223.7449,-0.007102801,0.01096827,-2.727313e-05,-0.1462363,-0.1469081,-0.1465279,-0.1461691,1
3.381067,0.2403133,-8.560313,0.01059674,-0.007374897,0.003984529,20.09851,224.2086,-224.699,225.0787,-223.6215,-0.006892417,0.01150064,-1.888979e-05,-0.146472,-0.1467924,-0.1470404,-0.1460884,1
2.915661,-0.1893143,-9.173925,0.006299949,-0.01223639,0.0004506149,20.19743,224.2967,-225.2342,224.78,-224.1956,-0.006730815,0.01145756,-1.234715e-05,-0.1465296,-0.147142,-0.1468453,-0.1464635,1
3.296799,0.1629497,-8.691935,0.009574527,-0.009676913,0.003196109,20.29629,225.0284,-225.1794,225.7869,-224.0413,-0.006538598,0.01143991,-7.163849e-06,-0.1470075,-0.1471062,-0.1475031,-0.1463627,1
3.175968,0.05168354,-8.859185,0.007653723,-0.01169651,0.002244932,20.39511,224.5466,-226.1847,225.1547,-225.0735,-0.006379565,0.01143311,-8.63319e-06,-0.1466928,-0.1477629,-0.1470901,-0.147037,1
3.018304,-0.09399249,-9.080541,0.007120326,-0.01294533,0.001101637,20.49388,225.4402,-224.0789,226.4418,-226.2464,-0.006203434,0.01168743,4.186245e-07,-0.1472766,-0.1463873,-0.1479309,-0.1478032,1
2.912389,-0.1916704,-9.223803,0.01307819,-0.02197487,0.0002163089,20.5926,224.0195,-216.92,227.0856,-234.8668,-0.006004828,0.01214097,-4.705016e-06,-0.1463484,-0.1417105,-0.1483515,-0.1534348,1
3.081396,-0.03563883,-8.997967,0.0963646,-0.1081455,0.001569599,20.69127,223.5439,-220.4617,228.0419,-231.5858,-0.005146031,0.01135451,-2.689255e-06,-0.1460378,-0.1440242,-0.1489762,-0.1512914,1
3.076749,-0.03780832,-8.996177,0.1447012,-0.1768377,0.001611012,20.7899,223.7628,-222.1789,228.5543,-229.1376,-0.003693255,0.009884697,1.226553e-05,-0.1461808,-0.145146,-0.149311,-0.149692,1
2.931092,-0.1688986,-9.182588,0.1637634,-0.2283885,0.000493241,20.88849,224.0139,-223.6062,228.2745,-228.537,-0.001992344,0.008119818,2.107563e-05,-0.1463448,-0.1460785,-0.1491282,-0.1492997,1
3.070117,-0.0373013,-9.010601,0.1744419,-0.2659271,0.001547927,20.98704,224.3352,-224.8553,228.1208,-228.5323,-0.0001818781,0.005889759,1.667424e-05,-0.1465547,-0.1468945,-0.1490278,-0.1492966,1
2.809335,-0.2759814,-9.362185,0.1786497,-0.2982936,-0.0002267146,21.08554,225.1656,-225.2456,228.2489,-227.9667,0.00169943,0.003081715,1.682329e-05,-0.1470972,-0.1471494,-0.1491115,-0.1489271,1
3.131283,0.02299344,-8.948843,0.1848845,-0.3195277,0.002197849,21.184,225.2803,-226.1222,228.1187,-227.9917,0.003628744,2.747873e-05,-2.821169e-06,-0.1471721,-0.1477221,-0.1490264,-0.1489434,1
3.10299,-0.00226479,-8.995754,0.1868814,-0.3383474,0.002208357,21.28242,226.1903,-226.0955,228.6151,-227.2633,0.005597017,-0.003154101,1.077135e-06,-0.1477666,-0.1477046,-0.1493506,-0.1484675,1
3.25378,0.1375757,-8.812553,0.1880799,-0.3518052,0.003181691,21.38079,226.3923,-227.3425,228.6053,-227.9893,0.007529133,-0.00596915,-1.981591e-05,-0.1478986,-0.1485193,-0.1493443,-0.1489418,1
3.46385,0.3316551,-8.570827,0.1895894,-0.3612326,0.004808065,21.47913,227.6819,-227.8401,229.674,-227.8211,0.009509901,-0.009414533,-3.153227e-05,-0.1487411,-0.1488444,-0.1500424,-0.1488319,1
2.929991,-0.1619146,-9.297411,0.183976,-0.3734287,0.0007430776,21.57744,228.5071,-229.1303,229.7975,-228.6387,0.01144294,-0.0127512,-5.242739e-05,-0.1492801,-0.1496872,-0.1501231,-0.1493661,1
2.932117,-0.1607986,-9.339483,0.1825147,-0.3778026,0.0006585857,21.67571,229.1986,-230.9545,230.1557,-229.8556,0.01336809,-0.01642439,-0.0001088181,-0.1497319,-0.150879,-0.1503572,-0.1501611,1
3.354862,0.2284974,-8.825356,0.183767,-0.3752305,0.004033232,21.77395,230.3338,-231.0645,231.2952,-229.3676,0.01530751,-0.02008103,-0.000148317,-0.1504735,-0.1509508,-0.1511016,-0.1498423,1
2.852392,-0.2370834,-9.501066,0.1759599,-0.3778514,0.0003008789,21.87216,230.8829,-232.0586,231.1395,-229.9539,0.0171881,-0.02375422,-0.000191231,-0.1508322,-0.1516003,-0.1509999,-0.1502253,1
3.241175,0.1203363,-9.031137,0.17535,-0.3701403,0.003120918,21.97035,231.2784,-233.6262,231.5111,-230.9998,0.01902944,-0.02739212,-0.0002720457,-0.1510905,-0.1526244,-0.1512426,-0.1509086,1
3.233947,0.1115502,-9.0707,0.1717231,-0.3628891,0.00341955,22.06851,232.1204,-233.5573,232.1146,-230.4948,0.02084903,-0.03095148,-0.000330205,-0.1516406,-0.1525794,-0.1516368,-0.1505787,1
3.10102,-0.01340597,-9.255657,0.1659084,-0.3548526,0.00247716,22.16666,232.4823,-234.1029,232.112,-230.6758,0.02261937,-0.03442802,-0.0003951644,-0.1518771,-0.1529358,-0.1516352,-0.1506969,1
2.952528,-0.1529326,-9.473504,0.1600008,-0.3448856,0.001466215,22.26478,232.8037,-235.0419,232.0927,-231.2617,0.02433158,-0.03780924,-0.0004712542,-0.152087,-0.1535492,-0.1516225,-0.1510797,1
3.122207,0.001312235,-9.274938,0.1566509,-0.330355,0.002918251,22.36289,233.068,-235.5048,232.2769,-231.3586,0.02599934,-0.04106264,-0.0005545216,-0.1522597,-0.1538517,-0.1517428,-0.151143,1
3.29279,0.156357,-9.061994,0.1528736,-0.3143282,0.004460955,22.46098,233.5866,-235.0651,232.7275,-230.6006,0.02763917,-0.04415123,-0.0006158638,-0.1525985,-0.1535644,-0.1520372,-0.1506478,1
3.135431,0.008588403,-9.273173,0.145434,-0.3002045,0.003327023,22.55906,233.6385,-235.6866,232.4337,-230.9933,0.02920795,-0.04710028,-0.0006783351,-0.1526324,-0.1539704,-0.1518453,-0.1509044,1
3.479116,0.3236232,-8.848037,0.142312,-0.280632,0.005917029,22.65711,234.1163,-236.2526,232.9668,-231.272,0.03072752,-0.04987613,-0.0007444394,-0.1529445,-0.1543402,-0.1521936,-0.1510864,1
3.174898,0.04004468,-9.266737,0.1342836,-0.265244,0.003790922,22.75516,234.8462,-236.3472,233.3416,-231.189,0.03218913,-0.05247836,-0.0007911154,-0.1534214,-0.1544019,-0.1524385,-0.1510322,1
2.832654,-0.2786573,-9.735011,0.1260193,-0.249292,0.001182385,22.85318,234.7834,-237.6778,232.9153,-232.3656,0.03356626,-0.05492503,-0.0008655775,-0.1533803,-0.1552712,-0.15216,-0.1518009,1
2.951444,-0.1715958,-9.604195,0.1224907,-0.2282754,0.002354524,22.9512,235.1678,-237.6253,233.3575,-232.1057,0.0349099,-0.0571605,-0.0009314953,-0.1536314,-0.1552369,-0.1524488,-0.1516311,1
3.090227,-0.0457303,-9.420616,0.1179544,-0.2071953,0.003642208,23.0492,234.8841,-237.3429,233.0848,-231.6915,0.03620423,-0.05919306,-0.000984367,-0.1534461,-0.1550524,-0.1522706,-0.1513605,1
3.319384,0.1638334,-9.116549,0.1138044,-0.1853405,0.00551066,23.14719,234.8474,-237.0593,233.1136,-231.2934,0.03744777,-0.06101906,-0.001025143,-0.1534222,-0.1548671,-0.1522895,-0.1511004,1
2.926604,-0.2011109,-9.630285,0.1051557,-0.1683494,0.00271124,23.24517,234.5816,-237.4169,232.5108,-231.6203,0.03860903,-0.06267229,-0.001069767,-0.1532485,-0.1551008,-0.1518957,-0.151314,1
3.14428,-0.002132148,-9.350148,0.1023189,-0.1457859,0.004537835,23.34314,234.4102,-237.2737,232.5109,-231.3677,0.03973182,-0.06410985,-0.001117723,-0.1531365,-0.1550072,-0.1518958,-0.1511489,1
3.135101,-0.01245202,-9.349803,0.09725162,-0.125437,0.004822436,23.44109,234.1063,-236.4457,232.2037,-230.5123,0.04081324,-0.06533524,-0.001137404,-0.152938,-0.1544663,-0.1516951,-0.1505901,1
3.062016,-0.08151826,-9.428373,0.09126155,-0.1061672,0.00438638,23.53902,234.0379,-235.9088,232.0678,-229.9848,0.04184398,-0.0663572,-0.001141911,-0.1528933,-0.1541156,-0.1516063,-0.1502455,1
2.861723,-0.2679268,-9.687982,0.08445786,-0.08836627,0.002915019,23.63694,233.5237,-236.4592,231.406,-230.5663,0.04279855,-0.06720923,-0.001158345,-0.1525574,-0.1544751,-0.1511739,-0.1506254,1
3.39992,0.2279593,-8.988088,0.08432601,-0.06451286,0.007124243,23.73484,234.0755,-235.3418,232.4035,-229.3936,0.04375146,-0.06782065,-0.00114089,-0.1529178,-0.1537451,-0.1518256,-0.1498592,1
3.292603,0.1281057,-9.118171,0.07728729,-0.04759851,0.006264584,23.83272,233.5109,-235.7305,231.706,-229.8869,0.0446257,-0.06827405,-0.001115225,-0.1525491,-0.1539991,-0.1513699,-0.1501815,1
3.447035,0.2699688,-8.931264,0.07382825,-0.0284992,0.007308296,23.93058,234.4839,-235.5257,232.8391,-229.7124,0.04546718,-0.06853084,-0.001074346,-0.1531847,-0.1538653,-0.1521101,-0.1500676,1
3.153432,-0.001809083,-9.332131,0.0666074,-0.01401389,0.004945106,24.02842,234.5617,-236.3408,232.7454,-230.6462,0.04624321,-0.06863476,-0.001033083,-0.1532355,-0.1543977,-0.1520489,-0.1506776,1
3.145674,-0.009488337,-9.36817,0.06259278,0.00250133,0.00475571,24.12624,235.3487,-236.6739,233.6284,-231.051,0.04698437,-0.06856395,-0.0009832991,-0.1537496,-0.1546154,-0.1526258,-0.150942,1
3.428985,0.2520972,-9.020073,0.06029689,0.02018519,0.006693726,24.22404,235.2525,-237.493,233.7844,-231.9495,0.04767536,-0.06834514,-0.0009412221,-0.1536868,-0.1551505,-0.1527277,-0.151529,1
3.138674,-0.016277,-9.417192,0.05465982,0.03284771,0.004551225,24.32183,236.0823,-237.168,234.5458,-231.7616,0.04833087,-0.06797508,-0.0008754791,-0.1542289,-0.1549382,-0.1532251,-0.1514062,1
2.974195,-0.1681289,-9.641471,0.04982777,0.04545339,0.003121477,24.41961,235.7365,-238.0546,234.1953,-232.7896,0.04893289,-0.06748184,-0.0008312883,-0.154003,-0.1555174,-0.1529961,-0.1520778,1
3.308943,0.1413258,-9.216102,0.04960149,0.06146595,0.005696097,24.51737,235.7752,-237.9001,234.6179,-232.7124,0.04951711,-0.06684242,-0.0007767138,-0.1540283,-0.1554164,-0.1532722,-0.1520274,1
3.135682,-0.01825207,-9.434945,0.04511328,0.07213075,0.004459056,24.61513,235.9958,-237.0774,234.8466,-232.0606,0.05007391,-0.06607638,-0.0006960852,-0.1541724,-0.154879,-0.1534216,-0.1516016,1
3.198464,0.04053261,-9.347518,0.04213697,0.08340088,0.004705582,24.71288,235.4463,-237.6758,234.4304,-232.8079,0.05058311,-0.06521421,-0.0006355668,-0.1538134,-0.1552699,-0.1531497,-0.1520898,1
3.072337,-0.07527156,-9.516996,0.03894518,0.09267996,0.003834531,24.81061,235.9593,-236.9913,235.0288,-232.2681,0.05107937,-0.06423532,-0.0005482672,-0.1541485,-0.1548228,-0.1535407,-0.1517372,1
3.339361,0.1725768,-9.162436,0.03774036,0.1035311,0.005592668,24.90833,235.4919,-237.2922,234.8349,-232.7082,0.05154307,-0.06316832,-0.000471142,-0.1538432,-0.1550193,-0.153414,-0.1520246,1
2.912693,-0.2204921,-9.723679,0.03214938,0.1081405,0.00237316,25.00604,235.7872,-237.1359,234.9809,-232.7471,0.05196743,-0.06203499,-0.0003830137,-0.1540361,-0.1549172,-0.1535094,-0.1520501,1
3.186948,0.03411954,-9.365988,0.03225977,0.1176156,0.004218009,25.10374,235.528,-237.2586,235.0665,-232.9807,0.05237782,-0.06081954,-0.0003106284,-0.1538668,-0.1549974,-0.1535653,-0.1522027,1
3.255272,0.09868827,-9.27103,0.03059343,0.1242869,0.004755611,25.20144,235.6002,-236.5584,235.3249,-232.4354,0.05278016,-0.05952699,-0.0002093741,-0.153914,-0.1545399,-0.1537341,-0.1518464,1
3.083071,-0.05870458,-9.487386,0.02656097,0.1276859,0.00318489,25.29912,235.7411,-236.5093,235.4408,-232.5798,0.05315001,-0.0581896,-0.0001063166,-0.154006,-0.1545078,-0.1538098,-0.1519407,1
3.103013,-0.03856411,-9.471466,0.0245532,0.1318745,0.003008156,25.39679,235.7302,-237.1574,235.5587,-233.3737,0.0534886,-0.05681906,-1.953394e-05,-0.1539989,-0.1549312,-0.1538868,-0.1524594,1
3.326201,0.1693592,-9.190658,0.02465376,0.1371062,0.004520848,25.49445,236.0159,-236.9848,236.1447,-233.3177,0.05382278,-0.05540017,7.588347e-05,-0.1541855,-0.1548185,-0.1542696,-0.1524228,1
3.06989,-0.0655413,-9.524917,0.0207224,0.1374,0.002384526,25.5921,236.1972,-236.9203,236.2651,-233.4427,0.05413176,-0.05396197,0.0001776777,-0.154304,-0.1547764,-0.1543483,-0.1525044,1
2.968607,-0.1571975,-9.663625,0.01834339,0.1382544,0.001296824,25.68975,236.2285,-237.4405,236.3527,-234.1143,0.05441534,-0.05251335,0.0002632213,-0.1543244,-0.1551162,-0.1544055,-0.1529433,1
3.47317,0.3109455,-9.013104,0.02075661,0.1432747,0.004859603,25.78739,236.4771,-237.1974,237.0774,-233.9528,0.05470902,-0.05102785,0.000358566,-0.1544868,-0.1549574,-0.1548789,-0.1528377,1
3.44112,0.2835844,-9.054167,0.01813924,0.1426529,0.004328766,25.88502,236.9606,-236.9122,237.6006,-233.8414,0.05498727,-0.04953748,0.0004753013,-0.1548026,-0.154771,-0.1552208,-0.152765,1
3.180207,0.04478555,-9.409979,0.01397091,0.1394551,0.001814226,25.98264,237.3786,-237.965,237.8995,-235.0679,0.05522551,-0.04807417,0.0005710046,-0.1550758,-0.1554588,-0.155416,-0.1535662,1
3.156196,0.02463958,-9.473655,0.01284584,0.138136,0.001252185,26.08027,237.845,-238.9023,238.4807,-236.1117,0.05544696,-0.04662663,0.0006496567,-0.1553804,-0.1560711,-0.1557957,-0.1542481,1
3.023505,-0.09595169,-9.665486,0.01117635,0.1355763,5.256149e-05,26.17789,237.9758,-239.2932,238.6612,-236.6275,0.05565151,-0.04520374,0.0007188523,-0.1554659,-0.1563265,-0.1559137,-0.154585,1
2.956387,-0.156,-9.755349,0.0102779,0.1332043,-0.0005896505,26.27551,238.1748,-238.9542,238.9675,-236.4031,0.0558588,-0.04379,0.0007894413,-0.1555959,-0.156105,-0.1561138,-0.1544385,1
3.30978,0.1726835,-9.285188,0.01166917,0.1331743,0.001829005,26.37314,237.8109,-238.8896,238.9243,-236.4285,0.05606583,-0.04239101,0.0008579023,-0.1553582,-0.1560629,-0.1560855,-0.154455,1
2.805472,-0.29108,-9.938234,0.006613106,0.1256802,-0.002102413,26.47077,237.9249,-238.8304,238.7651,-236.5431,0.05624,-0.04104732,0.0009285667,-0.1554326,-0.1560242,-0.1559815,-0.1545299,1
3.111527,-0.006305434,-9.539112,0.008433368,0.1246839,-0.0001303185,26.5684,237.816,-238.9908,238.9748,-236.7514,0.05641724,-0.03972612,0.000975692,-0.1553615,-0.156129,-0.1561185,-0.154666,1
3.266078,0.1385849,-9.331058,0.008608385,0.1218206,0.000970513,26.66604,237.5091,-238.6994,238.8421,-236.5465,0.05659126,-0.03844023,0.001033916,-0.155161,-0.1559386,-0.1560318,-0.1545321,1
3.246206,0.1223232,-9.344942,0.007285265,0.1171355,0.0006042013,26.76368,237.8724,-238.0874,239.2464,-236.0367,0.05676346,-0.03718838,0.001102157,-0.1553984,-0.1555388,-0.1562959,-0.1541991,1
3.004889,-0.09851857,-9.658792,0.00405806,0.1101754,-0.001565088,26.86132,237.5304,-238.8977,238.7634,-236.9647,0.05689988,-0.03600811,0.001144692,-0.1551749,-0.1560681,-0.1559804,-0.1548054,1
3.306908,0.1823564,-9.273449,0.006053185,0.1079683,0.0005249968,26.95897,237.9972,-238.6093,239.5333,-236.6952,0.05705434,-0.03484996,0.001192658,-0.1554799,-0.1558798,-0.1564834,-0.1546293,1
3.168677,0.05665783,-9.450196,0.003572281,0.1014368,-0.0007365022,27.05661,237.8473,-238.7745,239.3017,-236.9679,0.05718691,-0.03375534,0.001239351,-0.1553819,-0.1559877,-0.156332,-0.1548075,1
3.128864,0.02168934,-9.507006,0.002489966,0.09587674,-0.001315492,27.15426,237.9868,-239.1398,239.4609,-237.3944,0.05730345,-0.03271972,0.001268269,-0.1554731,-0.1562263,-0.1564361,-0.1550861,1
3.249753,0.1350626,-9.353261,0.002940239,0.0916958,-0.0005445485,27.25192,238.33,-238.7823,239.9554,-237.0737,0.05743451,-0.03171472,0.001307405,-0.1556973,-0.1559928,-0.1567591,-0.1548766,1
3.178526,0.07108971,-9.443394,0.0008646591,0.08529451,-0.001351022,27.34958,237.8359,-239.5488,239.3942,-237.9244,0.0575301,-0.03078986,0.001326157,-0.1553745,-0.1564935,-0.1563925,-0.1554323,1
3.391816,0.269646,-9.172343,0.002224625,0.08182436,0.0001266287,27.44725,238.4368,-239.1024,240.2075,-237.4836,0.05763897,-0.02989888,0.00134956,-0.155767,-0.1562018,-0.1569238,-0.1551443,1
3.157462,0.0547042,-9.473289,-0.0006541484,0.07431041,-0.001790809,27.54492,237.9543,-239.5315,239.566,-237.998,0.05772037,-0.02908251,0.00135877,-0.1554518,-0.1564822,-0.1565048,-0.1554804,1
3.003016,-0.08670813,-9.674762,-0.001918125,0.06801681,-0.003003611,27.6426,238.2218,-239.3299,239.7947,-237.8325,0.05780229,-0.02831275,0.00136612,-0.1556266,-0.1563505,-0.1566541,-0.1553723,1
3.27407,0.1650624,-9.313844,-0.0006269714,0.06485029,-0.00108311,27.74028,237.9176,-239.2377,239.6905,-237.7496,0.0578876,-0.02758488,0.001369314,-0.1554279,-0.1562903,-0.1565861,-0.1553181,1
2.97564,-0.1093639,-9.695881,-0.003856956,0.05701857,-0.003353358,27.83798,237.8374,-239.1959,239.4008,-237.7811,0.05794861,-0.02692756,0.001371943,-0.1553755,-0.1562629,-0.1563968,-0.1553387,1
2.853055,-0.2215809,-9.852575,-0.004981135,0.05113649,-0.00436634,27.93568,237.8015,-239.2025,239.3232,-237.8093,0.05800351,-0.02632119,0.001358363,-0.155352,-0.1562673,-0.1563461,-0.1553571,1
3.211089,0.1102363,-9.376631,-0.002798615,0.04909499,-0.00166288,28.03338,237.0837,-239.254,238.8609,-237.8412,0.05805787,-0.02575972,0.001334668,-0.1548831,-0.1563009,-0.1560441,-0.155378,1
3.270299,0.1658942,-9.281397,-0.003018085,0.04473964,-0.001071088,28.13109,237.5232,-237.8633,239.3506,-236.4719,0.05813076,-0.02522217,0.001346262,-0.1551702,-0.1553924,-0.156364,-0.1544834,1
3.231292,0.1309961,-9.316429,-0.005267465,0.03896887,-0.001645644,28.2288,237.2054,-238.276,238.9207,-236.938,0.0581776,-0.02474601,0.00134331,-0.1549626,-0.155662,-0.1560832,-0.1547879,1
3.40306,0.2906141,-9.104183,-0.005094652,0.03539301,-0.0005305696,28.32652,237.6523,-238.6398,239.4516,-237.29,0.05821875,-0.02431274,0.001339626,-0.1552546,-0.1558997,-0.15643,-0.1550179,1
3.1922,0.09660867,-9.393656,-0.00777997,0.02897952,-0.002263142,28.42424,237.8281,-239.2899,239.4491,-237.9751,0.05823157,-0.02394588,0.001323247,-0.1553694,-0.1563244,-0.1564284,-0.1554655,1
3.281008,0.1791877,-9.291598,-0.007348124,0.0257287,-0.001668962,28.52197,238.2181,-239.4314,239.9242,-238.0954,0.05824934,-0.02360981,0.001300611,-0.1556242,-0.1564168,-0.1567388,-0.155544,1
3.159781,0.06772698,-9.452895,-0.009058657,0.02073567,-0.002564883,28.61969,238.1985,-239.5878,239.8077,-238.2793,0.05825792,-0.02331635,0.001280745,-0.1556114,-0.156519,-0.1566627,-0.1556642,1
3.17026,0.07786715,-9.44215,-0.009764055,0.01699377,-0.002542915,28.71743,238.1167,-239.9888,239.7106,-238.6855,0.05824865,-0.02307124,0.001245835,-0.1555579,-0.1567809,-0.1565992,-0.1559295,1
3.064663,-0.0194494,-9.582664,-0.01073092,0.01286816,-0.003219967,28.81518,238.4764,-239.5537,240.0202,-238.2539,0.05824574,-0.02285045,0.001220525,-0.1557929,-0.1564967,-0.1568014,-0.1556475,1
2.980017,-0.09734753,-9.686719,-0.01225431,0.008746496,-0.003862927,28.91293,237.8959,-240.0677,239.3465,-238.7893,0.05821994,-0.02267887,0.001176801,-0.1554137,-0.1568325,-0.1563614,-0.1559973,1
3.084097,-0.001100201,-9.549066,-0.0116077,0.006744125,-0.002910136,29.0107,237.8427,-239.8061,239.3754,-238.5028,0.05819402,-0.02253433,0.001132437,-0.155379,-0.1566616,-0.1563802,-0.1558102,1
3.241134,0.144062,-9.329389,-0.01092314,0.005236372,-0.001559577,29.10847,237.4887,-239.2722,239.1147,-237.9566,0.05817044,-0.02241141,0.001090961,-0.1551477,-0.1563128,-0.1562099,-0.1554534,1
3.127004,0.03867256,-9.459824,-0.01255545,0.001599057,-0.002246919,29.20624,237.4289,-238.658,238.9479,-237.3647,0.05814634,-0.02230903,0.001063533,-0.1551086,-0.1559115,-0.156101,-0.1550667,1
3.03228,-0.0487686,-9.573343,-0.014355,-0.001913533,-0.002961807,29.30403,237.0577,-239.0066,238.4541,-237.7306,0.05809912,-0.02224648,0.001022371,-0.1548661,-0.1561393,-0.1557784,-0.1553057,1
2.947597,-0.1271607,-9.684887,-0.01523546,-0.004687681,-0.003451323,29.40181,237.3261,-238.7071,238.666,-237.4211,0.05805261,-0.02220103,0.0009868366,-0.1550414,-0.1559437,-0.1559168,-0.1551035,1
3.152124,0.06170268,-9.411701,-0.01450337,-0.005179405,-0.001867361,29.4996,237.1188,-238.6407,238.5609,-237.3353,0.05800682,-0.02216834,0.0009503845,-0.154906,-0.1559002,-0.1558481,-0.1550474,1
3.181993,0.08920599,-9.369226,-0.01537024,-0.007050908,-0.001558471,29.59739,237.227,-238.5227,238.6335,-237.2241,0.0579531,-0.02215514,0.0009236094,-0.1549767,-0.1558232,-0.1558956,-0.1549748,1
3.434888,0.32274,-9.041615,-0.01463546,-0.007003787,0.0002807124,29.69519,237.0781,-238.9767,238.5892,-237.6571,0.05788282,-0.02216753,0.0008819891,-0.1548795,-0.1561198,-0.1558666,-0.1552577,1
2.966948,-0.1099676,-9.658845,-0.01843377,-0.01204332,-0.003033302,29.79299,237.4503,-238.8421,238.6415,-237.5612,0.05779875,-0.02220511,0.0008480564,-0.1551226,-0.1560318,-0.1559008,-0.155195,1
3.042578,-0.04053827,-9.559193,-0.01807381,-0.01241332,-0.002424578,29.8908,237.3712,-238.9451,238.6172,-237.6435,0.05772068,-0.02224194,0.0008054546,-0.1550709,-0.1560991,-0.1558849,-0.1552488,1
3.008402,-0.07247517,-9.602034,-0.01910507,-0.01383369,-0.002507123,29.98861,237.1031,-239.0845,238.2857,-237.795,0.05762784,-0.0222991,0.0007659164,-0.1548957,-0.1561902,-0.1556683,-0.1553477,1
3.053034,-0.03172797,-9.541164,-0.01912975,-0.01422451,-0.002043218,30.08642,236.9429,-239.0625,238.1383,-237.7628,0.05752128,-0.02237454,0.000713615,-0.1547911,-0.1561758,-0.155572,-0.1553267,1
2.862513,-0.2084137,-9.780273,-0.02036087,-0.01598333,-0.00315715,30.18424,236.7724,-238.477,237.8632,-237.186,0.05741888,-0.02245042,0.0006680324,-0.1546797,-0.1557933,-0.1553923,-0.1549499,1
2.953464,-0.1249554,-9.640594,-0.02008552,-0.01563663,-0.002252802,30.28206,236.2622,-238.065,237.3983,-236.7713,0.05732137,-0.0225206,0.0006273546,-0.1543464,-0.1555241,-0.1550886,-0.154679,1
3.32676,0.2195026,-9.136901,-0.01832408,-0.01332157,0.0006994351,30.37988,236.0386,-237.5863,237.3652,-236.2717,0.05722562,-0.02258626,0.0005977855,-0.1542003,-0.1552114,-0.155067,-0.1543526,1
3.432132,0.3164555,-8.990339,-0.01879249,-0.01321546,0.001553783,30.4777,236.2068,-237.2171,237.5292,-235.9131,0.05712239,-0.02265592,0.0005784848,-0.1543103,-0.1549702,-0.1551741,-0.1541184,1
2.982074,-0.09986753,-9.580032,-0.02305112,-0.01726149,-0.001814253,30.57552,236.7002,-237.3217,237.6738,-236.0735,0.05700596,-0.02273391,0.0005658288,-0.1546325,-0.1550386,-0.1552686,-0.1542231,1
2.895033,-0.1808316,-9.709209,-0.02442365,-0.01820776,-0.002578333,30.67334,236.5288,-238.5776,237.4026,-237.3351,0.05686352,-0.02283181,0.0005260342,-0.1545206,-0.1558591,-0.1550914,-0.1550473,1
3.221643,0.1201993,-9.301069,-0.02187675,-0.0152265,3.92826e-05,30.77116,236.8563,-238.4998,237.9667,-237.2069,0.05673044,-0.02291794,0.0004908287,-0.1547345,-0.1558082,-0.1554599,-0.1549636,1
3.422824,0.3054388,-9.034241,-0.02097031,-0.01342845,0.001698041,30.86898,236.9255,-237.9717,238.1457,-236.6811,0.05660523,-0.02299043,0.000469286,-0.1547797,-0.1554632,-0.1555769,-0.1546201,1
3.254422,0.1492908,-9.248588,-0.02326779,-0.01480426,0.0004805945,30.96681,237.3278,-237.7477,238.3831,-236.5069,0.05647948,-0.02305328,0.000466261,-0.1550426,-0.1553169,-0.155732,-0.1545063,1
3.361948,0.2481867,-9.120388,-0.02386486,-0.01424759,0.00109041,31.06463,237.6043,-238.6242,238.6496,-237.3987,0.05633752,-0.02312026,0.0004551393,-0.1552232,-0.1558895,-0.1559061,-0.1550889,1
2.921259,-0.1595951,-9.725616,-0.02774594,-0.01763989,-0.002254484,31.16246,238.1758,-239.5892,238.8904,-238.4151,0.05616079,-0.02321617,0.0004320199,-0.1555965,-0.1565199,-0.1560634,-0.1557529,1
3.280422,0.1713659,-9.281039,-0.02452476,-0.01382908,0.0004456354,31.26029,238.5312,-239.8838,239.5344,-238.6534,0.05600269,-0.02328685,0.0003966374,-0.1558287,-0.1567124,-0.1564841,-0.1559086,1
3.135991,0.03720315,-9.472409,-0.02598652,-0.01443494,-0.0003985206,31.35813,238.7016,-239.5692,239.5966,-238.3863,0.05584951,-0.02334572,0.0003881376,-0.15594,-0.1565068,-0.1565247,-0.1557341,1
3.136742,0.03728673,-9.472907,-0.02685145,-0.01418613,-0.0004788965,31.45598,238.8773,-239.9676,239.7224,-238.8183,0.05568251,-0.02340648,0.000371215,-0.1560548,-0.1567671,-0.1566069,-0.1560163,1
3.224215,0.1174195,-9.374554,-0.02655443,-0.01305485,0.0001878186,31.55383,239.343,-240.1812,240.2294,-239.0372,0.05551702,-0.0234572,0.0003581943,-0.1563591,-0.1569066,-0.1569381,-0.1561593,1
2.566402,-0.4910785,-10.24617,-0.03172286,-0.01780365,-0.004688614,31.6517,239.1248,-241.2012,239.5475,-240.1458,0.0553067,-0.02354736,0.0003212436,-0.1562165,-0.157573,-0.1564927,-0.1568835,1
3.078994,-0.01855173,-9.586782,-0.02650905,-0.01218253,-0.0006418846,31.74958,239.1096,-240.9427,239.9703,-239.806,0.0551295,-0.02359908,0.0002746113,-0.1562066,-0.1574041,-0.1567689,-0.1566615,1
3.016637,-0.07694216,-9.647278,-0.02708091,-0.01189918,-0.0006845628,31.84747,238.5778,-240.0104,239.3901,-238.9245,0.05495736,-0.02364091,0.000255693,-0.1558592,-0.1567951,-0.1563898,-0.1560857,1
3.060604,-0.03701637,-9.56544,-0.02716936,-0.01100989,-0.0002584657,31.94537,238.4486,-239.4413,239.2604,-238.387,0.05478579,-0.02367149,0.000238777,-0.1557747,-0.1564233,-0.1563051,-0.1557345,1
3.088068,-0.01228318,-9.520524,-0.02742393,-0.01042727,3.67404e-05,32.04328,238.3739,-239.253,239.1699,-238.224,0.0546156,-0.02369194,0.0002295906,-0.155726,-0.1563002,-0.156246,-0.155628,1
3.052857,-0.04541476,-9.565296,-0.02826394,-0.01046382,-0.0002133083,32.1412,238.1777,-239.653,238.9024,-238.6549,0.05442678,-0.02372354,0.0002114641,-0.1555978,-0.1565616,-0.1560712,-0.1559095,1
3.055038,-0.04417421,-9.567554,-0.02795709,-0.009703128,-8.148528e-05,32.23912,238.4677,-239.4173,239.2088,-238.424,0.05424406,-0.0237439,0.000196527,-0.1557872,-0.1564076,-0.1562714,-0.1557587,1
2.944379,-0.147128,-9.708062,-0.02882592,-0.00996799,-0.0008075113,32.33706,238.0666,-239.6017,238.7239,-238.644,0.0540514,-0.02376848,0.0001736888,-0.1555252,-0.156528,-0.1559546,-0.1559024,1
3.122878,0.01701634,-9.469502,-0.02718128,-0.007719998,0.0007031631,32.43499,238.016,-239.1948,238.8099,-238.232,0.05387136,-0.02377449,0.0001570214,-0.1554921,-0.1562623,-0.1560108,-0.1556333,1
3.19515,0.08315468,-9.3629,-0.02694925,-0.006684876,0.001374224,32.53294,237.684,-238.9196,238.4988,-237.9858,0.05368797,-0.02377765,0.0001439413,-0.1552753,-0.1560825,-0.1558076,-0.1554724,1
2.96618,-0.129089,-9.652745,-0.02864655,-0.007934862,-0.0002177015,32.63089,237.8926,-238.4485,238.5504,-237.5627,0.05350638,-0.02377278,0.0001413216,-0.1554116,-0.1557747,-0.1558412,-0.155196,1
2.896275,-0.1943078,-9.739632,-0.02935017,-0.008071807,-0.0007515472,32.72885,237.4846,-238.8909,238.0736,-238.0368,0.05331238,-0.0237736,0.0001234642,-0.155145,-0.1560637,-0.1555298,-0.1555057,1
3.206078,0.09122527,-9.335689,-0.0267696,-0.004951979,0.001705063,32.82682,237.6537,-238.4405,238.4634,-237.5662,0.05313722,-0.02375094,0.0001179698,-0.1552555,-0.1557694,-0.1557844,-0.1551983,1
3.250476,0.1317293,-9.269628,-0.02704407,-0.004439754,0.002070695,32.92478,237.5261,-238.2792,238.3182,-237.4458,0.05295571,-0.02372904,0.0001177527,-0.1551721,-0.1556641,-0.1556896,-0.1551197,1
3.044082,-0.05956343,-9.539406,-0.02874257,-0.005755585,0.0005188893,33.02275,237.7705,-238.3317,238.4071,-237.5454,0.0527679,-0.02370797,0.0001176693,-0.1553318,-0.1556984,-0.1557477,-0.1551847,1
3.040735,-0.06328094,-9.549788,-0.0287228,-0.005372636,0.0004661635,33.12073,237.4674,-238.9582,238.0931,-238.1899,0.05256823,-0.02369471,9.951993e-05,-0.1551337,-0.1561076,-0.1555425,-0.1556058,1
2.942916,-0.1544235,-9.680234,-0.02874917,-0.00535581,-6.881051e-05,33.21871,237.8271,-238.3706,238.429,-237.6215,0.05238359,-0.023665,9.715867e-05,-0.1553687,-0.1557238,-0.155762,-0.1552344,1
3.107935,-0.002528749,-9.455029,-0.02770564,-0.00371837,0.001163481,33.3167,237.4852,-238.3363,238.178,-237.6076,0.05220197,-0.02362703,9.0699e-05,-0.1551454,-0.1557014,-0.155598,-0.1552253,1
3.035492,-0.07001033,-9.546363,-0.02842426,-0.004086098,0.0006965484,33.41468,237.5475,-238.2145,238.1699,-237.5263,0.05201651,-0.02358962,9.222509e-05,-0.1551861,-0.1556218,-0.1555927,-0.1551722,1
3.106612,-0.004866939,-9.453443,-0.0279225,-0.003275632,0.001194497,33.51268,237.8024,-238.0654,238.4632,-237.3952,0.0518389,-0.02354043,9.670695e-05,-0.1553526,-0.1555244,-0.1557843,-0.1550866,1
2.841152,-0.2506403,-9.803953,-0.03016479,-0.005347277,-0.0008243272,33.61067,237.707,-238.5678,238.1595,-237.9583,0.05164279,-0.02350758,9.417568e-05,-0.1552903,-0.1558526,-0.1555859,-0.1554545,1
3.00676,-0.09828694,-9.596494,-0.02841751,-0.003561508,0.0004162426,33.70867,237.4758,-239.0347,238.0562,-238.4147,0.05144124,-0.02347998,7.01711e-05,-0.1551392,-0.1561577,-0.1555184,-0.1557526,1
3.14367,0.02747239,-9.413201,-0.02653255,-0.001746548,0.001706147,33.80668,237.5433,-238.1132,238.2635,-237.493,0.05126533,-0.02342866,6.565846e-05,-0.1551833,-0.1555556,-0.1556539,-0.1551505,1
3.342374,0.2105961,-9.132184,-0.02544806,-0.0001396974,0.003238213,33.90469,237.3561,-237.4899,238.1761,-236.9014,0.05110435,-0.02335833,7.699624e-05,-0.1550611,-0.1551484,-0.1555968,-0.154764,1
3.097756,-0.01574735,-9.446157,-0.02813585,-0.002538773,0.001311922,34.0027,237.6777,-237.5693,238.2645,-237.0567,0.05093076,-0.02329651,9.865668e-05,-0.1552711,-0.1552003,-0.1556545,-0.1548654,1
3.160458,0.04177158,-9.381466,-0.02801296,-0.002327103,0.00152032,34.10072,237.8306,-238.5882,238.4183,-238.0888,0.05073967,-0.02325043,9.527939e-05,-0.155371,-0.1558659,-0.1557549,-0.1555397,1
3.095474,-0.01888984,-9.487835,-0.0278795,-0.002570215,0.001074212,34.19874,238.3583,-238.6774,238.9314,-238.1895,0.05055675,-0.02319967,9.801727e-05,-0.1557157,-0.1559242,-0.1560901,-0.1556055,1
3.027354,-0.08238154,-9.582146,-0.02817322,-0.002966888,0.0005344322,34.29676,238.2726,-238.9973,238.8016,-238.544,0.05037072,-0.02315305,9.287572e-05,-0.1556598,-0.1561332,-0.1560054,-0.1558371,1
3.110265,-0.006357815,-9.477745,-0.02716372,-0.002093644,0.001203725,34.3948,238.1022,-239.1952,238.6954,-238.7545,0.05018332,-0.02310977,8.043009e-05,-0.1555485,-0.1562625,-0.155936,-0.1559746,1
3.091553,-0.0242707,-9.49809,-0.02668566,-0.001916264,0.001211055,34.49284,238.1205,-238.7106,238.7261,-238.2928,0.05000569,-0.0230599,7.493501e-05,-0.1555604,-0.1559459,-0.1559561,-0.155673,1
2.940041,-0.164812,-9.683458,-0.02750962,-0.00299698,0.0001605673,34.59088,237.8145,-238.5175,238.3205,-238.1461,0.04982774,-0.02301207,6.817759e-05,-0.1553605,-0.1558198,-0.1556911,-0.1555771,1
3.31247,0.1787773,-9.187667,-0.02450845,-1.33733e-05,0.002998883,34.68893,237.6054,-238.2222,238.3573,-237.8363,0.04966659,-0.02294833,6.507362e-05,-0.1552239,-0.1556268,-0.1557151,-0.1553748,1
3.158394,0.03602757,-9.37995,-0.02592807,-0.001585542,0.00191281,34.78699,237.8602,-237.6931,238.4731,-237.3652,0.04950678,-0.02288537,8.244699e-05,-0.1553904,-0.1552812,-0.1557908,-0.155067,1
3.08921,-0.02827364,-9.471245,-0.02673167,-0.002559904,0.001203365,34.88505,237.9577,-238.1544,238.4849,-237.8626,0.04933824,-0.0228312,8.683893e-05,-0.1554541,-0.1555826,-0.1557985,-0.155392,1
3.121268,0.0008797497,-9.443577,-0.026304,-0.002512303,0.001389721,34.98312,238.0154,-238.7116,238.5543,-238.4299,0.04916506,-0.02278554,8.367144e-05,-0.1554918,-0.1559466,-0.1558438,-0.1557626,1
2.850446,-0.2499188,-9.805737,-0.02769091,-0.004568942,-0.0005775268,35.08119,238.4207,-238.5624,238.8023,-238.3209,0.04899474,-0.02274244,8.622593e-05,-0.1557565,-0.1558491,-0.1560058,-0.1556913,1
-0.1794384,-0.2780752,-9.845682,-0.02744956,-0.004749052,-0.0008338828,35.17927,237.8728,-239.1532,238.2408,-238.9327,0.04881363,-0.02271406,6.369474e-05,-0.1553986,-0.156235,-0.155639,-0.156091,0
0.1198986,-0.002160434,-9.450581,-0.02419564,-0.001977624,0.001640684,35.27736,237.9789,-238.2306,238.6152,-238.0028,0.04866621,-0.0226574,6.164616e-05,-0.1554679,-0.1556323,-0.1558836,-0.1554835,0
-0.1346364,-0.237697,-9.761098,-0.02640335,-0.004459864,-0.0002038429,35.37544,237.4367,-237.8784,237.9326,-237.8026,0.04850546,-0.02261751,6.269556e-05,-0.1551137,-0.1554023,-0.1554377,-0.1553527,0
0.374548,0.2323741,-9.085837,-0.02241255,-0.001143319,0.003548793,35.47354,237.3073,-237.5251,238.2084,-237.4832,0.04836558,-0.02256199,6.162658e-05,-0.1550291,-0.1551715,-0.1556178,-0.1551441,0
0.3555428,0.2146687,-9.102276,-0.02307875,-0.003114465,0.003433535,35.57164,237.4983,-236.9787,238.3707,-237.0178,0.0482314,-0.0225143,8.669322e-05,-0.1551539,-0.1548145,-0.1557239,-0.1548401,0
0.2687521,0.1344061,-9.218126,-0.02444886,-0.006121865,0.002491754,35.66974,237.6931,-237.6023,238.4523,-237.6974,0.04807963,-0.02249896,9.73575e-05,-0.1552812,-0.1552219,-0.1557772,-0.155284,0
-0.3462419,-0.4341388,-10.04323,-0.02856806,-0.01283983,-0.00220642,35.76785,237.8,-238.6655,238.1525,-238.8232,0.0478958,-0.02253864,8.327218e-05,-0.155351,-0.1559165,-0.1555813,-0.1560194,0
-0.2349645,-0.3319831,-9.910245,-0.02592468,-0.0128147,-0.001269817,35.86596,237.6651,-238.7147,238.1871,-238.8244,0.04773208,-0.02258236,5.149905e-05,-0.1552629,-0.1559486,-0.1556039,-0.1560203,0
0.04245489,-0.07614598,-9.529256,-0.02304154,-0.0117945,0.001116522,35.96407,237.0202,-237.799,237.7552,-237.8916,0.04759244,-0.02262389,3.562239e-05,-0.1548416,-0.1553504,-0.1553218,-0.1554109,0
0.264291,0.1285362,-9.207026,-0.02160046,-0.0117271,0.002910055,36.06219,236.5278,-236.9033,237.3643,-237.0058,0.04745918,-0.02267549,2.986582e-05,-0.15452,-0.1547652,-0.1550664,-0.1548322,0
-0.06302264,-0.1741945,-9.613232,-0.02414922,-0.01601377,0.0005204723,36.16032,236.4084,-236.438,236.9808,-236.5931,0.04730747,-0.0227454,2.920969e-05,-0.1544419,-0.1544613,-0.1548158,-0.1545626,0
0.2516047,0.1161336,-9.193647,-0.02171718,-0.01499447,0.002801966,36.25844,236.2294,-236.3999,236.9802,-236.5308,0.04713153,-0.02279621,2.426766e-05,-0.154325,-0.1544364,-0.1548155,-0.1545219,0
0.1195105,-0.006207847,-9.363582,-0.0230193,-0.01774395,0.001835663,36.35656,236.0012,-236.6224,236.5955,-236.7878,0.04693802,-0.02288443,1.932125e-05,-0.1541759,-0.1545818,-0.1545642,-0.1546898,0
0.1484047,0.0199393,-9.327278,-0.02206942,-0.01847701,0.002039124,36.45468,236.5723,-236.0909,237.1978,-236.2365,0.04677593,-0.02297192,1.954017e-05,-0.154549,-0.1542345,-0.1549577,-0.1543296,0
-0.2117268,-0.3132175,-9.794642,-0.02478296,-0.02258898,-0.0006886684,36.5528,235.9092,-236.8588,236.2488,-237.0437,0.04662633,-0.02311512,1.893323e-06,-0.1541158,-0.1547362,-0.1543377,-0.154857,0
0.1207259,-0.006719346,-9.362885,-0.02128703,-0.0203645,0.001897362,36.65092,235.8945,-236.6505,236.4873,-236.7679,0.04649504,-0.02325298,-2.076348e-05,-0.1541062,-0.1546001,-0.1544935,-0.1546768,0
-0.2307804,-0.3320779,-9.807501,-0.0234386,-0.02366043,-0.0004994326,36.74904,235.75,-235.8668,236.1052,-236.0256,0.04636595,-0.02340082,-2.764085e-05,-0.1540118,-0.1540881,-0.1542438,-0.1541919,0
0.1148959,-0.01323101,-9.337555,-0.02071793,-0.0214191,0.002066506,36.84715,235.2068,-235.7449,235.7701,-235.8688,0.04624819,-0.02354221,-4.597901e-05,-0.153657,-0.1540084,-0.1540249,-0.1540894,0
-0.1816068,-0.2876842,-9.713103,-0.02295749,-0.02436012,3.318855e-05,36.94526,234.8472,-235.5573,235.1714,-235.7207,0.04611398,-0.02370841,-5.754381e-05,-0.153422,-0.1538859,-0.1536338,-0.1539927,0
0.2733451,0.1320214,-9.107212,-0.0190212,-0.02081214,0.003462811,37.04337,235.0554,-234.6913,235.6942,-234.7924,0.04601466,-0.02384309,-6.197909e-05,-0.153558,-0.1533202,-0.1539754,-0.1533862,0
0.1685466,0.03485923,-9.230451,-0.02073636,-0.022479,0.002692882,37.14146,234.5757,-234.8085,235.0508,-234.955,0.04589874,-0.0239968,-5.875838e-05,-0.1532447,-0.1533967,-0.1535551,-0.1534924,0
0.1391773,0.007195234,-9.271605,-0.02102558,-0.02300952,0.002375066,37.23955,235.0864,-234.7968,235.5097,-234.9402,0.04578272,-0.02415144,-5.635765e-05,-0.1535783,-0.1533891,-0.1538548,-0.1534828,0
0.3123244,0.1666572,-9.054419,-0.01991206,-0.02186405,0.003564142,37.33764,235.2419,-235.029,235.7463,-235.1558,0.04567375,-0.02429946,-5.370685e-05,-0.1536799,-0.1535408,-0.1540094,-0.1536236,0
0.6618749,0.4891934,-8.60764,-0.01794971,-0.01945537,0.006057417,37.43571,235.7223,-235.0919,236.4006,-235.1994,0.04557638,-0.02443368,-3.627596e-05,-0.1539937,-0.1535819,-0.1544369,-0.1536521,0
-0.08968301,-0.2056178,-9.607065,-0.02432515,-0.02587647,0.0002372553,37.53378,236.4633,-235.8282,236.5657,-236.0366,0.04544394,-0.02460155,-1.967464e-05,-0.1544778,-0.1540629,-0.1545447,-0.154199,0
-0.07769557,-0.1952681,-9.624827,-0.02361922,-0.02533502,4.47403e-05,37.63185,236.9516,-237.0244,237.0846,-237.2025,0.04531292,-0.02476565,-3.31909e-05,-0.1547968,-0.1548444,-0.1548837,-0.1549607,0
0.1945913,0.05562751,-9.293095,-0.02121446,-0.02269411,0.00214337,37.72991,236.6841,-237.7332,236.9989,-237.8946,0.04513408,-0.02491079,-5.394856e-05,-0.154622,-0.1553074,-0.1548277,-0.1554128,0
0.1252082,-0.009248057,-9.385563,-0.02099291,-0.02246076,0.001806992,37.82797,237.3676,-236.7392,237.6693,-236.9136,0.04501054,-0.02505177,-5.083493e-05,-0.1550685,-0.154658,-0.1552656,-0.154772,0
-0.02001032,-0.1439826,-9.566295,-0.0222719,-0.02336164,0.0006392583,37.92604,236.791,-237.2516,236.9554,-237.4803,0.04483587,-0.0251822,-6.574612e-05,-0.1546919,-0.1549928,-0.1547993,-0.1551422,0
-0.3243145,-0.4258873,-9.966791,-0.0237461,-0.02511455,-0.001491112,38.02411,236.9494,-237.2186,236.9327,-237.4757,0.04467332,-0.0253197,-7.614959e-05,-0.1547953,-0.1549712,-0.1547844,-0.1551392,0
0.07714501,-0.0556531,-9.438473,-0.02015474,-0.02129895,0.001545961,38.12217,236.437,-237.2595,236.6971,-237.4675,0.04455554,-0.02546733,-0.000102174,-0.1544606,-0.1549979,-0.1546305,-0.1551338,0
0.2478438,0.1014248,-9.202505,-0.01850129,-0.01934218,0.003078907,38.22025,236.5453,-236.1452,236.9221,-236.3473,0.04446244,-0.02558962,-9.822241e-05,-0.1545314,-0.15427,-0.1547775,-0.154402,0
0.4100006,0.2508647,-8.972734,-0.01807537,-0.01807128,0.004205755,38.31831,236.4782,-235.8724,236.891,-236.097,0.04437431,-0.02569951,-8.554191e-05,-0.1544875,-0.1540918,-0.1547572,-0.1542385,0
-0.04993849,-0.1744836,-9.579468,-0.02217227,-0.021829,0.000632391,38.41638,236.8182,-236.4788,236.8531,-236.7736,0.04426005,-0.0258303,-7.415814e-05,-0.1547097,-0.1544879,-0.1547325,-0.1546805,0
0.0384145,-0.09347633,-9.487069,-0.02109353,-0.02056668,0.001110167,38.51444,237.1518,-237.2602,237.2503,-237.5325,0.04413434,-0.02595298,-8.429994e-05,-0.1549276,-0.1549984,-0.1549919,-0.1551763,0
0.129973,-0.009525802,-9.382514,-0.01991844,-0.01910843,0.001873895,38.61251,237.244,-237.3716,237.416,-237.6457,0.04399157,-0.02605339,-9.00489e-05,-0.1549878,-0.1550711,-0.1551002,-0.1552502,0
0.1454881,0.004220821,-9.361973,-0.01954079,-0.01835292,0.002030083,38.71058,237.457,-237.0832,237.6381,-237.3833,0.04384734,-0.02613342,-8.714555e-05,-0.155127,-0.1548828,-0.1552453,-0.1550788,0
-0.2952721,-0.4035554,-9.93774,-0.02272048,-0.02139487,-0.001282507,38.80865,237.1869,-237.6552,237.0531,-238.0157,0.04372399,-0.02626237,-9.945325e-05,-0.1549505,-0.1552564,-0.1548631,-0.1554919,0
0.09481603,-0.04388062,-9.432645,-0.01867865,-0.01722103,0.001718424,38.90672,237.1411,-237.4886,237.3217,-237.7879,0.04362567,-0.02636452,-0.0001178373,-0.1549206,-0.1551476,-0.1550386,-0.1553431,0
0.2773221,0.1242468,-9.181151,-0.01727565,-0.01522261,0.003280611,39.0048,237.1803,-236.5064,237.4713,-236.8172,0.04355076,-0.02643992,-0.0001039507,-0.1549462,-0.154506,-0.1551363,-0.154709,0
-0.1157643,-0.2392512,-9.68326,-0.02099492,-0.01835337,0.0002137856,39.10287,236.9748,-236.9718,236.9256,-237.3661,0.04344328,-0.02654159,-0.0001024711,-0.1548119,-0.15481,-0.1547798,-0.1550675,0
-0.3024433,-0.4123879,-9.939267,-0.02149306,-0.01897696,-0.001196257,39.20096,236.9714,-237.526,236.8305,-237.92,0.04332794,-0.02664948,-0.0001238364,-0.1548097,-0.155172,-0.1547177,-0.1554295,0
-0.236223,-0.3519356,-9.851444,-0.01974684,-0.01723423,-0.0004601886,39.29903,236.6554,-237.1173,236.6227,-237.494,0.04323113,-0.02673904,-0.0001422362,-0.1546033,-0.154905,-0.1545819,-0.1551512,0
0.1873119,0.03888188,-9.275463,-0.01632812,-0.01309876,0.002899194,39.39712,235.8784,-236.517,236.1259,-236.8756,0.04314586,-0.02681358,-0.0001583124,-0.1540957,-0.1545129,-0.1542574,-0.1547471,0
-0.182433,-0.3032141,-9.73245,-0.01886165,-0.0153877,0.0003810867,39.4952,235.6846,-235.5719,235.6776,-235.9962,0.04305572,-0.02689036,-0.0001591654,-0.1539691,-0.1538954,-0.1539645,-0.1541727,0
0.208777,0.05777795,-9.199885,-0.01567571,-0.01161711,0.003305742,39.59328,234.897,-235.4704,235.1472,-235.8642,0.04297515,-0.02695183,-0.0001778514,-0.1534545,-0.1538292,-0.153618,-0.1540864,0
0.1213917,-0.02337494,-9.296169,-0.01617665,-0.01178725,0.002920439,39.69135,235.0106,-234.3512,235.1969,-234.7753,0.04291099,-0.02699395,-0.0001599772,-0.1535287,-0.153098,-0.1536505,-0.153375,0
0.2019505,0.05083207,-9.175135,-0.01627976,-0.0111151,0.003345221,39.78942,234.8694,-234.3774,235.0465,-234.8277,0.04284041,-0.02703457,-0.0001495604,-0.1534365,-0.1531151,-0.1535522,-0.1534093,0
0.2751336,0.1181549,-9.086501,-0.01603705,-0.01038686,0.003801163,39.88747,234.9843,-234.7321,235.1731,-235.1887,0.0427641,-0.02707659,-0.0001409319,-0.1535116,-0.1533468,-0.1536349,-0.1536451,0
-0.003731212,-0.1398989,-9.460424,-0.01795615,-0.01216357,0.001671368,39.98552,235.429,-234.8156,235.4301,-235.3098,0.04268405,-0.02711959,-0.0001289796,-0.1538021,-0.1534014,-0.1538028,-0.1537243,0
0.1591061,0.01015571,-9.256716,-0.01659081,-0.01036032,0.002762166,40.08357,235.2926,-235.3792,235.401,-235.8682,0.04259536,-0.02715377,-0.0001329172,-0.153713,-0.1537696,-0.1537838,-0.154089,0
0.1918678,0.04001425,-9.220287,-0.01607622,-0.009527965,0.003084009,40.18161,235.7515,-234.9542,235.8929,-235.4633,0.04250255,-0.02715901,-0.0001160246,-0.1540128,-0.1534919,-0.1541051,-0.1538245,0
0.1428601,-0.005517788,-9.285091,-0.0168464,-0.009802613,0.002557725,40.27964,235.7397,-235.3427,235.81,-235.8882,0.04242687,-0.02718559,-0.0001075359,-0.1540051,-0.1537457,-0.154051,-0.1541021,0
-0.002794079,-0.1404775,-9.48776,-0.01767503,-0.01054712,0.001409936,40.37767,235.8064,-235.9037,235.7808,-236.4715,0.04233924,-0.02722268,-0.0001111829,-0.1540486,-0.1541122,-0.154032,-0.1544832,0
0.04210318,-0.09949821,-9.436018,-0.01651041,-0.009388391,0.001810098,40.47569,236.0754,-235.6111,236.1276,-236.1739,0.04227053,-0.0272399,-0.0001088607,-0.1542244,-0.153921,-0.1542585,-0.1542887,0
-0.05584656,-0.1903106,-9.558531,-0.01725118,-0.009820319,0.001094295,40.5737,235.715,-235.7653,235.6873,-236.3814,0.04215448,-0.02723927,-0.0001102069,-0.153989,-0.1540218,-0.1539708,-0.1544243,0
0.1432491,-0.006738029,-9.296512,-0.01534925,-0.007755785,0.002614037,40.67172,235.5394,-235.7362,235.656,-236.3407,0.04208061,-0.02725817,-0.000119036,-0.1538742,-0.1540028,-0.1539504,-0.1543977,0
-0.112294,-0.2432517,-9.621873,-0.0166395,-0.009241396,0.0008679379,40.76973,235.925,-234.7913,235.903,-235.4355,0.04202606,-0.02725791,-0.0001022145,-0.1541262,-0.1533855,-0.1541118,-0.1538064,0
0.2173348,0.06116421,-9.181267,-0.01475042,-0.006742227,0.00314719,40.86774,235.4357,-235.2538,235.5838,-235.8999,0.04197077,-0.02725316,-9.836029e-05,-0.1538065,-0.1536877,-0.1539033,-0.1541097,0
0.09750124,-0.04975434,-9.34559,-0.01586828,-0.007778742,0.002258369,40.96574,235.9599,-235.1664,235.9995,-235.8472,0.04191042,-0.0272531,-7.874512e-05,-0.154149,-0.1536305,-0.1541748,-0.1540753,0
-0.0541534,-0.1901434,-9.553318,-0.01693236,-0.008885187,0.0009365998,41.06374,236.1132,-235.7037,236.0417,-236.4134,0.04183855,-0.02726393,-7.835275e-05,-0.1542491,-0.1539816,-0.1542024,-0.1544452,0
-0.1045743,-0.2371267,-9.630972,-0.01663637,-0.008819731,0.0005860658,41.16173,235.8737,-236.2452,235.7981,-236.9599,0.0417629,-0.0272807,-9.114407e-05,-0.1540926,-0.1543353,-0.1540432,-0.1548022,0
0.08875469,-0.05892828,-9.376107,-0.01435944,-0.006631349,0.002194803,41.25972,235.8815,-235.6531,235.9819,-236.3544,0.04170839,-0.02727792,-9.360308e-05,-0.1540977,-0.1539485,-0.1541633,-0.1544067,0
-0.1565978,-0.2858678,-9.680679,-0.01612168,-0.00838221,0.0004502822,41.3577,235.4437,-235.4378,235.3694,-236.1989,0.04164238,-0.0272871,-9.771511e-05,-0.1538117,-0.1538079,-0.1537632,-0.1543051,0
0.2350865,0.07569968,-9.157854,-0.01268586,-0.004867452,0.003428483,41.45569,235.3895,-234.8668,235.6019,-235.5956,0.04160348,-0.02726777,-9.678584e-05,-0.1537763,-0.1534348,-0.1539151,-0.153911,0
-0.1094842,-0.2427723,-9.594736,-0.01568067,-0.007834843,0.0009208138,41.55367,235.2639,-234.6222,235.2039,-235.4286,0.04155289,-0.02726013,-8.074422e-05,-0.1536943,-0.153275,-0.153655,-0.1538018,0
-0.07455552,-0.2107172,-9.549206,-0.0153351,-0.007557185,0.001024533,41.65163,235.18,-235.0869,235.1318,-235.898,0.04149311,-0.02726095,-8.691666e-05,-0.1536394,-0.1535786,-0.1536079,-0.1541085,0
-0.0583464,-0.1960716,-9.532867,-0.01457038,-0.007112459,0.001252258,41.7496,234.9715,-235.1101,234.9604,-235.9202,0.04143496,-0.02726428,-9.605351e-05,-0.1535032,-0.1535938,-0.153496,-0.154123,0
0.4372808,0.26158,-8.874613,-0.01045492,-0.002856069,0.00506076,41.84756,235.1141,-234.1068,235.4584,-234.8837,0.0414067,-0.02722403,-8.343189e-05,-0.1535964,-0.1529383,-0.1538213,-0.1534459,0
-0.0264186,-0.1668125,-9.466149,-0.0149256,-0.007152509,0.001536953,41.94551,235.079,-234.1168,235.0336,-235.0079,0.04133645,-0.02719446,-5.886583e-05,-0.1535735,-0.1529449,-0.1535438,-0.153527,0
0.3173003,0.1506114,-9.029177,-0.01243585,-0.004672674,0.003816516,42.04345,235.2232,-234.9241,235.3872,-235.7794,0.04129128,-0.02718204,-6.013919e-05,-0.1536677,-0.1534723,-0.1537748,-0.154031,0
-0.1179872,-0.2518328,-9.613945,-0.01525706,-0.008104152,0.0006457958,42.14139,235.7512,-234.8714,235.641,-235.7774,0.04124336,-0.02717792,-4.520678e-05,-0.1540126,-0.1534378,-0.1539406,-0.1540297,0
0.01542346,-0.1288234,-9.445417,-0.01395429,-0.006926603,0.001475407,42.23932,235.4596,-235.5674,235.4471,-236.4671,0.04119087,-0.02717933,-5.835095e-05,-0.1538221,-0.1538925,-0.1538139,-0.1544803,0
-0.1648271,-0.2957124,-9.685427,-0.01451479,-0.007983952,0.0003224858,42.33724,235.5146,-235.2911,235.4224,-236.214,0.04114321,-0.0271808,-6.065515e-05,-0.153858,-0.153712,-0.1537978,-0.1543149,0
-0.00821057,-0.1512823,-9.469664,-0.01288607,-0.006465272,0.001531182,42.43517,235.3044,-234.895,235.3389,-235.8176,0.04110908,-0.02716976,-6.490667e-05,-0.1537207,-0.1534533,-0.1537432,-0.154056,0
-0.02374515,-0.1657887,-9.477872,-0.01302581,-0.006663882,0.00149976,42.53308,235.2132,-234.4605,235.2264,-235.4134,0.04108213,-0.02715225,-5.476479e-05,-0.1536611,-0.1531694,-0.1536697,-0.1537919,0
-0.05033458,-0.1904441,-9.50639,-0.0135203,-0.00718575,0.001214674,42.63099,235.1581,-234.5834,235.1205,-235.5651,0.04104765,-0.02714226,-4.894412e-05,-0.1536251,-0.1532497,-0.1536005,-0.153891,0
-0.0620571,-0.2014584,-9.526552,-0.01345216,-0.007388812,0.001084366,42.72889,235.3574,-234.6457,235.3102,-235.6373,0.04101512,-0.0271324,-4.335549e-05,-0.1537553,-0.1532904,-0.1537245,-0.1539382,0
0.06760248,-0.08181923,-9.360831,-0.01245671,-0.006499286,0.002000045,42.82678,235.5052,-234.6509,235.5387,-235.6446,0.04099136,-0.02711518,-3.392591e-05,-0.1538519,-0.1532938,-0.1538737,-0.1539429,0
-0.1143205,-0.2500104,-9.603172,-0.01404847,-0.008253357,0.0005675051,42.92467,235.5763,-235.01,235.4607,-236.0468,0.04095397,-0.02711342,-2.741551e-05,-0.1538984,-0.1535284,-0.1538228,-0.1542057,0
0.0777,-0.07282458,-9.362242,-0.0122815,-0.00669858,0.00192223,43.02256,235.6572,-235.2992,235.68,-236.3299,0.04088501,-0.02708906,-3.247576e-05,-0.1539512,-0.1537173,-0.1539661,-0.1543906,0
0.1276428,-0.02689424,-9.29966,-0.01161045,-0.006299312,0.002367777,43.12043,235.6577,-235.1452,235.7232,-236.1841,0.04085763,-0.02708348,-3.03687e-05,-0.1539515,-0.1536167,-0.1539943,-0.1542954,0
0.01084315,-0.1349894,-9.447875,-0.01233402,-0.007313611,0.001495846,43.21831,235.6588,-235.065,235.6428,-236.1477,0.04078463,-0.02705508,-2.814062e-05,-0.1539522,-0.1535643,-0.1539418,-0.1542716,0
-0.2957416,-0.4184913,-9.847589,-0.01418026,-0.009750051,-0.0007834248,43.31618,235.6694,-235.1507,235.4607,-236.2893,0.04068917,-0.02702454,-2.980516e-05,-0.1539592,-0.1536203,-0.1538228,-0.1543641,0
-0.004475559,-0.1496284,-9.466631,-0.01140628,-0.007425635,0.001398864,43.41404,235.3879,-235.2404,235.396,-236.342,0.04066699,-0.02702431,-4.011442e-05,-0.1537752,-0.1536789,-0.1537805,-0.1543986,0
-0.03754462,-0.1803583,-9.502729,-0.01137693,-0.007827253,0.001294507,43.5119,235.3451,-234.7532,235.3326,-235.8717,0.04064938,-0.02702554,-3.697589e-05,-0.1537473,-0.1533606,-0.1537391,-0.1540913,0
0.07267626,-0.0786583,-9.348574,-0.0104853,-0.007138416,0.002087266,43.60976,235.1543,-234.6229,235.2049,-235.7455,0.04063495,-0.02702605,-3.955562e-05,-0.1536227,-0.1532755,-0.1536557,-0.1540089,0
0.2409104,0.07666449,-9.123827,-0.009248318,-0.006048808,0.00337874,43.7076,235.3343,-234.1921,235.4859,-235.3242,0.04060384,-0.02699047,-2.468478e-05,-0.1537402,-0.1529941,-0.1538393,-0.1537337,0
0.4488813,0.2688856,-8.851255,-0.008554472,-0.005181123,0.004759769,43.80545,235.1159,-234.7367,235.3326,-235.8802,0.04059096,-0.02699206,-1.931085e-05,-0.1535975,-0.1533498,-0.1537392,-0.1540969,0
0.132885,-0.02326079,-9.277077,-0.01063354,-0.007905344,0.002368396,43.90328,235.9621,-234.58,235.9745,-235.7549,0.04057927,-0.02699702,-2.873029e-06,-0.1541503,-0.1532474,-0.1541585,-0.154015,0
0.2560171,0.09036498,-9.126801,-0.009719374,-0.007167809,0.003084579,44.00111,235.9476,-235.2511,236.0343,-236.4216,0.04057107,-0.02699958,-9.72324e-07,-0.1541409,-0.1536859,-0.1541975,-0.1544506,0
0.04066884,-0.1087514,-9.422564,-0.01132564,-0.009120412,0.00147217,44.09894,236.449,-235.4451,236.3849,-236.6513,0.04056028,-0.02700763,1.424716e-05,-0.1544685,-0.1538126,-0.1544266,-0.1546006,0
0.08000616,-0.07256387,-9.385087,-0.01102928,-0.008996753,0.001574666,44.19675,236.5544,-236.1289,236.5057,-237.3439,0.04052966,-0.02702269,8.094613e-06,-0.1545373,-0.1542594,-0.1545055,-0.155053,0
-0.02212027,-0.1672254,-9.53163,-0.01111732,-0.009602797,0.0008815459,44.29457,236.6645,-236.2789,236.5812,-237.511,0.04048259,-0.02702938,3.001944e-07,-0.1546092,-0.1543573,-0.1545548,-0.1551622,0
-0.2124574,-0.3433934,-9.777892,-0.01181315,-0.01085451,-0.0004429345,44.3924,236.5806,-236.1237,236.4076,-237.3784,0.04046778,-0.02705252,-7.370451e-06,-0.1545544,-0.1542559,-0.1544414,-0.1550756,0
0.3335725,0.1609183,-9.056477,-0.007518979,-0.006483142,0.003677773,44.49021,236.3431,-235.776,236.5423,-236.9873,0.04047733,-0.02705217,-1.032261e-05,-0.1543993,-0.1540288,-0.1545294,-0.1548201,0
0.1476435,-0.01087093,-9.28981,-0.009500421,-0.008478608,0.002346456,44.58803,236.4748,-235.3978,236.4983,-236.6685,0.04047763,-0.0270629,5.354157e-06,-0.1544853,-0.1537817,-0.1545006,-0.1546118,0
0.2392372,0.07366047,-9.172698,-0.009007996,-0.00808315,0.002832314,44.68584,236.7032,-235.7054,236.7646,-236.9777,0.04047792,-0.02707328,8.815941e-06,-0.1546345,-0.1539827,-0.1546746,-0.1548138,0
0.02216932,-0.1270359,-9.468359,-0.0106438,-0.01007358,0.001181757,44.78366,236.62,-236.3826,236.52,-237.6866,0.04046154,-0.02710413,4.98591e-06,-0.1545802,-0.154425,-0.1545148,-0.1552769,0
-0.1363918,-0.2738729,-9.684532,-0.01099133,-0.01101845,3.900676e-05,44.88147,236.9045,-236.3606,236.7437,-237.6701,0.04044906,-0.02713527,-3.443738e-06,-0.1547661,-0.1544107,-0.154661,-0.1552662,0
-0.1109056,-0.2506084,-9.648367,-0.01020692,-0.0105296,0.0003154829,44.97929,236.3971,-236.4548,236.2806,-237.7664,0.04043734,-0.02716922,-2.309991e-05,-0.1544345,-0.1544723,-0.1543584,-0.1553291,0
-0.01237908,-0.1598565,-9.506774,-0.008841556,-0.009398275,0.001270819,45.0771,236.2808,-235.6638,236.2641,-236.9729,0.04044442,-0.02718691,-2.78597e-05,-0.1543586,-0.1539555,-0.1543477,-0.1548107,0
0.07243422,-0.08157761,-9.376019,-0.008437439,-0.008877918,0.001958925,45.17492,236.0394,-235.1307,236.0555,-236.4639,0.0404492,-0.02719126,-2.331508e-05,-0.1542009,-0.1536072,-0.1542114,-0.1544782,0
-0.06318597,-0.206928,-9.544636,-0.00982701,-0.01031727,0.000909329,45.27272,235.8642,-235.288,235.7483,-236.6689,0.04041218,-0.02719294,-2.320036e-05,-0.1540864,-0.15371,-0.1540107,-0.1546121,0
0.08437764,-0.07078387,-9.354372,-0.0083771,-0.009175163,0.001996757,45.37054,235.9808,-235.2337,235.9727,-236.6004,0.0403933,-0.02719437,-2.550539e-05,-0.1541626,-0.1536745,-0.1541573,-0.1545674,0
-0.4087246,-0.526564,-9.996715,-0.01178088,-0.013169,-0.001617657,45.46834,236.2136,-235.0215,235.8826,-236.4448,0.04039805,-0.02722028,-1.594314e-05,-0.1543147,-0.1535359,-0.1540984,-0.1544657,0
-0.08383477,-0.2265377,-9.573673,-0.00927265,-0.01065929,0.0006653325,45.56614,235.7183,-235.7329,235.5948,-237.1337,0.04036462,-0.02722929,-3.414094e-05,-0.1539911,-0.1540006,-0.1539104,-0.1549157,0
-0.1549186,-0.292463,-9.668481,-0.009240392,-0.01104614,0.0003557489,45.66393,235.8948,-235.1659,235.7492,-236.5726,0.04037256,-0.02725786,-3.423724e-05,-0.1541064,-0.1536302,-0.1540112,-0.1545492,0
0.02592355,-0.1255338,-9.419405,-0.007755022,-0.009560516,0.001694212,45.76173,235.4138,-235.0835,235.3858,-236.4837,0.04038188,-0.02728641,-4.779099e-05,-0.1537921,-0.1535764,-0.1537739,-0.1544911,0
-0.03919436,-0.1858838,-9.493587,-0.007958098,-0.009957968,0.00138006,45.85952,235.4198,-234.4599,235.3595,-235.8764,0.04040337,-0.02730441,-4.250571e-05,-0.1537961,-0.153169,-0.1537567,-0.1540944,0
-0.008005433,-0.1571183,-9.440992,-0.008067891,-0.009930433,0.001557432,45.9573,235.0393,-234.5988,234.9641,-236.0443,0.04038104,-0.02731073,-4.678105e-05,-0.1535475,-0.1532597,-0.1534984,-0.1542041,0
-0.01656818,-0.1652107,-9.451089,-0.007845853,-0.009942959,0.001550625,46.05508,235.2628,-234.2599,235.191,-235.7073,0.04039215,-0.02732728,-4.322966e-05,-0.1536935,-0.1530384,-0.1536466,-0.1539839,0
0.1210956,-0.03810802,-9.266743,-0.006955903,-0.00899244,0.002534336,46.15285,235.0098,-234.3556,235.0086,-235.8204,0.04034776,-0.02731139,-4.480626e-05,-0.1535283,-0.1531009,-0.1535275,-0.1540578,0
0.298946,0.1261148,-9.033727,-0.005673933,-0.007745092,0.003876208,46.25062,235.4905,-233.8373,235.6003,-235.2971,0.04036403,-0.02729915,-2.411906e-05,-0.1538423,-0.1527622,-0.153914,-0.153716,0
0.008343503,-0.1423181,-9.416858,-0.008678074,-0.01074896,0.001494871,46.34837,235.6132,-234.4876,235.4615,-236.0031,0.04037924,-0.02732462,-9.801363e-06,-0.1539224,-0.1531871,-0.1538233,-0.1541772,0
-0.09789968,-0.2406808,-9.578454,-0.009172645,-0.01161493,0.0005319856,46.44613,235.8887,-235.4087,235.6735,-236.9216,0.0403732,-0.02736103,-1.826901e-05,-0.1541024,-0.1537888,-0.1539618,-0.1547772,0
0.07701863,-0.0793888,-9.365143,-0.007054063,-0.009778453,0.00191314,46.54387,235.8578,-235.5378,235.8065,-237.0257,0.04036258,-0.02738187,-3.161234e-05,-0.1540823,-0.1538732,-0.1540487,-0.1548452,0
-0.02071955,-0.1699304,-9.485833,-0.007331279,-0.01022716,0.001345813,46.64161,235.9826,-234.8425,235.8944,-236.3546,0.04038117,-0.02739797,-2.627882e-05,-0.1541638,-0.1534189,-0.1541061,-0.1544068,0
0.08330723,-0.07387534,-9.339307,-0.006894054,-0.00952977,0.002053387,46.73936,235.9014,-234.7471,235.8571,-236.2818,0.04038844,-0.02739538,-1.884823e-05,-0.1541107,-0.1533567,-0.1540818,-0.1543592,0
0.0998347,-0.05862045,-9.321035,-0.007254046,-0.009785201,0.002091158,46.83709,236.1732,-234.8992,236.1012,-236.45,0.04041775,-0.0274107,-4.591262e-06,-0.1542882,-0.153456,-0.1542412,-0.1544691,0
0.1227145,-0.03753605,-9.304167,-0.00743571,-0.009918013,0.002087848,46.93482,236.7874,-235.1287,236.7049,-236.6877,0.04044906,-0.02742301,1.28906e-05,-0.1546895,-0.1536059,-0.1546356,-0.1546244,0
-0.1032211,-0.2463482,-9.619148,-0.009522001,-0.0120373,0.0002027866,47.03254,236.7055,-236.3967,236.4345,-237.992,0.0404486,-0.02746815,5.651237e-06,-0.154636,-0.1544343,-0.154459,-0.1554765,0
0.1213326,-0.0392474,-9.346827,-0.006852949,-0.009672708,0.001924452,47.13028,237.1308,-236.4134,237.0744,-237.9629,0.04046701,-0.02749723,-4.038282e-06,-0.1549139,-0.1544452,-0.154877,-0.1554575,0
-0.2928786,-0.4221792,-9.885036,-0.009632946,-0.01265726,-0.001032283,47.228,236.9783,-236.2585,236.6629,-237.8708,0.0404784,-0.02753534,-7.603764e-06,-0.1548142,-0.154344,-0.1546082,-0.1553973,0
-0.1823798,-0.3203411,-9.734112,-0.008324805,-0.01135466,-0.0001880158,47.32573,236.4866,-236.4852,236.27,-238.0885,0.04048816,-0.02757435,-3.135991e-05,-0.154493,-0.1544921,-0.1543515,-0.1555395,0
-0.03941748,-0.1885219,-9.536694,-0.00662005,-0.009728303,0.001144848,47.42346,236.3491,-235.6104,236.2665,-237.2037,0.04051783,-0.02759515,-3.709994e-05,-0.1544032,-0.1539206,-0.1543492,-0.1549615,0
0.07244092,-0.08522506,-9.367475,-0.006089966,-0.008870447,0.002046333,47.52119,235.6365,-235.3807,235.5984,-236.9934,0.04053935,-0.0276231,-4.931747e-05,-0.1539377,-0.1537705,-0.1539128,-0.1548241,0
0.2380382,0.0676257,-9.13643,-0.004659182,-0.007377352,0.003421934,47.61892,236.037,-234.2435,236.1232,-235.8478,0.04059126,-0.02761884,-3.2749e-05,-0.1541993,-0.1530276,-0.1542556,-0.1540757,0
0.1578311,-0.006320809,-9.229759,-0.00650504,-0.008716607,0.002651708,47.71664,235.5997,-234.8072,235.5409,-236.4641,0.04061801,-0.02763601,-2.462901e-05,-0.1539136,-0.1533959,-0.1538752,-0.1544783,0
0.1312257,-0.0310294,-9.278502,-0.006677573,-0.008997692,0.002360942,47.81436,236.3391,-234.8901,236.2607,-236.5436,0.04064748,-0.02764967,-1.285831e-05,-0.1543967,-0.15345,-0.1543455,-0.1545302,0
-0.004082583,-0.15615,-9.468161,-0.007836835,-0.0101574,0.001221951,47.91208,236.4345,-235.4499,236.2532,-237.1266,0.04066771,-0.0276725,-1.038424e-05,-0.154459,-0.1538158,-0.1543406,-0.1549111,0
0.2112761,0.04265886,-9.19978,-0.006112894,-0.008298476,0.002778994,48.00978,236.5289,-235.8253,236.4991,-237.4846,0.04068302,-0.02768558,-1.350769e-05,-0.1545207,-0.154061,-0.1545012,-0.155145,0
-0.1251609,-0.2683685,-9.645031,-0.008464446,-0.01078561,0.0003273914,48.10749,236.8038,-235.723,236.5575,-237.4496,0.04063928,-0.02767261,-9.433167e-06,-0.1547002,-0.1539942,-0.1545393,-0.1551221,0
0.01869714,-0.1356622,-9.458781,-0.007028164,-0.009396394,0.001334379,48.2052,236.7336,-235.8989,236.6055,-237.6087,0.0406647,-0.02768956,-1.66524e-05,-0.1546544,-0.1541091,-0.1545707,-0.1552261,0
0.2158993,0.0464334,-9.201167,-0.005609257,-0.007841527,0.002878715,48.30291,236.4244,-235.9945,236.4183,-237.6978,0.04068932,-0.02770868,-2.191341e-05,-0.1544524,-0.1541716,-0.1544484,-0.1552843,0
-0.1279505,-0.2714436,-9.645905,-0.007908916,-0.01038947,0.000400004,48.40062,236.8122,-235.4561,236.5908,-237.2081,0.04070383,-0.02772281,-1.581756e-05,-0.1547057,-0.1538198,-0.1545611,-0.1549644,0
-0.1479581,-0.290087,-9.667896,-0.007901375,-0.01040518,0.0001776655,48.49833,236.4017,-235.8555,236.1716,-237.6248,0.04069712,-0.02772747,-2.820612e-05,-0.1544376,-0.1540807,-0.1542872,-0.1552366,0
0.01299386,-0.1415595,-9.456417,-0.006351808,-0.00894929,0.001515772,48.59604,236.0947,-235.8196,235.9864,-237.5718,0.0407201,-0.02775031,-3.93328e-05,-0.154237,-0.1540573,-0.1541662,-0.155202,0
-0.3293541,-0.4580837,-9.892527,-0.008413429,-0.01135444,-0.0008779911,48.69374,236.1053,-235.1962,235.7935,-236.9897,0.04074013,-0.02777885,-4.466295e-05,-0.1542439,-0.15365,-0.1540402,-0.1548217,0
-0.1420848,-0.2852609,-9.632539,-0.006565751,-0.009502158,0.0005734343,48.79144,235.3238,-235.2097,235.1592,-236.9852,0.04076444,-0.02780297,-6.838069e-05,-0.1537333,-0.1536588,-0.1536259,-0.1548187,0
0.3476241,0.1670756,-8.974113,-0.002736601,-0.005389072,0.004490458,48.88914,235.306,-233.9189,235.483,-235.6575,0.04082597,-0.02778904,-5.646022e-05,-0.1537217,-0.1528156,-0.1538374,-0.1539513,0
-0.2036545,-0.3420961,-9.672367,-0.008075067,-0.01043915,0.0003066775,48.98684,235.1255,-233.8817,234.8442,-235.7299,0.04085181,-0.02780814,-4.20873e-05,-0.1536038,-0.1527913,-0.1534201,-0.1539987,0
0.1102833,-0.05218348,-9.269822,-0.005511738,-0.00786578,0.002463402,49.08453,235.2754,-234.3055,235.2147,-236.1043,0.04088657,-0.02781588,-4.846296e-05,-0.1537017,-0.1530681,-0.1536621,-0.1542432,0
-0.03282276,-0.1844931,-9.462519,-0.006653566,-0.009042631,0.001498825,49.18221,235.1931,-234.3644,235.0276,-236.1998,0.04088357,-0.02781267,-4.367018e-05,-0.153648,-0.1531066,-0.1535399,-0.1543057,0
0.1796422,0.0116896,-9.18424,-0.005007914,-0.007243331,0.003021666,49.27988,235.6523,-233.9446,235.6371,-235.7733,0.04089813,-0.0277882,-3.169947e-05,-0.153948,-0.1528324,-0.153938,-0.154027,0
-0.1029619,-0.2493878,-9.555964,-0.007743013,-0.009881682,0.0008088881,49.37755,235.6026,-234.4375,235.3537,-236.321,0.04092554,-0.02780198,-2.165123e-05,-0.1539155,-0.1531544,-0.1537529,-0.1543848,0
-0.02834013,-0.1805953,-9.472325,-0.007002094,-0.009228473,0.001243501,49.47521,235.6223,-235.1505,235.4297,-237.0176,0.04094287,-0.02782645,-3.328325e-05,-0.1539284,-0.1536202,-0.1538025,-0.1548399,0
0.3374656,0.1571592,-9.002008,-0.003747524,-0.005940381,0.004086738,49.57287,236.0999,-234.4059,236.1952,-236.2321,0.04099561,-0.0278163,-2.155827e-05,-0.1542404,-0.1531337,-0.1543027,-0.1543267,0
-0.01492056,-0.1683249,-9.455155,-0.007378779,-0.009205905,0.001360569,49.67052,235.9053,-234.7802,235.6985,-236.6913,0.04102135,-0.02783056,-1.041185e-05,-0.1541133,-0.1533782,-0.1539782,-0.1546267,0
-0.08265068,-0.2310823,-9.55667,-0.00763503,-0.009594939,0.0007251411,49.76817,236.3433,-235.1846,236.1083,-237.0952,0.04104548,-0.02784475,-1.13249e-05,-0.1543994,-0.1536425,-0.1542459,-0.1548906,0
-0.2141395,-0.3527625,-9.739176,-0.008312447,-0.01041953,-0.0002367973,49.86581,235.867,-235.8931,235.5578,-237.8191,0.04105092,-0.02788023,-3.234395e-05,-0.1540883,-0.1541053,-0.1538862,-0.1553635,0
-0.1651262,-0.3078585,-9.672336,-0.006757075,-0.009184575,0.0003685867,49.96346,236.304,-234.7808,236.1145,-236.6887,0.04109132,-0.02788209,-3.156334e-05,-0.1543737,-0.1533787,-0.1542499,-0.154625,0
-0.04049871,-0.1926809,-9.489275,-0.006461948,-0.008349506,0.001295101,50.0611,235.5696,-234.7713,235.4223,-236.7092,0.04112695,-0.02788521,-3.293434e-05,-0.1538939,-0.1533724,-0.1537977,-0.1546384,0
0.01299013,-0.1432956,-9.414048,-0.006358328,-0.00804954,0.001719657,50.15873,235.7438,-234.5319,235.6093,-236.4948,0.04111821,-0.02786226,-2.66501e-05,-0.1540077,-0.153216,-0.1539199,-0.1544983,0
-0.07274622,-0.2225846,-9.525761,-0.007097316,-0.008832701,0.001021731,50.25636,235.6626,-234.6976,235.4565,-236.6967,0.04108351,-0.0278393,-3.01435e-05,-0.1539547,-0.1533243,-0.1538201,-0.1546303,0
-0.07698736,-0.2266898,-9.532297,-0.006656307,-0.008725819,0.001037827,50.35399,235.6326,-234.6688,235.4496,-236.6585,0.04111384,-0.02784847,-3.389289e-05,-0.1539351,-0.1533055,-0.1538156,-0.1546053,0
-0.08288681,-0.2322564,-9.535127,-0.006567079,-0.008748172,0.001048811,50.45161,235.2467,-234.7684,235.0608,-236.7649,0.04113755,-0.02786666,-4.393867e-05,-0.153683,-0.1533706,-0.1535616,-0.1546748,0
0.2047882,0.0333728,-9.151985,-0.004060976,-0.006225187,0.003302552,50.54923,235.5045,-233.9116,235.5378,-235.8802,0.04118878,-0.02785741,-3.66276e-05,-0.1538514,-0.1528108,-0.1538732,-0.1540968,0
-0.08750352,-0.2366061,-9.521834,-0.007027473,-0.008982564,0.00107777,50.64684,235.3291,-233.9614,235.1132,-235.9988,0.0412237,-0.02786261,-2.433377e-05,-0.1537368,-0.1528434,-0.1535958,-0.1541744,0
-0.1993549,-0.3400428,-9.674288,-0.007897365,-0.009953517,0.0001129655,50.74445,235.5558,-234.3972,235.2604,-236.4456,0.04125084,-0.02787409,-2.369551e-05,-0.1538849,-0.153128,-0.1536919,-0.1544662,0
0.1181094,-0.04685195,-9.270041,-0.005423454,-0.007377156,0.002456663,50.84204,235.6336,-234.4988,235.5577,-236.5266,0.04125017,-0.02785108,-2.284519e-05,-0.1539357,-0.1531944,-0.1538862,-0.1545192,0
0.3380445,0.1563545,-8.984362,-0.004241511,-0.005878976,0.00408369,50.93964,236.0904,-234.0581,236.1374,-236.0944,0.04128097,-0.02782183,4.276039e-07,-0.1542342,-0.1529065,-0.1542649,-0.1542368,0
-0.07689963,-0.2269346,-9.53353,-0.008248296,-0.009829526,0.0007524574,51.03722,236.0972,-235.0567,235.7997,-237.1647,0.04129562,-0.02784381,5.579926e-06,-0.1542386,-0.1535589,-0.1540442,-0.154936,0
-0.07037125,-0.2212046,-9.548983,-0.00736644,-0.009410792,0.0007262602,51.13481,236.57,-235.5195,236.3311,-237.6085,0.04128475,-0.02784014,-2.562515e-06,-0.1545475,-0.1538612,-0.1543914,-0.1552259,0
0.2135205,0.04091796,-9.184908,-0.004970109,-0.006966316,0.002916007,51.2324,236.5388,-235.3724,236.5129,-237.4416,0.04131601,-0.0278342,-8.230796e-07,-0.1545271,-0.1537651,-0.1545102,-0.1551169,0
-0.2348892,-0.3734328,-9.767099,-0.008619495,-0.01070752,-0.0004156289,51.32997,236.6007,-235.4385,236.2514,-237.589,0.04131019,-0.02784117,3.042203e-06,-0.1545676,-0.1538083,-0.1543394,-0.1552132,0
0.2159919,0.04295265,-9.182913,-0.004812811,-0.006922234,0.002859455,51.42755,236.6096,-235.556,236.591,-237.6488,0.0413475,-0.02784415,-6.917319e-06,-0.1545734,-0.1538851,-0.1545612,-0.1552523,0
-0.02649914,-0.1811534,-9.497728,-0.006818657,-0.0090088,0.001190292,51.52513,236.7695,-235.1786,236.577,-237.321,0.04138562,-0.02784804,8.720245e-06,-0.1546779,-0.1536385,-0.154552,-0.1550381,0
0.1588193,-0.0099397,-9.255749,-0.005902182,-0.007825274,0.002371569,51.62271,236.5651,-235.8141,236.4611,-237.9547,0.04140976,-0.02786381,-4.072288e-08,-0.1545443,-0.1540537,-0.1544764,-0.1554521,0
0.1345801,-0.03252285,-9.297095,-0.005729971,-0.007885633,0.00229038,51.72028,237.3167,-235.1952,237.2261,-237.3375,0.04145644,-0.0278583,1.802041e-05,-0.1550353,-0.1536494,-0.1549761,-0.1550489,0
0.04566304,-0.1146124,-9.41419,-0.007243913,-0.009088359,0.001419199,51.81786,236.8535,-236.1916,236.6431,-238.3771,0.04147421,-0.02787987,1.261365e-05,-0.1547327,-0.1543003,-0.1545953,-0.155728,0
-0.08438402,-0.2350374,-9.599994,-0.007559342,-0.009818368,0.0005071908,51.91544,237.6383,-235.956,237.3878,-238.1405,0.04150453,-0.02789046,1.87443e-05,-0.1552454,-0.1541464,-0.1550817,-0.1555735,0
0.2604071,0.08346526,-9.152607,-0.005280053,-0.007191818,0.002973703,52.01302,237.7613,-235.9217,237.7315,-238.0918,0.04155388,-0.02787933,3.070175e-05,-0.1553258,-0.154124,-0.1553063,-0.1555416,0
0.1945665,0.02274686,-9.247149,-0.006886882,-0.00839289,0.002344675,52.1106,237.9322,-236.5504,237.7847,-238.7674,0.04158073,-0.02788861,4.490128e-05,-0.1554374,-0.1545347,-0.155341,-0.155983,0
-0.1061623,-0.2552718,-9.662677,-0.009044645,-0.01084416,-6.638732e-05,52.20818,238.6237,-237.1254,238.2805,-239.3714,0.04159332,-0.02791285,4.610244e-05,-0.1558892,-0.1549103,-0.1556649,-0.1563776,0
0.0455912,-0.1153273,-9.483351,-0.007388807,-0.009339923,0.001013467,52.30577,238.5458,-237.7448,238.3405,-239.9796,0.04157471,-0.02790776,3.201298e-05,-0.1558383,-0.155315,-0.1557041,-0.1567749,0
-0.3307385,-0.4632805,-9.978762,-0.009718955,-0.01204995,-0.001620438,52.40337,238.5242,-237.7125,238.0972,-239.9943,0.041584,-0.02794016,2.397605e-05,-0.1558242,-0.1552939,-0.1555452,-0.1567845,0
0.0734526,-0.09009922,-9.444832,-0.006075951,-0.008417168,0.001437755,52.50097,238.3424,-237.3714,238.2281,-239.609,0.04161427,-0.02795178,7.954975e-06,-0.1557054,-0.155071,-0.1556307,-0.1565328,0
0.05204413,-0.1099494,-9.4586,-0.006430811,-0.008671188,0.00146513,52.59858,237.8795,-237.0053,237.7335,-239.2751,0.04164078,-0.02796873,3.712037e-06,-0.155403,-0.1548319,-0.1553076,-0.1563147,0
0.09242381,-0.0727561,-9.392404,-0.006103682,-0.00834459,0.001806208,52.69619,238.01,-236.4503,237.8918,-238.7293,0.0416766,-0.02797527,6.157794e-06,-0.1554883,-0.1544693,-0.155411,-0.1559581,0
0.01879128,-0.140814,-9.48201,-0.007031544,-0.009218986,0.001231524,52.79382,237.7989,-236.5866,237.602,-238.8941,0.04170524,-0.02798831,7.375555e-06,-0.1553503,-0.1545584,-0.1552217,-0.1560658,0
-0.0169814,-0.1739753,-9.531076,-0.007327847,-0.009618538,0.0009460631,52.89144,237.8687,-236.7434,237.6403,-239.072,0.04168974,-0.0279814,4.6104e-06,-0.155396,-0.1546608,-0.1552467,-0.156182,0
0.1438884,-0.02549486,-9.323631,-0.005944868,-0.008331958,0.002158917,52.98907,238.0076,-236.5636,237.8977,-238.8763,0.04172384,-0.02799061,5.278992e-06,-0.1554867,-0.1545433,-0.1554149,-0.1560541,0
0.02108712,-0.139015,-9.482121,-0.007117866,-0.00954059,0.001240669,53.0867,237.9893,-236.6202,237.7776,-238.9636,0.04175197,-0.02800663,9.479563e-06,-0.1554747,-0.1545803,-0.1553364,-0.1561112,0
-0.242924,-0.3830947,-9.830572,-0.008986236,-0.01166269,-0.0007697209,53.18435,237.9424,-237.037,237.5541,-239.4237,0.04172473,-0.02801301,-1.035685e-07,-0.1554441,-0.1548526,-0.1551904,-0.1564118,0
-0.09686815,-0.2484378,-9.643173,-0.007127201,-0.01012374,0.0004077703,53.28199,237.4563,-237.2901,237.2076,-239.646,0.04173576,-0.02805104,-2.890445e-05,-0.1551265,-0.1550179,-0.154964,-0.156557,0
-0.005366709,-0.1642006,-9.508559,-0.005540674,-0.008840506,0.001418477,53.37964,237.425,-236.0126,237.2985,-238.3565,0.0417766,-0.02806284,-3.194701e-05,-0.155106,-0.1541834,-0.1550234,-0.1557146,0
-0.257411,-0.3970844,-9.808773,-0.007838721,-0.0110139,-0.0003984827,53.47729,236.7347,-235.7721,236.4062,-238.1774,0.04180295,-0.0280878,-3.76241e-05,-0.1546551,-0.1540263,-0.1544405,-0.1555976,0
0.1333167,-0.03619351,-9.286947,-0.004818719,-0.00787253,0.002560123,53.57494,236.3708,-235.6107,236.3035,-237.975,0.04183712,-0.02810416,-5.055107e-05,-0.1544174,-0.1539208,-0.1543734,-0.1554654,0
-0.02964804,-0.186852,-9.486676,-0.006053602,-0.009209724,0.001522607,53.6726,236.6019,-234.63,236.4242,-237.0266,0.04188182,-0.02811115,-3.549329e-05,-0.1545684,-0.1532801,-0.1544522,-0.1548458,0
0.0450459,-0.1177924,-9.377851,-0.006190084,-0.009015027,0.001909471,53.77025,236.1884,-235.0672,236.0101,-237.4823,0.04190373,-0.0281216,-3.790465e-05,-0.1542982,-0.1535658,-0.1541817,-0.1551435,0
-0.01038299,-0.1691246,-9.45635,-0.006565365,-0.009513859,0.001536589,53.8679,236.2621,-235.1991,236.0422,-237.636,0.04187135,-0.02811113,-3.979974e-05,-0.1543464,-0.1536519,-0.1542027,-0.1552439,0
-0.003333651,-0.1628021,-9.446791,-0.006127481,-0.009306584,0.001614669,53.96555,236.5524,-234.758,236.3633,-237.1907,0.04190114,-0.02811667,-3.429942e-05,-0.154536,-0.1533637,-0.1544125,-0.154953,0
-0.2775044,-0.4161792,-9.800791,-0.008413643,-0.01166475,-0.0004665603,54.0632,236.0062,-235.3578,235.6091,-237.8408,0.0418914,-0.02813849,-4.490899e-05,-0.1541792,-0.1537556,-0.1539198,-0.1553777,0
0.3105874,0.1269307,-9.033837,-0.003357199,-0.006627208,0.00400406,54.16084,236.2487,-234.7388,236.2917,-237.1417,0.04194145,-0.02814085,-4.614591e-05,-0.1543376,-0.1533512,-0.1543657,-0.154921,0
0.08526133,-0.0811872,-9.315676,-0.005844025,-0.008845118,0.002374426,54.25848,236.4248,-234.1311,236.2682,-236.5994,0.04199066,-0.02814287,-1.879961e-05,-0.1544527,-0.1529542,-0.1543503,-0.1545667,0
0.1112621,-0.05708712,-9.285268,-0.00657065,-0.009196738,0.00225187,54.35612,236.3007,-235.1997,236.096,-237.6857,0.04201338,-0.02816713,-2.046075e-05,-0.1543716,-0.1536523,-0.1542378,-0.1552764,0
-0.2688584,-0.4085593,-9.803556,-0.008830941,-0.0119753,-0.0005414677,54.45376,236.7908,-235.4682,236.3668,-237.9891,0.04198555,-0.02817578,-2.204432e-05,-0.1546918,-0.1538277,-0.1544147,-0.1554746,0
-0.1435885,-0.2931056,-9.644518,-0.007216682,-0.01051012,0.000393871,54.55139,236.5038,-235.675,236.2087,-238.1788,0.04198462,-0.02819158,-3.985483e-05,-0.1545043,-0.1539628,-0.1543114,-0.1555985,0
-0.08302682,-0.2373611,-9.557497,-0.006340218,-0.009712014,0.001054573,54.64902,236.1514,-235.2711,235.923,-237.7734,0.04201274,-0.02821712,-4.904228e-05,-0.1542741,-0.153699,-0.1541248,-0.1553337,0
-0.02261959,-0.1816878,-9.460727,-0.0057598,-0.009033817,0.001616831,54.74666,236.0079,-234.559,235.8289,-237.069,0.04205019,-0.02823268,-5.050503e-05,-0.1541803,-0.1532338,-0.1540634,-0.1548735,0
0.07768967,-0.08903988,-9.314237,-0.005347312,-0.008344686,0.002389655,54.8443,235.8868,-234.1305,235.7547,-236.6519,0.04209659,-0.02823645,-4.157646e-05,-0.1541012,-0.1529538,-0.1540149,-0.154601,0
0.01646634,-0.1455577,-9.389318,-0.006533123,-0.009247502,0.001848775,54.94192,235.9243,-234.2776,235.7018,-236.8296,0.04213241,-0.02824792,-2.982053e-05,-0.1541256,-0.1530499,-0.1539803,-0.1547171,0
-0.07173758,-0.2271276,-9.514069,-0.007422725,-0.01011705,0.001064925,55.03954,236.2083,-234.6495,235.9102,-237.214,0.04215835,-0.02826826,-2.58409e-05,-0.1543112,-0.1532929,-0.1541165,-0.1549682,0
0.1371865,-0.03424143,-9.252583,-0.005813033,-0.008380552,0.002563137,55.13716,236.5783,-234.6454,236.4305,-237.1883,0.04219992,-0.02827168,-1.621002e-05,-0.1545529,-0.1532902,-0.1544564,-0.1549515,0
0.0992272,-0.06929826,-9.308882,-0.006825441,-0.009009941,0.002176876,55.23478,236.3883,-235.3209,236.167,-237.8961,0.04221942,-0.02829569,-1.525331e-05,-0.1544288,-0.1537315,-0.1542842,-0.1554138,0
-0.1852549,-0.3323987,-9.692894,-0.008477986,-0.01092606,5.664525e-05,55.33239,236.9348,-235.3012,236.5565,-237.9116,0.04219441,-0.02829662,-1.543599e-05,-0.1547858,-0.1537186,-0.1545387,-0.155424,0
0.4863337,0.2879435,-8.818519,-0.003354998,-0.005370883,0.005016675,55.43,236.5042,-235.5042,236.5869,-238.0564,0.04220833,-0.02828739,-2.625749e-05,-0.1545045,-0.1538512,-0.1545586,-0.1555185,0
-0.1200219,-0.2723621,-9.605556,-0.008129489,-0.01032384,0.0006746425,55.52761,237.1161,-234.75,236.7807,-237.3922,0.04224013,-0.02829841,1.44456e-06,-0.1549043,-0.1533585,-0.1546852,-0.1550846,0
0.035326,-0.1288814,-9.405273,-0.007373077,-0.009285824,0.001490043,55.62523,236.8109,-235.8147,236.55,-238.4492,0.04225565,-0.02832149,-1.253443e-05,-0.1547049,-0.154054,-0.1545344,-0.1557752,0
-0.341657,-0.4774794,-9.913183,-0.00951542,-0.01192753,-0.001135857,55.72284,237.0575,-235.8516,236.5871,-238.5134,0.04226688,-0.0283529,-1.60769e-05,-0.154866,-0.1540782,-0.1545587,-0.1558171,0
0.265472,0.08325223,-9.115957,-0.004625653,-0.006703841,0.00338387,55.82045,236.5243,-235.8649,236.485,-238.4653,0.04229217,-0.02836938,-3.86536e-05,-0.1545176,-0.1540869,-0.154492,-0.1557857,0
-0.08354225,-0.2393689,-9.557876,-0.007098582,-0.009251088,0.001080921,55.91806,236.6838,-234.7817,236.4237,-237.4456,0.0423135,-0.02837417,-2.647957e-05,-0.1546219,-0.1533792,-0.1544519,-0.1551195,0
0.1252939,-0.04644166,-9.268625,-0.005980934,-0.007703402,0.002486499,56.01567,236.1392,-235.0626,235.9865,-237.7457,0.04227995,-0.02834915,-3.66988e-05,-0.154266,-0.1535628,-0.1541663,-0.1553155,0
0.2323501,0.05236405,-9.128065,-0.005143517,-0.00692675,0.003409202,56.11328,236.3791,-234.5951,236.2989,-237.269,0.04231794,-0.02835002,-2.522872e-05,-0.1544228,-0.1532573,-0.1543704,-0.1550042,0
0.0006007205,-0.1617619,-9.426607,-0.00735885,-0.009117411,0.001572595,56.21089,236.57,-234.6236,236.3007,-237.341,0.04234539,-0.02836063,-1.346681e-05,-0.1545475,-0.1532759,-0.1543716,-0.1550512,0
-0.185444,-0.3337831,-9.679543,-0.008755866,-0.0106708,5.992618e-05,56.3085,236.5694,-235.3377,236.171,-238.0754,0.04234898,-0.02837961,-1.91952e-05,-0.1545471,-0.1537425,-0.1542869,-0.155531,0
-0.1256316,-0.2787789,-9.611736,-0.00774633,-0.009859263,0.0005652403,56.40611,236.2978,-235.7226,235.9715,-238.4496,0.04233373,-0.02839765,-3.943034e-05,-0.1543697,-0.1539939,-0.1541565,-0.1557754,0
0.2662802,0.08305555,-9.092479,-0.004133805,-0.006234934,0.003700306,56.5037,236.4255,-234.6271,236.4135,-237.311,0.04237765,-0.02839569,-3.802072e-05,-0.1544531,-0.1532782,-0.1544452,-0.1550316,0
0.08373665,-0.08552364,-9.309649,-0.006368884,-0.008065123,0.002354543,56.60131,236.1801,-234.2834,235.9907,-237.0336,0.042413,-0.02839925,-2.32418e-05,-0.1542928,-0.1530537,-0.154169,-0.1548503,0
-0.06990698,-0.2275069,-9.510532,-0.007948846,-0.009564711,0.001053232,56.69891,236.1917,-234.8541,235.8664,-237.6313,0.042429,-0.02841946,-2.453034e-05,-0.1543003,-0.1534265,-0.1540879,-0.1552408,0
-0.1861622,-0.3351577,-9.673799,-0.008321358,-0.01024162,0.0002089298,56.79651,236.3543,-235.0051,235.9827,-237.7814,0.04244491,-0.02844157,-3.053883e-05,-0.1544066,-0.1535252,-0.1541638,-0.1553389,0
0.0361718,-0.1299265,-9.382133,-0.006382376,-0.008197583,0.001924876,56.8941,236.1162,-234.8914,235.9146,-237.6485,0.04247067,-0.02845399,-3.86016e-05,-0.154251,-0.1534509,-0.1541193,-0.1552521,0
-0.1424102,-0.295042,-9.606134,-0.007756557,-0.009511244,0.0007109395,56.99169,236.2186,-234.344,235.8994,-237.1396,0.04249953,-0.02846247,-2.997796e-05,-0.1543179,-0.1530933,-0.1541094,-0.1549196,0
-0.03065892,-0.1918383,-9.453634,-0.007278163,-0.008723304,0.001443885,57.08928,235.9452,-234.6012,235.6777,-237.4031,0.04252236,-0.0284738,-3.409915e-05,-0.1541393,-0.1532613,-0.1539646,-0.1550917,0
-0.09962573,-0.255691,-9.545605,-0.007763277,-0.009215981,0.000992054,57.18687,235.7948,-234.7318,235.4798,-237.547,0.04253487,-0.0284963,-4.145592e-05,-0.1540411,-0.1533466,-0.1538353,-0.1551858,0
-0.4600056,-0.5889353,-10.01176,-0.009781618,-0.01160121,-0.001580585,57.28445,235.9291,-234.2843,235.4195,-237.1322,0.04255007,-0.02851721,-4.59503e-05,-0.1541288,-0.1530543,-0.1537959,-0.1549148,0
-0.01345369,-0.1764992,-9.416786,-0.006307188,-0.007785484,0.001780958,57.38203,235.1477,-234.3604,234.9472,-237.1699,0.0425754,-0.02852593,-6.366328e-05,-0.1536183,-0.153104,-0.1534873,-0.1549394,0
0.07002826,-0.09943397,-9.293063,-0.005856964,-0.007086942,0.002629814,57.47961,235.4258,-233.1784,235.2758,-236.0032,0.04261816,-0.0285162,-4.425278e-05,-0.1538,-0.1523318,-0.153702,-0.1541772,0
0.114224,-0.05847241,-9.222261,-0.006610066,-0.007271469,0.002751725,57.57717,235.4231,-233.2237,235.234,-236.0825,0.04265218,-0.02850959,-2.894081e-05,-0.1537983,-0.1523614,-0.1536747,-0.154229,0
-0.04263851,-0.2034026,-9.438971,-0.008357443,-0.008911423,0.001428609,57.67473,235.5129,-234.0463,235.1779,-236.9323,0.04266458,-0.02852302,-2.454625e-05,-0.1538569,-0.1528988,-0.153638,-0.1547842,0
0.1769236,-0.0007348545,-9.16955,-0.006466189,-0.007005775,0.003002133,57.77229,236.2151,-233.9309,236.0532,-236.7853,0.04269745,-0.02851511,-1.149869e-05,-0.1543157,-0.1528234,-0.1542099,-0.1546881,0
0.03858488,-0.1285354,-9.358891,-0.008251997,-0.008449374,0.001837568,57.86983,236.457,-234.2952,236.161,-237.1961,0.0427205,-0.02851439,6.856491e-06,-0.1544737,-0.1530614,-0.1542803,-0.1549565,0
0.163761,-0.01293945,-9.214215,-0.007783411,-0.007665897,0.002545423,57.96738,236.7816,-235.1053,236.5438,-238.0053,0.04273323,-0.02852092,1.08789e-05,-0.1546857,-0.1535906,-0.1545304,-0.1554852,0
0.01617548,-0.1494869,-9.428462,-0.00879301,-0.008735647,0.0014014,58.06493,237.1259,-235.5573,236.8,-238.4771,0.04273707,-0.02853729,1.10997e-05,-0.1549107,-0.1538859,-0.1546977,-0.1557934,0
0.2900564,0.1033381,-9.080956,-0.006484923,-0.00624484,0.003411469,58.16246,237.3803,-235.523,237.2651,-238.4332,0.04271563,-0.02850704,1.271004e-05,-0.1550769,-0.1538635,-0.1550016,-0.1557647,0
-0.2473253,-0.3932632,-9.785337,-0.0107766,-0.01061778,-0.000578791,58.26001,237.3854,-235.8337,236.8927,-238.8353,0.04268855,-0.02851111,1.66453e-05,-0.1550802,-0.1540665,-0.1547583,-0.1560273,0
-0.1364668,-0.2911307,-9.648479,-0.009264713,-0.00937869,0.0001767138,58.35756,237.4281,-236.1593,237.0536,-239.1326,0.04269184,-0.02852675,6.239565e-07,-0.1551081,-0.1542792,-0.1548634,-0.1562216,0
-0.04182078,-0.2039072,-9.524149,-0.008145944,-0.00835722,0.001060028,58.4551,237.0265,-236.0226,236.7403,-238.9922,0.04269889,-0.02854186,-1.23998e-05,-0.1548457,-0.1541899,-0.1546588,-0.1561299,0
0.0113318,-0.1549794,-9.440048,-0.007481951,-0.007683821,0.001605396,58.55265,236.9615,-235.2868,236.7299,-238.2656,0.04271708,-0.02854614,-1.518934e-05,-0.1548032,-0.1537092,-0.154652,-0.1556552,0
-0.1448055,-0.299321,-9.628166,-0.008807587,-0.008975609,0.000490842,58.65021,236.5786,-235.1405,236.2289,-238.1584,0.04272808,-0.0285568,-1.970812e-05,-0.1545531,-0.1536136,-0.1543246,-0.1555852,0
-0.102539,-0.2604167,-9.565075,-0.008334829,-0.008567166,0.0008603475,58.74776,236.2641,-235.136,235.9474,-238.1538,0.0427364,-0.02857038,-3.128701e-05,-0.1543476,-0.1536107,-0.1541408,-0.1555822,0
-0.3908468,-0.52701,-9.932463,-0.01001542,-0.01060493,-0.001127604,58.84531,236.1059,-234.7325,235.6225,-237.782,0.04274108,-0.02859019,-4.009348e-05,-0.1542443,-0.1533471,-0.1539285,-0.1553393,0
-0.05713902,-0.2188743,-9.481108,-0.007136419,-0.007658853,0.001448597,58.94286,235.5151,-234.427,235.278,-237.4438,0.0427588,-0.02859688,-5.733444e-05,-0.1538584,-0.1531475,-0.1537035,-0.1551183,0
0.3952975,0.1991231,-8.869996,-0.004044031,-0.004153827,0.005018124,59.04041,235.5656,-233.1758,235.6184,-236.1718,0.04280821,-0.02857025,-3.788441e-05,-0.1538914,-0.1523301,-0.1539258,-0.1542874,0
0.1170029,-0.05775662,-9.217936,-0.007697458,-0.007315915,0.002764781,59.13795,235.5921,-233.305,235.3515,-236.3845,0.04282948,-0.02856753,-1.475627e-05,-0.1539087,-0.1524145,-0.1537515,-0.1544263,0
0.07933227,-0.09262415,-9.284622,-0.008263084,-0.007958566,0.002221195,59.23548,236.3062,-233.874,236.0231,-236.952,0.04284949,-0.02856354,9.007863e-09,-0.1543752,-0.1527863,-0.1541902,-0.154797,0
0.160203,-0.01795881,-9.203189,-0.008079325,-0.007662357,0.002649698,59.33301,236.3321,-234.935,236.0748,-238.0118,0.04285502,-0.0285746,1.163945e-06,-0.1543921,-0.1534794,-0.154224,-0.1554894,0
0.1034278,-0.07063752,-9.297501,-0.008223949,-0.007950811,0.00221107,59.43053,237.0391,-234.9286,236.7692,-238.0093,0.04286516,-0.02858241,9.04642e-06,-0.1548539,-0.1534752,-0.1546776,-0.1554878,0
0.1058867,-0.06851147,-9.302736,-0.008288915,-0.007874588,0.002130588,59.52806,237.2031,-235.151,236.9389,-238.2479,0.04287919,-0.02858464,1.431311e-05,-0.1549611,-0.1536205,-0.1547885,-0.1556437,0
-0.04398379,-0.2070905,-9.507479,-0.009663899,-0.009151237,0.0009570819,59.62558,237.3434,-235.5853,236.9671,-238.717,0.04288401,-0.02859449,1.942672e-05,-0.1550528,-0.1539042,-0.1548069,-0.1559501,0
0.01527815,-0.1525139,-9.442047,-0.009160413,-0.008605797,0.001323565,59.72311,237.6004,-235.8573,237.2714,-238.9926,0.04287744,-0.02859782,1.79806e-05,-0.1552207,-0.1540819,-0.1550057,-0.1561301,0
-0.09798441,-0.2573552,-9.597458,-0.009852302,-0.009382451,0.0004937533,59.82064,237.5658,-236.0825,237.1699,-239.2578,0.04281616,-0.02857935,1.090799e-05,-0.155198,-0.154229,-0.1549394,-0.1563034,0
-0.04103951,-0.2049941,-9.523345,-0.008910573,-0.008665491,0.0009859347,59.91817,237.4067,-236.0628,237.0809,-239.2299,0.04281764,-0.02859477,-1.361053e-06,-0.1550941,-0.1542162,-0.1548813,-0.1562852,0
-0.04052192,-0.2047156,-9.514318,-0.00857158,-0.008485032,0.001129601,60.0157,237.3442,-235.5534,237.0408,-238.7291,0.04283045,-0.02860055,-2.096236e-06,-0.1550533,-0.1538834,-0.1548551,-0.155958,0
-0.02068453,-0.1864588,-9.477039,-0.008656181,-0.008473618,0.001285764,60.11324,237.0095,-235.5398,236.6995,-238.735,0.0428369,-0.02861238,-7.485345e-06,-0.1548346,-0.1538745,-0.1546321,-0.1559619,0
-0.2098613,-0.3614208,-9.719771,-0.009837409,-0.009917662,-5.006837e-05,60.21077,236.8734,-235.4909,236.4449,-238.7101,0.04283469,-0.02863481,-1.729581e-05,-0.1547457,-0.1538425,-0.1544658,-0.1559456,0
0.1397729,-0.03859491,-9.255238,-0.006790928,-0.006886922,0.002646137,60.30831,237.0203,-234.7199,236.8596,-237.9024,0.0428661,-0.02862319,-1.217118e-05,-0.1548416,-0.1533388,-0.1547367,-0.1554179,0
-0.006513381,-0.1736399,-9.434601,-0.008943604,-0.008691782,0.001520931,60.40585,236.6909,-234.9142,236.3581,-238.1575,0.04287684,-0.02863064,-1.926319e-06,-0.1546264,-0.1534658,-0.1544091,-0.1555846,0
0.1541323,-0.0253123,-9.232296,-0.007892691,-0.007616844,0.002585453,60.50339,237.2194,-234.9733,236.9836,-238.201,0.04289181,-0.02863251,5.094e-06,-0.1549717,-0.1535044,-0.1548177,-0.155613,0
-0.05748567,-0.2209211,-9.518932,-0.009732662,-0.009549798,0.0009391712,60.60093,237.2026,-235.4968,236.8049,-238.76,0.04289157,-0.02865104,5.873015e-06,-0.1549608,-0.1538464,-0.1547009,-0.1559782,0
0.2646666,0.07652766,-9.107821,-0.007109872,-0.006871831,0.003300506,60.69847,237.3862,-235.6127,237.2205,-238.8506,0.04287186,-0.0286362,3.540546e-06,-0.1550807,-0.1539221,-0.1549724,-0.1560374,0
-0.0434784,-0.2082903,-9.512825,-0.009572615,-0.00945195,0.001050173,60.79601,237.5364,-235.5596,237.1536,-238.8499,0.04287471,-0.02865282,1.075209e-05,-0.1551788,-0.1538874,-0.1549288,-0.1560369,0
-0.02275285,-0.1893311,-9.489159,-0.009233755,-0.009215345,0.00110656,60.89355,237.6356,-235.7916,237.2783,-239.0923,0.04284385,-0.02864316,6.185099e-06,-0.1552436,-0.154039,-0.1550102,-0.1561953,0
0.0433809,-0.128387,-9.407216,-0.008657163,-0.008716581,0.001642958,60.9911,237.4027,-236.0418,237.0909,-239.3423,0.0428455,-0.02866214,-1.165808e-06,-0.1550915,-0.1542024,-0.1548878,-0.1563586,0
0.02314495,-0.1472861,-9.431754,-0.008508984,-0.008754659,0.001572673,61.08864,237.5886,-235.6418,237.2818,-238.9487,0.04285395,-0.02867622,-1.240084e-06,-0.1552129,-0.1539412,-0.1550125,-0.1561015,0
-0.09251054,-0.2542808,-9.576609,-0.009376832,-0.009692384,0.0007146215,61.1862,237.402,-235.6455,237.0153,-238.9789,0.04285918,-0.02869372,-4.819104e-06,-0.1550911,-0.1539435,-0.1548384,-0.1561212,0
-0.02781549,-0.194664,-9.489401,-0.008799942,-0.009151562,0.001230264,61.28375,237.2072,-235.7184,236.8662,-239.0519,0.0428641,-0.02871186,-1.210619e-05,-0.1549637,-0.1539911,-0.154741,-0.1561689,0
-0.07310768,-0.2366826,-9.544339,-0.008970012,-0.00943491,0.0009790076,61.3813,237.1611,-235.4531,236.7976,-238.7995,0.04286921,-0.02873122,-1.612726e-05,-0.1549337,-0.1538178,-0.1546962,-0.156004,0
0.02192623,-0.1490308,-9.412219,-0.008160755,-0.008606449,0.001727069,61.47886,237.0401,-235.1723,236.7459,-238.5189,0.04288195,-0.02874277,-1.891984e-05,-0.1548546,-0.1536344,-0.1546624,-0.1558207,0
0.05501613,-0.1185327,-9.361336,-0.008162043,-0.008487636,0.002009287,61.57642,236.9021,-235.0295,236.6118,-238.3953,0.04288462,-0.02874681,-1.605743e-05,-0.1547645,-0.1535411,-0.1545748,-0.1557399,0
-0.07616623,-0.239832,-9.530104,-0.009317611,-0.009682459,0.001009036,61.67398,236.951,-235.0576,236.5564,-238.4602,0.04285578,-0.0287439,-1.474189e-05,-0.1547964,-0.1535595,-0.1545386,-0.1557823,0
0.03207274,-0.1399927,-9.390783,-0.008339836,-0.008828478,0.00179119,61.77154,236.773,-235.2805,236.4548,-238.6768,0.04283574,-0.02875064,-2.464457e-05,-0.1546801,-0.1537051,-0.1544722,-0.1559239,0
-0.1012808,-0.2634164,-9.562483,-0.008928845,-0.009753589,0.0009227392,61.86909,237.0857,-234.6776,236.7054,-238.087,0.04285352,-0.02875988,-1.519729e-05,-0.1548844,-0.1533112,-0.1546359,-0.1555385,0
0.0469433,-0.1264855,-9.362684,-0.008330509,-0.00888991,0.001910948,61.96665,236.6314,-235.1419,236.3115,-238.5576,0.04286061,-0.0287784,-2.09669e-05,-0.1545876,-0.1536145,-0.1543786,-0.1558459,0
-0.02690288,-0.194886,-9.463426,-0.008723309,-0.009458555,0.001433809,62.06421,236.9925,-234.8637,236.6313,-238.2918,0.04286064,-0.02878914,-1.575904e-05,-0.1548235,-0.1534328,-0.1545875,-0.1556723,0
-0.1635332,-0.3212656,-9.640422,-0.009744443,-0.01055671,0.000361504,62.16178,236.7686,-235.1285,236.3101,-238.5976,0.042806,-0.0287827,-2.387077e-05,-0.1546773,-0.1536058,-0.1543777,-0.1558721,0
0.3325716,0.1369113,-8.992337,-0.005728213,-0.006495402,0.004120555,62.25933,236.7746,-234.8115,236.6688,-238.224,0.04283158,-0.02878498,-2.367405e-05,-0.1546812,-0.1533987,-0.154612,-0.155628,0
0.1622155,-0.02045561,-9.207473,-0.007701192,-0.008322714,0.002872017,62.35689,237.1468,-234.3003,236.8818,-237.7648,0.042857,-0.02878705,3.026477e-06,-0.1549243,-0.1530648,-0.1547512,-0.1553281,0
0.2233919,0.03610852,-9.134989,-0.00809336,-0.008432964,0.00300985,62.45445,237.3249,-235.1385,237.0416,-238.6159,0.04286683,-0.02880126,1.025087e-05,-0.1550407,-0.1536123,-0.1548556,-0.1558841,0
0.03642001,-0.136809,-9.403957,-0.009486197,-0.01006859,0.001534318,62.552,237.7825,-235.783,237.3718,-239.2762,0.04286626,-0.02882778,1.477629e-05,-0.1553396,-0.1540334,-0.1550713,-0.1563154,0
0.1262624,-0.05404413,-9.30327,-0.008519065,-0.00917449,0.002126744,62.64957,238.089,-236.0735,237.7615,-239.5579,0.04286095,-0.02884128,1.310032e-05,-0.1555398,-0.1542231,-0.1553259,-0.1564994,0
-0.2173138,-0.371696,-9.759803,-0.01094658,-0.01177612,-0.000405782,62.74713,238.1461,-236.3239,237.5977,-239.8675,0.04281966,-0.02885083,1.071054e-05,-0.1555771,-0.1543867,-0.1552189,-0.1567017,0
0.1630195,-0.02054604,-9.266695,-0.007684737,-0.008476972,0.002413077,62.8447,238.0633,-236.3837,237.7974,-239.8914,0.04280398,-0.02885242,-6.004225e-07,-0.1555231,-0.1544258,-0.1553493,-0.1567173,0
-0.135129,-0.2961687,-9.651896,-0.00986927,-0.01086965,0.0003379815,62.94227,237.928,-236.1902,237.4591,-239.7457,0.04280207,-0.0288847,-2.419235e-06,-0.1554347,-0.1542994,-0.1551283,-0.1566221,0
0.08907011,-0.08924693,-9.352428,-0.007823916,-0.008857128,0.002001548,63.03985,238.0324,-235.8154,237.7388,-239.3466,0.04281956,-0.02889659,-5.320845e-06,-0.1555029,-0.1540545,-0.1553111,-0.1563614,0
-0.03049467,-0.1997584,-9.502361,-0.009162916,-0.01008209,0.001153263,63.13743,237.5951,-236.0462,237.184,-239.6317,0.04277493,-0.02889287,-8.173907e-06,-0.1552172,-0.1542053,-0.1549486,-0.1565477,0
0.1569108,-0.02680183,-9.257007,-0.007491767,-0.008518906,0.002562104,63.23502,238.0768,-235.5289,237.8077,-239.1018,0.04276148,-0.02887873,-1.236299e-06,-0.1555318,-0.1538673,-0.155356,-0.1562015,0
0.1470793,-0.03588798,-9.26819,-0.00812626,-0.009084137,0.002408806,63.33261,237.712,-235.9929,237.3887,-239.5956,0.04274241,-0.02888756,-2.433028e-06,-0.1552936,-0.1541705,-0.1550823,-0.1565241,0
0.1180694,-0.06288961,-9.312755,-0.008047176,-0.009345493,0.00219851,63.43021,238.3293,-235.7151,238.0026,-239.3234,0.04272475,-0.02887798,8.256608e-06,-0.1556968,-0.153989,-0.1554834,-0.1563462,0
0.007564634,-0.1650578,-9.461912,-0.009206521,-0.01057285,0.001249038,63.52781,238.1741,-236.3194,237.744,-239.9519,0.04272841,-0.02890759,7.18598e-06,-0.1555954,-0.1543838,-0.1553144,-0.1567568,0
0.04422459,-0.1314096,-9.425435,-0.008610264,-0.01023045,0.001516786,63.62541,238.2797,-236.6364,237.8876,-240.2671,0.04269527,-0.02892018,-1.849699e-06,-0.1556644,-0.1545909,-0.1554083,-0.1569628,0
-0.2001436,-0.357475,-9.746676,-0.009822114,-0.01188877,-0.0001982577,63.72302,238.1534,-236.599,237.631,-240.2498,0.04269069,-0.02896491,-1.598909e-05,-0.1555819,-0.1545664,-0.1552406,-0.1569515,0
0.2738106,0.0801637,-9.117803,-0.005691469,-0.007728105,0.003456099,63.82064,238.1043,-235.8425,237.9419,-239.4411,0.04272348,-0.02897213,-1.77031e-05,-0.1555499,-0.1540722,-0.1554437,-0.1564231,0
0.06872965,-0.1092309,-9.369655,-0.008201416,-0.009911276,0.001970548,63.91826,237.6271,-235.9074,237.2545,-239.5737,0.04273129,-0.02900369,-1.326003e-05,-0.1552381,-0.1541146,-0.1549947,-0.1565098,0
-0.04520278,-0.2147038,-9.519482,-0.008757187,-0.0107255,0.001065361,64.01588,238.1415,-235.693,237.7084,-239.3663,0.04273227,-0.02902388,-1.213893e-05,-0.1555742,-0.1539746,-0.1552912,-0.1563743,0
-0.1377179,-0.3003425,-9.642109,-0.00938342,-0.01146407,0.0003622901,64.11351,237.8179,-236.0555,237.3213,-239.7614,0.04268296,-0.02901839,-1.873829e-05,-0.1553627,-0.1542114,-0.1550383,-0.1566324,0
0.2935174,0.09793629,-9.079143,-0.0060555,-0.008044548,0.003620703,64.21115,237.7712,-235.9253,237.566,-239.5849,0.04270373,-0.0290378,-2.141601e-05,-0.1553322,-0.1541263,-0.1551982,-0.1565171,0
0.1612456,-0.02433592,-9.247531,-0.007360466,-0.009341674,0.002677146,64.30878,238.1395,-235.382,237.823,-239.0756,0.04272617,-0.0290565,-5.036472e-06,-0.1555728,-0.1537714,-0.1553661,-0.1561844,0
-0.0007175622,-0.1740376,-9.460591,-0.008990302,-0.01091907,0.001282345,64.40643,238.2289,-235.8849,237.7738,-239.6091,0.0427383,-0.02908322,-2.334556e-07,-0.1556312,-0.1540999,-0.1553339,-0.1565329,0
0.228991,0.03806109,-9.175488,-0.007395047,-0.009209618,0.002913122,64.50407,238.3714,-236.3926,238.0611,-240.0931,0.04275303,-0.0291067,1.196562e-06,-0.1557243,-0.1544316,-0.1555216,-0.1568491,0
-0.08401287,-0.2512929,-9.595481,-0.009806432,-0.01173866,0.0005735779,64.60173,238.8521,-236.4182,238.3276,-240.162,0.04275811,-0.02914086,9.732846e-06,-0.1560384,-0.1544483,-0.1556957,-0.1568941,0
-0.4119159,-0.5545213,-10.03285,-0.01188863,-0.01407054,-0.001970975,64.69938,238.4644,-237.3636,237.737,-241.1492,0.04270155,-0.02917786,-1.760423e-05,-0.1557851,-0.1550659,-0.1553099,-0.157539,0
-0.09836694,-0.2653089,-9.625488,-0.008078439,-0.01061061,0.0006436271,64.79705,238.0383,-237.0255,237.6152,-240.7491,0.04270374,-0.02921971,-4.851835e-05,-0.1555067,-0.1548451,-0.1552303,-0.1572776,0
0.1055593,-0.07710055,-9.329538,-0.006174097,-0.008530937,0.002515613,64.89472,237.8171,-235.3716,237.5609,-239.0964,0.0427383,-0.02922947,-4.321357e-05,-0.1553622,-0.1537646,-0.1551948,-0.156198,0
0.01811087,-0.1577747,-9.412045,-0.00788768,-0.009705218,0.001823511,64.9924,237.2734,-235.1504,236.8821,-238.9451,0.04271995,-0.02922575,-3.882023e-05,-0.155007,-0.1536201,-0.1547514,-0.1560991,0
-0.08560476,-0.2536997,-9.544676,-0.008744929,-0.01070386,0.001011275,65.09009,237.5257,-235.099,237.0523,-238.9021,0.04273635,-0.02924759,-3.290195e-05,-0.1551719,-0.1535865,-0.1548626,-0.156071,0
0.005777445,-0.1693653,-9.428796,-0.008204347,-0.01015592,0.001621186,65.18777,237.4734,-235.3631,237.0461,-239.1578,0.04275217,-0.0292703,-3.183717e-05,-0.1551376,-0.1537591,-0.1548585,-0.1562381,0
0.1120633,-0.07126882,-9.294937,-0.007580556,-0.009415698,0.002397751,65.28545,237.6383,-235.3864,237.2691,-239.1769,0.04276916,-0.02929191,-2.680842e-05,-0.1552454,-0.1537743,-0.1550042,-0.1562506,0
-0.1576669,-0.3206141,-9.651082,-0.009701193,-0.01158016,0.0003465627,65.38314,237.8553,-235.4848,237.2981,-239.3138,0.04277702,-0.02932233,-2.22499e-05,-0.1553872,-0.1538386,-0.1550231,-0.15634,0
-0.06935582,-0.2392149,-9.541661,-0.008895112,-0.01070001,0.0009398205,65.48083,237.4982,-236.1097,237.0062,-239.9285,0.0427763,-0.02936075,-3.946261e-05,-0.1551539,-0.1542468,-0.1548325,-0.1567416,0
-0.01581301,-0.1900286,-9.471761,-0.007902924,-0.009783629,0.001535277,65.57852,237.8384,-235.3029,237.4277,-239.114,0.04279869,-0.02937664,-3.349783e-05,-0.1553761,-0.1537197,-0.1551078,-0.1562094,0
0.01190318,-0.16443,-9.423044,-0.008312556,-0.009721173,0.001678123,65.67622,237.3337,-235.5025,236.8997,-239.3443,0.04280743,-0.02940296,-3.760253e-05,-0.1550464,-0.1538501,-0.1547629,-0.1563599,0
0.04671899,-0.1324315,-9.377369,-0.007943296,-0.009287728,0.00198661,65.77393,237.6541,-235.1549,237.2526,-238.9999,0.04281469,-0.02941113,-3.135649e-05,-0.1552557,-0.153623,-0.1549934,-0.1561349,0
0.3400315,0.1385453,-8.991978,-0.006283652,-0.007149739,0.004088504,65.87162,237.7222,-235.0601,237.4862,-238.9045,0.04282046,-0.02939702,-1.838181e-05,-0.1553002,-0.1535611,-0.1551461,-0.1560726,0
-0.2916474,-0.4450991,-9.823515,-0.01162738,-0.01258563,-0.0007222253,65.96933,237.9988,-235.6203,237.2935,-239.5521,0.04281548,-0.02943121,-6.840169e-06,-0.1554809,-0.1539271,-0.1550202,-0.1564956,0
0.008918665,-0.1676908,-9.449973,-0.008813342,-0.009850754,0.001347087,66.06703,238.0603,-236.3547,237.5917,-240.2416,0.04278229,-0.02943752,-2.497505e-05,-0.1555211,-0.1544068,-0.155215,-0.1569461,0
-0.09531474,-0.2642603,-9.591894,-0.009098595,-0.01031002,0.000788515,66.16474,237.8555,-236.2071,237.3479,-240.107,0.04278165,-0.02947074,-3.352586e-05,-0.1553873,-0.1543104,-0.1550557,-0.1568582,0
0.1113003,-0.07358463,-9.309379,-0.00716945,-0.008250104,0.002412771,66.26246,238.0041,-235.3624,237.6671,-239.2483,0.04280612,-0.02947708,-3.053989e-05,-0.1554844,-0.1537586,-0.1552642,-0.1562972,0
0.1487657,-0.03892168,-9.247768,-0.007691113,-0.00828674,0.002668475,66.36018,237.4448,-235.5967,237.0764,-239.5203,0.0428047,-0.02948742,-3.046009e-05,-0.155119,-0.1539116,-0.1548783,-0.1564749,0
-0.02123065,-0.196141,-9.470617,-0.008877647,-0.00958792,0.00141521,66.45791,237.8526,-235.376,237.3725,-239.3413,0.04274545,-0.02946108,-2.528666e-05,-0.1553854,-0.1537675,-0.1550718,-0.1563579,0
-0.3458045,-0.4962237,-9.895925,-0.01098378,-0.01207765,-0.001043521,66.55563,237.493,-235.8958,236.8061,-239.8969,0.0427121,-0.02948475,-4.096736e-05,-0.1551505,-0.1541071,-0.1547017,-0.1567209,0
-0.07285513,-0.2443756,-9.537998,-0.007915431,-0.009365914,0.00115401,66.65337,237.3635,-235.4924,236.9237,-239.4401,0.0427268,-0.02950259,-5.345375e-05,-0.1550659,-0.1538435,-0.1547786,-0.1564225,0
0.238957,0.04367908,-9.112543,-0.005854473,-0.006951962,0.003621313,66.7511,236.8876,-234.8947,236.6358,-238.8363,0.04274954,-0.02951279,-5.381557e-05,-0.154755,-0.1534531,-0.1545905,-0.156028,0
0.2025216,0.01001772,-9.144346,-0.006590199,-0.007474337,0.003375171,66.84883,237.2466,-234.0956,236.9404,-238.0769,0.0427493,-0.02949157,-3.334293e-05,-0.1549895,-0.152931,-0.1547895,-0.1555319,0
-0.1264917,-0.2939235,-9.57273,-0.009776309,-0.01061863,0.0007192069,66.94658,237.0366,-234.9207,236.4536,-238.9559,0.04275187,-0.02951738,-3.081838e-05,-0.1548523,-0.1534701,-0.1544715,-0.1561062,0
-0.1524165,-0.3181347,-9.623061,-0.009403671,-0.01062843,0.0004966466,67.0443,237.2614,-235.3488,236.6921,-239.3723,0.0427236,-0.02952662,-3.891747e-05,-0.1549992,-0.1537497,-0.1546273,-0.1563782,0
0.07594365,-0.1073697,-9.328268,-0.007253922,-0.008531453,0.002281344,67.14204,237.2611,-235.0346,236.875,-239.0306,0.04274133,-0.02954143,-4.16095e-05,-0.154999,-0.1535444,-0.1547468,-0.156155,0
0.1212797,-0.06553724,-9.259991,-0.007203639,-0.008251086,0.002660075,67.23979,237.0531,-234.8437,236.6776,-238.8616,0.04274727,-0.02955119,-3.959382e-05,-0.1548631,-0.1534197,-0.1546178,-0.1560446,0
-0.007556608,-0.184676,-9.423882,-0.00825306,-0.009293247,0.001693143,67.33752,237.3741,-234.52,236.9081,-238.5801,0.04271549,-0.02952512,-2.741414e-05,-0.1550728,-0.1532083,-0.1547683,-0.1558607,0
0.1320522,-0.05570597,-9.243867,-0.007648512,-0.008520861,0.00259052,67.43527,237.26,-235.001,236.855,-239.0579,0.04273157,-0.02953761,-2.371967e-05,-0.1549983,-0.1535225,-0.1547337,-0.1561728,0
0.0007737353,-0.1771088,-9.426252,-0.008714947,-0.009729826,0.001582338,67.533,237.4894,-235.3012,236.985,-239.3738,0.04273554,-0.02956428,-2.171647e-05,-0.1551481,-0.1537186,-0.1548187,-0.1563792,0
0.1035625,-0.08235706,-9.29958,-0.007586193,-0.008690115,0.002313738,67.63075,237.8409,-235.1448,237.4331,-239.2017,0.04275464,-0.029576,-1.845643e-05,-0.1553777,-0.1536165,-0.1551113,-0.1562667,0
-0.2285743,-0.3893175,-9.734546,-0.01032097,-0.01141904,-0.0001744371,67.7285,237.655,-235.5512,237.0076,-239.6631,0.04275691,-0.02960423,-1.769239e-05,-0.1552563,-0.1538819,-0.1548334,-0.1565682,0
0.1144493,-0.07258908,-9.29246,-0.007491924,-0.008456718,0.002344574,67.82625,237.5622,-235.8016,237.1611,-239.8733,0.04276372,-0.02962711,-3.131275e-05,-0.1551957,-0.1540455,-0.1549337,-0.1567055,0
-0.1907494,-0.3547806,-9.688413,-0.009441569,-0.01059859,0.0002523003,67.924,237.6933,-235.2294,237.1112,-239.3431,0.04277153,-0.02965105,-2.874071e-05,-0.1552813,-0.1536717,-0.1549011,-0.1563592,0
-0.09470329,-0.2661865,-9.552007,-0.008641437,-0.009632273,0.0009316473,68.02176,237.1891,-235.3993,236.6759,-239.5135,0.04277767,-0.02967443,-4.352067e-05,-0.1549519,-0.1537827,-0.1546167,-0.1564704,0
0.002006114,-0.1769965,-9.418441,-0.007707132,-0.008643542,0.001827947,68.11951,237.087,-234.8974,236.653,-239.009,0.04279418,-0.02968752,-4.379316e-05,-0.1548852,-0.1534548,-0.1546017,-0.1561409,0
-0.01657568,-0.1942161,-9.429461,-0.008114761,-0.00884253,0.001706432,68.21727,236.8649,-234.6521,236.3983,-238.7871,0.04280467,-0.02970525,-4.539427e-05,-0.1547402,-0.1532946,-0.1544353,-0.1559959,0
0.082188,-0.1030771,-9.294027,-0.00737167,-0.007992834,0.002465474,68.31503,236.7197,-234.5157,236.3178,-238.6475,0.04281828,-0.02971884,-4.855191e-05,-0.1546453,-0.1532055,-0.1543827,-0.1559047,0
-0.09811193,-0.2697697,-9.523085,-0.008745097,-0.009386274,0.001184252,68.41279,236.7811,-234.2162,236.2577,-238.3785,0.0428329,-0.02973074,-4.14161e-05,-0.1546854,-0.1530098,-0.1543435,-0.1557289,0
0.07814131,-0.10698,-9.28967,-0.007706096,-0.008071901,0.002414519,68.51054,236.72,-234.3133,236.2975,-238.4697,0.04285001,-0.02973731,-3.860667e-05,-0.1546455,-0.1530733,-0.1543695,-0.1557886,0
-0.2662292,-0.425243,-9.74275,-0.01046534,-0.0108995,-0.0001495216,68.60831,236.8389,-234.4707,236.1714,-238.6754,0.04285072,-0.02976044,-3.444813e-05,-0.1547232,-0.1531761,-0.1542871,-0.1559229,0
-0.04748921,-0.2233484,-9.461634,-0.008497082,-0.008877507,0.001419054,68.70606,236.8228,-234.6161,236.326,-238.7915,0.04286022,-0.0297736,-4.272652e-05,-0.1547126,-0.153271,-0.1543881,-0.1559988,0
-0.1177243,-0.2883663,-9.551369,-0.009029607,-0.009316627,0.001010185,68.80382,236.4017,-234.7089,235.8551,-238.9066,0.04285889,-0.02979875,-5.173928e-05,-0.1544376,-0.1533316,-0.1540805,-0.1560739,0
-0.2038838,-0.3682151,-9.655157,-0.009109719,-0.009517476,0.0004858004,68.90158,236.6062,-233.985,236.0438,-238.1914,0.04287109,-0.0298098,-5.205776e-05,-0.1545712,-0.1528588,-0.1542037,-0.1556067,0
0.05485481,-0.129198,-9.303453,-0.00747177,-0.007456919,0.002418736,68.99934,235.9396,-234.0345,235.5311,-238.2365,0.0428842,-0.02981726,-5.947868e-05,-0.1541357,-0.1528911,-0.1538688,-0.1556362,0
-0.0726446,-0.2470744,-9.461412,-0.008547405,-0.008465092,0.001585311,69.09708,236.1463,-233.4695,235.6451,-237.7005,0.0428982,-0.02982301,-4.886735e-05,-0.1542707,-0.152522,-0.1539433,-0.155286,0
-0.07719756,-0.2513322,-9.461564,-0.00883935,-0.008580829,0.001443523,69.19483,236.0344,-233.5843,235.5126,-237.8324,0.04289804,-0.02982531,-4.874029e-05,-0.1541976,-0.152597,-0.1538567,-0.1553722,0
0.3314213,0.1261435,-8.929895,-0.006001219,-0.005404558,0.004479052,69.29258,236.0571,-233.5169,235.7965,-237.7458,0.04287558,-0.02978841,-4.140839e-05,-0.1542124,-0.1525529,-0.1540422,-0.1553156,0
0.0592246,-0.1253199,-9.28621,-0.008649164,-0.007978536,0.002404962,69.39032,236.5777,-233.3067,236.0964,-237.5887,0.04289201,-0.02978633,-1.559151e-05,-0.1545525,-0.1524156,-0.1542381,-0.155213,0
-0.09003425,-0.2632732,-9.494221,-0.01014538,-0.009465013,0.001005956,69.48805,236.8373,-234.1884,236.2303,-238.4913,0.04289335,-0.02979716,-1.045097e-05,-0.1547221,-0.1529916,-0.1543256,-0.1558027,0
-0.08831396,-0.2618859,-9.515038,-0.009897118,-0.009354725,0.0009579739,69.58579,236.9489,-234.9383,236.3578,-239.2354,0.0428789,-0.02981077,-1.628638e-05,-0.154795,-0.1534815,-0.1544089,-0.1562888,0
0.0198617,-0.1621843,-9.383505,-0.008634549,-0.00812852,0.001823025,69.68353,237.5263,-234.4262,237.0479,-238.718,0.04287809,-0.02979636,-5.301041e-06,-0.1551722,-0.153147,-0.1548597,-0.1559508,0
-0.1564983,-0.3251339,-9.613066,-0.01054652,-0.009791592,0.0003978385,69.78127,236.696,-235.4957,236.0521,-239.8368,0.04285536,-0.02983294,-2.540121e-05,-0.1546298,-0.1538457,-0.1542092,-0.1566816,0
0.05359964,-0.1314341,-9.343644,-0.007661364,-0.007292468,0.002176155,69.879,237.3317,-234.4865,236.9229,-238.7786,0.04287171,-0.02983227,-2.646753e-05,-0.1550451,-0.1531864,-0.154778,-0.1559904,0
0.03787817,-0.1459299,-9.345727,-0.008393136,-0.00760713,0.002087966,69.97673,236.6243,-234.4353,236.1655,-238.7761,0.04287008,-0.02983023,-2.588538e-05,-0.154583,-0.1531529,-0.1542832,-0.1559887,0
-0.1209233,-0.292741,-9.547763,-0.009664563,-0.008915542,0.0009166272,70.07447,236.8079,-234.3151,236.2332,-238.7023,0.04281206,-0.02980155,-2.337607e-05,-0.1547029,-0.1530744,-0.1543275,-0.1559405,0
-0.1891133,-0.3559101,-9.637259,-0.009860118,-0.009405534,0.0003873559,70.17221,236.7316,-234.3902,236.1256,-238.7849,0.04279379,-0.02980227,-2.946204e-05,-0.154653,-0.1531235,-0.1542572,-0.1559944,0
-0.04799361,-0.2256778,-9.450083,-0.008506905,-0.008225941,0.001508587,70.26994,236.3127,-234.4954,235.8129,-238.8724,0.04279539,-0.02981755,-4.196696e-05,-0.1543794,-0.1531922,-0.1540529,-0.1560516,0
-0.01595493,-0.1962331,-9.398757,-0.007939143,-0.007807367,0.001902468,70.36768,236.2454,-233.8958,235.7854,-238.2739,0.04280505,-0.02982724,-4.462183e-05,-0.1543354,-0.1528005,-0.1540349,-0.1556606,0
0.08757597,-0.1006365,-9.248456,-0.007259917,-0.007015462,0.002713125,70.46542,236.1833,-233.3319,235.7879,-237.7164,0.04282773,-0.02982267,-3.751028e-05,-0.1542949,-0.1524321,-0.1540366,-0.1552964,0
0.4109176,0.1982143,-8.818304,-0.005697653,-0.004964813,0.005040528,70.56313,236.3498,-233.0968,236.1185,-237.4778,0.04286279,-0.02980172,-1.391953e-05,-0.1544037,-0.1522785,-0.1542525,-0.1551405,0
0.09444748,-0.09402432,-9.241083,-0.009300486,-0.008356531,0.002445337,70.66087,237.0224,-233.5548,236.497,-238.0021,0.04287552,-0.02980039,1.69458e-05,-0.1548431,-0.1525777,-0.1544998,-0.155483,0
0.09766109,-0.09112814,-9.268482,-0.009649494,-0.008721017,0.002101085,70.75859,237.4588,-234.9566,236.9086,-239.3987,0.04286912,-0.02981726,1.7291e-05,-0.1551281,-0.1534935,-0.1547687,-0.1563955,0
-0.1174145,-0.2901469,-9.581446,-0.01067465,-0.0101554,0.0004933579,70.85631,238.086,-235.3967,237.436,-239.8472,0.04286481,-0.02983529,2.100558e-05,-0.1555379,-0.153781,-0.1551132,-0.1566884,0
0.01690138,-0.1662588,-9.418194,-0.009485711,-0.008837415,0.001426072,70.95403,237.9729,-235.8974,237.4308,-240.3423,0.04285927,-0.0298543,1.026053e-05,-0.155464,-0.1541081,-0.1551099,-0.1570119,0
-0.2893289,-0.4494522,-9.822463,-0.01132322,-0.01088415,-0.000722604,71.05177,238.1591,-235.6798,237.4462,-240.1653,0.04285168,-0.0298766,7.533237e-06,-0.1555856,-0.1539659,-0.1551199,-0.1568962,0
-0.08432534,-0.2602478,-9.5492,-0.009486302,-0.008914834,0.0008110065,71.1495,237.5717,-235.9135,237.0156,-240.3858,0.0428431,-0.0298991,-1.593662e-05,-0.1552019,-0.1541186,-0.1548386,-0.1570403,0
0.1025437,-0.08779941,-9.294118,-0.007661089,-0.007058758,0.002465679,71.24724,237.4487,-235.0507,237.0482,-239.5135,0.04285349,-0.02990375,-1.908475e-05,-0.1551215,-0.153555,-0.1548599,-0.1564705,0
-0.0005502962,-0.1830658,-9.40731,-0.008799883,-0.007996039,0.001749301,71.34499,237.3855,-234.3901,236.8936,-238.8964,0.04286695,-0.02990292,-9.263093e-06,-0.1550803,-0.1531234,-0.1547589,-0.1560673,0
-0.1113719,-0.2854557,-9.545639,-0.0101122,-0.009203217,0.0008221059,71.44272,237.195,-234.7695,236.5916,-239.3062,0.04286624,-0.02991398,-9.212086e-06,-0.1549558,-0.1533713,-0.1545616,-0.156335,0
-0.03434113,-0.2144328,-9.45187,-0.009392638,-0.008595529,0.00139053,71.54047,237.243,-234.9575,236.6951,-239.4915,0.04283565,-0.02990924,-1.454707e-05,-0.1549872,-0.153494,-0.1546292,-0.1564561,0
0.2162994,0.01700369,-9.124815,-0.007386222,-0.006551309,0.00330653,71.63822,237.6107,-234.3463,237.2444,-238.8597,0.04285777,-0.02989871,-1.671397e-06,-0.1552274,-0.1530948,-0.1549881,-0.1560433,0
-0.03880221,-0.2186107,-9.455248,-0.01019458,-0.00914878,0.001281269,71.73596,237.4826,-234.8456,236.8826,-239.4211,0.04285594,-0.02991072,7.393256e-06,-0.1551437,-0.153421,-0.1547517,-0.1564101,0
0.2195984,0.01998676,-9.132556,-0.008209679,-0.00714593,0.003076424,71.83371,237.9346,-235.144,237.5122,-239.6865,0.04286238,-0.02991352,1.029853e-05,-0.155439,-0.1536159,-0.155163,-0.1565834,0
-0.1384159,-0.3109063,-9.611393,-0.01103852,-0.0101268,0.0003948892,71.93147,238.2047,-235.3702,237.5332,-239.9653,0.04285709,-0.02992952,1.898331e-05,-0.1556154,-0.1537637,-0.1551768,-0.1567656,0
0.04944475,-0.1375156,-9.376188,-0.009508943,-0.008525958,0.001666436,72.02922,238.3424,-235.7812,237.8084,-240.3612,0.04284631,-0.02993159,1.45835e-05,-0.1557054,-0.1540322,-0.1553565,-0.1570242,0
-0.2767276,-0.4390467,-9.810444,-0.01185983,-0.01106419,-0.0006991372,72.12698,238.3318,-236.0352,237.5826,-240.6787,0.04277796,-0.0299205,1.085383e-05,-0.1556984,-0.1541981,-0.155209,-0.1572317,0
-0.01679048,-0.1991501,-9.472628,-0.009279832,-0.008651083,0.001248051,72.22475,238.0914,-236.1421,237.554,-240.7477,0.04276937,-0.02994188,-1.017137e-05,-0.1555414,-0.1542679,-0.1551904,-0.1572767,0
-0.08309436,-0.2606272,-9.549356,-0.009269914,-0.008886136,0.00100167,72.32252,237.9499,-235.4069,237.4002,-240.0267,0.04277331,-0.02995406,-1.260475e-05,-0.155449,-0.1537877,-0.1550899,-0.1568057,0
-0.1434164,-0.316435,-9.609332,-0.009819457,-0.009389699,0.0005858055,72.4203,237.6717,-235.0877,237.0726,-239.7346,0.04277745,-0.02996483,-1.471039e-05,-0.1552672,-0.1535792,-0.1548759,-0.1566149,0
-0.1775104,-0.34802,-9.646078,-0.01013757,-0.009759868,0.0003618172,72.51808,237.4843,-235.0519,236.8522,-239.7126,0.04277785,-0.02997928,-1.811758e-05,-0.1551448,-0.1535558,-0.1547318,-0.1566005,0
0.1021284,-0.0897486,-9.276618,-0.008058502,-0.007594856,0.002470771,72.61586,237.4252,-234.8152,236.9765,-239.4533,0.04278784,-0.02998437,-1.93067e-05,-0.1551062,-0.1534012,-0.1548131,-0.1564311,0
0.1187182,-0.07443849,-9.249293,-0.008313325,-0.007724051,0.00261658,72.71365,237.4244,-234.601,236.9587,-239.2688,0.04276611,-0.0299703,-1.215756e-05,-0.1551057,-0.1532612,-0.1548014,-0.1563106,0
-0.01555041,-0.1985579,-9.424231,-0.009518734,-0.009013496,0.001544107,72.81144,237.6237,-234.6728,237.0521,-239.3645,0.04277059,-0.02998049,-4.975077e-06,-0.1552359,-0.1533081,-0.1548625,-0.1563731,0
0.0453602,-0.1423756,-9.351787,-0.009175931,-0.008706415,0.001909185,72.90923,237.7178,-235.0123,237.1774,-239.7012,0.04277495,-0.02999084,-2.064574e-06,-0.1552974,-0.1535299,-0.1549443,-0.1565931,0
0.03411259,-0.1528722,-9.375165,-0.009381988,-0.008931018,0.001790428,73.00703,237.9377,-235.1786,237.3808,-239.8772,0.04277632,-0.03000492,2.571579e-06,-0.155441,-0.1536386,-0.1550772,-0.1567081,0
-0.1061433,-0.2826091,-9.565512,-0.01038705,-0.01003888,0.0006931375,73.10482,238.0739,-235.419,237.4249,-240.1424,0.04275992,-0.03001884,8.434603e-07,-0.1555299,-0.1537956,-0.155106,-0.1568813,0
0.3960505,0.181236,-8.914686,-0.006566526,-0.005962456,0.004415967,73.20261,238.2696,-235.216,237.9682,-239.8994,0.04276054,-0.02999758,7.443751e-06,-0.1556578,-0.153663,-0.1554609,-0.1567225,0
0.2072032,0.00684011,-9.16237,-0.008946715,-0.008079476,0.002950397,73.30042,238.6213,-235.2237,238.131,-239.9666,0.04277044,-0.03000065,3.282521e-05,-0.1558876,-0.153668,-0.1555672,-0.1567664,0
0.03876436,-0.1488409,-9.399656,-0.01067123,-0.009812205,0.001395165,73.39823,238.9846,-236.2393,238.3465,-241.0078,0.04275737,-0.03002515,3.367946e-05,-0.1561249,-0.1543315,-0.155708,-0.1574466,0
-0.1475913,-0.3213407,-9.669142,-0.01141565,-0.01101096,-1.623528e-05,73.49605,239.3053,-236.8327,238.5847,-241.6033,0.04274206,-0.03005502,2.595459e-05,-0.1563344,-0.1547191,-0.1558637,-0.1578357,0
0.02268779,-0.1642938,-9.454726,-0.0096274,-0.00925719,0.001309531,73.59386,239.2052,-236.915,238.6361,-241.6683,0.04273635,-0.03007654,1.438101e-05,-0.1562691,-0.1547729,-0.1558973,-0.1578782,0
-0.07680855,-0.2564037,-9.57958,-0.0102111,-0.009827018,0.0006972836,73.6917,239.0628,-236.644,238.4378,-241.4261,0.04272802,-0.03010146,7.723535e-06,-0.156176,-0.1545958,-0.1557677,-0.1577199,0
-0.07488498,-0.2548208,-9.567562,-0.009910858,-0.009546821,0.0007760433,73.78954,239.0249,-236.2409,238.4217,-241.0327,0.04272915,-0.0301159,3.40328e-06,-0.1561512,-0.1543325,-0.1557572,-0.1574629,0
-0.0311107,-0.2144563,-9.501076,-0.009766676,-0.009260338,0.00114617,73.8874,238.586,-236.3147,237.9956,-241.1216,0.04272519,-0.03013471,-3.912922e-06,-0.1558645,-0.1543807,-0.1554788,-0.157521,0
0.2465024,0.04192478,-9.133049,-0.007691936,-0.007044395,0.003279095,73.98526,238.6957,-235.8502,238.29,-240.6376,0.04273419,-0.0301401,-1.774929e-06,-0.1559362,-0.1540772,-0.1556712,-0.1572048,0
0.1317862,-0.0640761,-9.276375,-0.009027265,-0.008249233,0.002409194,74.08313,238.8505,-235.5929,238.3358,-240.4187,0.04274145,-0.03014615,1.132867e-05,-0.1560373,-0.1539092,-0.1557011,-0.1570618,0
-0.2223601,-0.3913575,-9.743105,-0.01196206,-0.01131106,-0.0003662965,74.181,238.744,-236.381,237.9654,-241.2543,0.04272241,-0.03017803,5.220832e-06,-0.1559677,-0.154424,-0.1554591,-0.1576077,0
-0.4179879,-0.5724683,-10.01097,-0.01245687,-0.01236081,-0.001758926,74.27888,238.7712,-236.6536,237.9203,-241.5231,0.04270137,-0.03021525,-1.395458e-05,-0.1559855,-0.1546021,-0.1554296,-0.1577833,0
-0.2674788,-0.4337328,-9.807907,-0.01044386,-0.01052322,-0.0004341116,74.37677,238.2266,-236.3178,237.5329,-241.1658,0.0426918,-0.03024385,-3.787569e-05,-0.1556297,-0.1543828,-0.1551765,-0.1575499,0
0.05390425,-0.1369528,-9.363402,-0.007751619,-0.007603946,0.00222529,74.47467,237.6778,-235.3286,237.2179,-240.1614,0.04270031,-0.03025458,-4.828704e-05,-0.1552712,-0.1537365,-0.1549708,-0.1568937,0
-0.1706813,-0.3444681,-9.627092,-0.009703246,-0.00945513,0.0007051234,74.57258,237.3368,-234.5358,236.7037,-239.4234,0.04270411,-0.0302689,-4.617923e-05,-0.1550484,-0.1532186,-0.1546349,-0.1564116,0
-0.01757851,-0.2030577,-9.410337,-0.008693962,-0.008327114,0.001824275,74.67048,237.1092,-234.2908,236.5656,-239.1716,0.04271527,-0.03027325,-4.643055e-05,-0.1548997,-0.1530585,-0.1545446,-0.1562471,0
-0.2602843,-0.4273236,-9.720977,-0.01081,-0.01052046,5.327247e-05,74.76839,236.8842,-234.3896,236.148,-239.3224,0.0426712,-0.03026912,-4.610263e-05,-0.1547527,-0.1531231,-0.1542718,-0.1563456,0
-0.3712426,-0.5300561,-9.864703,-0.01109817,-0.01118939,-0.0007650187,74.8663,236.5858,-234.6178,235.7984,-239.5527,0.04263618,-0.03029467,-6.789419e-05,-0.1545578,-0.1532722,-0.1540434,-0.156496,0
-0.1162278,-0.2947444,-9.521377,-0.008136403,-0.008571593,0.001382698,74.96421,236.2443,-233.8326,235.6939,-238.7219,0.04264607,-0.03030798,-8.146906e-05,-0.1543347,-0.1527592,-0.1539751,-0.1559533,0
-0.1440959,-0.3205057,-9.528729,-0.00852574,-0.008811337,0.001364445,75.06212,235.6143,-233.1254,235.0286,-238.0456,0.04265633,-0.0303212,-8.258059e-05,-0.1539231,-0.1522972,-0.1535405,-0.1555115,0
-0.08985956,-0.2704152,-9.437279,-0.00827502,-0.008461976,0.001804501,75.16002,235.541,-232.5172,234.9777,-237.4449,0.0426724,-0.03032669,-7.757951e-05,-0.1538753,-0.1518998,-0.1535073,-0.1551191,0
-0.1524066,-0.3281879,-9.508791,-0.009114504,-0.009234554,0.001313054,75.25792,235.4394,-232.3862,234.8054,-237.3352,0.04268603,-0.03033343,-6.864452e-05,-0.1538089,-0.1518143,-0.1533947,-0.1550474,0
0.02260795,-0.1664847,-9.279951,-0.008189633,-0.008122131,0.002526299,75.35581,235.2632,-232.724,234.715,-237.6656,0.04268475,-0.03034222,-6.909135e-05,-0.1536938,-0.152035,-0.1533356,-0.1552632,0
0.1254562,-0.07155192,-9.149441,-0.007425384,-0.007334456,0.003312715,75.4537,235.6677,-232.3282,235.1884,-237.2734,0.04266624,-0.03032314,-5.57345e-05,-0.153958,-0.1517764,-0.1536449,-0.155007,0
0.06077087,-0.1312972,-9.234015,-0.008430336,-0.008184202,0.002700472,75.55157,235.8451,-232.4558,235.29,-237.4269,0.04268157,-0.03032579,-3.90862e-05,-0.1540739,-0.1518597,-0.1537113,-0.1551073,0
0.1851293,-0.01639631,-9.083825,-0.008034922,-0.007566566,0.003439861,75.64945,236.1078,-233.0382,235.6013,-238.007,0.04269192,-0.03033145,-2.70212e-05,-0.1542455,-0.1522402,-0.1539147,-0.1554863,0
-0.02489739,-0.2105389,-9.377258,-0.009817247,-0.009408739,0.001755055,75.74731,236.6816,-233.4294,236.0224,-238.4266,0.04269241,-0.0303472,-1.389434e-05,-0.1546204,-0.1524958,-0.1541897,-0.1557604,0
0.1156246,-0.08085988,-9.2115,-0.008750453,-0.008227538,0.002636747,75.84518,237.0312,-233.8894,236.474,-238.8737,0.04269884,-0.03035545,-8.760911e-06,-0.1548488,-0.1527963,-0.1544848,-0.1560525,0
0.125711,-0.0716252,-9.212567,-0.008982237,-0.008235479,0.002653409,75.94304,237.4254,-234.1057,236.8632,-239.1075,0.04270775,-0.03035957,7.094677e-06,-0.1551063,-0.1529376,-0.1547391,-0.1562052,0
0.1021668,-0.09342644,-9.257829,-0.009663996,-0.008634064,0.002290661,76.0409,237.646,-234.8046,237.0372,-239.8293,0.04270056,-0.03037759,1.070977e-05,-0.1552504,-0.1533942,-0.1548527,-0.1566767,0
0.1326483,-0.06547948,-9.236878,-0.009201462,-0.008189452,0.00246111,76.13876,238.2522,-234.8983,237.6873,-239.9199,0.04270351,-0.03038479,1.891466e-05,-0.1556465,-0.1534554,-0.1552774,-0.1567359,0
-0.1474278,-0.3243661,-9.612881,-0.01151339,-0.01044096,0.0002869584,76.23663,238.2215,-235.5479,237.4569,-240.6188,0.04268884,-0.03040876,1.803861e-05,-0.1556264,-0.1538798,-0.1551269,-0.1571925,0
0.3311068,0.117547,-9.000277,-0.007645806,-0.006344785,0.003815384,76.3345,238.5598,-235.5258,238.1423,-240.555,0.04266814,-0.03038781,1.848999e-05,-0.1558474,-0.1538653,-0.1555747,-0.1571508,0
-0.03213154,-0.2180965,-9.477782,-0.01084241,-0.009466834,0.001124655,76.43238,238.6601,-235.6375,237.9673,-240.7374,0.04265744,-0.03040614,2.761941e-05,-0.1559129,-0.1539383,-0.1554603,-0.15727,0
0.03149024,-0.1595201,-9.402921,-0.01009411,-0.008791924,0.001467714,76.53026,239.0717,-235.8146,238.443,-240.9044,0.04265654,-0.03041277,2.845128e-05,-0.1561818,-0.154054,-0.1557711,-0.1573791,0
0.1367074,-0.0623872,-9.274575,-0.009595538,-0.008107224,0.002226529,76.62815,238.8214,-236.3783,238.2421,-241.4753,0.04264772,-0.03042751,2.483976e-05,-0.1560183,-0.1544223,-0.1556399,-0.1577521,0
-0.01875926,-0.2062235,-9.484591,-0.01053037,-0.009194478,0.00110519,76.72604,239.4342,-236.0444,238.7684,-241.1746,0.04261138,-0.03041434,3.275332e-05,-0.1564187,-0.1542042,-0.1559837,-0.1575556,0
-0.04867363,-0.2339858,-9.527023,-0.0108172,-0.009471927,0.0007760329,76.82395,239.0313,-236.7283,238.3357,-241.873,0.04259288,-0.03043921,1.772034e-05,-0.1561554,-0.1546509,-0.155701,-0.1580119,0
-0.2508671,-0.4211056,-9.795327,-0.0115337,-0.01065771,-0.0005592206,76.92188,239.2993,-236.3782,238.5201,-241.5344,0.04258437,-0.03045701,1.465444e-05,-0.1563305,-0.1544222,-0.1558215,-0.1577907,0
-0.2813577,-0.4494374,-9.826895,-0.01156921,-0.01073228,-0.0007609206,77.01979,238.8022,-236.5008,238.0105,-241.6719,0.04256985,-0.03048134,-1.762354e-06,-0.1560058,-0.1545023,-0.1554886,-0.1578805,0
0.007633438,-0.1826233,-9.441057,-0.008991301,-0.008148228,0.001558693,77.11773,238.3274,-236.2372,237.7499,-241.3808,0.04256132,-0.03050157,-2.179282e-05,-0.1556956,-0.1543301,-0.1553183,-0.1576903,0
0.1687267,-0.03391419,-9.210665,-0.00754459,-0.006659562,0.002986212,77.21567,238.3771,-234.9645,237.9252,-240.1077,0.04257843,-0.03049664,-1.466768e-05,-0.155728,-0.1534987,-0.1554328,-0.1568586,0
-0.1482692,-0.326699,-9.603762,-0.01070314,-0.00965045,0.0005736697,77.31361,237.8846,-235.133,237.1601,-240.3474,0.04257195,-0.03051317,-1.34132e-05,-0.1554063,-0.1536087,-0.154933,-0.1570152,0
-0.1244407,-0.3048491,-9.574667,-0.01021062,-0.009409483,0.0007327655,77.41158,238.0095,-235.2298,237.3149,-240.4301,0.04256762,-0.03052788,-1.902219e-05,-0.1554879,-0.153672,-0.1550342,-0.1570693,0
-0.1075369,-0.2893696,-9.551822,-0.009901932,-0.009224363,0.0009262583,77.50953,237.829,-235.144,237.1528,-240.3463,0.04256398,-0.03054412,-2.453334e-05,-0.15537,-0.1536159,-0.1549282,-0.1570145,0
-0.1092512,-0.291085,-9.546991,-0.009751409,-0.009127863,0.0009816512,77.60749,237.8081,-234.7974,237.1403,-240.0077,0.04256622,-0.03055491,-2.516603e-05,-0.1553563,-0.1533895,-0.1549201,-0.1567933,0
-0.2540044,-0.4249109,-9.728412,-0.01088715,-0.01030087,-7.37205e-05,77.70546,237.3271,-235.0371,236.5513,-240.2758,0.04255281,-0.03058203,-3.785863e-05,-0.1550421,-0.1535461,-0.1545353,-0.1569684,0
0.1463299,-0.05523179,-9.199325,-0.007367484,-0.006774973,0.003035352,77.80342,237.4076,-234.3144,236.9367,-239.5055,0.04256824,-0.03058041,-3.908106e-05,-0.1550947,-0.153074,-0.1547871,-0.1564652,0
-0.259481,-0.4301307,-9.713798,-0.01095925,-0.01030091,7.183448e-05,77.9014,236.9861,-234.2618,236.1996,-239.54,0.04253189,-0.03058346,-3.74456e-05,-0.1548193,-0.1530396,-0.1543056,-0.1564877,0
-0.02946874,-0.2177956,-9.409658,-0.008794898,-0.00826603,0.001754261,77.99937,236.9221,-234.2265,236.3143,-239.4677,0.04253265,-0.03059644,-4.900734e-05,-0.1547775,-0.1530166,-0.1543805,-0.1564406,0
-0.4415148,-0.5986423,-9.940445,-0.01157564,-0.01143109,-0.001139889,78.09734,236.6902,-233.9409,235.8201,-239.2314,0.04252574,-0.03062061,-5.108108e-05,-0.154626,-0.1528299,-0.1540576,-0.1562862,0
-0.1915652,-0.3678656,-9.60212,-0.009314371,-0.009175478,0.0007380786,78.19531,236.1761,-233.9102,235.4937,-239.1711,0.04252337,-0.03064019,-7.064064e-05,-0.1542902,-0.1528099,-0.1538444,-0.1562468,0
0.1251439,-0.07534468,-9.173666,-0.006758639,-0.006495486,0.00332853,78.29328,235.9997,-232.9347,235.5418,-238.1733,0.04254359,-0.03063822,-6.698914e-05,-0.154175,-0.1521726,-0.1538758,-0.1555949,0
-0.03933304,-0.2272049,-9.366906,-0.008699019,-0.008184187,0.002100787,78.39125,235.8272,-232.5336,235.2085,-237.8335,0.04252868,-0.03062705,-5.566198e-05,-0.1540622,-0.1519106,-0.1536581,-0.1553729,0
-0.08488335,-0.2693156,-9.423922,-0.009235952,-0.008778609,0.001650573,78.48921,235.7277,-232.8907,235.0579,-238.2003,0.04252093,-0.03063639,-5.72149e-05,-0.1539972,-0.1521439,-0.1535596,-0.1556126,0
0.04841664,-0.1462792,-9.254305,-0.008028326,-0.007704524,0.002669585,78.58717,236.0044,-232.6327,235.4365,-237.9335,0.04250142,-0.03061518,-4.760387e-05,-0.154178,-0.1519753,-0.153807,-0.1554383,0
0.1279378,-0.07276161,-9.14992,-0.007987835,-0.007477314,0.003165827,78.68513,236.0014,-232.7928,235.4477,-238.1048,0.04251193,-0.0306205,-3.720572e-05,-0.1541761,-0.1520799,-0.1538143,-0.1555502,0
0.1755516,-0.02880125,-9.096297,-0.007922119,-0.007364474,0.003409189,78.78307,236.5181,-232.8374,235.9786,-238.152,0.04252651,-0.03062106,-2.043164e-05,-0.1545136,-0.1521091,-0.1541612,-0.155581,0
-0.04663651,-0.2341078,-9.399542,-0.01003494,-0.009463686,0.001580388,78.88102,236.6579,-233.5894,235.938,-238.9412,0.04252221,-0.03064015,-1.410015e-05,-0.1546049,-0.1526003,-0.1541346,-0.1560966,0
-0.1872382,-0.3642421,-9.601885,-0.01067613,-0.01037125,0.0004619929,78.97897,237.0921,-233.9734,236.3076,-239.3293,0.04251766,-0.03066024,-1.360069e-05,-0.1548886,-0.1528512,-0.1543761,-0.1563501,0
0.08047476,-0.1170559,-9.261763,-0.008527024,-0.008057895,0.002430701,79.0769,237.0522,-234.1603,236.4611,-239.5022,0.0424973,-0.03065424,-1.671412e-05,-0.1548626,-0.1529733,-0.1544763,-0.156463,0
-0.3693558,-0.5327966,-9.850479,-0.01184944,-0.0115626,-0.0008537238,79.17484,237.0109,-234.2809,236.1177,-239.694,0.04245511,-0.0306701,-2.063284e-05,-0.1548355,-0.1530521,-0.154252,-0.1565883,0
0.08382916,-0.1143447,-9.257575,-0.007725237,-0.00747941,0.002530312,79.27279,236.969,-234.012,236.4306,-239.3637,0.04246591,-0.03067572,-3.170637e-05,-0.1548081,-0.1528764,-0.1544564,-0.1563726,0
0.1538483,-0.04962731,-9.154785,-0.007656495,-0.007143024,0.003193419,79.37073,236.9176,-233.4017,236.399,-238.7791,0.04248679,-0.03067087,-1.339444e-05,-0.1547746,-0.1524777,-0.1544358,-0.1559907,0
-0.02714334,-0.2167555,-9.386997,-0.009861113,-0.009118868,0.00165177,79.46867,237.0185,-233.8141,236.317,-239.2394,0.04248377,-0.03068722,-6.157683e-06,-0.1548405,-0.1527471,-0.1543822,-0.1562914,0
-0.04780676,-0.2360269,-9.429728,-0.009732109,-0.009233076,0.001408553,79.56661,237.408,-234.1324,236.7099,-239.5481,0.0424843,-0.03070067,-4.99171e-06,-0.155095,-0.1529551,-0.1546389,-0.156493,0
0.09925961,-0.1002545,-9.24619,-0.008686508,-0.008084299,0.002479693,79.66455,237.2235,-234.5439,236.6191,-239.9556,0.04247387,-0.03071094,-9.607457e-06,-0.1549744,-0.1532239,-0.1545796,-0.1567593,0
-0.1706724,-0.3498245,-9.602236,-0.01046411,-0.01006193,0.0005359536,79.7625,237.6541,-234.2177,236.8863,-239.6774,0.04243276,-0.03070036,-2.650047e-06,-0.1552557,-0.1530108,-0.1547541,-0.1565775,0
0.1786852,-0.02713087,-9.146018,-0.007904572,-0.007307529,0.003030153,79.86044,237.286,-234.614,236.7459,-240.053,0.04240794,-0.03069363,-1.345309e-05,-0.1550152,-0.1532697,-0.1546624,-0.1568229,0
0.09807441,-0.1017145,-9.25208,-0.008442233,-0.007996554,0.002564363,79.95838,237.7038,-234.0577,237.1145,-239.5142,0.04242053,-0.03069722,2.488846e-06,-0.1552882,-0.1529063,-0.1549032,-0.1564709,0
0.03360056,-0.1612684,-9.335104,-0.009439266,-0.008870131,0.001900761,80.05632,237.78,-234.4019,237.1112,-239.8852,0.04242389,-0.03070821,9.060352e-06,-0.155338,-0.1531311,-0.1549011,-0.1567132,0
0.07178584,-0.1260839,-9.298967,-0.009260501,-0.008733159,0.002099794,80.15428,238.0191,-234.8606,237.3667,-240.3419,0.0424248,-0.03072185,1.248621e-05,-0.1554942,-0.1534308,-0.155068,-0.1570116,0
0.08761476,-0.1115794,-9.290306,-0.009178223,-0.008663408,0.002167558,80.25223,238.4092,-234.9637,237.767,-240.45,0.04242885,-0.0307327,2.017441e-05,-0.1557491,-0.1534981,-0.1553295,-0.1570823,0
-0.1582872,-0.3388851,-9.620967,-0.01114449,-0.01069277,0.0002495603,80.35019,238.3688,-235.5938,237.5502,-241.1182,0.0424132,-0.0307638,1.378178e-05,-0.1557226,-0.1539098,-0.1551878,-0.1575187,0
-0.0875849,-0.2738548,-9.53809,-0.009900226,-0.009671417,0.0008259188,80.44815,238.3808,-235.719,237.6567,-241.2239,0.04240423,-0.03078982,-1.306747e-06,-0.1557305,-0.1539916,-0.1552574,-0.1575878,0
0.05586441,-0.1415015,-9.34457,-0.00849165,-0.008201323,0.002053186,80.54612,238.3496,-235.0906,237.749,-240.5922,0.04241458,-0.0307967,-2.623763e-07,-0.1557101,-0.153581,-0.1553177,-0.1571751,0
0.07649695,-0.1224076,-9.305162,-0.008909885,-0.008271053,0.002194889,80.64409,238.2122,-234.9348,237.5879,-240.4679,0.04242079,-0.03080497,5.875339e-06,-0.1556203,-0.1534793,-0.1552125,-0.1570939,0
-0.04579754,-0.2354486,-9.46616,-0.01008923,-0.009435549,0.001215873,80.74207,238.4712,-235.0258,237.7455,-240.5843,0.0424213,-0.0308175,1.251271e-05,-0.1557895,-0.1535387,-0.1553155,-0.15717,0
-0.03811548,-0.2284559,-9.46438,-0.01010168,-0.009461113,0.001186257,80.84006,238.4377,-235.5193,237.7088,-241.0848,0.0424041,-0.03082937,7.608272e-06,-0.1557677,-0.1538611,-0.1552915,-0.157497,0
-0.2006071,-0.3787911,-9.683924,-0.01095473,-0.01056077,3.20589e-05,80.93804,238.4563,-235.6759,237.6385,-241.2624,0.04237316,-0.03084464,-1.152754e-06,-0.1557797,-0.1539634,-0.1552455,-0.1576129,0
0.1161731,-0.08631842,-9.267868,-0.008095923,-0.007713999,0.002462999,81.03604,238.3584,-235.3456,237.7858,-240.8962,0.04237915,-0.03085473,-9.401629e-06,-0.1557158,-0.1537476,-0.1553418,-0.1573737,0
-0.1319341,-0.3155999,-9.580633,-0.01014535,-0.009755901,0.0007298203,81.13405,238.4057,-234.84,237.6551,-240.4422,0.04238555,-0.03086424,1.975005e-06,-0.1557467,-0.1534173,-0.1552563,-0.1570771,0
0.01475235,-0.180082,-9.385239,-0.009444309,-0.008818741,0.001677387,81.23206,237.9781,-235.4776,237.2918,-241.0789,0.04237602,-0.03088776,-1.162422e-05,-0.1554674,-0.1538338,-0.155019,-0.1574931,0
-0.03465302,-0.2259521,-9.45428,-0.009268767,-0.008943234,0.001466553,81.33008,238.5292,-234.7679,237.8478,-240.371,0.04237525,-0.03088546,-1.93874e-06,-0.1558274,-0.1533702,-0.1553823,-0.1570306,0
-0.2547831,-0.4293447,-9.734898,-0.0113315,-0.01091177,-0.0002725892,81.42809,237.9627,-235.3785,237.0994,-241.0347,0.04234236,-0.03090179,-1.283211e-05,-0.1554573,-0.1537691,-0.1548933,-0.1574642,0
0.0002788054,-0.1939374,-9.405554,-0.008714186,-0.008528501,0.00173031,81.52611,238.1509,-235.0508,237.5036,-240.6625,0.04234772,-0.03091328,-1.893779e-05,-0.1555803,-0.1535551,-0.1551574,-0.1572211,0
0.03745146,-0.1596214,-9.347078,-0.008672577,-0.008335646,0.002082817,81.62415,237.9814,-234.6534,237.3426,-240.2887,0.04234576,-0.03091363,-1.380284e-05,-0.1554696,-0.1532954,-0.1550522,-0.1569768,0
-0.2083571,-0.3867677,-9.662077,-0.01074939,-0.01045741,0.0002099824,81.72218,237.7996,-234.9239,236.9728,-240.6059,0.04231726,-0.03092771,-1.953588e-05,-0.1553507,-0.1534721,-0.1548106,-0.1571841,0
-0.07700525,-0.2656339,-9.492224,-0.009133964,-0.009127664,0.00124169,81.82021,237.8491,-234.7371,237.149,-240.3897,0.04232144,-0.03094205,-2.648374e-05,-0.1553831,-0.1533501,-0.1549258,-0.1570429,0
-0.2358363,-0.4124638,-9.691393,-0.01031588,-0.01038945,0.0001560553,81.91826,237.4697,-234.6738,236.6581,-240.3575,0.04231717,-0.03096663,-3.219167e-05,-0.1551353,-0.1533088,-0.154605,-0.1570218,0
-0.118961,-0.3046314,-9.530597,-0.009099296,-0.009236095,0.001087154,82.0163,237.1476,-234.5554,236.4305,-240.2258,0.04231271,-0.03099231,-4.863388e-05,-0.1549248,-0.1532314,-0.1544563,-0.1569358,0
0.1515005,-0.05487428,-9.163782,-0.006750713,-0.00683361,0.003286798,82.11435,237.0886,-233.6067,236.5764,-239.2552,0.04233479,-0.03099183,-4.504287e-05,-0.1548863,-0.1526116,-0.1545516,-0.1563017,0
-0.04313469,-0.2345858,-9.399076,-0.008989194,-0.008805398,0.001829233,82.2124,236.8277,-233.4488,236.13,-239.155,0.04234366,-0.03100229,-3.45737e-05,-0.1547158,-0.1525085,-0.15426,-0.1562362,0
-0.005346507,-0.1997085,-9.350853,-0.008899214,-0.008697507,0.001994921,82.31044,236.9663,-233.6927,236.2765,-239.3969,0.04234802,-0.03101572,-3.294728e-05,-0.1548064,-0.1526678,-0.1543558,-0.1563943,0
0.003990769,-0.1911768,-9.345503,-0.008816791,-0.008673772,0.002052997,82.40849,237.0322,-233.8218,236.347,-239.5297,0.04234229,-0.03102431,-3.138377e-05,-0.1548494,-0.1527521,-0.1544018,-0.156481,0
-0.03049989,-0.2231475,-9.392714,-0.009040044,-0.008911384,0.001785673,82.50654,237.0458,-233.8926,236.3381,-239.6262,0.04229514,-0.03100851,-3.231057e-05,-0.1548583,-0.1527984,-0.154396,-0.1565441,0
0.1451621,-0.06095513,-9.163671,-0.007610832,-0.007475964,0.00309959,82.60458,237.1614,-233.6937,236.5798,-239.4157,0.04229448,-0.03100411,-2.746753e-05,-0.1549339,-0.1526685,-0.1545539,-0.1564065,0
0.2421838,0.02871535,-9.035684,-0.00736264,-0.00704535,0.003771974,82.70263,237.4997,-233.4492,236.9544,-239.1807,0.04231769,-0.03099853,-5.553696e-06,-0.1551548,-0.1525087,-0.1547986,-0.156253,0
-0.1152,-0.3014134,-9.511991,-0.01083956,-0.01047024,0.0008828943,82.80067,237.5733,-234.426,236.7282,-240.2166,0.04230593,-0.03102715,-8.767098e-07,-0.1552029,-0.1531469,-0.1546508,-0.1569298,0
0.1094096,-0.0941656,-9.242048,-0.008509064,-0.008377662,0.002472365,82.89873,238.0412,-234.7701,237.3909,-240.5123,0.04230763,-0.03104361,-6.28352e-06,-0.1555086,-0.1533717,-0.1550837,-0.1571229,0
-0.01915814,-0.2130864,-9.416185,-0.009422168,-0.009293702,0.001583412,82.99678,238.145,-234.6767,237.4168,-240.4567,0.04228611,-0.03103864,9.576102e-07,-0.1555764,-0.1533106,-0.1551007,-0.1570866,0
-0.5113724,-0.6679951,-10.06056,-0.01302857,-0.01312984,-0.002145811,83.09483,238.0386,-235.2215,236.9812,-241.0622,0.04226449,-0.03107946,-9.568697e-06,-0.1555069,-0.1536666,-0.1548161,-0.1574822,0
-0.1270347,-0.3132283,-9.56389,-0.009124671,-0.00942478,0.0007991006,83.19289,237.8338,-235.1627,237.1013,-240.9394,0.04226426,-0.03110047,-3.145066e-05,-0.1553731,-0.1536281,-0.1548946,-0.157402,0
0.03605152,-0.1626319,-9.33522,-0.007845026,-0.007948142,0.002267343,83.29095,237.5469,-234.2722,236.9298,-240.056,0.04227885,-0.0311077,-2.884441e-05,-0.1551857,-0.1530464,-0.1547826,-0.1568248,0
-0.16154,-0.3451515,-9.573673,-0.009792666,-0.009716628,0.0007872834,83.38903,237.3314,-234.0436,236.5465,-239.8813,0.0422699,-0.03111951,-2.828396e-05,-0.1550449,-0.1528971,-0.1545321,-0.1567107,0
-0.1079592,-0.2957586,-9.500026,-0.009208294,-0.009229997,0.001179088,83.4871,237.2318,-234.0576,236.4904,-239.8922,0.04225881,-0.03112244,-3.336396e-05,-0.1549799,-0.1529062,-0.1544955,-0.1567178,0
-0.2621626,-0.4383259,-9.697474,-0.01024281,-0.0104652,0.0001073825,83.58517,237.0358,-234.0315,236.192,-239.886,0.0422573,-0.03114514,-3.692946e-05,-0.1548518,-0.1528892,-0.1543005,-0.1567138,0
-0.1091367,-0.2970732,-9.492145,-0.008805959,-0.009080284,0.001283174,83.68324,236.8293,-233.8917,236.1024,-239.728,0.04225976,-0.03116484,-4.774382e-05,-0.1547169,-0.1527978,-0.154242,-0.1566106,0
0.1667552,-0.04223677,-9.121571,-0.00668786,-0.00680223,0.003460146,83.78131,236.6588,-233.3149,236.1202,-239.1334,0.04227801,-0.03116899,-4.640433e-05,-0.1546055,-0.152421,-0.1542537,-0.1562221,0
-0.04864801,-0.2412019,-9.389584,-0.008794752,-0.008778808,0.00187238,83.87939,236.7256,-232.955,236.0096,-238.8233,0.04229128,-0.03117647,-3.210602e-05,-0.1546491,-0.1521859,-0.1541814,-0.1560196,0
0.1053533,-0.09889846,-9.189426,-0.008067112,-0.00783571,0.002853154,83.97746,236.7495,-233.3412,236.1066,-239.203,0.04230168,-0.03118401,-2.82109e-05,-0.1546647,-0.1524382,-0.1542448,-0.1562676,0
0.04023059,-0.1591165,-9.285,-0.008766379,-0.008538311,0.002336444,84.07553,237.057,-233.5026,236.3557,-239.3781,0.04230786,-0.03119622,-1.832237e-05,-0.1548656,-0.1525436,-0.1544075,-0.156382,0
-0.05384729,-0.2461341,-9.416925,-0.009529399,-0.009307932,0.001526939,84.1736,237.5194,-233.5939,236.756,-239.4848,0.04231676,-0.03120446,-7.036876e-06,-0.1551677,-0.1526033,-0.154669,-0.1564517,0
-0.09082788,-0.2803572,-9.476774,-0.0101042,-0.009734886,0.001122395,84.27167,237.3537,-234.43,236.5449,-240.3366,0.04230946,-0.03122797,-1.184982e-05,-0.1550595,-0.1531495,-0.1545311,-0.1570082,0
0.0447719,-0.1552842,-9.311849,-0.008682235,-0.008345053,0.002173968,84.36974,237.7253,-234.3018,237.0388,-240.1892,0.04231328,-0.03124089,-1.162775e-05,-0.1553022,-0.1530657,-0.1548537,-0.1569118,0
-0.1502645,-0.335582,-9.565778,-0.01019535,-0.009792326,0.0007302571,84.4678,237.7833,-234.1976,236.9672,-240.1333,0.04228906,-0.03123612,-7.115122e-06,-0.1553401,-0.1529977,-0.154807,-0.1568754,0
-0.02521661,-0.2201329,-9.403411,-0.009326666,-0.008765372,0.001598612,84.56589,237.4799,-234.6673,236.7412,-240.5984,0.04228377,-0.03125582,-1.780692e-05,-0.1551419,-0.1533045,-0.1546593,-0.1571792,0
-0.02389138,-0.2190807,-9.403299,-0.008954262,-0.008516507,0.001732524,84.66396,237.5305,-234.3885,236.815,-240.3201,0.04228203,-0.03127394,-2.214442e-05,-0.1551749,-0.1531224,-0.1547075,-0.1569974,0
-0.07587136,-0.2672308,-9.46227,-0.00913876,-0.008717848,0.001399743,84.76204,237.7007,-233.7908,236.9689,-239.7384,0.04229494,-0.03127636,-1.474605e-05,-0.1552861,-0.1527319,-0.1548081,-0.1566174,0
-0.166228,-0.3506808,-9.574121,-0.01033355,-0.009694334,0.0006537694,84.86012,237.1906,-234.3734,236.3587,-240.3576,0.04227846,-0.03129029,-2.109306e-05,-0.1549529,-0.1531125,-0.1544095,-0.1570219,0
-0.2422516,-0.421129,-9.678072,-0.01036566,-0.01001934,0.0001639923,84.9582,237.2488,-234.3597,236.3952,-240.3454,0.04225224,-0.03130679,-3.363052e-05,-0.154991,-0.1531035,-0.1544333,-0.1570139,0
0.04429833,-0.1565727,-9.295951,-0.007616624,-0.00733404,0.002427973,85.05628,237.2472,-233.5608,236.6294,-239.513,0.04227108,-0.03130454,-3.383435e-05,-0.1549899,-0.1525816,-0.1545863,-0.1564701,0
-0.02119246,-0.2169661,-9.364722,-0.008862053,-0.008232228,0.00196673,85.15437,236.7535,-233.575,236.0385,-239.5724,0.04227639,-0.0313142,-2.938649e-05,-0.1546673,-0.1525909,-0.1542003,-0.1565089,0
0.04070017,-0.1598308,-9.282833,-0.008483909,-0.007835499,0.002379519,85.25246,237.1913,-233.3119,236.5116,-239.3064,0.04228801,-0.03131597,-1.981341e-05,-0.1549534,-0.152419,-0.1545094,-0.1563351,0
-0.09370616,-0.2840173,-9.462081,-0.009844674,-0.00916384,0.00128399,85.35054,237.0232,-233.8118,236.2254,-239.8343,0.04228399,-0.0313335,-2.059978e-05,-0.1548436,-0.1527456,-0.1543224,-0.15668,0
0.2466937,0.03035643,-9.02514,-0.007108028,-0.006341211,0.003808815,85.44864,237.2949,-233.7126,236.7405,-239.7057,0.04226677,-0.03131168,-1.722567e-05,-0.155021,-0.1526808,-0.1546589,-0.156596,0
0.1759419,-0.03498102,-9.11854,-0.008163046,-0.007211406,0.003258197,85.54672,237.5682,-233.555,236.9347,-239.5863,0.04226564,-0.0313012,1.550923e-06,-0.1551996,-0.1525778,-0.1547858,-0.156518,0
-0.02897721,-0.2243161,-9.395104,-0.01012573,-0.009190246,0.001525782,85.64481,237.7169,-234.3155,236.9136,-240.3793,0.04225761,-0.03132037,3.843567e-06,-0.1552968,-0.1530747,-0.154772,-0.157036,0
0.04738797,-0.1539764,-9.314015,-0.009105973,-0.00838939,0.002052433,85.7429,238.0926,-234.5872,237.3719,-240.6292,0.04225877,-0.03133165,3.638855e-06,-0.1555422,-0.1532521,-0.1550714,-0.1571993,0
0.1579164,-0.05194044,-9.176193,-0.008394619,-0.007513585,0.00286794,85.84099,238.3106,-234.5213,237.6629,-240.5675,0.04226908,-0.03133318,1.359647e-05,-0.1556846,-0.1532091,-0.1552615,-0.157159,0
0.249778,0.03295792,-9.061868,-0.008326385,-0.007086247,0.00342849,85.93909,238.767,-234.5747,238.1472,-240.638,0.04228257,-0.03132818,3.281394e-05,-0.1559828,-0.153244,-0.1555779,-0.1572051,0
-0.4212409,-0.5870532,-9.954904,-0.01381832,-0.01276256,-0.001762042,86.03719,238.9875,-235.6628,237.8824,-241.8137,0.04225536,-0.03136374,3.388507e-05,-0.1561268,-0.1539548,-0.1554048,-0.1579731,0
0.0856747,-0.1190637,-9.317341,-0.00904945,-0.008138992,0.00193784,86.1353,239.0896,-236.2337,238.3913,-242.3,0.04224767,-0.03138074,1.171251e-05,-0.1561935,-0.1543278,-0.1557373,-0.1582908,0
-0.05819925,-0.2521646,-9.505209,-0.00987534,-0.00898959,0.001126909,86.23341,239.0328,-235.686,238.259,-241.7882,0.04224385,-0.03139681,1.316123e-05,-0.1561564,-0.15397,-0.1556509,-0.1579565,0
0.124378,-0.08354861,-9.254272,-0.00860035,-0.007411208,0.002447533,86.33154,239.0417,-235.3315,238.3896,-241.4357,0.04225023,-0.03139906,1.291024e-05,-0.1561622,-0.1537384,-0.1557362,-0.1577262,0
0.1522569,-0.05777081,-9.214438,-0.008885721,-0.007448987,0.002656674,86.42967,239.0321,-235.3155,238.3672,-241.443,0.04225657,-0.03139926,2.285223e-05,-0.156156,-0.153728,-0.1557216,-0.157731,0
-0.01727029,-0.2144159,-9.440818,-0.01056694,-0.009093679,0.001282523,86.52782,239.4164,-235.5417,238.6097,-241.703,0.04225329,-0.03140751,3.343512e-05,-0.156407,-0.1538758,-0.15588,-0.1579008,0
0.01909508,-0.1809254,-9.408131,-0.01036839,-0.008910124,0.001412845,86.62596,239.5135,-236.2122,238.7238,-242.3715,0.04224185,-0.03142396,2.833277e-05,-0.1564704,-0.1543138,-0.1559545,-0.1583375,0
-0.1439931,-0.3318245,-9.63335,-0.01119189,-0.009983765,0.0002508488,86.72412,239.9066,-236.1626,239.0371,-242.3474,0.04220732,-0.03141421,3.151922e-05,-0.1567272,-0.1542813,-0.1561592,-0.1583218,0
0.07332259,-0.1311357,-9.35236,-0.009643563,-0.008256963,0.001804201,86.82229,239.4154,-236.758,238.6824,-242.9425,0.04216165,-0.03141209,1.354108e-05,-0.1564063,-0.1546703,-0.1559275,-0.1587105,0
-0.07288724,-0.2664655,-9.543701,-0.01006289,-0.00908032,0.000920778,86.92048,239.8568,-235.9748,239.0712,-242.17,0.0421615,-0.03142186,1.799225e-05,-0.1566947,-0.1541587,-0.1561815,-0.1582059,0
0.128745,-0.08018295,-9.269285,-0.008840127,-0.007628076,0.002350901,87.01867,239.5107,-236.0087,238.8409,-242.219,0.04212467,-0.0313914,1.59482e-05,-0.1564686,-0.1541808,-0.156031,-0.1582379,0
0.09180132,-0.114321,-9.317471,-0.009441076,-0.008265177,0.002100667,87.11687,239.6696,-235.9883,238.9483,-242.2234,0.04210748,-0.03138433,2.480726e-05,-0.1565724,-0.1541675,-0.1561012,-0.1582408,0
0.08334973,-0.1221873,-9.333975,-0.009618632,-0.008625141,0.001924629,87.21509,239.8355,-236.2718,239.0927,-242.5096,0.04210149,-0.03140036,2.41533e-05,-0.1566808,-0.1543527,-0.1561956,-0.1584278,0
-0.05301217,-0.2483381,-9.520695,-0.01036075,-0.009708235,0.0009106629,87.31331,240.2078,-236.2469,239.3912,-242.4956,0.04210314,-0.03141084,3.068269e-05,-0.156924,-0.1543364,-0.1563905,-0.1584186,0
0.04467552,-0.158128,-9.398335,-0.00990471,-0.009151944,0.001543772,87.41154,239.9797,-236.8499,239.2066,-243.106,0.0420838,-0.03142062,2.462865e-05,-0.156775,-0.1547303,-0.1562699,-0.1588174,0
-0.08706866,-0.2800318,-9.578844,-0.01058054,-0.01010254,0.0006251617,87.5098,240.384,-236.6748,239.5417,-242.9547,0.04204781,-0.0314164,2.611463e-05,-0.1570391,-0.1546159,-0.1564889,-0.1587186,0
-0.02622514,-0.2239489,-9.499758,-0.009963527,-0.009595021,0.001040128,87.60806,240.0693,-236.9783,239.2729,-243.2621,0.04202013,-0.03142726,1.226095e-05,-0.1568335,-0.1548142,-0.1563133,-0.1589194,0
-0.3329019,-0.5075182,-9.898169,-0.01164532,-0.01179915,-0.001078041,87.70633,239.8618,-236.9181,238.8913,-243.2284,0.04200303,-0.03146465,-1.997404e-06,-0.1566979,-0.1547749,-0.156064,-0.1588973,0
-0.1745559,-0.3614641,-9.679551,-0.009655179,-0.01007503,0.0002417082,87.80463,239.3898,-236.5612,238.5726,-242.8458,0.04199721,-0.03149331,-2.526824e-05,-0.1563897,-0.1545418,-0.1558557,-0.1586474,0
0.2620668,0.04186964,-9.086799,-0.006207772,-0.006446712,0.003741615,87.90292,238.9517,-235.5429,238.4372,-241.7968,0.04201676,-0.03149744,-2.89061e-05,-0.1561034,-0.1538765,-0.1557673,-0.1579621,0
0.2252584,0.00801513,-9.109004,-0.007288669,-0.007234614,0.003528959,88.00124,239.0854,-234.604,238.4921,-240.902,0.04204239,-0.03149293,-5.080866e-06,-0.1561907,-0.1532632,-0.1558032,-0.1573775,0
-0.02520322,-0.2232397,-9.433236,-0.01015075,-0.009999768,0.001408811,88.09956,239.0325,-235.3922,238.1953,-241.7391,0.04203922,-0.03151473,1.299489e-06,-0.1561562,-0.1537781,-0.1556093,-0.1579244,0
-0.1405637,-0.3300209,-9.604678,-0.01062277,-0.01092394,0.0004714594,88.19789,239.3698,-235.9906,238.4736,-242.3302,0.04201979,-0.03153717,-3.906198e-06,-0.1563765,-0.154169,-0.1557911,-0.1583106,0
0.05176453,-0.1525341,-9.363234,-0.008719499,-0.009149188,0.001941697,88.29622,239.3531,-236.0239,238.6162,-242.3409,0.04200528,-0.03154772,-1.180757e-05,-0.1563657,-0.1541907,-0.1558843,-0.1583175,0
-0.2591175,-0.4399027,-9.764792,-0.01084411,-0.01148839,-0.0002665588,88.39456,239.3606,-235.7508,238.4276,-242.1108,0.04200212,-0.0315766,-1.163035e-05,-0.1563706,-0.1540123,-0.155761,-0.1581672,0
-0.2276634,-0.4109876,-9.717863,-0.01033908,-0.0110366,-4.526461e-05,88.49292,238.7496,-236.1618,237.848,-242.5191,0.04198806,-0.03161681,-3.634481e-05,-0.1559714,-0.1542809,-0.1553824,-0.1584339,0
-0.09139138,-0.2853352,-9.530853,-0.008477654,-0.009402586,0.001246671,88.59128,238.7475,-235.1769,237.9939,-241.5115,0.04199982,-0.03163347,-4.100948e-05,-0.15597,-0.1536374,-0.1554777,-0.1577757,0
-0.01522082,-0.2149054,-9.406776,-0.008331983,-0.008929024,0.001876507,88.68966,238.296,-234.6528,237.5642,-241.0112,0.04201389,-0.03164572,-3.856453e-05,-0.1556751,-0.153295,-0.155197,-0.1574489,0
0.09141644,-0.116322,-9.256448,-0.008022144,-0.00838528,0.002649247,88.78804,238.26,-234.4775,237.5637,-240.8525,0.04199993,-0.03163475,-3.169623e-05,-0.1556516,-0.1531805,-0.1551967,-0.1573452,0
-0.07470703,-0.2698121,-9.473721,-0.009545786,-0.01000487,0.001351647,88.88642,238.2984,-234.6842,237.4642,-241.0835,0.04200003,-0.03165928,-2.882975e-05,-0.1556766,-0.1533155,-0.1551317,-0.1574961,0
-0.06719302,-0.2630142,-9.469406,-0.009203209,-0.009869603,0.001373356,88.98482,238.4339,-234.7807,237.6207,-241.1778,0.04198041,-0.03166156,-3.025236e-05,-0.1557651,-0.1533786,-0.1552339,-0.1575577,0
0.171259,-0.04276181,-9.159124,-0.007491876,-0.008030317,0.003156838,89.08321,238.3582,-234.7544,237.6995,-241.1452,0.04195895,-0.03164798,-2.783376e-05,-0.1557157,-0.1533614,-0.1552854,-0.1575364,0
-0.2547667,-0.4364266,-9.714984,-0.01081629,-0.01158378,-1.200578e-05,89.18161,238.476,-234.8228,237.5165,-241.2743,0.04193812,-0.03166963,-2.419865e-05,-0.1557927,-0.1534061,-0.1551659,-0.1576207,0
0.01682778,-0.1856821,-9.364033,-0.008274002,-0.00920035,0.001944227,89.28001,238.3095,-235.0811,237.5611,-241.4866,0.04194162,-0.03169453,-3.886443e-05,-0.1556839,-0.1535748,-0.155195,-0.1577595,0
-0.3679755,-0.541364,-9.862633,-0.01079932,-0.01206713,-0.0007214138,89.37843,238.0521,-234.899,237.0632,-241.3497,0.04193476,-0.03173369,-4.523811e-05,-0.1555157,-0.1534559,-0.1548697,-0.15767,0
0.06303368,-0.1433093,-9.28748,-0.007066295,-0.00823172,0.002534909,89.47684,237.8552,-234.3754,237.1898,-240.776,0.04195153,-0.03174806,-5.596032e-05,-0.1553871,-0.1531138,-0.1549524,-0.1572952,0
-0.05864388,-0.2556871,-9.429834,-0.008358698,-0.009358536,0.001782007,89.57526,237.6836,-233.7477,236.9109,-240.1901,0.04196963,-0.03176061,-4.357548e-05,-0.155275,-0.1527037,-0.1547702,-0.1569125,0
0.005027667,-0.1967963,-9.337765,-0.008405083,-0.009153029,0.002120365,89.67369,237.4778,-234.0364,236.7069,-240.4914,0.0419656,-0.03177638,-4.617432e-05,-0.1551405,-0.1528924,-0.1546369,-0.1571093,0
-0.1712914,-0.3598354,-9.572623,-0.009447935,-0.01046794,0.0008558021,89.77213,237.8044,-233.8236,236.9319,-240.295,0.04196134,-0.03178569,-3.954061e-05,-0.1553539,-0.1527533,-0.1547839,-0.156981,0
0.1736533,-0.04114676,-9.121211,-0.007091514,-0.007841552,0.00333483,89.87055,237.5197,-234.0972,236.8618,-240.5401,0.04197485,-0.03180021,-4.2583e-05,-0.1551679,-0.152932,-0.1547382,-0.1571411,0
-0.189933,-0.3771324,-9.598022,-0.009906929,-0.01080189,0.0006964343,89.96899,237.8263,-233.9131,236.9167,-240.405,0.04197813,-0.0318262,-3.24375e-05,-0.1553682,-0.1528118,-0.154774,-0.1570528,0
-0.07882645,-0.2745969,-9.454977,-0.00892397,-0.009766929,0.001397139,90.06741,237.7393,-234.224,236.9142,-240.7101,0.04195884,-0.03183037,-4.062469e-05,-0.1553114,-0.1530149,-0.1547724,-0.1572522,0
0.1763713,-0.03889277,-9.123627,-0.00698627,-0.007670351,0.003386806,90.16586,237.7997,-233.9423,237.1511,-240.408,0.04197975,-0.03183683,-3.250708e-05,-0.1553509,-0.1528309,-0.1549271,-0.1570548,0
-0.06215703,-0.25922,-9.431833,-0.00936449,-0.009874895,0.001542492,90.2643,237.9767,-233.9609,237.1284,-240.4777,0.04198592,-0.03185656,-2.031873e-05,-0.1554665,-0.152843,-0.1549123,-0.1571003,0
0.004749365,-0.1974965,-9.353726,-0.008878317,-0.009342844,0.001892541,90.36274,238.2309,-234.3167,237.4278,-240.8246,0.04199403,-0.03187246,-1.818127e-05,-0.1556325,-0.1530755,-0.1551079,-0.1573269,0
0.1124952,-0.0980065,-9.223206,-0.008267409,-0.00854972,0.002666644,90.4612,238.2336,-234.6615,237.4913,-241.1677,0.04200045,-0.03188968,-1.542995e-05,-0.1556343,-0.1533007,-0.1551494,-0.1575511,0
0.3313875,0.1041813,-8.94407,-0.006850747,-0.006831626,0.004252127,90.55965,238.8426,-234.3204,238.2414,-240.817,0.04202307,-0.03188825,3.240141e-06,-0.1560321,-0.1530779,-0.1556394,-0.157322,0
0.0939004,-0.1151557,-9.26273,-0.009534279,-0.009181484,0.002283513,90.6581,239.2357,-234.7888,238.4209,-241.3427,0.04203127,-0.03189747,2.457945e-05,-0.156289,-0.1533839,-0.1557567,-0.1576654,0
-0.06622399,-0.2631863,-9.496843,-0.01102285,-0.01062614,0.0008382354,90.75656,239.4986,-236.0496,238.5563,-242.622,0.04201595,-0.03192851,2.15765e-05,-0.1564607,-0.1542076,-0.1558451,-0.1585012,0
-0.02671074,-0.2269965,-9.471129,-0.01000865,-0.009813553,0.001141436,90.85503,239.9154,-236.3372,239.0524,-242.8977,0.04198216,-0.03193276,1.473623e-05,-0.156733,-0.1543954,-0.1561692,-0.1586813,0
0.03581552,-0.1694114,-9.393216,-0.009266373,-0.008959606,0.001667737,90.95351,239.8156,-236.2915,239.0183,-242.8561,0.04197981,-0.03195265,8.639522e-06,-0.1566678,-0.1543655,-0.1561469,-0.1586541,0
-0.172247,-0.361783,-9.660423,-0.01067145,-0.01036983,0.000191253,91.05201,239.8799,-236.0562,238.9571,-242.6612,0.04196592,-0.03196195,9.306243e-06,-0.1567098,-0.1542118,-0.1561069,-0.1585268,0
0.06777284,-0.1401024,-9.343648,-0.008917578,-0.008374034,0.001946952,91.15053,239.5771,-236.2422,238.8118,-242.8389,0.04194833,-0.03196335,-5.028729e-07,-0.156512,-0.1543334,-0.156012,-0.1586428,0
-0.182975,-0.3718946,-9.668853,-0.01060937,-0.01027653,0.0002056058,91.24904,239.6559,-235.9622,238.7306,-242.5919,0.04194247,-0.03198562,-6.574642e-07,-0.1565635,-0.1541504,-0.155959,-0.1584815,0
-0.16964,-0.3597178,-9.645639,-0.01019427,-0.009947116,0.0002960009,91.34756,239.4317,-235.9796,238.5331,-242.6079,0.0419383,-0.0320061,-1.276859e-05,-0.156417,-0.1541618,-0.1558299,-0.158492,0
-0.1277905,-0.3211737,-9.58445,-0.009626681,-0.00941962,0.0007455279,91.44611,239.0672,-235.8321,238.2095,-242.4612,0.04193607,-0.03202584,-2.283984e-05,-0.1561789,-0.1540655,-0.1556186,-0.1583962,0
-0.04834651,-0.2478622,-9.46823,-0.008859287,-0.00861522,0.001452216,91.54465,239.0605,-235.1728,238.2675,-241.803,0.04194524,-0.03203387,-2.222707e-05,-0.1561745,-0.1536348,-0.1556564,-0.1579662,0
-0.1586844,-0.3497915,-9.600061,-0.00997194,-0.009627841,0.0006385591,91.6432,238.6686,-235.211,237.7769,-241.8725,0.04194259,-0.03205304,-2.734904e-05,-0.1559185,-0.1536597,-0.1553359,-0.1580115,0
0.0003382415,-0.2029698,-9.387861,-0.00855238,-0.008230776,0.001876638,91.74178,238.4631,-235.1338,237.6881,-241.7764,0.04194329,-0.03206934,-3.746338e-05,-0.1557842,-0.1536093,-0.1552779,-0.1579487,0
-0.2842753,-0.4660459,-9.750313,-0.0103885,-0.01030587,-9.930285e-05,91.84035,238.3564,-234.7054,237.4066,-241.3835,0.04194124,-0.03209022,-4.012113e-05,-0.1557145,-0.1533294,-0.1550941,-0.1576921,0
-0.2551456,-0.4392422,-9.700019,-0.009862062,-0.009830806,0.0001524278,91.93893,237.8286,-234.7203,236.9138,-241.3961,0.04193726,-0.0321129,-5.735482e-05,-0.1553697,-0.1533391,-0.1547721,-0.1577003,0
0.05924904,-0.1488616,-9.276241,-0.00718079,-0.007066268,0.002690835,92.03752,237.5354,-234.0199,236.8521,-240.6656,0.0419518,-0.03211771,-6.223698e-05,-0.1551782,-0.1528816,-0.1547318,-0.1572231,0
0.04443565,-0.1624651,-9.274636,-0.007714966,-0.007362967,0.002664726,92.13611,237.5339,-233.1947,236.8139,-239.8704,0.04197285,-0.03211422,-4.72736e-05,-0.1551772,-0.1523425,-0.1547068,-0.1567036,0
-0.3337243,-0.5117713,-9.760345,-0.01109962,-0.0107494,-0.000281909,92.2347,237.1452,-233.8388,236.125,-240.5721,0.04196125,-0.03214219,-5.307797e-05,-0.1549233,-0.1527632,-0.1542568,-0.157162,0
-0.415688,-0.5877763,-9.874119,-0.010721,-0.0108949,-0.0008159801,92.33329,237.097,-233.9328,236.0816,-240.6438,0.04195273,-0.03217015,-7.104549e-05,-0.1548918,-0.1528247,-0.1542284,-0.1572088,0
-0.1787812,-0.3690652,-9.552988,-0.008287057,-0.008499766,0.001158504,92.43188,236.3589,-233.5411,235.5432,-240.2245,0.04195371,-0.03219139,-9.27912e-05,-0.1544096,-0.1525688,-0.1538767,-0.1569349,0
-0.2457374,-0.4310107,-9.61272,-0.008382672,-0.00863049,0.0009444691,92.53048,236.09,-232.2917,235.2573,-238.9953,0.0419683,-0.03219956,-9.367534e-05,-0.1542339,-0.1517526,-0.1536899,-0.1561319,0
0.1678445,-0.04876404,-9.043054,-0.005734209,-0.005475799,0.004045507,92.62907,235.5814,-231.6452,234.9976,-238.3312,0.04199902,-0.03218734,-8.903209e-05,-0.1539017,-0.1513302,-0.1535203,-0.1556981,0
-0.03287126,-0.2340028,-9.291178,-0.008143909,-0.007670734,0.002554446,92.72766,235.7464,-231.2805,234.9656,-238.0185,0.04202085,-0.03218172,-6.33734e-05,-0.1540094,-0.151092,-0.1534994,-0.1554938,0
-0.2605891,-0.4443294,-9.594327,-0.01033141,-0.009907398,0.000598597,92.82624,235.8089,-232.0988,234.8357,-238.8639,0.04201658,-0.03220103,-6.281603e-05,-0.1540503,-0.1516266,-0.1534145,-0.1560461,0
-0.0743226,-0.2724262,-9.367975,-0.008343659,-0.008145708,0.00198141,92.92482,235.8955,-232.3931,235.0859,-239.1154,0.04202151,-0.03221353,-6.989526e-05,-0.1541069,-0.1518188,-0.153578,-0.1562104,0
-0.3667281,-0.5427024,-9.748194,-0.010245,-0.01020389,-7.533956e-05,93.02339,235.5737,-232.391,234.5858,-239.1515,0.04201291,-0.03224228,-7.932953e-05,-0.1538966,-0.1518174,-0.1532513,-0.1562339,0
-0.3076436,-0.4883262,-9.660392,-0.008971151,-0.009074595,0.0004837073,93.12195,235.3095,-231.9225,234.419,-238.6677,0.04201695,-0.03225854,-9.476114e-05,-0.153724,-0.1515114,-0.1531423,-0.1559179,0
0.07676954,-0.1331653,-9.136774,-0.006016277,-0.005772817,0.003535079,93.22052,234.7223,-231.1678,234.0987,-237.8904,0.04204096,-0.0322535,-9.699701e-05,-0.1533404,-0.1510183,-0.152933,-0.1554101,0
-0.2463011,-0.4315265,-9.53544,-0.008965425,-0.008579552,0.001216943,93.31906,234.8062,-230.38,233.9319,-237.169,0.04205908,-0.03225208,-7.748662e-05,-0.1533952,-0.1505037,-0.1528241,-0.1549388,0
-0.3613488,-0.5377632,-9.680075,-0.0101432,-0.009726587,0.0001678006,93.4176,234.3467,-231.1254,233.3656,-237.9316,0.04205341,-0.03227272,-8.93373e-05,-0.153095,-0.1509906,-0.1524541,-0.155437,0
-0.003359403,-0.2071746,-9.217027,-0.006780406,-0.00650597,0.002974469,93.51614,234.4626,-230.6536,233.7688,-237.4026,0.04207414,-0.03226886,-8.941382e-05,-0.1531708,-0.1506824,-0.1527175,-0.1550914,0
0.1786082,-0.0389085,-8.965638,-0.006053847,-0.005317024,0.004359948,93.61467,234.3865,-230.0849,233.7775,-236.8526,0.04208834,-0.03224789,-7.176939e-05,-0.153121,-0.1503109,-0.1527232,-0.1547321,0
0.06106744,-0.1473422,-9.11586,-0.007770223,-0.006754768,0.003321308,93.71318,234.9712,-229.935,234.2343,-236.7412,0.04211562,-0.03223116,-4.058002e-05,-0.153503,-0.1502129,-0.1530216,-0.1546594,0
0.01937284,-0.1857236,-9.188118,-0.009012384,-0.007741048,0.00267453,93.81168,235.1897,-231.1182,234.3632,-237.9439,0.04212153,-0.03223279,-2.684346e-05,-0.1536458,-0.1509859,-0.1531058,-0.155445,0
0.09578588,-0.1152204,-9.119991,-0.008456882,-0.00722294,0.003087806,93.91017,235.9515,-231.703,235.1805,-238.5119,0.04212786,-0.03223447,-1.415255e-05,-0.1541434,-0.151368,-0.1536397,-0.1558161,0
-0.1244554,-0.3188063,-9.429225,-0.01015724,-0.008938313,0.00131635,94.00865,236.4704,-232.1387,235.5579,-238.9792,0.04212856,-0.03224161,-2.830014e-06,-0.1544825,-0.1516526,-0.1538863,-0.1561214,0
-0.05583832,-0.2555192,-9.357121,-0.009648425,-0.008255295,0.001687963,94.10714,236.5366,-232.8916,235.6776,-239.7314,0.04212456,-0.03225167,-6.175314e-06,-0.1545257,-0.1521445,-0.1539645,-0.1566128,0
-0.1301376,-0.3243232,-9.467093,-0.009953242,-0.008558929,0.001175881,94.20561,236.894,-232.8737,236.0107,-239.7278,0.04212407,-0.03225812,-1.543064e-06,-0.1547591,-0.1521328,-0.1541822,-0.1566104,0
0.06525848,-0.143847,-9.21505,-0.008607941,-0.006892852,0.002563692,94.30408,236.8634,-233.0137,236.1107,-239.8676,0.04211847,-0.03225292,-2.867893e-06,-0.1547391,-0.1522242,-0.1542475,-0.1567018,0
0.2552853,0.0317156,-8.969758,-0.007459599,-0.005432342,0.00398761,94.40256,237.3163,-232.626,236.684,-239.485,0.04212684,-0.03222534,1.707634e-05,-0.155035,-0.1519709,-0.1546219,-0.1564519,0
-0.3533107,-0.5304898,-9.770782,-0.01280862,-0.01077768,-0.0007358237,94.50103,237.2614,-233.6337,236.1634,-240.5867,0.04210209,-0.03225009,1.888733e-05,-0.1549992,-0.1526292,-0.1542818,-0.1571715,0
0.0981058,-0.1137208,-9.203115,-0.008482458,-0.006662976,0.002555012,94.5995,237.7884,-233.7733,237.0618,-240.6465,0.04210682,-0.03224553,1.167085e-05,-0.1553435,-0.1527205,-0.1548688,-0.1572106,0
-0.07313889,-0.2719414,-9.429045,-0.0100992,-0.008136586,0.001378331,94.69798,237.6447,-233.7712,236.7849,-240.6938,0.04210369,-0.03225008,1.899366e-05,-0.1552496,-0.1527191,-0.1546879,-0.1572416,0
0.2212683,3.46303e-05,-9.046038,-0.008064521,-0.00580796,0.003459468,94.79645,238.0742,-233.6298,237.4081,-240.5345,0.04211386,-0.0322378,2.70953e-05,-0.1555302,-0.1526267,-0.155095,-0.1571374,0
0.03087558,-0.1758148,-9.302421,-0.01013062,-0.007716015,0.001959662,94.89493,238.0519,-234.1848,237.2149,-241.1372,0.04210428,-0.03224478,3.281295e-05,-0.1555156,-0.1529893,-0.1549688,-0.1575312,0
-0.3328759,-0.5120898,-9.79147,-0.01242895,-0.01041506,-0.0008120287,94.99342,238.5614,-234.4885,237.5101,-241.4712,0.042088,-0.03225921,3.198959e-05,-0.1558484,-0.1531877,-0.1551616,-0.1577494,0
0.08444851,-0.126675,-9.256109,-0.008977431,-0.006843664,0.002262834,95.0919,238.2645,-234.8994,237.5173,-241.8366,0.04208304,-0.03226238,1.725508e-05,-0.1556545,-0.1534561,-0.1551664,-0.1579881,0
-0.1223392,-0.3178159,-9.524457,-0.01046707,-0.008389827,0.0009038433,95.1904,238.2623,-234.5759,237.3802,-241.5545,0.04207025,-0.03227565,1.60006e-05,-0.1556531,-0.1532448,-0.1550768,-0.1578038,0
0.07193999,-0.138432,-9.262867,-0.008730177,-0.00659407,0.002341148,95.28889,238.5304,-233.9743,237.8049,-240.9426,0.04207169,-0.03225504,2.005612e-05,-0.1558282,-0.1528518,-0.1553543,-0.1574041,0
-0.1029415,-0.2998993,-9.486078,-0.01077249,-0.008439049,0.001007744,95.3874,238.0637,-234.513,237.1682,-241.5379,0.04204769,-0.03225239,2.071827e-05,-0.1555233,-0.1532037,-0.1549383,-0.157793,0
-0.4028982,-0.5772153,-9.885435,-0.01251987,-0.01069683,-0.00122879,95.4859,238.2345,-234.8104,237.1616,-241.8607,0.04199873,-0.03226258,6.350794e-06,-0.1556349,-0.153398,-0.154934,-0.1580038,0
-0.007962598,-0.212593,-9.369556,-0.00854707,-0.007006435,0.00184042,95.58443,237.9394,-234.4583,237.1971,-241.4474,0.0419979,-0.03226706,-1.343151e-05,-0.1554421,-0.153168,-0.1549572,-0.1577339,0
-0.2477916,-0.4341977,-9.662156,-0.01030258,-0.008874429,0.0003083554,95.68294,237.556,-233.7582,236.6533,-240.7978,0.04199674,-0.03227412,-1.248225e-05,-0.1551917,-0.1527106,-0.1546019,-0.1573094,0
-0.3532333,-0.5316441,-9.782421,-0.01101974,-0.009715445,-0.000480087,95.78146,237.1082,-233.7635,236.1305,-240.8223,0.04198344,-0.0322932,-2.880923e-05,-0.1548991,-0.1527141,-0.1542604,-0.1573255,0
-0.1411387,-0.3358268,-9.495367,-0.008805628,-0.00774892,0.001280758,95.88,236.8083,-233.2152,236.0091,-240.2426,0.04198712,-0.03229795,-4.047712e-05,-0.1547032,-0.1523558,-0.1541811,-0.1569467,0
-0.2428286,-0.4297593,-9.60672,-0.009606716,-0.008619609,0.0006828232,95.97852,236.2843,-232.7344,235.4069,-239.791,0.04198569,-0.03230972,-4.681084e-05,-0.1543608,-0.1520418,-0.1537877,-0.1566517,0
-0.2922069,-0.4754318,-9.653772,-0.009693036,-0.008923115,0.000404386,96.07704,236.091,-232.2263,235.1938,-239.2891,0.04198913,-0.03231738,-5.232123e-05,-0.1542346,-0.1517098,-0.1536485,-0.1563238,0
-0.3098629,-0.491749,-9.661901,-0.009751156,-0.009107982,0.0003566257,96.17557,235.3775,-232.2528,234.4628,-239.3233,0.04198295,-0.03233667,-6.836238e-05,-0.1537685,-0.1517272,-0.1531709,-0.1563462,0
-0.1021461,-0.2999301,-9.375517,-0.007667518,-0.007204935,0.00209574,96.27409,235.3513,-231.2879,234.6091,-238.3308,0.04199974,-0.03233473,-6.898212e-05,-0.1537513,-0.1510968,-0.1532665,-0.1556978,0
-0.3212098,-0.5022147,-9.639933,-0.009712737,-0.009229463,0.000515104,96.3726,234.837,-231.0514,233.9145,-238.1426,0.04200336,-0.03234627,-6.875819e-05,-0.1534154,-0.1509423,-0.1528127,-0.1555749,0
0.02785438,-0.1797023,-9.174792,-0.007047454,-0.006507352,0.003112406,96.47111,234.6663,-230.8541,233.9774,-237.9059,0.04201816,-0.03234611,-7.22547e-05,-0.1533038,-0.1508134,-0.1528538,-0.1554202,0
-0.06138478,-0.2620803,-9.283036,-0.008013484,-0.007481579,0.002525325,96.5696,234.67,-230.4342,233.899,-237.5118,0.04203192,-0.03234818,-6.03958e-05,-0.1533062,-0.1505391,-0.1528026,-0.1551628,0
-0.1382175,-0.3330209,-9.378994,-0.008854799,-0.008322886,0.001841018,96.66808,234.9071,-230.3721,234.0683,-237.4666,0.04204661,-0.03234761,-4.812597e-05,-0.1534612,-0.1504985,-0.1529132,-0.1551332,0
-0.06204864,-0.2625881,-9.286418,-0.008712796,-0.00805475,0.002281154,96.76657,234.8121,-230.9591,233.994,-238.0546,0.04205221,-0.03235542,-4.465564e-05,-0.1533991,-0.150882,-0.1528646,-0.1555174,0
-0.1986766,-0.3888962,-9.475838,-0.009649144,-0.00915451,0.001244093,96.86504,235.3026,-230.9283,234.401,-238.0371,0.04205741,-0.03236466,-3.462786e-05,-0.1537195,-0.1508619,-0.1531305,-0.1555059,0
-0.07402165,-0.2737591,-9.319455,-0.008818034,-0.008183828,0.002056173,96.96349,235.0626,-231.4676,234.2383,-238.5703,0.0420555,-0.03238072,-4.275982e-05,-0.1535627,-0.1512142,-0.1530242,-0.1558542,0
-0.2086627,-0.3982963,-9.499377,-0.00944584,-0.008983656,0.001164587,97.06195,235.291,-231.1799,234.4058,-238.2987,0.04205364,-0.0323888,-3.917741e-05,-0.1537119,-0.1510262,-0.1531336,-0.1556768,0
0.1211975,-0.09352729,-9.063396,-0.007150014,-0.006339532,0.003569658,97.16039,235.3792,-230.8625,234.7127,-237.9651,0.04206913,-0.0323731,-2.867966e-05,-0.1537696,-0.1508189,-0.1533342,-0.1554589,0
0.00707558,-0.1988035,-9.213044,-0.008946543,-0.007808336,0.002625666,97.25882,235.3129,-231.3059,234.5057,-238.4536,0.04206995,-0.03238272,-1.787841e-05,-0.1537262,-0.1511085,-0.1531989,-0.1557781,0
-0.09915976,-0.297063,-9.365489,-0.009580888,-0.008628628,0.001714458,97.35725,235.8671,-231.5257,235.0004,-238.6771,0.04206868,-0.03239445,-1.375421e-05,-0.1540883,-0.1512521,-0.1535221,-0.155924,0
-0.1801723,-0.372028,-9.481869,-0.01000654,-0.00915049,0.00106696,97.45567,235.8693,-231.8989,234.9637,-239.0599,0.04206751,-0.03240653,-1.456717e-05,-0.1540897,-0.1514959,-0.1534981,-0.1561741,0
-0.1093715,-0.3066962,-9.394598,-0.009415538,-0.008471115,0.001599824,97.55408,235.8846,-232.0444,235.0337,-239.2075,0.04206065,-0.03241344,-1.587936e-05,-0.1540997,-0.151591,-0.1535439,-0.1562705,0
-0.03861579,-0.2413854,-9.30377,-0.00887256,-0.007820467,0.002139318,97.6525,236.0832,-231.8041,235.2845,-238.9785,0.04204232,-0.0324021,-1.140112e-05,-0.1542295,-0.151434,-0.1537077,-0.1561209,0
-0.02802479,-0.231596,-9.289251,-0.009031086,-0.007860377,0.002169411,97.7509,236.0897,-231.8852,235.2839,-239.0741,0.04204657,-0.03240655,-6.698906e-06,-0.1542337,-0.151487,-0.1537073,-0.1561834,0
-0.2314894,-0.4196239,-9.559432,-0.010635,-0.009567227,0.0006127288,97.8493,236.0706,-232.2856,235.1198,-239.5031,0.0420366,-0.03242574,-9.277984e-06,-0.1542213,-0.1517485,-0.1536001,-0.1564636,0
0.1410258,-0.0755799,-9.078738,-0.007501456,-0.006382004,0.003388747,97.94771,236.2842,-232.0759,235.6104,-239.2487,0.04204807,-0.03242325,-9.048356e-06,-0.1543608,-0.1516116,-0.1539206,-0.1562974,0
-0.3108141,-0.493019,-9.666318,-0.01125926,-0.01017342,5.61746e-05,98.0461,236.3705,-232.037,235.3696,-239.2845,0.04204399,-0.03243654,2.099282e-06,-0.1544172,-0.1515861,-0.1537633,-0.1563208,0
-0.01503414,-0.2198127,-9.285336,-0.009003476,-0.007776321,0.00210249,98.14449,236.2859,-232.558,235.4857,-239.7725,0.04204142,-0.03244626,-8.589842e-06,-0.1543619,-0.1519265,-0.1538391,-0.1566396,0
0.0005337624,-0.2055098,-9.27057,-0.008794678,-0.007590759,0.002344393,98.24287,236.487,-232.2446,235.7059,-239.4661,0.04204646,-0.03244998,-1.15194e-06,-0.1544933,-0.1517218,-0.153983,-0.1564395,0
-0.1234026,-0.3200158,-9.429475,-0.009987548,-0.008677279,0.001341399,98.34126,236.5044,-232.3713,235.6234,-239.6245,0.04204238,-0.03246144,-2.457618e-08,-0.1545047,-0.1518046,-0.1539291,-0.156543,0
-0.1147109,-0.3120818,-9.423309,-0.009777171,-0.008519886,0.001387315,98.43964,236.6575,-232.4608,235.7943,-239.7143,0.04204363,-0.03246692,1.487034e-06,-0.1546047,-0.151863,-0.1540407,-0.1566016,0
-0.09044444,-0.289687,-9.394636,-0.009764725,-0.008401227,0.00154814,98.53802,236.5469,-232.7179,235.688,-239.9846,0.04203069,-0.03247292,-7.171503e-07,-0.1545324,-0.152031,-0.1539713,-0.1567782,0
-0.03247759,-0.2362223,-9.322149,-0.009188382,-0.007838307,0.001997406,98.6364,236.828,-232.4872,236.0196,-239.7636,0.04199886,-0.03245201,2.670451e-06,-0.154716,-0.1518803,-0.1541879,-0.1566338,0
-0.2127295,-0.40279,-9.557267,-0.01064179,-0.009377284,0.0006250324,98.73477,236.5675,-232.8554,235.6265,-240.1684,0.04196852,-0.03245851,-4.083312e-06,-0.1545459,-0.1521208,-0.1539311,-0.1568983,0
-0.2343418,-0.4229448,-9.587492,-0.01016432,-0.009258927,0.0005349015,98.83315,236.6795,-232.6911,235.7641,-239.9964,0.04195569,-0.032464,-1.016968e-05,-0.154619,-0.1520135,-0.154021,-0.1567859,0
-0.06206216,-0.2638166,-9.355908,-0.008789258,-0.007858502,0.001878875,98.93153,236.4767,-232.4385,235.6816,-239.7348,0.04196245,-0.03246748,-1.147159e-05,-0.1544865,-0.1518485,-0.1539671,-0.156615,0
-0.2346911,-0.423293,-9.574297,-0.01030317,-0.009406318,0.0006243571,99.02989,236.2347,-232.5171,235.3018,-239.854,0.04193592,-0.03247614,-1.676496e-05,-0.1543285,-0.1518998,-0.153719,-0.1566929,0
-0.3335803,-0.5148314,-9.700779,-0.01040069,-0.009901596,-5.041607e-05,99.12827,236.3059,-232.2425,235.3458,-239.5771,0.04193365,-0.03249167,-2.445644e-05,-0.154375,-0.1517204,-0.1537477,-0.156512,0
0.07893919,-0.1337124,-9.152361,-0.007275342,-0.006596533,0.00309188,99.22664,235.9321,-231.9565,235.2512,-239.2567,0.04195013,-0.03248828,-2.647692e-05,-0.1541308,-0.1515335,-0.153686,-0.1563027,0
-0.2964988,-0.4804959,-9.632626,-0.01058728,-0.009939408,0.0003581142,99.325,235.9258,-231.7807,234.9538,-239.1471,0.04194618,-0.03250615,-1.875589e-05,-0.1541266,-0.1514188,-0.1534916,-0.1562311,0
0.07290559,-0.1392647,-9.150671,-0.007630845,-0.006951269,0.002993746,99.42336,235.9941,-231.8041,235.2808,-239.1281,0.04194206,-0.03249932,-2.437263e-05,-0.1541713,-0.151434,-0.1537053,-0.1562186,0
-0.1136874,-0.3116401,-9.393729,-0.009273569,-0.008661157,0.001693868,99.52171,236.0004,-231.6854,235.1445,-239.0456,0.04194905,-0.03250667,-1.301669e-05,-0.1541754,-0.1513565,-0.1536162,-0.1561648,0
0.1747528,-0.04510608,-9.018143,-0.007458654,-0.006605056,0.003694697,99.62006,236.3405,-231.6808,235.6583,-239.0204,0.04196631,-0.03250105,-1.656895e-06,-0.1543976,-0.1513535,-0.1539519,-0.1561483,0
-0.1692315,-0.3628575,-9.478138,-0.01063832,-0.009799398,0.001028174,99.71841,236.3727,-232.3948,235.4142,-239.7897,0.04195444,-0.03252553,2.42015e-06,-0.1544186,-0.1518199,-0.1537925,-0.1566509,0
-0.07490474,-0.2759285,-9.370806,-0.009309809,-0.008722031,0.001661011,99.81676,237.038,-232.3554,236.1906,-239.7211,0.04196224,-0.03253029,6.391232e-06,-0.1548533,-0.1517942,-0.1542996,-0.1566061,0
-0.1693171,-0.3631556,-9.50032,-0.01039161,-0.009636677,0.000916228,99.91509,236.4253,-233.2283,235.4859,-240.6256,0.04194499,-0.032561,-6.509657e-06,-0.154453,-0.1523644,-0.1538393,-0.157197,0
-0.04849583,-0.2517779,-9.347651,-0.008667788,-0.008123606,0.001944434,100.0134,237.1015,-232.431,236.3052,-239.8021,0.04195484,-0.03256515,-2.438092e-06,-0.1548947,-0.1518435,-0.1543745,-0.1566589,0
-0.1212954,-0.3189761,-9.433717,-0.009724534,-0.008880092,0.001361708,100.1118,236.7629,-232.5109,235.8874,-239.9227,0.041959,-0.03257278,1.704026e-06,-0.1546735,-0.1518958,-0.1541016,-0.1567378,0
-0.1831352,-0.3761313,-9.517009,-0.01038156,-0.009485691,0.0008538816,100.2101,236.6361,-233.0172,235.7013,-240.4441,0.04194624,-0.0325966,-6.380634e-06,-0.1545907,-0.1522265,-0.15398,-0.1570784,0
-0.1360411,-0.332817,-9.460472,-0.009416074,-0.0087477,0.001285688,100.3084,236.8624,-232.6745,236.0005,-240.0861,0.04194567,-0.03261004,-1.126739e-05,-0.1547385,-0.1520026,-0.1541755,-0.1568445,0
-0.2010999,-0.3929764,-9.537066,-0.009871803,-0.009157957,0.0008616118,100.4068,236.335,-232.7616,235.4291,-240.195,0.04193743,-0.03263175,-2.33201e-05,-0.154394,-0.1520596,-0.1538021,-0.1569157,0
-0.09119195,-0.2915479,-9.384682,-0.008650632,-0.007981763,0.001812811,100.5051,236.3709,-232.1682,235.5668,-239.5909,0.04194488,-0.03263753,-2.481595e-05,-0.1544174,-0.1516719,-0.1538921,-0.156521,0
0.1466157,-0.07174703,-9.061148,-0.007320028,-0.006288584,0.003598084,100.6034,236.4646,-231.5499,235.7956,-238.9788,0.04195376,-0.03261086,-7.273723e-06,-0.1544786,-0.1512679,-0.1540416,-0.1561211,0
0.07527602,-0.137434,-9.153226,-0.00903944,-0.007638273,0.002882743,100.7018,236.4625,-232.1228,235.6619,-239.593,0.04195473,-0.03261735,5.592656e-06,-0.1544773,-0.1516422,-0.1539543,-0.1565224,0
-0.1570625,-0.3522002,-9.476545,-0.01068139,-0.009611295,0.001009812,100.8001,237.1034,-232.5962,236.1504,-240.0789,0.04194685,-0.03263389,1.089003e-05,-0.1548959,-0.1519515,-0.1542734,-0.1568398,0
-0.1447076,-0.3409504,-9.477074,-0.01026195,-0.009345193,0.001026245,100.8984,237.0821,-233.2083,236.1597,-240.6841,0.04193123,-0.0326477,2.488283e-06,-0.1548821,-0.1523513,-0.1542795,-0.1572351,0
-0.1873203,-0.3804824,-9.539251,-0.01022241,-0.009396732,0.0008000867,100.9967,237.246,-233.0779,236.3232,-240.5636,0.04191966,-0.03265519,2.255348e-06,-0.1549892,-0.1522662,-0.1543863,-0.1571564,0
-0.2771703,-0.4635777,-9.654082,-0.01081694,-0.00998207,0.0001316873,101.0951,236.8453,-233.3727,235.8634,-240.879,0.04190164,-0.03268495,-1.457605e-05,-0.1547274,-0.1524588,-0.1540859,-0.1573625,0
-0.1588781,-0.3545077,-9.494522,-0.00911851,-0.008485436,0.001191864,101.1934,236.824,-232.7521,235.9773,-240.2368,0.04190382,-0.0326959,-2.39564e-05,-0.1547135,-0.1520533,-0.1541603,-0.156943,0
0.02293235,-0.186491,-9.238214,-0.00797717,-0.007045117,0.002652508,101.2917,236.4231,-232.2337,235.6857,-239.7254,0.04191608,-0.03269521,-2.193718e-05,-0.1544515,-0.1517147,-0.1539698,-0.1566089,0
-0.2109022,-0.4024519,-9.531893,-0.01019559,-0.009197856,0.0009135486,101.39,236.3715,-232.1455,235.4412,-239.6847,0.04191291,-0.03270879,-1.734763e-05,-0.1544178,-0.151657,-0.1538101,-0.1565823,0
-0.08504845,-0.2862429,-9.368626,-0.009089337,-0.008171921,0.00178914,101.4884,236.4713,-232.1627,235.6338,-239.6882,0.04190106,-0.0327037,-1.950034e-05,-0.154483,-0.1516683,-0.1539359,-0.1565845,0
-0.230167,-0.4203469,-9.558393,-0.01023087,-0.009425191,0.0007493913,101.5867,236.3133,-232.2967,235.3705,-239.8538,0.04187332,-0.03270137,-2.003288e-05,-0.1543798,-0.1517558,-0.1537639,-0.1566927,0
0.05162848,-0.1600535,-9.189962,-0.007966666,-0.007137164,0.002837942,101.685,236.3563,-232.1671,235.6113,-239.6957,0.04187099,-0.03269937,-2.234681e-05,-0.1544079,-0.1516712,-0.1539212,-0.1565894,0
0.1020759,-0.1134101,-9.120985,-0.007851102,-0.006949252,0.003247987,101.7833,236.6622,-231.6793,235.9366,-239.2188,0.04189008,-0.03269193,-3.536359e-06,-0.1546077,-0.1513525,-0.1541337,-0.1562779,0
-0.1522831,-0.3482976,-9.455402,-0.01052979,-0.009512125,0.001157435,101.8816,236.619,-232.4355,235.6665,-240.025,0.04188218,-0.03271005,1.063279e-06,-0.1545795,-0.1518465,-0.1539572,-0.1568046,0
-0.1507634,-0.347075,-9.472039,-0.01006134,-0.009342525,0.001103891,101.9799,237.0307,-232.7905,236.1085,-240.3636,0.04187047,-0.03272121,-1.906911e-06,-0.1548485,-0.1520784,-0.154246,-0.1570258,0
-0.1385355,-0.335897,-9.463374,-0.009751801,-0.009089937,0.001222685,102.0782,237.1063,-232.7831,236.2104,-240.3703,0.04183954,-0.03270756,-8.436838e-07,-0.1548979,-0.1520736,-0.1543126,-0.1570302,0
0.03613386,-0.1745292,-9.235492,-0.008617599,-0.00778239,0.002498373,102.1765,236.9082,-232.9986,236.1162,-240.5839,0.04182788,-0.0327143,-6.039882e-06,-0.1547684,-0.1522143,-0.1542511,-0.1571697,0
-0.01914058,-0.225682,-9.3085,-0.008859119,-0.008174084,0.002147588,102.2748,237.3006,-232.5492,236.4846,-240.1442,0.04183579,-0.03271984,3.289835e-06,-0.1550248,-0.1519207,-0.1544918,-0.1568825,0
0.05907495,-0.1533708,-9.205067,-0.008695856,-0.007812384,0.002615551,102.3731,237.4034,-232.6603,236.6152,-240.2658,0.04184824,-0.03271847,1.459939e-05,-0.155092,-0.1519934,-0.154577,-0.1569619,0
-0.3673586,-0.5473478,-9.772609,-0.01231674,-0.01156114,-0.0006687397,102.4715,237.4151,-233.5324,236.3053,-241.196,0.04182751,-0.03275098,1.283603e-05,-0.1550996,-0.1525631,-0.1543745,-0.1575696,0
-0.1549139,-0.3513558,-9.511521,-0.009808901,-0.009368053,0.0008965203,102.5697,237.576,-233.7569,236.6679,-241.3706,0.04181732,-0.03277539,-6.16232e-06,-0.1552047,-0.1527098,-0.1546115,-0.1576836,0
-0.1574551,-0.353861,-9.510221,-0.009364997,-0.008999631,0.001092287,102.6681,237.3442,-233.2421,236.4686,-240.8649,0.04181935,-0.03278986,-1.088899e-05,-0.1550533,-0.1523734,-0.1544813,-0.1573533,0
-0.09732579,-0.2983007,-9.415413,-0.009068778,-0.008476431,0.001591061,102.7664,237.0376,-232.9612,236.1927,-240.6001,0.04182156,-0.03280219,-1.494666e-05,-0.154853,-0.1521899,-0.154301,-0.1571803,0
-0.3165088,-0.50085,-9.69341,-0.01066655,-0.01019986,2.032059e-05,102.8647,236.7578,-232.9679,235.7615,-240.6386,0.04180969,-0.03282939,-2.50799e-05,-0.1546702,-0.1521943,-0.1540194,-0.1572055,0
-0.02768507,-0.2341413,-9.308585,-0.007945293,-0.007559634,0.002267953,102.963,236.7284,-232.3904,235.9635,-240.0223,0.04182211,-0.03283251,-3.005101e-05,-0.154651,-0.1518171,-0.1541513,-0.1568028,0
-0.1647611,-0.3606988,-9.472928,-0.009424066,-0.008895463,0.001328609,103.0613,236.4661,-232.0991,235.5774,-239.7735,0.04182895,-0.03284073,-2.242161e-05,-0.1544796,-0.1516267,-0.153899,-0.1566403,0
-0.2966222,-0.4825267,-9.641113,-0.01054899,-0.01008403,0.0002700732,103.1596,236.2647,-232.4782,235.2695,-240.171,0.04181685,-0.03286776,-3.31467e-05,-0.154348,-0.1518744,-0.1536979,-0.1569,0
-0.1446501,-0.3423042,-9.443821,-0.008697901,-0.008491185,0.001516143,103.2579,236.2435,-232.1389,235.3956,-239.7993,0.04182108,-0.03288082,-4.208544e-05,-0.1543342,-0.1516528,-0.1537803,-0.1566571,0
-0.1833919,-0.3781029,-9.480503,-0.009016274,-0.008744571,0.001346542,103.3562,235.8643,-231.7912,234.9875,-239.4727,0.04182579,-0.03289388,-4.414409e-05,-0.1540865,-0.1514256,-0.1535136,-0.1564438,0
0.1319986,-0.08666963,-9.056784,-0.006834204,-0.006289262,0.003713045,103.4545,235.8596,-231.3195,235.1839,-238.9823,0.04183882,-0.03288624,-3.847709e-05,-0.1540834,-0.1511174,-0.153642,-0.1561234,0
-0.09799843,-0.2990482,-9.35132,-0.009183949,-0.008535108,0.001968449,103.5528,236.1081,-231.1132,235.2366,-238.8272,0.04184414,-0.03288255,-1.829834e-05,-0.1542458,-0.1509826,-0.1536764,-0.1560221,0
-0.1179575,-0.3174417,-9.385612,-0.009761304,-0.009054884,0.001592344,103.6511,236.2291,-231.8462,235.3125,-239.5667,0.0418443,-0.03289457,-1.493231e-05,-0.1543248,-0.1514615,-0.153726,-0.1565052,0
-0.1600963,-0.3564843,-9.458627,-0.009916632,-0.009380764,0.001242067,103.7494,236.3113,-232.4212,235.3731,-240.1401,0.04182862,-0.03291524,-2.114719e-05,-0.1543785,-0.1518372,-0.1537656,-0.1568798,0
-0.2384595,-0.4290931,-9.56743,-0.009864891,-0.009570931,0.0007292423,103.8477,236.5869,-232.1246,235.6429,-239.8459,0.04182234,-0.03292608,-2.293074e-05,-0.1545586,-0.1516434,-0.1539418,-0.1566876,0
-0.2955054,-0.4818603,-9.636048,-0.01021324,-0.009861434,0.0003301504,103.946,235.916,-232.4983,234.9359,-240.2377,0.04180988,-0.03295523,-4.11308e-05,-0.1541202,-0.1518875,-0.15348,-0.1569436,0
0.1936132,-0.03008964,-8.989264,-0.00600302,-0.005528504,0.00415766,104.0443,236.2305,-231.3566,235.6237,-239.0415,0.04183873,-0.03294202,-3.299735e-05,-0.1543257,-0.1511416,-0.1539293,-0.1561621,0
-0.1040154,-0.3048229,-9.36087,-0.009416528,-0.008524256,0.001890006,104.1425,236.0256,-231.283,235.1404,-239.0508,0.04184664,-0.03294681,-1.483797e-05,-0.1541919,-0.1510936,-0.1536136,-0.1561682,0
-0.06940464,-0.2728367,-9.32383,-0.009411744,-0.008491639,0.001936384,104.2408,236.3901,-231.8001,235.5092,-239.5623,0.04184915,-0.03295436,-1.034051e-05,-0.1544299,-0.1514314,-0.1538545,-0.1565023,0
-0.1541159,-0.3511771,-9.450747,-0.01003531,-0.009236766,0.001259861,104.3391,236.3989,-232.3928,235.4587,-240.1623,0.0418405,-0.03297512,-1.367244e-05,-0.1544357,-0.1518186,-0.1538215,-0.1568943,0
0.08779571,-0.1278128,-9.142647,-0.007863652,-0.007031465,0.003080206,104.4373,236.7443,-232.1255,235.9967,-239.868,0.04184413,-0.03297277,-1.065272e-05,-0.1546614,-0.151644,-0.154173,-0.156702,0
-0.02385006,-0.2309194,-9.287043,-0.009154509,-0.008087653,0.002226825,104.5356,236.9761,-231.9454,236.1311,-239.73,0.04184852,-0.03296505,7.403411e-06,-0.1548128,-0.1515263,-0.1542608,-0.1566119,0
-0.2088883,-0.4018336,-9.536774,-0.01108221,-0.009893235,0.0006489517,104.6339,237.0263,-232.791,236.0193,-240.6107,0.04183748,-0.03298372,8.568852e-06,-0.1548456,-0.1520787,-0.1541878,-0.1571872,0
0.02367907,-0.1871328,-9.2521,-0.008948678,-0.007833743,0.002340428,104.7321,237.4004,-233.0063,236.5781,-240.7884,0.04183751,-0.03299211,6.502085e-06,-0.15509,-0.1522194,-0.1545528,-0.1573033,0
0.06153983,-0.1521916,-9.207676,-0.008819093,-0.007526773,0.002640973,104.8304,237.5348,-232.9202,236.7335,-240.7168,0.04184135,-0.03299654,1.379287e-05,-0.1551778,-0.1521631,-0.1546543,-0.1572565,0
-0.1547378,-0.3520375,-9.493385,-0.01068678,-0.009320324,0.0009520998,104.9286,237.6323,-233.2586,236.6712,-241.0952,0.04183176,-0.03301292,1.505657e-05,-0.1552415,-0.1523842,-0.1546136,-0.1575037,0
-0.08599958,-0.2886719,-9.412868,-0.00988686,-0.00856421,0.001431023,105.0269,237.7314,-233.5021,236.8376,-241.3348,0.04180736,-0.03301023,9.323445e-06,-0.1553062,-0.1525433,-0.1547223,-0.1576603,0
-0.04236631,-0.2484445,-9.358376,-0.009452239,-0.008106256,0.001813109,105.1252,237.8215,-233.3372,236.9672,-241.1774,0.04179945,-0.03300892,1.191771e-05,-0.1553651,-0.1524356,-0.154807,-0.1575575,0
-0.3037431,-0.489977,-9.698459,-0.01148913,-0.01022072,-0.0001540354,105.2234,237.7876,-233.5105,236.7508,-241.3984,0.04176746,-0.03301219,9.263445e-06,-0.1553429,-0.1525487,-0.1546656,-0.1577018,0
-0.06350821,-0.2681567,-9.38759,-0.00928461,-0.008103284,0.001638732,105.3217,237.543,-233.7265,236.6902,-241.5847,0.04174897,-0.03301878,-6.846111e-06,-0.1551831,-0.1526899,-0.154626,-0.1578236,0
-0.3839058,-0.5643185,-9.800068,-0.01119951,-0.01040939,-0.0005435467,105.42,237.5004,-233.2415,236.4612,-241.1359,0.04174042,-0.03303869,-1.019111e-05,-0.1551553,-0.152373,-0.1544764,-0.1575303,0
0.04574371,-0.1674051,-9.22559,-0.007796724,-0.006829997,0.002664233,105.5183,237.0515,-233.0434,236.311,-240.8972,0.04174643,-0.033043,-2.33945e-05,-0.154862,-0.1522436,-0.1543783,-0.1573744,0
0.02027561,-0.1908801,-9.246334,-0.008247907,-0.007209611,0.002643391,105.6165,237.0287,-232.3897,236.252,-240.2686,0.04175675,-0.03304368,-1.270626e-05,-0.1548472,-0.1518166,-0.1543398,-0.1569637,0
0.02636429,-0.1851606,-9.229709,-0.008682616,-0.0075041,0.002570541,105.7148,237.3678,-232.1234,236.5647,-240.0197,0.04177239,-0.03303609,4.047183e-06,-0.1550687,-0.1516426,-0.154544,-0.1568011,0
-0.02081615,-0.2286355,-9.300085,-0.00978342,-0.008465113,0.002033749,105.8131,237.3125,-232.9909,236.4225,-240.9084,0.04176848,-0.03304702,9.078736e-06,-0.1550325,-0.1522093,-0.1544511,-0.1573817,0
-0.2322987,-0.4241744,-9.595839,-0.01108795,-0.01012387,0.0004034419,105.9114,237.8585,-233.3304,236.843,-241.2582,0.04175773,-0.03306708,1.07061e-05,-0.1553893,-0.1524312,-0.1547259,-0.1576102,0
0.0981722,-0.1189809,-9.175011,-0.008340431,-0.00729085,0.002812108,106.0097,237.8998,-233.4826,237.1292,-241.3793,0.04174512,-0.03305847,6.317962e-06,-0.1554162,-0.1525305,-0.1549128,-0.1576893,0
-0.07719009,-0.2810084,-9.405324,-0.009913131,-0.008795658,0.001567824,106.1079,238.0343,-233.3909,237.1321,-241.3284,0.04174485,-0.03306823,1.621115e-05,-0.1555041,-0.1524706,-0.1549147,-0.1576561,0
-0.3000154,-0.4869511,-9.700259,-0.01159002,-0.01057876,-0.0002053145,106.2062,238.0152,-233.9068,236.9596,-241.8732,0.04172689,-0.03309536,6.882758e-06,-0.1554916,-0.1528077,-0.154802,-0.158012,0
-0.05935382,-0.2648122,-9.392841,-0.009113951,-0.008249996,0.001665175,106.3045,238.0783,-233.7421,237.2317,-241.6704,0.04172901,-0.03310357,-5.227752e-07,-0.1555329,-0.1527001,-0.1549798,-0.1578795,0
0.1029952,-0.1147789,-9.172675,-0.008229701,-0.007054434,0.002952832,106.4028,237.9573,-233.3756,237.2012,-241.314,0.04173784,-0.03310416,6.382957e-06,-0.1554538,-0.1524606,-0.1549598,-0.1576467,0
-0.3849916,-0.5656201,-9.806252,-0.01221536,-0.01115069,-0.0007334519,106.5011,238.0557,-233.5726,236.946,-241.5817,0.041722,-0.03312892,8.119083e-06,-0.1555181,-0.1525894,-0.1547931,-0.1578216,0
-0.1113917,-0.3130187,-9.455914,-0.009604184,-0.008671049,0.00125038,106.5994,237.8219,-233.9903,236.9298,-241.9532,0.0417134,-0.033147,-1.183844e-05,-0.1553654,-0.1528622,-0.1547825,-0.1580642,0
-0.1975361,-0.3927333,-9.564188,-0.009871155,-0.009095047,0.0008460038,106.6977,237.6719,-233.4901,236.7463,-241.4687,0.04170978,-0.03316308,-1.50848e-05,-0.1552674,-0.1525354,-0.1546627,-0.1577478,0
-0.2275653,-0.4205247,-9.588289,-0.009974599,-0.009176801,0.0006599587,106.796,237.3111,-233.2714,236.37,-241.2649,0.04170169,-0.03318333,-2.786147e-05,-0.1550317,-0.1523926,-0.1544168,-0.1576146,0
-0.1799798,-0.3766559,-9.514143,-0.009220958,-0.008542744,0.001162465,106.8943,237.1321,-232.7207,236.2484,-240.7101,0.04170717,-0.03319046,-3.180221e-05,-0.1549147,-0.1520328,-0.1543374,-0.1572522,0
-0.02549249,-0.2338476,-9.296536,-0.008375387,-0.007474365,0.002362638,106.9927,236.7187,-232.4971,235.9143,-240.4902,0.04171294,-0.03319635,-3.335386e-05,-0.1546446,-0.1518868,-0.1541192,-0.1571085,0
-0.3406209,-0.5250034,-9.700171,-0.01077644,-0.01008356,6.412901e-05,107.091,236.6933,-232.352,235.6674,-240.3858,0.04170452,-0.03321768,-3.47975e-05,-0.1546281,-0.1517919,-0.1539578,-0.1570403,0
0.06318574,-0.1520017,-9.168347,-0.007406199,-0.006689052,0.003066301,107.1893,236.6443,-232.0484,235.9133,-240.0315,0.0417202,-0.03321429,-3.76164e-05,-0.1545961,-0.1515936,-0.1541185,-0.1568089,0
-0.1208544,-0.3219199,-9.400501,-0.00937865,-0.008523853,0.00176217,107.2876,236.7086,-231.7336,235.8156,-239.765,0.04173241,-0.03321377,-1.789053e-05,-0.154638,-0.1513879,-0.1540547,-0.1566347,0
-0.08915346,-0.2925468,-9.362362,-0.009690778,-0.008659692,0.001774314,107.3859,236.7265,-232.3854,235.8133,-240.4244,0.04172672,-0.03322913,-1.932113e-05,-0.1546497,-0.1518138,-0.1540532,-0.1570655,0
0.04178176,-0.1716946,-9.205655,-0.008418793,-0.007517661,0.002758967,107.4842,237.1808,-232.2767,236.378,-240.2977,0.04172112,-0.03321932,-1.160047e-05,-0.1549465,-0.1517428,-0.1544221,-0.1569828,0
-0.3390337,-0.5235347,-9.706043,-0.01155376,-0.01071317,-0.0001388518,107.5825,236.9027,-232.914,235.8216,-240.9923,0.04170256,-0.0332498,-1.73389e-05,-0.1547649,-0.1521591,-0.1540586,-0.1574365,0
-0.2234592,-0.417011,-9.562285,-0.009780642,-0.00923897,0.0007693649,107.6808,237.1879,-232.6936,236.248,-240.7373,0.04170319,-0.03326194,-2.486079e-05,-0.1549512,-0.1520151,-0.1543372,-0.15727,0
-0.0943369,-0.2977176,-9.3861,-0.008920107,-0.008156408,0.001818212,107.7792,236.8293,-232.473,235.972,-240.5237,0.04170927,-0.03326838,-2.502176e-05,-0.1547169,-0.151871,-0.1541568,-0.1571304,0
-0.2337126,-0.4264681,-9.560213,-0.01018165,-0.009344136,0.0007988493,107.8775,236.608,-232.5364,235.6379,-240.6189,0.04169841,-0.03329153,-3.169483e-05,-0.1545723,-0.1519125,-0.1539386,-0.1571926,0
-0.2518555,-0.4433941,-9.580388,-0.009687439,-0.009109778,0.0007410399,107.9758,236.5934,-232.2053,235.6518,-240.2793,0.0416972,-0.03330624,-4.04513e-05,-0.1545628,-0.1516961,-0.1539477,-0.1569707,0
-0.1516691,-0.3508548,-9.436976,-0.008836769,-0.008185675,0.001593631,108.0741,236.0531,-232.0289,235.1836,-240.1034,0.04169961,-0.0333176,-4.858794e-05,-0.1542098,-0.1515809,-0.1536418,-0.1568558,0
-0.3010926,-0.4889294,-9.618853,-0.009856889,-0.009296474,0.0005986533,108.1724,236.0861,-231.4381,235.1215,-239.5379,0.04170399,-0.03332705,-4.46718e-05,-0.1542314,-0.1511949,-0.1536012,-0.1564863,0
-0.1059696,-0.3086128,-9.353874,-0.008542518,-0.007824775,0.002007732,108.2707,235.7574,-231.4194,234.9108,-239.5078,0.04171016,-0.03333348,-4.956321e-05,-0.1540166,-0.1511827,-0.1534636,-0.1564667,0
-0.009543763,-0.2194881,-9.222834,-0.007976295,-0.00718296,0.002796373,108.369,235.7942,-231.0819,235.0012,-239.1703,0.04172277,-0.0333336,-4.117654e-05,-0.1540407,-0.1509622,-0.1535226,-0.1562462,0
-0.02725711,-0.2357656,-9.242062,-0.008555801,-0.007614519,0.002585569,108.4673,235.9059,-231.058,235.0709,-239.1649,0.04173157,-0.03333616,-3.097404e-05,-0.1541136,-0.1509466,-0.1535682,-0.1562427,0
-0.2795915,-0.4689072,-9.577816,-0.01060151,-0.009787208,0.000613283,108.5656,236.0558,-231.4509,235.0391,-239.5885,0.04172761,-0.0333514,-2.691205e-05,-0.1542116,-0.1512032,-0.1535474,-0.1565195,0
2.772962,5.579533,-4.519091,-0.009908326,-0.009208634,0.0009552443,108.6638,235.9884,-232.0036,235.0249,-240.1251,0.04171897,-0.03337245,-3.885791e-05,-0.1541675,-0.1515644,-0.1535381,-0.15687,1
2.857355,5.657318,-4.431631,-0.008778444,-0.008155446,0.001722983,108.7621,238.2249,-233.6495,237.3689,-241.7008,0.04172596,-0.03337918,-3.85726e-05,-0.1556287,-0.1526396,-0.1550694,-0.1578994,1
2.890544,5.687662,-4.58245,-0.009099975,-0.007750611,0.001987142,108.8604,246.0257,-241.46,245.2135,-249.3462,0.04173359,-0.03338032,-3.324224e-05,-0.1607248,-0.157742,-0.1601942,-0.162894,1
2.835902,5.636586,-5.047337,-0.01138094,-0.007451079,0.001552357,108.9587,256.1732,-251.8683,255.3028,-259.6659,0.04172067,-0.03338183,-2.992617e-05,-0.167354,-0.1645417,-0.1667853,-0.1696357,1
2.824749,5.625613,-5.483883,-0.01414112,-0.005769126,0.001458645,109.057,266.4022,-261.9207,265.4892,-269.7439,0.04168355,-0.03336698,-2.690827e-05,-0.1740364,-0.1711087,-0.17344,-0.1762195,1
2.914385,5.707797,-5.77024,-0.01659539,-0.002857078,0.00211886,109.1554,275.7484,-271.5809,274.8436,-279.4909,0.04161291,-0.03333437,-2.925454e-05,-0.1801421,-0.1774196,-0.1795511,-0.1825871,1
2.980451,5.768155,-6.059824,-0.0188808,0.0001504438,0.002674451,109.254,285.0262,-279.8442,284.1417,-287.8652,0.04152954,-0.03326084,-1.262652e-05,-0.1862032,-0.1828179,-0.1856253,-0.1880579,1
2.977906,5.765317,-6.41163,-0.02222753,0.002091055,0.002516121,109.3527,293.152,-288.4282,292.1896,-296.5948,0.04140692,-0.03317362,-7.273314e-07,-0.1915116,-0.1884257,-0.1908829,-0.1937608,1
2.811992,5.611344,-6.965581,-0.02575804,0.002954647,0.001203701,109.4517,301.3081,-296.2192,300.2155,-304.5197,0.04125647,-0.03306774,1.382492e-05,-0.1968399,-0.1935154,-0.1961261,-0.1989379,1
2.815015,5.61344,-7.274966,-0.02766178,0.005114065,0.001110625,109.5508,308.1976,-303.9796,307.0954,-312.3931,0.04107271,-0.03295418,7.982055e-06,-0.2013407,-0.1985851,-0.2006207,-0.2040815,1
2.851624,5.64643,-7.512701,-0.02842498,0.00780028,0.00150879,109.6503,315.0672,-310.0465,314.0328,-318.5558,0.04088871,-0.03280497,1.553064e-05,-0.2058285,-0.2025486,-0.2051528,-0.2081076,1
2.968382,5.753758,-7.610342,-0.02932959,0.01045165,0.002359944,109.75,320.8047,-316.0609,319.8284,-324.6848,0.04068805,-0.03263739,2.132988e-05,-0.2095768,-0.2064776,-0.2089389,-0.2121115,1
3.017316,5.798419,-7.782792,-0.03041719,0.01235866,0.002736631,109.8501,326.7905,-321.2151,325.84,-329.9439,0.04048403,-0.03244178,4.344944e-05,-0.2134871,-0.2098449,-0.2128662,-0.2155472,1
2.839852,5.634036,-8.237392,-0.03347705,0.01197308,0.001254958,109.9505,331.9391,-326.8939,330.828,-335.753,0.04024912,-0.03224942,5.594038e-05,-0.2168507,-0.2135547,-0.2161248,-0.2193422,1
3.045923,5.823816,-8.185705,-0.03276497,0.01490691,0.002710385,110.0513,337.1905,-331.7405,336.2338,-340.6548,0.04001719,-0.03203046,7.083155e-05,-0.2202813,-0.2167209,-0.2196563,-0.2225445,1
2.586843,5.399189,-8.98158,-0.03735673,0.01218489,-0.0007678648,110.1525,341.4434,-336.8084,340.1582,-345.8659,0.03974468,-0.03183342,7.422395e-05,-0.2230596,-0.2200317,-0.2222201,-0.2259488,1
2.876625,5.666143,-8.785419,-0.03503306,0.01608516,0.001402692,110.2542,345.6754,-340.7577,344.6535,-349.8333,0.03948471,-0.03160638,6.801487e-05,-0.2258243,-0.2226117,-0.2251568,-0.2285407,1
2.862353,5.652482,-8.954662,-0.03585219,0.01699186,0.001462878,110.3562,349.0963,-344.0472,348.0717,-353.2132,0.03922202,-0.03136637,7.690962e-05,-0.2280592,-0.2247607,-0.2273898,-0.2307487,1
2.907476,5.693796,-9.030009,-0.03642333,0.01809809,0.001784784,110.4587,352.6988,-347.0114,351.6952,-356.2538,0.03895926,-0.03110846,9.414638e-05,-0.2304127,-0.2266972,-0.229757,-0.232735,1
2.998323,5.77747,-9.044582,-0.03699142,0.01917185,0.002350408,110.5617,355.878,-350.3294,354.8966,-359.6396,0.03868679,-0.03084391,0.0001118707,-0.2324896,-0.2288648,-0.2318484,-0.2349469,1
2.391466,5.216397,-9.969917,-0.04229447,0.01482805,-0.002252122,110.6652,358.7825,-353.9863,357.3761,-363.4162,0.03837069,-0.03061195,0.0001128831,-0.234387,-0.2312537,-0.2334682,-0.2374141,1
2.982019,5.761285,-9.322338,-0.03735149,0.02087557,0.002166407,110.7691,361.3024,-356.6489,360.3682,-366.0296,0.03807597,-0.03034781,9.57315e-05,-0.2360333,-0.2329932,-0.2354229,-0.2391214,1
2.952581,5.733719,-9.449057,-0.03818076,0.02144846,0.002246521,110.8736,363.711,-357.878,362.7653,-367.3327,0.03779385,-0.0300594,0.0001190736,-0.2376068,-0.2337961,-0.2369889,-0.2399727,1
2.777297,5.57166,-9.754383,-0.04099747,0.02028373,0.0007729143,110.9786,365.7537,-360.2335,364.6298,-369.782,0.03748591,-0.02977926,0.0001319203,-0.2389412,-0.2353349,-0.2382069,-0.2415729,1
2.897854,5.68268,-9.690889,-0.04074666,0.02183016,0.001597027,111.0841,367.799,-362.6312,366.7491,-372.1968,0.03716905,-0.02949468,0.0001351249,-0.2402774,-0.2369013,-0.2395915,-0.2431504,1
2.813254,5.604115,-9.883575,-0.04190139,0.02194043,0.001017869,111.1901,369.7576,-364.3306,368.6578,-373.9388,0.03684574,-0.0292046,0.0001438775,-0.2415569,-0.2380115,-0.2408384,-0.2442884,1
2.672883,5.474036,-10.13539,-0.04354452,0.02171068,-4.218234e-05,111.2967,371.2615,-366.1078,370.0706,-375.7655,0.03650807,-0.02891449,0.0001435273,-0.2425394,-0.2391725,-0.2417614,-0.2454818,1
2.848761,5.636096,-9.966646,-0.04265316,0.02420525,0.001340105,111.4039,372.6954,-367.3211,371.6426,-376.9865,0.0361768,-0.02860212,0.0001470627,-0.2434761,-0.2399652,-0.2427883,-0.2462794,1
2.793587,5.584874,-10.08693,-0.04415278,0.02457422,0.000979321,111.5116,373.6688,-368.6468,372.5514,-378.364,0.0358253,-0.02829323,0.0001489186,-0.244112,-0.2408312,-0.243382,-0.2471793,1
2.613906,5.418428,-10.36691,-0.04592415,0.02439857,-0.0002901527,111.6198,374.9756,-369.4717,373.759,-379.2277,0.03546751,-0.02797323,0.0001515769,-0.2449658,-0.2413701,-0.2441709,-0.2477435,1
3.000001,5.774829,-9.898745,-0.04390587,0.02863342,0.002616289,111.7287,375.7291,-370.2755,374.7697,-380.0209,0.03511938,-0.02762258,0.0001566255,-0.2454579,-0.2418952,-0.2448312,-0.2482617,1
2.931808,5.711719,-10.01914,-0.04606456,0.02885669,0.002151296,111.8381,376.8123,-370.8643,375.7547,-380.6685,0.03475719,-0.02726371,0.0001813251,-0.2461656,-0.2422799,-0.2454747,-0.2486848,1
2.948528,5.726993,-10.03597,-0.04747788,0.02987533,0.002071434,111.948,378.0632,-371.8812,376.9745,-381.7159,0.03438162,-0.02689318,0.0002012896,-0.2469828,-0.2429442,-0.2462716,-0.2493691,1
3.042369,5.813475,-9.960186,-0.04830186,0.03162081,0.002614388,112.0586,379.112,-373.1483,378.0492,-383.0003,0.03399457,-0.02650915,0.0002215263,-0.247668,-0.243772,-0.2469737,-0.2502081,1
2.854996,5.640093,-10.25109,-0.05120828,0.03130944,0.001071194,112.1697,380.3744,-374.2537,379.1551,-384.1527,0.03358688,-0.02611978,0.0002448504,-0.2484927,-0.2444941,-0.2476961,-0.250961,1
2.590281,5.395114,-10.6429,-0.05434066,0.03077313,-0.001091489,112.2815,381.0826,-375.8557,379.6771,-385.7969,0.03314401,-0.0257393,0.0002431782,-0.2489553,-0.2455407,-0.2480371,-0.2520351,1
2.753386,5.545149,-10.46747,-0.05341592,0.03439779,0.0001930346,112.3938,381.4206,-376.6895,380.1797,-386.6087,0.03269428,-0.02533998,0.0002265227,-0.2491761,-0.2460854,-0.2483655,-0.2525655,1
2.803904,5.591283,-10.40975,-0.05364784,0.03723234,0.0008351996,112.5067,381.9359,-375.9928,380.7785,-385.9311,0.03225923,-0.02489617,0.0002363252,-0.2495127,-0.2456302,-0.2487567,-0.2521228,1
2.699318,5.494515,-10.53969,-0.05641096,0.03813023,3.575061e-05,112.6203,381.6895,-376.3702,380.4133,-386.3769,0.0317949,-0.02444595,0.0002396365,-0.2493518,-0.2458768,-0.2485181,-0.252414,1
3.075361,5.841633,-10.0564,-0.05499532,0.04314988,0.002860504,112.7344,382.0774,-376.3125,381.0476,-386.3013,0.03133168,-0.02395918,0.0002481736,-0.2496052,-0.2458391,-0.2489325,-0.2523646,1
2.979484,5.752909,-10.18536,-0.0577329,0.04414097,0.002148187,112.8491,382.7927,-375.9163,381.6606,-385.9612,0.03086357,-0.02344031,0.0002842438,-0.2500725,-0.2455803,-0.2493329,-0.2521424,1
2.638948,5.438229,-10.6438,-0.06277794,0.04295329,-0.0007004107,112.9644,382.7554,-377.4419,381.3138,-387.5656,0.03033731,-0.02294078,0.0002901299,-0.2500481,-0.2465769,-0.2491064,-0.2531905,1
2.700248,5.494232,-10.59452,-0.06291378,0.04618134,-0.0002449785,113.0804,383.2986,-377.9204,381.954,-388.0191,0.02980214,-0.02241566,0.0002852097,-0.250403,-0.2468895,-0.2495246,-0.2534869,1
2.789263,5.576001,-10.4817,-0.06336176,0.04970147,0.0005532885,113.1969,383.3842,-377.4663,382.1358,-387.5779,0.02927036,-0.02184909,0.0002933857,-0.250459,-0.2465929,-0.2496434,-0.2531986,1
2.796016,5.582068,-10.46229,-0.06545655,0.05212649,0.0006014778,113.314,382.7808,-377.7899,381.4987,-387.9509,0.02870281,-0.02127565,0.0002896388,-0.2500647,-0.2468042,-0.2492272,-0.2534423,1
2.600127,5.400619,-10.71292,-0.06800839,0.05356177,-0.0007127338,113.4318,383.1802,-377.0073,381.8095,-387.2028,0.02813099,-0.02066447,0.0003001759,-0.2503257,-0.246293,-0.2494302,-0.2529536,1
2.857546,5.638264,-10.36193,-0.0681351,0.05821174,0.001163987,113.5501,382.4877,-377.0962,381.2687,-387.3054,0.02754291,-0.0200234,0.0002998873,-0.2498733,-0.2463511,-0.2490769,-0.2530206,1
2.695375,5.48822,-10.5637,-0.07130891,0.0595884,7.424134e-05,113.6691,382.5827,-376.5739,381.2436,-386.8353,0.02693416,-0.01935783,0.0003167195,-0.2499354,-0.2460098,-0.2490605,-0.2527135,1
2.907418,5.683945,-10.27678,-0.07183559,0.06398669,0.001543517,113.7886,382.3392,-376.5168,381.1244,-386.7876,0.02630733,-0.01866199,0.0003217738,-0.2497762,-0.2459726,-0.2489827,-0.2526823,1
2.829669,5.611916,-10.37149,-0.07451457,0.06617349,0.0010153,113.9088,382.4285,-376.0914,381.1532,-386.4025,0.02566683,-0.01793145,0.0003434087,-0.2498346,-0.2456947,-0.2490015,-0.2524308,1
2.881483,5.659704,-10.29685,-0.07671361,0.0692583,0.001247049,114.0296,382.1532,-376.3921,380.8716,-386.7358,0.02499332,-0.01718221,0.0003531365,-0.2496548,-0.2458911,-0.2488175,-0.2526485,1
2.594177,5.393957,-10.67332,-0.08075212,0.07014568,-0.0008930154,114.1509,382.3828,-376.2178,380.921,-386.6054,0.02429434,-0.01640818,0.0003667262,-0.2498047,-0.2457772,-0.2488497,-0.2525633,1
2.916473,5.691476,-10.24669,-0.08046833,0.07603037,0.00142239,114.2729,381.906,-376.3401,380.6638,-386.7105,0.02357893,-0.01559631,0.0003655094,-0.2494933,-0.2458571,-0.2486818,-0.252632,1
2.93846,5.711612,-10.20669,-0.08270359,0.07956373,0.001700979,114.3954,382.0424,-375.4964,380.8125,-385.892,0.02285383,-0.014738,0.0003905003,-0.2495824,-0.245306,-0.2487788,-0.2520972,1
2.716839,5.506848,-10.4822,-0.0874788,0.08093394,-0.0001318244,114.5186,381.8376,-375.6188,380.4088,-386.0724,0.02208617,-0.01386086,0.0004063646,-0.2494486,-0.2453859,-0.2485151,-0.2522151,1
2.72551,5.514617,-10.47206,-0.08986992,0.0846922,-0.0001661987,114.6424,381.4058,-376.1719,379.9771,-386.6168,0.0212778,-0.01296384,0.0003997837,-0.2491664,-0.2457473,-0.2482331,-0.2525707,1
2.748888,5.535802,-10.43392,-0.09161033,0.08929095,0.0001694541,114.7668,381.4347,-375.2921,380.0724,-385.7097,0.02046287,-0.01201088,0.0004069651,-0.2491853,-0.2451725,-0.2482954,-0.2519782,1
2.857378,5.635971,-10.26601,-0.09404501,0.09429049,0.0009794692,114.8917,381.0828,-374.5615,379.7694,-384.9702,0.01963231,-0.01100086,0.0004259074,-0.2489555,-0.2446952,-0.2480975,-0.251495,1
2.771128,5.556379,-10.36184,-0.09876853,0.0975913,0.0002126908,115.0173,380.5551,-374.8525,379.1024,-385.2547,0.01874492,-0.009970008,0.0004357037,-0.2486107,-0.2448853,-0.2476617,-0.2516809,1
3.032907,5.798017,-10.01632,-0.1001149,0.1046656,0.00211041,115.1434,380.8298,-374.3451,379.5433,-384.6255,0.01784035,-0.008873958,0.0004499805,-0.2487902,-0.2445538,-0.2479497,-0.2512698,1
2.842888,5.622446,-10.25252,-0.106043,0.1083675,0.0006194871,115.2702,380.566,-374.3237,379.0779,-384.4945,0.01688792,-0.007733315,0.0004687244,-0.2486179,-0.2445398,-0.2476457,-0.2511843,1
2.784887,5.56872,-10.32319,-0.1113043,0.1142014,3.756672e-05,115.3976,380.5441,-374.621,378.9364,-384.4912,0.01588386,-0.00653661,0.0004792173,-0.2486035,-0.244734,-0.2475533,-0.2511821,1
2.596627,5.394535,-10.56723,-0.1183906,0.1206867,-0.001418756,115.5255,380.3699,-374.6459,378.5999,-384.5995,0.01481506,-0.005276509,0.0004826616,-0.2484897,-0.2447504,-0.2473334,-0.2512529,1
2.845781,5.624397,-10.2322,-0.1228819,0.1322239,0.0004330676,115.654,379.7744,-373.7827,378.2991,-385.0826,0.01368292,-0.003920361,0.0004744553,-0.2481007,-0.2441864,-0.2471369,-0.2515685,1
2.894766,5.669304,-10.14462,-0.123182,0.1365846,0.00096543,115.7832,379.6109,-372.2827,378.3687,-384.1277,0.0125494,-0.002490393,0.0004917114,-0.2479939,-0.2432064,-0.2471824,-0.2509447,1
2.550188,5.351008,-10.56637,-0.1252551,0.1343227,-0.001709442,115.9129,378.546,-372.466,377.2114,-384.7435,0.01138671,-0.001082077,0.0004857066,-0.2472982,-0.2433262,-0.2464263,-0.2513469,1
2.825319,5.605062,-10.19375,-0.1204996,0.1359099,0.0004499051,116.0432,378.4968,-371.4575,377.5746,-383.9795,0.01026921,0.0003472539,0.000482852,-0.2472661,-0.2426674,-0.2466636,-0.2508478,1
2.592876,5.390749,-10.46691,-0.120541,0.1313101,-0.001179214,116.1741,377.446,-371.0399,376.4764,-383.8757,0.009152981,0.001734488,0.0004770351,-0.2465796,-0.2423946,-0.2459462,-0.25078,1
3.045683,5.809511,-9.848172,-0.114615,0.1313498,0.002267778,116.3056,377.2261,-369.8926,376.6971,-382.909,0.008086684,0.003116682,0.000476433,-0.2464359,-0.2416451,-0.2460904,-0.2501485,1
2.447657,5.25776,-10.59875,-0.1173173,0.1214713,-0.002119691,116.4377,376.553,-369.4775,375.6712,-382.7961,0.007015589,0.004425167,0.0004807768,-0.2459963,-0.2413739,-0.2454202,-0.2500747,1
2.508557,5.314505,-10.50047,-0.1138161,0.1167244,-0.001729259,116.5703,375.7464,-369.6345,375.0104,-383.1111,0.005957439,0.00566838,0.0004486055,-0.2454693,-0.2414765,-0.2449885,-0.2502806,1
2.553905,5.356775,-10.41559,-0.1097654,0.1116666,-0.001031495,116.7035,375.0111,-368.4338,374.4445,-382.0536,0.004942851,0.006864988,0.000426365,-0.2449889,-0.2406921,-0.2446187,-0.2495897,1
3.067284,5.831811,-9.69442,-0.1032329,0.1093858,0.003001411,116.8373,374.3764,-366.5812,374.2199,-380.3164,0.003993583,0.008038811,0.0004268467,-0.2445743,-0.2394818,-0.244472,-0.2484548,1
2.742538,5.532878,-10.07414,-0.1043852,0.09901876,0.0005669295,116.9717,373.6743,-366.0473,373.2422,-380.0002,0.003044632,0.009121442,0.000437594,-0.2441156,-0.239133,-0.2438333,-0.2482482,1
2.690438,5.485388,-10.12802,-0.1021893,0.09112537,-4.82719e-06,117.1066,373.5157,-366.1359,373.0618,-380.1981,0.002110248,0.01012146,0.0004277232,-0.244012,-0.2391908,-0.2437155,-0.2483775,1
2.753807,5.544362,-10.03699,-0.09862429,0.0843581,0.000507354,117.2422,373.13,-365.902,372.7616,-380.0449,0.001208085,0.01105059,0.0004153048,-0.24376,-0.2390381,-0.2435194,-0.2482774,1
2.827094,5.61251,-9.920592,-0.09530111,0.07756183,0.001114174,117.3782,372.6773,-365.368,372.3758,-379.598,0.0003355468,0.0119074,0.0004045512,-0.2434643,-0.2386892,-0.2432673,-0.2479855,1
2.646484,5.445995,-10.13307,-0.09388262,0.06873603,-0.0001836226,117.5149,372.4724,-364.6516,372.0624,-378.985,-0.0005077226,0.01269255,0.0004004799,-0.2433304,-0.2382212,-0.2430626,-0.2475851,1
2.761117,5.552225,-9.962258,-0.09052229,0.06214567,0.0006134638,117.6521,371.7042,-364.6796,371.3541,-379.0745,-0.001332139,0.01339689,0.0003811714,-0.2428285,-0.2382395,-0.2425998,-0.2476435,1
2.657602,5.456669,-10.07955,-0.08832313,0.05416726,-2.565735e-05,117.7898,371.4536,-364.0094,371.0456,-378.4669,-0.002128437,0.0140277,0.0003693349,-0.2426649,-0.2378017,-0.2423983,-0.2472466,1
2.653887,5.453252,-10.05904,-0.08553453,0.04711417,-1.957529e-05,117.9282,371.0837,-363.2935,370.6749,-377.8004,-0.002889084,0.01459664,0.0003588334,-0.2424232,-0.237334,-0.2421561,-0.2468112,1
2.76551,5.556433,-9.889336,-0.08244339,0.04082661,0.0008245683,118.067,370.1594,-363.2843,369.7783,-377.8304,-0.003636199,0.01508348,0.0003380027,-0.2418194,-0.237328,-0.2415704,-0.2468307,1
2.844888,5.629536,-9.765095,-0.07898602,0.03483814,0.001551042,118.2065,370.3901,-361.9934,370.0645,-376.5557,-0.004333292,0.01552649,0.0003405384,-0.2419701,-0.2364846,-0.2417574,-0.245998,1
3.001218,5.773967,-9.536572,-0.07628393,0.02897862,0.00257216,118.3465,369.7218,-361.9744,369.4069,-376.5731,-0.005014128,0.01589811,0.0003369733,-0.2415335,-0.2364723,-0.2413277,-0.2460093,1
2.735837,5.528457,-9.876171,-0.07614627,0.02026155,0.0005450313,118.487,369.9999,-361.7428,369.451,-376.3878,-0.005677803,0.01619958,0.0003438594,-0.2417152,-0.236321,-0.2413566,-0.2458883,1
2.878366,5.659645,-9.68881,-0.07290561,0.01519315,0.001402833,118.6281,369.7393,-362.151,369.2322,-376.7878,-0.006324723,0.0164341,0.000331392,-0.241545,-0.2365876,-0.2412137,-0.2461496,1
2.867912,5.649281,-9.701851,-0.07052638,0.009449327,0.001362623,118.7698,369.8622,-361.825,369.3201,-376.4646,-0.006941003,0.01661708,0.0003307786,-0.2416252,-0.2363746,-0.2412711,-0.2459385,1
2.801746,5.587438,-9.779741,-0.06901285,0.003412351,0.000771388,118.9119,369.7604,-361.746,369.1171,-376.405,-0.007538479,0.01674299,0.0003280054,-0.2415587,-0.236323,-0.2411385,-0.2458995,1
2.909825,5.68645,-9.635217,-0.06616907,-0.0009143237,0.001495312,119.0547,369.5281,-361.9092,368.9004,-376.5575,-0.008118029,0.01681401,0.0003184136,-0.241407,-0.2364297,-0.2409969,-0.2459992,1
2.716566,5.50687,-9.883452,-0.0653209,-0.007154839,7.657992e-05,119.198,369.5622,-361.6545,368.768,-376.3162,-0.008679073,0.01683249,0.0003134454,-0.2414292,-0.2362633,-0.2409104,-0.2458415,1
2.620713,5.417169,-10.00018,-0.06370786,-0.0122181,-0.0006743856,119.3418,369.4003,-361.5016,368.5112,-376.1611,-0.009216664,0.01680858,0.000304104,-0.2413235,-0.2361633,-0.2407427,-0.2457402,1
2.900085,5.674153,-9.626165,-0.05966645,-0.01417126,0.001407261,119.4862,368.82,-361.5659,368.0602,-376.1885,-0.009734463,0.01674198,0.0002876618,-0.2409443,-0.2362054,-0.240448,-0.2457581,1
2.857914,5.633946,-9.66905,-0.05789522,-0.0182984,0.001204307,119.6311,368.9147,-360.763,368.0839,-375.3795,-0.01022511,0.01664236,0.0002874664,-0.2410062,-0.2356809,-0.2404635,-0.2452296,1
2.710454,5.496465,-9.84617,-0.05724489,-0.02313663,3.450309e-05,119.7766,368.506,-360.7311,367.5103,-375.3554,-0.01070546,0.01649829,0.0002782078,-0.2407393,-0.23566,-0.2400887,-0.2452139,1
2.776467,5.556041,-9.752144,-0.05467764,-0.02582079,0.0005550939,119.9227,368.209,-360.6375,367.215,-375.2283,-0.01116415,0.01632317,0.0002674856,-0.2405452,-0.2355988,-0.2398959,-0.2451308,1
2.678298,5.463891,-9.869291,-0.05345685,-0.02954869,-0.0001133107,120.0692,367.967,-360.2867,366.8595,-374.8674,-0.0116082,0.01611223,0.0002589618,-0.2403871,-0.2353697,-0.2396636,-0.244895,1
2.588471,5.379343,-9.972879,-0.05201098,-0.03279486,-0.0007411634,120.2163,367.5791,-360.0079,366.3775,-374.5698,-0.01203627,0.01587033,0.0002437311,-0.2401337,-0.2351876,-0.2393487,-0.2447006,1
2.709758,5.489808,-9.797605,-0.0490118,-0.03406504,0.0002797108,120.364,367.0512,-359.5489,365.9006,-374.0694,-0.01243784,0.01561133,0.0002296359,-0.2397888,-0.2348877,-0.2390372,-0.2443737,1
2.593115,5.380507,-9.928175,-0.04813536,-0.03716432,-0.0004620219,120.5122,366.3289,-359.2223,365.0441,-373.7361,-0.01283547,0.01531473,0.0002120009,-0.239317,-0.2346743,-0.2384776,-0.244156,1
2.618231,5.401981,-9.872979,-0.04557338,-0.03851701,-0.000108164,120.6609,366.2572,-358.047,364.988,-372.5171,-0.01319217,0.01502142,0.0002065404,-0.2392701,-0.2339065,-0.238441,-0.2433596,1
2.735642,5.509048,-9.692242,-0.04358757,-0.0396128,0.0007940078,120.8102,365.2342,-357.938,363.9534,-372.3889,-0.01354149,0.01470223,0.0001955334,-0.2386018,-0.2338353,-0.2377651,-0.2432758,1
2.563736,5.348602,-9.900287,-0.04314958,-0.0425239,-0.0003727399,120.96,365.1182,-357.3307,363.6754,-371.7653,-0.0138797,0.0143609,0.0001915494,-0.238526,-0.2334386,-0.2375835,-0.2428685,1
2.6628,5.438453,-9.753949,-0.04059018,-0.0429376,0.0003828676,121.1103,364.5499,-357.0076,363.1384,-371.3937,-0.01419934,0.01400776,0.0001766645,-0.2381547,-0.2332275,-0.2372327,-0.2426258,1
2.589552,5.36912,-9.830075,-0.03941619,-0.04453523,3.147492e-06,121.2612,364.0617,-356.4216,362.5659,-370.7845,-0.01450023,0.01364504,0.0001709771,-0.2378359,-0.2328447,-0.2368587,-0.2422278,1
2.843034,5.601736,-9.477255,-0.0361331,-0.0434909,0.001933021,121.4126,363.6924,-355.7583,362.3148,-370.0688,-0.01477528,0.01328473,0.0001689919,-0.2375945,-0.2324114,-0.2366946,-0.2417602,1
2.854017,5.610415,-9.445551,-0.03511654,-0.04450446,0.002031523,121.5645,363.4388,-355.2957,361.9885,-369.5898,-0.01503815,0.01291493,0.0001762804,-0.2374289,-0.2321092,-0.2364814,-0.2414473,1
2.693573,5.460628,-9.646208,-0.03520428,-0.04664193,0.0007507793,121.7169,363.4497,-355.1462,361.8271,-369.4292,-0.01529246,0.01253416,0.0001840469,-0.237436,-0.2320115,-0.236376,-0.2413423,1
2.72675,5.489663,-9.602639,-0.03373057,-0.04698574,0.0008937131,121.8698,363.2078,-355.4329,361.5527,-369.6774,-0.01553932,0.0121423,0.0001820718,-0.237278,-0.2321988,-0.2361968,-0.2415045,1
2.886558,5.635645,-9.394341,-0.03115318,-0.04600389,0.002089339,122.0233,363.3,-355.1163,361.7176,-369.3097,-0.01576296,0.0117566,0.0001875629,-0.2373382,-0.2319919,-0.2363045,-0.2412643,1
2.605518,5.374425,-9.756584,-0.03223531,-0.04855349,-6.181118e-05,122.1773,363.2349,-355.0745,361.4074,-369.2794,-0.01598599,0.01135674,0.00019344,-0.2372957,-0.2319647,-0.2361018,-0.2412445,1
2.732447,5.490022,-9.591082,-0.0298828,-0.04749269,0.0007946441,122.3318,362.8847,-355.4047,361.1124,-369.5587,-0.01620048,0.01095212,0.0001819014,-0.237067,-0.2321803,-0.2359091,-0.2414269,1
2.997075,5.73286,-9.241616,-0.02643881,-0.04512991,0.002880557,122.4869,363.0276,-354.6119,361.4203,-368.7081,-0.01637729,0.01057327,0.0001910167,-0.2371603,-0.2316624,-0.2361102,-0.2408712,1
2.825027,5.572574,-9.454409,-0.0273671,-0.04677372,0.001494016,122.6424,362.9965,-354.4316,361.1866,-368.5493,-0.01655206,0.01018884,0.0002077966,-0.2371399,-0.2315446,-0.2359576,-0.2407675,1
2.686034,5.442674,-9.64163,-0.02757411,-0.04790605,0.0002532785,122.7985,362.8847,-355.151,360.9199,-369.2551,-0.01673703,0.009785602,0.0002047838,-0.2370669,-0.2320147,-0.2357834,-0.2412286,1
2.57279,5.336304,-9.800462,-0.02659111,-0.04812755,-0.0005637028,122.9551,363.0734,-355.098,361.0475,-369.1632,-0.01690461,0.009388722,0.0002014807,-0.2371902,-0.23198,-0.2358668,-0.2411686,1
2.930003,5.664816,-9.329573,-0.0227083,-0.04470954,0.002102519,123.1122,362.5089,-355.111,360.7005,-369.1156,-0.01705568,0.009000679,0.0001887288,-0.2368214,-0.2319885,-0.23564,-0.2411375,1
2.49626,5.26259,-9.885103,-0.0246396,-0.04749671,-0.0009607175,123.2698,362.6906,-354.2948,360.5819,-368.3267,-0.01719563,0.008616569,0.000197417,-0.2369401,-0.2314553,-0.2355625,-0.2406221,1
2.38204,5.155644,-10.0223,-0.02431705,-0.0477715,-0.001920981,123.428,361.7863,-354.8807,359.5735,-368.8975,-0.01734717,0.008215244,0.0001712355,-0.2363494,-0.231838,-0.2349038,-0.240995,1
2.876497,5.610907,-9.367834,-0.01861432,-0.04267134,0.002038924,123.5866,361.5291,-353.9255,359.6888,-367.8412,-0.01745354,0.007851844,0.0001590862,-0.2361813,-0.231214,-0.2349791,-0.2403049,1
2.876854,5.610174,-9.337233,-0.01811809,-0.04226574,0.002187878,123.7458,361.3467,-352.6603,359.4534,-366.5851,-0.0175378,0.007508249,0.0001755841,-0.2360622,-0.2303875,-0.2348253,-0.2394844,1
2.870867,5.603722,-9.328557,-0.01818271,-0.04233176,0.001943918,123.9055,361.1256,-352.7986,359.1335,-366.7231,-0.01762534,0.007161946,0.0001855351,-0.2359177,-0.2304778,-0.2346163,-0.2395745,1
2.561782,5.316993,-9.740488,-0.01971897,-0.04445598,-0.0004684182,124.0657,361.0945,-353.4151,358.8489,-367.3378,-0.01772782,0.006795578,0.0001842632,-0.2358975,-0.2308806,-0.2344304,-0.239976,1
2.644101,5.391644,-9.641787,-0.01736171,-0.04271747,0.0001415231,124.2264,361.1809,-353.3482,359.0215,-367.2073,-0.01780969,0.006444173,0.0001746496,-0.2359538,-0.2308369,-0.2345432,-0.2398908,1
2.713146,5.454278,-9.544558,-0.01573986,-0.04125626,0.0007573564,124.3876,360.8596,-352.9795,358.7434,-366.8118,-0.01787329,0.006108085,0.0001723745,-0.235744,-0.230596,-0.2343615,-0.2396325,1
2.835214,5.566091,-9.372868,-0.01419549,-0.03962183,0.00167806,124.5494,360.5436,-352.7499,358.4734,-366.5598,-0.01792992,0.005778555,0.0001700276,-0.2355375,-0.2304461,-0.2341851,-0.2394678,1
2.859235,5.587316,-9.334045,-0.01321866,-0.03872692,0.001874235,124.7116,360.8171,-352.0997,358.7456,-365.8884,-0.01796361,0.005472229,0.0001832331,-0.2357162,-0.2300212,-0.2343629,-0.2390292,1
2.737209,5.473804,-9.489949,-0.01399957,-0.03940371,0.000802245,124.8744,360.5354,-352.5934,358.3142,-366.3898,-0.01800771,0.005156167,0.0001872431,-0.2355322,-0.2303438,-0.2340811,-0.2393568,1
2.837502,5.565481,-9.369308,-0.01230249,-0.03786119,0.001477487,125.0376,360.7817,-352.7435,358.6186,-366.4933,-0.01804151,0.004849092,0.0001880286,-0.2356931,-0.2304418,-0.23428,-0.2394243,1
2.613436,5.357529,-9.66684,-0.01305811,-0.03882076,-0.0002074742,125.2014,360.685,-352.9159,358.3631,-366.6658,-0.01807853,0.004536184,0.0001836596,-0.2356299,-0.2305545,-0.2341131,-0.2395371,1
2.644393,5.385136,-9.626106,-0.01148338,-0.03741737,5.248404e-05,125.3657,360.5856,-352.7881,358.3115,-366.5003,-0.01809873,0.00423922,0.0001744986,-0.235565,-0.230471,-0.2340794,-0.239429,1
2.930178,5.64842,-9.244625,-0.008597507,-0.03428266,0.002256634,125.5305,360.4703,-352.2511,358.3818,-365.921,-0.01809162,0.003971186,0.0001791789,-0.2354896,-0.2301202,-0.2341253,-0.2390505,1
2.657252,5.395742,-9.592798,-0.01059997,-0.03609482,0.0001652719,125.6958,360.1357,-352.5264,357.7997,-366.2289,-0.01810701,0.003681193,0.0001777209,-0.2352711,-0.2303,-0.233745,-0.2392516,1
2.840224,5.563938,-9.357211,-0.007871753,-0.03355721,0.001511736,125.8616,360.6077,-352.0254,358.4312,-365.6637,-0.01808856,0.003425639,0.0001799302,-0.2355794,-0.2299727,-0.2341575,-0.2388824,1
2.821187,5.545904,-9.378017,-0.007961033,-0.03333187,0.001324129,126.0279,360.0441,-352.4528,357.7995,-366.0956,-0.01807785,0.003163118,0.0001796769,-0.2352112,-0.2302519,-0.2337448,-0.2391645,1
2.544976,5.29004,-9.742923,-0.009087289,-0.03470268,-0.0007399765,126.1947,360.3353,-352.4427,357.9102,-366.0835,-0.01807097,0.002895857,0.0001769152,-0.2354015,-0.2302454,-0.2338172,-0.2391566,1
2.79508,5.520428,-9.417418,-0.006020655,-0.03164897,0.00111525,126.362,360.0301,-352.4469,357.8009,-366.0262,-0.01804568,0.002646204,0.0001612877,-0.235202,-0.2302481,-0.2337457,-0.2391192,1
2.63122,5.368543,-9.621923,-0.006452916,-0.03209328,6.969157e-05,126.5298,359.8638,-351.9579,357.5304,-365.5424,-0.01801031,0.002406475,0.0001624591,-0.2350935,-0.2299286,-0.233569,-0.2388031,1
2.826976,5.549042,-9.355112,-0.004504143,-0.02987164,0.001480056,126.6982,359.6613,-351.771,357.4437,-365.3219,-0.01796468,0.002179574,0.0001582008,-0.2349611,-0.2298065,-0.2335124,-0.2386591,1
2.785253,5.510187,-9.405354,-0.004394952,-0.02967443,0.001201073,126.867,359.6028,-351.6011,357.3375,-365.143,-0.01791496,0.001957274,0.0001608572,-0.234923,-0.2296955,-0.233443,-0.2385423,1
2.638022,5.373833,-9.595581,-0.004911868,-0.03023614,5.690224e-05,127.0364,359.4731,-351.769,357.0993,-365.3048,-0.01786974,0.001730412,0.0001549367,-0.2348382,-0.2298052,-0.2332874,-0.2386479,1
2.90777,5.62268,-9.24365,-0.001987774,-0.02725877,0.002096879,127.2062,359.557,-351.4417,357.3857,-364.9182,-0.01779776,0.001531108,0.0001546646,-0.234893,-0.2295914,-0.2334745,-0.2383954,1
2.567098,5.307811,-9.683457,-0.004414867,-0.02959757,-0.0004409183,127.3766,359.3766,-351.5585,356.9416,-365.0695,-0.01773979,0.001318245,0.0001577361,-0.2347752,-0.2296677,-0.2331844,-0.2384942,1
2.674842,5.407034,-9.545984,-0.002685427,-0.02792611,0.0002905556,127.5475,359.0945,-351.9797,356.748,-365.4419,-0.01768435,0.001102006,0.0001359315,-0.2345909,-0.2299429,-0.2330579,-0.2387375,1
2.677267,5.408914,-9.539026,-0.001304996,-0.02677915,0.000545911,127.7188,359.1496,-351.1442,356.8639,-364.5716,-0.01759969,0.0009132643,0.0001329706,-0.2346269,-0.229397,-0.2331336,-0.238169,1
2.892597,5.607921,-9.238823,0.000380706,-0.02461571,0.00215314,127.8907,358.6908,-350.8527,356.5226,-364.2609,-0.01750471,0.0007383876,0.0001325561,-0.2343271,-0.2292066,-0.2329107,-0.237966,1
2.852216,5.570709,-9.285258,7.842276e-05,-0.02470423,0.001839382,128.063,358.8169,-350.6529,356.5864,-364.0588,-0.01740954,0.0005659791,0.0001417553,-0.2344095,-0.2290761,-0.2329523,-0.237834,1
2.55185,5.293189,-9.680965,-0.00179382,-0.0267131,-0.000515701,128.2359,358.9193,-350.9793,356.4755,-364.3935,-0.01732457,0.0003834587,0.0001413596,-0.2344764,-0.2292893,-0.2328799,-0.2380526,1
2.569469,5.309312,-9.666344,-0.0007108596,-0.02580658,-0.0004084005,128.4093,358.472,-351.6406,356.0659,-365.0124,-0.01724513,0.0001929364,0.0001180964,-0.2341842,-0.2297214,-0.2326123,-0.2384569,1
2.99645,5.703657,-9.105358,0.003726593,-0.02133365,0.003002584,128.5832,358.7113,-350.5232,356.6559,-363.8156,-0.01711956,4.837638e-05,0.0001192187,-0.2343405,-0.2289913,-0.2329977,-0.2376751,1
2.709906,5.439308,-9.460316,0.001083925,-0.02355034,0.0008528539,128.7576,358.4305,-350.3002,356.1248,-363.6453,-0.01700593,-0.0001046379,0.0001304861,-0.2341571,-0.2288457,-0.2326508,-0.2375638,1
2.792391,5.515685,-9.35486,0.001925789,-0.02258812,0.001302596,128.9324,358.5272,-350.6925,356.263,-364.0034,-0.01689272,-0.0002553511,0.0001282672,-0.2342202,-0.229102,-0.232741,-0.2377978,1
2.676742,5.408937,-9.515594,0.001571387,-0.0230607,0.0004484221,129.1078,358.3458,-351.1326,356.0074,-364.4279,-0.01678938,-0.0004183908,0.0001186342,-0.2341017,-0.2293895,-0.2325741,-0.2380751,1
3.13067,5.828371,-8.923967,0.005881882,-0.01862451,0.003892638,129.2837,358.8782,-350.2466,356.8946,-363.4613,-0.0166399,-0.0005334633,0.0001274744,-0.2344496,-0.2288106,-0.2331537,-0.2374436,1
2.542198,5.285198,-9.686165,0.0007403825,-0.02348563,-0.0005859586,129.4601,358.4812,-350.8846,356.0285,-364.1829,-0.01652817,-0.0006844151,0.0001343658,-0.2341902,-0.2292275,-0.2325879,-0.237915,1
2.86835,5.586566,-9.274567,0.004139205,-0.02016466,0.001709359,129.6369,358.9044,-351.134,356.7151,-364.3457,-0.01639802,-0.0008157103,0.0001250619,-0.2344667,-0.2293904,-0.2330365,-0.2380214,1
2.898022,5.614258,-9.241493,0.004629223,-0.01952919,0.002012131,129.8143,358.8386,-351.0482,356.6721,-364.2464,-0.01626038,-0.0009402243,0.0001288092,-0.2344236,-0.2293344,-0.2330083,-0.2379565,1
2.554751,5.297413,-9.689335,0.002313674,-0.02186117,-0.0006002503,129.9922,359.1626,-351.0207,356.7692,-364.2426,-0.01612733,-0.001067367,0.0001348477,-0.2346353,-0.2293164,-0.2330718,-0.237954,1
2.875936,5.594448,-9.277632,0.005046426,-0.01888738,0.001668519,130.1706,358.7961,-351.7081,356.6224,-364.8709,-0.01599336,-0.001192543,0.0001188094,-0.2343959,-0.2297654,-0.2329758,-0.2383645,1
2.829967,5.552247,-9.341993,0.005302598,-0.01868296,0.001490757,130.3494,359.175,-351.1432,357.001,-364.2897,-0.01584449,-0.001303518,0.0001254966,-0.2346434,-0.2293964,-0.2332232,-0.2379848,1
2.769143,5.496512,-9.416678,0.004859947,-0.0188977,0.0009306431,130.5288,359.1048,-351.2551,356.8804,-364.4023,-0.01569773,-0.00141409,0.0001249324,-0.2345976,-0.2294695,-0.2331444,-0.2380583,1
2.78749,5.513865,-9.398082,0.005249871,-0.01843575,0.001041635,130.7087,358.9947,-351.6414,356.7857,-364.7656,-0.0155538,-0.001526872,0.0001187349,-0.2345256,-0.2297218,-0.2330825,-0.2382957,1
2.734628,5.465371,-9.471393,0.005415339,-0.01835221,0.000693603,130.8891,359.3098,-351.3715,357.0953,-364.4757,-0.0153991,-0.001628862,0.0001208947,-0.2347315,-0.2295455,-0.2332848,-0.2381063,1
3.076962,5.782197,-9.024019,0.007926304,-0.0154301,0.003167398,131.07,359.1056,-351.5462,357.11,-364.6053,-0.01523685,-0.001721172,0.000117293,-0.2345981,-0.2296597,-0.2332944,-0.2381909,1
2.917261,5.635205,-9.235851,0.00667876,-0.01658357,0.002000237,131.2514,359.6796,-351.1976,357.5706,-364.2657,-0.01506713,-0.001804023,0.0001364129,-0.2349731,-0.229432,-0.2335953,-0.2379691,1
2.638932,5.378639,-9.608517,0.004331795,-0.01884351,-0.0003210696,131.4333,359.7146,-352.1174,357.3907,-365.2037,-0.01492003,-0.001907588,0.0001355554,-0.234996,-0.2300328,-0.2334778,-0.2385819,1
2.830901,5.556305,-9.37918,0.006498681,-0.01678785,0.00106872,131.6157,359.8633,-352.6662,357.7094,-365.6886,-0.01476664,-0.002006272,0.0001233746,-0.2350931,-0.2303914,-0.233686,-0.2388986,1
2.642018,5.382183,-9.63184,0.005730075,-0.01769438,-0.0002176509,131.7986,359.7849,-352.6439,357.5429,-365.6644,-0.01461735,-0.002111738,0.0001120155,-0.2350419,-0.2303768,-0.2335772,-0.2388828,1
2.770072,5.500894,-9.458248,0.007525357,-0.01589412,0.0008310553,131.982,359.6126,-352.2911,357.5137,-365.2714,-0.01445124,-0.002199893,9.728989e-05,-0.2349293,-0.2301463,-0.2335581,-0.2386262,1
2.648276,5.388985,-9.603853,0.006875818,-0.01646949,8.03493e-05,132.1659,359.2656,-351.9418,357.1019,-364.9277,-0.01428215,-0.00228412,9.234496e-05,-0.2347026,-0.2299181,-0.2332892,-0.2384016,1
2.988948,5.704436,-9.147751,0.009484052,-0.01354927,0.002632313,132.3504,359.1855,-351.564,357.2543,-364.5005,-0.014098,-0.002350482,9.030294e-05,-0.2346503,-0.2296713,-0.2333887,-0.2381225,1
2.504617,5.257729,-9.775075,0.005688318,-0.0174568,-0.0009458351,132.5353,359.0565,-351.6937,356.7809,-364.6744,-0.01393769,-0.002441537,8.966762e-05,-0.234566,-0.229756,-0.2330794,-0.2382361,1
2.487934,5.242774,-9.79893,0.006498286,-0.01698505,-0.001088549,132.7207,358.7128,-352.1133,356.4807,-365.0463,-0.01378097,-0.002538462,6.176891e-05,-0.2343415,-0.2300302,-0.2328833,-0.2384791,1
3.021906,5.736653,-9.093578,0.01142555,-0.01200148,0.003173108,132.9066,358.4674,-351.1904,356.6625,-364.0331,-0.01358395,-0.002596322,5.269508e-05,-0.2341812,-0.2294272,-0.2330021,-0.2378171,1
2.872043,5.59922,-9.263926,0.009654129,-0.01336629,0.002163487,133.0931,358.4153,-350.33,356.4728,-363.2079,-0.01338657,-0.002650454,6.971075e-05,-0.2341471,-0.2288651,-0.2328781,-0.2372781,1
2.931312,5.654942,-9.181252,0.009492455,-0.01321977,0.00238239,133.28,358.4861,-350.6715,356.5428,-363.5336,-0.01319627,-0.002707348,7.58338e-05,-0.2341934,-0.2290882,-0.2329239,-0.2374909,1
2.780347,5.51624,-9.392775,0.008260729,-0.01454798,0.001174329,133.4675,358.767,-351.1628,356.7151,-364.0135,-0.01301389,-0.002772486,8.294097e-05,-0.2343769,-0.2294092,-0.2330364,-0.2378044,1
2.493384,5.25174,-9.782572,0.006468656,-0.01659412,-0.001055614,133.6554,358.8611,-351.8246,356.64,-364.6703,-0.01284877,-0.002856939,7.350862e-05,-0.2344384,-0.2298415,-0.2329874,-0.2382335,1
2.855698,5.58699,-9.318697,0.01010188,-0.0129888,0.001711114,133.8439,358.8489,-351.7242,356.943,-364.4879,-0.01266,-0.002918723,5.964488e-05,-0.2344304,-0.229776,-0.2331853,-0.2381142,1
2.738126,5.479192,-9.463161,0.009211527,-0.01367263,0.0009916351,134.0328,358.5713,-351.3932,356.5961,-364.1681,-0.01247362,-0.002982492,5.834354e-05,-0.234249,-0.2295597,-0.2329587,-0.2379054,1
2.548489,5.304754,-9.701906,0.008055983,-0.01484171,-0.000411626,134.2222,358.4988,-351.2728,356.4218,-364.0474,-0.012292,-0.003049417,5.049266e-05,-0.2342017,-0.229481,-0.2328448,-0.2378265,1
2.784838,5.523881,-9.388306,0.01020063,-0.01259127,0.001414345,134.4122,358.0808,-351.2562,356.195,-363.9781,-0.01210155,-0.003107071,3.650545e-05,-0.2339286,-0.2294702,-0.2326967,-0.2377812,1
2.514108,5.274589,-9.731367,0.008417413,-0.01447071,-0.0004294064,134.6026,358.0443,-350.7262,356.0022,-363.4601,-0.01191221,-0.003166184,3.685718e-05,-0.2339047,-0.229124,-0.2325707,-0.2374428,1
2.983527,5.709199,-9.107482,0.01195127,-0.01056024,0.003026047,134.7936,357.5345,-350.7429,355.8168,-363.4066,-0.01171496,-0.003215421,2.141522e-05,-0.2335718,-0.2291348,-0.2324496,-0.2374078,1
2.698822,5.447084,-9.470489,0.009874922,-0.01271212,0.001102109,134.985,357.878,-349.8826,355.9874,-362.5628,-0.01150807,-0.003254419,3.845054e-05,-0.2337961,-0.2285729,-0.232561,-0.2368566,1
2.718521,5.466338,-9.438032,0.00948889,-0.01277342,0.001036074,135.177,357.6204,-350.3985,355.7162,-363.0667,-0.01131332,-0.003301771,3.66996e-05,-0.2336278,-0.2289099,-0.2323839,-0.2371858,1
2.903986,5.638568,-9.206519,0.0108909,-0.01127044,0.002418257,135.3694,357.6206,-350.7264,355.8494,-363.3441,-0.01112061,-0.003351631,3.259213e-05,-0.233628,-0.2291241,-0.2324709,-0.237367,1
2.902378,5.637931,-9.211683,0.01105719,-0.01105821,0.002445779,135.5624,358.1278,-350.1758,356.3868,-362.7703,-0.01091275,-0.003385538,4.433662e-05,-0.2339593,-0.2287644,-0.232822,-0.2369922,1
2.895181,5.632328,-9.221222,0.01040426,-0.01130557,0.002242052,135.7558,358.1174,-350.5322,356.3497,-363.1247,-0.01070885,-0.003419219,5.395522e-05,-0.2339525,-0.2289972,-0.2327977,-0.2372237,1
2.635651,5.393465,-9.5741,0.008173286,-0.0134784,0.0001941835,135.9498,358.2324,-351.3324,356.2813,-363.932,-0.01052943,-0.003476434,5.328122e-05,-0.2340276,-0.22952,-0.232753,-0.2377511,1
3.097783,5.821128,-8.986618,0.01217443,-0.009334851,0.003598819,136.1442,358.6914,-351.1914,357.1089,-363.6999,-0.01032294,-0.003505536,5.210508e-05,-0.2343275,-0.2294279,-0.2332937,-0.2375995,1
2.784252,5.532469,-9.397638,0.009307276,-0.01192381,0.00128187,136.3391,358.806,-351.1953,357.0006,-363.7429,-0.01012557,-0.003541611,6.678131e-05,-0.2344024,-0.2294305,-0.2332229,-0.2376276,1
2.590519,5.354343,-9.659632,0.007743866,-0.01338342,-0.0003462504,136.5346,358.7393,-352.1107,356.8094,-364.6559,-0.009952199,-0.003599481,5.490635e-05,-0.2343588,-0.2300285,-0.233098,-0.238224,1
2.693557,5.45015,-9.538549,0.009432459,-0.01187467,0.0005360345,136.7305,358.8072,-352.101,357.0268,-364.588,-0.009766361,-0.003646494,4.041566e-05,-0.2344032,-0.2300221,-0.23324,-0.2381797,1
2.81631,5.564426,-9.369583,0.0105887,-0.01046793,0.001602115,136.927,358.6332,-351.5424,356.9761,-364.0044,-0.009566121,-0.003677696,3.710741e-05,-0.2342895,-0.2296572,-0.233207,-0.2377984,1
2.824388,5.57295,-9.346161,0.01025349,-0.01040508,0.001690788,137.1239,358.4304,-351.3404,356.773,-363.8016,-0.009368882,-0.003708263,3.776813e-05,-0.234157,-0.2295252,-0.2330743,-0.2376659,1
2.861453,5.6082,-9.294751,0.01030363,-0.01013554,0.001945718,137.3214,358.5445,-351.2391,356.9164,-363.6805,-0.009169664,-0.003733958,4.173225e-05,-0.2342315,-0.229459,-0.2331679,-0.2375868,1
2.993414,5.731155,-9.124887,0.01088757,-0.009241871,0.002862143,137.5193,358.6693,-351.3264,357.1232,-363.7403,-0.00896794,-0.003754455,4.885886e-05,-0.2343131,-0.2295161,-0.233303,-0.2376259,1
2.955098,5.696788,-9.182866,0.01009737,-0.009778957,0.002480303,137.7178,359.2491,-351.3145,357.6682,-363.7209,-0.008762319,-0.003767612,6.90451e-05,-0.2346918,-0.2295083,-0.2336591,-0.2376132,1
2.838134,5.589766,-9.35211,0.008468102,-0.01110236,0.001355702,137.9168,359.2851,-352.4458,357.5912,-364.8543,-0.008584471,-0.003806324,6.947739e-05,-0.2347154,-0.2302473,-0.2336088,-0.2383536,1
2.83076,5.583631,-9.386526,0.008910316,-0.01079896,0.001271117,138.1162,359.8517,-352.7454,358.2092,-365.1107,-0.008401522,-0.003840507,6.750022e-05,-0.2350855,-0.2304431,-0.2340125,-0.2385211,1
2.757253,-0.4834838,-14.49143,0.008506402,-0.01107614,0.0007284202,138.3162,359.7988,-352.868,358.1425,-365.2241,-0.008218199,-0.003873419,6.398038e-05,-0.2350509,-0.2305232,-0.2339689,-0.2385952,1
2.593258,-0.6341394,-14.68599,0.007410157,-0.01208314,-0.0004644528,138.5167,357.5208,-351.0187,355.7466,-363.4127,-0.008046334,-0.003916647,5.238394e-05,-0.2335628,-0.229315,-0.2324037,-0.2374119,1
2.595845,-0.6307195,-14.48124,0.008326471,-0.01153895,-0.0003347417,138.7177,349.7086,-343.2772,347.8826,-355.7478,-0.00787189,-0.003959676,3.223174e-05,-0.2284592,-0.2242577,-0.2272663,-0.2324045,1
2.733411,-0.5023476,-13.91359,0.01133886,-0.01010011,0.0008934137,138.9191,339.8008,-333.0361,338.0576,-345.5125,-0.007670901,-0.003988525,1.882796e-05,-0.2219866,-0.2175673,-0.2208477,-0.225718,1
2.890023,-0.3561839,-13.29481,0.01485991,-0.009136998,0.002186476,139.121,329.8998,-323.1299,328.2747,-335.5345,-0.007442047,-0.004013794,1.22974e-05,-0.2155184,-0.2110957,-0.2144567,-0.2191995,1
2.79812,-0.4395623,-13.02332,0.01672769,-0.01039246,0.001563794,139.3234,321.181,-313.6059,319.5342,-325.9146,-0.007177693,-0.004032802,2.294016e-05,-0.2098226,-0.2048739,-0.2087467,-0.2129149,1
2.747843,-0.4843255,-12.73254,0.01829236,-0.01164549,0.001044089,139.5261,312.508,-305.9883,310.8342,-318.1841,-0.006907057,-0.004074721,1.748752e-05,-0.2041566,-0.1998974,-0.2030632,-0.2078647,1
3.014052,-0.236829,-12.0662,0.0227361,-0.009867063,0.003054603,139.7292,305.2052,-298.124,303.7777,-310.1451,-0.006595689,-0.004103472,2.103758e-05,-0.1993858,-0.1947597,-0.1984532,-0.202613,1
2.810866,-0.4227638,-12.02904,0.02260461,-0.0121029,0.001492367,139.9325,298.084,-291.2147,296.5332,-303.1458,-0.006277275,-0.004148101,2.730882e-05,-0.1947336,-0.1902461,-0.1937205,-0.1980404,1
2.675023,-0.5466098,-11.9338,0.02327526,-0.01338009,0.0003910731,140.1362,291.7905,-284.9385,290.1993,-296.7502,-0.005943466,-0.004195536,2.853218e-05,-0.1906222,-0.1861459,-0.1895827,-0.1938623,1
2.945786,-0.2947026,-11.32989,0.02652716,-0.01138821,0.002356269,140.34,285.5646,-279.285,284.1889,-290.9461,-0.005592903,-0.004241214,2.362294e-05,-0.1865549,-0.1824525,-0.1856562,-0.1900705,1
2.770613,-0.4547758,-11.32378,0.02623911,-0.01281196,0.00110079,140.5441,280.3425,-273.4385,278.8853,-285.0069,-0.005231082,-0.004287655,3.304899e-05,-0.1831434,-0.1786331,-0.1821914,-0.1861906,1
2.867126,-0.3637919,-10.97985,0.02763199,-0.01202545,0.001679885,140.7484,274.864,-268.8772,273.4905,-280.3267,-0.004870396,-0.004342893,2.172454e-05,-0.1795643,-0.1756533,-0.1786671,-0.1831331,1
2.700912,-0.5156779,-10.99858,0.02752377,-0.01288088,0.0005661041,140.9529,270.4352,-263.7169,269.0303,-275.1747,-0.004491229,-0.004386155,2.720248e-05,-0.1766711,-0.1722822,-0.1757533,-0.1797674,1
2.729776,-0.4871507,-10.77003,0.0276892,-0.01205547,0.0006937974,141.1575,265.4045,-258.9851,264.2324,-272.1114,-0.004126715,-0.004436942,1.309367e-05,-0.1733846,-0.1691909,-0.1726189,-0.1777661,1
2.907705,-0.3211041,-10.3642,0.03647549,-0.01661574,0.002176784,141.3623,261.6681,-253.8315,260.9445,-267.5077,-0.003683483,-0.004503075,2.011047e-05,-0.1709437,-0.1658242,-0.170471,-0.1747586,1
2.495033,-0.7003153,-10.73331,0.04282683,-0.03100265,-0.0009353619,141.5671,257.1578,-250.6553,256.3869,-264.4782,-0.003180401,-0.00470404,1.166694e-05,-0.1679972,-0.1637492,-0.1674936,-0.1727795,1
2.908281,-0.316554,-10.04904,0.05663582,-0.0398543,0.002246947,141.7721,253.729,-246.9725,253.4877,-260.631,-0.002552993,-0.005003674,-1.649404e-06,-0.1657573,-0.1613433,-0.1655996,-0.1702662,1
2.906201,-0.3161281,-9.903633,0.06536438,-0.05323381,0.002437753,141.9771,250.4649,-243.0704,250.3336,-256.5974,-0.001820287,-0.005420832,1.242413e-05,-0.1636248,-0.1587941,-0.1635391,-0.1676311,1
2.877483,-0.340242,-9.807198,0.07240928,-0.0673466,0.002106214,142.1822,247.399,-240.5208,247.2573,-253.8883,-0.001020348,-0.005983639,1.852599e-05,-0.1616219,-0.1571285,-0.1615293,-0.1658613,1
3.02854,-0.1985906,-9.506458,0.08081159,-0.07949495,0.003190533,142.3874,245.3652,-237.7731,245.3526,-250.9038,-0.0001280383,-0.006659811,3.747762e-05,-0.1602933,-0.1553335,-0.1602851,-0.1639115,1
2.744577,-0.45893,-9.78514,0.08462282,-0.09506583,0.0008993407,142.5926,242.7336,-236.5174,242.4741,-249.4582,0.0007972256,-0.007500351,3.896529e-05,-0.1585741,-0.1545132,-0.1584045,-0.1629671,1
2.762052,-0.4413663,-9.689688,0.09179015,-0.1066614,0.001020417,142.7978,241.0384,-234.5768,240.8333,-247.2243,0.001794765,-0.008456788,3.210755e-05,-0.1574667,-0.1532454,-0.1573326,-0.1615078,1
2.924346,-0.2900445,-9.39626,0.09893022,-0.1165926,0.002303119,143.0031,238.8254,-232.5835,238.7226,-244.9428,0.002862547,-0.00951764,2.77424e-05,-0.1560209,-0.1519432,-0.1559538,-0.1600173,1
2.712125,-0.4848669,-9.592192,0.1023685,-0.1290102,0.0007748832,143.2083,237.0927,-230.6571,236.7992,-242.7682,0.00397901,-0.01069022,3.200581e-05,-0.154889,-0.1506847,-0.1546972,-0.1585967,1
2.730454,-0.4669441,-9.500995,0.107222,-0.1387913,0.0008234728,143.4136,235.1285,-229.5984,234.79,-241.4099,0.005131001,-0.01197633,1.388148e-05,-0.1536058,-0.1499931,-0.1533846,-0.1577093,1
2.570533,-0.6140745,-9.650192,0.1110823,-0.148738,-0.0002016612,143.6189,233.618,-227.9137,233.1612,-239.4179,0.006332549,-0.01335272,-1.378047e-06,-0.152619,-0.1488925,-0.1523206,-0.156408,1
2.892725,-0.3158239,-9.162136,0.117655,-0.154171,0.002281684,143.8242,231.6918,-226.416,231.402,-237.5729,0.007585305,-0.01480226,-2.448112e-05,-0.1513606,-0.147914,-0.1511713,-0.1552027,1
2.753308,-0.4441719,-9.279649,0.1201216,-0.1626404,0.001428996,144.0294,230.4594,-224.4936,230.0049,-235.3567,0.008880442,-0.01632116,-2.78007e-05,-0.1505555,-0.1466582,-0.1502586,-0.1537549,1
2.915027,-0.2943966,-9.012833,0.1240624,-0.1681376,0.002537575,144.2347,229.0918,-223.5095,228.6394,-234.0412,0.01020745,-0.01790527,-4.158957e-05,-0.1496621,-0.1460153,-0.1493666,-0.1528955,1
2.811991,-0.3894622,-9.109875,0.1258558,-0.1748741,0.001785638,144.4399,228.2986,-222.5269,227.68,-232.7419,0.01156293,-0.01954827,-4.641754e-05,-0.1491439,-0.1453734,-0.1487398,-0.1520467,1
2.964356,-0.2487024,-8.881854,0.1290776,-0.178761,0.002780333,144.6451,227.279,-222.1689,226.7238,-232.1049,0.01295011,-0.02093893,-6.687931e-05,-0.1484778,-0.1451395,-0.1481151,-0.1516305,1
2.984561,-0.2302262,-8.83516,0.1313846,-0.1830175,0.002954432,144.8502,227.2071,-221.0266,226.5775,-230.6087,0.0143655,-0.02266274,-6.687171e-05,-0.1484309,-0.1443933,-0.1480196,-0.1506531,1
3.135755,-0.0906332,-8.619498,0.1331786,-0.1860656,0.00382535,145.0553,226.4396,-221.2601,225.7374,-230.5046,0.01578536,-0.02443534,-8.014248e-05,-0.1479294,-0.1445458,-0.1474707,-0.1505851,1
2.784556,-0.4155936,-9.081174,0.1318322,-0.1917291,0.001100572,145.2603,226.4963,-221.3644,225.448,-230.2971,0.01720226,-0.02625586,-9.722763e-05,-0.1479665,-0.144614,-0.1472817,-0.1504495,1
2.684888,-0.5084254,-9.215435,0.1327906,-0.193961,0.0002386936,145.4654,226.0361,-221.6714,224.9028,-230.2908,0.01863506,-0.02793539,-0.0001401819,-0.1476659,-0.1448145,-0.1469255,-0.1504454,1
2.910815,-0.3004548,-8.914524,0.1359733,-0.1927285,0.002067597,145.6703,225.49,-221.185,224.4934,-229.4628,0.02009465,-0.02963684,-0.0001791967,-0.1473091,-0.1444968,-0.146658,-0.1499045,1
2.921102,-0.2915072,-8.881376,0.1364065,-0.1932528,0.002244076,145.8752,225.1178,-220.3554,224.0868,-228.3792,0.02157183,-0.03116625,-0.0002049303,-0.147066,-0.1439548,-0.1463924,-0.1491966,1
2.840573,-0.3664451,-8.974421,0.1356765,-0.1943021,0.001570099,146.0801,224.579,-220.5234,223.3494,-228.2252,0.0230242,-0.03302484,-0.0002458236,-0.1467139,-0.1440645,-0.1459107,-0.149096,1
3.071397,-0.1539163,-8.672546,0.1377577,-0.1917424,0.003349775,146.2849,224.4677,-220.2342,223.3069,-227.5638,0.0244932,-0.03486477,-0.0002845706,-0.1466413,-0.1438756,-0.1458829,-0.1486639,1
2.79106,-0.4135897,-9.033006,0.1352548,-0.1926616,0.001314572,146.4897,224.351,-220.019,222.8912,-227.0685,0.02595506,-0.03669834,-0.000314626,-0.146565,-0.143735,-0.1456113,-0.1483403,1
2.992247,-0.2284238,-8.77316,0.1362296,-0.1889277,0.002711822,146.6944,224.0943,-220.4228,222.6697,-227.1375,0.02741169,-0.03851229,-0.0003617365,-0.1463973,-0.1439988,-0.1454666,-0.1483854,1
2.781281,-0.4241133,-9.056614,0.1342418,-0.1876142,0.001255651,146.8991,224.2032,-220.3015,222.5677,-226.7329,0.02886158,-0.04030198,-0.0003998376,-0.1464685,-0.1439196,-0.1454,-0.1481211,1
2.979564,-0.2416173,-8.800555,0.1349794,-0.1823984,0.002705713,147.1037,223.9869,-220.4797,222.4131,-226.5977,0.03030945,-0.04205161,-0.0004485929,-0.1463272,-0.144036,-0.145299,-0.1480328,1
3.12129,-0.1112657,-8.620071,0.1349024,-0.1771846,0.00386666,147.3083,223.9711,-220.3548,222.4143,-226.1841,0.03175457,-0.04375444,-0.0004859801,-0.1463168,-0.1439544,-0.1452998,-0.1477625,1
3.100878,-0.130604,-8.651327,0.1331855,-0.1728844,0.003695326,147.5128,224.1472,-220.4086,222.4874,-225.9816,0.03318567,-0.0454133,-0.0005201055,-0.1464319,-0.1439895,-0.1453475,-0.1476302,1
2.6895,-0.511192,-9.202759,0.1287261,-0.1710672,0.0005948999,147.7172,224.3408,-220.9673,222.3416,-226.3208,0.03458852,-0.04703745,-0.0005608504,-0.1465583,-0.1443545,-0.1452523,-0.1478519,1
2.814866,-0.3958918,-9.058069,0.1286531,-0.1641701,0.001537338,147.9216,224.0707,-221.7279,222.1721,-226.8385,0.03597347,-0.04843025,-0.0006230102,-0.1463819,-0.1448514,-0.1451415,-0.1481901,1
2.946267,-0.2748687,-8.894117,0.1286622,-0.1567778,0.002795703,148.1259,223.9172,-221.3988,222.1328,-226.2746,0.03735282,-0.04979002,-0.0006768232,-0.1462816,-0.1446364,-0.1451159,-0.1478217,1
3.116124,-0.1179905,-8.662027,0.1283424,-0.1493163,0.004264936,148.3302,224.0224,-220.4969,222.3145,-225.1196,0.0387409,-0.0512131,-0.0007090286,-0.1463504,-0.1440472,-0.1452346,-0.1470671,1
2.762576,-0.4444129,-9.117476,0.1229917,-0.1462578,0.001640077,148.5344,223.6292,-221.0506,221.58,-225.5108,0.04008324,-0.05259932,-0.0007456847,-0.1460935,-0.1444089,-0.1447548,-0.1473227,1
2.966123,-0.2562974,-8.867212,0.122882,-0.1377741,0.003186597,148.7386,223.8586,-221.378,221.9315,-225.5797,0.04141173,-0.05391403,-0.0007909368,-0.1462433,-0.1446228,-0.1449844,-0.1473677,1
3.184827,-0.05395747,-8.590519,0.1224765,-0.1289266,0.004978943,148.9427,224.1335,-220.9712,222.3365,-224.9507,0.04273965,-0.0551393,-0.0008141515,-0.146423,-0.1443571,-0.1452489,-0.1469568,1
3.144404,-0.0907077,-8.647823,0.1190911,-0.1223952,0.004631232,149.1468,224.1735,-221.4315,222.2734,-225.2539,0.04403189,-0.05630354,-0.0008356496,-0.1464491,-0.1446577,-0.1452078,-0.1471549,1
2.859314,-0.3535988,-9.042542,0.1146219,-0.117205,0.002472643,149.3507,224.6793,-222.0758,222.5732,-225.7444,0.04528835,-0.05740619,-0.0008613546,-0.1467795,-0.1450786,-0.1454036,-0.1474753,1
3.144781,-0.08925801,-8.693204,0.1146849,-0.1069988,0.004604583,149.5547,224.9204,-222.5387,223.0268,-225.9984,0.04653487,-0.05841854,-0.0008902377,-0.146937,-0.1453811,-0.1456999,-0.1476412,1
2.82679,-0.3822015,-9.122808,0.1097262,-0.1016547,0.002361072,149.7586,225.3253,-222.6325,223.2185,-225.9844,0.04775074,-0.05935901,-0.0009009339,-0.1472015,-0.1454423,-0.1458252,-0.1476321,1
2.99123,-0.229272,-8.923665,0.1083427,-0.09231696,0.003496301,149.9624,225.0604,-223.6229,223.1066,-226.862,0.04891375,-0.06003985,-0.0009397207,-0.1470285,-0.1460893,-0.145752,-0.1482054,1
2.999592,-0.220509,-8.927208,0.1066313,-0.08380874,0.003849609,150.1662,225.4447,-223.1444,223.6003,-226.2693,0.05007216,-0.06066181,-0.0009558538,-0.1472795,-0.1457767,-0.1460746,-0.1478182,1
3.117165,-0.110368,-8.768489,0.1046647,-0.07532093,0.004797316,150.3699,225.3838,-222.9911,223.6154,-225.9858,0.05122433,-0.06135382,-0.0009621289,-0.1472397,-0.1456766,-0.1460845,-0.147633,1
3.074013,-0.1485376,-8.830219,0.1010819,-0.0682819,0.004486674,150.5736,225.4419,-223.4298,223.6219,-226.3273,0.05233653,-0.06198091,-0.0009652697,-0.1472777,-0.1459632,-0.1460887,-0.1478561,1
3.008959,-0.2069737,-8.931477,0.0979723,-0.06097189,0.004007106,150.7772,226.0048,-223.6001,224.1765,-226.3932,0.05342318,-0.0625287,-0.0009636069,-0.1476454,-0.1460745,-0.146451,-0.1478991,1
3.132973,-0.09052989,-8.784186,0.09601189,-0.05218878,0.00491138,150.9808,226.0524,-224.1368,224.3365,-226.8288,0.05448245,-0.0629978,-0.0009640193,-0.1476765,-0.1464251,-0.1465555,-0.1481837,1
2.99509,-0.2159315,-8.978503,0.09216377,-0.04543313,0.003949133,151.1843,226.4503,-224.3299,224.6862,-226.9611,0.05551027,-0.06339234,-0.000953233,-0.1479365,-0.1465512,-0.146784,-0.1482701,1
3.260799,0.0317273,-8.644413,0.09123637,-0.03551102,0.005876946,151.3878,226.7398,-224.5812,225.2022,-227.12,0.05651911,-0.06369807,-0.0009409804,-0.1481256,-0.1467154,-0.1471211,-0.148374,1
2.988912,-0.2171174,-9.012956,0.08602726,-0.03012528,0.003867119,151.5912,227.1667,-224.8545,225.4837,-227.3798,0.05749023,-0.06393528,-0.0009145059,-0.1484044,-0.1468939,-0.147305,-0.1485437,1
3.121663,-0.09202203,-8.857836,0.08403361,-0.02149772,0.004712293,151.7946,227.3156,-225.7051,225.7748,-228.1693,0.05842564,-0.06410228,-0.0009036012,-0.1485017,-0.1474496,-0.1474952,-0.1490594,1
3.00093,-0.2010718,-9.034222,0.08061861,-0.01473503,0.003911166,151.9979,227.9026,-225.5622,226.4519,-228.0876,0.05929668,-0.06382127,-0.0008722558,-0.1488852,-0.1473563,-0.1479375,-0.1490061,1
3.379838,0.1518964,-8.547614,0.0801785,-0.005040705,0.00661011,152.2012,228.0893,-225.8814,226.9286,-228.3391,0.06019429,-0.06382132,-0.0008378511,-0.1490072,-0.1475648,-0.1482489,-0.1491704,1
2.984335,-0.2104981,-9.080759,0.0737636,-0.001956834,0.003598055,152.4044,228.6031,-226.4516,227.1984,-228.936,0.06103994,-0.06377856,-0.0007941185,-0.1493428,-0.1479373,-0.1484252,-0.1495603,1
3.3175,0.1002575,-8.670228,0.07354572,0.00735965,0.00587337,152.6077,229.0858,-227.1039,228.0304,-229.573,0.06183599,-0.06345284,-0.0007632755,-0.1496581,-0.1483634,-0.1489687,-0.1499765,1
2.925989,-0.2583606,-9.200762,0.06775033,0.01052547,0.002994278,152.8108,229.4113,-227.4135,228.2751,-230.0551,0.06253964,-0.06274497,-0.0007181256,-0.1498708,-0.1485657,-0.1491286,-0.1502914,1
3.002694,-0.184248,-9.114561,0.06588516,0.0165154,0.003429164,153.0139,229.5599,-228.0063,228.6238,-230.6886,0.06323633,-0.0621479,-0.0006893466,-0.1499679,-0.148953,-0.1493564,-0.1507053,1
3.025245,-0.1600495,-9.095735,0.06379906,0.02154008,0.003691047,153.217,229.7288,-228.0061,228.8875,-230.6408,0.06397389,-0.061873,-0.0006501342,-0.1500782,-0.1489528,-0.1495287,-0.1506741,1
2.89307,-0.2786794,-9.266449,0.06018694,0.02520548,0.002712888,153.4201,229.551,-228.2152,228.6849,-230.8518,0.06467363,-0.06156448,-0.0006171148,-0.1499621,-0.1490895,-0.1493963,-0.1508119,1
2.699484,-0.4541427,-9.517111,0.05670589,0.02883179,0.001368231,153.6231,229.5625,-228.0135,228.6851,-230.6602,0.06534965,-0.06120718,-0.0005820096,-0.1499696,-0.1489577,-0.1493964,-0.1506867,1
3.088251,-0.09137858,-8.997867,0.05711709,0.03687411,0.004331575,153.8261,229.1519,-227.7077,228.6331,-230.3318,0.06601548,-0.06078504,-0.0005425124,-0.1497014,-0.1487579,-0.1493624,-0.1504722,1
2.870855,-0.2884893,-9.266781,0.05244293,0.03960818,0.002803652,154.0291,228.9837,-227.3349,228.3799,-230.029,0.06664089,-0.06033031,-0.0004895656,-0.1495915,-0.1485143,-0.149197,-0.1502744,1
2.968233,-0.1948488,-9.130763,0.05065231,0.04497793,0.003450434,154.232,228.8399,-227.2739,228.4009,-229.9861,0.06724105,-0.05982821,-0.0004469627,-0.1494976,-0.1484745,-0.1492108,-0.1502464,1
3.071563,-0.09563608,-8.987391,0.04884823,0.05019006,0.004290905,154.4349,228.8077,-226.7794,228.5411,-229.5238,0.06782934,-0.05926772,-0.0003844493,-0.1494765,-0.1481515,-0.1493024,-0.1499444,1
2.863551,-0.2839171,-9.248796,0.04404886,0.05233808,0.002623189,154.6378,228.7491,-226.8652,228.3988,-229.6985,0.06837495,-0.05868001,-0.0003200903,-0.1494382,-0.1482075,-0.1492094,-0.1500585,1
2.796475,-0.3421302,-9.340704,0.04104085,0.05577186,0.001975703,154.8406,228.703,-227.3043,228.4097,-230.1865,0.06888256,-0.05806468,-0.0002723153,-0.1494081,-0.1484943,-0.1492165,-0.1503773,1
2.837643,-0.3003983,-9.286804,0.03938257,0.06024039,0.002332853,155.0434,228.7177,-226.9435,228.5971,-229.8645,0.06937806,-0.0573995,-0.0002162152,-0.1494177,-0.1482586,-0.1493389,-0.1501669,1
3.230648,0.06665674,-8.758848,0.03942911,0.06685326,0.005218179,155.2461,228.4089,-226.5707,228.637,-229.5313,0.06986026,-0.05668393,-0.0001504353,-0.149216,-0.1480151,-0.149365,-0.1499492,1
2.776726,-0.3487328,-9.341431,0.0329035,0.0662387,0.001751658,155.4488,228.5815,-226.4044,228.5685,-229.5029,0.07029583,-0.05595492,-7.436622e-05,-0.1493287,-0.1479065,-0.1493202,-0.1499307,1
2.845919,-0.2809793,-9.253157,0.03106724,0.06997429,0.002014301,155.6515,228.6467,-226.7588,228.7956,-229.9086,0.0707086,-0.05519011,-1.530164e-05,-0.1493713,-0.148138,-0.1494686,-0.1501957,1
2.976997,-0.15599,-9.084108,0.02951205,0.07388769,0.002949778,155.8541,228.5849,-226.7461,228.9256,-229.9603,0.07110179,-0.05439107,5.429963e-05,-0.149331,-0.1481297,-0.1495535,-0.1502295,1
3.066042,-0.06976834,-8.963598,0.02731115,0.07707629,0.003456574,156.0567,228.6506,-226.6901,229.1299,-229.9889,0.07146452,-0.05356967,0.0001242252,-0.1493739,-0.1480931,-0.149687,-0.1502482,1
3.101724,-0.03291986,-8.916505,0.02499992,0.07973624,0.003561805,156.2593,229.1558,-226.3141,229.7619,-229.6977,0.07181643,-0.05270798,0.0002088203,-0.1497039,-0.1478475,-0.1500999,-0.1500579,1
2.975192,-0.1458336,-9.084233,0.02075952,0.08041659,0.00230371,156.4618,229.1795,-227.0054,229.7488,-230.5119,0.07212719,-0.05183757,0.0002881452,-0.1497194,-0.1482991,-0.1500913,-0.1505898,1
3.243078,0.1054985,-8.752647,0.02007574,0.08429407,0.004002711,156.6643,229.7802,-227.3564,230.6855,-231.015,0.07234583,-0.05058242,0.0003669951,-0.1501119,-0.1485284,-0.1507033,-0.1509185,1
2.945968,-0.1651655,-9.15695,0.01519108,0.08289807,0.001530414,156.8667,230.2871,-227.7387,231.1304,-231.6057,0.07252687,-0.04932805,0.0004470807,-0.150443,-0.1487781,-0.1509939,-0.1513044,1
2.858922,-0.2418692,-9.287355,0.01248419,0.08271705,0.0005682465,157.0692,230.5611,-228.5568,231.4348,-232.4815,0.072753,-0.04842994,0.0005085354,-0.150622,-0.1493126,-0.1511927,-0.1518765,1
3.014309,-0.09467568,-9.097804,0.01170911,0.08446013,0.001598302,157.2716,230.6189,-228.9296,231.6949,-232.8998,0.07296036,-0.04752677,0.0005657752,-0.1506597,-0.1495562,-0.1513627,-0.1521498,1
2.946311,-0.1539344,-9.186502,0.00912769,0.08442663,0.001011809,157.4739,230.9437,-228.5745,232.0714,-232.6395,0.07315077,-0.04661552,0.000632623,-0.1508719,-0.1493242,-0.1516086,-0.1519798,1
2.985098,-0.1145445,-9.13117,0.006985723,0.08495347,0.00108575,157.6763,230.8208,-228.7915,232.0458,-232.9534,0.07331635,-0.04570206,0.0006907012,-0.1507916,-0.1494659,-0.1515919,-0.1521848,1
3.073894,-0.02905314,-9.015618,0.005343465,0.08575769,0.001615182,157.8786,231.0952,-228.6712,232.4595,-232.9219,0.07346802,-0.04477766,0.0007588015,-0.1509709,-0.1493873,-0.1518622,-0.1521643,1
2.981181,-0.1112826,-9.137873,0.001971581,0.08472119,0.0006710742,158.0809,231.28,-228.9512,232.6312,-233.3225,0.07358712,-0.04386224,0.0008233553,-0.1510916,-0.1495703,-0.1519744,-0.152426,1
3.14448,0.04284481,-8.934227,0.0009202284,0.0857706,0.001629498,158.2832,231.9029,-228.9874,233.442,-233.4375,0.07369846,-0.04293226,0.0008938201,-0.1514986,-0.1495939,-0.1525041,-0.1525011,1
2.880196,-0.1980774,-9.29078,-0.003903349,0.08290052,-0.0006519544,158.4854,232.0016,-229.7891,233.4964,-234.5338,0.07363177,-0.04147048,0.000954442,-0.151563,-0.1501176,-0.1525395,-0.1532173,1
3.048327,-0.03973446,-9.091784,-0.004319392,0.08321372,0.0003313932,158.6876,232.5358,-230.2597,234.2544,-235.0829,0.07364606,-0.040416,0.001003047,-0.151912,-0.1504251,-0.1530347,-0.153576,1
2.875473,-0.1964786,-9.327633,-0.007347422,0.080145,-0.001082383,158.8898,232.5607,-230.6603,234.2199,-235.5609,0.07366829,-0.03954435,0.001045117,-0.1519283,-0.1506868,-0.1530122,-0.1538883,1
2.827234,-0.2383342,-9.392159,-0.009096484,0.07851456,-0.00154207,159.092,232.7003,-230.6534,234.4168,-235.624,0.07367714,-0.03868404,0.001081076,-0.1520195,-0.1506822,-0.1531408,-0.1539295,1
3.201066,0.1097491,-8.897708,-0.008207019,0.0800579,0.001167833,159.2942,232.5857,-230.3936,234.6127,-235.4164,0.07368451,-0.03782031,0.001122408,-0.1519446,-0.1505126,-0.1532688,-0.1537939,1
2.752645,-0.3019114,-9.474718,-0.0139692,0.07466601,-0.002274191,159.4963,232.7055,-230.3494,234.4507,-235.5306,0.07365197,-0.03699256,0.001168757,-0.1520229,-0.1504837,-0.153163,-0.1538685,1
3.090055,0.01219532,-9.036523,-0.013166,0.07585116,-2.055743e-05,159.6985,232.9863,-230.4499,235.0247,-235.6732,0.07361829,-0.03615985,0.001204174,-0.1522064,-0.1505494,-0.153538,-0.1539617,1
3.10063,0.02436414,-9.025579,-0.01557876,0.07390131,-5.801121e-05,159.9006,232.8402,-230.8362,234.8921,-236.1688,0.07355343,-0.03535626,0.001242112,-0.1521109,-0.1508017,-0.1534514,-0.1542854,1
2.997224,-0.06907406,-9.166429,-0.01816409,0.07136124,-0.001012344,160.1027,233.6362,-230.625,235.6721,-236.0559,0.0734759,-0.03456296,0.001285511,-0.1526309,-0.1506637,-0.1539609,-0.1542117,1
3.093771,0.02217953,-9.048372,-0.01969597,0.07010068,-0.0005770691,160.3048,233.7215,-231.2273,235.841,-236.7486,0.07337916,-0.03378564,0.001319345,-0.1526866,-0.1510572,-0.1540713,-0.1546642,1
2.901668,-0.1534399,-9.313936,-0.02321988,0.06651997,-0.002189891,160.5069,234.0049,-231.9133,236.0154,-237.5501,0.07324596,-0.03304506,0.00134592,-0.1528717,-0.1515054,-0.1541852,-0.1551878,1
2.767561,-0.2758068,-9.503773,-0.02542294,0.06388167,-0.00333536,160.709,234.3848,-232.2029,236.381,-237.9268,0.07309355,-0.0323259,0.001358483,-0.1531199,-0.1516945,-0.154424,-0.1554339,1
3.128643,0.0592568,-9.034516,-0.02408242,0.06513027,-0.0006788311,160.911,234.2349,-232.1755,236.5366,-237.9484,0.07294278,-0.03160704,0.001369903,-0.153022,-0.1516766,-0.1545257,-0.155448,1
3.013752,-0.04542691,-9.176297,-0.02700073,0.06209428,-0.001530182,161.1131,234.3446,-231.8627,236.5781,-237.7602,0.07277168,-0.03091096,0.001395739,-0.1530937,-0.1514723,-0.1545528,-0.1553251,1
2.760135,-0.2784845,-9.506001,-0.0306794,0.05795516,-0.003610586,161.3151,234.459,-232.2068,236.5388,-238.2228,0.0725689,-0.03024845,0.00140479,-0.1531684,-0.1516971,-0.1545271,-0.1556273,1
3.170151,0.1013946,-8.976286,-0.02891043,0.05931378,-0.0006227532,161.5172,234.5463,-232.229,236.9492,-238.2763,0.07237151,-0.02958449,0.001413139,-0.1532254,-0.1517116,-0.1547953,-0.1556622,1
2.685277,-0.3455476,-9.606675,-0.03450325,0.05310337,-0.004241132,161.7192,234.5786,-232.3391,236.6488,-238.5432,0.0721347,-0.02896657,0.001426025,-0.1532466,-0.1517835,-0.154599,-0.1558366,1
2.606226,-0.4179004,-9.71333,-0.036019,0.0506745,-0.004966199,161.9212,234.529,-232.7827,236.6006,-239.0581,0.07187605,-0.02837596,0.001408886,-0.1532142,-0.1520733,-0.1545675,-0.1561729,1
3.117885,0.05540545,-9.041191,-0.03302483,0.05303657,-0.0009880419,162.1233,234.1082,-232.3841,236.5822,-238.6773,0.07162851,-0.027783,0.001396936,-0.1529392,-0.1518129,-0.1545555,-0.1559242,1
2.866538,-0.1761975,-9.346058,-0.03663726,0.04878405,-0.002703411,162.3253,234.3586,-231.2246,236.6619,-237.6533,0.07137376,-0.02720467,0.001417705,-0.1531028,-0.1510555,-0.1546076,-0.1552552,1
3.136756,0.0740793,-8.981597,-0.03692804,0.04821017,-0.0009728062,162.5273,234.0471,-231.7791,236.478,-238.2789,0.07109478,-0.02665245,0.00141479,-0.1528993,-0.1514177,-0.1544874,-0.1556639,1
2.79506,-0.2412977,-9.437876,-0.04095103,0.04306684,-0.003508393,162.7293,234.5581,-231.8673,236.7571,-238.4768,0.07079273,-0.02613359,0.001422374,-0.1532331,-0.1514753,-0.1546698,-0.1557932,1
2.70505,-0.3243603,-9.563137,-0.04279802,0.04018337,-0.004344314,162.9313,234.4917,-232.5437,236.6415,-239.2289,0.07046473,-0.02564889,0.001402084,-0.1531898,-0.1519172,-0.1545942,-0.1562845,1
2.593181,-0.4278753,-9.71471,-0.04414749,0.03754739,-0.005036657,163.1333,234.1291,-232.7942,236.2511,-239.5482,0.07011694,-0.02519666,0.001368322,-0.1529529,-0.1520808,-0.1543392,-0.1564931,1
2.826147,-0.2129499,-9.394957,-0.0426892,0.0379132,-0.003040274,163.3352,234.0407,-231.671,236.3857,-238.463,0.06978844,-0.02473633,0.001348828,-0.1528952,-0.1513471,-0.1544271,-0.1557842,1
2.907429,-0.1379681,-9.258563,-0.04383786,0.03619282,-0.002315815,163.5372,233.3934,-231.1389,235.7511,-238.0276,0.06944717,-0.02429643,0.001336963,-0.1524723,-0.1509995,-0.1540125,-0.1554998,1
2.620417,-0.4034351,-9.617535,-0.04742419,0.03152801,-0.004420104,163.7392,233.3499,-230.9602,235.4832,-237.9572,0.06907917,-0.0238922,0.001322813,-0.1524439,-0.1508827,-0.1538375,-0.1554538,1
2.930022,-0.1178772,-9.208178,-0.04604193,0.03189076,-0.002116669,163.9411,233.0456,-231.021,235.3845,-238.041,0.06870671,-0.02350224,0.001294096,-0.1522451,-0.1509224,-0.153773,-0.1555085,1
2.887809,-0.1574505,-9.253432,-0.047456,0.02940294,-0.002242304,164.1431,233.227,-230.2549,235.5268,-237.3521,0.06833611,-0.02312243,0.001290551,-0.1523636,-0.1504219,-0.153866,-0.1550585,1
2.893684,-0.1525863,-9.2356,-0.04919568,0.02692237,-0.00231825,164.345,233.0787,-230.5029,235.3179,-237.6837,0.06794258,-0.02277257,0.001275989,-0.1522667,-0.1505839,-0.1537295,-0.1552751,1
2.993198,-0.06142515,-9.112398,-0.04965121,0.02545924,-0.001594185,164.5469,233.4804,-230.515,235.7593,-237.7458,0.06754472,-0.02243676,0.001266865,-0.1525291,-0.1505919,-0.1540179,-0.1553156,1
2.850935,-0.1937288,-9.304821,-0.05217158,0.02197379,-0.002730046,164.7489,233.5259,-231.0278,235.6579,-238.3465,0.06711972,-0.022138,0.001248047,-0.1525588,-0.1509269,-0.1539517,-0.1557081,1
2.81863,-0.2247181,-9.358072,-0.05307932,0.01986463,-0.002966848,164.9508,233.9689,-231.0949,236.0809,-238.467,0.06669149,-0.02185285,0.001228373,-0.1528482,-0.1509707,-0.154228,-0.1557868,1
2.929396,-0.1235373,-9.217871,-0.05336607,0.01871847,-0.002139139,165.1526,233.9946,-231.2721,236.1489,-238.7026,0.0662571,-0.02158305,0.001208621,-0.152865,-0.1510865,-0.1542724,-0.1559407,1
2.588747,-0.4395495,-9.667672,-0.05698524,0.0139776,-0.004653347,165.3545,233.9132,-231.8046,235.7964,-239.3391,0.0657863,-0.02136049,0.001174955,-0.1528119,-0.1514343,-0.1540421,-0.1563565,1
2.635652,-0.3978355,-9.61112,-0.05647525,0.01308498,-0.004171215,165.5564,233.7885,-231.8163,235.739,-239.3783,0.0653129,-0.0211528,0.001123938,-0.1527304,-0.151442,-0.1540046,-0.1563821,1
2.863827,-0.1886387,-9.297506,-0.05495952,0.01356006,-0.002135768,165.7583,233.4158,-230.9252,235.5333,-238.5217,0.06485732,-0.02093941,0.001090272,-0.1524869,-0.1508598,-0.1538703,-0.1558225,1
2.736863,-0.3074235,-9.436411,-0.05716446,0.01056439,-0.002911045,165.9601,233.0029,-230.4236,234.9673,-238.1189,0.0643848,-0.02075175,0.001063761,-0.1522172,-0.1505321,-0.1535005,-0.1555594,1
3.000968,-0.06502407,-9.07956,-0.05606899,0.01078917,-0.0008946226,166.162,232.999,-230.0811,235.0931,-237.8041,0.06391438,-0.02057018,0.001036528,-0.1522146,-0.1503084,-0.1535827,-0.1553537,1
2.81517,-0.2383288,-9.316118,-0.05858357,0.007262105,-0.002187718,166.3638,233.2411,-229.7641,235.146,-237.5722,0.06343769,-0.02040498,0.001026497,-0.1523728,-0.1501013,-0.1536173,-0.1552022,1
2.928809,-0.1350327,-9.171522,-0.05906707,0.006028811,-0.001481763,166.5657,233.3397,-230.3466,235.237,-238.203,0.06294511,-0.02026249,0.001003984,-0.1524372,-0.1504818,-0.1536767,-0.1556143,1
2.858002,-0.2023375,-9.2809,-0.06042014,0.00362845,-0.002002181,166.7675,233.6458,-230.8232,235.4407,-238.7352,0.06243398,-0.0201496,0.0009767438,-0.1526372,-0.1507932,-0.1538098,-0.155962,1
2.668053,-0.3799522,-9.540513,-0.06204367,0.0007736105,-0.003363655,166.9693,233.8699,-231.0464,235.5231,-239.0181,0.06191228,-0.02005839,0.0009403558,-0.1527835,-0.150939,-0.1538635,-0.1561468,1
2.840265,-0.2230329,-9.317682,-0.06091588,0.0009574716,-0.001943852,167.1711,233.6383,-231.1149,235.3933,-239.1135,0.06139376,-0.01997368,0.0008988011,-0.1526323,-0.1509838,-0.1537788,-0.1562091,1
2.525893,-0.5157034,-9.720734,-0.06360772,-0.002818395,-0.004047945,167.3729,233.3581,-230.9793,234.8663,-239.068,0.060855,-0.01992035,0.0008571715,-0.1524492,-0.1508952,-0.1534345,-0.1561794,1
2.856602,-0.2125143,-9.27719,-0.06094903,-0.001107543,-0.00139604,167.5747,233.1838,-230.371,234.9131,-238.4605,0.06033373,-0.01985836,0.0008128947,-0.1523354,-0.1504978,-0.1534651,-0.1557825,1
3.254748,0.1531915,-8.736831,-0.0588909,0.0005197387,0.001814644,167.7765,233.0701,-229.3807,234.9934,-237.5012,0.05983445,-0.01978204,0.000801142,-0.1522611,-0.1498508,-0.1535175,-0.1551558,1
2.833276,-0.2382552,-9.275944,-0.06387103,-0.005034519,-0.001399255,167.9782,233.535,-229.3505,235.0338,-237.6006,0.05930855,-0.0197372,0.0008029512,-0.1525647,-0.1498311,-0.1535439,-0.1552208,1
2.637857,-0.4211323,-9.553942,-0.06615441,-0.008314183,-0.0031317,168.18,233.7265,-230.8724,235.0081,-239.1757,0.05874663,-0.0197348,0.0007654938,-0.1526899,-0.1508254,-0.1535271,-0.1562498,1
2.65315,-0.4096835,-9.563221,-0.06541518,-0.008926403,-0.002863701,168.3817,234.0354,-231.2763,235.3411,-239.5861,0.05818736,-0.01974302,0.0007221206,-0.1528917,-0.1510892,-0.1537447,-0.1565179,1
2.936885,-0.1501633,-9.192486,-0.06317647,-0.007399991,-0.0005321038,168.5834,233.7863,-230.9848,235.2637,-239.3109,0.05763769,-0.01975156,0.000679916,-0.1527289,-0.1508988,-0.1536941,-0.1563381,1
2.739581,-0.3350418,-9.436335,-0.06488577,-0.009891992,-0.00175213,168.7852,233.8972,-230.2136,235.1981,-238.6211,0.05709171,-0.0197643,0.000657688,-0.1528014,-0.150395,-0.1536512,-0.1558875,1
2.873097,-0.2142044,-9.251856,-0.06454382,-0.01005725,-0.0007572208,168.9869,233.4402,-230.562,234.7469,-239.0119,0.05653377,-0.01979371,0.0006191771,-0.1525028,-0.1506226,-0.1533565,-0.1561427,1
2.821618,-0.2644324,-9.320004,-0.06495395,-0.01140522,-0.0009354819,169.1886,233.7816,-230.1215,235.0117,-238.6135,0.05598135,-0.01982687,0.0005968655,-0.1527259,-0.1503348,-0.1535295,-0.1558825,1
2.761842,-0.3222893,-9.394407,-0.06581334,-0.01296562,-0.001360017,169.3903,233.5632,-230.3732,234.6797,-238.9205,0.05541574,-0.01988018,0.0005624096,-0.1525832,-0.1504992,-0.1533126,-0.1560831,1
2.806155,-0.2841129,-9.338743,-0.06532537,-0.01335099,-0.0008742187,169.592,233.8279,-230.0869,234.9408,-238.661,0.05486164,-0.01992997,0.0005378551,-0.1527562,-0.1503122,-0.1534832,-0.1559135,1
2.751271,-0.3374891,-9.407927,-0.0661974,-0.01482017,-0.001224139,169.7937,233.7149,-230.2311,234.7114,-238.864,0.05429833,-0.01999548,0.0005119253,-0.1526823,-0.1504064,-0.1533333,-0.1560461,1
2.598578,-0.4813605,-9.611605,-0.06731579,-0.01679732,-0.002283554,169.9953,233.7705,-230.4564,234.6118,-239.1396,0.05372325,-0.02008046,0.0004777384,-0.1527186,-0.1505536,-0.1532682,-0.1562262,1
2.881036,-0.2232647,-9.244383,-0.06482035,-0.01500821,-3.073733e-05,170.197,233.7218,-230.2489,234.7258,-238.9305,0.05316353,-0.02015775,0.0004432767,-0.1526868,-0.150418,-0.1533427,-0.1560896,1
2.674587,-0.4167788,-9.505465,-0.06652343,-0.01737525,-0.001366138,170.3987,233.6627,-229.9042,234.4623,-238.6607,0.05259986,-0.02024642,0.000422006,-0.1526482,-0.1501928,-0.1531706,-0.1559133,1
2.826038,-0.2796437,-9.302994,-0.06547886,-0.0168533,-0.0002134994,170.6003,233.6653,-229.8905,234.5025,-238.6704,0.05203978,-0.02033594,0.0003951396,-0.1526499,-0.1501839,-0.1531969,-0.1559196,1
2.851122,-0.2592427,-9.271415,-0.0654699,-0.01741156,8.351088e-05,170.8019,233.7659,-229.8087,234.5479,-238.6293,0.05148102,-0.02043069,0.0003770589,-0.1527156,-0.1501304,-0.1532265,-0.1558928,1
2.847188,-0.2656656,-9.279184,-0.06570837,-0.01818334,6.543587e-05,171.0035,233.941,-229.9342,234.6444,-238.7977,0.05091848,-0.02053459,0.000357419,-0.15283,-0.1502124,-0.1532895,-0.1560028,1
2.909812,-0.2106426,-9.205339,-0.06525666,-0.01828873,0.0005594767,171.2052,234.0931,-230.1583,234.7739,-239.0515,0.05035613,-0.02064416,0.0003357457,-0.1529294,-0.1503589,-0.1533741,-0.1561686,1
2.883996,-0.2373544,-9.246293,-0.06539449,-0.01900598,0.0004291115,171.4068,234.3221,-230.2456,234.9253,-239.1801,0.04979447,-0.02075905,0.0003173284,-0.1530789,-0.1504159,-0.1534731,-0.1562526,1
2.92884,-0.1987835,-9.194256,-0.06501667,-0.0191239,0.0007865531,171.6084,234.7907,-230.1326,235.3661,-239.1024,0.04924483,-0.02086625,0.0003088338,-0.1533851,-0.150342,-0.153761,-0.1562019,1
2.949605,-0.1823535,-9.177258,-0.06536617,-0.01975681,0.0008603396,171.8099,234.9656,-230.7024,235.4548,-239.7231,0.04868629,-0.02098576,0.000297117,-0.1534994,-0.1507142,-0.1538189,-0.1566073,1
2.746136,-0.3732461,-9.46307,-0.06676359,-0.02184528,-0.0006899765,172.0115,235.4173,-231.2937,235.707,-240.3684,0.04811462,-0.02112455,0.0002775413,-0.1537944,-0.1511006,-0.1539837,-0.1570289,1
2.772616,-0.351813,-9.445697,-0.06581509,-0.02164527,-0.0004542202,172.2131,235.5533,-231.6946,235.8396,-240.7878,0.04754703,-0.02126623,0.0002460148,-0.1538833,-0.1513625,-0.1540703,-0.1573029,1
2.71689,-0.4062931,-9.522429,-0.06551918,-0.02203165,-0.0006726449,172.4146,235.578,-231.5307,235.8032,-240.6646,0.04698891,-0.02140549,0.0002219409,-0.1538994,-0.1512554,-0.1540465,-0.1572224,1
2.623977,-0.495044,-9.638613,-0.06577263,-0.02286325,-0.001242299,172.6162,235.2881,-231.5923,235.4011,-240.7776,0.04642467,-0.02155664,0.0001897809,-0.15371,-0.1512956,-0.1537839,-0.1572963,1
2.717617,-0.4114838,-9.510635,-0.06415714,-0.02196907,-0.0003335673,172.8178,235.1011,-231.2356,235.2561,-240.4364,0.04587228,-0.02170309,0.0001571354,-0.1535879,-0.1510626,-0.1536891,-0.1570733,1
2.820978,-0.3188146,-9.360313,-0.06281392,-0.0211751,0.0006705163,173.0193,234.7697,-230.6575,234.9492,-239.8867,0.04533321,-0.02184277,0.0001334531,-0.1533714,-0.150685,-0.1534887,-0.1567142,1
2.700786,-0.4325975,-9.501063,-0.0634158,-0.02236536,-6.901048e-05,173.2209,234.5524,-230.2915,234.5843,-239.5752,0.04479412,-0.02198817,0.0001148046,-0.1532294,-0.1504458,-0.1532503,-0.1565108,1
2.780954,-0.3612753,-9.388044,-0.06232281,-0.0218844,0.0006159458,173.4225,234.4723,-230.068,234.5036,-239.3708,0.04426432,-0.02212974,9.617221e-05,-0.1531771,-0.1502999,-0.1531976,-0.1563773,1
3.021833,-0.1413732,-9.0683,-0.06031886,-0.0202708,0.002500284,173.624,234.5399,-229.7245,234.662,-239.0383,0.04375125,-0.02225967,9.015897e-05,-0.1532212,-0.1500754,-0.153301,-0.15616,1
2.981818,-0.180889,-9.120037,-0.06089248,-0.02117634,0.002171056,173.8255,234.8856,-229.688,234.8788,-239.0541,0.04323842,-0.02239325,9.486242e-05,-0.1534471,-0.1500516,-0.1534427,-0.1561703,1
2.56409,-0.5694889,-9.679897,-0.06390136,-0.02490579,-0.001081143,174.0271,235.1184,-230.5909,234.7494,-240.0307,0.04270139,-0.02255632,8.179144e-05,-0.1535992,-0.1506414,-0.1533581,-0.1568083,1
2.747876,-0.4025617,-9.461449,-0.0612627,-0.02307945,0.0003067193,174.2286,235.0868,-231.2493,234.8364,-240.6686,0.04217113,-0.02272048,4.709752e-05,-0.1535786,-0.1510716,-0.1534149,-0.1572251,1
2.910265,-0.2553109,-9.250197,-0.05887425,-0.02129382,0.001806859,174.4301,235.356,-230.3254,235.2139,-239.7539,0.04167508,-0.02285797,3.983413e-05,-0.1537544,-0.150468,-0.1536616,-0.1566275,1
2.774538,-0.383178,-9.41326,-0.060007,-0.02261357,0.000802012,174.6316,235.1697,-230.2543,234.8439,-239.7589,0.04117396,-0.02300273,3.473733e-05,-0.1536327,-0.1504216,-0.1534199,-0.1566307,1
2.685287,-0.4682095,-9.534244,-0.06019649,-0.02338455,0.000111483,174.8331,235.1084,-230.7744,234.6607,-240.3141,0.04066289,-0.02316218,1.48142e-05,-0.1535927,-0.1507613,-0.1533002,-0.1569934,1
2.712629,-0.4456333,-9.504984,-0.05875263,-0.02275495,0.0004556187,175.0346,235.2417,-230.5728,234.8047,-240.1199,0.04016767,-0.02331357,-3.052037e-06,-0.1536797,-0.1506296,-0.1533943,-0.1568666,1
2.958118,-0.2213136,-9.177164,-0.05626886,-0.02061624,0.002401846,175.2361,235.1422,-230.1473,234.8269,-239.7043,0.03969453,-0.02344764,-1.075019e-05,-0.1536148,-0.1503517,-0.1534087,-0.1565951,1
2.666274,-0.493309,-9.55174,-0.05829929,-0.02311233,0.0002718615,175.4376,235.1047,-230.1993,234.5109,-239.8335,0.03920991,-0.02359785,-1.516522e-05,-0.1535903,-0.1503856,-0.1532024,-0.1566795,1
2.510915,-0.6393701,-9.759649,-0.0584191,-0.02405833,-0.0008990644,175.639,235.008,-230.6416,234.2821,-240.3021,0.03871934,-0.02376043,-4.096795e-05,-0.1535271,-0.1506746,-0.1530528,-0.1569856,1
2.577509,-0.5804113,-9.672821,-0.05631648,-0.02282088,-0.0001739067,175.8405,234.7504,-230.3574,234.0823,-240.0157,0.0382482,-0.0239123,-6.648648e-05,-0.1533588,-0.1504889,-0.1529223,-0.1567985,1
2.650287,-0.5155222,-9.55939,-0.0547525,-0.02176854,0.0006112731,176.042,234.3432,-229.6546,233.6992,-239.3367,0.03779361,-0.02405389,-8.244551e-05,-0.1530928,-0.1500298,-0.1526721,-0.1563549,1
2.911341,-0.2765034,-9.197534,-0.05224435,-0.01952581,0.002688042,176.2434,234.0464,-229.0003,233.521,-238.6916,0.03735694,-0.02418139,-9.009073e-05,-0.1528989,-0.1496023,-0.1525556,-0.1559335,1
2.912653,-0.2773505,-9.181918,-0.05201264,-0.01964214,0.002759408,176.4449,234.1926,-228.4456,233.5911,-238.1763,0.03693309,-0.02429958,-7.94191e-05,-0.1529944,-0.14924,-0.1526014,-0.1555969,1
2.859619,-0.3283564,-9.251376,-0.05242838,-0.0203926,0.002214225,176.6463,234.3706,-228.8102,233.6394,-238.5811,0.036506,-0.02442369,-7.17307e-05,-0.1531107,-0.1494782,-0.152633,-0.1558613,1
2.85287,-0.3367048,-9.277871,-0.05201888,-0.0205095,0.002039548,176.8477,234.6923,-229.4584,233.8943,-239.2467,0.03607579,-0.02455618,-7.229618e-05,-0.1533208,-0.1499016,-0.1527995,-0.1562962,1
2.905602,-0.2901621,-9.227011,-0.05073229,-0.01978793,0.002396957,177.0491,235.2161,-229.5845,234.4277,-239.3819,0.03566049,-0.0246795,-6.932564e-05,-0.153663,-0.149984,-0.153148,-0.1563845,1
2.961891,-0.240197,-9.164288,-0.04986169,-0.01919935,0.002744813,177.2505,235.3924,-229.9302,234.5879,-239.7564,0.0352513,-0.0248004,-6.667866e-05,-0.1537782,-0.1502098,-0.1532526,-0.1566291,1
2.80302,-0.389024,-9.384964,-0.05044286,-0.02026117,0.00150653,177.4519,235.6723,-230.3705,234.7147,-240.2424,0.03483794,-0.02493004,-6.779884e-05,-0.1539611,-0.1504974,-0.1533355,-0.1569466,1
2.98283,-0.2249739,-9.163488,-0.04807131,-0.01836172,0.002810552,177.6533,236.2612,-230.2452,235.413,-240.116,0.03445276,-0.02503514,-6.107386e-05,-0.1543458,-0.1504156,-0.1537916,-0.1568641,1
2.846218,-0.3530307,-9.350843,-0.04899208,-0.0195327,0.001698087,177.8547,236.2946,-230.8551,235.2755,-240.7888,0.03405831,-0.02515304,-5.597039e-05,-0.1543676,-0.150814,-0.1537019,-0.1573036,1
2.684926,-0.5040583,-9.580133,-0.04921161,-0.02046095,0.0004103521,178.0561,236.6631,-231.4526,235.5117,-241.4179,0.03365856,-0.02528214,-6.50787e-05,-0.1546083,-0.1512044,-0.1538561,-0.1577145,1
2.812859,-0.387903,-9.426104,-0.04674444,-0.01871586,0.001425511,178.2574,236.8963,-231.3776,235.8475,-241.3389,0.03328491,-0.02539194,-7.252937e-05,-0.1547606,-0.1511554,-0.1540755,-0.157663,1
3.219141,-0.01425549,-8.893473,-0.04323493,-0.015297,0.004495088,178.4588,236.936,-231.0984,236.1102,-241.0627,0.03293778,-0.02547842,-6.376564e-05,-0.1547866,-0.150973,-0.1542471,-0.1574825,1
2.814139,-0.3900382,-9.425385,-0.04629146,-0.01879106,0.001387082,178.6602,237.4025,-231.3027,236.215,-241.3624,0.03257591,-0.02558359,-4.693851e-05,-0.1550913,-0.1511065,-0.1543156,-0.1576783,1
2.640239,5.447463,-4.67344,-0.04654897,-0.01992246,-0.0001279901,178.8616,237.431,-232.6906,236.1013,-242.7726,0.03219644,-0.02571345,-7.037134e-05,-0.15511,-0.1520131,-0.1542413,-0.1585996,1
2.983955,5.76303,-4.266771,-0.04185915,-0.01618996,0.00265493,179.063,240.1286,-234.6105,239.1296,-244.6075,0.03186324,-0.02580682,-7.844881e-05,-0.1568723,-0.1532674,-0.1562197,-0.1597983,1
2.857561,5.644503,-4.637904,-0.04268564,-0.01702259,0.001816175,179.2643,247.9517,-242.4308,246.9295,-252.3969,0.03153135,-0.02590219,-7.364752e-05,-0.161983,-0.1583763,-0.1613152,-0.164887,1
2.817911,5.60597,-5.079845,-0.04373689,-0.01697591,0.0014704,179.4657,258.2913,-252.2699,257.2785,-262.2516,0.03120079,-0.0259867,-6.625737e-05,-0.1687377,-0.164804,-0.1680761,-0.1713249,1
2.771528,5.561328,-5.556134,-0.04606393,-0.01709812,0.001051824,179.6672,267.948,-262.6396,266.8528,-272.7427,0.03084259,-0.02607916,-6.861634e-05,-0.1750462,-0.1715783,-0.1743308,-0.1781786,1
2.776816,5.564265,-5.951723,-0.04748251,-0.01649268,0.001125068,179.8687,277.5268,-271.8776,276.4077,-282.1248,0.0304689,-0.0261662,-7.016907e-05,-0.1813039,-0.1776134,-0.1805728,-0.1843077,1
2.932962,5.706595,-6.117258,-0.04764452,-0.01490941,0.002306708,180.0704,286.1245,-280.4104,285.0713,-290.8115,0.0300859,-0.02624475,-7.313731e-05,-0.1869206,-0.1831878,-0.1862326,-0.1899826,1
2.821247,5.601439,-6.602716,-0.04950359,-0.01581249,0.001530623,180.2723,294.2261,-288.2231,293.0554,-298.8123,0.02969092,-0.0263238,-6.868152e-05,-0.1922133,-0.1882916,-0.1914486,-0.1952094,1
3.07252,5.831635,-6.59134,-0.04830622,-0.01419764,0.003346927,180.4744,301.751,-295.5811,300.7063,-306.3114,0.02929816,-0.02639484,-6.478329e-05,-0.1971292,-0.1930986,-0.1964467,-0.2001085,1
2.995131,5.758209,-6.989738,-0.0494447,-0.01573152,0.00274507,180.6767,308.8056,-302.5262,307.6493,-313.4338,0.02889502,-0.02647926,-5.514947e-05,-0.2017379,-0.1976357,-0.2009825,-0.2047614,1
2.966028,5.729257,-7.308344,-0.04949346,-0.01698719,0.002421266,180.8793,315.674,-308.9111,314.4411,-320.0832,0.02807893,-0.0263736,-4.593305e-05,-0.2062249,-0.2018068,-0.2054195,-0.2091054,1
2.79571,5.5698,-7.79474,-0.05006696,-0.01992076,0.00105581,181.0822,321.5922,-315.3988,320.1982,-326.7842,0.02739783,-0.02636202,-4.648514e-05,-0.2100912,-0.2060451,-0.2091805,-0.213483,1
2.772221,5.545777,-8.070644,-0.04791228,-0.02194469,0.000879283,181.2855,327.3171,-320.9896,325.9481,-332.4221,0.02701144,-0.02649635,-5.11473e-05,-0.2138312,-0.2096975,-0.2129368,-0.2171662,1
2.743938,5.517463,-8.325362,-0.04624197,-0.02415889,0.0007138937,181.4891,331.9797,-326.2829,330.5946,-337.7971,0.02663287,-0.0266635,-6.91785e-05,-0.2168772,-0.2131555,-0.2159723,-0.2206776,1
2.678232,5.454513,-8.603448,-0.04445299,-0.0264542,0.0004239564,181.693,336.5737,-330.3364,335.1722,-341.9333,0.02628073,-0.02684399,-8.183489e-05,-0.2198784,-0.2158036,-0.2189628,-0.2233797,1
2.875846,5.635064,-8.51016,-0.04131436,-0.02711902,0.002019854,181.8974,340.4362,-334.062,339.1472,-345.729,0.0259574,-0.02703366,-8.973866e-05,-0.2224016,-0.2182375,-0.2215596,-0.2258594,1
2.982853,5.732056,-8.523254,-0.03935465,-0.02903575,0.002893022,182.1022,344.3386,-337.4562,343.0592,-349.2024,0.02565499,-0.0272412,-8.264056e-05,-0.2249511,-0.2204549,-0.2241153,-0.2281285,1
2.728332,5.494991,-9.006588,-0.04009346,-0.03404639,0.0009085507,182.3074,347.9235,-341.3623,346.3986,-353.2061,0.02534707,-0.02749615,-8.533087e-05,-0.227293,-0.2230067,-0.2262968,-0.230744,1
2.60894,5.382444,-9.312915,-0.03872164,-0.03740928,1.989509e-05,182.5131,351.0577,-345.1711,349.4444,-357.0527,0.02504598,-0.02779055,-0.0001095477,-0.2293405,-0.2254949,-0.2282866,-0.233257,1
2.797686,5.554515,-9.193931,-0.0346627,-0.03795549,0.001658519,182.7192,354.0207,-347.5472,352.5572,-359.4284,0.02478743,-0.02808844,-0.0001235573,-0.2312762,-0.2270472,-0.2303201,-0.234809,1
2.77377,5.530438,-9.324674,-0.03335932,-0.04076885,0.001613781,182.9258,356.257,-349.978,354.7159,-361.9113,0.02453966,-0.02841847,-0.000134918,-0.2327372,-0.2286352,-0.2317304,-0.236431,1
3.00889,5.745595,-9.114011,-0.02984348,-0.04136999,0.003444171,183.1329,359.0383,-351.7263,357.6154,-363.6536,0.02433073,-0.02874995,-0.0001321588,-0.2345542,-0.2297773,-0.2336246,-0.2375692,1
2.799063,5.549852,-9.480151,-0.03057518,-0.04600569,0.001822878,183.3405,361.241,-354.2414,359.5711,-366.2233,0.02412267,-0.02911998,-0.0001264788,-0.2359931,-0.2314204,-0.2349022,-0.239248,1
2.913442,5.653386,-9.432492,-0.02828477,-0.04761432,0.002544953,183.5486,363.6859,-356.7789,362.0271,-368.7395,0.02392858,-0.02951463,-0.0001297775,-0.2375903,-0.2330781,-0.2365067,-0.2408918,1
2.725567,5.477564,-9.775039,-0.0281202,-0.05131827,0.001133521,183.7572,365.8893,-358.9885,364.0511,-370.9558,0.02374289,-0.02994011,-0.0001331105,-0.2390298,-0.2345216,-0.2378289,-0.2423396,1
2.859151,5.598665,-9.685572,-0.02546234,-0.05208291,0.0020882,183.9663,367.6364,-361.1013,365.8441,-373.0316,0.02357321,-0.03038488,-0.0001483726,-0.2401712,-0.2359018,-0.2390002,-0.2436958,1
3.178915,5.891827,-9.340727,-0.02165048,-0.05120906,0.004561182,184.176,369.5994,-362.183,367.9729,-374.0619,0.02344238,-0.0308217,-0.0001427209,-0.2414536,-0.2366085,-0.240391,-0.2443688,1
2.823516,5.561429,-9.867684,-0.02393971,-0.05610368,0.001801129,184.3862,371.1947,-364.0173,369.2073,-375.9365,0.02330001,-0.03129691,-0.0001362376,-0.2424957,-0.2378068,-0.2411974,-0.2455935,1
2.654911,5.403211,-10.16407,-0.0237547,-0.05870043,0.0003917222,184.597,372.7285,-366.2371,370.5768,-378.1212,0.02315463,-0.03180176,-0.0001549843,-0.2434977,-0.239257,-0.242092,-0.2470207,1
2.8924,5.620049,-9.920567,-0.02008409,-0.05739439,0.002278856,184.8083,374.0426,-367.3689,372.041,-379.1678,0.02304088,-0.03229994,-0.000170478,-0.2443562,-0.2399964,-0.2430486,-0.2477044,1
2.731016,5.468644,-10.17285,-0.02035264,-0.05940908,0.001190548,185.0202,374.9679,-368.2696,372.7886,-380.0597,0.02293084,-0.03281386,-0.0001795461,-0.2449607,-0.2405848,-0.243537,-0.2482871,1
2.816408,5.545165,-10.09982,-0.01859622,-0.05908388,0.001845889,185.2326,376.1339,-368.9261,373.9625,-380.6597,0.02284302,-0.03331915,-0.0001858497,-0.2457224,-0.2410137,-0.2443039,-0.248679,1
2.756462,5.487566,-10.21464,-0.01858671,-0.06003582,0.001402656,185.4456,376.7968,-370.0502,374.4926,-381.7549,0.02275477,-0.03383594,-0.000192425,-0.2461555,-0.2417481,-0.2446502,-0.2493945,1
2.818175,5.542245,-10.17331,-0.0173513,-0.05954427,0.001857557,185.6593,377.6454,-371.0114,375.3155,-382.6536,0.02266956,-0.03435845,-0.0002055955,-0.2467099,-0.242376,-0.2451878,-0.2499816,1
2.670281,5.403204,-10.39975,-0.0174468,-0.06022636,0.0008432242,185.8734,378.4434,-371.527,375.9731,-383.1251,0.02259343,-0.0348781,-0.0002157387,-0.2472312,-0.2427128,-0.2456174,-0.2502896,1
2.898434,5.611716,-10.12495,-0.01512577,-0.05774993,0.002577042,186.0882,378.9322,-372.0099,376.558,-383.5327,0.02253628,-0.03537829,-0.000223737,-0.2475505,-0.2430283,-0.2459995,-0.250556,1
2.834128,5.5502,-10.23037,-0.01560323,-0.05769094,0.00213491,186.3035,379.4842,-372.5259,376.9726,-384.0185,0.02247583,-0.03587813,-0.0002234594,-0.2479111,-0.2433653,-0.2462703,-0.2508733,1
2.771593,5.490215,-10.33773,-0.01574707,-0.05716389,0.001604527,186.5194,380.0311,-373.2791,377.4094,-384.7222,0.02240953,-0.03637787,-0.0002349333,-0.2482684,-0.2438574,-0.2465557,-0.251333,1
2.71659,5.437102,-10.43346,-0.01542885,-0.05601035,0.001271578,186.7359,380.3776,-373.7596,377.6877,-385.1436,0.02234884,-0.03686421,-0.000249084,-0.2484947,-0.2441713,-0.2467375,-0.2516083,1
2.813121,5.524134,-10.31915,-0.0142676,-0.05344451,0.002099213,186.953,380.6633,-373.7891,377.9995,-385.1119,0.02230175,-0.03732378,-0.0002556015,-0.2486814,-0.2441906,-0.2469412,-0.2515876,1
2.646506,5.368238,-10.54351,-0.01559319,-0.05302347,0.0009030981,187.1707,380.7331,-374.1111,377.8862,-385.4142,0.02224304,-0.03777871,-0.0002641146,-0.248727,-0.2444009,-0.2468672,-0.2517851,1
2.47872,5.211131,-10.77225,-0.01630113,-0.05202667,-0.000277368,187.389,380.7375,-374.4551,377.7532,-385.7154,0.02217674,-0.03822417,-0.0002859491,-0.2487299,-0.2446257,-0.2467802,-0.2519819,1
2.58581,5.308022,-10.63262,-0.01469507,-0.0483725,0.000740672,187.6079,380.6077,-374.0927,377.701,-385.2819,0.02212838,-0.03863158,-0.0003032555,-0.2486451,-0.2443889,-0.2467462,-0.2516987,1
3.016141,5.70399,-10.05583,-0.01176776,-0.04249025,0.004114831,187.8274,380.5263,-373.2673,377.8543,-384.3891,0.02210503,-0.0389865,-0.0002973005,-0.2485919,-0.2438498,-0.2468463,-0.2511154,1
2.613216,5.330412,-10.5725,-0.01600615,-0.04373048,0.001071632,188.0474,380.6206,-373.3335,377.5598,-384.4955,0.02205326,-0.03934032,-0.0002837313,-0.2486535,-0.243893,-0.246654,-0.2511849,1
2.763268,5.467426,-10.38993,-0.01504756,-0.03985339,0.002014378,188.2681,380.5051,-374.26,377.4994,-385.3533,0.02198691,-0.03968038,-0.0003025197,-0.2485781,-0.2444982,-0.2466145,-0.2517453,1
2.79786,5.497708,-10.35428,-0.01431658,-0.0362498,0.002496797,188.4893,380.6688,-373.825,377.7008,-384.8652,0.02193457,-0.03997874,-0.0003047912,-0.248685,-0.2442141,-0.246746,-0.2514265,1
2.788519,5.487791,-10.35459,-0.01483114,-0.03321296,0.002473291,188.7112,380.5346,-373.4398,377.5245,-384.4703,0.0218835,-0.04024102,-0.0003007895,-0.2485973,-0.2439624,-0.2466309,-0.2511685,1
2.663065,5.370728,-10.51294,-0.01639568,-0.03115435,0.00152702,188.9336,380.3753,-373.5479,377.2345,-384.5799,0.02181858,-0.04048092,-0.0002994781,-0.2484933,-0.2440331,-0.2464414,-0.2512401,1
2.852839,5.544907,-10.26549,-0.01527061,-0.02629659,0.002946454,189.1566,380.4702,-373.3432,377.4423,-384.3326,0.02176058,-0.04067675,-0.0002952395,-0.2485552,-0.2438993,-0.2465771,-0.2510785,1
1.645004,5.490287,-10.3381,-0.01651368,-0.02358564,0.002512575,189.3802,380.351,-373.3184,377.2416,-384.3163,0.02169137,-0.04084565,-0.0002868194,-0.2484774,-0.2438831,-0.2464461,-0.2510679,0.6167694
2.825995,5.518329,-10.29678,-0.01684196,-0.01993938,0.002692955,189.6044,380.4036,-373.2466,377.316,-384.2542,0.02161812,-0.0409788,-0.0002796066,-0.2485117,-0.2438362,-0.2464947,-0.2510273,1
2.831562,5.522754,-10.28779,-0.01746029,-0.01657913,0.002706486,189.8292,380.2823,-373.2378,377.2011,-384.2681,0.02153792,-0.04107942,-0.0002718275,-0.2484325,-0.2438305,-0.2464196,-0.2510364,1
2.781188,5.475616,-10.35244,-0.01844747,-0.01377053,0.002306851,190.0546,380.4547,-373.0867,377.3167,-384.1114,0.02145454,-0.04114439,-0.0002583627,-0.2485451,-0.2437317,-0.2464952,-0.250934,1
2.94425,5.625838,-10.13978,-0.01814669,-0.00931111,0.003423343,190.2805,380.325,-373.3005,377.2565,-384.3082,0.02136305,-0.04117762,-0.0002503708,-0.2484604,-0.2438714,-0.2464558,-0.2510626,1
2.768899,5.463424,-10.37122,-0.020159,-0.00727501,0.002108735,190.5071,380.6691,-373.0825,377.4726,-384.1159,0.02126522,-0.04117624,-0.0002307501,-0.2486852,-0.243729,-0.246597,-0.250937,1
2.97306,5.651804,-10.10641,-0.01960942,-0.002239623,0.003463948,190.7342,380.6436,-373.3403,377.5646,-384.3719,0.02116347,-0.04113472,-0.0002184078,-0.2486685,-0.2438974,-0.2466571,-0.2511042,1
2.812345,5.50318,-10.3225,-0.02181087,-0.0001175637,0.002216817,190.9619,380.8596,-373.466,377.6576,-384.5434,0.02104608,-0.0410659,-0.0001986973,-0.2488096,-0.2439795,-0.2467178,-0.2512162,1
2.620477,5.325767,-10.5797,-0.02387401,0.002007856,0.0006502345,191.1903,380.6403,-374.1238,377.3188,-385.2424,0.02089964,-0.04098487,-0.0002039067,-0.2486664,-0.2444093,-0.2464965,-0.2516729,1
3.146482,5.811573,-9.894073,-0.01981735,0.01037476,0.00468731,191.4192,380.8622,-373.2771,377.9738,-384.352,0.02078963,-0.04082425,-0.0001922167,-0.2488114,-0.2438561,-0.2469244,-0.2510912,1
2.796508,5.48876,-10.33239,-0.0241904,0.01067954,0.0020764,191.6487,380.6472,-372.9824,377.4782,-384.1791,0.02065532,-0.04064202,-0.0001614667,-0.2486709,-0.2436636,-0.2466006,-0.2509782,1
2.916352,5.59988,-10.17711,-0.02443279,0.01489283,0.002702467,191.8788,380.6532,-373.577,377.5561,-384.8041,0.02050049,-0.04043522,-0.0001546908,-0.2486748,-0.244052,-0.2466515,-0.2513865,1
2.880938,5.56749,-10.2322,-0.02514194,0.01819275,0.002469208,192.1095,381.0649,-373.2325,377.9938,-384.4994,0.02035178,-0.04018129,-0.0001316462,-0.2489438,-0.243827,-0.2469375,-0.2511874,1
2.850266,5.539832,-10.26883,-0.02663757,0.02110361,0.002085033,192.3407,380.8237,-373.6098,377.7279,-384.9486,0.02018335,-0.03990398,-0.0001177461,-0.2487862,-0.2440735,-0.2467638,-0.2514809,1
2.726442,5.426038,-10.4352,-0.02820486,0.02351609,0.001119932,192.5726,380.9164,-373.7497,377.7764,-385.1519,0.01999947,-0.03960184,-0.0001080753,-0.2488467,-0.2441649,-0.2467955,-0.2516137,1
2.887445,5.575496,-10.22237,-0.0274546,0.02830756,0.002312152,192.8051,380.9688,-373.3685,377.9985,-384.809,0.0198242,-0.03925034,-9.453384e-05,-0.248881,-0.2439158,-0.2469406,-0.2513897,1
2.876696,5.566636,-10.22579,-0.02879758,0.03119632,0.002201192,193.0381,380.5473,-373.4408,377.5751,-384.969,0.01963007,-0.038877,-8.16861e-05,-0.2486056,-0.2439631,-0.2466639,-0.2514943,1
3.262473,5.924143,-9.716075,-0.02682375,0.03731921,0.005027654,193.2717,380.7009,-373.0006,378.0227,-384.5606,0.01944327,-0.03845552,-6.277713e-05,-0.248706,-0.2436755,-0.2469563,-0.2512274,1
2.864582,5.557848,-10.228,-0.03116934,0.03679565,0.001999229,193.506,380.8296,-372.8394,377.89,-384.5373,0.01923504,-0.03801644,-3.252555e-05,-0.2487901,-0.2435702,-0.2468697,-0.2512122,1
2.721965,5.4273,-10.41667,-0.03310333,0.03846738,0.0007132676,193.7408,380.7055,-373.5556,377.7067,-385.3393,0.01900338,-0.037563,-2.620899e-05,-0.248709,-0.244038,-0.2467499,-0.2517362,1
2.716608,5.423493,-10.42933,-0.03334121,0.0415522,0.0007247895,193.9762,380.5602,-373.6158,377.6423,-385.4617,0.01876441,-0.03708383,-2.447081e-05,-0.248614,-0.2440774,-0.2467078,-0.2518162,1
3.077416,5.758245,-9.94451,-0.03111193,0.04745039,0.003502097,194.2122,380.5335,-372.6717,377.9368,-384.566,0.01854538,-0.03654879,-8.035023e-06,-0.2485966,-0.2434606,-0.2469002,-0.251231,1
2.97856,5.668768,-10.05171,-0.03354944,0.04883082,0.00272115,194.4488,380.3193,-372.2995,377.6511,-384.3313,0.01831137,-0.035991,2.180068e-05,-0.2484567,-0.2432174,-0.2467136,-0.2510777,1
3.063409,5.74896,-9.93659,-0.03436319,0.05155952,0.003131577,194.686,380.4593,-372.5389,377.8563,-384.6646,0.01806265,-0.03541163,4.546571e-05,-0.2485481,-0.2433738,-0.2468476,-0.2512954,1
2.953788,5.649415,-10.08739,-0.03627155,0.05278298,0.002173563,194.9238,380.7181,-372.8113,378.0748,-385.0436,0.01779768,-0.03481686,6.86884e-05,-0.2487172,-0.2435519,-0.2469904,-0.251543,1
2.70631,5.422446,-10.41719,-0.03883155,0.05309053,0.0001943375,195.1621,380.7365,-373.2921,377.986,-385.6409,0.0175097,-0.03421576,7.755769e-05,-0.2487292,-0.2438659,-0.2469324,-0.2519332,1
2.743751,5.458658,-10.36984,-0.03870229,0.05598293,0.0004857516,195.4011,380.405,-373.4648,377.778,-385.8923,0.01721347,-0.03359561,7.195649e-05,-0.2485127,-0.2439788,-0.2467965,-0.2520974,1
2.916143,5.61974,-10.12847,-0.03764138,0.05990855,0.001951401,195.6406,380.2682,-372.4648,377.86,-384.9763,0.01693333,-0.03293074,8.346993e-05,-0.2484233,-0.2433255,-0.24685,-0.2514991,1
2.784698,5.500514,-10.27177,-0.03993946,0.06065356,0.0009777158,195.8808,379.7059,-372.1082,377.234,-384.7712,0.01663382,-0.03225524,9.633047e-05,-0.248056,-0.2430925,-0.2464411,-0.2513651,1
2.648398,5.376665,-10.434,-0.04164113,0.0614645,-5.4314e-05,196.1215,379.2556,-372.1401,376.7515,-384.9249,0.01631173,-0.03157633,9.416611e-05,-0.2477618,-0.2431133,-0.2461259,-0.2514654,1
2.840009,5.555707,-10.16675,-0.04027715,0.06514832,0.001512627,196.3628,378.91,-371.4019,376.6414,-384.2635,0.01600041,-0.03086316,9.525231e-05,-0.247536,-0.2426311,-0.246054,-0.2510334,1
2.833749,5.552279,-10.1438,-0.04122882,0.06671026,0.001587544,196.6047,378.3723,-370.6006,376.1521,-383.597,0.01568539,-0.03012905,0.0001084192,-0.2471847,-0.2421076,-0.2457343,-0.250598,1
2.907761,5.623102,-10.021,-0.04177102,0.06860094,0.002110336,196.8472,378.1915,-370.0034,376.0601,-383.1243,0.01536722,-0.02937276,0.0001275642,-0.2470666,-0.2417175,-0.2456742,-0.2502891,1
2.595562,5.337108,-10.41398,-0.04522334,0.06717058,-0.000295216,197.0903,377.9166,-370.0883,375.6063,-383.3716,0.01502187,-0.02862235,0.0001411111,-0.246887,-0.2417729,-0.2453777,-0.2504507,1
2.38871,5.148183,-10.67762,-0.04693338,0.06701309,-0.001868846,197.3339,377.3143,-370.5325,374.9532,-383.9368,0.01464856,-0.02788382,0.0001254281,-0.2464935,-0.2420631,-0.2449511,-0.2508199,1
2.74448,5.478974,-10.19433,-0.04363213,0.07184558,0.001059115,197.5782,376.8166,-369.4475,374.8483,-382.9081,0.01430048,-0.02710526,0.0001152892,-0.2461684,-0.2413543,-0.2448826,-0.2501479,1
2.797664,5.530754,-10.07832,-0.04404479,0.0734171,0.001700338,197.823,375.8138,-368.2723,373.9372,-381.8839,0.01394923,-0.02631225,0.0001193813,-0.2455133,-0.2405866,-0.2442874,-0.2494788,1
2.847009,5.579037,-9.971988,-0.0445313,0.07466137,0.002142297,198.0684,375.3193,-367.287,373.525,-381.0391,0.01359504,-0.02550377,0.0001291612,-0.2451903,-0.2399429,-0.244018,-0.2489269,1
2.662254,5.41103,-10.18339,-0.04674622,0.07377109,0.0007844626,198.3144,374.9706,-366.6926,373.0993,-380.604,0.01323249,-0.02468831,0.0001451788,-0.2449624,-0.2395546,-0.24374,-0.2486427,1
3.064908,5.785745,-9.637965,-0.04471022,0.07731473,0.003686762,198.5609,374.6038,-366.4833,373.0387,-380.4882,0.01287201,-0.02385627,0.0001579418,-0.2447228,-0.2394179,-0.2437004,-0.248567,1
2.754498,5.501654,-10.03099,-0.04807022,0.07496285,0.001354694,198.808,374.7654,-366.0955,373.022,-380.2775,0.01249408,-0.02303114,0.0001847621,-0.2448284,-0.2391644,-0.2436895,-0.2484293,1
3.216203,5.930814,-9.422031,-0.04546838,0.07880697,0.004545752,199.0557,374.6679,-366.2769,373.2781,-380.5401,0.01211996,-0.02219025,0.0001958804,-0.2447647,-0.239283,-0.2438568,-0.2486009,1
2.615745,5.378613,-10.2046,-0.05081245,0.07403774,7.154379e-05,199.3039,374.7667,-366.384,373.013,-380.8524,0.01171623,-0.02137246,0.0002175882,-0.2448293,-0.239353,-0.2436836,-0.2488049,1
2.646321,5.409132,-10.164,-0.05055884,0.07479141,0.0001132196,199.5527,374.6065,-366.8046,372.9695,-381.3784,0.01130344,-0.02055688,0.0002086856,-0.2447246,-0.2396277,-0.2436552,-0.2491485,1
2.514896,5.289965,-10.3276,-0.0512663,0.07436807,-0.0006787429,199.8021,374.1446,-366.4936,372.5326,-381.2001,0.01088784,-0.01974152,0.0002021614,-0.2444229,-0.2394246,-0.2433697,-0.2490321,1
2.425122,5.209372,-10.41662,-0.05177537,0.07421771,-0.001193872,200.0521,373.3371,-365.9738,371.7665,-380.8212,0.01046279,-0.01893222,0.0001841897,-0.2438953,-0.2390849,-0.2428693,-0.2487846,1
2.70692,5.472113,-10.0115,-0.04933982,0.07701142,0.001173964,200.3026,372.6345,-364.6719,371.3686,-379.6207,0.01005938,-0.01809758,0.0001751161,-0.2434363,-0.2382345,-0.2426093,-0.2480003,1
2.650016,5.422262,-10.03799,-0.05048552,0.07631738,0.0009420332,200.5537,371.832,-363.5483,370.5677,-378.67,0.009653246,-0.01726135,0.0001817123,-0.2429121,-0.2375005,-0.2420861,-0.2473792,1
2.759119,5.525745,-9.860069,-0.05040198,0.07664979,0.001744685,200.8053,371.29,-363.0037,370.129,-378.2647,0.009240233,-0.01642884,0.0001845014,-0.242558,-0.2371446,-0.2417995,-0.2471144,1
2.587932,5.370117,-10.06105,-0.0520339,0.07473113,0.0005153124,201.0576,371.1117,-362.4212,369.8889,-377.8378,0.008823032,-0.01560177,0.0001946657,-0.2424415,-0.2367641,-0.2416427,-0.2468355,1
2.822327,5.589181,-9.735798,-0.05075459,0.07588456,0.002187607,201.3103,370.5147,-362.4313,369.489,-377.9605,0.008400127,-0.01478251,0.0001913654,-0.2420515,-0.2367707,-0.2413814,-0.2469157,1
2.662807,5.444177,-9.92827,-0.05205396,0.07398871,0.001103839,201.5636,370.5995,-361.6779,369.5334,-377.3576,0.007979853,-0.01396558,0.0002049083,-0.2421069,-0.2362786,-0.2414104,-0.2465219,1
2.360017,5.166785,-10.30507,-0.05460681,0.07077371,-0.001247518,201.8175,369.9182,-362.0036,368.6926,-377.853,0.007532075,-0.01318193,0.0001941244,-0.2416618,-0.2364913,-0.2408611,-0.2468455,1
2.600888,5.391378,-9.976904,-0.0520174,0.07242264,0.000698301,202.0719,369.4153,-361.5749,368.4675,-377.5045,0.00709665,-0.01239505,0.0001760584,-0.2413332,-0.2362113,-0.2407141,-0.2466178,1
2.590255,5.383807,-9.957123,-0.05187048,0.07174056,0.0008775244,202.3269,368.813,-360.4097,367.9382,-376.4821,0.00666998,-0.01160865,0.0001729837,-0.2409398,-0.23545,-0.2403683,-0.2459499,1
2.796774,5.576984,-9.648003,-0.05060663,0.07235517,0.002482362,202.5824,368.4088,-359.336,367.7177,-375.5385,0.006259247,-0.01081193,0.0001806855,-0.2406757,-0.2347486,-0.2402243,-0.2453335,1
2.797496,5.580126,-9.619724,-0.05154355,0.07065693,0.002437975,202.8385,368.0258,-359.0493,367.3248,-375.4125,0.005839073,-0.01003226,0.0001950989,-0.2404256,-0.2345613,-0.2399676,-0.2452512,1
2.487931,5.296285,-10.01511,-0.05414815,0.06661661,6.889852e-06,203.0951,368.0041,-359.2467,367.1182,-375.7715,0.005396504,-0.009287562,0.0001987355,-0.2404113,-0.2346903,-0.2398326,-0.2454856,1
2.49436,5.304048,-10.00426,-0.05342129,0.06560963,2.554129e-05,203.3523,367.9297,-359.1871,367.1378,-375.8122,0.004961883,-0.008550458,0.0001925377,-0.2403628,-0.2346514,-0.2398454,-0.2455122,1
2.561486,5.36798,-9.902369,-0.05268797,0.06486609,0.0006098486,203.61,367.3324,-359.043,366.6419,-375.7872,0.004526546,-0.007830222,0.0001839098,-0.2399725,-0.2345572,-0.2395214,-0.2454959,1
2.69679,5.494854,-9.704758,-0.05137076,0.06465168,0.001723164,203.8682,367.4003,-358.0198,366.8654,-374.8766,0.004111313,-0.007104593,0.0001913367,-0.2400169,-0.2338888,-0.2396674,-0.2449011,1
2.582325,5.391108,-9.83194,-0.05273271,0.0618322,0.0007993595,204.127,366.9789,-357.9137,366.3674,-374.9301,0.003685582,-0.006403916,0.000196814,-0.2397416,-0.2338194,-0.2393421,-0.244936,1
2.622793,5.430239,-9.77101,-0.05236359,0.06038066,0.001033385,204.3863,366.7311,-358.1125,366.1758,-375.2413,0.003251654,-0.00572922,0.0001906501,-0.2395797,-0.2339494,-0.2392169,-0.2451393,1
2.215637,5.05555,-10.29502,-0.0546257,0.05570465,-0.001908933,204.6462,366.449,-358.0233,365.6918,-375.2972,0.002804202,-0.0050911,0.000176049,-0.2393954,-0.2338911,-0.2389008,-0.2451758,1
2.991408,5.773696,-9.262044,-0.04780105,0.06067862,0.003986994,204.9066,366.0572,-357.0844,365.9178,-374.3749,0.002404384,-0.004424615,0.0001638465,-0.2391395,-0.2332777,-0.2390484,-0.2445733,1
2.462793,5.287124,-9.919372,-0.0523475,0.05418738,0.0002289588,205.1675,365.6176,-356.3709,365.1011,-373.878,0.001985393,-0.003797731,0.0001784485,-0.2388523,-0.2328116,-0.2385149,-0.2442487,1
2.318145,5.154863,-10.09214,-0.05297071,0.05113561,-0.001028996,205.429,365.2669,-356.7021,364.6876,-374.3249,0.001550017,-0.003208181,0.0001581727,-0.2386232,-0.2330279,-0.2382447,-0.2445406,1
2.720835,5.528062,-9.556755,-0.04874568,0.05280024,0.002172474,205.691,364.8021,-356.1417,364.5805,-373.8056,0.001144438,-0.002615255,0.0001428275,-0.2383195,-0.2326618,-0.2381747,-0.2442014,1
2.738309,5.545635,-9.50287,-0.04851379,0.05078392,0.002476324,205.9536,364.6388,-354.9442,364.444,-372.7386,0.0007549474,-0.002029705,0.0001552299,-0.2382128,-0.2318795,-0.2380856,-0.2435043,1
2.417966,5.251052,-9.899024,-0.0511489,0.04566242,-5.174021e-05,206.2166,364.0107,-355.3442,363.5733,-373.2976,0.0003337118,-0.001500024,0.0001445655,-0.2378025,-0.2321409,-0.2375168,-0.2438695,1
2.664855,5.480016,-9.571378,-0.04790915,0.04584997,0.001876166,206.4803,363.9811,-354.8937,363.7936,-372.8876,-6.05753e-05,-0.0009720997,0.0001322661,-0.2377832,-0.2318465,-0.2376607,-0.2436016,1
2.256953,5.104184,-10.0824,-0.05036628,0.04038358,-0.001008602,206.7444,363.4999,-354.4266,363.0649,-372.5721,-0.0004597596,-0.0004788685,0.0001291988,-0.2374688,-0.2315414,-0.2371847,-0.2433956,1
2.644116,5.462769,-9.556706,-0.04665073,0.04132093,0.001866512,207.009,363.088,-354.0633,362.9503,-372.2559,-0.0008402965,5.805756e-06,0.0001151106,-0.2371998,-0.2313041,-0.2371098,-0.243189,1
2.487008,5.31854,-9.742081,-0.04733905,0.0375848,0.0008568987,207.2742,362.8708,-353.3427,362.6378,-371.6561,-0.001214394,0.0004661365,0.0001199227,-0.2370578,-0.2308333,-0.2369056,-0.2427972,1
2.409279,5.247522,-9.825083,-0.04740247,0.03440272,0.0002031645,207.5399,362.369,-353.439,362.0853,-371.8525,-0.00159711,0.0008874603,0.0001065515,-0.2367301,-0.2308962,-0.2365447,-0.2429255,1
2.462209,5.296945,-9.745017,-0.04571724,0.03260054,0.0007294685,207.8062,362.3387,-352.7818,362.1455,-371.257,-0.001954808,0.001300521,0.0001035455,-0.2367103,-0.2304669,-0.236584,-0.2425364,1
2.713729,5.53003,-9.396547,-0.04352164,0.03181554,0.002604226,208.0729,361.9995,-352.3437,361.9612,-370.8906,-0.002296868,0.001698262,0.0001077583,-0.2364886,-0.2301807,-0.2364636,-0.2422971,1
2.627037,5.450562,-9.499008,-0.04404374,0.02805748,0.001891945,208.3402,362.1446,-352.1207,362.0139,-370.7699,-0.002638654,0.002064241,0.0001208795,-0.2365834,-0.2300349,-0.236498,-0.2422182,1
2.524965,5.356616,-9.633963,-0.04427071,0.02430101,0.0009513315,208.608,362.1761,-352.552,361.9617,-371.28,-0.002985341,0.002391145,0.0001206846,-0.236604,-0.2303168,-0.236464,-0.2425514,1
2.590097,5.416887,-9.555578,-0.04270346,0.02219508,0.001400143,208.8763,362.1796,-352.7723,362.0282,-371.543,-0.003322013,0.002691429,0.0001157611,-0.2366063,-0.2304607,-0.2365074,-0.2427232,1
2.320309,5.167622,-9.906108,-0.04360002,0.01751126,-0.0005703929,209.1451,362.2167,-352.6315,361.9047,-371.4861,-0.003655161,0.002958172,0.0001134571,-0.2366305,-0.2303687,-0.2364267,-0.2426861,1
2.374548,5.217607,-9.828839,-0.0419641,0.01551041,-0.0001795294,209.4144,361.7271,-352.8162,361.4722,-371.7125,-0.003984614,0.003192288,9.278378e-05,-0.2363107,-0.2304894,-0.2361441,-0.242834,1
2.338894,5.184421,-9.862984,-0.04066788,0.01297924,-0.0002298488,209.6843,361.2903,-352.3225,361.0512,-371.2649,-0.004301495,0.003400298,7.481419e-05,-0.2360254,-0.2301668,-0.2358691,-0.2425416,1
2.522285,5.353639,-9.59741,-0.03793789,0.01210317,0.001311845,209.9547,360.896,-351.3275,360.8074,-370.3021,-0.004589293,0.003601444,6.548667e-05,-0.2357677,-0.2295168,-0.2357099,-0.2419126,1
2.446844,5.283862,-9.667738,-0.03789686,0.008603815,0.0008458907,210.2256,360.3161,-350.8326,360.144,-369.8842,-0.004872881,0.003771279,6.274762e-05,-0.2353889,-0.2291935,-0.2352765,-0.2416396,1
2.655711,5.476583,-9.378206,-0.03546024,0.00736285,0.002401285,210.497,360.1144,-350.4418,360.0612,-369.5156,-0.005141181,0.003920006,5.989328e-05,-0.2352571,-0.2289382,-0.2352224,-0.2413988,1
2.249761,5.101144,-9.897458,-0.03752065,0.001174292,-0.0005839296,210.7689,360.1133,-350.1276,359.7682,-369.2845,-0.005408338,0.004030375,6.552899e-05,-0.2352564,-0.2287329,-0.2350309,-0.2412478,1
2.563398,5.39036,-9.48227,-0.03402179,0.0008295795,0.001643503,211.0414,359.5161,-350.5714,359.3654,-369.7158,-0.005668759,0.004108448,4.598183e-05,-0.2348662,-0.2290228,-0.2347678,-0.2415296,1
2.532226,5.36086,-9.516473,-0.03270843,-0.002035027,0.001628019,211.3143,359.902,-349.4695,359.7488,-368.6355,-0.005894419,0.004180055,5.906265e-05,-0.2351184,-0.228303,-0.2350183,-0.2408238,1
2.247551,5.097292,-9.873112,-0.03431954,-0.007483245,-0.0006485847,211.5878,359.1274,-350.0903,358.7155,-369.329,-0.006144546,0.00418835,4.587905e-05,-0.2346123,-0.2287086,-0.2343433,-0.2412769,1
2.502268,5.331566,-9.540806,-0.03026809,-0.007769579,0.001369703,211.8617,359.3149,-349.5128,359.1207,-368.7059,-0.006355486,0.004194363,3.863838e-05,-0.2347349,-0.2283313,-0.2346079,-0.2408698,1
2.439089,5.272419,-9.606702,-0.02983386,-0.01120964,0.0009781573,212.1362,358.6976,-349.2704,358.4182,-368.5005,-0.006562726,0.004163243,3.510968e-05,-0.2343316,-0.2281729,-0.234149,-0.2407357,1
2.597323,5.417643,-9.38771,-0.02733578,-0.01269991,0.002177319,212.4112,358.7125,-348.7423,358.5226,-367.9604,-0.006747202,0.004115794,3.538515e-05,-0.2343413,-0.2278279,-0.2342172,-0.2403828,1
2.498031,5.324948,-9.50752,-0.02712535,-0.01650392,0.001431938,212.6867,358.4185,-348.6552,358.1141,-367.8956,-0.006926517,0.004033127,3.72031e-05,-0.2341492,-0.227771,-0.2339504,-0.2403405,1
2.540892,5.363391,-9.447557,-0.02550042,-0.01899413,0.001716572,212.9626,358.3306,-348.6254,358.0268,-367.8516,-0.007093752,0.003921955,3.514566e-05,-0.2340918,-0.2277515,-0.2338933,-0.2403117,1
2.634225,5.448383,-9.322838,-0.02347833,-0.02104148,0.002422119,213.2392,358.3557,-348.3202,358.088,-367.5245,-0.007239375,0.003791592,4.004622e-05,-0.2341082,-0.2275522,-0.2339334,-0.240098,1
2.467905,5.293462,-9.536135,-0.02370092,-0.02530625,0.001126926,213.5161,358.4759,-348.185,358.0479,-367.3999,-0.007374383,0.003632438,5.18848e-05,-0.2341867,-0.2274638,-0.2339071,-0.2400166,1
2.804434,5.603033,-9.10113,-0.02027974,-0.02562318,0.003462579,213.7936,358.4402,-348.522,358.1765,-367.6823,-0.007493744,0.003450708,5.585384e-05,-0.2341634,-0.227684,-0.2339912,-0.2402011,1
2.234588,5.075019,-9.855056,-0.0233651,-0.03301217,-0.0008070276,214.0717,358.871,-348.6133,358.178,-367.8071,-0.007618177,0.0032223,6.97775e-05,-0.2344448,-0.2277437,-0.2339921,-0.2402827,1
2.684215,5.48868,-9.278649,-0.01843398,-0.03189345,0.002331459,214.3502,358.6071,-349.2805,358.193,-368.3741,-0.007724328,0.002973418,5.369732e-05,-0.2342724,-0.2281795,-0.2340019,-0.2406531,1
2.580585,5.391185,-9.418689,-0.01769807,-0.03511884,0.001747018,214.6292,358.9534,-348.6165,358.4496,-367.6835,-0.00780332,0.002711392,6.92806e-05,-0.2344986,-0.2277457,-0.2341695,-0.2402019,1
2.703363,5.502985,-9.253706,-0.01609306,-0.03689576,0.0024567,214.9087,358.7332,-348.9405,358.2293,-367.9705,-0.007879999,0.002416897,6.942196e-05,-0.2343548,-0.2279574,-0.2340256,-0.2403894,1
2.556672,5.36556,-9.454491,-0.01582511,-0.04048857,0.00135795,215.1887,359.0193,-348.957,358.378,-367.9483,-0.007944409,0.002097059,7.667782e-05,-0.2345417,-0.2279682,-0.2341228,-0.2403749,1
2.807837,5.595689,-9.132056,-0.01277957,-0.04089014,0.003113333,215.4692,359.0597,-349.0789,358.5359,-367.9906,-0.007987702,0.001763256,8.031687e-05,-0.2345681,-0.2280478,-0.2342259,-0.2404025,1
2.636102,5.43509,-9.363518,-0.01314506,-0.0447549,0.00178811,215.7502,359.4328,-349.0342,358.7257,-367.9163,-0.008020662,0.001405068,9.789188e-05,-0.2348119,-0.2280186,-0.2343499,-0.240354,1
2.620838,5.418931,-9.395783,-0.01232752,-0.0472929,0.001447358,216.0318,359.5969,-349.6384,358.8078,-368.4603,-0.008050887,0.001016521,0.0001019193,-0.234919,-0.2284133,-0.2344036,-0.2407094,1
2.556452,5.35719,-9.498476,-0.01142113,-0.04987417,0.0009027219,216.3138,359.8389,-350.0207,358.9652,-368.7703,-0.008071272,0.0006030017,0.0001042325,-0.2350771,-0.2286631,-0.2345064,-0.2409119,1
2.431992,5.239871,-9.672269,-0.01087401,-0.05269671,-6.666064e-05,216.5964,359.9058,-350.2611,358.9138,-368.944,-0.008083907,0.00016357,0.0001007421,-0.2351208,-0.2288201,-0.2344728,-0.2410254,1
2.332883,5.145902,-9.807182,-0.009950714,-0.05506238,-0.0007788342,216.8794,359.5252,-350.5885,358.4403,-369.1959,-0.008094731,-0.000307583,8.222272e-05,-0.2348722,-0.229034,-0.2341635,-0.24119,1
2.66977,5.454714,-9.362381,-0.005442102,-0.05360595,0.001914838,217.163,359.4994,-349.7154,358.6461,-368.1957,-0.008061156,-0.0007651062,7.683423e-05,-0.2348553,-0.2284636,-0.2342979,-0.2405365,1
2.471593,5.269547,-9.603034,-0.006271796,-0.05712521,0.0005072749,217.4471,358.7397,-349.6654,357.6584,-368.1178,-0.008037623,-0.00126178,7.015321e-05,-0.2343591,-0.228431,-0.2336527,-0.2404856,1
2.778783,5.551012,-9.19445,-0.002329239,-0.05608753,0.002846756,217.7316,358.9435,-348.9047,358.0458,-367.2285,-0.007975947,-0.001747784,7.071283e-05,-0.2344922,-0.227934,-0.2339058,-0.2399046,1
2.46748,5.261294,-9.591487,-0.004002,-0.06053898,0.0005358119,218.0167,358.5716,-348.9025,357.3696,-367.1955,-0.007917973,-0.002265644,7.770371e-05,-0.2342492,-0.2279326,-0.233464,-0.2398831,1
2.606578,5.387461,-9.412586,-0.001659011,-0.061019,0.001470072,218.3023,358.5394,-349.1108,357.3764,-367.2869,-0.007848902,-0.002799879,7.191862e-05,-0.2342282,-0.2280686,-0.2334684,-0.2399428,1
2.655085,5.429914,-9.353573,9.595012e-05,-0.06208262,0.001889492,218.5884,358.6203,-348.7861,357.4462,-366.8574,-0.007757762,-0.003340803,7.700632e-05,-0.2342811,-0.2278566,-0.233514,-0.2396622,1
2.565341,5.344727,-9.46909,0.0003863375,-0.06437348,0.001157341,218.875,358.5323,-348.8289,357.225,-366.821,-0.00766013,-0.003901119,8.10789e-05,-0.2342236,-0.2278845,-0.2333696,-0.2396385,1
2.716432,5.481968,-9.277601,0.002666606,-0.06459769,0.002214536,219.1621,358.7204,-348.7777,357.4568,-366.6501,-0.007540496,-0.004463987,8.89838e-05,-0.2343465,-0.2278511,-0.2335209,-0.2395268,1
2.466326,5.248594,-9.612029,0.00161313,-0.06815613,0.0002600307,219.4497,358.6615,-349.2156,357.1442,-367.0185,-0.007428914,-0.005060516,9.242681e-05,-0.234308,-0.2281371,-0.2333167,-0.2397675,1
2.516348,5.292261,-9.559502,0.003666538,-0.06872275,0.0005700377,219.7378,358.7302,-349.4548,357.2205,-367.123,-0.007303837,-0.005669315,8.30558e-05,-0.2343529,-0.2282934,-0.2333666,-0.2398357,1
2.506661,5.280843,-9.575464,0.005192049,-0.06964152,0.0005948377,220.0264,358.4544,-349.3491,356.91,-366.9008,-0.00716329,-0.006288141,7.491705e-05,-0.2341727,-0.2282243,-0.2331637,-0.2396906,1
2.529458,5.299539,-9.538899,0.006790607,-0.07027282,0.0008469542,220.3155,358.7609,-348.4748,357.2027,-365.9137,-0.00698624,-0.006890819,8.841194e-05,-0.2343729,-0.2276532,-0.2333549,-0.2390457,1
2.497732,5.268156,-9.576737,0.006780049,-0.07204708,0.0004392184,220.6051,358.1081,-349.2441,356.4038,-366.5988,-0.006826634,-0.007530638,8.385647e-05,-0.2339464,-0.2281558,-0.232833,-0.2394933,1
2.422244,5.19593,-9.688283,0.007982469,-0.07331962,-8.408452e-05,220.8952,358.3477,-349.2208,356.5721,-366.4391,-0.00665729,-0.008184854,7.510655e-05,-0.234103,-0.2281405,-0.232943,-0.2393889,1
2.799916,5.54251,-9.193897,0.01242861,-0.07083224,0.002793856,221.1858,358.2297,-348.6437,356.6901,-365.6932,-0.00644639,-0.008818102,7.351785e-05,-0.2340259,-0.2277635,-0.2330201,-0.2389016,1
2.531442,5.292469,-9.535398,0.0108618,-0.07412084,0.0008167709,221.4769,357.9683,-348.594,356.1474,-365.5799,-0.00623956,-0.009473337,8.38795e-05,-0.2338551,-0.227731,-0.2326656,-0.2388277,1
2.457085,5.221535,-9.638823,0.01150282,-0.07547328,0.0001220601,221.7686,358.053,-348.9086,356.1277,-365.7672,-0.006031343,-0.01014572,7.799616e-05,-0.2339105,-0.2279365,-0.2326526,-0.23895,1
2.683539,5.428486,-9.352199,0.01474699,-0.07412644,0.001843595,222.0607,358.0547,-348.7425,356.2578,-365.4346,-0.00579407,-0.01080852,7.612568e-05,-0.2339116,-0.2278281,-0.2327377,-0.2387327,1
2.76622,5.50289,-9.24275,0.01607249,-0.07426973,0.002457405,222.3533,357.9798,-348.5799,356.161,-365.1506,-0.005543874,-0.01147466,8.454348e-05,-0.2338626,-0.2277218,-0.2326744,-0.2385472,1
2.472696,5.229677,-9.631719,0.01470557,-0.07734536,0.000162824,222.6464,358.0993,-348.8572,356.0105,-365.3327,-0.005299923,-0.01216334,8.755195e-05,-0.2339407,-0.227903,-0.2325761,-0.2386661,1
2.522763,5.27374,-9.57949,0.01662144,-0.07720076,0.0004654292,222.94,358.0719,-349.1929,355.9942,-365.5086,-0.005041734,-0.01285483,7.791184e-05,-0.2339228,-0.2281223,-0.2325655,-0.2387811,1
2.518729,5.267957,-9.590122,0.01797039,-0.07742856,0.0005209898,223.2341,357.8194,-349.197,355.7082,-365.372,-0.004772619,-0.01355244,6.957259e-05,-0.2337579,-0.2281249,-0.2323786,-0.2386919,1
2.62909,5.367976,-9.442981,0.0201416,-0.07663827,0.001406245,223.5287,357.8967,-348.627,355.8341,-364.6519,-0.004477527,-0.01423771,6.997422e-05,-0.2338083,-0.2277526,-0.2324609,-0.2382214,1
2.74957,5.477608,-9.280878,0.02164453,-0.07616346,0.002263961,223.8238,357.7796,-348.4548,355.7237,-364.3468,-0.00416639,-0.01491776,7.796032e-05,-0.2337319,-0.2276401,-0.2323888,-0.2380221,1
2.846777,5.565805,-9.159927,0.02273664,-0.07605145,0.002855403,224.1194,358.2172,-348.4134,356.1388,-364.1697,-0.003839627,-0.01559144,9.898667e-05,-0.2340177,-0.2276131,-0.2326599,-0.2379064,1
2.76535,5.488968,-9.286583,0.02227231,-0.07750125,0.001963027,224.4155,358.4093,-349.3979,356.1669,-365.0316,-0.003527167,-0.01629055,0.0001067534,-0.2341432,-0.2282562,-0.2326783,-0.2384695,1
2.701541,5.428095,-9.401769,0.02310892,-0.0780369,0.001347475,224.7121,359.1833,-349.8002,356.8765,-365.2711,-0.003199208,-0.01698659,0.0001139619,-0.2346489,-0.2285191,-0.2331419,-0.2386259,1
2.951404,5.65723,-9.098028,0.02573626,-0.07614531,0.003054018,225.0092,359.3235,-350.3705,357.1321,-365.6688,-0.002855322,-0.01767597,0.0001175133,-0.2347404,-0.2288916,-0.2333088,-0.2388857,1
2.755535,5.474646,-9.374685,0.02485556,-0.0778033,0.001506773,225.3068,359.9212,-350.6324,357.5377,-365.8116,-0.002508585,-0.01837023,0.0001318037,-0.2351309,-0.2290627,-0.2335738,-0.2389791,1
2.737238,5.456091,-9.422534,0.02546904,-0.07784963,0.001134758,225.6049,360.2132,-351.4306,357.7681,-366.4586,-0.002161143,-0.01907036,0.0001292537,-0.2353217,-0.2295842,-0.2337243,-0.2394017,1
2.630541,5.355833,-9.587057,0.02581353,-0.07826362,0.0003067742,225.9036,360.4135,-351.984,357.8769,-366.8608,-0.00180889,-0.01977352,0.000123041,-0.2354525,-0.2299457,-0.2337954,-0.2396644,1
2.531715,5.262927,-9.730821,0.02634652,-0.07835612,-0.0004217739,226.2027,360.4751,-352.2122,357.8653,-366.9389,-0.001449681,-0.02047612,0.0001107851,-0.2354928,-0.2300947,-0.2337878,-0.2397155,1
2.422973,5.160988,-9.878651,0.02687209,-0.07835969,-0.001150654,226.5023,360.2707,-352.257,357.5883,-366.837,-0.001082694,-0.02117626,9.30563e-05,-0.2353593,-0.230124,-0.2336068,-0.2396489,1
2.511477,5.241466,-9.759866,0.02882861,-0.0767157,-0.000353468,226.8025,359.3594,-352.5149,356.7286,-366.9302,-0.0007194441,-0.02188615,5.446859e-05,-0.2347639,-0.2302925,-0.2330453,-0.2397098,1
2.632634,5.352187,-9.585962,0.03172019,-0.07432072,0.0009399158,227.1031,359.8146,-350.4838,357.328,-364.7231,-0.000293993,-0.02253553,5.905177e-05,-0.2350613,-0.2289656,-0.2334368,-0.2382679,1
2.744568,5.455215,-9.411783,0.03184293,-0.0735467,0.001661608,227.4043,358.7453,-350.7581,356.2035,-364.8967,0.0001200276,-0.02319248,5.690327e-05,-0.2343627,-0.2291448,-0.2327022,-0.2383814,1
2.582213,5.304488,-9.630931,0.03116037,-0.07450625,0.0004282476,227.7059,359.1808,-350.8052,356.4792,-364.8089,0.0005292114,-0.02385551,5.89205e-05,-0.2346472,-0.2291756,-0.2328823,-0.238324,1
2.916708,5.612779,-9.206158,0.03456761,-0.07118611,0.002811418,228.0081,359.425,-350.7616,356.9339,-364.5685,0.0009659635,-0.0244922,5.819462e-05,-0.2348067,-0.2291471,-0.2331794,-0.2381669,1
2.893628,5.591021,-9.245169,0.03442388,-0.07111472,0.002588016,228.3107,359.4264,-351.1221,356.8498,-364.8027,0.001402442,-0.02512878,6.73348e-05,-0.2348077,-0.2293826,-0.2331244,-0.2383199,1
2.77062,5.476848,-9.424318,0.03394755,-0.07157053,0.001499202,228.6139,360.1189,-351.4252,357.4221,-364.9688,0.001841906,-0.02576077,7.719998e-05,-0.2352601,-0.2295806,-0.2334983,-0.2384285,1
2.735429,5.443827,-9.495694,0.03422583,-0.07119302,0.001044844,228.9176,360.3862,-352.2292,357.6372,-365.6218,0.00228231,-0.02639091,7.613943e-05,-0.2354347,-0.2301059,-0.2336388,-0.238855,1
2.688275,3.400445,-11.2484,0.03465286,-0.0706479,0.0006284436,229.2218,360.7755,-352.5495,357.9882,-365.7907,0.002732263,-0.02700996,7.847344e-05,-0.235689,-0.2303151,-0.2338681,-0.2389654,1
2.648901,5.363125,-9.629709,0.0349145,-0.07004227,0.0002258849,229.5264,358.9114,-351.5507,356.0433,-364.6809,0.00317228,-0.02763743,6.372968e-05,-0.2344712,-0.2296626,-0.2325976,-0.2382404,1
3.132427,5.809749,-8.894078,0.03989875,-0.06485081,0.003886838,229.8316,356.7237,-348.5148,354.185,-361.4695,0.00365246,-0.02822257,6.065051e-05,-0.233042,-0.2276793,-0.2313836,-0.2361424,1
2.468444,5.196476,-9.708416,0.03565256,-0.06949008,-0.001063272,230.1373,356.4261,-348.371,353.4388,-361.2523,0.004119934,-0.02882244,6.842003e-05,-0.2328476,-0.2275854,-0.2308961,-0.2360005,1
2.828022,5.528687,-9.257095,0.03964847,-0.06560268,0.001412706,230.4435,356.4359,-349.5117,353.7278,-362.1682,0.004598004,-0.02941373,4.27344e-05,-0.232854,-0.2283305,-0.2310849,-0.2365988,1
2.706133,5.416265,-9.4406,0.04000843,-0.06537422,0.0007370192,230.7502,357.1766,-349.2206,354.4355,-361.7305,0.005100204,-0.02998256,4.618612e-05,-0.2333379,-0.2281404,-0.2315472,-0.2363129,1
2.835924,5.536771,-9.282358,0.0411444,-0.06357665,0.001575244,231.0574,357.2341,-349.866,354.5547,-362.2365,0.005603481,-0.03054523,3.630947e-05,-0.2333755,-0.228562,-0.2316251,-0.2366434,1
3.07987,5.762783,-8.987227,0.0433565,-0.06080028,0.003416925,231.365,357.888,-350.0487,355.367,-362.2541,0.006126842,-0.03108243,4.151928e-05,-0.2338027,-0.2286814,-0.2321557,-0.2366549,1
2.98286,5.674015,-9.136441,0.04239593,-0.06108232,0.002559429,231.6732,358.3221,-350.8297,355.6862,-362.9234,0.006638791,-0.03162565,4.472931e-05,-0.2340862,-0.2291916,-0.2323642,-0.2370922,1
2.832243,5.535527,-9.366883,0.04189216,-0.06129208,0.001321327,231.9818,359.3811,-351.3411,356.6603,-363.2957,0.007162033,-0.03215197,5.194903e-05,-0.2347781,-0.2295257,-0.2330006,-0.2373354,1
2.919585,5.617091,-9.286327,0.04264323,-0.05979707,0.001793178,232.291,359.7609,-352.4907,357.0813,-364.2966,0.007685748,-0.0326712,5.087616e-05,-0.2350262,-0.2302767,-0.2332757,-0.2379893,1
2.908466,5.607709,-9.337597,0.04285645,-0.05890131,0.001633246,232.6006,360.555,-353.2261,357.8673,-364.8876,0.008209124,-0.0331847,5.218952e-05,-0.2355449,-0.2307571,-0.2337891,-0.2383754,1
2.854596,5.558882,-9.440293,0.04292513,-0.05811366,0.001125501,232.9108,361.1956,-353.9025,358.4891,-365.4226,0.008735451,-0.0336883,4.781011e-05,-0.2359635,-0.231199,-0.2341954,-0.2387249,1
2.655506,5.37598,-9.728022,0.04197922,-0.0583321,-0.0003874688,233.2215,361.3545,-354.8651,358.5373,-366.2601,0.009253092,-0.03419368,3.197022e-05,-0.2360673,-0.2318279,-0.2342268,-0.239272,1
2.763623,5.47695,-9.60836,0.04379498,-0.05570704,0.0005064028,233.5327,361.6197,-355.1237,358.9366,-366.351,0.009784086,-0.03467781,1.336198e-05,-0.2362405,-0.2319968,-0.2344877,-0.2393314,1
2.977788,5.676265,-9.335641,0.04583811,-0.05243665,0.002226109,233.8444,361.6733,-354.9587,359.1644,-366.0339,0.01033103,-0.03513544,3.435672e-06,-0.2362756,-0.231889,-0.2346365,-0.2391243,1
2.957977,5.659689,-9.363835,0.04562016,-0.0513192,0.002120088,234.1566,362.0764,-354.7185,359.5565,-365.6805,0.0108887,-0.03556833,1.081947e-05,-0.2365389,-0.2317321,-0.2348927,-0.2388934,1
2.979942,5.681862,-9.348442,0.04528914,-0.05017915,0.002117413,234.4693,362.1658,-355.5962,359.6297,-366.4397,0.01143345,-0.03600023,7.361182e-06,-0.2365973,-0.2323055,-0.2349405,-0.2393894,1
2.709593,5.433782,-9.729017,0.04369525,-0.05086416,7.926142e-05,234.7825,362.7919,-356.1584,360.1091,-366.8841,0.01197159,-0.03642844,2.837133e-06,-0.2370063,-0.2326727,-0.2352537,-0.2396797,1
2.583257,5.318794,-9.915528,0.04350059,-0.05004872,-0.0008834212,235.0963,363.0187,-356.6964,360.3156,-367.2874,0.01251313,-0.03684226,-1.238054e-05,-0.2371545,-0.2330242,-0.2353886,-0.2399431,1
3.05754,5.75901,-9.308765,0.04741637,-0.04451156,0.002727094,235.4106,362.8173,-356.9939,360.4774,-367.4044,0.01306952,-0.03722801,-3.027655e-05,-0.2370229,-0.2332186,-0.2354942,-0.2400195,1
2.722444,5.4517,-9.749173,0.04501886,-0.04553984,0.0003976926,235.7254,363.0263,-356.7443,360.4916,-367.0792,0.01361632,-0.03761034,-3.433519e-05,-0.2371594,-0.2330555,-0.2355036,-0.2398072,1
2.969296,5.6821,-9.42889,0.04728271,-0.04170659,0.002202898,236.0407,363.1063,-356.7401,360.797,-366.9211,0.01418221,-0.03795685,-4.587199e-05,-0.2372117,-0.2330528,-0.2357031,-0.2397039,1
3.067688,5.7757,-9.30407,0.0476293,-0.0395481,0.003013256,236.3565,362.9247,-356.9906,360.6869,-367.0612,0.01474594,-0.03828931,-4.67765e-05,-0.237093,-0.2332164,-0.2356311,-0.2397954,1
2.888254,5.612619,-9.54748,0.04620266,-0.03945571,0.001642742,236.6729,363.3053,-357.2012,360.9741,-367.1774,0.01529775,-0.03861832,-5.024273e-05,-0.2373417,-0.233354,-0.2358187,-0.2398713,1
2.910502,5.635843,-9.531822,0.04683612,-0.03739513,0.001792336,236.9897,363.3818,-357.5551,361.1362,-367.4002,0.01585487,-0.03892738,-6.36348e-05,-0.2373917,-0.2335852,-0.2359246,-0.2400169,1
2.697816,5.442211,-9.815886,0.0455952,-0.03719394,0.0003318929,237.3071,363.536,-357.5215,361.2191,-367.2753,0.01641765,-0.03921493,-6.447903e-05,-0.2374924,-0.2335632,-0.2359788,-0.2399352,1
2.801249,5.540875,-9.684971,0.04628945,-0.03467739,0.001062484,237.625,363.3965,-357.929,361.1913,-367.5677,0.01697563,-0.03948981,-7.602733e-05,-0.2374013,-0.2338294,-0.2359607,-0.2401263,1
2.636425,5.391739,-9.908016,0.04539967,-0.0340821,-5.743862e-05,237.9435,363.5049,-357.95,361.2628,-367.4939,0.01752972,-0.0397537,-8.580777e-05,-0.2374721,-0.2338431,-0.2360073,-0.2400781,1
3.124454,5.845982,-9.270311,0.04929016,-0.02824507,0.00363135,238.2624,363.4461,-357.6915,361.6097,-367.0788,0.01810973,-0.0399733,-9.250003e-05,-0.2374337,-0.2336743,-0.236234,-0.2398069,1
3.104976,5.831769,-9.291767,0.04832735,-0.0270982,0.003548646,238.5819,363.4426,-357.6144,361.6012,-366.9364,0.01868298,-0.04018039,-8.081339e-05,-0.2374314,-0.233624,-0.2362285,-0.2397138,1
3.042599,5.77786,-9.381998,0.04739871,-0.02617784,0.002926109,238.9019,364.1519,-357.7452,362.3057,-366.9835,0.01925657,-0.04036663,-6.553649e-05,-0.2378948,-0.2337094,-0.2366887,-0.2397446,1
2.746004,5.507573,-9.791641,0.04473906,-0.02716491,0.0005302827,239.2224,364.1021,-359.1112,362.0892,-368.2867,0.01979983,-0.04056685,-7.248241e-05,-0.2378623,-0.2346018,-0.2365473,-0.2405959,1
2.63217,5.405888,-9.966141,0.04484662,-0.02580366,-0.0002574272,239.5435,364.4449,-359.5625,362.4904,-368.6201,0.02034431,-0.04075224,-8.941215e-05,-0.2380862,-0.2348966,-0.2368093,-0.2408138,1
3.192922,5.927835,-9.236926,0.04952644,-0.01911133,0.004069949,239.865,364.0572,-359.3708,362.593,-368.273,0.02091172,-0.04089811,-0.0001075031,-0.2378329,-0.2347714,-0.2368764,-0.2405871,1
2.987785,5.74262,-9.490545,0.04767565,-0.01897178,0.002769844,240.1871,364.5036,-358.2144,362.9739,-367.0811,0.02149399,-0.04100799,-8.309922e-05,-0.2381245,-0.2340159,-0.2371252,-0.2398084,1
2.750239,5.527674,-9.796328,0.04476723,-0.01970504,0.0007277852,240.5097,364.0812,-359.3699,362.3957,-368.2079,0.02203917,-0.04113288,-8.882195e-05,-0.2378486,-0.2347708,-0.2367474,-0.2405445,1
2.75648,5.537573,-9.81016,0.04544752,-0.01762507,0.0008387603,240.8329,364.4093,-359.743,362.854,-368.4661,0.02258638,-0.04124049,-9.964239e-05,-0.2380629,-0.2350145,-0.2370469,-0.2407132,1
2.914116,5.687635,-9.606548,0.04695547,-0.01433117,0.002138645,241.1566,364.3954,-359.4025,363.0641,-368.0264,0.02314898,-0.04131598,-0.0001030144,-0.2380539,-0.234792,-0.2371841,-0.2404259,1
2.837448,5.621572,-9.698412,0.04596542,-0.01330188,0.001631139,241.4807,364.4586,-359.1076,363.1498,-367.6854,0.02371483,-0.04136753,-9.165034e-05,-0.2380951,-0.2345994,-0.2372401,-0.2402031,1
2.959852,5.739576,-9.540034,0.04611507,-0.01099184,0.002423818,241.8055,364.1898,-359.8034,363.0071,-368.3126,0.02426284,-0.04141679,-9.589149e-05,-0.2379196,-0.235054,-0.2371469,-0.2406129,1
3.019666,5.799639,-9.472752,0.04665865,-0.008748349,0.002939658,242.1307,364.7142,-359.5504,363.6828,-367.9749,0.02482104,-0.04143846,-8.732992e-05,-0.2382621,-0.2348887,-0.2375883,-0.2403923,1
2.954966,5.744927,-9.559069,0.04564606,-0.007793912,0.002391003,242.4565,364.8265,-359.7207,363.8268,-368.1007,0.02537743,-0.04144209,-7.567659e-05,-0.2383355,-0.2349999,-0.2376824,-0.2404745,1
2.913302,5.711556,-9.624005,0.04474911,-0.006747665,0.001978198,242.7828,364.9476,-360.3844,363.9897,-368.7129,0.02592061,-0.04143944,-6.990902e-05,-0.2384146,-0.2354335,-0.2377888,-0.2408744,1
3.257881,6.035037,-9.189975,0.04705942,-0.002441325,0.004489482,243.1096,365.485,-360.4363,364.8586,-368.6642,0.02647765,-0.0414037,-5.707527e-05,-0.2387657,-0.2354674,-0.2383564,-0.2408426,1
2.761022,5.581317,-9.849786,0.04255987,-0.005137118,0.0007073198,243.437,365.9934,-360.7712,365.1018,-369.0133,0.02701613,-0.04136736,-3.414134e-05,-0.2390978,-0.2356862,-0.2385153,-0.2410707,1
2.88112,5.697484,-9.714148,0.04309762,-0.002680419,0.001355861,243.7649,365.8391,-362.2321,365.1193,-370.3969,0.02753389,-0.04133308,-4.841622e-05,-0.238997,-0.2366406,-0.2385268,-0.2419745,1
2.878687,5.700371,-9.736585,0.04365808,-0.0006166422,0.001544547,244.0934,366.1623,-362.1058,365.6049,-370.1959,0.02805913,-0.04127703,-5.180966e-05,-0.2392081,-0.2365581,-0.238844,-0.2418432,1
2.539869,5.392756,-10.17137,0.04125642,-0.001337833,-0.0008721895,244.4223,366.0716,-361.8297,365.4279,-369.912,0.02858074,-0.04120658,-5.423331e-05,-0.2391489,-0.2363777,-0.2387284,-0.2416578,1
2.957552,5.784288,-9.616262,0.04418913,0.003759243,0.002298662,244.7518,365.4525,-361.9696,365.2084,-369.9674,0.02910944,-0.04110848,-6.646979e-05,-0.2387444,-0.2364691,-0.238585,-0.2416939,1
2.667333,5.521983,-9.983662,0.04167774,0.003012203,0.0003702682,245.0818,365.5164,-361.3115,365.1882,-369.3135,0.02963025,-0.04100051,-5.619827e-05,-0.2387862,-0.2360392,-0.2385718,-0.2412667,1
3.05827,5.889095,-9.460874,0.0441419,0.007603241,0.003208908,245.4124,365.3302,-361.1734,365.3715,-369.1028,0.03016129,-0.04086117,-5.526237e-05,-0.2386646,-0.2359489,-0.2386915,-0.2411291,1
3.073601,5.909405,-9.435608,0.04329285,0.008785332,0.00339838,245.7435,365.3353,-361.0434,365.4618,-368.9589,0.03068831,-0.04070662,-3.434985e-05,-0.2386678,-0.235864,-0.2387505,-0.2410351,1
2.407393,5.299932,-10.30813,0.03764019,0.004610888,-0.001689214,246.0752,365.6497,-361.5538,365.4202,-369.5139,0.03118096,-0.04056872,-2.331671e-05,-0.2388732,-0.2361974,-0.2387233,-0.2413977,1
2.817131,5.684303,-9.787561,0.04102862,0.009599611,0.001281282,246.4073,365.4085,-362.2734,365.6158,-370.129,0.03168081,-0.04040758,-3.966629e-05,-0.2387157,-0.2366676,-0.2388511,-0.2417995,1
2.70686,5.588513,-9.928826,0.04018553,0.01033163,0.0007521803,246.74,365.3163,-361.7341,365.5959,-369.5778,0.03218141,-0.04023179,-3.311371e-05,-0.2386554,-0.2363152,-0.2388382,-0.2414394,1
2.932475,5.803248,-9.617028,0.04141554,0.01354372,0.002437478,247.0733,365.067,-361.3991,365.6187,-369.2088,0.03268521,-0.04003364,-3.190121e-05,-0.2384926,-0.2360964,-0.238853,-0.2411984,1
2.870303,5.752234,-9.686664,0.04029569,0.01420599,0.002071379,247.407,364.7988,-361.2599,365.4152,-369.072,0.03318122,-0.03982584,-2.276393e-05,-0.2383174,-0.2360055,-0.2387201,-0.241109,1
2.762409,5.658956,-9.819526,0.03903095,0.01453453,0.001273962,247.7413,364.9298,-361.0743,365.5964,-368.8849,0.03367401,-0.03960366,-9.397026e-06,-0.238403,-0.2358843,-0.2388385,-0.2409868,1
2.971341,5.858483,-9.544399,0.03989264,0.01719077,0.002771761,248.0762,364.8572,-361.2211,365.7719,-369.0019,0.03416669,-0.03936405,2.578971e-06,-0.2383555,-0.2359802,-0.2389531,-0.2410632,1
2.863285,5.765196,-9.687094,0.03827367,0.01719073,0.001948604,248.4116,365.0342,-361.3416,365.9775,-369.1325,0.03464659,-0.03912148,2.054472e-05,-0.2384712,-0.2360588,-0.2390874,-0.2411485,1
3.08948,5.980673,-9.396854,0.03934396,0.01995321,0.003520305,248.7475,365.3182,-361.4825,366.5327,-369.2404,0.03513093,-0.03885753,3.718059e-05,-0.2386567,-0.2361509,-0.2394501,-0.241219,1
2.860081,5.775311,-9.70325,0.03668461,0.01885313,0.001747551,249.0839,365.6677,-361.7438,366.8283,-369.5326,0.03560319,-0.0385896,6.428366e-05,-0.238885,-0.2363216,-0.2396432,-0.2414099,1
3.230806,6.124364,-9.232529,0.03848092,0.02250167,0.004279048,249.4209,365.9562,-362.4064,367.4645,-370.1548,0.03607299,-0.03830645,8.090358e-05,-0.2390735,-0.2367544,-0.2400588,-0.2418164,1
2.752813,5.689232,-9.874735,0.03410543,0.01942235,0.0006658909,249.7584,366.4718,-362.9064,367.769,-370.7084,0.03651635,-0.03803655,0.00010275,-0.2394103,-0.2370811,-0.2402577,-0.2421781,1
2.703048,5.649508,-9.955702,0.03368183,0.02025729,0.0001406227,250.0964,366.752,-363.5535,368.1809,-371.3399,0.03695612,-0.03775532,0.0001049655,-0.2395934,-0.2375038,-0.2405268,-0.2425906,1
2.558293,5.522118,-10.1534,0.03241517,0.02029586,-0.0008455882,250.435,366.3615,-364.1343,367.8464,-371.932,0.03737813,-0.03747984,9.801106e-05,-0.2393383,-0.2378833,-0.2403083,-0.2429774,1
2.946047,5.886728,-9.640781,0.03545115,0.02484184,0.002211984,250.7741,366.1596,-363.6518,368.0851,-371.4027,0.0378119,-0.03717924,8.967768e-05,-0.2392064,-0.237568,-0.2404643,-0.2426316,1
2.948343,5.895514,-9.613654,0.03489429,0.02589646,0.002456114,251.1138,366.055,-362.5349,368.1227,-370.3159,0.03825773,-0.03685107,0.000108892,-0.239138,-0.2368384,-0.2404888,-0.2419216,1
2.78583,5.752208,-9.803886,0.03225987,0.024999,0.001164485,251.454,365.6868,-362.7097,367.7217,-370.5509,0.03868165,-0.03652638,0.0001238566,-0.2388975,-0.2369526,-0.2402269,-0.2420752,1
3.084496,6.034791,-9.415264,0.03365488,0.02791436,0.003325136,251.7948,365.8423,-362.8504,368.1916,-370.6709,0.0391048,-0.03618718,0.0001379273,-0.2389991,-0.2370445,-0.2405339,-0.2421535,1
2.910846,5.881005,-9.644089,0.03138292,0.02695155,0.002010314,252.136,366.0056,-362.9526,368.3439,-370.816,0.03951022,-0.03585356,0.0001559895,-0.2391058,-0.2371113,-0.2406333,-0.2422483,1
2.880367,5.85932,-9.687031,0.03061567,0.02739623,0.001697233,252.4779,366.0562,-363.3114,368.5112,-371.1885,0.03990663,-0.03551588,0.0001624689,-0.2391388,-0.2373457,-0.2407427,-0.2424917,1
2.520378,5.533126,-10.15877,0.02761326,0.02533856,-0.000912139,252.8203,366.0403,-363.4731,368.4076,-371.4011,0.040289,-0.03518118,0.0001698206,-0.2391285,-0.2374513,-0.240675,-0.2426305,1
2.996492,5.97943,-9.532025,0.03077165,0.02994615,0.002644368,253.1632,366.0191,-363.2039,368.8603,-371.098,0.04068891,-0.03481471,0.000178408,-0.2391146,-0.2372755,-0.2409707,-0.2424326,1
2.741695,5.750681,-9.854786,0.02752318,0.02810358,0.0008023278,253.5066,365.9422,-363.0847,368.6989,-371.0593,0.04106616,-0.03445829,0.000199919,-0.2390644,-0.2371976,-0.2408652,-0.2424072,1
2.725442,5.742056,-9.874359,0.02669599,0.02844155,0.0005557127,253.8506,365.7212,-363.6691,368.5903,-371.6669,0.04142075,-0.03411216,0.0001945019,-0.2389199,-0.2375794,-0.2407943,-0.2428042,1
2.755584,5.776129,-9.83341,0.02696808,0.02956683,0.0009694029,254.1951,365.8933,-363.0717,368.9672,-371.0771,0.04179167,-0.03374007,0.0002065933,-0.2390324,-0.2371891,-0.2410405,-0.2424189,1
2.71915,5.74896,-9.863565,0.02549679,0.02948421,0.0006962704,254.5402,365.4043,-363.1346,368.5506,-371.1989,0.04214476,-0.03337294,0.0002156046,-0.2387129,-0.2372302,-0.2407684,-0.2424985,1
2.84796,5.874296,-9.688766,0.02571351,0.03084648,0.001675161,254.8858,365.4474,-362.9628,368.806,-371.0461,0.04249284,-0.03299931,0.0002247591,-0.2387411,-0.237118,-0.2409352,-0.2423987,1
2.727463,5.76926,-9.837765,0.02401446,0.03014196,0.0008121059,255.232,365.4989,-362.679,368.9017,-370.8158,0.04283604,-0.03262006,0.000241914,-0.2387747,-0.2369326,-0.2409978,-0.2422482,1
2.854699,5.893085,-9.664745,0.02385389,0.03119103,0.001683908,255.5787,365.1781,-363.0527,368.7664,-371.2216,0.04316511,-0.03224332,0.0002487727,-0.2385652,-0.2371767,-0.2409093,-0.2425133,1
2.742627,5.795646,-9.809953,0.02230937,0.03048466,0.0009059646,255.9259,365.5986,-362.6731,369.243,-370.8904,0.04349254,-0.03185891,0.0002712433,-0.2388399,-0.2369287,-0.2412207,-0.2422969,1
2.738246,5.797696,-9.812035,0.02110523,0.03036247,0.0007370144,256.2737,365.3234,-363.1919,369.0598,-371.4592,0.04379882,-0.0314851,0.0002770415,-0.2386601,-0.2372676,-0.241101,-0.2426685,1
2.857173,5.913455,-9.659233,0.02139373,0.03149415,0.001669908,256.622,365.4945,-363.0974,369.4469,-371.3852,0.04410564,-0.03110237,0.0002886898,-0.2387719,-0.2372059,-0.2413539,-0.2426202,1
2.560632,5.645346,-10.0406,0.01825017,0.02913078,-0.0005346686,256.9709,365.5248,-363.0593,369.392,-371.4301,0.04439548,-0.03072812,0.000302775,-0.2387917,-0.237181,-0.241318,-0.2426495,1
2.890698,5.956028,-9.606726,0.01987759,0.03178165,0.001853873,257.3203,365.3818,-363.2504,369.5894,-371.6282,0.04468534,-0.03034362,0.0003075385,-0.2386983,-0.2373058,-0.241447,-0.2427789,1
2.70861,5.793516,-9.840582,0.01743561,0.03014122,0.0005745492,257.6702,365.5763,-362.973,369.7644,-371.4276,0.04496391,-0.02996288,0.0003290684,-0.2388253,-0.2371246,-0.2415614,-0.2426479,1
2.608324,5.706408,-9.968299,0.01562368,0.0291271,-0.0003091379,258.0207,365.5005,-363.3899,369.7205,-371.9059,0.04522144,-0.02959402,0.0003336044,-0.2387758,-0.237397,-0.2415326,-0.2429603,1
2.219605,5.352529,-10.47854,0.01237773,0.02616127,-0.003130954,258.3717,365.4323,-363.6241,369.5366,-372.2137,0.04545979,-0.02923937,0.0003320141,-0.2387312,-0.23755,-0.2414125,-0.2431614,1
2.740088,5.838582,-9.79032,0.01595517,0.03054642,0.0008321973,258.7233,364.7975,-363.58,369.3983,-372.151,0.04570331,-0.02887324,0.0003154291,-0.2383165,-0.2375212,-0.2413222,-0.2431205,1
2.586918,5.702333,-9.966588,0.01410548,0.02931516,9.516996e-06,259.0753,364.5752,-362.4724,369.1962,-371.1253,0.04594287,-0.02850669,0.0003242307,-0.2381713,-0.2367976,-0.2411901,-0.2424504,1
2.939665,6.033496,-9.476007,0.01554208,0.03177933,0.002622042,259.428,364.1588,-361.9225,369.1059,-370.6091,0.04618731,-0.02812494,0.0003308536,-0.2378993,-0.2364384,-0.2411312,-0.2421131,1
2.641696,5.763433,-9.848277,0.01173334,0.02861104,0.0004607528,259.7812,364.2143,-361.5739,369.0207,-370.3698,0.0464153,-0.02775239,0.0003585995,-0.2379355,-0.2362106,-0.2410755,-0.2419568,1
2.583204,5.714327,-9.922817,0.009904697,0.02734154,-0.0001980404,260.1349,364.2932,-362.1185,369.1251,-370.9773,0.04661936,-0.02739614,0.0003681444,-0.2379871,-0.2365664,-0.2411437,-0.2423537,1
2.545265,5.683889,-9.982492,0.008887766,0.02656164,-0.000501421,260.4892,364.0749,-362.7523,368.9843,-371.6541,0.04679912,-0.02706247,0.0003601352,-0.2378445,-0.2369804,-0.2410517,-0.2427959,1
2.729204,5.858184,-9.738541,0.01011082,0.02801082,0.00103161,260.844,364.15,-362.1086,369.335,-371.0282,0.04699212,-0.02671373,0.00036087,-0.2378936,-0.2365599,-0.2412808,-0.242387,1
2.792952,5.921597,-9.633914,0.009282841,0.02788292,0.0015848,261.1993,363.8558,-361.5835,369.159,-370.5777,0.04718336,-0.02636084,0.000375076,-0.2377013,-0.2362168,-0.2411658,-0.2420926,1
2.595241,5.743317,-9.879688,0.006210191,0.0253332,4.361174e-05,261.5552,363.8876,-361.6231,369.1055,-370.7155,0.04735136,-0.02602468,0.0003904572,-0.2377221,-0.2362428,-0.2411309,-0.2421827,1
2.807983,5.943944,-9.604756,0.006638554,0.02618106,0.001505861,261.9116,363.9964,-361.8851,369.4299,-371.0085,0.04751146,-0.02569177,0.0003970165,-0.2377932,-0.2364139,-0.2413428,-0.2423741,1
3.073086,6.192825,-9.261456,0.007237815,0.02731059,0.003457472,262.2686,364.2552,-361.7542,369.927,-370.9157,0.04767232,-0.02535477,0.0004166313,-0.2379623,-0.2363284,-0.2416676,-0.2423135,1
2.874004,6.012697,-9.524126,0.003927699,0.02445433,0.001819997,262.626,364.7398,-361.9455,370.3068,-371.2072,0.04781267,-0.02503348,0.0004432592,-0.2382789,-0.2364534,-0.2419157,-0.2425039,1
2.592839,5.756325,-9.908381,0.0004470355,0.02111451,-0.000527208,262.9841,364.9781,-363.0611,370.4057,-372.4073,0.0479182,-0.02474335,0.0004468474,-0.2384346,-0.2371821,-0.2419803,-0.2432879,1
2.490844,5.66502,-10.0627,-0.0006654655,0.01982491,-0.001298687,263.3426,365.0305,-363.7703,370.5046,-373.1561,0.04800511,-0.02447266,0.0004315164,-0.2384687,-0.2376455,-0.2420449,-0.243777,1
2.836057,5.986738,-9.611217,0.001650352,0.02232044,0.001453173,263.7017,365.0293,-363.153,370.8645,-372.547,0.04810966,-0.02418392,0.0004254836,-0.2384679,-0.2372422,-0.24228,-0.2433792,1
2.850703,6.003219,-9.571144,0.000150477,0.02142292,0.001668335,264.0614,364.7845,-362.5865,370.6654,-372.072,0.0482058,-0.02389943,0.0004355076,-0.238308,-0.2368721,-0.2421499,-0.2430689,1
2.66393,5.833369,-9.804333,-0.002901603,0.01870363,0.0001972615,264.4216,364.8508,-362.6581,370.6294,-372.241,0.04827834,-0.02363345,0.0004425333,-0.2383513,-0.2369189,-0.2421264,-0.2431792,1
2.694342,5.863819,-9.768439,-0.003857755,0.01786218,0.0003522728,264.7823,364.8018,-363.0766,370.6487,-372.7106,0.04833337,-0.0233829,0.0004371786,-0.2383193,-0.2371923,-0.242139,-0.243486,1
2.638052,5.81388,-9.843768,-0.005186323,0.01650006,5.387614e-06,265.1436,364.8816,-362.9828,370.7568,-372.6762,0.04837826,-0.02314282,0.0004345686,-0.2383715,-0.237131,-0.2422097,-0.2434636,1
2.62176,5.800701,-9.858698,-0.006376205,0.01540661,-8.414858e-05,265.5055,364.7672,-362.8737,370.685,-372.6311,0.04841255,-0.02291212,0.000429216,-0.2382967,-0.2370598,-0.2421628,-0.2434341,1
2.837742,6.001957,-9.568877,-0.006037721,0.01601772,0.001572201,265.8678,364.8559,-362.4618,370.9593,-372.2638,0.04845129,-0.02267441,0.0004357783,-0.2383547,-0.2367906,-0.2423419,-0.2431942,1
2.677692,5.855701,-9.772113,-0.009224549,0.01312943,0.0003115874,266.2307,365.0222,-362.4971,371.0038,-372.4017,0.04846733,-0.02245638,0.0004497707,-0.2384633,-0.2368137,-0.242371,-0.2432842,1
2.635254,5.817686,-9.836856,-0.0111252,0.01130827,-0.0001869356,266.5942,365.2497,-363.1301,371.2076,-373.0992,0.04845823,-0.02226133,0.0004484131,-0.2386119,-0.2372272,-0.2425041,-0.2437399,1
2.746593,5.92136,-9.705458,-0.01140129,0.01099328,0.000618976,266.9582,365.2556,-363.6102,371.3207,-373.6168,0.04843266,-0.02208404,0.0004363932,-0.2386158,-0.2375409,-0.2425781,-0.2440781,1
2.620273,5.805158,-9.872295,-0.01322662,0.009001759,-0.0002127745,267.3227,365.6006,-363.1747,371.6336,-373.25,0.04840472,-0.02191035,0.000436966,-0.2388412,-0.2372564,-0.2427824,-0.2438384,1
2.639951,5.823722,-9.840486,-0.01462669,0.007812466,-0.0001162929,267.6878,365.2676,-363.4728,371.3137,-373.6194,0.04835658,-0.02175464,0.000425952,-0.2386237,-0.2374511,-0.2425734,-0.2440798,1
2.866656,6.033264,-9.544046,-0.01423656,0.008330662,0.001639785,268.0535,365.4973,-363.1413,371.7099,-373.3257,0.04830867,-0.02159791,0.000426079,-0.2387737,-0.2372346,-0.2428323,-0.2438879,1
2.604133,5.790635,-9.883125,-0.01801636,0.004610035,-0.0003506833,268.4196,365.5823,-363.1895,371.5915,-373.4809,0.04823341,-0.0214678,0.0004273395,-0.2388292,-0.237266,-0.2427549,-0.2439893,1
2.734994,5.911014,-9.71755,-0.01838033,0.004246824,0.000533862,268.7864,365.935,-363.2808,372.0361,-373.613,0.04815602,-0.02133785,0.0004272006,-0.2390596,-0.2373257,-0.2430454,-0.2440755,1
2.883981,6.048009,-9.530339,-0.01929682,0.003607296,0.001571399,269.1536,365.8831,-363.7708,372.0333,-374.1635,0.04805578,-0.02123011,0.0004250943,-0.2390257,-0.2376458,-0.2430436,-0.2444352,1
2.670662,5.849795,-9.820316,-0.02236419,0.0003701392,-6.109269e-05,269.5215,366.4432,-363.8724,372.4332,-374.3462,0.04793268,-0.02114624,0.0004232254,-0.2393917,-0.2377122,-0.2433048,-0.2445545,1
2.659633,5.838083,-9.844276,-0.02365779,-0.00105811,-0.0002160999,269.8898,366.4996,-364.2627,372.4801,-374.7894,0.04779654,-0.02107546,0.0004088478,-0.2394285,-0.2379671,-0.2433355,-0.2448441,1
2.64865,5.826159,-9.863525,-0.02507945,-0.002536,-0.0002245933,270.2587,366.598,-364.2769,372.5578,-374.8652,0.04765042,-0.02101517,0.0004015634,-0.2394927,-0.2379764,-0.2433862,-0.2448936,1
2.602869,5.781835,-9.924112,-0.0270355,-0.004454323,-0.0005789133,270.6282,366.4645,-364.5367,372.3512,-375.1973,0.04747562,-0.02098371,0.000382398,-0.2394055,-0.2381462,-0.2432512,-0.2451105,1
2.055387,5.273467,-10.63991,-0.03180068,-0.009869937,-0.004513697,270.9982,366.1456,-364.7609,371.6753,-375.5215,0.04726296,-0.02099446,0.0003432947,-0.2391972,-0.2382926,-0.2428097,-0.2453223,1
2.610537,5.783454,-9.900312,-0.02765852,-0.005984235,-7.698804e-05,271.3688,365.3445,-364.0872,371.305,-374.8183,0.04706982,-0.02098846,0.0002946006,-0.2386738,-0.2378525,-0.2425678,-0.2448629,1
3.005392,6.145618,-9.343397,-0.0263177,-0.004269983,0.003321146,271.7399,364.8765,-362.1288,371.0558,-372.9134,0.04689592,-0.02096392,0.0002936682,-0.2383682,-0.2365731,-0.242405,-0.2436185,1
2.851927,6.001172,-9.506041,-0.030458,-0.007946515,0.002112328,272.1116,364.9163,-361.3195,370.8418,-372.237,0.04669735,-0.02095883,0.0003090817,-0.2383941,-0.2360443,-0.2422652,-0.2431766,1
2.55288,5.721633,-9.900242,-0.03508537,-0.01276807,-0.0003854088,272.4838,364.802,-362.4577,370.3958,-373.4736,0.04644707,-0.02100443,0.000295876,-0.2383195,-0.236788,-0.2419738,-0.2439845,1
2.799801,5.945777,-9.59995,-0.03408923,-0.01234695,0.001461697,272.8565,365.3498,-362.5254,371.0867,-373.5363,0.04620117,-0.02105027,0.0002840878,-0.2386774,-0.2368322,-0.2424251,-0.2440255,1
2.549577,5.710471,-9.930718,-0.03768517,-0.01621805,-0.0003756017,273.2298,365.4876,-362.4802,370.9739,-373.5862,0.0459334,-0.0211216,0.0002800518,-0.2387673,-0.2368027,-0.2423515,-0.2440581,1
2.605728,5.757793,-9.862979,-0.03884614,-0.01754262,-5.608264e-05,273.6036,365.4732,-362.9088,370.9163,-374.0642,0.04564406,-0.02121517,0.0002591178,-0.2387579,-0.2370826,-0.2423138,-0.2443703,1
2.566014,5.716164,-9.921552,-0.04039991,-0.01946336,-0.0002501918,273.978,365.5551,-362.8105,370.9082,-374.0208,0.04534216,-0.02132504,0.0002421888,-0.2388114,-0.2370184,-0.2423086,-0.244342,1
2.576948,5.721039,-9.904034,-0.04178909,-0.0210564,-0.0001213112,274.353,365.4486,-362.6721,370.7263,-373.9416,0.04502546,-0.02145176,0.0002224789,-0.2387419,-0.236928,-0.2421897,-0.2442902,1
2.756553,5.881467,-9.665236,-0.0420425,-0.02140652,0.001284831,274.7284,365.4843,-362.292,370.7877,-373.6044,0.04470508,-0.02158341,0.0002107639,-0.2387652,-0.2366797,-0.2422298,-0.24407,1
2.878312,5.988245,-9.502336,-0.04333378,-0.02262442,0.002171556,275.1045,365.5542,-362.1449,370.7966,-373.5209,0.04436911,-0.021731,0.0002064593,-0.2388109,-0.2365836,-0.2422356,-0.2440154,1
2.714124,5.830398,-9.723276,-0.0466684,-0.02616686,0.0008488004,275.481,365.6871,-362.5656,370.6708,-374.0238,0.043998,-0.02191556,0.0001931964,-0.2388977,-0.2368585,-0.2421535,-0.2443439,1
2.686626,5.798236,-9.772941,-0.04811688,-0.02812448,0.0006239251,275.8582,366.2118,-362.5092,371.0875,-374.0076,0.04362267,-0.02210728,0.0001824603,-0.2392404,-0.2368216,-0.2424257,-0.2443334,1
2.668057,5.774109,-9.804776,-0.05019199,-0.03034775,0.0004376912,276.2358,365.8761,-363.1501,370.5914,-374.713,0.04321493,-0.02233405,0.0001578314,-0.2390212,-0.2372403,-0.2421016,-0.2447941,1
2.530477,5.639464,-9.993152,-0.05229641,-0.03302354,-0.0004769246,276.614,366.2714,-362.8405,370.8017,-374.4557,0.04279489,-0.02257759,0.0001372698,-0.2392794,-0.2370381,-0.242239,-0.2446261,1
2.537427,5.638089,-9.981244,-0.05363233,-0.03465506,-0.000372038,276.9927,365.8667,-362.8661,370.2806,-374.5329,0.04235756,-0.02284135,0.0001051317,-0.239015,-0.2370548,-0.2418986,-0.2446765,1
2.60454,5.691984,-9.886533,-0.05447437,-0.03579672,0.0003158994,277.372,365.5149,-362.5475,369.8483,-374.2587,0.04190632,-0.02312263,7.456141e-05,-0.2387852,-0.2368466,-0.2416161,-0.2444974,1
2.609043,5.687745,-9.866798,-0.05584893,-0.03748883,0.0005239383,277.7519,365.3057,-361.8447,369.5066,-373.6108,0.04144409,-0.02341822,4.93122e-05,-0.2386485,-0.2363875,-0.2413929,-0.2440741,1
2.596394,5.667379,-9.867447,-0.05757051,-0.03949001,0.0005447092,278.1323,365.0596,-361.2775,369.0961,-373.1039,0.0409715,-0.02372621,2.9333e-05,-0.2384878,-0.236017,-0.2411247,-0.243743,1
2.477713,5.548734,-10.01188,-0.06030198,-0.04254743,-0.0002788534,278.5132,364.5941,-361.3106,368.3666,-373.2079,0.04046799,-0.02406813,1.321353e-06,-0.2381836,-0.2360386,-0.2406482,-0.2438109,1
2.871501,5.903095,-9.492754,-0.05867393,-0.04123698,0.002771291,278.8947,364.5898,-360.658,368.4767,-372.5523,0.03996889,-0.02440935,-2.135777e-05,-0.2381808,-0.2356122,-0.2407201,-0.2433826,1
2.703196,5.737986,-9.700528,-0.06203236,-0.04485609,0.00161656,279.2767,364.5878,-360.0334,368.1548,-372.0159,0.03945295,-0.02477059,-2.577636e-05,-0.2381795,-0.2352042,-0.2405098,-0.2430322,1
2.561461,5.596949,-9.884311,-0.06517246,-0.04832753,0.0004325765,279.6592,364.4023,-360.5141,367.6542,-372.5655,0.03890079,-0.02516988,-4.889114e-05,-0.2380583,-0.2355182,-0.2401828,-0.2433912,1
2.489066,5.519359,-9.989809,-0.06682117,-0.05072179,-2.896741e-05,280.0423,364.4912,-360.5075,367.5346,-372.5906,0.03833288,-0.02559123,-7.606872e-05,-0.2381165,-0.2355139,-0.2401046,-0.2434077,1
2.599343,5.610245,-9.843674,-0.06725716,-0.05161902,0.000908385,280.4259,364.1929,-360.2071,367.1365,-372.3179,0.03775458,-0.02602844,-0.0001063832,-0.2379216,-0.2353177,-0.2398446,-0.2432295,1
2.839761,5.82115,-9.518908,-0.0670598,-0.05163729,0.0028507,280.8101,364.1052,-359.3956,367.0117,-371.5337,0.03717782,-0.02646723,-0.0001215623,-0.2378642,-0.2347876,-0.2397631,-0.2427172,1
2.637,5.622378,-9.772963,-0.07084975,-0.055655,0.001346432,281.1948,364.2089,-358.9628,366.7271,-371.1907,0.03657981,-0.02692869,-0.0001237331,-0.237932,-0.2345048,-0.2395771,-0.2424931,1
2.728428,5.694905,-9.660123,-0.07233763,-0.057379,0.00185305,281.58,364.2662,-359.4079,366.5879,-371.6731,0.03595679,-0.02741659,-0.000138785,-0.2379694,-0.2347956,-0.2394862,-0.2428083,1
2.542451,5.510586,-9.920343,-0.07536954,-0.06104027,0.0004568311,281.9658,364.1345,-360.0265,366.0949,-372.3433,0.03529238,-0.0279532,-0.0001704176,-0.2378834,-0.2351997,-0.2391641,-0.2432461,1
3.007499,5.927202,-9.320622,-0.07260329,-0.05880851,0.004056649,282.3521,364.7752,-358.8751,366.8876,-371.1569,0.03466124,-0.02846101,-0.0001809518,-0.2383019,-0.2344475,-0.239682,-0.242471,1
2.758411,5.684215,-9.636808,-0.07741664,-0.06351632,0.002156351,282.7389,364.3974,-359.0274,366.0173,-371.4248,0.03399154,-0.0290082,-0.0001825016,-0.2380552,-0.234547,-0.2391134,-0.2426461,1
2.300924,5.247843,-10.25009,-0.08254778,-0.06934773,-0.001411057,283.1263,364.8289,-359.6545,365.8829,-372.1269,0.03327704,-0.02960342,-0.0002045577,-0.238337,-0.2349567,-0.2390256,-0.2431047,1
2.358068,5.286294,-10.19605,-0.08268867,-0.07034664,-0.0009438227,283.5142,364.8076,-359.8216,365.7155,-372.2863,0.032557,-0.03021129,-0.0002424999,-0.2383231,-0.2350658,-0.2389162,-0.2432089,1
2.705645,5.593027,-9.7385,-0.08138448,-0.06925208,0.00187344,283.9026,364.1731,-359.4156,365.0762,-371.8813,0.03183127,-0.03083044,-0.0002769878,-0.2379086,-0.2348006,-0.2384986,-0.2429443,1
2.627374,5.506127,-9.823565,-0.08354553,-0.07170346,0.001513696,284.2916,364.0795,-358.3124,364.6674,-370.8367,0.03109297,-0.03146571,-0.0002951382,-0.2378475,-0.2340799,-0.2382315,-0.2422618,1
2.808712,5.65879,-9.570573,-0.08401382,-0.07229264,0.002883031,284.6811,363.8382,-357.7,364.2619,-370.2519,0.03035083,-0.03210516,-0.0003106964,-0.2376898,-0.2336798,-0.2379666,-0.2418798,1
2.896921,5.725156,-9.449997,-0.08572137,-0.07405477,0.003544003,285.0711,363.6177,-357.6194,363.7656,-370.2158,0.02958548,-0.03276935,-0.0003194642,-0.2375458,-0.2336272,-0.2376424,-0.2418562,1
2.720422,5.546384,-9.687769,-0.08892581,-0.07771114,0.00216306,285.4617,364.1367,-357.3872,363.8571,-370.0345,0.02879838,-0.0334583,-0.0003233768,-0.2378848,-0.2334755,-0.2377022,-0.2417378,1
3.014312,5.801768,-9.317437,-0.08861411,-0.07756141,0.004198043,285.8528,364.3672,-357.5129,363.9735,-370.1579,0.02800707,-0.03415299,-0.0003301734,-0.2380354,-0.2335576,-0.2377782,-0.2418184,1
2.756826,5.547406,-9.67049,-0.09283732,-0.08202883,0.002199802,286.2444,364.6511,-357.8948,363.7352,-370.6112,0.02718072,-0.03488559,-0.0003311781,-0.2382209,-0.2338071,-0.2376225,-0.2421145,1
2.798661,5.568932,-9.639835,-0.09408987,-0.08363482,0.002332963,286.6366,365.0984,-358.3134,363.9038,-371.0403,0.02633432,-0.03564095,-0.000347627,-0.2385131,-0.2340806,-0.2377327,-0.2423949,1
2.455101,5.233971,-10.1084,-0.09791297,-0.08804682,-0.0001944508,287.0292,365.1804,-358.5665,363.4625,-371.347,0.0254615,-0.03642794,-0.0003681775,-0.2385667,-0.2342459,-0.2374444,-0.2425952,1
3.061929,5.776778,-9.323817,-0.09461145,-0.08471077,0.004352487,287.4224,365.2268,-358.1473,363.6259,-370.8816,0.02460352,-0.03720056,-0.0003863411,-0.238597,-0.233972,-0.2375511,-0.2422912,1
2.577544,5.311397,-9.955002,-0.1005427,-0.09071556,0.0008289928,287.8162,365.1742,-357.9114,362.871,-370.7565,0.02370391,-0.03801651,-0.000390087,-0.2385626,-0.2338179,-0.237058,-0.2422094,1
2.721608,5.42595,-9.774819,-0.1007774,-0.09115839,0.001767565,288.2104,365.483,-357.8167,362.9617,-370.6571,0.02279933,-0.03883677,-0.0004074326,-0.2387644,-0.2337561,-0.2371172,-0.2421445,1
2.733405,5.418135,-9.768012,-0.1025276,-0.09294612,0.001906441,288.6053,365.3828,-357.7482,362.5119,-370.6214,0.02188043,-0.03967237,-0.0004136847,-0.2386989,-0.2337113,-0.2368234,-0.2421212,1
3.039764,5.682158,-9.375442,-0.1023513,-0.09249631,0.004094714,289.0006,365.379,-357.8283,362.327,-370.7048,0.02093974,-0.0405294,-0.0004269321,-0.2386964,-0.2337637,-0.2367026,-0.2421757,1
2.80567,5.446386,-9.692581,-0.1056755,-0.09604649,0.002377055,289.3964,366.1053,-357.153,362.5464,-370.0786,0.01999133,-0.04139443,-0.000419629,-0.2391709,-0.2333225,-0.2368459,-0.2417666,1
2.870205,5.486255,-9.618369,-0.1074175,-0.09751716,0.002627638,289.7928,365.7241,-358.0007,361.801,-370.956,0.01901019,-0.04229044,-0.0004358847,-0.2389219,-0.2338763,-0.236359,-0.2423398,1
2.86186,5.45822,-9.650441,-0.1088184,-0.0990687,0.002622765,290.1898,366.3003,-357.7262,362.0206,-370.6926,0.01801953,-0.04319663,-0.0004385444,-0.2392983,-0.233697,-0.2365024,-0.2421677,1
2.877237,5.451912,-9.640003,-0.1104791,-0.1005413,0.002639931,290.5872,366.4756,-357.59,361.8216,-370.5854,0.01701425,-0.04411579,-0.0004429454,-0.2394128,-0.233608,-0.2363724,-0.2420976,1
3.017516,5.560701,-9.468672,-0.1113605,-0.1010785,0.003609752,290.9851,366.4366,-357.7953,361.4726,-370.8069,0.01599013,-0.04505142,-0.0004504094,-0.2393874,-0.2337421,-0.2361444,-0.2422424,1
2.945887,5.473335,-9.57542,-0.1136065,-0.1031531,0.003057292,291.3836,366.7787,-357.6055,361.3715,-370.6507,0.01494803,-0.04600306,-0.0004508833,-0.2396108,-0.2336181,-0.2360784,-0.2421403,1
3.19663,5.683516,-9.259544,-0.113547,-0.1026388,0.004811127,291.7827,367.0424,-357.4443,361.3985,-370.4911,0.01390133,-0.04695496,-0.000449349,-0.2397831,-0.2335128,-0.236096,-0.2420361,1
2.977893,5.459701,-9.559053,-0.1173941,-0.1060868,0.00308315,292.1822,367.4872,-357.4363,361.258,-370.5476,0.01283113,-0.04792537,-0.0004346221,-0.2400736,-0.2335076,-0.2360042,-0.242073,1
2.832371,5.303005,-9.772882,-0.1204301,-0.1087821,0.001739575,292.5823,367.7234,-358.2267,360.9628,-371.3764,0.01172477,-0.04892823,-0.0004401386,-0.2402279,-0.234024,-0.2358114,-0.2426144,1
3.015783,5.449715,-9.561443,-0.120184,-0.1082826,0.003072695,292.9829,368.1776,-358.1939,361.1618,-371.3282,0.01061683,-0.04992998,-0.0004435447,-0.2405247,-0.2340025,-0.2359414,-0.2425829,1
3.024249,5.434799,-9.561644,-0.1219778,-0.1094265,0.003103466,293.384,368.3538,-357.9753,360.913,-371.1483,0.009495184,-0.05093971,-0.0004370555,-0.2406398,-0.2338597,-0.2357789,-0.2424654,1
2.961283,5.353599,-9.656219,-0.12442,-0.1111814,0.002497022,293.7857,368.3437,-358.3249,360.4093,-371.541,0.008341322,-0.05197573,-0.0004417974,-0.2406332,-0.234088,-0.2354498,-0.242722,1
2.937338,5.307989,-9.703808,-0.1257507,-0.1121164,0.002320176,294.1879,368.7072,-358.0215,360.3586,-371.2539,0.007180456,-0.05301349,-0.0004423874,-0.2408707,-0.2338899,-0.2354167,-0.2425344,1
3.150346,5.481285,-9.431396,-0.1259116,-0.1113763,0.003860266,294.5906,368.5114,-357.9158,359.8616,-371.1636,0.006008011,-0.05405536,-0.0004437164,-0.2407428,-0.2338208,-0.235092,-0.2424754,1
3.305815,5.601246,-9.234308,-0.1266682,-0.111164,0.004997269,294.9939,368.9833,-357.248,359.981,-370.5225,0.004832561,-0.05508991,-0.0004238265,-0.241051,-0.2333846,-0.23517,-0.2420566,1
2.958467,5.256416,-9.698961,-0.1316428,-0.1152337,0.002174423,295.3976,369.2363,-357.5821,359.5014,-370.9453,0.003618513,-0.05615328,-0.0004077719,-0.2412163,-0.2336028,-0.2348567,-0.2423328,1
3.106315,5.368469,-9.533512,-0.1320105,-0.1148091,0.003059213,295.802,369.6961,-357.9934,359.6178,-371.3564,0.002394026,-0.05721822,-0.0004011451,-0.2415167,-0.2338715,-0.2349327,-0.2426013,1
2.980323,5.227382,-9.721407,-0.1346281,-0.1165463,0.002045096,296.2068,370.2215,-357.9215,359.6014,-371.3339,0.001155149,-0.05828803,-0.0003810385,-0.2418599,-0.2338246,-0.234922,-0.2425866,1
3.207157,5.412097,-9.44524,-0.1349325,-0.1155237,0.003485631,296.6122,370.487,-358.2636,359.5338,-371.6957,-0.0001009635,-0.05936332,-0.0003699457,-0.2420334,-0.234048,-0.2348778,-0.242823,1
3.04765,5.239577,-9.677773,-0.1378803,-0.1174006,0.002188495,297.0181,370.6988,-358.6333,359.1599,-372.1232,-0.0013895,-0.06046176,-0.0003625984,-0.2421717,-0.2342896,-0.2346336,-0.2431023,1
3.106252,5.268247,-9.619614,-0.1384653,-0.1169656,0.002556741,297.4245,371.0317,-358.4423,359.1038,-371.9509,-0.002682756,-0.06155416,-0.0003581051,-0.2423892,-0.2341648,-0.2345969,-0.2429897,1
2.85183,5.00777,-9.95894,-0.1417841,-0.1191273,0.0006617449,297.8314,370.9364,-358.3115,358.3773,-371.8956,-0.003997214,-0.06265559,-0.0003500654,-0.242327,-0.2340793,-0.2341223,-0.2429536,1
2.944944,5.068221,-9.842446,-0.1423309,-0.1183455,0.001304857,298.2389,371.0929,-357.9021,358.1445,-371.5173,-0.005316023,-0.06374669,-0.0003401522,-0.2424292,-0.2338119,-0.2339703,-0.2427064,1
3.057909,5.147061,-9.698584,-0.1432554,-0.1176611,0.002087288,298.6469,370.7109,-357.9166,357.3396,-371.5796,-0.006659731,-0.06484941,-0.0003363336,-0.2421797,-0.2338213,-0.2334444,-0.2427472,1
2.687986,4.779474,-10.18504,-0.1469574,-0.1202962,-0.0006145294,299.0554,370.808,-357.4202,356.7418,-371.163,-0.008025636,-0.06596221,-0.0003306965,-0.2422431,-0.2334971,-0.2330538,-0.242475,1
3.226965,5.251655,-9.476381,-0.1438459,-0.1155044,0.003394705,299.4644,370.347,-356.8629,356.1987,-370.5926,-0.009379032,-0.06704706,-0.0003309989,-0.241942,-0.233133,-0.2326991,-0.2421024,1
2.916792,4.93959,-9.869015,-0.1479125,-0.1179251,0.001217258,299.874,370.1028,-356.0756,355.2393,-369.9203,-0.01075934,-0.068142,-0.0003084599,-0.2417824,-0.2326186,-0.2320723,-0.2416631,1
3.203255,5.178494,-9.48893,-0.1470736,-0.1152935,0.003184753,300.2841,370.1979,-355.4864,355.0481,-369.3574,-0.01213938,-0.06921814,-0.0002928725,-0.2418446,-0.2322337,-0.2319474,-0.2412954,1
2.909406,0.4805162,-13.54071,-0.1509003,-0.1174706,0.0009586704,300.6947,370.0149,-355.3354,354.1604,-369.3122,-0.01354584,-0.07030374,-0.0002689,-0.241725,-0.2321351,-0.2313675,-0.2412659,1
3.193878,-0.8818892,-14.50386,-0.1499686,-0.1146765,0.002914006,301.1058,369.4914,-354.3647,353.3368,-368.3825,-0.01495387,-0.07137226,-0.0002493382,-0.241383,-0.2315009,-0.2308294,-0.2406586,1
3.133111,-0.9631581,-14.48444,-0.1518873,-0.114758,0.00238068,301.5175,364.1484,-348.5798,347.3545,-362.7815,-0.0163789,-0.07243958,-0.0002204989,-0.2378925,-0.2277218,-0.2269213,-0.2369995,1
2.945243,-1.160309,-14.40839,-0.1535092,-0.1155629,0.0008037253,301.9296,355.4466,-339.1123,337.9528,-353.5153,-0.01780911,-0.0734987,-0.0001895855,-0.2322077,-0.2215368,-0.2207793,-0.230946,1
3.042994,-1.092919,-13.90311,-0.1515754,-0.1141057,0.001320575,302.3422,345.4883,-330.5013,327.5646,-344.9972,-0.01924957,-0.0745736,-0.0001857936,-0.2257021,-0.2159113,-0.2139928,-0.2253813,1
2.968053,-1.184741,-13.62992,-0.1488049,-0.1132549,0.0008991587,302.7552,336.9931,-320.5101,318.6792,-335.0477,-0.02065026,-0.07562362,-0.0001640436,-0.2201523,-0.2093843,-0.2081881,-0.2188814,1
3.369741,-0.8350571,-12.73508,-0.143354,-0.1091782,0.003798277,303.1687,328.1335,-311.6036,309.6988,-326.1615,-0.02200884,-0.0766466,-0.000143123,-0.2143646,-0.2035658,-0.2023214,-0.2130762,1
3.165074,-1.044946,-12.6637,-0.1427572,-0.110377,0.002233481,303.5825,320.4024,-303.4531,301.4183,-318.0985,-0.02335262,-0.07767107,-0.0001053935,-0.2093139,-0.1982412,-0.1969119,-0.2078088,1
3.315082,-0.9268869,-12.1664,-0.1389748,-0.1086163,0.003093424,303.9966,313.4308,-296.2766,294.1741,-310.9416,-0.02466726,-0.07868663,-7.865256e-05,-0.2047594,-0.1935529,-0.1921794,-0.2031333,1
3.074075,-1.169629,-12.20853,-0.1378779,-0.1099533,0.001200665,304.411,307.2274,-289.4074,287.4592,-304.1316,-0.0259502,-0.07969156,-3.727286e-05,-0.2007069,-0.1890654,-0.1877926,-0.1986844,1
3.450178,-0.8416367,-11.46694,-0.1326133,-0.1066662,0.00369607,304.8257,300.9575,-283.8803,281.0593,-298.6019,-0.02720782,-0.08069433,-1.332936e-05,-0.1966109,-0.1854546,-0.1836117,-0.195072,1
3.37147,-0.9334691,-11.34575,-0.1301902,-0.1068019,0.003043076,305.2406,296.2706,-277.6001,275.9844,-292.3545,-0.02842364,-0.08167724,3.848883e-05,-0.193549,-0.1813519,-0.1802963,-0.1909907,1
3.600693,-0.7401388,-10.8371,-0.1262725,-0.1049569,0.004330787,305.6557,291.1109,-273.1222,270.586,-287.8907,-0.02961697,-0.08266148,7.335362e-05,-0.1901782,-0.1784265,-0.1767696,-0.1880745,1
3.040336,-1.276234,-11.39257,-0.1273365,-0.1090244,-1.480668e-05,306.071,287.0917,-268.7655,265.8594,-283.5982,-0.03079801,-0.08366032,0.0001156628,-0.1875525,-0.1755803,-0.1736818,-0.1852703,1
3.164809,-1.179234,-11.06745,-0.1226616,-0.1071784,0.0006148777,306.4865,282.7524,-265.1507,261.3141,-279.95,-0.03194778,-0.08465894,0.0001273485,-0.1847177,-0.1732188,-0.1707124,-0.182887,1
3.217725,-1.147567,-10.83934,-0.1182827,-0.1056657,0.0010894,306.902,279.0631,-260.5028,257.3975,-275.2816,-0.03304368,-0.08563022,0.0001598576,-0.1823076,-0.1701824,-0.1681537,-0.1798372,1
3.333518,-1.056767,-10.52533,-0.1145061,-0.1041761,0.001779068,307.3178,275.1237,-256.7789,253.1983,-271.557,-0.03411129,-0.08659836,0.0001875558,-0.179734,-0.1677496,-0.1654105,-0.177404,1
3.189289,-1.205887,-10.57416,-0.1120913,-0.1044989,0.0006054722,307.7336,271.9351,-253.2764,249.614,-268.049,-0.03514945,-0.08756353,0.0002175914,-0.1776509,-0.1654615,-0.163069,-0.1751123,1
3.385092,-1.040283,-10.19049,-0.1069564,-0.1019051,0.001918242,308.1496,268.9427,-249.992,246.4734,-264.7107,-0.03613891,-0.08850539,0.0002471086,-0.1756961,-0.1633159,-0.1610172,-0.1729314,1
3.366783,-1.071781,-10.09671,-0.1039279,-0.101204,0.00165022,308.5656,266.2947,-247.0179,243.5041,-261.7165,-0.03709317,-0.08943465,0.0002883407,-0.1739662,-0.1613729,-0.1590774,-0.1709753,1
3.712788,-0.7662203,-9.544929,-0.09830929,-0.09756211,0.003928432,308.9817,264.0642,-244.5719,241.193,-259.1998,-0.03800609,-0.09034409,0.0003275551,-0.172509,-0.159775,-0.1575676,-0.1693312,1
3.210832,-1.243722,-10.11893,-0.09887166,-0.1004823,-4.687405e-05,309.3978,262.524,-242.3757,239.0214,-257.0154,-0.03889563,-0.09125052,0.0003805065,-0.1715028,-0.1583403,-0.1561489,-0.1679042,1
3.439492,-1.045874,-9.756146,-0.09376119,-0.09721763,0.001204531,309.814,260.2423,-241.7209,236.6119,-256.2709,-0.03976392,-0.09216064,0.0003934244,-0.1700122,-0.1579125,-0.1545749,-0.1674178,1
3.366669,-1.12604,-9.795034,-0.08986029,-0.09548241,0.0007047644,310.2302,259.1922,-239.244,235.3212,-253.7192,-0.04057629,-0.09303342,0.0004312802,-0.1693262,-0.1562944,-0.1537317,-0.1657508,1
3.065609,-1.415866,-10.11642,-0.08865527,-0.0957611,-0.001793042,310.6465,257.1228,-238.0629,232.7937,-252.5196,-0.04137329,-0.09390917,0.0004483234,-0.1679743,-0.1555228,-0.1520805,-0.1649671,1
3.198038,-1.304752,-9.886102,-0.0831253,-0.09176391,-0.0008398053,311.0628,255.5923,-236.4171,231.1787,-250.7662,-0.04211905,-0.09474915,0.0004603751,-0.1669745,-0.1544476,-0.1510254,-0.1638216,1
3.299797,-1.220739,-9.686316,-0.0784373,-0.08803353,-6.342421e-05,311.4791,253.837,-234.575,229.2865,-248.8466,-0.0428226,-0.09555866,0.0004767174,-0.1658278,-0.1532442,-0.1497893,-0.1625676,1
3.278324,-1.249653,-9.648058,-0.07470667,-0.08504909,-0.000259982,311.8954,252.3173,-232.8957,227.5528,-247.0981,-0.04348952,-0.0963404,0.0004916189,-0.164835,-0.1521471,-0.1486567,-0.1614254,1
3.849515,-0.7301244,-8.84269,-0.06660075,-0.07709539,0.003930629,312.3117,251.105,-231.0375,226.5385,-245.1025,-0.04408792,-0.09705599,0.0005155094,-0.164043,-0.1509332,-0.1479941,-0.1601216,1
3.337306,-1.2106,-9.459078,-0.06754197,-0.07810325,-2.104795e-05,312.728,250.2648,-229.8518,225.1141,-243.9226,-0.04467029,-0.09775421,0.0005581667,-0.1634941,-0.1501586,-0.1470635,-0.1593508,1
3.376544,-1.181429,-9.38274,-0.06348909,-0.07396036,-0.0001397489,313.1443,249.5401,-229.8179,224.2427,-243.7859,-0.04522273,-0.09842481,0.0005699077,-0.1630207,-0.1501365,-0.1464943,-0.1592615,1
3.687724,-0.9002436,-8.961943,-0.05700187,-0.06701283,0.002103898,313.5605,248.8848,-229.1523,223.6696,-242.99,-0.04572286,-0.09904131,0.0005841901,-0.1625925,-0.1497017,-0.1461198,-0.1587416,1
3.39886,-1.172127,-9.311449,-0.05543429,-0.06462188,-0.000143133,313.9767,248.7374,-227.9988,223.1953,-241.7993,-0.04618244,-0.09960694,0.0006155185,-0.1624963,-0.1489481,-0.14581,-0.1579637,1
3.485333,-1.096378,-9.179583,-0.05136643,-0.05908644,0.0001526918,314.393,247.9723,-228.2482,222.3436,-241.9688,-0.04661275,-0.1001329,0.0006224908,-0.1619964,-0.149111,-0.1452536,-0.1580744,1
3.468202,-1.115634,-9.196265,-0.04741275,-0.05369152,-4.937012e-05,314.8091,247.8378,-227.8484,222.1146,-241.4859,-0.04700194,-0.1006039,0.0006345104,-0.1619086,-0.1488498,-0.145104,-0.157759,1
3.167162,-1.395986,-9.576344,-0.04558819,-0.05011807,-0.002437682,315.2253,247.6118,-227.5177,221.6216,-241.1147,-0.04735801,-0.1010251,0.0006401145,-0.161761,-0.1486338,-0.1447819,-0.1575164,1
3.262279,-1.309238,-9.440627,-0.04060676,-0.0428807,-0.001845922,315.6414,246.6548,-227.8551,220.6869,-241.3649,-0.04768251,-0.1013984,0.0006177319,-0.1611357,-0.1488542,-0.1441713,-0.1576799,1
3.284652,-1.288376,-9.392508,-0.03551034,-0.0354277,-0.001477088,316.0575,246.1543,-226.8992,220.2252,-240.3287,-0.04795572,-0.1016981,0.0006004916,-0.1608087,-0.1482297,-0.1438697,-0.157003,1
3.37378,-1.204053,-9.23761,-0.03038736,-0.02725876,-0.0007027475,316.4736,245.249,-225.9139,219.3916,-239.2835,-0.04817839,-0.1019194,0.0005797971,-0.1602173,-0.147586,-0.1433251,-0.1563202,1
3.34872,-1.223832,-9.231462,-0.02630639,-0.01981348,-0.0007606605,316.8896,244.5929,-224.9368,218.7372,-238.2664,-0.04835115,-0.1020565,0.0005678479,-0.1597888,-0.1469477,-0.1428976,-0.1556557,1
3.551307,-1.032017,-8.935375,-0.02091299,-0.01048168,0.0007248541,317.3056,244.0972,-224.3562,218.3888,-237.6311,-0.04847537,-0.102107,0.0005566565,-0.1594649,-0.1465684,-0.14267,-0.1552407,1
3.233551,-1.319896,-9.332375,-0.01936729,-0.004987948,-0.001683064,317.7216,243.8513,-224.2649,217.9608,-237.5437,-0.04857474,-0.1020945,0.000543028,-0.1593043,-0.1465088,-0.1423904,-0.1551836,1
3.232699,-1.313965,-9.325331,-0.01462094,0.003922712,-0.001748952,318.1375,243.4573,-224.5108,217.6749,-237.7411,-0.04863329,-0.1020035,0.0005057194,-0.1590469,-0.1466694,-0.1422036,-0.1553125,1
3.35147,-1.195915,-9.155948,-0.00876219,0.0144003,-0.0006777268,318.5533,243.1497,-223.9377,217.6001,-237.1265,-0.04863131,-0.101807,0.0004740648,-0.1588459,-0.146295,-0.1421548,-0.154911,1
3.410867,-1.130825,-9.051445,-0.004099432,0.02440812,-0.0001520054,318.9692,242.5248,-223.6575,217.138,-236.8494,-0.04859008,-0.1015216,0.0004371903,-0.1584377,-0.146112,-0.1418529,-0.1547301,1
3.116921,-1.39087,-9.413825,-0.001452903,0.03225078,-0.00220855,319.3849,242.2515,-223.3383,216.854,-236.5607,-0.04851082,-0.101147,0.0003952211,-0.1582591,-0.1459034,-0.1416673,-0.1545414,1
3.627113,-0.9063215,-8.724442,0.007334395,0.04698885,0.001709169,319.8007,241.4327,-223.2082,216.5977,-236.3836,-0.04836943,-0.1006566,0.0003354618,-0.1577242,-0.1458184,-0.1414999,-0.1544257,1
3.644275,-0.8753651,-8.671545,0.01208074,0.05795228,0.002157914,320.2163,241.6599,-221.7818,217.0686,-235.0006,-0.04815869,-0.1000305,0.0003146356,-0.1578726,-0.1448866,-0.1418076,-0.1535223,1
3.39653,-1.08752,-8.969045,0.01378249,0.06646482,0.00013376,320.6319,241.2899,-222.2846,216.8403,-235.6852,-0.0477846,-0.09885484,0.0002770358,-0.157631,-0.1452151,-0.1416584,-0.1539695,1
3.226431,-1.227109,-9.197243,0.01730718,0.07588969,-0.001141507,321.0475,241.6747,-222.9072,217.3801,-236.3481,-0.04751075,-0.09804019,0.0002287173,-0.1578823,-0.1456218,-0.142011,-0.1544025,1
3.055906,-1.365464,-9.422367,0.02109242,0.0859319,-0.002324399,321.463,241.3109,-223.7839,217.2146,-237.2902,-0.04720806,-0.09714025,0.0001551468,-0.1576446,-0.1461945,-0.1419029,-0.155018,1
3.328918,-1.092173,-9.054737,0.02914465,0.1006544,5.242847e-05,321.8785,241.1582,-223.3595,217.6617,-236.8925,-0.04683369,-0.09610486,7.710615e-05,-0.1575449,-0.1459173,-0.142195,-0.1547582,1
3.252796,-1.138968,-9.117575,0.0337828,0.1126014,-0.0001299344,322.2939,240.5002,-222.7814,217.3454,-236.438,-0.046407,-0.09494603,5.278999e-06,-0.1571151,-0.1455396,-0.1419884,-0.1544612,1
3.586174,-0.8055207,-8.644181,0.04142477,0.1280487,0.002612853,322.7093,240.2503,-222.1354,217.7394,-235.881,-0.04590904,-0.09363832,-6.151947e-05,-0.1569518,-0.1451176,-0.1422458,-0.1540974,1
3.328958,-1.015917,-8.950417,0.04410699,0.1386494,0.0008940383,323.1246,240.0827,-222.0652,217.9007,-236.0509,-0.04526962,-0.09188019,-0.0001199515,-0.1568423,-0.1450717,-0.1423512,-0.1542084,1
3.434112,-0.8900607,-8.800597,0.05005123,0.1524423,0.001730092,323.5399,240.16,-222.4897,218.6713,-236.6973,-0.04451019,-0.08977283,-0.0001926287,-0.1568928,-0.145349,-0.1428546,-0.1546307,1
2.996372,-1.263954,-9.365314,0.05196396,0.1612365,-0.00128899,323.9551,240.0018,-223.2976,218.6859,-237.6901,-0.04389459,-0.08812307,-0.0002769472,-0.1567895,-0.1458768,-0.1428641,-0.1552793,1
3.375229,-0.8816596,-8.857079,0.06114406,0.1777447,0.001860047,324.3703,240.2432,-223.0134,219.7769,-237.5036,-0.04319268,-0.08631452,-0.0003642592,-0.1569472,-0.1456912,-0.1435768,-0.1551574,1
3.147747,-1.057137,-9.12377,0.0646206,0.1892391,0.0005400794,324.7854,239.7012,-223.2063,219.6322,-237.9374,-0.04245242,-0.08439036,-0.0004462633,-0.1565931,-0.1458172,-0.1434823,-0.1554408,1
2.969386,-1.185594,-9.331774,0.06955434,0.2020389,-0.0004895224,325.2005,239.7711,-223.3018,220.239,-238.2492,-0.04165801,-0.08233375,-0.000539217,-0.1566387,-0.1458796,-0.1438787,-0.1556445,1
3.384984,-0.7631518,-8.762115,0.07902117,0.219957,0.002995291,325.6156,239.2136,-223.4126,220.657,-238.5395,-0.04078922,-0.08012237,-0.0006408037,-0.1562745,-0.145952,-0.1441518,-0.1558341,1
2.905965,-1.164937,-9.350185,0.08168061,0.230928,-3.703126e-05,326.0306,238.9927,-223.1503,220.8337,-238.5893,-0.03987568,-0.07778279,-0.0007295208,-0.1561302,-0.1457806,-0.1442672,-0.1558667,1
2.800086,-1.220001,-9.451134,0.08795875,0.2455745,-0.0004634137,326.4456,238.6289,-223.2353,221.2053,-238.9354,-0.03889658,-0.07529461,-0.0008380698,-0.1558926,-0.1458361,-0.14451,-0.1560928,1
3.182942,-0.8211333,-8.910397,0.09777156,0.2642716,0.002965105,326.8605,237.763,-223.151,221.4259,-239.0925,-0.03784049,-0.07264406,-0.000947554,-0.1553269,-0.1457811,-0.1446541,-0.1561954,1
3.195215,-0.7621285,-8.841845,0.1045823,0.2800754,0.003672841,327.2755,237.7088,-222.1295,222.2319,-238.3887,-0.03670767,-0.06982599,-0.001031269,-0.1552915,-0.1451138,-0.1451806,-0.1557357,1
3.051681,-0.8448473,-8.980194,0.1099206,0.2945549,0.002928633,327.6903,237.1313,-222.3827,222.6051,-239.1125,-0.03531792,-0.06619155,-0.001125582,-0.1549142,-0.1452792,-0.1454245,-0.1562085,1
2.870877,-0.960008,-9.1834,0.1157128,0.3084964,0.002062608,328.1052,236.6955,-222.9458,222.9899,-240.022,-0.0340497,-0.06300025,-0.001230099,-0.1546295,-0.145647,-0.1456758,-0.1568026,1
2.774903,-0.9945455,-9.268471,0.1228782,0.3234542,0.00198241,328.52,236.3351,-222.7975,223.5608,-240.1995,-0.03273799,-0.05975386,-0.001337445,-0.154394,-0.1455502,-0.1460488,-0.1569186,1
2.84515,-0.8729964,-9.119118,0.1313672,0.3402284,0.003198336,328.9348,235.7218,-222.2063,224.0442,-239.9555,-0.03133993,-0.0563389,-0.001437593,-0.1539934,-0.1451639,-0.1463646,-0.1567592,1
2.99634,-0.6741099,-8.855503,0.1399503,0.3575912,0.004963075,329.3495,235.0692,-221.6933,224.5483,-239.8208,-0.0298599,-0.05275502,-0.001524362,-0.153567,-0.1448288,-0.1466939,-0.1566712,1
2.675428,-0.9091578,-9.215048,0.1450497,0.3712919,0.003118524,329.7642,234.5764,-221.7156,225.0013,-240.3294,-0.02824562,-0.04877398,-0.001608286,-0.1532451,-0.1448434,-0.1469898,-0.1570035,1
2.525891,-0.9837653,-9.361172,0.1524726,0.3869033,0.002557265,330.1789,233.9703,-222.0397,225.5065,-241.072,-0.02661554,-0.04481569,-0.001707661,-0.1528491,-0.1450551,-0.1473199,-0.1574886,1
2.272856,-1.151491,-9.632463,0.1596981,0.401964,0.001481968,330.5935,233.147,-221.8153,225.7711,-241.2738,-0.02493278,-0.04078334,-0.001805556,-0.1523113,-0.1449085,-0.1474928,-0.1576204,1
2.677167,-0.7091774,-9.0261,0.171822,0.4225919,0.005315711,331.0081,231.9337,-221.1453,226.1281,-240.9906,-0.02315219,-0.03657125,-0.001903065,-0.1515187,-0.1444708,-0.147726,-0.1574354,1
2.669734,-0.6445197,-8.944413,0.1805108,0.4398707,0.006178291,331.4227,231.3107,-219.6076,226.8197,-239.9214,-0.02127023,-0.03217139,-0.00196207,-0.1511117,-0.1434663,-0.1481778,-0.1567369,1
2.58301,-0.6505957,-8.968445,0.187936,0.4561654,0.006072771,331.8373,230.5831,-219.2522,227.3459,-240.0638,-0.01930801,-0.0276021,-0.002011123,-0.1506364,-0.1432341,-0.1485215,-0.1568299,1
2.505488,-0.6459892,-9.005546,0.1958071,0.4727277,0.006000794,332.2518,230.1451,-219.6108,228.229,-240.91,-0.01727185,-0.02287232,-0.002055112,-0.1503502,-0.1434684,-0.1490985,-0.1573827,1
2.408772,-0.6568059,-9.077166,0.2041828,0.4896889,0.005818097,332.6663,229.9136,-219.904,229.3917,-241.6954,-0.01515687,-0.01797931,-0.002096564,-0.150199,-0.1436599,-0.1498581,-0.1578958,1
2.243177,-0.7287562,-9.234219,0.2125137,0.5066299,0.005198335,333.0808,229.2273,-220.3141,230.197,-242.6613,-0.01288316,-0.01267531,-0.002143168,-0.1497506,-0.1439277,-0.1503841,-0.1585269,1
2.290798,-0.6010594,-9.099951,0.2228974,0.5254451,0.006334823,333.4952,228.9128,-219.6597,231.5179,-242.501,-0.01057824,-0.00742307,-0.002166408,-0.1495452,-0.1435003,-0.151247,-0.1584221,1
2.102123,-0.6888896,-9.260252,0.23046,0.5419001,0.005577064,333.9096,227.9882,-219.675,232.0841,-243.1121,-0.008144107,-0.001837872,-0.002177184,-0.1489411,-0.1435103,-0.1516169,-0.1588213,1
2.427825,-0.2990527,-8.75911,0.2423742,0.562706,0.008603181,334.324,227.9661,-219.1212,234.0071,-243.098,-0.00556136,0.004050274,-0.002161564,-0.1489267,-0.1431485,-0.1528732,-0.1588122,1
1.915842,-0.6804933,-9.35175,0.2469765,0.5758687,0.005280585,334.7383,227.5402,-219.598,234.8441,-244.1894,-0.003002179,0.009816867,-0.002128384,-0.1486484,-0.14346,-0.15342,-0.1595251,1
1.861174,-0.6373418,-9.362101,0.2562891,0.5936417,0.005270856,335.1527,227.3197,-220.4489,236.3286,-245.5675,-0.0003617411,0.01574898,-0.002103843,-0.1485044,-0.1440158,-0.1543898,-0.1604254,1
1.919632,-0.4871926,-9.219528,0.2667884,0.612933,0.00636323,335.567,227.0197,-220.4903,237.8887,-246.1449,0.002382312,0.02186892,-0.002056703,-0.1483085,-0.1440428,-0.155409,-0.1608026,1
2.077426,-0.2426404,-8.930185,0.277312,0.6329874,0.008098275,335.9812,226.756,-220.2567,239.6019,-246.5012,0.005276617,0.02834513,-0.001980467,-0.1481362,-0.1438903,-0.1565282,-0.1610354,1
1.955586,-0.2539005,-9.007937,0.2851213,0.6504108,0.007612609,336.3955,226.5296,-220.6093,241.1166,-247.4517,0.008205864,0.03483371,-0.00188187,-0.1479883,-0.1441206,-0.1575177,-0.1616563,1
1.754301,-0.3362924,-9.200526,0.2927729,0.667681,0.006466091,336.8097,226.5744,-221.2627,242.929,-248.6909,0.01121651,0.04149742,-0.001768348,-0.1480175,-0.1445475,-0.1587017,-0.1624659,1
1.717176,-0.2646743,-9.181232,0.3017823,0.6867834,0.006559865,337.2239,226.4937,-221.9771,244.7901,-249.9724,0.01431517,0.04834591,-0.001639232,-0.1479648,-0.1450142,-0.1599175,-0.1633031,1
1.270978,-0.5686812,-9.690962,0.3076944,0.7031047,0.003666631,337.6381,226.3164,-222.7087,246.3481,-251.334,0.01749202,0.05544144,-0.001494275,-0.147849,-0.1454921,-0.1609354,-0.1641926,1
1.798904,0.02963766,-8.9224,0.3210257,0.7278099,0.008010565,338.0522,226.1765,-222.8424,248.6539,-251.9647,0.02077915,0.0627072,-0.001327716,-0.1477576,-0.1455795,-0.1624417,-0.1646046,1
1.447156,-0.1822898,-9.28965,0.3262327,0.7450995,0.005873105,338.4664,226.3777,-222.6435,250.6592,-252.3841,0.02415124,0.07014719,-0.001099996,-0.147889,-0.1454495,-0.1637517,-0.1648786,1
0.9798802,-0.4987934,-9.817993,0.3300651,0.7618138,0.002412102,338.8805,226.0408,-224.3966,252.062,-254.726,0.02755474,0.07774439,-0.0008829097,-0.1476689,-0.1465948,-0.1646682,-0.1664085,1
1.204826,-0.1736726,-9.458595,0.3403676,0.7858033,0.004451004,339.2946,226.4974,-224.8289,254.8869,-255.5924,0.03106267,0.08557438,-0.0006341221,-0.1479672,-0.1468772,-0.1665136,-0.1669746,1
1.322714,0.05479813,-9.213638,0.3474982,0.8090656,0.005648204,339.7087,226.425,-225.177,257.0289,-256.4039,0.03464865,0.09362731,-0.0003375231,-0.14792,-0.1471047,-0.167913,-0.1675047,1
1.241992,0.1019032,-9.231426,0.3517634,0.8315294,0.005135777,340.1227,226.6969,-226.1798,259.3584,-257.7962,0.03824187,0.1019129,-1.078747e-05,-0.1480976,-0.1477597,-0.1694348,-0.1684143,1
1.161588,0.1513241,-9.261994,0.3553552,0.8559113,0.00460028,340.5368,227.2962,-227.4234,262.0517,-259.1591,0.04191672,0.1104139,0.0003472255,-0.1484891,-0.1485721,-0.1711943,-0.1693046,1
0.8442234,-0.01625809,-9.601681,0.3549197,0.8811378,0.002319498,340.9508,227.8062,-229.6694,264.3295,-260.2039,0.04560545,0.1191622,0.0007367053,-0.1488222,-0.1500395,-0.1726824,-0.1699871,1
0.8634799,0.1289984,-9.502085,0.3512145,0.9162786,0.002594506,341.3648,228.649,-228.8965,267.6886,-263.1214,0.04929395,0.1282419,0.001175518,-0.1493728,-0.1495345,-0.1748768,-0.1718931,1
0.6304079,0.04290424,-9.727042,0.3521335,0.9425334,0.0007852375,341.7787,228.9966,-229.9665,270.3555,-265.9238,0.0529622,0.1376072,0.001650254,-0.1495999,-0.1502335,-0.176619,-0.1737239,1
-1.615862,0.2240725,-9.58304,0.3620098,0.9655817,0.001005026,342.1927,230.0768,-230.6939,274.1696,-267.8926,0.05673364,0.1472122,0.002170127,-0.1503056,-0.1507087,-0.1791107,-0.1750101,0.2332056
-2.649441,0.0489044,-9.942371,0.3688636,0.982272,-0.001777484,342.6067,230.7635,-232.1239,277.2838,-270.6041,0.06059207,0.156996,0.00272835,-0.1507542,-0.1516429,-0.1811452,-0.1767814,0
-2.48674,0.3346923,-9.66783,0.3799742,1.000638,-0.0009765157,343.0206,232.3317,-233.7595,281.6907,-273.4982,0.06456568,0.1669598,0.00332638,-0.1517787,-0.1527115,-0.1840242,-0.1786721,0
-2.559995,0.404653,-9.720377,0.3889599,1.014156,-0.001986679,343.4345,233.9252,-236.0278,285.9461,-277.0815,0.06863289,0.1770521,0.00396341,-0.1528197,-0.1541933,-0.1868042,-0.181013,0
-2.614869,0.4929346,-9.756971,0.3989329,1.025396,-0.002965211,343.8483,236.2573,-237.9376,290.9801,-280.24,0.07282103,0.1872682,0.004647285,-0.1543432,-0.1554409,-0.1900928,-0.1830764,0
-3.194551,0.09734969,-10.48114,0.4048815,1.02973,-0.007995151,344.2622,237.8535,-240.9538,294.8857,-284.5353,0.07708611,0.1975403,0.005351452,-0.155386,-0.1574114,-0.1926443,-0.1858825,0
-2.712078,0.683677,-9.82319,0.420043,1.040903,-0.005100419,344.6761,240.08,-242.9626,300.2137,-287.6443,0.08150044,0.2079102,0.006095369,-0.1568406,-0.1587237,-0.1961249,-0.1879135,0
-3.470551,0.1237231,-10.77358,0.4248221,1.039254,-0.01143383,345.0899,241.885,-245.245,304.1972,-291.187,0.0860046,0.2182902,0.006885567,-0.1580197,-0.1602147,-0.1987273,-0.1902279,0
-3.283786,0.4369806,-10.49376,0.437885,1.043455,-0.01104723,345.5038,243.7307,-247.6882,308.926,-294.7069,0.09063294,0.2287026,0.007687432,-0.1592255,-0.1618109,-0.2018165,-0.1925274,0
-3.317099,0.5467626,-10.49784,0.4487947,1.043325,-0.01205114,345.9176,245.1583,-249.8604,313.0419,-297.9795,0.09538084,0.2391062,0.008531426,-0.1601581,-0.1632299,-0.2045054,-0.1946653,0
-3.284279,0.71678,-10.40625,0.4603131,1.041423,-0.01275579,346.3314,247.1974,-251.3048,317.8129,-300.4758,0.1002658,0.249496,0.009419959,-0.1614902,-0.1641735,-0.2076222,-0.1962962,0
-3.714974,0.457821,-10.92097,0.4678725,1.033006,-0.01708328,346.7452,248.8256,-253.4013,321.8098,-303.6422,0.1052604,0.2598241,0.01034052,-0.1625539,-0.1655431,-0.2102333,-0.1983647,0
-3.648279,0.6574587,-10.79382,0.4794123,1.026206,-0.0178527,347.159,250.2778,-255.8061,325.9614,-306.9976,0.1103684,0.2700754,0.01127545,-0.1635026,-0.1671142,-0.2129455,-0.2005568,0
-3.64456,0.7975187,-10.74902,0.4904369,1.016518,-0.01899372,347.5728,252.18,-257.3091,330.5055,-309.4185,0.1156115,0.2802354,0.01225319,-0.1647453,-0.1680961,-0.2159141,-0.2021383,0
-3.869144,0.7247826,-10.99641,0.4990868,1.002189,-0.0220848,347.9866,253.7014,-259.2273,334.4489,-312.2431,0.1209626,0.2902635,0.0132512,-0.1657392,-0.1693491,-0.2184902,-0.2039836,0
-3.806438,0.9156681,-10.87502,0.509924,0.9876446,-0.02311246,348.4003,255.4464,-260.9552,338.7913,-314.7764,0.1264437,0.3001556,0.0142772,-0.1668792,-0.170478,-0.2213271,-0.2056385,0
-3.95454,0.9097218,-11.03092,0.5182635,0.9684195,-0.02584039,348.8141,256.7091,-263.2073,342.4164,-317.8189,0.1320125,0.3098528,0.01531022,-0.1677041,-0.1719493,-0.2236953,-0.2076261,0
-4.296655,0.7219195,-11.44511,0.525962,0.9456934,-0.03002517,349.2278,258.4103,-264.9253,346.3778,-320.2544,0.1376805,0.3193424,0.01634702,-0.1688154,-0.1730715,-0.2262832,-0.2092172,0
-4.136062,0.995535,-11.19639,0.5370411,0.9244944,-0.03049369,349.6415,259.2245,-266.7973,349.7345,-322.7378,0.1434518,0.3286135,0.01737472,-0.1693473,-0.1742945,-0.2284761,-0.2108396,0
-4.129266,1.123758,-11.1407,0.5462477,0.8992497,-0.03195335,350.0551,260.4733,-267.7048,353.3432,-324.2233,0.1493394,0.3376429,0.01842513,-0.1701632,-0.1748874,-0.2308336,-0.21181,0
-4.144174,1.22857,-11.10961,0.5543125,0.8706824,-0.03387388,350.4687,261.0851,-269.2452,356.1854,-326.2796,0.155296,0.3463823,0.01945277,-0.1705628,-0.1758937,-0.2326904,-0.2131534,0
-4.348523,1.154856,-11.33173,0.5613856,0.8383334,-0.03707378,350.8823,262.3507,-269.9556,359.5477,-327.4218,0.1613557,0.3548295,0.02048351,-0.1713896,-0.1763578,-0.2348869,-0.2138996,0
-4.33949,1.274487,-11.27157,0.5687392,0.8045667,-0.03889234,351.2958,262.4733,-271.5923,361.7725,-329.4141,0.1674707,0.3629379,0.02147426,-0.1714697,-0.177427,-0.2363403,-0.2152011,0
-4.585683,1.15437,-11.54959,0.5744271,0.7665508,-0.04241529,351.7092,263.2013,-272.3966,364.4012,-330.4991,0.1736491,0.3706849,0.02243773,-0.1719453,-0.1779525,-0.2380576,-0.2159099,0
-4.537392,1.301749,-11.43657,0.5818681,0.7284678,-0.0438119,352.1226,263.3892,-273.1106,366.6117,-331.3843,0.1798909,0.3780627,0.02335508,-0.1720681,-0.1784189,-0.2395017,-0.2164882,0
-4.723206,1.228276,-11.62481,0.586615,0.6857433,-0.04678518,352.5359,263.0779,-273.9427,368.0439,-332.3425,0.1861662,0.3850257,0.02421818,-0.1718647,-0.1789625,-0.2404374,-0.2171142,0
-4.383664,1.635381,-11.12442,0.5951056,0.6449044,-0.04579409,352.9491,262.8658,-274.1077,369.8594,-332.474,0.1924931,0.3915761,0.02502221,-0.1717262,-0.1790703,-0.2416234,-0.2172001,0
-4.586491,1.53635,-11.32658,0.5984411,0.596963,-0.04866469,353.3622,262.9512,-273.5912,371.4825,-331.9123,0.1988743,0.3976862,0.02579158,-0.1717819,-0.1787329,-0.2426837,-0.2168331,0
-4.724934,1.492077,-11.44718,0.6010165,0.546582,-0.05133115,353.7752,262.0598,-274.3666,372.0154,-332.5412,0.2052418,0.4033087,0.02646072,-0.1711996,-0.1792395,-0.2430319,-0.217244,0
-4.589817,1.695976,-11.22331,0.6059016,0.496606,-0.05164949,354.188,261.5993,-274.4716,373.1197,-332.3454,0.2116197,0.4084408,0.02704166,-0.1708987,-0.179308,-0.2437533,-0.217116,0
-4.775348,1.598041,-11.41326,0.6075736,0.4420445,-0.05418613,354.6008,261.045,-274.1976,373.8041,-331.731,0.2179965,0.4130594,0.02753215,-0.1705366,-0.179129,-0.2442004,-0.2167147,0
-4.684684,1.749936,-11.24255,0.6104569,0.3875705,-0.05462016,355.0134,259.6346,-274.6205,373.6872,-331.6891,0.2243352,0.4171404,0.02789075,-0.1696153,-0.1794053,-0.244124,-0.2166873,0
-4.578077,1.911159,-11.05454,0.6132699,0.3316526,-0.05449197,355.4259,258.9305,-273.9096,374.2125,-330.4045,0.2306714,0.4206862,0.02815188,-0.1691552,-0.1789409,-0.2444672,-0.2158481,0
-4.7621,1.79819,-11.24332,0.612524,0.2712529,-0.05649947,355.8382,257.6901,-273.6861,373.8402,-329.5618,0.2369573,0.4236604,0.02828193,-0.1683449,-0.1787948,-0.244224,-0.2152976,0
-4.588726,2.010285,-10.97552,0.6141272,0.2122222,-0.05563395,356.2503,256.4396,-273.5406,373.6024,-328.6368,0.2431957,0.4260631,0.02827067,-0.167528,-0.1786998,-0.2440686,-0.2146933,0
-4.775325,1.884416,-11.18417,0.6122478,0.1489043,-0.05709717,356.6623,255.1587,-273.3884,372.9661,-327.6539,0.2493615,0.4278633,0.02811167,-0.1666912,-0.1786004,-0.243653,-0.2140512,0
-4.843697,1.862132,-11.24449,0.6111625,0.08573127,-0.05745354,357.074,253.9044,-273.187,372.3589,-326.4923,0.2554548,0.429066,0.02779025,-0.1658718,-0.1784688,-0.2432563,-0.2132923,0
-4.633358,2.0919,-10.94654,0.611261,0.02373425,-0.05533691,357.4857,252.0543,-273.3752,371.2047,-325.6037,0.2614579,0.4296582,0.02729245,-0.1646632,-0.1785917,-0.2425022,-0.2127119,0
-4.648438,2.107629,-10.94784,0.609357,-0.04062843,-0.05439188,357.897,251.1163,-272.5734,370.7216,-323.6449,0.2673986,0.4296447,0.02665082,-0.1640504,-0.1780679,-0.2421867,-0.2114322,0
-4.715579,2.069821,-11.02382,0.6058379,-0.1064126,-0.05373821,358.3081,249.3077,-272.9753,369.1663,-322.8075,0.2732174,0.429,0.02581351,-0.1628689,-0.1783305,-0.2411706,-0.2108851,0
-4.678495,2.123241,-10.98075,0.6033641,-0.1712838,-0.05174839,358.7191,248.303,-272.8012,368.4311,-321.2518,0.2789531,0.4277426,0.02481027,-0.1622125,-0.1782168,-0.2406903,-0.2098688,0
-4.636742,2.17565,-10.94028,0.5997591,-0.2365013,-0.04945195,359.1298,246.5715,-273.5472,366.8131,-320.5399,0.2845542,0.4258488,0.02360266,-0.1610813,-0.1787042,-0.2396333,-0.2094037,0
-4.733454,2.094785,-11.09517,0.5956378,-0.3020729,-0.04759369,359.5403,245.7277,-273.6232,365.9545,-319.044,0.2900555,0.4233384,0.02221812,-0.1605301,-0.1787538,-0.2390724,-0.2084265,0
-4.463748,2.346982,-10.77941,0.5932739,-0.3645632,-0.04269336,359.9506,244.8257,-273.8474,365.1528,-317.5768,0.2954761,0.4202344,0.02066838,-0.1599408,-0.1789003,-0.2385487,-0.207468,0
-4.412121,2.393179,-10.76635,0.5877099,-0.42901,-0.03911711,360.3606,243.9159,-274.9741,364.0114,-316.9585,0.3007689,0.4165075,0.01893762,-0.1593465,-0.1796363,-0.237803,-0.2070641,0
-4.609975,2.204549,-11.10683,0.5808377,-0.4941569,-0.03711901,360.7704,243.5081,-276.5591,363.1663,-316.6882,0.3059152,0.4121602,0.01700154,-0.1590801,-0.1806717,-0.2372508,-0.2068875,0
-4.639318,2.166609,-11.24605,0.5759181,-0.5560489,-0.03333485,361.18,243.1667,-278.2416,362.4869,-316.3829,0.3109492,0.4072287,0.01487544,-0.158857,-0.1817709,-0.2368071,-0.2066881,0
-4.568293,2.216114,-11.26329,0.5710015,-0.6159152,-0.0282745,361.5893,242.601,-280.2753,361.5323,-316.349,0.3158653,0.4017171,0.01256673,-0.1584874,-0.1830995,-0.2361834,-0.2066659,0
-3.909029,2.804069,-10.5257,0.5700599,-0.669754,-0.01842684,361.9985,243.2518,-281.3122,362.1029,-315.1593,0.3207317,0.3956765,0.0101302,-0.1589126,-0.1837769,-0.2365562,-0.2058887,0
-4.13559,2.569312,-10.96255,0.5604528,-0.7303168,-0.01508431,362.4074,243.7531,-283.7933,361.7193,-315.4569,0.3254735,0.3890652,0.007538013,-0.1592401,-0.1853977,-0.2363056,-0.2060831,0
-4.1431,2.533527,-11.1518,0.5533559,-0.7869869,-0.01005062,362.8161,244.4096,-287.6253,361.6238,-316.9271,0.3300712,0.3819054,0.004748293,-0.159669,-0.1879011,-0.2362432,-0.2070435,0
-4.161861,2.482999,-11.38131,0.5472108,-0.8409714,-0.004442936,363.2246,245.7029,-290.9921,362.1743,-317.8204,0.3345749,0.374231,0.001805845,-0.1605139,-0.1901006,-0.2366028,-0.2076271,0
-3.92262,2.665365,-11.27962,0.5423799,-0.8909193,0.003368667,363.6329,246.7684,-294.6719,362.5719,-318.9369,0.3389875,0.3660656,-0.001286931,-0.16121,-0.1925046,-0.2368626,-0.2083565,0
-3.630846,2.891514,-11.12294,0.5374209,-0.9387199,0.01195026,364.0411,248.4344,-298.1638,363.5092,-319.7766,0.3433309,0.3574313,-0.004498927,-0.1622983,-0.1947858,-0.2374749,-0.2089051,0
-3.793604,2.693173,-11.57609,0.5283606,-0.9886152,0.01728552,364.4491,250.104,-302.5215,364.0295,-321.4485,0.3475677,0.3483209,-0.007849812,-0.1633891,-0.1976326,-0.2378148,-0.2099973,0
-3.289653,3.106499,-11.18103,0.5246843,-1.030998,0.02781723,364.8569,252.1726,-306.938,365.3651,-322.9881,0.3517417,0.3387859,-0.01132032,-0.1647405,-0.2005178,-0.2386873,-0.2110031,0
-3.544095,2.814394,-11.78837,0.5144829,-1.077919,0.03305943,365.2646,254.8396,-311.2605,366.6774,-324.4523,0.3558472,0.3288163,-0.01487945,-0.1664827,-0.2033416,-0.2395446,-0.2119596,0
-3.282869,2.994285,-11.74157,0.5076454,-1.119058,0.04199091,365.6722,256.9198,-317.0901,367.6513,-327.2734,0.3598487,0.3184327,-0.01858075,-0.1678417,-0.20715,-0.2401809,-0.2138026,0
-3.587999,2.646389,-12.4545,0.4973975,-1.162371,0.04731816,366.0797,259.9909,-322.1095,369.2359,-329.2331,0.3637815,0.3076475,-0.02237217,-0.169848,-0.2104291,-0.241216,-0.2150829,0
-3.155273,2.974489,-12.20406,0.4920157,-1.198129,0.05815338,366.4872,262.562,-327.473,370.7218,-331.391,0.3676617,0.2965055,-0.02625979,-0.1715277,-0.213933,-0.2421868,-0.2164925,0
-2.931029,3.105204,-12.2337,0.4837672,-1.234611,0.06780981,366.8945,265.2285,-332.9236,372.0133,-333.6059,0.3714728,0.2849921,-0.03022484,-0.1732696,-0.2174938,-0.2430305,-0.2179396,0
-2.725255,3.213639,-12.29633,0.475139,-1.269756,0.07739028,367.3018,268.371,-338.2607,373.6971,-335.6187,0.3752163,0.2731282,-0.03427082,-0.1753226,-0.2209804,-0.2441305,-0.2192545,0
-2.798069,3.059548,-12.73089,0.4640103,-1.305808,0.08511958,367.7092,271.5778,-343.7124,375.1804,-337.6988,0.3788992,0.2609267,-0.0383818,-0.1774176,-0.2245419,-0.2450995,-0.2206134,0
-2.438242,3.300113,-12.60804,0.4550403,-1.337505,0.09613832,368.1165,274.1965,-349.9808,376.237,-340.4879,0.3824987,0.2483939,-0.04257985,-0.1791283,-0.228637,-0.2457898,-0.2224355,0
-2.437196,3.203875,-12.96139,0.4433758,-1.370669,0.1048726,368.5239,277.5213,-355.4096,377.7063,-342.394,0.3860235,0.2355326,-0.04683886,-0.1813003,-0.2321836,-0.2467496,-0.2236807,0
-2.025633,3.480821,-12.77279,0.4340884,-1.399463,0.1167435,368.9313,280.5119,-360.7396,379.028,-344.1,0.3894935,0.2223787,-0.05115379,-0.183254,-0.2356656,-0.2476131,-0.2247952,0
-2.054347,3.345491,-13.15748,0.4199327,-1.431397,0.1255925,369.3387,283.6859,-365.9406,380.0859,-345.6911,0.3928956,0.2089188,-0.05550005,-0.1853275,-0.2390633,-0.2483042,-0.2258346,0
-2.00878,3.273555,-13.45447,0.4051636,-1.462203,0.1348781,369.7462,286.4567,-372.1658,380.6584,-348.2419,0.3961801,0.1951462,-0.05992904,-0.1871377,-0.2431301,-0.2486782,-0.227501,0
-1.84984,3.300801,-13.61283,0.3917091,-1.490661,0.1454214,370.1539,289.8104,-377.3258,381.8817,-349.6275,0.3993908,0.1810912,-0.06439886,-0.1893286,-0.2465011,-0.2494774,-0.2284062,0
-1.442227,3.551367,-13.43113,0.378309,-1.516822,0.1579287,370.5616,292.231,-382.7468,382.1766,-351.2419,0.4025095,0.1667553,-0.06891757,-0.19091,-0.2500425,-0.24967,-0.2294609,0
-1.407721,3.451264,-13.73397,0.3610493,-1.545415,0.167903,370.9695,295.4112,-387.3461,382.8711,-352.0375,0.4055368,0.1521371,-0.07345627,-0.1929876,-0.2530472,-0.2501237,-0.2299806,0
-1.257264,3.452431,-13.8857,0.3431078,-1.572795,0.1786413,371.3775,297.7885,-392.9266,382.6941,-353.7783,0.4084321,0.1372347,-0.07805915,-0.1945406,-0.2566928,-0.2500081,-0.2311179,0
-1.086358,3.466581,-14.01527,0.3250629,-1.599037,0.189914,371.7857,300.3466,-397.8861,382.6566,-354.8434,0.4112063,0.1220567,-0.08270347,-0.1962118,-0.2599328,-0.2499836,-0.2318137,0
-0.9077274,3.481089,-14.11874,0.305947,-1.624562,0.2014393,372.194,302.7415,-402.155,382.3553,-355.2072,0.4138634,0.1066151,-0.0873748,-0.1977763,-0.2627217,-0.2497868,-0.2320513,0
-0.8334174,3.392806,-14.34672,0.2842723,-1.650652,0.212299,372.6025,304.8904,-406.3532,381.5881,-355.5169,0.4163853,0.09090815,-0.09207106,-0.1991802,-0.2654642,-0.2492856,-0.2322537,0
-0.4251069,3.607052,-14.13688,0.2634337,-1.673759,0.2257071,373.0112,307.007,-410.4467,380.8727,-355.6846,0.4187655,0.07494617,-0.09678876,-0.2005628,-0.2681385,-0.2488182,-0.2323632,0
-0.2692428,3.581961,-14.2555,0.2390361,-1.698548,0.2373478,373.4201,309.232,-414.3742,379.9568,-355.7223,0.420981,0.05871909,-0.1015239,-0.2020164,-0.2707042,-0.2482199,-0.2323878,0
0.01026617,3.664833,-14.21303,0.2142557,-1.721694,0.2499236,373.8292,311.435,-418.379,378.9929,-355.8246,0.4230244,0.04224061,-0.1062796,-0.2034556,-0.2733205,-0.2475902,-0.2324547,0
0.04544989,3.515719,-14.4898,0.1861921,-1.746165,0.2608255,374.2385,313.653,-422.319,377.761,-355.9046,0.4248776,0.02550584,-0.1110477,-0.2049046,-0.2758944,-0.2467854,-0.2325069,0
0.3014639,3.564233,-14.47757,0.1583572,-1.768097,0.2733994,374.6479,315.7471,-426.3354,376.4392,-356.0562,0.4265279,0.008526202,-0.1158344,-0.2062727,-0.2785183,-0.2459219,-0.2326059,0
0.304526,3.37258,-14.79292,0.1273437,-1.791129,0.2842893,375.0576,317.5363,-430.3251,374.5344,-356.2364,0.4279467,-0.008707962,-0.1206456,-0.2074416,-0.2811247,-0.2446775,-0.2327237,0
1.032098,3.843507,-14.14946,0.1007339,-1.807094,0.3007767,375.4675,319.7946,-432.8526,373.5133,-354.9049,0.4291815,-0.0261422,-0.1254247,-0.2089169,-0.2827758,-0.2440104,-0.2318538,0
0.9569099,3.566517,-14.53722,0.06451006,-1.829575,0.3112102,375.8777,321.8076,-435.824,371.4535,-354.2194,0.4301645,-0.04381783,-0.130175,-0.2102319,-0.2847171,-0.2426648,-0.231406,0
1.380237,3.744231,-14.29588,0.03041254,-1.847023,0.3250793,376.288,324.1096,-439.8165,369.9001,-354.5323,0.4308734,-0.06171222,-0.1349304,-0.2117357,-0.2873253,-0.24165,-0.2316104,0
1.350419,3.497082,-14.66058,-0.007799943,-1.86658,0.3358707,376.6985,326.955,-443.1718,368.5285,-354.2923,0.4313016,-0.07982498,-0.1396547,-0.2135946,-0.2895173,-0.2407539,-0.2314536,0
1.742598,3.633258,-14.46605,-0.04459194,-1.881462,0.3497034,377.1092,329.345,-446.9224,366.8645,-354.4782,0.4314372,-0.09813134,-0.1443578,-0.215156,-0.2919675,-0.2396668,-0.2315751,0
2.047995,3.683066,-14.38503,-0.08377439,-1.895694,0.3630796,377.5201,332.5141,-449.7386,365.8037,-353.8251,0.4312765,-0.1166199,-0.1489867,-0.2172263,-0.2938072,-0.2389739,-0.2311485,0
2.068717,3.463815,-14.67611,-0.1277204,-1.911176,0.3740368,377.9312,334.907,-454.1676,363.5887,-354.9299,0.4307461,-0.135313,-0.1536041,-0.2187895,-0.2967006,-0.2375268,-0.2318702,0
2.335768,3.465765,-14.65981,-0.169391,-1.921928,0.3871829,378.3425,338.6727,-456.8997,362.9475,-354.3423,0.4298901,-0.154151,-0.1581342,-0.2212496,-0.2984854,-0.237108,-0.2314863,0
2.743137,3.591503,-14.4374,-0.2133009,-1.930584,0.4011963,378.754,341.2956,-460.3767,361.0361,-354.653,0.4286619,-0.1731384,-0.1625866,-0.2229631,-0.3007569,-0.2358592,-0.2316893,0
2.710933,3.305342,-14.79872,-0.2619891,-1.940698,0.41194,379.1657,344.9821,-463.5601,359.795,-354.8232,0.4270264,-0.1922742,-0.1669441,-0.2253714,-0.3028366,-0.2350485,-0.2318004,0
2.861094,3.181884,-14.92669,-0.3103781,-1.94694,0.4239048,379.5775,348.5742,-466.967,358.5167,-355.3035,0.4249744,-0.211523,-0.1712072,-0.2277181,-0.3050622,-0.2342134,-0.2321142,0
3.059929,3.09792,-14.98689,-0.359879,-1.950494,0.4363403,379.9895,351.7983,-470.4016,356.8051,-355.9423,0.422478,-0.2308747,-0.1753574,-0.2298244,-0.3073061,-0.2330952,-0.2325315,0
3.051324,2.817017,-15.30599,-0.4119836,-1.952914,0.4472787,380.4017,355.5291,-472.895,355.3984,-355.801,0.4195181,-0.2503068,-0.1793632,-0.2322617,-0.3089349,-0.2321762,-0.2324393,0
3.730949,3.167271,-14.71065,-0.460817,-1.947247,0.4631649,380.814,358.98,-475.0784,354.063,-355.4505,0.4160903,-0.2697697,-0.1831968,-0.234516,-0.3103613,-0.2313038,-0.2322103,0
3.703963,2.860442,-15.02886,-0.5173137,-1.944847,0.473654,381.2264,362.8849,-477.0377,352.5585,-355.1539,0.4121351,-0.2892734,-0.1868267,-0.2370671,-0.3116413,-0.230321,-0.2320165,0
4.275742,3.102567,-14.57456,-0.5707171,-1.93457,0.4880923,381.6389,366.8095,-479.309,351.3195,-356.2945,0.4076337,-0.308772,-0.1902722,-0.2396309,-0.3131251,-0.2295115,-0.2327616,0
4.456882,2.979487,-14.63541,-0.6247782,-1.925991,0.4997143,382.0516,371.8663,-479.197,350.8117,-357.3682,0.402584,-0.3282439,-0.193454,-0.2429345,-0.3130519,-0.2291798,-0.2334631,0
4.540508,2.762416,-14.81679,-0.6656057,-1.926862,0.5100721,382.4644,376.374,-481.7968,350.0646,-359.1279,0.3970805,-0.3477618,-0.1964449,-0.2458792,-0.3147504,-0.2286918,-0.2346127,0
4.426908,2.360271,-15.29571,-0.7015278,-1.93182,0.5189084,382.8772,381.9698,-485.3585,350.427,-361.0481,0.3912082,-0.3673731,-0.1992568,-0.2495349,-0.3170771,-0.2289285,-0.2358671,0
4.868364,2.469546,-15.06435,-0.7349887,-1.930562,0.5316679,383.2901,388.1318,-488.7041,351.6082,-362.6419,0.3849762,-0.3870393,-0.2018595,-0.2535604,-0.3192628,-0.2297001,-0.2369083,0
4.874191,2.175589,-15.4002,-0.7757281,-1.930127,0.540865,383.7031,394.3688,-492.4259,352.3571,-364.8187,0.3783094,-0.4067639,-0.2042389,-0.257635,-0.3216942,-0.2301894,-0.2383304,0
5.274826,2.24522,-15.22939,-0.8156305,-1.922349,0.552566,384.1162,401.4178,-495.8541,354.1184,-366.7866,0.3711845,-0.4264824,-0.2063635,-0.26224,-0.3239338,-0.23134,-0.239616,0
5.392682,2.0531,-15.42637,-0.8602029,-1.912865,0.5617462,384.5293,408.5032,-499.3963,355.6259,-369.0647,0.3635437,-0.4461705,-0.2082036,-0.2668687,-0.3262478,-0.2323249,-0.2411042,0
5.504221,1.855034,-15.62024,-0.9064248,-1.898694,0.5703111,384.9424,415.9522,-500,357.4613,-371.6843,0.3553474,-0.4657809,-0.209746,-0.2717351,-0.3286909,-0.2335239,-0.2428156,0
5.880776,1.902074,-15.43957,-0.9406912,-1.88642,0.5802141,385.3555,423.4714,-500,359.8139,-373.6896,0.34665,-0.4853061,-0.2109717,-0.2766473,-0.3312141,-0.2350608,-0.2441256,0
5.798936,1.526974,-15.84983,-0.9648296,-1.886516,0.5857691,385.7687,431.2763,-500,362.4422,-375.8053,0.3375794,-0.5048409,-0.211912,-0.2817461,-0.3344203,-0.2367779,-0.2455077,0
6.078028,1.487846,-15.7959,-0.9762732,-1.891094,0.5928319,386.1819,439.9208,-500,366.3256,-378.3024,0.3282592,-0.5244253,-0.2125924,-0.2873934,-0.3383789,-0.2393148,-0.247139,0
6.144443,1.255583,-16.04031,-0.9781221,-1.907926,0.597079,386.5951,448.6838,-500,370.3204,-382.2007,0.3187919,-0.5441788,-0.2130778,-0.2931181,-0.3438106,-0.2419246,-0.2496858,0
6.386485,1.189343,-16.07483,-0.9627587,-1.936149,0.6014752,387.0082,459.5762,-500,376.8895,-385.2288,0.3093548,-0.5641655,-0.2133604,-0.300234,-0.3494557,-0.246216,-0.251664,0
6.554249,1.060254,-16.22966,-0.9355555,-1.980202,0.6035901,387.4214,470.0371,-500,383.0533,-391.28,0.3001046,-0.584567,-0.2135682,-0.3070679,-0.3577789,-0.2502428,-0.2556171,0
6.801618,1.009504,-16.32813,-0.8846983,-2.044367,0.6050382,387.8344,483.6075,-500,392.4713,-396.4998,0.291276,-0.6055175,-0.2137141,-0.3159333,-0.3671474,-0.2563954,-0.2590272,0
6.611585,0.5679336,-16.86173,-0.8142089,-2.136202,0.6013699,388.2474,486.9265,-500,391.08,-392.0983,0.283161,-0.6272722,-0.213933,-0.3181015,-0.3723036,-0.2554865,-0.2561517,0
6.833129,0.527051,-16.60017,-0.7513602,-2.212849,0.599308,388.6604,488.2959,-500,387.7669,-387.1144,0.2757986,-0.649821,-0.2142685,-0.3189961,-0.3768293,-0.2533221,-0.2528958,0
6.72508,0.1937027,-16.77438,-0.7180158,-2.262353,0.5938448,389.0732,490.1446,-500,384.245,-383.0104,0.2688601,-0.6728986,-0.2146298,-0.3202039,-0.3806034,-0.2510213,-0.2502148,0
6.874599,0.1090266,-16.60989,-0.7005376,-2.281465,0.589691,389.4858,491.4813,-500,380.3766,-380.0723,0.262112,-0.6962205,-0.2149583,-0.321077,-0.3841768,-0.2484941,-0.2482953,0
6.90739,-0.07358116,-16.60335,-0.6925639,-2.277885,0.5847224,389.8983,492.819,-500,376.7786,-377.4215,0.2553832,-0.7195547,-0.2151541,-0.321951,-0.3873851,-0.2461436,-0.2465636,0
7.608323,0.3720706,-15.71961,-0.6882728,-2.246656,0.5846679,390.3104,494.5013,-500,374.3337,-374.2737,0.2485442,-0.7426479,-0.215109,-0.32305,-0.3899397,-0.2445464,-0.2445072,0
7.448473,0.03384777,-15.96315,-0.7012737,-2.201449,0.5780072,390.7224,496.2346,-500,371.4834,-372.1275,0.2414026,-0.7653373,-0.2147447,-0.3241824,-0.3920715,-0.2426843,-0.2431051,0
7.430633,-0.1628799,-16.02818,-0.7230601,-2.133668,0.5720778,391.1339,497.8684,-500,368.6025,-371.9785,0.2338044,-0.7873967,-0.2140203,-0.3252497,-0.3929836,-0.2408023,-0.2430077,0
7.364545,-0.3952883,-16.16313,-0.7404826,-2.054331,0.5665318,391.5451,499.3163,-500,366.1821,-371.9197,0.2257014,-0.8086993,-0.2128669,-0.3261956,-0.3936573,-0.2392211,-0.2429693,0
7.574199,-0.3627027,-15.92825,-0.7532308,-1.962391,0.5636148,391.9558,500,-500,364.8116,-371.4006,0.2170784,-0.8291286,-0.2112235,-0.3273495,-0.3937378,-0.2383258,-0.2426302,0
7.333904,-0.733932,-16.26731,-0.7742695,-1.867548,0.5576758,392.3661,500,-500,364.2616,-370.3373,0.2078456,-0.8486028,-0.2090015,-0.3292173,-0.392924,-0.2379665,-0.2419356,0
7.51607,-0.7012197,-16.04452,-0.8110055,-1.767833,0.5545428,392.7759,500,-500,362.5477,-370.7787,0.1978452,-0.8671036,-0.2062467,-0.3307263,-0.3922462,-0.2368468,-0.242224,0
7.652925,-0.7011839,-15.87786,-0.8555605,-1.666835,0.5514721,393.1852,500,-500,362.3375,-369.949,0.186903,-0.8845935,-0.2028645,-0.3334427,-0.3902091,-0.2367095,-0.2416819,0
7.61337,-0.8542952,-15.93546,-0.9183928,-1.56609,0.5468363,393.5938,500,-500,361.1893,-370.2364,0.1748777,-0.9010719,-0.1988881,-0.3361777,-0.3880366,-0.2359593,-0.2418697,0
8.01521,-0.59295,-15.41383,-0.9875991,-1.460579,0.5456935,394.0019,500,-500,360.9185,-370.0086,0.1616243,-0.9164882,-0.1942631,-0.3396069,-0.3849331,-0.2357824,-0.2417209,0
7.774956,-0.9184762,-15.72643,-1.075103,-1.35947,0.5397391,394.4094,500,-500,360.0976,-370.3758,0.1469805,-0.9308604,-0.1889874,-0.3434299,-0.3814064,-0.2352462,-0.2419607,0
7.656521,-1.126546,-15.87638,-1.17468,-1.256552,0.5346832,394.8162,500,-500,359.2892,-370.9923,0.1308273,-0.9441617,-0.1830967,-0.3476724,-0.3772894,-0.2347181,-0.2423635,0
7.63552,-1.241641,-15.89517,-1.28038,-1.152351,0.53079,395.2223,500,-500,358.4718,-371.8755,0.1130845,-0.9563805,-0.1765921,-0.3521345,-0.3727842,-0.2341841,-0.2429405,0
7.638706,-1.331905,-15.88095,-1.394441,-1.047687,0.5274313,395.6277,500,-500,358.5194,-372.1332,0.09365398,-0.9674863,-0.1694475,-0.3574878,-0.3672316,-0.2342151,-0.2431088,0
7.240891,-1.78964,-16.38781,-1.52562,-0.9465144,0.5210943,396.0325,500,-500,358.1145,-372.9431,0.07242894,-0.9774801,-0.1616989,-0.3632721,-0.3611826,-0.2339506,-0.2436379,0
7.603459,-1.542464,-15.8955,-1.664407,-0.8399365,0.5204998,396.4364,500,-500,357.3818,-374.4878,0.04934181,-0.9863485,-0.1534354,-0.3690523,-0.354872,-0.233472,-0.244647,0
7.995319,-1.268009,-15.36612,-1.809071,-0.7337947,0.5207754,396.8397,500,-500,358.7155,-374.193,0.02429378,-0.9940346,-0.1445709,-0.3764658,-0.3467798,-0.2343433,-0.2444545,0
7.79449,-1.537243,-15.60368,-1.981807,-0.6340575,0.5161103,397.2422,500,-500,357.731,-376.2107,-0.002815217,-1.000597,-0.1352694,-0.3835631,-0.3390075,-0.2337001,-0.2457726,0
7.847208,-1.571658,-15.50491,-2.162133,-0.5331516,0.5138532,397.644,500,-500,356.9724,-378.2591,-0.03203849,-1.00602,-0.1256383,-0.3911443,-0.3305837,-0.2332045,-0.2471108,0
7.460169,-2.011335,-15.95571,-2.349818,-0.4364814,0.5093267,398.045,500,-492.2325,356.3481,-380.2612,-0.06336001,-1.010308,-0.1157448,-0.39926,-0.3215679,-0.2327966,-0.2484187,0
7.83552,-1.738665,-15.27035,-2.515354,-0.3542677,0.5114767,398.4451,500,-478.9021,356.0495,-381.6524,-0.09658266,-1.013552,-0.105708,-0.4072548,-0.3128593,-0.2326016,-0.2493276,0
7.425044,-2.189575,-15.57417,-2.628884,-0.3301952,0.509026,398.8446,500,-467.1649,356.5862,-380.3108,-0.1312505,-1.016234,-0.09547296,-0.4154484,-0.3051915,-0.2329522,-0.2484511,0
7.198018,-2.463911,-15.63589,-2.710236,-0.3451122,0.5073209,399.2432,500,-457.0725,356.9439,-377.8057,-0.1669711,-1.018788,-0.08504931,-0.4234445,-0.2985983,-0.2331859,-0.2468146,0
7.012208,-2.689905,-15.62574,-2.775629,-0.3825669,0.5048336,399.641,500,-447.7578,357.1587,-374.6165,-0.2036361,-1.021465,-0.07433873,-0.4314727,-0.2925132,-0.2333262,-0.2447312,0
7.207569,-2.551673,-15.10916,-2.832522,-0.4320035,0.5034556,400.0379,500,-438.3103,357.7552,-370.5498,-0.2412335,-1.024394,-0.06324556,-0.4399117,-0.2863413,-0.2337159,-0.2420744,0
6.861049,-2.900365,-15.28736,-2.89127,-0.4959632,0.4960606,400.4341,500,-429.7977,357.1176,-367.0923,-0.2798375,-1.027713,-0.05169283,-0.4481481,-0.2807801,-0.2332993,-0.2398157,0
7.009757,-2.778497,-14.81884,-2.941247,-0.5605182,0.4906067,400.8294,500,-420.4734,357.5496,-362.4151,-0.3194441,-1.031411,-0.03958718,-0.4570128,-0.2746888,-0.2335816,-0.2367601,0
6.930741,-2.851187,-14.62973,-2.990116,-0.6302692,0.4814375,401.2238,500,-412.3263,356.6512,-358.7402,-0.3601292,-1.035544,-0.02684098,-0.4653229,-0.2693664,-0.2329946,-0.2343594,0
6.552901,-3.185122,-14.83355,-3.035121,-0.7021922,0.4682064,401.6173,500,-403.3157,356.6045,-353.9797,-0.4019341,-1.040097,-0.01335713,-0.4743498,-0.2634799,-0.2329642,-0.2312495,0
6.441905,-3.256047,-14.68528,-3.072356,-0.7709489,0.4549508,402.0099,500,-394.7521,356.3051,-349.4298,-0.4448213,-1.04503,0.0009054744,-0.4831123,-0.2578854,-0.2327686,-0.228277,0
6.355664,-3.286472,-14.49333,-3.102479,-0.8365391,0.4399078,402.4016,500,-386.5456,355.8029,-345.0345,-0.4888271,-1.050323,0.0160295,-0.4916729,-0.2525242,-0.2324405,-0.2254057,0
6.331369,-3.242372,-14.22387,-3.124105,-0.8976406,0.4232826,402.7924,500,-377.194,356.6765,-339.2746,-0.5339134,-1.055889,0.03207855,-0.5009743,-0.246415,-0.2330113,-0.2216428,0
6.208829,-3.269628,-14.07524,-3.141223,-0.9570636,0.4034555,403.1822,500,-368.1978,357.2212,-333.7589,-0.5800548,-1.061679,0.04909303,-0.5100989,-0.2405379,-0.2333671,-0.2180395,0
6.020388,-3.338049,-14.00742,-3.153094,-1.014314,0.3805379,403.5709,500,-359.7361,357.2951,-328.6295,-0.6272787,-1.067689,0.0671205,-0.5189295,-0.23501,-0.2334154,-0.2146885,0
5.998654,-3.234126,-13.72654,-3.154061,-1.065231,0.35646,403.9587,500,-350.3754,358.6325,-322.3129,-0.6755,-1.073836,0.08617935,-0.5282974,-0.2288948,-0.2342891,-0.210562,0
5.481578,-3.568542,-14.08747,-3.151087,-1.115992,0.3259937,404.3455,500,-341.4535,359.534,-316.2989,-0.7246749,-1.080083,0.1062928,-0.5374659,-0.2230662,-0.234878,-0.2066332,0
5.193582,-3.672886,-14.15154,-3.138457,-1.160435,0.2944175,404.7311,500,-332.5885,360.6913,-310.106,-0.7747153,-1.086386,0.1274416,-0.5465469,-0.2172749,-0.235634,-0.2025874,0
5.070055,-3.607676,-13.99898,-3.115367,-1.198108,0.2612899,405.1157,500,-323.6314,362.3016,-303.5642,-0.8255231,-1.092691,0.1496125,-0.5556201,-0.2114234,-0.236686,-0.1983138,0
5.401677,-3.105371,-13.25387,-3.080813,-1.227147,0.2285846,405.4992,500,-313.9759,365.044,-296.0735,-0.8769271,-1.098915,0.1727422,-0.56503,-0.2051156,-0.2384776,-0.1934202,0
4.73436,-3.509437,-13.80696,-3.048323,-1.260841,0.1851871,405.8816,500,-305.3176,366.5123,-289.5615,-0.9289607,-1.105079,0.1968729,-0.5739812,-0.1994593,-0.2394368,-0.189166,0
4.411159,-3.582507,-13.92679,-3.004462,-1.286581,0.1412691,406.2627,500,-296.6959,368.388,-282.7795,-0.9814553,-1.111177,0.2219048,-0.5828189,-0.1938268,-0.2406621,-0.1847355,0
4.368256,-3.385395,-13.67784,-2.946892,-1.302215,0.09669745,406.6428,500,-288.239,370.6802,-275.8222,-1.034193,-1.117151,0.2477347,-0.5913913,-0.188302,-0.2421596,-0.1801904,0
4.453104,-3.061002,-13.26653,-2.880127,-1.31017,0.05010419,407.0216,500,-279.1851,373.9445,-268.0649,-1.086947,-1.122947,0.274234,-0.6002412,-0.1823873,-0.2442921,-0.1751226,0
4.105054,-3.128531,-13.4243,-2.811766,-1.317012,-0.002934159,407.3992,500,-271.4681,375.8591,-261.5831,-1.139667,-1.128614,0.3013639,-0.6082664,-0.1773459,-0.2455429,-0.1708881,0
3.883512,-3.075368,-13.43087,-2.732619,-1.314949,-0.05776326,407.7757,500,-263.386,378.6375,-254.4456,-1.192096,-1.134133,0.3289561,-0.616394,-0.172066,-0.247358,-0.1662253,0
3.785143,-2.906573,-13.28211,-2.644514,-1.304446,-0.1144017,408.1509,500,-256.2825,380.8633,-248.0655,-1.244018,-1.139525,0.3568661,-0.6237485,-0.1674254,-0.248812,-0.1620573,0
3.637209,-2.785099,-13.20979,-2.548191,-1.285657,-0.1739029,408.5248,500,-249.1216,383.5685,-241.4155,-1.295191,-1.144793,0.384924,-0.6310037,-0.1627473,-0.2505793,-0.157713,0
3.467864,-2.68759,-13.18201,-2.445369,-1.259148,-0.2360439,408.8975,500,-242.8516,385.9569,-235.7935,-1.345406,-1.149989,0.4129732,-0.6372123,-0.1586512,-0.2521396,-0.1540402,0
3.283078,-2.611742,-13.19152,-2.334124,-1.22484,-0.3003756,409.2689,500,-237.1105,388.338,-230.4339,-1.394435,-1.155151,0.4408516,-0.6429086,-0.1549006,-0.2536951,-0.1505389,0
3.255622,-2.400353,-13.01254,-2.214375,-1.181993,-0.3654552,409.639,500,-231.7479,390.8892,-225.1441,-1.442011,-1.160318,0.4683762,-0.648201,-0.1513973,-0.2553618,-0.1470832,0
3.27457,-2.157906,-12.78769,-2.089285,-1.131471,-0.4320156,410.0079,500,-227.2613,392.9783,-220.5288,-1.487946,-1.165551,0.4954053,-0.6527824,-0.1484662,-0.2567266,-0.144068,0
3.28232,-1.94018,-12.59763,-1.959643,-1.073059,-0.5002562,410.3754,500,-223.8418,394.3949,-216.8005,-1.532114,-1.170933,0.5218353,-0.6565264,-0.1462324,-0.257652,-0.1416324,0
2.736193,-2.252022,-13.15559,-1.827317,-1.008982,-0.5737494,410.7416,500,-221.0166,395.5504,-213.4735,-1.574308,-1.176532,0.5475053,-0.6597909,-0.1443867,-0.2584069,-0.1394589,0
2.52291,-2.276585,-13.30673,-1.686891,-0.9319972,-0.6457056,411.1065,500,-219.9753,395.5754,-211.6591,-1.614321,-1.182462,0.5722452,-0.66164,-0.1437064,-0.2584233,-0.1382736,0
2.862578,-1.813733,-12.75967,-1.533925,-0.8371703,-0.7138588,411.4701,500,-218.8263,396.6745,-209.346,-1.651678,-1.188763,0.5956764,-0.6631837,-0.1429558,-0.2591412,-0.1367625,0
2.496207,-2.02741,-13.16165,-1.384213,-0.7378156,-0.7877758,411.8323,500,-219.2514,396.3733,-208.5442,-1.686245,-1.195532,0.6176615,-0.6636266,-0.1432335,-0.2589445,-0.1362387,0
2.935483,-1.523812,-12.55021,-1.225347,-0.6206327,-0.8558228,412.1932,500,-220.654,396.093,-207.847,-1.717577,-1.202867,0.6378059,-0.6633489,-0.1441498,-0.2587614,-0.1357832,0
2.841319,-1.540545,-12.65974,-1.06913,-0.4933499,-0.9276822,412.5527,500,-223.6875,394.5572,-208.957,-1.745402,-1.210845,0.6558256,-0.6616454,-0.1461315,-0.2577581,-0.1365084,0
2.772573,-1.564935,-12.78832,-0.9115501,-0.3526417,-0.9989115,412.9109,500,-228.8505,391.5034,-212.0036,-1.769498,-1.219613,0.6714613,-0.6582772,-0.1495045,-0.255763,-0.1384986,0
2.756025,-1.575481,-12.89635,-0.7445935,-0.1929657,-1.068153,413.2677,500,-234.8963,388.7355,-215.4109,-1.789068,-1.229243,0.6840047,-0.6539098,-0.1534541,-0.2539549,-0.1407246,0
2.715566,-1.642902,-13.08258,-0.5738949,-0.01636139,-1.135885,413.6232,500,-244.2847,383.6078,-221.7755,-1.803522,-1.239846,0.6928774,-0.6469684,-0.1595874,-0.250605,-0.1448825,0
2.536957,-1.877061,-13.51322,-0.39625,0.1808215,-1.201998,413.9772,500,-255.6844,377.784,-229.6109,-1.811911,-1.251497,0.6971714,-0.6382069,-0.1670347,-0.2468004,-0.1500012,0
2.80568,-1.740177,-13.43467,-0.2067688,0.4057113,-1.261421,414.3299,500,-270.5147,370.3369,-240.1687,-1.812835,-1.264272,0.6955679,-0.6264865,-0.176723,-0.2419353,-0.1568985,0
2.95366,-1.760044,-13.59188,-0.007086534,0.6589326,-1.317256,414.6812,500,-290.0105,360.2379,-254.6089,-1.804535,-1.278193,0.6863678,-0.6109141,-0.1894594,-0.2353378,-0.1663321,0
3.032307,-1.896235,-13.95171,0.207203,0.9474123,-1.367765,415.0311,500,-314.956,347.3434,-273.4914,-1.784436,-1.293229,0.6670995,-0.5907058,-0.2057558,-0.226914,-0.1786677,0
3.297466,-1.919745,-14.20311,0.4451558,1.283464,-1.409073,415.3796,500,-348.4027,329.6923,-299.2189,-1.748776,-1.309247,0.6341624,-0.5635793,-0.2276061,-0.2153828,-0.1954751,0
3.367508,-2.195082,-14.88734,0.7150204,1.681392,-1.441223,415.7267,500,-392.5246,306.3111,-334.1563,-1.691928,-1.32587,0.582171,-0.5272057,-0.2564302,-0.2001083,-0.2182991,0
3.521245,-2.480874,-15.70615,1.034438,2.163111,-1.458341,416.0723,500,-452.6884,273.8485,-382.8158,-1.605782,-1.34233,0.5033834,-0.4773204,-0.2957343,-0.178901,-0.2500876,0
4.131364,-2.45533,-16.25066,1.43457,2.766192,-1.451581,416.4165,500,-499.4904,229.9103,-449.7259,-1.478829,-1.357006,0.3869228,-0.408996,-0.3490515,-0.1501968,-0.2937989,0
4.65134,-2.550659,-16.32085,2.037197,3.466841,-1.41256,416.7593,475.9323,-500,172.8728,-499.9036,-1.299209,-1.366797,0.2223515,-0.3163649,-0.4223165,-0.1129351,-0.3504268,0
4.638094,-2.984823,-14.76542,3.131255,4.058945,-1.326301,417.1008,310.7775,-500,114.4641,-500,-1.070593,-1.367293,0.01816848,-0.2030261,-0.5170009,-0.0747776,-0.4072388,0
4.448506,-3.033448,-11.55552,3.913026,4.366067,-1.197096,417.4409,153.5529,-500,48.13665,-500,-0.8268828,-1.355223,-0.1923168,-0.1003137,-0.6069918,-0.03144692,-0.4632909,0
3.720505,-2.264356,-9.375085,4.18976,4.342125,-0.9157365,417.7796,60.71773,-500,11.1894,-500,-0.614835,-1.331655,-0.3667409,-0.03966595,-0.6628801,-0.002236411,-0.4972608,0
3.032011,-1.345131,-9.402936,3.89432,3.898435,-0.8456982,418.1172,22.89727,-500,10,-500,-0.4594631,-1.302957,-0.4858367,-0.01495843,-0.6930962,0.02529874,-0.5192874,0
2.993829,-1.567025,-9.424265,3.722892,3.487971,-0.63588,418.4536,10,-500,10,-500,-0.3437734,-1.27367,-0.5666957,0.002731921,-0.7161291,0.04436827,-0.5330144,0
3.311744,-1.29752,-9.079593,3.49529,3.056112,-0.4873024,418.789,10,-500,10,-500,-0.2590095,-1.24557,-0.6181206,-0.002050225,-0.7176377,0.04622406,-0.5285794,0
3.085086,-1.489537,-9.459692,3.269047,2.614861,-0.3439126,419.1235,17.51891,-500,10,-500,-0.1944141,-1.220255,-0.6511037,-0.01113897,-0.7154936,0.04592838,-0.5213391,0
3.223616,-1.673878,-9.519066,3.035524,2.155158,-0.1872904,419.4569,39.47317,-500,10,-500,-0.1446485,-1.198466,-0.6709814,-0.02578721,-0.7086847,0.04234848,-0.5099199,0
3.175449,-1.821537,-9.134579,2.756091,1.687154,-0.09897913,419.7895,72.17736,-500,10,-500,-0.1066675,-1.180767,-0.6811095,-0.04715235,-0.6958858,0.03526324,-0.4942685,0
3.347359,-2.133866,-9.697286,2.333265,1.130617,-0.08755035,420.1211,83.24156,-500,10,-500,-0.07653619,-1.168153,-0.6871556,-0.05438042,-0.6999172,0.0505902,-0.4983359,0
4.120903,-1.520069,-9.34157,1.967952,0.5600119,0.05117239,420.4518,120.4661,-500,10,-500,-0.05375709,-1.16116,-0.6894443,-0.07869862,-0.6879578,0.04862928,-0.4840162,0
3.777778,-1.965866,-10.82638,1.839855,0.1335528,0.2762923,420.7815,167.0172,-500,10,-500,-0.0379655,-1.158792,-0.6863665,-0.1091097,-0.6672934,0.03044776,-0.4560879,0
4.507187,-1.365533,-10.67399,2.063163,-0.02791067,0.5615214,421.1104,221.672,-500,19.75881,-500,-0.02692271,-1.158618,-0.6765915,-0.1448148,-0.635645,-0.01042747,-0.411156,0
4.306765,-2.300282,-11.50352,2.620184,0.0932574,0.8789027,421.4382,272.2903,-500,101.927,-500,-0.01785418,-1.157972,-0.6595147,-0.177883,-0.6001631,-0.06658731,-0.3574099,0
5.314344,-2.511966,-13.39206,3.356781,0.3654988,1.17811,421.7653,328.5481,-500,209.277,-449.3111,-0.009002301,-1.154534,-0.6341735,-0.2146354,-0.5571626,-0.1367174,-0.2935279,0
5.676532,-2.269827,-13.93415,3.545991,0.3519087,1.272732,422.0913,367.2006,-500,260.9925,-397.3062,-0.001091385,-1.150895,-0.6038845,-0.2398865,-0.5321005,-0.1705023,-0.259554,0
5.808213,-2.071933,-14.22644,3.254961,0.4659246,1.304521,422.4165,401.7886,-500,287.4526,-374.8981,0.003655784,-1.146544,-0.5723361,-0.2624823,-0.5068576,-0.1877883,-0.2449151,0
5.765149,-2.033979,-14.76262,2.866749,0.6916216,1.312828,422.7408,428.0364,-500,304.093,-366.527,0.004589477,-1.140285,-0.5406443,-0.2796296,-0.4843082,-0.1986592,-0.2394464,0
6.043046,-1.713311,-14.87041,2.488448,0.9953127,1.311743,423.0642,451.2545,-500,320.9218,-361.2521,0.002046766,-1.131174,-0.5092645,-0.2947975,-0.4615922,-0.2096532,-0.2360004,0
5.656502,-2.014492,-15.80538,2.12208,1.339577,1.29685,423.3868,471.5555,-500,337.0782,-358.7768,-0.003278084,-1.118669,-0.47875,-0.3080599,-0.4393922,-0.2202079,-0.2343833,0
6.000375,-1.643601,-15.74842,1.780883,1.709607,1.281015,423.7086,487.6733,-500,351.6554,-359.5866,-0.01062677,-1.102454,-0.449642,-0.3185894,-0.4188105,-0.229731,-0.2349124,0
6.029189,-1.561571,-16.07528,1.458851,2.076038,1.258743,424.0297,499.3669,-500,364.6414,-362.7096,-0.01946699,-1.082494,-0.4222925,-0.3271833,-0.3996928,-0.2382146,-0.2369525,0
6.10114,-1.423538,-16.20338,1.153698,2.429028,1.234005,424.3499,500,-500,376.7232,-367.1255,-0.02928112,-1.05887,-0.3970575,-0.334545,-0.3815536,-0.2461074,-0.2398374,0
5.943736,-1.469399,-16.53128,0.8280754,2.724297,1.206937,424.6696,500,-500,385.0235,-374.102,-0.03997769,-1.032051,-0.3741398,-0.3411182,-0.3650002,-0.2515298,-0.244395,0
5.419295,-1.832163,-17.28349,0.4915375,2.958182,1.178715,424.9886,500,-500,391.0928,-381.8455,-0.05171917,-1.002636,-0.3535395,-0.3477705,-0.3493243,-0.2554949,-0.2494537,0
5.838883,-1.306415,-16.7483,0.1689759,3.152182,1.160335,425.3072,500,-500,396.0318,-389.9052,-0.06450935,-0.971094,-0.3352048,-0.3539498,-0.3346531,-0.2587214,-0.254719,0
5.688663,-1.295192,-16.90204,-0.1412745,3.304344,1.141318,425.6252,500,-491.1633,399.9307,-398.0359,-0.07839826,-0.9378514,-0.3189774,-0.3598748,-0.3208694,-0.2612685,-0.2600307,0
5.320419,-1.465157,-17.08883,-0.414448,3.408131,1.124484,425.9429,500,-471.9371,403.7198,-404.8233,-0.09325277,-0.9032936,-0.3047311,-0.3655255,-0.3083092,-0.2637438,-0.2644648,0
4.902372,-1.677777,-17.28204,-0.5809404,3.418251,1.111057,426.2603,500,-458.1512,407.3038,-408.752,-0.1083647,-0.8682955,-0.2922268,-0.3696237,-0.2993031,-0.2660853,-0.2670313,0
4.760282,-1.631296,-17.09755,-0.6777048,3.369454,1.101106,426.5775,500,-447.2151,411.6094,-409.9587,-0.1232294,-0.8335655,-0.281164,-0.3731669,-0.2921587,-0.268898,-0.2678196,0
4.457443,-1.727682,-17.11298,-0.7449424,3.286467,1.089525,426.8945,500,-438.2601,415.4516,-410.3867,-0.1376934,-0.7994989,-0.2713005,-0.3762275,-0.2863085,-0.2714081,-0.2680992,0
4.05613,-1.910852,-17.25053,-0.7985307,3.187245,1.076161,427.2114,500,-430.9865,418.3135,-411.1222,-0.1517574,-0.7662917,-0.2624567,-0.3786291,-0.2815568,-0.2732777,-0.2685798,0
3.622095,-2.122658,-17.42814,-0.8431141,3.083356,1.061515,427.5283,500,-424.9588,420.3886,-412.3471,-0.1654687,-0.7340276,-0.2544939,-0.380411,-0.277619,-0.2746333,-0.2693799,0
3.470507,-2.074401,-17.24254,-0.8774535,2.984311,1.048098,427.8452,500,-419.9014,422.0188,-414.0423,-0.1788482,-0.7027109,-0.2473221,-0.3815426,-0.274315,-0.2756983,-0.2704874,0
3.262361,-2.080784,-17.13536,-0.9028822,2.892835,1.03371,428.1623,500,-414.9446,424.0116,-415.5086,-0.1918894,-0.6722574,-0.2408352,-0.382521,-0.2710769,-0.2770002,-0.2714453,0
2.530777,-2.572817,-17.71709,-0.9259625,2.805688,1.01475,428.4796,500,-411.9205,424.1889,-418.813,-0.20462,-0.6426522,-0.2350101,-0.3822219,-0.2691013,-0.277116,-0.273604,0
2.377136,-2.535053,-17.55987,-0.9332796,2.736542,0.999955,428.797,500,-408.1271,425.9699,-421.0434,-0.2169567,-0.6137246,-0.2297862,-0.3820796,-0.266623,-0.2782795,-0.2750611,0
1.993798,-2.710873,-17.70241,-0.9350358,2.677069,0.9831195,429.1147,500,-405.5503,426.8422,-424.4423,-0.2288812,-0.5853854,-0.2251262,-0.3809727,-0.2649397,-0.2788494,-0.2772816,0
1.770494,-2.740494,-17.64978,-0.9280565,2.630649,0.9672247,429.4326,500,-403.1271,428.0406,-427.9126,-0.2403595,-0.5575321,-0.2210144,-0.3795058,-0.2633567,-0.2796323,-0.2795486,0
1.672934,-2.654634,-17.44023,-0.9113757,2.597434,0.9521821,429.751,500,-400.6084,429.8796,-431.1761,-0.2513185,-0.5300182,-0.2174158,-0.3778178,-0.2617112,-0.2808336,-0.2816806,0
1.26355,-2.855611,-17.64193,-0.8913069,2.571501,0.9345772,430.0698,500,-399.2961,430.7291,-435.67,-0.2617539,-0.5027904,-0.2143259,-0.3751843,-0.2608539,-0.2813886,-0.2846164,0
0.9444028,-2.972475,-17.73979,-0.8617105,2.557414,0.9176479,430.3889,500,-397.4527,432.6604,-439.508,-0.2715957,-0.4757237,-0.2117265,-0.3726196,-0.2596496,-0.2826503,-0.2871237,0
0.6733378,-3.041992,-17.77948,-0.8248869,2.55298,0.9009886,430.7085,500,-396.9371,433.7011,-444.6014,-0.2808036,-0.4487554,-0.2096271,-0.3689491,-0.2593128,-0.2833302,-0.2904512,0
0.333799,-3.171926,-17.91798,-0.7789711,2.558866,0.8839742,431.0286,500,-396.5553,435.152,-449.6909,-0.2893288,-0.421804,-0.2080185,-0.3649258,-0.2590634,-0.284278,-0.2937761,0
0.06045675,-3.236512,-17.98096,-0.72306,2.57571,0.8676177,431.3492,500,-396.1259,437.2584,-454.5801,-0.2970782,-0.3947501,-0.2068956,-0.3606362,-0.2587829,-0.2856541,-0.2969701,0
0.06361256,-3.03933,-17.68517,-0.6577728,2.603657,0.8533939,431.6703,500,-396.1227,439.5271,-459.7895,-0.3039863,-0.367493,-0.2062475,-0.3557529,-0.2587808,-0.2871362,-0.3003733,0
-0.0611931,-2.952887,-17.56008,-0.5872703,2.638076,0.8382434,431.9921,500,-396.1802,442.1136,-465.019,-0.3100278,-0.3399667,-0.2060513,-0.3506092,-0.2588184,-0.288826,-0.3037897,0
-0.5172423,-3.164304,-17.87677,-0.5132916,2.676114,0.8206071,432.3144,500,-396.6591,444.5724,-470.6272,-0.3151767,-0.3121265,-0.206305,-0.3450264,-0.2591313,-0.2904322,-0.3074535,0
-1.196499,-3.573577,-18.49195,-0.433013,2.719389,0.801403,432.6373,500,-398.2534,446.3623,-477.2195,-0.3194034,-0.2839435,-0.2070174,-0.3385089,-0.2601728,-0.2916016,-0.3117601,0
-0.768061,-2.951074,-17.66971,-0.333833,2.780362,0.7906765,432.9608,500,-399.4634,449.6624,-483.0771,-0.3225872,-0.2552881,-0.2081824,-0.3317358,-0.2609633,-0.2937575,-0.3155868,0
-1.297757,-3.203179,-18.09549,-0.2339903,2.840808,0.7729931,433.285,496.6668,-400.9656,452.8543,-489.2008,-0.3247071,-0.2261126,-0.209753,-0.3246688,-0.2619446,-0.2958427,-0.3195873,0
-1.657367,-3.282294,-18.22011,-0.1356463,2.900534,0.7569398,433.6099,485.6692,-402.8033,455.7829,-495.7444,-0.3257641,-0.1964019,-0.211735,-0.3172801,-0.2631451,-0.2977559,-0.3238621,0
-1.737616,-3.07965,-17.9428,-0.07374015,2.928767,0.7458399,433.9355,475.6065,-404.3546,457.1996,-499.9692,-0.326113,-0.1663961,-0.2139896,-0.3107063,-0.2641586,-0.2986814,-0.328497,0
-2.255728,-3.266281,-18.1751,-0.05062667,2.92581,0.7343071,434.2617,467.9825,-404.4912,458.0486,-500,-0.3261803,-0.136401,-0.216352,-0.3057257,-0.2642478,-0.299236,-0.3328338,0
-2.564942,-3.255405,-18.12489,-0.06396389,2.924339,0.7256426,434.5887,461.233,-403.6609,457.9383,-500,-0.3263573,-0.1064644,-0.2188037,-0.3013163,-0.2637054,-0.2991639,-0.3378576,0
-2.544363,-2.942751,-17.65314,-0.09854661,2.930707,0.720556,434.9163,455.2424,-401.7428,457.7365,-500,-0.3269099,-0.07651687,-0.2213399,-0.2974028,-0.2624523,-0.2990321,-0.3431561,0
-2.794827,-2.887542,-17.54259,-0.1450694,2.937576,0.714227,435.2446,450.0277,-398.9643,457.6766,-500,-0.3279735,-0.04652664,-0.2239624,-0.2939961,-0.2606371,-0.298993,-0.3484171,0
-3.426226,-3.193455,-17.93389,-0.1969501,2.941687,0.7055943,435.5735,444.6609,-396.3649,457.0487,-500,-0.3296118,-0.01650621,-0.2266997,-0.29049,-0.258939,-0.2985828,-0.3540315,0
-3.497123,-2.991628,-17.6015,-0.246311,2.950695,0.7017137,435.9032,438.9745,-393.8424,456.3607,-500,-0.3318372,0.01355619,-0.2295807,-0.2867752,-0.2572911,-0.2981333,-0.3598436,0
-3.975942,-3.177214,-17.81947,-0.3001335,2.955695,0.69551,436.2334,429.8797,-386.3009,451.8522,-500,-0.3346719,0.04366544,-0.2325889,-0.2808337,-0.2523644,-0.295188,-0.3625654,0
-3.818046,-2.788113,-16.8452,-0.3359425,2.951403,0.6945936,436.5643,409.1348,-367.9432,436.2713,-500,-0.3380333,0.07375813,-0.2357342,-0.2672814,-0.2403716,-0.2850092,-0.3575094,0
-3.977134,-2.708675,-16.19404,-0.3044899,2.880305,0.6935686,436.8957,388.1967,-352.7179,421.6492,-500,-0.34137,0.1033344,-0.2388262,-0.2536029,-0.2304251,-0.2754569,-0.3506679,0
-4.359591,-2.848161,-15.90339,-0.210912,2.737962,0.6932046,437.2275,368.9138,-341.1095,409.3973,-500,-0.3439608,0.1317217,-0.2416108,-0.2410057,-0.2228415,-0.2674529,-0.342233,0
-4.396901,-2.676691,-15.25165,-0.07788095,2.54023,0.6979088,437.5598,351.9892,-331.9248,399.5656,-500,-0.3452924,0.1583986,-0.2438268,-0.229949,-0.2168413,-0.26103,-0.3323984,0
-4.502584,-2.574293,-14.7733,0.07634677,2.292508,0.7044156,437.8924,337.1066,-325.2281,391.0245,-492.6195,-0.3450621,0.1828749,-0.2452233,-0.2202265,-0.2124664,-0.2554502,-0.3218207,0
-4.901144,-2.74965,-14.60499,0.2245253,2.019363,0.71027,438.2252,325.5367,-318.7958,384.4368,-475.2104,-0.3431158,0.2048495,-0.2456149,-0.212668,-0.2082643,-0.2511466,-0.3104476,0
-4.724452,-2.397776,-13.75303,0.3084432,1.786494,0.7201696,438.5583,316.2372,-311.0975,377.9503,-460.4949,-0.3399854,0.2245612,-0.2450603,-0.2065929,-0.2032351,-0.246909,-0.3008341,0
-4.864355,-2.347974,-13.3873,0.3481086,1.583093,0.7268494,438.8915,309.2083,-302.4859,372.2119,-447.5677,-0.3361728,0.2423171,-0.2436396,-0.202001,-0.1976093,-0.2431602,-0.292389,0
-5.175504,-2.468943,-13.31215,0.3712748,1.402107,0.7303652,439.2249,303.9034,-293.7287,367.8916,-435.5996,-0.3318734,0.2583553,-0.2414564,-0.1985354,-0.1918884,-0.2403379,-0.2845705,0
-4.973021,-2.127097,-12.62517,0.391825,1.242503,0.7356135,439.5583,298.9912,-285.9001,364.3683,-424.9617,-0.3271548,0.2728545,-0.2386003,-0.1953263,-0.1867741,-0.2380362,-0.2776209,0
-5.178693,-2.172593,-12.52363,0.4051805,1.092704,0.7358288,439.8917,294.852,-278.8835,361.3873,-415.4102,-0.3220893,0.2859053,-0.2351256,-0.1926222,-0.1821902,-0.2360887,-0.271381,0
-5.245137,-2.098779,-12.28785,0.4175781,0.9553817,0.7349817,440.2252,291.7831,-272.0643,359.6806,-406.1302,-0.3166925,0.2976245,-0.231112,-0.1906174,-0.1777354,-0.2349737,-0.2653186,0
-5.252742,-1.9787,-12.01252,0.4271047,0.8274292,0.7327401,440.5585,288.6227,-266.3279,357.8829,-398.0251,-0.3110094,0.3080844,-0.2266144,-0.1885527,-0.1739878,-0.2337993,-0.2600236,0
-5.159083,-1.772497,-11.63894,0.434605,0.7081276,0.7294837,440.8918,286.3234,-260.7217,356.9734,-390.0959,-0.3050706,0.31736,-0.2216779,-0.1870506,-0.1703254,-0.2332052,-0.2548436,0
-5.406338,-1.888126,-11.74128,0.4369149,0.5930388,0.7218997,441.225,284.3171,-255.8551,356.0587,-382.9846,-0.2989355,0.3254878,-0.2163583,-0.1857399,-0.1671462,-0.2326076,-0.2501979,0
-5.204235,-1.595116,-11.28521,0.4406319,0.4883409,0.716036,441.5581,282.5875,-251.3768,355.6892,-376.2321,-0.2926213,0.3325462,-0.2107145,-0.18461,-0.1642205,-0.2323662,-0.2457866,0
-5.43932,-1.712241,-11.42222,0.4382682,0.3859998,0.7055278,441.8911,282.8304,-247.0326,353.9489,-369.9056,-0.2861722,0.3385803,-0.2047684,-0.1847687,-0.1613825,-0.2312293,-0.2416535,0
-5.212531,-1.408516,-11.01061,0.4454676,0.2988967,0.6964148,442.224,284.9978,-244.0247,352.3055,-365.3434,-0.2795913,0.3436665,-0.1985992,-0.1861847,-0.1594175,-0.2301557,-0.2386731,0
-5.658956,-1.740079,-11.48189,0.4771817,0.2334412,0.6796982,442.5567,284.275,-241.4416,350.902,-360.3775,-0.272676,0.3480081,-0.1923013,-0.1857125,-0.15773,-0.2292388,-0.235429,0
-5.391331,-1.41721,-11.02653,0.5233014,0.1890849,0.6667345,442.8892,282.064,-239.369,350.3042,-355.6152,-0.2652988,0.3517883,-0.1859907,-0.184268,-0.156376,-0.2288483,-0.2323178,0
-5.478028,-1.42308,-11.03487,0.5603579,0.1484352,0.6510103,443.2216,279.9611,-236.5137,350.0938,-350.4259,-0.2574887,0.3551015,-0.1796649,-0.1828942,-0.1545107,-0.2287108,-0.2289278,0
-5.490379,-1.360535,-10.94721,0.5886916,0.1095807,0.6353699,443.5537,277.5575,-234.0552,349.6553,-345.9162,-0.2493608,0.3579548,-0.1733619,-0.181324,-0.1529046,-0.2284244,-0.2259817,0
-5.415266,-1.21732,-10.75848,0.609993,0.07073513,0.6202468,443.8857,275.1559,-231.9382,349.1996,-341.905,-0.2410062,0.3603381,-0.1670911,-0.1797551,-0.1515216,-0.2281266,-0.2233612,0
-5.372077,-1.104624,-10.62037,0.6250397,0.03044743,0.6047763,444.2175,273.1793,-229.5621,349.0538,-337.7272,-0.2324853,0.3622485,-0.1608535,-0.1784638,-0.1499694,-0.2280314,-0.2206319,0
-5.455688,-1.110811,-10.65308,0.6339198,-0.01252319,0.5881605,444.5492,271.2033,-227.3936,348.6839,-333.8178,-0.2238601,0.3636689,-0.1546565,-0.1771729,-0.1485527,-0.2277898,-0.218078,0
-5.668815,-1.238789,-10.86233,0.6376719,-0.05807727,0.5703909,444.8806,269.3567,-225.4244,348.2186,-330.1285,-0.2151827,0.3645815,-0.1485064,-0.1759665,-0.1472663,-0.2274858,-0.2156678,0
-5.472745,-0.9911068,-10.54528,0.6408843,-0.1016376,0.5554527,445.2118,267.4329,-223.6743,347.8047,-326.6133,-0.2064922,0.3649801,-0.1424205,-0.1747097,-0.1461229,-0.2272154,-0.2133713,0
-5.256445,-0.727643,-10.20781,0.6409167,-0.1460006,0.5406085,445.5428,265.637,-221.8956,347.3766,-323.0779,-0.1978263,0.3648544,-0.1363986,-0.1735365,-0.144961,-0.2269357,-0.2110618,0
-5.574214,-0.9609691,-10.57291,0.6346752,-0.1950236,0.5216469,445.8736,263.8805,-220.3997,346.5132,-319.8676,-0.1892377,0.3641794,-0.1304561,-0.172389,-0.1439837,-0.2263717,-0.2089645,0
-5.36756,-0.7133496,-10.2595,0.6308475,-0.2395819,0.506506,446.2042,262.2927,-218.6838,346.1018,-316.3552,-0.1807167,0.3629966,-0.124607,-0.1713517,-0.1428627,-0.2261029,-0.2066699,0
-5.061137,-0.3772532,-9.818382,0.6246006,-0.2839654,0.4921037,446.5346,260.5386,-217.1919,345.3871,-313.0924,-0.1722987,0.3612975,-0.1188442,-0.1702058,-0.1418881,-0.225636,-0.2045384,0
-4.981706,-0.2542925,-9.683878,0.6149909,-0.3301314,0.4758072,446.8648,259.2061,-215.8898,344.8163,-310.0229,-0.1640236,0.3590682,-0.1131851,-0.1693353,-0.1410375,-0.2252631,-0.2025331,0
-5.165486,-0.3779989,-9.907166,0.6026193,-0.377392,0.4575012,447.1948,257.4334,-215.5029,343.5593,-307.8784,-0.1559366,0.3562936,-0.1076649,-0.1681773,-0.1407847,-0.2244419,-0.2011322,0
-5.490232,-0.6361696,-10.32217,0.5890916,-0.4237648,0.438482,447.5245,255.736,-214.9407,342.2751,-305.571,-0.1480402,0.3529997,-0.1022896,-0.1670684,-0.1404174,-0.223603,-0.1996248,0
-5.387025,-0.5037026,-10.17433,0.5779179,-0.4652201,0.4229338,447.8541,253.8953,-213.9129,341.0677,-302.7768,-0.140326,0.3492275,-0.097064,-0.1658658,-0.139746,-0.2228143,-0.1977993,0
-5.196239,-0.2951333,-9.906338,0.5658614,-0.5054357,0.4083071,448.1834,252.5568,-212.0703,340.2935,-299.1827,-0.132776,0.3450173,-0.09196144,-0.1649914,-0.1385422,-0.2223084,-0.1954514,0
-5.333687,-0.3936386,-10.07142,0.5495386,-0.5485755,0.3910826,448.5125,250.3593,-211.7672,338.2427,-297.1634,-0.1254723,0.3403126,-0.08702028,-0.1635558,-0.1383442,-0.2209687,-0.1941322,0
-4.918692,0.01491623,-9.534042,0.5380673,-0.5855289,0.3782456,448.8414,248.853,-211.0293,337.2623,-294.5988,-0.1183797,0.3351659,-0.08224579,-0.1625718,-0.1378621,-0.2203282,-0.1924568,0
-5.031207,-0.06843424,-9.686891,0.5215095,-0.6254561,0.3618787,449.1701,247.4427,-210.0971,335.9217,-291.9433,-0.1115073,0.3295886,-0.0776172,-0.1616504,-0.1372532,-0.2194524,-0.190722,0
-5.094541,-0.1103783,-9.781212,0.504822,-0.6639032,0.3459037,449.4987,245.958,-209.7238,334.4565,-289.8344,-0.1048736,0.3235906,-0.07315793,-0.1606805,-0.1370093,-0.2184953,-0.1893443,0
-4.667072,0.2977077,-9.24883,0.4912435,-0.697183,0.3338898,449.827,244.3679,-209.6714,333.1317,-288.003,-0.09847844,0.3171923,-0.06887273,-0.1596417,-0.1369751,-0.2176297,-0.1881478,0
-4.878803,0.1111474,-9.558647,0.4725666,-0.7339866,0.3175485,450.1551,243.4278,-209.2312,331.9713,-285.872,-0.09232868,0.3104024,-0.06474288,-0.1590276,-0.1366875,-0.2168717,-0.1867557,0
-4.653598,0.3243428,-9.305126,0.4570943,-0.7657681,0.3045625,450.483,242.5191,-209.0234,331.0936,-283.9239,-0.08640438,0.3032681,-0.0607831,-0.158434,-0.1365517,-0.2162983,-0.1854831,0
-4.803996,0.1870747,-9.554193,0.4375779,-0.7997204,0.2891621,450.8107,240.9251,-210.0858,329.1364,-283.327,-0.08076489,0.2957478,-0.05700116,-0.1573927,-0.1372458,-0.2150197,-0.1850931,0
-4.318253,0.6340257,-8.986878,0.4240724,-0.8261492,0.2789018,451.1383,240.5371,-209.9609,328.8666,-281.4445,-0.07534874,0.2879185,-0.05338815,-0.1571392,-0.1371642,-0.2148435,-0.1838634,0
-4.661278,0.3108279,-9.500113,0.4031891,-0.8581594,0.2629179,451.4657,239.3172,-210.692,327.083,-280.5709,-0.07020509,0.2797498,-0.04994253,-0.1563422,-0.1376418,-0.2136782,-0.1832926,0
-4.232718,0.6967524,-9.013931,0.3889278,-0.8822269,0.2529906,451.7929,238.578,-211.0945,326.3086,-279.2527,-0.06528915,0.271304,-0.04666809,-0.1558593,-0.1379047,-0.2131723,-0.1824315,0
-4.382381,0.544493,-9.286294,0.3693401,-0.9101775,0.2392903,452.12,238.1673,-211.2334,325.3624,-277.7755,-0.06060648,0.2625818,-0.04352745,-0.155591,-0.1379955,-0.2125542,-0.1814664,0
-4.840743,0.1037631,-9.972351,0.3475106,-0.9396379,0.2233186,452.4469,237.132,-212.9339,323.5129,-277.8769,-0.05621833,0.2535429,-0.04057507,-0.1549146,-0.1391064,-0.2113459,-0.1815326,0
-4.3424,0.5435897,-9.424382,0.3344586,-0.959085,0.215177,452.7737,236.6816,-213.5351,322.9667,-276.7439,-0.05203867,0.2442777,-0.03778333,-0.1546204,-0.1394992,-0.2109891,-0.1807925,0
-4.627111,0.2550364,-9.884422,0.3140555,-0.9843142,0.2017764,453.1004,235.3742,-214.505,320.881,-276.1404,-0.04812276,0.234741,-0.03514017,-0.1537663,-0.1401328,-0.2096266,-0.1803983,0
-4.039686,0.7683145,-9.206452,0.3013401,-1.001237,0.1951641,453.4269,234.8069,-214.5509,320.1429,-274.4675,-0.04440827,0.2250051,-0.03264498,-0.1533957,-0.1401628,-0.2091444,-0.1793053,0
-4.290773,0.5027689,-9.619026,0.2810726,-1.024984,0.1828312,453.7533,234.0551,-214.7153,318.5103,-273.0422,-0.04091705,0.2150477,-0.03026167,-0.1529045,-0.1402702,-0.2080778,-0.1783742,0
-1.096555,6.6457,-4.460553,0.2641802,-1.044853,0.173795,454.0797,233.1897,-216.0259,316.989,-272.6766,-0.03766875,0.2048619,-0.02803181,-0.1523392,-0.1411263,-0.207084,-0.1781354,1
-1.306397,6.414213,-4.871964,0.245081,-1.066705,0.1624087,454.4059,235.4301,-218.8653,318.3293,-273.78,-0.034634,0.1944713,-0.02591507,-0.1538029,-0.1429813,-0.2079595,-0.1788562,1
-0.6628383,6.979444,-4.337271,0.2315561,-1.080061,0.1575867,454.732,241.6355,-226.9438,324.1746,-279.9609,-0.03180559,0.1839065,-0.02393113,-0.1578567,-0.1482588,-0.2117782,-0.1828941,1
-0.8741148,6.759326,-5.047214,0.2104628,-1.095939,0.1470066,455.0581,249.3865,-236.0857,330.9892,-287.4901,-0.02921832,0.1731691,-0.02205105,-0.1629203,-0.1542311,-0.2162301,-0.1878128,1
-1.030662,6.586008,-5.701451,0.1906014,-1.106277,0.1369132,455.3841,257.5039,-244.8489,338.3275,-294.7774,-0.02685043,0.1623351,-0.02028962,-0.1682233,-0.159956,-0.2210241,-0.1925735,1
-0.6159478,6.935954,-5.602476,0.1746362,-1.109601,0.1313721,455.7102,263.7416,-254.496,344.1288,-303.0048,-0.02472311,0.1514131,-0.01866538,-0.1722983,-0.1662583,-0.224814,-0.1979483,1
-0.7098805,6.810692,-6.149314,0.1564203,-1.114924,0.1226627,456.0363,271.438,-261.3678,351.1173,-308.5185,-0.0227765,0.1404627,-0.01710791,-0.1773262,-0.1707475,-0.2293795,-0.2015503,1
-0.7670323,6.714547,-6.620102,0.1377229,-1.120203,0.1140282,456.3625,277.0859,-269.6803,355.9442,-315.5052,-0.02105937,0.1294473,-0.0156761,-0.1810159,-0.176178,-0.2325328,-0.2061146,1
-0.7987152,6.638179,-7.054593,0.1207508,-1.124828,0.1061645,456.6889,283.0198,-276.9997,361.0907,-321.4398,-0.01953682,0.1183875,-0.01433609,-0.1848924,-0.1809596,-0.2358949,-0.2099916,1
-0.9065251,6.486929,-7.563625,0.1035306,-1.130334,0.09799027,457.0154,288.0689,-283.9562,365.0566,-327.1014,-0.01897005,0.1070697,-0.01309806,-0.1881909,-0.1855042,-0.2384858,-0.2136903,1
-0.1347166,7.143664,-6.898422,0.0948204,-1.128767,0.09677229,457.3422,292.7681,-289.4691,369.4765,-331.0568,-0.01778925,0.09593572,-0.01193382,-0.1912608,-0.1891056,-0.2413732,-0.2162742,1
-0.499504,6.746125,-7.685865,0.07601119,-1.137995,0.08743028,457.6693,297.0743,-294.6276,372.5435,-334.823,-0.01678597,0.08473659,-0.01082123,-0.194074,-0.1924756,-0.2433769,-0.2187346,1
-0.1865534,6.971746,-7.585622,0.06232629,-1.142747,0.08304517,457.9965,301.2584,-300.1246,375.861,-338.8141,-0.01594893,0.07348247,-0.009795068,-0.1968074,-0.1960667,-0.2455441,-0.221342,1
-0.05863585,7.023459,-7.726037,0.04700259,-1.150059,0.07774869,458.3241,305.2568,-305.2198,378.7728,-342.4154,-0.01527974,0.06215615,-0.008823061,-0.1994195,-0.1993954,-0.2474464,-0.2236946,1
0.1934768,7.186364,-7.693893,0.03257104,-1.157225,0.07346529,458.652,309.4431,-309.8954,381.8827,-345.564,-0.01476955,0.05075939,-0.007906297,-0.2021544,-0.2024498,-0.249478,-0.2257516,1
-0.007067063,6.927891,-8.251293,0.01458912,-1.16897,0.06600405,458.9802,313.1835,-315.0847,384.1543,-349.2606,-0.01444398,0.03925589,-0.00704984,-0.2045979,-0.2058399,-0.250962,-0.2281665,1
0.01803017,6.874537,-8.514898,-0.0008276658,-1.179173,0.06046901,459.3089,316.6641,-320.273,386.3027,-352.8875,-0.01429457,0.02764335,-0.006265453,-0.2068717,-0.2092293,-0.2523655,-0.2305359,1
0.03925411,6.813671,-8.7701,-0.01568285,-1.189712,0.05537086,459.6378,319.9436,-324.4496,388.2207,-355.4837,-0.01430213,0.01592937,-0.005530454,-0.2090142,-0.2119578,-0.2536185,-0.232232,1
0.3662438,7.031173,-8.601888,-0.02864253,-1.198712,0.05277755,459.9673,322.7133,-328.092,389.7386,-357.5145,-0.01445682,0.004118103,-0.00483942,-0.2108236,-0.2143374,-0.2546102,-0.2335587,1
0.2334042,6.820202,-9.021533,-0.0454842,-1.212511,0.04701361,460.2971,325.4644,-331.4587,390.8233,-359.3098,-0.01477553,-0.007815775,-0.00417792,-0.2126208,-0.2165368,-0.2553188,-0.2347315,1
0.6422781,7.106374,-8.731791,-0.05829503,-1.222842,0.04533194,460.6274,328.2821,-334.6758,392.2679,-360.8653,-0.01523532,-0.01985502,-0.003549749,-0.2144616,-0.2186385,-0.2562625,-0.2357477,1
0.7292995,7.092051,-8.863149,-0.07433525,-1.237009,0.04145189,460.9581,330.6529,-338.4317,392.9158,-362.9957,-0.01587359,-0.03204728,-0.00295295,-0.2160104,-0.2210922,-0.2566858,-0.2371394,1
0.7514947,7.014296,-9.084134,-0.08986948,-1.251793,0.03726447,461.2893,333.7473,-341.5272,394.2463,-364.4175,-0.01666765,-0.04437755,-0.002382037,-0.2180319,-0.2231144,-0.257555,-0.2380683,1
0.4403873,6.624855,-9.734674,-0.107984,-1.269826,0.03077329,461.621,336.0752,-345.1073,394.5112,-366.3505,-0.01763517,-0.05687127,-0.001843992,-0.2195527,-0.2254532,-0.257728,-0.2393311,1
0.9259461,6.967728,-9.341865,-0.1198473,-1.28184,0.03044651,461.9532,338.6611,-347.8764,395.5272,-367.3558,-0.01873561,-0.06949032,-0.001321387,-0.221242,-0.2272623,-0.2583917,-0.2399878,1
0.6429782,6.596872,-9.942723,-0.1385567,-1.301167,0.02455876,462.2859,341.4362,-350.3426,396.0744,-368.1577,-0.02000238,-0.08227123,-0.000789581,-0.2230549,-0.2288734,-0.2587492,-0.2405117,1
0.9371957,6.755931,-9.799873,-0.1531069,-1.316536,0.02277157,462.6192,343.7083,-354.0992,396.4192,-370.1544,-0.02144312,-0.0952291,-0.0002975539,-0.2245393,-0.2313275,-0.2589745,-0.2418161,1
1.136915,6.824109,-9.790198,-0.167702,-1.332757,0.0207571,462.9529,346.6078,-356.7204,397.3105,-370.989,-0.0230346,-0.1083446,0.0002038868,-0.2264335,-0.2330399,-0.2595567,-0.2423613,1
0.8347253,6.424477,-10.42355,-0.186637,-1.353627,0.01494928,463.2872,348.9228,-359.9888,397.1683,-372.5284,-0.02481573,-0.1216624,0.0006894241,-0.2279458,-0.2351751,-0.2594638,-0.243367,1
1.069509,6.517079,-10.36184,-0.2005582,-1.370006,0.01336292,463.6221,351.6539,-362.5216,397.808,-373.2188,-0.02674085,-0.135138,0.001173697,-0.22973,-0.2368297,-0.2598818,-0.243818,1
1.505312,6.791564,-10.02457,-0.2143219,-1.38584,0.01338793,463.9575,354.2342,-364.6149,398.2787,-373.4732,-0.02881232,-0.1487688,0.001686772,-0.2314156,-0.2381972,-0.2601893,-0.2439843,1
1.439023,6.598723,-10.35031,-0.2329961,-1.406761,0.009488779,464.2934,356.9567,-367.7805,398.3983,-374.8523,-0.03108312,-0.1626123,0.002208129,-0.2331942,-0.2402653,-0.2602674,-0.2448851,1
2.155608,7.125618,-9.679253,-0.24488,-1.421227,0.01144072,464.6299,360.4909,-370.5763,399.8594,-375.713,-0.03350008,-0.1766159,0.00274411,-0.2355031,-0.2420917,-0.2612219,-0.2454475,1
2.027032,6.867926,-10.11289,-0.2642971,-1.443307,0.007175133,464.967,364.1248,-373.6508,400.7091,-376.9661,-0.03610346,-0.1908147,0.003325446,-0.2378771,-0.2441003,-0.261777,-0.2462661,1
2.446425,7.112871,-9.853789,-0.2798434,-1.461313,0.00664753,465.3047,368.2692,-377.722,402.3572,-379.1227,-0.03888734,-0.2052053,0.003919652,-0.2405845,-0.24676,-0.2628537,-0.247675,1
2.03967,6.590808,-10.69996,-0.3013431,-1.485951,0.0001276744,465.6429,372.8398,-382.1405,403.8242,-381.6891,-0.04188216,-0.2198198,0.004544308,-0.2435704,-0.2496465,-0.263812,-0.2493515,1
2.484157,6.850934,-10.44456,-0.3158308,-1.503345,-0.0001484578,465.9817,377.1004,-386.9771,405.533,-384.544,-0.04505817,-0.2346347,0.005168844,-0.2463538,-0.2528061,-0.2649284,-0.2512166,1
2.528468,6.737096,-10.70668,-0.3333683,-1.5239,-0.003023075,466.3211,381.7567,-390.5977,407.3048,-386.2264,-0.04841858,-0.2496392,0.005850286,-0.2493957,-0.2551714,-0.2660859,-0.2523157,1
2.746482,6.779609,-10.73225,-0.3505161,-1.543506,-0.004895109,466.6611,386.2291,-394.7426,408.881,-388.4211,-0.05197368,-0.2648427,0.006565267,-0.2523174,-0.2578792,-0.2671156,-0.2537494,1
2.677295,6.552889,-11.14807,-0.3698514,-1.565496,-0.008854857,467.0018,391.1645,-398.9865,410.6557,-390.7203,-0.05573469,-0.2802503,0.007331545,-0.2555417,-0.2606517,-0.268275,-0.2552515,1
2.595127,6.310126,-11.5897,-0.3892995,-1.587529,-0.01303959,467.343,396.3256,-403.5012,412.5808,-393.27,-0.05970297,-0.2958616,0.008144174,-0.2589133,-0.263601,-0.2695326,-0.2569172,1
3.066707,6.575076,-11.31823,-0.4049595,-1.605206,-0.01315707,467.6848,401.5278,-408.1207,414.8313,-395.8557,-0.0638687,-0.3116604,0.009009978,-0.2623118,-0.2666189,-0.2710028,-0.2586064,1
3.164034,6.49042,-11.54118,-0.4241039,-1.626095,-0.01611149,468.0273,406.8901,-412.9815,416.8748,-398.7292,-0.06826678,-0.3276758,0.009938372,-0.265815,-0.2697944,-0.2723378,-0.2604836,1
3.479967,6.603657,-11.48884,-0.4411204,-1.644708,-0.01756399,468.3703,413.0444,-417.4218,419.8344,-401.1246,-0.072869,-0.3438696,0.01093732,-0.2698355,-0.2726952,-0.2742712,-0.2620485,1
3.545434,6.481838,-11.76904,-0.4610906,-1.665648,-0.02105223,468.714,418.81,-422.8245,422.0988,-404.5287,-0.07771021,-0.3602692,0.01200961,-0.2736021,-0.2762247,-0.2757505,-0.2642723,1
3.733355,6.469269,-11.9094,-0.479876,-1.685148,-0.0237846,469.0583,425.6843,-428.0096,425.5139,-407.6713,-0.08278143,-0.3768535,0.01316671,-0.2780929,-0.279612,-0.2779816,-0.2663253,1
4.027198,6.550929,-11.92444,-0.4985262,-1.703769,-0.02597778,469.4031,432.6591,-433.6758,428.9988,-411.2919,-0.0880903,-0.3936204,0.01441174,-0.2826494,-0.2833137,-0.2802583,-0.2686906,1
3.858782,6.201817,-12.56146,-0.5209248,-1.725812,-0.03181904,469.7487,439.964,-440.164,432.4207,-415.7785,-0.0936695,-0.4105962,0.01574456,-0.2874216,-0.2875523,-0.2824937,-0.2716216,1
4.079283,6.208134,-12.71076,-0.5396963,-1.743789,-0.03492695,470.0948,447.4107,-446.9837,436.2345,-420.5233,-0.09950307,-0.4277653,0.01715038,-0.2922865,-0.2920075,-0.2849852,-0.2747213,1
3.849561,5.794899,-13.4471,-0.5614458,-1.76446,-0.04128522,470.4415,455.1637,-453.1054,440.0235,-424.6179,-0.1056028,-0.4451157,0.01866494,-0.2973514,-0.2960067,-0.2874605,-0.2773963,1
4.505513,6.196792,-13.01921,-0.5771198,-1.777564,-0.04136346,470.7888,462.5979,-459.3661,443.9981,-428.7729,-0.1119477,-0.462617,0.02027605,-0.302208,-0.3000967,-0.2900571,-0.2801107,1
4.615966,6.091909,-13.3063,-0.5977284,-1.794798,-0.04558354,471.1367,470.8015,-465.1529,448.2632,-432.5406,-0.1185783,-0.4802717,0.02203425,-0.3075673,-0.3038771,-0.2928434,-0.282572,1
4.919705,6.162696,-13.35466,-0.6173808,-1.80996,-0.04897192,471.4852,478.7308,-471.2391,452.299,-436.5888,-0.1254933,-0.4980768,0.02391201,-0.3127474,-0.3078532,-0.2954799,-0.2852167,1
4.73841,5.783259,-13.91193,-0.6405625,-1.828101,-0.05616948,471.8343,481.2823,-472.3873,450.5845,-435.7458,-0.132724,-0.5160463,0.02592287,-0.3144142,-0.3086033,-0.2943598,-0.284666,1
5.529789,6.301136,-13.07954,-0.6561686,-1.836863,-0.05643963,472.184,484.1831,-472.3386,449.8701,-433.6081,-0.1402233,-0.5341046,0.02807939,-0.3163093,-0.3085715,-0.2938931,-0.2832694,1
5.464347,6.026571,-13.36424,-0.6800106,-1.851908,-0.06350321,472.5341,486.6246,-473.0276,447.9626,-432.3851,-0.1480722,-0.5523011,0.03040095,-0.3179043,-0.3090216,-0.2926469,-0.2824704,1
5.708896,6.036978,-13.24201,-0.7004572,-1.862211,-0.06876963,472.8849,489.1984,-473.4855,446.4418,-430.8742,-0.1562428,-0.570605,0.03285725,-0.3195857,-0.3093207,-0.2916535,-0.2814834,1
5.998213,6.088124,-13.0587,-0.7202891,-1.870127,-0.07384806,473.236,491.8516,-473.835,445.0298,-429.2835,-0.1647385,-0.5889804,0.03547841,-0.321319,-0.309549,-0.2907311,-0.2804442,1
5.804339,5.692771,-13.50349,-0.7439578,-1.879976,-0.08294092,473.5876,494.1722,-475.0696,442.3835,-428.3746,-0.1736038,-0.6074631,0.03824656,-0.322835,-0.3103555,-0.2890022,-0.2798505,1
5.937179,5.598693,-13.51867,-0.762521,-1.882132,-0.08969416,473.9396,498.2175,-474.8895,441.2366,-425.6563,-0.1827773,-0.6259416,0.04118888,-0.3254777,-0.3102379,-0.288253,-0.2780746,1
6.222781,5.645998,-13.33127,-0.779332,-1.87454,-0.09581147,474.292,499.9516,-476.1213,438.7197,-424.5937,-0.1922718,-0.6443794,0.0442775,-0.3270115,-0.3110427,-0.2866087,-0.2773804,1
5.786127,5.027986,-14.05595,-0.800272,-1.865379,-0.1074392,474.6447,500,-476.0831,437.2144,-422.5327,-0.2020878,-0.662695,0.04753083,-0.3293662,-0.3110177,-0.2856254,-0.276034,1
5.96398,4.984231,-13.96995,-0.8298219,-1.856658,-0.1147297,474.9976,500,-476.5221,434.722,-421.4062,-0.2122923,-0.6809078,0.05090728,-0.3314436,-0.3113045,-0.2839971,-0.2752981,1
6.323531,5.112325,-13.62316,-0.864879,-1.849701,-0.1203845,475.3508,500,-476.5894,432.2321,-420.1713,-0.2230148,-0.6990522,0.0544668,-0.333833,-0.3113485,-0.2823705,-0.2744913,1
7.007924,5.543717,-12.84474,-0.904263,-1.845288,-0.1236204,475.7042,500,-475.1262,430.959,-417.5795,-0.2343271,-0.717126,0.05826747,-0.3373137,-0.3103926,-0.2815388,-0.2727982,1
6.743009,5.101317,-13.28784,-0.9590005,-1.855506,-0.1342176,476.0577,500,-474.7578,427.687,-416.3892,-0.2463794,-0.7352492,0.06233439,-0.3404697,-0.3101519,-0.2794012,-0.2720206,1
6.881247,5.031788,-13.2035,-1.013718,-1.866372,-0.1418633,476.4113,500,-474.1803,424.5145,-414.9681,-0.2592295,-0.7534669,0.06667727,-0.3438477,-0.3097746,-0.2773287,-0.2710922,1
7.319912,5.239685,-12.71263,-1.065978,-1.875835,-0.1470562,476.7649,500,-472.4712,422.4824,-412.3652,-0.272902,-0.7717376,0.07138021,-0.3479922,-0.3086581,-0.2760012,-0.2693918,1
7.430937,5.146622,-12.63564,-1.126579,-1.892285,-0.1550487,477.1185,500,-471.5391,419.1074,-410.7418,-0.2875164,-0.7901451,0.07647385,-0.3518666,-0.3080491,-0.2737963,-0.2683312,1
7.549091,5.060039,-12.54538,-1.188426,-1.909929,-0.1630692,477.4721,500,-469.3875,416.7525,-407.928,-0.3031313,-0.808674,0.08202189,-0.3566487,-0.3066436,-0.2722579,-0.2664931,1
7.921287,5.20946,-12.10831,-1.25199,-1.928027,-0.1695493,477.8256,500,-467.6809,413.7169,-405.6452,-0.3198169,-0.8273424,0.0880676,-0.3612381,-0.3055286,-0.2702748,-0.2650017,1
7.768687,4.874959,-12.34307,-1.321552,-1.951402,-0.1802057,478.1789,500,-464.8259,411.3617,-402.3492,-0.3376951,-0.8461508,0.09471779,-0.3667952,-0.3036635,-0.2687362,-0.2628484,1
7.654633,4.578102,-12.52149,-1.396021,-1.97788,-0.1912941,478.532,500,-462.7478,407.8046,-399.9746,-0.3568646,-0.8651597,0.1019914,-0.3720278,-0.3023059,-0.2664124,-0.2612972,1
7.835992,4.555009,-12.30051,-1.467221,-2.000775,-0.2003893,478.8848,500,-459.673,405.2347,-396.5674,-0.3773984,-0.884329,0.1099867,-0.3779413,-0.3002972,-0.2647336,-0.2590713,1
8.063725,4.577701,-12.00365,-1.54081,-2.024186,-0.2097559,479.2373,500,-456.0022,402.9431,-392.6888,-0.3993997,-0.9036395,0.1188022,-0.3843702,-0.2978992,-0.2632365,-0.2565375,1
8.271629,4.586173,-11.71664,-1.619016,-2.049757,-0.2201685,479.5894,500,-451.4335,401.1069,-388.0822,-0.4230072,-0.9230722,0.1285562,-0.3915638,-0.2949145,-0.2620369,-0.2535281,1
8.336938,4.468215,-11.59732,-1.704412,-2.080029,-0.2328798,479.941,500,-447.1766,398.3614,-383.9869,-0.448418,-0.9426791,0.1393602,-0.3988138,-0.2921335,-0.2602433,-0.2508527,1
8.115986,4.090378,-11.8389,-1.7939,-2.113651,-0.2487727,480.2922,500,-441.8423,396.2361,-378.8984,-0.47581,-0.9624553,0.1513645,-0.4070113,-0.2886487,-0.2588549,-0.2475284,1
8.477495,4.25693,-11.30312,-1.882293,-2.144336,-0.2616749,480.6428,500,-436.1199,394.2922,-373.4594,-0.5053196,-0.982375,0.1646967,-0.4155728,-0.2849104,-0.257585,-0.2439752,1
8.310858,3.943305,-11.42884,-1.977664,-2.180334,-0.2799467,480.9927,500,-429.5669,392.5204,-367.3566,-0.5372193,-1.002434,0.1795886,-0.4249982,-0.2806293,-0.2564274,-0.2399883,1
8.548296,4.012097,-11.01367,-2.075523,-2.216148,-0.2971834,481.3419,500,-421.965,391.348,-360.3148,-0.5717267,-1.022611,0.1962216,-0.4353305,-0.2756632,-0.2556615,-0.2353881,1
8.575049,3.897265,-10.84044,-2.17935,-2.255919,-0.3180648,481.6904,500,-413.537,390.3304,-352.5912,-0.6091641,-1.042881,0.2148806,-0.4465469,-0.2701572,-0.2549968,-0.2303423,1
8.615003,3.807431,-10.62554,-2.289959,-2.29973,-0.3415051,482.038,500,-404.2737,389.3871,-344.1943,-0.6499132,-1.063254,0.2358687,-0.4587002,-0.2641057,-0.2543805,-0.2248568,1
8.908512,3.96602,-10.04975,-2.403498,-2.344491,-0.3658765,482.3848,500,-393.392,389.447,-334.2438,-0.6943626,-1.083675,0.259546,-0.4722705,-0.2569968,-0.2544197,-0.2183563,1
8.761999,3.735332,-10.00917,-2.527663,-2.397311,-0.3969527,482.7306,500,-381.2372,389.6877,-323.2274,-0.7430538,-1.104114,0.2863827,-0.4872507,-0.2490563,-0.2545769,-0.2111595,1
8.758579,3.656387,-9.745743,-2.659643,-2.454805,-0.4310584,483.0753,500,-367.7009,390.2738,-310.9832,-0.7966023,-1.124544,0.3169046,-0.5037097,-0.2402133,-0.2549598,-0.2031605,1
8.531334,3.392759,-9.726242,-2.800622,-2.519031,-0.4713065,483.419,500,-352.0524,391.7516,-296.7696,-0.8557565,-1.14489,0.3517886,-0.5222527,-0.2299904,-0.2559252,-0.193875,1
8.268059,3.12162,-9.701768,-2.952253,-2.590464,-0.5172405,483.7615,500,-333.7052,394.4713,-280.0679,-0.9213746,-1.165038,0.3918177,-0.5433729,-0.2180044,-0.2577019,-0.182964,1
8.764753,3.583282,-8.614211,-3.112524,-2.665353,-0.5640698,484.1029,500,-312.7273,398.2727,-260.9733,-0.9945095,-1.184849,0.4379413,-0.5670683,-0.2042999,-0.2601853,-0.1704898,1
8.573509,3.444803,-8.335979,-3.294606,-2.757122,-0.6237148,484.443,500,-287.986,403.3166,-238.5969,-1.076634,-1.204152,0.4914647,-0.5945544,-0.1881368,-0.2634804,-0.1558717,1
8.60644,3.55369,-7.674331,-3.496196,-2.861947,-0.6910779,484.7817,500,-259.1958,409.6453,-212.7266,-1.169352,-1.222722,0.553815,-0.6261289,-0.1693286,-0.2676149,-0.138971,1
8.207332,3.311314,-7.420985,-3.722519,-2.984708,-0.7724288,485.119,500,-223.8871,415.0155,-185.0925,-1.274659,-1.240205,0.6267753,-0.6637402,-0.1462619,-0.2711231,-0.120918,1
7.834955,3.148976,-6.930755,-3.95184,-3.130975,-0.8657682,485.455,500,-182.1875,423.1116,-151.4561,-1.394606,-1.256097,0.7123258,-0.7076669,-0.1190202,-0.2764122,-0.0989439,1
7.46347,3.080267,-6.078431,-4.183125,-3.302993,-0.9745336,485.7895,500,-134.351,434.1389,-111.2247,-1.531196,-1.269679,0.8125262,-0.7579963,-0.08776945,-0.2836162,-0.07266138,1
7.157933,3.492078,-4.063881,-4.446714,-3.476096,-1.10918,486.1224,500,-80.02629,446.6327,-66.72885,-1.68563,-1.280008,0.9283187,-0.8143923,-0.05227993,-0.2917782,-0.04359292,1
5.664133,5.330815,-3.799063,-4.6183,-3.669023,-1.324845,486.4539,500,-29.41686,457.0242,-21.41181,-1.856833,-1.286173,1.058901,-0.8702709,-0.01921758,-0.2985668,-0.013988,1
5.372788,5.118972,-4.355492,-4.524769,-3.771405,-1.386772,486.784,500,-10,493.4063,-10,-2.037294,-1.286874,1.199402,-0.9337047,0.02303498,-0.3223346,0.03096097,1
5.191685,5.150816,-4.789822,-4.572779,-3.971889,-1.559386,487.1128,500,-10,500,-10,-2.222269,-1.28046,1.344806,-0.9997978,0.06658965,-0.3418981,0.07306286,1
5.058934,5.306847,-4.776839,-4.709249,-4.217588,-1.740425,487.4402,500,-10,500,-10,-2.40819,-1.266463,1.490214,-1.063905,0.1090448,-0.3561267,0.1089436,1
4.667114,5.243812,-5.098765,-4.835795,-4.432351,-1.925815,487.7662,500,-10,500,-10,-2.586417,-1.244449,1.626905,-1.121461,0.1488416,-0.3629585,0.1335345,1
4.626268,5.516571,-4.966184,-4.945951,-4.609497,-2.110917,488.0908,500,-10,500,-10,-2.750203,-1.214805,1.748183,-1.163918,0.1932857,-0.3606261,0.1593856,1
4.639444,5.842261,-4.767065,-5.040954,-4.751106,-2.297827,488.4139,500,-10,500,-10,-2.896683,-1.178486,1.851265,-1.179011,0.2474807,-0.3379066,0.1929897,1
4.18965,5.738225,-5.109025,-5.123976,-4.861732,-2.490222,488.7355,500,-10,472.4368,-10,-3.026066,-1.13659,1.936423,-1.180888,0.294722,-0.3086356,0.2186251,1
3.910285,5.781973,-4.802693,-5.107869,-4.869382,-2.677956,489.0555,500,-10,425.1368,-10,-3.139758,-1.09057,2.00561,-1.170544,0.3349464,-0.2777353,0.2383277,1
3.875816,5.983119,-4.219524,-4.84835,-4.659141,-2.848993,489.3741,500,-10,387.782,-10,-3.238386,-1.043056,2.0616,-1.149511,0.3686627,-0.253332,0.2557082,1
3.767659,6.040313,-3.879313,-4.37992,-4.26791,-3.003309,489.6911,500,-10,361.4858,-10,-3.323335,-0.9964933,2.108076,-1.121606,0.3956118,-0.2361531,0.2706304,1
3.478285,5.861524,-3.934301,-3.761409,-3.752035,-3.142295,490.0065,500,-10,347.9361,-10,-3.396314,-0.9525982,2.148595,-1.091039,0.4178273,-0.2273012,0.2834353,1
3.58854,5.996207,-3.61675,-3.053545,-3.166876,-3.264595,490.3204,500,-10,345.432,-10,-3.458905,-0.9123721,2.186057,-1.061967,0.4361483,-0.2256654,0.2953558,1
3.685768,6.076859,-3.442864,-2.317054,-2.568163,-3.377434,490.6328,500,-10,350.3858,-10,-3.512519,-0.8761286,2.22256,-1.036006,0.4509858,-0.2289016,0.3060155,1
4.109485,6.430091,-2.934901,-1.592281,-1.991882,-3.482457,490.9435,500,-10,360.6227,-10,-3.558364,-0.8437164,2.259509,-1.014084,0.4634912,-0.2355892,0.3155183,1
3.349377,5.670835,-4.03938,-0.9185581,-1.475741,-3.594382,491.2527,500,-10,371.3778,-10,-3.597454,-0.8146766,2.297693,-0.995379,0.4759088,-0.2426154,0.3253279,1
3.631068,5.86575,-3.795513,-0.2911552,-1.012835,-3.698907,491.5603,500,-10,382.718,-10,-3.630665,-0.7884333,2.337611,-0.9797423,0.4869911,-0.2500237,0.3342728,1
3.78003,5.930913,-3.76741,0.282077,-0.6128769,-3.805808,491.8663,500,-10,394.9966,-10,-3.658583,-0.7644547,2.379369,-0.9678837,0.4980795,-0.2580451,0.3435031,1
3.521502,5.621241,-4.270544,0.7918628,-0.28466,-3.918572,492.1706,500,-10,405.8466,-10,-3.681792,-0.7421311,2.42296,-0.9587395,0.5090105,-0.2651333,0.3525937,1
3.665917,5.68856,-4.241868,1.250575,-0.01629353,-4.031319,492.4734,500,-10,415.1518,-10,-3.700711,-0.7209578,2.468264,-0.9515001,0.5201958,-0.2712122,0.362009,1
3.895535,5.842265,-4.084895,1.662926,0.1958755,-4.146278,492.7744,500,-10,421.9676,-10,-3.715688,-0.7004584,2.515079,-0.9452472,0.5316576,-0.2756648,0.3717698,1
3.988992,5.879366,-4.078829,2.038076,0.3596499,-4.264498,493.0739,500,-10,427.6377,-10,-3.726929,-0.6803046,2.56321,-0.940318,0.5446405,-0.2793691,0.3832148,1
3.978127,5.776486,-4.913919,2.384501,0.4827109,-4.385632,493.3716,500,-10,500,-10,-3.734624,-0.6601857,2.612508,-1.169563,0.3229659,-0.5153937,0.1599472,1
4.085717,5.911965,-4.850791,2.388363,0.3073339,-4.532486,493.6677,500,-10,500,-10,-3.740421,-0.6382543,2.661505,-1.178673,0.3298324,-0.5132312,0.1600284,1
4.079369,5.962005,-4.84041,2.37728,0.1172071,-4.680761,493.962,500,-10,500,-10,-3.744995,-0.6137058,2.709737,-1.185763,0.334758,-0.5088102,0.1577721,1
4.051034,6.001434,-4.842342,2.368388,-0.07126477,-4.828493,494.2546,500,-10,500,-10,-3.74821,-0.586615,2.757161,-1.19245,0.3397205,-0.5047237,0.1554101,1
3.955891,5.987672,-4.915714,2.361078,-0.2570057,-4.976023,494.5455,500,-10,500,-10,-3.750001,-0.5570228,2.803804,-1.198136,0.3442789,-0.5005272,0.1523408,1
3.617835,5.756861,-5.291128,2.35372,-0.4399996,-5.124659,494.8345,500,-10,500,-10,-3.750275,-0.5250567,2.849712,-1.203107,0.3498188,-0.4975685,0.1488137,1
3.498732,5.734712,-5.365863,2.349041,-0.6153343,-5.270994,495.1218,500,-10,500,-10,-3.749007,-0.4907982,2.894992,-1.206664,0.354768,-0.4943722,0.1442248,1
3.880596,6.180784,-4.772217,2.348405,-0.7795005,-5.412957,495.4073,500,-10,500,-10,-3.746127,-0.4544245,2.939751,-1.210289,0.3606119,-0.4924795,0.1401133,1
3.740698,6.148972,-4.847006,2.34395,-0.9390634,-5.558134,495.691,500,-10,500,-10,-3.741641,-0.4160526,2.984128,-1.213266,0.3664319,-0.4905958,0.1353869,1
3.577106,6.098322,-4.940851,2.33831,-1.088832,-5.702902,495.9729,500,-10,500,-10,-3.735579,-0.3757812,3.028315,-1.215192,0.3718491,-0.4884871,0.1297869,1
3.533409,6.159959,-4.867937,2.331499,-1.226353,-5.846305,496.253,500,-10,500,-10,-3.727895,-0.333835,3.072497,-1.217543,0.3784895,-0.4878133,0.1248238,1
3.453707,6.187581,-4.834368,2.321265,-1.351527,-5.989676,496.5313,500,-10,500,-10,-3.718628,-0.2903436,3.116894,-1.218749,0.3847738,-0.4869084,0.1188401,1
3.176771,6.028893,-5.05399,2.305109,-1.464433,-6.134477,496.8077,500,-10,500,-10,-3.707755,-0.2455328,3.161726,-1.220448,0.3923174,-0.4873008,0.113388,1
2.86501,5.82922,-5.318591,2.28255,-1.562934,-6.279875,497.0822,500,-10,500,-10,-3.695289,-0.1995843,3.207254,-1.221462,0.3999792,-0.487825,0.1072648,1
3.392602,6.390011,-4.490554,2.257806,-1.639882,-6.419847,497.3549,500,-10,500,-10,-3.681213,-0.1527238,3.253743,-1.222254,0.4083694,-0.4892331,0.1010747,1
2.891485,5.977402,-5.014232,2.215658,-1.710013,-6.568648,497.6257,500,-10,500,-10,-3.66551,-0.1052076,3.301421,-1.224068,0.4183823,-0.4919043,0.09554671,1
2.645076,5.769199,-5.217163,2.16265,-1.764607,-6.717144,497.8947,500,-10,500,-10,-3.64818,-0.05722857,3.350611,-1.225163,0.4285038,-0.4944471,0.0890626,1
2.846279,5.936612,-4.852239,2.097563,-1.804335,-6.864054,498.1617,500,-10,500,-10,-3.629198,-0.009031248,3.401567,-1.226777,0.4398434,-0.4979879,0.08287778,1
2.39156,5.456177,-5.369256,2.01024,-1.840787,-7.017394,498.4268,500,-10,500,-10,-3.608566,0.03917997,3.454545,-1.229324,0.452656,-0.5024961,0.0771205,1
2.426152,5.38858,-5.286526,1.906874,-1.868887,-7.168221,498.69,500,-10,500,-10,-3.586262,0.08722167,3.509842,-1.231914,0.4661756,-0.5074346,0.07112931,1
2.611861,5.433602,-5.063483,1.784917,-1.895349,-7.318254,498.9514,500,-10,500,-10,-3.562234,0.1348675,3.567673,-1.235983,0.4816857,-0.5140322,0.06628628,1
2.547314,5.245843,-5.231688,1.644325,-1.92703,-7.469569,499.2107,500,-10,500,-10,-3.536439,0.1819724,3.628278,-1.241102,0.4986141,-0.5217527,0.06219729,1
2.849595,5.431964,-4.960854,1.495906,-1.961311,-7.617249,499.4682,500,-10,500,-10,-3.508724,0.2283536,3.691899,-1.247436,0.5171918,-0.5312512,0.05945249,1
2.773228,5.335106,-5.164634,1.343169,-2.002717,-7.768013,499.7237,500,-10,500,-10,-3.4789,0.2738623,3.758784,-1.254442,0.5367822,-0.5420809,0.05769743,1
2.734102,5.342304,-5.239469,1.195534,-2.04257,-7.921954,499.9773,500,-10,500,-10,-3.446636,0.3182462,3.82926,-1.261803,0.5573335,-0.5554777,0.05790381,1
2.717217,5.402366,-5.198237,1.053004,-2.073346,-8.0828,500.2289,500,-10,500,-10,-3.41156,0.3611435,3.903709,-1.268847,0.5782619,-0.5709293,0.05947068,1
2.703303,5.441838,-5.126842,0.9093211,-2.089771,-8.252081,500.4786,500,-10,500,-10,-3.373349,0.4021143,3.982575,-1.27587,0.5999636,-0.5875121,0.06137506,1
3.028264,5.737108,-4.669802,0.7589794,-2.088902,-8.424681,500.7264,500,-10,500,-10,-3.331752,0.4405998,4.066269,-1.283885,0.6234556,-0.6060865,0.06447235,1
2.694171,5.382189,-5.170816,0.5913942,-2.082158,-8.601646,500.9722,500,-10,500,-10,-3.286693,0.476054,4.155089,-1.293357,0.6488502,-0.6264169,0.0688801,1
3.125139,5.754969,-4.730025,0.4217108,-2.062866,-8.765575,501.2162,500,-10,500,-10,-3.238139,0.5078518,4.249161,-1.305575,0.6774335,-0.6503128,0.07641052,1
2.931951,5.634194,-5.075662,0.2532366,-2.043088,-8.924319,501.4582,500,-10,500,-10,-3.186216,0.5354524,4.348383,-1.320525,0.7087231,-0.6773938,0.08715212,1
2.843741,5.703406,-5.203442,0.1049954,-2.014925,-9.076403,501.6982,500,-10,500,-10,-3.131035,0.5582496,4.452526,-1.338164,0.7425983,-0.7081785,0.1017007,1
2.366648,5.458389,-5.775862,-0.01748077,-1.98025,-9.231731,501.9364,500,-10,500,-10,-3.072825,0.5756329,4.561171,-1.35594,0.7761561,-0.742695,0.1204351,1
2.774486,6.01325,-5.172447,-0.1026151,-1.931245,-9.38427,502.1727,500,-10,500,-10,-3.011956,0.5869971,4.673752,-1.373456,0.8088757,-0.7799232,0.14246,1
2.633566,6.004965,-5.286521,-0.1637022,-1.883502,-9.543563,502.4071,500,-10,500,-10,-2.949117,0.5918698,4.789458,-1.391412,0.8407703,-0.8186781,0.1672766,1
2.786389,6.208357,-5.009574,-0.2032511,-1.83319,-9.699892,502.6396,500,-10,500,-10,-2.885226,0.5898446,4.907301,-1.40822,0.8698909,-0.8603609,0.196647,1
2.620936,6.076401,-5.125916,-0.2366641,-1.783411,-9.854686,502.8702,500,-10,500,-10,-2.821525,0.5806885,5.026105,-1.425795,0.8977444,-0.902082,0.2280891,1
2.927866,6.362409,-4.599589,-0.2687854,-1.723151,-9.994615,503.099,500,-10,500,-10,-2.759401,0.5642499,5.144585,-1.445421,0.9255843,-0.9444281,0.2622218,1
2.603694,6.06095,-4.885234,-0.3141986,-1.6556,-10,503.3259,500,-10,500,-10,-2.700627,0.5408087,5.260959,-1.476714,0.962414,-0.9954319,0.307689,1
2.60427,6.057764,-4.756108,-0.3689408,-1.570033,-10,503.551,500,-10,500,-10,-2.646898,0.5110401,5.373351,-1.517981,1.002885,-1.049371,0.3624241,1
2.408439,5.865908,-4.912598,-0.4363155,-1.469928,-10,503.7744,500,-10,500,-10,-2.598991,0.4754035,5.481337,-1.557418,1.040744,-1.099591,0.4142215,1
2.44092,5.870604,-4.810884,-0.5116624,-1.353688,-10,503.9958,500,-10,500,-10,-2.557462,0.4344737,5.58463,-1.595241,1.076532,-1.146555,0.4632207,1
2.427709,5.813641,-4.810847,-0.5951052,-1.226293,-10,504.2155,500,-10,500,-10,-2.522606,0.3888773,5.683238,-1.632625,1.111396,-1.191252,0.510437,1
2.451393,5.769823,-4.800723,-0.6847005,-1.090262,-10,504.4333,500,-10,500,-10,-2.494498,0.3392386,5.777406,-1.66896,1.144758,-1.233127,0.5552853,1
2.426651,5.661786,-4.885741,-0.7800779,-0.949214,-10,504.6493,500,-10,500,-10,-2.473083,0.2861847,5.867529,-1.704291,1.176669,-1.272213,0.5977919,1
2.833828,5.936831,-4.432085,-0.8770616,-0.8020468,-10,504.8635,500,-10,500,-10,-2.458227,0.2303343,5.954135,-1.739085,1.207707,-1.309198,0.6385329,1
2.552794,5.564483,-4.897111,-0.9825328,-0.6596592,-10,505.0757,500,-10,500,-10,-2.449763,0.172266,6.037831,-1.773686,1.238053,-1.344055,0.6776443,1
2.734884,5.613976,-4.771273,-1.087183,-0.5150924,-10,505.2863,500,-10,500,-10,-2.447521,0.1125372,6.119279,-1.807948,1.267799,-1.37723,0.7153348,1
2.816414,5.57046,-4.784722,-1.193226,-0.3743405,-10,505.4949,500,-10,500,-10,-2.451334,0.05165525,6.199144,-1.843945,1.29564,-1.40738,0.7536414,1
2.719071,5.368389,-5.032248,-1.298935,-0.2393424,-10,505.7016,500,-10,500,-10,-2.461124,-0.009835985,6.278157,-1.881034,1.32277,-1.435794,0.7920144,1
2.918503,5.454936,-4.883347,-1.398105,-0.107395,-10,505.9065,500,-10,500,-10,-2.476789,-0.07146112,6.357005,-1.918834,1.349804,-1.463325,0.8303118,1
3.189911,5.630555,-4.621427,-1.488844,0.01926904,-10,506.1095,500,-10,500,-10,-2.498264,-0.1327488,6.436378,-1.9576,1.377001,-1.490313,0.8688686,1
2.730361,5.160868,-5.286342,-1.57295,0.1346077,-10,506.3107,500,-10,500,-10,-2.525603,-0.1931527,6.517019,-1.997733,1.404673,-1.517004,0.9080203,1
3.106532,5.498163,-4.828178,-1.635919,0.2517753,-10,506.51,500,-10,500,-10,-2.558806,-0.2521796,6.599607,-2.039099,1.433017,-1.544074,0.948112,1
3.402207,5.793906,-4.450984,-1.681847,0.3658148,-10,506.7074,500,-10,500,-10,-2.59791,-0.3093218,6.684809,-2.082099,1.462283,-1.571665,0.9894391,1
3.420948,5.855025,-4.431735,-1.712135,0.478165,-10,506.9029,500,-10,500,-10,-2.643001,-0.3640452,6.773261,-2.127002,1.492889,-1.600054,1.032124,1
3.499906,5.971842,-4.359043,-1.727231,0.594275,-10,507.0966,500,-10,500,-10,-2.694193,-0.4157985,6.865553,-2.174487,1.525643,-1.629042,1.075844,1
2.783746,5.328207,-5.375815,-1.737951,0.7087524,-10,507.2884,500,-10,500,-10,-2.751609,-0.4640144,6.962196,-2.225546,1.56148,-1.658061,1.120083,1
3.238675,5.720169,-4.921001,-1.735724,0.8350523,-10,507.4783,500,-10,500,-10,-2.815318,-0.5081021,7.063599,-2.27878,1.599409,-1.688846,1.166175,1
3.197304,5.602904,-5.150222,-1.735386,0.9552996,-10,507.6663,500,-10,500,-10,-2.885353,-0.5473614,7.170053,-2.334665,1.639657,-1.72117,1.214134,1
3.565787,5.836201,-4.829626,-1.729556,1.069402,-10,507.8524,500,-10,500,-10,-2.961532,-0.5810152,7.281643,-2.392982,1.682235,-1.755314,1.264018,1
3.734621,5.90094,-4.70588,-1.716789,1.166443,-10,508.0367,500,-10,500,-10,-3.043336,-0.6082252,7.398155,-2.453558,1.727035,-1.791279,1.315759,1
3.79884,5.923175,-4.647788,-1.688643,1.244703,-10,508.219,500,-10,500,-10,-3.129836,-0.6281132,7.518984,-2.515762,1.773792,-1.829192,1.369118,1
3.640786,5.798643,-4.853386,-1.639138,1.303704,-10,508.3994,500,-10,500,-10,-3.219553,-0.6399556,7.643059,-2.578768,1.822083,-1.868994,1.423636,1
3.591764,5.807832,-4.947217,-1.561762,1.345882,-10,508.5781,500,-10,500,-10,-3.310598,-0.6431858,7.768904,-2.643878,1.873691,-1.908158,1.476302,1
4.025426,6.270565,-4.465629,-1.453582,1.372927,-10,508.7549,500,-10,500,-10,-3.400758,-0.6375264,7.894758,-2.708184,1.926309,-1.948133,1.527964,1
4.169887,6.469024,-4.395569,-1.323453,1.379003,-10,508.9298,500,-10,500,-10,-3.487787,-0.6229942,8.01879,-2.77066,1.979135,-1.988429,1.577911,1
3.656509,6.072052,-5.175754,-1.178373,1.363348,-10,509.103,500,-10,500,-10,-3.569685,-0.599859,8.139318,-2.830378,2.031433,-2.028579,1.62548,1
4.007109,6.493261,-4.78646,-1.010425,1.340106,-10,509.2743,500,-10,500,-10,-3.644779,-0.5687326,8.255049,-2.886255,2.082469,-2.068594,1.670336,1
4.039052,6.639613,-4.763502,-0.8290174,1.301822,-10,509.4438,500,-10,500,-10,-3.711906,-0.5303643,8.365139,-2.938042,2.131718,-2.108027,1.712309,1
3.862443,6.608808,-4.968359,-0.6345742,1.250739,-10,509.6115,500,-10,500,-10,-3.770365,-0.4856136,8.469224,-2.985531,2.178806,-2.146783,1.751465,1
3.535338,6.450369,-5.332839,-0.4288449,1.189072,-10,509.7773,500,-10,500,-10,-3.819849,-0.4353939,8.567369,-3.028067,2.224315,-2.185568,1.787278,1
3.990122,7.022032,-4.643889,-0.208319,1.126263,-10,509.9413,500,-10,500,-10,-3.86034,-0.3806319,8.659992,-3.066253,2.267893,-2.224128,1.820446,1
3.536677,6.757421,-5.112172,0.01174918,1.05168,-10,510.1036,500,-10,500,-10,-3.892096,-0.3221318,8.747664,-3.101566,2.308946,-2.26146,1.852037,1
3.588991,6.957221,-4.894042,0.2375524,0.9785208,-10,510.264,500,-10,500,-10,-3.915423,-0.2607091,8.831164,-3.134143,2.347793,-2.29807,1.882377,1
3.556649,7.069062,-4.765875,0.4610819,0.9041606,-10,510.4226,500,-10,500,-10,-3.930711,-0.1970745,8.911305,-3.164569,2.384858,-2.334048,1.911715,1
3.276774,6.93563,-4.947362,0.6771511,0.8288339,-10,510.5794,500,-10,500,-10,-3.938349,-0.1318746,8.988926,-3.193361,2.42057,-2.369572,1.940318,1
2.771198,6.571217,-5.417941,0.8818487,0.7536902,-10,510.7343,500,-10,500,-10,-3.938667,-0.06572619,9.064887,-3.221013,2.455361,-2.40486,1.968469,1
2.808586,6.68207,-5.181242,1.076732,0.6850951,-10,510.8875,500,-10,500,-10,-3.931962,0.0008152477,9.140017,-3.247425,2.490036,-2.4407,1.996045,1
2.738618,6.665841,-5.092347,1.253973,0.6179617,-10,511.0388,500,-10,500,-10,-3.918429,0.06718952,9.215155,-3.272597,2.525618,-2.477786,2.022721,1
2.891204,6.828601,-4.721922,1.413171,0.55459,-10,511.1883,500,-10,500,-10,-3.898206,0.132865,9.291108,-3.297655,2.561822,-2.515662,2.049452,1
2.746905,6.692391,-4.746172,1.548133,0.4911457,-10,511.3358,500,-10,500,-10,-3.87142,0.1973478,9.368629,-3.323094,2.598932,-2.554457,2.076575,1
2.393343,6.337489,-5.04877,1.656291,0.4294509,-10,511.4816,500,-10,500,-10,-3.838076,0.2600727,9.448504,-3.349232,2.637352,-2.594502,2.104339,1
2.232461,0.1298577,-10.11029,1.736461,0.3744016,-10,511.6255,500,-10,500,-10,-3.798199,0.3204713,9.531481,-3.376343,2.677461,-2.636144,2.132983,1
2.082125,-0.1054861,-10.18405,1.783837,0.3255507,-10,511.7676,500,-10,500,-10,-3.751774,0.3779017,9.618297,-3.404804,2.719621,-2.679618,2.162756,1
2.186868,-0.1435107,-9.969055,1.799005,0.2834696,-10,511.9078,500,-10,500,-10,-3.698809,0.4316853,9.709615,-3.434844,2.764074,-2.725243,2.19397,1
2.267111,-0.2355319,-9.842069,1.781816,0.2426615,-10,512.0462,500,-10,500,-10,-3.639378,0.481139,9.80597,-3.466716,2.810929,-2.773211,2.226953,1
2.474848,-0.2306571,-9.603937,1.736308,0.2009031,-10,512.1827,500,-10,500,-10,-3.573636,0.5255601,9.907725,-3.50049,2.860166,-2.823749,2.26203,1
2.226948,-0.6582277,-10.00457,1.660443,0.1521597,-10,512.3175,500,-10,500,-10,-3.501943,0.564275,10.015,-3.536274,2.91174,-2.876854,2.299345,1
2.335236,-0.7606275,-9.968179,1.56078,0.1032513,-10,512.4504,500,-10,500,-10,-3.42489,0.5966053,10.12764,-3.572755,2.964303,-2.933709,2.340117,1
2.386346,-0.9150738,-10.02615,1.435682,0.05217059,-10,512.5815,500,-10,500,-10,-3.343419,0.6219479,10.24516,-3.610905,3.018546,-2.992925,2.38324,1
2.290931,-1.202235,-10.29675,1.287107,-0.00134338,-10,512.7108,500,-10,500,-10,-3.258746,0.6397327,10.36668,-3.651094,3.074518,-3.053434,2.427967,1
2.911006,-0.8244494,-9.659883,1.124525,-0.05107984,-10,512.8383,500,-10,500,-10,-3.172457,0.6495963,10.49101,-3.692865,3.131522,-3.114681,2.473981,1
2.988342,-0.941031,-9.761447,0.9427236,-0.1074304,-10,512.9641,500,-10,500,-10,-3.086365,0.6513912,10.61668,-3.736126,3.188818,-3.175545,2.520809,1
2.917995,-1.180083,-10.08067,0.7482034,-0.1677917,-10,513.088,500,-10,500,-10,-3.002337,0.6451874,10.74211,-3.780392,3.245583,-3.235209,2.567975,1
3.237675,-1.035685,-9.904957,0.5490789,-0.2281701,-10,513.2101,500,-10,500,-10,-2.922141,0.6313066,10.86582,-3.823501,3.29941,-3.294607,2.616656,1
3.095884,-1.285789,-10.33451,0.3445346,-0.2950483,-10,513.3305,500,-10,500,-10,-2.847278,0.6102821,10.98658,-3.86587,3.350342,-3.352292,2.665777,1
3.199119,-1.270595,-10.43521,0.1451068,-0.3626018,-10,513.4492,500,-10,500,-10,-2.778847,0.5827774,11.10347,-3.907479,3.398482,-3.407544,2.714498,1
3.65939,-0.8820561,-10.05123,-0.04281171,-0.4292887,-10,513.566,500,-10,500,-10,-2.717541,0.5495616,11.216,-3.948215,3.443648,-3.460046,2.762569,1
3.627449,-0.9024763,-10.28396,-0.2198959,-0.5006822,-10,513.681,500,-10,500,-10,-2.663663,0.5114175,11.32398,-3.988154,3.485851,-3.509579,2.809838,1
3.687507,-0.7912257,-10.36339,-0.3773857,-0.570998,-10,513.7943,500,-10,500,-10,-2.617216,0.4691322,11.42754,-4.027146,3.525203,-3.556391,2.856292,1
3.898281,-0.4947177,-10.20678,-0.510918,-0.6382422,-10,513.9058,500,-10,500,-10,-2.577947,0.4234065,11.52697,-4.065264,3.561835,-3.600662,2.902047,1
4.267032,-0.008445032,-9.799648,-0.6173475,-0.700564,-10,514.0155,500,-10,500,-10,-2.545487,0.3749103,11.62272,-4.104541,3.594029,-3.640725,2.949194,1
4.230894,0.1435219,-9.873685,-0.6984993,-0.7602898,-10,514.1234,500,-10,500,-10,-2.519374,0.324214,11.71529,-4.14266,3.624593,-3.679309,2.995332,1
3.937043,0.09127792,-10.23502,-0.7523242,-0.8141141,-10,514.2296,500,-10,500,-10,-2.499152,0.2718556,11.80522,-4.179658,3.653869,-3.716828,3.040574,1
3.878144,0.2823066,-10.24072,-0.7754692,-0.8560601,-10,514.334,500,-10,500,-10,-2.484325,0.2182425,11.89301,-4.215555,3.682065,-3.753674,3.08512,1
3.851779,0.520395,-10.15794,-0.7704918,-0.8856916,-10,514.4365,500,-10,500,-10,-2.474471,0.1637572,11.97916,-4.250552,3.709449,-3.79006,3.129119,1
3.743429,0.6897948,-10.14073,-0.7402982,-0.9021994,-10,514.5374,500,-10,500,-10,-2.469173,0.1086778,12.0641,-4.284861,3.736291,-3.826128,3.172654,1
3.598753,0.8224542,-10.13515,-0.6875381,-0.903916,-10,514.6364,500,-10,500,-10,-2.468148,0.05330951,12.14828,-4.318669,3.76286,-3.862071,3.215836,1
3.284895,0.7851486,-10.32158,-0.6168869,-0.8909655,-10,514.7336,500,-10,500,-10,-2.471107,-0.002149235,12.23207,-4.35219,3.789398,-3.897979,3.258729,1
3.401192,1.121077,-9.925418,-0.5286291,-0.8582523,-10,514.8291,500,-10,500,-10,-2.477865,-0.05749938,12.31586,-4.385517,3.816137,-3.934075,3.301411,1
3.060868,1.000558,-10.11487,-0.4340859,-0.8125945,-10,514.9229,500,-10,500,-10,-2.488351,-0.1125295,12.40001,-4.419066,3.843376,-3.970256,3.343903,1
3.106895,1.193804,-9.799497,-0.3329809,-0.747857,-10,515.0149,500,-10,500,-10,-2.502534,-0.1670669,12.4849,-4.454574,3.869688,-4.00508,3.387923,1
2.563075,0.7927113,-10.26469,-0.2379228,-0.6722749,-10,515.1051,500,-10,500,-10,-2.520509,-0.2209075,12.57089,-4.491866,3.896037,-4.039042,3.432828,1
2.401688,0.6924925,-10.24964,-0.1476917,-0.5792798,-10,515.1936,500,-10,500,-10,-2.542416,-0.2738615,12.65836,-4.530402,3.923177,-4.072985,3.478167,1
2.298093,0.591737,-10.18752,-0.06947175,-0.4726637,-10,515.2804,500,-10,500,-10,-2.568491,-0.3257035,12.74772,-4.570539,3.951465,-4.106888,3.523918,1
2.194741,0.4369937,-10.16279,-0.007577456,-0.3547456,-10,515.3654,500,-10,500,-10,-2.59904,-0.3761737,12.83938,-4.612625,3.981178,-4.140751,3.570154,1
2.082923,0.2220378,-10.19482,0.03518683,-0.2281619,-10,515.4488,500,-10,500,-10,-2.634453,-0.4249367,12.93381,-4.656966,4.012592,-4.174651,3.616982,1
1.933803,-0.07484355,-10.3264,0.05722062,-0.09633975,-10,515.5305,500,-10,500,-10,-2.675144,-0.4715983,13.03148,-4.703873,4.045977,-4.208675,3.664528,1
1.99453,-0.2181177,-10.23728,0.06044689,0.03876711,-10,515.6104,500,-10,500,-10,-2.721531,-0.51568,13.13288,-4.753716,4.081722,-4.24285,3.7128,1
2.133645,-0.3215371,-10.09978,0.04556605,0.1717056,-10,515.6887,500,-10,500,-10,-2.773968,-0.5566291,13.23844,-4.807985,4.121287,-4.276051,3.760705,1
2.126742,-0.5845191,-10.20541,0.01325764,0.296248,-10,515.7652,500,-10,500,-10,-2.832722,-0.5937846,13.34855,-4.865135,4.163126,-4.310132,3.810097,1
2.584066,-0.4343378,-9.753203,-0.02997497,0.4131415,-10,515.8401,500,-10,500,-10,-2.897904,-0.6263843,13.46341,-4.925071,4.207222,-4.34537,3.861175,1
2.525666,-0.7665653,-10.01752,-0.08847681,0.5113673,-10,515.9132,500,-10,500,-10,-2.969344,-0.6536147,13.583,-4.987775,4.253692,-4.381753,3.913793,1
2.427237,-1.131185,-10.36993,-0.1553113,0.5910274,-10,515.9847,500,-10,500,-10,-3.046561,-0.6745779,13.70694,-5.052756,4.302438,-4.419473,3.967747,1
2.659915,-1.175206,-10.31849,-0.2227026,0.6507023,-10,516.0544,500,-10,500,-10,-3.128539,-0.6884544,13.83444,-5.119272,4.353148,-4.4586,4.02268,1
3.119732,-0.9849275,-9.993301,-0.2853512,0.6848924,-10,516.1225,500,-10,500,-10,-3.213799,-0.6944721,13.96423,-5.187043,4.405945,-4.498374,4.077428,1
3.414356,-0.910949,-9.900885,-0.3410188,0.6871908,-10,516.1888,500,-10,500,-10,-3.300439,-0.6919869,14.09464,-5.256523,4.461675,-4.536952,4.129755,1
3.806082,-0.6932811,-9.684365,-0.3856556,0.6601324,-10,516.2535,500,-10,500,-10,-3.386254,-0.6806414,14.22374,-5.324954,4.518111,-4.575486,4.180285,1
3.851383,-0.7202423,-9.89142,-0.421963,0.6055391,-10,516.3165,500,-10,500,-10,-3.469045,-0.6604044,14.34956,-5.391094,4.574386,-4.613598,4.228262,1
3.627522,-0.9089328,-10.37972,-0.4464746,0.5302929,-10,516.3778,500,-10,500,-10,-3.54687,-0.6315776,14.4704,-5.453855,4.629597,-4.65097,4.273184,1
3.998905,-0.4747523,-9.999864,-0.4452524,0.4427006,-10,516.4374,500,-10,500,-10,-3.618138,-0.5947725,14.58506,-5.512101,4.682832,-4.687725,4.31495,1
4.072082,-0.2728612,-9.937475,-0.4181683,0.3340066,-10,516.4954,500,-10,500,-10,-3.681747,-0.550676,14.69278,-5.56548,4.733442,-4.723604,4.353599,1
3.619119,-0.5285462,-10.52359,-0.3715729,0.2061741,-10,516.5516,500,-10,500,-10,-3.737076,-0.5001107,14.79336,-5.613985,4.781197,-4.758439,4.389184,1
4.159287,0.1665581,-9.794621,-0.3083379,0.08346937,-10,516.6063,500,-10,500,-10,-3.784035,-0.4439974,14.88706,-5.656295,4.827585,-4.793764,4.42043,1
3.740779,0.011879,-10.30154,-0.2503951,-0.03737044,-10,516.6594,500,-10,500,-10,-3.822979,-0.3832461,14.97446,-5.694993,4.871243,-4.827489,4.449197,1
3.94361,0.4654927,-9.957705,-0.1810472,-0.1428744,-10,516.7108,500,-10,500,-10,-3.854325,-0.3187676,15.05643,-5.730126,4.912299,-4.860275,4.476059,1
4.038436,0.8559874,-9.674879,-0.09272041,-0.2445713,-10,516.7604,500,-10,500,-10,-3.878439,-0.2512806,15.13382,-5.762128,4.950828,-4.892395,4.501652,1
3.746352,0.9317772,-9.774289,0.01594746,-0.3434421,-10,516.8085,500,-10,500,-10,-3.895562,-0.1814331,15.20752,-5.791496,4.98721,-4.924094,4.526337,1
3.536157,1.125695,-9.62314,0.1346696,-0.418432,-10,516.855,500,-10,500,-10,-3.905984,-0.109892,15.27851,-5.818615,5.02221,-4.955797,4.550158,1
2.907723,0.945106,-9.928834,0.2442489,-0.4519207,-10,516.8999,500,-10,500,-10,-3.910069,-0.03741791,15.3479,-5.844179,5.056809,-4.987734,4.573059,1
2.988178,1.350319,-9.355292,0.3549179,-0.4353369,-10,516.9431,500,-10,500,-10,-3.908007,0.03518857,15.41688,-5.868205,5.091712,-5.020858,4.595306,1
2.893263,1.42839,-9.170034,0.474179,-0.4020927,-10,516.9846,500,-10,500,-10,-3.89977,0.1073413,15.48639,-5.890714,5.127494,-5.055949,4.617126,1
2.006721,0.5590022,-10.17292,0.5961643,-0.3864803,-10,517.0245,500,-10,500,-10,-3.885155,0.1786513,15.55722,-5.91325,5.163454,-5.092099,4.639852,1
2.125639,0.481465,-9.846795,0.6966739,-0.3720318,-10,517.0627,500,-10,500,-10,-3.864071,0.2487132,15.63013,-5.936379,5.200502,-5.129381,4.663213,1
1.936582,0.1638965,-9.799305,0.7271442,-0.3332105,-10,517.0995,500,-10,500,-10,-3.83676,0.3169115,15.70607,-5.961062,5.240174,-5.167623,4.686468,1
1.731293,-0.1159163,-9.834122,0.705013,-0.2584851,-10,517.1345,500,-10,500,-10,-3.803308,0.3824503,15.78612,-5.987341,5.282832,-5.20767,4.710136,1
1.794163,-0.2369392,-9.757357,0.668219,-0.17292,-10,517.1679,500,-10,500,-10,-3.763429,0.4446313,15.87117,-6.015187,5.327826,-5.250295,4.735614,1
2.238077,-0.1257687,-9.380509,0.631224,-0.1037236,-10,517.1998,500,-10,500,-10,-3.716656,0.5028918,15.96192,-6.044831,5.37486,-5.295844,4.76377,1
2.165088,-0.5519794,-9.709858,0.5684187,-0.05449069,-10,517.23,500,-10,500,-10,-3.662766,0.5567068,16.05891,-6.076888,5.424516,-5.344158,4.794487,1
2.308882,-0.8453808,-9.714956,0.4391647,0.01583238,-10,517.2587,500,-10,500,-10,-3.601896,0.6051925,16.1628,-6.111794,5.478135,-5.395328,4.826944,1
2.543165,-1.154389,-9.640013,0.2313695,0.1155512,-10,517.2858,500,-10,500,-10,-3.53464,0.6472655,16.274,-6.149821,5.536099,-5.449447,4.861125,1
2.773433,-1.518731,-9.837316,-0.01370228,0.2040216,-10,517.3112,500,-10,500,-10,-3.461824,0.6821641,16.39236,-6.189667,5.596053,-5.507674,4.899244,1
3.44632,-1.268395,-9.592215,-0.2787659,0.2858416,-10,517.3351,500,-10,500,-10,-3.384427,0.7092423,16.5172,-6.231441,5.657968,-5.569335,4.940765,1
3.391784,-1.47072,-10.05004,-0.5201793,0.3498975,-10,517.3575,500,-10,500,-10,-3.303723,0.727991,16.64732,-6.27507,5.721231,-5.633525,4.985321,1
4.033599,-1.088508,-9.752285,-0.6549481,0.3343595,-10,517.3781,500,-10,500,-10,-3.220641,0.7386382,16.78099,-6.319369,5.782863,-5.699985,5.034446,1
4.284307,-0.7776076,-9.732637,-0.760991,0.28744,-10,517.3973,500,-10,500,-10,-3.13662,0.7414135,16.91641,-6.364701,5.843828,-5.76686,5.08569,1
4.381355,-0.3960525,-9.679653,-0.8047437,0.2225598,-10,517.4149,500,-10,500,-10,-3.053189,0.7363507,17.05179,-6.409933,5.902805,-5.833802,5.138886,1
4.491681,-0.06570107,-9.817299,-0.8190484,0.1637641,-10,517.4309,500,-10,500,-10,-2.971782,0.7236859,17.18539,-6.452545,5.957387,-5.901887,5.195002,1
4.974651,0.4340539,-9.315794,-0.8752687,0.1622945,-10,517.4453,500,-10,500,-10,-2.894593,0.703203,17.31552,-6.494527,6.010293,-5.967727,5.249918,1
4.571656,0.4137197,-9.62077,-0.878697,0.1352359,-10,517.4583,500,-10,500,-10,-2.822925,0.6755361,17.44086,-6.53502,6.058621,-6.031095,5.30545,1
4.213212,0.7100552,-9.924668,-0.7943306,0.1026565,-10,517.4696,500,-10,500,-10,-2.756898,0.6415009,17.56063,-6.57303,6.10182,-6.092324,5.36149,1
4.24425,1.345619,-9.752351,-0.6293551,0.07512064,-10,517.4796,500,-10,500,-10,-2.696373,0.60169,17.67437,-6.608464,6.1401,-6.151131,5.417453,1
3.920952,1.564754,-9.684897,-0.395413,0.03171132,-10,517.4879,500,-10,500,-10,-2.640837,0.5569065,17.78208,-6.641714,6.173576,-6.207129,5.473224,1
3.012992,1.137135,-10.20787,-0.1636875,0.01667814,-10,517.4946,500,-10,500,-10,-2.590232,0.507516,17.88381,-6.67524,6.202467,-6.257895,5.528625,1
2.988827,1.382856,-9.760054,0.1005046,-0.008720365,-10,517.4998,500,-10,500,-10,-2.544174,0.4540681,17.97988,-6.707395,6.227586,-6.305346,5.583111,1
2.820048,1.591345,-9.540509,0.3548272,-0.005947663,-10,517.5035,500,-10,500,-10,-2.502533,0.3969162,18.07064,-6.737867,6.25105,-6.350072,5.634847,1
2.57093,1.330314,-9.449429,0.5624751,0.0115765,-10,517.5056,500,-10,500,-10,-2.465194,0.3364303,18.15651,-6.767615,6.273563,-6.391479,5.683489,1
1.927767,0.5857472,-10.12841,0.6724808,0.08281384,-10,517.5063,500,-10,500,-10,-2.433029,0.2725983,18.23769,-6.797225,6.296587,-6.429129,5.727724,1
1.625415,0.2949221,-10.17451,0.7697817,0.1611911,-10,517.5054,500,-10,500,-10,-2.405984,0.205833,18.31472,-6.825981,6.318411,-6.464201,5.769728,1
1.273588,-0.4208019,-10.26856,0.858636,0.1992959,-10,517.503,500,-10,500,-10,-2.383564,0.1368359,18.3885,-6.854617,6.338803,-6.496698,5.810468,1
1.467972,-0.3014357,-9.996599,0.8788135,0.2739601,-10,517.4991,500,-10,500,-10,-2.366264,0.06581723,18.45951,-6.883503,6.359893,-6.526651,5.848218,1
2.182181,-0.1872529,-9.194303,0.8589468,0.3637039,-10,517.4937,500,-10,500,-10,-2.354148,-0.006884965,18.5284,-6.912603,6.381207,-6.554631,5.883984,1
2.011667,-1.211896,-9.995046,0.755999,0.4125154,-10,517.4869,500,-10,500,-10,-2.347928,-0.08078312,18.59598,-6.943584,6.403222,-6.579648,5.917968,1
2.041751,-1.698363,-10.09793,0.6023214,0.4321207,-10,517.4785,500,-10,500,-10,-2.34804,-0.1551547,18.66337,-6.976198,6.426056,-6.602869,5.950967,1
2.69252,-1.46068,-9.693529,0.4385203,0.4367379,-10,517.4687,500,-10,500,-10,-2.354955,-0.2294968,18.73149,-7.010592,6.448962,-6.62492,5.984507,1
2.595997,-1.95858,-10.29036,0.2523465,0.4156503,-10,517.4574,500,-10,500,-10,-2.36901,-0.3031185,18.8015,-7.048267,6.471798,-6.645257,6.019684,1
3.26126,-1.830635,-9.982435,0.04725733,0.3683455,-10,517.4445,500,-10,500,-10,-2.390967,-0.3753565,18.87456,-7.088608,6.496068,-6.665455,6.055952,1
3.739304,-1.65207,-10.15659,-0.1550448,0.2876904,-10,517.4301,500,-10,500,-10,-2.421574,-0.4453881,18.95198,-7.131895,6.521897,-6.686317,6.094271,1
4.085594,-1.335886,-10.00517,-0.3250061,0.1877714,-10,517.4144,500,-10,500,-10,-2.46147,-0.5123541,19.03507,-7.178065,6.549509,-6.708993,6.135505,1
4.519345,-0.4933495,-9.68329,-0.4163732,0.05755112,-10,517.3972,500,-10,500,-10,-2.510905,-0.5750995,19.1253,-7.227127,6.578583,-6.734695,6.181195,1
4.824172,-0.1061349,-9.498491,-0.5056035,-0.0565018,-10,517.3786,500,-10,500,-10,-2.570455,-0.6328035,19.22365,-7.280343,6.611385,-6.762966,6.229879,1
4.513274,-0.2465383,-10.26297,-0.533271,-0.2038596,-10,517.3586,500,-10,500,-10,-2.640399,-0.6840935,19.33123,-7.337863,6.646986,-6.794592,6.283425,1
4.962507,0.7309376,-9.481904,-0.5337498,-0.337714,-10,517.3371,500,-10,500,-10,-2.720824,-0.7277468,19.44853,-7.400876,6.687717,-6.828772,6.339888,1
4.40829,1.022683,-9.672688,-0.5107131,-0.4228038,-10,517.3142,500,-10,500,-10,-2.811019,-0.7629244,19.5751,-7.468854,6.734041,-6.865669,6.398438,1
4.134953,1.227335,-9.947515,-0.4091967,-0.4899564,-10,517.29,500,-10,500,-10,-2.909183,-0.7887492,19.70984,-7.539179,6.783025,-6.906984,6.461095,1
3.68391,1.411148,-9.640928,-0.2099585,-0.6113455,-10,517.2642,500,-10,500,-10,-3.012265,-0.8036538,19.85101,-7.611114,6.832965,-6.952026,6.528131,1
3.432917,1.852142,-9.590162,-0.03235126,-0.6415201,-10,517.2371,500,-10,500,-10,-3.117115,-0.8076969,19.9955,-7.683238,6.886394,-6.99962,6.594421,1
2.778917,1.379843,-9.998719,0.1115592,-0.6216472,-10,517.2084,500,-10,500,-10,-3.220636,-0.8014135,20.14003,-7.754395,6.941823,-7.048217,6.658745,1
2.609949,1.705006,-9.427974,0.2940666,-0.6059921,-10,517.1782,500,-10,500,-10,-3.319386,-0.7850253,20.28159,-7.823466,6.997468,-7.09644,6.720395,1
2.055253,1.133404,-9.808021,0.4406596,-0.5440023,-10,517.1467,500,-10,500,-10,-3.410874,-0.7596468,20.41778,-7.890456,7.054921,-7.142301,6.775792,1
1.933972,0.8758801,-9.821282,0.524322,-0.4460389,-10,517.1138,500,-10,500,-10,-3.494119,-0.7265696,20.54717,-7.953835,7.112492,-7.186133,6.825432,1
1.269659,0.006888129,-10.26522,0.5766727,-0.3561812,-10,517.0797,500,-10,500,-10,-3.568435,-0.6867769,20.66903,-8.013075,7.168591,-7.227866,6.870308,1
1.113366,-0.4315016,-10.41977,0.5276004,-0.2104941,-10,517.0442,500,-10,500,-10,-3.634397,-0.6416178,20.78349,-8.068733,7.224936,-7.267049,6.908803,1
1.518224,-0.612012,-9.883756,0.4288341,-0.0195109,-10,517.0073,500,-10,500,-10,-3.693228,-0.5924536,20.89129,-8.120507,7.280631,-7.304597,6.942431,1
2.107108,-0.7763782,-9.395865,0.3188236,0.1351771,-10,516.9691,500,-10,500,-10,-3.745303,-0.5397713,20.99295,-8.168934,7.334145,-7.340401,6.973146,1
1.499077,-1.724382,-10.67389,0.1718779,0.2426344,-10,516.9295,500,-10,500,-10,-3.791244,-0.483813,21.08888,-8.214356,7.386361,-7.374464,7.000415,1
2.201039,-1.905847,-10.25626,0.01308878,0.3437856,-10,516.8886,500,-10,500,-10,-3.831704,-0.4250853,21.17977,-8.256088,7.437692,-7.408041,7.024395,1
2.836442,-1.670951,-10.13941,-0.1678399,0.4113166,-10,516.8464,500,-10,500,-10,-3.867291,-0.3637951,21.2661,-8.296043,7.486948,-7.439617,7.046669,1
3.19181,-1.717285,-9.980354,-0.3461416,0.436606,-10,516.8025,500,-10,500,-10,-3.898231,-0.3000461,21.34825,-8.334063,7.533751,-7.469668,7.067936,1
3.815782,-1.498262,-9.827125,-0.5466704,0.4587625,-10,516.7573,500,-10,500,-10,-3.925043,-0.2341696,21.42682,-8.37043,7.579216,-7.498405,7.087575,1
4.1517,-1.484604,-10.11635,-0.7211373,0.4379377,-10,516.7109,500,-10,500,-10,-3.948064,-0.1663455,21.50228,-8.404995,7.622274,-7.526365,7.107041,1
4.521338,-0.865398,-9.907188,-0.8356218,0.3950773,-10,516.6633,500,-10,500,-10,-3.966867,-0.09662041,21.57494,-8.437053,7.662687,-7.554515,7.126836,1
5.082036,0.127626,-9.474252,-0.8717009,0.3398586,-10,516.6143,500,-10,500,-10,-3.981039,-0.02531287,21.64542,-8.466451,7.700474,-7.583517,7.147451,1
4.88412,0.3827876,-9.719036,-0.8246492,0.2548511,-10,516.564,500,-10,500,-10,-3.989858,0.0474319,21.71416,-8.493056,7.735905,-7.613867,7.168975,1
4.857134,0.6769794,-9.863419,-0.7356794,0.1677961,-10,516.5125,500,-10,500,-10,-3.992902,0.1212587,21.78185,-8.517068,7.770861,-7.645942,7.190106,1
4.192877,0.9454747,-9.924284,-0.561153,0.05789911,-10,516.4597,500,-10,500,-10,-3.989497,0.1959079,21.84912,-8.538939,7.80378,-7.679808,7.212924,1
3.914957,1.416492,-9.908975,-0.350905,-0.02647592,-10,516.4056,500,-10,500,-10,-3.979012,0.2707686,21.91705,-8.55941,7.836495,-7.71562,7.236492,1
3.553896,1.66666,-9.685488,-0.1303786,-0.06351021,-10,516.3502,500,-10,500,-10,-3.960817,0.3451362,21.98687,-8.579191,7.870185,-7.753696,7.260659,1
3.202503,1.834231,-9.586774,0.1250174,-0.09570857,-10,516.2932,500,-10,500,-10,-3.934178,0.4183699,22.05981,-8.598816,7.904437,-7.794508,7.286842,1
2.496445,1.623451,-9.623532,0.3746239,-0.108757,-10,516.2349,500,-10,500,-10,-3.898211,0.489738,22.13718,-8.619305,7.940634,-7.838126,7.314754,1
1.946451,1.289723,-9.901274,0.6211596,-0.08243566,-10,516.1755,500,-10,500,-10,-3.851941,0.5582476,22.22059,-8.640975,7.979597,-7.885569,7.344904,1
1.630535,0.9710488,-9.763422,0.8166426,-0.04273396,-10,516.1148,500,-10,500,-10,-3.794602,0.6227797,22.31168,-8.665515,8.022493,-7.936502,7.37748,1
1.576343,0.466677,-9.600111,0.9497435,-0.006381637,-10,516.0529,500,-10,500,-10,-3.725604,0.6822943,22.41179,-8.69371,8.069879,-7.991258,7.413047,1
1.327341,-0.2543705,-9.848134,0.9680274,0.04716945,-10,515.9898,500,-10,500,-10,-3.644975,0.7354675,22.52221,-8.726708,8.123307,-8.049759,7.451117,1
1.58189,-0.5817118,-9.787203,0.90938,0.1163044,-10,515.9254,500,-10,500,-10,-3.552919,0.7808315,22.64377,-8.76313,8.181334,-8.114057,7.493809,1
1.777468,-1.162835,-9.735946,0.7952384,0.1802844,-10,515.8599,500,-10,500,-10,-3.450284,0.8168821,22.77641,-8.803171,8.24345,-8.183916,7.541595,1
2.312675,-1.507751,-9.634099,0.6070787,0.2371585,-10,515.7932,500,-10,500,-10,-3.339025,0.8425198,22.91874,-8.848013,8.310345,-8.257011,7.592638,1
2.596613,-1.79277,-9.693293,0.4165216,0.2164475,-10,515.7252,500,-10,500,-10,-3.22236,0.8570308,23.06816,-8.896663,8.378764,-8.332165,7.648023,1
3.055217,-1.900828,-10.09769,0.1407884,0.2240649,-10,515.6553,500,-10,500,-10,-3.104377,0.8598455,23.22112,-8.948545,8.449639,-8.407024,7.703888,1
3.805559,-1.637821,-9.624897,-0.09445558,0.170902,-10,515.5842,500,-10,500,-10,-2.989238,0.8513276,23.37357,-9.001035,8.517516,-8.480854,7.762333,1
4.365648,-1.48593,-9.771121,-0.3509145,0.1039472,-10,515.5121,500,-10,500,-10,-2.880885,0.8321822,23.52183,-9.051558,8.580223,-8.553177,7.822471,1
4.144863,-1.600217,-10.33249,-0.53031,-0.03211118,-10,515.4388,500,-10,500,-10,-2.781701,0.8038589,23.66329,-9.100114,8.636338,-8.621836,7.883571,1
4.753537,-0.5173911,-10.11369,-0.6934936,-0.1399377,-10,515.3644,500,-10,500,-10,-2.693193,0.767461,23.79638,-9.14643,8.687622,-8.685799,7.942565,1
4.73836,0.07690398,-9.890098,-0.76235,-0.2365751,-10,515.2888,500,-10,500,-10,-2.615396,0.724102,23.92044,-9.189206,8.732534,-8.745816,8.000446,1
4.759591,0.5570685,-9.848907,-0.7543221,-0.3380491,-10,515.2121,500,-10,500,-10,-2.547742,0.6748722,24.03556,-9.228939,8.771506,-8.801472,8.056862,1
4.082013,0.760124,-10.36099,-0.6627797,-0.4376875,-10,515.1342,500,-10,500,-10,-2.48867,0.6210325,24.14257,-9.267295,8.80335,-8.851783,8.113686,1
4.163748,1.906843,-9.414618,-0.4820653,-0.517472,-10,515.0552,500,-10,500,-10,-2.437329,0.5630153,24.24196,-9.302686,8.829933,-8.898745,8.169456,1
3.585073,1.821315,-9.880418,-0.3157994,-0.51775,-10,514.9751,500,-10,500,-10,-2.392755,0.5011976,24.3343,-9.335382,8.854985,-8.942561,8.220915,1
2.466098,1.347131,-10.14962,-0.06829145,-0.5387641,-10,514.8923,500,-10,500,-10,-2.353738,0.4361893,24.42048,-9.365153,8.876107,-8.984191,8.271195,1
2.556717,1.832983,-9.50939,0.1422374,-0.4866941,-10,514.8088,500,-10,500,-10,-2.320004,0.3680906,24.5009,-9.393135,8.896553,-9.022845,8.317386,1
1.938381,1.614534,-9.552732,0.32947,-0.3917378,-10,514.7244,500,-10,500,-10,-2.291106,0.2971471,24.57613,-9.419588,8.915938,-9.058735,8.360342,1
1.202744,0.6296875,-10.0686,0.4772769,-0.2522945,-10,514.6388,500,-10,500,-10,-2.267253,0.2233605,24.64647,-9.444949,8.934735,-9.091647,8.399819,1
1.053501,0.1385994,-9.933425,0.5591369,-0.09910793,-10,514.5521,500,-10,500,-10,-2.248212,0.1471562,24.71268,-9.470274,8.953366,-9.121184,8.436049,1
1.265909,-0.370075,-9.62175,0.5689577,0.0517861,-10,514.4644,500,-10,500,-10,-2.23451,0.06879452,24.77538,-9.496099,8.972036,-9.147313,8.469334,1
1.367976,-0.9680867,-9.861622,0.531018,0.1874885,-10,514.3755,500,-10,500,-10,-2.225926,-0.01111494,24.83566,-9.522505,8.990632,-9.170856,8.500688,1
1.504508,-1.656029,-10.16869,0.3943442,0.3150902,-10,514.2856,500,-10,500,-10,-2.223441,-0.09230798,24.89421,-9.550584,9.010435,-9.191293,8.529399,1
2.365756,-1.748593,-9.816206,0.1826053,0.4272218,-10,514.1948,500,-10,500,-10,-2.227545,-0.1742642,24.9521,-9.580408,9.031432,-9.209434,8.556367,1
3.144349,-1.828758,-9.424974,-0.03907325,0.4939095,-10,514.1013,500,-10,500,-10,-2.23859,-0.2562843,25.01069,-9.612089,9.052369,-9.226298,8.583976,1
3.434851,-2.09053,-10.09475,-0.2688602,0.5125875,-10,514.006,500,-10,500,-10,-2.257268,-0.337812,25.07121,-9.647109,9.072731,-9.241424,8.61376,1
4.370402,-1.554364,-9.515117,-0.4791363,0.502018,-10,513.9099,500,-10,500,-10,-2.283895,-0.4180609,25.13523,-9.684258,9.093943,-9.25732,8.645595,1
4.647614,-1.267881,-9.830129,-0.63158,0.4048782,-10,513.8127,500,-10,500,-10,-2.31919,-0.4960448,25.20459,-9.724307,9.115542,-9.274743,8.681466,1
4.999867,-0.8403981,-9.775359,-0.734722,0.2857848,-10,513.7146,500,-10,500,-10,-2.36391,-0.5708374,25.28103,-9.767498,9.139098,-9.294889,8.721248,1
5.081656,0.01200206,-9.724666,-0.7507118,0.1485091,-10,513.6154,500,-10,500,-10,-2.418793,-0.6414506,25.36628,-9.813973,9.164729,-9.319057,8.766259,1
4.895735,0.2574594,-10.05213,-0.7586881,0.06454962,-10,513.5153,500,-10,500,-10,-2.484711,-0.7071379,25.46168,-9.865002,9.195175,-9.347076,8.814862,1
4.68891,1.220188,-9.71528,-0.5990302,-0.0789994,-10,513.414,500,-10,500,-10,-2.562163,-0.766457,25.56907,-9.920064,9.227278,-9.380995,8.871739,1
4.24176,1.793405,-9.724825,-0.3865172,-0.185773,-10,513.312,500,-10,500,-10,-2.651363,-0.8181497,25.68955,-9.981472,9.26548,-9.419418,8.933369,1
3.615231,2.003772,-9.811086,-0.1312137,-0.2553567,-10,513.2087,500,-10,500,-10,-2.752024,-0.8610048,25.82345,-10.04997,9.310635,-9.461864,8.999156,1
2.820063,1.753289,-9.823446,0.1702157,-0.3198487,-10,513.1032,500,-10,500,-10,-2.863101,-0.8936895,25.97008,-10.12387,9.360556,-9.509461,9.070734,1
2.644629,1.896462,-9.345421,0.4084915,-0.299383,-10,512.9972,500,-10,500,-10,-2.982544,-0.9154737,26.12714,-10.20268,9.417304,-9.560786,9.144121,1
1.862582,1.595985,-9.709639,0.6043723,-0.2312289,-10,512.8902,500,-10,500,-10,-3.107162,-0.925792,26.2911,-10.28437,9.478929,-9.614958,9.218355,1
1.172407,0.9093578,-9.849741,0.7616397,-0.1271696,-10,512.7823,500,-10,500,-10,-3.232905,-0.9246452,26.45752,-10.36639,9.54369,-9.670824,9.291487,1
0.5182335,-0.2668941,-10.3172,0.8694227,-0.008469583,-10,512.6734,500,-10,500,-10,-3.355188,-0.912155,26.62177,-10.44882,9.612192,-9.724489,9.359076,1
1.292554,-0.299072,-9.387935,0.9070743,0.09559909,-10,512.5636,500,-10,500,-10,-3.470423,-0.8888902,26.77964,-10.5295,9.682339,-9.77462,9.419741,1
1.517452,-0.9494186,-9.485135,0.8122728,0.2253329,-10,512.4529,500,-10,500,-10,-3.576392,-0.8558791,26.92808,-10.60624,9.753116,-9.820878,9.471957,1
1.471609,-1.849766,-10.07335,0.6689437,0.290712,-10,512.3412,500,-10,500,-10,-3.671904,-0.8140805,27.06521,-10.6775,9.820896,-9.863246,9.517807,1
2.300996,-1.985661,-9.811702,0.4175255,0.3523737,-10,512.2341,500,-10,500,-10,-3.757101,-0.764621,27.19041,-10.74338,9.886691,-9.901106,9.555752,1
3.065017,-2.182986,-9.707651,0.1234601,0.3873059,-10,512.1288,500,-10,500,-10,-3.832256,-0.7083554,27.30369,-10.8025,9.94925,-9.935846,9.587051,1
3.674311,-2.127555,-9.866141,-0.1585429,0.3683783,-10,512.0231,500,-10,500,-10,-3.898427,-0.6462733,27.40581,-10.85413,10.00803,-9.968825,9.61289,1
4.313117,-1.909066,-9.997405,-0.4220265,0.3205419,-10,511.9166,500,-10,500,-10,-3.955915,-0.5789461,27.49747,-10.90017,10.06141,-9.998739,9.635461,1
5.018131,-1.168845,-9.479328,-0.5788104,0.1751727,-10,511.8091,500,-10,500,-10,-4.004807,-0.5067864,27.57936,-10.94017,10.10735,-10.02659,9.657374,1
4.845061,-0.863229,-10.22416,-0.6943358,0.003201385,-10,511.7008,500,-10,500,-10,-4.04583,-0.4304534,27.65258,-10.97501,10.14822,-10.05242,9.677164,1
5.414862,0.3168049,-9.476662,-0.7411053,-0.1450945,-10,511.5917,500,-10,500,-10,-4.079283,-0.3506504,27.71839,-11.00428,10.18466,-10.07768,9.695256,1
4.798851,0.6731725,-10.04286,-0.699794,-0.3025369,-10,511.4816,500,-10,500,-10,-4.105855,-0.2681383,27.77825,-11.02877,10.21661,-10.10278,9.71291,1
4.600019,1.336707,-9.879356,-0.5891153,-0.4143236,-10,511.3707,500,-10,500,-10,-4.125348,-0.1834639,27.83334,-11.04878,10.24551,-10.12842,9.729653,1
3.969909,2.055606,-9.610958,-0.3514523,-0.5214729,-10,511.2604,500,-10,500,-10,-4.137689,-0.09725431,27.88501,-11.06443,10.27048,-10.15559,9.747504,1
3.3527,2.033149,-9.63504,-0.1219559,-0.5596588,-10,511.2065,500,-10,500,-10,-4.143271,-0.01029291,27.9349,-11.0781,10.29523,-10.18325,9.764083,1
2.532749,2.000427,-9.628504,0.1324555,-0.5498133,-10,511.1747,500,-10,500,-10,-4.141835,0.07695416,27.98416,-11.09003,10.31946,-10.21215,9.780676,1
1.582934,1.324943,-10.12036,0.3700412,-0.505751,-10,511.1473,500,-10,500,-10,-4.13368,0.1638007,28.03432,-11.10129,10.3449,-10.24245,9.796792,1
1.541381,1.338255,-9.651797,0.5287863,-0.3609937,-10,511.119,500,-10,500,-10,-4.118923,0.2495274,28.08694,-11.11286,10.37411,-10.27447,9.811179,1
0.9385593,0.435804,-9.781975,0.6541362,-0.2022291,-10,511.0897,500,-10,500,-10,-4.09741,0.3335173,28.1434,-11.12599,10.40553,-10.30812,9.826548,1
0.808401,-0.2610133,-9.781336,0.6655125,-0.007173463,-10,511.0595,500,-10,500,-10,-4.069285,0.4150845,28.20515,-11.14242,10.44143,-10.34286,9.841813,1
0.9823685,-1.032148,-10.02882,0.6292348,0.154149,-10,511.0283,500,-10,500,-10,-4.034044,0.4939317,28.27307,-11.16209,10.48029,-10.37947,9.859223,1
1.524344,-1.524925,-9.722715,0.478633,0.3150651,-10,510.9962,500,-10,500,-10,-3.991712,0.5693356,28.34861,-11.18633,10.52436,-10.41783,9.877749,1
2.252073,-1.980743,-9.594789,0.2493004,0.4352581,-10,510.9631,500,-10,500,-10,-3.941887,0.6409119,28.43274,-11.21527,10.5729,-10.45859,9.898922,1
2.836265,-2.272865,-9.724807,-0.02166316,0.5184709,-10,510.9281,500,-10,500,-10,-3.883851,0.7081558,28.52659,-11.24851,10.62583,-10.50312,9.923754,1
3.492233,-2.261508,-9.965752,-0.3170361,0.5604833,-10,510.9348,500,-10,500,-10,-3.816745,0.7703708,28.63145,-11.2861,10.68331,-10.55242,9.953162,1
4.163873,-2.016747,-10.11997,-0.5122307,0.4987449,-10,510.9717,500,-10,500,-10,-3.738853,0.8273101,28.74798,-11.32657,10.74264,-10.6085,9.990387,1
4.815538,-1.413714,-9.675361,-0.6863788,0.39922,-10,511.0051,500,-10,500,-10,-3.648884,0.8781048,28.87735,-11.36962,10.80512,-10.67264,10.0351,1
4.998115,-0.8306357,-10.20584,-0.80029,0.2442609,-10,511.0375,500,-10,500,-10,-3.545568,0.9218915,29.02026,-11.41513,10.87019,-10.74555,10.08844,1
5.139593,-0.006361995,-9.844493,-0.8028069,0.08083699,-10,511.0689,500,-10,500,-10,-3.427696,0.9573778,29.17701,-11.46319,10.93874,-10.82737,10.14977,1
4.818089,0.7612665,-9.936627,-0.7257679,-0.08211984,-10,511.0993,500,-10,500,-10,-3.295613,0.9828638,29.34671,-11.51423,11.01072,-10.91694,10.21841,1
4.591967,1.48997,-9.708908,-0.5426597,-0.2317787,-10,511.1287,500,-10,500,-10,-3.151464,0.9965176,29.52647,-11.56715,11.08419,-11.01297,10.29389,1
4.120985,2.13841,-9.668544,-0.3023433,-0.3320353,-10,511.1571,500,-10,500,-10,-3.000081,0.9967568,29.71086,-11.62021,11.15656,-11.11269,10.3743,1
3.477905,2.335942,-9.489477,-0.0005855974,-0.4087147,-10,511.1845,500,-10,500,-10,-2.848462,0.9826831,29.89253,-11.66942,11.22165,-11.21401,10.45974,1
2.179435,1.731447,-10.22062,0.2837793,-0.43165,-10,511.2201,500,-10,500,-10,-2.704192,0.9542996,30.06391,-11.71619,11.28038,-11.30925,10.54301,1
1.674533,1.360677,-9.961573,0.5186431,-0.3876767,-10,511.3064,500,-10,500,-10,-2.573813,0.9124004,30.21901,-11.75951,11.33172,-11.39443,10.62018,1
1.73353,1.520704,-9.093651,0.7235852,-0.3120336,-10,511.4108,500,-10,500,-10,-2.460515,0.8588302,30.35495,-11.79965,11.37366,-11.46693,10.69088,1
0.9791691,0.3307645,-9.840614,0.8316355,-0.185575,-10,511.5136,500,-10,500,-10,-2.365,0.7956103,30.47163,-11.83815,11.4075,-11.52511,10.75372,1
0.7375968,-0.3818689,-9.784933,0.8095694,-0.01732719,-10,511.6154,500,-10,500,-10,-2.287309,0.7244516,30.57038,-11.87318,11.43757,-11.57191,10.80548,1
0.9396797,-1.439543,-10.0136,0.7393045,0.1226385,-10,511.7162,500,-10,500,-10,-2.225265,0.6473134,30.65409,-11.90505,11.46288,-11.60939,10.84953,1
1.982211,-1.361056,-9.209917,0.5664677,0.2622112,-10,511.8161,500,-10,500,-10,-2.177062,0.565736,30.72568,-11.93531,11.48582,-11.63846,10.8859,1
1.868635,-2.380556,-10.05397,0.3385223,0.3497316,-10,511.915,500,-10,500,-10,-2.140603,0.4810756,30.78814,-11.96461,11.50609,-11.66091,10.91739,1
2.895275,-2.397898,-10.02703,0.06704148,0.3885368,-10,512.013,500,-10,500,-10,-2.114383,0.3943741,30.844,-11.99356,11.52451,-11.67825,10.94526,1
3.576939,-2.317256,-9.903538,-0.2357696,0.3763094,-10,512.1092,500,-10,500,-10,-2.097124,0.3065039,30.89552,-12.02266,11.54166,-11.69184,10.97079,1
4.811475,-1.452364,-9.310073,-0.5408941,0.3546058,-10,512.2043,500,-10,500,-10,-2.087975,0.218045,30.94435,-12.05148,11.55813,-11.70348,10.99479,1
4.943275,-1.259076,-9.698831,-0.7406496,0.2799268,-10,512.3002,500,-10,500,-10,-2.085568,0.1295414,30.992,-12.07911,11.57211,-11.71533,11.02028,1
5.082185,-0.3376918,-9.794959,-0.8675081,0.1689702,-10,512.395,500,-10,500,-10,-2.088784,0.04149727,31.03982,-12.10633,11.58484,-11.72773,11.04718,1
5.265864,0.400203,-9.64837,-0.8385531,0.03565818,-10,512.4888,500,-10,500,-10,-2.096328,-0.04573668,31.0888,-12.13185,11.59537,-11.7428,11.07724,1
5.047116,1.216535,-9.649833,-0.7160975,-0.1092473,-10,512.5818,500,-10,500,-10,-2.107217,-0.1317982,31.13993,-12.15689,11.60524,-11.76012,11.10973,1
4.707502,2.142499,-9.445915,-0.4981903,-0.2221748,-10,512.674,500,-10,500,-10,-2.120877,-0.2166424,31.1936,-12.18105,11.61504,-11.78043,11.1444,1
3.758488,2.247362,-9.580384,-0.2111519,-0.3154056,-10,512.7652,500,-10,500,-10,-2.136972,-0.3002112,31.25026,-12.20505,11.6252,-11.80338,11.18118,1
3.001029,2.146165,-9.615635,0.07327451,-0.3586412,-10,512.8554,500,-10,500,-10,-2.155813,-0.3825411,31.31026,-12.23024,11.63723,-11.82791,11.21887,1
2.228688,2.148388,-9.642694,0.3266505,-0.3160658,-10,512.9435,500,-10,500,-10,-2.177953,-0.4638197,31.37378,-12.25835,11.6506,-11.85242,11.25813,1
1.136803,1.179078,-10.27998,0.5816758,-0.2498316,-10,513.0329,500,-10,500,-10,-2.203992,-0.5441144,31.44127,-12.28836,11.6657,-11.87834,11.29896,1
0.8688918,0.7121664,-9.857231,0.713814,-0.1111815,-10,513.1212,500,-10,500,-10,-2.235594,-0.6234783,31.51337,-12.32226,11.6855,-11.90419,11.33891,1
0.5243764,-0.5440261,-10.18424,0.8036689,0.03144354,-10,513.2086,500,-10,500,-10,-2.274396,-0.7016783,31.59137,-12.36014,11.70842,-11.93093,11.38061,1
1.253461,-0.6054145,-9.587037,0.7905576,0.1580313,-10,513.295,500,-10,500,-10,-2.323121,-0.778074,31.67741,-12.4044,11.73621,-11.95796,11.42411,1
1.130822,-1.736045,-10.18861,0.6691262,0.2756745,-10,513.3809,500,-10,500,-10,-2.385186,-0.8518856,31.77413,-12.4565,11.77025,-11.98601,11.47021,1
2.404241,-1.750399,-9.243575,0.4832759,0.3676268,-10,513.4658,500,-10,500,-10,-2.464724,-0.9217548,31.88532,-12.51826,11.81166,-12.01637,11.52093,1
2.944363,-2.141253,-9.356979,0.2225999,0.3966337,-10,513.5499,500,-10,500,-10,-2.566899,-0.985648,32.01576,-12.5945,11.86395,-12.04821,11.57672,1
3.295318,-2.390494,-10.1509,-0.05214686,0.3632289,-10,513.6323,500,-10,500,-10,-2.697094,-1.040682,32.1706,-12.68455,11.92632,-12.08646,11.64266,1
4.335033,-1.763871,-9.522751,-0.3132553,0.2974629,-10,513.7152,500,-10,500,-10,-2.858329,-1.083168,32.35341,-12.78916,12.00034,-12.13333,11.72011,1
4.759712,-1.129335,-9.71683,-0.5314479,0.1772028,-10,513.7975,500,-10,500,-10,-3.048711,-1.108742,32.56269,-12.90665,12.08526,-12.18925,11.80859,1
5.374313,-0.5746498,-9.568773,-0.6602898,0.01994113,-10,513.8791,500,-10,500,-10,-3.256557,-1.113549,32.78766,-13.02939,12.1769,-12.25291,11.90336,1
5.404364,0.3073521,-9.533991,-0.6958851,-0.166109,-10,513.9599,500,-10,500,-10,-3.461603,-1.095805,33.00895,-13.15047,12.27232,-12.31519,11.99129,1
4.663362,0.7244601,-10.03482,-0.6721307,-0.3034197,-10,514.04,500,-10,500,-10,-3.64433,-1.057477,33.20765,-13.25713,12.36269,-12.37316,12.06556,1
4.349699,1.520476,-9.89932,-0.5407514,-0.4157503,-10,514.1193,500,-10,500,-10,-3.794241,-1.002616,33.37437,-13.34254,12.44026,-12.4259,12.12614,1
3.816501,2.029826,-9.716406,-0.3141802,-0.5028815,-10,514.1979,500,-10,500,-10,-3.91076,-0.9357896,33.50965,-13.40663,12.50477,-12.47391,12.17373,1
3.112221,2.344452,-9.491778,-0.08037312,-0.5104186,-10,514.2753,500,-10,500,-10,-3.999114,-0.8609846,33.61933,-13.45325,12.56042,-12.51816,12.20895,1
2.356269,1.852152,-9.601264,0.1802787,-0.4727769,-10,514.3524,500,-10,500,-10,-4.065751,-0.7812027,33.71022,-13.4888,12.60683,-12.55792,12.23785,1
1.681261,1.836786,-9.549139,0.4218939,-0.3936589,-10,514.4295,500,-10,500,-10,-4.115361,-0.6981862,33.78752,-13.51679,12.64719,-12.59399,12.26155,1
1.020339,0.6613504,-9.812076,0.6052496,-0.2860568,-10,514.5058,500,-10,500,-10,-4.152199,-0.6132227,33.85543,-13.54024,12.68403,-12.6268,12.28097,1
0.8669801,-0.2223722,-9.935678,0.6508832,-0.1233615,-10,514.5815,500,-10,500,-10,-4.18001,-0.5272428,33.9171,-13.56192,12.72059,-12.65622,12.29551,1
0.9209574,-0.8436122,-9.720439,0.5876369,0.08156855,-10,514.6565,500,-10,500,-10,-4.201863,-0.4409515,33.97497,-13.58282,12.75746,-12.68327,12.30659,1
1.270495,-1.473651,-9.823954,0.4628378,0.2497548,-10,514.7308,500,-10,500,-10,-4.21924,-0.3544911,34.03012,-13.60361,12.79351,-12.70819,12.31625,1
1.990185,-1.8165,-9.76026,0.2366553,0.4167517,-10,514.8045,500,-10,500,-10,-4.233615,-0.26799,34.08346,-13.62506,12.8303,-12.73093,12.32364,1
3.119689,-1.88344,-9.221064,-0.005437803,0.508906,-10,514.8773,500,-10,500,-10,-4.245584,-0.1813115,34.13521,-13.64671,12.86574,-12.75215,12.33109,1
3.327955,-2.420334,-10.10683,-0.2646747,0.5288854,-10,514.9493,500,-10,500,-10,-4.255362,-0.09422668,34.18537,-13.66849,12.89983,-12.77194,12.33856,1
4.247866,-1.778922,-9.630068,-0.5198266,0.5314412,-10,515.0217,500,-10,500,-10,-4.263442,-0.006743275,34.23433,-13.68965,12.93307,-12.79135,12.34589,1
5.155689,-1.194774,-9.411731,-0.720321,0.4603457,-10,515.0934,500,-10,500,-10,-4.26936,0.08136049,34.28197,-13.70986,12.96389,-12.81061,12.35454,1
5.142859,-0.6536431,-9.962219,-0.8108181,0.3480677,-10,515.1644,500,-10,500,-10,-4.272439,0.1701305,34.32851,-13.72786,12.99178,-12.83117,12.36521,1
5.199413,0.3184116,-9.558367,-0.8020802,0.2353725,-10,515.235,500,-10,500,-10,-4.27176,0.2594807,34.37444,-13.7433,13.01783,-12.85379,12.37722,0.9834973
1.282643,0.545568,-10.74398,-0.6700414,0.08124796,-10,515.3049,500,-10,500,-10,-4.266055,0.3493636,34.42018,-13.75575,13.04186,-12.87925,12.39109,0
1.313721,1.645243,-10.01533,-0.4383539,-0.03712555,-10,515.3742,500,-10,500,-10,-4.254046,0.4394616,34.46685,-13.76593,13.06483,-12.90774,12.40679,0
1.007673,2.098438,-9.412434,-0.1378548,-0.1388621,-10,515.4427,500,-10,500,-10,-4.234329,0.5294545,34.51569,-13.77502,13.08755,-12.93911,12.42454,0
-0.1976909,1.841326,-10.02279,0.1685502,-0.1818551,-10,515.5107,500,-10,500,-10,-4.205468,0.6187598,34.56869,-13.78438,13.11245,-12.97366,12.44355,0
-0.9603705,1.768466,-9.807971,0.4706706,-0.1662189,-10,515.5788,500,-10,500,-10,-4.165624,0.7065756,34.62853,-13.79525,13.14077,-13.01238,12.46481,0
-1.801884,1.164658,-10.17548,0.6884604,-0.09317013,-10,515.6464,500,-10,500,-10,-4.112557,0.7919375,34.69847,-13.81011,13.17531,-13.05546,12.48822,0
-2.061441,0.5910614,-9.667758,0.8561578,0.0157925,-10,515.7134,500,-10,500,-10,-4.043104,0.8736212,34.78252,-13.82999,13.21697,-13.10523,12.51621,0
-2.062628,-0.242637,-9.609843,0.9612349,0.1037835,-10,515.7799,500,-10,500,-10,-3.953391,0.9501207,34.88543,-13.85722,13.26729,-13.16327,12.55116,0
-2.083106,-1.070658,-10.00866,0.9088984,0.2133407,-10,515.8459,500,-10,500,-10,-3.838967,1.019458,35.01276,-13.89452,13.3306,-13.23148,12.59335,0
-1.414317,-1.637499,-9.605381,0.7861546,0.2752783,-10,515.9113,500,-10,500,-10,-3.694863,1.078935,35.17049,-13.94004,13.40421,-13.31665,12.65044,0
-0.9348755,-2.280325,-10.06964,0.5816836,0.2818442,-10,515.9761,500,-10,500,-10,-3.517673,1.125288,35.36281,-13.99802,13.49247,-13.41803,12.72154,0
0.2432576,-2.131147,-9.545879,0.2809822,0.2778983,-10,516.0405,500,-10,500,-10,-3.309216,1.154537,35.58878,-14.06867,13.59566,-13.53461,12.80557,0
0.9379433,-2.238599,-9.611946,-0.006476353,0.1968654,-10,516.1049,500,-10,500,-10,-3.081152,1.163354,35.83691,-14.1483,13.70557,-13.66058,12.90126,0
1.60216,-1.604647,-9.677316,-0.2598746,0.03737334,-10,516.1688,500,-10,500,-10,-2.854564,1.150786,36.08594,-14.22932,13.80998,-13.7859,13.0032,0
1.754796,-1.18099,-10.09064,-0.473834,-0.1521806,-10,516.2323,500,-10,500,-10,-2.65085,1.118371,36.31429,-14.30215,13.89711,-13.90228,13.10528,0
2.431244,-0.05209669,-9.771601,-0.5983745,-0.3636794,-10,516.2953,500,-10,500,-10,-2.481153,1.06999,36.5102,-14.36618,13.96612,-14.00058,13.1986,0
2.045978,0.6644534,-9.833311,-0.6719915,-0.5222088,-10,516.3579,500,-10,500,-10,-2.346572,1.009528,36.67232,-14.42414,14.01638,-14.07695,13.28267,0
1.603539,1.363527,-9.93566,-0.624997,-0.6569554,-10,516.42,500,-10,500,-10,-2.241537,0.9403985,36.80524,-14.4722,14.0532,-14.13902,13.35599,0
1.100062,2.035881,-9.617934,-0.4513338,-0.7670668,-10,516.4815,500,-10,500,-10,-2.158881,0.8651365,36.91507,-14.51085,14.08017,-14.19137,13.42001,0
0.4087915,2.193057,-9.593086,-0.2662529,-0.7781993,-10,516.5427,500,-10,500,-10,-2.093616,0.7851171,37.00636,-14.54265,14.10174,-14.23522,13.47409,0
-0.8288088,2.128728,-9.909152,-0.04323167,-0.7376557,-10,516.6039,500,-10,500,-10,-2.04154,0.7013788,37.08293,-14.56884,14.11823,-14.27247,13.52104,0
-1.069377,2.038675,-9.193639,0.1684466,-0.6079838,-10,516.6647,500,-10,500,-10,-1.999758,0.6145445,37.14734,-14.59059,14.13172,-14.3041,13.56093,0
-2.309483,0.8500829,-10.27012,0.3172294,-0.4087676,-10,516.7252,500,-10,500,-10,-1.966588,0.5250452,37.2015,-14.6096,14.14356,-14.32996,13.59396,0
-2.038377,0.3215137,-9.598424,0.400787,-0.1764665,-10,516.7853,500,-10,500,-10,-1.940605,0.4333476,37.24721,-14.62689,14.15398,-14.35055,13.62141,0
-1.82519,-0.5411076,-9.336679,0.3969111,0.05442003,-10,516.8449,500,-10,500,-10,-1.920968,0.3398802,37.28609,-14.64372,14.16356,-14.36593,13.64405,0
-1.890339,-1.787901,-9.922814,0.3058195,0.2656633,-10,516.9041,500,-10,500,-10,-1.907081,0.2450395,37.31966,-14.6608,14.17263,-14.37667,13.66279,0
-0.9604301,-2.109976,-9.706597,0.1078203,0.4667471,-10,516.9628,500,-10,500,-10,-1.898948,0.1491258,37.34912,-14.67877,14.1821,-14.38311,13.67774,0
0.1418592,-1.89182,-9.181734,-0.1125373,0.5843391,-10,517.0214,500,-10,500,-10,-1.896004,0.05258701,37.37615,-14.69758,14.19032,-14.3867,13.69191,0
1.024356,-2.147812,-9.275081,-0.3606613,0.6404588,-10,517.0799,500,-10,500,-10,-1.89819,-0.04422963,37.40213,-14.71754,14.19816,-14.38826,13.70559,0
1.705225,-1.454971,-9.265404,-0.5994943,0.6370351,-10,517.1381,500,-10,500,-10,-1.905417,-0.1409932,37.42838,-14.73846,14.20553,-14.38909,13.71998,0
2.564187,-1.022238,-9.128567,-0.767774,0.5593619,-10,517.1959,500,-10,500,-10,-1.917216,-0.2373149,37.45639,-14.75997,14.21176,-14.39079,13.73696,0
2.409462,-0.5795357,-9.870793,-0.8250483,0.422933,-10,517.2535,500,-10,500,-10,-1.933334,-0.332855,37.48745,-14.78161,14.2168,-14.39489,13.75765,0
2.737,0.5538074,-9.285532,-0.7917096,0.2876061,-10,517.3107,500,-10,500,-10,-1.953651,-0.4273895,37.52255,-14.80345,14.22212,-14.40213,13.78143,0
1.935259,1.175012,-9.767656,-0.6230389,0.1154002,-10,517.3675,500,-10,500,-10,-1.977881,-0.5205881,37.56298,-14.82559,14.22699,-14.41349,13.81005,0
1.045153,1.473624,-10.06973,-0.3731714,-0.02794623,-10,517.4239,500,-10,500,-10,-2.00647,-0.612209,37.60994,-14.84869,14.23359,-14.4293,13.84235,0
0.05558822,1.789304,-10.21963,-0.05455206,-0.1369965,-10,517.4802,500,-10,500,-10,-2.04008,-0.7021286,37.66442,-14.87411,14.24187,-14.44903,13.87922,0
-0.567388,2.130423,-9.849115,0.3185276,-0.2260982,-10,517.5365,500,-10,500,-10,-2.080099,-0.7899843,37.7284,-14.90393,14.25193,-14.47222,13.92217,0
-1.322429,1.723797,-9.811355,0.6077951,-0.2166405,-10,517.5925,500,-10,500,-10,-2.129097,-0.8756828,37.8035,-14.9395,14.2688,-14.49887,13.96754,0
-1.851838,1.347021,-9.42837,0.8483775,-0.1484972,-10,517.6483,500,-10,500,-10,-2.190744,-0.95888,37.89264,-14.9823,14.29262,-14.52993,14.01757,0
-2.436614,0.3711814,-9.960396,0.9785401,-0.0537538,-10,517.7037,500,-10,500,-10,-2.270904,-1.038799,38.00068,-15.03642,14.32613,-14.56534,14.07358,0
-2.474555,-0.7423766,-10.16216,1.00777,0.03425576,-10,517.7588,500,-10,500,-10,-2.378541,-1.113777,38.13588,-15.1079,14.37356,-14.60588,14.13818,0
-1.664746,-1.426134,-9.513983,0.8974268,0.1399321,-10,517.8137,500,-10,500,-10,-2.526488,-1.181302,38.30968,-15.20431,14.44168,-14.65348,14.21407,0
-1.265155,-2.071809,-9.717723,0.6757898,0.2249727,-10,517.8682,500,-10,500,-10,-2.731053,-1.236813,38.53744,-15.33156,14.53386,-14.71494,14.3106,0
0.04430133,-2.148851,-9.181584,0.4053898,0.2428768,-10,517.9227,500,-10,500,-10,-3.004322,-1.27299,38.83078,-15.4945,14.65415,-14.79506,14.43337,0
0.7872138,-2.287614,-9.429376,0.04393148,0.2403246,-10,517.9771,500,-10,500,-10,-3.331472,-1.281204,39.17405,-15.68285,14.79988,-14.89114,14.57207,0
1.052213,-2.245374,-10.19822,-0.2686149,0.1374509,-10,518.0313,500,-10,500,-10,-3.652253,-1.256045,39.50716,-15.87005,14.95511,-14.97996,14.69286,0
2.078227,-1.344276,-9.674609,-0.5303841,0.01153088,-10,518.0853,500,-10,500,-10,-3.90502,-1.201931,39.7691,-16.01214,15.0886,-15.05491,14.77641,0
2.505921,-0.6523273,-9.639044,-0.7114666,-0.1435394,-10,518.139,500,-10,500,-10,-4.079816,-1.128793,39.95059,-16.10586,15.18747,-15.11157,14.82792,0
2.093759,0.1318819,-10.09429,-0.7808166,-0.3102508,-10,518.1924,500,-10,500,-10,-4.197148,-1.044869,40.07301,-16.16683,15.25501,-15.15203,14.86181,0
1.984518,1.41618,-9.673754,-0.7456015,-0.4560398,-10,518.2455,500,-10,500,-10,-4.276544,-0.9548262,40.15719,-16.20556,15.30178,-15.18305,14.88479,0
1.535816,2.177094,-9.521014,-0.5944,-0.5550005,-10,518.2986,500,-10,500,-10,-4.331615,-0.8614057,40.2179,-16.22931,15.33523,-15.2096,14.90165,0
0.5908744,2.270916,-9.736638,-0.3513995,-0.5995685,-10,518.3516,500,-10,500,-10,-4.370009,-0.7660623,40.26402,-16.24298,15.3602,-15.23415,14.91488,0
-0.2440114,2.547599,-9.660901,-0.09667648,-0.5567352,-10,518.4046,500,-10,500,-10,-4.39707,-0.6697677,40.30158,-16.25074,15.38149,-15.25752,14.92472,0
-1.014243,2.005055,-9.463947,0.2092902,-0.500126,-10,518.4573,500,-10,500,-10,-4.41494,-0.5729519,40.33377,-16.25437,15.39914,-15.28056,14.93374,0
-2.132518,1.172145,-9.926455,0.4542427,-0.3798836,-10,518.5099,500,-10,500,-10,-4.426298,-0.4760539,40.36329,-16.25665,15.417,-15.30273,14.94034,0
-1.878856,0.8604198,-9.221894,0.6136947,-0.2192018,-10,518.5622,500,-10,500,-10,-4.432947,-0.3793341,40.39183,-16.25916,15.43609,-15.32386,14.9449,0
-2.088257,-0.3310657,-9.582604,0.6187052,-0.02918001,-10,518.6144,500,-10,500,-10,-4.436452,-0.2829452,40.42039,-16.26377,15.45799,-15.34292,14.94667,0
-1.807179,-1.428203,-9.6144,0.5030869,0.1775014,-10,518.6662,500,-10,500,-10,-4.438585,-0.1870537,40.44991,-16.27058,15.4825,-15.36057,14.94661,0
-1.104567,-1.912088,-9.535391,0.299161,0.3416658,-10,518.7181,500,-10,500,-10,-4.439842,-0.09156663,40.4803,-16.27969,15.50841,-15.37664,14.94589,0
-0.2185437,-2.318526,-9.562752,0.04350812,0.4389031,-10,518.77,500,-10,500,-10,-4.440715,0.003648478,40.51134,-16.2907,15.53477,-15.39136,14.94524,0
0.5471209,-2.418675,-9.727386,-0.243729,0.4782077,-10,518.8217,500,-10,500,-10,-4.441463,0.0987405,40.54278,-16.30301,15.56122,-15.40511,14.94485,0
1.335692,-2.013396,-9.571926,-0.5406107,0.4852546,-10,518.8734,500,-10,500,-10,-4.442175,0.1938147,40.57453,-16.31591,15.58764,-15.41851,14.94473,0
2.06844,-1.364093,-9.661309,-0.7743515,0.4231901,-10,518.9249,500,-10,500,-10,-4.442476,0.2890308,40.60629,-16.32842,15.61225,-15.43231,14.94644,0
2.504816,-0.5741917,-9.852636,-0.8560284,0.2847315,-10,518.9761,500,-10,500,-10,-4.441087,0.3845715,40.63764,-16.33884,15.63319,-15.44787,14.95147,0
2.555301,0.3314673,-9.684401,-0.8163204,0.1103842,-10,519.0272,500,-10,500,-10,-4.436996,0.480489,40.66865,-16.3472,15.65143,-15.46521,14.95893,0
2.420104,1.644345,-9.336209,-0.6586295,-0.05958322,-10,519.0781,500,-10,500,-10,-4.428893,0.5767378,40.69981,-16.35324,15.66762,-15.48498,14.96856,0
1.266299,2.163456,-9.609274,-0.3971822,-0.2137965,-10,519.1291,500,-10,500,-10,-4.415213,0.6731761,40.73212,-16.35748,15.68248,-15.50752,14.98047,0
0.7669481,2.780945,-9.194212,-0.0718494,-0.3207794,-10,519.1802,500,-10,500,-10,-4.394025,0.7695445,40.76736,-16.36045,15.69822,-15.53375,14.99394,0
-0.7504031,1.977796,-10.31128,0.2335003,-0.3306473,-10,519.2311,500,-10,500,-10,-4.362919,0.8653703,40.80862,-16.36402,15.71833,-15.56437,15.00802,0
-1.585403,1.85669,-9.890522,0.5421361,-0.3098266,-10,519.2817,500,-10,500,-10,-4.31811,0.9600943,40.85999,-16.37051,15.74299,-15.60044,15.02592,0
-1.986843,1.134729,-9.57778,0.7965892,-0.2353907,-10,519.3324,500,-10,500,-10,-4.253973,1.052839,40.92794,-16.38293,15.77617,-15.64433,15.04904,0
-2.613137,0.1301033,-9.99482,0.8837017,-0.07903872,-10,519.3828,500,-10,500,-10,-4.161209,1.142081,41.02334,-16.40654,15.82495,-15.69976,15.07931,0
-2.40623,-0.7263393,-9.756176,0.8747181,0.09701702,-10,519.4331,500,-10,500,-10,-4.022826,1.225222,41.16427,-16.44649,15.89517,-15.77658,15.12585,0
-1.705101,-1.685723,-9.613671,0.7408003,0.2456477,-10,519.4834,500,-10,500,-10,-3.810426,1.297759,41.38002,-16.5085,15.99553,-15.89334,15.20426,0
-0.8935707,-2.147092,-9.436284,0.5274193,0.3339499,-10,519.5338,500,-10,500,-10,-3.482811,1.351057,41.7126,-16.60561,16.14413,-16.0718,15.33123,0
-0.3269994,-2.873025,-10.04899,0.2037569,0.3827547,-10,519.5841,500,-10,500,-10,-3.026259,1.37035,42.17652,-16.74593,16.34739,-16.31588,15.51239,0
0.8154084,-2.463367,-9.637759,-0.1251653,0.3529093,-10,519.6343,500,-10,500,-10,-2.564694,1.343486,42.64829,-16.88905,16.53597,-16.56366,15.7147,0
1.828671,-2.030326,-9.673779,-0.4342599,0.2618014,-10,519.6844,500,-10,500,-10,-2.254378,1.279736,42.97131,-16.99697,16.64433,-16.7234,15.87399,0
2.060654,-1.310281,-10.16902,-0.6606622,0.1141215,-10,519.7344,500,-10,500,-10,-2.078404,1.198272,43.1623,-17.06754,16.70186,-16.81107,15.97471,0
2.413526,-0.4618806,-10.0885,-0.7754035,-0.08641981,-10,519.7843,500,-10,500,-10,-1.973818,1.109626,43.28351,-17.11558,16.7345,-16.86346,16.0425,0
2.290908,0.9000151,-9.786901,-0.7912759,-0.268681,-10,519.834,500,-10,500,-10,-1.906158,1.017711,43.36877,-17.15091,16.75427,-16.89878,16.09338,0
2.024134,1.663093,-9.68216,-0.6646234,-0.4247909,-10,519.884,500,-10,500,-10,-1.858499,0.9240536,43.4338,-17.17743,16.76546,-16.92614,16.13608,0
0.6772507,2.098716,-10.30135,-0.4535722,-0.5133443,-10,519.9338,500,-10,500,-10,-1.822958,0.8291919,43.48558,-17.19775,16.77168,-16.94874,16.17277,0
0.2566313,2.683391,-9.283018,-0.1198724,-0.5546137,-10,519.9837,500,-10,500,-10,-1.794235,0.7334329,43.5281,-17.21257,16.77322,-16.96914,16.20645,0
-1.00739,2.301292,-9.844015,0.1561334,-0.5037168,-10,520.0334,500,-10,500,-10,-1.770455,0.6368487,43.56311,-17.225,16.77422,-16.98573,16.23447,0
-1.907232,1.573202,-9.90631,0.437171,-0.3858259,-10,520.0831,500,-10,500,-10,-1.750221,0.5394883,43.59166,-17.23453,16.77361,-16.99984,16.25872,0
-1.887169,1.222332,-9.219504,0.5912443,-0.1760247,-10,520.1326,500,-10,500,-10,-1.73341,0.4413765,43.61424,-17.24333,16.77411,-17.00976,16.27693,0
-2.584793,-0.2380001,-9.720777,0.6619972,0.05851522,-10,520.182,500,-10,500,-10,-1.719778,0.3425891,43.63146,-17.2516,16.77443,-17.01576,16.29089,0
-2.079629,-1.182024,-9.320801,0.6309288,0.275934,-10,520.2316,500,-10,500,-10,-1.709034,0.2432979,43.64449,-17.26051,16.77482,-17.01764,16.30129,0
-1.335835,-1.894485,-9.353087,0.460303,0.4637424,-10,520.2811,500,-10,500,-10,-1.70172,0.1436154,43.6541,-17.27115,16.7761,-17.01497,16.30798,0
-0.4337994,-2.45508,-9.255404,0.2033379,0.5824849,-10,520.3307,500,-10,500,-10,-1.69801,0.04369615,43.66154,-17.28354,16.77742,-17.00874,16.31282,0
0.7884426,-2.327372,-9.161649,-0.09452243,0.635356,-10,520.3802,500,-10,500,-10,-1.697929,-0.05632687,43.66799,-17.29728,16.77849,-17.00035,16.3171,0
1.408673,-2.317757,-9.580631,-0.3776463,0.5870663,-10,520.4296,500,-10,500,-10,-1.701492,-0.1563271,43.67468,-17.31226,16.77841,-16.99091,16.32272,0
1.721977,-2.053897,-10.19028,-0.5997086,0.4435674,-10,520.4789,500,-10,500,-10,-1.708499,-0.2561398,43.68311,-17.32815,16.77701,-16.982,16.3311,0
2.542268,-1.037677,-9.732889,-0.7344244,0.2584107,-10,520.5281,500,-10,500,-10,-1.71863,-0.355634,43.6944,-17.34429,16.77485,-16.97522,16.34262,0
2.748404,0.3960031,-9.500511,-0.7788907,0.06673153,-10,520.5773,500,-10,500,-10,-1.731904,-0.4547101,43.70934,-17.36051,16.77258,-16.97138,16.35727,0
2.398941,1.275034,-9.776053,-0.6589853,-0.1507769,-10,520.6266,500,-10,500,-10,-1.747813,-0.5532408,43.72884,-17.37608,16.76904,-16.97197,16.37697,0
1.679005,2.415214,-9.562908,-0.4178263,-0.3206137,-10,520.676,500,-10,500,-10,-1.766138,-0.6511393,43.75362,-17.39113,16.76604,-16.97744,16.40049,0
0.7897841,2.627749,-9.483482,-0.1233471,-0.4264266,-10,520.7252,500,-10,500,-10,-1.787111,-0.7483751,43.78419,-17.40685,16.76513,-16.98706,16.42673,0
-0.7145927,2.319615,-9.917517,0.1922658,-0.4690486,-10,520.7744,500,-10,500,-10,-1.811747,-0.8449471,43.82122,-17.42413,16.7672,-17.00047,16.45535,0
-1.200722,2.409248,-9.201908,0.5253909,-0.4228465,-10,520.8235,500,-10,500,-10,-1.841281,-0.9408687,43.86578,-17.44321,16.77306,-17.0183,16.48641,0
-2.218619,1.293187,-9.386223,0.7583835,-0.3015287,-10,520.8725,500,-10,500,-10,-1.878493,-1.036152,43.91967,-17.46712,16.78542,-17.03904,16.51871,0
-2.887318,0.1720892,-9.845633,0.8971491,-0.1340266,-10,520.9214,500,-10,500,-10,-1.928799,-1.130599,43.9874,-17.49817,16.80584,-17.06412,16.55441,0
-2.156622,-0.4346608,-9.090919,0.8905963,0.06251307,-10,520.9706,500,-10,500,-10,-2.002406,-1.223776,44.07778,-17.54465,16.83572,-17.09252,16.59941,0
-1.949714,-1.602033,-9.620882,0.7555901,0.2312781,-10,521.0197,500,-10,500,-10,-2.121934,-1.314369,44.21226,-17.61619,16.88431,-17.13241,16.66225,0
-1.086586,-2.35657,-9.306137,0.5046147,0.3588885,-10,521.0688,500,-10,500,-10,-2.343695,-1.398897,44.44604,-17.74555,16.97762,-17.19676,16.76266,0
-0.287475,-2.941756,-9.718056,0.1767991,0.4090744,-10,521.1177,500,-10,500,-10,-2.830578,-1.466177,44.94124,-18.02027,17.17954,-17.33236,16.97104,0
1.429327,-2.453071,-9.139729,-0.1960176,0.4149402,-10,521.1666,500,-10,500,-10,-3.842641,-1.478903,45.95703,-18.57352,17.62521,-17.62078,17.36705,0
1.789701,-2.333478,-9.869886,-0.5120302,0.3012835,-10,521.2155,500,-10,500,-10,-4.462139,-1.403643,46.57545,-18.89706,17.95483,-17.80966,17.54985,0
2.701285,-1.206453,-9.594499,-0.7431905,0.1345759,-10,521.2642,500,-10,500,-10,-4.590796,-1.306273,46.69939,-18.96171,18.02772,-17.8477,17.57964,0
2.524592,-0.4275616,-10.06153,-0.8870032,-0.04407495,-10,521.3129,500,-10,500,-10,-4.636537,-1.206841,46.73823,-18.98054,18.05494,-17.86105,17.58461,0
2.55283,0.9274901,-9.904922,-0.8425895,-0.2558712,-10,521.3618,500,-10,500,-10,-4.657676,-1.106923,46.75183,-18.98335,18.06558,-17.86952,17.58525,0
1.61109,1.634517,-10.06115,-0.6937459,-0.424378,-10,521.4107,500,-10,500,-10,-4.667922,-1.006833,46.7551,-18.97842,18.06959,-17.87716,17.58394,0
1.241493,2.703751,-9.208001,-0.4349922,-0.5307683,-10,521.4595,500,-10,500,-10,-4.672004,-0.9066787,46.75399,-18.96848,18.07011,-17.88617,17.5825,0
0.3729508,3.049181,-9.044179,-0.1176059,-0.5574404,-10,521.5082,500,-10,500,-10,-4.672225,-0.8065064,46.75175,-18.95584,18.06985,-17.89696,17.58091,0
-0.9461454,2.69698,-9.285284,0.2204808,-0.5061269,-10,521.5568,500,-10,500,-10,-4.669613,-0.7063434,46.75016,-18.94206,18.07031,-17.90942,17.57913,0
-2.151145,1.666003,-9.765012,0.5109212,-0.3661178,-10,521.6052,500,-10,500,-10,-4.665384,-0.6062321,46.7507,-18.92893,18.07353,-17.92298,17.57635,0
-2.387662,0.991977,-9.375491,0.7107893,-0.1722419,-10,521.6537,500,-10,500,-10,-4.660312,-0.5062101,46.75386,-18.91787,18.08012,-17.93668,17.57239,0
-2.83276,-0.5750737,-9.859838,0.7704707,0.03880127,-10,521.7023,500,-10,500,-10,-4.655178,-0.4063119,46.75972,-18.91018,18.09057,-17.94922,17.56678,0
-2.484942,-1.675937,-9.77508,0.6874616,0.2627299,-10,521.7509,500,-10,500,-10,-4.651091,-0.3065755,46.76835,-18.9061,18.10502,-17.96044,17.55949,0
-1.489308,-2.134715,-9.509668,0.4997452,0.4402112,-10,521.7994,500,-10,500,-10,-4.648432,-0.2069857,46.77904,-18.9053,18.12178,-17.9701,17.55158,0
-0.8264133,-3.020953,-9.865444,0.2070285,0.5485198,-10,521.8478,500,-10,500,-10,-4.647647,-0.1074985,46.79096,-18.90769,18.14028,-17.97759,17.54296,0
0.6466084,-2.774509,-9.419761,-0.1028422,0.5694511,-10,521.8961,500,-10,500,-10,-4.648766,-0.008041756,46.80317,-18.91155,18.15838,-17.98385,17.53498,0
1.535505,-2.530161,-9.629494,-0.4358081,0.4981937,-10,521.9443,500,-10,500,-10,-4.652036,0.0914625,46.81474,-18.9166,18.17572,-17.98838,17.52722,0
2.711521,-1.335001,-9.342871,-0.7087132,0.3732144,-10,521.9923,500,-10,500,-10,-4.657227,0.1910794,46.82481,-18.9206,18.19093,-17.99274,17.52036,0
2.807592,-0.4533706,-9.470106,-0.8608146,0.1905566,-10,522.0405,500,-10,500,-10,-4.663804,0.2908389,46.83279,-18.92223,18.2026,-17.99771,17.5153,0
2.702461,0.4707956,-9.693941,-0.8433127,-0.02948224,-10,522.0887,500,-10,500,-10,-4.670691,0.3907454,46.83809,-18.92012,18.20983,-18.00422,17.51246,0
2.289273,1.613198,-9.606854,-0.6741021,-0.2430681,-10,522.1368,500,-10,500,-10,-4.676923,0.4907719,46.84047,-18.9139,18.21323,-18.0124,17.51103,0
1.428403,2.576952,-9.498334,-0.4223577,-0.3930539,-10,522.1849,500,-10,500,-10,-4.681803,0.5908667,46.84037,-18.90429,18.21479,-18.02193,17.5094,0
0.4091041,3.01052,-9.422019,-0.09668659,-0.4596338,-10,522.2327,500,-10,500,-10,-4.68452,0.6909876,46.83863,-18.89155,18.21521,-18.03324,17.50754,0
-0.6644258,2.957556,-9.315229,0.2917247,-0.4585699,-10,522.2805,500,-10,500,-10,-4.684051,0.7911083,46.83637,-18.87652,18.21498,-18.04639,17.50589,0
-2.337871,1.679064,-10.05734,0.6269291,-0.3928804,-10,522.3281,500,-10,500,-10,-4.679647,0.8912177,46.83475,-18.86167,18.2165,-18.05989,17.50303,0
-2.324449,1.376579,-8.991724,0.8673296,-0.2454544,-10,522.3757,500,-10,500,-10,-4.670435,0.9912869,46.83595,-18.8485,18.22165,-18.07406,17.49887,0
-3.358833,-0.721366,-10.34663,0.9670645,-0.08751054,-10,522.4235,500,-10,500,-10,-4.655271,1.09127,46.84241,-18.83965,18.23145,-18.08827,17.49443,0
-2.767883,-1.66415,-9.69206,0.9016237,0.1136286,-10,522.4711,500,-10,500,-10,-4.631393,1.191058,46.85852,-18.83704,18.24856,-18.10422,17.49067,0
-2.122878,-2.577244,-9.896507,0.680372,0.2862974,-10,522.5187,500,-10,500,-10,-4.59238,1.290455,46.89212,-18.8446,18.27524,-18.1245,17.49182,0
-0.3138396,-2.353286,-9.027152,0.3891158,0.3970834,-10,522.566,500,-10,500,-10,-4.520027,1.38905,46.96191,-18.86881,18.31718,-18.15812,17.50771,0
0.2267528,-2.997066,-9.513388,0.03023591,0.4117554,-10,522.6133,500,-10,500,-10,-4.342215,1.485561,47.14045,-18.93838,18.40323,-18.23649,17.5696,0
1.763434,-2.525569,-9.276607,-0.3708877,0.3720327,-10,522.6603,500,-10,500,-10,-0.5312543,1.570627,50.95544,-20.25535,19.83877,-20.08057,19.29511,0
2.501215,-1.538162,-9.358983,-0.6999809,0.2560561,-10,522.7072,500,-10,500,-10,45.45043,1.547228,96.9435,-36.72425,36.19667,-41.71688,41.04242,0
2.676967,-0.930464,-9.719702,-0.8962569,0.07627524,-10,522.7543,500,-10,500,-10,45.78919,1.645746,97.29079,-36.83766,36.32154,-41.89123,41.2053,0
2.712945,0.1524983,-10.07082,-0.9206572,-0.1363359,-10,522.8014,500,-10,500,-10,45.59542,1.744269,97.10563,-36.73258,36.22731,-41.84288,41.14612,0
2.476439,1.810123,-9.358582,-0.7981592,-0.33956,-10,522.8483,500,-10,500,-10,45.58143,1.844333,97.09997,-36.69732,36.20343,-41.87345,41.1653,0
1.369848,2.174672,-9.756331,-0.5728551,-0.4935066,-10,522.895,500,-10,500,-10,45.58045,1.944452,97.10557,-36.66418,36.1829,-41.91124,41.19048,0
0.2509634,2.760101,-9.768235,-0.2573965,-0.5619832,-10,522.9415,500,-10,500,-10,45.5833,2.044598,97.11226,-36.62877,36.16215,-41.95219,41.21676,0
-0.7816734,3.008738,-9.456345,0.1036648,-0.5320374,-10,522.9877,500,-10,500,-10,45.58744,2.144749,97.11681,-36.59036,36.14074,-41.99437,41.24195,0
-2.079144,2.089383,-9.640859,0.4728189,-0.4477955,-10,523.0339,500,-10,500,-10,45.59291,2.244883,97.11868,-36.54982,36.11852,-42.03645,41.26571,0
-2.539993,1.413512,-9.375046,0.7265083,-0.2816947,-10,523.0801,500,-10,500,-10,45.59854,2.344962,97.1172,-36.509,36.09797,-42.07604,41.28503,0
-3.025617,-0.0604678,-9.558096,0.8471155,-0.07394963,-10,523.1264,500,-10,500,-10,45.60358,2.444941,97.11234,-36.48583,36.09612,-42.09519,41.28286,0
-2.858649,-1.350982,-9.450395,0.8073994,0.1720727,-10,523.1725,500,-10,500,-10,45.60679,2.54478,97.10423,-36.47148,36.10402,-42.10282,41.26823,0
-2.418799,-2.549815,-9.874361,0.6217592,0.3754558,-10,523.2184,500,-10,500,-10,45.60794,2.644486,97.09379,-36.45907,36.11302,-42.10658,41.2506,0
-1.345159,-3.09262,-9.881492,0.3337918,0.5228468,-10,523.264,500,-10,500,-10,45.60679,2.744097,97.08204,-36.4485,36.12268,-42.10742,41.23119,0
0.2127359,-3.179401,-9.519869,-0.004818311,0.5726756,-10,523.3094,500,-10,500,-10,45.60337,2.843688,97.07019,-36.43993,36.13226,-42.10616,41.2118,0
1.286538,-3.050203,-9.721499,-0.393229,0.5593846,-10,523.3546,500,-10,500,-10,45.59747,2.943321,97.05914,-36.43335,36.14252,-42.1036,41.19239,0
2.75219,-1.468923,-9.121615,-0.6920471,0.4490346,-10,523.3996,500,-10,500,-10,45.58963,3.043056,97.04985,-36.42719,36.15115,-42.10206,41.17606,0
2.886436,-0.8437353,-9.599535,-0.9014083,0.2814511,-10,523.4449,500,-10,500,-10,45.58066,3.142917,97.04308,-36.42131,36.15891,-42.10233,41.16269,0
3.332302,0.6780916,-9.382631,-0.8936192,0.05022655,-10,523.4901,500,-10,500,-10,45.5717,3.242886,97.03934,-36.41379,36.16372,-42.10674,41.15477,0
2.500572,1.665658,-9.500425,-0.771983,-0.1731402,-10,523.5349,500,-10,500,-10,45.56363,3.342924,97.03877,-36.40563,36.16817,-42.11444,41.14985,0
1.939028,2.527269,-9.222461,-0.5163616,-0.3532967,-10,523.5795,500,-10,500,-10,45.55729,3.44298,97.04094,-36.3958,36.17207,-42.12607,41.14776,0
0.6994979,3.17892,-9.183016,-0.1730094,-0.4612155,-10,523.6238,500,-10,500,-10,45.55337,3.543026,97.04515,-36.38443,36.17614,-42.14093,41.14717,0
-0.6409101,3.020187,-9.354403,0.2199766,-0.4883047,-10,523.6677,500,-10,500,-10,45.55244,3.64306,97.05032,-36.37151,36.18061,-42.15813,41.14698,0
-2.241369,1.872211,-9.854626,0.5992441,-0.4393767,-10,523.7114,500,-10,500,-10,45.55503,3.743094,97.05553,-36.35773,36.18604,-42.17621,41.14586,0
-2.801096,1.333209,-9.582935,0.8607314,-0.3008971,-10,523.7554,500,-10,500,-10,45.56104,3.843138,97.05915,-36.34398,36.19364,-42.19298,41.14127,0
-3.051352,-0.01966614,-9.409912,1.004856,-0.128752,-10,523.7993,500,-10,500,-10,45.57048,3.943182,97.05999,-36.33028,36.20214,-42.20737,41.13345,0
-2.77623,-1.0368,-9.16733,0.9556594,0.09895749,-10,523.8429,500,-10,500,-10,45.58311,4.043183,97.05615,-36.31682,36.21226,-42.21765,41.12017,0
-2.144923,-2.146633,-9.373798,0.7631493,0.2781472,-10,523.8862,500,-10,500,-10,45.59917,4.143075,97.04639,-36.30333,36.22136,-42.22305,41.10298,0
-1.295758,-3.011923,-9.752803,0.4498571,0.4048823,-10,523.9291,500,-10,500,-10,45.6195,4.242782,97.029,-36.28865,36.22816,-42.22332,41.08177,0
0.3116834,-3.066117,-9.306602,0.08910286,0.4394975,-10,523.9716,500,-10,500,-10,45.64615,4.342227,97.00159,-36.27073,36.22972,-42.21854,41.0575,0
1.097991,-3.1849,-9.833597,-0.3340138,0.404839,-10,524.0138,500,-10,500,-10,45.68445,4.441309,96.95859,-36.24666,36.22363,-42.20697,41.02795,0
2.989982,-1.50202,-8.962083,-0.6562895,0.2718661,-10,524.0561,500,-10,500,-10,45.75018,4.539828,96.88488,-36.20602,36.19879,-42.18653,40.99172,0
3.005332,-0.8587473,-9.562613,-0.888463,0.06825975,-10,524.0988,500,-10,500,-10,45.91142,4.636988,96.71364,-36.11357,36.12045,-42.13709,40.92816,0
2.92206,0.3035839,-9.908275,-0.9424051,-0.1639978,-10,524.1409,500,-10,500,-10,46.58423,4.724577,96.03046,-35.72719,35.79497,-41.95741,40.68759,0
2.421304,1.588964,-9.660987,-0.8599436,-0.3760335,-10,524.1825,500,-10,500,-10,42.85225,4.683108,99.75375,-37.44705,37.67294,-43.32262,41.89468,0
1.863296,2.497566,-9.358001,-0.6363982,-0.5364715,-10,524.2239,500,-10,500,-10,42.33658,4.591942,100.262,-37.66133,37.87631,-43.52947,42.11245,0
0.6070869,3.152931,-9.330148,-0.3171843,-0.6173118,-10,524.2648,500,-10,500,-10,42.41233,4.492346,100.1816,-37.62766,37.83217,-43.49649,42.08994,0
-0.5480412,3.137643,-9.246852,0.06972926,-0.6176044,-10,524.3053,500,-10,500,-10,42.43396,4.392272,100.159,-37.61611,37.81179,-43.48935,42.09163,0
-2.179116,2.237112,-9.682146,0.4340639,-0.5228211,-10,524.3456,500,-10,500,-10,42.44571,4.292133,100.1504,-37.60955,37.7984,-43.48875,42.09785,0
-2.941062,1.296837,-9.617162,0.6779083,-0.3148353,-10,524.3865,500,-10,500,-10,42.45209,4.192036,100.1503,-37.60722,37.79169,-43.49102,42.1045,0
-2.799495,0.2077233,-9.232561,0.8302142,-0.07393058,-10,524.427,500,-10,500,-10,42.45547,4.092036,100.1558,-37.60834,37.78908,-43.4945,42.11171,0
-2.820276,-1.125812,-9.293255,0.8086435,0.1724078,-10,524.467,500,-10,500,-10,42.45634,3.992153,100.1652,-37.61391,37.79094,-43.49664,42.11757,0
-2.37332,-2.448591,-9.742622,0.6344353,0.3887071,-10,524.5065,500,-10,500,-10,42.45477,3.89237,100.1768,-37.62344,37.79598,-43.49674,42.12215,0
-1.050933,-2.8574,-9.553014,0.3477674,0.5471927,-10,524.5455,500,-10,500,-10,42.4508,3.792644,100.1893,-37.63607,37.80273,-43.49453,42.12583,0
0.2366236,-3.182527,-9.477529,0.0249113,0.5879021,-10,524.5841,500,-10,500,-10,42.44492,3.692906,100.2013,-37.6506,37.80859,-43.48993,42.12989,0
1.30114,-3.084552,-9.752271,-0.3611089,0.5442967,-10,524.6223,500,-10,500,-10,42.43721,3.593101,100.2116,-37.66666,37.81398,-43.48234,42.13298,0
2.638754,-1.898288,-9.470776,-0.6555928,0.3938206,-10,524.661,500,-10,500,-10,42.42824,3.4932,100.219,-37.68152,37.81563,-43.47369,42.13754,0
3.008421,-0.8873532,-9.558813,-0.8780749,0.1865729,-10,524.6997,500,-10,500,-10,42.41863,3.393214,100.2232,-37.69468,37.81417,-43.46398,42.14246,0
3.273423,0.6720991,-9.231542,-0.9208085,-0.03740307,-10,524.7377,500,-10,500,-10,42.40926,3.293184,100.224,-37.70378,37.80816,-43.45553,42.14912,0
2.465401,1.455809,-9.653505,-0.8208559,-0.2588593,-10,524.7753,500,-10,500,-10,42.40107,3.193161,100.2216,-37.70925,37.79845,-43.44805,42.1568,0
2.206015,2.806076,-9.024185,-0.5731573,-0.4364222,-10,524.8123,500,-10,500,-10,42.39489,3.093182,100.2165,-37.71067,37.78559,-43.44241,42.16545,0
0.629567,2.906777,-9.436822,-0.2407245,-0.5351256,-10,524.8488,500,-10,500,-10,42.39125,2.993253,100.2096,-37.70903,37.77132,-43.43835,42.17402,0
-0.5187633,3.176443,-9.003231,0.1420473,-0.5397184,-10,524.8845,500,-10,500,-10,42.39045,2.893349,100.2021,-37.70513,37.75681,-43.43605,42.18232,0
-2.210914,2.078932,-9.79844,0.4872799,-0.4164336,-10,524.9207,500,-10,500,-10,42.39275,2.793427,100.1954,-37.70059,37.74443,-43.43501,42.18913,0
-2.967352,1.128644,-9.586727,0.7482728,-0.2098597,-10,524.9575,500,-10,500,-10,42.39802,2.693453,100.1908,-37.69722,37.73497,-43.43459,42.1948,0
-2.612034,0.3660763,-8.896118,0.913469,0.01968339,-10,524.9934,500,-10,500,-10,42.40624,2.59343,100.1892,-37.69619,37.72824,-43.4343,42.2002,0
-3.08006,-1.601532,-9.737257,0.8740521,0.2597058,-10,525.0287,500,-10,500,-10,42.41645,2.493392,100.1913,-37.69979,37.72627,-43.43244,42.20392,0
-2.143725,-2.502995,-9.551346,0.7076358,0.462889,-10,525.0634,500,-10,500,-10,42.42818,2.393396,100.1977,-37.70749,37.72746,-43.43,42.20799,0
-0.8705324,-3.014031,-9.488837,0.4229333,0.5951147,-10,525.0976,500,-10,500,-10,42.44088,2.293496,100.2084,-37.71959,37.73135,-43.42682,42.21302,0
-0.1384589,-3.553169,-9.984728,0.06872398,0.627344,-10,525.131,500,-10,500,-10,42.45404,2.19372,100.2233,-37.73552,37.73672,-43.42322,42.21997,0
1.373071,-3.032585,-9.770509,-0.2871022,0.550169,-10,525.1641,500,-10,500,-10,42.46748,2.094059,100.2419,-37.7541,37.74218,-43.42007,42.22994,0
2.580748,-1.788656,-9.513268,-0.5727544,0.3551113,-10,525.1989,500,-10,500,-10,42.48104,1.994445,100.263,-37.77375,37.74597,-43.41791,42.24365,0
3.267545,-0.6897695,-9.349232,-0.7476383,0.07978112,-10,525.2327,500,-10,500,-10,42.49511,1.894788,100.2859,-37.79309,37.74751,-43.4175,42.26105,0
3.437712,0.6675236,-9.086686,-0.82382,-0.1714878,-10,525.2658,500,-10,500,-10,42.51236,1.795048,100.3124,-37.81168,37.74871,-43.42086,42.28178,0
2.903795,1.846413,-9.127287,-0.7287061,-0.4292322,-10,525.2982,500,-10,500,-10,42.54052,1.695191,100.3487,-37.83048,37.74985,-43.43217,42.31076,0
1.726294,2.727393,-9.581326,-0.5001943,-0.6318617,-10,525.3301,500,-10,500,-10,42.63909,1.595358,100.4532,-37.86769,37.77021,-43.48154,42.37698,0
0.8541123,3.449817,-9.012527,-0.1797835,-0.7302863,-10,525.3611,500,-10,500,-10,42.00803,1.499547,99.82462,-37.67719,37.56631,-43.1512,42.06004,0
-0.7091931,3.141426,-9.213381,0.1783965,-0.7401915,-10,525.3911,500,-10,500,-10,42.40641,1.405583,100.2232,-37.79772,37.67529,-43.36094,42.28132,0
-2.227373,2.24612,-9.60242,0.5104676,-0.6254379,-10,525.4235,500,-10,500,-10,42.4428,1.30552,100.2557,-37.80659,37.67443,-43.37902,42.30915,0
-2.497016,1.562625,-9.126013,0.7063972,-0.3923118,-10,525.4554,500,-10,500,-10,42.45319,1.205395,100.2595,-37.80758,37.66821,-43.38117,42.3185,0
-3.351322,-0.2044544,-9.730032,0.7872208,-0.1043695,-10,525.4863,500,-10,500,-10,42.45498,1.105379,100.2529,-37.80668,37.66124,-43.37659,42.31999,0
-3.084179,-1.587612,-9.792276,0.7322372,0.1739388,-10,525.5165,500,-10,500,-10,42.45263,1.005485,100.2415,-37.80675,37.65493,-43.36705,42.31683,0
-2.086963,-2.46325,-9.276678,0.5444623,0.4211668,-10,525.5461,500,-10,500,-10,42.44734,0.905676,100.2277,-37.8088,37.64981,-43.3536,42.31055,0
-0.6710488,-3.051698,-9.417602,0.2257214,0.588909,-10,525.575,500,-10,500,-10,42.43969,0.8058878,100.2136,-37.81406,37.64599,-43.33666,42.30269,0
0.4746298,-3.159199,-9.371402,-0.1406933,0.6662112,-10,525.6027,500,-10,500,-10,42.43029,0.7060564,100.2008,-37.82176,37.64246,-43.3183,42.29556,0
2.004173,-2.514503,-8.908603,-0.4639714,0.6128606,-10,525.6315,500,-10,500,-10,42.41992,0.6061401,100.1904,-37.83122,37.63762,-43.30025,42.29181,0
2.605361,-1.82462,-9.563988,-0.7376479,0.456063,-10,525.6617,500,-10,500,-10,42.40945,0.5061383,100.1836,-37.84238,37.63201,-43.28348,42.2918,0
3.24701,-0.736193,-9.436397,-0.8901788,0.2292673,-10,525.6905,500,-10,500,-10,42.3996,0.4060935,100.1808,-37.85368,37.62486,-43.26981,42.29659,0
3.340032,0.5031161,-9.421534,-0.9285333,-0.01225142,-10,525.7184,500,-10,500,-10,42.39071,0.3060632,100.1817,-37.86457,37.61686,-43.25967,42.30535,0
3.014786,2.155389,-8.898129,-0.7889827,-0.2562039,-10,525.7456,500,-10,500,-10,42.38372,0.2060993,100.186,-37.87365,37.60688,-43.2542,42.31893,0
1.716002,2.739311,-9.393193,-0.4851157,-0.4652932,-10,525.772,500,-10,500,-10,42.37938,0.1062254,100.1931,-37.88042,37.59528,-43.25329,42.33639,0
0.5623587,3.29248,-9.315429,-0.1144262,-0.5794903,-10,525.7975,500,-10,500,-10,42.37803,0.006422388,100.2019,-37.88548,37.58401,-43.25549,42.35492,0
-0.7490357,2.979338,-9.335871,0.2587686,-0.5746435,-10,525.8196,500,-10,500,-10,42.37967,-0.09336682,100.2109,-37.88915,37.57391,-43.25932,42.37251,0
-2.155889,2.219912,-9.63403,0.5931317,-0.472771,-10,525.8528,500,-10,500,-10,42.38389,-0.1932013,100.219,-37.89194,37.565,-43.2632,42.3881,0
-3.058979,1.092173,-9.76603,0.8421997,-0.3023384,-10,525.8833,500,-10,500,-10,42.39055,-0.2931127,100.2251,-37.89466,37.55744,-43.26556,42.40074,0
-3.433749,-0.3333623,-9.910899,0.9328648,-0.04917899,-10,525.9128,500,-10,500,-10,42.39893,-0.3931076,100.2282,-37.89801,37.55225,-43.26477,42.40849,0
-2.984045,-1.539073,-9.674331,0.9129293,0.1744817,-10,525.9415,500,-10,500,-10,42.40849,-0.4931478,100.2279,-37.90237,37.54727,-43.26019,42.41324,0
-2.049039,-2.445376,-9.475151,0.6948304,0.3921394,-10,525.9695,500,-10,500,-10,42.41818,-0.5931823,100.224,-37.90891,37.54424,-43.25041,42.41304,0
-1.191565,-3.339173,-9.627651,0.3997052,0.5099258,-10,525.9965,500,-10,500,-10,42.42722,-0.6931674,100.2168,-37.91679,37.54019,-43.23656,42.41112,0
0.3040631,-3.340463,-9.612538,0.008454069,0.5560232,-10,526.021,500,-10,500,-10,42.43484,-0.7930874,100.207,-37.92632,37.53606,-43.21894,42.40715,0
1.938024,-2.485844,-8.971372,-0.3680053,0.5007182,-10,526.0483,500,-10,500,-10,42.44044,-0.8929612,100.1957,-37.93637,37.53009,-43.19953,42.40377,0
2.723877,-1.974762,-9.270472,-0.7100945,0.3738166,-10,526.0784,500,-10,500,-10,42.44358,-0.992827,100.184,-37.94667,37.52262,-43.17946,42.40147,0
3.288475,-0.6674562,-9.371602,-0.9077111,0.1675511,-10,526.1075,500,-10,500,-10,42.44391,-1.092736,100.1735,-37.95611,37.51239,-43.16135,42.40304,0
3.350607,0.7349387,-9.289728,-0.9361897,-0.08303222,-10,526.1357,500,-10,500,-10,42.44083,-1.192722,100.1665,-37.96468,37.50016,-43.147,42.40948,0
2.76584,1.725685,-9.546937,-0.8120599,-0.3230272,-10,526.163,500,-10,500,-10,42.43283,-1.292787,100.166,-37.97318,37.48799,-43.13805,42.42121,0
1.429562,2.545153,-9.666843,-0.5391147,-0.5265993,-10,526.1895,500,-10,500,-10,42.41485,-1.392886,100.1782,-37.98396,37.47879,-43.13744,42.44057,0
0.5395527,3.069161,-9.406372,-0.2018995,-0.6341951,-10,526.2143,500,-10,500,-10,42.3657,-1.492879,100.225,-38.00682,37.48373,-43.15335,42.4744,0
-0.7209571,3.086071,-9.458495,0.1751806,-0.6335382,-10,526.2275,500,-10,500,-10,42.17485,-1.591793,100.417,-38.08912,37.5506,-43.23013,42.5666,0
-2.067196,2.201416,-9.500978,0.5199619,-0.5561546,-10,526.2256,500,-10,500,-10,42.68488,-1.672836,99.91257,-37.8779,37.3282,-43.02337,42.37102,0
-2.406782,1.753927,-8.892273,0.7614052,-0.3483012,-10,526.2228,500,-10,500,-10,42.53512,-1.771203,100.0705,-37.94415,37.38358,-43.08797,42.44651,0
-2.689864,0.3665568,-8.982565,0.8971607,-0.1218212,-10,526.219,500,-10,500,-10,42.50094,-1.870789,100.1146,-37.96496,37.39362,-43.10368,42.47298,0
-2.865881,-1.446693,-9.427285,0.8206174,0.1490074,-10,526.2142,500,-10,500,-10,42.43984,-1.968735,100.1432,-37.98485,37.40387,-43.10753,42.48647,0
-2.069182,-2.502429,-9.630533,0.6328699,0.370591,-10,526.2084,500,-10,500,-10,42.43367,-2.068647,100.1577,-37.99916,37.40705,-43.10517,42.49525,0
-0.5281588,-2.711334,-9.042619,0.3281648,0.5226913,-10,526.2017,500,-10,500,-10,42.42572,-2.168561,100.1717,-38.01627,37.41132,-43.09967,42.50257,0
0.5575829,-2.962774,-9.147636,-0.05389226,0.5892308,-10,526.2003,500,-10,500,-10,42.4165,-2.268519,100.1837,-38.03507,37.41527,-43.09082,42.50859,0
1.342799,-3.051606,-9.821679,-0.4209555,0.5498726,-10,526.1978,500,-10,500,-10,42.40657,-2.368538,100.1926,-38.05382,37.41665,-43.07951,42.51464,0
2.280793,-2.206077,-9.626087,-0.6939113,0.4026744,-10,526.2061,500,-10,500,-10,42.3968,-2.468601,100.1978,-38.07087,37.41377,-43.06676,42.52182,0
3.402845,-0.7235921,-9.282465,-0.8895357,0.1865558,-10,526.2134,500,-10,500,-10,42.38775,-2.568662,100.1989,-38.0859,37.40721,-43.05259,42.52923,0
3.329364,0.4546452,-9.23769,-0.9509639,-0.05529086,-10,526.2195,500,-10,500,-10,42.37984,-2.668664,100.196,-38.0975,37.39655,-43.0386,42.53751,0
2.93982,2.02717,-9.066908,-0.865293,-0.2739641,-10,526.2249,500,-10,500,-10,42.37353,-2.768571,100.1899,-38.10517,37.38236,-43.02592,42.54669,0
2.121403,2.740968,-9.338306,-0.6123142,-0.4466403,-10,526.2292,500,-10,500,-10,42.36963,-2.868373,100.1815,-38.10852,37.36481,-43.01562,42.55729,0
0.7988294,3.24067,-9.006,-0.2849098,-0.5520099,-10,526.2327,500,-10,500,-10,42.36835,-2.968097,100.1718,-38.10925,37.34604,-43.00681,42.56799,0
-0.725586,2.770995,-9.617302,0.06760915,-0.5322542,-10,526.2088,500,-10,500,-10,42.36967,-3.06781,100.1621,-38.10807,37.32807,-42.99992,42.57788,0
-1.794495,2.482432,-9.53364,0.4460959,-0.4484333,-10,526.1171,500,-10,500,-10,42.37374,-3.16757,100.1533,-38.10598,37.31052,-42.99477,42.5882,0
-2.686917,1.496954,-9.441223,0.7289778,-0.2764844,-10,526.0333,500,-10,500,-10,42.38018,-3.267423,100.1465,-38.10516,37.29608,-42.98995,42.59698,0
-3.062244,0.19345,-9.4724,0.8864428,-0.051857,-10,525.946,500,-10,500,-10,42.38829,-3.367382,100.1425,-38.10685,37.28521,-42.98493,42.60452,0
-2.83391,-1.020542,-9.262194,0.899502,0.1957913,-10,525.8578,500,-10,500,-10,42.39726,-3.467422,100.1418,-38.11194,37.27816,-42.97927,42.61102,0
-2.241908,-2.12739,-9.270599,0.7387005,0.423068,-10,525.7689,500,-10,500,-10,42.40621,-3.567493,100.1446,-38.12152,37.27499,-42.97197,42.61645,0
-0.9354792,-2.712473,-9.248665,0.4296314,0.5987467,-10,525.6791,500,-10,500,-10,42.41404,-3.667544,100.1505,-38.13544,37.27492,-42.96293,42.62141,0
0.2963912,-3.144078,-9.109555,0.1003196,0.653646,-10,525.5885,500,-10,500,-10,42.42029,-3.76755,100.1586,-38.15202,37.27465,-42.95309,42.62841,0
1.121165,-3.164477,-9.712534,-0.2613178,0.6157976,-10,525.4978,500,-10,500,-10,42.42424,-3.867517,100.1678,-38.17076,37.27436,-42.94199,42.63634,0
2.410125,-2.213273,-9.429567,-0.5907503,0.4860021,-10,525.421,500,-10,500,-10,42.42539,-3.967474,100.1768,-38.19009,37.27249,-42.93011,42.64567,0
3.311706,-0.8869118,-9.143161,-0.8344157,0.2962931,-10,525.3347,500,-10,500,-10,42.42322,-4.067451,100.1842,-38.20834,37.26806,-42.91801,42.65626,0
3.16963,0.2408202,-9.643841,-0.9039478,0.04418482,-10,525.2452,500,-10,500,-10,42.41737,-4.167467,100.1879,-38.22326,37.25877,-42.90618,42.66862,0
2.811058,1.506287,-9.620215,-0.8350973,-0.2161682,-10,525.1551,500,-10,500,-10,42.4068,-4.267503,100.1856,-38.23407,37.24508,-42.89346,42.68041,0
1.847564,2.282364,-9.743163,-0.6255369,-0.4188103,-10,525.0641,500,-10,500,-10,42.3898,-4.367501,100.1745,-38.23908,37.22678,-42.87922,42.68948,0
0.7731539,2.857436,-9.48998,-0.2766189,-0.5698625,-10,524.9724,500,-10,500,-10,42.36138,-4.467344,100.1484,-38.23647,37.20192,-42.86019,42.6927,0
-0.4963078,3.063715,-9.768127,0.11389,-0.6372746,-10,524.8798,500,-10,500,-10,42.30473,-4.566803,100.0902,-38.22236,37.1674,-42.82608,42.67899,0
-1.528072,2.918686,-9.218883,0.5086451,-0.6119759,-10,524.7838,500,-10,500,-10,42.12537,-4.665028,99.90546,-38.16897,37.09575,-42.72639,42.59757,0
-2.827433,1.659213,-9.596127,0.7926844,-0.4796328,-10,524.642,500,-10,500,-10,35.97238,-4.754346,93.74459,-35.96066,34.8728,-39.82988,39.7157,0
-3.337549,0.173962,-9.775853,0.9607579,-0.2753424,-10,524.4585,500,-10,500,-10,36.19837,-4.853064,93.96116,-36.02967,34.9273,-39.94032,39.84065,0
-3.383651,-0.8057877,-9.748686,0.9703999,-0.02963174,-10,524.3041,500,-10,500,-10,36.17462,-4.952957,93.92708,-36.02549,34.90926,-39.91626,39.83046,0
-2.264902,-1.623584,-9.175989,0.8227228,0.2137368,-10,524.1451,500,-10,500,-10,36.1618,-5.052834,93.90466,-36.02766,34.89739,-39.89552,39.82374,0
-1.412955,-2.655201,-9.165201,0.5495651,0.394925,-10,523.9855,500,-10,500,-10,36.15067,-5.152713,93.88594,-36.03394,34.88814,-39.87372,39.81748,0
-0.1889578,-3.08867,-9.275161,0.1897336,0.4935369,-10,523.8253,500,-10,500,-10,36.13987,-5.252634,93.8707,-36.04395,34.88062,-39.85109,39.81237,0
0.9745306,-3.232908,-9.312011,-0.2278133,0.5144339,-10,523.6644,500,-10,500,-10,36.12919,-5.352617,93.85934,-36.05725,34.87454,-39.82837,39.80904,0
1.885561,-2.904357,-9.583993,-0.6014875,0.4348052,-10,523.5028,500,-10,500,-10,36.11835,-5.45266,93.85199,-36.07246,34.86797,-39.80708,39.80953,0
2.800723,-1.962931,-9.722521,-0.8855152,0.2436117,-10,523.3391,500,-10,500,-10,36.10838,-5.552722,93.8494,-36.0891,34.8602,-39.78828,39.81514,0
3.372774,-0.4449781,-9.531302,-1.061013,0.03618205,-10,523.1403,500,-10,500,-10,36.09916,-5.652751,93.85097,-36.10558,34.8518,-39.77311,39.82485,0
3.22851,1.021125,-9.42986,-1.068587,-0.203309,-10,522.9564,500,-10,500,-10,36.09169,-5.752692,93.85648,-36.12091,34.84143,-39.76234,39.83978,0
2.611301,2.381142,-9.442874,-0.9022821,-0.4209571,-10,522.759,500,-10,500,-10,36.08631,-5.852515,93.86494,-36.13402,34.82924,-39.75623,39.85898,0
1.626681,3.186546,-9.069489,-0.6036159,-0.5807009,-10,522.5671,500,-10,500,-10,36.08364,-5.952229,93.87537,-36.14483,34.81594,-39.75407,39.88092,0
0.03294472,3.146307,-9.760154,-0.2377598,-0.6445658,-10,522.3747,500,-10,500,-10,36.08377,-6.051886,93.88657,-36.15358,34.80264,-39.7546,39.9035,0
-1.080071,3.093497,-9.404308,0.1437931,-0.5821742,-10,522.1816,500,-10,500,-10,36.08651,-6.151565,93.89708,-36.16029,34.79004,-39.7566,39.92482,0
-2.300007,2.344898,-9.316107,0.539386,-0.4603805,-10,521.9879,500,-10,500,-10,36.09198,-6.251318,93.90604,-36.16547,34.77711,-39.75885,39.94517,0
-2.720687,1.507145,-9.184869,0.8324608,-0.262732,-10,521.7935,500,-10,500,-10,36.09977,-6.351187,93.91255,-36.1706,34.76572,-39.75911,39.96196,0
-3.381999,-0.194758,-9.544016,0.9495361,3.071502e-05,-10,521.5983,500,-10,500,-10,36.10893,-6.451168,93.91584,-36.17683,34.75676,-39.7556,39.97364,0
-3.178724,-1.500345,-9.490202,0.919135,0.2792371,-10,521.3908,500,-10,500,-10,36.11852,-6.551221,93.91534,-36.18409,34.74907,-39.74794,39.98092,0
-2.174803,-2.430619,-9.371187,0.7423595,0.5255827,-10,521.2484,500,-10,500,-10,36.12782,-6.651287,93.91119,-36.19298,34.74216,-39.73561,39.98439,0
-1.178524,-3.360033,-9.360063,0.4743178,0.6854213,-10,521.1068,500,-10,500,-10,36.13622,-6.751308,93.90394,-36.2034,34.73472,-39.71918,39.98581,0
0.08461123,-3.744658,-9.570812,0.1043743,0.749083,-10,520.9625,500,-10,500,-10,36.14285,-6.851266,93.89442,-36.21599,34.72719,-39.69871,39.98546,0
1.377972,-3.299708,-9.285323,-0.2562191,0.6930884,-10,520.8176,500,-10,500,-10,36.14718,-6.951176,93.88386,-36.22958,34.71786,-39.67636,39.98604,0
2.497074,-2.496646,-9.61932,-0.6260942,0.5673864,-10,520.672,500,-10,500,-10,36.14854,-7.051073,93.87341,-36.24439,34.70806,-39.65289,39.98717,0
3.439256,-1.060283,-9.165495,-0.8788803,0.357925,-10,520.5259,500,-10,500,-10,36.14662,-7.151004,93.86462,-36.25899,34.69605,-39.63101,39.99191,0
3.428772,-0.09095672,-9.613681,-0.9603461,0.06265391,-10,520.3791,500,-10,500,-10,36.14106,-7.250998,93.85962,-36.27324,34.68164,-39.61262,40.00217,0
3.17599,1.351998,-9.633854,-0.9028769,-0.2259603,-10,520.2277,500,-10,500,-10,36.13112,-7.351039,93.86043,-36.28744,34.6672,-39.59909,40.01728,0
2.259897,2.202161,-9.597895,-0.7138646,-0.4634711,-10,520.0549,500,-10,500,-10,36.11549,-7.451067,93.86947,-36.30212,34.6543,-39.59189,40.03767,0
1.387773,3.436345,-9.160748,-0.3781986,-0.6487823,-10,519.877,500,-10,500,-10,36.09085,-7.550972,93.89098,-36.31875,34.6444,-39.59309,40.0654,0
-0.08733748,3.531664,-9.415588,0.03314582,-0.7436404,-10,519.6984,500,-10,500,-10,36.04799,-7.650558,93.93487,-36.34212,34.64323,-39.60609,40.10293,0
-1.360009,3.246142,-9.298024,0.4036657,-0.7053681,-10,519.5192,500,-10,500,-10,35.95237,-7.749388,94.0352,-36.38797,34.66754,-39.64337,40.16176,0
-2.541867,2.203656,-9.348515,0.7574517,-0.5842713,-10,519.3393,500,-10,500,-10,35.3853,-7.844944,94.61027,-36.65967,34.89528,-39.84817,40.41051,0
-3.482985,0.9055038,-9.544657,0.9945993,-0.375764,-10,519.1588,500,-10,500,-10,34.26354,-7.843633,95.74136,-37.23326,35.38877,-40.21179,40.85423,0
-3.634138,-0.4329051,-9.516341,1.059836,-0.07963188,-10,518.9777,500,-10,500,-10,43.05476,-7.897025,86.96104,-33.10603,31.35262,-37.06374,37.61511,0
-3.343537,-1.737033,-9.457143,0.981048,0.1968323,-10,518.7946,500,-10,500,-10,42.36221,-7.984939,87.66426,-33.40446,31.63619,-37.34798,37.91421,0
-2.148868,-2.585702,-9.327771,0.7329518,0.451857,-10,518.6412,500,-10,500,-10,42.3749,-8.085045,87.65971,-33.41497,31.62947,-37.33372,37.91718,0
-1.049715,-3.582909,-9.413925,0.3918243,0.6181982,-10,518.5101,500,-10,500,-10,42.37154,-8.185229,87.66827,-33.43373,31.62888,-37.32205,37.92486,0
0.04171984,-4.025164,-9.78476,-0.04349959,0.6967099,-10,518.3714,500,-10,500,-10,42.36493,-8.285463,87.67616,-33.45509,31.62878,-37.30721,37.93148,0
1.610529,-3.365509,-9.155562,-0.4276925,0.6544945,-10,518.2321,500,-10,500,-10,42.35776,-8.385705,87.68053,-33.47577,31.62518,-37.29016,37.93871,0
2.554331,-2.499104,-9.417665,-0.7893891,0.512769,-10,518.092,500,-10,500,-10,42.35062,-8.485896,87.68067,-33.49573,31.6185,-37.27032,37.94551,0
3.245548,-1.364734,-9.570306,-1.047624,0.3074426,-10,517.9513,500,-10,500,-10,42.34401,-8.585965,87.67653,-33.51311,31.60773,-37.2495,37.95284,0
4.0638,0.5058548,-8.885454,-1.108115,0.007061134,-10,517.8098,500,-10,500,-10,42.33933,-8.685823,87.66786,-33.52653,31.59075,-37.22891,37.96264,0
3.773221,1.832513,-8.80513,-1.032003,-0.2837949,-10,517.6675,500,-10,500,-10,42.33678,-8.785444,87.65556,-33.53611,31.57009,-37.20913,37.97311,0
2.496267,2.677466,-9.28484,-0.78145,-0.547982,-10,517.5255,500,-10,500,-10,42.33692,-8.884844,87.64063,-33.54137,31.54563,-37.19149,37.98519,0
1.152981,3.484727,-9.357649,-0.4478811,-0.7190987,-10,517.4423,500,-10,500,-10,42.33959,-8.984108,87.62443,-33.54364,31.52016,-37.17581,37.99724,0
-0.256419,3.566491,-9.348319,-0.03540686,-0.786635,-10,517.3839,500,-10,500,-10,42.3448,-9.083351,87.60835,-33.54333,31.49436,-37.16278,38.00971,0
-1.034593,3.486695,-8.846664,0.3377527,-0.7296512,-10,517.3365,500,-10,500,-10,42.35193,-9.182692,87.59369,-33.54277,31.47097,-37.15121,38.02097,0
-2.369686,2.458291,-9.140325,0.7042793,-0.5876136,-10,517.2881,500,-10,500,-10,42.36083,-9.282206,87.58151,-33.54219,31.44935,-37.1417,38.0325,0
-3.093861,1.245674,-9.071122,0.9655069,-0.3641769,-10,517.239,500,-10,500,-10,42.37113,-9.381921,87.57245,-33.54126,31.43375,-37.13512,38.04058,0
-3.103449,0.1282576,-8.844862,1.053272,-0.06518564,-10,517.1891,500,-10,500,-10,42.38185,-9.481829,87.56728,-33.5413,31.42581,-37.13079,38.04424,0
-2.96409,-1.459105,-9.177112,0.9841334,0.2359128,-10,517.1382,500,-10,500,-10,42.39201,-9.58187,87.56628,-33.54552,31.42208,-37.12574,38.04714,0
-2.670005,-2.979155,-9.832385,0.7825975,0.4794379,-10,517.0865,500,-10,500,-10,42.40105,-9.681961,87.56887,-33.55399,31.42128,-37.11942,38.05008,0
-1.413378,-3.488072,-9.584689,0.4560253,0.6412489,-10,517.0327,500,-10,500,-10,42.4081,-9.782043,87.57436,-33.56664,31.42284,-37.11131,38.05307,0
0.2801562,-3.512832,-9.131662,0.09408333,0.695748,-10,516.9936,500,-10,500,-10,42.41278,-9.882092,87.5816,-33.58187,31.42455,-37.10208,38.05735,0
1.363817,-3.326547,-9.511004,-0.3372902,0.6724665,-10,516.9382,500,-10,500,-10,42.41425,-9.982115,87.58955,-33.59958,31.42701,-37.09096,38.06149,0
2.878546,-2.400779,-9.148862,-0.6984724,0.5332741,-10,516.8818,500,-10,500,-10,42.41216,-10.08213,87.59681,-33.61736,31.42692,-37.0792,38.0676,0
3.611925,-1.311861,-9.007839,-0.9636804,0.2937298,-10,516.8247,500,-10,500,-10,42.4061,-10.18217,87.60137,-33.63388,31.42331,-37.06646,38.07499,0
3.870672,0.07563996,-9.148233,-1.094028,0.006921578,-10,516.7667,500,-10,500,-10,42.39549,-10.28221,87.60143,-33.64728,31.4155,-37.0531,38.08283,0
3.198304,1.105014,-9.543262,-1.056014,-0.2980678,-10,516.708,500,-10,500,-10,42.37975,-10.38217,87.59485,-33.65594,31.40258,-37.03899,38.09032,0
2.563174,2.352107,-9.586897,-0.8518673,-0.5783317,-10,516.6484,500,-10,500,-10,42.35756,-10.48195,87.57907,-33.65857,31.3842,-37.02329,38.09562,0
1.458516,3.404546,-9.309216,-0.5483113,-0.7645521,-10,516.5835,500,-10,500,-10,42.32625,-10.58136,87.55072,-33.65447,31.36126,-37.00389,38.09506,0
-0.01202819,3.288098,-9.700309,-0.1727516,-0.8695297,-10,516.5071,500,-10,500,-10,42.27952,-10.68012,87.50304,-33.64222,31.33209,-36.97665,38.08473,0
-1.335913,3.316483,-9.435555,0.2479421,-0.8632547,-10,516.4194,500,-10,500,-10,42.20168,-10.77777,87.42029,-33.61722,31.29285,-36.93307,38.0554,0
-2.031525,2.975115,-8.98615,0.6013436,-0.7265574,-10,516.3312,500,-10,500,-10,42.04069,-10.87303,87.25098,-33.56586,31.23054,-36.84415,37.97743,0
-3.041914,1.900259,-9.130782,0.8483344,-0.4731944,-10,516.2421,500,-10,500,-10,41.4749,-10.95991,86.67483,-33.39176,31.03761,-36.54085,37.69296,0
-3.626527,0.2548149,-9.327793,0.990343,-0.165828,-10,516.1523,500,-10,500,-10,33.32476,-10.97315,78.5141,-30.56618,28.0166,-32.60454,33.95208,0
-3.459756,-1.116205,-9.32628,0.9741923,0.1662336,-10,516.0619,500,-10,500,-10,32.72713,-10.89948,77.90756,-30.30907,27.77782,-32.35909,33.6883,0
-2.555015,-2.334759,-9.017197,0.8447642,0.4434015,-10,515.9702,500,-10,500,-10,32.88965,-10.80092,78.06194,-30.36503,27.85455,-32.43103,33.73948,0
-1.713632,-3.455045,-9.443666,0.542213,0.6782907,-10,515.8734,500,-10,500,-10,32.90955,-10.70074,78.07575,-30.36563,27.87519,-32.44188,33.73028,0
-0.6000975,-3.858225,-9.480503,0.1699207,0.8062682,-10,515.7831,500,-10,500,-10,32.91157,-10.60039,78.07504,-30.36271,27.88994,-32.44421,33.71494,0
0.9353061,-3.756011,-9.435209,-0.2253009,0.8328269,-10,515.6906,500,-10,500,-10,32.90879,-10.50002,78.07319,-30.36106,27.90367,-32.44433,33.69968,0
2.048448,-3.217575,-9.68429,-0.599998,0.7184779,-10,515.5972,500,-10,500,-10,32.90434,-10.3997,78.07384,-30.36192,27.91673,-32.44401,33.68715,0
3.200049,-2.181026,-9.387519,-0.9132667,0.5191027,-10,515.5033,500,-10,500,-10,32.89952,-10.29953,78.07822,-30.36451,27.92959,-32.44506,33.67794,0
3.977117,-0.4011436,-8.883725,-1.109549,0.2512624,-10,515.4088,500,-10,500,-10,32.89514,-10.1996,78.08662,-30.36777,27.94153,-32.44875,33.67294,0
3.863122,0.7552887,-9.17201,-1.13606,-0.04258766,-10,515.3135,500,-10,500,-10,32.89196,-10.09995,78.09866,-30.37012,27.95195,-32.45638,33.6725,0
3.393891,2.143836,-9.206211,-1.015362,-0.3296795,-10,515.216,500,-10,500,-10,32.89055,-10.00061,78.11374,-30.37125,27.96126,-32.46774,33.67569,0
2.523933,3.430549,-8.908582,-0.7313806,-0.5732417,-10,515.1191,500,-10,500,-10,32.89147,-9.901523,78.1309,-30.36999,27.96911,-32.48321,33.68206,0
0.9054911,3.56554,-9.236465,-0.3751619,-0.7041116,-10,515.0278,500,-10,500,-10,32.89464,-9.802563,78.14876,-30.36645,27.9772,-32.50156,33.68877,0
-1.02875,3.100742,-9.891076,0.0481995,-0.7697414,-10,514.9353,500,-10,500,-10,32.90022,-9.703617,78.16634,-30.36078,27.98462,-32.5218,33.69592,0
-1.420784,3.383886,-9.024984,0.4586598,-0.6875854,-10,514.8423,500,-10,500,-10,32.90796,-9.604536,78.18234,-30.35276,27.99305,-32.54308,33.70075,0
-2.843479,2.133187,-9.422041,0.7980238,-0.4982109,-10,514.7487,500,-10,500,-10,32.9173,-9.505212,78.19558,-30.34332,28.0025,-32.56348,33.70226,0
-3.757367,0.9593972,-9.503824,1.021418,-0.205598,-10,514.6547,500,-10,500,-10,32.92768,-9.405589,78.20505,-30.33281,28.01326,-32.58184,33.69934,0
-3.407346,-0.1948122,-8.935562,1.151719,0.1013671,-10,514.56,500,-10,500,-10,32.93889,-9.305698,78.21037,-30.3217,28.02377,-32.59736,33.69324,0
-3.445808,-1.787452,-9.383682,1.099468,0.4046522,-10,514.4628,500,-10,500,-10,32.95008,-9.205616,78.21149,-30.31171,28.03536,-32.60827,33.68258,0
-2.332589,-2.738575,-9.212179,0.9145951,0.655735,-10,514.3696,500,-10,500,-10,32.96062,-9.105438,78.2088,-30.30279,28.04686,-32.61497,33.66886,0
-1.23186,-3.551961,-9.116688,0.5860985,0.8254427,-10,514.276,500,-10,500,-10,32.96943,-9.005246,78.2029,-30.2958,28.05844,-32.61707,33.65238,0
-0.2405122,-4.154362,-9.527942,0.2116876,0.8688398,-10,514.1816,500,-10,500,-10,32.97599,-8.905088,78.19498,-30.29018,28.06856,-32.61612,33.6357,0
1.557853,-3.620708,-9.25429,-0.2298466,0.8302473,-10,514.0869,500,-10,500,-10,32.97941,-8.804977,78.18616,-30.28638,28.07863,-32.61263,33.61833,0
2.650903,-3.125042,-9.407137,-0.6158382,0.6667092,-10,513.9917,500,-10,500,-10,32.97913,-8.704893,78.17805,-30.28357,28.08689,-32.60871,33.60335,0
3.458572,-1.963258,-9.329939,-0.8963562,0.397609,-10,513.8959,500,-10,500,-10,32.97445,-8.604823,78.1728,-30.28177,28.09377,-32.60616,33.59212,0
4.074705,-0.3113806,-9.099138,-1.090824,0.09369249,-10,513.7994,500,-10,500,-10,32.96432,-8.504776,78.17239,-30.28152,28.10141,-32.60607,33.58414,0
3.954178,1.222611,-8.979807,-1.100417,-0.2397829,-10,513.7003,500,-10,500,-10,32.94751,-8.40482,78.17948,-30.28239,28.1095,-32.61108,33.58193,0
3.078226,2.232538,-9.381278,-0.9444172,-0.550252,-10,513.6075,500,-10,500,-10,32.92163,-8.305105,78.19795,-30.28611,28.12091,-32.62266,33.58581,0
2.080318,3.353817,-9.085071,-0.668992,-0.7656004,-10,513.5129,500,-10,500,-10,32.88204,-8.205878,78.23331,-30.29554,28.14011,-32.64252,33.59591,0
0.5679812,3.574193,-9.276735,-0.3041366,-0.8803166,-10,513.4178,500,-10,500,-10,32.81736,-8.107567,78.29734,-30.31733,28.1738,-32.67379,33.61528,0
-0.8924947,3.644151,-9.508036,0.1389468,-0.9011327,-10,513.3223,500,-10,500,-10,32.69349,-8.011181,78.42471,-30.36988,28.24008,-32.72679,33.65454,0
-2.206958,3.260967,-9.404994,0.5670799,-0.8197888,-10,513.2263,500,-10,500,-10,32.35396,-7.920437,78.77174,-30.52428,28.41667,-32.85992,33.76549,0
-3.05482,2.343202,-8.894422,0.8899753,-0.601391,-10,513.1299,500,-10,500,-10,29.9856,-7.866239,81.15005,-31.53574,29.62011,-33.81911,34.5327,0
-3.756468,0.6573564,-9.188149,1.103158,-0.3016236,-10,513.0325,500,-10,500,-10,24.38713,-7.864585,86.76015,-34.20139,32.241,-35.80193,36.56028,0
-3.996519,-0.7969633,-9.264313,1.18622,0.01063094,-10,512.9336,500,-10,500,-10,19.28854,-7.818286,91.87087,-36.61609,34.6297,-37.62191,38.40626,0
-3.127739,-1.826963,-8.732043,1.088586,0.3359199,-10,512.8404,500,-10,500,-10,20.38445,-7.750819,90.78579,-36.12722,34.06364,-37.21169,38.07324,0
-2.306116,-2.978672,-8.949486,0.8397151,0.6035429,-10,512.7455,500,-10,500,-10,20.38024,-7.650653,90.79933,-36.12769,34.08489,-37.22244,38.0632,0
-0.7523496,-3.365556,-8.532182,0.4916317,0.7700769,-10,512.6501,500,-10,500,-10,20.37239,-7.550395,90.8135,-36.13148,34.1072,-37.23039,38.05263,0
0.446601,-3.984589,-8.950058,0.04729962,0.8391925,-10,512.5543,500,-10,500,-10,20.3643,-7.450071,90.82385,-36.1362,34.12825,-37.23425,38.04015,0
1.813814,-3.444534,-9.082729,-0.417542,0.7947024,-10,512.4581,500,-10,500,-10,20.35612,-7.349733,90.82956,-36.14036,34.14619,-37.23481,38.02694,0
3.102631,-2.68553,-9.088263,-0.8128695,0.6354555,-10,512.3613,500,-10,500,-10,20.34854,-7.249465,90.83011,-36.14215,34.15918,-37.23347,38.01441,0
3.790495,-1.600853,-9.093913,-1.117438,0.3745076,-10,512.2635,500,-10,500,-10,20.34207,-7.149374,90.82526,-36.14096,34.16685,-37.23066,38.00273,0
4.673229,0.2641151,-8.547174,-1.288091,0.08731789,-10,512.1656,500,-10,500,-10,20.33663,-7.049528,90.81581,-36.13556,34.16969,-37.22823,37.99206,0
3.999423,1.553631,-9.073797,-1.280297,-0.2282074,-10,512.0716,500,-10,500,-10,20.33285,-6.949977,90.80238,-36.12549,34.16718,-37.22718,37.98345,0
3.532001,2.913902,-8.642836,-1.080251,-0.5226383,-10,511.976,500,-10,500,-10,20.33136,-6.85072,90.7859,-36.11035,34.16003,-37.22866,37.97694,0
2.237775,3.682212,-8.908781,-0.76109,-0.7500784,-10,511.8798,500,-10,500,-10,20.33246,-6.75169,90.76752,-36.0914,34.15055,-37.23237,37.97118,0
0.9001366,4.270214,-8.684568,-0.3690094,-0.857465,-10,511.7832,500,-10,500,-10,20.33593,-6.652757,90.74874,-36.06955,34.14084,-37.23866,37.96532,0
-0.2551202,4.374917,-8.352844,0.08619273,-0.8398402,-10,511.6861,500,-10,500,-10,20.34164,-6.553761,90.73106,-36.04561,34.13189,-37.24796,37.95963,0
-2.04579,3.347272,-9.102439,0.5240414,-0.7135556,-10,511.5885,500,-10,500,-10,20.34964,-6.454588,90.71555,-36.02162,34.12535,-37.2591,37.95332,0
-3.089877,2.294872,-9.010561,0.8941729,-0.4899646,-10,511.4895,500,-10,500,-10,20.35974,-6.355161,90.70316,-35.99902,34.12244,-37.27143,37.94597,0
-3.774117,0.9356429,-9.007514,1.158613,-0.1935158,-10,511.3919,500,-10,500,-10,20.37132,-6.255447,90.69477,-35.97919,34.12398,-37.28431,37.93748,0
-3.965786,-0.7450247,-9.12093,1.250085,0.1399451,-10,511.2959,500,-10,500,-10,20.3837,-6.155494,90.69078,-35.96393,34.13094,-37.29627,37.92721,0
-3.527682,-2.11235,-9.176401,1.170445,0.459592,-10,511.1983,500,-10,500,-10,20.39598,-6.055391,90.69127,-35.95385,34.14281,-37.30675,37.91574,0
-2.493969,-3.117152,-9.065095,0.9184562,0.7374265,-10,511.1001,500,-10,500,-10,20.40721,-5.955238,90.69603,-35.94926,34.15923,-37.31528,37.90327,0
-0.9001399,-3.48498,-8.723871,0.5805942,0.9175411,-10,511.0014,500,-10,500,-10,20.41691,-5.855118,90.70429,-35.94899,34.17776,-37.3224,37.89158,0
-0.1233172,-4.343633,-9.381371,0.15,0.9829845,-10,510.9022,500,-10,500,-10,20.42428,-5.75507,90.71503,-35.9529,34.19789,-37.32738,37.88035,0
1.642847,-3.845804,-9.094205,-0.299799,0.9244874,-10,510.8024,500,-10,500,-10,20.42863,-5.655086,90.72681,-35.95922,34.21763,-37.33081,37.87037,0
3.045348,-3.060258,-8.920751,-0.6843376,0.7359599,-10,510.7009,500,-10,500,-10,20.42951,-5.555123,90.73788,-35.96576,34.23463,-37.33346,37.86254,0
3.657415,-1.959821,-9.23794,-0.9826409,0.4410466,-10,510.6004,500,-10,500,-10,20.42615,-5.455139,90.74622,-35.97096,34.24793,-37.33516,37.85616,0
4.011053,-0.6376512,-9.326948,-1.16508,0.09273358,-10,510.4921,500,-10,500,-10,20.41749,-5.355115,90.74956,-35.97272,34.25659,-37.33616,37.85026,0
4.142594,1.300687,-8.981495,-1.182819,-0.2717857,-10,510.3822,500,-10,500,-10,20.40224,-5.255098,90.74533,-35.96866,34.25904,-37.33673,37.8443,0
3.515071,2.448512,-8.982695,-1.044913,-0.5848183,-10,510.2718,500,-10,500,-10,20.37825,-5.155218,90.73023,-35.95671,34.25476,-37.33617,37.83608,0
1.959908,3.141594,-9.607939,-0.7690615,-0.8312017,-10,510.1607,500,-10,500,-10,20.34089,-5.055705,90.69863,-35.93459,34.24175,-37.3321,37.8229,0
0.9443822,3.961377,-9.066804,-0.3672944,-0.9762629,-10,510.0489,500,-10,500,-10,20.27874,-4.956987,90.63814,-35.89688,34.21531,-37.31969,37.79922,0
-0.5848401,4.22331,-9.032302,0.09267829,-1.025908,-10,509.9365,500,-10,500,-10,20.15569,-4.860048,90.51239,-35.82948,34.16108,-37.28289,37.74925,0
-2.130291,3.191737,-9.434547,0.5271062,-0.948294,-10,509.8231,500,-10,500,-10,19.79122,-4.768645,90.14111,-35.65897,34.00578,-37.14576,37.59691,0
-3.22144,2.409506,-9.298801,0.8902459,-0.7449274,-10,509.6931,500,-10,500,-10,18.28814,-4.719786,88.62861,-34.99741,33.56813,-36.55408,36.78132,0
-3.888318,1.432223,-9.003527,1.137552,-0.4358091,-10,509.5171,500,-10,500,-10,23.61191,-4.819951,93.94144,-36.89833,35.46126,-39.05533,39.29036,0
-3.876577,-0.1797867,-8.769919,1.258737,-0.09313217,-10,509.3534,500,-10,500,-10,23.60165,-4.919957,93.91853,-36.89219,35.4481,-39.04247,39.28452,0
-3.784963,-1.649351,-8.988553,1.20012,0.2520464,-10,509.189,500,-10,500,-10,23.59107,-5.019861,93.89494,-36.88886,35.43783,-39.02625,39.27524,0
-3.017735,-2.952728,-9.09793,0.976977,0.5572343,-10,509.0239,500,-10,500,-10,23.57979,-5.119735,93.87186,-36.88904,35.43017,-39.00696,39.26378,0
-1.592397,-3.806239,-8.98189,0.6184615,0.7744901,-10,508.8581,500,-10,500,-10,23.56793,-5.219651,93.85079,-36.89327,35.42457,-38.98527,39.25193,0
-0.4936759,-4.337871,-9.246817,0.1854061,0.8856273,-10,508.6915,500,-10,500,-10,23.55566,-5.31966,93.83304,-36.90118,35.42025,-38.96266,39.24154,0
1.343548,-3.768166,-8.806592,-0.2747633,0.9025447,-10,508.5242,500,-10,500,-10,23.54294,-5.419775,93.8192,-36.91202,35.41672,-38.94034,39.2336,0
2.174328,-3.554768,-9.526193,-0.7245639,0.8035518,-10,508.36,500,-10,500,-10,23.53002,-5.519969,93.80999,-36.92564,35.41336,-38.9191,39.22934,0
3.753455,-2.097867,-8.706308,-1.106532,0.6388219,-10,508.1956,500,-10,500,-10,23.51677,-5.620181,93.8054,-36.94049,35.40974,-38.90044,39.22915,0
4.121122,-0.9371736,-9.12792,-1.317439,0.3382756,-10,508.0173,500,-10,500,-10,23.50443,-5.7203,93.80608,-36.95576,35.40348,-38.88574,39.23598,0
3.878441,0.3326014,-9.486463,-1.374568,-0.009318605,-10,507.8386,500,-10,500,-10,23.49386,-5.820199,93.81211,-36.97069,35.39587,-38.8758,39.24858,0
3.743027,1.945742,-8.985456,-1.278573,-0.3347356,-10,507.659,500,-10,500,-10,23.48524,-5.919809,93.82259,-36.98417,35.38735,-38.87099,39.26577,0
2.931975,3.230928,-8.95143,-1.020833,-0.6159801,-10,507.4785,500,-10,500,-10,23.47897,-6.019112,93.83659,-36.99551,35.37772,-38.87127,39.28701,0
1.501024,3.635392,-9.354997,-0.6757467,-0.7951654,-10,507.297,500,-10,500,-10,23.47524,-6.118166,93.85291,-37.00485,35.36844,-38.87543,39.3098,0
0.5997368,4.56757,-8.691494,-0.2305717,-0.8625767,-10,507.1147,500,-10,500,-10,23.47429,-6.217092,93.87013,-37.01139,35.35889,-38.88317,39.33363,0
-1.424448,3.628691,-9.393427,0.2515932,-0.8403634,-10,506.9328,500,-10,500,-10,23.47641,-6.316013,93.88725,-37.01609,35.34951,-38.89265,39.35719,0
-2.131696,3.414842,-8.847672,0.6809852,-0.6712794,-10,506.7488,500,-10,500,-10,23.4814,-6.415093,93.90276,-37.01932,35.34196,-38.90228,39.3776,0
-3.651718,1.671309,-9.523605,1.024142,-0.4187583,-10,506.561,500,-10,500,-10,23.48897,-6.514439,93.91555,-37.022,35.33569,-38.91019,39.39447,0
-3.68345,0.8107666,-8.688035,1.277134,-0.1196783,-10,506.3727,500,-10,500,-10,23.49901,-6.61409,93.92477,-37.02433,35.33007,-38.91551,39.40773,0
-4.407793,-1.142997,-9.728507,1.328845,0.2204714,-10,506.1835,500,-10,500,-10,23.51072,-6.714025,93.92964,-37.02802,35.3267,-38.91585,39.41513,0
-3.476437,-2.189136,-9.051622,1.239635,0.536501,-10,505.9932,500,-10,500,-10,23.52354,-6.814164,93.92981,-37.03268,35.32373,-38.91133,39.41824,0
-2.413995,-3.369015,-8.921698,1.002283,0.7883403,-10,505.8018,500,-10,500,-10,23.5368,-6.914391,93.92527,-37.03893,35.32087,-38.90133,39.41734,0
-1.375669,-4.230366,-9.218637,0.6374844,0.9448879,-10,505.6093,500,-10,500,-10,23.54964,-7.014599,93.91649,-37.04694,35.31766,-38.88604,39.41328,0
0.09804186,-4.026131,-9.157351,0.1962922,1.02731,-10,505.4163,500,-10,500,-10,23.56153,-7.114722,93.90375,-37.05574,35.31356,-38.86668,39.40682,0
1.114366,-4.143752,-9.515874,-0.2467935,0.9696963,-10,505.2223,500,-10,500,-10,23.57204,-7.214734,93.88817,-37.06524,35.30703,-38.84427,39.40044,0
2.624987,-3.210428,-9.163223,-0.6556214,0.8149008,-10,505.0245,500,-10,500,-10,23.58058,-7.314654,93.87102,-37.07481,35.2984,-38.82049,39.39486,0
3.382632,-2.38935,-9.263068,-0.9804767,0.55682,-10,504.8258,500,-10,500,-10,23.58631,-7.414543,93.85413,-37.08437,35.28743,-38.79693,39.39183,0
3.912285,-0.796086,-9.258396,-1.196626,0.23744,-10,504.626,500,-10,500,-10,23.58794,-7.514465,93.83988,-37.09394,35.27509,-38.77556,39.39237,0
4.08121,0.5280207,-9.204932,-1.235954,-0.1252014,-10,504.4249,500,-10,500,-10,23.58228,-7.614472,93.83284,-37.10393,35.26218,-38.75974,39.39944,0
3.253928,1.702223,-9.37721,-1.127696,-0.4716448,-10,504.2226,500,-10,500,-10,23.55957,-7.714548,93.84415,-37.11863,35.25433,-38.75441,39.41666,0
2.671597,3.183722,-9.128858,-0.904009,-0.7293143,-10,504.019,500,-10,500,-10,23.46056,-7.814423,93.93398,-37.1623,35.27749,-38.78517,39.46794,0
1.745567,3.92477,-8.965189,-0.5469978,-0.9081485,-10,503.8143,500,-10,500,-10,30.97087,-7.906609,86.41764,-33.69152,31.76902,-36.02799,36.74846,0
-0.1417314,3.660075,-9.495907,-0.158898,-0.9699272,-10,503.6086,500,-10,500,-10,30.00187,-7.979406,87.38557,-34.09789,32.18335,-36.42364,37.13614,0
-0.9395859,3.885219,-9.0041,0.2724285,-0.9296829,-10,503.4002,500,-10,500,-10,29.96648,-8.079736,87.42309,-34.11258,32.18417,-36.44003,37.1664,0
-1.959036,3.370528,-8.875929,0.6655194,-0.7890176,-10,503.19,500,-10,500,-10,29.95775,-8.180038,87.4381,-34.11744,32.17742,-36.44761,37.18558,0
-3.419505,1.716184,-9.472068,0.9746977,-0.5506991,-10,502.9785,500,-10,500,-10,29.95293,-8.280125,87.45294,-34.12234,32.17295,-36.45501,37.20237,0
-4.049898,0.5793216,-9.409782,1.168122,-0.2231968,-10,502.7655,500,-10,500,-10,29.9486,-8.379911,87.47046,-34.1291,32.17239,-36.46277,37.21745,0
-3.679695,-0.6124711,-8.951638,1.230081,0.1224499,-10,502.5512,500,-10,500,-10,29.94357,-8.479378,87.49083,-34.13891,32.17532,-36.46983,37.23138,0
-3.022406,-1.777195,-8.949007,1.149794,0.4512654,-10,502.3354,500,-10,500,-10,29.93769,-8.578576,87.51309,-34.15203,32.18124,-36.47516,37.24392,0
-2.473586,-2.877547,-9.170899,0.9127909,0.7335109,-10,502.1182,500,-10,500,-10,29.93075,-8.677594,87.53616,-34.16869,32.18966,-36.47763,37.25462,0
-1.29174,-3.642512,-9.29795,0.5812138,0.9271955,-10,501.8997,500,-10,500,-10,29.92234,-8.776539,87.55913,-34.18798,32.19875,-36.47734,37.26454,0
-0.3042208,-3.967515,-9.211788,0.2091391,1.008459,-10,501.6792,500,-10,500,-10,29.91301,-8.875547,87.58059,-34.20879,32.20679,-36.47433,37.27428,0
0.8840297,-3.982454,-9.301332,-0.2099562,0.9983661,-10,501.4565,500,-10,500,-10,29.90242,-8.97471,87.59978,-34.23071,32.21387,-36.46832,37.2831,0
2.165815,-3.242145,-9.253655,-0.6277353,0.9087397,-10,501.2321,500,-10,500,-10,29.89048,-9.074083,87.61609,-34.25257,32.21909,-36.45996,37.2914,0
3.395874,-2.111901,-9.052696,-0.9501028,0.7161686,-10,501.0062,500,-10,500,-10,29.87769,-9.173699,87.62871,-34.27273,32.22023,-36.45026,37.30072,0
3.887611,-1.049032,-9.025259,-1.174786,0.4435365,-10,500.7787,500,-10,500,-10,29.86463,-9.273536,87.63702,-34.29065,32.21731,-36.43922,37.31052,0
3.861836,0.1303362,-9.313776,-1.258005,0.1189333,-10,500.5496,500,-10,500,-10,29.85165,-9.373518,87.6408,-34.30516,32.20977,-36.42785,37.32119,0
3.606238,1.251163,-9.395992,-1.225601,-0.1690513,-10,500.3189,500,-10,500,-10,29.83928,-9.473552,87.64023,-34.31572,32.1991,-36.41682,37.33139,0
2.977022,2.432999,-9.081607,-1.024141,-0.4365968,-10,500.0866,500,-10,500,-10,29.82815,-9.573547,87.6357,-34.32169,32.18433,-36.40709,37.34241,0
1.847541,3.113506,-9.415111,-0.7032435,-0.6536332,-10,499.8525,500,-10,500,-10,29.81889,-9.673447,87.62773,-34.32373,32.16677,-36.39844,37.35337,0
0.467163,3.263851,-9.583956,-0.3302578,-0.7952263,-10,499.6161,500,-10,500,-10,29.81175,-9.77323,87.61702,-34.32295,32.14809,-36.39035,37.36317,0
-0.6498775,3.431801,-9.398396,0.07592598,-0.8385308,-10,499.3778,500,-10,500,-10,29.80698,-9.872917,87.60447,-34.3197,32.12918,-36.38321,37.37168,0
-1.783828,2.806399,-9.617891,0.4682238,-0.7774864,-10,499.1379,500,-10,500,-10,29.80479,-9.972574,87.59132,-34.31516,32.11134,-36.37685,37.37863,0
-2.744965,2.23662,-9.612467,0.8351763,-0.6454399,-10,498.8963,500,-10,500,-10,29.80547,-10.07226,87.57854,-34.31021,32.09468,-36.3712,37.38469,0
-3.204889,1.473349,-9.284286,1.106069,-0.4411075,-10,498.6529,500,-10,500,-10,29.80912,-10.17202,87.56731,-34.30648,32.08085,-36.36564,37.38923,0
-3.369762,0.6171929,-8.903317,1.248953,-0.1824839,-10,498.4077,500,-10,500,-10,29.81582,-10.27191,87.55911,-34.3052,32.07068,-36.36013,37.39261,0
-3.254423,-0.8421078,-9.001399,1.256522,0.1105035,-10,498.1609,500,-10,500,-10,29.82592,-10.37192,87.55565,-34.30732,32.06467,-36.35513,37.39574,0
-2.837306,-1.975085,-9.265962,1.121216,0.3761946,-10,497.9123,500,-10,500,-10,29.8401,-10.47199,87.55855,-34.31419,32.06278,-36.35067,37.40004,0
-1.851813,-2.500405,-8.976154,0.8821739,0.5946743,-10,497.6614,500,-10,500,-10,29.85985,-10.57202,87.57002,-34.32605,32.06482,-36.34832,37.40751,0
-0.9916676,-3.305451,-9.15903,0.5562967,0.7549438,-10,497.4086,500,-10,500,-10,29.88892,-10.67187,87.59447,-34.34404,32.07171,-36.35058,37.42087,0
-0.142039,-3.519191,-9.422989,0.1790738,0.8379723,-10,497.1539,500,-10,500,-10,29.93718,-10.7713,87.64194,-34.37075,32.08564,-36.3632,37.44627,0
1.081375,-3.201837,-9.253651,-0.1938097,0.824499,-10,496.8974,500,-10,500,-10,30.03737,-10.86975,87.74499,-34.41514,32.11522,-36.4042,37.50207,0
2.053133,-2.79047,-9.430723,-0.5510742,0.7282333,-10,496.6391,500,-10,500,-10,30.4205,-10.96461,88.13423,-34.56011,32.23248,-36.58175,37.70734,0
2.880773,-2.006036,-9.405056,-0.8152562,0.5229902,-10,496.379,500,-10,500,-10,21.94285,-11.01708,79.66439,-31.6629,29.22555,-32.46095,33.69626,0
2.977384,-1.319123,-9.655512,-1.041371,0.2934609,-10,496.1171,500,-10,500,-10,23.43575,-11.06194,81.16758,-32.11731,29.77713,-33.25206,34.3902,0
2.991873,-0.1663498,-9.793396,-1.136902,0.02223054,-10,495.8534,500,-10,500,-10,23.53241,-11.16162,81.27563,-32.16152,29.80054,-33.29738,34.45632,0
3.181482,0.9743364,-9.253033,-1.131493,-0.227244,-10,495.5876,500,-10,500,-10,23.54319,-11.26158,81.29815,-32.17882,29.7975,-33.29874,34.47802,0
2.432703,1.634499,-9.862496,-1.01501,-0.4504827,-10,495.3197,500,-10,500,-10,23.55127,-11.36154,81.31752,-32.19298,29.79191,-33.30063,34.49966,0
1.798679,2.257954,-9.670793,-0.8064669,-0.6350672,-10,495.0498,500,-10,500,-10,23.5591,-11.46152,81.33519,-32.20457,29.78461,-33.30369,34.5216,0
0.6200905,2.480522,-9.890596,-0.5081782,-0.7645618,-10,494.7782,500,-10,500,-10,23.5671,-11.56155,81.35081,-32.21328,29.77567,-33.30791,34.54348,0
0.3799235,3.449155,-9.151316,-0.1715011,-0.7943307,-10,494.5047,500,-10,500,-10,23.57529,-11.66163,81.36362,-32.21922,29.7662,-33.31258,34.56356,0
-0.8867384,2.789906,-9.467569,0.1716437,-0.761167,-10,494.2295,500,-10,500,-10,23.5837,-11.76178,81.3732,-32.22322,29.75619,-33.31654,34.58152,0
-1.795437,2.257743,-9.736789,0.4726344,-0.6410456,-10,493.9525,500,-10,500,-10,23.59197,-11.86194,81.37919,-32.22569,29.74661,-33.31902,34.59605,0
-2.191623,1.85174,-9.245779,0.7073129,-0.4461836,-10,493.6736,500,-10,500,-10,23.60007,-11.96208,81.38142,-32.22715,29.73771,-33.3194,34.6068,0
-2.647354,0.8462596,-9.465453,0.8766388,-0.2040415,-10,493.393,500,-10,500,-10,23.60767,-12.06213,81.37972,-32.22784,29.72911,-33.31731,34.614,0
-3.141898,-0.4924835,-9.697299,0.9914497,0.02752182,-10,493.1102,500,-10,500,-10,23.61516,-12.16206,81.37461,-32.22839,29.72015,-33.31253,34.61872,0
-2.727162,-1.112174,-9.595196,0.9779418,0.2750539,-10,492.8254,500,-10,500,-10,23.62211,-12.26182,81.36632,-32.22984,29.71249,-33.30421,34.61952,0
-2.078168,-1.557776,-9.108995,0.8777786,0.4931512,-10,492.5388,500,-10,500,-10,23.62826,-12.36139,81.35526,-32.23217,29.70505,-33.29272,34.61779,0
-1.090639,-1.857122,-8.783911,0.6789039,0.666039,-10,492.2504,500,-10,500,-10,23.63328,-12.46076,81.34196,-32.23597,29.69811,-33.2779,34.61372,0
-0.5636213,-2.408316,-9.236606,0.4437497,0.7673514,-10,491.9604,500,-10,500,-10,23.61377,-12.54764,81.3274,-32.24123,29.69285,-33.26057,34.6069,0
-0.08672263,-2.965453,-9.689246,0.1408467,0.8230242,-10,491.6685,500,-10,500,-10,23.61616,-12.64711,81.31402,-32.24827,29.68649,-33.24244,34.60217,0
1.098642,-2.688941,-9.327959,-0.1450835,0.787668,-10,491.375,500,-10,500,-10,23.61688,-12.74655,81.30045,-32.25608,29.67886,-33.22338,34.59856,0
1.847206,-2.17457,-9.407543,-0.4256219,0.6987823,-10,491.0799,500,-10,500,-10,23.61605,-12.84604,81.28745,-32.2647,29.67082,-33.20399,34.59583,0
2.303252,-1.861586,-9.544286,-0.6845348,0.5773793,-10,490.7828,500,-10,500,-10,23.61355,-12.9456,81.27542,-32.27377,29.66248,-33.18496,34.5942,0
2.601526,-1.003146,-9.607974,-0.8421059,0.386683,-10,490.4836,500,-10,500,-10,23.60955,-13.04528,81.26514,-32.28259,29.65233,-33.16761,34.59583,0
2.639447,-0.5177439,-9.949129,-0.9312538,0.1554762,-10,490.1826,500,-10,500,-10,23.60429,-13.14511,81.25737,-32.29167,29.6415,-33.1521,34.60023,0
2.587668,0.26753,-9.909751,-0.9425033,-0.06877454,-10,489.8801,500,-10,500,-10,23.59771,-13.24506,81.25253,-32.30044,29.63049,-33.13932,34.60722,0
2.300546,1.157965,-9.586314,-0.8798768,-0.264083,-10,489.5759,500,-10,500,-10,23.58985,-13.34511,81.25082,-32.30878,29.6197,-33.12956,34.6166,0
2.130831,1.962423,-9.532898,-0.7350163,-0.4269723,-10,489.2701,500,-10,500,-10,23.58085,-13.44521,81.25261,-32.31666,29.60917,-33.12317,34.62862,0
1.350782,2.292984,-9.580619,-0.5486483,-0.551655,-10,488.9628,500,-10,500,-10,23.57045,-13.54531,81.2583,-32.32484,29.59979,-33.1197,34.64271,0
0.4695499,2.489654,-9.619345,-0.2963457,-0.6110691,-10,488.6539,500,-10,500,-10,23.55848,-13.64538,81.2682,-32.33271,29.59158,-33.12003,34.65912,0
-0.02722002,2.420071,-9.489739,-0.0372434,-0.6211656,-10,488.3435,500,-10,500,-10,23.54392,-13.74537,81.28349,-32.34193,29.58584,-33.12348,34.67752,0
-0.7578475,2.338113,-9.427203,0.2262253,-0.5837467,-10,488.0314,500,-10,500,-10,23.52422,-13.84524,81.30642,-32.35349,29.58353,-33.13093,34.69884,0
-1.30318,2.186878,-9.298401,0.506343,-0.4914957,-10,487.7171,500,-10,500,-10,23.49302,-13.94495,81.34342,-32.3697,29.58714,-33.14538,34.7259,0
-1.956135,1.257329,-9.575895,0.7033791,-0.3400973,-10,487.4013,500,-10,500,-10,23.42477,-14.04434,81.41936,-32.40241,29.60861,-33.17559,34.76735,0
-2.494218,0.610703,-9.754093,0.8674322,-0.173953,-10,487.084,500,-10,500,-10,22.14281,-14.14209,82.71033,-33.00388,30.19942,-33.64381,35.24622,0
-2.475551,-0.1859009,-9.586988,0.9559349,0.005037311,-10,486.7654,500,-10,500,-10,17.25027,-14.23759,87.61267,-35.33003,32.51553,-35.37967,36.99213,0
-2.033513,-0.600604,-9.36006,0.9609011,0.2037761,-10,486.4453,500,-10,500,-10,17.2669,-14.33763,87.60571,-35.33171,32.50696,-35.37222,36.99493,0
-2.040334,-1.402253,-9.668914,0.8801637,0.3737913,-10,486.1237,500,-10,500,-10,17.26685,-14.43769,87.61521,-35.34189,32.50621,-35.36992,37.00355,0
-1.65315,-2.196118,-9.769078,0.7099445,0.5290637,-10,485.801,500,-10,500,-10,17.26366,-14.53778,87.62673,-35.35463,32.50771,-35.36672,37.0116,0
-1.135808,-2.282579,-9.874237,0.517651,0.6404368,-10,485.4769,500,-10,500,-10,17.25951,-14.6379,87.63768,-35.36811,32.50895,-35.36232,37.01943,0
-0.4534276,-2.602715,-9.843593,0.2773739,0.7221722,-10,485.1512,500,-10,500,-10,17.25438,-14.73806,87.64768,-35.38247,32.5104,-35.35625,37.02628,0
0.5449053,-2.355927,-9.490061,0.04063205,0.7203,-10,484.8232,500,-10,500,-10,17.24895,-14.83825,87.65573,-35.39705,32.51017,-35.34833,37.03317,0
0.6827335,-2.672665,-10.1705,-0.2287516,0.6811585,-10,484.494,500,-10,500,-10,17.2431,-14.93845,87.66151,-35.41183,32.50931,-35.33834,37.03882,0
1.513517,-2.205164,-9.958807,-0.4815351,0.5860066,-10,484.1636,500,-10,500,-10,17.2366,-15.03865,87.66494,-35.42617,32.50676,-35.32684,37.04422,0
2.191717,-1.484281,-9.667532,-0.698278,0.4555399,-10,483.832,500,-10,500,-10,17.22974,-15.13881,87.66569,-35.43937,32.50226,-35.31425,37.04932,0
2.439994,-0.8401467,-9.731471,-0.8413305,0.2864446,-10,483.4991,500,-10,500,-10,17.2228,-15.23888,87.66364,-35.45078,32.49511,-35.30116,37.05478,0
2.803463,0.2101861,-9.302898,-0.9372851,0.1130077,-10,483.165,500,-10,500,-10,17.21566,-15.33884,87.65903,-35.46054,32.48624,-35.28759,37.05984,0
2.544989,0.3868168,-9.733362,-0.9258586,-0.1110455,-10,482.8297,500,-10,500,-10,17.20891,-15.43863,87.65166,-35.46803,32.47398,-35.27399,37.06599,0
2.137852,0.940554,-9.900948,-0.8882469,-0.275339,-10,482.4934,500,-10,500,-10,17.20232,-15.53825,87.64195,-35.47353,32.46112,-35.26043,37.0708,0
1.950315,1.779983,-9.520188,-0.7748747,-0.4220033,-10,482.1559,500,-10,500,-10,17.19595,-15.63768,87.63026,-35.47685,32.44649,-35.24742,37.07574,0
1.222578,1.884996,-9.839952,-0.5575817,-0.5699579,-10,481.816,500,-10,500,-10,17.19048,-15.73692,87.61662,-35.47767,32.42936,-35.2353,37.08157,0
0.5802956,2.042345,-9.829679,-0.3245952,-0.6849074,-10,481.4748,500,-10,500,-10,17.18593,-15.83597,87.60117,-35.47715,32.41166,-35.22301,37.08647,0
-0.03472674,2.36127,-9.696706,-0.08984512,-0.710685,-10,481.1326,500,-10,500,-10,17.182,-15.93492,87.58464,-35.47519,32.39454,-35.21129,37.0899,0
-0.7664974,2.154123,-9.894892,0.1740078,-0.6940103,-10,480.7893,500,-10,500,-10,17.1789,-16.0338,87.56749,-35.47197,32.37713,-35.20028,37.09309,0
-1.591482,1.895611,-9.998208,0.4536418,-0.640612,-10,480.4449,500,-10,500,-10,17.17682,-16.13268,87.54993,-35.46789,32.35968,-35.18982,37.09599,0
-1.728013,1.732775,-9.383932,0.6900352,-0.5194885,-10,480.0994,500,-10,500,-10,17.17572,-16.23164,87.53263,-35.46382,32.34377,-35.17956,37.09757,0
-2.076844,1.146168,-9.32573,0.8720281,-0.3679262,-10,479.7529,500,-10,500,-10,17.17544,-16.33073,87.5159,-35.46051,32.32926,-35.16901,37.09821,0
-2.138611,0.6898456,-9.328461,0.9945138,-0.1868929,-10,479.4053,500,-10,500,-10,17.17573,-16.43,87.50014,-35.45819,32.3164,-35.15827,37.09802,0
-2.339511,-0.1020458,-9.312374,1.028524,-0.0001051854,-10,479.0569,500,-10,500,-10,17.17624,-16.52946,87.4855,-35.4577,32.30547,-35.14662,37.09682,0
-2.078844,-0.8822857,-9.483807,1.012942,0.1777131,-10,478.7065,500,-10,500,-10,17.17661,-16.62912,87.47221,-35.45864,32.29573,-35.13468,37.09555,0
-2.043748,-1.678051,-9.749264,0.8881694,0.3640786,-10,478.3542,500,-10,500,-10,17.17629,-16.72896,87.46024,-35.46188,32.28846,-35.12152,37.0929,0
-1.379358,-2.053283,-9.511938,0.6956853,0.5168253,-10,478.0011,500,-10,500,-10,17.17448,-16.82896,87.4494,-35.46713,32.28242,-35.10729,37.08996,0
-0.7558087,-2.174709,-9.481998,0.5012758,0.617328,-10,477.6469,500,-10,500,-10,17.16996,-16.92907,87.43825,-35.47306,32.27586,-35.09211,37.08727,0
0.04326868,-2.428267,-9.338676,0.2191235,0.701123,-10,477.2917,500,-10,500,-10,17.16026,-17.02925,87.42485,-35.4802,32.27013,-35.07388,37.08191,0
0.4466412,-2.586228,-9.780513,-0.04011321,0.6972755,-10,476.9354,500,-10,500,-10,17.13646,-17.12939,87.40012,-35.48481,32.2599,-35.04876,37.07163,0
1.33878,-2.272423,-9.590189,-0.3147734,0.6632935,-10,476.5779,500,-10,500,-10,17.05168,-17.22926,87.31726,-35.47341,32.23302,-34.99152,37.02987,0
1.951979,-1.9495,-9.273101,-0.5843824,0.5613226,-10,476.2195,500,-10,500,-10,15.79224,-17.31662,86.06292,-35.11114,31.77773,-34.31446,36.44582,0
2.426924,-1.270125,-9.27841,-0.7826967,0.4039961,-10,475.8601,500,-10,500,-10,17.3983,-17.36751,87.67737,-35.59958,32.33298,-35.16374,37.22829,0
2.806802,-0.7300407,-9.451547,-0.9280725,0.2071923,-10,475.4995,500,-10,500,-10,17.28065,-17.4669,87.56809,-35.58017,32.29451,-35.09259,37.17622,0
2.672151,-0.165862,-9.859855,-1.043714,-0.0009214301,-10,475.1367,500,-10,500,-10,17.26809,-17.56693,87.56564,-35.59165,32.28656,-35.07907,37.18212,0
2.981389,0.7731371,-9.310629,-1.057426,-0.2110781,-10,474.7727,500,-10,500,-10,17.26553,-17.66694,87.57405,-35.60464,32.28009,-35.07307,37.19558,0
2.355775,1.054522,-9.697782,-0.9963093,-0.435912,-10,474.4076,500,-10,500,-10,17.2668,-17.76692,87.58646,-35.61768,32.27334,-35.07031,37.21262,0
2.062157,1.764235,-9.769373,-0.8854487,-0.6100803,-10,474.0414,500,-10,500,-10,17.26971,-17.86689,87.6002,-35.62967,32.26668,-35.0697,37.23066,0
1.737331,2.315382,-9.427389,-0.7042398,-0.7694632,-10,473.6741,500,-10,500,-10,17.27371,-17.96686,87.61417,-35.64032,32.259,-35.07063,37.2499,0
1.0171,2.652339,-9.609941,-0.4718889,-0.8635398,-10,473.3055,500,-10,500,-10,17.27858,-18.06686,87.62752,-35.64909,32.25093,-35.07291,37.26903,0
0.1326903,2.585893,-9.622268,-0.2110942,-0.9007801,-10,472.9358,500,-10,500,-10,17.28415,-18.16691,87.63953,-35.65624,32.2425,-35.07571,37.2874,0
-0.4088333,2.666419,-9.48322,0.06961024,-0.8979269,-10,472.565,500,-10,500,-10,17.29055,-18.26701,87.64986,-35.66198,32.23357,-35.07853,37.30491,0
-1.43536,1.897951,-9.934286,0.3049617,-0.8205742,-10,472.193,500,-10,500,-10,17.29753,-18.36714,87.65808,-35.66689,32.22547,-35.08044,37.31982,0
-1.793217,1.936482,-9.706191,0.5091447,-0.6580034,-10,471.8194,500,-10,500,-10,17.30466,-18.4673,87.66353,-35.67041,32.21789,-35.08144,37.33192,0
-2.468549,0.9967992,-10.02278,0.6724095,-0.4411203,-10,471.4439,500,-10,500,-10,17.31197,-18.56743,87.66581,-35.6729,32.21051,-35.08083,37.34118,0
-2.598789,0.6893508,-9.525991,0.8083188,-0.2031705,-10,471.067,500,-10,500,-10,17.31965,-18.66749,87.66484,-35.67447,32.2027,-35.07846,37.34819,0
-2.701771,-0.2601878,-9.621836,0.9070191,0.02725954,-10,470.689,500,-10,500,-10,17.32805,-18.76744,87.66074,-35.67561,32.1943,-35.07392,37.35318,0
-2.398922,-0.6898052,-9.412695,0.9167548,0.2691087,-10,470.3096,500,-10,500,-10,17.33695,-18.86723,87.65341,-35.67699,32.18643,-35.06647,37.35498,0
-2.201658,-1.373678,-9.466607,0.8263007,0.5231006,-10,469.9288,500,-10,500,-10,17.34608,-18.96679,87.64272,-35.67876,32.17925,-35.05584,37.35331,0
-1.875404,-2.04119,-9.678459,0.6933822,0.7264596,-10,469.5466,500,-10,500,-10,17.35549,-19.06611,87.62883,-35.68069,32.17113,-35.0424,37.34992,0
-1.13387,-2.378218,-9.472222,0.5143173,0.9050744,-10,469.1631,500,-10,500,-10,17.36536,-19.16515,87.6118,-35.68256,32.16243,-35.02642,37.3445,0
-0.7160301,-2.840301,-9.759799,0.2910644,1.003922,-10,468.7783,500,-10,500,-10,17.3756,-19.26391,87.59196,-35.68509,32.15264,-35.00746,37.33786,0
0.09550865,-2.880005,-9.593741,0.04700157,1.048644,-10,468.392,500,-10,500,-10,17.38635,-19.36241,87.56949,-35.68763,32.14168,-34.98629,37.3302,0
1.04648,-2.597153,-9.454522,-0.2302836,1.064728,-10,468.0038,500,-10,500,-10,17.39773,-19.46066,87.54429,-35.69009,32.13002,-34.96296,37.32098,0
1.38738,-2.274975,-9.580118,-0.4484544,0.9964013,-10,467.6138,500,-10,500,-10,17.41025,-19.55872,87.51656,-35.69154,32.11549,-34.93851,37.31253,0
2.075001,-2.012585,-9.332764,-0.620003,0.8531263,-10,467.2223,500,-10,500,-10,17.42474,-19.65663,87.48642,-35.69212,32.09843,-34.91297,37.30462,0
2.229216,-1.556596,-9.595268,-0.7801272,0.6643751,-10,466.8293,500,-10,500,-10,17.44161,-19.75447,87.45364,-35.69198,32.07962,-34.88594,37.29626,0
2.745992,-0.8402038,-9.596563,-0.8988085,0.4587922,-10,466.4346,500,-10,500,-10,17.4622,-19.85225,87.41718,-35.68984,32.05845,-34.85788,37.28723,0
2.636828,-0.1796303,-9.71509,-0.9910704,0.2496985,-10,466.0384,500,-10,500,-10,17.48885,-19.94993,87.37491,-35.68497,32.03448,-34.82772,37.27617,0
2.785886,0.3706779,-9.537364,-0.9619464,0.004923306,-10,465.6406,500,-10,500,-10,17.52644,-20.04742,87.32259,-35.67436,32.00399,-34.79498,37.2633,0
2.875997,1.445877,-9.044373,-0.9148251,-0.1889497,-10,465.2412,500,-10,500,-10,17.58529,-20.14443,87.25025,-35.65477,31.96574,-34.75464,37.24162,0
1.947054,1.334175,-9.892366,-0.8350501,-0.3561509,-10,464.8401,500,-10,500,-10,17.6942,-20.24008,87.1292,-35.61457,31.90769,-34.69453,37.19937,0
1.433733,1.873995,-9.995764,-0.6480165,-0.5156976,-10,464.4373,500,-10,500,-10,17.963,-20.33142,86.85041,-35.50653,31.7826,-34.57157,37.09346,0
1.004104,2.240711,-9.608351,-0.411226,-0.6268904,-10,464.0324,500,-10,500,-10,19.31552,-20.39894,85.49109,-34.91228,31.07624,-34.03949,36.6735,0
0.3272016,2.075883,-9.805923,-0.2000077,-0.6743347,-10,463.6258,500,-10,500,-10,19.69748,-20.35496,85.10619,-34.78792,30.85602,-33.84494,36.5748,0
-0.07405436,2.347502,-9.367855,0.04454496,-0.6967668,-10,463.2174,500,-10,500,-10,20.38486,-20.2724,84.41725,-34.43726,30.50582,-33.62476,36.35416,0
-0.8424023,1.938446,-9.94805,0.2771587,-0.6667463,-10,462.8073,500,-10,500,-10,20.43887,-20.17252,84.36476,-34.39711,30.48106,-33.6214,36.33541,0
-1.227911,1.930527,-9.717772,0.5109003,-0.5886411,-10,462.3955,500,-10,500,-10,20.45712,-20.07237,84.35069,-34.37703,30.47749,-33.62984,36.32734,0
-1.574482,1.378332,-9.621443,0.7134939,-0.489119,-10,461.982,500,-10,500,-10,20.46694,-19.97222,84.34747,-34.36295,30.4804,-33.64124,36.32175,0
-2.050888,0.7386633,-10.06054,0.828125,-0.3508688,-10,461.5667,500,-10,500,-10,20.4731,-19.87212,84.34972,-34.35279,30.4881,-33.65326,36.31591,0
-1.947951,0.6148999,-9.335604,0.968672,-0.2108864,-10,461.1496,500,-10,500,-10,20.47787,-19.7721,84.3553,-34.34388,30.49707,-33.66681,36.31157,0
-2.188703,-0.1412986,-9.773995,0.9680459,-0.01089657,-10,460.7309,500,-10,500,-10,20.48117,-19.67221,84.36374,-34.33815,30.51057,-33.67952,36.30506,0
-2.211434,-0.631336,-9.819521,1.018655,0.1195067,-10,460.3102,500,-10,500,-10,20.48398,-19.57242,84.37397,-34.33325,30.52331,-33.6929,36.3008,0
-1.756546,-0.9049313,-9.4129,0.9781661,0.2634796,-10,459.8876,500,-10,500,-10,20.48673,-19.47275,84.38538,-34.33032,30.5383,-33.70528,36.29525,0
-1.437359,-1.226669,-9.48155,0.9009962,0.3759789,-10,459.463,500,-10,500,-10,20.48912,-19.37317,84.39775,-34.32887,30.55405,-33.71699,36.28976,0
-1.141554,-1.387558,-9.350494,0.763004,0.4883571,-10,459.0367,500,-10,500,-10,20.4909,-19.2737,84.41093,-34.32888,30.57124,-33.7279,36.28349,0
-0.9198301,-1.798599,-9.905659,0.615387,0.572104,-10,458.6087,500,-10,500,-10,20.49225,-19.17431,84.42464,-34.32966,30.58855,-33.73848,36.27754,0
-0.4097693,-1.916787,-9.824335,0.4236964,0.6296727,-10,458.1789,500,-10,500,-10,20.49289,-19.07498,84.43871,-34.3317,30.60652,-33.74809,36.27122,0
0.1295651,-1.742676,-9.561677,0.2920706,0.5932525,-10,457.7474,500,-10,500,-10,20.49351,-18.97565,84.45232,-34.33358,30.62221,-33.75749,36.26681,0
0.401899,-1.673481,-9.829514,0.09950936,0.5787252,-10,457.3143,500,-10,500,-10,20.4938,-18.87632,84.46553,-34.33606,30.639,-33.76596,36.26097,0
1.170416,-1.22518,-9.432264,-0.09295674,0.5497561,-10,456.8794,500,-10,500,-10,20.49339,-18.77696,84.47851,-34.33862,30.65555,-33.77415,36.25518,0
1.09423,-1.292242,-9.695484,-0.2782433,0.5007803,-10,456.4429,500,-10,500,-10,20.49236,-18.67757,84.49097,-34.34107,30.67154,-33.78202,36.24952,0
1.522787,-1.123533,-9.75577,-0.4625692,0.451643,-10,456.0045,500,-10,500,-10,20.49064,-18.57813,84.50307,-34.34337,30.68738,-33.78975,36.2437,0
1.545334,-0.9828316,-9.830817,-0.6363195,0.3809833,-10,455.5643,500,-10,500,-10,20.48812,-18.47861,84.51456,-34.34549,30.70256,-33.79716,36.23804,0
1.404032,-0.6800459,-10.07886,-0.7451897,0.3101004,-10,455.1223,500,-10,500,-10,20.48515,-18.37903,84.52544,-34.34622,30.71637,-33.80544,36.23324,0
1.717997,-0.1333167,-9.872668,-0.7648351,0.2107969,-10,454.6787,500,-10,500,-10,20.48237,-18.27936,84.53549,-34.34534,30.72794,-33.81464,36.23,0
1.612563,-0.03824846,-9.948442,-0.7522755,0.08513678,-10,454.2335,500,-10,500,-10,20.47985,-18.17959,84.54437,-34.34364,30.73811,-33.8237,36.22719,0
1.718074,0.2858762,-9.739517,-0.7489148,-0.02518951,-10,453.7867,500,-10,500,-10,20.47743,-18.07973,84.55215,-34.34138,30.74807,-33.83241,36.22367,0
1.634392,0.5992057,-9.7606,-0.736678,-0.119194,-10,453.3384,500,-10,500,-10,20.47493,-17.9798,84.55894,-34.33832,30.75762,-33.84109,36.21976,0
1.235278,0.7656701,-9.839422,-0.6729218,-0.2065937,-10,452.8886,500,-10,500,-10,20.47259,-17.87982,84.56473,-34.33382,30.76588,-33.85039,36.21629,0
1.177913,1.053904,-9.57892,-0.5707141,-0.2820295,-10,452.4373,500,-10,500,-10,20.47072,-17.77979,84.56953,-34.32804,30.77313,-33.86016,36.21303,0
0.9329548,1.051989,-9.896504,-0.4634629,-0.3555504,-10,451.9846,500,-10,500,-10,20.46926,-17.67972,84.57331,-34.32162,30.7798,-33.86971,36.20949,0
0.601065,1.133318,-10.08889,-0.3394756,-0.4222537,-10,451.5302,500,-10,500,-10,20.46787,-17.57961,84.57572,-34.31418,30.7856,-33.87914,36.20568,0
0.1580831,1.121065,-10.17156,-0.1859664,-0.4790487,-10,451.0742,500,-10,500,-10,20.46624,-17.47947,84.57629,-34.30525,30.79015,-33.88853,36.2016,0
0.1424375,1.379081,-9.782482,-0.02852986,-0.5120859,-10,450.6164,500,-10,500,-10,20.46318,-17.37932,84.57375,-34.29458,30.79349,-33.8971,36.19615,0
-0.1998913,1.302121,-9.8522,0.09137562,-0.4995871,-10,450.1573,500,-10,500,-10,20.44112,-17.27916,84.55092,-34.27534,30.78928,-33.89743,36.18145,0
-0.3337021,1.345862,-9.684293,0.1979849,-0.447242,-10,449.6967,500,-10,500,-10,20.48304,-17.17916,84.59109,-34.2826,30.81245,-33.92345,36.19156,0
-0.5290822,1.253055,-9.783449,0.3301199,-0.4035662,-10,449.2347,500,-10,500,-10,20.47017,-17.07906,84.57506,-34.26557,30.81115,-33.9272,36.17958,0
-1.164855,0.8633648,-10.24184,0.4756628,-0.3607129,-10,448.7714,500,-10,500,-10,20.46889,-16.97896,84.56915,-34.25253,30.81382,-33.93534,36.17201,0
-1.208341,0.8848135,-9.755849,0.6218454,-0.2909706,-10,448.3067,500,-10,500,-10,20.46934,-16.8789,84.56333,-34.23912,30.81673,-33.94393,36.16428,0
-1.156547,0.6580631,-9.597543,0.7391666,-0.2192074,-10,447.8406,500,-10,500,-10,20.47074,-16.77888,84.55693,-34.22586,30.81981,-33.95189,36.15589,0
-1.13391,0.4547248,-9.606782,0.7969859,-0.133206,-10,447.3732,500,-10,500,-10,20.47252,-16.6789,84.54977,-34.21305,30.82367,-33.95876,36.1461,0
-1.560947,-0.04223707,-9.928282,0.8157856,-0.02299908,-10,446.9045,500,-10,500,-10,20.47409,-16.57898,84.54154,-34.20013,30.82795,-33.96487,36.135,0
-1.220953,0.02804587,-9.265344,0.8240342,0.1035387,-10,446.4342,500,-10,500,-10,20.47544,-16.47913,84.5322,-34.18668,30.83205,-33.97058,36.12316,0
-1.479492,-0.5454439,-9.615751,0.8122149,0.2177744,-10,445.9623,500,-10,500,-10,20.47679,-16.37936,84.52198,-34.17327,30.83593,-33.97552,36.11082,0
-1.452541,-0.9611028,-9.970773,0.7782204,0.3217964,-10,445.4889,500,-10,500,-10,20.47824,-16.27965,84.5111,-34.16003,30.83971,-33.97974,36.09801,0
-1.230288,-1.310862,-10.08213,0.6909714,0.4202638,-10,445.0142,500,-10,500,-10,20.47953,-16.18002,84.49959,-34.14746,30.84404,-33.98277,36.08415,0
-1.257027,-1.643123,-10.15449,0.5780211,0.5053698,-10,444.5382,500,-10,500,-10,20.48051,-16.08046,84.48755,-34.13525,30.84841,-33.98502,36.06982,0
-0.6999215,-1.515734,-9.901815,0.4763887,0.5696903,-10,444.0609,500,-10,500,-10,20.48143,-15.98094,84.47517,-34.12289,30.85217,-33.98712,36.05581,0
-0.4522541,-1.758235,-9.974279,0.3429954,0.6044212,-10,443.5822,500,-10,500,-10,20.48225,-15.88146,84.46267,-34.11136,30.85606,-33.98829,36.04154,0
-0.5827157,-2.029112,-10.19707,0.1941642,0.6271767,-10,443.1021,500,-10,500,-10,20.48279,-15.78201,84.45008,-34.1002,30.86007,-33.98901,36.02711,0
0.2605316,-1.477961,-9.657267,0.05855766,0.6455985,-10,442.6206,500,-10,500,-10,20.48319,-15.68257,84.43737,-34.08879,30.86373,-33.98989,36.01291,0
0.08296697,-2.065549,-10.67186,-0.09937456,0.6261828,-10,442.1376,500,-10,500,-10,20.48333,-15.58314,84.4247,-34.07822,30.86736,-33.98996,35.99878,0
1.134228,-1.288103,-9.539415,-0.2608831,0.5867825,-10,441.6533,500,-10,500,-10,20.48308,-15.48368,84.41226,-34.06806,30.87097,-33.98982,35.98487,0
1.323651,-1.142934,-9.550863,-0.4448488,0.55826,-10,441.1674,500,-10,500,-10,20.48222,-15.3842,84.39994,-34.05825,30.87516,-33.98943,35.97047,0
1.497878,-1.218216,-9.882479,-0.619571,0.5079868,-10,440.6797,500,-10,500,-10,20.48068,-15.28468,84.38779,-34.04863,30.87907,-33.98898,35.95649,0
1.456924,-1.159237,-9.993299,-0.7834955,0.4387519,-10,440.1906,500,-10,500,-10,20.47841,-15.1851,84.37606,-34.03927,30.88283,-33.98862,35.94302,0
1.594308,-0.6893579,-9.91803,-0.9022826,0.3794876,-10,439.7,500,-10,500,-10,20.47566,-15.08545,84.36465,-34.03156,30.88846,-33.98688,35.92793,0
1.606587,-0.4673941,-10.19969,-0.9632156,0.3064103,-10,439.2078,500,-10,500,-10,20.47287,-14.98575,84.35365,-34.02923,30.89918,-33.98007,35.90808,0
1.545199,-0.3146634,-10.26901,-0.9765273,0.2088371,-10,438.7141,500,-10,500,-10,20.47021,-14.88597,84.3433,-34.01846,30.9009,-33.98228,35.89779,0
1.758222,0.1461317,-9.746988,-0.9563205,0.1037814,-10,438.2188,500,-10,500,-10,20.46776,-14.78613,84.33383,-34.0076,30.90238,-33.98529,35.88846,0
1.694762,0.3225792,-9.769009,-0.9372609,0.01085584,-10,437.7219,500,-10,500,-10,20.46547,-14.68622,84.32513,-33.99697,30.90438,-33.98871,35.87925,0
1.57076,0.5504787,-9.860918,-0.9052554,-0.06839621,-10,437.2234,500,-10,500,-10,20.46339,-14.58627,84.31705,-33.98626,30.90661,-33.99273,35.87033,0
1.057607,0.5106413,-10.15956,-0.8376327,-0.1375245,-10,436.7233,500,-10,500,-10,20.46181,-14.48628,84.30947,-33.97503,30.90856,-33.99767,35.8621,0
1.114695,0.8466588,-9.766575,-0.7413182,-0.1883086,-10,436.2215,500,-10,500,-10,20.46158,-14.38626,84.30171,-33.96295,30.91007,-34.00333,35.85416,0
0.8688477,0.7827263,-10.01922,-0.6397214,-0.2373344,-10,435.7179,500,-10,500,-10,20.46389,-14.28622,84.2926,-33.94995,30.91071,-34.00877,35.84598,0
0.6913979,0.8588189,-10.1204,-0.5343924,-0.2761198,-10,435.2125,500,-10,500,-10,20.47608,-14.18617,84.27479,-33.93199,30.9066,-34.01199,35.83533,0
0.4022429,0.9042163,-10.11437,-0.4295551,-0.2857916,-10,434.7053,500,-10,500,-10,20.62327,-14.08648,84.12315,-33.84076,30.82984,-33.97756,35.78643,0
0.01318462,0.7755295,-10.15368,-0.3270028,-0.2619925,-10,434.1965,500,-10,500,-10,20.41997,-13.98767,84.32304,-33.9405,30.94468,-34.04345,35.83723,0
0.002811246,0.824255,-9.86996,-0.2221234,-0.2204536,-10,433.6859,500,-10,500,-10,20.42945,-13.88763,84.31102,-33.92461,30.94445,-34.04938,35.82749,0
0.0455013,0.8226343,-9.726637,-0.1191138,-0.182311,-10,433.1738,500,-10,500,-10,20.43128,-13.78758,84.30771,-33.91344,30.94889,-34.0578,35.82032,0
-0.2860821,0.5019641,-10.09398,-0.02822671,-0.1473729,-10,432.66,500,-10,500,-10,20.43185,-13.68754,84.30666,-33.90369,30.95467,-34.06669,35.81367,0
-0.5693892,0.2688342,-10.29989,0.04878612,-0.09900723,-10,432.1445,500,-10,500,-10,20.43205,-13.5875,84.3069,-33.89468,30.96148,-34.0759,35.80706,0
-0.374877,0.4507315,-9.843083,0.1161211,-0.03094807,-10,431.6274,500,-10,500,-10,20.432,-13.48746,84.30828,-33.88617,30.96923,-34.08555,35.80045,0
-0.5043914,0.2566026,-9.875781,0.1705352,0.04203791,-10,431.1086,500,-10,500,-10,20.43184,-13.38744,84.31064,-33.87831,30.97775,-34.09537,35.79389,0
-0.847659,-0.2067086,-10.29393,0.213074,0.1099711,-10,430.5881,500,-10,500,-10,20.43179,-13.28742,84.31373,-33.87104,30.98675,-34.10519,35.78744,0
-0.6524189,-0.2079332,-10.08751,0.2480783,0.1718515,-10,430.0659,500,-10,500,-10,20.43196,-13.18741,84.31734,-33.86423,30.99606,-34.11501,35.78112,0
-0.6137599,-0.3533656,-10.114,0.2702743,0.2204848,-10,429.5418,500,-10,500,-10,20.43247,-13.08741,84.32136,-33.85795,31.00561,-34.1246,35.77489,0
-0.4071038,-0.3213416,-9.910233,0.2824792,0.2599881,-10,429.0161,500,-10,500,-10,20.43332,-12.98742,84.32567,-33.85207,31.01535,-34.13406,35.76874,0
-0.1149269,-0.1801777,-9.566402,0.2852311,0.2930664,-10,428.4887,500,-10,500,-10,20.4345,-12.88743,84.33026,-33.84654,31.0253,-34.14339,35.76259,0
-0.5376686,-0.6704826,-10.12826,0.2741565,0.3174479,-10,427.9597,500,-10,500,-10,20.43596,-12.78745,84.33508,-33.84145,31.03547,-34.15249,35.75641,0
-0.1212349,-0.3620012,-9.576254,0.2612505,0.3488546,-10,427.4291,500,-10,500,-10,20.43772,-12.68748,84.34026,-33.83645,31.04591,-34.16177,35.75026,0
-0.4007345,-0.6817839,-9.930532,0.236881,0.3783918,-10,426.8969,500,-10,500,-10,20.43972,-12.58753,84.34584,-33.83185,31.05671,-34.17099,35.74409,0
-0.3902012,-0.7291381,-9.919149,0.2090124,0.4154185,-10,426.363,500,-10,500,-10,20.44202,-12.4876,84.35194,-33.82747,31.06788,-34.18042,35.73797,0
-0.1851645,-0.6044347,-9.682323,0.1779344,0.4593884,-10,425.8275,500,-10,500,-10,20.44469,-12.38769,84.35875,-33.82338,31.0795,-34.19016,35.73199,0
-0.2813134,-0.7794733,-9.881131,0.1406777,0.5049548,-10,425.2905,500,-10,500,-10,20.44784,-12.28781,84.36639,-33.81976,31.09162,-34.20011,35.7262,0
-0.4570861,-1.063873,-10.23482,0.09822142,0.5507777,-10,424.7519,500,-10,500,-10,20.45165,-12.18797,84.37509,-33.8167,31.1043,-34.21038,35.72074,0
-0.170295,-0.9675971,-10.03199,0.052028,0.5972496,-10,424.2116,500,-10,500,-10,20.45631,-12.08818,84.38505,-33.81425,31.1176,-34.22107,35.71569,0
0.01455416,-1.011191,-9.98442,-0.006177901,0.6371268,-10,423.6696,500,-10,500,-10,20.46203,-11.98845,84.39651,-33.81276,31.13169,-34.23207,35.7111,0
0.2791526,-1.001958,-9.801123,-0.08012656,0.672024,-10,423.126,500,-10,500,-10,20.46913,-11.8888,84.40989,-33.81243,31.14683,-34.24349,35.70705,0
0.2675329,-1.218814,-9.89043,-0.173575,0.7030932,-10,422.5809,500,-10,500,-10,20.47798,-11.78925,84.42572,-33.81356,31.16332,-34.25547,35.70367,0
0.09598947,-1.516286,-10.12037,-0.2767269,0.7336757,-10,422.0343,500,-10,500,-10,20.48936,-11.68984,84.4449,-33.81633,31.18142,-34.26859,35.70145,0
0.6887708,-1.083611,-9.43152,-0.365281,0.7624137,-10,421.4863,500,-10,500,-10,20.50483,-11.59062,84.46886,-33.82094,31.2013,-34.28384,35.70144,0
0.3429015,-1.590289,-10.15312,-0.4467013,0.7619253,-10,420.9369,500,-10,500,-10,20.52665,-11.49167,84.49971,-33.8287,31.22363,-34.30164,35.70467,0
0.8891376,-1.328062,-9.743862,-0.5353947,0.7527414,-10,420.3859,500,-10,500,-10,20.55899,-11.39314,84.54159,-33.84135,31.25059,-34.32368,35.7124,0
1.148786,-1.254621,-9.547568,-0.6674806,0.7547661,-10,419.8336,500,-10,500,-10,20.61084,-11.29537,84.60388,-33.86123,31.28492,-34.35543,35.7297,0
1.147972,-1.309471,-9.610601,-0.8250893,0.7779937,-10,419.28,500,-10,500,-10,20.70631,-11.19919,84.71103,-33.89555,31.33392,-34.40989,35.76947,0
1.277024,-1.254178,-9.659628,-0.9547383,0.7914313,-10,418.7249,500,-10,500,-10,20.92798,-11.1072,84.94537,-33.97275,31.43018,-34.52686,35.86738,0
1.430493,-1.292182,-9.87647,-1.037904,0.7557218,-10,418.1684,500,-10,500,-10,21.76769,-11.03256,85.79795,-34.21167,31.80247,-34.99438,36.20153,0
1.981734,-1.024389,-9.531254,-1.104377,0.6735264,-10,417.6103,500,-10,500,-10,24.21393,-11.05653,88.2559,-34.99399,32.62168,-36.24868,37.41895,0
1.787332,-1.310256,-9.846138,-1.200497,0.5719396,-10,417.0506,500,-10,500,-10,23.55435,-11.14203,87.60683,-34.75692,32.41121,-35.94794,37.09161,0
1.614856,-1.432539,-10.0834,-1.317417,0.4838418,-10,416.4893,500,-10,500,-10,23.52036,-11.24213,87.58537,-34.76163,32.39919,-35.92545,37.08585,0
1.957323,-1.169322,-9.950878,-1.436996,0.4028132,-10,415.9266,500,-10,500,-10,23.50697,-11.34225,87.58602,-34.77283,32.39382,-35.91479,37.09176,0
2.187945,-1.011198,-9.914365,-1.582762,0.3307398,-10,415.3624,500,-10,500,-10,23.49724,-11.44232,87.5921,-34.78605,32.39067,-35.90661,37.09995,0
2.541179,-0.5576966,-9.453638,-1.733908,0.2790778,-10,414.7965,500,-10,500,-10,23.48762,-11.54233,87.60028,-34.79985,32.38857,-35.89959,37.10883,0
2.399766,-0.4875131,-9.621363,-1.839682,0.2175513,-10,414.2291,500,-10,500,-10,23.47768,-11.64225,87.61001,-34.81353,32.38615,-35.89397,37.1193,0
2.53272,-0.2141906,-9.537848,-1.884784,0.1332063,-10,413.6599,500,-10,500,-10,23.46782,-11.74205,87.62132,-34.82698,32.383,-35.88988,37.13182,0
2.556811,-0.1198146,-9.657578,-1.908732,0.03400927,-10,413.089,500,-10,500,-10,23.45808,-11.84168,87.63418,-34.84077,32.37988,-35.88676,37.14561,0
2.882472,0.2028304,-9.349903,-1.950028,-0.05249792,-10,412.5164,500,-10,500,-10,23.4479,-11.94112,87.64837,-34.85519,32.37769,-35.88409,37.15954,0
2.761756,0.1067499,-9.553626,-2.018657,-0.1254805,-10,411.9419,500,-10,500,-10,23.4366,-12.04036,87.6637,-34.87037,32.37661,-35.88161,37.17333,0
3.131879,0.4727252,-9.076867,-2.083237,-0.1935214,-10,411.3656,500,-10,500,-10,23.4239,-12.13935,87.68021,-34.88596,32.37609,-35.8797,37.18753,0
2.945309,0.3246134,-9.322432,-2.131553,-0.2819488,-10,410.7874,500,-10,500,-10,23.40978,-12.23804,87.69822,-34.90298,32.37658,-35.87761,37.20196,0
2.54845,-0.02950984,-9.860172,-2.157317,-0.3978226,-10,410.2072,500,-10,500,-10,23.39427,-12.3363,87.71821,-34.92112,32.37764,-35.87603,37.21746,0
2.786433,0.1903693,-9.585978,-2.175274,-0.5254399,-10,409.6252,500,-10,500,-10,23.37717,-12.43403,87.74055,-34.94028,32.37954,-35.87537,37.23408,0
3.191456,0.59426,-9.087841,-2.245606,-0.6170917,-10,409.0414,500,-10,500,-10,23.35763,-12.53116,87.76532,-34.96104,32.38391,-35.87514,37.25023,0
3.050262,0.4270839,-9.529116,-2.361294,-0.6750858,-10,408.4559,500,-10,500,-10,23.33462,-12.62765,87.79251,-34.98334,32.39069,-35.87538,37.26598,0
3.256476,0.3884249,-9.625288,-2.42616,-0.796503,-10,407.8687,500,-10,500,-10,23.30792,-12.72322,87.82309,-35.00703,32.39758,-35.87703,37.28444,0
3.44269,0.6988142,-9.225404,-2.514709,-0.9146641,-10,407.2799,500,-10,500,-10,23.27677,-12.81758,87.85802,-35.03305,32.40704,-35.87994,37.30392,0
3.847526,1.018361,-8.976439,-2.570663,-1.059551,-10,406.6896,500,-10,500,-10,23.24027,-12.9104,87.89815,-35.06116,32.41821,-35.88507,37.32599,0
3.581752,0.9603673,-9.303782,-2.610774,-1.229278,-10,406.0978,500,-10,500,-10,23.19748,-13.00113,87.94502,-35.09229,32.43214,-35.89279,37.35089,0
3.992778,1.055105,-9.149116,-2.692657,-1.398891,-10,405.5048,500,-10,500,-10,23.14655,-13.08919,87.99998,-35.12774,32.4508,-35.90289,37.37778,0
3.737701,1.099644,-9.448997,-2.749606,-1.613032,-10,404.9106,500,-10,500,-10,23.08537,-13.17367,88.06516,-35.1678,32.4736,-35.91682,37.40898,0
4.194903,1.551029,-8.83084,-2.813725,-1.835143,-10,404.3151,500,-10,500,-10,23.0117,-13.25336,88.14299,-35.21489,32.50154,-35.93423,37.44553,0
4.615679,1.883767,-8.65537,-2.882157,-2.071304,-10,403.7184,500,-10,500,-10,22.92256,-13.32669,88.23617,-35.27606,32.53001,-35.95027,37.49428,0
4.745314,2.311857,-8.495007,-2.903013,-2.356569,-10,403.1206,500,-10,500,-10,22.81525,-13.39137,88.34782,-35.34718,32.56428,-35.97167,37.55252,0
4.684811,2.561,-8.515889,-2.897973,-2.655714,-10,402.5217,500,-10,500,-10,22.68779,-13.44469,88.4801,-35.42928,32.60605,-35.99916,37.62035,0
4.812014,2.996732,-8.468223,-2.88399,-2.971761,-10,401.9219,500,-10,500,-10,22.54003,-13.48339,88.63324,-35.52255,32.65593,-36.03278,37.69736,0
4.829875,3.48083,-8.097771,-2.812987,-3.323551,-10,401.3213,500,-10,500,-10,22.37571,-13.50407,88.8037,-35.62383,32.71209,-36.07274,37.78243,0
4.825358,4.271457,-7.743585,-2.701959,-3.692676,-10,400.7196,500,-10,500,-10,22.20358,-13.50394,88.98314,-35.72771,32.77263,-36.11755,37.87058,0
4.742937,4.737991,-7.408189,-2.544326,-4.076197,-10,400.1171,500,-10,500,-10,22.03585,-13.48201,89.15965,-35.8266,32.83363,-36.16491,37.95584,0
4.466589,5.390751,-7.339207,-2.349951,-4.464847,-10,399.5135,500,-10,500,-10,21.88404,-13.43929,89.32202,-35.90752,32.89783,-36.21853,38.02617,0
4.052676,5.988011,-7.028641,-2.099652,-4.861007,-10,398.9088,500,-10,500,-10,21.75531,-13.37855,89.46342,-35.96912,32.95947,-36.27409,38.0817,0
3.568691,6.754367,-6.802432,-1.758853,-5.268674,-10,398.303,500,-10,500,-10,21.65208,-13.30301,89.58223,-36.01742,33.00971,-36.32424,38.12991,0
3.237015,7.542024,-6.092796,-1.384118,-5.637097,-10,397.696,500,-10,500,-10,21.57267,-13.21628,89.68066,-36.0546,33.05137,-36.36861,38.1698,0
2.835263,8.054962,-5.594625,-0.9717185,-5.989385,-10,397.0876,500,-10,500,-10,21.5139,-13.12113,89.76238,-36.08665,33.08951,-36.40427,38.19938,0
2.479503,8.699153,-4.594445,-0.4750035,-6.403421,-10,396.4778,500,-10,500,-10,21.47336,-13.01896,89.83081,-36.11078,33.11936,-36.43685,38.22623,0
1.386463,8.729764,-4.610904,-0.01276904,-6.766969,-10,395.8664,500,-10,500,-10,21.44783,-12.91148,89.88945,-36.12905,33.14528,-36.46716,38.24889,0
1.050161,9.467225,-3.514271,0.5221324,-7.15354,-10,395.2534,500,-10,500,-10,21.43563,-12.79962,89.94106,-36.14191,33.16592,-36.49707,38.27102,0
0.3855655,9.860561,-2.948445,1.040814,-7.502014,-10,394.6389,500,-10,500,-10,21.43528,-12.68425,89.98814,-36.15152,33.18467,-36.52647,38.29128,0
0.1985842,10.31687,-2.22149,1.565126,-7.848024,-10,394.0226,500,-10,500,-10,21.44573,-12.56612,90.03292,-36.15909,33.20185,-36.556,38.3112,0
-0.3240325,10.18181,-2.067468,2.125116,-8.286423,-10,393.4047,500,-10,500,-10,21.46704,-12.44507,90.07699,-36.16599,33.21671,-36.58562,38.33286,0
-0.5456449,10.23222,-1.561248,2.655489,-8.781554,-10,392.7851,500,-10,500,-10,21.49931,-12.32093,90.12209,-36.17372,33.23158,-36.61526,38.35535,0
-0.4254727,10.51297,-0.8505623,3.103803,-9.288779,-10,392.1639,500,-10,500,-10,21.54272,-12.19397,90.17051,-36.18378,33.24892,-36.64531,38.37813,0
-0.6836275,10.36164,-0.9098001,3.470812,-9.810284,-10,391.5413,500,-10,500,-10,21.59833,-12.06464,90.22521,-36.1976,33.27005,-36.67682,38.40233,0
-0.8990226,10.23103,-1.05433,3.777629,-10,-10,390.9174,500,-10,500,-10,21.66923,-11.93556,90.2911,-36.21334,33.30053,-36.71568,38.42645,0
-1.052274,10.19122,-1.145495,4.02991,-10,-10,390.2922,500,-10,500,-10,21.76105,-11.81115,90.37527,-36.23597,33.34149,-36.7628,38.45523,0
-1.344097,10.06022,-1.420201,4.221812,-10,-10,389.6661,500,-10,500,-10,21.88153,-11.69388,90.48608,-36.27145,33.39425,-36.81912,38.49429,0
-1.296406,10.25219,-1.285352,4.349306,-10,-10,389.0391,500,-10,500,-10,22.04233,-11.58773,90.63564,-36.32514,33.46357,-36.88936,38.54889,0
-1.960216,9.766422,-2.15128,4.398397,-10,-10,388.4115,500,-10,500,-10,22.25864,-11.49926,90.83974,-36.40123,33.5527,-36.98239,38.62888,0
-1.788184,10.01242,-2.007876,4.375382,-10,-10,387.7834,500,-10,500,-10,22.54314,-11.43851,91.11154,-36.49363,33.65405,-37.1152,38.75274,0
-1.849857,9.97728,-2.242452,4.271538,-10,-10,387.1552,500,-10,500,-10,22.8849,-11.41802,91.44074,-36.59261,33.79264,-37.28899,38.88691,0
-2.01607,9.743093,-2.690441,4.093659,-10,-10,386.5267,500,-10,500,-10,23.22875,-11.44586,91.77269,-36.68357,33.94383,-37.47308,39.01078,0
-1.474575,10.0544,-2.292352,3.867142,-10,-10,385.8982,500,-10,500,-10,23.51003,-11.51693,92.04315,-36.76203,34.06532,-37.61873,39.1134,0
-1.437108,9.8585,-2.527327,3.609868,-10,-10,385.2696,500,-10,500,-10,23.71125,-11.617,92.23495,-36.82369,34.14852,-37.71598,39.18911,0
-0.5710366,10.42524,-1.4972,3.332674,-10,-10,384.6408,500,-10,500,-10,23.85019,-11.73363,92.36615,-36.87291,34.20171,-37.77547,39.24464,0
-0.3659764,10.29566,-1.181971,2.987861,-10,-10,384.0117,500,-10,500,-10,23.94726,-11.85941,92.45786,-36.9204,34.23094,-37.80397,39.29139,0
-0.04759,10.21406,-0.5857855,2.544569,-10,-10,383.3821,500,-10,500,-10,24.01592,-11.99039,92.52468,-36.96138,34.25264,-37.81836,39.32507,0
0.2903357,10.28605,0.4190077,1.995089,-10,-10,382.7515,500,-10,500,-10,24.06395,-12.1244,92.57576,-36.99905,34.27055,-37.82301,39.34946,0
-0.04564407,9.918766,0.9613016,1.338422,-10,-10,382.1199,500,-10,500,-10,24.09558,-12.26021,92.61694,-37.0355,34.287,-37.82068,39.36714,0
0.1729145,10.15037,2.366474,0.5920262,-10,-10,381.4874,500,-10,500,-10,24.11304,-12.39702,92.65218,-37.07189,34.30324,-37.81349,39.38011,0
-0.05848299,9.961997,3.046868,-0.2349189,-10,-10,380.8538,500,-10,500,-10,24.11727,-12.5343,92.68446,-37.10922,34.32034,-37.80292,39.38976,0
-0.1256533,9.886216,3.645681,-1.117601,-10,-10,380.2193,500,-10,500,-10,24.10832,-12.67162,92.71634,-37.14806,34.33896,-37.79048,39.39754,0
-0.202398,9.777603,3.862391,-2.032995,-10,-10,379.5838,500,-10,500,-10,24.0856,-12.80852,92.75024,-37.18906,34.35979,-37.77757,39.4048,0
-0.2677424,9.695071,3.703909,-2.952004,-10,-10,378.9473,500,-10,500,-10,24.0478,-12.94449,92.78888,-37.23275,34.38345,-37.7659,39.41317,0
-0.3156824,9.670198,3.185827,-3.842234,-10,-10,378.3101,500,-10,500,-10,23.99276,-13.07877,92.83569,-37.27786,34.40878,-37.75957,39.42662,0
-0.05733478,9.952012,2.692789,-4.669353,-10,-10,377.672,500,-10,500,-10,23.91704,-13.21023,92.89526,-37.32647,34.43803,-37.76032,39.44673,0
-0.1278678,9.907907,1.389926,-5.407221,-10,-10,377.0331,500,-10,500,-10,23.81516,-13.33707,92.97418,-37.38124,34.47411,-37.77096,39.47605,0
0.2890877,10.31232,0.413163,-6.021558,-10,-10,376.3933,500,-10,500,-10,23.67848,-13.45637,93.08228,-37.44509,34.52038,-37.79668,39.51935,0
-0.1128091,10.00479,-1.616223,-6.520323,-10,-10,375.753,500,-10,500,-10,23.49382,-13.56329,93.23381,-37.52326,34.5828,-37.84405,39.58247,0
0.3325458,9.990774,-2.50138,-6.94429,-10,-10,375.1124,500,-10,500,-10,23.24365,-13.64979,93.44672,-37.62297,34.66977,-37.92076,39.67193,0
0.7978363,9.269305,-3.735098,-7.295024,-10,-10,374.4715,500,-10,500,-10,22.9165,-13.70357,93.7328,-37.74885,34.78772,-38.03193,39.79101,0
1.793028,9.198503,-4.279924,-7.647318,-10,-10,373.8304,500,-10,500,-10,22.53502,-13.71055,94.06902,-37.9037,34.94154,-38.15567,39.91578,0
2.065307,8.239231,-5.788716,-7.916159,-10,-10,373.1889,500,-10,500,-10,22.1713,-13.66492,94.38342,-38.05849,35.09762,-38.26137,40.02021,0
2.819533,7.412186,-6.420883,-8.210773,-9.778358,-10,372.5468,500,-10,500,-10,21.88457,-13.57812,94.6161,-38.18731,35.20412,-38.32536,40.10651,0
3.868165,6.89704,-6.278164,-8.523041,-8.917013,-10,371.9037,500,-10,500,-10,21.67195,-13.47271,94.76933,-38.26529,35.28784,-38.37435,40.14975,0
4.575591,6.128337,-6.539372,-8.827752,-8.14441,-10,371.2594,500,-10,500,-10,21.50619,-13.36001,94.87054,-38.31456,35.35158,-38.40894,40.16987,0
5.595902,5.751682,-6.26656,-9.115843,-7.443521,-10,370.6134,500,-10,500,-10,21.36815,-13.24469,94.93906,-38.34585,35.40252,-38.43442,40.17571,0
6.024246,5.15965,-6.249888,-9.449604,-6.740156,-10,369.9656,500,-10,500,-10,21.24548,-13.12943,94.98655,-38.36627,35.44671,-38.45335,40.17087,0
6.7045,4.919685,-5.779547,-9.673222,-6.142224,-10,369.3158,500,-10,500,-10,21.13257,-13.01488,95.01906,-38.37783,35.4825,-38.46873,40.16202,0
7.342981,4.970991,-5.172946,-9.889801,-5.546467,-10,368.664,500,-10,500,-10,21.02523,-12.90168,95.04056,-38.38343,35.51425,-38.48094,40.14808,0
7.579685,4.900759,-4.911809,-9.988375,-5.016006,-10,368.0104,500,-10,500,-10,20.92153,-12.79003,95.05319,-38.38314,35.54012,-38.4917,40.13268,0
7.993768,5.158006,-4.335597,-9.997896,-4.517728,-10,367.3552,500,-10,500,-10,20.82042,-12.68002,95.0582,-38.37778,35.5614,-38.50121,40.11555,0
7.788555,4.99244,-4.513788,-9.959812,-4.021229,-10,366.6986,500,-10,500,-10,20.72069,-12.57188,95.0566,-38.36834,35.57952,-38.50932,40.0961,0
7.988029,5.319135,-4.141959,-9.843872,-3.522354,-10,366.0409,500,-10,500,-10,20.62162,-12.46579,95.04904,-38.35463,35.59425,-38.51677,40.0751,0
7.633751,5.182641,-4.510048,-9.639835,-3.045495,-10,365.3824,500,-10,500,-10,20.52284,-12.3618,95.03563,-38.33682,35.60519,-38.52346,40.05305,0
7.489789,5.210134,-4.68969,-9.366095,-2.579217,-10,364.7231,500,-10,500,-10,20.42393,-12.26,95.01624,-38.31506,35.61277,-38.52915,40.0294,0
6.999639,4.944491,-5.395161,-9.086378,-2.081146,-10,364.0629,500,-10,500,-10,20.32399,-12.16045,94.99084,-38.28999,35.6186,-38.53318,40.00253,0
7.177018,5.343341,-5.264412,-8.686602,-1.629248,-10,363.4016,500,-10,500,-10,20.22249,-12.06325,94.95866,-38.26018,35.61964,-38.53633,39.97483,0
6.330317,4.659537,-6.482391,-8.248076,-1.208441,-10,362.7398,500,-10,500,-10,20.11848,-11.96859,94.91833,-38.22619,35.61707,-38.5369,39.94398,0
6.072783,4.393517,-6.813869,-7.817997,-0.7520841,-10,362.0775,500,-10,500,-10,20.01022,-11.87667,94.86861,-38.18756,35.61212,-38.53432,39.90773,0
5.201365,3.557434,-7.79847,-7.398244,-0.2819071,-10,361.4145,500,-10,500,-10,19.89533,-11.78777,94.80772,-38.14383,35.60413,-38.5276,39.86527,0
4.546829,2.959261,-8.706875,-7.006618,0.2104633,-10,360.7504,500,-10,500,-10,19.77055,-11.70229,94.73294,-38.09407,35.59274,-38.51541,39.8147,0
4.086866,2.154691,-9.058058,-6.613234,0.6994318,-10,360.0851,500,-10,500,-10,19.63149,-11.6211,94.64008,-38.03631,35.57592,-38.49622,39.75457,0
3.663308,1.287342,-9.240322,-6.283773,1.246643,-10,359.4181,500,-10,500,-10,19.47209,-11.54527,94.52363,-37.96881,35.55378,-38.46723,39.68023,0
3.959838,1.830805,-8.261927,-6.030989,1.851749,-10,358.7495,500,-10,500,-10,19.28404,-11.47651,94.37619,-37.89068,35.52245,-38.4232,39.58939,0.2665444
5.731984,5.050073,-4.728017,-5.843029,2.488412,-10,358.079,500,-10,500,-10,19.05689,-11.4179,94.18801,-37.80987,35.46668,-38.34809,39.48924,1
5.378022,3.71045,-4.5474,-5.717322,3.151078,-10,357.4065,500,-10,500,-10,18.78119,-11.37454,93.95004,-37.71527,35.39339,-38.24551,39.36535,1
5.329797,2.555278,-4.163776,-5.685682,3.852031,-10,356.7321,500,-10,500,-10,18.45744,-11.3531,93.66366,-37.6216,35.31866,-38.10188,39.20278,1
5.401491,1.44472,-3.269065,-5.747365,4.598716,-10,356.0561,500,-10,500,-10,18.10952,-11.36031,93.3534,-37.52965,35.24246,-37.93676,39.02191,1
5.37487,-0.110687,-2.892726,-5.849676,5.349584,-10,355.3788,500,-10,500,-10,17.78184,-11.39889,93.06412,-37.44666,35.1707,-37.78005,38.85397,1
5.087383,-1.233243,-2.269397,-6.024407,6.139773,-10,354.7004,500,-10,500,-10,17.50695,-11.46503,92.82887,-37.37952,35.11161,-37.65227,38.71814,1
5.754154,-1.741578,-0.7088792,-6.231116,6.973511,-10,354.0214,500,-10,500,-10,17.28839,-11.55217,92.65141,-37.32105,35.05907,-37.56369,38.62363,1
5.744612,-2.451088,0.4198655,-6.456882,7.843045,-10,353.3419,500,-10,500,-10,17.11412,-11.65487,92.51966,-37.27796,35.02044,-37.49762,38.5531,1
5.554838,-3.095076,1.322077,-6.673045,8.78047,-10,352.662,500,-10,500,-10,16.97063,-11.76993,92.41984,-37.24633,34.99297,-37.44653,38.49786,1
5.311209,-3.749563,2.143988,-6.828504,9.725431,-10,351.9817,500,-10,500,-10,16.84881,-11.89573,92.34238,-37.22272,34.9715,-37.40596,38.45514,1
4.99905,-4.12974,2.775296,-6.864014,10,-10,351.3011,500,-10,500,-10,16.74635,-12.02929,92.28594,-37.21615,34.94412,-37.36577,38.43575,1
4.832782,-4.170753,3.36512,-6.806483,10,-10,350.6196,500,-10,500,-10,16.66027,-12.16665,92.24943,-37.21827,34.91955,-37.3334,38.43008,1
4.445426,-4.375673,3.48753,-6.653033,10,-10,349.937,500,-10,500,-10,16.58532,-12.30619,92.22758,-37.22309,34.89989,-37.31048,38.43163,1
5.009419,-3.728439,4.687019,-6.375388,10,-10,349.2531,500,-10,500,-10,16.5183,-12.44685,92.21715,-37.22911,34.88337,-37.29581,38.43951,1
4.545682,-4.071573,4.4148,-5.974053,10,-10,348.5679,500,-10,500,-10,16.45725,-12.58787,92.21622,-37.23578,34.86919,-37.28837,38.45292,1
4.427693,-4.116932,4.556634,-5.434686,10,-10,347.8814,500,-10,500,-10,16.40092,-12.7287,92.22379,-37.24253,34.85673,-37.28789,38.47165,1
3.994958,-4.425959,4.379551,-4.766199,10,-10,347.1934,500,-10,500,-10,16.34833,-12.86891,92.23943,-37.24942,34.846,-37.29396,38.49534,1
3.56989,-4.645282,4.402568,-3.982335,10,-10,346.5039,500,-10,500,-10,16.29846,-13.00813,92.2634,-37.25681,34.83745,-37.30644,38.52376,1
3.309,-4.619037,4.830141,-3.09921,10,-10,345.8132,500,-10,500,-10,16.2499,-13.14607,92.2966,-37.26532,34.83188,-37.32544,38.55684,1
3.077796,-4.509143,5.386247,-2.113119,10,-10,345.1213,500,-10,500,-10,16.20064,-13.28242,92.3409,-37.27731,34.8286,-37.35014,38.59682,1
2.780602,-4.524005,5.692046,-1.01503,10,-10,344.4285,500,-10,500,-10,16.14751,-13.4168,92.39973,-37.29591,34.8274,-37.3803,38.64677,1
3.227153,-4.055576,6.684792,0.1890589,10,-10,343.735,500,-10,500,-10,16.0847,-13.54861,92.47935,-37.32166,34.83374,-37.42051,38.7064,1
3.127394,-4.246921,6.868702,1.470494,10,-10,343.0408,500,-10,500,-10,16.00036,-13.67674,92.592,-37.36074,34.85394,-37.47478,38.77954,1
3.576683,-3.986862,7.700368,2.802076,10,-10,342.3463,500,-10,500,-10,15.86818,-13.79873,92.76428,-37.42577,34.901,-37.5525,38.87523,1
3.823662,-3.916526,8.106319,4.128806,10,-10,341.6517,500,-10,500,-10,15.62255,-13.90824,93.06171,-37.532,34.99109,-37.69272,39.03158,1
3.960053,-3.896155,8.207882,5.401145,10,-10,340.9571,500,-10,500,-10,15.10039,-13.98606,93.64675,-37.743,35.19063,-37.96647,39.3168,1
3.919785,-3.946438,7.92545,6.571299,10,-10,340.2625,500,-10,500,-10,14.233,-13.98152,94.58701,-38.15839,35.57278,-38.33018,39.71374,1
3.704826,-4.066543,7.165449,7.596042,10,-10,339.568,500,-10,500,-10,13.76508,-13.87768,95.13646,-38.4445,35.76007,-38.49933,39.98172,1
2.993209,-4.627481,5.369441,8.440989,10,-10,338.8733,500,-10,500,-10,13.66831,-13.74663,95.32337,-38.52243,35.81922,-38.57627,40.07744,1
3.02,-4.431229,4.396103,9.098673,10,-10,338.178,500,-10,500,-10,13.66166,-13.61226,95.42895,-38.55559,35.8519,-38.63058,40.13224,1
2.535142,-3.782563,2.903908,9.520952,10,-10,337.4818,500,-10,500,-10,13.68658,-13.47801,95.511,-38.57397,35.88432,-38.68021,40.16782,1
1.622146,-3.33289,0.5900199,9.830044,9.884869,-10,336.7841,500,-10,500,-10,13.72791,-13.34533,95.58435,-38.58828,35.91557,-38.72667,40.19733,1
1.336005,-1.786987,-0.6671956,10,8.619434,-10,336.0847,500,-10,500,-10,13.78684,-13.21847,95.64454,-38.61189,35.92937,-38.75293,40.23341,1
-0.1292561,-0.6758961,-2.479486,10,7.132157,-10,335.3834,500,-10,500,-10,13.85982,-13.09947,95.69119,-38.63506,35.93659,-38.76841,40.26485,1
-1.013533,1.346447,-3.017847,10,5.705801,-10,334.6801,500,-10,500,-10,13.94184,-12.98731,95.72874,-38.65377,35.9397,-38.78083,40.29285,1
-2.320188,3.107128,-3.16143,10,4.374138,-10,333.9751,500,-10,500,-10,14.03005,-12.88061,95.75998,-38.66885,35.94051,-38.79162,40.31792,1
-3.468452,4.571579,-2.879483,10,3.145985,-10,333.2688,500,-10,500,-10,14.12261,-12.77797,95.7869,-38.68102,35.94015,-38.80175,40.34059,1
-4.456071,6.19479,-1.812344,10,1.977178,-10,332.5615,500,-10,500,-10,14.21841,-12.67807,95.81081,-38.6913,35.93882,-38.81128,40.36172,1
-5.363122,7.250548,-0.8928292,10,0.8472921,-10,331.8536,500,-10,500,-10,14.31674,-12.57972,95.83268,-38.70027,35.93684,-38.82044,40.38184,1
-5.562564,8.64952,0.9706522,10,-0.2967891,-10,331.1447,500,-10,500,-10,14.4172,-12.4817,95.85306,-38.70868,35.93392,-38.82891,40.40163,1
-6.257282,9.141555,1.761483,10,-1.415014,-10,330.4347,500,-10,500,-10,14.51958,-12.38287,95.87262,-38.7163,35.93092,-38.83751,40.42085,1
-6.711521,9.502382,2.6359,10,-2.630533,-10,329.7241,500,-10,500,-10,14.62378,-12.28186,95.89171,-38.72455,35.92668,-38.84508,40.44091,1
-6.716478,9.876968,3.513571,10,-3.898852,-10,329.0128,500,-10,500,-10,14.72989,-12.17721,95.91087,-38.73304,35.92203,-38.85245,40.46143,1
-6.361967,10.41865,4.369721,10,-5.198485,-10,328.3004,500,-10,500,-10,14.8385,-12.06765,95.93149,-38.742,35.91785,-38.86058,40.48269,1
-6.1513,10.767,4.618236,10,-6.525265,-10,327.5868,500,-10,500,-10,14.951,-11.95206,95.95573,-38.75209,35.9151,-38.87058,40.50553,1
-6.214547,10.81947,4.071249,10,-7.86619,-10,326.8719,500,-10,500,-10,15.07028,-11.82968,95.98724,-38.76448,35.91532,-38.88431,40.53143,1
-5.865835,11.16984,3.572073,10,-9.212782,-10,326.1555,500,-10,500,-10,15.20202,-11.70028,96.03233,-38.78304,35.92262,-38.90309,40.56147,1
-4.781752,12.12481,3.487245,10,-10,-10,325.4376,500,-10,500,-10,15.35975,-11.56759,96.1053,-38.80893,35.95033,-38.93767,40.59422,1
-3.968967,12.99147,2.805721,10,-10,-10,324.7183,500,-10,500,-10,15.57242,-11.44347,96.23586,-38.85209,36.01177,-39.00269,40.64096,1
-2.963526,13.9442,2.373301,10,-10,-10,323.9978,500,-10,500,-10,15.88476,-11.33831,96.46756,-38.94168,36.11685,-39.10508,40.72786,1
-1.522657,14.7228,2.065016,10,-10,-10,323.2764,500,-10,500,-10,16.35612,-11.27163,96.85847,-39.10378,36.28877,-39.2669,40.87985,1
0.5203083,15.86123,3.087182,10,-10,-10,322.5546,500,-10,500,-10,16.9533,-11.27348,97.37425,-39.29706,36.48179,-39.50098,41.11422,1
1.994053,16.18079,4.308395,10,-10,-10,321.8328,500,-10,500,-10,17.43847,-11.35166,97.77595,-39.42144,36.63527,-39.70944,41.29357,1
3.64818,16.13829,6.374277,9.348145,-10,-10,321.1108,500,-10,500,-10,17.71866,-11.47177,97.97358,-39.48629,36.72461,-39.80835,41.36798,1
5.011538,15.83746,8.594263,7.606151,-10,-10,320.3887,500,-10,500,-10,17.87544,-11.60631,98.06002,-39.54321,36.78086,-39.82306,41.38337,1
5.021318,14.78376,9.96703,5.47785,-10,-10,319.6662,500,-10,500,-10,17.96639,-11.7454,98.0978,-39.59586,36.82166,-39.80171,41.37387,1
4.909836,14.03106,11.50293,3.009167,-10,-10,318.9431,500,-10,500,-10,18.01455,-11.88588,98.11391,-39.65022,36.85923,-39.7607,41.34965,1
4.828104,13.78905,12.90548,0.272393,-10,-10,318.2191,500,-10,500,-10,18.02872,-12.02671,98.12111,-39.7084,36.89858,-39.70848,41.31626,1
3.538625,13.05011,12.38567,-2.61949,-10,-10,317.4945,500,-10,500,-10,18.01249,-12.16758,98.12658,-39.77044,36.94135,-39.65098,41.27802,1
3.215558,13.80346,12.64229,-5.496312,-10,-10,316.7695,500,-10,500,-10,17.96767,-12.30829,98.13521,-39.83483,36.98713,-39.59374,41.23939,1
2.503289,14.5013,11.6162,-8.20678,-10,-10,316.0442,500,-10,500,-10,17.89553,-12.44837,98.15095,-39.90009,37.03535,-39.54151,41.20421,1
1.987211,15.14334,9.662931,-10,-10,-10,315.3182,500,-10,500,-10,17.80063,-12.58678,98.17735,-39.9542,37.07492,-39.50928,41.18652,1
2.071759,15.65169,7.219458,-10,-10,-10,314.5914,500,-10,500,-10,17.69819,-12.72197,98.21708,-39.98211,37.09154,-39.51429,41.20282,1
2.946842,15.95283,5.04611,-10,-10,-10,313.8638,500,-10,500,-10,17.58769,-12.85229,98.27161,-40.01472,37.11662,-39.52685,41.22292,1
4.530173,15.6174,3.035034,-10,-10,-10,313.1351,500,-10,500,-10,17.46507,-12.97571,98.34317,-40.05288,37.15166,-39.54799,41.24717,1
6.522571,14.89735,1.856938,-10,-10,-10,312.4052,500,-10,500,-10,17.32584,-13.08957,98.43488,-40.09773,37.19857,-39.57913,41.27625,1
8.474566,13.74202,1.239865,-10,-9.794973,-10,311.6746,500,-10,500,-10,17.16594,-13.19038,98.54918,-40.14834,37.2608,-39.62324,41.30873,1
10.20289,12.31592,1.310134,-10,-7.646936,-10,310.9438,500,-10,500,-10,16.99299,-13.2768,98.6703,-40.18718,37.34192,-39.68475,41.32798,1
11.62973,10.52976,1.684273,-10,-5.193045,-10,310.2124,500,-10,500,-10,16.81522,-13.3531,98.78693,-40.22356,37.42231,-39.745,41.34422,1
12.29313,8.868743,2.144627,-10,-2.830066,-10,309.4803,500,-10,500,-10,16.63372,-13.42426,98.89999,-40.25932,37.5008,-39.80293,41.35941,1
13.04726,7.594552,3.068887,-10,-0.4980348,-10,308.7471,500,-10,500,-10,16.44714,-13.49476,99.01269,-40.29552,37.57913,-39.86011,41.37447,1
13.28543,5.900842,3.60797,-10,1.808114,-10,308.0125,500,-10,500,-10,16.25048,-13.56819,99.13169,-40.33469,37.65942,-39.91954,41.39278,1
13.18261,4.157882,3.762351,-10,4.053456,-10,307.2762,500,-10,500,-10,16.03211,-13.646,99.27035,-40.37614,37.73996,-39.99298,41.42712,1
12.81516,2.548569,3.621385,-10,6.319311,-10,306.5385,500,-10,500,-10,15.76952,-13.72707,99.45251,-40.43238,37.83528,-40.08768,41.48275,1
12.22066,1.289587,3.680437,-10,8.629303,-10,305.7993,500,-10,500,-10,15.41904,-13.80478,99.72292,-40.52138,37.96484,-40.22273,41.57722,1
11.07076,-0.1413074,3.311793,-10,10,-10,305.0593,500,-10,500,-10,14.92198,-13.8545,100.1404,-40.6806,38.14761,-40.40946,41.74041,1
9.890972,-1.5644,3.228609,-10,10,-10,304.3187,500,-10,500,-10,14.3506,-13.83402,100.6312,-40.91167,38.37846,-40.58504,41.91621,1
8.183363,-2.764148,3.610923,-10,10,-10,303.5779,500,-10,500,-10,13.92403,-13.74487,100.9749,-41.09551,38.52774,-40.68599,42.05172,1
5.983379,-3.871962,3.635227,-10,10,-10,302.837,500,-10,500,-10,13.67034,-13.6215,101.1427,-41.18847,38.60253,-40.73203,42.11593,1
3.929283,-4.591758,4.125732,-10,10,-10,302.0959,500,-10,500,-10,13.50687,-13.48583,101.2165,-41.22642,38.64429,-40.75526,42.13535,1
2.174263,-4.558977,5.632058,-10,10,-10,301.3539,500,-10,500,-10,13.38539,-13.34592,101.2438,-41.23725,38.66985,-40.76705,42.13242,1
1.525661,-3.48085,8.158194,-8.709196,10,-10,300.6105,500,-10,500,-10,13.292,-13.20494,101.2451,-41.21081,38.66399,-40.79455,42.13933,1
1.111845,-2.854165,9.773547,-5.791187,10,-10,299.866,500,-10,500,-10,13.23404,-13.06436,101.2316,-41.14692,38.62393,-40.84727,42.16822,1
1.096395,-2.606982,10.76211,-2.503723,10,-10,299.1208,500,-10,500,-10,13.2096,-12.92448,101.2113,-41.07133,38.5736,-40.90608,42.20177,1
2.199632,-1.974408,12.06213,1.048936,10,-10,298.3749,500,-10,500,-10,13.21804,-12.7849,101.1898,-40.9887,38.51649,-40.97088,42.24104,1
3.269696,-1.928078,12.26406,4.695789,10,-10,297.6287,500,-10,500,-10,13.25948,-12.64502,101.1714,-40.90422,38.45688,-41.04011,42.28541,1
4.188886,-2.354026,11.62923,8.239691,10,-10,296.882,500,-10,500,-10,13.33399,-12.50443,101.1603,-40.82341,38.39939,-41.11171,42.33369,1
4.987858,-2.833823,10.73105,10,10,-10,296.1348,500,-10,500,-10,13.43253,-12.36345,101.1608,-40.77771,38.37442,-41.15783,42.35908,1
4.935417,-3.548663,9.026957,10,10,-10,295.3864,500,-10,500,-10,13.53657,-12.22323,101.1759,-40.76942,38.38342,-41.17861,42.36257,1
3.869627,-4.268648,6.480749,10,10,-10,294.637,500,-10,500,-10,13.64876,-12.08535,101.2075,-40.76958,38.39676,-41.20467,42.37546,1
2.484935,-4.050573,4.54677,10,10,-10,293.8872,500,-10,500,-10,13.77483,-11.95177,101.2594,-40.77998,38.41508,-41.23727,42.40013,1
0.01999196,-3.380176,2.319867,10,10,-10,293.1374,500,-10,500,-10,13.92244,-11.82523,101.3375,-40.80349,38.43953,-41.27845,42.44037,1
-2.008927,-1.412878,1.37904,10,8.745668,-10,292.3872,500,-10,500,-10,14.0941,-11.7106,101.44,-40.85344,38.45503,-41.31341,42.50978,1
-4.406692,0.7750351,0.2693455,10,5.27888,-10,291.6361,500,-10,500,-10,14.26812,-11.6101,101.5358,-40.92552,38.4426,-41.32069,42.60158,1
-5.66072,3.82125,0.819797,10,1.973117,-10,290.8837,500,-10,500,-10,14.43462,-11.51589,101.6157,-40.98819,38.42731,-41.32426,42.68311,1
-6.605243,6.74868,1.387115,10,-1.229552,-10,290.1293,500,-10,500,-10,14.58832,-11.41968,101.6766,-41.04022,38.40835,-41.32273,42.75256,1
-6.387149,9.331318,2.776932,10,-4.440868,-10,289.3733,500,-10,500,-10,14.72375,-11.31407,101.715,-41.08052,38.38445,-41.31418,42.80821,1
-5.409597,11.48917,3.944044,10,-7.761852,-10,288.6158,500,-10,500,-10,14.82793,-11.19243,101.7193,-41.10483,38.3519,-41.29343,42.84432,1
-4.085906,13.24385,4.603845,10,-10,-10,287.8577,500,-10,500,-10,14.87593,-11.05425,101.6664,-41.09113,38.31636,-41.26333,42.83606,1
-2.820516,14.3521,4.778384,10,-10,-10,287.0993,500,-10,500,-10,14.76417,-10.91409,101.4544,-40.97644,38.26809,-41.2024,42.70871,1
-1.282021,15.12405,4.790833,10,-10,-10,286.3409,500,-10,500,-10,15.0142,-10.77512,101.604,-41.03086,38.30929,-41.27193,42.79146,1
0.9058393,16.05783,5.306467,10,-10,-10,285.5825,500,-10,500,-10,15.05715,-10.63496,101.5448,-40.98743,38.29875,-41.26625,42.7529,1
2.501544,16.22741,5.28588,10,-10,-10,284.8235,500,-10,500,-10,15.10678,-10.49562,101.4899,-40.94583,38.28923,-41.26237,42.71692,1
4.105224,16.30146,6.216177,10,-10,-10,284.0626,500,-10,500,-10,15.15957,-10.35752,101.4346,-40.90385,38.27947,-41.25858,42.68092,1
4.95681,15.71973,7.400513,8.488125,-10,-10,283.3004,500,-10,500,-10,15.2064,-10.2211,101.3778,-40.88712,38.29527,-41.22822,42.61803,1
5.11938,15.23096,9.535977,4.654057,-10,-10,282.5373,500,-10,500,-10,15.22391,-10.0862,101.3212,-40.91175,38.35231,-41.15672,42.51412,1
3.953939,14.41713,11.41733,0.4645135,-10,-10,281.7734,500,-10,500,-10,15.20866,-9.951677,101.2691,-40.94659,38.41862,-41.07868,42.40461,1
1.887341,13.39873,11.99902,-3.934984,-10,-10,281.0091,500,-10,500,-10,15.15935,-9.816212,101.2248,-40.99099,38.49289,-40.99759,42.29365,1
0.2909068,13.1305,12.22045,-8.320013,-10,-10,280.2444,500,-10,500,-10,15.07524,-9.678753,101.1917,-41.04282,38.57238,-40.91827,42.18668,1
-0.8329232,13.23247,11.46777,-10,-10,-10,279.4789,500,-10,500,-10,14.97151,-9.539081,101.1728,-41.05715,38.61141,-40.88836,42.13205,1
-0.6885854,14.22264,10.36239,-10,-10,-10,278.7116,500,-10,500,-10,14.8709,-9.398262,101.1689,-41.05048,38.62626,-40.8918,42.11399,1
0.8209923,15.66765,8.618633,-10,-10,-10,277.9433,500,-10,500,-10,14.76998,-9.257767,101.1793,-41.05135,38.64539,-40.8995,42.10342,1
2.858356,16.16788,5.610314,-10,-10,-10,277.1748,500,-10,500,-10,14.66465,-9.119049,101.2044,-41.06036,38.66911,-40.91128,42.10049,1
5.251116,15.18128,1.783092,-10,-9.901601,-10,276.4063,500,-10,500,-10,14.55062,-8.98397,101.2456,-41.07753,38.69904,-40.92829,42.10474,1
8.159172,12.51077,-0.56432,-10,-6.75055,-10,275.6373,500,-10,500,-10,14.43323,-8.861491,101.2845,-41.06016,38.76193,-40.97788,42.07407,1
10.33654,8.50014,-1.49373,-10,-2.407708,-10,274.8671,500,-10,500,-10,14.32931,-8.755438,101.2921,-41.01328,38.82689,-41.03106,42.01542,1
11.33743,3.953849,-0.3396358,-10,1.826481,-10,274.0951,500,-10,500,-10,14.25047,-8.657805,101.2595,-40.94559,38.87652,-41.07176,41.93879,1
10.98131,0.1927597,1.922112,-10,6.064144,-10,273.3211,500,-10,500,-10,14.21156,-8.563038,101.1742,-40.84788,38.9079,-41.09873,41.83666,1
9.323884,-2.072135,4.437448,-10,9.847492,-10,272.5459,500,-10,500,-10,14.23148,-8.470083,101.0197,-40.71564,38.90984,-41.10293,41.70669,1
6.554808,-3.782299,5.195864,-10,10,-10,271.7701,500,-10,500,-10,14.29452,-8.381328,100.823,-40.60071,38.85473,-41.05495,41.5989,1
4.452437,-4.325373,5.588935,-10,10,-10,270.9944,500,-10,500,-10,14.40421,-8.300914,100.5834,-40.47964,38.76477,-40.97743,41.49026,1
2.991617,-4.409249,5.511374,-10,10,-10,270.2186,500,-10,500,-10,14.57804,-8.235576,100.2823,-40.34025,38.63501,-40.86737,41.37057,1
1.963823,-4.390892,5.374082,-10,10,-10,269.4426,500,-10,500,-10,14.82685,-8.195392,99.90825,-40.18586,38.48654,-40.71183,41.20911,1
1.64286,-3.990432,6.11209,-10,10,-10,268.6653,500,-10,500,-10,15.12613,-8.191866,99.48498,-40.03036,38.33156,-40.5166,41.01336,1
1.252825,-3.882049,7.170591,-7.418236,10,-10,267.8858,500,-10,500,-10,15.41853,-8.230002,99.08484,-39.83376,38.12934,-40.38165,40.88403,1
1.477082,-3.703642,8.471391,-2.680775,10,-10,267.1052,500,-10,500,-10,15.66937,-8.304523,98.77157,-39.61462,37.89922,-40.34123,40.85459,1
3.218312,-3.006434,10.37043,2.319778,10,-10,266.3239,500,-10,500,-10,15.87359,-8.405176,98.5544,-39.43704,37.70347,-40.33886,40.87039,1
5.522791,-2.529922,10.80172,7.382341,10,-10,265.542,500,-10,500,-10,16.05378,-8.523178,98.41285,-39.30345,37.527,-40.35516,40.92957,1
7.883738,-1.830858,10.35609,10,10,-10,264.7595,500,-10,500,-10,16.21695,-8.652897,98.32697,-39.2332,37.41851,-40.35426,40.96691,1
8.82177,-1.655093,9.535615,10,10,-10,263.9761,500,-10,500,-10,16.34891,-8.789603,98.28033,-39.22181,37.37629,-40.327,40.97048,1
8.146296,-2.483659,8.995234,10,10,-10,263.1902,500,-10,500,-10,16.46098,-8.929565,98.2599,-39.21973,37.34874,-40.31215,40.98109,1
5.619838,-3.966339,7.560206,10,10,-10,262.4026,500,-10,500,-10,16.56219,-9.070532,98.25826,-39.22398,37.33167,-40.30655,40.99682,1
2.622946,-4.012228,4.591966,10,9.683067,-10,261.6148,500,-10,500,-10,16.65879,-9.210007,98.27027,-39.23603,37.31862,-40.30444,41.01981,1
-0.8365896,-2.096396,0.1012273,10,5.382296,-10,260.827,500,-10,500,-10,16.75869,-9.330948,98.26952,-39.28754,37.25516,-40.2523,41.08265,1
-2.608383,2.931655,-2.499411,10,0.1279481,-10,260.0384,500,-10,500,-10,16.86095,-9.426241,98.23423,-39.33745,37.16443,-40.17316,41.14414,1
-3.295735,9.044851,-1.995846,10,-4.957814,-10,259.2482,500,-10,500,-10,16.95925,-9.50514,98.16189,-39.37346,37.05733,-40.07721,41.19129,1
-2.228413,13.5969,0.5787738,10,-9.496441,-10,258.4561,500,-10,500,-10,17.0484,-9.576496,98.05133,-39.39198,36.9371,-39.96708,41.21991,1
1.619631,16.23612,4.630754,10,-10,-10,257.6624,500,-10,500,-10,17.12841,-9.653619,97.93165,-39.36326,36.85759,-39.89663,41.20026,1
5.306135,16.11418,6.059566,10,-10,-10,256.8682,500,-10,500,-10,17.20023,-9.7397,97.81647,-39.33111,36.78617,-39.83335,41.17625,1
7.280761,15.29279,5.411798,10,-10,-10,256.0739,500,-10,500,-10,17.26352,-9.83335,97.70483,-39.30067,36.71694,-39.77129,41.15298,1
7.664486,15.05604,5.288078,10,-10,-10,255.2795,500,-10,500,-10,17.31781,-9.933259,97.59526,-39.26926,36.65142,-39.71192,41.12772,1
7.142147,15.52586,6.391892,8.19225,-10,-10,254.4847,500,-10,500,-10,17.35168,-10.03812,97.48576,-39.26046,36.62717,-39.62997,41.06122,1
5.482427,15.74049,7.168701,2.9014,-10,-10,253.689,500,-10,500,-10,17.32564,-10.14493,97.37091,-39.31228,36.66326,-39.48299,40.92997,1
3.785785,15.8893,6.921131,-2.582528,-10,-10,252.8913,500,-10,500,-10,17.22392,-10.24752,97.23901,-39.3643,36.70016,-39.32168,40.78378,1
2.583845,15.93691,6.986695,-8.070546,-10,-10,252.0924,500,-10,500,-10,17.03387,-10.33738,97.07502,-39.40716,36.72979,-39.14294,40.61828,1
1.783999,16.28483,6.925678,-10,-10,-10,251.2928,500,-10,500,-10,16.76615,-10.40226,96.86592,-39.36501,36.67809,-39.01183,40.49672,1
0.3831507,15.90939,6.267971,-10,-10,-10,250.492,500,-10,500,-10,16.45788,-10.43029,96.61645,-39.25931,36.56825,-38.91082,40.39984,1
0.1860002,16.08156,6.473075,-10,-10,-10,249.6902,500,-10,500,-10,16.13884,-10.41461,96.35695,-39.14529,36.45654,-38.80983,40.29654,1
0.6557742,16.19867,6.22162,-10,-10,-10,248.8874,500,-10,500,-10,15.84884,-10.35665,96.12805,-39.04258,36.36237,-38.72287,40.20104,1
2.988091,16.64514,5.69266,-10,-9.265062,-10,248.0814,500,-10,500,-10,15.60964,-10.26939,95.95228,-38.96068,36.30988,-38.65913,40.1079,1
5.926656,15.35489,3.003861,-10,-3.519974,-10,247.2739,500,-10,500,-10,15.40897,-10.20443,95.81548,-38.84591,36.33404,-38.66056,39.97038,1
8.436804,12.2544,-0.8946982,-10,2.282919,-10,246.4664,500,-10,500,-10,15.21378,-10.17819,95.67889,-38.73311,36.35578,-38.66018,39.83546,1
8.268176,6.275407,-3.303295,-10,7.663564,-10,245.6581,500,-10,500,-10,15.00232,-10.1795,95.5159,-38.61707,36.36071,-38.64116,39.69547,1
6.559595,-0.1904362,-2.179453,-10,10,-10,244.8483,500,-10,500,-10,14.77059,-10.18076,95.32411,-38.51837,36.32677,-38.58094,39.5705,1
4.655695,-3.762642,2.919969,-10,10,-10,244.0367,500,-10,500,-10,14.54229,-10.15107,95.13612,-38.43022,36.28501,-38.51332,39.45649,1
1.377939,-3.897386,7.73908,-10,10,-10,243.2237,500,-10,500,-10,14.33179,-10.09151,94.96745,-38.34822,36.25111,-38.45556,39.35064,1
-1.213284,-1.589574,10.23567,-9.985014,10,-10,242.4101,500,-10,500,-10,14.14628,-10.00725,94.82587,-38.27694,36.2256,-38.40954,39.25884,1
-2.846732,-0.894119,9.89868,-6.324438,10,-10,241.5962,500,-10,500,-10,14.0088,-9.904402,94.71218,-38.15446,36.14483,-38.43781,39.2454,1
-2.035024,-1.808816,9.367273,-0.4609393,10,-10,240.7822,500,-10,500,-10,13.94868,-9.790825,94.61913,-38.00048,36.02892,-38.51469,39.28422,1
0.4210595,-3.572458,8.148686,5.428257,10,-10,239.9679,500,-10,500,-10,13.96087,-9.673828,94.53556,-37.84695,35.91133,-38.59898,39.33256,1
3.159935,-4.275622,5.854364,10,10,-10,239.1532,500,-10,500,-10,14.03389,-9.559191,94.45135,-37.71351,35.8111,-38.66265,39.36302,1
2.185933,-3.889776,1.990678,10,10,-10,238.3372,500,-10,500,-10,14.12448,-9.451468,94.35981,-37.66143,35.77706,-38.63889,39.32121,1
-0.6142218,-2.487295,1.75234,10,10,-10,237.5198,500,-10,500,-10,14.22471,-9.352664,94.25919,-37.60678,35.73698,-38.61015,39.27792,1
-3.402897,-1.450532,3.793274,10,10,-10,236.7008,500,-10,500,-10,14.33556,-9.264716,94.14848,-37.54816,35.69131,-38.57704,39.23185,1
-4.193029,-0.9486781,6.719407,10,10,-10,235.8805,500,-10,500,-10,14.45759,-9.189836,94.02705,-37.48542,35.6396,-38.53917,39.18295,1
-3.998036,-0.9560355,8.052189,10,6.214636,-10,235.0594,500,-10,500,-10,14.58481,-9.121534,93.9173,-37.47033,35.54934,-38.46332,39.18227,1
-4.889406,-0.9205249,7.308766,10,-0.4351056,-10,234.2382,500,-10,500,-10,14.70374,-9.037578,93.85708,-37.50733,35.44896,-38.37642,39.23275,1
-6.11767,0.62742,5.550537,10,-6.662876,-10,233.415,500,-10,500,-10,14.80962,-8.925536,93.84192,-37.55692,35.37481,-38.31427,39.29433,1
-6.438646,3.606644,2.056511,10,-10,-10,232.5893,500,-10,500,-10,14.90495,-8.78799,93.85162,-37.58298,35.34599,-38.29625,39.3312,1
-4.630253,7.695403,-1.461215,10,-10,-10,231.7636,500,-10,500,-10,15.0068,-8.647126,93.84943,-37.56593,35.34968,-38.31149,39.32568,1
-0.396077,12.98253,-0.9825587,10,-10,-10,230.9367,500,-10,500,-10,15.12493,-8.507227,93.8252,-37.53889,35.34325,-38.31844,39.31203,1
2.376956,15.88123,2.622889,10,-10,-10,230.1081,500,-10,500,-10,15.27357,-8.370493,93.76624,-37.49815,35.32265,-38.31033,39.28378,1
3.168406,15.75307,7.960668,8.379601,-10,-10,229.2782,500,-10,500,-10,15.4718,-8.240982,93.64552,-37.4655,35.30909,-38.24296,39.19733,1
3.195421,13.43898,12.33941,2.884263,-10,-10,228.4474,500,-10,500,-10,15.73819,-8.126118,93.408,-37.45881,35.31932,-38.05284,38.99029,1
3.917441,12.03778,13.91442,-3.228861,-10,-10,227.6155,500,-10,500,-10,16.17166,-8.040596,92.94421,-37.37733,35.25044,-37.75003,38.67488,1
4.258603,12.76838,12.79552,-8.938831,-10,-10,226.7831,500,-10,500,-10,16.8668,-8.019008,92.16071,-37.132,34.98151,-37.34617,38.29462,1
3.786559,15.18554,9.433307,-10,-10,-10,225.9505,500,-10,500,-10,17.43587,-8.090463,91.48129,-36.91595,34.60622,-36.99924,38.10693,1
3.066601,16.04912,3.799977,-10,-10,-10,225.1179,500,-10,500,-10,17.62365,-8.209293,91.18365,-36.80907,34.44519,-36.8595,38.02134,1
5.129993,13.47448,-1.211233,-10,-10,-10,224.2846,500,-10,500,-10,17.66759,-8.337895,91.0284,-36.75174,34.36892,-36.7882,37.96898,1
9.234138,8.541979,-2.431543,-10,-9.318491,-10,223.4496,500,-10,500,-10,17.65852,-8.466871,90.92414,-36.71088,34.32441,-36.74266,37.92709,1
12.2139,4.175107,1.206115,-10,-3.718089,-10,222.6124,500,-10,500,-10,17.57833,-8.579504,90.90022,-36.65076,34.37381,-36.78297,37.85788,1
12.05854,0.9649369,5.803405,-10,2.790273,-10,221.7741,500,-10,500,-10,17.43893,-8.67382,90.95476,-36.61491,34.47063,-36.864,37.80624,1
10.55876,-0.6655768,8.315245,-10,8.913989,-10,220.9354,500,-10,500,-10,17.26272,-8.765289,91.06964,-36.61029,34.59042,-36.96383,37.78165,1
9.839489,-1.181452,9.013156,-10,10,-10,220.097,500,-10,500,-10,17.09372,-8.870922,91.18555,-36.66344,34.65247,-37.00672,37.81565,1
10.17301,-1.267464,7.909925,-10,10,-10,219.2589,500,-10,500,-10,16.94992,-8.990273,91.27231,-36.71632,34.68776,-37.02572,37.85223,1
9.917832,-1.768899,5.262627,-10,10,-10,218.4175,500,-10,500,-10,16.82495,-9.118867,91.33516,-36.75816,34.71216,-37.03596,37.87992,1
7.695224,-2.926222,2.959507,-10,10,-10,217.5746,500,-10,500,-10,16.71296,-9.253521,91.37853,-36.78793,34.73102,-37.04212,37.89699,1
4.157691,-4.313121,3.092647,-9.002136,10,-10,216.7309,500,-10,500,-10,16.61398,-9.391943,91.40552,-36.7949,34.72366,-37.05751,37.92672,1
3.221996,-4.436125,6.529236,-2.74473,10,-10,215.8859,500,-10,500,-10,16.57052,-9.53223,91.41999,-36.70556,34.61689,-37.15885,38.04548,1
5.077388,-3.054231,9.691573,3.847154,10,-10,215.0402,500,-10,500,-10,16.59412,-9.672881,91.4308,-36.60564,34.4987,-37.26773,38.17263,1
8.10746,-0.8889008,11.48238,9.547199,10,-10,214.1936,500,-10,500,-10,16.66549,-9.802764,91.44754,-36.51913,34.39693,-37.3681,38.28826,1
8.314466,-0.4853114,11.47067,10,10,-10,213.3444,500,-10,500,-10,16.77814,-9.941005,91.47778,-36.52417,34.38876,-37.38811,38.32148,1
6.393869,-2.232358,10.72819,10,10,-10,212.4941,500,-10,500,-10,16.90541,-10.07511,91.52889,-36.54187,34.39899,-37.41277,38.3536,1
3.775386,-4.054235,6.498267,10,10,-10,211.6437,500,-10,500,-10,17.05559,-10.20228,91.60752,-36.56568,34.42332,-37.45411,38.39443,1
1.021713,-2.569983,-0.315666,10,8.394943,-10,210.7932,500,-10,500,-10,17.23009,-10.31747,91.71049,-36.61219,34.44236,-37.49293,38.46071,1
-1.22387,4.291823,-3.314245,10,1.061812,-10,209.9417,500,-10,500,-10,17.3648,-10.41895,91.75471,-36.70729,34.36863,-37.43446,38.57108,1
-2.227761,11.52025,-1.101308,10,-6.183767,-10,209.0882,500,-10,500,-10,17.40864,-10.52352,91.68946,-36.77506,34.24182,-37.31262,38.64382,1
0.1767057,15.70658,3.541127,10,-10,-10,208.2329,500,-10,500,-10,17.3332,-10.63382,91.49535,-36.77371,34.09089,-37.15314,38.63391,1
4.242843,15.94199,5.393994,10,-10,-10,207.3772,500,-10,500,-10,17.14861,-10.7354,91.19409,-36.68595,33.94995,-36.99128,38.52524,1
6.411866,13.63078,3.264374,10,-10,-10,206.5214,500,-10,500,-10,16.75476,-10.81195,90.68607,-36.49813,33.75085,-36.75815,38.30339,1
6.098297,9.957315,0.2319697,10,-10,-10,205.6655,500,-10,500,-10,16.07425,-10.82683,89.89336,-36.14993,33.40046,-36.44952,37.99695,1
4.096965,10.18414,0.6377557,7.307395,-10,-10,204.8084,500,-10,500,-10,15.51837,-10.75148,89.24299,-35.93542,33.19704,-36.12515,37.66148,1
2.686935,10.41937,-0.02215199,0.5331528,-10,-10,203.9487,500,-10,500,-10,15.27661,-10.63028,88.96915,-35.93201,33.23157,-35.90166,37.40006,1
3.145837,10.43567,-0.6461585,-6.425021,-10,-10,203.0876,500,-10,500,-10,15.1217,-10.49658,88.85234,-35.98715,33.33406,-35.74973,37.20078,1
3.433029,10.08459,-0.5525239,-10,-10,-10,202.2253,500,-10,500,-10,14.98472,-10.35775,88.80499,-36.02032,33.39888,-35.67732,37.09673,1
2.794134,10.54606,0.5332685,-10,-10,-10,201.362,500,-10,500,-10,14.87731,-10.217,88.79594,-36.01139,33.41248,-35.67875,37.07562,1
1.477854,10.24962,0.6964904,-10,-10,-10,200.4982,500,-10,500,-10,14.78554,-10.07642,88.80832,-36.01309,33.43144,-35.68732,37.06692,1
0.9945174,9.939025,0.2878188,-10,-10,-10,199.6315,500,-10,500,-10,14.70064,-9.937209,88.83484,-36.02206,33.45406,-35.70031,37.06628,1
3.73962,10.53342,0.2768077,-10,-6.544943,-10,198.7619,500,-10,500,-10,14.60942,-9.810461,88.85268,-35.98872,33.51253,-35.74844,37.02259,1
6.986855,8.533652,-3.437747,-10,1.368771,-10,197.8923,500,-10,500,-10,14.49561,-9.716985,88.81176,-35.87733,33.60291,-35.82592,36.8983,1
7.898975,3.193919,-7.763684,-10,8.240441,-10,197.0223,500,-10,500,-10,14.36947,-9.642647,88.71341,-35.74876,33.66428,-35.873,36.75544,1
5.91935,-4.662683,-7.896007,-10,10,-10,196.1511,500,-10,500,-10,14.24562,-9.564512,88.5937,-35.66566,33.66222,-35.85691,36.6583,1
4.010476,-9.767249,-1.96342,-10,10,-10,195.278,500,-10,500,-10,14.13279,-9.47277,88.48589,-35.60715,33.64419,-35.8261,36.58701,1
1.568114,-8.79626,4.988442,-10,10,-10,194.4036,500,-10,500,-10,14.03039,-9.369804,88.38953,-35.55351,33.62959,-35.79988,36.52177,1
-1.40688,-5.976676,7.165761,-7.506644,10,-10,193.5286,500,-10,500,-10,13.95195,-9.257816,88.30352,-35.46117,33.57468,-35.82097,36.50541,1
-2.847482,-6.081523,5.981775,-0.06442624,10,-10,192.6534,500,-10,500,-10,13.94801,-9.140686,88.22334,-35.28333,33.43317,-35.93237,36.58048,1
-0.7141804,-8.715103,4.076251,7.446869,10,-10,191.7779,500,-10,500,-10,14.03041,-9.024974,88.13847,-35.10133,33.2798,-36.04404,36.66353,1
3.184189,-10.26792,0.2125744,10,10,-10,190.9017,500,-10,500,-10,14.1722,-8.918105,88.03738,-35.00009,33.1943,-36.06152,36.66527,1
2.401059,-8.500818,-5.175066,10,10,-10,190.0239,500,-10,500,-10,14.33525,-8.825876,87.91372,-34.93282,33.14063,-36.02633,36.61649,1
-3.0924,-5.267027,-6.045789,10,10,-10,189.1443,500,-10,500,-10,14.52144,-8.752871,87.76575,-34.85559,33.07415,-35.98095,36.56035,1
-6.783571,-2.307371,-1.072451,10,9.823014,-10,188.2631,500,-10,500,-10,14.72924,-8.703734,87.59602,-34.77188,32.99368,-35.92403,36.50018,1
-6.355619,-0.7963991,4.339733,10,4.154434,-10,187.3811,500,-10,500,-10,14.92757,-8.659061,87.4487,-34.76165,32.86238,-35.81219,36.50941,1
-5.055436,-0.8319595,6.827833,10,-4.297099,-10,186.4998,500,-10,500,-10,15.08766,-8.57491,87.36341,-34.81371,32.73652,-35.68946,36.56461,1
-5.452988,-0.4877741,6.102426,10,-10,-10,185.6175,500,-10,500,-10,15.22954,-8.444597,87.3095,-34.84306,32.65666,-35.61543,36.59979,1
-6.892405,0.8945497,1.578947,10,-10,-10,184.7309,500,-10,500,-10,15.40957,-8.312504,87.21603,-34.79346,32.62651,-35.58759,36.5525,1
-4.85618,4.251497,-3.443255,10,-10,-10,183.8444,500,-10,500,-10,15.67521,-8.19273,87.03493,-34.71239,32.56309,-35.5186,36.46586,1
-0.2294716,7.742087,-5.210917,10,-10,-10,182.957,500,-10,500,-10,16.10847,-8.100584,86.68554,-34.56726,32.43154,-35.37423,36.30791,1
2.677603,9.974192,-0.6185453,8.290268,-10,-10,182.0681,500,-10,500,-10,16.7681,-8.069516,86.10105,-34.32467,32.19252,-35.13252,36.06263,1
1.395966,8.668356,5.559219,1.001095,-10,-10,181.1783,500,-10,500,-10,17.34541,-8.128459,85.53859,-34.23121,32.00265,-34.75993,35.78645,1
-0.7208563,5.292617,8.116474,-6.684305,-10,-10,180.2868,500,-10,500,-10,17.57617,-8.241011,85.24786,-34.27406,31.9544,-34.47619,35.59381,1
0.4336334,4.889964,9.172479,-10,-10,-10,179.3939,500,-10,500,-10,17.62387,-8.36681,85.08923,-34.29093,31.91355,-34.32788,35.50321,1
2.463615,8.094308,6.942123,-10,-10,-10,178.5007,500,-10,500,-10,17.6063,-8.486002,84.97298,-34.25739,31.85275,-34.26509,35.46769,1
2.932222,9.8762,-0.8957729,-10,-10,-10,177.6074,500,-10,500,-10,17.58626,-8.612424,84.87146,-34.22578,31.80252,-34.21258,35.4338,1
5.013194,5.610773,-7.787515,-10,-8.762037,-10,176.7134,500,-10,500,-10,17.53019,-8.726509,84.78656,-34.18825,31.77606,-34.17977,35.38992,1
8.699443,-2.250919,-7.504867,-10,-0.6004378,-10,175.8174,500,-10,500,-10,17.43449,-8.83093,84.78111,-34.10721,31.86343,-34.25629,35.29804,1
8.222187,-8.420269,-2.390021,-10,7.749932,-10,174.9197,500,-10,500,-10,17.2912,-8.924435,84.86248,-34.06191,31.99239,-34.36902,35.2365,1
4.424021,-10.06481,0.5663627,-10,10,-10,174.0215,500,-10,500,-10,17.14104,-9.026912,84.9714,-34.09775,32.0638,-34.42342,35.25533,1
2.719106,-10.22372,0.6088192,-10,10,-10,173.1235,500,-10,500,-10,17.00937,-9.14234,85.05824,-34.14865,32.09978,-34.44448,35.29131,1
3.300614,-10.52471,0.4916426,-10,10,-10,172.2254,500,-10,500,-10,16.89221,-9.267155,85.12596,-34.1854,32.13242,-34.46384,35.31477,1
5.053168,-10.27475,-0.05609526,-9.71804,10,-10,171.3243,500,-10,500,-10,16.78693,-9.39864,85.17724,-34.21122,32.15143,-34.48051,35.33826,1
5.086067,-10.17931,-1.928043,-3.925638,10,-10,170.4209,500,-10,500,-10,16.72821,-9.534511,85.21499,-34.13691,32.06648,-34.5861,35.45448,1
3.360055,-10.08635,-1.630932,4.190334,10,-10,169.5165,500,-10,500,-10,16.75455,-9.671753,85.24796,-34.01689,31.93454,-34.73343,35.61375,1
3.211072,-10.28551,0.1634057,10,10,-10,168.611,500,-10,500,-10,16.85609,-9.80723,85.2887,-33.9339,31.842,-34.85017,35.74004,1
5.867271,-9.981483,1.105067,10,10,-10,167.705,500,-10,500,-10,16.98033,-9.937587,85.34744,-33.95318,31.85732,-34.87957,35.7734,1
8.028906,-8.99636,0.9996962,10,10,-10,166.7966,500,-10,500,-10,17.12326,-10.05997,85.42934,-33.97728,31.88489,-34.92335,35.81369,1
6.743594,-9.717035,1.370688,10,10,-10,165.885,500,-10,500,-10,17.29225,-10.1706,85.54044,-34.00719,31.92788,-34.98548,35.86275,1
2.506408,-9.883881,-0.4784783,10,4.150072,-10,164.9732,500,-10,500,-10,17.45775,-10.26845,85.63523,-34.09763,31.89722,-34.97358,35.97195,1
-0.6914207,-6.334339,-7.107522,10,-4.605405,-10,164.0613,500,-10,500,-10,17.55239,-10.37241,85.62901,-34.19662,31.78235,-34.86944,36.08167,1
0.8552129,2.786326,-8.689761,10,-10,-10,163.1482,500,-10,500,-10,17.56294,-10.49373,85.52135,-34.23511,31.65346,-34.74174,36.12135,1
2.421253,9.617846,-2.478823,10,-10,-10,162.2333,500,-10,500,-10,17.5282,-10.61721,85.37006,-34.20331,31.56384,-34.64819,36.08561,1
5.481324,8.733138,4.931803,10,-10,-10,161.317,500,-10,500,-10,17.41999,-10.73713,85.14865,-34.15469,31.44127,-34.51336,36.02473,1
9.285748,5.479039,6.585821,8.534907,-10,-10,160.4005,500,-10,500,-10,17.10913,-10.84489,84.73463,-34.04507,31.29294,-34.27991,35.83001,1
9.705285,6.020239,4.400335,-0.1140817,-10,-10,159.4838,500,-10,500,-10,16.12778,-10.90255,83.72444,-33.78508,31.02445,-33.70287,35.26147,1
6.113345,9.528408,2.907218,-8.229765,-10,-10,158.5663,500,-10,500,-10,15.06616,-10.8204,82.72176,-33.52576,30.78345,-33.13138,34.67166,1
2.221186,9.675491,-2.376995,-10,-10,-10,157.6471,500,-10,500,-10,14.89066,-10.68044,82.64526,-33.51612,30.80986,-33.07764,34.58186,1
5.696293,6.668021,-6.859325,-10,-10,-10,156.7259,500,-10,500,-10,14.80864,-10.53973,82.66466,-33.52112,30.83022,-33.08871,34.57756,1
11.84313,3.201112,-3.55839,-10,-10,-10,155.8032,500,-10,500,-10,14.74171,-10.39996,82.70236,-33.53514,30.85502,-33.10593,34.58401,1
12.62225,1.262165,3.144762,-10,-8.405731,-10,154.8796,500,-10,500,-10,14.67069,-10.26582,82.7378,-33.52925,30.89833,-33.14118,34.57007,1
10.54873,1.345809,7.042847,-10,1.192455,-10,153.9567,500,-10,500,-10,14.53237,-10.17091,82.68398,-33.39462,31.00404,-33.23122,34.41975,1
11.00982,2.049355,6.650379,-10,9.598701,-10,153.032,500,-10,500,-10,14.33635,-10.10253,82.53934,-33.22787,31.07315,-33.27812,34.2308,1
13.14407,0.872932,2.104249,-10,10,-10,152.1037,500,-10,500,-10,14.14851,-10.01873,82.39615,-33.14981,31.05386,-33.23754,34.13145,1
11.60444,-2.784709,-4.392468,-10,10,-10,151.1755,500,-10,500,-10,13.98652,-9.915863,82.28169,-33.08885,31.03833,-33.20366,34.05214,1
5.805064,-7.70856,-5.860418,-10,10,-10,150.2463,500,-10,500,-10,13.84667,-9.79924,82.19313,-33.03979,31.02986,-33.17934,33.98724,1
3.115138,-10.44348,-0.2740338,-7.004824,10,-10,149.3158,500,-10,500,-10,13.7416,-9.673061,82.1263,-32.94901,30.9752,-33.21474,33.98651,1
6.467791,-7.546909,6.151056,1.423283,10,-10,148.3842,500,-10,500,-10,13.72305,-9.541892,82.07314,-32.76801,30.82735,-33.3517,34.09032,1
7.431593,-4.261891,8.299384,9.063576,10,-10,147.4506,500,-10,500,-10,13.793,-9.41099,82.02043,-32.59573,30.68792,-33.4803,34.18607,1
5.325124,-5.072568,9.099142,10,10,-10,146.5161,500,-10,500,-10,13.89634,-9.284899,81.95726,-32.53045,30.65727,-33.49324,34.16438,1
3.020734,-9.688763,3.392003,10,10,-10,145.5815,500,-10,500,-10,14.00986,-9.166176,81.88007,-32.47662,30.63428,-33.48311,34.1234,1
2.82888,-8.124253,-5.299854,10,9.659133,-10,144.6466,500,-10,500,-10,14.13604,-9.057164,81.78867,-32.42741,30.59346,-33.45659,34.0885,1
-0.4310118,0.3347882,-8.994425,10,2.331035,-10,143.71,500,-10,500,-10,14.25619,-8.957251,81.734,-32.47311,30.48886,-33.3656,34.1478,1
-1.702785,7.740243,-3.993924,10,-7.288175,-10,142.7715,500,-10,500,-10,14.33667,-8.850319,81.77361,-32.58538,30.40027,-33.28613,34.2692,1
2.912033,9.999999,0.09780546,10,-10,-10,141.8323,500,-10,500,-10,14.38448,-8.731646,81.86604,-32.64276,30.41407,-33.30535,34.332,1
5.242176,10.05792,-0.1591288,10,-10,-10,140.8934,500,-10,500,-10,14.42235,-8.609635,81.9603,-32.67765,30.45299,-33.34856,34.37118,1
3.70331,10.3593,0.5644224,10,-10,-10,139.954,500,-10,500,-10,14.44757,-8.485228,82.06049,-32.72144,30.48935,-33.38778,34.41782,1
0.7563343,9.965728,0.07071458,8.581396,-10,-10,139.0111,500,-10,500,-10,14.44722,-8.359445,82.17368,-32.79818,30.55474,-33.40484,34.44624,1
0.7569746,9.463301,-2.651293,0.0001490116,-10,-10,138.0664,500,-10,500,-10,14.33857,-8.235097,82.32069,-33.02191,30.75726,-33.30291,34.36552,1
3.794056,9.609569,-3.327717,-8.350445,-10,-10,137.1205,500,-10,500,-10,14.03877,-8.122495,82.57081,-33.30973,30.99494,-33.22234,34.33509,1
4.66557,10.4502,-0.2256202,-10,-10,-10,136.1737,500,-10,500,-10,13.45881,-8.04805,83.06502,-33.58808,31.24796,-33.35349,34.49157,1
1.609909,9.981329,-0.05118567,-10,-10,-10,135.2264,500,-10,500,-10,12.65607,-8.060062,83.78056,-33.96091,31.61902,-33.57354,34.71339,1
0.0749003,9.735411,0.05051528,-10,-10,-10,134.2752,500,-10,500,-10,12.14313,-8.163411,84.20354,-34.21646,31.85934,-33.66848,34.82355,1
2.479519,10.41293,0.553147,-10,-5.695374,-10,133.3227,500,-10,500,-10,11.8851,-8.276159,84.37105,-34.26825,31.99146,-33.75548,34.83023,1
6.465717,8.548637,-3.899875,-10,4.340302,-10,132.3701,500,-10,500,-10,11.59898,-8.33211,84.577,-34.26091,32.20187,-33.93346,34.79047,1
5.315288,0.2763835,-9.602227,-10,10,-10,131.4169,500,-10,500,-10,11.25686,-8.374735,84.85096,-34.33321,32.39534,-34.08817,34.824,1
3.588829,-8.37587,-5.067394,-10,10,-10,130.4621,500,-10,500,-10,10.96243,-8.45452,85.07703,-34.44613,32.50311,-34.16257,34.90356,1
2.958077,-8.714561,5.089801,-10,10,-10,129.5056,500,-10,500,-10,10.73742,-8.563017,85.23076,-34.51218,32.58992,-34.22389,34.94411,1
-0.8468991,-4.392549,8.503162,-6.423655,10,-10,128.5486,500,-10,500,-10,10.58639,-8.687887,85.32809,-34.4963,32.58183,-34.32043,35.03286,1
-3.252736,-4.86047,6.462492,3.229276,10,-10,127.5913,500,-10,500,-10,10.55204,-8.82,85.39312,-34.36176,32.44553,-34.50885,35.22304,1
0.3282013,-9.083211,3.358193,10,10,-10,126.6334,500,-10,500,-10,10.60956,-8.952484,85.45068,-34.26898,32.34898,-34.64931,35.36728,1
4.580688,-9.056231,-3.413284,10,10,-10,125.6737,500,-10,500,-10,10.6832,-9.081552,85.51347,-34.29171,32.36993,-34.67861,35.39835,1
-0.5610685,-3.939,-8.180088,10,10,-10,124.712,500,-10,500,-10,10.7622,-9.206001,85.58315,-34.31571,32.39471,-34.71235,35.4313,1
-6.616295,1.059776,-3.295044,10,8.832567,-10,123.7489,500,-10,500,-10,10.84874,-9.323755,85.65489,-34.35256,32.40751,-34.73495,35.47796,1
-5.140433,4.150029,4.720383,10,-0.2345613,-10,122.7854,500,-10,500,-10,10.94699,-9.42704,85.66589,-34.45981,32.29824,-34.63681,35.59634,1
-2.968572,3.661608,7.726965,10,-9.399199,-10,121.8229,500,-10,500,-10,11.04448,-9.526065,85.58906,-34.54356,32.13978,-34.4894,35.69114,1
-4.389893,2.844811,6.819007,10,-10,-10,120.8567,500,-10,500,-10,11.13307,-9.632895,85.49641,-34.5277,32.06883,-34.42849,35.68532,1
-6.114613,3.535406,0.6846282,10,-10,-10,119.8888,500,-10,500,-10,11.21361,-9.747271,85.41174,-34.50832,32.00894,-34.37772,35.67506,1
-2.345947,6.356039,-5.487835,10,-10,-10,118.9204,500,-10,500,-10,11.28711,-9.86777,85.33389,-34.49158,31.95283,-34.32995,35.66666,1
3.100728,9.958953,-2.263783,5.68826,-10,-10,117.9508,500,-10,500,-10,11.32805,-9.993073,85.26137,-34.5518,31.97467,-34.20964,35.58472,1
0.1814812,9.115008,3.32428,-3.932708,-10,-10,116.9804,500,-10,500,-10,11.27013,-10.11956,85.18584,-34.70705,32.09092,-33.9918,35.4059,1
-4.17504,5.031126,5.24877,-10,-10,-10,116.0077,500,-10,500,-10,11.10509,-10.22966,85.08822,-34.79905,32.14329,-33.81892,35.27264,1
-2.429644,4.843677,7.497386,-10,-10,-10,115.0335,500,-10,500,-10,10.9022,-10.33538,84.94965,-34.7638,32.08672,-33.73935,35.21439,1
1.636849,8.84868,4.313369,-10,-10,-10,114.0591,500,-10,500,-10,10.64857,-10.41879,84.75888,-34.70528,32.01591,-33.63981,35.12714,1
3.699666,8.113228,-5.17064,-10,-6.998071,-10,113.0844,500,-10,500,-10,10.36383,-10.47805,84.54048,-34.60149,31.971,-33.56263,34.99109,1
5.20802,-2.035104,-9.007166,-10,4.005435,-10,112.1082,500,-10,500,-10,10.16415,-10.56527,84.42639,-34.44807,32.05251,-33.62152,34.81503,1
4.757754,-9.569663,-1.745063,-10,10,-10,111.1301,500,-10,500,-10,10.0222,-10.69993,84.38102,-34.37974,32.09933,-33.65225,34.73061,1
-1.529763,-9.048539,1.585499,-10,10,-10,110.1517,500,-10,500,-10,9.785179,-10.83667,84.23991,-34.3404,32.03985,-33.57466,34.67318,1
-3.096669,-7.955159,-0.3420419,-10,10,-10,109.1731,500,-10,500,-10,8.931567,-10.95476,83.4822,-34.02923,31.71128,-33.25801,34.37391,1
0.4661663,-9.784149,0.2589601,-6.037308,10,-10,108.1933,500,-10,500,-10,2.852272,-10.97828,77.47736,-31.84305,29.52164,-30.46864,31.58801,1
5.225755,-9.939789,-1.310889,3.707695,10,-10,107.2101,500,-10,500,-10,-6.361072,-10.98615,68.25136,-28.33189,26.14313,-26.33524,27.32196,1
3.729256,-8.139663,-4.937095,10,10,-10,106.2254,500,-10,500,-10,-27.32586,-11.06134,47.19634,-20.78296,18.45835,-16.43822,17.56079,1
-2.372813,-7.664636,-3.348253,10,10,-10,105.2394,500,-10,500,-10,-27.48227,-11.19812,46.94011,-20.71618,18.36238,-16.29269,17.44445,1
-2.79497,-8.497098,1.575116,10,10,-10,104.2533,500,-10,500,-10,-27.39503,-11.33904,46.9265,-20.73189,18.35733,-16.2657,17.43822,1
-0.199847,-9.587141,2.324657,10,8.688519,-10,103.2655,500,-10,500,-10,-27.32162,-11.47536,46.8979,-20.75656,18.33239,-16.21733,17.43947,1
-0.6677694,-9.433373,1.205509,10,-1.664561,-10,102.2745,500,-10,500,-10,-27.14384,-11.56763,46.98774,-20.92288,18.25198,-16.12545,17.59431,1
-3.199157,-6.912015,-2.571551,10,-10,-10,101.2834,500,-10,500,-10,-26.87085,-11.63109,47.19553,-21.10772,18.23977,-16.11278,17.77869,1
-1.170329,-0.2201875,-8.739668,10,-10,-10,100.2918,500,-10,500,-10,-26.6285,-11.72,47.37449,-21.18725,18.31215,-16.18154,17.8546,1
3.433268,8.421884,-4.836158,10,-10,-10,99.29874,500,-10,500,-10,-26.43554,-11.83144,47.50084,-21.23616,18.37689,-16.23732,17.89454,1
1.555274,8.769485,4.886228,7.736582,-10,-10,98.30407,500,-10,500,-10,-26.29245,-11.9567,47.58556,-21.31418,18.46053,-16.22949,17.88111,1
1.572481,2.828594,9.440504,-1.954598,-10,-10,97.30841,500,-10,500,-10,-26.25493,-12.08887,47.64407,-21.51778,18.66156,-16.07438,17.72856,1
5.461646,3.680267,9.269959,-10,-10,-10,96.31229,500,-10,500,-10,-26.31718,-12.22152,47.69682,-21.69745,18.83701,-15.93842,17.59681,1
4.524388,9.268717,3.215329,-10,-10,-10,95.31577,500,-10,500,-10,-26.39902,-12.35043,47.7566,-21.74297,18.88085,-15.94243,17.60251,1
2.003615,7.331819,-6.297967,-10,-10,-10,94.31792,500,-10,500,-10,-26.48663,-12.47416,47.82519,-21.7909,18.93032,-15.95133,17.60987,1
7.253514,-1.918513,-8.10198,-10,-6.363265,-10,93.31806,500,-10,500,-10,-26.58231,-12.58808,47.88288,-21.79478,19.01584,-15.99526,17.57215,1
8.503307,-8.474779,-1.313823,-10,4.920681,-10,92.317,500,-10,500,-10,-26.6797,-12.68694,47.85234,-21.68521,19.13721,-16.07952,17.42548,1
5.248188,-10.03379,1.578654,-10,10,-10,91.31607,500,-10,500,-10,-26.76579,-12.78695,47.75638,-21.61505,19.13929,-16.07018,17.34389,1
5.828341,-9.685526,3.104534,-10,10,-10,90.31502,500,-10,500,-10,-26.843,-12.89476,47.66261,-21.60196,19.08342,-16.00556,17.32205,1
8.848922,-8.297447,2.258327,-10,10,-10,89.31026,500,-10,500,-10,-26.91239,-13.0091,47.57449,-21.59039,19.02984,-15.94412,17.30262,1
8.793794,-7.753228,-3.001229,-8.418095,10,-10,88.30412,500,-10,500,-10,-26.96646,-13.12876,47.49064,-21.55244,18.95059,-15.91259,17.31241,1
3.347637,-9.027994,-4.874808,1.382713,10,-10,87.2969,500,-10,500,-10,-26.93118,-13.2511,47.40581,-21.36925,18.72585,-16.0255,17.46685,1
2.577222,-10.10587,-0.5861822,9.896595,10,-10,86.28888,500,-10,500,-10,-26.78017,-13.36845,47.30205,-21.18784,18.51432,-16.12092,17.5924,1
7.101486,-9.460508,0.4643925,10,10,-10,85.27932,500,-10,500,-10,-26.57385,-13.47097,47.15862,-21.12252,18.4339,-16.0674,17.55398,1
9.42885,-8.107257,1.162512,10,10,-10,84.26721,500,-10,500,-10,-26.31817,-13.55011,46.96449,-21.03344,18.33316,-15.99563,17.49387,1
5.504222,-9.867477,1.620075,10,8.05211,-10,83.25435,500,-10,500,-10,-26.02458,-13.60116,46.73426,-20.94711,18.19545,-15.89119,17.44081,1
1.43224,-8.103069,-5.241944,10,-2.821255,-10,82.2413,500,-10,500,-10,-25.80563,-13.67745,46.59693,-21.00586,17.9981,-15.71865,17.52437,1
2.629953,2.43911,-8.986631,10,-10,-10,81.22707,500,-10,500,-10,-25.64009,-13.80749,46.52515,-21.05537,17.8668,-15.60966,17.59619,1
3.082627,9.834496,-0.5770979,10,-10,-10,80.21094,500,-10,500,-10,-25.37727,-13.94015,46.35591,-20.96211,17.754,-15.5627,17.56877,1
6.648846,5.839442,6.638351,10,-10,-10,79.19418,500,-10,500,-10,-24.69922,-14.04935,45.77132,-20.64071,17.41652,-15.39971,17.42186,1
10.4979,4.045135,5.075731,2.857365,-10,-10,78.17726,500,-10,500,-10,-23.02722,-14.04624,44.1498,-19.88352,16.8579,-14.81332,16.6369,1
7.723989,8.912101,3.06857,-7.574937,-10,-10,77.15931,500,-10,500,-10,-22.82172,-13.90881,43.89243,-19.9257,16.93434,-14.5579,16.34722,1
1.273447,9.309759,-3.028315,-10,-10,-10,76.13901,500,-10,500,-10,-22.89183,-13.76817,43.86125,-19.94767,16.97703,-14.51009,16.27869,1
6.071876,4.129118,-7.997471,-10,-10,-10,75.11694,500,-10,500,-10,-22.95058,-13.62837,43.81622,-19.92205,16.972,-14.4984,16.24641,1
12.60185,-0.9939986,-2.191154,-10,-9.670815,-10,74.09354,500,-10,500,-10,-23.00986,-13.49072,43.76861,-19.89183,16.96947,-14.48916,16.20948,1
10.9827,-2.523477,6.115461,-10,-1.060273,-10,73.07041,500,-10,500,-10,-23.12764,-13.38322,43.79303,-19.80376,17.09113,-14.59747,16.10806,1
9.126715,-0.9560159,8.609373,-10,9.359678,-10,72.04613,500,-10,500,-10,-23.33439,-13.3161,43.94257,-19.75516,17.28707,-14.76998,16.03603,1
12.18438,-0.07484844,4.840309,-10,10,-10,71.01904,500,-10,500,-10,-23.538,-13.2351,44.09738,-19.81766,17.37592,-14.83575,16.07545,1
11.94088,-2.535721,-3.701546,-10,10,-10,69.99161,500,-10,500,-10,-23.7115,-13.13317,44.2192,-19.8712,17.44298,-14.88315,16.10934,1
4.853101,-7.662262,-6.323786,-9.262903,10,-10,68.96319,500,-10,500,-10,-23.85543,-13.01649,44.3114,-19.90596,17.47583,-14.92479,16.15288,1
3.887933,-10.15302,0.6512835,-0.6481256,10,-10,67.93361,500,-10,500,-10,-23.91721,-12.89053,44.3809,-19.79219,17.36092,-15.09615,16.32537,1
9.293089,-6.571593,4.547878,8.760771,10,-10,66.90239,500,-10,500,-10,-23.86746,-12.76256,44.44291,-19.65442,17.22412,-15.2853,16.51355,1
9.358316,-3.859332,7.316104,10,10,-10,65.86987,500,-10,500,-10,-23.77828,-12.63875,44.51133,-19.6575,17.22544,-15.33891,16.56892,1
4.750018,-8.201152,5.773473,10,10,-10,64.83689,500,-10,500,-10,-23.68122,-12.52159,44.58987,-19.68751,17.24951,-15.37398,16.60994,1
3.035099,-8.634377,-4.948389,10,7.716018,-10,63.80354,500,-10,500,-10,-23.57581,-12.4132,44.6684,-19.74344,17.2467,-15.38311,16.67781,1
1.266384,2.258959,-9.272605,10,-4.506109,-10,62.76845,500,-10,500,-10,-23.47931,-12.31156,44.65507,-19.86058,17.10759,-15.25493,16.80588,1
2.460989,9.870041,-0.7939413,10,-10,-10,61.73185,500,-10,500,-10,-23.40332,-12.20229,44.5683,-19.8612,17.02646,-15.18241,16.81512,1
8.988649,8.409418,1.717613,10,-10,-10,60.69504,500,-10,500,-10,-23.33624,-12.08645,44.4814,-19.79997,17.00808,-15.17164,16.76149,1
8.801061,8.638798,-0.435556,9.622187,-10,-10,59.65772,500,-10,500,-10,-23.27839,-11.96563,44.39825,-19.74759,16.99788,-15.15513,16.7028,1
3.112061,10.14387,0.2069935,1.611563,-10,-10,58.61758,500,-10,500,-10,-23.28415,-11.84142,44.31558,-19.82898,17.12135,-15.00524,16.51083,1
0.3309174,8.649168,-4.096972,-8.218715,-10,-10,57.57522,500,-10,500,-10,-23.41171,-11.71978,44.21748,-19.94351,17.27463,-14.80941,16.27626,1
6.969122,6.806047,-5.992438,-10,-10,-10,56.53152,500,-10,500,-10,-23.6188,-11.61044,44.07853,-19.91995,17.26717,-14.71785,16.16858,1
10.7269,6.84324,0.3052224,-10,-10,-10,55.4872,500,-10,500,-10,-23.88412,-11.52325,43.87988,-19.84625,17.20632,-14.62693,16.06483,1
7.947062,8.562264,3.997243,-10,-9.22641,-10,54.44186,500,-10,500,-10,-24.20983,-11.46814,43.62114,-19.74475,17.13035,-14.51406,15.92641,1
6.948939,8.715466,1.968062,-10,1.099819,-10,53.39402,500,-10,500,-10,-24.4793,-11.40423,43.43155,-19.5605,17.18805,-14.54122,15.71163,1
9.683449,6.976304,-1.972052,-10,10,-10,52.34568,500,-10,500,-10,-24.66787,-11.27738,43.33626,-19.42768,17.27434,-14.59508,15.54638,1
7.944956,0.5137401,-8.071437,-10,10,-10,51.29668,500,-10,500,-10,-24.99632,-11.1474,43.1015,-19.36591,17.23171,-14.46233,15.39449,1
2.706161,-8.330628,-5.072611,-10,10,-10,50.2462,500,-10,500,-10,-26.06285,-11.05477,42.12923,-19.08398,16.9281,-13.93865,14.89248,1
5.289,-8.451778,4.899497,-5.087334,10,-10,49.19419,500,-10,500,-10,-27.70222,-11.12032,40.55757,-18.53535,16.19301,-13.18502,14.32532,1
5.101217,-2.663101,9.825347,5.768192,10,-10,48.14147,500,-10,500,-10,-27.50148,-11.2592,40.72933,-18.42058,16.05779,-13.4421,14.60286,1
1.124578,-5.18103,8.496211,10,10,-10,47.08833,500,-10,500,-10,-27.40589,-11.40016,40.72689,-18.35251,15.96894,-13.50816,14.68968,1
3.255308,-9.906544,0.3325651,10,10,-10,46.0345,500,-10,500,-10,-27.33457,-11.54049,40.69475,-18.34549,15.94125,-13.48855,14.69074,1
2.563985,-3.662097,-9.294682,10,8.70951,-10,44.97899,500,-10,500,-10,-27.2631,-11.67602,40.6607,-18.35184,15.89858,-13.45398,14.70519,1
-1.994879,6.408632,-5.699734,10,-2.011512,-10,43.92179,500,-10,500,-10,-27.11683,-11.76955,40.72285,-18.4969,15.78844,-13.36041,14.86683,1
1.944635,10.21102,0.6860083,10,-10,-10,42.86411,500,-10,500,-10,-26.90141,-11.83347,40.8867,-18.64723,15.74946,-13.34584,15.04157,1
2.650479,10.08789,0.8819797,10,-10,-10,41.80624,500,-10,500,-10,-26.70336,-11.91772,41.03586,-18.70402,15.79384,-13.41266,15.1208,1
-0.3550349,9.545716,2.375977,10,-10,-10,40.74557,500,-10,500,-10,-26.53457,-12.02184,41.15276,-18.74072,15.83487,-13.47282,15.17662,1
-2.30643,8.304904,-1.626157,6.988781,-10,-10,39.68304,500,-10,500,-10,-26.40719,-12.13989,41.2412,-18.8169,15.92004,-13.46991,15.16474,1
2.580139,8.000698,-5.595426,-4.266406,-10,-10,38.61938,500,-10,500,-10,-26.39431,-12.26526,41.31107,-19.03532,16.14121,-13.30939,15.00145,1
5.522184,9.383847,-2.091623,-10,-10,-10,37.55476,500,-10,500,-10,-26.46932,-12.38965,41.37981,-19.16429,16.27289,-13.23737,14.92673,1
2.097512,10.10162,-0.2256749,-10,-10,-10,36.48864,500,-10,500,-10,-26.5583,-12.50832,41.45661,-19.19812,16.31278,-13.26719,14.95048,1
-0.3419691,9.525894,-0.2710669,-10,-10,-10,35.42065,500,-10,500,-10,-26.65594,-12.61959,41.54312,-19.23447,16.35917,-13.30251,14.97577,1
3.196855,10.26914,0.0478934,-10,-2.078105,-10,34.35188,500,-10,500,-10,-26.74848,-12.71704,41.59023,-19.17004,16.47312,-13.40597,14.90086,1
5.690773,5.611596,-7.267072,-10,8.518038,-10,33.2825,500,-10,500,-10,-26.82259,-12.81353,41.53313,-19.04703,16.55722,-13.48168,14.76944,1
2.977984,-5.928301,-7.625962,-10,10,-10,32.21149,500,-10,500,-10,-26.89886,-12.9263,41.44514,-19.01995,16.52004,-13.43585,14.73372,1
3.246818,-9.218511,3.637113,-10,10,-10,31.13898,500,-10,500,-10,-26.96782,-13.04507,41.36292,-19.01112,16.46855,-13.37655,14.71708,1
-0.5195892,-3.788961,8.674848,-4.871771,10,-10,30.06615,500,-10,500,-10,-26.99853,-13.16849,41.28471,-18.91419,16.32957,-13.40867,14.79125,1
-2.987625,-5.46064,6.003341,6.790248,10,-10,28.99286,500,-10,500,-10,-26.90913,-13.29215,41.20033,-18.69752,16.06919,-13.55543,14.98171,1
2.796225,-10.02365,0.4560418,10,10,-10,27.918,500,-10,500,-10,-26.73117,-13.40683,41.08747,-18.60893,15.93483,-13.5505,15.02256,1
3.304224,-5.514693,-8.07406,10,10,-10,26.8413,500,-10,500,-10,-26.51046,-13.50414,40.92979,-18.5408,15.8473,-13.48798,14.97944,1
-4.294902,2.623153,-5.380253,10,8.351091,-10,25.76307,500,-10,500,-10,-26.2488,-13.57843,40.73232,-18.4682,15.72662,-13.39695,14.93649,1
-3.872343,6.50839,3.379384,10,-2.990711,-10,24.68445,500,-10,500,-10,-26.06502,-13.6675,40.63397,-18.55131,15.5412,-13.23236,15.04042,1
-1.719431,6.346971,6.80177,10,-10,-10,23.60504,500,-10,500,-10,-25.98625,-13.80194,40.65741,-18.64538,15.45763,-13.15771,15.14342,1
-4.392348,4.519681,5.338613,10,-10,-10,22.52335,500,-10,500,-10,-25.90518,-13.9427,40.67765,-18.65954,15.45105,-13.16032,15.16677,1
-5.262439,4.667305,-2.489533,10,-10,-10,21.44079,500,-10,500,-10,-25.74395,-14.08339,40.61631,-18.63535,15.40614,-13.13368,15.16085,1
1.560663,7.811527,-5.533475,5.791205,-10,-10,20.35718,500,-10,500,-10,-24.45378,-14.18372,39.40206,-18.08394,14.83995,-12.67898,14.72093,1
2.293339,9.914104,-0.1451235,-6.098231,-10,-10,19.27235,500,-10,500,-10,-26.49446,-14.23906,41.41256,-19.24157,16.09276,-13.18723,15.13399,1
-3.28259,7.690728,2.31549,-10,-10,-10,18.1861,500,-10,500,-10,-26.0801,-14.36497,40.8965,-19.13165,15.86096,-12.86955,14.9382,1
-3.462001,6.585061,4.319647,-10,-10,-10,17.09869,500,-10,500,-10,-26.09428,-14.50415,40.80767,-19.1059,15.81471,-12.82169,14.91084,1
1.749438,9.591841,1.697997,-10,-8.633121,-10,16.01071,500,-10,500,-10,-26.145,-14.63906,40.75448,-19.08129,15.801,-12.80223,14.88048,1
4.097458,5.157946,-7.665932,-10,2.442397,-10,14.92186,500,-10,500,-10,-26.31666,-14.73122,40.83881,-19.00804,15.96358,-12.94536,14.78778,1
4.231017,-7.211266,-6.067867,-10,10,-10,13.83116,500,-10,500,-10,-26.58162,-14.79911,41.04015,-19.02637,16.14209,-13.09385,14.77609,1
0.4071334,-8.990196,3.736521,-10,10,-10,12.7395,500,-10,500,-10,-26.81147,-14.89253,41.20718,-19.09995,16.23295,-13.15867,14.82363,1
-4.681181,-3.23952,5.229657,-8.863604,10,-10,11.64756,500,-10,500,-10,-26.98957,-15.00658,41.32478,-19.1299,16.28195,-13.22617,14.87208,1
-1.368088,-2.729271,6.673793,1.483187,10,-10,10.55398,500,-10,500,-10,-27.05659,-15.13222,41.4067,-18.98811,16.14698,-13.43584,15.07492,1
5.191614,-3.429164,2.873973,10,10,-10,9.458109,500,-10,500,-10,-27.00711,-15.25998,41.47662,-18.86785,16.02963,-13.61403,15.25021,1
0.3618954,0.3680234,-2.621826,10,10,-10,8.360739,500,-10,500,-10,-26.93649,-15.38399,41.55007,-18.892,16.05833,-13.65074,15.28237,1
-6.52674,3.555428,3.8778,10,10,-10,7.262345,500,-10,500,-10,-26.8591,-15.50282,41.62942,-18.91698,16.09033,-13.69151,15.31611,1
-4.693823,3.221536,11.18728,10,4.069591,-10,6.163297,500,-10,500,-10,-26.76897,-15.61146,41.68009,-18.9999,16.03919,-13.65058,15.40924,1
-4.081745,1.809246,11.39384,10,-8.33773,-10,5.062485,500,-10,500,-10,-26.66552,-15.71042,41.61994,-19.12547,15.85206,-13.47517,15.54654,1
-6.431916,3.469621,5.613304,10,-10,-10,3.960952,500,-10,500,-10,-26.56776,-15.81644,41.5271,-19.12256,15.76696,-13.40114,15.55471,1
-2.857236,9.077807,-2.118186,10,-10,-10,2.858567,500,-10,500,-10,-26.47869,-15.93084,41.44406,-19.10466,15.70596,-13.35024,15.5469,1
3.018092,15.3222,1.868672,7.949464,-10,-10,1.754702,500,-10,500,-10,-26.40717,-16.05198,41.36971,-19.12535,15.68536,-13.26794,15.50589,1
-1.107316,13.4826,9.685451,-3.480131,-10,-10,0.6980783,500,-10,500,-10,-26.43791,-16.17668,41.299,-19.31259,15.83211,-13.02211,15.30055,1
-2.17303,9.363126,12.98095,-10,-10,-10,0.44,500,-10,500,-10,-26.5694,-16.29706,41.2155,-19.41819,15.89418,-12.84733,15.16929,1
1.690669,13.05442,11.82083,-10,-10,-10,0.44,500,-10,500,-10,-26.7333,-16.40589,41.10569,-19.40394,15.83602,-12.77059,15.13647,1
2.986582,15.02879,1.434488,-10,-9.101141,-10,0.44,500,-10,500,-10,-26.92336,-16.49867,40.96958,-19.35675,15.79197,-12.70501,15.06774,1
5.193753,3.92304,-3.756204,-10,1.941784,-10,0.44,500,-10,500,-10,-27.0642,-16.59395,40.91168,-19.22342,15.89328,-12.79036,14.91846,1
4.130213,-4.136593,3.780932,-10,10,-10,0.44,500,-10,500,-10,-27.10406,-16.71946,40.98691,-19.17536,16.00819,-12.90075,14.86588,1
-1.449631,-3.16434,4.980991,-10,10,-10,0.44,500,-10,500,-10,-27.11393,-16.85056,41.09115,-19.22777,16.04327,-12.93471,14.91717,1
0.4240464,-3.681982,4.77224,-9.7582,10,-10,0.44,500,-10,500,-10,-27.0868,-16.98179,41.22748,-19.27113,16.10156,-13.00431,14.97184,1
5.58385,-3.859886,4.123764,-1.010827,10,-10,0.44,500,-10,500,-10,-26.90007,-17.11005,41.46189,-19.18107,16.06691,-13.2886,15.20072,1
4.163223,-2.038945,-0.6310739,9.234866,10,-10,0.44,500,-10,500,-10,-26.05993,-17.21409,42.23619,-19.23527,16.20736,-13.87598,15.70185,1
-2.655983,-2.038372,1.164931,10,10,-10,0.44,500,-10,500,-10,-24.14356,-17.1817,44.05495,-19.78466,16.76153,-14.8336,16.65469,1
-1.791092,-2.763762,6.895252,10,10,-10,0.44,500,-10,500,-10,-24.2589,-17.04272,43.83844,-19.69126,16.6886,-14.7476,16.54822,1
-0.09780074,-3.846665,6.433539,10,5.907325,-10,0.44,500,-10,500,-10,-24.15656,-16.9161,43.84149,-19.72348,16.64731,-14.71791,16.59204,1
-2.272731,-2.675495,4.222558,10,-7.357495,-10,0.44,500,-10,500,-10,-23.8393,-16.8481,44.07612,-19.94705,16.5822,-14.68875,16.85156,1
-2.521433,3.727743,-2.625225,10,-10,-10,0.44,500,-10,500,-10,-23.49738,-16.76875,44.34387,-20.07766,16.6347,-14.78,17.02091,1
2.77363,13.80259,-0.4159275,10,-10,-10,0.44,500,-10,500,-10,-23.25198,-16.65706,44.51218,-20.15209,16.67192,-14.84502,17.12315,1
1.252532,14.11791,10.03936,6.85543,-10,-10,0.44,500,-10,500,-10,-23.09177,-16.52892,44.60881,-20.24285,16.75011,-14.83432,17.12502,1
2.749861,8.725553,15.06651,-5.48285,-10,-10,0.44,500,-10,500,-10,-23.0732,-16.3942,44.66778,-20.47598,16.98377,-14.65006,16.94022,1
5.297863,12.26073,12.50309,-10,-10,-10,0.44,500,-10,500,-10,-23.13836,-16.25993,44.72163,-20.57776,17.08778,-14.5929,16.88084,1
2.357233,15.29442,2.626076,-10,-10,-10,0.44,500,-10,500,-10,-23.20901,-16.12884,44.78116,-20.60636,17.11652,-14.61363,16.90143,1
5.689678,6.366635,-3.963901,-10,-7.633519,-10,0.44,500,-10,500,-10,-23.28794,-16.0052,44.83519,-20.60606,17.17053,-14.6587,16.89219,1
8.513857,-2.030188,3.247862,-10,5.677505,-10,0.44,500,-10,500,-10,-23.39915,-15.91185,44.78797,-20.42874,17.32132,-14.79689,16.70227,1
4.616829,-4.065542,6.375074,-10,10,-10,0.44,500,-10,500,-10,-23.51992,-15.82575,44.67486,-20.31579,17.35423,-14.81612,16.57563,1
5.752144,-3.60351,7.511982,-10,10,-10,0.44,500,-10,500,-10,-23.6296,-15.72719,44.57359,-20.25654,17.342,-14.79146,16.50395,1
8.888004,-2.389916,5.258716,-9.670416,10,-10,0.44,500,-10,500,-10,-23.7275,-15.61841,44.48386,-20.19686,17.32721,-14.77679,16.4444,1
5.506308,-2.525925,0.03467406,-0.2359257,10,-10,0.44,500,-10,500,-10,-23.75229,-15.50219,44.40336,-19.98288,17.15611,-14.92406,16.54879,1
1.380119,-3.615208,2.745068,10,10,-10,0.44,500,-10,500,-10,-23.65133,-15.38677,44.31997,-19.74669,16.9633,-15.09115,16.6725,1
4.65512,-4.210683,4.865758,10,10,-10,0.44,500,-10,500,-10,-23.51686,-15.28137,44.22031,-19.6779,16.93429,-15.07738,16.61895,1
6.926381,-3.463814,4.948707,10,10,-10,0.44,500,-10,500,-10,-23.36452,-15.18993,44.1011,-19.61293,16.88321,-15.04356,16.57124,1
2.727484,-4.080529,4.454395,10,2.531421,-10,0.44,500,-10,500,-10,-23.22051,-15.10314,44.01392,-19.64635,16.76124,-14.93791,16.62098,1
-0.1291635,1.608492,-3.028982,10,-8.968017,-10,0.44,500,-10,500,-10,-23.14052,-14.98517,44.0466,-19.77614,16.64946,-14.83519,16.75984,1
2.510003,13.67612,-0.4095559,10,-10,-10,0.44,500,-10,500,-10,-23.08529,-14.8526,44.11235,-19.80211,16.67171,-14.86371,16.79206,1
4.27737,13.88429,10.63773,10,-10,-10,0.44,500,-10,500,-10,-23.03505,-14.71765,44.17683,-19.81604,16.70552,-14.90321,16.81168,1
8.968121,9.645844,13.12442,1.525048,-10,-10,0.44,500,-10,500,-10,-23.04642,-14.58105,44.24409,-19.98014,16.88694,-14.79483,16.68599,1
7.175067,13.71609,9.247561,-9.579503,-10,-10,0.44,500,-10,500,-10,-23.2198,-14.44652,44.35153,-20.22888,17.12492,-14.63512,16.53704,1
2.01447,14.87675,1.466357,-10,-10,-10,0.44,500,-10,500,-10,-23.5761,-14.32436,44.61709,-20.40001,17.22851,-14.68403,16.65348,1
8.57994,7.846963,-2.274433,-10,-10,-10,0.44,500,-10,500,-10,-24.41417,-14.24539,45.36395,-20.7977,17.54462,-14.90518,16.95621,1
11.8793,1.729563,5.928396,-10,-2.372911,-10,0.44,500,-10,500,-10,-25.61913,-14.24741,46.47509,-21.3079,18.22627,-15.31566,17.19524,1
8.688236,0.2759218,11.75855,-10,9.569286,-10,0.44,500,-10,500,-10,-26.79058,-14.27084,47.55328,-21.6727,18.91616,-15.84423,17.39873,1
9.958977,1.167263,10.85828,-10,10,-10,0.44,500,-10,500,-10,-27.35883,-14.39019,48.02602,-21.83282,19.21214,-16.07582,17.49446,1
9.94407,0.3467751,3.252046,-10,10,-10,0.44,500,-10,500,-10,-27.50526,-14.5305,48.07389,-21.86689,19.23432,-16.08141,17.51194,0.5834305
4.998955,-2.618888,0.3871768,-6.806914,10,-10,0.44,500,-10,500,-10,-27.5766,-14.67136,48.06052,-21.82142,19.1681,-16.11581,17.56709,1
4.936913,-3.787281,6.504041,6.525443,10,-10,0.44,500,-10,500,-10,-27.52468,-14.8119,48.03796,-21.59489,18.91618,-16.32365,17.80031,1
10.11201,-0.9275751,7.770867,10,10,-10,0.44,500,-10,500,-10,-27.42186,-14.95285,48.03492,-21.53962,18.839,-16.3764,17.87498,1
8.749062,-1.258069,9.074005,10,10,-10,0.44,500,-10,500,-10,-27.33202,-15.0933,48.05103,-21.54935,18.83244,-16.38002,17.89489,1
2.784646,-3.539097,3.553765,10,6.975906,-10,0.44,500,-10,500,-10,-27.24061,-15.22413,48.0658,-21.59326,18.79041,-16.34834,17.94916,1
1.012982,5.978994,-3.552971,10,-6.881057,-10,0.44,500,-10,500,-10,-27.1015,-15.29609,47.97631,-21.72212,18.57163,-16.14533,18.09378,1
2.629212,15.82393,4.053929,10,-10,-10,0.44,500,-10,500,-10,-26.94731,-15.35481,47.83748,-21.71796,18.44328,-16.03446,18.10709,1
9.349266,12.6638,8.782144,10,-10,-10,0.44,500,-10,500,-10,-26.80598,-15.43213,47.71284,-21.68468,18.35726,-15.96446,18.08983,1
10.2154,13.15213,7.174722,3.902697,-10,-10,0.44,500,-10,500,-10,-26.71506,-15.52459,47.603,-21.76285,18.38536,-15.79528,17.97073,1
3.518642,16.25076,5.459853,-8.419785,-10,-10,0.44,500,-10,500,-10,-26.75706,-15.62313,47.50089,-21.95667,18.53119,-15.51686,17.7403,1
4.426745,13.81992,-0.6212006,-10,-10,-10,0.44,500,-10,500,-10,-26.85068,-15.71526,47.39405,-21.96559,18.49814,-15.41941,17.68482,1
11.89342,9.983604,3.041794,-10,-10,-10,0.44,500,-10,500,-10,-26.95409,-15.79672,47.27903,-21.93088,18.44927,-15.35882,17.63839,1
10.28793,8.802931,10.7583,-10,-5.406614,-10,0.44,500,-10,500,-10,-27.06412,-15.87369,47.17968,-21.8499,18.46039,-15.35747,17.54494,1
10.19372,9.688511,11.66173,-10,8.502232,-10,0.44,500,-10,500,-10,-27.16039,-15.98854,47.19353,-21.71295,18.61972,-15.5059,17.39708,1
12.93219,7.133795,5.198686,-10,10,-10,0.44,500,-10,500,-10,-27.24693,-16.12307,47.23787,-21.72927,18.64995,-15.52632,17.40359,1
7.931474,0.5738345,-0.931142,-10,10,-10,0.44,500,-10,500,-10,-27.33251,-16.26074,47.27163,-21.75824,18.65865,-15.52532,17.42287,1
3.90186,-3.927218,5.570437,-5.876554,10,-10,0.44,500,-10,500,-10,-27.39721,-16.40049,47.29399,-21.71128,18.5911,-15.59081,17.50895,1
8.438061,1.02235,11.87887,7.256667,10,-10,0.44,500,-10,500,-10,-27.34304,-16.54091,47.31191,-21.50243,18.36156,-15.81451,17.75333,1
7.272877,2.335707,13.71795,10,10,-10,0.44,500,-10,500,-10,-27.21317,-16.67972,47.3503,-21.47451,18.31319,-15.87424,17.83352,1
3.452466,-3.817945,6.930443,10,10,-10,0.44,500,-10,500,-10,-27.04292,-16.81376,47.43266,-21.50431,18.33234,-15.91268,17.88261,1
1.007705,2.323615,-3.250341,10,3.978538,-10,0.44,500,-10,500,-10,-26.87967,-16.93002,47.50332,-21.58917,18.28753,-15.88637,17.98597,1
-0.3193616,14.12753,1.464108,10,-9.191465,-10,0.44,500,-10,500,-10,-27.03965,-17.01523,47.23,-21.65563,18.01273,-15.59344,18.0343,1
6.431551,15.46062,5.335766,10,-10,-10,0.44,500,-10,500,-10,-27.46154,-17.06448,46.69162,-21.46922,17.80085,-15.33375,17.80008,1
7.015339,15.221,4.209383,10,-10,-10,0.44,500,-10,500,-10,-27.99764,-17.05008,46.04053,-21.17388,17.50763,-15.08961,17.55382,1
2.088615,16.15653,5.088645,2.220917,-10,-10,0.44,500,-10,500,-10,-28.40867,-16.96946,45.56442,-21.09971,17.44534,-14.76927,17.2216,1
2.415965,14.94717,0.6698476,-9.498981,-10,-10,0.44,500,-10,500,-10,-28.70597,-16.85186,45.32683,-21.20895,17.5719,-14.46317,16.89817,1
7.95607,14.62267,2.676645,-10,-10,-10,0.44,500,-10,500,-10,-28.8945,-16.71777,45.22871,-21.17764,17.56034,-14.41319,16.82844,1
6.770835,15.05809,6.604089,-10,-10,-10,0.44,500,-10,500,-10,-29.02363,-16.57825,45.19403,-21.16031,17.56357,-14.40178,16.79648,1
6.455825,15.42947,6.575982,-10,-2.125538,-10,0.44,500,-10,500,-10,-29.16187,-16.47028,45.1412,-21.04964,17.64613,-14.46867,16.67015,1
9.689461,12.10007,2.253963,-10,10,-10,0.44,500,-10,500,-10,-29.37681,-16.43477,44.97252,-20.85279,17.72756,-14.52575,16.44894,1
7.346804,2.913769,-2.596855,-10,10,-10,0.44,500,-10,500,-10,-29.59084,-16.38329,44.79896,-20.77408,17.68671,-14.46065,16.34598,1
3.845445,-3.699975,5.848116,-10,10,-10,0.44,500,-10,500,-10,-29.78187,-16.30577,44.65035,-20.69303,17.66628,-14.41857,16.24328,1
4.344313,2.274068,14.26988,0.2686576,10,-10,0.44,500,-10,500,-10,-29.88173,-16.20867,44.52852,-20.44584,17.47426,-14.56481,16.33435,1
1.649844,2.558415,14.45485,10,10,-10,0.44,500,-10,500,-10,-29.84663,-16.10546,44.42033,-20.20769,17.2875,-14.71331,16.43146,1
2.804517,-3.69605,6.366045,10,10,-10,0.44,500,-10,500,-10,-29.78571,-16.00676,44.31211,-20.1343,17.26432,-14.69703,16.36497,1
0.445918,2.344894,-3.050325,10,8.733961,-10,0.44,500,-10,500,-10,-29.71414,-15.91392,44.20753,-20.08437,17.21949,-14.66031,16.32315,1
-3.045049,13.16269,3.029763,10,-4.692881,-10,0.44,500,-10,500,-10,-29.61758,-15.81244,44.1971,-20.21828,17.06599,-14.51776,16.468,1
1.42873,15.79881,6.399959,10,-10,-10,0.44,500,-10,500,-10,-29.51204,-15.69106,44.26658,-20.29471,17.03518,-14.4989,16.55639,1
1.481963,16.06775,7.56609,10,-10,-10,0.44,500,-10,500,-10,-29.41442,-15.56266,44.32462,-20.3133,17.05362,-14.52841,16.58604,1
-1.250669,15.08209,4.967045,8.833817,-10,-10,0.44,500,-10,500,-10,-29.32799,-15.42928,44.37071,-20.34517,17.08984,-14.53472,16.58801,1
2.149715,15.35607,1.476585,-3.630853,-10,-10,0.44,500,-10,500,-10,-29.33749,-15.29297,44.40841,-20.56974,17.32191,-14.34138,16.38717,1
3.288814,16.20704,4.691679,-10,-10,-10,0.44,500,-10,500,-10,-29.45237,-15.15843,44.4549,-20.70179,17.45822,-14.24785,16.28938,1
-0.4288519,15.40589,4.198846,-10,-10,-10,0.44,500,-10,500,-10,-29.59092,-15.02999,44.52432,-20.74064,17.49261,-14.26653,16.31253,1
0.8705338,15.88539,5.091391,-10,-7.850889,-10,0.44,500,-10,500,-10,-29.74611,-14.91264,44.6096,-20.76633,17.55516,-14.31151,16.32063,1
6.811526,13.56033,0.6995783,-10,6.20152,-10,0.44,500,-10,500,-10,-29.80871,-14.81281,44.56087,-20.57571,17.71249,-14.46174,16.12292,1
5.667175,1.471487,-2.45377,-10,10,-10,0.44,500,-10,500,-10,-29.77226,-14.71721,44.38934,-20.42362,17.71833,-14.47171,15.97495,1
2.391506,-2.892076,8.943794,-10,10,-10,0.44,500,-10,500,-10,-29.69816,-14.62638,44.18436,-20.3052,17.6585,-14.42028,15.86493,1
-2.316382,3.141343,12.98445,-3.657726,10,-10,0.44,500,-10,500,-10,-29.53028,-14.54565,43.92691,-20.07513,17.44032,-14.43703,15.8698,1
-1.70312,-0.6776931,10.59503,9.440712,10,-10,0.44,500,-10,500,-10,-29.14592,-14.49242,43.5863,-19.68537,17.0584,-14.54457,15.9695,1
3.761836,-3.283516,2.541507,10,10,-10,0.44,500,-10,500,-10,-28.66721,-14.49659,43.18311,-19.49895,16.87138,-14.3969,15.82244,1
-3.507248,3.893353,-1.677952,10,10,-10,0.44,500,-10,500,-10,-28.25204,-14.56353,42.84526,-19.38465,16.74721,-14.23127,15.66666,1
-5.238446,10.28791,8.14514,10,-0.9852313,-10,0.44,500,-10,500,-10,-27.93647,-14.60351,42.60689,-19.41501,16.52431,-14.0034,15.69206,1
-1.472749,11.96551,12.14247,10,-10,-10,0.44,500,-10,500,-10,-27.57481,-14.56535,42.3158,-19.37261,16.28453,-13.8046,15.69064,1
-4.396001,11.44197,8.893335,10,-10,-10,0.44,500,-10,500,-10,-27.16655,-14.56806,41.97767,-19.20959,16.12112,-13.68745,15.57389,1
-2.376492,13.49944,1.486598,9.982443,-10,-10,0.44,500,-10,500,-10,-26.79637,-14.62544,41.67912,-19.08097,15.96102,-13.5687,15.48661,1
2.62285,16.1973,4.750312,-1.745228,-10,-10,0.44,500,-10,500,-10,-26.58996,-14.72247,41.46994,-19.22504,16.01947,-13.2513,15.25483,1
-3.164624,13.29126,7.718294,-10,-10,-10,0.44,500,-10,500,-10,-26.55699,-14.83422,41.31994,-19.33572,16.06179,-13.01634,15.08823,1
-4.164035,12.0795,8.240368,-10,-10,-10,0.44,500,-10,500,-10,-26.5624,-14.94769,41.19353,-19.31361,15.97977,-12.93371,15.0655,1
2.538918,15.79943,5.519145,-10,-7.586277,-10,0.44,500,-10,500,-10,-26.59557,-15.05879,41.09454,-19.26683,15.94828,-12.89846,15.01497,1
6.456185,7.369543,-3.113929,-10,6.798509,-10,0.44,500,-10,500,-10,-26.72114,-15.1577,41.14107,-19.1351,16.1328,-13.06875,14.86901,1
3.788283,-3.4081,4.262073,-10,10,-10,0.44,500,-10,500,-10,-26.87564,-15.26313,41.24923,-19.1435,16.23153,-13.14997,14.8599,1
-4.441989,0.03749532,8.575676,-10,10,-10,0.44,500,-10,500,-10,-27.00993,-15.38131,41.33329,-19.18035,16.27954,-13.18277,14.88153,1
-3.591374,-0.6758668,7.603215,-0.5094481,10,-10,0.44,500,-10,500,-10,-27.06893,-15.50814,41.39776,-19.04714,16.14977,-13.36939,15.06472,1
3.29739,-4.088048,4.460495,10,10,-10,0.44,500,-10,500,-10,-26.99446,-15.63625,41.4576,-18.88795,15.99233,-13.57817,15.27174,1
-1.225085,-0.9274299,-0.7088644,10,10,-10,0.44,500,-10,500,-10,-26.89685,-15.75891,41.52721,-18.90828,16.01863,-13.61552,15.30313,1
-5.834127,2.612878,7.850474,10,9.358002,-10,0.44,500,-10,500,-10,-26.79033,-15.87367,41.60571,-18.93694,16.04294,-13.6519,15.34386,1
-2.846185,3.17605,12.75999,10,-5.031933,-10,0.44,500,-10,500,-10,-26.69432,-15.97563,41.59527,-19.09852,15.86182,-13.48167,15.51633,1
-5.669097,4.988336,9.31421,10,-10,-10,0.44,500,-10,500,-10,-26.6231,-16.07832,41.49445,-19.13368,15.73506,-13.36298,15.55955,1
-3.75994,10.80595,0.5258682,10,-10,-10,0.44,500,-10,500,-10,-26.56021,-16.18745,41.39771,-19.11491,15.66655,-13.30159,15.54791,1
2.15684,15.85563,5.132624,6.873759,-10,-10,0.44,500,-10,500,-10,-26.52142,-16.3018,41.30339,-19.1516,15.65373,-13.18674,15.48257,1
-2.283342,10.61708,11.76567,-7.595309,-10,-10,0.44,500,-10,500,-10,-26.62255,-16.41686,41.20298,-19.38763,15.83853,-12.86752,15.21457,1
-1.547859,9.477678,13.10234,-10,-10,-10,0.44,500,-10,500,-10,-26.80967,-16.52024,41.07373,-19.40517,15.81697,-12.74289,15.12904,1
2.388171,15.53265,6.076094,-10,-10,-10,0.44,500,-10,500,-10,-27.03583,-16.60294,40.9039,-19.35371,15.75333,-12.65362,15.05196,1
6.6229,6.952534,-3.219071,-10,0.8725023,-10,0.44,500,-10,500,-10,-27.22051,-16.68767,40.79554,-19.2031,15.83508,-12.71444,14.88042,1
5.068856,-3.051204,4.763882,-10,10,-10,0.44,500,-10,500,-10,-27.27858,-16.81935,40.84459,-19.13364,15.95176,-12.82454,14.80438,1
-2.587003,-2.34391,4.174119,-10,10,-10,0.44,500,-10,500,-10,-27.3173,-16.95766,40.91194,-19.17393,15.97167,-12.84007,14.84028,1
-0.007325947,-3.396385,5.103896,-7.181491,10,-10,0.44,500,-10,500,-10,-27.32454,-17.09688,40.99396,-19.1706,15.94783,-12.91135,14.93208,1
4.456083,-3.917518,3.429981,7.267994,10,-10,0.44,500,-10,500,-10,-27.0518,-17.23508,41.23088,-18.99798,15.79395,-13.28029,15.28227,1
-0.1550201,-2.555021,1.598148,10,10,-10,0.44,500,-10,500,-10,-20.59203,-17.34344,47.59021,-21.18855,18.04763,-16.35898,18.29785,1
-1.691087,-3.034554,6.64643,10,10,-10,0.44,500,-10,500,-10,-21.14627,-17.46157,46.93484,-21.01623,17.73973,-15.98827,18.06273,1
-0.6188317,-3.047075,7.84267,10,2.018605,-10,0.44,500,-10,500,-10,-20.95499,-17.57327,47.02937,-21.14265,17.66997,-15.94018,18.21082,1
-4.824178,0.03794092,3.623417,10,-10,-10,0.44,500,-10,500,-10,-20.49268,-17.63342,47.40955,-21.4063,17.66894,-15.99154,18.52686,1
-1.477546,10.4208,-1.858354,10,-10,-10,0.44,500,-10,500,-10,-20.14555,-17.73494,47.67452,-21.46495,17.7905,-16.15244,18.62485,1
2.611909,15.18851,9.031018,8.333338,-10,-10,0.44,500,-10,500,-10,-19.93595,-17.86161,47.80704,-21.52209,17.87616,-16.20511,18.649,1
1.811761,7.519649,14.98125,-5.899501,-10,-10,0.44,500,-10,500,-10,-19.89877,-17.99717,47.87421,-21.78808,18.14614,-15.99478,18.43468,1
3.920386,11.23185,13.23031,-10,-10,-10,0.44,500,-10,500,-10,-19.95807,-18.1328,47.93018,-21.88451,18.24238,-15.94471,18.3848,1
3.506929,14.54527,1.542161,-10,-10,-10,0.44,500,-10,500,-10,-20.02052,-18.2659,47.9899,-21.9122,18.27126,-15.96651,18.40541,1
9.493757,3.387583,-0.4646227,-10,-0.664377,-10,0.44,500,-10,500,-10,-20.11715,-18.3757,47.99284,-21.82128,18.37556,-16.05987,18.30354,1
4.87249,-3.907915,5.827067,-10,10,-10,0.44,500,-10,500,-10,-20.26991,-18.45068,47.87209,-21.68599,18.42812,-16.09511,18.15095,1
2.301592,-4.50767,5.043271,-10,10,-10,0.44,500,-10,500,-10,-20.41383,-18.53869,47.75363,-21.67229,18.35997,-16.01065,18.12093,1
5.954434,-3.838577,5.349234,-8.673856,10,-10,0.44,500,-10,500,-10,-20.5359,-18.64123,47.65276,-21.64018,18.27718,-15.95918,18.12014,1
4.32066,-3.515344,2.079916,5.619863,10,-10,0.44,500,-10,500,-10,-20.53827,-18.75308,47.56535,-21.38442,17.9742,-16.14252,18.3507,1
2.867753,-4.066849,4.697713,10,10,-10,0.44,500,-10,500,-10,-20.44405,-18.86203,47.47561,-21.29098,17.83348,-16.16159,18.41706,1
5.326088,-3.805867,3.80066,10,10,-10,0.44,500,-10,500,-10,-20.33987,-18.96183,47.37591,-21.26377,17.76627,-16.10619,18.40165,1
2.591494,-4.203098,4.385968,10,2.759322,-10,0.44,500,-10,500,-10,-20.23163,-19.0567,47.30721,-21.31769,17.64317,-15.99535,18.46784,1
-2.233446,2.562182,-1.415642,10,-10,-10,0.44,500,-10,500,-10,-20.14588,-19.17205,47.36594,-21.48932,17.51048,-15.87238,18.64918,1
1.824011,14.61195,2.254655,10,-10,-10,0.44,500,-10,500,-10,-20.06987,-19.29652,47.43636,-21.51741,17.53213,-15.90265,18.68589,1
5.858856,10.64361,13.75923,7.364168,-10,-10,0.44,500,-10,500,-10,-20.01209,-19.42556,47.50014,-21.58392,17.60165,-15.88898,18.66921,1
8.322858,8.752587,13.05422,-7.492315,-10,-10,0.44,500,-10,500,-10,-20.08725,-19.55632,47.56442,-21.86609,17.88701,-15.66007,18.43711,1
3.742688,15.48051,6.087739,-10,-10,-10,0.44,500,-10,500,-10,-20.24802,-19.68072,47.65406,-21.94837,17.9826,-15.65207,18.4158,1
7.851703,9.526746,-1.741762,-10,-10,-10,0.44,500,-10,500,-10,-20.44892,-19.79212,47.78661,-21.99933,18.06422,-15.71093,18.444,1
10.77736,0.3375218,6.794354,-10,3.185418,-10,0.44,500,-10,500,-10,-20.5752,-19.89475,47.82097,-21.87382,18.23252,-15.86492,18.30418,1
6.288676,-2.142044,10.24115,-10,10,-10,0.44,500,-10,500,-10,-20.52427,-20.00774,47.64956,-21.76223,18.19631,-15.83448,18.19836,1
8.775003,-1.832135,7.958457,-10,10,-10,0.44,500,-10,500,-10,-20.3956,-20.11515,47.40309,-21.69743,18.0423,-15.69506,18.14814,1
6.236749,-3.283017,2.135598,-6.930802,10,-10,0.44,500,-10,500,-10,-20.10052,-20.20647,47.00833,-21.47779,17.79693,-15.5876,18.06642,1
4.799294,-3.864108,6.027866,8.211902,10,-10,0.44,500,-10,500,-10,-19.38825,-20.24986,46.33082,-20.8815,17.19426,-15.62251,18.10771,1
10.13405,-1.110335,5.696336,10,10,-10,0.44,500,-10,500,-10,-18.61041,-20.18981,45.64258,-20.45654,16.77814,-15.47721,17.95357,1
7.638338,-2.668214,6.462222,10,10,-10,0.44,500,-10,500,-10,-18.25254,-20.04268,45.39546,-20.32304,16.66632,-15.40595,17.86063,1
-0.1500492,-0.46606,-0.358035,10,-4.69636,-10,0.44,500,-10,500,-10,-17.96803,-19.97575,45.19384,-20.38393,16.40612,-15.178,17.95376,1
0.6454264,13.54452,0.8930979,10,-10,-10,0.44,500,-10,500,-10,-17.58286,-19.94828,44.87775,-20.28324,16.20125,-15.01677,17.89672,1
8.923702,11.84408,10.55228,10,-10,-10,0.44,500,-10,500,-10,-17.25956,-19.87265,44.62547,-20.11719,16.12164,-14.97379,17.76731,1
10.96371,9.921875,8.764086,-0.8258181,-10,-10,0.44,500,-10,500,-10,-17.08471,-19.7656,44.45622,-20.18287,16.26444,-14.76787,17.48426,1
3.873102,15.7233,5.681427,-10,-10,-10,0.44,500,-10,500,-10,-17.07975,-19.64789,44.33305,-20.25696,16.40005,-14.59173,17.2466,1
7.976385,11.83448,-0.2653173,-10,-10,-10,0.44,500,-10,500,-10,-17.104,-19.5306,44.22407,-20.19449,16.37497,-14.56389,17.18138,1
11.36715,5.865968,9.101145,-10,-5.560036,-10,0.44,500,-10,500,-10,-17.15651,-19.41876,44.14782,-20.10765,16.40458,-14.58756,17.08859,1
8.213523,4.477227,13.55598,-10,10,-10,0.44,500,-10,500,-10,-17.30384,-19.32398,44.24109,-19.97246,16.63374,-14.80002,16.9367,1
11.67115,2.37269,7.313067,-10,10,-10,0.44,500,-10,500,-10,-17.44895,-19.21807,44.34437,-20.02719,16.68105,-14.83088,16.97498,1
5.925062,-3.018143,1.83802,-9.419916,10,-10,0.44,500,-10,500,-10,-17.57367,-19.10016,44.42636,-20.0642,16.70635,-14.86181,17.01761,1
6.658536,-2.066626,9.193256,5.546355,10,-10,0.44,500,-10,500,-10,-17.57993,-18.97466,44.49235,-19.83975,16.47669,-15.14093,17.30194,1
10.95929,3.212083,10.68595,10,10,-10,0.44,500,-10,500,-10,-17.48592,-18.85123,44.56082,-19.7903,16.42062,-15.24712,17.41476,1
5.750304,-2.551476,8.292538,10,10,-10,0.44,500,-10,500,-10,-17.38327,-18.73491,44.64057,-19.82345,16.44191,-15.28005,17.45954,1
-0.4014507,3.009392,-1.965169,10,-2.746816,-10,0.44,500,-10,500,-10,-17.28383,-18.63133,44.65129,-19.96007,16.3029,-15.15231,17.60743,1
2.13944,15.07725,4.099006,10,-10,-10,0.44,500,-10,500,-10,-17.20718,-18.52982,44.55345,-19.9715,16.20171,-15.0598,17.62755,1
10.75262,11.97791,5.166859,10,-10,-10,0.44,500,-10,500,-10,-17.13936,-18.42138,44.45773,-19.90258,16.18364,-15.04942,17.56631,1
8.019655,14.68971,6.177701,0.3483922,-10,-10,0.44,500,-10,500,-10,-17.13911,-18.30769,44.36487,-20.00327,16.33454,-14.87178,17.33847,1
2.732044,15.59301,2.643263,-10,-10,-10,0.44,500,-10,500,-10,-17.28371,-18.19765,44.26021,-20.12198,16.49779,-14.66635,17.0885,1
9.150278,13.08184,3.363039,-10,-10,-10,0.44,500,-10,500,-10,-17.46773,-18.10279,44.12656,-20.06953,16.46034,-14.60805,17.0152,1
8.456371,12.84547,10.59472,-10,-5.428104,-10,0.44,500,-10,500,-10,-17.66158,-18.02172,43.99039,-19.96666,16.47236,-14.59811,16.89036,1
10.59979,10.90698,9.062687,-10,10,-10,0.44,500,-10,500,-10,-17.72855,-17.89989,44.03276,-19.80532,16.67639,-14.79454,16.72144,1
10.7006,2.879522,0.7908817,-10,10,-10,0.44,500,-10,500,-10,-17.76104,-17.76618,44.11396,-19.83096,16.72173,-14.8362,16.74339,1
4.160558,-3.631824,6.270531,-7.827684,10,-10,0.44,500,-10,500,-10,-17.76538,-17.63121,44.20831,-19.82337,16.73402,-14.92195,16.80926,1
7.399617,4.398516,13.74696,7.61163,10,-10,0.44,500,-10,500,-10,-17.58664,-17.4976,44.35733,-19.61641,16.51861,-15.2524,17.14815,1
5.294484,1.59498,13.37582,10,10,-10,0.44,500,-10,500,-10,-17.03727,-17.38048,44.81322,-19.79352,16.57569,-15.45303,17.46883,1
2.230476,-2.143542,1.422745,10,9.157379,-10,0.44,500,-10,500,-10,-15.36136,-17.34889,46.39385,-20.42751,17.14864,-16.12873,18.20556,1
-2.013122,11.85446,0.8864722,10,-6.686748,-10,0.44,500,-10,500,-10,-13.98912,-17.41581,47.6701,-21.05392,17.50023,-16.55981,18.91146,1
5.880873,15.58113,4.58058,10,-10,-10,0.44,500,-10,500,-10,-13.46673,-17.53842,48.0965,-21.18716,17.66111,-16.77988,19.10389,1
5.850619,15.5416,4.185796,10,-10,-10,0.44,500,-10,500,-10,-13.32786,-17.67879,48.13638,-21.20615,17.65942,-16.79393,19.13862,1
1.578516,15.77993,3.897787,-4.22157,-10,-10,0.44,500,-10,500,-10,-13.33175,-17.8196,48.12357,-21.45351,17.88603,-16.53596,18.90139,1
4.840853,15.23884,2.425237,-10,-10,-10,0.44,500,-10,500,-10,-13.43208,-17.96045,48.12356,-21.56792,17.97969,-16.42154,18.80772,1
5.21113,16.0802,5.848125,-10,-10,-10,0.44,500,-10,500,-10,-13.51667,-18.10065,48.14434,-21.59165,17.98277,-16.41503,18.82187,1
5.973995,15.49545,5.593013,-10,0.6535401,-10,0.44,500,-10,500,-10,-13.6379,-18.20489,48.10911,-21.47165,18.08732,-16.50584,18.68813,1
10.52617,8.736874,0.3651086,-10,10,-10,0.44,500,-10,500,-10,-13.83089,-18.25505,47.95186,-21.32308,18.12746,-16.52411,18.51769,1
4.447881,-3.024145,3.187235,-10,10,-10,0.44,500,-10,500,-10,-14.0105,-18.32599,47.80653,-21.30464,18.04584,-16.42214,18.4789,1
3.085986,3.220778,14.17048,-1.725939,10,-10,0.44,500,-10,500,-10,-14.1214,-18.41665,47.68337,-21.14845,17.83088,-16.47628,18.59181,1
0.8909159,2.952669,13.83773,10,10,-10,0.44,500,-10,500,-10,-14.0805,-18.51452,47.57262,-20.92828,17.55546,-16.60468,18.77546,1
2.628402,-3.223599,3.146745,10,10,-10,0.44,500,-10,500,-10,-14.01447,-18.60706,47.46078,-20.90538,17.47821,-16.53491,18.76004,1
-3.788408,8.214631,0.2534289,10,2.613117,-10,0.44,500,-10,500,-10,-13.93196,-18.69903,47.38602,-20.96871,17.34358,-16.40963,18.83272,1
0.7525264,15.47307,6.751948,10,-10,-10,0.44,500,-10,500,-10,-13.82524,-18.81624,47.44429,-21.13123,17.21724,-16.29539,19.00734,1
2.051362,16.00381,7.040247,10,-10,-10,0.44,500,-10,500,-10,-13.72467,-18.94343,47.50488,-21.14894,17.23835,-16.32789,19.03644,1
-0.1503038,12.73684,1.945392,6.06892,-10,-10,0.44,500,-10,500,-10,-13.64998,-19.07599,47.55297,-21.23244,17.32006,-16.28424,18.99458,1
3.065288,16.20225,4.240186,-10,-10,-10,0.44,500,-10,500,-10,-13.73059,-19.21034,47.59706,-21.53053,17.61467,-16.02268,18.7365,1
-0.1775492,15.42882,4.327213,-10,-10,-10,0.44,500,-10,500,-10,-13.85405,-19.33977,47.65736,-21.56084,17.6483,-16.04233,18.75283,1
1.10613,15.701,4.490467,-10,-6.813904,-10,0.44,500,-10,500,-10,-13.9853,-19.45826,47.72141,-21.55577,17.72132,-16.10048,18.73288,1
8.191987,10.64087,-0.5628485,-10,9.603882,-10,0.44,500,-10,500,-10,-14.02864,-19.55062,47.62821,-21.35904,17.84574,-16.21998,18.53124,1
4.730009,-2.624438,3.323609,-10,10,-10,0.44,500,-10,500,-10,-14.03184,-19.6395,47.48192,-21.32783,17.75609,-16.12998,18.49967,1
-1.355858,3.228498,13.04392,-6.452105,10,-10,0.44,500,-10,500,-10,-13.99818,-19.72823,47.32225,-21.21872,17.60831,-16.10679,18.51515,1
-2.303245,1.450768,11.61428,9.812979,10,-10,0.44,500,-10,500,-10,-13.78637,-19.80857,47.13563,-20.85846,17.23622,-16.31241,18.73261,1
2.832714,-2.893598,2.550334,10,10,-10,0.44,500,-10,500,-10,-13.49273,-19.85893,46.90199,-20.74555,17.1159,-16.23173,18.65934,1
-5.559498,6.402554,2.419944,10,6.323782,-10,0.44,500,-10,500,-10,-13.18624,-19.88204,46.65904,-20.67063,16.95479,-16.10535,18.61915,1
-1.053465,12.75585,11.37503,10,-10,-10,0.44,500,-10,500,-10,-12.99728,-19.99423,46.5567,-20.80958,16.70962,-15.88159,18.77951,1
-1.922189,13.22933,9.815236,10,-10,-10,0.44,500,-10,500,-10,-12.75645,-20.12309,46.40517,-20.73797,16.61903,-15.82765,18.74455,1
-1.006289,14.56834,3.084882,7.984696,-10,-10,0.44,500,-10,500,-10,-12.32614,-20.23087,46.05328,-20.56261,16.42779,-15.71145,18.64423,1
0.6991723,15.37746,6.897794,-8.269139,-10,-10,0.44,500,-10,500,-10,-11.60669,-20.28216,45.28101,-20.45287,16.31049,-15.18129,18.12162,1
-4.382901,12.16417,6.302417,-10,-10,-10,0.44,500,-10,500,-10,-10.83992,-20.2303,44.40532,-19.99198,16.01782,-14.91658,17.6887,1
0.4023664,15.09791,5.590119,-10,-7.497514,-10,0.44,500,-10,500,-10,-10.63185,-20.11496,44.09121,-19.78761,15.93835,-14.86069,17.50791,1
7.892809,6.956627,-1.990521,-10,9.192358,-10,0.44,500,-10,500,-10,-10.9574,-20.03255,44.3309,-19.72285,16.23861,-15.12406,17.40625,1
1.256955,-2.767674,7.004267,-10,10,-10,0.44,500,-10,500,-10,-11.27597,-19.92846,44.56873,-19.86472,16.3299,-15.17925,17.51202,1
-5.646079,3.15219,8.866221,-5.720958,10,-10,0.44,500,-10,500,-10,-11.46225,-19.80155,44.69234,-19.86748,16.305,-15.27891,17.63935,1
0.02078772,-2.615003,7.876248,10,10,-10,0.44,500,-10,500,-10,-11.44786,-19.66727,44.76388,-19.63208,16.06286,-15.57359,17.94076,1
-0.4315602,-1.640249,0.1117613,10,10,-10,0.44,500,-10,500,-10,-11.39494,-19.53446,44.83096,-19.65934,16.08518,-15.60191,17.97403,1
-4.999634,4.878081,9.662142,10,4.982014,-10,0.44,500,-10,500,-10,-11.32083,-19.41309,44.87165,-19.72341,16.04643,-15.57155,18.04649,1
-2.13785,7.28187,13.39048,10,-10,-10,0.44,500,-10,500,-10,-11.16105,-19.33691,44.75491,-19.81091,15.84409,-15.38732,18.1521,1
-4.934419,11.08893,5.33545,10,-10,-10,0.44,500,-10,500,-10,-11.00471,-19.25021,44.63063,-19.72066,15.81365,-15.37459,18.07957,1
1.863665,15.91469,5.63553,5.082695,-10,-10,0.44,500,-10,500,-10,-10.89074,-19.1477,44.52674,-19.72747,15.87524,-15.2817,17.93189,1
-3.679181,9.926162,10.36457,-10,-10,-10,0.44,500,-10,500,-10,-10.94077,-19.03832,44.43442,-19.92315,16.1222,-15.00953,17.60844,1
-2.6487,11.52415,10.07637,-10,-10,-10,0.44,500,-10,500,-10,-11.02523,-18.93499,44.33732,-19.86185,16.1126,-14.99037,17.53757,1
6.07715,12.84745,0.6286769,-10,-2.633271,-10,0.44,500,-10,500,-10,-11.11959,-18.8367,44.27052,-19.74061,16.18919,-15.05626,17.40564,1
5.408213,-2.511395,2.654486,-10,10,-10,0.44,500,-10,500,-10,-11.21629,-18.72445,44.34074,-19.63395,16.36501,-15.22112,17.28802,1
-4.549475,-0.02013159,5.393951,-10,10,-10,0.44,500,-10,500,-10,-11.30519,-18.60345,44.41404,-19.67414,16.39562,-15.24166,17.31813,1
-1.656199,-2.665595,6.177522,2.720607,10,-10,0.44,500,-10,500,-10,-11.30876,-18.47705,44.47911,-19.48778,16.20324,-15.48192,17.56442,1
2.305691,-3.55793,1.982584,10,10,-10,0.44,500,-10,500,-10,-11.1799,-18.3534,44.55283,-19.3921,16.0976,-15.6387,17.73115,1
-3.395555,-1.311933,6.359336,10,10,-10,0.44,500,-10,500,-10,-11.03085,-18.2399,44.64959,-19.43393,16.11905,-15.67704,17.78987,1
-1.977449,0.3454861,11.47584,10,-4.407775,-10,0.44,500,-10,500,-10,-10.93013,-18.13667,44.6544,-19.58581,15.95975,-15.52914,17.95316,1
-6.221219,5.945975,5.034074,10,-10,-10,0.44,500,-10,500,-10,-10.91397,-18.02989,44.52966,-19.5645,15.87587,-15.4471,17.93368,1
0.896647,14.85555,3.663832,10,-10,-10,0.44,500,-10,500,-10,-10.91664,-17.92204,44.39236,-19.47375,15.85316,-15.42408,17.84263,1
-0.5575052,9.00947,13.09422,-6.031051,-10,-10,0.44,500,-10,500,-10,-11.05884,-17.81641,44.23024,-19.66072,16.09371,-15.10278,17.46774,1
-0.09062132,9.563117,12.9691,-10,-10,-10,0.44,500,-10,500,-10,-11.35759,-17.73079,44.00246,-19.64453,16.09014,-14.93024,17.28259,1
4.724655,13.62424,1.16958,-10,-7.86258,-10,0.44,500,-10,500,-10,-11.72164,-17.67832,43.71096,-19.51646,16.01793,-14.81677,17.11326,1
8.048441,-1.126866,2.624773,-10,9.667524,-10,0.44,500,-10,500,-10,-11.90422,-17.56426,43.62143,-19.28393,16.19696,-14.97511,16.86005,1
-1.042647,-2.961353,3.768108,-10,10,-10,0.44,500,-10,500,-10,-12.10694,-17.4254,43.51602,-19.23777,16.17874,-14.93393,16.79092,1
1.079682,-3.788706,5.392623,-5.478237,10,-10,0.44,500,-10,500,-10,-12.95881,-17.29939,42.73868,-18.92146,15.88099,-14.60615,16.44458,1
3.26856,-4.011722,2.963828,10,10,-10,0.44,500,-10,500,-10,19.50245,-17.28521,75.12695,-30.24739,27.09882,-30.11679,32.06331,1
0.2603692,-3.780709,4.774679,10,10,-10,0.44,500,-10,500,-10,44.46787,-17.19463,99.99274,-39.06935,36.04431,-41.89834,43.72133,1
0.2396993,-3.292171,6.919399,10,2.839066,-10,0.44,500,-10,500,-10,45.02491,-17.08547,100.4519,-39.25949,36.08928,-42.08868,44.05685,1
-4.88604,2.892063,2.572552,10,-10,-10,0.44,500,-10,500,-10,45.67486,-17.01998,101.0134,-39.60337,36.08484,-42.21004,44.52654,1
1.25286,14.73093,3.913904,10,-10,-10,0.44,500,-10,500,-10,46.03672,-16.90134,101.2852,-39.71288,36.1067,-42.32573,44.72987,1
3.002962,7.828857,14.42736,-2.903965,-10,-10,0.44,500,-10,500,-10,46.14199,-16.76519,101.3772,-39.94509,36.32492,-42.16975,44.58788,1
3.356733,10.27948,12.73275,-10,-10,-10,0.44,500,-10,500,-10,46.08908,-16.62723,101.4325,-40.05708,36.45312,-42.10359,44.50551,1
5.363963,13.01224,0.3600624,-10,-10,-10,0.44,500,-10,500,-10,46.03315,-16.49102,101.4896,-40.04731,36.46342,-42.1607,44.54255,1
9.090025,-0.9353619,4.29115,-10,7.274401,-10,0.44,500,-10,500,-10,45.87672,-16.40825,101.4042,-39.79168,36.61287,-42.3455,44.32226,1
2.852203,-4.005075,5.951337,-10,10,-10,0.44,500,-10,500,-10,45.67654,-16.3388,101.246,-39.65644,36.59659,-42.34971,44.20752,1
4.582868,-3.996286,5.432773,-7.973589,10,-10,0.44,500,-10,500,-10,45.51179,-16.24702,101.1156,-39.54375,36.54763,-42.35434,44.14841,1
3.810302,-3.917966,4.117706,9.210793,10,-10,0.44,500,-10,500,-10,45.51039,-16.14191,101.0076,-39.17795,36.23905,-42.63061,44.36746,1
5.101329,-3.716035,4.258921,10,10,-10,0.44,500,-10,500,-10,45.56895,-16.03909,100.9023,-39.0899,36.20643,-42.63148,44.3129,1
2.863065,-3.892884,4.017339,10,4.243432,-10,0.44,500,-10,500,-10,45.64428,-15.94044,100.8242,-39.09658,36.12645,-42.56004,44.32813,1
-3.615873,4.057622,-0.2704611,10,-10,-10,0.44,500,-10,500,-10,45.75738,-15.8308,100.8914,-39.28262,35.98326,-42.42966,44.52699,1
3.310263,14.51214,7.193187,10,-10,-10,0.44,500,-10,500,-10,45.86473,-15.71072,100.9654,-39.31266,36.00239,-42.46096,44.56919,1
7.67634,6.820297,13.61046,-2.775657,-10,-10,0.44,500,-10,500,-10,45.88491,-15.58398,101.027,-39.55719,36.24157,-42.26751,44.38109,1
4.917965,13.94798,9.656861,-10,-10,-10,0.44,500,-10,500,-10,45.77447,-15.45884,101.0926,-39.71717,36.39436,-42.16185,44.28261,1
8.658289,10.55273,0.2427489,-10,-9.956968,-10,0.44,500,-10,500,-10,45.65176,-15.34186,101.174,-39.76465,36.42826,-42.18185,44.31619,1
9.093627,-0.5000737,8.920019,-10,8.050827,-10,0.44,500,-10,500,-10,45.57005,-15.24161,101.1326,-39.53386,36.63398,-42.3783,44.07613,1
6.299979,-2.622381,9.405167,-10,10,-10,0.44,500,-10,500,-10,45.52341,-15.14205,101.0192,-39.43806,36.64114,-42.38018,43.97506,1
6.102802,-3.766388,4.409319,-6.948828,10,-10,0.44,500,-10,500,-10,45.5028,-15.03819,100.9042,-39.30962,36.57272,-42.41328,43.94814,1
5.702657,-3.464722,6.660772,10,10,-10,0.44,500,-10,500,-10,45.64919,-14.93587,100.7775,-38.93805,36.24576,-42.67991,44.17015,1
9.528575,-1.451206,4.655799,10,10,-10,0.44,500,-10,500,-10,45.86495,-14.85178,100.616,-38.85271,36.17281,-42.63142,44.10927,1
1.662937,-3.095465,3.295459,10,1.120446,-10,0.44,500,-10,500,-10,46.06739,-14.77351,100.4812,-38.87962,36.01129,-42.49283,44.15912,1
-1.195422,11.35392,0.8995667,10,-10,-10,0.44,500,-10,500,-10,46.12451,-14.64021,100.5333,-39.01335,35.91424,-42.40225,44.29932,1
9.065356,11.05722,10.28052,10,-10,-10,0.44,500,-10,500,-10,46.16972,-14.50205,100.5951,-39.02619,35.94744,-42.44057,44.31728,1
9.311451,10.52814,10.07634,-6.923614,-10,-10,0.44,500,-10,500,-10,46.07787,-14.36322,100.6722,-39.34119,36.28288,-42.18948,44.04574,1
4.085321,15.25542,2.977108,-10,-10,-10,0.44,500,-10,500,-10,45.71274,-14.23015,100.9412,-39.53886,36.45423,-42.21473,44.09732,1
11.63836,7.60374,6.735227,-10,-5.181703,-10,0.44,500,-10,500,-10,42.93067,-14.13225,103.6259,-40.81836,37.79445,-43.15969,44.98156,1
8.208844,2.678206,13.07582,-10,10,-10,0.44,500,-10,500,-10,40.01002,-14.15446,106.4464,-41.91453,39.33691,-44.4006,45.77617,1
9.205863,-1.37769,5.983211,-10,10,-10,0.44,500,-10,500,-10,29.66838,-14.17147,116.6882,-46.85493,44.16725,-47.94645,49.43208,1
4.827934,-3.416774,7.378444,1.007236,10,-10,0.44,500,-10,500,-10,29.3631,-14.26591,116.9568,-46.7766,44.12801,-48.24733,49.69387,1
10.47726,1.526089,9.032425,10,10,-10,0.44,500,-10,500,-10,29.21396,-14.40237,117.2067,-46.71806,44.10435,-48.51291,49.92457,1
5.911475,-2.804366,6.304608,10,9.984769,-10,0.44,500,-10,500,-10,29.24181,-14.54166,117.2824,-46.75829,44.12373,-48.53543,49.96795,1
-2.827445,6.504767,-0.5558331,10,-8.778666,-10,0.44,500,-10,500,-10,29.51772,-14.60992,117.0871,-46.88527,43.80362,-48.2466,50.12621,1
6.995825,13.60768,6.177556,10,-10,-10,0.44,500,-10,500,-10,29.84407,-14.68284,116.8313,-46.82317,43.61683,-48.09679,50.10108,1
10.72819,11.57742,7.035938,2.080525,-10,-10,0.44,500,-10,500,-10,30.05009,-14.78866,116.659,-46.91695,43.62654,-47.86024,49.94862,1
3.655796,15.90983,5.089693,-10,-10,-10,0.44,500,-10,500,-10,30.05461,-14.90721,116.5374,-47.10055,43.75294,-47.5759,49.72147,1
9.463501,12.65474,5.254211,-10,-10,-10,0.44,500,-10,500,-10,30.02952,-15.0253,116.4299,-47.0676,43.69964,-47.51975,49.68568,1
8.889066,8.826339,12.11667,-10,6.83279,-10,0.44,500,-10,500,-10,29.90707,-15.12291,116.4707,-46.90912,43.90582,-47.71206,49.51332,1
11.34347,1.981835,5.801669,-10,10,-10,0.44,500,-10,500,-10,29.74296,-15.22082,116.5906,-46.93224,44.00058,-47.78823,49.51784,1
4.404638,-3.003012,7.858007,-5.210186,10,-10,0.44,500,-10,500,-10,29.62468,-15.33352,116.6851,-46.88645,43.97505,-47.91235,49.62171,1
8.369171,4.050572,12.74996,10,10,-10,0.44,500,-10,500,-10,29.67163,-15.45251,116.7656,-46.65111,43.75399,-48.21441,49.90948,1
5.587221,-1.997795,8.23506,10,10,-10,0.44,500,-10,500,-10,29.75287,-15.56655,116.8508,-46.67325,43.79321,-48.26283,49.94083,1
-3.27518,6.308012,0.07972515,10,-4.808142,-10,0.44,500,-10,500,-10,29.85119,-15.66874,116.846,-46.84098,43.61035,-48.09112,50.1197,1
5.38901,14.68756,4.542842,10,-10,-10,0.44,500,-10,500,-10,29.95292,-15.77184,116.7499,-46.88074,43.47946,-47.97176,50.17099,1
8.353469,14.20113,5.182223,5.653952,-10,-10,0.44,500,-10,500,-10,30.02374,-15.88397,116.6642,-46.94056,43.48858,-47.84095,50.09088,1
3.457631,16.16961,5.377703,-10,-10,-10,0.44,500,-10,500,-10,29.93493,-15.99885,116.5808,-47.20234,43.70064,-47.51003,49.80969,1
6.143421,15.10363,4.968455,-10,-10,-10,0.44,500,-10,500,-10,29.80392,-16.10437,116.4825,-47.18164,43.65471,-47.44926,49.77415,1
8.568287,13.29032,8.281621,-10,3.691931,-10,0.44,500,-10,500,-10,29.69749,-16.2062,116.4613,-47.03224,43.79864,-47.58113,49.61269,1
11.40088,3.242753,3.27985,-10,10,-10,0.44,500,-10,500,-10,29.64514,-16.32089,116.5563,-47.00961,43.90594,-47.6825,49.58412,1
3.353849,-1.544396,9.923448,-6.568048,10,-10,0.44,500,-10,500,-10,29.61934,-16.43955,116.6516,-46.98432,43.89629,-47.78676,49.67274,1
4.02581,4.748717,14.04019,10,10,-10,0.44,500,-10,500,-10,29.76111,-16.55729,116.7592,-46.72594,43.66371,-48.13427,49.99445,1
3.564921,-2.818742,6.488239,10,10,-10,0.44,500,-10,500,-10,29.97752,-16.66029,116.9099,-46.75326,43.73674,-48.23182,50.0463,1
-4.213121,8.432438,2.336731,10,-4.314609,-10,0.44,500,-10,500,-10,30.10902,-16.7619,116.9501,-46.92292,43.5855,-48.09548,50.23087,1
3.80516,15.75052,5.242186,10,-10,-10,0.44,500,-10,500,-10,30.07458,-16.88396,116.798,-46.96532,43.42094,-47.92701,50.26935,1
4.169376,15.75583,5.499553,6.274397,-10,-10,0.44,500,-10,500,-10,29.95243,-17.00244,116.5802,-46.99352,43.35299,-47.7184,50.15689,1
2.340756,16.03259,5.320342,-10,-10,-10,0.44,500,-10,500,-10,29.48566,-17.10353,116.1703,-47.14392,43.4698,-47.22829,49.70036,1
2.21697,15.76428,4.09304,-10,-10,-10,0.44,500,-10,500,-10,28.55491,-17.13347,115.3291,-46.81701,43.13848,-46.85819,49.33468,1
7.900229,13.83059,4.614083,-10,4.301901,-10,0.44,500,-10,500,-10,27.6822,-17.13317,114.5476,-46.33342,42.977,-46.6943,48.84868,1
8.269066,-0.18116,1.578226,-10,10,-10,0.44,500,-10,500,-10,26.63497,-17.1245,113.5913,-45.86568,42.77102,-46.36964,48.26227,1
0.1550904,1.700398,12.47973,-4.662884,10,-10,0.44,500,-10,500,-10,26.13032,-17.00712,113.1542,-45.57372,42.57631,-46.29945,48.09481,1
1.464047,2.135356,13.44647,10,10,-10,0.44,500,-10,500,-10,26.11648,-16.86879,113.0593,-45.27542,42.29839,-46.51912,48.29411,1
0.216521,-1.900033,2.039297,10,10,-10,0.44,500,-10,500,-10,26.15624,-16.73069,112.9923,-45.23523,42.27854,-46.50378,48.25843,1
-4.01459,11.00416,7.563828,10,-7.3857,-10,0.44,500,-10,500,-10,26.35904,-16.6526,113.117,-45.46539,42.1287,-46.37691,48.51157,1
1.680445,15.68817,7.683423,10,-10,-10,0.44,500,-10,500,-10,26.62357,-16.58368,113.3218,-45.5596,42.17419,-46.45238,48.63575,1
2.203383,15.93375,5.74444,2.931035,-10,-10,0.44,500,-10,500,-10,26.80517,-16.48625,113.4764,-45.74097,42.34098,-46.39911,48.59706,1
-0.7307564,14.61696,6.634958,-10,-10,-10,0.44,500,-10,500,-10,26.80247,-16.37628,113.5973,-46.02778,42.59486,-46.21247,48.44335,1
0.05323672,15.07756,4.414079,-10,-10,-10,0.44,500,-10,500,-10,26.76945,-16.2676,113.7094,-46.09108,42.62818,-46.24205,48.50291,1
9.83182,9.561405,1.416416,-10,9.426174,-10,0.44,500,-10,500,-10,26.64398,-16.16779,113.6547,-45.83843,42.84974,-46.44939,48.23604,1
2.536436,-2.191736,7.041601,-10,10,-10,0.44,500,-10,500,-10,26.50229,-16.05881,113.5561,-45.77116,42.85139,-46.43498,48.15271,1
-3.607381,3.430695,11.38735,1.928889,10,-10,0.44,500,-10,500,-10,26.44638,-15.93893,113.4778,-45.51428,42.64365,-46.62701,48.29559,1
2.350562,-3.219233,7.215542,10,10,-10,0.44,500,-10,500,-10,26.53188,-15.81845,113.403,-45.31908,42.49244,-46.76025,48.38484,1
-4.691378,2.219459,4.921011,10,5.37627,-10,0.44,500,-10,500,-10,26.62601,-15.70719,113.3421,-45.33019,42.42015,-46.69862,48.40662,1
-2.024084,10.83307,11.72752,10,-10,-10,0.44,500,-10,500,-10,26.72309,-15.60986,113.42,-45.52742,42.2765,-46.56597,48.61485,1
-0.4369835,15.12517,6.436158,10,-10,-10,0.44,500,-10,500,-10,26.81166,-15.50577,113.5157,-45.57314,42.30006,-46.59957,48.67061,1
0.996856,13.99333,9.183012,-5.936105,-10,-10,0.44,500,-10,500,-10,26.78187,-15.39513,113.6055,-45.89342,42.59999,-46.35362,48.445,1
-4.24245,11.6854,7.154953,-10,-10,-10,0.44,500,-10,500,-10,26.64815,-15.29075,113.7058,-46.02468,42.70542,-46.30554,48.42276,1
6.119768,13.61981,2.632171,-10,0.02497339,-10,0.44,500,-10,500,-10,26.52291,-15.19216,113.7698,-45.95121,42.84606,-46.432,48.33511,1
6.204219,-1.753494,4.06895,-10,10,-10,0.44,500,-10,500,-10,26.46995,-15.07491,113.6789,-45.77689,42.95104,-46.53098,48.15478,1
-5.131376,0.9005923,7.216772,-6.81469,10,-10,0.44,500,-10,500,-10,26.44227,-14.95374,113.5872,-45.6584,42.88824,-46.57347,48.14159,1
0.7680205,-2.806765,8.268225,10,10,-10,0.44,500,-10,500,-10,26.58241,-14.83328,113.4832,-45.29099,42.5812,-46.85474,48.36247,1
-1.468176,-2.057165,4.206718,10,10,-10,0.44,500,-10,500,-10,26.80041,-14.72681,113.3337,-45.19254,42.53105,-46.82928,48.28874,1
-3.405955,4.189771,11.88355,10,-7.336443,-10,0.44,500,-10,500,-10,26.87774,-14.62049,113.3581,-45.38564,42.34943,-46.65642,48.4906,1
-3.148833,12.69288,6.668643,10,-10,-10,0.44,500,-10,500,-10,26.80818,-14.50587,113.5468,-45.51833,42.381,-46.68012,48.61539,1
2.381402,13.29756,10.10428,-0.1850309,-10,-10,0.44,500,-10,500,-10,26.59381,-14.39906,113.8261,-45.86903,42.63277,-46.56087,48.59509,1
-2.534153,9.568221,11.38673,-10,-10,-10,0.44,500,-10,500,-10,25.99544,-14.32648,114.3385,-46.29664,43.03162,-46.55778,48.62076,1
4.934437,14.15933,3.382906,-10,-5.21234,-10,0.44,500,-10,500,-10,25.21284,-14.32009,115.033,-46.58914,43.43287,-46.84077,48.795,1
7.62445,-1.253607,4.297363,-10,10,-10,0.44,500,-10,500,-10,24.43716,-14.2569,115.7179,-46.80531,44.00091,-47.19211,48.79446,1
-3.191398,-1.409546,4.963819,-10,10,-10,0.44,500,-10,500,-10,23.2599,-14.28478,116.8024,-47.27396,44.56904,-47.62204,49.12491,1
1.319069,-3.316591,7.918561,9.469839,10,-10,0.44,500,-10,500,-10,22.98378,-14.41439,117.1282,-47.04846,44.43299,-48.11751,49.53094,1
1.468209,-3.780756,4.736046,10,10,-10,0.44,500,-10,500,-10,22.993,-14.55253,117.2238,-47.08867,44.45285,-48.15646,49.59023,1
-2.87175,-0.07347095,9.1115,10,-3.627124,-10,0.44,500,-10,500,-10,23.16722,-14.64752,117.1392,-47.2042,44.24753,-47.97087,49.72551,1
-3.782913,11.60234,4.958739,10,-10,-10,0.44,500,-10,500,-10,23.48359,-14.71184,116.8898,-47.19617,44.01308,-47.77227,49.75333,1
4.271608,11.56181,11.58302,1.160433,-10,-10,0.44,500,-10,500,-10,23.688,-14.81024,116.7108,-47.3056,44.03303,-47.51447,49.58499,1
0.544871,9.497955,12.88721,-10,-10,-10,0.44,500,-10,500,-10,23.69621,-14.92242,116.578,-47.47494,44.13268,-47.23512,49.37534,1
6.892223,13.24606,2.984582,-10,-6.072522,-10,0.44,500,-10,500,-10,23.66076,-15.03216,116.4855,-47.40779,44.12725,-47.22567,49.30416,1
7.633672,-1.653956,6.368575,-10,10,-10,0.44,500,-10,500,-10,23.50486,-15.1291,116.5798,-47.27657,44.35423,-47.43499,49.15527,1
-0.05985257,-3.345472,5.492751,-10,10,-10,0.44,500,-10,500,-10,23.34944,-15.23816,116.6848,-47.31627,44.41913,-47.48227,49.17736,1
3.027973,-3.557233,8.107269,9.204623,10,-10,0.44,500,-10,500,-10,23.35741,-15.3577,116.7676,-47.01484,44.13447,-47.85229,49.53062,1
4.410712,-3.875937,4.433682,10,10,-10,0.44,500,-10,500,-10,23.43145,-15.4744,116.851,-47.02284,44.16014,-47.91343,49.57409,1
-2.959846,-0.9547694,5.827609,10,-4.457881,-10,0.44,500,-10,500,-10,23.53019,-15.57664,116.8461,-47.18663,43.98104,-47.74553,49.74908,1
-1.296777,13.18981,4.436314,10,-10,-10,0.44,500,-10,500,-10,23.6413,-15.67626,116.7458,-47.22971,43.84237,-47.61944,49.80473,1
6.830707,8.684771,12.34378,-0.3050508,-10,-10,0.44,500,-10,500,-10,23.69053,-15.7861,116.6576,-47.39235,43.95182,-47.38366,49.62215,1
2.257139,12.66762,10.47679,-10,-10,-10,0.44,500,-10,500,-10,23.58086,-15.89563,116.5685,-47.55139,44.06139,-47.15076,49.43871,1
10.20183,10.3917,4.155501,-10,-2.142305,-10,0.44,500,-10,500,-10,23.46938,-15.99723,116.5061,-47.45396,44.11976,-47.19649,49.32865,1
7.031485,-1.822366,9.148041,-10,10,-10,0.44,500,-10,500,-10,23.39479,-16.10695,116.5864,-47.35782,44.29091,-47.35919,49.22405,1
2.219498,-4.008957,6.543153,-8.222445,10,-10,0.44,500,-10,500,-10,23.33981,-16.22343,116.6738,-47.35731,44.30957,-47.43213,49.27783,1
5.784288,-2.297501,9.103125,10,10,-10,0.44,500,-10,500,-10,23.44684,-16.34167,116.7639,-47.06811,44.04091,-47.79594,49.6211,1
6.108387,-3.010893,4.682555,10,10,-10,0.44,500,-10,500,-10,23.61898,-16.4486,116.8804,-47.08981,44.09629,-47.87083,49.66231,1
-5.008849,3.918158,3.349183,10,-10,-10,0.44,500,-10,500,-10,23.67348,-16.5559,116.8179,-47.30704,43.82104,-47.60176,49.88572,1
5.462533,13.43512,7.130494,10,-10,-10,0.44,500,-10,500,-10,23.66842,-16.66638,116.6808,-47.28754,43.72757,-47.50771,49.86563,1
7.707346,9.750361,11.7968,-6.861144,-10,-10,0.44,500,-10,500,-10,23.51121,-16.77419,116.5155,-47.54735,43.92263,-47.11096,49.53363,1
3.873134,15.23304,5.218545,-10,-10,-10,0.44,500,-10,500,-10,23.19734,-16.86081,116.2748,-47.52566,43.8873,-46.9332,49.36952,1
10.75288,6.704512,9.307423,-10,3.848415,-10,0.44,500,-10,500,-10,22.97244,-16.95245,116.1378,-47.33247,43.99245,-47.01287,49.15085,1
6.8297,-2.287441,8.324585,-10,10,-10,0.44,500,-10,500,-10,22.96232,-17.09102,116.2317,-47.31287,44.09097,-47.11024,49.1301,1
2.45801,-2.426204,9.638357,0.3917322,10,-10,0.44,500,-10,500,-10,23.11786,-17.22944,116.4373,-47.22255,43.98025,-47.37091,49.41117,1
8.925539,-0.06488118,9.035069,10,10,-10,0.44,500,-10,500,-10,24.6533,-17.29947,117.8724,-47.444,44.40352,-48.3386,50.17704,1
-0.3416878,-1.6035,3.939537,10,-0.4050674,-10,0.44,500,-10,500,-10,45.7272,-17.31277,138.8458,-55.14921,51.73186,-58.01167,60.22698,1
0.190455,13.80866,5.709339,10,-10,-10,0.44,500,-10,500,-10,49.59013,-17.42728,142.6096,-56.53584,53.02615,-59.7437,62.05135,1
10.18368,11.28339,8.027643,2.323517,-10,-10,0.44,500,-10,500,-10,49.5595,-17.56738,142.5157,-56.63967,53.10935,-59.5621,61.89038,1
2.809588,14.62876,8.254933,-10,-10,-10,0.44,500,-10,500,-10,49.44588,-17.70801,142.4884,-56.85493,53.30389,-59.32424,61.67323,1
8.077747,13.33529,6.140325,-10,-4.346084,-10,0.44,500,-10,500,-10,49.32301,-17.83091,142.4616,-56.79615,53.35433,-59.36076,61.60054,1
10.30441,2.890731,9.430474,-10,10,-10,0.44,500,-10,500,-10,49.03508,-17.87632,142.2387,-56.56248,53.43592,-59.40972,61.33423,1
2.2839,-2.906347,7.995975,-7.391968,10,-10,0.44,500,-10,500,-10,48.77413,-17.946,142.0262,-56.48314,53.28004,-59.31306,61.31411,1
5.906061,1.962759,12.20076,10,10,-10,0.44,500,-10,500,-10,48.71135,-18.04058,141.8616,-56.16444,52.87738,-59.49535,61.58036,1
2.674638,-2.769747,4.786135,10,8.761189,-10,0.44,500,-10,500,-10,48.71617,-18.13918,141.727,-56.15799,52.77174,-59.39026,61.57446,1
-3.327167,11.0935,5.566759,10,-10,-10,0.44,500,-10,500,-10,48.80886,-18.22337,141.7948,-56.38379,52.59163,-59.22065,61.81077,1
8.43504,13.93961,5.998415,10,-10,-10,0.44,500,-10,500,-10,48.96589,-18.33735,141.8951,-56.40325,52.63744,-59.28425,61.84802,1
3.712306,14.67006,9.577461,-10,-10,-10,0.44,500,-10,500,-10,48.94913,-18.46086,141.9717,-56.76889,53.01805,-58.98211,61.53091,1
4.505554,15.60056,5.389075,-10,-10,-10,0.44,500,-10,500,-10,48.87634,-18.58135,142.0497,-56.79739,53.06246,-59.01826,61.55116,1
11.29505,7.118207,7.975882,-10,10,-10,0.44,500,-10,500,-10,48.76218,-18.67415,141.981,-56.57166,53.24415,-59.18702,61.31248,1
2.467106,-2.441045,7.809802,-10,10,-10,0.44,500,-10,500,-10,48.64616,-18.77028,141.8766,-56.56442,53.17805,-59.10778,61.29211,1
2.856409,2.959277,13.4406,10,10,-10,0.44,500,-10,500,-10,48.69381,-18.87504,141.782,-56.21001,52.76783,-59.38381,61.62395,1
2.780688,-2.720097,5.494033,10,10,-10,0.44,500,-10,500,-10,48.79934,-18.97251,141.68,-56.18752,52.69381,-59.32175,61.61342,1
-4.106947,9.760229,7.119071,10,-10,-10,0.44,500,-10,500,-10,48.89157,-19.08089,141.7192,-56.42639,52.47704,-59.11543,61.86274,1
5.760143,15.34841,6.061674,10,-10,-10,0.44,500,-10,500,-10,48.97183,-19.19994,141.7973,-56.44636,52.51263,-59.16012,61.89181,1
2.922163,14.00002,9.854013,-10,-10,-10,0.44,500,-10,500,-10,48.89141,-19.32277,141.8718,-56.81529,52.89542,-58.85293,61.57076,1
1.530448,15.1664,4.523236,-10,-10,-10,0.44,500,-10,500,-10,48.74598,-19.43735,141.9654,-56.8506,52.95416,-58.8952,61.58959,1
11.04603,7.196347,5.85604,-10,10,-10,0.44,500,-10,500,-10,48.68863,-19.53873,141.8955,-56.62234,53.131,-59.06553,61.35483,1
0.4895043,-1.905391,7.798896,-10,10,-10,0.44,500,-10,500,-10,48.67401,-19.63982,141.7651,-56.6047,53.04226,-58.97514,61.33554,1
1.235543,1.70637,12.62331,10,10,-10,0.44,500,-10,500,-10,48.83367,-19.73923,141.6189,-56.21941,52.60739,-59.23922,61.6492,1
1.213445,-2.79179,5.015035,10,10,-10,0.44,500,-10,500,-10,49.0854,-19.81738,141.4275,-56.13162,52.50809,-59.16844,61.58994,1
-3.461942,9.878031,9.326971,10,-10,-10,0.44,500,-10,500,-10,49.17358,-19.9347,141.4399,-56.36559,52.2744,-58.94475,61.8339,1
4.539834,15.45365,7.082119,10,-10,-10,0.44,500,-10,500,-10,49.18789,-20.06944,141.5354,-56.41428,52.30323,-58.9752,61.8842,1
1.212839,12.76368,11.07604,-10,-10,-10,0.44,500,-10,500,-10,48.99482,-20.20319,141.6825,-56.83105,52.71106,-58.68029,61.59825,1
1.995276,14.67268,4.361413,-10,-9.108573,-10,0.44,500,-10,500,-10,48.47208,-20.31967,142.1117,-56.96118,52.9958,-58.9058,61.66913,1
10.27705,2.863456,5.829662,-10,10,-10,0.44,500,-10,500,-10,50.46684,-20.43764,140.017,-55.73101,52.1778,-58.40032,60.75148,1
-2.64709,-0.7287958,7.846215,-6.763904,10,-10,0.44,500,-10,500,-10,55.70117,-20.46037,134.6972,-53.20807,49.58946,-56.51534,58.93191,1
3.064938,-0.9629673,10.72787,10,10,-10,0.44,500,-10,500,-10,43.54953,-20.38874,146.9156,-58.69315,55.04469,-61.15434,63.60075,1
-1.233,-1.555569,5.751184,10,3.454852,-10,0.44,500,-10,500,-10,32.42428,-20.34089,158.1382,-64.02109,60.18982,-65.12534,67.75455,1
-2.79292,11.30652,9.287172,10,-10,-10,0.44,500,-10,500,-10,33.59473,-20.25763,157.064,-63.55738,59.63075,-64.69891,67.42349,1
5.486863,13.93774,9.41394,1.494906,-10,-10,0.44,500,-10,500,-10,33.75246,-20.11819,156.9628,-63.64104,59.73494,-64.53144,67.23548,1
-0.8960819,11.73164,10.55465,-10,-10,-10,0.44,500,-10,500,-10,33.67431,-19.97738,156.9493,-63.82517,59.93982,-64.33614,67.01944,1
7.615459,12.63392,4.36448,-10,0.6451073,-10,0.44,500,-10,500,-10,33.53413,-19.86873,156.9974,-63.72518,60.09555,-64.47599,66.90357,1
4.946926,-2.461039,6.485508,-10,10,-10,0.44,500,-10,500,-10,33.22166,-19.82445,157.248,-63.73811,60.32567,-64.6707,66.8811,1
-1.835508,-0.293532,9.521932,0.6584435,10,-10,0.44,500,-10,500,-10,33.01237,-19.74258,157.4467,-63.65417,60.2351,-64.91925,67.13628,1
4.926461,-2.94075,7.019947,10,10,-10,0.44,500,-10,500,-10,32.99242,-19.64446,157.604,-63.58801,60.11586,-65.11577,67.38586,1
-4.207988,-4.509548,2.280132,10,-3.638155,-10,0.44,500,-10,500,-10,33.07217,-19.54373,157.6299,-63.74587,59.97042,-64.97936,67.55277,1
1.267011,8.34947,2.12444,10,-10,-10,0.44,500,-10,500,-10,33.24027,-19.43193,157.5208,-63.73046,59.87636,-64.90435,67.5564,1
4.001359,4.031197,7.246017,-7.29451,-10,-10,0.44,500,-10,500,-10,33.25864,-19.30901,157.4397,-63.96344,60.1629,-64.60422,67.20271,1
1.344118,8.270144,0.8075409,-10,-10,-10,0.44,500,-10,500,-10,33.19086,-19.18716,157.3618,-63.96526,60.19632,-64.53786,67.10475,1
9.978617,-3.036371,1.782835,-10,10,-10,0.44,500,-10,500,-10,33.07073,-19.09608,157.435,-63.77651,60.45927,-64.7872,66.90239,1
-0.4027911,-8.563807,2.041039,-9.803568,10,-10,0.44,500,-10,500,-10,32.94772,-19.00147,157.5422,-63.84033,60.49153,-64.8122,66.95895,1
4.024078,-7.548744,5.042693,10,10,-10,0.44,500,-10,500,-10,32.9902,-18.89753,157.6383,-63.5541,60.17842,-65.17809,67.35171,1
0.8968885,-8.823763,-0.001448989,10,3.141532,-10,0.44,500,-10,500,-10,33.08738,-18.79779,157.7065,-63.66172,60.11629,-65.12696,67.47034,1
-3.03601,5.018905,2.037045,10,-10,-10,0.44,500,-10,500,-10,33.1814,-18.68747,157.6367,-63.75186,59.95768,-64.979,67.57114,1
7.686073,6.05997,5.888565,-0.7317886,-10,-10,0.44,500,-10,500,-10,33.21343,-18.56849,157.5598,-63.87511,60.13243,-64.79204,67.33267,1
0.691581,7.214823,4.298465,-10,-10,-10,0.44,500,-10,500,-10,33.08807,-18.45112,157.4779,-63.97946,60.28995,-64.61983,67.1073,1
9.942994,3.070955,1.358449,-10,1.717678,-10,0.44,500,-10,500,-10,32.97823,-18.34564,157.4481,-63.82716,60.42995,-64.74739,66.94255,1
3.064058,-9.369471,1.859447,-10,10,-10,0.44,500,-10,500,-10,32.93517,-18.24366,157.561,-63.80041,60.55516,-64.86772,66.91092,1
2.0264,-6.57701,6.021055,7.524658,10,-10,0.44,500,-10,500,-10,33.03232,-18.1397,157.6793,-63.56426,60.28177,-65.20193,67.28237,1
4.68329,-8.776958,0.5321241,10,10,-10,0.44,500,-10,500,-10,33.23057,-18.04954,157.8253,-63.59702,60.26323,-65.29012,67.42186,1
-4.332667,1.55461,1.844079,10,-10,-10,0.44,500,-10,500,-10,33.30101,-17.93509,157.7874,-63.78592,60.03496,-65.06983,67.61874,1
7.552884,7.163223,3.756643,5.208067,-10,-10,0.44,500,-10,500,-10,33.28957,-17.80898,157.6794,-63.79031,60.10547,-64.97592,67.45872,1
1.684936,6.766513,5.308706,-10,-10,-10,0.44,500,-10,500,-10,33.08465,-17.68679,157.5313,-63.95771,60.35628,-64.68578,67.08516,1
8.318133,5.95128,0.7313541,-10,0.7917986,-10,0.44,500,-10,500,-10,32.89282,-17.57813,157.4299,-63.78,60.47176,-64.77953,66.88571,1
6.20792,-7.806585,3.111508,-10,10,-10,0.44,500,-10,500,-10,33.14268,-17.47393,157.7927,-63.87828,60.64572,-64.9818,67.01231,1
0.9829128,-6.378793,6.026582,3.078962,10,-10,0.44,500,-10,500,-10,33.84217,-17.40687,158.5238,-63.93687,60.66843,-65.52903,67.59541,1
5.750152,-8.394857,1.510941,10,10,-10,0.44,500,-10,500,-10,34.88384,-17.45201,159.4731,-64.22687,60.95178,-66.02559,68.09863,1
-4.505725,0.6682944,1.670512,10,-10,-10,0.44,500,-10,500,-10,35.66482,-17.46059,160.1654,-64.70662,60.97989,-66.11945,68.64412,1
7.1551,7.851803,2.907393,7.678109,-10,-10,0.44,500,-10,500,-10,36.36358,-17.52884,160.7866,-64.91587,61.28526,-66.42496,68.85352,1
1.996232,7.141959,5.303422,-10,-10,-10,0.44,500,-10,500,-10,36.53691,-17.65321,161.0328,-65.26869,61.71859,-66.27612,68.62417,1
7.935999,6.975786,0.8452705,-10,0.8384724,-10,0.44,500,-10,500,-10,36.45927,-17.76249,161.0538,-65.16857,61.84494,-66.39368,68.51525,1
6.617616,-7.454658,2.930736,-10,10,-10,0.44,500,-10,500,-10,36.13802,-17.83479,160.8022,-65.02928,61.8121,-66.32442,68.33955,1
0.9391285,-5.599221,6.527457,3.506885,10,-10,0.44,500,-10,500,-10,35.97623,-17.93913,160.629,-64.78297,61.47347,-66.42729,68.53472,1
4.821292,-8.566181,1.133912,10,10,-10,0.44,500,-10,500,-10,35.97531,-18.05322,160.4981,-64.64534,61.28168,-66.45644,68.61803,1
-3.497972,2.600985,3.004332,10,-10,-10,0.44,500,-10,500,-10,36.13503,-18.14722,160.5868,-64.89548,61.08692,-66.27976,68.88627,1
6.552987,7.565762,2.538012,4.398438,-10,-10,0.44,500,-10,500,-10,36.28312,-18.25213,160.7074,-65.01318,61.24311,-66.26205,68.83006,1
0.9617065,7.357056,4.300647,-10,-10,-10,0.44,500,-10,500,-10,36.2582,-18.36628,160.8057,-65.28659,61.54413,-66.07007,68.61047,1
8.959007,6.235464,1.399708,-10,0.885148,-10,0.44,500,-10,500,-10,36.17783,-18.47231,160.8441,-65.18355,61.6881,-66.20494,68.49834,1
4.516158,-8.134838,2.532486,-10,10,-10,0.44,500,-10,500,-10,36.04036,-18.5708,160.7366,-65.07549,61.72266,-66.22392,68.37469,1
1.629675,-5.308997,6.74673,8.808662,10,-10,0.44,500,-10,500,-10,36.05882,-18.67985,160.6442,-64.74467,61.33452,-66.47817,68.68626,1
2.48078,-8.568733,0.3125761,10,8.421609,-10,0.44,500,-10,500,-10,36.1463,-18.78447,160.5566,-64.72797,61.22816,-66.42228,68.72004,1
-2.379351,5.185241,3.053503,10,-10,-10,0.44,500,-10,500,-10,36.24685,-18.8889,160.6128,-64.94817,61.04314,-66.24866,68.95164,1
6.523023,7.104533,4.218925,-0.9184856,-10,-10,0.44,500,-10,500,-10,36.28693,-19.00198,160.6971,-65.15608,61.2722,-66.11057,68.79239,1
0.2402425,7.999449,2.416291,-10,-10,-10,0.44,500,-10,500,-10,36.17103,-19.11398,160.784,-65.34186,61.48072,-65.9968,68.65588,1
10.13729,1.718086,1.514141,-10,7.621725,-10,0.44,500,-10,500,-10,36.08254,-19.21605,160.7518,-65.14994,61.65604,-66.16209,68.45393,1
0.822953,-8.335685,2.682714,-10,10,-10,0.44,500,-10,500,-10,36.02098,-19.322,160.6511,-65.11543,61.61402,-66.11308,68.41244,1
4.281714,-6.464206,5.741239,10,10,-10,0.44,500,-10,500,-10,36.12501,-19.43085,160.5488,-64.75548,61.19658,-66.3883,68.74514,1
-1.441016,-6.204671,0.8137841,10,-0.9518251,-10,0.44,500,-10,500,-10,36.25577,-19.53328,160.4911,-64.8589,61.03059,-66.23711,68.86337,1
0.6588848,7.686675,2.153809,10,-10,-10,0.44,500,-10,500,-10,36.28265,-19.64576,160.6035,-65.00029,60.97921,-66.18879,69.00781,1
4.188492,5.867867,5.906858,-7.33209,-10,-10,0.44,500,-10,500,-10,36.16552,-19.75854,160.7284,-65.33397,61.35235,-65.95862,68.73818,1
3.227979,8.607601,0.1335216,-10,-8.680141,-10,0.44,500,-10,500,-10,35.93732,-19.85724,160.8876,-65.41472,61.52022,-66.00981,68.70225,1
8.803126,-4.815937,2.684429,-10,10,-10,0.44,500,-10,500,-10,35.90623,-19.97099,160.8096,-65.19997,61.67383,-66.1599,68.48398,1
-0.627353,-6.728788,4.733021,0.9851646,10,-10,0.44,500,-10,500,-10,36.03548,-20.08939,160.619,-64.97868,61.34859,-66.22327,68.65129,1
5.065485,-8.413668,1.855025,10,10,-10,0.44,500,-10,500,-10,36.46049,-20.18876,160.2794,-64.68454,61.00629,-66.23602,68.71222,1
-4.026935,0.09733343,2.713494,10,-10,-10,0.44,500,-10,500,-10,36.45986,-20.30959,160.3804,-64.96051,60.81409,-66.04375,68.98812,1
5.558189,8.033036,3.339479,4.503168,-10,-10,0.44,500,-10,500,-10,34.52114,-20.42542,162.3944,-65.86934,61.89108,-66.80371,69.5799,1
0.5385408,6.752213,4.251324,-10,-10,-10,0.44,500,-10,500,-10,32.92875,-20.393,163.9092,-66.82914,62.78723,-67.09907,69.93893,1
9.438333,4.229715,1.16719,-10,1.053683,-10,0.44,500,-10,500,-10,33.33821,-20.33169,163.4009,-66.42667,62.72207,-67.08031,69.58286,1
2.101449,-8.859692,2.073972,-10,10,-10,0.44,500,-10,500,-10,32.29132,-20.24287,164.3517,-66.87071,63.18449,-67.42409,69.90826,1
3.648478,-6.600876,5.632337,10,10,-10,0.44,500,-10,500,-10,32.29192,-20.10233,164.4073,-66.54296,62.87744,-67.79797,70.26143,1
-0.6941687,-7.303467,0.06493372,10,-1.038506,-10,0.44,500,-10,500,-10,32.45103,-19.99524,164.3419,-66.62321,62.72489,-67.66345,70.35972,1
0.6896,7.673689,2.772764,10,-10,-10,0.44,500,-10,500,-10,32.83456,-19.94693,164.0298,-66.54002,62.50602,-67.48805,70.31999,1
4.48119,5.951739,6.20448,-7.716077,-10,-10,0.44,500,-10,500,-10,33.0064,-19.85683,163.8012,-66.67811,62.76218,-67.16058,69.87444,1
4.382338,8.535598,0.1233183,-10,-5.701036,-10,0.44,500,-10,500,-10,33.02193,-19.75478,163.6636,-66.57901,62.82325,-67.14565,69.69934,1
7.912342,-5.947844,2.704997,-10,10,-10,0.44,500,-10,500,-10,32.83796,-19.65294,163.774,-66.46854,63.04607,-67.34762,69.56804,1
0.5634204,-6.888047,5.215386,1.071845,10,-10,0.44,500,-10,500,-10,32.71614,-19.53574,163.8838,-66.34882,62.89365,-67.55832,69.81142,1
4.261622,-8.621136,0.7034525,10,10,-10,0.44,500,-10,500,-10,32.76222,-19.41354,163.9727,-66.24243,62.76456,-67.73839,70.0142,1
-3.207246,3.086574,2.79603,10,-10,-10,0.44,500,-10,500,-10,32.90337,-19.32427,163.8885,-66.39865,62.52259,-67.51241,70.18642,1
6.055385,6.773171,4.118026,-1.091848,-10,-10,0.44,500,-10,500,-10,32.99859,-19.2289,163.7733,-66.50075,62.69183,-67.31484,69.92171,1
1.239679,8.363436,2.059838,-10,-10,-10,0.44,500,-10,500,-10,32.93532,-19.12922,163.6671,-66.58768,62.82728,-67.13986,69.69821,1
10.22595,-0.5451295,2.394697,-10,10,-10,0.44,500,-10,500,-10,32.8253,-19.02341,163.7153,-66.38535,63.08207,-67.38219,69.48341,1
0.7202325,-7.849997,3.806978,-0.7985258,10,-10,0.44,500,-10,500,-10,32.75959,-18.90648,163.795,-66.27404,62.95357,-67.55947,69.67789,1
5.517583,-7.693139,3.19954,10,10,-10,0.44,500,-10,500,-10,32.85026,-18.7882,163.8718,-66.12584,62.78752,-67.77132,69.90759,1
-3.720377,-2.035814,1.679426,10,-6.790918,-10,0.44,500,-10,500,-10,32.94537,-18.68858,163.8409,-66.28223,62.59479,-67.58937,70.07474,1
4.855055,8.136484,2.805817,6.490631,-10,-10,0.44,500,-10,500,-10,33.00918,-18.59064,163.7378,-66.30089,62.60295,-67.48529,69.98117,1
1.065705,7.280574,4.030303,-10,-10,-10,0.44,500,-10,500,-10,32.91056,-18.49003,163.6349,-66.52871,62.86246,-67.17223,69.63643,1
9.323229,3.742311,0.9978754,-10,2.128236,-10,0.44,500,-10,500,-10,32.79532,-18.39086,163.5884,-66.37209,62.99356,-67.29028,69.46675,1
2.300844,-8.596693,2.607402,-10,10,-10,0.44,500,-10,500,-10,32.73598,-18.27257,163.6754,-66.31415,63.13031,-67.4203,69.40208,1
4.656956,-7.218942,4.600141,10,10,-10,0.44,500,-10,500,-10,32.84311,-18.1521,163.7648,-66.01056,62.81499,-67.79798,69.7915,1
-2.522966,-5.112043,0.5994619,10,-1.165195,-10,0.44,500,-10,500,-10,32.96809,-18.0438,163.8061,-66.1479,62.6977,-67.69485,69.94299,1
2.962144,8.153672,2.370915,10,-10,-10,0.44,500,-10,500,-10,32.95723,-17.94576,163.6557,-66.15414,62.56803,-67.56395,69.94801,1
1.988722,6.845575,5.007942,-10,-10,-10,0.44,500,-10,500,-10,32.7597,-17.85252,163.479,-66.42567,62.85334,-67.14602,69.5163,1
7.711358,5.564095,0.005196929,-10,1.185198,-10,0.44,500,-10,500,-10,32.54675,-17.76298,163.3444,-66.24944,62.94217,-67.21072,69.31593,1
3.944221,-8.256312,2.625306,-10,10,-10,0.44,500,-10,500,-10,32.54487,-17.63,163.4534,-66.18565,63.09648,-67.36482,69.25194,1
3.540109,-6.868413,5.22725,10,10,-10,0.44,500,-10,500,-10,32.76511,-17.499,163.6256,-65.89446,62.82458,-67.79873,69.66655,1
-1.081586,-6.555256,0.0725317,10,-1.205201,-10,0.44,500,-10,500,-10,32.95574,-17.38342,163.7202,-66.0611,62.71468,-67.71044,69.8548,1
1.600893,8.024403,2.664669,10,-10,-10,0.44,500,-10,500,-10,31.17834,-17.31736,161.8382,-65.5014,62.0079,-66.71077,69.0022,1
2.782319,6.65344,5.349269,-10,-10,-10,0.44,500,-10,500,-10,30.68651,-17.42535,161.4019,-65.73273,62.22333,-66.1179,68.42525,1
6.995858,6.866588,0.04385024,-10,1.225204,-10,0.44,500,-10,500,-10,30.39141,-17.52874,161.2017,-65.54776,62.27589,-66.13702,68.20683,1
4.997836,-8.004115,2.530858,-10,10,-10,0.44,500,-10,500,-10,29.80837,-17.5823,160.7023,-65.35033,62.12562,-65.92068,67.94334,1
3.209725,-6.753748,5.4876,10,10,-10,0.44,500,-10,500,-10,29.60238,-17.692,160.4257,-64.94983,61.63939,-66.09197,68.20036,1
-0.3615671,-6.796721,0.1595327,10,-1.245208,-10,0.44,500,-10,500,-10,29.6501,-17.79836,160.3711,-65.05894,61.4796,-65.93759,68.31487,1
0.8486536,7.705446,2.458915,10,-10,-10,0.44,500,-10,500,-10,29.93537,-17.88541,160.5863,-65.22717,61.45737,-65.94769,68.51542,1
2.624585,6.475985,4.956921,-10,-10,-10,0.44,500,-10,500,-10,29.99787,-17.99643,160.7333,-65.60014,61.88001,-65.69655,68.21463,1
6.868102,7.001472,-0.1214004,-10,1.265211,-10,0.44,500,-10,500,-10,29.93416,-18.10204,160.7788,-65.49268,62.03239,-65.84171,68.09995,1
5.228361,-7.898766,2.598481,-10,10,-10,0.44,500,-10,500,-10,29.74231,-18.19789,160.6408,-65.38727,62.04515,-65.83273,67.97279,1
3.348069,-6.948896,5.301334,10,10,-10,0.44,500,-10,500,-10,29.73585,-18.30875,160.5332,-65.03079,61.63237,-66.10007,68.29643,1
-0.6420864,-6.587795,0.09879309,10,-1.285214,-10,0.44,500,-10,500,-10,29.81362,-18.41378,160.4931,-65.14603,61.47512,-65.95164,68.42049,1
1.092456,7.838284,2.577709,10,-10,-10,0.44,500,-10,500,-10,29.95719,-18.51423,160.6009,-65.2755,61.41866,-65.91145,68.56623,1
2.589273,6.988454,5.091248,-10,-10,-10,0.44,500,-10,500,-10,29.92846,-18.62508,160.6923,-65.64211,61.81187,-65.62054,68.24873,1
7.211638,6.165472,-0.3644285,-10,1.305218,-10,0.44,500,-10,500,-10,29.83852,-18.72972,160.7301,-65.53431,61.96122,-65.7597,68.13073,1
4.301277,-8.305856,2.459238,-10,10,-10,0.44,500,-10,500,-10,29.72921,-18.83305,160.6337,-65.43288,61.9952,-65.78129,68.01691,1
3.938008,-7.306603,4.792762,10,10,-10,0.44,500,-10,500,-10,29.78695,-18.94363,160.5462,-65.07885,61.58926,-66.06274,68.35029,1
-1.67782,-5.654638,0.3302847,10,-1.325221,-10,0.44,500,-10,500,-10,29.8894,-19.04777,160.5062,-65.19429,61.42909,-65.9142,68.47733,1
1.950463,7.928167,2.346752,10,-10,-10,0.44,500,-10,500,-10,29.96861,-19.15396,160.6012,-65.32171,61.37142,-65.86551,68.61372,1
-1.321584,7.274036,4.449076,-10,-10,-10,0.44,500,-10,500,-10,29.88171,-19.26455,160.6937,-65.69181,61.76865,-65.57202,68.29313,0
5.705375,5.024041,0.4922681,-10,1.345224,-10,0.44,500,-10,500,-10,29.7645,-19.36828,160.7397,-65.58657,61.92534,-65.71543,68.17461,0
0.4740655,-8.293315,2.94903,-10,10,-10,0.44,500,-10,500,-10,29.71894,-19.47708,160.6346,-65.48104,61.94895,-65.73389,68.06392,0
1.744029,-7.739326,4.03175,10,10,-10,0.44,500,-10,500,-10,29.84399,-19.5871,160.5232,-65.11493,61.5277,-66.00765,68.39282,0
-5.950451,-3.856874,0.7078324,10,-1.380798,-10,0.44,500,-10,500,-10,29.9853,-19.68991,160.4604,-65.2178,61.35676,-65.85273,68.51171,0
0.1818898,8.124369,2.574898,7.932786,-10,-10,0.44,500,-10,500,-10,29.97535,-19.80296,160.5911,-65.40285,61.35153,-65.776,68.62526,0
-1.956406,7.720934,3.144369,-10,-10,-10,0.44,500,-10,500,-10,29.77542,-19.91159,160.7534,-65.7564,61.76555,-65.55688,68.34567,0
6.674781,2.212578,0.6883313,-10,5.175967,-10,0.44,500,-10,500,-10,29.66374,-20.01565,160.769,-65.60239,61.94513,-65.72381,68.17902,0
-0.7821495,-8.421654,3.382808,-3.164956,10,-10,0.44,500,-10,500,-10,29.81021,-20.13016,160.5411,-65.3824,61.72703,-65.75499,68.20831,0
1.967033,-8.416373,2.394424,10,10,-10,0.44,500,-10,500,-10,30.29367,-20.22288,160.127,-64.97331,61.29004,-65.82095,68.30217,0
-6.89467,-0.8929827,1.417495,10,-9.460106,-10,0.44,500,-10,500,-10,30.40323,-20.34326,160.116,-65.19054,61.05131,-65.59464,68.53181,0
1.606077,8.353077,3.963413,-1.411901,-10,-10,0.44,500,-10,500,-10,31.06456,-20.47515,159.4983,-65.06064,60.88982,-65.21271,68.18147,0
-1.633173,8.444138,1.396958,-10,-10,-10,0.44,500,-10,500,-10,30.80623,-20.56454,159.6597,-65.34148,61.15749,-65.06563,68.04756,0
7.259242,-1.019903,2.069379,-10,10,-10,0.44,500,-10,500,-10,29.99225,-20.60443,160.3834,-65.46516,61.72567,-65.54157,68.079,0
-1.442443,-7.988567,4.325696,1.431905,10,-10,0.44,500,-10,500,-10,29.47466,-20.70416,160.8674,-65.43311,61.82825,-65.97467,68.37748,0
1.056126,-8.733368,0.6669719,10,10,-10,0.44,500,-10,500,-10,29.40601,-20.83467,161.0447,-65.34281,61.78154,-66.21187,68.57108,0
-6.294184,2.937346,1.97395,10,-10,-10,0.44,500,-10,500,-10,29.68885,-20.90744,160.8409,-65.51093,61.41254,-65.87491,68.77126,0
1.745229,7.863176,4.915164,-1.451908,-10,-10,0.44,500,-10,500,-10,29.92429,-20.99892,160.621,-65.6609,61.44352,-65.54272,68.55804,0
0.7669028,9.014723,0.3400475,-10,-9.560577,-10,0.44,500,-10,500,-10,29.95218,-21.10716,160.4657,-65.7588,61.50478,-65.31614,68.3681,0
5.335463,-5.209976,2.011761,-10,10,-10,0.44,500,-10,500,-10,29.78059,-21.20365,160.5629,-65.59084,61.77275,-65.56467,68.1807,0
-0.7168092,-7.664043,4.915009,4.310974,10,-10,0.44,500,-10,500,-10,29.68642,-21.31324,160.6856,-65.38608,61.60265,-65.87108,68.45245,0
-2.036945,-8.247024,-0.7282426,10,1.526602,-10,0.44,500,-10,500,-10,29.75164,-21.4214,160.74,-65.3985,61.43419,-65.90368,68.66594,0
-3.989308,6.486778,2.24982,10,-10,-10,0.44,500,-10,500,-10,29.9083,-21.51719,160.6307,-65.50755,61.21688,-65.70413,68.79273,0
0.04426122,7.58288,4.887754,-9.831545,-10,-10,0.44,500,-10,500,-10,29.89707,-21.62406,160.5288,-65.82821,61.48814,-65.29899,68.437,0
4.000538,7.116707,-0.2626191,-10,1.498584,-10,0.44,500,-10,500,-10,29.81367,-21.72723,160.4869,-65.69659,61.60026,-65.39593,68.2902,0
2.180175,-8.081167,2.279757,-10,10,-10,0.44,500,-10,500,-10,29.69086,-21.83322,160.5826,-65.6498,61.74024,-65.52199,68.22948,0
1.069664,-7.957306,4.096997,10,10,-10,0.44,500,-10,500,-10,29.73776,-21.94727,160.6663,-65.33025,61.44297,-65.91089,68.5961,0
-5.480159,-5.357541,-0.2681931,10,-1.518587,-10,0.44,500,-10,500,-10,29.83471,-22.05298,160.6999,-65.4681,61.32195,-65.80087,68.74495,0
-0.8066866,8.087965,2.360521,10,-10,-10,0.44,500,-10,500,-10,29.92657,-22.15425,160.6015,-65.54877,61.14941,-65.63872,68.83603,0
-1.713616,7.985784,3.18099,-10,-10,-10,0.44,500,-10,500,-10,29.85126,-22.26131,160.5082,-65.87206,61.43813,-65.23804,68.46993,0
6.707137,2.719107,0.4273783,-10,4.442883,-10,0.44,500,-10,500,-10,29.75071,-22.36395,160.4982,-65.7186,61.59477,-65.3833,68.30507,0
-0.4897127,-8.729569,3.024731,-2.209026,10,-10,0.44,500,-10,500,-10,29.72672,-22.47433,160.5936,-65.56486,61.56501,-65.61605,68.41383,0
1.779093,-8.767674,1.833943,10,10,-10,0.44,500,-10,500,-10,29.86404,-22.58269,160.6971,-65.37518,61.40929,-65.89153,68.65535,0
-6.768529,0.181802,1.547788,10,-10,-10,0.44,500,-10,500,-10,29.92323,-22.68779,160.6301,-65.5931,61.12908,-65.61801,68.87998,0
1.299469,8.324322,4.005973,-1.565261,-10,-10,0.44,500,-10,500,-10,29.88545,-22.79581,160.5091,-65.7663,61.25362,-65.34456,68.65518,0
-0.7789712,8.724428,0.4052743,-10,-10,-10,0.44,500,-10,500,-10,29.67503,-22.89465,160.36,-65.86734,61.3401,-65.12004,68.44524,0
6.536629,-3.108476,1.797196,-10,10,-10,0.44,500,-10,500,-10,29.62965,-23.00758,160.4257,-65.68024,61.58674,-65.36155,68.253,0
-1.016772,-8.149613,4.391762,1.585264,10,-10,0.44,500,-10,500,-10,29.72076,-23.12613,160.5794,-65.54255,61.44704,-65.62658,68.52002,0
-0.8561327,-8.768779,-0.5924463,10,7.226216,-10,0.44,500,-10,500,-10,30.00553,-23.2319,160.7806,-65.45971,61.37785,-65.87611,68.75591,0
-4.943886,5.553936,2.090994,10,-10,-10,0.44,500,-10,500,-10,29.92697,-23.3443,160.5951,-65.62955,61.06319,-65.55256,68.91686,0
0.224985,7.793608,4.614818,-6.822236,-10,-10,0.44,500,-10,500,-10,29.35331,-23.44179,160.0322,-65.73594,61.12809,-64.97977,68.38556,0
3.094346,7.43963,-0.7760542,-10,1.611935,-10,0.44,500,-10,500,-10,28.16321,-23.49807,158.9355,-65.21025,60.8556,-64.5968,67.74939,0
3.351924,-7.28414,2.498553,-10,10,-10,0.44,500,-10,500,-10,24.16209,-23.51677,155.0323,-63.71444,59.63483,-62.85844,65.73602,0
1.011993,-8.1208,4.051567,10,10,-10,0.44,500,-10,500,-10,17.98991,-23.59791,148.8013,-61.17944,56.99898,-60.23049,63.20892,0
-5.348604,-5.621493,-0.60151,10,-1.631938,-10,0.44,500,-10,500,-10,16.58371,-23.59274,147.298,-60.79855,56.35692,-59.36576,62.60535,0
-1.024345,8.399837,2.637306,10,-10,-10,0.44,500,-10,500,-10,21.12571,-23.57418,151.7408,-62.40884,57.7815,-61.43668,64.86198,0
-1.572104,8.224196,3.052111,-10,-10,-10,0.44,500,-10,500,-10,21.29284,-23.43458,151.9657,-62.82271,58.21593,-61.20921,64.61394,0
6.567985,2.437325,0.09990197,-10,4.691928,-10,0.44,500,-10,500,-10,20.75984,-23.35169,151.5264,-62.47377,58.26131,-61.19418,64.2046,0
-0.1160873,-8.605182,3.14965,-1.105911,10,-10,0.44,500,-10,500,-10,20.20686,-23.27197,151.0166,-61.99641,58.0761,-61.24908,63.96735,0
1.58884,-8.844312,1.535131,10,10,-10,0.44,500,-10,500,-10,20.07701,-23.15014,150.7852,-61.70989,57.80753,-61.34388,64.0442,0
-6.69904,1.055515,1.672183,10,-10,-10,0.44,500,-10,500,-10,20.34706,-23.07023,150.9748,-61.99243,57.65147,-61.21841,64.35735,0
0.9470919,8.304701,3.895542,-1.678614,-10,-10,0.44,500,-10,500,-10,20.56528,-22.9706,151.177,-62.2678,57.91649,-61.1106,64.25986,0
-0.03891087,8.829529,-0.02392185,-10,-10,-10,0.44,500,-10,500,-10,20.58237,-22.85675,151.3207,-62.49499,58.08974,-61.00251,64.2057,0
6.040129,-4.217543,1.583507,-10,10,-10,0.44,500,-10,500,-10,20.40836,-22.76384,151.2186,-62.20561,58.3142,-61.20724,63.89661,0
-0.1053612,-7.905114,4.819618,2.76653,10,-10,0.44,500,-10,500,-10,20.29258,-22.65849,151.0908,-61.91118,58.08124,-61.39577,64.02367,0
-1.838099,-8.218903,-0.7729098,10,2.182975,-10,0.44,500,-10,500,-10,20.35398,-22.55135,151.0289,-61.83907,57.84888,-61.41662,64.20476,0
-4.312691,6.541529,2.178277,10,-10,-10,0.44,500,-10,500,-10,20.50611,-22.45296,151.1315,-62.00736,57.74834,-61.33331,64.3903,0
-0.4961566,7.992047,4.222247,-10,-10,-10,0.44,500,-10,500,-10,20.48928,-22.34421,151.2303,-62.40366,58.11672,-61.01894,64.10384,0
4.935026,6.547591,-0.2005623,-10,1.725287,-10,0.44,500,-10,500,-10,20.40434,-22.24041,151.269,-62.29442,58.26761,-61.16019,63.98496,0
2.488944,-7.960784,2.667545,-10,10,-10,0.44,500,-10,500,-10,20.28256,-22.13589,151.1719,-62.13652,58.35889,-61.23767,63.81327,0
1.287913,-8.677919,2.965905,10,10,-10,0.44,500,-10,500,-10,20.33145,-22.02328,151.0864,-61.73725,58.00089,-61.56606,64.10039,0
-6.356978,-3.721206,-0.1833493,10,-2.008789,-10,0.44,500,-10,500,-10,20.42884,-21.91847,151.0551,-61.84628,57.85493,-61.43115,64.22045,0
-0.3931496,8.385015,2.722103,4.143229,-10,-10,0.44,500,-10,500,-10,20.49044,-21.81539,151.1517,-62.07245,57.90115,-61.28496,64.25423,0
-1.93132,8.463224,1.257871,-10,-10,-10,0.44,500,-10,500,-10,20.39167,-21.71043,151.2477,-62.37442,58.17142,-61.06256,64.06354,0
7.141726,-0.05359411,0.7966855,-10,10,-10,0.44,500,-10,500,-10,20.31079,-21.60509,151.1913,-62.10878,58.39947,-61.28145,63.78873,0
-0.8132144,-9.05866,3.109355,1.771961,10,-10,0.44,500,-10,500,-10,20.30742,-21.49341,151.0972,-61.8445,58.18542,-61.46777,63.92481,0
0.487089,-8.938092,-0.04858959,10,10,-10,0.44,500,-10,500,-10,20.46109,-21.38626,150.9912,-61.64355,58.00103,-61.5809,64.02138,0
-6.343014,3.213656,1.556395,10,-10,-10,0.44,500,-10,500,-10,20.52007,-21.27997,151.0575,-61.88503,57.80779,-61.39435,64.26955,0
0.6439652,8.317757,4.323599,-1.791965,-10,-10,0.44,500,-10,500,-10,20.48083,-21.17002,151.1769,-62.14299,58.0547,-61.23537,64.12162,0
1.641854,8.0816,-1.057551,-10,-3.824482,-10,0.44,500,-10,500,-10,20.30692,-21.06668,151.277,-62.28149,58.29822,-61.17976,63.961,0
5.027491,-6.032509,2.019117,-10,10,-10,0.44,500,-10,500,-10,20.30449,-20.95695,151.1584,-62.03938,58.44236,-61.32363,63.71861,0
0.6576338,-8.196394,4.210083,9.552663,10,-10,0.44,500,-10,500,-10,20.52404,-20.84982,150.9689,-61.59887,58.03537,-61.60715,63.96861,0
-4.303514,-6.666287,-0.9390747,10,-1.818637,-10,0.44,500,-10,500,-10,20.75284,-20.75074,150.827,-61.64523,57.83019,-61.44313,64.05612,0
-2.398925,7.864672,2.434412,10,-10,-10,0.44,500,-10,500,-10,20.63937,-20.62507,151.0502,-61.82701,57.84624,-61.44632,64.22504,0
-1.374568,8.427547,3.241883,-10,-10,-10,0.44,500,-10,500,-10,20.04331,-20.51482,151.5943,-62.50225,58.37028,-61.22195,64.15189,0
6.145576,3.472721,-0.3964056,-10,1.83864,-10,0.44,500,-10,500,-10,18.39093,-20.45092,153.1515,-63.17361,59.27297,-61.84081,64.53941,0
1.040933,-8.411924,3.208368,-4.621835,10,-10,0.44,500,-10,500,-10,9.108801,-20.46965,162.3615,-67.22374,63.69286,-65.42201,67.75084,0
1.833977,-8.87415,1.752765,10,10,-10,0.44,500,-10,500,-10,10.0015,-20.46917,161.5438,-66.61336,63.05693,-65.35485,67.70923,0
-7.151958,-0.1938655,0.7388746,10,-10,-10,0.44,500,-10,500,-10,11.85868,-20.55495,159.7848,-66.12572,61.94315,-64.38504,67.36555,0
0.7494805,8.980901,4.016009,-1.865311,-10,-10,0.44,500,-10,500,-10,11.82342,-20.69542,159.8619,-66.37196,62.1687,-64.20267,67.20387,0
-0.4128854,8.713444,-0.144073,-10,-10,-10,0.44,500,-10,500,-10,11.7131,-20.83621,159.8723,-66.53137,62.30737,-64.0519,67.07385,0
6.766387,-3.205848,1.760587,-10,10,-10,0.44,500,-10,500,-10,11.38533,-20.88285,160.1249,-66.43283,62.65233,-64.35973,66.93817,0
-0.09654096,-8.305525,4.384156,1.885314,10,-10,0.44,500,-10,500,-10,11.10406,-20.94855,160.3955,-66.36341,62.57323,-64.65337,67.24149,0
-1.554718,-8.120447,-0.751104,10,3.81346,-10,0.44,500,-10,500,-10,11.07366,-21.04107,160.5472,-66.36632,62.4232,-64.77614,67.5172,0
-4.85135,5.984275,1.643851,10,-10,-10,0.44,500,-10,500,-10,11.26054,-21.1512,160.4376,-66.47397,62.20356,-64.57767,67.64603,0
-0.4252391,8.290318,4.146853,-9.553134,-10,-10,0.44,500,-10,500,-10,11.27803,-21.27479,160.3392,-66.77412,62.48551,-64.19595,67.28252,0
4.390532,6.316316,-1.017562,-10,1.911985,-10,0.44,500,-10,500,-10,11.1925,-21.38301,160.3211,-66.65295,62.61664,-64.30219,67.13644,0
2.891763,-7.688975,2.576688,-10,10,-10,0.44,500,-10,500,-10,11.01661,-21.46672,160.4574,-66.63449,62.76797,-64.43358,67.09804,0
1.633451,-8.585189,3.199736,10,10,-10,0.44,500,-10,500,-10,11.02134,-21.56559,160.5721,-66.34332,62.47277,-64.81978,67.48827,0
-6.382531,-3.928867,-0.4195628,10,-1.93199,-10,0.44,500,-10,500,-10,11.09988,-21.66542,160.6212,-66.4908,62.35707,-64.71297,67.64465,0
-0.6511397,8.63868,2.782841,4.504837,-10,-10,0.44,500,-10,500,-10,11.1989,-21.77795,160.5325,-66.65649,62.29375,-64.47381,67.63448,0
-1.284179,9.112598,1.837392,-10,-10,-10,0.44,500,-10,500,-10,11.13512,-21.89518,160.4529,-66.88264,62.50263,-64.18167,67.35963,0
7.228705,-0.03694725,0.6284528,-10,10,-10,0.44,500,-10,500,-10,11.03224,-21.98978,160.5236,-66.69954,62.75597,-64.42336,67.16487,0
-0.0133228,-8.752656,3.649064,1.95866,10,-10,0.44,500,-10,500,-10,10.99423,-22.08859,160.6242,-66.53122,62.60488,-64.67506,67.39935,0
0.4806327,-8.927953,-0.16629,10,10,-10,0.44,500,-10,500,-10,11.10718,-22.18592,160.7271,-66.41175,62.523,-64.87974,67.56642,0
-6.649118,3.201142,1.268559,10,-10,-10,0.44,500,-10,500,-10,11.19522,-22.29536,160.6805,-66.63254,62.25364,-64.62035,67.79719,0
0.3898933,8.428612,4.132901,-1.978663,-10,-10,0.44,500,-10,500,-10,11.20953,-22.41452,160.6008,-66.83147,62.39489,-64.35543,67.58995,0
1.877556,8.092649,-1.1476,-10,-4.030834,-10,0.44,500,-10,500,-10,11.08664,-22.52709,160.5457,-66.90315,62.56448,-64.23802,67.37464,0
4.90206,-6.263419,1.573748,-10,10,-10,0.44,500,-10,500,-10,11.04251,-22.62157,160.649,-66.77523,62.78309,-64.45163,67.24171,0
0.7064648,-8.405007,4.001151,9.305153,10,-10,0.44,500,-10,500,-10,11.17552,-22.71452,160.7829,-66.46727,62.52963,-64.87045,67.60603,0
-4.249223,-6.426929,-0.8633488,10,-2.005334,-10,0.44,500,-10,500,-10,11.33017,-22.80792,160.8659,-66.60188,62.42267,-64.80467,67.78183,0
-2.688381,7.777261,2.270486,10,-10,-10,0.44,500,-10,500,-10,11.36238,-22.93554,160.7752,-66.68488,62.26089,-64.64655,67.86847,0
-1.319298,8.669003,3.160118,-10,-10,-10,0.44,500,-10,500,-10,11.21243,-23.06299,160.6671,-67.02579,62.52822,-64.21602,67.51154,0
6.27945,3.652402,-0.4856901,-10,2.025337,-10,0.44,500,-10,500,-10,11.08193,-23.17419,160.6298,-66.89915,62.63876,-64.31178,67.3701,0
1.165616,-8.563677,2.851717,-5.272593,10,-10,0.44,500,-10,500,-10,11.30008,-23.26061,160.9448,-66.7803,62.83295,-64.69162,67.4369,0
1.360472,-9.361343,1.021037,10,10,-10,0.44,500,-10,500,-10,11.8246,-23.31102,161.4119,-66.67347,62.7474,-65.18544,67.90945,0
-7.010001,-0.4004185,0.8306381,10,-9.709316,-10,0.44,500,-10,500,-10,12.151,-23.42244,161.6444,-66.98146,62.59514,-65.07016,68.25441,0
0.2478185,8.824427,3.547415,-2.052009,-10,-10,0.44,500,-10,500,-10,13.09007,-23.54433,162.5467,-67.47028,63.05946,-65.32893,68.53769,0
-0.5473574,8.689641,-0.2170558,-10,-10,-10,0.44,500,-10,500,-10,-6.211514,-23.52147,143.3456,-60.79214,56.22411,-56.09722,59.46321,0
6.651563,-3.237393,1.084931,-10,10,-10,0.44,500,-10,500,-10,-6.641566,-23.53971,143.0136,-60.53248,56.36059,-56.08183,59.05167,0
-0.2287949,-8.64777,3.895103,2.072012,10,-10,0.44,500,-10,500,-10,-8.451992,-23.62499,141.2421,-59.69655,55.59619,-55.44988,58.3482,0
-1.703744,-8.670041,-1.251346,10,5.791741,-10,0.44,500,-10,500,-10,-8.496075,-23.73272,141.0993,-59.60754,55.31246,-55.42058,58.51362,0
-5.177808,5.801258,1.638731,10,-10,-10,0.44,500,-10,500,-10,-7.807433,-23.79285,141.6984,-59.98795,55.36057,-55.53658,58.96191,0
-0.6525091,8.111231,3.681341,-8.109303,-10,-10,0.44,500,-10,500,-10,-7.515652,-23.90526,142.037,-60.36353,55.8584,-55.44154,58.74463,0
4.116079,6.869978,-1.033472,-10,2.098683,-10,0.44,500,-10,500,-10,-7.585324,-24.01108,142.0661,-60.28453,56.04298,-55.54466,58.58417,0
3.107756,-7.947155,1.876638,-10,10,-10,0.44,500,-10,500,-10,-7.915263,-24.09106,141.809,-60.17974,55.98157,-55.43646,58.43259,0
1.809618,-8.468867,3.661756,10,10,-10,0.44,500,-10,500,-10,-7.999751,-24.19996,141.6385,-59.81378,55.54463,-55.66109,58.7282,0
-6.057412,-4.465212,-0.5263468,10,-2.118687,-10,0.44,500,-10,500,-10,-7.937949,-24.30444,141.5934,-59.94065,55.38321,-55.49689,58.85229,0
-1.163426,8.507523,2.419312,7.802629,-10,-10,0.44,500,-10,500,-10,-7.741889,-24.40121,141.7411,-60.11817,55.39031,-55.44177,58.96759,0
-1.781609,8.584838,1.575154,-10,-10,-10,0.44,500,-10,500,-10,-7.736114,-24.51261,141.8546,-60.45159,55.76576,-55.20235,58.68614,0
7.169768,1.098545,0.09490418,-10,7.673892,-10,0.44,500,-10,500,-10,-7.860114,-24.61108,141.8077,-60.26412,55.93797,-55.35101,58.47512,0
0.4202814,-8.632617,3.343348,2.145357,10,-10,0.44,500,-10,500,-10,-7.950994,-24.71537,141.6998,-60.02898,55.69019,-55.49674,58.63349,0
1.041352,-8.873692,0.4938946,10,10,-10,0.44,500,-10,500,-10,-7.888086,-24.82317,141.6015,-59.86691,55.50595,-55.57732,58.73624,0
-7.240165,1.710227,0.674989,10,-10,-10,0.44,500,-10,500,-10,-7.772267,-24.92449,141.6644,-60.12389,55.29764,-55.37252,58.99673,0
0.235556,8.44383,3.727182,-2.16536,-10,-10,0.44,500,-10,500,-10,-7.716691,-25.03486,141.7535,-60.36303,55.54959,-55.20715,58.81854,0
1.279301,9.005865,-0.3114926,-10,-9.810177,-10,0.44,500,-10,500,-10,-7.810812,-25.14545,141.84,-60.52599,55.74518,-55.11588,58.69465,0
5.966988,-4.995357,1.483843,-10,10,-10,0.44,500,-10,500,-10,-7.906381,-25.24633,141.7768,-60.31064,55.92857,-55.27886,58.45889,0
0.3189797,-8.594761,4.069711,5.634966,10,-10,0.44,500,-10,500,-10,-7.888153,-25.35225,141.6827,-60.03624,55.60035,-55.47529,58.70913,0
-2.964381,-7.63976,-1.087323,10,-1.942883,-10,0.44,500,-10,500,-10,-7.78066,-25.45559,141.6424,-60.08754,55.36448,-55.39058,58.91161,0
-4.107515,6.902254,1.722198,10,-10,-10,0.44,500,-10,500,-10,-7.712845,-25.56415,141.7372,-60.21593,55.31644,-55.34073,59.03818,0
-0.9132251,8.595553,3.822242,-10,-10,-10,0.44,500,-10,500,-10,-7.816551,-25.67581,141.8332,-60.59026,55.72374,-55.04596,58.71044,0
5.521406,5.384431,-0.7972029,-10,2.212036,-10,0.44,500,-10,500,-10,-7.937853,-25.77993,141.8773,-60.47901,55.89494,-55.19381,58.57583,0
2.291933,-8.247667,2.506786,-10,10,-10,0.44,500,-10,500,-10,-7.966011,-25.88865,141.7622,-60.38794,55.90348,-55.18945,58.47187,0
1.591285,-8.801661,2.50743,10,10,-10,0.44,500,-10,500,-10,-7.814077,-25.99674,141.634,-60.01536,55.48152,-55.45586,58.78765,0
-6.841218,-3.075767,-0.3427736,10,-4.054649,-10,0.44,500,-10,500,-10,-7.689541,-26.09957,141.5998,-60.1647,55.29922,-55.27816,58.9416,0
-0.09727824,8.994762,3.239367,2.36444,-10,-10,0.44,500,-10,500,-10,-7.754948,-26.21413,141.7516,-60.4276,55.43881,-55.14098,58.92772,0
-0.9982063,9.276758,1.584289,-10,-10,-10,0.44,500,-10,500,-10,-8.034086,-26.31765,141.9674,-60.69977,55.80762,-55.04768,58.73779,0
7.559689,-0.3640115,0.9134515,-10,10,-10,0.44,500,-10,500,-10,-8.01322,-26.43232,141.8405,-60.46735,55.94233,-55.17492,58.4979,0
-0.07061151,-8.881796,3.519952,2.25871,10,-10,0.44,500,-10,500,-10,-7.681808,-26.54232,141.4598,-60.13168,55.51746,-55.1952,58.60738,0
0.3738457,-8.936148,-0.2734985,10,10,-10,0.44,500,-10,500,-10,-6.65038,-26.59632,140.5201,-59.52738,54.90521,-55.02084,58.44096,0
-6.438957,3.536558,1.473208,10,-10,-10,0.44,500,-10,500,-10,-5.124483,-26.66808,139.0895,-58.97738,54.00729,-54.38548,58.15353,0
0.2736963,8.430283,4.024023,-2.278713,-10,-10,0.44,500,-10,500,-10,-3.281663,-26.60888,137.2858,-58.31451,53.45225,-53.55382,57.21404,0
1.67762,8.117056,-1.321956,-10,-5.404141,-10,0.44,500,-10,500,-10,-4.008024,-26.50537,137.9158,-58.65889,53.91537,-53.7314,57.27287,0
5.525872,-5.828983,1.766496,-10,10,-10,0.44,500,-10,500,-10,-4.65271,-26.455,138.4731,-58.75341,54.35947,-54.09865,57.29056,0
0.3859073,-8.679712,3.843086,7.956982,10,-10,0.44,500,-10,500,-10,-4.964338,-26.3517,138.8323,-58.67689,54.16214,-54.47285,57.78556,0
-3.861822,-7.104108,-1.149578,10,-2.305384,-10,0.44,500,-10,500,-10,-4.913159,-26.24732,138.8816,-58.80527,54.00401,-54.38535,57.98457,0
-3.420312,7.529139,1.964328,10,-10,-10,0.44,500,-10,500,-10,-4.598464,-26.16006,138.6408,-58.70726,53.87135,-54.28381,57.91767,0
-1.320146,8.562845,3.326181,-10,-10,-10,0.44,500,-10,500,-10,-4.528349,-26.04695,138.4846,-58.95293,54.17345,-53.90874,57.48618,0
6.044697,4.834427,-0.3651634,-10,2.325387,-10,0.44,500,-10,500,-10,-4.597432,-25.94165,138.4486,-58.79749,54.31107,-54.03433,57.31871,0
1.501394,-8.721256,2.340837,-10,10,-10,0.44,500,-10,500,-10,-4.803506,-25.84813,138.598,-58.78897,54.47102,-54.16659,57.28249,0
1.623631,-8.85741,2.12314,10,10,-10,0.44,500,-10,500,-10,-4.814663,-25.7383,138.7127,-58.51991,54.16007,-54.5307,57.6885,0
-6.844242,-2.025384,0.1642433,10,-5.645979,-10,0.44,500,-10,500,-10,-4.709303,-25.63728,138.6988,-58.6754,53.98568,-54.36374,57.85142,0
-0.3064231,8.570745,2.809562,0.4505532,-10,-10,0.44,500,-10,500,-10,-4.607204,-25.53333,138.5917,-58.80312,54.08704,-54.14722,57.66125,0
-1.415376,8.700405,0.5385431,-10,-10,-10,0.44,500,-10,500,-10,-4.663562,-25.42444,138.4955,-58.93236,54.24458,-53.93831,57.42404,0
7.444702,-0.9852346,0.9246387,-10,10,-10,0.44,500,-10,500,-10,-4.778791,-25.32406,138.561,-58.73738,54.51126,-54.18753,57.21161,0
-0.07995161,-8.778505,3.684228,2.372062,10,-10,0.44,500,-10,500,-10,-4.831948,-25.21505,138.6516,-58.58139,54.33173,-54.41864,57.46626,0
0.08796406,-9.013697,-0.4481089,10,10,-10,0.44,500,-10,500,-10,-4.736442,-25.10598,138.7411,-58.50103,54.22028,-54.57318,57.65189,0
-6.116145,3.943765,1.860304,10,-10,-10,0.44,500,-10,500,-10,-4.64148,-25.0039,138.6796,-58.67365,53.99025,-54.3495,57.83086,0
0.3113835,8.467899,4.082423,-2.392065,-10,-10,0.44,500,-10,500,-10,-4.617209,-24.89513,138.5889,-58.81594,54.19624,-54.13207,57.54973,0
1.837468,8.097252,-1.333155,-10,-4.951995,-10,0.44,500,-10,500,-10,-4.734492,-24.78924,138.5192,-58.85581,54.37529,-54.03449,57.31297,0
5.412341,-5.88309,1.769232,-10,10,-10,0.44,500,-10,500,-10,-4.805051,-24.68492,138.5977,-58.72615,54.58245,-54.22921,57.17086,0
0.6328362,-8.45012,4.178274,8.016622,10,-10,0.44,500,-10,500,-10,-4.722224,-24.57692,138.6998,-58.47802,54.29697,-54.56194,57.54095,0
-4.078788,-7.260711,-1.420671,10,-2.418736,-10,0.44,500,-10,500,-10,-4.598669,-24.47382,138.7468,-58.6037,54.13311,-54.47522,57.74377,0
-3.453254,7.528486,1.898527,10,-10,-10,0.44,500,-10,500,-10,-4.569325,-24.36246,138.635,-58.60542,54.03965,-54.38081,57.74454,0
-1.179283,8.643791,3.528883,-10,-10,-10,0.44,500,-10,500,-10,-4.721277,-24.25164,138.5099,-58.87939,54.36439,-54.0032,57.31617,0
5.61251,4.611579,-0.9363352,-10,2.43874,-10,0.44,500,-10,500,-10,-4.871601,-24.14841,138.4431,-58.7148,54.4951,-54.1124,57.13005,0
2.053753,-8.31331,2.801182,-10,10,-10,0.44,500,-10,500,-10,-4.837711,-24.03438,138.6008,-58.6977,54.64364,-54.26019,57.11221,0
1.435898,-8.997063,2.105398,10,10,-10,0.44,500,-10,500,-10,-4.580683,-23.92726,138.8159,-58.48129,54.33278,-54.65482,57.60129,0
-6.849113,-2.60656,-0.08069438,10,-4.77668,-10,0.44,500,-10,500,-10,-4.417492,-23.82414,138.8847,-58.67991,54.17691,-54.51326,57.81422,0
-0.4286066,8.553398,2.643848,2.043294,-10,-10,0.44,500,-10,500,-10,-4.67318,-23.70229,138.5606,-58.67649,54.21571,-54.24809,57.50684,0
-1.416543,8.948479,1.074681,-10,-10,-10,0.44,500,-10,500,-10,-5.880146,-23.62187,137.4341,-58.50742,54.08519,-53.4838,56.70398,0
7.273729,-0.7600019,0.4575335,-10,10,-10,0.44,500,-10,500,-10,-24.73175,-23.57149,118.6803,-51.63641,47.53962,-44.81559,47.71034,0
0.00329268,-8.766999,3.650384,2.485415,10,-10,0.44,500,-10,500,-10,-29.25291,-23.53918,114.1973,-49.79613,45.70403,-42.9413,45.83136,0
0.3765798,-9.060162,-0.3377403,10,10,-10,0.44,500,-10,500,-10,-31.25648,-23.50634,112.0918,-48.89176,44.93693,-42.10105,44.85384,0
-6.896445,2.951867,1.133797,10,-10,-10,0.44,500,-10,500,-10,-29.48255,-23.59467,113.7659,-49.77952,45.22873,-42.60043,45.94918,0
0.3685004,8.459719,4.048811,-2.505418,-10,-10,0.44,500,-10,500,-10,-24.7543,-23.59887,118.4585,-51.64609,47.10613,-44.62213,47.96004,0
1.839693,8.945194,-0.4099122,-10,-8.251964,-10,0.44,500,-10,500,-10,-20.06913,-23.54402,123.2431,-53.37558,49.00419,-46.85711,50.02646,0
5.69978,-5.443655,1.646562,-10,10,-10,0.44,500,-10,500,-10,-18.66299,-23.45343,124.7506,-53.7388,49.79176,-47.74298,50.48799,0
0.4237217,-8.459908,4.272341,6.103234,10,-10,0.44,500,-10,500,-10,-18.15277,-23.32974,125.2534,-53.60445,49.67563,-48.29391,51.02069,0
-2.993213,-7.564183,-0.9532441,10,-1.793069,-10,0.44,500,-10,500,-10,-17.89527,-23.22988,125.4184,-53.71732,49.53765,-48.31776,51.29539,0
-3.962716,7.193751,1.912606,10,-10,-10,0.44,500,-10,500,-10,-17.42168,-23.18791,125.8141,-53.94377,49.58546,-48.41925,51.57551,0
-0.9805452,8.342245,3.694723,-10,-10,-10,0.44,500,-10,500,-10,-17.22675,-23.09633,126.0929,-54.40862,50.01036,-48.18538,51.3816,0
5.319438,5.827259,-0.7935107,-10,2.552092,-10,0.44,500,-10,500,-10,-17.25813,-22.99612,126.1674,-54.31271,50.17158,-48.34304,51.28214,0
2.493784,-8.109407,2.378452,-10,10,-10,0.44,500,-10,500,-10,-17.50081,-22.89219,125.9962,-54.12194,50.248,-48.39196,51.06386,0
1.546106,-8.873915,2.849984,10,10,-10,0.44,500,-10,500,-10,-17.52508,-22.77153,125.8825,-53.72208,49.87549,-48.69756,51.34211,0
-6.374052,-3.798772,-0.2703497,10,-2.572096,-10,0.44,500,-10,500,-10,-17.44192,-22.66479,125.862,-53.84259,49.72862,-48.56011,51.47205,0
-0.9536274,8.480293,2.236396,6.594219,-10,-10,0.44,500,-10,500,-10,-17.27428,-22.57704,126.0007,-54.0314,49.75165,-48.48619,51.56391,0
-1.611658,8.841848,1.700185,-10,-10,-10,0.44,500,-10,500,-10,-17.28533,-22.47609,126.117,-54.38364,50.06192,-48.2303,51.34997,0
7.320998,0.9312638,0.1469688,-10,7.761123,-10,0.44,500,-10,500,-10,-17.39731,-22.3734,126.0852,-54.16084,50.27107,-48.42677,51.11449,0
0.1262417,-8.780541,3.098829,2.189425,10,-10,0.44,500,-10,500,-10,-17.46736,-22.25956,125.9965,-53.86452,50.08687,-48.64958,51.2252,0
0.9417746,-9.182355,0.4098706,10,10,-10,0.44,500,-10,500,-10,-17.38799,-22.14422,125.9129,-53.68073,49.92656,-48.76416,51.3163,0
-7.2993,1.423553,0.9411805,10,-10,-10,0.44,500,-10,500,-10,-17.28071,-22.04789,125.9841,-53.92477,49.72931,-48.57907,51.57248,0
0.4610682,8.563532,3.68452,-2.61877,-10,-10,0.44,500,-10,500,-10,-17.24043,-21.94552,126.0809,-54.19226,49.96709,-48.39183,51.41496,0
0.39246,8.916973,-0.4181025,-10,-10,-10,0.44,500,-10,500,-10,-17.34766,-21.84435,126.1793,-54.3839,50.12037,-48.28168,51.34317,0
6.59605,-3.975648,1.611505,-10,10,-10,0.44,500,-10,500,-10,-17.43645,-21.73683,126.125,-54.11866,50.35072,-48.50196,51.06787,0
-0.4472551,-8.762241,3.821848,2.751311,10,-10,0.44,500,-10,500,-10,-17.44846,-21.6209,126.0414,-53.83654,50.1308,-48.71478,51.21849,0
-1.984308,-8.463315,-1.270809,10,4.865213,-10,0.44,500,-10,500,-10,-17.32438,-21.51037,125.9774,-53.71496,49.93853,-48.78334,51.35773,0
-5.034576,5.946929,1.557491,10,-10,-10,0.44,500,-10,500,-10,-17.2702,-21.41156,126.0702,-53.93246,49.79174,-48.64269,51.58138,0
-0.2345423,8.428389,4.277364,-7.797239,-10,-10,0.44,500,-10,500,-10,-17.37257,-21.31202,126.1916,-54.31708,50.12522,-48.3587,51.34852,0
3.437745,6.642898,-1.622647,-10,2.665444,-10,0.44,500,-10,500,-10,-17.5118,-21.21317,126.2557,-54.25647,50.32967,-48.47239,51.19715,0
3.716525,-7.500857,2.089367,-10,10,-10,0.44,500,-10,500,-10,-17.53548,-21.09237,126.15,-54.09377,50.40754,-48.54757,51.03175,0
1.522927,-8.393162,3.881016,10,10,-10,0.44,500,-10,500,-10,-17.37152,-20.97258,126.0251,-53.64949,50.04881,-48.88828,51.28693,0
-5.435321,-5.33639,-0.6145776,10,-2.685448,-10,0.44,500,-10,500,-10,-17.22447,-20.86495,125.968,-53.74525,49.88909,-48.74522,51.39935,0
-1.881448,8.254395,2.127526,10,-10,-10,0.44,500,-10,500,-10,-17.34316,-20.76205,126.2073,-53.98236,49.86372,-48.7064,51.623,0
-1.54355,8.607294,2.751554,-10,-10,-10,0.44,500,-10,500,-10,-17.7533,-20.67802,126.5718,-54.53807,50.33738,-48.45273,51.45138,0
7.008006,3.183378,0.1274197,-10,3.21618,-10,0.44,500,-10,500,-10,-18.20175,-20.6025,126.9316,-54.55818,50.66622,-48.73076,51.42067,0
0.6993419,-8.79335,2.712036,-5.00279,10,-10,0.44,500,-10,500,-10,-18.51094,-20.46448,127.1675,-54.50182,50.78296,-48.98257,51.4994,0
1.71401,-9.126036,1.38177,10,10,-10,0.44,500,-10,500,-10,-19.58689,-20.41061,128.3216,-54.8524,51.14147,-49.58826,52.09714,0
-7.262024,-0.6726346,0.6094265,10,-8.69169,-10,0.44,500,-10,500,-10,-24.7036,-20.45478,133.5394,-57.46603,53.32768,-51.29806,54.23437,0
0.1461219,8.67592,3.146177,-2.732122,-10,-10,0.44,500,-10,500,-10,-26.60071,-20.51026,135.4727,-58.63393,54.53504,-51.73206,54.6289,0
-1.031424,8.699255,0.09361613,-10,-10,-10,0.44,500,-10,500,-10,-26.07401,-20.6291,134.8432,-58.51428,54.3208,-51.33008,54.32153,0
7.369711,-1.948833,1.191716,-10,10,-10,0.44,500,-10,500,-10,-26.59974,-20.68631,135.2815,-58.50471,54.75318,-51.70289,54.25238,0
-0.4513281,-8.716865,3.685865,2.752125,10,-10,0.44,500,-10,500,-10,-26.96901,-20.7869,135.6282,-58.40308,54.7498,-52.09178,54.54301,0
-0.3769886,-9.023344,-0.6563391,10,10,-10,0.44,500,-10,500,-10,-27.03188,-20.91089,135.8048,-58.32105,54.73851,-52.3201,54.70061,0
-6.124513,4.284138,1.682471,10,-10,-10,0.44,500,-10,500,-10,-26.78243,-20.99075,135.6313,-58.51009,54.37751,-51.98737,54.91791,0
0.551317,8.551399,4.410512,-3.185407,-10,-10,0.44,500,-10,500,-10,-26.60181,-21.08899,135.4508,-58.70638,54.46002,-51.64148,54.68579,0
2.519245,8.558384,-0.7190992,-10,-4.427333,-10,0.44,500,-10,500,-10,-26.62572,-21.19584,135.3533,-58.73591,54.58442,-51.53119,54.48063,0
5.366835,-5.988661,1.971146,-10,10,-10,0.44,500,-10,500,-10,-26.80446,-21.29424,135.4676,-58.62652,54.80871,-51.73522,54.35099,0
0.5449834,-8.411186,4.257587,7.933413,10,-10,0.44,500,-10,500,-10,-26.83789,-21.40554,135.5782,-58.34694,54.57325,-52.10648,54.67812,0
-3.816163,-7.199359,-1.109328,10,-2.7988,-10,0.44,500,-10,500,-10,-26.7562,-21.51043,135.6076,-58.46316,54.40181,-52.01464,54.87395,0
-3.164823,7.708938,2.230546,10,-10,-10,0.44,500,-10,500,-10,-26.60622,-21.60892,135.4954,-58.52757,54.22741,-51.85723,54.95536,0
-1.316296,8.270529,3.405123,-10,-10,-10,0.44,500,-10,500,-10,-26.63724,-21.71827,135.4005,-58.85695,54.50379,-51.44924,54.60036,0
5.498122,5.044388,-0.9220266,-10,2.818803,-10,0.44,500,-10,500,-10,-26.7266,-21.8219,135.3681,-58.71228,54.63174,-51.56707,54.44557,0
2.040864,-8.375778,2.445488,-10,10,-10,0.44,500,-10,500,-10,-26.84044,-21.92691,135.4632,-58.67524,54.76047,-51.6829,54.39563,0
1.728712,-8.73061,2.910295,10,10,-10,0.44,500,-10,500,-10,-26.77918,-22.03905,135.5488,-58.35155,54.46731,-52.07754,54.75974,0
-6.745212,-3.4387,-0.2851241,10,-2.969487,-10,0.44,500,-10,500,-10,-26.67956,-22.14344,135.5774,-58.50359,54.32768,-51.9492,54.92307,0
-0.6970145,8.534225,2.408963,5.692549,-10,-10,0.44,500,-10,500,-10,-26.61779,-22.24783,135.4813,-58.64702,54.2442,-51.72607,54.92685,0
-1.771588,8.769806,1.434494,-10,-10,-10,0.44,500,-10,500,-10,-26.72112,-22.35422,135.3849,-58.90247,54.45485,-51.3908,54.63638,0
7.779552,1.134659,0.9046883,-10,8.160096,-10,0.44,500,-10,500,-10,-26.80479,-22.45817,135.4225,-58.72381,54.67417,-51.60064,54.44823,0
-0.194845,-8.966376,2.94819,2.639895,10,-10,0.44,500,-10,500,-10,-26.79453,-22.56895,135.5218,-58.51297,54.53577,-51.89371,54.66885,0
0.9374772,-9.199849,0.3824172,10,10,-10,0.44,500,-10,500,-10,-26.62944,-22.67382,135.6364,-58.40163,54.47285,-52.10005,54.82679,0
-6.998643,1.741686,1.320353,10,-10,-10,0.44,500,-10,500,-10,-26.5789,-22.78206,135.5631,-58.62187,54.1861,-51.81902,55.05276,0
0.6992748,8.660429,3.909061,-2.885481,-10,-10,0.44,500,-10,500,-10,-26.63507,-22.89395,135.4373,-58.83285,54.31593,-51.50384,54.81871,0
0.0437063,8.6766,-0.7685112,-10,-10,-10,0.44,500,-10,500,-10,-26.86713,-22.99509,135.273,-58.91159,54.36956,-51.28896,54.62895,0
6.582165,-3.930033,1.502458,-10,10,-10,0.44,500,-10,500,-10,-26.88595,-23.10854,135.3655,-58.73415,54.62578,-51.54305,54.44937,0
-0.4469991,-8.64899,3.985333,2.905484,10,-10,0.44,500,-10,500,-10,-26.73867,-23.22364,135.5658,-58.55882,54.51098,-51.88428,54.73008,0
-1.7798,-8.595918,-1.108575,10,6.286318,-10,0.44,500,-10,500,-10,-26.37186,-23.32101,135.8461,-58.51884,54.50015,-52.15654,54.97319,0
-5.275747,5.717013,1.435136,10,-10,-10,0.44,500,-10,500,-10,-26.47285,-23.44255,135.6417,-58.6743,54.18678,-51.83173,55.11721,0
-0.2680015,8.242141,4.141245,-6.963562,-10,-10,0.44,500,-10,500,-10,-27.96807,-23.54691,134.1645,-58.45095,53.82763,-50.83111,54.25239,0
3.683892,7.374586,-1.030187,-10,2.91595,-10,0.44,500,-10,500,-10,-47.27533,-23.53842,114.9562,-51.48833,47.15711,-41.87789,45.00706,0
3.742441,-7.550306,1.710661,-10,10,-10,0.44,500,-10,500,-10,-77.83611,-23.63344,84.49492,-40.58419,36.39849,-27.54218,30.52583,0
1.092538,-8.49292,3.796576,10,10,-10,0.44,500,-10,500,-10,-77.71618,-23.77344,84.55049,-40.2703,36.06398,-27.90211,30.90639,0
-5.251469,-5.972347,-0.9990582,10,-2.952158,-10,0.44,500,-10,500,-10,-77.48843,-23.87301,84.68456,-40.46611,35.95346,-27.8174,31.12801,0
-2.474514,7.842653,1.680117,10,-10,-10,0.44,500,-10,500,-10,-77.00142,-23.92699,85.0919,-40.69061,36.01129,-27.93042,31.40768,0
-1.29209,8.810788,3.391324,-10,-10,-10,0.44,500,-10,500,-10,-76.82817,-24.02925,85.34873,-41.08117,36.49476,-27.75266,31.13703,0
6.482918,3.70315,-0.2250198,-10,2.972162,-10,0.44,500,-10,500,-10,-76.87916,-24.13179,85.40092,-40.95236,36.67259,-27.92472,31.00244,0
0.7621182,-8.923687,2.331792,-8.182175,10,-10,0.44,500,-10,500,-10,-77.12187,-24.22912,85.21841,-40.83856,36.60078,-27.88728,30.92302,0
1.799232,-8.88353,1.986624,10,10,-10,0.44,500,-10,500,-10,-77.14967,-24.34442,85.09122,-40.50428,36.21385,-28.11618,31.20457,0
-6.949605,-1.420689,0.5964715,10,-6.611128,-10,0.44,500,-10,500,-10,-77.02307,-24.44226,85.13284,-40.70761,36.03065,-27.94733,31.42224,0
0.2770064,8.715769,3.098849,-0.03939939,-10,-10,0.44,500,-10,500,-10,-76.89404,-24.54136,85.26024,-40.9404,36.23059,-27.82011,31.32788,0
-1.123668,9.129593,1.119726,-10,-10,-10,0.44,500,-10,500,-10,-76.92769,-24.64803,85.36941,-41.13407,36.47026,-27.71689,31.17865,0
7.542459,-0.8276855,1.155412,-10,10,-10,0.44,500,-10,500,-10,-77.05799,-24.74869,85.2969,-40.91395,36.64507,-27.87693,30.94377,0
-0.3347963,-8.735861,3.687012,3.018837,10,-10,0.44,500,-10,500,-10,-77.12534,-24.86006,85.20462,-40.69194,36.35504,-28.02247,31.15733,0
0.7097735,-8.773871,0.08718801,10,10,-10,0.44,500,-10,500,-10,-77.04613,-24.9727,85.11716,-40.55543,36.17245,-28.08651,31.26745,0
-6.498057,3.39051,1.639839,10,-10,-10,0.44,500,-10,500,-10,-76.9384,-25.07107,85.18729,-40.80074,35.97305,-27.89931,31.52496,0
0.4594094,8.301518,4.017166,-3.03884,-10,-10,0.44,500,-10,500,-10,-76.89993,-25.17654,85.28076,-41.04068,36.25008,-27.73683,31.32539,0
1.275356,8.690437,-0.8429008,-10,-9.823366,-10,0.44,500,-10,500,-10,-77.00673,-25.28069,85.37504,-41.18328,36.43467,-27.67234,31.21891,0
5.645348,-5.52325,1.447501,-10,10,-10,0.44,500,-10,500,-10,-77.09448,-25.38651,85.31478,-40.96491,36.61306,-27.84078,30.9906,0
0.2110933,-8.309924,4.473837,5.281777,10,-10,0.44,500,-10,500,-10,-77.07249,-25.49896,85.2261,-40.70013,36.28164,-28.03209,31.24853,0
-2.900893,-8.157859,-1.326479,10,0.6400614,-10,0.44,500,-10,500,-10,-76.95556,-25.605,85.17754,-40.71992,36.04774,-27.97207,31.4422,0
-4.168468,6.992773,1.945612,10,-10,-10,0.44,500,-10,500,-10,-76.90307,-25.7079,85.27652,-40.85749,35.98624,-27.91651,31.58572,0
-0.7220214,8.168398,3.960282,-9.655752,-10,-10,0.44,500,-10,500,-10,-77.02873,-25.81223,85.39157,-41.22198,36.40046,-27.64735,31.26683,0
4.554282,6.237731,-1.145662,-10,3.085514,-10,0.44,500,-10,500,-10,-77.16313,-25.91299,85.44828,-41.10305,36.59331,-27.81326,31.12096,0
2.868381,-7.963409,2.157709,-10,10,-10,0.44,500,-10,500,-10,-77.18153,-26.03076,85.3355,-41.02023,36.58477,-27.80264,31.03605,0
1.380691,-8.789473,3.226559,10,10,-10,0.44,500,-10,500,-10,-77.00842,-26.14693,85.20158,-40.66108,36.13249,-28.05082,31.37737,0
-5.923105,-4.638389,-0.3109218,10,-3.105517,-10,0.44,500,-10,500,-10,-76.85492,-26.25285,85.13698,-40.79194,35.9307,-27.86642,31.52563,0
-1.125652,8.568239,2.424907,10,-10,-10,0.44,500,-10,500,-10,-76.95576,-26.36171,85.35722,-40.91969,35.99688,-27.92118,31.64194,0
-1.446772,8.774337,2.773437,-10,-10,-10,0.44,500,-10,500,-10,-77.34902,-26.4547,85.7015,-41.38339,36.54385,-27.74273,31.38023,0
7.030817,2.545622,0.1820862,-10,4.52898,-10,0.44,500,-10,500,-10,-77.7112,-26.54549,85.97191,-41.35905,36.8333,-27.99114,31.31484,0
0.4189854,-8.644516,2.928087,-3.570239,10,-10,0.44,500,-10,500,-10,-77.75938,-26.68647,85.95193,-41.19284,36.76952,-28.14079,31.36206,0
1.868139,-9.04431,1.437832,10,10,-10,0.44,500,-10,500,-10,-77.66281,-26.8271,85.93832,-40.96111,36.51707,-28.36125,31.60324,0
-7.54228,-0.3771999,0.6204009,10,-9.333861,-10,0.44,500,-10,500,-10,-76.93352,-26.88633,85.30159,-40.94525,35.9227,-27.84952,31.67003,0
0.3926808,8.672159,3.29253,-3.152191,-10,-10,0.44,500,-10,500,-10,-76.50783,-27.00053,84.90274,-41.03452,35.90244,-27.42976,31.3598,0
-0.770205,8.913934,0.2221596,-10,-10,-10,0.44,500,-10,500,-10,-76.47924,-27.13481,84.767,-41.10312,35.95125,-27.24869,31.19852,0
7.602655,-2.072174,1.734547,-10,10,-10,0.44,500,-10,500,-10,-76.78003,-27.20035,84.99189,-40.99297,36.28182,-27.54518,31.05429,0
-0.4908296,-8.563006,3.889399,3.172195,10,-10,0.44,500,-10,500,-10,-77.00795,-27.28831,85.21442,-40.86428,36.17231,-27.85826,31.34819,0
-0.383616,-9.006332,-0.6829066,10,10,-10,0.44,500,-10,500,-10,-77.04315,-27.39318,85.37958,-40.77982,36.16517,-28.07957,31.49217,0
-6.240074,4.373813,1.491944,10,-10,-10,0.44,500,-10,500,-10,-76.86746,-27.49144,85.27728,-40.98939,35.85093,-27.78524,31.72165,0
0.4921872,8.353214,4.324791,-3.342127,-10,-10,0.44,500,-10,500,-10,-76.75629,-27.60479,85.16228,-41.20071,35.98592,-27.47863,31.49137,0
2.053392,8.166922,-1.353657,-10,-5.038709,-10,0.44,500,-10,500,-10,-76.81512,-27.71821,85.09519,-41.24523,36.11914,-27.37852,31.30257,0
4.760299,-6.512755,1.230586,-10,10,-10,0.44,500,-10,500,-10,-76.96676,-27.80962,85.19868,-41.12366,36.34364,-27.58583,31.16381,0
0.2690468,-8.547071,4.103128,7.570572,10,-10,0.44,500,-10,500,-10,-76.98264,-27.91099,85.30711,-40.84732,36.11347,-27.95202,31.48382,0
-3.873808,-7.453757,-1.236378,10,-3.21887,-10,0.44,500,-10,500,-10,-76.89738,-28.01268,85.34415,-40.96227,35.93686,-27.86777,31.69114,0
-3.346326,7.590268,2.024863,10,-10,-10,0.44,500,-10,500,-10,-76.77576,-28.12228,85.25313,-41.02835,35.78156,-27.72626,31.771,0
-0.9911767,8.394976,3.862163,-10,-10,-10,0.44,500,-10,500,-10,-76.83217,-28.23909,85.17365,-41.36948,36.06183,-27.31928,31.42488,0
5.238575,5.368165,-1.075434,-10,3.238873,-10,0.44,500,-10,500,-10,-76.92913,-28.34488,85.15186,-41.22721,36.19702,-27.44349,31.27163,0
1.93543,-8.547529,2.046212,-10,10,-10,0.44,500,-10,500,-10,-77.0197,-28.4432,85.2534,-41.18121,36.33744,-27.57364,31.21536,0
1.672692,-8.79134,2.996108,10,10,-10,0.44,500,-10,500,-10,-76.93433,-28.54695,85.35082,-40.85588,36.05295,-27.97968,31.58057,0
-6.502122,-3.626736,-0.04272836,10,-3.258877,-10,0.44,500,-10,500,-10,-76.82442,-28.64799,85.39232,-41.01159,35.91917,-27.85835,31.74873,0
-0.5852397,8.694624,2.491468,7.719521,-10,-10,0.44,500,-10,500,-10,-76.77036,-28.76265,85.30328,-41.12049,35.80799,-27.67567,31.78613,0
-1.448911,8.993722,2.204577,-10,-10,-10,0.44,500,-10,500,-10,-76.88834,-28.87857,85.21094,-41.42559,36.04297,-27.29406,31.47463,0
7.434478,1.224344,0.3986828,-10,6.953413,-10,0.44,500,-10,500,-10,-76.96564,-28.97999,85.24569,-41.2509,36.25523,-27.49755,31.29118,0
-0.2629626,-8.903818,2.820615,0.5691912,10,-10,0.44,500,-10,500,-10,-76.92355,-29.08006,85.37935,-41.05834,36.19395,-27.80085,31.4632,0
1.50402,-9.05247,1.068594,10,10,-10,0.44,500,-10,500,-10,-76.71128,-29.1701,85.54018,-40.91982,36.12062,-28.07263,31.66978,0
-7.103499,1.198381,1.303585,10,-10,-10,0.44,500,-10,500,-10,-76.66168,-29.28765,85.47872,-41.13571,35.84821,-27.80582,31.89129,0
0.6994279,8.67829,3.777411,-3.305551,-10,-10,0.44,500,-10,500,-10,-76.73993,-29.41298,85.34946,-41.3595,35.97913,-27.47493,31.65326,0
-0.1690422,8.944984,-0.1818619,-10,-10,-10,0.44,500,-10,500,-10,-77.03613,-29.5274,85.13695,-41.45802,35.96599,-27.20032,31.49032,0
6.982835,-3.32356,1.654329,-10,10,-10,0.44,500,-10,500,-10,-76.91228,-29.63536,85.36848,-41.27641,36.32541,-27.57378,31.32274,0
-0.3323925,-8.422607,4.224416,3.325554,10,-10,0.44,500,-10,500,-10,-76.31767,-29.71785,86.0068,-41.23979,36.36991,-28.1393,31.80714,0
0.8302704,-4.790845,2.470601,10,9.747764,-10,0.44,500,-10,500,-10,-75.16756,-29.69862,87.06453,-41.44468,36.57195,-28.81084,32.48153,0.6666111
-2.420354,11.46764,6.793309,10,-10,-10,0.44,500,-10,500,-10,-74.16252,-29.7073,87.97881,-41.96389,36.64519,-29.04919,33.16585,1
2.975035,14.18208,9.12921,-5.496135,-10,-10,0.44,500,-10,500,-10,-73.46272,-29.62219,88.68515,-42.56984,37.07273,-29.0285,33.32358,1
6.098278,13.94053,3.844885,-10,-0.4422669,-10,0.44,500,-10,500,-10,-73.4846,-29.51259,88.76316,-42.57497,37.28805,-29.08802,33.1729,1
7.519625,-1.00466,6.864326,-10,10,-10,0.44,500,-10,500,-10,-73.88853,-29.43544,88.43969,-42.27462,37.36614,-29.12034,32.82677,1
3.714076,-2.482973,8.987194,9.651543,10,-10,0.44,500,-10,500,-10,-73.96841,-29.30544,88.22908,-41.80772,36.9986,-29.41273,33.01982,1
-1.582862,-0.4383814,4.192395,10,-3.372228,-10,0.44,500,-10,500,-10,-73.88439,-29.19206,88.18445,-41.92075,36.82721,-29.26272,33.15423,1
0.5771507,14.06652,7.365363,10,-10,-10,0.44,500,-10,500,-10,-73.66022,-29.09212,88.34298,-42.05375,36.80016,-29.26108,33.31263,1
1.592025,14.50482,8.397224,-10,-10,-10,0.44,500,-10,500,-10,-73.64639,-28.97596,88.45649,-42.46486,37.16239,-28.94402,33.04445,1
9.410438,10.61948,4.733191,-10,3.392231,-10,0.44,500,-10,500,-10,-73.7295,-28.87087,88.47871,-42.32689,37.32819,-29.1004,32.89706,1
3.9917,-2.947991,7.012492,-10,10,-10,0.44,500,-10,500,-10,-73.89752,-28.77656,88.35396,-42.16718,37.40357,-29.15675,32.71831,1
4.647159,-2.926636,7.369219,10,10,-10,0.44,500,-10,500,-10,-73.87769,-28.66947,88.25066,-41.75874,37.0433,-29.47959,32.99298,1
-3.819476,3.488125,5.346276,10,-4.655487,-10,0.44,500,-10,500,-10,-73.78459,-28.56718,88.23804,-41.90572,36.87533,-29.32216,33.15051,1
2.588445,14.3159,7.346253,3.624269,-10,-10,0.44,500,-10,500,-10,-73.69106,-28.46009,88.33295,-42.11102,36.95512,-29.1955,33.14935,1
1.333713,14.97787,6.254089,-10,-10,-10,0.44,500,-10,500,-10,-73.76018,-28.34856,88.42024,-42.40029,37.20982,-28.97856,32.96698,1
10.67969,6.090273,5.795849,-10,9.238935,-10,0.44,500,-10,500,-10,-73.86119,-28.24909,88.36073,-42.14011,37.43214,-29.18943,32.69536,1
2.61478,-2.914456,8.268279,3.438907,10,-10,0.44,500,-10,500,-10,-73.88931,-28.14351,88.26715,-41.83926,37.20113,-29.41273,32.84883,1
4.12358,-2.898525,5.456322,10,10,-10,0.44,500,-10,500,-10,-73.77367,-28.04025,88.16991,-41.67305,37.0503,-29.49837,32.91908,1
-4.110559,8.312653,6.311331,10,-10,-10,0.44,500,-10,500,-10,-73.691,-27.9334,88.23121,-41.91108,36.8537,-29.31113,33.16647,1
3.916244,14.63482,9.169149,-3.45891,-10,-10,0.44,500,-10,500,-10,-73.69009,-27.81935,88.31998,-42.17592,37.1205,-29.11986,32.97324,1
3.514947,14.83812,4.267812,-10,-10,-10,0.44,500,-10,500,-10,-73.83694,-27.70986,88.42017,-42.35772,37.26102,-29.02106,32.91573,1
9.271358,1.327213,6.478521,-10,10,-10,0.44,500,-10,500,-10,-73.89133,-27.6057,88.34151,-42.07229,37.48743,-29.24131,32.62413,1
2.699386,-2.4466,9.288637,3.478913,10,-10,0.44,500,-10,500,-10,-73.84693,-27.49891,88.22136,-41.76964,37.22664,-29.44441,32.78537,1
1.106231,-2.334164,4.112176,10,5.347565,-10,0.44,500,-10,500,-10,-73.66635,-27.39949,88.10852,-41.64672,37.0136,-29.47383,32.90491,1
-1.970847,12.03358,6.522949,10,-10,-10,0.44,500,-10,500,-10,-73.64459,-27.28622,88.20699,-41.85075,36.88871,-29.3514,33.1114,1
3.008302,14.51759,9.662612,-7.485601,-10,-10,0.44,500,-10,500,-10,-73.80794,-27.17197,88.36494,-42.23425,37.24986,-29.09878,32.88113,1
7.007074,13.28117,4.081419,-10,3.505584,-10,0.44,500,-10,500,-10,-73.97504,-27.06604,88.4418,-42.18092,37.47139,-29.21578,32.72327,1
6.5293,-1.710855,6.755435,-10,10,-10,0.44,500,-10,500,-10,-73.81926,-26.95516,88.17137,-41.93674,37.47385,-29.23589,32.49675,1
4.439417,-2.247487,9.118724,10,10,-10,0.44,500,-10,500,-10,-73.25943,-26.86817,87.66706,-41.34925,36.89917,-29.40551,32.65355,1
-2.670352,0.0472641,3.89971,10,-3.525587,-10,0.44,500,-10,500,-10,-72.4713,-26.80718,86.97045,-41.19159,36.44591,-28.98598,32.52961,1
1.343213,14.52929,7.483548,10,-10,-10,0.44,500,-10,500,-10,-70.12067,-26.7138,84.71703,-40.3116,35.29036,-27.9988,31.818,1
1.272643,14.49393,7.896861,-10,-10,-10,0.44,500,-10,500,-10,-86.33781,-26.72002,100.8668,-48.14195,43.20652,-33.54998,37.28337,1
9.938697,9.881538,5.173145,-10,3.54559,-10,0.44,500,-10,500,-10,-74.64302,-26.60662,89.07213,-42.50966,37.74063,-29.40933,32.97632,1
4.094284,-2.504307,7.961859,-8.273299,10,-10,0.44,500,-10,500,-10,-74.69178,-26.46584,89.0289,-42.38208,37.77914,-29.50109,32.902,1
4.861225,-2.90912,6.947529,10,10,-10,0.44,500,-10,500,-10,-74.58661,-26.3251,88.99477,-42.04058,37.45837,-29.81431,33.19448,1
-4.276447,4.578769,5.454777,10,-6.757267,-10,0.44,500,-10,500,-10,-74.30619,-26.25688,88.79726,-42.12651,37.177,-29.56472,33.31219,1
3.414781,14.72164,8.131451,-0.1570575,-10,-10,0.44,500,-10,500,-10,-73.99508,-26.20177,88.50569,-42.14689,37.22556,-29.30276,33.02205,1
2.154581,15.4875,6.480653,-10,-10,-10,0.44,500,-10,500,-10,-73.89167,-26.11625,88.28049,-42.15369,37.35551,-29.10935,32.70549,1
10.5604,4.950267,6.198675,-10,10,-10,0.44,500,-10,500,-10,-74.06822,-26.0099,88.37596,-41.98677,37.62156,-29.35539,32.51855,1
2.648343,-2.645385,8.821271,3.592266,10,-10,0.44,500,-10,500,-10,-74.17689,-25.88602,88.47775,-41.8247,37.41756,-29.6018,32.80689,1
3.390962,-3.134854,4.557376,10,10,-10,0.44,500,-10,500,-10,-74.12996,-25.75866,88.55856,-41.76101,37.32476,-29.73245,32.96666,1
-3.680644,9.305958,6.439676,10,-10,-10,0.44,500,-10,500,-10,-73.96902,-25.67844,88.44851,-41.89268,37.08365,-29.50959,33.11657,1
3.599944,14.34703,9.159903,-3.612269,-10,-10,0.44,500,-10,500,-10,-73.87386,-25.58891,88.32291,-42.02363,37.30125,-29.27457,32.7949,1
4.454107,14.89783,4.358758,-10,-10,-10,0.44,500,-10,500,-10,-73.92547,-25.49488,88.20722,-42.07524,37.37709,-29.1271,32.62321,1
8.705355,0.4753155,6.554257,-10,10,-10,0.44,500,-10,500,-10,-74.0427,-25.38581,88.26438,-41.87234,37.64063,-29.37736,32.40703,1
2.990237,-2.430614,9.322956,5.293015,10,-10,0.44,500,-10,500,-10,-74.06521,-25.26533,88.33958,-41.6448,37.41241,-29.66721,32.69755,1
0.2196313,-2.067177,3.904053,10,1.205638,-10,0.44,500,-10,500,-10,-73.97031,-25.15416,88.37273,-41.67363,37.24007,-29.66585,32.89737,1
-1.285928,12.91002,6.660253,10,-10,-10,0.44,500,-10,500,-10,-73.87065,-25.06452,88.27347,-41.72756,37.0926,-29.52967,32.9626,1
2.418879,14.26512,9.205521,-9.246944,-10,-10,0.44,500,-10,500,-10,-73.93666,-24.9696,88.16881,-42.00845,37.38768,-29.16206,32.58079,1
7.605545,12.42293,3.809229,-10,3.658943,-10,0.44,500,-10,500,-10,-74.04287,-24.8717,88.12302,-41.84731,37.54855,-29.28526,32.38198,1
5.818467,-2.127075,6.903474,-10,10,-10,0.44,500,-10,500,-10,-74.12109,-24.75127,88.19962,-41.80322,37.66499,-29.39283,32.32902,1
4.638578,-2.527396,8.609723,10,10,-10,0.44,500,-10,500,-10,-74.02255,-24.62785,88.27418,-41.479,37.35896,-29.77882,32.69682,1
-2.87804,1.190291,4.738658,10,-3.678946,-10,0.44,500,-10,500,-10,-73.91772,-24.52024,88.28907,-41.62766,37.21075,-29.6425,32.85736,1
2.128341,14.8663,7.790114,10,-10,-10,0.44,500,-10,500,-10,-73.89668,-24.42891,88.15559,-41.63327,37.09216,-29.52628,32.86536,1
1.355456,14.67785,7.69351,-10,-10,-10,0.44,500,-10,500,-10,-74.06226,-24.33948,88.00969,-41.91605,37.38811,-29.12262,32.44852,1
9.928289,8.449808,4.904997,-10,4.308722,-10,0.44,500,-10,500,-10,-74.21198,-24.24454,87.93884,-41.72709,37.53534,-29.25288,32.24259,1
3.106792,-2.974761,7.474173,-4.649323,10,-10,0.44,500,-10,500,-10,-74.21457,-24.11407,88.02763,-41.59925,37.55489,-29.45428,32.29661,1
4.813565,-3.153908,6.296634,10,10,-10,0.44,500,-10,500,-10,-74.02827,-23.98619,88.14846,-41.37998,37.35445,-29.77367,32.59715,1
-4.219312,5.773869,6.110227,10,-8.6773,-10,0.44,500,-10,500,-10,-74.09871,-23.8952,87.96551,-41.51176,37.07906,-29.49029,32.72096,1
3.242119,14.51419,7.998881,-3.72562,-10,-10,0.44,500,-10,500,-10,-74.457,-23.8336,87.55566,-41.60625,37.15283,-29.05621,32.30759,1
2.099431,14.95164,5.260743,-10,-10,-10,0.44,500,-10,500,-10,-75.06463,-23.83221,87.02962,-41.55193,37.09872,-28.67465,31.92583,1
10.31724,3.744733,6.23168,-10,10,-10,0.44,500,-10,500,-10,-75.52451,-23.74128,86.65839,-41.24595,37.2565,-28.67305,31.46046,1
2.147272,-2.889019,8.480768,3.745624,10,-10,0.44,500,-10,500,-10,-76.36523,-23.67879,85.83946,-40.72119,36.74095,-28.51925,31.29745,1
2.874184,-2.925586,4.466089,10,10,-10,0.44,500,-10,500,-10,-77.24769,-23.73615,84.8495,-40.36489,36.16406,-28.05528,31.05407,1
-3.252187,10.21688,6.566672,10,-10,-10,0.44,500,-10,500,-10,-76.76774,-23.81702,85.23811,-40.69953,36.09702,-28.04263,31.4431,1
3.481845,14.28855,9.29118,-3.765627,-10,-10,0.44,500,-10,500,-10,-76.50256,-23.94078,85.48081,-40.96247,36.47376,-27.9808,31.26746,1
5.012803,14.55264,4.009002,-10,-6.865541,-10,0.44,500,-10,500,-10,-76.52951,-24.06783,85.55969,-41.06711,36.64977,-27.94151,31.15681,1
8.300551,-0.008991003,6.676884,-10,10,-10,0.44,500,-10,500,-10,-76.81158,-24.13506,85.34831,-40.85978,36.71391,-27.97369,30.91752,1
3.218187,-2.536925,9.190119,6.91356,10,-10,0.44,500,-10,500,-10,-76.9548,-24.2238,85.15242,-40.55728,36.29454,-28.11388,31.17458,1
-0.675468,-1.770866,3.572489,10,-2.558074,-10,0.44,500,-10,500,-10,-76.90697,-24.32288,85.08793,-40.62897,36.05893,-27.98875,31.35676,1
-0.5615195,13.53363,7.008838,10,-10,-10,0.44,500,-10,500,-10,-76.7219,-24.43299,85.20792,-40.74501,36.02134,-27.97214,31.49377,1
2.136703,14.34934,9.023175,-10,-10,-10,0.44,500,-10,500,-10,-76.73438,-24.55463,85.29883,-41.10517,36.41877,-27.6873,31.17166,1
8.517918,12.02559,4.255479,-10,3.812303,-10,0.44,500,-10,500,-10,-76.82544,-24.66037,85.31001,-40.9637,36.57983,-27.83804,31.01987,1
5.308527,-2.287989,7.158046,-10,10,-10,0.44,500,-10,500,-10,-76.97861,-24.7494,85.18857,-40.89548,36.56479,-27.80565,30.93429,1
4.618909,-2.85359,8.040401,10,10,-10,0.44,500,-10,500,-10,-76.94621,-24.85038,85.0834,-40.52678,36.16182,-28.0872,31.25012,1
-3.263744,2.088347,5.069049,10,-3.832306,-10,0.44,500,-10,500,-10,-76.85795,-24.95104,85.04665,-40.66971,35.97843,-27.91382,31.40305,1
2.06334,14.53458,7.167671,10,-10,-10,0.44,500,-10,500,-10,-76.74442,-25.06388,85.13203,-40.77641,35.92962,-27.87786,31.52262,1
1.244602,14.67702,7.14959,-10,-10,-10,0.44,500,-10,500,-10,-76.81071,-25.18286,85.20764,-41.14485,36.31219,-27.57207,31.20269,1
10.1194,7.677356,5.019247,-10,5.842519,-10,0.44,500,-10,500,-10,-76.90705,-25.28421,85.19215,-40.97761,36.47751,-27.72647,31.02453,1
2.962516,-2.790032,7.842773,-1.872009,10,-10,0.44,500,-10,500,-10,-76.94821,-25.38005,85.08707,-40.76951,36.32652,-27.84752,31.08847,1
4.529168,-3.388839,5.805679,10,10,-10,0.44,500,-10,500,-10,-76.83159,-25.47536,84.97914,-40.52312,36.06609,-28.00446,31.25945,1
-4.539454,6.363255,5.854417,10,-10,-10,0.44,500,-10,500,-10,-76.75325,-25.5871,85.03528,-40.77536,35.85149,-27.79874,31.52057,1
3.712052,14.80491,8.64593,-3.87898,-10,-10,0.44,500,-10,500,-10,-76.76118,-25.70723,85.11856,-41.0554,36.11384,-27.58771,31.32723,1
2.481483,15.03905,5.021451,-10,-10,-10,0.44,500,-10,500,-10,-76.91747,-25.82251,85.21708,-41.19908,36.27788,-27.52566,31.24482,1
10.1872,3.0172,6.392932,-10,10,-10,0.44,500,-10,500,-10,-76.95107,-25.92212,85.11853,-40.95992,36.43919,-27.68317,31.00185,1
2.628096,-2.386366,9.171684,3.898983,10,-10,0.44,500,-10,500,-10,-76.87405,-26.0203,84.97077,-40.66605,36.12873,-27.8546,31.18987,1
2.36503,-2.980433,4.166774,10,10,-10,0.44,500,-10,500,-10,-76.62724,-26.1037,84.78548,-40.4776,35.928,-27.88953,31.23708,1
-3.135998,10.72615,6.454181,10,-10,-10,0.44,500,-10,500,-10,-76.57471,-26.22501,84.84054,-40.73155,35.71371,-27.68119,31.49699,1
3.240836,14.15525,9.134896,-4.239868,-10,-10,0.44,500,-10,500,-10,-76.66279,-26.35538,84.96604,-41.04052,36.00348,-27.47621,31.31122,1
5.828517,14.5573,4.125309,-10,-4.454338,-10,0.44,500,-10,500,-10,-76.894,-26.47204,85.10492,-41.15535,36.226,-27.47644,31.20375,1
7.905149,-0.5320908,6.640963,-10,10,-10,0.44,500,-10,500,-10,-76.51323,-26.5601,84.61501,-40.77455,36.15772,-27.45132,30.8661,1
3.799019,-2.15717,9.689276,7.877723,10,-10,0.44,500,-10,500,-10,-75.4509,-26.57395,83.57866,-39.92486,35.30599,-27.4423,30.85913,1
-1.053194,-1.285053,3.836349,10,-3.945657,-10,0.44,500,-10,500,-10,-74.61879,-26.52528,82.83818,-39.66352,34.73779,-27.09009,30.81379,1
-0.5857684,13.40511,6.460273,10,-10,-10,0.44,500,-10,500,-10,-73.78456,-26.49631,82.09245,-39.29539,34.39347,-26.84031,30.54018,1
1.949546,14.42341,8.866979,-10,-10,-10,0.44,500,-10,500,-10,-73.4888,-26.38429,81.71754,-39.42737,34.59819,-26.39769,30.02482,1
8.902637,11.58722,4.39501,-10,3.965662,-10,0.44,500,-10,500,-10,-73.57794,-26.2822,81.70956,-39.26435,34.7647,-26.55409,29.8517,1
4.890319,-2.576947,7.038868,-10,10,-10,0.44,500,-10,500,-10,-73.9204,-26.19961,81.97705,-39.32055,34.96896,-26.71954,29.86909,1
4.591049,-2.998534,7.73771,10,10,-10,0.44,500,-10,500,-10,-73.99861,-26.08823,82.14867,-39.08661,34.6731,-27.09568,30.30714,1
-3.693532,2.231288,4.92523,10,-3.985665,-10,0.44,500,-10,500,-10,-73.92338,-25.98486,82.17598,-39.25174,34.52207,-26.95317,30.4808,1
2.485006,14.73724,7.435543,8.605222,-10,-10,0.44,500,-10,500,-10,-73.71696,-25.88914,82.02297,-39.21812,34.45301,-26.86002,30.42309,1
1.33998,14.86248,7.026896,-10,-10,-10,0.44,500,-10,500,-10,-73.7123,-25.77801,81.90657,-39.47369,34.73383,-26.508,30.04581,1
10.83693,7.546331,5.784906,-10,6.696307,-10,0.44,500,-10,500,-10,-73.82626,-25.67813,81.93458,-39.29641,34.94724,-26.70849,29.85562,1
2.534056,-3.033732,7.608275,-0.2879159,10,-10,0.44,500,-10,500,-10,-73.93267,-25.57446,82.04469,-39.14573,34.87058,-26.95041,30.02351,1
4.4582,-3.343543,5.748999,10,10,-10,0.44,500,-10,500,-10,-73.88097,-25.46543,82.1425,-39.02887,34.71241,-27.14832,30.26274,1
-4.874025,6.596897,5.721085,10,-10,-10,0.44,500,-10,500,-10,-73.7597,-25.36573,82.06744,-39.18557,34.47975,-26.92941,30.43318,1
3.782606,14.7899,8.778497,-4.032339,-10,-10,0.44,500,-10,500,-10,-73.71091,-25.25653,81.97648,-39.36259,34.69955,-26.67702,30.13802,1
2.472609,14.87294,4.613657,-10,-10,-10,0.44,500,-10,500,-10,-73.80246,-25.14765,81.8866,-39.4241,34.7771,-26.54104,29.986,1
9.914101,2.575799,6.318802,-10,10,-10,0.44,500,-10,500,-10,-73.90007,-25.04597,81.95648,-39.22591,35.04426,-26.79715,29.77675,1
2.894468,-2.150548,9.543281,4.052342,10,-10,0.44,500,-10,500,-10,-73.91969,-24.93695,82.04651,-39.0246,34.84399,-27.07304,30.05161,1
1.895155,-3.151073,3.820768,10,10,-10,0.44,500,-10,500,-10,-73.79819,-24.83096,82.14189,-38.97679,34.75459,-27.19988,30.22004,1
-2.90574,11.07432,6.405579,10,-10,-10,0.44,500,-10,500,-10,-73.72179,-24.72561,82.07312,-39.14019,34.52555,-26.97949,30.3921,1
3.325062,14.31816,9.371399,-4.83392,-10,-10,0.44,500,-10,500,-10,-73.74522,-24.61471,81.97717,-39.33119,34.7627,-26.709,30.07545,1
5.602867,14.08135,3.50676,-10,-3.25846,-10,0.44,500,-10,500,-10,-73.88074,-24.50996,81.90645,-39.31388,34.91263,-26.66771,29.86692,1
7.696487,-0.7607934,6.724806,-10,10,-10,0.44,500,-10,500,-10,-73.92078,-24.40382,82.00428,-39.19958,35.11253,-26.86307,29.74808,1
3.588085,-2.43834,9.263474,8.333683,10,-10,0.44,500,-10,500,-10,-73.79137,-24.29684,82.13089,-38.95781,34.82041,-27.20975,30.14511,1
-1.406774,-1.223645,3.867401,10,-4.099016,-10,0.44,500,-10,500,-10,-73.65167,-24.19409,82.18607,-39.1128,34.6386,-27.10049,30.37264,1
-0.1980801,13.7093,6.802357,10,-10,-10,0.44,500,-10,500,-10,-73.66897,-24.07843,82.04346,-39.06908,34.5661,-27.02603,30.32697,1
1.799204,14.40322,8.713488,-10,-10,-10,0.44,500,-10,500,-10,-73.90633,-23.96814,81.85502,-39.33002,34.85678,-26.60896,29.88016,1
8.976706,11.38577,4.448524,-10,4.11902,-10,0.44,500,-10,500,-10,-74.10801,-23.86522,81.74323,-39.12858,34.98844,-26.71776,29.65586,1
4.880263,-2.493625,7.318418,-10,10,-10,0.44,500,-10,500,-10,-73.94322,-23.74373,82.01777,-39.16819,35.15764,-26.90563,29.71415,1
4.977465,-2.69951,8.108278,10,10,-10,0.44,500,-10,500,-10,-73.16422,-23.64679,82.73332,-39.16716,34.98244,-27.49957,30.48225,1
-3.614443,2.727305,5.27872,10,-4.139023,-10,0.44,500,-10,500,-10,-71.39907,-23.61491,84.4035,-39.99281,35.49145,-28.05781,31.35713,1
2.706173,14.86489,7.622752,8.013218,-10,-10,0.44,500,-10,500,-10,-69.78728,-23.67356,85.92653,-40.53672,36.10688,-28.77586,32.00366,1
1.183525,14.76824,6.72401,-10,-10,-10,0.44,500,-10,500,-10,-69.97211,-23.81311,85.81647,-40.81849,36.36809,-28.4029,31.65127,1
10.64504,7.166436,5.604398,-10,7.02017,-10,0.44,500,-10,500,-10,-70.33204,-23.88473,85.54479,-40.54482,36.45742,-28.45146,31.33681,1
2.801642,-2.741121,8.063723,0.2767067,10,-10,0.44,500,-10,500,-10,-70.72076,-23.95806,85.18463,-40.30413,36.09389,-28.39372,31.40192,1
4.360326,-3.402459,5.610269,10,10,-10,0.44,500,-10,500,-10,-70.83596,-24.06479,84.95761,-40.0706,35.82137,-28.43915,31.48635,1
-4.532213,7.044633,6.191454,10,-10,-10,0.44,500,-10,500,-10,-70.60442,-24.15754,85.11132,-40.35318,35.63991,-28.28393,31.79516,1
3.884899,14.83082,8.908308,-4.185698,-10,-10,0.44,500,-10,500,-10,-70.45662,-24.2701,85.25677,-40.62412,35.95566,-28.13351,31.59993,1
2.293089,14.65653,4.234302,-10,-10,-10,0.44,500,-10,500,-10,-70.47466,-24.38983,85.36759,-40.74404,36.12754,-28.10541,31.51987,1
10.07987,2.670117,6.67298,-10,10,-10,0.44,500,-10,500,-10,-70.64796,-24.47744,85.25398,-40.52338,36.27369,-28.23193,31.27958,1
2.745456,-2.280025,9.375818,4.205702,10,-10,0.44,500,-10,500,-10,-70.74937,-24.57798,85.13158,-40.27292,35.95063,-28.38097,31.50122,1
2.14218,-2.860541,4.195603,10,10,-10,0.44,500,-10,500,-10,-70.70401,-24.68312,85.02264,-40.13561,35.79528,-28.42803,31.56631,1
-2.596762,11.44238,6.78249,10,-10,-10,0.44,500,-10,500,-10,-70.57441,-24.78524,85.09792,-40.39216,35.58642,-28.23384,31.83754,1
3.410424,14.39924,9.511088,-5.000101,-10,-10,0.44,500,-10,500,-10,-70.53065,-24.89804,85.1869,-40.68033,35.87767,-28.01941,31.62003,1
5.634284,14.04531,3.442882,-10,-3.16937,-10,0.44,500,-10,500,-10,-70.61854,-25.007,85.23948,-40.70686,36.07488,-28.03645,31.46638,1
7.653666,-0.8150806,6.718338,-10,10,-10,0.44,500,-10,500,-10,-70.72687,-25.10443,85.15057,-40.55858,36.16176,-28.11105,31.30583,1
3.691564,-2.356023,9.389246,8.354959,10,-10,0.44,500,-10,500,-10,-70.68432,-25.20847,85.05529,-40.21472,35.797,-28.37597,31.59164,1
-1.328459,-1.13051,3.980211,10,-4.252376,-10,0.44,500,-10,500,-10,-70.58355,-25.3106,85.02383,-40.33596,35.58226,-28.22865,31.78031,1
-0.05264914,13.85994,6.954641,10,-10,-10,0.44,500,-10,500,-10,-70.50115,-25.42206,85.11192,-40.44072,35.54116,-28.19689,31.8944,1
1.626409,14.24166,8.501501,-10,-10,-10,0.44,500,-10,500,-10,-70.59933,-25.53725,85.19743,-40.8172,35.92753,-27.89127,31.5789,1
8.860545,11.27694,4.217653,-10,4.272379,-10,0.44,500,-10,500,-10,-70.70656,-25.6424,85.22131,-40.67279,36.10387,-28.05546,31.42234,1
5.152076,-2.264044,7.625635,-10,10,-10,0.44,500,-10,500,-10,-70.74959,-25.74557,85.10944,-40.59283,36.09599,-28.04271,31.33751,1
5.275289,-2.444549,8.491892,10,10,-10,0.44,500,-10,500,-10,-70.60654,-25.84911,84.98998,-40.20244,35.69035,-28.33413,31.64418,1
-4.205406,2.0636,4.495949,10,-4.292382,-10,0.44,500,-10,500,-10,-70.47253,-25.94989,84.93646,-40.34103,35.49224,-28.15121,31.79795,1
2.517578,14.70501,7.353502,8.450558,-10,-10,0.44,500,-10,500,-10,-70.46545,-26.06904,85.05042,-40.48724,35.49238,-28.0994,31.89223,1
1.107865,14.70278,6.694417,-10,-10,-10,0.44,500,-10,500,-10,-70.65617,-26.1853,85.19119,-40.86583,35.88016,-27.83746,31.62109,1
10.62596,7.207908,5.5176,-10,6.858645,-10,0.44,500,-10,500,-10,-70.71761,-26.28905,85.14984,-40.67695,36.04173,-27.99208,31.42525,1
3.140263,-2.436164,8.474132,-0.2264397,10,-10,0.44,500,-10,500,-10,-70.52356,-26.38919,84.88522,-40.36819,35.77653,-28.08158,31.47119,1
4.598956,-3.269007,5.838741,10,10,-10,0.44,500,-10,500,-10,-70.02411,-26.45822,84.45917,-39.99439,35.39257,-28.10235,31.50213,1
-4.590254,6.968516,6.118888,10,-10,-10,0.44,500,-10,500,-10,-69.86255,-26.58581,84.39565,-40.19351,35.12252,-27.85061,31.71956,1
3.770643,14.75512,8.715397,-4.339056,-10,-10,0.44,500,-10,500,-10,-69.52357,-26.72611,84.08482,-40.29993,35.20827,-27.48664,31.37625,1
2.556431,14.99874,4.71574,-10,-10,-10,0.44,500,-10,500,-10,-70.11755,-26.8563,84.57851,-40.64407,35.53323,-27.55157,31.46036,1
9.796773,2.322659,5.960764,-10,10,-10,0.44,500,-10,500,-10,-70.77765,-26.91671,85.14796,-40.67924,36.04469,-27.98823,31.42074,1
2.406249,-2.56957,8.947697,4.359059,10,-10,0.44,500,-10,500,-10,-71.12687,-27.03418,85.47753,-40.51854,36.02922,-28.422,31.70929,1
2.198253,-2.971901,4.063399,10,10,-10,0.44,500,-10,500,-10,-71.15,-27.16754,85.60933,-40.48087,35.98669,-28.56889,31.86103,1
-3.130532,10.87277,6.302633,10,-10,-10,0.44,500,-10,500,-10,-70.85624,-27.23329,85.38922,-40.63696,35.61493,-28.23041,32.05041,1
3.433992,14.3472,9.458801,-4.710726,-10,-10,0.44,500,-10,500,-10,-70.65628,-27.32265,85.18121,-40.86117,35.6965,-27.83386,31.79648,1
5.61287,14.22718,3.612792,-10,-4.432983,-10,0.44,500,-10,500,-10,-70.66277,-27.42499,85.06564,-40.85598,35.78672,-27.74328,31.6105,1
7.588694,-0.8909878,6.291802,-10,10,-10,0.44,500,-10,500,-10,-70.84773,-27.52776,85.18243,-40.7514,36.00905,-27.94464,31.48495,1
3.592296,-2.376305,9.419977,7.893627,10,-10,0.44,500,-10,500,-10,-70.88308,-27.64418,85.28833,-40.47013,35.77291,-28.31365,31.80883,1
-1.128021,-1.269506,3.830481,10,-4.405735,-10,0.44,500,-10,500,-10,-70.79337,-27.74884,85.30141,-40.60049,35.57152,-28.19413,32.02106,1
-0.1131155,13.87405,6.973292,10,-10,-10,0.44,500,-10,500,-10,-70.63474,-27.8419,85.18071,-40.64972,35.4043,-28.04488,32.08827,1
2.08323,14.50742,9.08075,-10,-10,-10,0.44,500,-10,500,-10,-70.66628,-27.94683,85.07823,-40.96252,35.69102,-27.64718,31.71663,1
8.887987,11.6426,4.36622,-10,4.425737,-10,0.44,500,-10,500,-10,-70.7548,-28.0488,85.04868,-40.80037,35.83871,-27.78483,31.54446,1
4.882745,-2.602205,6.910282,-10,10,-10,0.44,500,-10,500,-10,-70.87298,-28.15811,85.13953,-40.78999,35.93775,-27.87049,31.52069,1
4.925576,-2.718461,8.203229,10,10,-10,0.44,500,-10,500,-10,-70.80757,-28.27416,85.22,-40.47033,35.63584,-28.25684,31.88929,1
-3.808038,2.05092,4.733716,10,-4.445742,-10,0.44,500,-10,500,-10,-70.70979,-28.37914,85.23756,-40.63691,35.47272,-28.1048,32.06695,1
2.584907,14.93426,7.609313,10,-10,-10,0.44,500,-10,500,-10,-70.62238,-28.47898,85.13727,-40.68262,35.334,-27.97599,32.12257,1
1.476691,15.002,7.473645,-10,-10,-10,0.44,500,-10,500,-10,-70.71696,-28.58358,85.04021,-40.99654,35.63124,-27.58165,31.74491,1
10.68249,7.915989,5.574386,-10,6.072496,-10,0.44,500,-10,500,-10,-70.81613,-28.68636,85.03592,-40.82698,35.80848,-27.74765,31.56412,1
3.002227,-2.706886,7.97438,-2.276819,10,-10,0.44,500,-10,500,-10,-70.8381,-28.79977,85.12862,-40.69931,35.75254,-27.95214,31.69687,1
4.66841,-3.370643,5.814155,10,10,-10,0.44,500,-10,500,-10,-70.69691,-28.91104,85.23059,-40.51189,35.5905,-28.22404,31.94339,1
-4.604955,6.451797,6.065723,10,-9.536241,-10,0.44,500,-10,500,-10,-70.64849,-29.01355,85.14918,-40.7212,35.30825,-27.94728,32.15818,1
3.839174,14.89073,8.686189,-4.492415,-10,-10,0.44,500,-10,500,-10,-70.71236,-29.11754,85.01705,-40.93226,35.48831,-27.62674,31.86865,1
2.351751,15.08744,5.032267,-10,-10,-10,0.44,500,-10,500,-10,-70.93913,-29.20906,84.8513,-40.97693,35.51949,-27.44473,31.70013,1
10.51973,3.419886,6.686754,-10,10,-10,0.44,500,-10,500,-10,-70.97441,-29.32751,84.92845,-40.79443,35.76991,-27.69116,31.51362,1
2.07611,-2.826801,8.594111,4.512419,10,-10,0.44,500,-10,500,-10,-70.87322,-29.45142,85.07376,-40.611,35.56824,-27.99499,31.83571,1
2.726109,-2.899294,4.368498,10,10,-10,0.44,500,-10,500,-10,-70.53902,-29.56163,85.32354,-40.55879,35.60273,-28.25416,32.00819,1
-3.419775,10.34262,6.301245,10,-10,-10,0.44,500,-10,500,-10,-70.68555,-29.67439,85.07034,-40.74196,35.22637,-27.8612,32.17475,1
3.101696,13.88996,8.845066,-4.532422,-10,-10,0.44,500,-10,500,-10,-71.46605,-29.76048,84.25461,-40.70713,35.16846,-27.22012,31.55674,1
5.112274,14.64375,3.867868,-10,-7.685485,-10,0.44,500,-10,500,-10,-72.93369,-29.72223,82.88232,-40.20435,34.72343,-26.58583,30.8647,1
8.25581,-0.2289618,6.637884,-10,10,-10,0.44,500,-10,500,-10,-73.96816,-29.67931,81.93972,-39.58445,34.67953,-26.4247,30.12759,1
3.346389,-2.340222,9.521604,6.796782,10,-10,0.44,500,-10,500,-10,-74.32835,-29.55837,81.55944,-39.13214,34.28576,-26.56192,30.20626,1
-0.6862304,-1.948637,3.633912,10,-1.285944,-10,0.44,500,-10,500,-10,-74.22182,-29.45047,81.56879,-39.19458,34.10994,-26.50723,30.38982,1
-0.8824552,13.41732,6.680172,10,-10,-10,0.44,500,-10,500,-10,-73.84934,-29.3815,81.86555,-39.38946,34.11875,-26.55824,30.62691,1
2.001539,14.10282,8.892396,-9.795171,-10,-10,0.44,500,-10,500,-10,-73.73363,-29.27985,82.07442,-39.81818,34.52387,-26.30259,30.39487,1
8.058694,12.03174,3.838504,-10,4.579097,-10,0.44,500,-10,500,-10,-73.79937,-29.17866,82.11208,-39.68089,34.70678,-26.47108,30.24314,1
5.739614,-2.101922,7.27053,-10,10,-10,0.44,500,-10,500,-10,-74.01669,-29.07604,81.96034,-39.53095,34.75562,-26.49529,30.06858,1
5.004913,-2.351034,8.839405,10,10,-10,0.44,500,-10,500,-10,-74.01973,-28.95845,81.85139,-39.1369,34.37888,-26.79907,30.35504,1
-3.382125,1.163525,4.627156,10,-4.5991,-10,0.44,500,-10,500,-10,-73.93069,-28.85418,81.83819,-39.28308,34.21168,-26.64195,30.51131,1
1.896234,14.63556,7.233592,10,-10,-10,0.44,500,-10,500,-10,-73.76468,-28.76047,81.9621,-39.37892,34.1997,-26.64879,30.62597,1
1.208429,14.72528,7.650828,-10,-10,-10,0.44,500,-10,500,-10,-73.79173,-28.65437,82.06568,-39.77265,34.57571,-26.34088,30.33577,1
10.61087,8.967059,5.53709,-10,4.619103,-10,0.44,500,-10,500,-10,-73.87949,-28.55209,82.09303,-39.62573,34.75524,-26.51046,30.17891,1
3.424131,-2.741717,7.80341,-6.233763,10,-10,0.44,500,-10,500,-10,-73.98419,-28.44418,81.99934,-39.43617,34.75082,-26.62239,30.1057,1
4.953939,-3.075428,6.487481,10,10,-10,0.44,500,-10,500,-10,-73.91582,-28.33083,81.91452,-39.11094,34.44538,-26.87734,30.34085,1
-4.654977,5.323248,5.700778,10,-7.847351,-10,0.44,500,-10,500,-10,-73.81642,-28.23109,81.95364,-39.31511,34.26235,-26.70557,30.55629,1
3.511319,14.64494,8.024323,-1.729805,-10,-10,0.44,500,-10,500,-10,-73.78137,-28.12769,82.04959,-39.58107,34.47125,-26.51913,30.42691,1
1.924743,15.30842,5.756715,-10,-10,-10,0.44,500,-10,500,-10,-73.8932,-28.02573,82.14835,-39.79354,34.63482,-26.38849,30.34517,1
10.29566,4.050919,5.836333,-10,10,-10,0.44,500,-10,500,-10,-73.97363,-27.91797,82.08172,-39.51578,34.86649,-26.61104,30.05829,1
2.390236,-7.13742,5.07918,4.665777,10,-10,0.44,500,-10,500,-10,-73.96719,-27.80312,81.9934,-39.19953,34.60956,-26.85411,30.24203,1
3.52576,-9.048509,-0.4217252,10,10,-10,0.44,500,-10,500,-10,-73.81834,-27.69344,81.89242,-39.04931,34.47765,-26.92066,30.29028,1
-3.378257,3.854915,2.118676,10,-10,-10,0.44,500,-10,500,-10,-73.7692,-27.58961,81.97923,-39.30003,34.29329,-26.74187,30.54656,1
3.459127,8.119027,3.858428,-4.685781,-10,-10,0.44,500,-10,500,-10,-73.82243,-27.48342,82.1017,-39.6246,34.57619,-26.51878,30.36515,1
4.119669,8.805132,-1.079085,-10,-10,-10,0.44,500,-10,500,-10,-74.03323,-27.38816,82.25335,-39.83205,34.69918,-26.43698,30.3678,1
8.625628,-5.77904,1.207699,-10,10,-10,0.44,500,-10,500,-10,-74.06613,-27.27197,82.17041,-39.53873,34.92751,-26.66158,30.07076,1
2.82955,-8.385743,4.446034,5.140805,10,-10,0.44,500,-10,500,-10,-73.95987,-27.15175,82.0256,-39.16132,34.65746,-26.91901,30.22082,1
0.249884,-8.500347,-1.437917,10,4.149278,-10,0.44,500,-10,500,-10,-73.72163,-27.04479,81.87361,-39.05413,34.44628,-26.90025,30.30606,1
-1.848418,6.396202,1.314952,10,-10,-10,0.44,500,-10,500,-10,-73.86292,-26.93716,82.12637,-39.35593,34.36993,-26.80788,30.59184,1
2.544939,8.212826,4.28179,-7.987275,-10,-10,0.44,500,-10,500,-10,-74.44337,-26.85303,82.68295,-39.98775,34.8774,-26.63724,30.54555,1
7.1478,6.936708,-1.358567,-10,4.668612,-10,0.44,500,-10,500,-10,-75.3109,-26.79433,83.45848,-40.22298,35.45159,-27.04461,30.61396,1
6.147737,-8.169102,1.474875,-10,10,-10,0.44,500,-10,500,-10,-78.2743,-26.72362,86.32488,-41.45648,36.97189,-28.18617,31.46872,1
4.159891,-8.53197,3.780285,10,10,-10,0.44,500,-10,500,-10,-76.24287,-26.70264,84.36761,-40.30538,35.66755,-27.7155,31.15129,1
-2.779704,-5.950342,-0.8469267,10,-4.752459,-10,0.44,500,-10,500,-10,-68.18102,-26.68791,76.4055,-36.57014,31.81441,-24.85342,28.40711,1
1.165499,8.36106,2.007223,10,-10,-10,0.44,500,-10,500,-10,-66.66104,-26.55635,74.98598,-35.92391,31.06939,-24.32345,27.97593,1
1.358005,8.66979,3.207697,-10,-10,-10,0.44,500,-10,500,-10,-66.79887,-26.41586,75.05063,-36.28859,31.45476,-24.01235,27.64413,1
9.89381,4.0723,-0.06262362,-10,4.772462,-10,0.44,500,-10,500,-10,-67.0191,-26.32209,75.18015,-36.18149,31.69413,-24.22676,27.51207,1
3.939306,-8.791809,2.506767,-10,10,-10,0.44,500,-10,500,-10,-67.43565,-26.27125,75.5223,-36.28424,31.92209,-24.40752,27.56762,1
5.077226,-8.809829,2.493145,10,10,-10,0.44,500,-10,500,-10,-67.57848,-26.17775,75.76342,-36.05785,31.68359,-24.83369,28.00591,1
-4.303422,-2.100811,0.4234153,10,-5.644463,-10,0.44,500,-10,500,-10,-67.49729,-26.07799,75.78262,-36.23172,31.51644,-24.67574,28.18898,1
3.439643,8.926208,3.116202,4.015418,-10,-10,0.44,500,-10,500,-10,-67.31044,-25.96845,75.63648,-36.28877,31.52085,-24.49759,28.06347,1
1.264286,9.077003,1.13994,-10,-10,-10,0.44,500,-10,500,-10,-67.31859,-25.84792,75.53069,-36.47509,31.72493,-24.22362,27.77174,1
10.57614,-0.3547766,0.597149,-10,8.715001,-10,0.44,500,-10,500,-10,-67.4716,-25.75754,75.61662,-36.30198,31.98657,-24.46792,27.58129,1
2.177739,-9.16359,2.802883,3.779757,10,-10,0.44,500,-10,500,-10,-67.5731,-25.66054,75.74068,-36.10675,31.82701,-24.76596,27.84366,1
4.1759,-9.247253,0.3884973,10,10,-10,0.44,500,-10,500,-10,-67.52825,-25.55867,75.85204,-36.06993,31.73926,-24.89504,28.02367,1
-4.135171,2.410425,1.761023,10,-10,-10,0.44,500,-10,500,-10,-67.4006,-25.4542,75.77795,-36.22501,31.50832,-24.67858,28.19322,1
3.794583,8.486895,3.795394,-4.83914,-10,-10,0.44,500,-10,500,-10,-67.3502,-25.33845,75.69405,-36.41918,31.74408,-24.41488,27.88794,1
2.59181,8.583818,-1.190704,-10,-10,-10,0.44,500,-10,500,-10,-67.436,-25.22286,75.61217,-36.46946,31.81138,-24.29676,27.7528,1
9.812989,-4.022062,1.605897,-10,10,-10,0.44,500,-10,500,-10,-67.53991,-25.12779,75.69418,-36.27714,32.08344,-24.55704,27.54871,1
2.314637,-8.619782,3.983427,4.859143,10,-10,0.44,500,-10,500,-10,-67.56277,-25.02579,75.7916,-36.07486,31.86317,-24.84004,27.84968,1
1.797119,-8.830159,-0.9201844,10,10,-10,0.44,500,-10,500,-10,-67.44903,-24.92674,75.89286,-36.04898,31.78505,-24.94982,28.01171,1
-2.751214,5.575079,1.424303,10,-10,-10,0.44,500,-10,500,-10,-67.36485,-24.81709,75.82947,-36.21407,31.55789,-24.73219,28.18634,1
3.221155,8.23569,4.402693,-5.704732,-10,-10,0.44,500,-10,500,-10,-67.38335,-24.69997,75.74613,-36.41331,31.82633,-24.46391,27.84885,1
6.349037,8.453816,-1.043455,-10,-2.912028,-10,0.44,500,-10,500,-10,-67.507,-24.59093,75.69021,-36.37946,31.97408,-24.45142,27.65475,1
7.537835,-7.003329,1.705758,-10,10,-10,0.44,500,-10,500,-10,-67.54965,-24.49236,75.79575,-36.29093,32.15489,-24.6274,27.5614,1
3.501299,-8.544286,4.18084,8.365091,10,-10,0.44,500,-10,500,-10,-67.42773,-24.39369,75.92406,-36.05989,31.85323,-24.96476,27.96937,1
-1.453529,-7.19204,-1.25334,10,-4.905817,-10,0.44,500,-10,500,-10,-67.29111,-24.2939,75.97997,-36.2266,31.66171,-24.84437,28.20722,1
-0.02663755,7.977219,1.86471,10,-10,-10,0.44,500,-10,500,-10,-67.27448,-24.17182,75.87054,-36.1925,31.60326,-24.7878,28.17501,1
2.000412,8.484782,4.057939,-10,-10,-10,0.44,500,-10,500,-10,-67.46272,-24.05172,75.73511,-36.44019,31.94554,-24.4279,27.7205,1
8.954418,5.456489,-0.7711189,-10,4.925821,-10,0.44,500,-10,500,-10,-67.59689,-23.94407,75.69402,-36.25023,32.11665,-24.5838,27.51534,1
4.917376,-8.53653,2.065145,-10,10,-10,0.44,500,-10,500,-10,-67.43086,-23.84227,75.97755,-36.37268,32.21032,-24.69629,27.65661,1
5.282748,-8.420959,3.643852,10,10,-10,0.44,500,-10,500,-10,-66.89945,-23.7673,76.44925,-36.21909,32.01368,-25.24072,28.2441,1
-4.026423,-4.268517,-0.361773,10,-4.945824,-10,0.44,500,-10,500,-10,-66.28629,-23.7068,76.97279,-36.56507,32.03201,-25.32854,28.65956,1
2.794455,9.141612,2.781159,10,-10,-10,0.44,500,-10,500,-10,-65.2977,-23.59379,77.86527,-36.98839,32.35817,-25.64472,29.07291,1
1.078845,8.705012,2.214391,-10,-10,-10,0.44,500,-10,500,-10,-63.43258,-23.56794,79.80567,-37.9191,33.50481,-26.32181,29.53405,1
10.34361,1.770914,0.1800718,-10,5.792718,-10,0.44,500,-10,500,-10,-75.84359,-23.57716,67.49359,-33.35439,29.29437,-20.68486,23.54283,1
1.864697,-8.729841,0.966122,-4.064558,10,-10,0.44,500,-10,10,-500,-141.1354,-23.50814,2.271938,-9.948715,5.834804,9.951406,-7.039537,1
2.529518,-9.320309,2.054714,10,10,-10,0.44,500,-10,10,-500,-133.0836,-23.58146,10.24004,-12.43965,8.473742,5.840058,-3.076195,1
-4.509058,-0.3337042,-2.442422,10,-7.888243,-10,0.44,500,-10,10,-351.2929,-128.5921,-23.59116,14.63105,-14.34704,9.817939,4.109107,-0.7820483,1
4.439048,4.553449,2.919393,-3.223752,-10,-10,0.44,500,-10,10,-136.4762,-126.3165,-23.6904,16.87298,-15.32363,10.8913,3.228055,0.002229251,1
1.286213,5.731432,0.933549,-10,-10,-10,0.44,500,-10,10,-239.4727,-126.5155,-23.82956,16.77086,-15.41818,10.96535,3.407228,-0.1564438,1
8.461385,-2.788429,3.602133,-10,10,-10,0.44,500,-10,10,-500,-127.0175,-23.87182,16.35165,-15.06762,11.02545,3.404017,-0.5638952,1
0.5061483,-8.009325,2.505247,5.012503,10,-10,0.44,500,-10,10,-470.0912,-127.3624,-23.96038,16.01401,-14.78184,10.55947,3.398006,-0.3776805,1
2.000293,-9.078472,0.02749956,10,10,-10,0.44,500,-10,10,-500,-127.4469,-24.07442,15.81131,-14.63191,10.38125,3.416025,-0.3674117,1
-0.7599622,3.30163,-1.577336,10,-10,-10,0.44,500,-10,10,-78.40837,-127.2014,-24.162,15.98181,-14.92027,10.20634,3.563112,-0.05122297,1
4.082879,3.791698,3.80555,-5.032506,-10,-10,0.44,500,-10,10,-379.4635,-127.0516,-24.2705,16.1353,-15.20787,10.5407,3.723531,-0.2584051,1
5.224528,9.137509,1.01812,-10,-10,-10,0.44,500,-10,10,-496.7341,-127.0638,-24.38678,16.25404,-15.31093,10.70651,3.728204,-0.3258259,1
8.990874,-5.502374,2.733058,-10,10,-10,0.44,500,-10,10,-500,-127.2383,-24.47718,16.13934,-15.09303,10.84914,3.605345,-0.5635034,1
-0.2295205,-8.011438,3.063831,5.052509,10,-10,0.44,500,-10,10,-400.5279,-127.3323,-24.58168,16.02217,-14.83255,10.51077,3.441944,-0.3222073,1
1.716068,-7.039111,-0.5744194,10,10,-10,0.44,500,-10,10,-411.4581,-127.2843,-24.68991,15.91766,-14.71209,10.37076,3.408084,-0.2687992,1
0.2822325,3.627509,-0.5525563,10,-10,-10,0.44,500,-10,10,-13.69469,-127.1517,-24.78969,16.00077,-14.97155,10.16515,3.598677,0.005679058,1
3.118011,3.870497,4.012551,-5.862763,-10,-10,0.44,500,-10,10,-358.1428,-127.1141,-24.89994,16.09313,-15.26765,10.48132,3.818258,-0.2339691,1
6.297112,8.194018,1.928835,-10,-4.051924,-10,0.44,500,-10,10,-489.122,-127.2007,-25.00731,16.15393,-15.28865,10.66136,3.788874,-0.3636241,1
7.547692,-6.954832,1.903122,-10,10,-10,0.44,500,-10,10,-500,-127.3085,-25.10765,16.06825,-15.13706,10.75418,3.708274,-0.5274362,1
0.3568645,-7.855511,3.987228,7.265344,10,-10,0.44,500,-10,10,-363.4602,-127.2886,-25.21556,15.97739,-14.82235,10.40358,3.46885,-0.2521307,1
0.7932227,-5.830478,-1.327374,10,3.629278,-10,0.44,500,-10,10,-225.4682,-127.1824,-25.31861,15.91209,-14.82204,10.24464,3.522655,-0.1472949,1
1.601017,4.559966,0.2216562,10,-10,-10,0.44,500,-10,10,-10,-127.0996,-25.42546,15.9916,-15.01163,10.11157,3.646352,0.05166241,1
2.665054,2.222842,4.188846,-7.771806,-10,-10,0.44,500,-10,10,-341.6369,-127.1579,-25.53777,16.08142,-15.34838,10.46083,3.908689,-0.2231861,1
6.188286,7.143012,2.935409,-10,1.27756,-10,0.44,500,-10,10,-473.6981,-127.2734,-25.64234,16.12324,-15.27691,10.6559,3.802564,-0.3836019,1
6.517841,-7.645234,1.575636,-10,10,-10,0.44,500,-10,10,-500,-127.3208,-25.74733,16.02069,-15.1732,10.68001,3.783829,-0.4926773,1
-0.05783346,-6.946988,3.459247,8.419541,10,-10,0.44,500,-10,10,-322.5919,-127.2083,-25.85402,15.90537,-14.81534,10.30252,3.521519,-0.2107443,1
0.4288557,-5.194803,-1.394284,10,0.7896798,-10,0.44,500,-10,10,-149.7898,-127.0542,-25.95289,15.82396,-14.85697,10.12218,3.630598,-0.09785534,1
1.906396,4.887377,-0.1928475,10,-10,-10,0.44,500,-10,10,-10,-127.0342,-26.06839,15.93013,-15.02981,10.03504,3.715472,0.07725392,1
2.477911,2.159333,4.413903,-8.291388,-10,-10,0.44,500,-10,10,-289.1924,-127.1917,-26.18408,16.0722,-15.40417,10.41894,3.972107,-0.1889249,1
4.413873,6.350659,2.991888,-10,1.95233,-10,0.44,500,-10,10,-457.2034,-127.362,-26.28869,16.15413,-15.32474,10.64371,3.824795,-0.3458148,1
6.236909,-7.781322,1.343541,-10,10,-10,0.44,500,-10,10,-500,-127.254,-26.39827,15.93008,-15.18178,10.58879,3.867489,-0.4765396,1
0.3688281,-8.050671,3.835907,8.32602,10,-10,0.44,500,-10,10,-451.4262,-126.8394,-26.49191,15.5422,-14.69256,10.08577,3.699653,-0.2949097,1
-0.898078,-7.470659,-1.983254,10,2.439979,-10,0.44,500,-10,10,-500,-126.1996,-26.54933,14.99161,-14.48906,9.703568,3.952365,-0.368921,1
-1.7621,6.702274,-1.315089,10,-10,-10,0.44,500,-10,10,-487.088,-125.5704,-26.67094,14.45919,-14.3199,9.236367,4.224364,-0.3428736,1
2.478618,8.49287,4.36233,-7.37234,-10,-10,0.44,500,-10,10,-500,-119.7145,-26.70382,8.580702,-11.82528,6.787897,6.600601,-2.765258,1
7.171578,7.951295,1.125765,-10,-2.06739,-10,0.44,500,-10,10,-500,-108.8249,-26.75766,-2.409158,-6.621495,1.86503,10.50289,-6.948468,1
7.354313,-7.360651,1.889682,-10,10,-10,0.44,500,-10,10,-500,-109.2407,-26.89259,-2.093386,-6.624482,2.170801,10.24423,-6.992595,1
0.2847764,-8.388076,3.173377,7.195993,10,-10,0.44,500,-10,10,-500,-109.1782,-27.03331,-2.13939,-6.319545,1.845134,9.977413,-6.705047,1
-0.4053458,-8.5302,-2.132355,10,6.327646,-10,0.44,500,-10,10,-500,-109.0511,-27.16211,-2.168571,-6.303363,1.727282,9.98541,-6.611372,1
-2.825883,5.877798,-2.282059,10,-10,-10,0.44,500,-10,10,-500,-108.7094,-27.20249,-2.440003,-6.358359,1.408653,10.26531,-6.517649,1
3.152129,8.868631,4.926301,-6.256575,-10,-10,0.44,500,-10,10,-500,-108.4932,-27.27451,-2.685289,-6.592206,1.500489,10.7024,-6.812726,1
6.676409,8.400738,0.9348696,-10,-6.100429,-10,0.44,500,-10,10,-500,-108.4593,-27.36639,-2.84596,-6.590664,1.492494,10.83399,-6.937861,1
8.286421,-6.621394,2.453403,-10,10,-10,0.44,500,-10,10,-500,-108.6414,-27.47601,-2.738402,-6.450308,1.742615,10.60451,-7.098861,1
0.4123566,-8.333943,3.008837,6.138921,10,-10,0.44,500,-10,10,-500,-108.7111,-27.60032,-2.64572,-6.195672,1.532526,10.27308,-6.811977,1
0.3117641,-8.871676,-1.751971,10,10,-10,0.44,500,-10,10,-500,-108.6585,-27.72614,-2.566042,-6.142212,1.514609,10.1536,-6.72804,1
-2.923043,5.49621,-2.017039,10,-10,-10,0.44,500,-10,10,-500,-108.5035,-27.80677,-2.677763,-6.356488,1.190194,10.46045,-6.496196,1
3.119781,8.659452,4.291311,-5.272546,-10,-10,0.44,500,-10,10,-500,-108.4285,-27.89848,-2.79626,-6.6083,1.351617,10.81044,-6.755804,1
5.875438,8.444637,0.3595368,-10,-10,-10,0.44,500,-10,10,-500,-108.49,-27.99253,-2.908109,-6.656687,1.378463,10.95151,-6.875327,1
8.624898,-6.457946,2.219647,-10,10,-10,0.44,500,-10,10,-500,-108.6049,-28.1029,-2.844469,-6.472501,1.628392,10.71459,-7.072524,1
0.1521036,-8.543934,2.51832,5.292549,10,-10,0.44,500,-10,10,-500,-108.6388,-28.22422,-2.771882,-6.243212,1.401067,10.42516,-6.785055,1
1.160743,-8.893607,-1.226461,10,10,-10,0.44,500,-10,10,-500,-108.5398,-28.3442,-2.69778,-6.171803,1.36241,10.29235,-6.684997,1
-3.624214,4.556427,-2.271342,10,-10,-10,0.44,500,-10,10,-500,-108.4493,-28.43481,-2.7869,-6.392025,1.058089,10.58641,-6.45452,1
3.196116,8.60181,3.766848,-5.312552,-10,-10,0.44,500,-10,10,-500,-108.445,-28.53039,-2.89224,-6.620536,1.26308,10.90221,-6.746794,1
5.436317,8.903404,0.7475849,-10,-10,-10,0.44,500,-10,10,-500,-108.5762,-28.6208,-3.004669,-6.667839,1.297062,11.04267,-6.873933,1
9.11822,-5.573669,2.280898,-10,10,-10,0.44,500,-10,10,-500,-108.6539,-28.73631,-2.947184,-6.479383,1.541963,10.80658,-7.071204,1
-0.009130657,-8.654042,2.221873,5.332556,10,-10,0.44,500,-10,10,-500,-108.6412,-28.86027,-2.870824,-6.258444,1.302764,10.52237,-6.768733,1
1.42058,-9.342165,-1.162053,10,10,-10,0.44,500,-10,10,-500,-108.4872,-28.97941,-2.778305,-6.20826,1.253265,10.39552,-6.642574,1
-4.55896,3.358447,-2.752445,10,-10,-10,0.44,500,-10,10,-500,-108.4658,-29.07373,-2.894323,-6.400232,0.9627323,10.68363,-6.448173,1
3.199226,8.628113,3.173277,-5.352559,-10,-10,0.44,500,-10,10,-500,-108.5581,-29.16516,-3.052212,-6.608108,1.15714,11.02233,-6.773407,1
4.710399,9.272709,0.9955885,-10,-10,-10,0.44,500,-10,10,-500,-108.8129,-29.23924,-3.247697,-6.626116,1.164236,11.20231,-6.942478,1
10.16122,-4.030981,3.213327,-10,10,-10,0.44,500,-10,10,-500,-108.8724,-29.36512,-3.200606,-6.433085,1.403035,10.97027,-7.142258,1
0.1554048,-8.59789,2.125053,5.372562,10,-10,0.44,500,-10,10,-500,-108.8106,-29.50029,-3.106568,-6.216839,1.166874,10.6761,-6.828179,1
2.293551,-9.131264,0.1925794,10,10,-10,0.44,500,-10,10,-500,-108.5258,-29.62891,-2.913252,-6.211498,1.142587,10.51058,-6.643711,1
-5.187021,2.108242,-3.144564,10,-10,-10,0.44,500,-10,10,-500,-108.9664,-29.71268,-3.462325,-6.240339,0.7087135,10.99438,-6.664794,1
3.917156,9.244115,3.237038,-5.392566,-10,-10,0.44,500,-10,10,-500,-110.0229,-29.70907,-4.550502,-6.045342,0.5142493,11.70103,-7.371982,1
3.228844,9.043966,0.4400499,-10,-10,-10,0.44,500,-10,10,-500,-110.5914,-29.59175,-5.023981,-5.935359,0.4215484,11.98337,-7.6716,1
10.95592,-2.46282,3.53706,-10,10,-10,0.44,500,-10,10,-500,-111.1658,-29.57394,-5.515215,-5.537889,0.477076,11.99293,-8.134159,1
0.2033204,-8.853791,1.426866,5.412569,10,-10,0.44,500,-10,10,-500,-111.5912,-29.49939,-5.934414,-5.025591,0.1655492,11.82797,-8.169976,1
2.40357,-9.633507,0.4391537,10,10,-10,0.44,500,-10,10,-500,-111.7209,-29.3897,-6.180895,-4.833488,0.01194834,11.8401,-8.220606,1
-6.469371,2.379092,-3.145131,10,-9.575309,-10,0.44,500,-223.0933,10,-500,-111.4717,-29.29945,-6.01148,-5.103312,-0.1457434,11.96955,-7.922539,1
4.679035,10.20705,1.952459,-1.920826,-10,-10,0.44,500,-51.49074,10,-500,-111.2952,-29.18876,-5.850311,-5.393575,0.0833552,12.12627,-8.018096,1
2.319231,9.200325,1.22106,-10,-10,-10,0.44,500,-10,10,-500,-111.2999,-29.06851,-5.733887,-5.611156,0.2378127,12.24739,-8.076086,1
11.08856,-0.9629545,3.437457,-10,9.197001,-10,0.44,500,-10,10,-500,-111.472,-28.98,-5.839567,-5.318106,0.462805,12.0419,-8.388643,1
0.5514978,-9.061627,0.9335427,-0.2224693,10,-10,0.44,500,-10,10,-500,-111.6048,-28.88087,-5.968683,-5.053426,0.3026849,11.8842,-8.335506,1
2.381392,-9.647728,1.08526,10,10,-10,0.44,500,-10,10,-500,-111.5731,-28.77384,-6.078601,-4.82213,0.09131476,11.74399,-8.215214,1
-5.242311,-0.941438,-2.708635,10,-7.426919,-10,0.44,500,-143.0792,10,-500,-111.4638,-28.67263,-6.054063,-5.014865,-0.09347142,11.91639,-8.010094,1
3.147357,10.36697,0.9826875,4.769233,-10,-10,0.44,500,-41.34488,10,-500,-111.3548,-28.56351,-5.958401,-5.159156,0.007221045,11.98141,-8.031523,1
2.108808,9.471567,2.087886,-10,-10,-10,0.44,500,-10,10,-500,-111.418,-28.44894,-5.873427,-5.467065,0.2796692,12.21892,-8.233563,1
11.50195,1.14612,3.62086,-10,6.95737,-10,0.44,500,-10,10,-500,-111.5184,-28.34801,-5.891969,-5.260379,0.4823725,12.02759,-8.451629,1
1.650743,-9.098722,0.5700213,-7.142822,10,-10,0.44,500,-10,10,-500,-111.6091,-28.24619,-5.989635,-5.113958,0.4608733,11.9621,-8.511057,1
2.556654,-9.460727,2.206268,10,10,-10,0.44,500,-10,10,-500,-111.5221,-28.13983,-6.08244,-4.770951,0.1335333,11.69599,-8.260612,1
-4.53985,-2.925684,-2.821791,10,-5.505917,-10,0.44,500,-115.9556,10,-500,-111.4204,-28.03747,-6.108143,-4.921587,-0.04992278,11.86792,-8.098454,1
2.08621,7.586952,-0.2647932,10,-10,-10,0.44,500,-91.48923,10,-500,-111.3433,-27.9258,-6.019087,-4.996491,-0.05976849,11.86903,-8.014816,1
1.477424,8.800495,2.686804,-10,-10,-10,0.44,500,-10,10,-500,-111.4535,-27.81109,-5.93096,-5.379804,0.3232843,12.17932,-8.324849,1
11.18924,3.665195,3.379746,-10,5.525921,-10,0.44,500,-10,10,-500,-111.5598,-27.70634,-5.911852,-5.216619,0.5143393,12.00031,-8.500072,1
3.355121,-8.807345,0.8789763,-10,10,-10,0.44,500,-10,10,-500,-111.5956,-27.60213,-6.026632,-5.099062,0.5408552,11.97786,-8.621693,1
2.092616,-8.994575,3.002202,10,10,-10,0.44,500,-10,10,-500,-111.437,-27.49859,-6.151845,-4.690145,0.1471916,11.67269,-8.331779,1
-3.487515,-4.678053,-2.838538,10,-5.545925,-10,0.44,500,-112.3431,10,-500,-111.3036,-27.39717,-6.201322,-4.829654,-0.04843143,11.8532,-8.177153,1
1.402279,9.456914,-0.5631251,10,-10,-10,0.44,500,-60.98914,10,-500,-111.2988,-27.27746,-6.080174,-4.920908,-0.03984326,11.84407,-8.085358,1
1.205381,8.407615,3.169036,-10,-10,-10,0.44,500,-10,10,-500,-111.5089,-27.16102,-5.925925,-5.340754,0.372783,12.1361,-8.370176,1
10.07948,5.577944,2.499391,-10,5.565928,-10,0.44,500,-10,10,-500,-111.6559,-27.05445,-5.871565,-5.203778,0.5714539,11.95409,-8.523805,1
4.627717,-8.649753,0.742826,-10,10,-10,0.44,500,-10,10,-500,-111.4837,-26.94549,-6.158301,-4.989803,0.5283287,11.9777,-8.718265,1
1.421197,-8.682104,3.693551,10,10,-10,0.44,500,-122.5103,10,-500,-110.8768,-26.8638,-6.699256,-4.384859,-0.06458061,11.82098,-8.573586,1
-5.934843,-7.957556,-1.340438,10,-4.043707,-10,0.44,500,-495.8851,10,-500,-110.0682,-26.81148,-7.416396,-4.249989,-0.5079895,12.28033,-8.724391,1
-1.082111,12.2701,-1.622183,10,-10,-10,0.44,500,-500,10,-500,-108.2283,-26.73173,-9.160012,-3.59506,-1.450682,13.07014,-9.226439,1
4.619298,11.5817,8.263993,-8.508162,-10,-10,0.44,500,-500,10,-500,-107.4217,-26.84289,-10.01002,-3.543798,-1.565067,13.72319,-9.816363,1
8.13086,12.71208,1.018821,-10,-2.922487,-10,0.44,500,-500,10,-500,-107.7546,-26.95685,-9.773581,-3.614716,-1.351562,13.59819,-9.833956,1
11.293,-9.790375,0.4192481,-10,10,-10,0.44,500,-500,10,-500,-108.3134,-27.00614,-9.298298,-3.701413,-0.9811268,13.29107,-9.810577,1
-0.5878216,-13.3438,3.736654,6.244563,10,-10,0.44,500,-500,10,-500,-108.6088,-27.1084,-8.994943,-3.54217,-1.090052,12.88047,-9.450294,1
-2.558741,-12.75637,-1.881462,10,10,-10,0.44,500,-500,10,-500,-108.6667,-27.22936,-8.820847,-3.501778,-1.026692,12.69583,-9.369401,1
-5.661689,9.193074,-0.8740705,10,-10,-10,0.44,500,-500,10,-500,-108.4104,-27.31043,-9.00497,-3.706767,-1.413287,13.05338,-9.135368,1
6.360953,11.27279,6.155482,-5.639273,-10,-10,0.44,500,-500,10,-500,-108.257,-27.41367,-9.167412,-3.933426,-1.259522,13.41464,-9.423731,1
3.506496,14.07657,2.394117,-10,-10,-10,0.44,500,-500,10,-500,-108.2625,-27.52555,-9.29512,-3.963296,-1.246134,13.55032,-9.542936,1
14.44536,-4.351569,1.415244,-10,10,-10,0.44,500,-500,10,-500,-108.4363,-27.61969,-9.182024,-3.801746,-0.9711786,13.29506,-9.724182,1
-0.9456023,-13.23667,2.201016,5.659276,10,-10,0.44,500,-500,10,-500,-108.5234,-27.72849,-9.071168,-3.587121,-1.187918,12.98858,-9.415588,1
0.6738968,-14.05039,0.01282144,10,10,-10,0.44,500,-500,10,-500,-108.4722,-27.84024,-8.972074,-3.526819,-1.199088,12.84617,-9.32231,1
-8.940532,3.79075,-0.5353184,10,-9.700555,-10,0.44,500,-500,10,-500,-108.3404,-27.93734,-9.054766,-3.743199,-1.498918,13.13107,-9.090998,1
6.635844,12.31328,3.375274,-1.114063,-10,-10,0.44,500,-500,10,-500,-108.2663,-28.0447,-9.150598,-3.910371,-1.375538,13.37765,-9.293783,1
0.8084122,13.20779,4.54988,-10,-10,-10,0.44,500,-500,10,-500,-108.342,-28.1543,-9.241078,-4.036497,-1.265556,13.57875,-9.478737,1
15.08908,1.953023,1.899582,-10,8.006996,-10,0.44,500,-500,10,-500,-108.4433,-28.25561,-9.20719,-3.860993,-1.050493,13.37516,-9.66572,1
0.7175677,-13.7495,0.1864084,-6.135432,10,-10,0.44,500,-500,10,-500,-108.5234,-28.36356,-9.116453,-3.822855,-1.059653,13.26184,-9.581377,1
2.063223,-14.17393,2.370826,10,10,-10,0.44,500,-500,10,-500,-108.429,-28.47471,-9.029005,-3.567867,-1.292195,12.93439,-9.276377,1
-9.504045,-2.45159,-0.8509614,10,-5.712619,-10,0.44,500,-500,10,-500,-108.3271,-28.57831,-9.009216,-3.747884,-1.467363,13.09801,-9.08481,1
5.063741,13.46844,1.235231,10,-10,-10,0.44,500,-500,10,-500,-108.2582,-28.68553,-9.105924,-3.785266,-1.59269,13.21553,-9.039615,1
1.001688,11.8191,7.005379,-10,-10,-10,0.44,500,-500,10,-500,-108.3785,-28.7952,-9.203764,-4.101233,-1.295233,13.61256,-9.41814,1
13.29748,7.730307,1.795931,-10,5.732622,-10,0.44,500,-500,10,-500,-108.4899,-28.89874,-9.230627,-3.926904,-1.130539,13.46049,-9.605093,1
3.93099,-13.54042,-0.875825,-10,10,-10,0.44,500,-500,10,-500,-108.5232,-29.00944,-9.120556,-3.934496,-1.043158,13.37688,-9.601273,1
1.532011,-13.649,4.001805,10,10,-10,0.44,500,-500,10,-500,-108.3592,-29.11922,-8.99783,-3.612981,-1.319389,12.95368,-9.223351,1
-7.884113,-7.051613,-1.325968,10,-5.752625,-10,0.44,500,-500,10,-500,-108.2299,-29.22303,-8.956556,-3.793053,-1.479915,13.09955,-9.028625,1
1.354681,13.25477,-0.4592719,10,-10,-10,0.44,500,-500,10,-500,-108.2534,-29.33688,-9.105711,-3.831062,-1.63885,13.26115,-8.993279,1
2.62401,10.86583,8.205652,-10,-10,-10,0.44,500,-500,10,-500,-108.509,-29.44419,-9.304592,-4.114655,-1.377418,13.70953,-9.4195,1
10.40885,11.33469,1.440362,-10,5.772629,-10,0.44,500,-500,10,-500,-108.7047,-29.54678,-9.409748,-3.912149,-1.239859,13.59416,-9.644192,1
7.76222,-12.04221,-0.3577765,-10,10,-10,0.44,500,-500,10,-500,-108.5542,-29.67122,-9.150323,-3.972666,-1.102478,13.43972,-9.566615,1
0.008850396,-13.56264,4.011251,8.948011,10,-10,0.44,500,-500,10,-500,-107.7865,-29.77457,-8.430218,-3.811551,-1.076731,12.68193,-8.995692,1
-5.468706,-10.45579,-1.618114,10,1.217651,-10,0.44,500,-500,10,-500,-105.7523,-29.77911,-6.492452,-4.493804,-0.5828686,11.75857,-7.883942,1
-2.430956,11.74638,-1.260883,10,-10,-10,0.44,500,-500,10,-500,-104.4821,-29.68949,-5.319623,-5.133496,-0.3947121,11.42647,-7.100306,1
4.37208,7.091031,7.75996,-7.667822,-10,-10,0.44,500,-118.8425,10,-500,-104.4924,-29.54868,-5.306621,-5.429827,-0.07763798,11.71203,-7.406606,1
6.944512,7.798316,1.293337,-10,-3.756314,-10,0.44,500,-15.92338,10,-500,-104.6316,-29.42793,-5.349068,-5.380635,0.03155615,11.69801,-7.550971,1
6.884981,-7.555018,1.736104,-10,10,-10,0.44,500,-10,10,-500,-105.0053,-29.38271,-5.650074,-5.109818,0.09530281,11.6766,-7.864128,1
-0.2539256,-7.939519,3.626308,6.967322,10,-10,0.44,500,-305.8884,10,-500,-105.2183,-29.30062,-5.897507,-4.645711,-0.1990848,11.41751,-7.774761,1
-2.038645,-11.70454,-0.1498669,10,9.141002,-10,0.44,500,-468.8036,10,-500,-105.2694,-29.20147,-6.076779,-4.506892,-0.3062621,11.42724,-7.816127,1
-4.006296,10.6026,-0.8587131,10,-10,-10,0.44,500,-500,10,-500,-105.0736,-29.09944,-5.953647,-4.757846,-0.4773757,11.57616,-7.542986,1
6.318321,10.2362,8.304901,-5.845975,-10,-10,0.44,500,-251.1529,10,-500,-104.975,-28.98061,-5.845329,-5.092352,-0.1938695,11.82092,-7.736742,1
4.930319,7.929053,-0.7854879,-10,-10,-10,0.44,500,-163.2293,10,-500,-105.0185,-28.85855,-5.754929,-5.226373,-0.1066352,11.88004,-7.749072,1
7.442856,-6.971695,2.521636,-10,10,-10,0.44,500,-10,10,-500,-105.1775,-28.77391,-5.867757,-4.917155,0.1271102,11.66431,-8.076305,1
-1.143048,-7.857018,2.793103,5.865978,10,-10,0.44,500,-274.1653,10,-500,-105.2509,-28.67666,-5.982607,-4.567719,-0.1504174,11.41003,-7.893941,1
0.6995239,-12.55,0.4277263,10,10,-10,0.44,500,-399.0978,10,-500,-105.1903,-28.57734,-6.090356,-4.441144,-0.2607244,11.37274,-7.872914,1
-5.32303,8.828314,-0.2151952,10,-10,-10,0.44,500,-500,10,-500,-105.0714,-28.47016,-6.017677,-4.681808,-0.4546443,11.55318,-7.618773,1
7.668625,10.25467,7.28654,-5.885982,-10,-10,0.44,500,-197.4188,10,-500,-105.0375,-28.35239,-5.939232,-4.979967,-0.1508456,11.78634,-7.857574,1
3.607236,10.05777,0.5971416,-10,-10,-10,0.44,500,-93.42307,10,-500,-105.1338,-28.23606,-5.85961,-5.107098,-0.06103184,11.8475,-7.881413,1
8.882903,-5.0952,3.450467,-10,10,-10,0.44,500,-10,10,-500,-105.2271,-28.14191,-5.947278,-4.814293,0.1697077,11.62734,-8.184793,1
-1.274467,-7.763522,2.393072,5.905985,10,-10,0.44,500,-251.7852,10,-500,-105.232,-28.04138,-6.047415,-4.491503,-0.1314109,11.38752,-7.966647,1
2.269046,-12.80392,0.6387119,10,10,-10,0.44,500,-376.068,10,-500,-105.1043,-27.94573,-6.154568,-4.363144,-0.2456793,11.34794,-7.941164,1
-7.051,6.501194,-0.3144912,10,-10,-10,0.44,500,-500,10,-500,-104.841,-27.77976,-6.093177,-4.586624,-0.4481227,11.52056,-7.687853,1
8.383891,10.42781,6.100091,-5.925988,-10,-10,0.44,500,-188.6022,10,-500,-104.8274,-27.64187,-6.0372,-4.86997,-0.1444626,11.75752,-7.945131,1
2.614214,9.848886,0.7350997,-10,-10,-10,0.44,500,-43.45053,10,-500,-104.971,-27.51217,-5.967103,-4.966941,-0.02838556,11.79641,-8.003127,1
9.32537,-3.88429,4.159565,-10,10,-10,0.44,500,-10,10,-500,-104.9657,-27.43549,-6.114704,-4.674651,0.1409931,11.62642,-8.294806,1
-1.217721,-7.794965,1.947286,5.945992,10,-10,0.44,500,-354.5054,10,-500,-104.8431,-27.3677,-6.303622,-4.313025,-0.2106467,11.42133,-8.099702,1
1.516916,-14.14624,1.209222,10,10,-10,0.44,500,-500,10,-500,-104.5674,-27.32331,-6.52404,-4.133811,-0.3833207,11.42475,-8.109663,1
-8.264951,4.83671,0.05494817,10,-10,-10,0.44,500,-500,10,-500,-104.459,-27.19364,-6.534523,-4.33896,-0.6094441,11.63859,-7.892226,1
8.559546,10.96543,5.010946,-5.70415,-10,-10,0.44,500,-430.271,10,-500,-104.4282,-27.05282,-6.544508,-4.590012,-0.3376458,11.89791,-8.172297,1
0.2097937,10.9745,3.917932,-10,-10,-10,0.44,500,-383.0365,10,-500,-104.5246,-26.91193,-6.548235,-4.656671,-0.2502318,11.96766,-8.262801,1
12.44037,-1.686976,5.76965,-10,10,-10,0.44,500,-458.2087,10,-500,-103.9805,-26.90473,-7.204356,-4.140153,-0.3153163,11.9948,-8.741371,1
-0.7705748,-13.1853,1.429111,2.239513,10,-10,0.44,500,-500,10,-500,-103.491,-26.98359,-7.745027,-3.755633,-0.7114544,12.05827,-8.793226,1
1.767657,-14.43199,1.726179,10,10,-10,0.44,500,-500,10,-500,-103.1708,-27.10554,-7.980118,-3.516981,-0.9680702,12.01441,-8.731404,1
-8.975836,2.465285,-0.1063044,10,-8.595939,-10,0.44,500,-500,10,-500,-102.8178,-27.1259,-8.256637,-3.5933,-1.313507,12.31985,-8.615088,1
7.941357,12.14361,3.712027,0.2516913,-10,-10,0.44,500,-500,10,-500,-102.4622,-27.1504,-8.590419,-3.618413,-1.32362,12.62153,-8.881543,1
0.6997088,12.88369,4.728374,-10,-10,-10,0.44,500,-500,10,-500,-102.3021,-27.21465,-8.872176,-3.702087,-1.309907,12.93867,-9.128716,1
14.91633,1.631987,3.248431,-10,8.443586,-10,0.44,500,-500,10,-500,-102.427,-27.32135,-8.841336,-3.50939,-1.077495,12.72042,-9.335576,1
-0.05528522,-13.1812,0.9601111,-2.742176,10,-10,0.44,500,-500,10,-500,-102.5659,-27.45047,-8.74745,-3.407106,-1.128758,12.54034,-9.206518,1
2.290342,-13.94086,2.72154,10,10,-10,0.44,500,-500,10,-500,-102.5223,-27.58408,-8.683108,-3.224242,-1.331306,12.30416,-8.950659,1
-9.274382,0.6897335,0.0494031,10,-7.39073,-10,0.44,500,-500,10,-500,-102.3847,-27.67292,-8.747447,-3.392141,-1.568109,12.52537,-8.767166,1
7.108222,12.77895,2.869308,4.112597,-10,-10,0.44,500,-500,10,-500,-102.2345,-27.74675,-8.891189,-3.495043,-1.606708,12.74738,-8.84767,1
0.1999969,12.48954,5.316896,-10,-10,-10,0.44,500,-500,10,-500,-102.26,-27.83248,-9.019169,-3.736235,-1.470625,13.09461,-9.089795,1
14.78769,2.83217,2.698131,-10,7.543217,-10,0.44,500,-500,10,-500,-102.3576,-27.93562,-9.020383,-3.551877,-1.276212,12.91126,-9.285214,1
0.1635692,-13.57988,0.1473412,-5.264198,10,-10,0.44,500,-500,10,-500,-102.4555,-28.05963,-8.949942,-3.462156,-1.278246,12.76317,-9.224813,1
1.861484,-14.28369,2.153054,10,10,-10,0.44,500,-500,10,-500,-102.3803,-28.187,-8.888342,-3.210794,-1.504005,12.46077,-8.948013,1
-9.760283,-0.6276481,-0.4491221,10,-6.884298,-10,0.44,500,-500,10,-500,-102.2811,-28.28588,-8.914809,-3.401227,-1.727607,12.67313,-8.746343,1
6.604131,12.90434,2.522232,5.525117,-10,-10,0.44,500,-500,10,-500,-102.2068,-28.36938,-9.028366,-3.508445,-1.785,12.87444,-8.783041,1
0.5143546,12.50493,5.859949,-10,-10,-10,0.44,500,-500,10,-500,-102.3058,-28.45617,-9.140197,-3.758525,-1.587998,13.21719,-9.072705,1
14.58825,2.768822,2.256623,-10,7.328672,-10,0.44,500,-500,10,-500,-102.4064,-28.55873,-9.151984,-3.571785,-1.399629,13.04021,-9.270843,1
0.6051074,-13.57501,0.1328832,-5.506902,10,-10,0.44,500,-500,10,-500,-102.4638,-28.68524,-9.086438,-3.503805,-1.4238,12.91792,-9.192361,1
1.708328,-14.41835,1.746432,10,10,-10,0.44,500,-500,10,-500,-102.3485,-28.81251,-9.019136,-3.248251,-1.653434,12.6066,-8.90696,1
-9.217498,-0.1550854,0.1828489,10,-6.992736,-10,0.44,500,-500,10,-500,-102.2678,-28.9124,-9.050735,-3.440642,-1.881155,12.82517,-8.70542,1
6.409161,12.62903,2.422074,4.710728,-10,-10,0.44,500,-500,10,-500,-102.2825,-28.99508,-9.195177,-3.52372,-1.902193,13.02794,-8.804066,1
0.760765,12.62785,5.731071,-10,-10,-10,0.44,500,-500,10,-500,-102.4786,-29.07038,-9.356606,-3.723895,-1.71311,13.36187,-9.126907,1
14.84258,2.201985,2.387324,-10,7.714435,-10,0.44,500,-500,10,-500,-102.5996,-29.17376,-9.387408,-3.526157,-1.527173,13.18965,-9.338366,1
0.7682977,-13.48426,0.4252032,-3.70206,10,-10,0.44,500,-500,10,-500,-102.617,-29.30962,-9.323675,-3.430616,-1.591259,13.04131,-9.221474,1
2.055411,-14.02758,1.955156,10,10,-10,0.44,500,-500,10,-500,-102.4504,-29.44417,-9.234933,-3.234624,-1.807071,12.77178,-8.932129,1
-9.208377,0.7175891,-0.01157936,10,-7.626491,-10,0.44,500,-500,10,-500,-102.4956,-29.53519,-9.388844,-3.37859,-2.07344,13.04328,-8.79329,1
6.531945,12.25956,2.703834,1.963831,-10,-10,0.44,500,-500,10,-500,-102.8744,-29.57913,-9.847518,-3.376775,-2.135176,13.42151,-9.111606,1
1.143574,13.13522,5.088153,-10,-10,-10,0.44,500,-500,10,-500,-103.4702,-29.56079,-10.37121,-3.383627,-2.125622,13.86229,-9.555086,1
15.42601,1.356359,3.126606,-10,8.577607,-10,0.44,500,-500,10,-500,-103.9331,-29.61368,-10.74851,-2.98268,-2.116018,13.77397,-9.877316,1
0.522214,-13.3888,0.8448091,-0.2020884,10,-10,0.44,500,-500,10,-500,-104.5909,-29.66327,-11.36907,-2.579949,-2.494025,13.88543,-10.0135,1
1.302046,-14.43955,0.776778,10,10,-10,0.44,500,-500,10,-500,-105.1974,-29.62206,-12.08049,-2.083182,-2.865321,13.97813,-10.23167,1
-9.387074,2.011124,-0.7244753,10,-8.676294,-10,0.44,500,-500,10,-500,-104.9677,-29.52054,-11.94543,-2.379256,-3.075513,14.1623,-9.909572,1
7.248523,12.30861,3.934484,-2.364831,-10,-10,0.44,500,-500,10,-500,-104.7657,-29.39306,-11.77152,-2.665209,-2.819331,14.30416,-10.02166,1
1.599702,13.52541,4.313552,-10,-10,-10,0.44,500,-500,10,-500,-104.7803,-29.25861,-11.68011,-2.82397,-2.640766,14.38717,-10.12448,1
14.7542,-0.9508533,2.064313,-10,9.794023,-10,0.44,500,-500,10,-500,-105.035,-29.19496,-11.86921,-2.532501,-2.477122,14.25239,-10.44481,1
-0.01750267,-13.32944,1.300527,4.635748,10,-10,0.44,500,-500,10,-500,-105.2045,-29.11058,-12.05096,-2.168964,-2.743215,14.03945,-10.32931,1
0.8766185,-14.16749,0.1758499,10,10,-10,0.44,500,-500,10,-500,-105.2148,-29.01403,-12.2007,-1.954626,-2.834397,13.94919,-10.36221,1
-8.639299,4.292013,-0.63823,10,-10,-10,0.44,500,-500,10,-500,-105.0526,-28.90828,-12.10445,-2.237979,-3.056378,14.15278,-10.06047,1
7.175476,11.80733,4.554094,-6.246041,-10,-10,0.44,500,-500,10,-500,-104.9823,-28.78837,-12.01449,-2.572009,-2.770778,14.41228,-10.27153,1
1.869449,13.40099,2.738996,-10,-10,-10,0.44,500,-500,10,-500,-105.0446,-28.66719,-11.93319,-2.688879,-2.685426,14.46178,-10.28952,1
14.44904,-3.208674,1.693942,-10,10,-10,0.44,500,-500,10,-500,-105.1808,-28.58086,-12.03611,-2.390074,-2.456462,14.24825,-10.60376,1
-0.718978,-13.48132,1.557364,6.266045,10,-10,0.44,500,-500,10,-500,-105.2293,-28.48386,-12.14267,-2.025746,-2.728676,13.97223,-10.41985,1
0.1433576,-13.67908,-0.480015,10,10,-10,0.44,500,-500,10,-500,-105.1482,-28.38726,-12.24723,-1.876023,-2.801893,13.90914,-10.43327,1
-7.656337,6.491087,-0.6605367,10,-10,-10,0.44,500,-500,10,-500,-105.0432,-28.27713,-12.17913,-2.133338,-3.014678,14.11002,-10.16405,1
6.772398,11.41,5.489906,-6.286047,-10,-10,0.44,500,-500,10,-500,-105.0263,-28.1575,-12.10464,-2.458954,-2.726068,14.37392,-10.39094,1
3.264998,13.94259,2.302452,-10,-10,-10,0.44,500,-500,10,-500,-105.1382,-28.0406,-12.02511,-2.582028,-2.644133,14.4311,-10.40698,1
13.81497,-5.655179,1.190475,-10,10,-10,0.44,500,-500,10,-500,-105.2134,-27.9466,-12.11782,-2.281765,-2.412164,14.20765,-10.71577,1
-0.574836,-13.17695,2.60438,6.306051,10,-10,0.44,500,-500,10,-500,-105.1949,-27.84795,-12.22523,-1.912421,-2.689022,13.9273,-10.5279,1
-1.703273,-13.64521,-1.950816,10,10,-10,0.44,500,-500,10,-500,-105.0424,-27.75686,-12.34478,-1.781159,-2.799842,13.8951,-10.51614,1
-6.254501,8.444058,-0.9640403,10,-10,-10,0.44,500,-500,10,-500,-104.9782,-27.64012,-12.27742,-2.022012,-2.992165,14.08014,-10.26801,1
6.580456,11.43985,6.910755,-6.326054,-10,-10,0.44,500,-500,10,-500,-105.0131,-27.51673,-12.19082,-2.344253,-2.682914,14.33063,-10.50551,1
2.591047,13.91403,1.594752,-10,-10,-10,0.44,500,-500,10,-500,-105.193,-27.40009,-12.0786,-2.495978,-2.596193,14.38936,-10.49924,0.1833639
9.731036,-7.934273,0.9411492,-10,10,-10,0.44,500,-500,10,-500,-105.1817,-27.30249,-12.21923,-2.153714,-2.371733,14.16363,-10.84022,0
-3.569544,-13.41834,2.987916,6.346058,10,-10,0.44,500,-500,10,-500,-105.0348,-27.21023,-12.41586,-1.773212,-2.727262,13.94605,-10.64762,0
-6.263572,-12.61279,-2.233203,10,10,-10,0.44,500,-500,10,-500,-104.7009,-27.14275,-12.68003,-1.577683,-2.912849,13.96941,-10.68092,0
-7.234688,10.54609,-1.04821,10,-10,-10,0.44,500,-500,10,-500,-104.636,-27.01221,-12.64236,-1.805179,-3.116496,14.16569,-10.44606,0
2.230061,11.04101,7.206353,-6.795283,-10,-10,0.44,500,-500,10,-500,-104.7181,-26.87337,-12.5504,-2.123587,-2.777635,14.4079,-10.70872,0
4.27374,13.61474,1.494716,-10,-5.680073,-10,0.44,500,-500,10,-500,-104.9999,-26.74797,-12.36668,-2.212337,-2.573133,14.34443,-10.761,0
8.107863,-9.853831,0.4078099,-10,10,-10,0.44,500,-98.70477,10,-500,-111.1133,-26.752,-6.354251,-4.975021,0.368322,12.12528,-8.720621,0
-3.010684,-8.126398,3.464283,7.662634,10,-10,0.44,98.54143,-411.4586,10,-500,-71.08582,-26.67727,-46.3634,14.15545,-18.78954,26.14595,-22.7139,0
-4.763189,-7.735165,0.9241893,10,2.528626,-10,0.44,10,-500,10,-500,-61.95743,-26.58195,-55.39293,18.39097,-23.17926,29.3922,-25.80594,0
-4.188274,7.44848,-1.044184,10,-10,-10,0.44,10,-500,10,-500,-60.94007,-26.52418,-56.31768,18.78826,-23.66349,29.76114,-26.08795,0
2.201497,8.039115,3.719421,-8.591145,-10,-10,0.44,10,-500,10,-500,-60.72146,-26.39417,-56.58408,18.61687,-23.4475,30.15327,-26.52468,0
5.340066,7.314877,0.2540565,-10,1.993751,-10,0.44,10,-500,10,-500,-60.84988,-26.28806,-56.55147,18.71496,-23.25987,30.02816,-26.68529,0
3.202059,-7.910994,-1.014375,-10,10,-10,0.44,10,-500,10,-500,-61.21362,-26.22194,-56.26143,18.6692,-23.02409,29.83359,-26.68075,0
-1.824074,-8.492997,3.501209,9.447667,10,-10,0.44,10,-500,10,-500,-61.32884,-26.12283,-56.05363,18.85765,-23.31245,29.47296,-26.2202,0
-5.632978,-6.547029,0.8341975,10,-6.310089,-10,0.44,10,-500,10,-500,-61.25307,-26.02277,-56.02744,18.67472,-23.50109,29.6342,-26.00987,0
-2.456776,8.161363,-1.333051,10,-10,-10,0.44,10,-500,10,-500,-61.04365,-25.91689,-56.17053,18.76522,-23.55288,29.66226,-26.07664,0
2.19381,8.806378,4.160549,-10,-10,-10,0.44,10,-500,10,-500,-61.05507,-25.79763,-56.27377,18.48937,-23.23212,30.02365,-26.48294,0
6.426815,5.409662,-0.2398334,-10,6.452742,-10,0.44,10,-500,10,-500,-61.15209,-25.695,-56.27357,18.6766,-23.03373,29.83627,-26.68117,0
2.057554,-8.447165,-1.289247,-10,10,-10,0.44,10,-500,10,-500,-61.3158,-25.60195,-56.15011,18.6422,-22.94728,29.76836,-26.66533,0
-1.570579,-9.159269,3.05537,10,10,-10,0.44,10,-500,10,-500,-61.27805,-25.49705,-56.04571,18.91064,-23.27746,29.41341,-26.24863,0
-6.834466,-5.451781,0.03973003,10,-6.472744,-10,0.44,10,-500,10,-500,-61.18706,-25.39527,-56.02613,18.72255,-23.45964,29.58528,-26.05023,0
-1.290365,8.350507,-1.418026,10,-10,-10,0.44,10,-500,10,-500,-61.06545,-25.28544,-56.11691,18.76924,-23.50195,29.61381,-26.08314,0
1.456728,8.72609,3.069464,-10,-10,-10,0.44,10,-500,10,-500,-61.13805,-25.16908,-56.19706,18.4962,-23.15231,29.95325,-26.49919,0
7.077064,4.118761,-0.2233435,-10,6.492748,-10,0.44,10,-500,10,-500,-61.2351,-25.06519,-56.20424,18.68696,-22.95651,29.76844,-26.70094,0
1.178671,-8.666065,-1.290955,-10,10,-10,0.44,10,-500,10,-500,-61.32605,-24.96547,-56.1041,18.65286,-22.89733,29.71957,-26.67715,0
-1.137462,-9.203243,2.882568,10,10,-10,0.44,10,-500,10,-500,-61.22462,-24.86112,-56.00739,18.93068,-23.23173,29.36162,-26.26262,0
-7.033462,-3.926702,0.3835509,10,-6.512752,-10,0.44,10,-500,10,-500,-61.11967,-24.75903,-55.98259,18.73874,-23.41502,29.53302,-26.05878,0
-0.3537152,8.692669,-1.072828,10,-10,-10,0.44,10,-500,10,-500,-61.05435,-24.64463,-56.07204,18.78193,-23.45335,29.56395,-26.09457,0
1.540085,9.245014,2.852485,-10,-10,-10,0.44,10,-500,10,-500,-61.18262,-24.52848,-56.16396,18.515,-23.10104,29.90702,-26.52304,0
7.888554,3.758899,0.06652132,-10,6.532755,-10,0.44,10,-500,10,-500,-61.28806,-24.42348,-56.17781,18.71215,-22.90341,29.72135,-26.73214,0
0.4871566,-8.899663,-1.414199,-10,10,-10,0.44,10,-500,10,-500,-61.30097,-24.32038,-56.04788,18.65733,-22.84912,29.66853,-26.67877,0
-1.104662,-9.216392,2.717046,10,10,-10,0.44,10,-500,10,-500,-61.10684,-24.22064,-55.89859,18.90966,-23.17594,29.29249,-26.22825,0
-7.360075,-3.346087,0.1587385,10,-6.552758,-10,0.44,10,-500,10,-500,-60.95874,-24.12021,-55.83652,18.7104,-23.34055,29.44032,-26.01221,0
-0.1608923,8.75028,-1.073808,10,-10,-10,0.44,10,-500,10,-500,-60.97113,-23.99521,-55.96672,18.75176,-23.40568,29.50685,-26.05497,0
1.349914,9.111598,2.386725,-10,-10,-10,0.44,10,-500,10,-500,-61.22865,-23.87486,-56.15613,18.55379,-23.05055,29.86176,-26.56704,0
7.775968,3.290555,-0.345701,-10,6.572762,-10,0.44,10,-500,10,-500,-61.38131,-23.76584,-56.21349,18.77612,-22.85844,29.68695,-26.80667,0
0.5041404,-8.823793,-1.260841,-10,10,-10,0.44,10,-500,10,-500,-60.91455,-23.66251,-55.63844,18.5127,-22.69829,29.4739,-26.49035,0
-1.04463,-9.230788,2.728622,10,10,-10,0.44,10,-500,10,-500,-59.23934,-23.64914,-54.04089,18.21731,-22.40532,28.44557,-25.4596,0
-7.63242,-3.553379,-0.2783961,10,-6.592766,-10,0.44,10,-500,10,-500,-58.4881,-23.72422,-53.3843,17.78157,-22.35429,28.33727,-24.96659,0
-0.1316832,8.972588,-0.7956058,10,-10,-10,0.44,10,-500,10,-500,-57.76164,-23.80527,-52.74865,17.61189,-22.0796,27.98026,-24.71458,0
1.619977,9.541169,2.868958,-10,-10,-10,0.44,10,-500,10,-500,-57.65045,-23.93571,-52.54736,17.19399,-21.66246,28.23137,-24.96494,0
7.609096,3.615838,-0.5227297,-10,6.61277,-10,0.44,10,-500,10,-500,-57.80057,-24.03219,-52.60543,17.38949,-21.49807,28.08399,-25.17745,0
0.6894732,-8.964825,-1.668763,-10,10,-10,0.44,10,-500,10,-500,-58.127,-24.10623,-52.86126,17.47987,-21.58267,28.20558,-25.30482,0
-1.32906,-9.26671,2.557126,10,10,-10,0.44,10,-500,10,-500,-58.19473,-24.20926,-53.04038,17.81725,-22.06689,28.01662,-24.96902,0
-7.367067,-4.333078,-0.4241032,10,-6.632772,-10,0.44,10,-500,10,-500,-58.1131,-24.30976,-53.0604,17.63197,-22.27801,28.21849,-24.77449,0
-1.410547,8.361891,-1.665515,10,-10,-10,0.44,10,-500,10,-500,-57.91675,-24.41517,-52.92651,17.58848,-22.23281,28.15103,-24.70875,0
1.43706,9.134404,2.54964,-10,-10,-10,0.44,10,-500,10,-500,-57.93641,-24.53313,-52.82653,17.2345,-21.82086,28.42217,-25.03786,0
7.166584,4.917461,-0.4789587,-10,6.652776,-10,0.44,10,-500,10,-500,-58.03271,-24.63577,-52.82532,17.40805,-21.63539,28.24762,-25.22232,0
1.733817,-8.738559,-1.87409,-10,10,-10,0.44,10,-500,10,-500,-58.18633,-24.73089,-52.94229,17.43572,-21.68723,28.31686,-25.2674,0
-1.36369,-8.973146,2.960197,10,10,-10,0.44,10,-500,10,-500,-58.13958,-24.83669,-53.04258,17.84715,-22.11305,27.98854,-24.92468,0
-6.666028,-5.823087,-0.6167724,10,-6.672779,-10,0.44,10,-500,10,-500,-58.04683,-24.93869,-53.06036,17.6758,-22.32298,28.17462,-24.72948,0
-2.363771,8.364174,-1.56349,10,-10,-10,0.44,10,-500,10,-500,-57.93147,-25.04826,-52.97051,17.59958,-22.33762,28.1764,-24.6404,0
1.707069,8.994525,2.796839,-9.81756,-10,-10,0.44,10,-500,10,-500,-58.00497,-25.16405,-52.89002,17.21623,-21.97113,28.49306,-24.9402,0
6.462483,6.717972,-0.3910955,-10,3.874681,-10,0.44,10,-500,10,-500,-58.10387,-25.26868,-52.86895,17.34724,-21.80502,28.34459,-25.08885,0
3.341059,-8.219875,-1.830994,-10,10,-10,0.44,10,-500,10,-500,-58.18826,-25.36944,-52.96629,17.44412,-21.77891,28.32836,-25.19561,0
-2.036584,-9.125218,2.516209,8.947904,10,-10,0.44,10,-500,10,-500,-58.11131,-25.47522,-53.06298,17.80301,-22.15355,28.04958,-24.90108,0
-5.567183,-7.54568,-0.5596996,10,1.48139,-10,0.44,10,-500,10,-500,-57.98888,-25.57459,-53.1282,17.75142,-22.30861,28.15523,-24.80008,0
-4.006309,7.782807,-1.101231,10,-10,-10,0.44,10,-500,10,-500,-57.9276,-25.68738,-53.04317,17.58205,-22.41427,28.25413,-24.62395,0
2.052373,8.80384,2.511495,-7.96909,-10,-10,0.44,10,-500,10,-500,-58.00125,-25.80428,-52.94866,17.22424,-22.07355,28.53363,-24.88636,0
4.758797,7.99295,-0.461721,-10,-7.593746,-10,0.44,10,-500,10,-500,-58.16777,-25.91117,-52.8451,17.15652,-21.96725,28.51554,-24.90685,0
6.181157,-6.137928,-0.8502458,-10,10,-10,0.44,10,-500,10,-500,-58.18298,-26.0169,-52.96156,17.39378,-21.82446,28.37478,-25.14614,0
-2.254769,-8.86828,2.283119,6.880111,10,-10,0.44,10,-500,10,-500,-58.07431,-26.12257,-53.11433,17.74226,-22.18927,28.15289,-24.90792,0
-3.78407,-8.770729,-0.2873826,10,10,-10,0.44,10,-500,10,-500,-57.79702,-26.21082,-53.32257,17.89029,-22.35139,28.17741,-24.91834,0
-6.53398,5.13306,-1.224663,10,-10,-10,0.44,10,-500,10,-500,-57.79259,-26.33452,-53.21655,17.6122,-22.54181,28.36764,-24.64007,0
2.776565,9.030027,2.03311,-6.766127,-10,-10,0.44,10,-500,10,-500,-57.96156,-26.46017,-53.02044,17.2268,-22.17441,28.59055,-24.84498,0
2.862598,9.005234,-0.09908509,-10,-10,-10,0.44,10,-500,10,-500,-58.51271,-26.56404,-52.55952,16.94277,-21.90364,28.49266,-24.73384,0
7.663684,-3.556228,-0.9828898,-10,10,-10,0.44,10,-500,10,-500,-58.09274,-26.69109,-53.08115,17.39696,-21.92925,28.47069,-25.14044,0
-2.304965,-9.22984,1.131472,6.786131,10,-10,0.44,10,-500,10,-500,-33.66761,-26.80482,-77.52272,29.18583,-33.73106,36.93383,-33.59064,0
-1.932049,-9.665374,0.725866,10,10,-10,0.44,10,-500,10,-500,-33.65419,-26.94459,-77.43475,29.19467,-33.75999,36.8521,-33.48882,0
-7.761014,2.002663,-0.3030647,10,-9.490599,-10,0.44,10,-500,10,-500,-33.14072,-26.99709,-77.86258,29.17589,-34.19097,37.22538,-33.41235,0
1.968987,9.214919,0.4868372,0.1204793,-10,-10,0.44,10,-500,10,-500,-32.77196,-27.0925,-78.19648,29.15303,-34.19629,37.52491,-33.68369,0
1.220787,9.443964,1.368619,-10,-10,-10,0.44,10,-500,10,-500,-32.69971,-27.21314,-78.37757,29.05043,-34.11303,37.77756,-33.917,0
8.487781,0.7899374,-0.5287875,-10,7.731674,-10,0.44,10,-500,10,-500,-32.85709,-27.30728,-78.3081,29.20521,-33.88236,37.56522,-34.09011,0
-0.7303752,-9.17384,-0.6880509,-8.559818,10,-10,0.44,10,-500,10,-500,-33.09666,-27.40042,-78.12743,29.15999,-33.79882,37.46075,-34.02395,0
-0.7457148,-9.217839,2.532199,10,10,-10,0.44,10,-500,10,-500,-33.10955,-27.51146,-77.99593,29.41256,-34.06695,37.0992,-33.64685,0
-8.108559,-3.20375,-0.7723232,10,-6.839474,-10,0.44,10,-500,10,-500,-33.01824,-27.61315,-77.98711,29.21673,-34.26551,37.28772,-33.44098,0
-0.2165329,9.141317,-0.6741718,10,-10,-10,0.44,10,-500,10,-500,-32.84528,-27.71435,-78.10902,29.23337,-34.36964,37.3721,-33.43787,0
1.158039,8.82974,2.585325,-10,-10,-10,0.44,10,-500,10,-500,-32.87967,-27.82703,-78.20731,28.92292,-34.07696,37.76399,-33.812,0
7.088798,5.526937,-0.4380486,-10,6.859476,-10,0.44,10,-500,10,-500,-32.97348,-27.92965,-78.21541,29.10296,-33.89277,37.59067,-34.0029,0
2.298833,-8.915195,-2.280474,-10,10,-10,0.44,10,-500,10,-500,-33.10595,-28.03164,-78.11285,29.08081,-33.81414,37.52783,-33.99653,0
-1.954806,-9.237988,2.650747,9.1674,10,-10,0.44,10,-500,10,-500,-33.06706,-28.14273,-78.02384,29.36427,-34.1132,37.17062,-33.62373,0
-5.488433,-7.570768,-0.5697806,10,3.429821,-10,0.44,10,-500,10,-500,-32.97428,-28.24739,-77.96256,29.27666,-34.18841,37.20746,-33.49775,0
-4.986593,7.088821,-1.706355,10,-10,-10,0.44,10,-500,10,-500,-32.87444,-28.35134,-78.04852,29.15855,-34.38913,37.39679,-33.36826,0
2.283404,8.568742,2.365179,-7.257132,-10,-10,0.44,10,-500,10,-500,-32.8794,-28.46343,-78.13443,28.89143,-34.13956,37.7351,-33.68901,0
3.526566,8.407336,-0.5667557,-10,-10,-10,0.44,10,-500,10,-500,-32.99968,-28.57084,-78.22784,28.86831,-34.13332,37.83561,-33.77264,0
7.077043,-4.8986,-1.130281,-10,10,-10,0.44,10,-500,10,-500,-33.07169,-28.67463,-78.14236,29.04648,-33.87541,37.58662,-33.95973,0
-2.365237,-8.973166,1.877159,6.912819,10,-10,0.44,10,-500,10,-500,-33.04662,-28.78411,-78.04463,29.28749,-34.13129,37.26464,-33.62288,0
-1.919671,-9.46433,0.6945126,10,10,-10,0.44,10,-500,10,-500,-32.88834,-28.88617,-77.93141,29.29504,-34.15227,37.16327,-33.50807,0
-8.152427,2.030845,-0.6879573,10,-9.650656,-10,0.44,10,-500,10,-500,-32.83479,-28.99531,-78.00784,29.09999,-34.41671,37.42165,-33.30696,0
2.037626,9.08876,0.4578539,1.281192,-10,-10,0.44,10,-500,10,-500,-32.85484,-29.10978,-78.12031,28.98412,-34.32691,37.63071,-33.48996,0
1.110628,9.468164,1.684667,-10,-10,-10,0.44,10,-500,10,-500,-33.05361,-29.21792,-78.25964,28.83001,-34.19035,37.90026,-33.74196,0
8.274776,1.444692,-0.7580861,-10,7.190935,-10,0.44,10,-500,10,-500,-33.17602,-29.32195,-78.28947,29.02119,-34.00992,37.7338,-33.94712,0
-0.1909548,-8.985861,-0.7066134,-10,10,-10,0.44,10,-500,10,-500,-33.12661,-29.43817,-78.11988,28.9775,-33.91753,37.63697,-33.89898,0
-1.167015,-9.399601,2.512908,10,10,-10,0.44,10,-500,10,-500,-32.80746,-29.5449,-77.86831,29.22553,-34.17719,37.18049,-33.43088,0
-7.101739,-4.773024,-0.3511428,10,-6.96616,-10,0.44,10,-500,10,-500,-32.56393,-29.64761,-77.71747,28.97953,-34.32561,37.30151,-33.15747,0
-2.08988,8.616031,-1.571782,10,-10,-10,0.44,10,-500,10,-500,-32.82096,-29.77749,-78.07912,29.06848,-34.50735,37.51223,-33.27539,0
1.581818,8.671157,3.082378,-9.254141,-10,-10,0.44,10,-500,10,-500,-67.15963,-29.85343,-112.3592,41.00022,-46.45391,53.98456,-49.73291,0
5.546838,7.560406,-0.3465384,-10,-4.712442,-10,0.44,10,-500,10,-500,-73.58524,-29.74149,-118.6844,43.31691,-48.62856,56.90887,-52.79926,0
5.102821,-7.295435,-1.745453,-10,10,-10,0.44,10,-500,10,-500,-74.37546,-29.64519,-119.3798,43.73728,-48.69275,57.06473,-53.31129,0
-2.71034,-9.062442,2.364743,6.9995,10,-10,0.44,10,-500,10,-500,-74.5034,-29.50675,-119.4953,44.0779,-49.01149,56.81977,-53.08822,0
-3.116797,-9.338443,-0.1317029,10,10,-10,0.44,10,-500,10,-500,-74.44635,-29.36674,-119.5418,44.16205,-49.07446,56.77414,-53.06376,0
-7.621816,3.546627,-1.216872,10,-10,-10,0.44,10,-500,10,-500,-74.11631,-29.32323,-119.2806,43.84973,-49.21014,56.87004,-52.71167,0
2.632251,8.838836,1.174805,-4.356297,-10,-10,0.44,10,-500,10,-500,-73.89066,-29.24647,-119.051,43.52724,-48.88057,57.00227,-52.85099,0
1.203974,9.600721,1.202316,-10,-10,-10,0.44,10,-500,10,-500,-73.84281,-29.15138,-118.872,43.3652,-48.70815,57.01603,-52.87512,0
8.601081,0.1966209,-0.4266659,-10,8.156384,-10,0.44,10,-500,10,-500,-73.96106,-29.04975,-118.8988,43.58178,-48.50071,56.8217,-53.10481,0
-1.088431,-9.161089,-0.4347956,-10,10,-10,0.44,10,-500,10,-500,-74.1357,-28.93374,-119.0082,43.64752,-48.506,56.84655,-53.19011,0
-0.9111862,-9.427614,2.677151,10,10,-10,0.44,10,-500,10,-500,-74.09762,-28.80861,-119.0887,44.03344,-48.87213,56.52733,-52.89068,0
-7.55401,-4.398206,-0.3782578,10,-7.052843,-10,0.44,10,-500,10,-500,-73.99522,-28.70654,-119.0776,43.85014,-49.05824,56.70148,-52.69541,0
-1.586012,8.821242,-1.395264,10,-10,-10,0.44,10,-500,10,-500,-73.84623,-28.62026,-118.9561,43.78029,-49.04475,56.67064,-52.60823,0
1.63161,8.642287,3.548028,-9.412733,-10,-10,0.44,10,-500,10,-500,-73.87779,-28.52212,-118.8494,43.40999,-48.66241,56.95255,-52.90217,0
5.719465,7.757217,-0.1063768,-10,-4.929399,-10,0.44,10,-500,10,-500,-73.95866,-28.42684,-118.7663,43.42418,-48.5503,56.8695,-52.94542,0
5.33699,-7.094298,-1.375834,-10,10,-10,0.44,10,-500,10,-500,-74.06721,-28.31337,-118.839,43.62557,-48.39736,56.72834,-53.15859,0
-2.278743,-8.549324,3.173795,7.08618,10,-10,0.44,10,-500,10,-500,-74.08248,-28.1908,-118.9088,43.95441,-48.70671,56.45728,-52.90702,0
-2.560844,-9.518085,0.2110613,10,10,-10,0.44,10,-500,10,-500,-73.97357,-28.0709,-118.9835,44.05098,-48.78399,56.42262,-52.89165,0
-7.434084,3.443898,-0.3028016,10,-10,-10,0.44,10,-500,10,-500,-73.89661,-27.98136,-118.8839,43.79444,-48.96697,56.59662,-52.62612,0
2.662377,8.901129,1.059558,-0.8550248,-10,-10,0.44,10,-500,10,-500,-73.88482,-27.88665,-118.774,43.57055,-48.73169,56.7295,-52.77042,0
0.5678738,9.296891,1.35514,-10,-10,-10,0.44,10,-500,10,-500,-74.02678,-27.79607,-118.6563,43.36326,-48.51373,56.83921,-52.89077,0
8.678225,1.570623,-0.1636274,-10,7.353389,-10,0.44,10,-500,10,-500,-74.14095,-27.69654,-118.6227,43.54531,-48.29108,56.62937,-53.08565,0
-0.6052076,-9.320292,-0.9818809,-10,10,-10,0.44,10,-500,10,-500,-74.19785,-27.56981,-118.6982,43.6138,-48.27948,56.62346,-53.15982,0
-0.7045025,-8.845097,3.571359,10,10,-10,0.44,10,-500,10,-500,-74.05685,-27.44238,-118.78,44.00686,-48.65168,56.29815,-52.85537,0
-6.836345,-6.300011,-0.55508,10,-5.068379,-10,0.44,10,-500,10,-500,-73.95691,-27.33537,-118.7831,43.85228,-48.82046,56.45526,-52.68913,0
-3.066216,8.379688,-1.538994,10,-10,-10,0.44,10,-500,10,-500,-74.01572,-27.25013,-118.5892,43.71675,-48.78811,56.43018,-52.56087,0
2.396124,8.665871,3.68538,-8.178733,-10,-10,0.44,10,-500,10,-500,-74.24307,-27.17502,-118.3515,43.2979,-48.36363,56.65206,-52.78837,0
3.682261,8.468505,-0.4224082,-10,-10,-10,0.44,10,-500,10,-500,-74.61631,-27.13576,-118.047,43.11761,-48.18363,56.58,-52.71601,0
6.838009,-5.286493,-0.9834927,-10,10,-10,0.44,10,-500,10,-500,-74.75686,-27.00331,-118.0027,43.32569,-47.92273,56.33528,-52.94028,0
-3.092422,-8.939294,1.800295,7.172863,10,-10,0.44,10,-500,10,-500,-74.87532,-26.86494,-117.895,43.57515,-48.15374,55.99654,-52.61998,0
-1.298295,-9.883107,1.110188,10,10,-10,0.44,10,-500,10,-500,-75.15009,-26.73021,-117.5174,43.45554,-48.01856,55.80329,-52.44231,0
-8.525449,0.3908426,-0.3712839,10,-8.537146,-10,0.44,10,-500,10,-500,-65.03735,-26.69777,-127.5295,47.96839,-52.93729,59.58633,-55.81947,0
1.61333,8.909906,-0.4216063,10,-10,-10,0.44,10,-500,10,-500,-57.41668,-26.80331,-135.0494,51.48833,-56.49858,62.29732,-58.48911,0
0.8707534,9.098862,3.264392,-10,-10,-10,0.44,10,-500,10,-500,-57.45501,-26.9416,-135.0982,51.15465,-56.18753,62.67146,-58.84061,0
7.549563,4.766032,-0.1874941,-10,7.206202,-10,0.44,10,-500,10,-500,-57.69867,-27.02996,-134.9462,51.26595,-55.92095,62.43415,-58.98118,0
2.401461,-8.602914,-1.119247,-10,10,-10,0.44,10,-500,10,-500,-58.14964,-27.09557,-134.5742,51.11684,-55.7085,62.2751,-58.88548,0
-1.814334,-8.539103,3.992027,8.887197,10,-10,0.44,10,-500,10,-500,-58.30891,-27.2036,-134.3498,51.33147,-55.9327,61.8745,-58.47531,0
-4.469397,-8.333556,-0.1847273,10,10,-10,0.44,10,-500,10,-500,-58.3421,-27.32143,-134.1954,51.27824,-55.89256,61.79977,-58.3875,0
-5.809724,6.154062,-0.7899863,10,-10,-10,0.44,10,-500,10,-500,-58.10836,-27.40641,-134.3626,51.12617,-56.20869,62.09044,-58.20997,0
3.065749,8.393312,2.317062,-7.23954,-10,-10,0.44,10,-500,10,-500,-57.99012,-27.51246,-134.502,50.88688,-55.98964,62.44522,-58.5445,0
1.831948,9.726936,1.401791,-10,-10,-10,0.44,10,-500,10,-500,-58.01241,-27.62407,-134.6181,50.87656,-55.9997,62.55172,-58.63063,0
8.722425,-1.266719,0.003178328,-10,9.010532,-10,0.44,10,-500,10,-500,-58.15191,-27.72135,-134.5482,51.04726,-55.75475,62.32309,-58.81764,0
-1.826744,-8.947596,0.357223,-8.244698,10,-10,0.44,10,-500,10,-500,-58.29694,-27.82818,-134.4417,51.02942,-55.72723,62.25269,-58.75693,0
-0.6208911,-9.240687,3.028171,10,10,-10,0.44,10,-500,10,-500,-58.24508,-27.94343,-134.3527,51.29877,-56.01089,61.90961,-58.39952,0
-7.984778,-4.716766,-0.5171914,10,-7.272879,-10,0.44,10,-500,10,-500,-58.14888,-28.04625,-134.349,51.10048,-56.21679,62.10487,-58.19059,0
-1.835792,8.603329,-1.774633,10,-10,-10,0.44,10,-500,10,-500,-58.02802,-28.14637,-134.4503,51.10929,-56.30527,62.17995,-58.186,0
2.049642,8.493237,4.24768,-9.054626,-10,-10,0.44,10,-500,10,-500,-58.07046,-28.25502,-134.5406,50.81035,-56.02547,62.55369,-58.54061,0
4.724669,8.203723,0.1120417,-10,-9.797157,-10,0.44,10,-500,10,-500,-58.17125,-28.35741,-134.6364,50.82145,-56.05036,62.622,-58.59513,0
5.95269,-6.354008,-1.024023,-10,10,-10,0.44,10,-500,10,-500,-58.26187,-28.46449,-134.5575,50.9996,-55.79589,62.37848,-58.78421,0
-2.992175,-8.364785,2.882447,7.306218,10,-10,0.44,10,-500,10,-500,-58.2572,-28.57933,-134.4736,51.2524,-56.06279,62.05619,-58.44783,0
-1.367678,-9.842253,0.9853259,10,10,-10,0.44,10,-500,10,-500,-58.12621,-28.68925,-134.3801,51.26031,-56.08364,61.97079,-58.3495,0
-8.252954,1.351324,0.1297366,10,-8.952728,-10,0.44,10,-500,10,-500,-58.04922,-28.79173,-134.4311,51.06384,-56.33078,62.20947,-58.14458,0
2.252023,9.020662,0.05127077,9.088823,-10,-10,0.44,10,-500,10,-500,-58.00845,-28.89957,-134.5372,51.07302,-56.38307,62.28822,-58.18021,0
0.6389687,8.976113,3.196776,-10,-10,-10,0.44,10,-500,10,-500,-58.16595,-29.00682,-134.6524,50.77719,-56.10694,62.67948,-58.55177,0
7.903193,4.893938,0.2998625,-10,7.339556,-10,0.44,10,-500,10,-500,-58.28323,-29.11026,-134.681,50.96954,-55.9249,62.51083,-58.75751,0
1.8631,-8.996536,-1.464562,-10,10,-10,0.44,10,-500,10,-500,-58.28745,-29.22536,-134.5551,50.94047,-55.84822,62.43558,-58.72986,0
-1.810216,-8.388575,4.273512,8.814468,10,-10,0.44,10,-500,10,-500,-58.11865,-29.33828,-134.4027,51.20153,-56.12014,62.04831,-58.33174,0
-3.682913,-8.193674,0.4259576,10,10,-10,0.44,10,-500,10,-500,-57.81395,-29.43071,-134.1724,51.14148,-56.06501,61.91748,-58.196,0
-6.091444,5.879907,-0.4866981,10,-10,-10,0.44,10,-500,10,-500,-57.84718,-29.55392,-134.3154,50.96164,-56.35855,62.21585,-58.02098,0
3.527543,8.492218,2.732825,-7.372896,-10,-10,0.44,10,-500,10,-500,-58.11471,-29.67458,-134.6057,50.75677,-56.18197,62.66121,-58.43805,0
1.400312,9.78365,1.898715,-10,-10,-10,0.44,10,-500,10,-500,-59.03824,-29.75521,-135.4371,50.99165,-56.45422,63.11523,-58.85469,0
8.638734,-0.4810756,0.007250022,-10,8.506743,-10,0.44,10,-500,10,-500,-60.41489,-29.82279,-136.7176,51.66541,-56.71962,63.50246,-59.65029,0
-1.978444,-9.293564,-0.3518066,-10,10,-10,0.44,10,-500,10,-500,-64.4679,-29.88602,-140.6712,53.0792,-58.07578,65.36458,-61.57005,0
-0.3517486,-8.822268,4.035206,10,10,-10,0.44,10,-500,10,-500,-65.20422,-30.00487,-141.4955,53.69886,-58.74265,65.4279,-61.58617,0
-7.066531,-5.532423,-0.008821819,10,-6.838658,-10,0.44,10,-500,10,-500,-64.8477,-30.08988,-141.232,53.41619,-58.84285,65.49229,-61.26768,0
-2.779407,8.381835,-1.792423,10,-10,-10,0.44,10,-500,10,-500,-64.28237,-30.15665,-140.7514,53.21638,-58.70531,65.29386,-61.00697,0
2.231211,7.898469,3.77196,-8.31031,-10,-10,0.44,10,-500,10,-500,-64.07924,-30.27365,-140.5137,52.81453,-58.31092,65.49876,-61.20441,0
3.501301,8.773582,0.05163121,-10,-10,-10,0.44,10,-500,10,-500,-64.05457,-30.40062,-140.3746,52.72375,-58.23319,65.47433,-61.16694,0
6.990314,-5.164876,-0.7379763,-10,10,-10,0.44,10,-500,10,-500,-64.32418,-30.47307,-140.5773,53.00747,-58.08455,65.35855,-61.48351,0
-3.144542,-8.554184,2.196214,4.028226,10,-10,0.44,10,-500,10,-500,-64.48718,-30.57117,-140.7444,53.29522,-58.39317,65.20924,-61.31333,0
-0.4201437,-9.554031,2.083743,10,10,-10,0.44,10,-500,10,-500,-64.4862,-30.6794,-140.8769,53.44105,-58.56013,65.17321,-61.25617,0
-8.385051,-0.9525839,0.5678145,10,-7.823174,-10,0.44,10,-500,10,-500,-64.38256,-30.78001,-140.8678,53.23524,-58.76982,65.37146,-61.03893,0
1.413126,9.123939,-0.3999942,10,-10,-10,0.44,10,-500,10,-500,-64.21715,-30.88597,-140.7545,53.16784,-58.76197,65.34496,-60.95287,0
0.8132311,8.304984,3.97454,-10,-10,-10,0.44,10,-500,10,-500,-64.26067,-31.00202,-140.6632,52.78079,-58.3879,65.65641,-61.25135,0
6.577229,6.690443,0.1803983,-10,1.484079,-10,0.44,10,-500,10,-500,-64.3466,-31.10768,-140.6309,52.88483,-58.2473,65.52555,-61.36512,0
4.090942,-8.105406,-0.8464936,-10,10,-10,0.44,10,-500,10,-500,-64.47498,-31.20573,-140.7323,53.00576,-58.19503,65.4887,-61.50147,0
-2.789597,-8.164824,3.926533,7.643657,10,-10,0.44,10,-500,10,-500,-64.49786,-31.3151,-140.8229,53.33208,-58.54123,65.23742,-61.23031,0
-2.332701,-9.17181,0.69037,10,10,-10,0.44,10,-500,10,-500,-64.4043,-31.42202,-140.9151,53.4057,-58.63454,65.2402,-61.21341,0
-7.497364,3.759176,-0.03070948,10,-10,-10,0.44,10,-500,10,-500,-64.30749,-31.52482,-140.8306,53.14519,-58.8357,65.43066,-60.94219,0
3.181035,8.588305,1.27134,1.228545,-10,-10,0.44,10,-500,10,-500,-64.26295,-31.63579,-140.7429,52.95591,-58.65882,65.54729,-61.04642,0
0.4822283,9.482338,2.984331,-10,-10,-10,0.44,10,-500,10,-500,-64.37905,-31.74634,-140.6527,52.71487,-58.43008,65.7136,-61.20044,0
8.827329,2.828564,0.9771563,-10,7.519587,-10,0.44,10,-500,10,-500,-64.48103,-31.84979,-140.6396,52.89349,-58.22888,65.52412,-61.39077,0
0.01201063,-9.182238,-0.907126,-10,10,-10,0.44,10,-500,10,-500,-64.53658,-31.9586,-140.7398,52.94905,-58.24915,65.55161,-61.45355,0
-1.464069,-8.586777,4.183441,9.835981,10,-10,0.44,10,-500,10,-500,-64.39839,-32.06846,-140.845,53.32724,-58.64844,65.26056,-61.14141,0
-5.32702,-7.935229,-0.02963576,10,5.078733,-10,0.44,10,-500,10,-500,-64.23491,-32.16596,-140.9468,53.31638,-58.76761,65.35577,-61.10658,0
-4.976489,7.223836,-1.336514,10,-10,-10,0.44,10,-500,10,-500,-64.20616,-32.28103,-140.8458,53.10001,-58.90325,65.48847,-60.88726,0
3.471913,7.96764,3.464761,-7.552925,-10,-10,0.44,10,-500,10,-500,-64.29076,-32.3987,-140.7215,52.73912,-58.55415,65.74638,-61.13338,0
1.594819,9.529026,0.9802626,-10,-10,-10,0.44,10,-500,10,-500,-64.5413,-32.50369,-140.5442,52.60661,-58.42923,65.73199,-61.11142,0
8.546591,-2.231358,0.2081408,-10,9.438923,-10,0.44,10,-500,10,-500,-64.53661,-32.61389,-140.6595,52.86198,-58.26863,65.57217,-61.36756,0
-2.640424,-8.876921,0.6459993,-7.354655,10,-10,0.44,10,-500,10,-500,-64.37363,-32.72367,-140.9247,53.01754,-58.44058,65.63628,-61.41529,0
-0.1655807,-9.158647,3.584499,10,10,-10,0.44,10,-500,10,-500,-63.81178,-32.80763,-141.4098,53.53146,-58.98892,65.52438,-61.26897,0
-7.861145,-4.407922,0.1676839,10,-7.586265,-10,0.44,10,-500,10,-500,-63.17347,-32.88196,-141.9563,53.58928,-59.47127,65.91932,-61.23938,0
-1.440817,8.693667,-1.69269,10,-10,-10,0.44,10,-500,10,-500,-61.35497,-32.99403,-143.677,54.41101,-60.32962,66.5234,-61.80684,0
1.992062,8.026009,4.470296,-8.98209,-10,-10,0.44,10,-500,10,-500,-65.88007,-32.97935,-139.1962,51.9883,-57.8507,65.23334,-60.57298,0
4.213754,8.391382,0.2290725,-10,-10,-10,0.44,10,-500,10,-500,-83.9972,-32.97635,-121.1778,43.45994,-49.3329,58.83182,-54.1609,0
6.114,-6.241382,-0.7469597,-10,10,-10,0.44,10,-500,10,-500,-84.47935,-33.0693,-120.7975,43.50325,-48.9304,58.47342,-54.24831,0
-3.340532,-8.119934,3.116526,7.609039,10,-10,0.44,10,-500,10,-500,-84.0564,-33.20001,-121.2341,43.9861,-49.44279,58.35234,-54.09769,0
-0.7063334,-9.907147,1.663948,10,10,-10,0.44,10,-500,10,-500,-83.95602,-33.34096,-121.234,44.02185,-49.49932,58.31648,-54.04105,0
-8.675788,0.01112771,0.1540561,10,-8.466903,-10,0.44,10,-500,10,-500,-83.66174,-33.40912,-121.4445,43.90586,-49.81827,58.60688,-53.89651,0
2.301047,9.073759,-0.06754293,10,-10,-10,0.44,10,-500,10,-500,-83.2933,-33.47344,-121.7401,44.01802,-49.98886,58.7397,-53.9709,0
0.5486509,8.421433,4.105412,-10,-10,-10,0.44,10,-500,10,-500,-83.20142,-33.57222,-121.9464,43.75515,-49.75139,59.17346,-54.37926,0
7.100201,6.01649,0.4498211,-10,4.740501,-10,0.44,10,-500,10,-500,-83.26565,-33.67272,-121.9872,43.92567,-49.60723,59.03675,-54.55723,0
2.888762,-8.733262,-1.191919,-10,10,-10,0.44,10,-500,10,-500,-83.47097,-33.77913,-121.8483,43.91114,-49.48306,58.93625,-54.56638,0
-2.597294,-7.914213,4.440192,8.149298,10,-10,0.44,10,-500,10,-500,-83.52844,-33.90078,-121.7508,44.16989,-49.75491,58.59671,-54.21373,0
-2.816418,-9.096947,0.4753577,10,10,-10,0.44,10,-500,10,-500,-83.4787,-34.02331,-121.6646,44.16173,-49.76057,58.5334,-54.1366,0
-7.396697,4.29024,-0.4760152,10,-10,-10,0.44,10,-500,10,-500,-83.32019,-34.10586,-121.7846,43.98541,-50.05329,58.80914,-53.9433,0
3.500258,8.355684,1.841987,-1.199578,-10,-10,0.44,10,-500,10,-500,-83.22916,-34.20277,-121.897,43.83607,-49.92443,59.05164,-54.16533,0
0.4326022,9.521191,2.605905,-10,-10,-10,0.44,10,-500,10,-500,-83.29138,-34.3037,-122.001,43.71556,-49.82454,59.25832,-54.35138,0
8.377251,1.49679,0.1914383,-10,7.699617,-10,0.44,10,-500,10,-500,-83.38474,-34.40487,-122.0193,43.90902,-49.63548,59.08001,-54.5556,0
-0.5904129,-8.958971,-0.3583015,-10,10,-10,0.44,10,-500,10,-500,-83.49524,-34.51948,-121.9365,43.88774,-49.57495,59.03269,-54.54752,0
-1.123415,-8.537067,4.32161,10,10,-10,0.44,10,-500,10,-500,-83.40698,-34.6391,-121.8618,44.19519,-49.89604,58.66332,-54.16452,0
-5.784467,-7.313871,0.2528051,10,2.472343,-10,0.44,10,-500,10,-500,-83.30255,-34.7474,-121.813,44.08936,-49.97306,58.72873,-54.04707,0
-4.192709,7.939513,-1.140396,10,-10,-10,0.44,10,-500,10,-500,-83.2235,-34.84502,-121.911,43.98399,-50.16839,58.91535,-53.933,0
3.568332,7.964012,4.126809,-7.732955,-10,-10,0.44,10,-500,10,-500,-83.2426,-34.94955,-122.0104,43.71187,-49.91716,59.26981,-54.26656,0
2.193465,9.536243,1.108725,-10,-10,-10,0.44,10,-500,10,-500,-83.38795,-35.04693,-122.1218,43.70135,-49.92705,59.37265,-54.349,0
8.606681,-2.753059,0.7102888,-10,9.809651,-10,0.44,10,-500,10,-500,-83.45085,-35.15903,-122.0484,43.8837,-49.67572,59.12943,-54.53945,0
-3.078918,-8.711807,1.056784,-4.979459,10,-10,0.44,10,-500,10,-500,-83.46996,-35.27761,-121.9537,43.92457,-49.72436,59.01013,-54.41238,0
-0.07811226,-9.28664,3.329039,10,10,-10,0.44,10,-500,10,-500,-83.30295,-35.39375,-121.8442,44.13805,-49.94859,58.70591,-54.09742,0
-8.045558,-3.514716,0.4209674,10,-7.766294,-10,0.44,10,-500,10,-500,-83.19581,-35.49914,-121.8317,43.93146,-50.15669,58.90211,-53.87893,0
-0.1575168,9.235638,-0.905636,10,-10,-10,0.44,10,-500,10,-500,-83.23298,-35.60395,-121.9984,43.96088,-50.26121,59.01082,-53.91253,0
1.67091,8.004808,4.756861,-9.384076,-10,-10,0.44,10,-500,10,-500,-83.48291,-35.70081,-122.2131,43.69359,-50.02008,59.45604,-54.33159,0
5.10452,8.364276,0.648672,-10,-9.213394,-10,0.44,10,-500,10,-500,-83.86489,-35.76564,-122.5202,43.78794,-50.12194,59.61614,-54.48418,0
5.478674,-6.93159,-0.837242,-10,10,-10,0.44,10,-500,10,-500,-83.92813,-35.90056,-122.4817,43.97505,-49.89438,59.39713,-54.67984,0
-3.585308,-7.974568,3.455089,7.799634,10,-10,0.44,10,-500,10,-500,-83.86687,-36.04094,-122.4081,44.24152,-50.17775,59.0697,-54.33551,0
-1.276358,-9.941716,1.129218,10,10,-10,0.44,10,-500,10,-500,-81.30884,-36.17628,-119.9497,43.45971,-49.34764,57.81448,-53.12859,0
-8.418161,1.319864,0.3587692,10,-9.022385,-10,0.44,10,-500,10,-500,-83.15903,-36.20377,-121.9019,43.89573,-50.25801,58.99604,-53.83579,0
3.053875,8.988952,0.423128,10,-10,-10,0.44,10,-500,10,-500,-82.50487,-36.31741,-121.3452,43.70139,-50.06732,58.72915,-53.56526,0
0.3101824,8.5738,3.721638,-10,-10,-10,0.44,10,-500,10,-500,-82.5634,-36.45813,-121.3139,43.33572,-49.72033,59.06885,-53.88628,0
7.497883,4.811093,0.4349062,-10,7.832972,-10,0.44,10,-500,10,-500,-82.78665,-36.54431,-121.4488,43.56848,-49.57077,58.94783,-54.14758,0
1.756191,-8.980633,-1.195839,-10,10,-10,0.44,10,-500,10,-500,-83.16797,-36.60186,-121.7577,43.68394,-49.66319,59.08831,-54.31111,0
-2.100192,-7.794653,4.852398,8.75769,10,-10,0.44,10,-500,10,-500,-83.32546,-36.69905,-121.9725,44.06927,-50.07557,58.881,-54.07674,0
-3.462804,-8.847921,0.3857252,10,10,-10,0.44,10,-500,10,-500,-83.35907,-36.80707,-122.1343,44.14305,-50.17485,58.94127,-54.11151,0
-6.676409,5.451581,-0.6041819,10,-10,-10,0.44,10,-500,10,-500,-83.14915,-36.90236,-121.9899,43.86701,-50.354,59.09769,-53.81274,0
3.866547,8.090377,2.8084,-5.794955,-10,-10,0.44,10,-500,10,-500,-83.04704,-37.016,-121.8739,43.55126,-50.04742,59.31732,-54.0232,0
0.2765418,9.389307,1.786297,-10,-10,-10,0.44,10,-500,10,-500,-83.08617,-37.13348,-121.7757,43.43157,-49.93863,59.35566,-54.05064,0
8.757071,0.2114877,0.7324827,-10,8.381531,-10,0.44,10,-500,10,-500,-83.19971,-37.2321,-121.8065,43.63657,-49.74585,59.17619,-54.26895,0
-2.149351,-9.112477,-0.2958188,-10,10,-10,0.44,10,-500,10,-500,-83.34782,-37.33061,-121.9182,43.6816,-49.77573,59.22369,-54.3316,0
-0.5291196,-8.474797,4.407007,10,10,-10,0.44,10,-500,10,-500,-83.29035,-37.43866,-122.0145,44.05407,-50.17003,58.93096,-54.01704,0
-6.613603,-6.144381,0.5370772,10,-3.824389,-10,0.44,10,-500,10,-500,-83.1992,-37.5408,-122.0446,43.90756,-50.35162,59.10242,-53.8604,0
-2.786642,8.53502,-1.488895,10,-10,-10,0.44,10,-500,10,-500,-83.08727,-37.64853,-121.9554,43.80227,-50.39537,59.13381,-53.74274,0
2.890029,7.658117,4.596031,-8.271183,-10,-10,0.44,10,-500,10,-500,-83.09206,-37.76496,-121.8759,43.45214,-50.05717,59.41811,-54.01512,0
2.971827,9.004652,0.5094923,-10,-10,-10,0.44,10,-500,10,-500,-83.2003,-37.87729,-121.7905,43.37588,-49.99191,59.42355,-54.00956,0
7.396733,-4.668235,-0.01334348,-10,10,-10,0.44,10,-500,10,-500,-83.28074,-37.97522,-121.8847,43.62486,-49.811,59.25267,-54.26857,0
-3.925868,-8.646205,1.735058,1.648223,10,-10,0.44,10,-500,10,-500,-83.29305,-38.07977,-121.9839,43.85232,-50.06035,59.10738,-54.10139,0
-0.03409918,-9.535992,2.607651,10,10,-10,0.44,10,-500,10,-500,-83.1538,-38.18053,-122.0913,44.03592,-50.2659,59.0128,-53.98486,0
-8.784675,-1.67235,0.3916783,10,-7.946324,-10,0.44,10,-500,10,-500,-83.043,-38.28229,-122.1179,43.84269,-50.49364,59.22803,-53.77913,0
1.804306,9.247626,-0.2072113,10,-10,-10,0.44,10,-500,10,-500,-82.99539,-38.40169,-122.0263,43.77818,-50.48705,59.21667,-53.70984,0
0.7627215,8.03793,4.644123,-10,-10,-10,0.44,10,-500,10,-500,-83.15296,-38.52104,-121.9253,43.38138,-50.1013,59.5298,-54.01191,0
5.810747,6.571051,-0.1260836,-10,-0.2374065,-10,0.44,10,-500,10,-500,-83.30164,-38.62619,-121.8587,43.44968,-49.96101,59.40633,-54.09703,0
3.668745,-8.473615,-1.202209,-10,10,-10,0.44,10,-500,10,-500,-83.27349,-38.73063,-122.0155,43.61816,-49.92511,59.36775,-54.26284,0
-2.936185,-7.63939,4.430955,7.979664,10,-10,0.44,10,-500,10,-500,-83.10745,-38.83121,-122.2175,44.00369,-50.3392,59.14961,-54.01615,0
-2.28852,-9.347898,0.7456976,10,10,-10,0.44,10,-500,10,-500,-82.73669,-38.90557,-122.5132,44.16969,-50.53487,59.22859,-54.06544,0
-7.419284,4.037365,0.2187753,10,-10,-10,0.44,10,-500,10,-500,-82.71658,-39.0386,-122.4289,43.90205,-50.73266,59.42643,-53.79787,0
3.485003,8.139883,1.346995,1.197744,-10,-10,0.44,10,-500,10,-500,-82.8496,-39.17489,-122.2362,43.65881,-50.49765,59.50999,-53.87319,0
-0.00470008,9.242105,2.786911,-10,-10,-10,0.44,10,-500,10,-500,-85.12221,-39.29347,-120.0567,42.49912,-49.28202,58.86378,-53.28292,0
8.402712,1.928554,0.6646098,-10,8.013002,-10,0.44,10,-500,10,-500,-85.76938,-39.28051,-119.5091,42.44347,-48.83083,58.46565,-53.28032,0
-0.8665397,-9.165072,-0.7824844,-10,10,-10,0.44,10,-500,10,-500,-68.28481,-39.22351,-137.0942,50.74218,-57.07478,64.73781,-59.60725,0
-0.8518108,-8.099216,4.881964,10,10,-10,0.44,10,-500,10,-500,-68.31071,-39.15273,-136.9759,51.00046,-57.40943,64.38147,-59.17454,0
-5.926974,-7.536479,0.1395172,10,2.76786,-10,0.44,10,-500,10,-500,-68.11311,-39.03594,-137.0755,50.98475,-57.53362,64.47973,-59.1329,0
-3.918829,8.118824,-1.160778,10,-10,-10,0.44,10,-500,10,-500,-67.51255,-38.9807,-137.5911,51.11423,-57.90778,64.77748,-59.18597,0
3.202795,7.381433,3.896232,-8.046341,-10,-10,0.44,10,-500,10,-500,-67.23839,-38.86889,-137.8685,50.95509,-57.71225,65.16646,-59.61135,0
2.075783,9.451662,0.8296314,-10,-10,-10,0.44,10,-500,10,-500,-67.20059,-38.74277,-138.0202,51.00022,-57.72809,65.24696,-59.72114,0
7.87093,-3.780659,0.2395017,-10,10,-10,0.44,10,-500,10,-500,-67.48576,-38.67028,-137.8032,51.11929,-57.40057,64.9481,-59.86885,0
-3.415761,-8.427539,1.515681,-2.773708,10,-10,0.44,10,-500,10,-500,-67.68782,-38.57003,-137.6333,51.16258,-57.44093,64.76405,-59.68775,0
0.06584877,-9.338774,3.095232,10,10,-10,0.44,10,-500,10,-500,-67.68764,-38.45657,-137.5071,51.3317,-57.60218,64.4904,-59.42195,0
-8.495631,-2.64584,0.660708,10,-8.079679,-10,0.44,10,-500,10,-500,-67.5889,-38.35561,-137.5094,51.14246,-57.80475,64.68149,-59.22124,0
0.7137536,8.945653,-1.003104,10,-10,-10,0.44,10,-500,10,-500,-67.41566,-38.25568,-137.6325,51.19389,-57.8754,64.73206,-59.25259,0
1.20477,7.961282,4.787504,-9.896547,-10,-10,0.44,10,-500,10,-500,-67.45033,-38.14413,-137.7323,50.90652,-57.564,65.10217,-59.64673,0
5.615822,7.189607,0.2432813,-10,-3.68596,-10,0.44,10,-500,10,-500,-67.52271,-38.03849,-137.7982,51.00915,-57.50384,65.05412,-59.76146,0
4.04319,-8.299329,-1.468395,-10,10,-10,0.44,10,-500,10,-500,-67.65241,-37.93703,-137.7014,51.12039,-57.29885,64.86266,-59.88625,0
-3.378008,-7.76859,4.009558,8.113018,10,-10,0.44,10,-500,10,-500,-67.68,-37.8243,-137.6148,51.39671,-57.56486,64.51457,-59.54846,0
-1.671454,-9.418993,1.161279,10,10,-10,0.44,10,-500,10,-500,-67.58818,-37.7137,-137.5268,51.40261,-57.56093,64.43581,-59.47954,0
-7.776359,3.590621,0.2796056,10,-9.970927,-10,0.44,10,-500,10,-500,-67.48944,-37.61472,-137.6171,51.23167,-57.81821,64.68158,-59.29707,0
3.683207,8.322359,1.325114,2.753515,-10,-10,0.44,10,-500,10,-500,-67.43553,-37.5073,-137.7089,51.16039,-57.72478,64.8289,-59.46655,0
0.2393083,9.344393,3.169942,-10,-10,-10,0.44,10,-500,10,-500,-67.55032,-37.39949,-137.8019,50.98643,-57.52795,65.07993,-59.74044,0
8.916833,2.638402,1.421424,-10,8.146358,-10,0.44,10,-500,10,-500,-67.65199,-37.29646,-137.8149,51.19849,-57.31526,64.87862,-59.9639,0
-0.8201408,-9.18573,-0.8939574,-10,10,-10,0.44,10,-500,10,-500,-67.71245,-37.18497,-137.7198,51.1818,-57.24762,64.81654,-59.95277,0
-0.831402,-7.982022,4.985992,9.95375,10,-10,0.44,10,-500,10,-500,-67.57259,-37.07232,-137.6207,51.4931,-57.55002,64.42306,-59.56818,0
-5.706093,-7.263459,0.5102844,10,2.747246,-10,0.44,10,-500,10,-500,-67.42426,-36.9715,-137.54,51.39155,-57.60333,64.45776,-59.44803,0
-3.789678,8.190602,-1.22462,10,-10,-10,0.44,10,-500,10,-500,-67.40034,-36.85997,-137.6508,51.30782,-57.78179,64.63329,-59.36136,0
2.984145,7.198831,3.799545,-8.179697,-10,-10,0.44,10,-500,10,-500,-67.49009,-36.74659,-137.7805,51.05995,-57.50741,64.98865,-59.74323,0
1.995225,9.081667,0.3125637,-10,-10,-10,0.44,10,-500,10,-500,-67.73915,-36.64716,-137.9597,51.10177,-57.52129,65.09534,-59.87786,0
7.770515,-4.020949,0.3668091,-10,10,-10,0.44,10,-500,10,-500,-67.70582,-36.53061,-137.8093,51.27074,-57.23429,64.80173,-60.04023,0
-3.836438,-8.548414,1.433475,-1.104869,10,-10,0.44,10,-500,10,-500,-67.54285,-36.41786,-137.5749,51.33395,-57.29955,64.54426,-59.7807,0
-0.2677398,-9.680229,2.568136,10,10,-10,0.44,10,-500,10,-500,-67.03609,-36.32976,-137.1494,51.36241,-57.34778,64.16326,-59.37993,0
-8.416109,-1.825712,0.7514296,10,-8.213036,-10,0.44,10,-500,10,-500,-66.52299,-36.24525,-136.7283,50.99702,-57.40659,64.17976,-58.97224,0
1.72813,9.200697,-0.330612,10,-10,-10,0.44,10,-500,10,-500,-65.5966,-36.11308,-135.9005,50.66439,-57.11029,63.8265,-58.58264,0
1.209603,8.296559,5.228158,-10,-10,-10,0.44,10,-500,10,-500,-67.48679,-36.11107,-137.6989,51.03547,-57.40076,64.94552,-59.78228,0
6.553413,7.111634,0.805528,-10,0.0818159,-10,0.44,10,-500,10,-500,-64.85686,-36.10057,-134.9688,50.09159,-56.2683,63.6273,-58.65262,0
3.260441,-8.700189,-1.345941,-10,10,-10,0.44,10,-500,10,-500,-65.4056,-36.19595,-135.4186,50.35046,-56.34202,63.7411,-58.95157,0
-3.082794,-7.824937,4.318861,8.321342,10,-10,0.44,10,-500,10,-500,-65.16642,-36.32859,-135.174,50.562,-56.56273,63.3269,-58.52822,0
-2.406774,-9.180865,0.9489223,10,10,-10,0.44,10,-500,10,-500,-65.08758,-36.46948,-135.1962,50.5934,-56.61626,63.31387,-58.49305,0
-6.922482,4.830836,-0.01340236,10,-10,-10,0.44,10,-500,10,-500,-64.63217,-36.50526,-134.8179,50.24244,-56.69372,63.35144,-58.1022,0
4.136357,8.250811,2.520568,-2.301424,-10,-10,0.44,10,-500,10,-500,-64.32658,-36.5911,-134.529,49.9345,-56.37474,63.41992,-58.18172,0
0.03791406,9.14969,2.189416,-10,-10,-10,0.44,10,-500,10,-500,-64.25571,-36.70036,-134.3387,49.72898,-56.16927,63.46778,-58.22953,0
8.617173,0.459073,0.6838061,-10,8.423615,-10,0.44,10,-500,10,-500,-64.36855,-36.79914,-134.3575,49.92974,-55.97088,63.2826,-58.4435,0
-1.832737,-8.680541,0.1293333,-10,10,-10,0.44,10,-500,10,-500,-64.58547,-36.90125,-134.5093,49.98388,-56.01683,63.35428,-58.52336,0
-0.6132878,-8.653734,4.194155,10,10,-10,0.44,10,-500,10,-500,-64.57104,-37.01764,-134.6203,50.358,-56.41714,63.07212,-58.21503,0
-6.827603,-5.820088,0.5850278,10,-4.995207,-10,0.44,10,-500,10,-500,-64.48124,-37.12111,-134.6335,50.19157,-56.60445,63.24949,-58.03865,0
-1.992228,8.833595,-1.518411,10,-10,-10,0.44,10,-500,10,-500,-64.31813,-37.21756,-134.5143,50.09283,-56.62228,63.24944,-57.92202,0
2.568125,7.610623,4.728593,-8.804866,-10,-10,0.44,10,-500,10,-500,-64.29564,-37.32767,-134.4164,49.72971,-56.26684,63.5314,-58.19631,0
4.014942,8.928156,0.8120418,-10,-10,-10,0.44,10,-500,10,-500,-64.36356,-37.43626,-134.3209,49.66252,-56.20741,63.51951,-58.17665,0
6.308281,-6.133728,-0.5774784,-10,10,-10,0.44,10,-500,10,-500,-64.48543,-37.53598,-134.4154,49.90804,-56.02503,63.35225,-58.43731,0
-3.560095,-7.664252,3.435517,7.502374,10,-10,0.44,10,-500,10,-500,-64.50999,-37.64641,-134.5039,50.229,-56.36969,63.10465,-58.166,0
-0.3465644,-9.59511,2.080328,10,10,-10,0.44,10,-500,10,-500,-64.41232,-37.75436,-134.5947,50.30272,-56.46704,63.10617,-58.14388,0
-8.302385,1.263295,0.6428555,10,-9.041076,-10,0.44,10,-500,10,-500,-64.31637,-37.85667,-134.5626,50.07419,-56.67951,63.30811,-57.90483,0
3.38825,8.798059,0.44002,10,-10,-10,0.44,10,-500,10,-500,-64.23247,-37.96677,-134.4731,50.02683,-56.66215,63.28132,-57.84804,0
0.4226169,8.901999,4.13411,-10,-10,-10,0.44,10,-500,10,-500,-64.35004,-38.07995,-134.3853,49.63905,-56.28344,63.59633,-58.15397,0
7.867623,4.131363,0.6155648,-10,8.366394,-10,0.44,10,-500,10,-500,-64.4496,-38.1837,-134.3798,49.83041,-56.07609,63.40043,-58.3568,0
0.7990294,-9.008021,-1.120656,-10,10,-10,0.44,10,-500,10,-500,-64.49738,-38.28946,-134.4868,49.8774,-56.11129,63.44211,-58.41026,0
-1.36984,-7.668869,5.379365,9.403311,10,-10,0.44,10,-500,10,-500,-64.37691,-38.3967,-134.5993,50.24804,-56.50777,63.16467,-58.10698,0
-4.688238,-7.927644,0.5748292,10,8.809141,-10,0.44,10,-500,10,-500,-64.18819,-38.48992,-134.7332,50.29856,-56.61078,63.22506,-58.11489,0
-4.646359,7.395553,-1.005441,10,-10,-10,0.44,10,-500,10,-500,-64.16104,-38.60854,-134.6339,50.04211,-56.78685,63.39923,-57.85654,0
3.48274,7.354485,3.525093,-8.399733,-10,-10,0.44,10,-500,10,-500,-64.2521,-38.72955,-134.5111,49.66908,-56.42098,63.67054,-58.12068,0
2.044013,9.882442,1.539754,-10,-10,-10,0.44,10,-500,10,-500,-64.51333,-38.83794,-134.3266,49.55127,-56.30305,63.63547,-58.08574,0
8.255646,-3.36963,0.5099185,-10,9.777875,-10,0.44,10,-500,10,-500,-64.45289,-38.94669,-134.5002,49.83263,-56.17076,63.49799,-58.36189,0
-3.790305,-8.565273,1.044171,-3.512719,10,-10,0.44,10,-500,10,-500,-64.19239,-39.04706,-134.843,50.08123,-56.45984,63.53343,-58.35686,0
0.001739755,-9.25076,2.981179,10,10,-10,0.44,10,-500,10,-500,-63.47104,-39.10437,-135.4821,50.6029,-57.03559,63.54125,-58.3106,0
-8.60303,-2.337029,0.6120088,10,-8.433073,-10,0.44,10,-500,10,-500,-62.70151,-39.14495,-136.1611,50.73141,-57.60167,63.97534,-58.30713,0
1.51446,9.099315,-0.5649267,10,-10,-10,0.44,10,-500,10,-500,-61.29762,-39.19778,-137.471,51.40063,-58.23898,64.3915,-58.7552,0
1.129478,8.135371,5.004267,-10,-10,-10,0.44,10,-500,10,-500,-60.58672,-39.08215,-138.2766,51.47223,-58.22435,64.98742,-59.43734,0
6.458109,6.696639,0.375488,-10,0.7240306,-10,0.44,10,-500,10,-500,-60.7705,-38.97492,-138.1891,51.55285,-58.05387,64.83431,-59.53533,0
2.850841,-8.885467,-1.458806,-10,10,-10,0.44,10,-500,10,-500,-61.26454,-38.91486,-137.7759,51.44986,-57.76833,64.59494,-59.4785,0
-2.845628,-7.805802,4.548419,8.647389,10,-10,0.44,10,-500,10,-500,-61.48804,-38.80685,-137.5311,51.65031,-57.97512,64.19164,-59.06887,0
-2.952223,-8.930755,0.7863901,10,10,-10,0.44,10,-500,10,-500,-61.52448,-38.68611,-137.3761,51.60817,-57.92906,64.10536,-58.9865,0
-6.625207,5.417408,-0.4815843,10,-10,-10,0.44,10,-500,10,-500,-61.26638,-38.60592,-137.5682,51.4933,-58.2348,64.37939,-58.83993,0
4.271127,8.05289,3.111621,-5.932781,-10,-10,0.44,10,-500,10,-500,-61.1313,-38.50111,-137.7163,51.306,-58.01788,64.68945,-59.17961,0
0.5550742,9.394777,1.847879,-10,-10,-10,0.44,10,-500,10,-500,-61.1463,-38.38927,-137.8365,51.29914,-57.98305,64.79584,-59.31396,0
8.573965,-1.026497,0.5875441,-10,9.028175,-10,0.44,10,-500,10,-500,-61.27233,-38.29084,-137.7913,51.49328,-57.73808,64.56426,-59.52151,0
-3.307415,-8.954889,-0.1130705,-10,10,-10,0.44,10,-500,10,-500,-61.43239,-38.18582,-137.6798,51.4522,-57.66985,64.51295,-59.49734,0
-0.2335884,-8.878656,3.90711,10,10,-10,0.44,10,-500,10,-500,-61.38012,-38.07117,-137.5881,51.76203,-57.97128,64.1272,-59.11998,0
-7.963935,-4.29625,0.4010834,10,-8.519753,-10,0.44,10,-500,10,-500,-61.28202,-37.96918,-137.5903,51.56779,-58.17865,64.32317,-58.91436,0
-0.2068864,9.057462,-1.492495,10,-10,-10,0.44,10,-500,10,-500,-61.15704,-37.86811,-137.6915,51.61255,-58.23198,64.36228,-58.94489,0
1.688426,7.731214,4.998987,-9.54462,-10,-10,0.44,10,-500,10,-500,-61.20599,-37.75859,-137.7811,51.32638,-57.92097,64.72273,-59.33019,0
5.077663,7.589135,0.1325404,-10,-6.876428,-10,0.44,10,-500,10,-500,-61.30299,-37.65559,-137.8618,51.39267,-57.89403,64.72327,-59.42395,0
4.27652,-8.00268,-1.324729,-10,10,-10,0.44,10,-500,10,-500,-61.39666,-37.54924,-137.7749,51.54597,-57.65978,64.49802,-59.58625,0
-3.396576,-7.767416,3.971052,8.553093,10,-10,0.44,10,-500,10,-500,-61.38905,-37.43489,-137.6911,51.83237,-57.93737,64.14213,-59.23916,0
-1.560273,-9.013372,1.587283,10,10,-10,0.44,10,-500,10,-500,-61.2618,-37.32574,-137.5978,51.82931,-57.92733,64.0679,-59.17192,0
-7.685977,3.966492,-0.2467226,10,-10,-10,0.44,10,-500,10,-500,-61.20026,-37.22374,-137.6963,51.66072,-58.18451,64.3181,-58.99637,0
3.794118,7.887364,1.678668,-0.4925846,-10,-10,0.44,10,-500,10,-500,-61.20283,-37.11666,-137.8009,51.53782,-58.03574,64.52765,-59.23177,0
0.1514198,9.30378,2.375099,-10,-10,-10,0.44,10,-500,10,-500,-61.36786,-37.01481,-137.9196,51.42801,-57.8997,64.73588,-59.46623,0
8.518181,0.3303764,0.4689084,-10,8.642292,-10,0.44,10,-500,10,-500,-61.4804,-36.91191,-137.9421,51.64931,-57.68405,64.5332,-59.7005,0
-2.545429,-9.06454,-0.5108178,-10,10,-10,0.44,10,-500,10,-500,-61.50089,-36.79218,-137.833,51.62302,-57.62012,64.46908,-59.67403,0
-0.1610188,-8.466932,4.585258,10,10,-10,0.44,10,-500,10,-500,-61.30054,-36.6749,-137.7003,51.92274,-57.91579,64.05943,-59.26842,0
-7.245795,-5.281266,0.4929652,10,-7.72881,-10,0.44,10,-500,10,-500,-61.18549,-36.56897,-137.6805,51.72831,-58.10721,64.23745,-59.06059,0
-1.153942,8.919989,-1.767026,10,-10,-10,0.44,10,-500,10,-500,-61.30008,-36.46395,-137.9149,51.8111,-58.20287,64.3489,-59.15918,0
2.023165,7.697093,4.993404,-9.286238,-10,-10,0.44,10,-500,10,-500,-61.68559,-36.37574,-138.2762,51.62706,-57.97384,64.83231,-59.68757,0
4.358326,7.971416,0.0983206,-10,-10,-10,0.44,10,-500,10,-500,-62.35712,-36.34693,-138.8637,51.82164,-58.12981,65.12449,-60.01836,0
4.826786,-7.490722,-1.137605,-10,10,-10,0.44,10,-500,10,-500,-62.78773,-36.22242,-139.1997,52.16137,-57.99454,65.06317,-60.43205,0
-3.785705,-7.926512,3.458659,8.639772,10,-10,0.44,10,-500,10,-500,-65.00023,-36.15299,-141.4091,53.16558,-59.14773,65.88963,-61.10952,0
-1.801975,-9.81761,0.844894,10,10,-10,0.44,10,-500,10,-500,-65.16397,-36.28783,-141.673,53.2719,-59.29445,66.00197,-61.18146,0
-7.827817,3.697485,0.1719365,10,-9.869563,-10,0.44,10,-500,10,-500,-64.34198,-36.3313,-140.9409,52.80628,-59.21891,65.86102,-60.65044,0
4.093317,8.249201,1.734587,1.614376,-10,-10,0.44,10,-500,10,-500,-63.94044,-36.44748,-140.5891,52.54872,-58.94529,65.82704,-60.63251,0
0.4167954,9.501726,2.963525,-10,-10,-10,0.44,10,-500,10,-500,-63.91814,-36.58172,-140.4628,52.29785,-58.70127,65.97331,-60.77193,0
8.890966,1.189975,0.975264,-10,8.673113,-10,0.44,10,-500,10,-500,-64.0811,-36.67379,-140.5375,52.51864,-58.52203,65.81438,-61.01303,0
-2.266681,-9.073487,-0.6238665,-10,10,-10,0.44,10,-500,10,-500,-64.373,-36.74649,-140.7639,52.59272,-58.59954,65.92793,-61.12317,0
-0.307201,-8.476411,4.565068,10,10,-10,0.44,10,-500,10,-500,-64.41467,-36.84494,-140.9328,52.98508,-59.02348,65.67551,-60.83915,0
-7.062716,-5.517095,0.4511743,10,-6.961889,-10,0.44,10,-500,10,-500,-64.33466,-36.9449,-140.957,52.8002,-59.23744,65.88043,-60.64523,0
-1.028312,9.082797,-1.558917,10,-10,-10,0.44,10,-500,10,-500,-64.15703,-37.05548,-140.8409,52.72549,-59.23507,65.85892,-60.55138,0
1.974931,7.606369,4.892674,-9.307242,-10,-10,0.44,10,-500,10,-500,-64.14751,-37.17782,-140.7552,52.35752,-58.87587,66.15589,-60.83958,0
4.666484,8.153186,0.5187715,-10,-10,-10,0.44,10,-500,10,-500,-64.20878,-37.2986,-140.6728,52.3039,-58.83121,66.14123,-60.81596,0
4.875786,-7.44316,-1.005464,-10,10,-10,0.44,10,-500,10,-500,-64.35138,-37.38309,-140.7885,52.55628,-58.65749,65.98476,-61.0856,0
-3.353279,-7.577216,4.017456,8.726456,10,-10,0.44,10,-500,10,-500,-64.38824,-37.48127,-140.8942,52.90396,-59.03054,65.72464,-60.80011,0
-1.975493,-9.790245,0.9143583,10,10,-10,0.44,10,-500,10,-500,-64.30804,-37.57786,-140.999,52.96143,-59.11304,65.75396,-60.8044,0
-7.417955,4.216162,0.3944265,10,-9.956306,-10,0.44,10,-500,10,-500,-64.20098,-37.68847,-140.922,52.70634,-59.31541,65.94525,-60.53822,0
3.874781,7.891703,1.600056,0.09616017,-10,-10,0.44,10,-500,10,-500,-64.15161,-37.80824,-140.8477,52.50421,-59.12396,66.08585,-60.66814,0
0.2771292,9.437073,2.475419,-10,-10,-10,0.44,10,-500,10,-500,-64.25928,-37.92791,-140.7726,52.29031,-58.91967,66.23747,-60.81016,0
8.263195,-0.06320831,0.1987979,-10,8.820907,-10,0.44,10,-500,10,-500,-64.35371,-38.03031,-140.7841,52.49352,-58.71538,66.04388,-61.02406,0
-2.288346,-8.556865,0.1648364,-10,10,-10,0.44,10,-500,10,-500,-64.41573,-38.12701,-140.8937,52.53567,-58.75694,66.09248,-61.07325,0
-0.1612426,-8.628699,4.242959,10,10,-10,0.44,10,-500,10,-500,-64.27213,-38.22496,-141.0065,52.91795,-59.16571,65.80373,-60.75801,0
-7.697407,-4.949081,0.408152,10,-8.779797,-10,0.44,10,-500,10,-500,-64.1602,-38.32662,-141.033,52.71497,-59.40351,66.02865,-60.54215,0
-0.1817524,9.215919,-1.432917,10,-10,-10,0.44,10,-500,10,-500,-64.11475,-38.44842,-140.9433,52.66206,-59.38667,66.00725,-60.48468,0
2.101632,7.994161,5.46794,-9.56688,-10,-10,0.44,10,-500,10,-500,-64.24176,-38.57109,-140.8455,52.27737,-59.00976,66.31084,-60.78049,0
5.246289,7.48754,0.3401489,-10,-6.455482,-10,0.44,10,-500,10,-500,-64.42921,-38.6804,-140.7336,52.25079,-58.90761,66.24468,-60.78991,0
3.977874,-8.220742,-1.433314,-10,10,-10,0.44,10,-500,10,-500,-64.38099,-38.78253,-140.9085,52.49416,-58.81466,66.14626,-61.02781,0
-3.17209,-7.755872,4.247491,8.813135,10,-10,0.44,10,-500,10,-500,-64.17783,-38.87801,-141.142,52.90408,-59.26376,65.92979,-60.77216,0
-2.809062,-9.516129,0.2849413,10,10,-10,0.44,10,-500,10,-500,-63.75533,-38.94105,-141.4878,53.07695,-59.4793,66.04347,-60.84316,0
-6.660779,5.200481,-0.1962855,10,-10,-10,0.44,10,-500,10,-500,-63.69356,-39.07848,-141.4478,52.82899,-59.69897,66.25827,-60.59034,0
4.236586,7.898144,2.741421,-5.02122,-10,-10,0.44,10,-500,10,-500,-63.72327,-39.21916,-141.3923,52.53923,-59.42537,66.50208,-60.81798,0
0.6913729,9.656582,1.996259,-10,-10,-10,0.44,10,-500,10,-500,-63.10545,-39.35645,-142.1091,52.77966,-59.72839,66.85555,-61.10886,0
8.451143,-1.487416,0.4426075,-10,9.280186,-10,0.44,10,-500,10,-500,-64.24274,-39.38322,-141.066,52.50629,-58.95016,66.26465,-61.02282,0
-3.002416,-8.185105,0.9095458,-9.358649,10,-10,0.44,10,-500,10,-500,-65.01288,-39.48889,-140.3875,52.23021,-58.60073,65.97849,-60.81001,0
0.424109,-8.61555,4.01664,10,10,-10,0.44,10,-500,10,-500,-65.01244,-39.62791,-140.2903,52.51565,-58.89708,65.61252,-60.43312,0
-8.440084,-3.175951,0.4397391,10,-8.866478,-10,0.44,10,-500,10,-500,-64.80489,-39.71442,-140.4095,52.34957,-59.18076,65.87741,-60.24826,0
1.072949,9.015238,-1.073,10,-10,-10,0.44,10,-500,10,-500,-64.45156,-39.77921,-140.6915,52.45245,-59.34945,66.0082,-60.31324,0
0.9781651,7.950566,4.685575,-9.995145,-10,-10,0.44,10,-500,10,-500,-64.37254,-39.87674,-140.8922,52.18114,-59.11534,66.44582,-60.71366,0
6.55718,6.227771,0.3907846,-10,1.57721,-10,0.44,10,-500,10,-500,-64.41612,-39.97773,-140.9602,52.32568,-59.02199,66.35757,-60.86332,0
2.306114,-8.97693,-1.399683,-10,10,-10,0.44,10,-500,10,-500,-64.6167,-40.08402,-140.8249,52.35274,-58.86015,66.21846,-60.91309,0
-2.369389,-7.83904,4.581916,9.178312,10,-10,0.44,10,-500,10,-500,-64.66135,-40.20512,-140.7281,52.63296,-59.14748,65.85796,-60.54549,0
-4.173193,-8.664466,0.3663155,10,10,-10,0.44,10,-500,10,-500,-64.6109,-40.3264,-140.6404,52.60942,-59.13211,65.80891,-60.48826,0
-5.388102,6.763805,-0.9234264,10,-10,-10,0.44,10,-500,10,-500,-64.45216,-40.40957,-140.7644,52.43128,-59.43093,66.08975,-60.29214,0
3.914912,7.642382,3.700983,-8.919819,-10,-10,0.44,10,-500,10,-500,-64.40314,-40.50828,-140.8739,52.14375,-59.17068,66.46803,-60.64313,0
1.707548,9.332728,0.9171689,-10,-10,-10,0.44,10,-500,10,-500,-64.47117,-40.60661,-140.9799,52.15205,-59.20571,66.54753,-60.69592,0
7.882392,-4.083335,0.3299206,-10,9.893361,-10,0.44,10,-500,10,-500,-64.5863,-40.71488,-140.9044,52.33446,-58.94768,66.30254,-60.89137,0
-3.925643,-8.158913,1.706261,-0.2170731,10,-10,0.44,10,-500,10,-500,-64.6449,-40.83348,-140.8277,52.46272,-59.0823,66.11078,-60.69323,0
0.08543382,-9.350005,2.625436,10,10,-10,0.44,10,-500,10,-500,-64.54537,-40.95267,-140.7523,52.60657,-59.23505,65.90443,-60.47798,0
-8.693521,-0.3700281,0.5843229,10,-9.04784,-10,0.44,10,-500,10,-500,-64.44991,-41.05413,-140.7683,52.39571,-59.47001,66.12857,-60.25632,0
2.852455,8.372778,-0.3082993,10,-10,-10,0.44,10,-500,10,-500,-64.37429,-41.15134,-140.8733,52.41949,-59.54181,66.19179,-60.27152,0
0.2928082,8.570384,4.051842,-10,-10,-10,0.44,10,-500,10,-500,-64.50403,-41.25114,-140.9787,52.10194,-59.25114,66.59668,-60.64952,0
8.124313,3.915978,0.9785363,-10,8.973162,-10,0.44,10,-500,10,-500,-64.61034,-41.35325,-140.9989,52.30922,-59.04848,66.40608,-60.86886,0
0.01904044,-8.951202,-1.128263,-10,10,-10,0.44,10,-500,10,-500,-64.66525,-41.4727,-140.9113,52.27769,-59.00122,66.36504,-60.84355,0
-1.315488,-8.187558,4.690478,9.824309,10,-10,0.44,10,-500,10,-500,-64.52996,-41.59313,-140.8181,52.58083,-59.31104,65.98465,-60.45649,0
-6.113796,-7.150064,0.4614736,10,1.426374,-10,0.44,10,-500,10,-500,-64.38416,-41.69948,-140.7517,52.46424,-59.39515,66.04626,-60.31739,0
-2.439677,8.94333,-1.245029,10,-10,-10,0.44,10,-500,10,-500,-64.40034,-41.80125,-140.9019,52.38061,-59.60144,66.25437,-60.23558,0
2.871817,7.707535,4.737547,-9.141889,-10,-10,0.44,10,-500,10,-500,-64.56145,-41.89981,-141.0848,52.10363,-59.36003,66.68287,-60.62851,0
3.688323,8.377908,0.06527648,-10,-10,-10,0.44,10,-500,10,-500,-64.88606,-41.97378,-141.3392,52.1586,-59.45332,66.8387,-60.74603,0
5.757319,-6.763155,-0.8012257,-10,10,-10,0.44,10,-500,10,-500,-64.90031,-42.1073,-141.2461,52.33781,-59.19199,66.58237,-60.93025,0
-3.57069,-7.565038,3.749576,9.026505,10,-10,0.44,10,-500,10,-500,-64.75562,-42.24241,-141.0912,52.6044,-59.46104,66.18739,-60.53279,0
-1.670535,-9.891318,0.9487681,10,10,-10,0.44,10,-500,10,-500,-64.06844,-42.36244,-140.4995,52.44121,-59.24503,65.86036,-60.25858,0
-7.703768,3.944086,0.1742557,10,-9.866784,-10,0.44,10,-500,10,-500,-60.89016,-42.47488,-137.4215,51.15155,-58.49974,64.59957,-58.45343,0
3.993923,7.884943,1.624146,0.3238193,-10,-10,0.44,10,-500,10,-500,-49.9126,-42.34812,-126.4962,47.15058,-54.35129,59.548,-53.54933,0
0.3798618,9.314796,2.437845,-10,-10,-10,0.44,10,-500,10,-500,-48.02151,-42.27598,-124.504,46.19236,-53.53624,58.85549,-52.71365,0
8.322659,-0.395381,0.4075889,-10,9.16161,-10,0.44,10,-500,10,-500,-48.4397,-42.19884,-124.8289,46.54457,-53.41032,58.7725,-53.10878,0
-3.370404,-8.968285,-0.4650805,-10,10,-10,0.44,10,-500,10,-500,-49.00098,-42.10957,-125.3023,46.75338,-53.53034,58.95592,-53.381,0
0.0159954,-8.708977,4.131417,10,10,-10,0.44,10,-500,10,-500,-49.08481,-41.98248,-125.4919,47.18794,-53.9242,58.67843,-53.14421,0
-8.358395,-3.835794,0.1604484,10,-9.079845,-10,0.44,10,-500,10,-500,-48.93172,-41.88876,-125.4294,46.95908,-54.11864,58.85552,-52.898,0
1.270926,9.438216,-0.7915955,10,-10,-10,0.44,10,-500,10,-500,-48.64176,-41.80611,-125.2082,46.86617,-54.06116,58.76519,-52.77223,0
1.325802,8.272395,5.107608,-9.933219,-10,-10,0.44,10,-500,10,-500,-48.60328,-41.69963,-125.0515,46.46212,-53.66113,59.03938,-53.04242,0
7.239062,6.872523,1.28894,-10,1.295667,-10,0.44,10,-500,10,-500,-48.66254,-41.59609,-124.9986,46.56707,-53.50333,58.89057,-53.15635,0
2.212224,-8.976854,-1.396034,-10,10,-10,0.44,10,-500,10,-500,-48.84871,-41.49443,-125.1275,46.72326,-53.43287,58.8412,-53.33364,0
-2.359775,-7.868014,4.483091,9.365691,10,-10,0.44,10,-500,10,-500,-48.88237,-41.37816,-125.226,47.10638,-53.78684,58.53973,-53.06131,0
-4.597659,-8.649171,0.1661209,10,10,-10,0.44,10,-500,10,-500,-48.827,-41.2624,-125.3183,47.17266,-53.82489,58.5499,-53.09972,0
-4.6346,7.410298,-0.9710298,10,-10,-10,0.44,10,-500,10,-500,-48.68306,-41.17169,-125.2055,46.90845,-54.01192,58.72062,-52.8192,0
3.430972,7.442753,3.668607,-9.133188,-10,-10,0.44,10,-500,10,-500,-48.64861,-41.06734,-125.1062,46.54493,-53.64571,59.00186,-53.10312,0
2.360932,9.402987,0.773066,-10,-10,-10,0.44,10,-500,10,-500,-48.72908,-40.96474,-125.0076,46.48604,-53.58427,58.97905,-53.08286,0
7.471093,-4.750799,0.4120207,-10,10,-10,0.44,10,-500,10,-500,-48.83766,-40.85875,-125.0967,46.75539,-53.37652,58.7836,-53.36451,0
-3.826177,-7.703058,2.847636,4.651217,10,-10,0.44,10,-500,10,-500,-48.86362,-40.74351,-125.178,47.05058,-53.64452,58.55577,-53.16387,0
-0.6631628,-9.759563,1.760029,10,10,-10,0.44,10,-500,10,-500,-48.75359,-40.63042,-125.263,47.19672,-53.76331,58.48,-53.11546,0
-8.16383,1.99225,0.5076182,10,-9.521726,-10,0.44,10,-500,10,-500,-48.66494,-40.53008,-125.2199,46.96875,-53.96564,58.6723,-52.87745,0
3.857116,8.313593,0.8028079,7.041939,-10,-10,0.44,10,-500,10,-500,-48.6125,-40.4255,-125.1198,46.87584,-53.88087,58.68228,-52.87929,0
0.3184823,9.069168,3.31708,-10,-10,-10,0.44,10,-500,10,-500,-48.75385,-40.3208,-125.0154,46.53557,-53.53847,58.93606,-53.13519,0
9.014571,1.910236,1.21115,-10,9.186531,-10,0.44,10,-500,10,-500,-48.85939,-40.21763,-125.0004,46.74606,-53.30354,58.71309,-53.35765,0
-2.20186,-8.999133,-0.8234191,-10,10,-10,0.44,10,-500,10,-500,-48.89799,-40.10181,-125.1017,46.81012,-53.31909,58.73301,-53.42608,0
-0.5952733,-8.569877,4.103137,10,10,-10,0.44,10,-500,10,-500,-48.72222,-39.98709,-125.216,47.22372,-53.70089,58.41404,-53.13891,0
-7.129546,-4.585133,1.098408,10,-9.206535,-10,0.44,10,-500,10,-500,-48.62,-39.88192,-125.2217,47.02388,-53.91712,58.61868,-52.92748,0
-0.2186046,8.942444,-1.95554,10,-10,-10,0.44,10,-500,10,-500,-48.65959,-39.77545,-125.0541,46.9403,-53.85728,58.56332,-52.84838,0
1.450172,7.838193,5.048399,-9.761057,-10,-10,0.44,10,-500,10,-500,-48.92016,-39.6772,-124.8344,46.49143,-53.42186,58.83016,-53.10177,0
5.978099,7.093377,0.4167447,-10,-3.081634,-10,0.44,10,-500,10,-500,-49.24631,-39.5997,-124.5896,46.43648,-53.22889,58.68227,-53.09191,0
2.675676,-9.084323,-1.986243,-10,10,-10,0.44,10,-500,10,-500,-49.24717,-39.46328,-124.6931,46.64274,-53.10831,58.5618,-53.29827,0
-2.699081,-7.766778,4.393198,9.324777,10,-10,0.44,10,-500,10,-500,-49.00402,-39.32669,-124.9315,47.10931,-53.52473,58.29279,-53.07941,0
-3.772636,-8.606608,0.6052378,10,10,-10,0.44,10,-500,10,-500,-55.68562,-39.23279,-118.1504,43.89022,-50.36786,55.89307,-50.61747,0
-5.35971,6.875143,-0.9570311,10,-10,-10,0.44,10,-500,10,-500,-54.28736,-39.17844,-119.4496,44.38646,-51.12911,56.47338,-50.93277,0
3.849816,7.664943,3.743237,-9.259876,-10,-10,0.44,10,-500,10,-500,-54.22941,-39.03785,-119.5039,44.09712,-50.81274,56.80774,-51.29415,0
1.998982,9.252737,0.8028978,-10,-10,-10,0.44,10,-500,10,-500,-54.30324,-38.89713,-119.5312,44.10279,-50.79437,56.82468,-51.33514,0
7.192396,-5.030998,-0.1453613,-10,10,-10,0.44,10,-500,10,-500,-54.73912,-38.86364,-119.1697,44.13745,-50.41465,56.49047,-51.41531,0
-3.958758,-7.841611,2.549833,3.749366,10,-10,0.44,10,-500,10,-500,-55.01991,-38.77933,-118.896,44.23075,-50.53082,56.17039,-51.07237,0
-0.4618784,-9.679952,2.051932,10,10,-10,0.44,10,-500,10,-500,-55.08526,-38.67335,-118.7069,44.25039,-50.55988,55.99407,-50.88662,0
-8.323594,1.735363,0.2417078,10,-9.576383,-10,0.44,10,-500,10,-500,-54.92714,-38.57558,-118.7801,44.08152,-50.80729,56.22356,-50.69984,0
3.373436,7.799408,0.1571279,6.867067,-10,-10,0.44,10,-500,10,-500,-54.7415,-38.46595,-118.9143,44.10685,-50.80754,56.30944,-50.81079,0
-0.1072622,8.797907,2.808033,-10,-10,-10,0.44,10,-500,10,-500,-54.77156,-38.34589,-119.0141,43.87508,-50.5444,56.62389,-51.15662,0
8.562082,1.105257,0.5139082,-10,9.313219,-10,0.44,10,-500,10,-500,-54.87885,-38.24606,-118.9966,44.08553,-50.30725,56.39891,-51.37923,0
-2.79684,-9.216543,-1.135665,-10,10,-10,0.44,10,-500,10,-500,-55.03979,-38.15199,-118.8752,44.03276,-50.24124,56.35114,-51.34469,0
-0.1368307,-8.45955,4.320718,10,10,-10,0.44,10,-500,10,-500,-54.9858,-38.04713,-118.7716,44.33407,-50.54102,55.96394,-50.95903,0
-7.393806,-3.949639,1.012288,10,-9.333221,-10,0.44,10,-500,10,-500,-54.88979,-37.94549,-118.7662,44.12685,-50.75468,56.16673,-50.74092,0
0.240101,8.830648,-1.987331,10,-10,-10,0.44,10,-500,10,-500,-54.77009,-37.83445,-118.8551,44.17731,-50.79144,56.18991,-50.77783,0
1.079088,7.874081,4.716733,-9.886823,-10,-10,0.44,10,-500,10,-500,-54.84126,-37.71705,-118.9336,43.88136,-50.46732,56.55087,-51.16695,0
7.043245,6.748817,0.9107556,-10,0.5257713,-10,0.44,10,-500,10,-500,-54.9402,-37.61106,-118.9689,44.01727,-50.34567,56.44428,-51.31792,0
2.408157,-8.755251,-1.099302,-10,10,-10,0.44,10,-500,10,-500,-55.02901,-37.51242,-118.8688,44.07786,-50.19206,56.30074,-51.38858,0
-2.129591,-7.619068,4.768025,9.558249,10,-10,0.44,10,-500,10,-500,-54.98157,-37.40688,-118.773,44.37494,-50.48682,55.9243,-51.01445,0
-4.57025,-7.931135,0.5959294,10,10,-10,0.44,10,-500,10,-500,-54.84762,-37.30981,-118.6654,44.34512,-50.45763,55.86489,-50.95443,0
-3.787662,8.134614,-0.8852611,10,-10,-10,0.44,10,-500,10,-500,-54.78325,-37.19652,-118.7535,44.17451,-50.70855,56.10852,-50.77652,0
3.104433,7.247733,3.785391,-9.386564,-10,-10,0.44,10,-500,10,-500,-54.825,-37.07808,-118.8421,43.89373,-50.39808,56.46276,-51.16045,0
3.162109,9.058328,0.5601431,-10,-10,-10,0.44,10,-500,10,-500,-54.99168,-36.96758,-118.952,43.93507,-50.40803,56.51247,-51.24155,0
6.595446,-5.904912,-0.3899183,-10,10,-10,0.44,10,-500,10,-500,-55.00186,-36.86556,-118.8215,44.10392,-50.12985,56.23545,-51.41156,0
-4.180516,-7.985485,2.966844,9.406569,10,-10,0.44,10,-500,10,-500,-54.89184,-36.76334,-118.6724,44.37573,-50.40767,55.84015,-51.01024,0
-1.047746,-9.449736,1.620197,10,10,-10,0.44,10,-500,10,-500,-54.63021,-36.6792,-118.4755,44.31162,-50.35841,55.74104,-50.89629,0
-7.559841,4.090275,0.2724775,10,-9.88175,-10,0.44,10,-500,10,-500,-54.59352,-36.55789,-118.5481,44.13359,-50.60076,55.97923,-50.7141,0
4.096033,7.817885,1.81034,-0.4925065,-10,-10,0.44,10,-500,10,-500,-54.67851,-36.42818,-118.6919,44.02776,-50.45891,56.2042,-50.9751,0
0.3676084,9.276899,1.957069,-10,-10,-10,0.44,10,-500,10,-500,-55.05685,-36.30912,-118.9814,43.99347,-50.36657,56.4784,-51.30734,0
8.347395,-1.19812,0.5582252,-10,9.576181,-10,0.44,10,-500,10,-500,-55.08469,-36.19918,-118.9099,44.18558,-50.11204,56.22702,-51.50261,0
-3.678466,-8.521499,0.1968387,-8.869104,10,-10,0.44,10,-500,10,-500,-49.95762,-36.12251,-113.6863,42.37331,-48.19169,53.71113,-49.09479,0
0.1551692,-8.98315,3.315353,10,10,-10,0.44,10,-500,10,-500,-45.59189,-36.11989,-109.4173,41.05147,-46.97408,51.49568,-46.77511,0
-8.257198,-1.41881,0.8741504,10,-9.459911,-10,0.44,10,-500,10,-500,-38.56773,-36.23952,-102.4936,38.39637,-44.68882,48.41386,-43.32345,0
2.431296,8.669675,-0.62597,10,-10,-10,0.44,10,-500,10,-500,-38.42907,-36.38012,-102.4549,38.37424,-44.69404,48.40396,-43.2862,0
0.7672967,8.801157,4.585257,-10,-10,-10,0.44,10,-500,10,-500,-38.54175,-36.52095,-102.4707,38.02293,-44.3648,48.76833,-43.62851,0
7.555093,3.635208,0.351892,-10,9.479914,-10,0.44,10,-500,10,-500,-38.76875,-36.60017,-102.613,38.27416,-44.20577,48.63504,-43.90547,0
-0.9119425,-9.533179,-2.085353,-10,10,-10,0.44,10,-500,10,-500,-39.11866,-36.65205,-102.8949,38.35445,-44.31939,48.78832,-44.02542,0
-0.8839642,-8.141929,4.7253,9.934132,10,-10,0.44,10,-500,10,-500,-39.21711,-36.73944,-103.1089,38.75526,-44.76336,48.56482,-43.75876,0
-6.415359,-6.127879,0.9133251,10,-2.34175,-10,0.44,10,-500,10,-500,-39.17859,-36.83706,-103.1836,38.63813,-44.94899,48.74385,-43.63503,0
-1.144879,9.197618,-1.518883,10,-10,-10,0.44,10,-500,10,-500,-38.98618,-36.94995,-103.0594,38.51225,-44.9938,48.76686,-43.48734,0
2.074114,7.596985,4.774343,-9.715919,-10,-10,0.44,10,-500,10,-500,-38.96846,-37.0751,-102.9732,38.13911,-44.6263,49.06852,-43.78338,0
5.220001,7.305064,0.2673506,-10,-7.535035,-10,0.44,10,-500,10,-500,-39.03094,-37.1959,-102.9065,38.12692,-44.56654,49.02551,-43.78794,0
3.668236,-8.3909,-1.524371,-10,10,-10,0.44,10,-500,10,-500,-39.19149,-37.27491,-103.0366,38.35408,-44.42892,48.90609,-44.03329,0
-2.635104,-7.321371,4.837995,9.533255,10,-10,0.44,10,-500,10,-500,-39.23776,-37.37068,-103.149,38.71537,-44.82052,48.63797,-43.73485,0
-3.219761,-8.400723,0.9415001,10,10,-10,0.44,10,-500,10,-500,-39.17019,-37.46576,-103.2582,38.7575,-44.89243,48.68633,-43.75344,0
-5.604902,6.732145,-1.304806,10,-10,-10,0.44,10,-500,10,-500,-39.05261,-37.5776,-103.1732,38.50183,-45.09098,48.87155,-43.48444,0
3.444823,7.306904,3.293461,-9.553259,-10,-10,0.44,10,-500,10,-500,-39.04351,-37.69866,-103.1008,38.13599,-44.73217,49.17736,-43.78323,0
2.734288,9.645969,1.314544,-10,-10,-10,0.44,10,-500,10,-500,-39.14595,-37.8165,-103.0234,38.0876,-44.68967,49.16169,-43.76165,0
6.843629,-5.528379,-0.3468821,-10,10,-10,0.44,10,-500,10,-500,-39.23088,-37.90623,-103.1315,38.33818,-44.51899,49.00062,-44.02186,0
-4.198239,-7.913393,2.784441,6.961329,10,-10,0.44,10,-500,10,-500,-39.22221,-38.00429,-103.2356,38.65561,-44.86624,48.76948,-43.76089,0
-0.8618574,-9.438272,1.726517,10,10,-10,0.44,10,-500,10,-500,-39.08556,-38.09592,-103.3489,38.74694,-44.98771,48.77202,-43.7333,0
-7.498637,3.79617,0.7336802,10,-9.855423,-10,0.44,10,-500,10,-500,-39.0045,-38.20764,-103.3044,38.50451,-45.20242,48.97755,-43.48168,0
3.993438,7.865527,1.462472,1.168108,-10,-10,0.44,10,-500,10,-500,-38.98893,-38.33126,-103.2255,38.31741,-45.02526,49.09928,-43.59347,0
0.3344325,9.269531,2.286541,-10,-10,-10,0.44,10,-500,10,-500,-39.14453,-38.45224,-103.1337,38.07831,-44.79049,49.26234,-43.7522,0
8.596923,-0.839259,0.7854694,-10,9.679542,-10,0.44,10,-500,10,-500,-39.21505,-38.55341,-103.1727,38.30157,-44.59153,49.07137,-43.98345,0
-3.803776,-8.580124,0.03023846,-9.111687,10,-10,0.44,10,-500,10,-500,-39.18365,-38.64731,-103.3377,38.37116,-44.69246,49.1385,-44.01924,0
-0.0883837,-9.150464,3.171365,10,10,-10,0.44,10,-500,10,-500,-38.91952,-38.73143,-103.5383,38.77386,-45.13651,48.902,-43.74139,0
-8.638172,-1.402159,0.4263647,10,-9.626604,-10,0.44,10,-500,10,-500,-38.74361,-38.82851,-103.6271,38.5863,-45.41759,49.16315,-43.53391,0
2.685198,8.589343,-0.5566185,10,-10,-10,0.44,10,-500,10,-500,-38.72437,-38.9651,-103.5388,38.54237,-45.39061,49.13398,-43.48779,0
0.2793282,8.336066,3.748562,-10,-10,-10,0.44,10,-500,10,-500,-38.97201,-39.10014,-103.3841,38.12469,-44.97118,49.42347,-43.77903,0
8.137096,3.174169,0.8999173,-10,9.646608,-10,0.44,10,-500,10,-500,-38.78646,-39.21016,-103.6696,38.44661,-44.90685,49.33812,-44.07993,0
-1.422102,-9.37055,-1.822433,-10,10,-10,0.44,10,-500,10,-500,-36.46851,-39.18212,-106.0906,39.69465,-46.08947,50.09606,-44.90328,0
-0.5809614,-8.078497,4.67814,10,10,-10,0.44,10,-500,10,-500,-36.77428,-39.04974,-105.6841,39.8303,-46.26436,49.62359,-44.39157,0
-6.887785,-5.055054,1.122397,10,-6.506917,-10,0.44,10,-500,10,-500,-36.53128,-38.95895,-105.834,39.73706,-46.50933,49.84101,-44.27079,0
-0.6837511,8.688616,-2.432117,10,-10,-10,0.44,10,-500,10,-500,-36.06752,-38.89027,-106.2173,39.91628,-46.70031,49.97943,-44.39745,0
1.748144,8.054815,5.131308,-9.883404,-10,-10,0.44,10,-500,10,-500,-35.92448,-38.77986,-106.4402,39.70355,-46.437,50.37681,-44.84541,0
6.454151,6.868965,0.7305774,-10,-1.866046,-10,0.44,10,-500,10,-500,-35.95579,-38.67003,-106.5179,39.83769,-46.35978,50.3071,-44.98706,0
2.278174,-9.062222,-1.723891,-10,10,-10,0.44,10,-500,10,-500,-36.20788,-38.5811,-106.3312,39.87227,-46.1419,50.1178,-45.05021,0
-2.379884,-7.729463,4.614753,9.779736,10,-10,0.44,10,-500,10,-500,-36.28296,-38.47004,-106.1985,40.14786,-46.42125,49.73229,-44.66094,0
-4.885339,-8.024711,0.4768084,10,9.879661,-10,0.44,10,-500,10,-500,-36.25882,-38.35638,-106.086,40.10487,-46.38122,49.68203,-44.60773,0
-3.751577,8.088346,-1.688828,10,-10,-10,0.44,10,-500,10,-500,-36.08046,-38.26498,-106.2176,39.96265,-46.65268,49.93327,-44.44529,0
3.363725,7.558579,4.553866,-9.719954,-10,-10,0.44,10,-500,10,-500,-36.02478,-38.1567,-106.3227,39.68996,-46.34746,50.29307,-44.83762,0
3.762813,8.787717,0.4246038,-10,-10,-10,0.44,10,-500,10,-500,-36.08358,-38.04821,-106.4217,39.73863,-46.36464,50.32645,-44.90248,0
5.74544,-6.950512,-0.7739756,-10,10,-10,0.44,10,-500,10,-500,-36.21704,-37.94919,-106.3171,39.91224,-46.08924,50.06617,-45.09121,0
-3.885728,-7.955726,3.612729,9.739956,10,-10,0.44,10,-500,10,-500,-36.23806,-37.83807,-106.2281,40.21149,-46.38585,49.69315,-44.72084,0
-2.46998,-9.264281,0.7743816,10,10,-10,0.44,10,-500,10,-500,-36.14784,-37.72973,-106.1372,40.18433,-46.35679,49.64502,-44.67461,0
-6.282341,5.874133,-0.4070842,10,-10,-10,0.44,10,-500,10,-500,-36.04704,-37.62903,-106.2347,40.02031,-46.61295,49.88976,-44.49916,0
4.28854,7.768673,3.195545,-9.304914,-10,-10,0.44,10,-500,10,-500,-36.05197,-37.51919,-106.3234,39.74328,-46.30574,50.2403,-44.87988,0
1.460697,9.483474,1.144923,-10,-10,-10,0.44,10,-500,10,-500,-36.17191,-37.41463,-106.4199,39.7799,-46.31186,50.28368,-44.95376,0
7.796534,-4.395562,0.1757067,-10,9.959328,-10,0.44,10,-500,10,-500,-36.24777,-37.3092,-106.3422,39.96982,-46.04895,50.02937,-45.15228,0
-4.569084,-8.402842,1.601841,2.68687,10,-10,0.44,10,-500,10,-500,-36.24661,-37.19666,-106.2492,40.14867,-46.22504,49.77342,-44.89911,0
-0.5298566,-9.471619,2.175477,10,10,-10,0.44,10,-500,10,-500,-36.09325,-37.08894,-106.1436,40.23767,-46.31495,49.597,-44.72176,0
-8.081577,2.502039,0.3709006,10,-9.885545,-10,0.44,10,-500,10,-500,-36.02218,-36.98484,-106.1906,40.04854,-46.55099,49.82499,-44.52459,0
4.1846,8.158921,1.354994,3.704874,-10,-10,0.44,10,-500,10,-500,-36.0337,-36.87433,-106.3093,40.00616,-46.47617,49.96578,-44.6978,0
-0.1743421,8.907216,1.879953,-10,-10,-10,0.44,10,-500,10,-500,-36.24162,-36.76998,-106.4533,39.83971,-46.27181,50.25153,-45.02147,0
8.945799,-0.2755945,1.128614,-10,9.829696,-10,0.44,10,-500,10,-500,-36.35004,-36.66515,-106.4659,40.07066,-46.03901,50.03101,-45.26471,0
-3.421699,-8.263748,0.3375228,-9.87627,10,-10,0.44,10,-500,10,-500,-36.31238,-36.54619,-106.3092,40.00813,-45.98016,49.96368,-45.19369,0
-0.09491634,-9.030934,3.09481,10,10,-10,0.44,10,-500,10,-500,-35.99738,-36.4357,-106.0765,40.25729,-46.25054,49.52172,-44.73051,0
-8.226554,-0.7907313,0.9485077,10,-9.833305,-10,0.44,10,-500,10,-500,-35.82581,-36.32852,-106.0003,40.01383,-46.45028,49.70201,-44.46761,0
2.962744,8.505401,-0.4843661,10,-10,-10,0.44,10,-500,10,-500,-36.16902,-36.20741,-106.4497,40.22337,-46.57423,49.86486,-44.71604,0
0.449319,8.650987,3.845304,-10,-10,-10,0.44,10,-500,10,-500,-39.19718,-36.1563,-109.3817,40.83344,-47.20768,51.68424,-46.51204,0
8.313437,2.436285,0.8411164,-10,9.85331,-10,0.44,10,-500,10,-500,-38.18488,-36.15448,-108.2705,40.72039,-46.54178,50.87654,-46.25719,0
-1.784241,-9.023125,-1.261864,-10,10,-10,0.44,10,-500,10,-500,-31.62523,-36.1822,-101.6115,38.35884,-44.1825,47.72053,-43.09892,0
-0.446923,-8.547093,4.273743,10,10,-10,0.44,10,-500,10,-500,-37.88237,-36.16488,-107.9701,40.96995,-46.78973,50.37811,-45.76037,0
-7.80326,-4.437239,0.4938305,10,-9.873312,-10,0.44,10,-500,10,-500,-102.2902,-36.16506,-172.4793,63.69125,-70.16187,81.10841,-75.83985,0
1.250213,9.436731,-1.19941,10,-10,-10,0.44,10,-500,10,-500,-101.4367,-36.23919,-171.7257,63.50928,-69.81631,80.6659,-75.56094,0
0.8168883,7.669809,4.373284,-9.986637,-10,-10,0.44,10,-500,10,-500,-101.421,-36.37932,-171.6214,63.12399,-69.43632,80.96478,-75.85451,0
7.101022,5.405046,0.4917081,-10,4.792584,-10,0.44,10,-500,10,-500,-101.6419,-36.47443,-171.7493,63.31514,-69.32567,80.87962,-76.07114,0
0.8575159,-8.969992,-1.290399,-10,10,-10,0.44,10,-500,10,-500,-102.0809,-36.53491,-172.1111,63.46644,-69.42439,81.02808,-76.27219,0
-1.860812,-8.282492,4.324417,9.962916,10,-10,0.44,10,-500,10,-500,-102.2311,-36.63802,-172.3421,63.86705,-69.87782,80.81894,-76.01022,0
-6.307039,-6.843161,0.5590039,10,1.353898,-10,0.44,10,-500,10,-500,-102.2059,-36.7445,-172.428,63.79264,-70.02752,80.96452,-75.93169,0
-1.9946,8.822639,-2.045678,10,-10,-10,0.44,10,-500,10,-500,-101.9665,-36.84025,-172.255,63.61403,-70.0899,80.99976,-75.72595,0
2.193243,7.662942,4.736598,-9.951277,-10,-10,0.44,10,-500,10,-500,-101.9104,-36.95543,-172.1344,63.2293,-69.70181,81.28453,-76.01407,0
5.34838,7.369512,0.2552433,-10,-7.243693,-10,0.44,10,-500,10,-500,-101.9527,-37.06955,-172.0467,63.21974,-69.63231,81.22147,-76.01096,0
3.344371,-8.547464,-1.6019,-10,10,-10,0.44,10,-500,10,-500,-102.1287,-37.15873,-172.1795,63.4416,-69.50056,81.10966,-76.25277,0
-2.603969,-7.558135,4.671001,9.950848,10,-10,0.44,10,-500,10,-500,-102.1738,-37.26471,-172.2864,63.80634,-69.89845,80.83349,-75.94343,0
-4.426896,-8.245798,0.4719021,10,10,-10,0.44,10,-500,10,-500,-102.1139,-37.3703,-172.3883,63.83663,-69.96106,80.88763,-75.96526,0
-4.018933,7.976658,-1.450142,10,-10,-10,0.44,10,-500,10,-500,-101.9832,-37.47239,-172.2868,63.57783,-70.15052,81.06228,-75.69165,0
3.056159,7.098138,3.91878,-9.966661,-10,-10,0.44,10,-500,10,-500,-101.966,-37.58598,-172.2017,63.20255,-69.77753,81.36706,-75.99413,0
3.618961,8.567689,0.3529566,-10,-10,-10,0.44,10,-500,10,-500,-102.0587,-37.69656,-172.114,63.15965,-69.73612,81.3373,-75.96288,0
5.419287,-7.317705,-1.253243,-10,10,-10,0.44,10,-500,10,-500,-102.1566,-37.79477,-172.2151,63.40553,-69.56295,81.17522,-76.21985,0
-3.410105,-7.474297,4.324152,9.986664,10,-10,0.44,10,-500,10,-500,-102.1455,-37.90219,-172.3072,63.76885,-69.95758,80.88818,-75.90151,0
-2.999244,-9.417895,0.4987441,10,10,-10,0.44,10,-500,10,-500,-102.0222,-38.00353,-172.4079,63.80185,-70.02244,80.93863,-75.9201,0
-6.102346,6.224626,-1.092657,10,-10,-10,0.44,10,-500,10,-500,-101.9526,-38.11273,-172.3137,63.54148,-70.21267,81.12096,-75.65183,0
